iso3,country,city,city_qid,admin,is_capital,population,year,lat,lon
ABW,Aruba,Bringamosa,Q2472066,,0,46005,,12.49138889,-69.96222222
ABW,Aruba,Oranjestad,Q131243,,1,35335,,12.518611111111,-70.035833333333
ABW,Aruba,Tanki Lender,Q7683552,,0,21495,,12.54184,-70.021996
ABW,Aruba,Alto Vista,Q113456951,,0,4819,,12.567305555556,-70.022388888889
AFG,Afeganistão,Cabul,Q5838,,1,4273156,,34.532777777778,69.165833333333
AFG,Afeganistão,Kandahar,Q45604,,0,614254,,31.62068,65.71588
AFG,Afeganistão,Herat,Q45313,,0,556205,,34.341944,62.203056
AFG,Afeganistão,Mazar-e Sharif,Q130469,,0,469247,,36.7,67.116666666667
AFG,Afeganistão,Konduz,Q108155,,0,356536,,36.728888888889,68.856944444444
AFG,Afeganistão,Jalalabad,Q183303,,0,263312,,34.430277777778,70.452777777778
AFG,Afeganistão,Taloqan,Q477238,,0,258758,,36.735833333333,69.534722222222
AFG,Afeganistão,Lashkar Gah,Q476800,,0,201546,,31.593819444444,64.371611111111
AFG,Afeganistão,Sheberghan,Q838954,,0,175599,,36.665,65.752
AFG,Afeganistão,Charikar,Q944395,,0,171200,,35.016666666667,69.166666666667
AFG,Afeganistão,Khost,Q386682,,0,160214,,33.333333333333,69.916666666667
AFG,Afeganistão,Gázni,Q173731,,0,143379,,33.549166666667,68.423333333333
AFG,Afeganistão,Paghman,Q2502256,,0,120000,,34.583333333333,68.95
AFG,Afeganistão,Pol-e Khomri,Q477148,,0,113500,,35.95,68.7
AFG,Afeganistão,Aqcha,Q2246526,,0,110652,,36.921352,66.192627
AFG,Afeganistão,Bamiyan,Q214495,,0,100000,,34.816666666667,67.816666666667
AFG,Afeganistão,Meymaneh,Q309345,,0,96000,,35.933333333333,64.75
AFG,Afeganistão,Baghlan,Q732879,,0,83490,,36.132777777778,68.7
AFG,Afeganistão,Bactro,Q182159,,0,77000,,36.758055555556,66.898888888889
AFG,Afeganistão,Tarin Kowt,Q989293,,0,70000,,32.624167,65.876667
AGO,Angola,Região Metropolitana de Luanda,Q14216970,,0,4500000,,-8.83833,13.23444
AGO,Angola,Luanda,Q3897,,1,2584000,,-8.8383333333333,13.234444444444
AGO,Angola,Cacuaco,Q1005770,,0,1279488,,-8.7833333333333,13.366666666667
AGO,Angola,Lubango,Q122044,,0,903564,,-14.916666666667,13.5
AGO,Angola,Huambo,Q207322,,0,844000,,-12.766666666667,15.733333333333
AGO,Angola,Cabinda,Q459360,,0,739182,,-5.566667,12.2
AGO,Angola,Malanje,Q621001,,0,604215,,-9.54015,16.34096
AGO,Angola,Sambizanga,Q1021218,,0,600000,,-8.8125,13.26222222
AGO,Angola,Uíge,Q911191,,0,599000,,-7.60874,15.06131
AGO,Angola,Benguela,Q214248,,0,561775,,-12.55,13.416666666667
AGO,Angola,Benguela,Q3638179,,0,512886,,-12.58,13.40777778
AGO,Angola,Cuíto,Q843980,,0,512706,,-12.383333333333,16.933333333333
AGO,Angola,Belas,Q727233,,0,500000,,-9.0583333333333,13.153888888889
AGO,Angola,Talatona,Q60999936,,0,500000,,-8.9166666666667,13.183333333333
AGO,Angola,Lobito,Q223914,,0,436467,,-12.35,13.546388888889
AGO,Angola,Saurimo,Q635017,,0,393000,,-9.6589,20.3934
AGO,Angola,Menongue,Q818731,,0,372500,,-14.6556,17.6842
AGO,Angola,Cubal,Q1142891,,0,357618,,-13.033333333333,14.233333333333
AGO,Angola,Luena,Q618643,,0,357413,,-11.783,19.913
AGO,Angola,Ombadja,Q942273,,0,304964,,-16.700555555556,14.888055555556
AIA,Anguila,The Valley,Q30994,,1,1067,,18.220833333333,-63.051666666667
ALA,Ilhas Aland,Mariehamn,Q48329,,0,11812,2023,60.09861111,19.94444444
ALA,Ilhas Aland,Jomala,Q176178,,0,5697,2023,60.152777777778,19.948611111111
ALA,Ilhas Aland,Finström,Q51914,,0,2610,2023,60.229166666667,19.988888888889
ALA,Ilhas Aland,Lemland,Q176186,,0,2127,2023,60.069444444444,20.086111111111
ALA,Ilhas Aland,Saltvik,Q176196,,0,1791,2023,60.275,20.058333333333
ALA,Ilhas Aland,Hammarland,Q134685,,0,1646,2023,60.216666666667,19.740277777778
ALA,Ilhas Aland,Sund,Q176201,,0,995,2023,60.223611111111,20.169444444444
ALA,Ilhas Aland,Eckerö,Q51909,,0,942,2023,60.22294,19.55498
ALA,Ilhas Aland,Föglö,Q179722,,0,509,2023,60.030555555556,20.3875
ALA,Ilhas Aland,Geta,Q134675,,0,509,2023,60.375,19.85
ALA,Ilhas Aland,Vårdö,Q179749,,0,471,2023,60.241666666667,20.375
ALA,Ilhas Aland,Brändö,Q179706,,0,436,2023,60.411666666667,21.045
ALA,Ilhas Aland,Lumparland,Q176191,,0,366,2023,60.116666666667,20.258333333333
ALA,Ilhas Aland,Kumlinge,Q179726,,0,290,2023,60.258333333333,20.778333333333
ALA,Ilhas Aland,Kokar,Q179730,,0,225,2023,59.920833333333,20.909722222222
ALA,Ilhas Aland,Sottunga,Q179739,,0,115,2023,60.133333333333,20.666666666667
ALA,Ilhas Aland,Isaksö,Q21976903,,0,,,60.36667,19.75
ALB,Albânia,Tirana municipality,Q13037436,,0,557422,,41.32744,19.8194
ALB,Albânia,Tirana,Q19689,,1,418495,,41.328888888889,19.817777777778
ALB,Albânia,Durrës Municipality,Q16350067,,0,175110,,41.31667,19.43333
ALB,Albânia,Shkodër municipality,Q16350146,,0,142513,,42.1115,19.5819
ALB,Albânia,Elbasan municipality,Q16350072,,0,141714,,41.1,20.083333333333
ALB,Albânia,Vlorë,Q159610,,0,130827,,40.45,19.483333333333
ALB,Albânia,Kamëz,Q605160,,0,126777,,41.383333333333,19.766666666667
ALB,Albânia,Durrës,Q83285,,0,113249,,41.313333333333,19.445833333333
ALB,Albânia,Vlorë municipality,Q16350151,,0,104827,,40.46667,19.48333
ALB,Albânia,Kamëz municipality,Q13037410,,0,104190,,41.38333,19.75
ALB,Albânia,Elbasan,Q114257,,0,87797,,41.113059,20.08178
ALB,Albânia,Lushnjë municipality,Q13037420,,0,83659,,40.91667,19.68333
ALB,Albânia,Shkodër,Q131638,,0,82455,,42.068132,19.512138
ALB,Albânia,Korçë municipality,Q13037414,,0,75994,,40.63333,20.76667
ALB,Albânia,Korçë,Q116341,,0,63623,,40.616666666667,20.766666666667
ALB,Albânia,Dibër Municipality,Q13037427,,0,61619,,41.683333333333,20.416666666667
ALB,Albânia,Bashkia e Pogradecit,Q22005546,,0,61530,,40.9,20.65
ALB,Albânia,Fier-cifci,Q22012402,,0,60995,,40.71667,19.56667
ALB,Albânia,Berat Municipality,Q16350054,,0,60031,,40.7,19.93333
ALB,Albânia,Fier,Q190897,,0,56297,,40.716666666667,19.55
AND,Andorra,Andorra-a-Velha,Q1863,,1,24042,,42.507222222222,1.5222222222222
AND,Andorra,Andorra-a-Velha,Q2522163,,0,22615,,42.5045,1.49414
AND,Andorra,Escaldes-Engordany,Q24286,,0,15506,,42.508889,1.540833
AND,Andorra,Encamp,Q24269,,0,13521,,42.536111,1.582778
AND,Andorra,La Massana,Q24276,,0,11591,,42.544166666667,1.5163888888889
AND,Andorra,Sant Julià de Lòria,Q24282,,0,9915,,42.47,1.49
AND,Andorra,Canillo,Q24260,,0,5781,,42.566378,1.60094
AND,Andorra,Ordino,Q24272,,0,5440,,42.555,1.5330555555556
AND,Andorra,Santa Coloma de Andorra,Q24597,,0,3002,,42.493897222222,1.4976833333333
AND,Andorra,Pas de la Casa,Q24456,,0,1927,,42.543736111111,1.7337361111111
AND,Andorra,Vila (Andorra),Q24459,,0,1143,,42.5319,1.5656
AND,Andorra,Aixirivall,Q24668,,0,1025,,42.461208333333,1.4986111111111
AND,Andorra,La Cortinada,Q24486,,0,845,,42.57667,1.51773
AND,Andorra,El Tarter,Q24413,,0,747,,42.58333333,1.65
AND,Andorra,Soldeu,Q24398,,0,622,,42.576944444444,1.6672222222222
AND,Andorra,Incles,Q24388,,0,510,,42.583,1.662
AND,Andorra,L'Aldosa de Canillo,Q24371,,0,289,,42.57777778,1.61944444
AND,Andorra,Fontaneda,Q24629,,0,110,,42.4539,1.4575
AND,Andorra,El Forn,Q24379,,0,99,,42.53333333,1.56666667
AND,Andorra,Aixovall,Q24656,,0,69,,42.47635833,1.48949167
ARE,Emirados Árabes Unidos,Dubai,Q612,,0,3944751,,25.269722222222,55.309444444444
ARE,Emirados Árabes Unidos,Abu Dhabi,Q1519,,1,1570000,,24.451111111111,54.396944444444
ARE,Emirados Árabes Unidos,Xarja,Q289693,,0,1247749,,25.3375,55.411944444444
ARE,Emirados Árabes Unidos,Al Ain,Q234600,,0,766936,,24.2075,55.744722222222
ARE,Emirados Árabes Unidos,Ajman (cidade),Q530171,,0,490035,,25.399444444444,55.479722222222
ARE,Emirados Árabes Unidos,Ras al-Khaimah,Q2126436,,0,115949,,25.898611111111,56.128333333333
ARE,Emirados Árabes Unidos,Fujeira (cidade),Q4045,,0,93673,,25.122222222222,56.334444444444
ARE,Emirados Árabes Unidos,Quelba,Q2204078,,0,54876,,25.0513,56.35422
ARE,Emirados Árabes Unidos,Umm Al Quwain,Q2788830,,0,44411,,25.5598,55.5572
ARE,Emirados Árabes Unidos,Doba (Fujeira),Q3696182,,0,41017,,25.591,56.26
ARE,Emirados Árabes Unidos,Corfação,Q764279,,0,39151,,25.339166666667,56.356111111111
ARE,Emirados Árabes Unidos,Jebel Ali,Q665502,,0,31634,,25.011261111111,55.061161111111
ARE,Emirados Árabes Unidos,Madinat Zayed,Q12241857,,0,29095,,23.65222222,53.65361111
ARE,Emirados Árabes Unidos,Dhaid,Q3492826,,0,20165,,25.283333333333,55.883333333333
ARE,Emirados Árabes Unidos,Hatta,Q770233,,0,15324,,24.80073,56.12726
ARE,Emirados Árabes Unidos,Al Madam,Q55603483,,0,11120,,24.96138889,55.79027778
ARE,Emirados Árabes Unidos,Q133029988,Q133029988,,0,2086,,25.196252,55.359882
ARE,Emirados Árabes Unidos,Habhab,Q5636743,,0,400,,25.609142383621,56.007220238802
ARE,Emirados Árabes Unidos,Al Shindagha,Q746705,,0,16,,25.268019444444,55.290011111111
ARG,Argentina,Grande Buenos Aires,Q998798,,0,13985794,,-34.6083,-58.3719
ARG,Argentina,Buenos Aires,Q1486,,1,3121707,,-34.599722222222,-58.381944444444
ARG,Argentina,La Matanza,Q1308616,,0,1841247,,-34.716666666667,-58.633333333333
ARG,Argentina,Córdova,Q44210,,0,1329604,,-31.416666666667,-64.183333333333
ARG,Argentina,Rosário,Q52535,,0,1193605,,-32.9575,-60.639444444444
ARG,Argentina,La Plata,Q260600,,0,768470,,-34.916666666667,-57.95
ARG,Argentina,Lomas de Zamora,Q14638682,,0,690323,,-34.76666667,-58.4
ARG,Argentina,General Pueyrredón,Q671742,,0,667082,,-38.003333333333,-57.552777777778
ARG,Argentina,Quilmes,Q1855418,,0,633391,,-34.716666666667,-58.266666666667
ARG,Argentina,São Miguel de Tucumã,Q44255,,0,605767,,-26.816666666667,-65.216666666667
ARG,Argentina,Mar del Plata,Q52607,,0,593337,,-38.0,-57.55
ARG,Argentina,Almirante Brown,Q1399432,,0,584827,,-34.783333333333,-58.4
ARG,Argentina,Merlo (partido),Q1239732,,0,582486,,-34.666666666667,-58.716666666667
ARG,Argentina,Moreno,Q2037611,,0,576632,,-34.65,-58.783333333333
ARG,Argentina,Salta,Q36307,,0,535303,,-24.788333333333,-65.410555555556
ARG,Argentina,Florencio Varela,Q2621603,,0,496433,,-34.816666666667,-58.283333333333
ARG,Argentina,San Juan,Q44241,,0,471389,,-31.5375,-68.536388888889
ARG,Argentina,Lanús,Q730109,,0,461267,,-34.7,-58.4
ARG,Argentina,Lanús,Q1622565,,0,459263,,-34.7,-58.4
ARG,Argentina,General San Martín,Q2157253,,0,450575,,-34.566666666667,-58.516666666667
ARM,Armênia,Erevã,Q1953,,1,1106300,,40.181388888889,44.514444444444
ARM,Armênia,Guiumri,Q199500,,0,238000,,40.783333333333,43.833333333333
ARM,Armênia,Vanadzor,Q62337,,0,148876,,40.812777777778,44.488333333333
ARM,Armênia,Abovyan,Q31493,,0,58671,,40.26741,44.62656
ARM,Armênia,Vagharshapat,Q183394,,0,57500,,40.172777777778,44.2925
ARM,Armênia,Hrazdan,Q31610,,0,52808,,40.5,44.766666666667
ARM,Armênia,Kapan,Q31583,,0,43190,,39.201111111111,46.415
ARM,Armênia,Armavir,Q15771,,0,38635,,40.154444444444,44.038055555556
ARM,Armênia,Dilijan,Q39569,,0,30433,,40.740833333333,44.863055555556
ARM,Armênia,Artaxata,Q39560,,0,25400,,39.953925,44.550556
ARM,Armênia,Charentsavan,Q1451780,,0,25039,,40.409722222222,44.643055555556
ARM,Armênia,Stepanavan,Q39678,,0,23782,,41.0075,44.386666666667
ARM,Armênia,Alaverdi,Q39545,,0,23311,,41.095,44.655833333333
ARM,Armênia,Sevan,Q39625,,0,23200,,40.555,44.953611111111
ARM,Armênia,Achtarak,Q39510,,0,21600,,40.3,44.4
ARM,Armênia,Masis,Q2001643,,0,21376,,40.067,44.438
ARM,Armênia,Ararat,Q39504,,0,20800,,39.809444444444,44.714444444444
ARM,Armênia,Gavar,Q39565,,0,20765,,40.366666666667,45.133333333333
ARM,Armênia,Goris,Q319735,,0,20591,,39.511111111111,46.341666666667
ARM,Armênia,Ijevan,Q62367,,0,20509,,40.875555555556,45.149166666667
ASM,Samoa Americana,Leone,Q1773774,,0,2902,,-14.34388889,-170.785
ASM,Samoa Americana,Vaitogi,Q1773816,,0,936,,-14.35,-170.733
ATA,Antártida,Base San Martín,Q923120,,0,,,-68.133333333333,-67.1
ATA,Antártida,Orford Cliff,Q7101722,,0,,,-66.9167,-66.4833
ATA,Antártida,WAIS Divide,Q5477552,,0,,,-79.471286,-112.072154
ATA,Antártida,South Beaches,Q2814812,,0,,,-62.6583,-61.0568
ATA,Antártida,Upton Rock,Q15690168,,0,,,-62.2,-59.1333
ATA,Antártida,Refuge Abrazo de Maipú,Q12201063,,0,,,-63.34583333,-57.55333333
ATA,Antártida,Cape Roberts Project,Q1034485,,0,,,-77.0,163.71666667
ATF,Territórios Franceses do Sul,Port-aux-Français,Q839559,,1,,,,
ATF,Territórios Franceses do Sul,Martin-de-Viviès,Q1118318,,0,,,-37.8,77.566666666667
ATG,Antígua e Barbuda,São João,Q36262,,1,24451,,17.121111111111,-61.844722222222
ATG,Antígua e Barbuda,All Saints,Q1771715,,0,5306,,17.05,-61.78333333
ATG,Antígua e Barbuda,Potters Village,Q1771587,,0,3471,,17.103055555556,-61.806944444444
ATG,Antígua e Barbuda,Liberta,Q1771710,,0,3408,,17.033333333333,-61.783333333333
ATG,Antígua e Barbuda,Codrington,Q1024679,,0,1252,,17.633333333333,-61.833333333333
ATG,Antígua e Barbuda,Cedar Grove,Q5056691,,0,934,,17.166666666667,-61.816666666667
ATG,Antígua e Barbuda,Redonda,Q457261,,0,0,,16.938333333333,-62.345
AUS,Austrália,Sydney,Q3130,,0,5450496,,-33.867777777778,151.21
AUS,Austrália,Melbourne,Q3141,,0,5350705,,-37.814166666667,144.96305555556
AUS,Austrália,Brisbane,Q34932,,0,2706966,,-27.467777777778,153.02777777778
AUS,Austrália,Perth,Q3183,,0,2141834,,-31.955833333333,115.85972222222
AUS,Austrália,Adelaide,Q5112,,0,1387290,,-34.9275,138.6
AUS,Austrália,Gold Coast,Q140075,,0,638090,,-28.016666666667,153.4
AUS,Austrália,City of Gold Coast,Q1069385,,0,625087,,-28.001111111111,153.42833333333
AUS,Austrália,Newcastle,Q57278,,0,481183,,-32.916666666667,151.75
AUS,Austrália,Camberra,Q3114,,1,452670,,-35.293055555556,149.12694444444
AUS,Austrália,Sunshine Coast,Q828357,,0,353281,,-26.654166666667,153.09333333333
AUS,Austrália,Central Coast,Q2944411,,0,325255,,-33.299166666667,151.19222222222
AUS,Austrália,Wollongong,Q187861,,0,289236,,-34.433055555556,150.88305555556
AUS,Austrália,Ipswich,Q1009253,,0,232930,,-27.616666666667,152.76666666667
AUS,Austrália,Hobart,Q40191,,0,222356,,-42.883333333333,147.31666666667
AUS,Austrália,Geelong,Q231765,,0,191440,,-38.15,144.35
AUS,Austrália,Townsville,Q190021,,0,178649,,-19.262222222222,146.81583333333
AUS,Austrália,Cairns,Q189133,,0,158653,,-16.925555555556,145.77527777778
AUS,Austrália,Darwin,Q11568,,0,146982,,-12.438055555556,130.84111111111
AUS,Austrália,Toowoomba,Q478302,,0,135631,,-27.55,151.95
AUS,Austrália,Ballarat,Q17856,,0,116201,,-37.560833333333,143.8475
AUT,Áustria,Viena,Q1741,,1,2083630,,48.208333333333,16.3725
AUT,Áustria,Graz,Q13298,,0,292630,,47.070833333333,15.438611111111
AUT,Áustria,Donaustadt,Q258333,,0,220794,,48.2181,16.4831
AUT,Áustria,Favoriten,Q697548,,0,220324,,48.1578,16.3592
AUT,Áustria,Linz,Q41329,,0,211944,,48.305833333333,14.286388888889
AUT,Áustria,Floridsdorf,Q264645,,0,186233,,48.283333,16.412222
AUT,Áustria,Salzburgo,Q34713,,0,155021,,47.8,13.045
AUT,Áustria,Innsbruck,Q1735,,0,132493,,47.268333333333,11.393333333333
AUT,Áustria,Liesing,Q278900,,0,121303,,48.137777777778,16.284444444444
AUT,Áustria,Simmering,Q279028,,0,110559,,48.17,16.45
AUT,Áustria,Leopoldstadt,Q259120,,0,110100,,48.210277777778,16.412222222222
AUT,Áustria,Ottakring,Q265945,,0,103117,,48.2125,16.3106
AUT,Áustria,Meidling,Q697557,,0,101714,,48.161666666667,16.321666666667
AUT,Áustria,Klagenfurt,Q41753,,0,101403,,46.616666666667,14.3
AUT,Áustria,Landstraße,Q519552,,0,98398,,48.196388888889,16.395833333333
AUT,Áustria,Brigittenau,Q265655,,0,86930,,48.236667,16.369444
AUT,Áustria,Rudolfsheim-Fünfhaus,Q653289,,0,76813,,48.200833333333,16.32
AUT,Áustria,Döbling,Q267360,,0,75400,,48.2664,16.3228
AUT,Áustria,Wels,Q178582,,0,65303,,48.15,14.016666666667
AUT,Áustria,Villach,Q483522,,0,65127,,46.616666666667,13.833333333333
AZE,Azerbaijão,Baku,Q9248,,1,2300500,,40.366655555556,49.835183333333
AZE,Azerbaijão,Sumqayit,Q179833,,0,341200,,40.596111111111,49.67
AZE,Azerbaijão,Ganja,Q131290,,0,331400,,40.682777777778,46.360555555556
AZE,Azerbaijão,Binagadi raion,Q864153,,0,307855,,40.475833333333,49.822222222222
AZE,Azerbaijão,Xətai raion,Q2076557,,0,276135,,40.383333333333,49.866666666667
AZE,Azerbaijão,Khazar,Q526313,,0,205514,,40.456388888889,50.115555555556
AZE,Azerbaijão,Yasamal raion,Q4539151,,0,193757,,40.379722222222,49.807222222222
AZE,Azerbaijão,Nizami raion,Q3912215,,0,185313,,40.409722222222,49.919166666667
AZE,Azerbaijão,Nərimanov raion,Q4313166,,0,180717,,40.416666666667,49.883333333333
AZE,Azerbaijão,Karki,Q201557,,0,154986,,39.785555555556,44.943611111111
AZE,Azerbaijão,Garadagh region,Q4818249,,0,116952,,40.264444444444,49.6075
AZE,Azerbaijão,Mingachevir,Q230932,,0,106100,,40.77,47.048888888889
AZE,Azerbaijão,Xirdalan,Q642109,,0,100900,,40.448611111111,49.756388888889
AZE,Azerbaijão,Naquichevão,Q230104,,0,95100,,39.208888888889,45.412222222222
AZE,Azerbaijão,Shirvan,Q241116,,0,86500,,39.931944444444,48.920277777778
AZE,Azerbaijão,Qaraçuxur,Q685398,,0,85900,,40.396944444444,49.973333333333
AZE,Azerbaijão,Hövsan,Q3294097,,0,85300,,40.375277777778,50.083888888889
AZE,Azerbaijão,Bakıxanov,Q3299602,,0,71600,,40.421666666667,49.964444444444
AZE,Azerbaijão,Shaki,Q234783,,0,68360,,41.191944444444,47.170555555556
AZE,Azerbaijão,Samkir,Q390783,,0,67700,,40.856388888889,46.017222222222
BDI,Burundi,Bujumbura,Q3854,,0,658859,,-3.3825,29.361111111111
BDI,Burundi,Guitega,Q167551,,1,135467,,-3.4283333333333,29.925
BDI,Burundi,Mutimbuzi,Q14823669,,0,69525,,-3.293,29.325
BDI,Burundi,Bwambarangwe,Q4453823,,0,66816,,-2.5525,30.34083333
BDI,Burundi,Ngozi,Q929689,,0,39884,,-2.9,29.81666667
BDI,Burundi,Butezi,Q5154000,,0,39178,,-3.30638889,30.21416667
BDI,Burundi,Rumonge,Q3110231,,0,35931,,-3.966667,29.433333
BDI,Burundi,Cibitoke,Q746329,,0,23885,,-2.888333,29.119722
BDI,Burundi,Kayanza,Q2305839,,0,21767,,-2.9221,29.6293
BDI,Burundi,Bubanza,Q2020432,,0,20031,,-3.083333,29.4
BDI,Burundi,Gatumba,Q5527537,,0,11700,,-3.33333333,29.25
BDI,Burundi,Karuzi,Q684152,,0,10317,,-3.1,30.166666666667
BDI,Burundi,Kirundo,Q2640808,,0,10024,,-2.58333333,30.1
BDI,Burundi,Muyinga,Q2006076,,0,9609,,-2.85,30.333333
BDI,Burundi,Makamba,Q1286083,,0,9396,,-4.1333333333333,29.8
BDI,Burundi,Ruyigi,Q1018116,,0,7139,,-3.4666666666667,30.25
BDI,Burundi,Rutana,Q246069,,0,5865,,-3.9236111111111,30.006111111111
BDI,Burundi,Muramvya,Q557529,,0,5458,,-3.25,29.6
BDI,Burundi,Bururi,Q992247,,0,4478,,-3.9333333333333,29.616666666667
BDI,Burundi,Cankuzo,Q2669640,,0,3624,,-3.219444,30.552778
BEL,Bélgica,Bruxelas,Q9005,,0,3350969,,50.846666666667,4.3525
BEL,Bélgica,Região de Bruxelas-Capital,Q240,,0,1255795,,50.846666666667,4.3525
BEL,Bélgica,Antwerp metropolitan area,Q126325394,,0,1157068,,,
BEL,Bélgica,Antuérpia,Q12892,,0,536079,,51.221111111111,4.3997222222222
BEL,Bélgica,Gante,Q1296,,0,272657,,51.053611111111,3.7252777777778
BEL,Bélgica,Charleroi,Q81046,,0,204322,,50.416666666667,4.4441666666667
BEL,Bélgica,Liège,Q3992,,0,197885,,50.639722222222,5.5705555555556
BEL,Bélgica,Bruxelas,Q239,,1,195546,,50.846666666667,4.3516666666667
BEL,Bélgica,Schaerbeek,Q12887,,0,133010,,50.8675,4.3736111111111
BEL,Bélgica,Anderlecht,Q12886,,0,120887,,50.839166666667,4.3297222222222
BEL,Bélgica,Bruges,Q12994,,0,118509,,51.208888888889,3.2241666666667
BEL,Bélgica,Namur,Q134121,,0,114007,,50.466666666667,4.8666666666667
BEL,Bélgica,Lovaina,Q118958,,0,102126,,50.8775,4.704444
BEL,Bélgica,Molenbeek-Saint-Jean,Q180775,,0,97979,,50.854722222222,4.3386111111111
BEL,Bélgica,Mons,Q83407,,0,95299,,50.454722222222,3.9525
BEL,Bélgica,Hasselt,Q58780,,0,90249,,50.930480555556,5.3384972222222
BEL,Bélgica,Aalst,Q13121,,0,88854,,50.938333333333,4.0391666666667
BEL,Bélgica,Ixelles,Q208713,,0,87632,,50.833055555556,4.3669444444444
BEL,Bélgica,Mechelen,Q162022,,0,86921,,51.028055555556,4.4802777777778
BEL,Bélgica,Uccle,Q203312,,0,83980,,50.803611111111,4.3338888888889
BEN,Benin,Banikoara,Q2200458,,0,867463,,11.3,2.4333333333333
BEN,Benin,Cotonu,Q43595,,0,780000,,6.3666666666667,2.4166666666667
BEN,Benin,Abomei-Calavi,Q2473939,,0,656358,,6.4486111111111,2.3555555555556
BEN,Benin,Porto Novo,Q3799,,1,267191,,6.4833333333333,2.6166666666667
BEN,Benin,Godomey,Q2757920,,0,253262,,6.366667,2.35
BEN,Benin,Djougou,Q868198,,0,237040,,9.7,1.6666666666667
BEN,Benin,Kandi,Q845666,,0,179290,,11.128611111111,2.9369444444444
BEN,Benin,Aplahoué,Q2336677,,0,170069,,6.933333,1.683333
BEN,Benin,Malanville,Q2337446,,0,168641,,11.66636,3.26373
BEN,Benin,Uidá,Q850031,,0,162034,,6.3666666666667,2.0833333333333
BEN,Benin,Gogounou,Q583110,,0,117523,,10.83861,2.83611
BEN,Benin,N’Dali,Q1115202,,0,113604,,9.8608333333333,2.7180555555556
BEN,Benin,Dassa-Zoumé,Q2609335,,0,112118,,7.75,2.1833333333333
BEN,Benin,Dogbo-Tota,Q2566827,,0,101870,,6.8,1.783333
BEN,Benin,Savé,Q2609291,,0,97309,,8.0333333333333,2.4833333333333
BEN,Benin,Segbana,Q2202003,,0,89081,,10.92778,3.69444
BEN,Benin,Q109038217,Q109038217,,0,77510,,6.3753533,2.3278203
BEN,Benin,Lokossa,Q219058,,0,77065,,6.6333333333333,1.7166666666667
BEN,Benin,Karimama,Q1860831,,0,66353,,12.066667,3.183333
BEN,Benin,Q31891843,Q31891843,,0,64639,,11.866667,3.383333
BFA,Burquina Faso,Uagadugu,Q3777,,1,2453496,,12.368611111111,-1.5275
BFA,Burquina Faso,Bobo Dioulasso,Q223761,,0,903887,,11.183333333333,-4.2833333333333
BFA,Burquina Faso,Koudougou,Q460697,,0,160207,,12.25,-2.3666666666667
BFA,Burquina Faso,Ouahigouya,Q569904,,0,124580,,13.583333333333,-2.4166666666667
BFA,Burquina Faso,Kaya,Q766464,,0,122949,,13.083333333333,-1.0833333333333
BFA,Burquina Faso,Banfora,Q639674,,0,117200,,10.630833333333,-4.7588888888889
BFA,Burquina Faso,Barsalogho Department,Q809135,,0,113691,,13.418611111111,-1.0558333333333
BFA,Burquina Faso,Pouytenga,Q3400815,,0,99950,,12.25,-0.43333333333333
BFA,Burquina Faso,Houndé,Q999435,,0,87154,,11.5,-3.51666667
BFA,Burquina Faso,Fada N'Gourma,Q990122,,0,73200,,12.05,0.36666666666667
BFA,Burquina Faso,Dédougou,Q934436,,0,63617,,12.466666666667,-3.4666666666667
BFA,Burquina Faso,Djibo,Q16629473,,0,61456,,14.101111111111,-1.6305555555556
BFA,Burquina Faso,Tenkodogo,Q621925,,0,58600,,11.783333333333,-0.36666666666667
BFA,Burquina Faso,Kongoussi,Q163352,,0,53641,,13.333333333333,-1.5333333333333
BFA,Burquina Faso,Léo,Q650951,,0,51746,,11.1,-2.1
BFA,Burquina Faso,Saponé,Q371596,,0,50541,,12.1,-1.56666667
BFA,Burquina Faso,Titao,Q1861898,,0,48242,,13.7667353,-2.0736431
BFA,Burquina Faso,Dori,Q999493,,0,46521,,14.03277,-0.03483
BFA,Burquina Faso,Koupéla,Q116524,,0,45900,,12.179444444444,-0.35166666666667
BFA,Burquina Faso,Gaoua,Q1011882,,0,45189,,10.316666666667,-3.1666666666667
BGD,Bangladesh,Daca,Q1354,,1,16800000,,23.728888888889,90.394444444444
BGD,Bangladesh,Greater Kushtia District,Q124726895,,0,4088123,,,
BGD,Bangladesh,Gazipur Sadar Upazila,Q3345331,,0,3023516,,24.02,90.4
BGD,Bangladesh,Chatigão,Q376749,,0,2581643,,22.335,91.8325
BGD,Bangladesh,Savar Upazila,Q1027100,,0,2311796,,23.88,90.28
BGD,Bangladesh,Narayanganj Sadar Upazila,Q4313079,,0,1770734,,23.6,90.5
BGD,Bangladesh,Khulna,Q243325,,0,1400689,,22.816666666667,89.55
BGD,Bangladesh,Keraniganj Upazila,Q3345695,,0,1011063,,23.683333333333,90.333333333333
BGD,Bangladesh,Mymensingh Sadar Upazila,Q4293913,,0,998422,,24.75,90.4167
BGD,Bangladesh,Sylhet Sadar Upazila,Q7660566,,0,936237,,24.8917,91.8833
BGD,Bangladesh,Rangpur Sadar Upazila,Q7292912,,0,887245,,25.75014,89.23333
BGD,Bangladesh,Sreepur Upazila,Q4526629,,0,855263,,24.2,90.4667
BGD,Bangladesh,Narsingdi Sadar Upazila,Q4313456,,0,852330,,23.87,90.71
BGD,Bangladesh,Jashore Sadar Upazila,Q3346331,,0,844374,,23.1681,89.2042
BGD,Bangladesh,Lakshmipur Sadar Upazila,Q6479958,,0,814847,,22.95,90.825
BGD,Bangladesh,Rajshahi,Q322155,,0,775495,,24.366666666667,88.6
BGD,Bangladesh,Pabna,Q4341198,,0,711588,,24.005,89.25
BGD,Bangladesh,Rupganj Upazila,Q4400172,,0,704869,,23.83,90.54
BGD,Bangladesh,Kaliakair Upazila,Q3347172,,0,694608,,24.075,90.2167
BGD,Bangladesh,Brahmanbaria Sadar Upazila,Q4955557,,0,677243,,23.9528,91.1167
BGR,Bulgária,Sófia,Q472,,1,1242568,,42.697886,23.321726
BGR,Bulgária,Plovdiv,Q459,,0,411347,,42.142086,24.741454
BGR,Bulgária,Varna,Q748965,,0,345369,,43.2077,27.918
BGR,Bulgária,Varna,Q6506,,0,345235,,43.211375,27.91108
BGR,Bulgária,Burgas,Q167807,,0,232311,,42.493428,27.472515
BGR,Bulgária,Burgas,Q6509,,0,225592,,42.502965,27.470179
BGR,Bulgária,Ruse,Q160173,,0,202793,,43.844532,25.953907
BGR,Bulgária,Stara Zagora,Q170415,,0,182895,,42.425668,25.634595
BGR,Bulgária,Pleven,Q165420,,0,163772,,43.413188,24.616916
BGR,Bulgária,Dobrich,Q168668,,0,129151,,43.562212,27.83189
BGR,Bulgária,Pazardzhik,Q764056,,0,127566,,42.18916667,24.3325
BGR,Bulgária,Sliven,Q178385,,0,120515,,42.678146,26.325963
BGR,Bulgária,Shumen,Q181830,,0,116399,,43.274585,26.93486
BGR,Bulgária,Pernik,Q185289,,0,104146,,42.599828,23.030805
BGR,Bulgária,Pazardzhik,Q186576,,0,100401,,42.193477,24.332755
BGR,Bulgária,Haskovo,Q186254,,0,99224,,41.93465,25.55556
BGR,Bulgária,Vratsa,Q189502,,0,94905,,43.212108,23.544412
BGR,Bulgária,Veliko Tarnovo,Q173474,,0,86769,,43.078652,25.628291
BGR,Bulgária,Dimitrovgrad,Q331048,,0,85000,,42.057407,25.586168
BGR,Bulgária,Vidin,Q178531,,0,82665,,43.98869,22.874058
BHR,Barein,Manama,Q3882,,1,297502,,26.225,50.5775
BHR,Barein,Al Muharraq,Q270500,,0,176583,,26.25,50.616666666667
BHR,Barein,Madinat Hamad,Q2088687,,0,133550,,26.112777777778,50.513888888889
BHR,Barein,Ar Rifa',Q1771398,,0,115495,,26.13,50.555
BHR,Barein,Áali,Q2351767,,0,100533,,26.151944,50.525556
BHR,Barein,Madinat 'Isa,Q1017673,,0,61293,,26.173611111111,50.547777777778
BHR,Barein,Diraz,Q737172,,0,18000,,26.218611111111,50.475555555556
BHR,Barein,Nabih Saleh,Q4119405,,0,3200,,26.183333333333,50.583333333333
BHR,Barein,Q12205036,Q12205036,,0,1000,,,
BHS,Bahamas,Nassau,Q2467,,1,274400,,25.078055555556,-77.338611111111
BHS,Bahamas,Freeport,Q867573,,0,45945,,26.52,-78.66
BHS,Bahamas,"West End, Grand Bahama",Q1771573,,0,13673,,26.6867,-78.975
BHS,Bahamas,Coopers Town,Q1129877,,0,9948,,26.86583,-77.51056
BHS,Bahamas,Marsh Harbour,Q1337651,,0,6283,,26.533333333333,-77.066666666667
BHS,Bahamas,Freetown,Q1771844,,0,3338,,24.766666666667,-76.266666666667
BHS,Bahamas,Andros Town,Q1771818,,0,2443,,24.721388888889,-77.789444444444
BHS,Bahamas,Clarence Town,Q891114,,0,1788,,23.1,-74.982777777778
BHS,Bahamas,Dunmore Town,Q1771794,,0,1168,,25.501944444444,-76.635833333333
BHS,Bahamas,Arthur's Town,Q1771792,,0,1163,,24.653888888889,-75.728333333333
BHS,Bahamas,Alice Town,Q1771833,,0,1131,,25.727694444444,-79.2976
BHS,Bahamas,Rock Sound,Q1771799,,0,1000,,24.833333333333,-76.333333333333
BHS,Bahamas,Snug Corner,Q1771878,,0,548,,22.533333333333,-73.883333333333
BHS,Bahamas,Matthew Town,Q1771829,,0,430,,20.95,-73.666666666667
BHS,Bahamas,Cockburn Town,Q9195237,,0,271,,24.0513,-74.5297
BHS,Bahamas,Nicholls Town,Q1771812,,0,268,,25.141388888889,-78.005833333333
BHS,Bahamas,Pirates Well,Q3389145,,0,235,,22.4328,-73.101
BHS,Bahamas,Colonel Hill,Q1771805,,0,223,,22.766666666667,-74.216666666667
BHS,Bahamas,Savannah Sound,Q60768839,,0,204,,25.0867,-76.1283
BHS,Bahamas,Q14220249,Q14220249,,0,150,,23.66056,-75.31917
BIH,Bósnia e Herzegovina,Sarajevo,Q11194,,1,350000,,43.856388888889,18.413055555556
BIH,Bósnia e Herzegovina,Banja Luka,Q131127,,0,185042,,44.7725,17.1925
BIH,Bósnia e Herzegovina,Stari Grad,Q1258239,,0,126598,,43.866666666667,18.433333333333
BIH,Bósnia e Herzegovina,Tuzla,Q174684,,0,110979,,44.5391105,18.675193
BIH,Bósnia e Herzegovina,Mostar,Q93347,,0,105448,,43.343611111111,17.8075
BIH,Bósnia e Herzegovina,Prijedor,Q323986,,0,89397,,44.966666666667,16.7
BIH,Bósnia e Herzegovina,Travnik,Q159818,,0,70747,,44.225421879448,17.666868517575
BIH,Bósnia e Herzegovina,Bihać,Q204434,,0,70732,,44.814722222222,15.869166666667
BIH,Bósnia e Herzegovina,Zenica,Q184046,,0,70553,,44.201666666667,17.903888888889
BIH,Bósnia e Herzegovina,Doboj,Q169247,,0,68514,,44.733333333333,18.133333333333
BIH,Bósnia e Herzegovina,Cazin,Q994203,,0,66149,,44.966944444444,15.943055555556
BIH,Bósnia e Herzegovina,Zvornik,Q231517,,0,63686,,44.383333333333,19.1
BIH,Bósnia e Herzegovina,Kakanj,Q963038,,0,55950,,44.131111111111,18.097222222222
BIH,Bósnia e Herzegovina,Lukavac,Q1017976,,0,46731,,44.533333333333,18.533333333333
BIH,Bósnia e Herzegovina,Sanski Most Municipality,Q12756667,,0,43969,,44.766666666667,16.666666666667
BIH,Bósnia e Herzegovina,Srebrenik,Q999004,,0,42762,,44.703055555556,18.492777777778
BIH,Bósnia e Herzegovina,Bijeljina,Q207801,,0,42278,,44.756666666667,19.215555555556
BIH,Bósnia e Herzegovina,Zavidovići,Q994239,,0,40272,,44.45,18.15
BIH,Bósnia e Herzegovina,Visoko,Q193229,,0,39938,,43.989444444444,18.180555555556
BIH,Bósnia e Herzegovina,Brčko,Q322828,,0,39893,,44.878333333333,18.809166666667
BLM,São Bartolomeu,Vitet,Q7937049,,0,,,17.9033,-62.8069
BLM,São Bartolomeu,Toiny,Q7813380,,0,,,17.8972,-62.8
BLM,São Bartolomeu,Terre-Neuve,Q7703331,,0,,,17.9153,-62.8539
BLM,São Bartolomeu,Saint-Jean,Q7400669,,0,,,17.9014,-62.835
BLM,São Bartolomeu,Quartier du Roi,Q7269367,,0,,,17.9078,-62.8419
BLM,São Bartolomeu,Public,Q7257279,,0,,,17.9033,-62.8514
BLM,São Bartolomeu,Petite Saline,Q7178411,,0,,,17.9011,-62.8211
BLM,São Bartolomeu,Petit Cul-de-Sac,Q7178357,,0,,,17.905,-62.79055556
BLM,São Bartolomeu,Morne de Dépoudré,Q6912753,,0,,,17.8997,-62.8233
BLM,São Bartolomeu,Morne Rouge,Q6912749,,0,,,17.88361111,-62.81138889
BLM,São Bartolomeu,Morne Criquet,Q6912735,,0,,,17.9067,-62.8289
BLM,São Bartolomeu,Mont Jean,Q6903077,,0,,,17.9156,-62.8097
BLM,São Bartolomeu,Merlette,Q6819735,,0,,,17.9161,-62.8517
BLM,São Bartolomeu,Marigot,Q6763296,,0,,,17.9131,-62.8092
BLM,São Bartolomeu,Lurin,Q6704941,,0,,,17.8925,-62.8397
BLM,São Bartolomeu,Lorient,Q6681195,,0,,,17.9072,-62.8206
BLM,São Bartolomeu,La Grande Montagne,Q6553613,,0,,,17.9192,-62.8508
BLM,São Bartolomeu,Le Palidor,Q6507392,,0,,,17.9103,-62.8478
BLM,São Bartolomeu,Le Château,Q6506732,,0,,,17.9061,-62.8414
BLM,São Bartolomeu,La Pointe,Q6464511,,0,,,17.8983,-62.8525
BLR,Bielorrússia,Minsk,Q2280,,1,2020600,,53.902246,27.561837
BLR,Bielorrússia,Gomel,Q2678,,0,535693,,52.441666666667,30.983333333333
BLR,Bielorrússia,Frunzyenski District,Q2152309,,0,463188,,53.9084,27.4868
BLR,Bielorrússia,Mahilou,Q154835,,0,381353,,53.90894,30.34296
BLR,Bielorrússia,Vitebsk,Q102217,,0,377960,,55.183333333333,30.166666666667
BLR,Bielorrússia,Hrodna,Q181376,,0,363718,,53.666666666667,23.816666666667
BLR,Bielorrússia,Brest,Q140147,,0,346061,,52.084722222222,23.656944444444
BLR,Bielorrússia,Maskowski District,Q2152301,,0,301667,,53.8736,27.4956
BLR,Bielorrússia,Pyershamayski District,Q2045165,,0,237800,,53.9378,27.6633
BLR,Bielorrússia,Zavodski District,Q2043177,,0,236826,,53.8591,27.6769
BLR,Bielorrússia,Q4333150,Q4333150,,0,223004,,53.65,23.8
BLR,Bielorrússia,Babruysk,Q207294,,0,218271,,53.15,29.233333333333
BLR,Bielorrússia,Lyeninski District,Q2044762,,0,217130,,53.8657,27.5859
BLR,Bielorrússia,Baranavičy,Q237655,,0,179439,,53.1325,26.017777777778
BLR,Bielorrússia,Savyetski District,Q2045076,,0,161572,,53.9393,27.5862
BLR,Bielorrússia,Kastrychnitski District,Q2152317,,0,157511,,53.85,27.5333
BLR,Bielorrússia,Q4258360,Q4258360,,0,149100,,53.7,23.833333333333
BLR,Bielorrússia,Barysaŭ,Q19313,,0,147381,,54.22429,28.51198
BLR,Bielorrússia,Pinsk,Q204150,,0,138415,,52.115277777778,26.103055555556
BLR,Bielorrússia,Q4333149,Q4333149,,0,132000,,55.1995,30.2374
BLZ,Belize,Cidade de Belize,Q108223,,0,63999,,17.498611111111,-88.188611111111
BLZ,Belize,San Ignacio/Santa Elena,Q724815,,0,26151,,17.1588,-89.0696
BLZ,Belize,Belmopan,Q3043,,1,20754,,17.25,-88.7675
BLZ,Belize,San Pedro,Q677300,,0,15456,,17.921388888889,-87.961111111111
BLZ,Belize,Orange Walk,Q882964,,0,14553,,18.075,-88.558333333333
BLZ,Belize,Corozal,Q882907,,0,10287,,18.4,-88.4
BLZ,Belize,Dangriga,Q888300,,0,9927,,16.966337206411,-88.224182353148
BLZ,Belize,Ladyville,Q1014353,,0,7655,,17.556666666667,-88.288888888889
BLZ,Belize,Benque Viejo,Q524851,,0,7020,,17.066666666667,-89.133333333333
BLZ,Belize,"Bella Vista, Belize",Q44076746,,0,6259,,16.508,-88.531
BLZ,Belize,Trial Farm,Q940941,,0,5850,,18.099573541323,-88.561270346018
BLZ,Belize,Punta Gorda,Q883362,,0,5406,,16.1,-88.8
BLZ,Belize,Mango Creek,Q2688224,,0,4878,,16.533333333333,-88.416666666667
BLZ,Belize,Lord's Bank,Q6678841,,0,4876,,17.53333333,-88.33333333
BLZ,Belize,Shipyard,Q737412,,0,4070,,17.883333333333,-88.616666666667
BLZ,Belize,Bullet Tree Falls,Q4996816,,0,3932,,17.168,-89.111
BLZ,Belize,Guinea Grass,Q994426,,0,3821,,17.968055555556,-88.595555555556
BLZ,Belize,San Jose,Q7414515,,0,3499,,18.193798508555,-88.573163325517
BLZ,Belize,Valley of Peace,Q7912335,,0,3246,,17.329548112696,-88.83908112967
BLZ,Belize,Camalote,Q18386239,,0,3132,,17.2472,-88.8176
BMU,Bermudas,Hamilton,Q30985,,1,3686,,32.295,-64.783055555556
BOL,Bolívia,Santa Cruz de la Sierra,Q170688,,0,3151676,,-17.789166666667,-63.1975
BOL,Bolívia,La Paz,Q1491,,1,2867504,,-16.495833333333,-68.133333333333
BOL,Bolívia,El Alto,Q30996,,0,842378,,-16.504722222222,-68.163333333333
BOL,Bolívia,Cochabamba,Q183124,,0,632013,,-17.3935419,-66.1570139
BOL,Bolívia,Sucre,Q2907,,1,360544,,-19.0475,-65.26
BOL,Bolívia,Oruro,Q35246,,0,264683,,-17.966666666667,-67.116666666667
BOL,Bolívia,Warnes,Q973385,,0,214216,,-17.51027778,-63.16472222
BOL,Bolívia,Potosí,Q35045,,0,189652,,-19.589166666667,-65.753333333333
BOL,Bolívia,Tarija,Q35004,,0,179528,,-21.533888888889,-64.734166666667
BOL,Bolívia,Sacaba,Q995727,,0,172466,,-17.404166666667,-66.040833333333
BOL,Bolívia,Quillacollo,Q1002090,,0,137182,,-17.3975,-66.281666666667
BOL,Bolívia,Montero,Q990706,,0,126886,,-17.3425,-63.255277777778
BOL,Bolívia,Trinidad,Q34986,,0,124357,,-14.833333333333,-64.9
BOL,Bolívia,Yacuiba,Q990743,,0,97296,,-22.013888888889,-63.677777777778
BOL,Bolívia,Riberalta,Q941357,,0,78100,,-11.005,-66.066111111111
BOL,Bolívia,Villa Tunari,Q1860785,,0,71386,,-16.9725,-65.42
BOL,Bolívia,Villa Yapacaní,Q1506556,,0,57683,,-17.402777777778,-63.885
BOL,Bolívia,Puerto Villarroel,Q2097756,,0,46627,,-16.866666666667,-64.783055555556
BOL,Bolívia,Cobija,Q34995,,0,46267,,-11.0182955,-68.7537452
BOL,Bolívia,Villamontes,Q1014504,,0,39800,,-21.264722222222,-63.458611111111
BRA,Brasil,São Paulo,Q174,,0,11904961,2025,-23.550394444444,-46.633947222222
BRA,Brasil,Rio de Janeiro,Q8678,,0,6730729,2025,-22.911111111111,-43.205555555556
BRA,Brasil,Brasília,Q2844,,0,2996899,2025,-15.793888888889,-47.882777777778
BRA,Brasil,Curitiba,Q4361,,0,1830795,2025,-25.429722222222,-49.271944444444
BRA,Brasil,Goiânia,Q83189,,0,1503256,2025,-16.680555555556,-49.256388888889
BRA,Brasil,São Luís,Q28441,,0,1089215,2025,-2.53,-44.302777777778
BRA,Brasil,Maceió,Q168888,,0,994952,2025,-9.6658333333333,-35.735
BRA,Brasil,Campo Grande,Q168929,,0,962883,2025,-20.468611111111,-54.622222222222
BRA,Brasil,Teresina,Q165341,,0,905692,2025,-5.0902777777778,-42.816666666667
BRA,Brasil,João Pessoa,Q167436,,0,897633,2025,-7.12,-34.88
BRA,Brasil,Duque de Caxias,Q193021,,0,866225,2025,-22.785833333333,-43.311944444444
BRA,Brasil,Santo André,Q191652,,0,782048,2025,-23.6533349,-46.5279508
BRA,Brasil,Uberlândia,Q194328,,0,761835,2025,-18.918888888889,-48.276944444444
BRA,Brasil,Osasco,Q4035,,0,759524,2025,-23.532777777778,-46.791944444444
BRA,Brasil,Ribeirão Preto,Q188892,,0,731639,2025,-21.1776315,-47.8100983
BRA,Brasil,Cuiabá,Q170762,,0,691875,2025,-15.595833333333,-56.096944444444
BRA,Brasil,Joinville,Q156819,,0,664541,2025,-26.303888888889,-48.845833333333
BRA,Brasil,Feira de Santana,Q194343,,0,660806,2025,-12.266944444444,-38.966944444444
BRA,Brasil,Aracaju,Q170578,,0,630932,2025,-10.9167,-37.05
BRA,Brasil,Londrina,Q192387,,0,581382,2025,-23.31,-51.162777777778
BRB,Barbados,Bridgetown,Q36168,,1,110000,,13.0975,-59.616666666667
BRB,Barbados,Speightstown,Q2544610,,0,2192,,13.254444444444,-59.640833333333
BRB,Barbados,Holetown,Q2290478,,0,1595,,13.18666667,-59.63805556
BRB,Barbados,Bathsheba,Q2114059,,0,1521,,13.214166666667,-59.523611111111
BRB,Barbados,Oistins,Q692475,,0,1471,,13.066666666667,-59.533333333333
BRB,Barbados,Greenland,Q3556018,,0,508,,13.25,-59.566666666667
BRN,Brunei,Bandar Seri Begawan,Q9279,,1,50000,,4.9166666666667,114.91666666667
BRN,Brunei,"Berakas ""B""",Q2024412,,0,41153,,4.98333,114.91667
BRN,Brunei,Mukim Gadong 'B',Q3866969,,0,34220,,4.52623,114.61929
BRN,Brunei,Mukim Gadong 'A',Q2364102,,0,34049,,4.52623,114.61929
BRN,Brunei,Mukim Kuala Belait,Q1954622,,0,33032,,4.58333333,114.18333333
BRN,Brunei,Sengkurong,Q2490410,,0,31576,,4.9358333333333,114.82888888889
BRN,Brunei,"Berakas ""A""",Q1952924,,0,31180,,4.98333,114.91667
BRN,Brunei,Mentiri,Q2365615,,0,30192,,4.962,115.023
BRN,Brunei,Kilanas,Q2365651,,0,24435,,4.8491666666667,114.88166666667
BRN,Brunei,Seria,Q1953067,,0,21214,,4.6,114.33333333333
BRN,Brunei,Seria,Q2159472,,0,21082,,4.6141666666667,114.33027777778
BRN,Brunei,Serasa,Q2490398,,0,16173,,5.0079722222222,115.05252777778
BRN,Brunei,Kota Batu,Q2365632,,0,15071,,4.8830833333333,114.96352777778
BRN,Brunei,Pengkalan Batu,Q2365680,,0,14492,,4.9,114.9
BRN,Brunei,Liang,Q1953083,,0,14301,,4.66,114.45888888889
BRN,Brunei,Kampong Panaga,Q7129799,,0,11404,,4.6,114.28333333333
BRN,Brunei,Mukim Pekan Tutong,Q2742235,,0,11144,,4.8,114.65
BRN,Brunei,Kianggeh,Q2365664,,0,10218,,4.8985277777778,114.93388888889
BRN,Brunei,Telisai,Q2742244,,0,10095,,4.7336111111111,114.55722222222
BRN,Brunei,Keriam,Q16944546,,0,9707,,4.8213237,114.7268464
BTN,Butão,Thimbu,Q9270,,1,114551,,27.47135,89.63367
BTN,Butão,Wangdue Phodrang,Q1715095,,0,6714,,27.466666666667,89.9
BTN,Butão,Samtse,Q2315241,,0,4981,,26.866666666667,89.1
BTN,Butão,Trongsa,Q1019534,,0,2695,,27.516805555556,90.5
BTN,Butão,Paro,Q862041,,0,2362,,27.433333333333,89.416666666667
BTN,Butão,Lhuentse,Q2597251,,0,1935,,27.65,91.15
BTN,Butão,Damphu,Q2253073,,0,1666,,27.016666666667,90.1
BTN,Butão,Dramitse,Q4167662,,0,541,,27.315555555556,91.436388888889
BWA,Botsuana,Gaborone,Q3919,,1,246325,,-24.656944444444,25.908611111111
BWA,Botsuana,City of Francistown,Q119806208,,0,147122,,,
BWA,Botsuana,Mogoditshane,Q170717,,0,88098,,-24.633333333333,25.866666666667
BWA,Botsuana,Maun,Q170732,,0,85293,,-19.983333333333,23.416666666667
BWA,Botsuana,Molepolole,Q170725,,0,67598,,-24.4066,25.4951
BWA,Botsuana,Tlokweng,Q859785,,0,55517,,-24.6686,25.9711
BWA,Botsuana,Selebi-Phikwe,Q141263,,0,49724,,-21.966666666667,27.916666666667
BWA,Botsuana,Serowe,Q855634,,0,47447,,-22.383333,26.716667
BWA,Botsuana,Mochudi,Q113631007,,0,44815,,,
BWA,Botsuana,Mochudi,Q615877,,0,44339,,-24.416666666667,26.15
BWA,Botsuana,Palapye,Q170711,,0,36211,,-22.55,27.133333333333
BWA,Botsuana,Lobatse,Q165768,,0,29700,,-25.216666666667,25.666666666667
BWA,Botsuana,Bobonong,Q165988,,0,21216,,-21.9655,28.4363
BWA,Botsuana,Gabane,Q38855,,0,20018,,-24.666666666667,25.782222222222
BWA,Botsuana,Mmadinare,Q166365,,0,13198,,-21.8765,27.7518
BWA,Botsuana,Oodi,Q170647,,0,10257,,-24.573056,26.033889
BWA,Botsuana,Kazungula,Q170870,,0,8704,,-17.803888888889,25.241111111111
BWA,Botsuana,Metsimotlhabe,Q39137,,0,8081,,-24.553055555556,25.803888888889
BWA,Botsuana,Shakawe,Q170663,,0,6693,,-18.369166666667,21.845833333333
BWA,Botsuana,Masunga,Q170830,,0,5696,,-20.6245,27.4488
CAF,República Centro-Africana,Bangui,Q3832,,1,889231,,4.37325,18.562833333333
CAF,República Centro-Africana,Bimbo,Q863461,,0,124176,,4.3313055555556,18.516333333333
CAF,República Centro-Africana,Berbérati,Q544701,,0,76918,,4.2666666666667,15.783333333333
CAF,República Centro-Africana,Carnot,Q521702,,0,45421,,4.94273,15.87735
CAF,República Centro-Africana,Bambari,Q805946,,0,41356,,5.7666666666667,20.683333333333
CAF,República Centro-Africana,Bouar,Q512111,,0,40353,,5.95,15.6
CAF,República Centro-Africana,Bossangoa,Q894513,,0,37780,,6.4833333333333,17.45
CAF,República Centro-Africana,Bria,Q598667,,0,35204,,6.5369444444444,21.991944444444
CAF,República Centro-Africana,Bangassou,Q806478,,0,31453,,4.7413888888889,22.818333333333
CAF,República Centro-Africana,Nola,Q522912,,0,29181,,3.5333333333333,16.066666666667
CAF,República Centro-Africana,Kaga Bandoro,Q1210015,,0,24661,,7.0005555555556,19.180833333333
CAF,República Centro-Africana,Sibut,Q1757279,,0,22419,,5.7377777777778,19.086666666667
CAF,República Centro-Africana,Mbaiki,Q593435,,0,22166,,3.8833333333333,18.0
CAF,República Centro-Africana,Bozoum,Q896185,,0,20665,,6.3172222222222,16.378333333333
CAF,República Centro-Africana,Paoua,Q2428263,,0,17370,,7.25,16.433333333333
CAF,República Centro-Africana,Batangafo,Q2626276,,0,16420,,7.3,18.3
CAF,República Centro-Africana,Kabo,Q2428075,,0,16279,,7.6994444444444,18.629166666667
CAF,República Centro-Africana,Bocaranga,Q1771423,,0,15744,,6.98433,15.64083
CAF,República Centro-Africana,Ippy,Q2428110,,0,15196,,6.2627777777778,21.198055555556
CAF,República Centro-Africana,Alindao,Q153512,,0,14401,,5.0333333333333,21.216666666667
CAN,Canadá,Municipalidade da Região Metropolitana de Toronto,Q1795689,,0,6530000,2016,43.7072,-79.3805
CAN,Canadá,Toronto,Q172,,0,2794356,2021,43.670277777778,-79.386666666667
CAN,Canadá,Metro Vancouver,Q1061069,,0,2463431,2016,49.2494,-122.98
CAN,Canadá,Montreal,Q340,,0,1800055,2022,45.5033426,-73.5868411
CAN,Canadá,Municipalidade Regional de Peel,Q50811,,0,1381739,2016,43.616666666667,-79.616666666667
CAN,Canadá,Calgary,Q36312,,0,1306784,2021,51.05,-114.06666666667
CAN,Canadá,Municipalidade Regional de York,Q18458,,0,1109909,2016,44.0514,-79.4803
CAN,Canadá,Ottawa,Q1930,,0,1017449,2021,45.424722222222,-75.695
CAN,Canadá,Edmonton,Q2096,,0,1010899,2021,53.533333333333,-113.5
CAN,Canadá,Região da Capital Winnipeg,Q8025735,,0,821537,2016,49.88,-97.13
CAN,Canadá,Winnipeg,Q2135,,0,749607,2021,49.895555555556,-97.138611111111
CAN,Canadá,Mississauga,Q50816,,0,717961,2021,43.6,-79.65
CAN,Canadá,Vancouver,Q24639,,0,662248,2021,49.260833333333,-123.11388888889
CAN,Canadá,Brampton,Q44198,,0,656480,2021,43.683333333333,-79.766666666667
CAN,Canadá,Municipalidade Regional de Durham,Q381803,,0,645862,2016,43.916666666667,-78.933333333333
CAN,Canadá,Hamilton,Q133116,,0,569353,2021,43.256666666667,-79.869166666667
CAN,Canadá,Surrey,Q390583,,0,568322,2021,49.1833,-122.85
CAN,Canadá,Quebec,Q2145,,0,556066,2022,46.816111,-71.224167
CAN,Canadá,Municipalidade Regional de Halton,Q382458,,0,548435,2016,43.508333333333,-79.887777777778
CAN,Canadá,Municipalidade Regional de Waterloo,Q175735,,0,535154,2016,43.46666667,-80.5
CCK,Ilhas Cocos (Keeling),West Island,Q48675,,0,147,2021,-12.186944444444,96.828333333333
CHE,Suíça,Zurich metropolitan area,Q690149,,0,1951341,,47.36666667,8.55
CHE,Suíça,Zurique,Q72,,0,448664,,47.374444444444,8.5411111111111
CHE,Suíça,Genebra,Q71,,0,206635,,46.2,6.15
CHE,Suíça,Basileia-Cidade,Q12172,,0,201917,,47.566666666667,7.6
CHE,Suíça,Berna,Q70,,1,201800,,46.94798,7.44743
CHE,Suíça,Basileia,Q78,,0,178999,,47.560555555556,7.5905555555556
CHE,Suíça,Lausana,Q807,,0,144426,,46.533333333333,6.6333333333333
CHE,Suíça,Winterthur,Q9125,,0,119315,,47.4992,8.72671
CHE,Suíça,Lucerna,Q4191,,0,85534,,47.0523,8.3059
CHE,Suíça,São Galo,Q25607,,0,78213,,47.423333333333,9.3772222222222
CHE,Suíça,Lugano,Q7024,,0,63932,,46.010277777778,8.9625
CHE,Suíça,Bienna,Q1034,,0,56441,,47.137222222222,7.2472222222222
CHE,Suíça,Mattenhof-Weissenbühl,Q514089,,0,55050,,46.9385,7.4197
CHE,Suíça,Kreis 3,Q675017,,0,51434,,47.366666666667,8.5166666666667
CHE,Suíça,Tune,Q68978,,0,44271,,46.759,7.63
CHE,Suíça,Bellinzona,Q64044,,0,43785,,46.195555,9.023809
CHE,Suíça,Köniz,Q64058,,0,42958,,46.925,7.4152777777778
CHE,Suíça,District 7,Q456149,,0,39713,,47.3731,8.58028
CHE,Suíça,La Chaux-de-Fonds,Q68124,,0,38965,,47.099627777778,6.8295583333333
CHE,Suíça,Friburgo,Q36378,,0,38829,,46.8,7.15
CHL,Chile,Santiago,Q2887,,1,6257516,,-33.4375,-70.65
CHL,Chile,Puente Alto,Q51594,,0,573935,,-33.616666666667,-70.583333333333
CHL,Chile,Maipú,Q16918,,0,521627,,-33.516666666667,-70.766666666667
CHL,Chile,Santiago,Q188002,,0,404495,,-33.45,-70.666666666667
CHL,Chile,La Florida,Q14460,,0,366916,,-33.55,-70.566666666667
CHL,Chile,Antofagasta,Q3612,,0,348517,,-23.646388888889,-70.398055555556
CHL,Chile,Viña del Mar,Q184345,,0,332875,,-33.0245,-71.5518
CHL,Chile,San Bernardo,Q56136,,0,301313,,-33.6,-70.716666666667
CHL,Chile,Valparaíso,Q33986,,0,296655,,-33.046111111111,-71.619722222222
CHL,Chile,Tacna,Q272795,,0,286240,,-18.055555555556,-70.248333333333
CHL,Chile,Temuco,Q82128,,0,282415,,-38.7399,-72.5901
CHL,Chile,Talcahuano,Q41997,,0,270000,,-36.7145,-73.1141
CHL,Chile,Las Condes,Q14484,,0,249893,,-33.416666666667,-70.583333333333
CHL,Chile,Talca,Q4469,,0,232131,,-35.426944444444,-71.665555555556
CHL,Chile,Rancagua,Q4582,,0,231370,,-34.165388888889,-70.739805555556
CHL,Chile,Concepción,Q1880,,0,229650,,-36.826944444444,-73.050277777778
CHL,Chile,Coquimbo,Q3871,,0,204068,,-29.9532,-71.338
CHL,Chile,Arica,Q2203,,0,202131,,-18.478388888889,-70.321222222222
CHL,Chile,La Serena,Q14467,,0,195382,,-29.9027,-71.252
CHL,Chile,Chillán,Q3774,,0,190382,,-36.6067,-72.1033
CHN,China,Xangai,Q8686,,0,24870895,2020,31.232222222222,121.46916666667
CHN,China,Pequim,Q956,,1,21893095,2020,39.90403,116.407526
CHN,China,Xian,Q5826,,0,12952907,2020,34.261111111111,108.94222222222
CHN,China,Hangzhou,Q4970,,0,11936010,2020,30.25,120.1675
CHN,China,Qingdao,Q170322,,0,10071722,2020,36.116666666667,120.4
CHN,China,Jinan,Q170247,,0,9202432,2020,36.666666666667,116.98333333333
CHN,China,Changchun,Q92161,,0,9066906,2020,43.88,125.32277777778
CHN,China,Dalian,Q74881,,0,7450785,2020,38.9,121.6
CHN,China,Hong Kong,Q8646,,0,7413070,2021,22.278333333333,114.15861111111
CHN,China,Huanggang,Q71355,,0,5882719,2020,30.45,114.875
CHN,China,Pudong,Q125378,,0,5681512,2020,31.223055555556,121.53972222222
CHN,China,Taiyuan,Q72778,,0,5304061,2020,37.87326,112.54245
CHN,China,Xiangyang,Q71284,,0,5260951,2020,32.06536,112.15307
CHN,China,Jingzhou,Q71247,,0,5231180,2020,30.324444444444,112.23611111111
CHN,China,Xiamen,Q68744,,0,5163970,2020,24.479722222222,118.08194444444
CHN,China,Yuncheng,Q73073,,0,4774508,2020,35.03042,110.99796
CHN,China,Lanzhou,Q183584,,0,4359446,2020,36.06171,103.83177
CHN,China,Cidade de Xiaogan,Q71339,,0,4270371,2020,30.92731,113.91096
CHN,China,Yichang,Q71266,,0,4017607,2020,30.708333,111.280278
CHN,China,Linfen,Q73156,,0,3976481,2020,36.08121,111.50865
CIV,Costa do Marfim,Abidjan,Q1515,,0,5616633,,5.3363888888889,-4.0266666666667
CIV,Costa do Marfim,Yopougon,Q1470529,,0,1571065,,5.33472,-4.07
CIV,Costa do Marfim,Abobo,Q322624,,0,1340083,,5.4188888888889,-4.0205555555556
CIV,Costa do Marfim,Poro Region,Q22080932,,0,1040458,,9.41666667,-5.61666667
CIV,Costa do Marfim,Bouaké,Q271000,,0,832371,,7.68333,-5.03306
CIV,Costa do Marfim,Cocody,Q1105423,,0,692583,,5.35,-3.9666666666667
CIV,Costa do Marfim,Port-Bouet,Q1491106,,0,618795,,5.2666666666667,-3.9
CIV,Costa do Marfim,Korhogo,Q985627,,0,440926,,9.4577777777778,-5.6294444444444
CIV,Costa do Marfim,Daloa,Q860304,,0,421879,,6.8666666666667,-6.45
CIV,Costa do Marfim,Koumassi,Q1283513,,0,412282,,5.3,-3.95
CIV,Costa do Marfim,San-Pédro,Q609831,,0,390654,,4.73333333333,-6.63333333333
CIV,Costa do Marfim,Anyama,Q613795,,0,389592,,5.4944444444444,-4.0516666666667
CIV,Costa do Marfim,Yamoussoukro,Q3768,,1,355573,,6.8161111111111,-5.2741666666667
CIV,Costa do Marfim,Adjamé,Q357695,,0,340892,,5.35,-4.0333333333333
CIV,Costa do Marfim,Attecoubé,Q2869932,,0,313135,,5.33333333,-4.03333333
CIV,Costa do Marfim,Divo (Costa do Marfim),Q1530295,,0,294559,,5.8372222222222,-5.3572222222222
CIV,Costa do Marfim,Vavoua,Q12712267,,0,286182,,7.38333333,-6.48333333
CIV,Costa do Marfim,Gagnoa,Q18592055,,0,277044,,6.13333,-5.93333
CIV,Costa do Marfim,Soubré (Costa do Marfim),Q1587131,,0,272773,,5.7836111111111,-6.5938888888889
CIV,Costa do Marfim,Tabou,Q24910870,,0,270482,,4.4230555555556,-7.3527777777778
CMR,Camarões,Duala,Q132830,,0,2768436,,4.05,9.7
CMR,Camarões,Iaundé,Q3808,,1,2440462,,3.8577777777778,11.518055555556
CMR,Camarões,Garoua,Q157915,,0,1750000,,9.3,13.4
CMR,Camarões,Bafoussam,Q799808,,0,480000,,5.4666666666667,10.416666666667
CMR,Camarões,Bamenda,Q528432,,0,348766,,5.9613888888889,10.151666666667
CMR,Camarões,Biyem-Assi,Q2904992,,0,300000,,3.8403,11.4868
CMR,Camarões,Maroua,Q818824,,0,201371,,10.590946,14.315925
CMR,Camarões,Ngaoundéré,Q745906,,0,189800,,7.3213888888889,13.583888888889
CMR,Camarões,Bertoua,Q657734,,0,173000,,4.5833333333333,13.683333333333
CMR,Camarões,Kumba,Q997047,,0,144268,,4.6333333333333,9.45
CMR,Camarões,Nkongsamba,Q999070,,0,135405,,4.95,9.9166666666667
CMR,Camarões,Bibemi,Q4902988,,0,133191,,9.31667,13.8833
CMR,Camarões,Buéa,Q312209,,0,131325,,4.1666666666667,9.2333333333333
CMR,Camarões,Q115433458,Q115433458,,0,108902,,10.6131,14.3275
CMR,Camarões,Kousséri,Q697662,,0,101246,,12.083333333333,15.033333333333
CMR,Camarões,Bogo,Q23012952,,0,95230,,10.733611111111,14.609166666667
CMR,Camarões,Limbe,Q819314,,0,84223,,4.0166666666667,9.2166666666667
CMR,Camarões,Tiko,Q2228759,,0,78885,,4.07861,9.36806
CMR,Camarões,Ebolowa,Q910616,,0,76885,,2.9166666666667,11.15
CMR,Camarões,Pitoa,Q11818718,,0,76715,,9.38333,13.5333
COD,Congo - Kinshasa,Quinxassa,Q3838,,1,14565700,,-4.3219444444444,15.311944444444
COD,Congo - Kinshasa,Buchimaie,Q319660,,0,2892000,,-6.1209,23.5967
COD,Congo - Kinshasa,Kananga,Q205327,,0,1971704,,-5.8961111111111,22.416666666667
COD,Congo - Kinshasa,Lubumbashi,Q187593,,0,1786397,,-11.664166666667,27.482777777778
COD,Congo - Kinshasa,Quissangane,Q146723,,0,1366000,,0.51527777777778,25.191111111111
COD,Congo - Kinshasa,Chicapa,Q277966,,0,1006387,,-6.4166666666667,20.8
COD,Congo - Kinshasa,Goma,Q204381,,0,781875,,-1.6794444444444,29.233611111111
COD,Congo - Kinshasa,Bucavu,Q222279,,0,707053,,-2.5,28.866666666667
COD,Congo - Kinshasa,Kabinda,Q3191660,,0,572000,,-6.133,24.483
COD,Congo - Kinshasa,Mebandaca,Q211070,,0,470307,,0.048611111111111,18.260277777778
COD,Congo - Kinshasa,Likasi,Q18780,,0,422535,,-10.983333333333,26.733333333333
COD,Congo - Kinshasa,Kolwezi,Q271404,,0,418000,,-10.716666666667,25.466666666667
COD,Congo - Kinshasa,Quicuíte,Q261887,,0,397737,,-5.0333333333333,18.816666666667
COD,Congo - Kinshasa,Lemba,Q3229301,,0,349838,,-4.39611111,15.31888889
COD,Congo - Kinshasa,Bunia,Q648298,,0,327837,,1.5666666666667,30.25
COD,Congo - Kinshasa,Matadi,Q211073,,0,306053,,-5.8166666666667,13.483333333333
COD,Congo - Kinshasa,Beni (Kongo),Q817269,,0,232000,,0.5,29.466666666667
COD,Congo - Kinshasa,Butembo,Q518785,,0,217625,,0.1251,29.299
COD,Congo - Kinshasa,Quindu,Q270225,,0,172321,,-2.95,25.916666666667
COD,Congo - Kinshasa,Kamakombe,Q132572271,,0,154414,,-2.2788888888889,28.7925
COG,República do Congo,Brazavile,Q3844,,1,2145783,,-4.2694444444444,15.271111111111
COG,República do Congo,Pointe-Noire,Q223920,,0,1420612,,-4.7975,11.850277777778
COG,República do Congo,Dolisie,Q246554,,0,117920,,-4.2005555555556,12.679166666667
COG,República do Congo,Nkayi,Q2088506,,0,100783,,-4.1841666666667,13.288333333333
COG,República do Congo,Makélékélé,Q3281047,,0,74815,,-4.27796,15.20758
COG,República do Congo,Ouésso,Q627885,,0,39653,,1.6105555555556,16.051388888889
COG,República do Congo,Impfondo,Q1142926,,0,39653,,1.6186111111111,18.062222222222
COG,República do Congo,Madingou,Q1971302,,0,36183,,-4.1641666666667,13.551666666667
COG,República do Congo,Owando,Q1201732,,0,34808,,-0.48333333333333,15.8975
COG,República do Congo,Sibiti,Q739308,,0,32296,,-3.685,13.351111111111
COG,República do Congo,Gamboma,Q3307123,,0,26053,,-1.8711111111111,15.878055555556
COG,República do Congo,Mindouli,Q3314787,,0,20462,,-4.2747222222222,14.3575
COG,República do Congo,Makoua,Q1667693,,0,20038,,-0.0066666666666667,15.618055555556
COG,República do Congo,Loudima,Q3260216,,0,19884,,-4.1122222222222,13.06
COG,República do Congo,Kinkala,Q667652,,0,12102,,-4.3566666666667,14.758888888889
COG,República do Congo,Ewo,Q2362433,,0,11457,,-0.87416666666667,14.816666666667
COG,República do Congo,Etoumbi,Q105344,,0,10862,,0.020833333333333,14.893333333333
COG,República do Congo,Boundji,Q2922199,,0,9970,,-1.0263888888889,15.347777777778
COG,República do Congo,Dongou,Q3036277,,0,9935,,2.0447222222222,18.0525
COG,República do Congo,Kellé,Q213089,,0,8862,,-0.060833333333333,14.487777777778
COK,Ilhas Cook,Avarua,Q170482,,1,4798,,-21.207,-159.771
COK,Ilhas Cook,Amuri,Q2844525,,0,234,,-18.866666666667,-159.76666666667
COL,Colômbia,Bogotá,Q2841,,1,8034649,,4.60971,-74.08175
COL,Colômbia,Cáli,Q51103,,0,3200653,,3.44,-76.519722222222
COL,Colômbia,Medellín,Q48278,,0,2529403,,6.250200154879,-75.567584500697
COL,Colômbia,Barranquilla,Q62823,,0,1326588,,10.983333333333,-74.801944444444
COL,Colômbia,Bucaramanga metropolitan area,Q6173897,,0,1306899,,7.1333333333333,-73.133333333333
COL,Colômbia,Cartagena das Índias,Q657461,,0,973035,,10.423611111111,-75.525277777778
COL,Colômbia,Cúcuta,Q216847,,0,806378,,7.9075,-72.504722222222
COL,Colômbia,Palermo,Q1442359,,0,800000,,2.8883333333333,-75.433888888889
COL,Colômbia,Soacha,Q1011151,,0,782647,,4.5780555555556,-74.214444444444
COL,Colômbia,Soledad (Colômbia),Q767071,,0,676014,,10.909722222222,-74.785833333333
COL,Colômbia,Villavicencio,Q749224,,0,664148,,4.1425,-73.629444444444
COL,Colômbia,Bucaramanga,Q243766,,0,614860,,7.1186111111111,-73.116111111111
COL,Colômbia,Pereira,Q51111,,0,590554,,4.8142777777778,-75.694558333333
COL,Colômbia,Bello,Q816024,,0,561955,,6.3319444444444,-75.558055555556
COL,Colômbia,Ibagué,Q222755,,0,546003,,4.4377777777778,-75.200555555556
COL,Colômbia,Valledupar,Q376903,,0,544134,,10.460277777778,-73.259722222222
COL,Colômbia,Santa Marta,Q209016,,0,515556,,11.236111111111,-74.201666666667
COL,Colômbia,Manizales,Q235190,,0,454494,,5.0675,-75.51
COL,Colômbia,Buenaventura,Q996581,,0,423927,,3.8772222222222,-77.026666666667
COL,Colômbia,Pasto,Q320015,,0,410835,,1.21,-77.274722222222
COM,Comores,Moroni,Q3901,,1,85400,,-11.703611111111,43.253611111111
COM,Comores,Mutsamudu,Q691016,,0,30000,,-12.1675,44.393888888889
COM,Comores,Domoni,Q2721251,,0,17665,,-12.258611,44.530278
COM,Comores,Tsimbeo,Q1885248,,0,12472,,-12.2,44.46666667
COM,Comores,Ongoujou,Q3120986,,0,11736,,-12.31166667,44.50805556
COM,Comores,Adda-Douéni,Q2824136,,0,11165,,-12.3,44.5
COM,Comores,Sima,Q3110104,,0,11000,,-12.19916667,44.27416667
COM,Comores,Ouani,Q3143004,,0,10000,,-12.135,44.4275
COM,Comores,Q106706598,Q106706598,,0,9349,,-12.345524,43.8004382
COM,Comores,Q25384279,Q25384279,,0,9244,,-11.849930555556,43.378819444444
COM,Comores,Bazimini,Q548071,,0,9205,,-12.17916667,44.44888889
COM,Comores,Iconi,Q3120964,,0,8817,,-11.74527778,43.23277778
COM,Comores,Ivémbéni-Bandasamoulini,Q3156386,,0,8786,,-11.4778,43.3181
COM,Comores,Moya,Q786648,,0,8475,,-12.3,44.43333333
COM,Comores,Q15918441,Q15918441,,0,8470,,-11.63041,43.26923
COM,Comores,Mkazi,Q939788,,0,8438,,-11.732305555556,43.267138888889
COM,Comores,Q106367624,Q106367624,,0,8279,,-11.663332346471,43.272099494934
COM,Comores,Dindri,Q3028292,,0,8037,,-12.213888888889,44.4525
COM,Comores,Q106706461,Q106706461,,0,7914,,-12.35697,43.726144
COM,Comores,Mbéni,Q3121010,,0,7725,,-11.5,43.38333333
CPV,Cabo Verde,Praia,Q3751,,1,159050,,14.917719444444,-23.509155555556
CPV,Cabo Verde,Praia,Q497019,,0,130271,,14.95,-23.51666667
CPV,Cabo Verde,São Vicente,Q648842,,0,83467,,16.85,-24.97
CPV,Cabo Verde,Mindelo,Q495547,,0,70468,,16.891352777778,-24.987983333333
CPV,Cabo Verde,Tarrafal,Q499598,,0,30000,,15.278655555556,-23.751644444444
CPV,Cabo Verde,Santa Maria,Q497445,,0,25779,,16.6,-22.904166666667
CPV,Cabo Verde,São Filipe (concelho de Cabo Verde),Q6430079,,0,22227,,14.895111111111,-24.500444444444
CPV,Cabo Verde,Ribeira Grande,Q1355642,,0,18890,,17.18333333,-25.06666667
CPV,Cabo Verde,Porto Novo,Q1552897,,0,18028,,17.019505555556,-25.064630555556
CPV,Cabo Verde,Assomada,Q490573,,0,12026,,15.094880555556,-23.665394444444
CPV,Cabo Verde,Pedra Badejo,Q490579,,0,9530,,15.1375,-23.533333333333
CPV,Cabo Verde,Mosteiros,Q516835,,0,9524,,15.03333333,-24.325
CPV,Cabo Verde,Boa Vista,Q2721025,,0,8696,,16.176044444444,-22.917077777778
CPV,Cabo Verde,São Filipe,Q13957085,,0,8122,,14.89659863,-24.49549913
CPV,Cabo Verde,concelho de Ribeira Brava,Q747221,,0,7580,,16.615852777778,-24.298288888889
CPV,Cabo Verde,Paul,Q1475374,,0,6997,,17.12,-25.025
CPV,Cabo Verde,Sal Rei,Q501656,,0,6357,,16.176044444444,-22.917077777778
CPV,Cabo Verde,Tarrafal,Q2311253,,0,6272,,15.266666666667,-23.75
CPV,Cabo Verde,Q498968,Q498968,,0,6173,,16.754583333333,-22.945277777778
CPV,Cabo Verde,Tarrafal de São Nicolau,Q1895853,,0,5237,,16.565988888889,-24.356833333333
CRI,Costa Rica,Greater Metropolitan Area,Q7414547,,0,2576374,,9.9327388888889,-84.079613888889
CRI,Costa Rica,San José,Q3070,,1,342188,,9.9327388888889,-84.079613888889
CRI,Costa Rica,Limón,Q30620,,0,71514,,10.0022155,-83.0840367
CRI,Costa Rica,San Isidro de El General,Q2518620,,0,45327,,9.3403459,-83.7337922
CRI,Costa Rica,Alajuela,Q37104,,0,44374,,10.016475,-84.213866666667
CRI,Costa Rica,Desamparados,Q14108797,,0,43352,,9.8966632,-84.0706388
CRI,Costa Rica,Puntarenas,Q30687,,0,41528,,9.9773027777778,-84.834641666667
CRI,Costa Rica,San Juan,Q3947434,,0,25978,,9.9609348,-84.0730993
CRI,Costa Rica,El Roble,Q2412778,,0,23953,,9.977073,-84.7442821
CRI,Costa Rica,Cartago,Q30617,,0,22798,,9.8642916666667,-83.920711111111
CRI,Costa Rica,Heredia,Q30616,,0,22700,,9.9983944444444,-84.117122222222
CRI,Costa Rica,Buenos Aires,Q1001817,,0,22619,,9.1984622,-83.2816226
CRI,Costa Rica,Sixaola,Q1759580,,0,13961,,9.5578991,-82.6697806
CRI,Costa Rica,Santa Ana,Q3948919,,0,13186,,9.9319879,-84.1759787
CRI,Costa Rica,Santiago,Q3556823,,0,12189,,9.8290594,-84.3043974
CRI,Costa Rica,Tres Ríos,Q1112873,,0,10009,,9.907172,-83.9864611
CRI,Costa Rica,Zarcero,Q975960,,0,4755,,10.1890471,-84.37505
CRI,Costa Rica,Capellades,Q3656787,,0,2604,,9.9216666666667,-83.785
CRI,Costa Rica,Estanquillos,Q56448421,,0,980,,9.9856666666667,-84.455138888889
CRI,Costa Rica,"Montezuma, Costa Rica",Q633703,,0,500,,9.65,-85.066666666667
CUB,Cuba,Havana,Q1563,,1,2492618,,23.136666666667,-82.358888888889
CUB,Cuba,Santiago de Cuba,Q117040,,0,509143,,20.021666666667,-75.829444444444
CUB,Cuba,Camagüey,Q115329,,0,354000,,21.378611111111,-77.918611111111
CUB,Cuba,Holguín,Q244154,,0,350191,,20.887222222222,-76.263055555556
CUB,Cuba,Santa Clara,Q211590,,0,247436,,22.406666666667,-79.953055555556
CUB,Cuba,Bayamo,Q115382,,0,235107,,20.381666666667,-76.642777777778
CUB,Cuba,Guantánamo,Q185156,,0,228436,,20.138333,-75.206111
CUB,Cuba,Diez de Octubre,Q2397948,,0,227293,,23.088055555556,-82.359722222222
CUB,Cuba,Carlos Manuel de Céspedes,Q603146,,0,224488,,21.576666666667,-78.2775
CUB,Cuba,Arroyo Naranjo,Q1936053,,0,210053,,23.043611111111,-82.332777777778
CUB,Cuba,Las Tunas,Q115527,,0,202105,,20.966666666667,-76.95
CUB,Cuba,Pinar del Río,Q244139,,0,188614,,22.412222222222,-83.671944444444
CUB,Cuba,Playa,Q2066897,,0,175394,,23.094166666667,-82.448888888889
CUB,Cuba,Habana del Este,Q1566695,,0,172040,,23.159166666667,-82.271055555556
CUB,Cuba,Cienfuegos,Q190005,,0,170487,,22.145555555556,-80.436388888889
CUB,Cuba,Matanzas,Q272471,,0,151624,,23.049444,-81.573611
CUB,Cuba,Manzanillo,Q115403,,0,150999,,20.339722222222,-77.108611111111
CUB,Cuba,Plaza de la Revolución,Q2099152,,0,147789,,23.124444444444,-82.386111111111
CUB,Cuba,Ciego de Ávila,Q115465,,0,143449,,21.848055555556,-78.763055555556
CUB,Cuba,Centro Habana,Q1054312,,0,140234,,23.134805555556,-82.370083333333
CUW,Curaçao,Willemstad,Q132679,,1,150000,,12.108,-68.935
CUW,Curaçao,Koraal Partir,Q114102446,,0,3958,,12.133333333333,-68.85
CUW,Curaçao,Koraal Specht,Q110805550,,0,3064,,12.096,-68.898194444444
CUW,Curaçao,Berg Altena,Q110805546,,0,2760,,12.103745370553,-68.921111855007
CUW,Curaçao,Barber,Q255239,,0,2424,,12.283333333333,-69.066666666667
CUW,Curaçao,Q114098488,Q114098488,,0,,,12.093055555556,-68.8175
CXR,Ilha Christmas,Poon Saan,Q7228678,,0,,,-10.42507778,105.68508611
CXR,Ilha Christmas,Flying Fish Cove,Q30980,,1,,,,
CXR,Ilha Christmas,Drumsite,Q16541313,,0,,,-10.4319,105.672
CYM,Ilhas Cayman,George Town,Q172996,,1,27704,,19.295,-81.381111111111
CYP,Chipre,Nicósia,Q3856,,1,330000,,35.1725,33.365
CYP,Chipre,Limassol,Q185632,,0,107970,,34.674997,33.044286
CYP,Chipre,Larnaca,Q171882,,0,72000,,34.916666666667,33.633333333333
CYP,Chipre,Strovolos,Q668370,,0,67904,,35.13671129,33.34850576
CYP,Chipre,Nicósia (Norte),Q2762100,,0,61378,,35.19,33.363611111111
CYP,Chipre,Famagusta,Q193190,,0,40920,,35.116666666667,33.95
CYP,Chipre,Lakatamia,Q349503,,0,38345,,35.11171774,33.31263982
CYP,Chipre,Pafos,Q180918,,0,35961,,34.77612852,32.42651039
CYP,Chipre,Cirénia,Q206760,,0,33207,,35.340277777778,33.319166666667
CYP,Chipre,Kato Polemidia,Q2423938,,0,23174,,34.69313,32.999197
CYP,Chipre,Aglandjia,Q2542169,,0,20783,,35.14934501,33.39253622
CYP,Chipre,Aradippou,Q2009604,,0,19199,,34.94779146,33.58812756
CYP,Chipre,Engomi,Q2430556,,0,18010,,35.15596349,33.31354606
CYP,Chipre,Latsia,Q2430447,,0,16774,,35.09681029,33.37732184
CYP,Chipre,Paralimni,Q954174,,0,14963,,35.0386637,33.98623964
CYP,Chipre,Agios Dometios,Q2430460,,0,14824,,35.17839717,33.32340626
CYP,Chipre,Agios Athanasios,Q3606577,,0,14578,,34.708663,33.05036
CYP,Chipre,Mesa Geitonia,Q649368,,0,14477,,34.702426,33.045312
CYP,Chipre,Germasogeia,Q349340,,0,13421,,34.718055555556,33.085555555556
CYP,Chipre,Pallouriotissa,Q3361547,,0,12398,,35.17309185,33.38205505
CZE,Tchéquia,Praga,Q1085,,1,1397880,,50.0875,14.421388888889
CZE,Tchéquia,Brno,Q14960,,0,402739,,49.195277777778,16.608333333333
CZE,Tchéquia,Ostrava,Q8385,,0,327371,,49.835555555556,18.2925
CZE,Tchéquia,Liberec,Q146351,,0,108090,,50.766666666667,15.05
CZE,Tchéquia,České Budějovice,Q16506,,0,97377,,48.974722222222,14.474722222222
CZE,Tchéquia,Pardubice,Q36989,,0,94636,,50.03861,15.77916
CZE,Tchéquia,Havířov,Q192904,,0,89920,,49.777777777778,18.422777777778
CZE,Tchéquia,Most,Q146363,,0,70670,,50.503055555556,13.636666666667
CZE,Tchéquia,Teplice,Q146342,,0,56088,,50.633333333333,13.816666666667
CZE,Tchéquia,Děčín,Q146307,,0,55925,,50.773611111111,14.196111111111
CZE,Tchéquia,Chomutov,Q146356,,0,53107,,50.462777777778,13.411111111111
CZE,Tchéquia,Jablonec nad Nisou,Q147607,,0,49908,,50.727777777778,15.17
CZE,Tchéquia,Cheb,Q193719,,0,37599,,50.079759165169,12.373995588434
CZE,Tchéquia,Tábor,Q193721,,0,36557,,49.414485338494,14.657835974031
CZE,Tchéquia,Nový Jičín,Q3584,,0,31506,,49.594368444158,18.010308756103
CZE,Tchéquia,Jirkov,Q149097,,0,20717,,50.499890572913,13.447786301898
CZE,Tchéquia,Dvůr Králové nad Labem,Q143664,,0,18839,,50.431763800828,15.814108741637
CZE,Tchéquia,Rumburk,Q149103,,0,16397,,50.951576367344,14.55711013781
CZE,Tchéquia,Dobříš,Q16515,,0,9013,,49.781215974594,14.16722087166
CZE,Tchéquia,Tanvald,Q149105,,0,7830,,50.737406262188,15.305960246529
DEU,Alemanha,Berlim,Q64,,1,4332834,,52.516666666667,13.383333333333
DEU,Alemanha,Munique,Q1726,,0,1512491,,48.1375,11.575
DEU,Alemanha,Colónia,Q365,,0,1087863,,50.942222222222,6.9577777777778
DEU,Alemanha,Düsseldorf,Q1718,,0,702596,,51.225555555556,6.7766666666667
DEU,Alemanha,Dresden,Q1731,,0,649252,,51.0493286,13.7381437
DEU,Alemanha,Hanôver,Q1715,,0,580555,,52.374444444444,9.7386111111111
DEU,Alemanha,Bochum,Q2103,,0,414842,,51.483333333333,7.2166666666667
DEU,Alemanha,Wuppertal,Q2107,,0,405369,,51.266666666667,7.1833333333333
DEU,Alemanha,Bielefeld,Q2112,,0,339842,,52.016666666667,8.5333333333333
DEU,Alemanha,Bona,Q586,,0,335789,,50.735277777778,7.1022222222222
DEU,Alemanha,Mannheim,Q2119,,0,332163,,49.487777777778,8.4661111111111
DEU,Alemanha,Münster,Q2742,,0,322904,,51.9625,7.6255555555556
DEU,Alemanha,Gelsenkirchen,Q2765,,0,322584,,51.516666666667,7.1
DEU,Alemanha,Chemnitz,Q2795,,0,317644,,50.833333333333,12.916666666667
DEU,Alemanha,Augsburgo,Q2749,,0,303150,,48.368888888889,10.897777777778
DEU,Alemanha,Wiesbaden,Q1721,,0,285522,,50.0825,8.24
DEU,Alemanha,Brunsvique,Q2773,,0,269976,,52.269166666667,10.521111111111
DEU,Alemanha,Mönchengladbach,Q2758,,0,268943,,51.2,6.4333333333333
DEU,Alemanha,Kiel,Q1707,,0,262164,,54.323333333333,10.139444444444
DEU,Alemanha,Halle,Q2814,,0,242172,,51.482777777778,11.969722222222
DJI,Djibuti,Djibouti,Q3604,,1,647000,,11.595,43.148055555556
DJI,Djibuti,Ali Sabieh,Q842854,,0,71230,,11.155833333333,42.7125
DJI,Djibuti,Dikhil,Q620625,,0,35000,,11.108611111111,42.366666666667
DJI,Djibuti,Obock,Q860179,,0,21200,,11.966666666667,43.283333333333
DJI,Djibuti,Tadjourah,Q820972,,0,14820,,11.783333333333,42.883333333333
DJI,Djibuti,Holhol,Q924549,,0,3519,,11.310277777778,42.929166666667
DJI,Djibuti,Khôr ‘Angar,Q3120866,,0,3500,,12.383333333333,43.333333333333
DJI,Djibuti,We`a,Q3358002,,0,3279,,11.503055555556,42.855277777778
DJI,Djibuti,Galafi,Q1491656,,0,1849,,11.715833333333,41.836111111111
DJI,Djibuti,Damerjog,Q3012680,,0,600,,11.48333333,43.18333333
DMA,Dominica,Roseau,Q36281,,1,16582,,15.3,-61.383333333333
DMA,Dominica,Portsmouth,Q1014235,,0,3633,,15.573611111111,-61.459722222222
DMA,Dominica,Canefield,Q2936342,,0,2803,,15.3375,-61.390277777778
DMA,Dominica,Colihaut,Q1108306,,0,773,,15.485277777778,-61.461666666667
DNK,Dinamarca,Copenhaga,Q1748,,0,667099,2025,55.676111111111,12.568888888889
DNK,Dinamarca,Município de Copenhaga,Q504125,,0,633021,2019,55.68333333,12.55
DNK,Dinamarca,Aarhus Municipality,Q240262,,0,361544,2023,56.1667,10.25
DNK,Dinamarca,Aarhus,Q25319,,0,290598,2023,56.156388888889,10.209722222222
DNK,Dinamarca,Aalborg Municipality,Q300856,,0,210316,2016,57.046388888889,9.9191666666667
DNK,Dinamarca,Odense,Q21146,,0,197480,2015,55.395966666667,10.388536111111
DNK,Dinamarca,Odense,Q25331,,0,185480,2025,55.4,10.383333333333
DNK,Dinamarca,Aalborg,Q25410,,0,121878,2025,57.05,9.9166666666667
DNK,Dinamarca,Esbjerg Municipality,Q645747,,0,115748,2016,55.46666668,8.45000001
DNK,Dinamarca,Vejle,Q28150,,0,111743,2016,55.705,9.5327777777778
DNK,Dinamarca,Frederiksberg,Q30096,,0,105840,2025,55.6779,12.5327
DNK,Dinamarca,Frederiksberg Municipality,Q2488464,,0,104987,2019,55.677777777778,12.533333333333
DNK,Dinamarca,Randers Municipality,Q512457,,0,97520,2016,56.459722,10.036111
DNK,Dinamarca,Viborg Municipality,Q502962,,0,95776,2016,56.45,9.3666694444444
DNK,Dinamarca,Kolding,Q21101,,0,93161,2021,55.49,9.47
DNK,Dinamarca,Horsens,Q512064,,0,90966,2020,55.86,9.84
DNK,Dinamarca,Silkeborg Municipality,Q505151,,0,90719,2016,56.1783,9.5514
DNK,Dinamarca,Herning,Q506877,,0,87593,2016,56.133333333333,8.9833333333333
DNK,Dinamarca,Roskilde,Q510810,,0,86207,2016,55.65,12.1
DNK,Dinamarca,Næstved,Q506716,,0,82342,2016,55.25,11.6667
DOM,República Dominicana,São Domingos,Q34820,,1,2201941,,18.4625,-69.936111111111
DOM,República Dominicana,Santiago de los Caballeros,Q42763,,0,1343423,,19.45,-70.7
DOM,República Dominicana,Santo Domingo Este,Q2713354,,0,948855,,18.485497222222,-69.873405555556
DOM,República Dominicana,Santo Domingo Norte,Q3949487,,0,529390,,18.55,-69.9
DOM,República Dominicana,Santo Domingo Oeste,Q3949488,,0,363321,,18.5,-70.0
DOM,República Dominicana,San Felipe de Puerto Plata,Q988413,,0,338339,,19.795833,-70.694444
DOM,República Dominicana,Concepción de la Vega,Q538953,,0,282055,,19.224167,-70.528333
DOM,República Dominicana,San Cristóbal,Q373759,,0,275232,,18.416666666667,-70.133333333333
DOM,República Dominicana,Los Alcarrizos,Q2560011,,0,272776,,18.516666666667,-70.016666666667
DOM,República Dominicana,Higüey,Q1020261,,0,251243,,18.618055555556,-68.711111111111
DOM,República Dominicana,San Pedro de Macorís,Q680596,,0,217141,,18.457222,-69.306111
DOM,República Dominicana,San Francisco de Macorís,Q681999,,0,188118,,19.3,-70.25
DOM,República Dominicana,San Juan de la Maguana,Q2430320,,0,169032,,18.81,-71.23
DOM,República Dominicana,Bonao,Q2306136,,0,158034,,18.93333333,-70.4
DOM,República Dominicana,Baní,Q1902349,,0,157316,,18.29,-70.33
DOM,República Dominicana,Bajos de Haina,Q2438383,,0,155985,,18.42,-70.03
DOM,República Dominicana,Boca Chica,Q888935,,0,142019,,18.453888888889,-69.606388888889
DOM,República Dominicana,La Romana,Q40508,,0,139238,,18.43,-68.97
DOM,República Dominicana,Punta Cana,Q1568095,,0,138919,,18.533333333333,-68.366666666667
DOM,República Dominicana,Santa Cruz de Barahona,Q958586,,0,138159,,18.2079,-71.0996
DZA,Argélia,Argel,Q3561,,1,3415811,,36.776388888889,3.0586111111111
DZA,Argélia,Orã,Q131818,,0,852000,,35.696944444444,-0.63305555555556
DZA,Argélia,Constantina,Q187346,,0,465138,,36.365,6.6147222222222
DZA,Argélia,Annaba,Q45942,,0,464740,,36.9,7.7666666666667
DZA,Argélia,Batna,Q338844,,0,290645,,35.55,6.1666666666667
DZA,Argélia,Setif,Q244004,,0,288461,,36.19,5.41
DZA,Argélia,Djelfa,Q2794758,,0,265833,,34.666666666667,3.25
DZA,Argélia,Sidi Bel Abbès,Q852276,,0,212935,,35.2,-0.63333333333333
DZA,Argélia,Biskra,Q312759,,0,204661,,34.85,5.7333333333333
DZA,Argélia,Tébessa,Q984575,,0,194461,,35.4,8.1166666666667
DZA,Argélia,Blida,Q216990,,0,191000,,36.472222222222,2.8333333333333
DZA,Argélia,Tiaret,Q565568,,0,178915,,35.366666666667,1.3166666666667
DZA,Argélia,Bugia,Q59975,,0,176139,,36.751111111111,5.0641666666667
DZA,Argélia,Tlemcen,Q185134,,0,173531,,34.882777777778,-1.3166666666667
DZA,Argélia,Bordj Bou Arreridj,Q544733,,0,168346,,36.066666666667,4.7666666666667
DZA,Argélia,Béchar,Q638704,,0,165627,,31.616388888889,-2.2183333333333
DZA,Argélia,Skikda,Q2292517,,0,163318,,36.866666666667,6.9
DZA,Argélia,Tizi-Ouzou,Q277201,,0,156775,,36.716944444444,4.0497222222222
DZA,Argélia,Souk Ahras,Q402992,,0,155259,,36.286388888889,7.9511111111111
DZA,Argélia,Chlef,Q849561,,0,155134,,36.164722222222,1.3316666666667
ECU,Equador,Guaiaquil,Q43509,,0,2723665,,-2.19,-79.8875
ECU,Equador,Quito,Q2900,,1,2011388,,-0.22,-78.5125
ECU,Equador,Cuenca,Q54886,,0,361524,,-2.8974138888889,-79.004480555556
ECU,Equador,Santo Domingo,Q1015654,,0,334826,,-0.25416666666667,-79.171944444444
ECU,Equador,Durán,Q1120810,,0,295211,,-2.1733333333333,-79.831111111111
ECU,Equador,Machala,Q215080,,0,288072,,-3.2666666666667,-79.966666666667
ECU,Equador,Manta,Q990738,,0,258697,,-0.95002222222222,-80.7162
ECU,Equador,Portoviejo,Q990716,,0,244129,,-1.0544444444444,-80.454444444444
ECU,Equador,Loja,Q944697,,0,203496,,-3.9905555555556,-79.205
ECU,Equador,Quevedo,Q773225,,0,177792,,-1.0333333333333,-79.45
ECU,Equador,Ambato,Q210161,,0,177316,,-1.2422222222222,-78.628888888889
ECU,Equador,Riobamba,Q478675,,0,177213,,-1.6730555555556,-78.648333333333
ECU,Equador,Daule,Q1014430,,0,161498,,-1.86666667,-79.98333333
ECU,Equador,Milagro,Q773238,,0,159970,,-2.1347222222222,-79.587222222222
ECU,Equador,Ibarra,Q946384,,0,157941,,0.362778,-78.13
ECU,Equador,Esmeraldas,Q149955,,0,155487,,0.95,-79.666666666667
ECU,Equador,La Libertad,Q1798895,,0,112154,,-2.23333333,-80.9
ECU,Equador,Babahoyo,Q797568,,0,98251,,-1.8166666666667,-79.516666666667
ECU,Equador,Sangolquí,Q2361658,,0,96647,,-0.334444,-78.4475
ECU,Equador,Latacunga,Q379338,,0,77267,,-0.93333333333333,-78.616666666667
EGY,Egito,Região Metropolitana do Cairo,Q3306486,,0,21381869,,30.05,31.3667
EGY,Egito,Cairo,Q85,,1,9717324,,30.044444444444,31.235833333333
EGY,Egito,Gizé,Q81788,,0,5598402,,29.987,31.2118
EGY,Egito,Alexandria,Q87,,0,5039975,,31.1975,29.8925
EGY,Egito,Novo Cairo,Q12191144,,0,1500000,,30.03,31.47
EGY,Egito,Boulaq Ad Dakrour,Q11160667,,0,1041161,,30.035333333333,31.189916666667
EGY,Egito,Shubra El-Kheima,Q269960,,0,1025569,,30.128611111111,31.242222222222
EGY,Egito,Mallawi,Q393498,,0,927386,,27.730555555556,30.8425
EGY,Egito,El Warraq,Q12194844,,0,802514,,30.118026090687,31.194164401813
EGY,Egito,Nasr City,Q1309979,,0,732820,,30.051944444444,31.356944444444
EGY,Egito,Al Haram,Q12209493,,0,714956,,29.985108259116,31.118334104496
EGY,Egito,Imbaba,Q3348063,,0,625271,,30.085833333333,31.209444444444
EGY,Egito,Almançora,Q223587,,0,621953,,31.05,31.383333333333
EGY,Egito,Heluã,Q771345,,0,619293,,29.8493,31.3327
EGY,Egito,Tanta,Q271771,,0,603120,,30.783333333333,31.0
EGY,Egito,Al-Mahalla Al-Kubra,Q312723,,0,592573,,30.966666666667,31.166666666667
EGY,Egito,Porto Said,Q134509,,0,570603,,31.2625,32.306111111111
EGY,Egito,Dar El Salam,Q5668715,,0,567516,,29.987272,31.23712
EGY,Egito,Qism Helwan,Q4497166,,0,562889,,29.84601505,31.313247661111
EGY,Egito,Al Basatin,Q4165848,,0,534858,,29.981144048257,31.291723436199
ERI,Eritreia,Asmara,Q3642,,1,963000,,15.333333333333,38.916666666667
ERI,Eritreia,Keren,Q534409,,0,146500,,15.783333333333,38.45
ERI,Eritreia,Assab,Q738496,,0,74405,,13.007777777778,42.741111111111
ERI,Eritreia,Maçuá,Q275635,,0,39758,,15.6,39.433333333333
ERI,Eritreia,Mendefera,Q1019356,,0,28492,,14.883333333333,38.816666666667
ERI,Eritreia,Barentu,Q808100,,0,18500,,15.116666666667,37.6
ERI,Eritreia,Beilul,Q539154,,0,14055,,13.263888888889,42.334722222222
ERI,Eritreia,Adi Keyh,Q356811,,0,13061,,14.833333333333,39.366666666667
ERI,Eritreia,Ghinda,Q732759,,0,11560,,15.45,39.083333333333
ERI,Eritreia,Mersa Fatma,Q3306637,,0,11400,,14.9008,40.3136
ERI,Eritreia,Edd,Q523618,,0,11259,,13.933333333333,41.7
ERI,Eritreia,Dekemhare,Q1020477,,0,10959,,15.07,39.0475
ERI,Eritreia,Agordat,Q395433,,0,8857,,15.55,37.883333333333
ERI,Eritreia,Nefasit,Q1969147,,0,8600,,15.333333333333,39.061944444444
ERI,Eritreia,Senafe,Q1024653,,0,6831,,14.7,39.416666666667
ERI,Eritreia,Segeneiti,Q2621745,,0,5656,,15.053611111111,39.189166666667
ERI,Eritreia,Teseney,Q1797764,,0,3753,,15.11,36.6575
ERI,Eritreia,Badme,Q799198,,0,3500,,14.716666666667,37.8
ERI,Eritreia,Zula,Q1364365,,0,2612,,15.25,39.666666666667
ERI,Eritreia,Keru,Q3195536,,0,596,,15.583333333333,37.25
ESH,Saara Ocidental,Dakhla,Q345204,,0,165463,,23.716666666667,-15.95
ESH,Saara Ocidental,Bojador,Q599897,,0,57360,,26.12681,-14.32129
ESH,Saara Ocidental,Smara,Q842810,,0,57035,,26.739444444444,-11.670277777778
ESH,Saara Ocidental,El Marsa,Q3544425,,0,28848,,27.097944444444,-13.414472222222
ESH,Saara Ocidental,Mahbes,Q1300325,,0,19139,,27.416,-9.051
ESH,Saara Ocidental,El Argoub,Q259477,,0,12182,,23.611111,-15.858333
ESH,Saara Ocidental,Bir Gandus,Q2637709,,0,9183,,21.615672,-16.468656
ESH,Saara Ocidental,Haouza,Q1584114,,0,8769,,27.1109,-10.9711
ESH,Saara Ocidental,Guelta Zemmur,Q1380087,,0,6881,,25.15,-12.366666666667
ESH,Saara Ocidental,Tichla,Q3991171,,0,6735,,21.61,-15.0
ESH,Saara Ocidental,Aousserd,Q2026640,,0,5832,,22.5364,-14.2858
ESH,Saara Ocidental,Oum Dreyga,Q3850353,,0,3714,,24.1015,-13.2758
ESH,Saara Ocidental,Bou Craa,Q894941,,0,2519,,26.322777777778,-12.849722222222
ESH,Saara Ocidental,Jdiriya,Q1656837,,0,2195,,27.2486,-10.4132
ESH,Saara Ocidental,Foum El Oued,Q25454472,,0,1844,,27.1769,-13.3928
ESH,Saara Ocidental,Foum el Oued,Q23939038,,0,1380,,27.1775,-13.398055555556
ESH,Saara Ocidental,Zoug,Q3100850,,0,833,,21.55,-14.15
ESH,Saara Ocidental,Aghouinite,Q2260996,,0,222,,22.183333333333,-13.133055555556
ESH,Saara Ocidental,Guerguerat,Q3118919,,0,28,,21.426111111111,-16.958611111111
ESH,Saara Ocidental,Al Farcia,Q28881018,,0,11,,,
ESP,Espanha,Madrid,Q2807,,1,3416771,,40.416944444444,-3.7033333333333
ESP,Espanha,Barcelona,Q1492,,0,1754900,,41.3825,2.1769444444444
ESP,Espanha,Valência,Q8818,,0,825948,,39.47,-0.37638888888889
ESP,Espanha,Saragoça,Q10305,,0,732765,,41.65,-0.88333333333333
ESP,Espanha,Sevilha,Q8717,,0,704857,,37.388611111111,-5.9955555555556
ESP,Espanha,Málaga,Q8851,,0,591637,,36.716666666667,-4.4166666666667
ESP,Espanha,Múrcia,Q12225,,0,474617,,37.986111111111,-1.1302777777778
ESP,Espanha,Palma de Maiorca,Q8826,,0,434516,,39.566666666667,2.6497222222222
ESP,Espanha,Las Palmas de Gran Canaria,Q11974,,0,383343,,28.127222222222,-15.431388888889
ESP,Espanha,Alicante,Q11959,,0,358720,,38.345277777778,-0.48305555555556
ESP,Espanha,Bilbau,Q8692,,0,354860,,43.263055555556,-2.935
ESP,Espanha,Córdova,Q5818,,0,328841,,37.89,-4.78
ESP,Espanha,Valladolid,Q8356,,0,321713,,41.651980555556,-4.7285611111111
ESP,Espanha,Vigo,Q8745,,0,297355,,42.235833333333,-8.7266666666667
ESP,Espanha,Granada,Q8810,,0,262000,,37.175,-3.6
ESP,Espanha,Corunha,Q8757,,0,249261,,43.373856940216,-8.400027032342
ESP,Espanha,Vitoria-Gasteiz,Q14318,,0,249176,,42.846666666667,-2.6730555555556
ESP,Espanha,Elche,Q10509,,0,243128,,38.266944444444,-0.69833333333333
ESP,Espanha,Terrassa,Q13939,,0,228708,,41.561111111111,2.0080555555556
ESP,Espanha,Santa Cruz de Tenerife,Q14328,,0,223148,,28.466666666667,-16.25
EST,Estônia,Tallinn,Q1770,,1,478000,,59.437222222222,24.745
EST,Estônia,Tartu,Q13972,,0,115000,,58.38,26.7225
EST,Estônia,Narva,Q102158,,0,58663,,59.379166666667,28.200555555556
EST,Estônia,Pärnu,Q102365,,0,54200,,58.384444444444,24.498888888889
EST,Estônia,Kohtla-Järve,Q201391,,0,37201,,59.4,27.283333333333
EST,Estônia,Valga,Q193905,,0,18474,,57.776944444444,26.031111111111
EST,Estônia,Viljandi,Q44840,,0,17868,,58.363333333333,25.595555555556
EST,Estônia,Maardu,Q206555,,0,17524,,59.478055555556,25.016111111111
EST,Estônia,Rakvere,Q191889,,0,15747,,59.350555555556,26.361111111111
EST,Estônia,Kuressaare,Q188179,,0,14925,,58.253333333333,22.486111111111
EST,Estônia,Võru,Q205271,,0,14909,,57.848611111111,26.992777777778
EST,Estônia,Sillamäe,Q207748,,0,14252,,59.393055555556,27.774166666667
EST,Estônia,Keila,Q207275,,0,10964,,59.308611111111,24.4225
EST,Estônia,Saue,Q1755634,,0,10907,,59.35,24.6
EST,Estônia,Jõhvi,Q211059,,0,10880,,59.3575,27.412222222222
EST,Estônia,Tapa,Q650577,,0,10851,,59.264444444444,25.962777777778
EST,Estônia,Haapsalu,Q191106,,0,10316,,58.946944444444,23.536944444444
EST,Estônia,Põlva,Q1445105,,0,9575,,58.06666667,27.04277778
EST,Estônia,Türi,Q719969,,0,9419,,58.8,25.933333333333
EST,Estônia,Rapla Rural Municipality,Q2068203,,0,9170,,59.006944444444,24.792777777778
ETH,Etiópia,Adis Abeba,Q3624,,1,5704000,,9.0272222222222,38.736944444444
ETH,Etiópia,Nazret,Q351427,,0,324000,,8.55,39.266666666667
ETH,Etiópia,Gondar,Q218861,,0,323900,,12.6,37.466666666667
ETH,Etiópia,Mek'ele,Q332319,,0,323700,,13.496944444444,39.476944444444
ETH,Etiópia,Awassa,Q755765,,0,300100,,7.05,38.466666666667
ETH,Etiópia,Dire Dawa,Q193486,,0,277000,,9.5833333333333,41.866666666667
ETH,Etiópia,Arsi Negele,Q2864413,,0,260129,,7.33333,38.6667
ETH,Etiópia,Bahir Dar,Q464699,,0,243300,,11.585,37.39
ETH,Etiópia,Sodo,Q673275,,0,213467,,6.86,37.76
ETH,Etiópia,Dessie,Q755752,,0,187900,,11.133333333333,39.633333333333
ETH,Etiópia,Jima,Q385341,,0,177900,,7.6666666666667,36.833333333333
ETH,Etiópia,Djidjiga,Q755763,,0,159300,,9.35,42.8
ETH,Etiópia,Harar,Q190184,,0,157000,,9.3111111111111,42.127777777778
ETH,Etiópia,Asella,Q740236,,0,110088,,7.95,39.133333333333
ETH,Etiópia,Bishoftu,Q740499,,0,99928,,8.75,38.983333333333
ETH,Etiópia,Kombolcha,Q222420,,0,85367,,11.085555555556,39.738055555556
ETH,Etiópia,Areka,Q4788771,,0,84500,,7.06666667,37.7
ETH,Etiópia,Akaki,Q2597088,,0,77836,,8.75,38.833333333333
ETH,Etiópia,Adigrat,Q357101,,0,76400,,14.266666666667,39.45
ETH,Etiópia,Nekemte,Q376295,,0,75219,,9.0883333333333,36.547222222222
FIN,Finlândia,Área Metropolitana de Helsínquia,Q673425,,0,1551959,,60.170833333333,24.9375
FIN,Finlândia,Helsínquia,Q1757,,1,686595,,60.170833333333,24.9375
FIN,Finlândia,Espoo,Q47034,,0,314821,,60.205555555556,24.655555555556
FIN,Finlândia,Tampere,Q40840,,0,255333,,61.498055555556,23.76
FIN,Finlândia,Vantaa,Q127623,,0,248199,,60.294444444444,25.040277777778
FIN,Finlândia,Oulu,Q47048,,0,214814,,65.014166666667,25.471944444444
FIN,Finlândia,Turku,Q38511,,0,206420,,60.451666666667,22.266944444444
FIN,Finlândia,East Helsinki,Q3784748,,0,170557,,60.210782769789,25.080478842177
FIN,Finlândia,Jyväskylä,Q134620,,0,147856,,62.240277777778,25.744444444444
FIN,Finlândia,Kuopio,Q162279,,0,124131,,62.8925,27.678333333333
FIN,Finlândia,Lahti,Q28911,,0,120809,,60.9803806,25.654988
FIN,Finlândia,Kouvola,Q204382,,0,88436,,60.868055555556,26.704166666667
FIN,Finlândia,Pori,Q180233,,0,85418,,61.486666666667,21.7975
FIN,Finlândia,Joensuu,Q186237,,0,78175,,62.6,29.763888888889
FIN,Finlândia,Lappeenranta,Q181854,,0,72988,,61.058333333333,28.186111111111
FIN,Finlândia,Vaasa,Q125080,,0,69036,,63.095833333333,21.615277777778
FIN,Finlândia,Hämeenlinna,Q202158,,0,68319,,60.994444444444,24.466666666667
FIN,Finlândia,Seinäjoki,Q6157,,0,66271,,62.790277777778,22.840277777778
FIN,Finlândia,Rovaniemi,Q103717,,0,65329,,66.5027903,25.7284789
FIN,Finlândia,Lappeenranta central locality,Q23085466,,0,55743,,61.05875194,28.18768833
FJI,Fiji,Suva,Q38807,,1,88271,,-18.133333333333,178.43333333333
FJI,Fiji,Nasinu,Q26715,,0,87446,,-18.066666666667,178.5
FJI,Fiji,Nadi,Q619443,,0,71048,,-17.8,177.41666666667
FJI,Fiji,Nausori,Q26707,,0,57882,,-18.024444444444,178.54542777778
FJI,Fiji,Lautoka,Q856662,,0,52220,,-17.624166666667,177.45277777778
FJI,Fiji,Labasa,Q579556,,0,27949,,-16.433333333333,179.36666666667
FJI,Fiji,Lami,Q26703,,0,20529,,-18.116666666667,178.41666666667
FJI,Fiji,Ba,Q26713,,0,18526,,-17.533333333333,177.68333333333
FJI,Fiji,Sigatoka,Q26720,,0,9622,,-18.15,177.5
FJI,Fiji,Navua,Q2999039,,0,5812,,-18.22,178.18
FJI,Fiji,Vaileka,Q2705079,,0,5078,,-17.36667,178.15
FJI,Fiji,Savusavu,Q619440,,0,5000,,-16.746666666667,179.35833333333
FJI,Fiji,Namatakula,Q26920,,0,2522,,-18.229166666667,177.78305555556
FJI,Fiji,Tavua,Q26690,,0,2388,,-17.441388888889,177.8625
FLK,Ilhas Malvinas,Stanley,Q12245,,1,2121,,-51.693861,-57.849556
FRA,França,Paris,Q90,,1,2113705,2022,48.856666666667,2.3522222222222
FRA,França,Lyon,Q456,,0,520774,2022,45.7675,4.835
FRA,França,Nice,Q33959,,0,353701,2022,43.701944444444,7.2683333333333
FRA,França,Lille,Q648,,0,238695,2022,50.631944444444,3.0575
FRA,França,Rennes,Q647,,0,227830,2022,48.114166666667,-1.6808333333333
FRA,França,Toulon,Q44160,,0,180834,2022,43.125,5.9305555555556
FRA,França,Reims,Q41876,,0,178478,2022,49.265277777778,4.0286111111111
FRA,França,Saint-Étienne,Q42716,,0,172569,2022,45.433888888889,4.3897222222222
FRA,França,Le Havre,Q42810,,0,166462,2022,49.494166666667,0.10805555555556
FRA,França,Villeurbanne,Q582,,0,162207,2022,45.766111111111,4.8794444444444
FRA,França,Angers,Q38380,,0,157555,2022,47.472777777778,-0.55555555555556
FRA,França,Grenoble,Q1289,,0,156389,2022,45.186944444444,5.7263888888889
FRA,França,Saint-Denis,Q47045,,0,156149,2022,-20.878888888889,55.448055555556
FRA,França,Nîmes,Q42807,,0,150444,2022,43.838333333333,4.3597222222222
FRA,França,Saint-Denis,Q131575588,,0,148907,2022,48.935555555556,2.3538888888889
FRA,França,Aix-en-Provence,Q47465,,0,147933,2022,43.527777777778,5.4455555555556
FRA,França,Clermont-Ferrand,Q42168,,0,147751,2022,45.779722222222,3.0869444444444
FRA,França,Tours,Q288,,0,138668,2022,47.392777777778,0.68833333333333
FRA,França,Amiens,Q41604,,0,134780,2022,49.891944444444,2.2977777777778
FRA,França,Annecy,Q50189,,0,131272,2022,45.899166666667,6.1294444444444
FRO,Ilhas Faroé,Tórshavn Municipality,Q944273,,0,20382,,62.0305,-6.88156
FRO,Ilhas Faroé,Tórshavn,Q10704,,1,14038,,62.00981,-6.77135
FRO,Ilhas Faroé,Klaksvík Municipality,Q1094328,,0,5257,,62.2239,-6.57861
FRO,Ilhas Faroé,Klaksvík,Q189361,,0,4997,,62.223888888889,-6.5786111111111
FRO,Ilhas Faroé,Hoyvík,Q677723,,0,4367,,62.025555555556,-6.7588888888889
FRO,Ilhas Faroé,Runavík (comuna),Q969578,,0,4211,,62.1172,-6.7225
FRO,Ilhas Faroé,Argir,Q647534,,0,2364,,61.996666666667,-6.7777777777778
FRO,Ilhas Faroé,Eystur Municipality,Q548193,,0,2156,,62.20747,-6.79367
FRO,Ilhas Faroé,Vága Municipality,Q1079322,,0,1962,,62.051111,-7.193889
FRO,Ilhas Faroé,Sunda Municipality,Q768990,,0,1811,,62.15,-6.9333333333333
FRO,Ilhas Faroé,Tvøroyri Municipality,Q1094316,,0,1711,,61.5558,-6.80333
FRO,Ilhas Faroé,Fuglafjarðar Municipality,Q1004251,,0,1584,,62.2444,-6.81444
FRO,Ilhas Faroé,Fuglafjørður,Q731990,,0,1561,,62.244444444444,-6.8144444444444
FRO,Ilhas Faroé,Vágur,Q754670,,0,1352,,61.473055555556,-6.8097222222222
FRO,Ilhas Faroé,Vestmanna,Q608352,,0,1245,,62.156388888889,-7.1663888888889
FRO,Ilhas Faroé,Nes Municipality,Q6479325,,0,1226,,62.081,-6.717
FRO,Ilhas Faroé,Sørvágs Municipality,Q648131,,0,1134,,62.1,-7.4
FRO,Ilhas Faroé,Miðvágur,Q855785,,0,1130,,62.051111111111,-7.1938888888889
FRO,Ilhas Faroé,Sørvágur,Q906365,,0,1114,,62.070277777778,-7.3222222222222
FRO,Ilhas Faroé,Gøta Municipality,Q1031794,,0,1072,,62.18611145,-6.75555611
FSM,Micronésia,Paliquir,Q42751,,1,6227,,6.9177777777778,158.185
FSM,Micronésia,Kolonia,Q514165,,0,6074,,6.9638888888889,158.20805555556
FSM,Micronésia,Tol,Q2198810,,0,5129,,7.34305556,151.62
FSM,Micronésia,Fefan,Q2570108,,0,4047,,7.3401666666667,151.8385
FSM,Micronésia,Tofol,Q787588,,0,2591,,5.3258333333333,163.00861111111
FSM,Micronésia,Nama,Q374714,,0,995,,6.99166667,152.575
FSM,Micronésia,Ulithi Municipality,Q1287362,,0,773,,9.88333333,139.76666667
FSM,Micronésia,Maap,Q1133174,,0,592,,9.598,138.1665
FSM,Micronésia,Pulusuk,Q1444721,,0,451,,6.68833333,149.30166667
FSM,Micronésia,Fais Island,Q1393489,,0,215,,9.7602777777778,140.52083333333
GAB,Gabão,Libreville,Q3825,,1,899000,,0.3901,9.4544
GAB,Gabão,Port-Gentil,Q501715,,0,136462,,-0.71666666666667,8.7833333333333
GAB,Gabão,Franceville,Q459369,,0,110568,,-1.6333333333333,13.583333333333
GAB,Gabão,Owendo,Q2613788,,0,79300,,0.28333333333333,9.5
GAB,Gabão,Oyem,Q983886,,0,60685,,1.5999722222222,11.573583333333
GAB,Gabão,Moanda,Q1015100,,0,59154,,-1.5666666666667,13.2
GAB,Gabão,Ntoum,Q218714,,0,51954,,0.39055555555556,9.7608333333333
GAB,Gabão,Lambaréné,Q874197,,0,38775,,-0.68833333333333,10.231944444444
GAB,Gabão,Mouila,Q746670,,0,36061,,-1.86667,11.055
GAB,Gabão,Akanda,Q21294265,,0,34548,,0.5,9.5
GAB,Gabão,Tchibanga,Q690421,,0,30042,,-2.9330555555556,10.983055555556
GAB,Gabão,Bitam,Q1023124,,0,27923,,2.0833333333333,11.483333333333
GAB,Gabão,Koulamoutou,Q985614,,0,25651,,-1.1333333333333,12.483333333333
GAB,Gabão,Makokou,Q1002583,,0,20653,,0.56666666666667,12.866666666667
GAB,Gabão,Tsogni,Q998517,,0,12977,,-2.8,10.116666666667
GAB,Gabão,Gamba,Q1492877,,0,10454,,-2.725,10.016666666667
GAB,Gabão,Ndendé,Q2591916,,0,8082,,-2.4013888888889,11.358888888889
GAB,Gabão,Lebamba,Q15242173,,0,7727,,-2.21006,11.4756
GAB,Gabão,Lekoni,Q6350743,,0,7330,,-1.5833333333333,14.233333333333
GAB,Gabão,Akiéni,Q4701297,,0,6857,,-1.1833333333333,13.883333333333
GBR,Reino Unido,Londres,Q84,,1,8908081,,51.507222222222,-0.1275
GBR,Reino Unido,Grande Londres,Q23306,,0,8908081,,51.5,-0.083333333333333
GBR,Reino Unido,Birmingham,Q2256,,0,1137100,,52.48,-1.9025
GBR,Reino Unido,Glasgow,Q4093,,0,1088000,,55.861111111111,-4.25
GBR,Reino Unido,Somerset,Q23157,,0,975782,,51.3,-3.0
GBR,Reino Unido,Leeds,Q39121,,0,822483,,53.7975,-1.5436111111111
GBR,Reino Unido,Belfast metropolitan area,Q769573,,0,794824,,54.597,-5.93
GBR,Reino Unido,Sheffield,Q42448,,0,577800,,53.380833333333,-1.4702777777778
GBR,Reino Unido,Bristol,Q23154,,0,567111,,51.453611111111,-2.5975
GBR,Reino Unido,Manchester,Q18125,,0,547627,,53.466666666667,-2.2333333333333
GBR,Reino Unido,Liverpool,Q24826,,0,513441,,53.407222222222,-2.9916666666667
GBR,Reino Unido,Edimburgo,Q23436,,0,488050,,55.953333333333,-3.1891666666667
GBR,Reino Unido,Leicester,Q83065,,0,464395,,52.636111111111,-1.1330555555556
GBR,Reino Unido,Cardiff,Q10690,,0,383536,,51.481666666667,-3.1791666666667
GBR,Reino Unido,Coventry,Q6225,,0,366785,,52.416666666667,-1.5166666666667
GBR,Reino Unido,Belfast,Q10686,,0,345006,,54.596666666667,-5.93
GBR,Reino Unido,Newcastle upon Tyne,Q1425428,,0,300196,,54.977777777778,-1.6133333333333
GBR,Reino Unido,Stockport,Q18655,,0,294773,,53.408333333333,-2.1494444444444
GBR,Reino Unido,Bradford,Q22905,,0,294400,,53.794,-1.751
GBR,Reino Unido,Sunderland,Q188304,,0,294000,,54.9,-1.3802777777778
GEO,Geórgia,Tiblíssi,Q994,,1,1400000,,41.7225,44.7925
GEO,Geórgia,Batumi,Q25475,,0,169095,,41.645833333333,41.641666666667
GEO,Geórgia,Rustavi,Q182521,,0,158661,,41.543611111111,45.011666666667
GEO,Geórgia,Kutaisi,Q172415,,0,147900,,42.271666666667,42.705555555556
GEO,Geórgia,Gori Municipality,Q1417170,,0,125692,,41.981686111111,44.112416666667
GEO,Geórgia,Marneuli Municipality,Q2410306,,0,118221,,41.487222222222,44.798055555556
GEO,Geórgia,Zugdidi Municipality,Q2176973,,0,105509,,42.508055555556,41.8725
GEO,Geórgia,Kobuleti Municipality,Q991409,,0,99800,,41.811111111111,41.775277777778
GEO,Geórgia,Gardabani Municipality,Q2512996,,0,99700,,41.460833333333,45.089444444444
GEO,Geórgia,Khelvachauri Municipality,Q175786,,0,93600,,41.58555556,41.66888889
GEO,Geórgia,Gori,Q19583,,0,68924,,41.981686111111,44.112416666667
GEO,Geórgia,Zugdidi,Q185336,,0,68535,,42.508055555556,41.8725
GEO,Geórgia,Sukhumi,Q40811,,0,64441,,43.003611111111,41.019166666667
GEO,Geórgia,Ozurgeti Municipality,Q510761,,0,61305,,41.923055555556,42.005
GEO,Geórgia,Zestafoni Municipality,Q2464187,,0,56532,,42.108333333333,43.041666666667
GEO,Geórgia,Gurjaani Municipality,Q1560942,,0,54337,,41.744444444444,45.794166666667
GEO,Geórgia,Mtskheta Municipality,Q2266679,,0,53944,,41.843055555556,44.719444444444
GEO,Geórgia,Bolnisi Municipality,Q2513580,,0,53590,,41.449444444444,44.541944444444
GEO,Geórgia,Khashuri Municipality,Q1790675,,0,52120,,41.9975,43.598611111111
GEO,Geórgia,Sagarejo Municipality,Q1647344,,0,51761,,41.736944444444,45.325833333333
GGY,Guernsey,Saint Anne,Q993064,,0,2000,,49.713333333333,-2.2058333333333
GHA,Gana,Reino de Dagom,Q24697413,,0,4000000,,9.5,-0.25
GHA,Gana,Kumasi,Q182059,,0,3903480,,6.7,-1.625
GHA,Gana,Tamale,Q217040,,0,2310939,,9.4075,-0.85333333333333
GHA,Gana,Acra,Q3761,,1,2291352,,5.55602,-0.1969
GHA,Gana,Sekondi-Takoradi,Q243293,,0,539548,,4.92678,-1.75773
GHA,Gana,Gonja,Q134954682,,0,384000,,,
GHA,Gana,Ashiaman,Q724730,,0,228509,,5.69951,-0.03484
GHA,Gana,Takwa,Q109395087,,0,218664,,5.3,-1.9833333333333
GHA,Gana,Teshie,Q1062602,,0,182145,,5.5833333333333,-0.1
GHA,Gana,Obuasi,Q1020901,,0,180460,,6.2,-1.6833333333333
GHA,Gana,Tema,Q726143,,0,161612,,5.6698,-0.01657
GHA,Gana,A HOSPITAL,Q120598851,,0,153965,,,
GHA,Gana,Koforidua,Q406358,,0,127334,,6.1,-0.26666666666667
GHA,Gana,Akosombo,Q1139770,,0,124650,,6.3,0.05
GHA,Gana,Madina,Q1316141,,0,112888,,5.6666666666667,-0.15
GHA,Gana,Wa,Q250733,,0,107214,,10.0667,-2.5
GHA,Gana,Atebubu,Q4812980,,0,105938,,7.75,-0.983333
GHA,Gana,Cotocus,Q4702040,,0,100594,,5.92,-0.99
GHA,Gana,Saboba,Q7396274,,0,95683,,9.70738,0.31843
GHA,Gana,Breman Asikuma,Q4960505,,0,89395,,5.58111095,-0.99444443
GIB,Gibraltar,Gibraltar,Q1410,,1,,,,
GIN,Guiné,Conacri,Q3733,,1,2160000,,9.5091666666667,-13.712222222222
GIN,Guiné,Nzérékoré,Q1002799,,0,280256,,7.7522222222222,-8.8216666666667
GIN,Guiné,Gueckedou,Q740687,,0,221715,,8.5666666666667,-10.133333333333
GIN,Guiné,Kankan,Q874317,,0,190772,,10.383333333333,-9.3
GIN,Guiné,Siguiri,Q1100303,,0,183875,,11.418888888889,-9.1644444444444
GIN,Guiné,Labé,Q1020384,,0,107695,,11.316666666667,-12.283333333333
GIN,Guiné,Niani (Império do Mali),Q3339489,,0,100000,,11.37972,-8.38417
GIN,Guiné,Macenta,Q1032064,,0,43900,,8.55,-9.4666666666667
GIN,Guiné,Dabola,Q1100543,,0,38617,,10.75,-11.116666666667
GIN,Guiné,Boké,Q891240,,0,37380,,10.931388888889,-14.289166666667
GIN,Guiné,Tomba Kanssa,Q116464161,,0,32867,,11.716666666667,-10.183333333333
GIN,Guiné,Sogolon,Q14944624,,0,30676,,10.55,-13.26666667
GIN,Guiné,Koundara,Q985374,,0,27246,,12.483333333333,-13.3
GIN,Guiné,Boffa,Q2908600,,0,27047,,10.166666666667,-14.033333333333
GIN,Guiné,Sinta,Q7525085,,0,24650,,10.71666667,-13.0
GIN,Guiné,Forecariah,Q3077142,,0,23010,,9.71666667,-13.16666667
GIN,Guiné,Filima,Q116379435,,0,21780,,10.648982777778,-14.559254444444
GIN,Guiné,Kamsar Cité,Q116379533,,0,21680,,10.662561111111,-14.590221666667
GIN,Guiné,Kamsar Centre,Q116379483,,0,21580,,10.66275,-14.609131944444
GIN,Guiné,Gaoual,Q3095240,,0,20570,,11.75,-13.2
GLP,Guadalupe,Les Abymes,Q13636,,0,51760,2022,16.270555555556,-61.504722222222
GLP,Guadalupe,Saint-Martin,Q84594579,,0,35263,2006,,
GLP,Guadalupe,Baie-Mahault,Q660165,,0,30943,2022,16.2675,-61.586944444444
GLP,Guadalupe,Le Gosier,Q918874,,0,27205,2022,16.205555555556,-61.491944444444
GLP,Guadalupe,Sainte-Anne,Q386243,,0,24415,2022,16.225555555556,-61.386111111111
GLP,Guadalupe,Petit-Bourg,Q844987,,0,24299,2022,16.191388888889,-61.590277777778
GLP,Guadalupe,Le Moule,Q845039,,0,22924,2022,16.331111111111,-61.343611111111
GLP,Guadalupe,Lamentin,Q1014790,,0,18437,2022,16.271666666667,-61.632777777778
GLP,Guadalupe,Capesterre-Belle-Eau,Q1014795,,0,17882,2022,16.0425,-61.564722222222
GLP,Guadalupe,Sainte-Rose,Q996367,,0,17494,2022,16.333055555556,-61.698055555556
GLP,Guadalupe,Morne-à-l'Eau,Q996320,,0,15839,2022,16.331944444444,-61.456944444444
GLP,Guadalupe,Pointe-à-Pitre,Q335322,,0,14855,2022,16.241111111111,-61.533055555556
GLP,Guadalupe,Saint-François,Q608483,,0,13249,2022,16.251388888889,-61.273888888889
GLP,Guadalupe,Saint-Claude,Q996400,,0,10432,2022,16.027222222222,-61.698333333333
GLP,Guadalupe,Basse-Terre,Q167024,,0,9419,2022,15.996944444444,-61.732777777778
GLP,Guadalupe,Saint-Barthélemy,Q84594342,,0,8255,2006,,
GLP,Guadalupe,Petit-Canal,Q767111,,0,8206,2022,16.378888888889,-61.49
GLP,Guadalupe,Goyave,Q1014741,,0,7640,2022,16.133333333333,-61.571666666667
GLP,Guadalupe,Trois-Rivières,Q539756,,0,7519,2022,15.976388888889,-61.644722222222
GLP,Guadalupe,Gourbeyre,Q996284,,0,7378,2022,15.994722222222,-61.692777777778
GMB,Gâmbia,Serekunda,Q217568,,0,382096,,13.445,-16.675
GMB,Gâmbia,Kerewan,Q1478583,,0,225516,,13.5,-16.083333333333
GMB,Gâmbia,Kuntaur,Q2756380,,0,99108,,13.6550215,-14.87518357
GMB,Gâmbia,Mansakonko,Q2756523,,0,82381,,,
GMB,Gâmbia,Brikama,Q916988,,0,81007,,13.266666666667,-16.65
GMB,Gâmbia,Banjul,Q3726,,1,44188,,13.453055555556,-16.5775
GMB,Gâmbia,Farafenni,Q1200999,,0,36000,,13.566666666667,-15.6
GMB,Gâmbia,"Lamin, Western Division, Gambia",Q455163,,0,31133,,13.38583333,-16.64277778
GMB,Gâmbia,Janjanbureh,Q1002786,,0,3998,,13.534130555556,-14.766152777778
GMB,Gâmbia,Amdalai,Q460354,,0,1626,,13.588484400278,-16.422057236111
GMB,Gâmbia,Kanilai,Q992053,,0,836,,13.183333333333,-16.016666666667
GMB,Gâmbia,Tubakuta,Q2458839,,0,834,,13.25691313,-16.5952392
GMB,Gâmbia,Jufureh,Q1711203,,0,406,,13.338611111111,-16.3825
GMB,Gâmbia,Fattatenda,Q1398272,,0,49,,13.45,-14.066666666667
GNB,Guiné-Bissau,Bissau,Q3739,,1,492004,,11.859166666667,-15.595555555556
GNB,Guiné-Bissau,Farim,Q1022984,,0,46268,,12.483333,-15.216667
GNB,Guiné-Bissau,Gabu,Q1015891,,0,43556,,12.28,-14.22222
GNB,Guiné-Bissau,Quinhamel,Q616404,,0,42659,,11.88694,-15.85556
GNB,Guiné-Bissau,Bafatá,Q799788,,0,29556,,12.171944444444,-14.6575
GNB,Guiné-Bissau,Bissorã,Q572152,,0,11964,,12.216666666667,-15.45
GNB,Guiné-Bissau,Ingoré,Q54901754,,0,8107,,12.44,-15.541667
GNB,Guiné-Bissau,Buba,Q997402,,0,7898,,11.59,-14.99
GNB,Guiné-Bissau,Mansôa,Q1368576,,0,7376,,12.066666666667,-15.316666666667
GNB,Guiné-Bissau,Bubaque,Q997407,,0,6422,,11.283333333333,-15.833333333333
GNB,Guiné-Bissau,Cacheu,Q1002807,,0,5674,,12.2780115,-16.1649709
GNB,Guiné-Bissau,Catió,Q1190869,,0,5170,,11.283333333333,-15.25
GNB,Guiné-Bissau,Bolama,Q681802,,0,5026,,11.5776,-15.4742
GNB,Guiné-Bissau,Eticoga,Q62107278,,0,2000,,11.1578,-16.1414
GNB,Guiné-Bissau,Blom,Q56294410,,0,797,,11.95,-15.65
GNB,Guiné-Bissau,Incalá,Q56294437,,0,601,,11.36897,-15.10762
GNB,Guiné-Bissau,Cantacunda,Q54820282,,0,196,,12.422,-14.8036
GNQ,Guiné Equatorial,Malabo,Q3818,,1,297000,,3.7520638888889,8.7737
GNQ,Guiné Equatorial,Bata,Q320792,,0,290000,,1.865,9.77
GNQ,Guiné Equatorial,Niefang,Q2550461,,0,41084,,1.85,10.25
GNQ,Guiné Equatorial,Ebebiyín,Q911358,,0,36565,,2.15,11.316666666667
GNQ,Guiné Equatorial,Añisoc,Q2720938,,0,16626,,1.8655555555556,10.768888888889
GNQ,Guiné Equatorial,Mongomeyen,Q2604898,,0,15644,,1.6930555555556,11.034166666667
GNQ,Guiné Equatorial,Mbini,Q980895,,0,14034,,1.5833333333333,9.6166666666667
GNQ,Guiné Equatorial,Aconibe,Q2549481,,0,13382,,1.3,10.933333333333
GNQ,Guiné Equatorial,Rebola,Q2720928,,0,10000,,3.71916667,8.85305556
GNQ,Guiné Equatorial,Evinayong,Q1988320,,0,9155,,1.45,10.566666666667
GNQ,Guiné Equatorial,Luba,Q985548,,0,7739,,3.45,8.55
GNQ,Guiné Equatorial,Mongomo,Q526539,,0,7251,,1.6287055555556,11.316833333333
GNQ,Guiné Equatorial,Micomeseng,Q2720623,,0,5813,,2.13333333,10.61666667
GNQ,Guiné Equatorial,Bidjabidjan,Q2604911,,0,5167,,2.168,11.15
GNQ,Guiné Equatorial,San Antonio de Palé,Q1001897,,0,5008,,-1.40432,5.63216
GNQ,Guiné Equatorial,Cogo,Q2549060,,0,4607,,1.0833333333333,9.7
GNQ,Guiné Equatorial,Acurenam,Q2249718,,0,2714,,1.035,10.673333333333
GNQ,Guiné Equatorial,Nsang,Q3879165,,0,2122,,2.0333333333333,10.933333333333
GNQ,Guiné Equatorial,Ciudad de la Paz,Q1140136,,0,2000,,1.5916666666667,10.822222222222
GNQ,Guiné Equatorial,Riaba,Q2604278,,0,1071,,3.38333333,8.76666667
GRC,Grécia,Thessaloniki Metropolitan Area,Q1925880,,0,1052000,,40.63333333,22.95
GRC,Grécia,Atenas,Q1524,,1,816556,,37.984166666667,23.728055555556
GRC,Grécia,Município de Atenas,Q1224979,,0,664046,,37.98888,23.73604
GRC,Grécia,Salonica,Q17151,,0,412160,,40.640277777778,22.935555555556
GRC,Grécia,Pireu,Q58976,,0,186014,,37.943,23.646944444444
GRC,Grécia,Pátras,Q133123,,0,173600,,38.25,21.733333333333
GRC,Grécia,Peristeri,Q652895,,0,146743,,38.016666666667,23.683333333333
GRC,Grécia,Lárissa,Q178405,,0,146377,,39.638493,22.413061
GRC,Grécia,Heraclião,Q160544,,0,145440,,35.340277777778,25.134444444444
GRC,Grécia,Kallithea,Q478518,,0,116731,,37.95,23.7
GRC,Grécia,Rodes,Q43048,,0,115490,,36.17,27.92
GRC,Grécia,Nikaia-Agios Ioannis Renti Municipality,Q2232240,,0,105430,,37.969167,23.658056
GRC,Grécia,Kordelio-Evosmos Municipality,Q2340870,,0,105352,,40.671111,22.905278
GRC,Grécia,Acarnas,Q4670000,,0,100857,,38.0925,23.7425
GRC,Grécia,Pavlos Melas Municipality,Q2227543,,0,100194,,40.6808,22.9556
GRC,Grécia,Nikaia,Q985462,,0,95798,,37.966666666667,23.633333333333
GRC,Grécia,Kalamaria,Q737468,,0,92248,,40.583333,22.95
GRC,Grécia,Keratsini-Drapetsona,Q515576,,0,91045,,37.956944,23.621111
GRC,Grécia,Glyfáda,Q922959,,0,89597,,37.88,23.753333333333
GRC,Grécia,Lesbos Municipality,Q2520681,,0,86436,,39.166667,26.333333
GRD,Granada,São Jorge,Q41547,,1,33734,,12.0525,-61.753055555556
GRD,Granada,Gouyave,Q375507,,0,3378,,12.166388888889,-61.73
GRD,Granada,Grenville,Q3116519,,0,2476,,12.119166666667,-61.626388888889
GRD,Granada,Grand Roy,Q3556464,,0,2400,,12.116666666667,-61.75
GRD,Granada,Victoria,Q12874663,,0,2000,,12.19528,-61.70389
GRD,Granada,Sauteurs,Q1318103,,0,1300,,12.218333333333,-61.639166666667
GRD,Granada,Hillsborough,Q3267362,,0,1000,,12.482993,-61.45732
GRD,Granada,Tivoli,Q1779106,,0,700,,12.166666666667,-61.616666666667
GRL,Groenlândia,Sermersooq,Q695387,,0,22480,,66.0,-40.0
GRL,Groenlândia,Nuuk,Q226,,1,18326,,64.175,-51.733333333333
GRL,Groenlândia,Qaasuitsup,Q641460,,0,17498,,76.0,-57.0
GRL,Groenlândia,Nuuk Municipality,Q617630,,0,14705,,64.0,-48.0
GRL,Groenlândia,Avannaata,Q44593409,,0,10820,,74.270119444444,-51.529780555556
GRL,Groenlândia,Qeqqata,Q476233,,0,9423,,66.5,-48.0
GRL,Groenlândia,Kujalleq,Q478813,,0,6811,,61.0,-45.0
GRL,Groenlândia,Qeqertalik,Q44593337,,0,6504,,68.197711111111,-51.925830555556
GRL,Groenlândia,Sisimiut,Q208098,,0,5598,,66.938888888889,-53.672222222222
GRL,Groenlândia,Ilulissat municipality,Q1906815,,0,5023,,69.3,-48.0
GRL,Groenlândia,Ilulissat,Q191047,,0,4737,,69.216666666667,-51.1
GRL,Groenlândia,Qaqortoq municipality,Q1612733,,0,3430,,60.4,-46.1
GRL,Groenlândia,Maniitsoq Municipality,Q1616572,,0,3396,,65.3,-51.45
GRL,Groenlândia,Aasiaat,Q211218,,0,3347,,68.709722222222,-52.869444444444
GRL,Groenlândia,Aasiaat municipality,Q2569818,,0,3310,,68.716388888889,-52.883111111111
GRL,Groenlândia,Qaqortoq,Q221203,,0,3305,,60.716666666667,-46.033333333333
GRL,Groenlândia,Maniitsoq,Q847691,,0,3197,,65.416666666667,-52.9
GRL,Groenlândia,Ammassalik Municipality,Q370694,,0,3069,,65.614347,-37.636438
GRL,Groenlândia,Paamiut,Q545767,,0,2433,,61.995555555556,-49.663611111111
GRL,Groenlândia,Nanortalik Municipality,Q1616536,,0,2103,,60.0,-44.0
GTM,Guatemala,Cidade da Guatemala,Q1555,,1,1213651,,14.641666666667,-90.513333333333
GTM,Guatemala,Mixco,Q948953,,0,527828,,14.633805555556,-90.614583333333
GTM,Guatemala,Villa Nueva,Q1018584,,0,492480,,14.5314,-90.5964
GTM,Guatemala,San Juan Sacatepéquez,Q127622,,0,284798,,14.718888888889,-90.644166666667
GTM,Guatemala,San Pedro Carchá,Q325586,,0,255006,,15.476801,-90.312037
GTM,Guatemala,Cobán,Q867077,,0,228664,,15.483333333333,-90.366666666667
GTM,Guatemala,Quetzaltenango,Q334577,,0,207620,,14.833333333333,-91.516666666667
GTM,Guatemala,Jalapa,Q1023359,,0,192676,,14.637861111111,-89.990416666667
GTM,Guatemala,Escuintla,Q780771,,0,170280,,14.297777777778,-90.786944444444
GTM,Guatemala,Villa Canales,Q174266,,0,167779,,14.481638888889,-90.534
GTM,Guatemala,Jutiapa,Q1023364,,0,167049,,14.282777777778,-89.8925
GTM,Guatemala,Amatitlán,Q455760,,0,152296,,14.4741,-90.6247
GTM,Guatemala,Chichicastenango,Q603423,,0,150932,,14.944214,-91.110531
GTM,Guatemala,Petapa,Q921966,,0,150513,,14.4962,-90.5525
GTM,Guatemala,Momostenango,Q2718095,,0,139552,,15.044444444444,-91.408333333333
GTM,Guatemala,Huehuetenango,Q984863,,0,136639,,15.314722222222,-91.476111111111
GTM,Guatemala,Santa Cruz Barillas,Q2390990,,0,127991,,15.804456,-91.315506
GTM,Guatemala,Santa Lucía Cotzumalguapa,Q404550,,0,127683,,14.33333333,-91.01666667
GTM,Guatemala,Chinautla,Q1027001,,0,124365,,14.702916666667,-90.500027777778
GTM,Guatemala,Coatepeque,Q2445821,,0,120737,,14.7,-91.866666666667
GUF,Guiana Francesa,Caiena,Q44401,,0,63956,2022,4.9386111111111,-52.335
GUF,Guiana Francesa,Saint-Laurent-du-Maroni,Q319959,,0,51732,2022,5.5038888888889,-54.028888888889
GUF,Guiana Francesa,Matoury,Q816739,,0,35551,2022,4.8505555555556,-52.331111111111
GUF,Guiana Francesa,Rémire-Montjoly,Q996222,,0,27037,2022,4.905,-52.276388888889
GUF,Guiana Francesa,Kourou,Q273312,,0,24470,2022,5.1583333333333,-52.642777777778
GUF,Guiana Francesa,Macouria,Q938040,,0,18807,2022,5.0136111111111,-52.473888888889
GUF,Guiana Francesa,Mana,Q202393,,0,11364,2022,5.6672222222222,-53.776944444444
GUF,Guiana Francesa,Apatou,Q618086,,0,10059,2022,5.1566666666667,-54.343055555556
GUF,Guiana Francesa,Grand-Santi,Q948369,,0,9390,2022,4.2733333333333,-54.381666666667
GUF,Guiana Francesa,Maripasoula,Q846239,,0,8423,2022,3.6411111111111,-54.027777777778
GUF,Guiana Francesa,Papaïchton,Q744546,,0,5530,2022,3.8097222222222,-54.148888888889
GUF,Guiana Francesa,São Jorge do Oiapoque,Q731606,,0,4710,2022,3.8894444444444,-51.801111111111
GUF,Guiana Francesa,Montsinéry-Tonnegrande,Q668084,,0,3457,2022,4.8927777777778,-52.492777777778
GUF,Guiana Francesa,Roura,Q996422,,0,3382,2022,4.7283333333333,-52.324166666667
GUF,Guiana Francesa,Sinnamary,Q948333,,0,2801,2022,5.3775,-52.958611111111
GUF,Guiana Francesa,Camopi,Q996153,,0,2168,2022,3.1669444444444,-52.331111111111
GUF,Guiana Francesa,Iracoubo,Q432072,,0,1685,2022,5.48,-53.205555555556
GUF,Guiana Francesa,Régina,Q996195,,0,1657,2022,4.3136111111111,-52.129166666667
GUF,Guiana Francesa,Awala-Yalimapo,Q791602,,0,1549,2022,5.7361111111111,-53.908055555556
GUF,Guiana Francesa,Saül,Q910382,,0,297,2022,3.6227777777778,-53.208333333333
GUM,Guam,Dededo,Q1182147,,0,44908,2020,13.515277777778,144.83611111111
GUM,Guam,Yigo,Q2482473,,0,20539,,13.5344,144.886
GUM,Guam,Tamuning,Q933714,,0,19685,2010,13.505277777778,144.79722222222
GUM,Guam,Barrigada,Q2714489,,0,8875,,13.468333333333,144.79888888889
GUM,Guam,Chalan Pago-Ordot,Q2482483,,0,7064,2020,13.44055556,144.77138889
GUM,Guam,Mongmong-Toto-Maite,Q1780393,,0,6825,2010,13.471944444444,144.77027777778
GUM,Guam,Yona,Q2638381,,0,6480,2010,13.409722222222,144.77333333333
GUM,Guam,Sånta Rita-Sumai,Q1780381,,0,6084,,13.386111111111,144.66888888889
GUM,Guam,Mangilao,Q2637935,,0,5145,2020,13.44888889,144.80027778
GUM,Guam,Agat,Q665845,,0,4917,,13.381388888889,144.65472222222
GUM,Guam,Agana Heights,Q2714496,,0,3808,,13.468333333333,144.74583333333
GUM,Guam,Talofofo,Q2482468,,0,3050,,13.351666666667,144.75305555556
GUM,Guam,Sinajana,Q2482489,,0,2592,2010,13.460555555556,144.75194444444
GUM,Guam,Inarajan,Q2482456,,0,2273,,13.27555556,144.74333333
GUM,Guam,Asan-Maina,Q926116,,0,2137,2010,13.4714,144.714
GUM,Guam,Piti,Q2482463,,0,1585,2020,13.460833333333,144.69083333333
GUM,Guam,Merizo,Q2482497,,0,1538,2020,13.26333333,144.66972222
GUM,Guam,Hagåtña,Q30988,,0,943,2020,13.483333333333,144.75
GUM,Guam,Umatac,Q531529,,0,782,,13.298055555556,144.65888888889
GUY,Guiana,Georgetown,Q10717,,1,235017,,6.8058333333333,-58.150833333333
GUY,Guiana,Linden,Q741134,,0,29298,,6.0,-58.3
GUY,Guiana,Anna Regina,Q563067,,0,12448,,7.25,-58.516666666667
GUY,Guiana,Corriverton,Q1018369,,0,11574,,5.8936111111111,-57.136666666667
GUY,Guiana,Bartica,Q809428,,0,8532,,6.4,-58.616666666667
GUY,Guiana,Rose Hall,Q3233991,,0,3301,,6.2666666666667,-57.35
GUY,Guiana,Lethem,Q1203781,,0,3000,,3.383333,-59.8
GUY,Guiana,Aishalton,Q4699163,,0,1069,,2.51666667,-59.25
GUY,Guiana,Santa Mission,Q109859377,,0,277,,6.5618,-58.3304
GUY,Guiana,Surama,Q7645361,,0,274,,4.13694,-59.0683
GUY,Guiana,Paruima,Q105986355,,0,207,,5.8065,-61.0632
HKG,"Hong Kong, RAE da China",Kowloon,Q239143,,0,2108419,2011,22.316666666667,114.18333333333
HKG,"Hong Kong, RAE da China",Kowloon City,Q986415,,0,419200,2020,22.3282,114.192
HKG,"Hong Kong, RAE da China",Tai Po,Q877813,,0,307900,2020,22.4508,114.164
HKG,"Hong Kong, RAE da China",Cidade murada de Kowloon,Q1022918,,0,50000,1990,22.332280555556,114.19027777778
HKG,"Hong Kong, RAE da China",Chek Lap Kok,Q1072354,,0,0,,22.305305555556,113.92183333333
HKG,"Hong Kong, RAE da China",Lok Ma Chau,Q996306,,0,,,22.5094,114.074
HKG,"Hong Kong, RAE da China",Pak Tam Chung,Q985589,,0,,,22.4,114.32
HKG,"Hong Kong, RAE da China",Cidade de Victoria,Q963152,,0,,,22.278333333333,114.17444444444
HKG,"Hong Kong, RAE da China",Yuen Long,Q847174,,0,,,22.444444444444,114.02583333333
HKG,"Hong Kong, RAE da China",Shap Pat Heung,Q846665,,0,,,,
HKG,"Hong Kong, RAE da China",Luen Wo Hui,Q8425433,,0,,,22.4981,114.143
HKG,"Hong Kong, RAE da China",Fo Tan,Q8425382,,0,,,22.3969,114.196
HKG,"Hong Kong, RAE da China",Sha Tau Kok,Q841517,,0,,,22.54569,114.22379
HKG,"Hong Kong, RAE da China",Ta Kwu Ling,Q839905,,0,,,22.5392,114.162
HKG,"Hong Kong, RAE da China",Wong Chuk Hang,Q839495,,0,,,22.2482,114.168
HKG,"Hong Kong, RAE da China",Kowloon Bay,Q837119,,0,,,22.316666666667,114.2
HKG,"Hong Kong, RAE da China",Sau Mau Ping,Q835485,,0,,,22.319372,114.234597
HKG,"Hong Kong, RAE da China",Shek O,Q835390,,0,,,22.230555555556,114.25194444444
HKG,"Hong Kong, RAE da China",Yuen Long Kau Hui,Q8060290,,0,,,22.45,114.033
HKG,"Hong Kong, RAE da China",Yim Liu Ha,Q8053621,,0,,,22.5448,114.2249
HND,Honduras,Q11105154,Q11105154,,0,2352395,,15.505322222222,-88.025083333333
HND,Honduras,Tegucigalpa,Q3238,,1,1199136,,14.105783333333,-87.204705555556
HND,Honduras,Distrito Central,Q609188,,0,1157509,,14.105783333333,-87.204705555556
HND,Honduras,San Pedro Sula,Q274584,,0,719064,,15.505322222222,-88.025083333333
HND,Honduras,La Ceiba,Q916536,,0,232696,,15.783344444444,-86.791777777778
HND,Honduras,Choloma,Q998218,,0,231668,,15.612711111111,-87.950694444444
HND,Honduras,Danlí,Q1958679,,0,195916,,14.032438888889,-86.568288888889
HND,Honduras,El Progreso,Q2277161,,0,188366,,15.400913888889,-87.812019444444
HND,Honduras,Choluteca,Q1773148,,0,152519,,13.3061,-87.195563888889
HND,Honduras,Villanueva,Q2542686,,0,149977,,15.315672222222,-87.993230555556
HND,Honduras,Comayagua,Q679169,,0,144785,,14.452766666667,-87.637925
HND,Honduras,Juticalpa,Q773764,,0,124828,,14.667172222222,-86.219583333333
HND,Honduras,Puerto Cortés,Q673089,,0,122426,,15.851433333333,-87.942669444444
HND,Honduras,Catacamas,Q772672,,0,117493,,14.848352777778,-85.893563888889
HND,Honduras,Olanchito,Q2720977,,0,104609,,15.483602777778,-86.572505555556
HND,Honduras,Tela,Q1027018,,0,96758,,15.78245,-87.451405555556
HND,Honduras,Siguatepeque,Q2552676,,0,95121,,14.597777777778,-87.835311111111
HND,Honduras,Tocoa,Q2226585,,0,89849,,15.65755,-86.004972222222
HND,Honduras,Yoro,Q2561180,,0,86665,,15.137913888889,-87.12495
HND,Honduras,Santa Cruz de Yojoa,Q2180652,,0,82760,,14.981675,-87.890744444444
HRV,Croácia,Zagreb,Q1435,,1,809268,,45.813055555556,15.977222222222
HRV,Croácia,Split,Q1663,,0,178102,,43.51,16.44
HRV,Croácia,Rijeka,Q1647,,0,128624,,45.333333333333,14.433333333333
HRV,Croácia,Osijek,Q1640,,0,96313,,45.560277777778,18.670277777778
HRV,Croácia,Zadar,Q3370,,0,75082,,44.114166666667,15.2275
HRV,Croácia,Sesvete,Q1017892,,0,70800,,45.827056,16.111167
HRV,Croácia,Trešnjevka – jug,Q1275265,,0,66674,,45.7848187,15.9220756
HRV,Croácia,Velika Gorica,Q331141,,0,63517,,45.7,16.066666666667
HRV,Croácia,Gornja Dubrava,Q1275247,,0,61388,,45.841111,16.055639
HRV,Croácia,Novi Zagreb – istok,Q1285623,,0,59055,,45.7607044,16.0094535
HRV,Croácia,Novi Zagreb – zapad,Q1285601,,0,58103,,45.7608065,15.9203508
HRV,Croácia,Pula,Q4656,,0,57460,,44.870277777778,13.845555555556
HRV,Croácia,Peščenica – Žitnjak,Q1286898,,0,56487,,45.79344167,16.04846111
HRV,Croácia,Šibenik,Q3549,,0,55842,,43.733888888889,15.895555555556
HRV,Croácia,Karlovac,Q3617,,0,55705,,45.493055555556,15.555833333333
HRV,Croácia,Slavonski Brod,Q4686,,0,53473,,45.155277777778,18.014444444444
HRV,Croácia,Stenjevec,Q1276280,,0,51390,,45.805361,15.877528
HRV,Croácia,Grad Karlovac,Q25295346,,0,49377,,45.5,15.53333
HRV,Croácia,Sisak,Q192119,,0,45792,,45.487222222222,16.376111111111
HRV,Croácia,Podsused – Vrapče,Q287296,,0,45759,,45.8444375,15.8682551
HTI,Haiti,Porto Príncipe,Q34261,,1,987310,,18.546944444444,-72.340277777778
HTI,Haiti,Carrefour,Q986207,,0,511345,,18.53333,-72.4
HTI,Haiti,Pétionville,Q1001440,,0,376834,,18.509830555556,-72.285552777778
HTI,Haiti,Gonaïves,Q852550,,0,356324,,19.445555555556,-72.688333333333
HTI,Haiti,Delmas,Q997821,,0,284079,,18.55,-72.3
HTI,Haiti,Saint-Marc,Q132189,,0,266642,,19.116666666667,-72.7
HTI,Haiti,Jacmel,Q923362,,0,221965,,18.234166666667,-72.534722222222
HTI,Haiti,Cabo Haitiano,Q216835,,0,190289,,19.75,-72.2
HTI,Haiti,Dessalines,Q1200898,,0,181903,,19.261111111111,-72.519166666667
HTI,Haiti,Petite Rivière de l'Artibonite,Q2711253,,0,170740,,19.13333333,-72.48333333
HTI,Haiti,Gros-Morne,Q2029211,,0,155692,,19.666666666667,-72.683333333333
HTI,Haiti,Les Cayes,Q984786,,0,151696,,18.2,-73.75
HTI,Haiti,Saint Michel de l'Attalaye,Q2536918,,0,150511,,19.366666666667,-72.333333333333
HTI,Haiti,Verettes,Q777676,,0,144812,,19.05,-72.466666666667
HTI,Haiti,Jeremias,Q986301,,0,134317,,18.647222222222,-74.113888888889
HTI,Haiti,Porto-da-Paz,Q951602,,0,121220,,19.95,-72.833333333333
HTI,Haiti,Hinche,Q993851,,0,120867,,19.144636,-72.006262
HTI,Haiti,Aquin,Q2120446,,0,104216,,18.283333333333,-73.4
HTI,Haiti,Mirebalais,Q1707505,,0,97755,,18.833333333333,-72.105277777778
HTI,Haiti,Bainet,Q803902,,0,86755,,18.183333333333,-72.75
HUN,Hungria,Budapest metropolitan area,Q339373,,0,3001643,,47.5,19.0
HUN,Hungria,Budapeste,Q1781,,1,1757618,,47.498333333333,19.040833333333
HUN,Hungria,Debrecen,Q79880,,0,218000,,47.53,21.639166666667
HUN,Hungria,Újbuda,Q330026,,0,178960,,47.475,19.04
HUN,Hungria,Miskolc,Q102397,,0,162905,,48.1,20.783333333333
HUN,Hungria,Szeged,Q81581,,0,161921,,46.25,20.166666666667
HUN,Hungria,Pécs,Q45779,,0,147719,,46.070833333333,18.233055555556
HUN,Hungria,Győr,Q134494,,0,132735,,47.684166666667,17.634444444444
HUN,Hungria,Budapest District III,Q580770,,0,130877,,47.566666666667,19.033333333333
HUN,Hungria,Zugló,Q228445,,0,124483,,47.5125,19.10833333
HUN,Hungria,Nyíregyháza,Q171223,,0,118185,,47.9557802,21.7167982
HUN,Hungria,Kecskemét,Q171357,,0,112071,,46.9075,19.691666666667
HUN,Hungria,Budapest District IV,Q330195,,0,100694,,47.566666666667,19.083333333333
HUN,Hungria,Tatabánya,Q187821,,0,100000,,47.58616,18.39485
HUN,Hungria,Székesfehérvár,Q130212,,0,99247,,47.1910169,18.410811
HUN,Hungria,Budapest District X,Q249498,,0,79160,,47.481214,19.130303
HUN,Hungria,Szombathely,Q42007,,0,78446,,47.233333333333,16.633333333333
HUN,Hungria,Csepel,Q613220,,0,76620,,47.416666666667,19.083333333333
HUN,Hungria,Szolnok,Q181276,,0,73193,,47.174722222222,20.176388888889
HUN,Hungria,Érd,Q193050,,0,71495,,47.378333333333,18.921944444444
IDN,Indonésia,Jacarta,Q3630,,0,11135191,2024,-6.1752777777778,106.82694444444
IDN,Indonésia,Greater Malang,Q65061424,,0,3711304,2020,-8.0,112.61666666667
IDN,Indonésia,Pekanbaru,Q7786,,0,983356,2020,0.53333333333333,101.45
IDN,Indonésia,Bandar Lampung,Q65299509,,0,800348,2016,-5.4291694444444,105.26111111111
IDN,Indonésia,Jambi,Q7578,,0,612162,2021,-1.59,103.61
IDN,Indonésia,Sangatta,Q124900452,,0,150990,2020,0.4768547,117.4675589
IDN,Indonésia,Ngawi (cidade),Q10773354,,0,85862,2024,-7.4105555555556,111.45777777778
IDN,Indonésia,Ketapang,Q2625521,,0,77765,2000,-1.85,109.98333333333
IDN,Indonésia,Amuntai,Q4064550,,0,41554,2000,-2.41773,115.24941
IDN,Indonésia,Tentena,Q12520861,,0,11233,2015,-1.782222,120.649444
IMN,Ilha de Man,Douglas,Q18569,,1,27938,,54.15,-4.4775
IMN,Ilha de Man,Onchan,Q18562,,0,9172,,54.173611111111,-4.4666666666667
IMN,Ilha de Man,Ramsey,Q150106,,0,7309,,54.321111,-4.384444
IMN,Ilha de Man,Peel,Q147524,,0,5710,,54.221,-4.691
IMN,Ilha de Man,Port Erin,Q520798,,0,3530,,54.086,-4.756
IMN,Ilha de Man,Castletown,Q158530,,0,3100,,54.074166666667,-4.6538888888889
IMN,Ilha de Man,Port St Mary,Q2605309,,0,1957,,54.0749,-4.7389
IMN,Ilha de Man,Laxey,Q1026205,,0,1656,,54.22777778,-4.40194444
IMN,Ilha de Man,Lonan,Q3258914,,0,1579,,54.212,-4.406
IMN,Ilha de Man,Andreas,Q2484746,,0,1428,,54.366944444444,-4.4438888888889
IMN,Ilha de Man,Ballaugh,Q2734562,,0,1032,,54.311,-4.544
IMN,Ilha de Man,German,Q2734574,,0,966,,54.235,-4.607
IMN,Ilha de Man,Crosby,Q1012512,,0,900,,54.180555555556,-4.5666666666667
IMN,Ilha de Man,Colby,Q5142001,,0,289,,54.098,-4.703
IND,Índia,Deli,Q1353,,0,26495000,,28.666666666667,77.216666666667
IND,Índia,Região Metropolitana de Bombaim,Q3621720,,0,22885000,,18.966666666667,72.833333333333
IND,Índia,Bombaim,Q1156,,0,15414288,,19.075833333333,72.8775
IND,Índia,Kolkata Metropolitan Area,Q3349812,,0,14112536,,22.541111111111,88.337777777778
IND,Índia,Bangalore,Q1355,,0,12327000,,12.9791198,77.5912997
IND,Índia,Hyderabad,Q1361,,0,9400000,,17.361666666667,78.474722222222
IND,Índia,Ahmedabad,Q1070,,0,7645000,,23.021944444444,72.579722222222
IND,Índia,Pune Metropolitan Region,Q7260110,,0,7541946,,18.647735731138,73.767481575583
IND,Índia,Chennai,Q1352,,0,6599000,,13.0825,80.275
IND,Índia,Prayagraj,Q162442,,0,5954391,,25.45,81.85
IND,Índia,Pune,Q1538,,0,5945000,,18.519574,73.855287
IND,Índia,Surate,Q4629,,0,5935000,,21.205,72.84
IND,Índia,Calcutá,Q1348,,0,4580544,,22.5675,88.37
IND,Índia,Krishna,Q15382,,0,4517398,,16.194444444444,81.149444444444
IND,Índia,Lucknow,Q47916,,0,3382000,,26.847,80.947
IND,Índia,South Mumbai,Q7568013,,0,3326840,,18.96,72.82
IND,Índia,Jaipur,Q66485,,0,3073350,,26.915,75.82
IND,Índia,Kanpur,Q66568,,0,3067700,,26.4725,80.331111111111
IND,Índia,Nagpur,Q1513,,0,2405665,,21.149722222222,79.080555555556
IND,Índia,Ghaziabad,Q207098,,0,2375820,,28.666666666667,77.416666666667
IOT,Território Britânico do Oceano Índico,Diego Garcia,Q184851,,1,,,,
IRL,Irlanda,Greater Dublin Area,Q889862,,0,2149909,,,
IRL,Irlanda,Dublin,Q1761,,1,592713,,53.349722222222,-6.2602777777778
IRL,Irlanda,Dublin City,Q4169280,,0,506211,,53.35512,-6.24922
IRL,Irlanda,Cork,Q36647,,0,222333,,51.9,-8.4730555555556
IRL,Irlanda,Galway,Q129610,,0,83456,,53.2729,-9.0418
IRL,Irlanda,Limerick,Q133315,,0,62702,,52.6653,-8.6238
IRL,Irlanda,Waterford,Q183551,,0,48369,,52.2583,-7.119
IRL,Irlanda,Drogheda,Q207223,,0,40956,,53.715,-6.3525
IRL,Irlanda,Swords,Q987745,,0,40776,,53.4597,-6.2181
IRL,Irlanda,Dundalk,Q204956,,0,39004,,54.004444444444,-6.4002777777778
IRL,Irlanda,Finglas,Q2092179,,0,31529,,53.390175,-6.299629
IRL,Irlanda,Blackrock,Q2448591,,0,28557,,53.3015,-6.1778
IRL,Irlanda,Carlow,Q211703,,0,24272,,52.8306,-6.9317
IRL,Irlanda,Ennis,Q209128,,0,24253,,52.8463,-8.9807
IRL,Irlanda,Dún Laoghaire,Q745989,,0,23857,,53.3,-6.14
IRL,Irlanda,Cabra,Q2088319,,0,22740,,53.365714,-6.290789
IRL,Irlanda,Kilkenny,Q109092,,0,22179,,52.6477,-7.2561
IRL,Irlanda,Balbriggan,Q804704,,0,21722,,53.608611111111,-6.1830555555556
IRL,Irlanda,Naas,Q216038,,0,21393,,53.2158,-6.6669
IRL,Irlanda,Mullingar,Q55308,,0,20928,,53.5224,-7.3378
IRN,Irã,Isfahan,Q42053,,0,1961260,2016,32.6525,51.675
IRN,Irã,Ahvaz,Q170366,,0,1184788,2016,31.318888888889,48.684166666667
IRN,Irã,Kermanshah,Q180078,,0,946651,2016,34.316666666667,47.068611111111
IRN,Irã,Urmia,Q179665,,0,736224,2016,37.548611111111,45.0675
IRN,Irã,Resht,Q178373,,0,679995,2016,37.276111111111,49.588611111111
IRN,Irã,Zahedan,Q140561,,0,587730,2016,29.4928874,60.8503017
IRN,Irã,Hamadã,Q28587,,0,554406,2016,34.8,48.516666666667
IRN,Irã,Kerman,Q171714,,0,537718,2016,30.291111111111,57.067777777778
IRN,Irã,Yazd,Q182394,,0,529673,2016,31.897222222222,54.3675
IRN,Irã,Bandar Abbas,Q154814,,0,526648,2016,27.186388888889,56.280833333333
IRN,Irã,Arak,Q212628,,0,520944,2016,34.095,49.698055555556
IRN,Irã,Eslamshahr,Q862519,,0,448129,2016,35.552222222222,51.235
IRN,Irã,Zanjan,Q146699,,0,430871,2016,36.666666666667,48.483333333333
IRN,Irã,Sanandaj,Q272093,,0,412767,2016,35.309722222222,46.998888888889
IRN,Irã,Qazvin,Q181578,,0,402748,2016,36.285436666667,50.0041
IRN,Irã,Corramabade,Q502212,,0,373416,2016,33.466666666667,48.35
IRN,Irã,Gorgan,Q188155,,0,350676,2016,36.846666666667,54.43
IRN,Irã,Sari,Q168843,,0,309820,2016,36.565833333333,53.059722222222
IRN,Irã,Kashan,Q240475,,0,304487,2016,33.988055555556,51.4425
IRN,Irã,Dezful,Q605142,,0,264709,2016,32.381111111111,48.405833333333
IRQ,Iraque,Bagdá,Q1530,,1,8126755,,33.315277777778,44.366111111111
IRQ,Iraque,Mossul,Q83317,,0,2882442,,36.366666666667,43.116666666667
IRQ,Iraque,Baçorá,Q48195,,0,1326564,,30.515,47.81
IRQ,Iraque,Kirkuk,Q173310,,0,975000,,35.466666666667,44.4
IRQ,Iraque,As-Sulaymaniyah,Q191204,,0,878146,,35.55,45.433333333333
IRQ,Iraque,Ramadi,Q192961,,0,874543,,33.425833333333,43.299166666667
IRQ,Iraque,Nassíria,Q38811,,0,860200,,31.043888888889,46.2575
IRQ,Iraque,Arbil,Q132754,,0,846000,,36.191111111111,44.009444444444
IRQ,Iraque,An-Najaf,Q168193,,0,820000,,32.028951,44.339621
IRQ,Iraque,Karbala,Q199909,,0,690100,,32.616666666667,44.033333333333
IRQ,Iraque,Al-Hillah,Q243846,,0,541034,,32.483333333333,44.433333333333
IRQ,Iraque,Amara,Q366010,,0,511500,,31.833333333333,47.15
IRQ,Iraque,Ctesifonte,Q192541,,0,500000,,33.093611,44.580833
IRQ,Iraque,Baquba,Q270821,,0,467900,,33.744722222222,44.643611111111
IRQ,Iraque,Diwaniya,Q694939,,0,391600,,31.989166666667,44.924722222222
IRQ,Iraque,Kut,Q328030,,0,377600,,32.514722222222,45.818888888889
IRQ,Iraque,Az Zubayr,Q227509,,0,370000,,30.389166666667,47.708055555556
IRQ,Iraque,Samarra,Q170047,,0,348700,,34.1959,43.88568
IRQ,Iraque,Dohuk,Q152831,,0,330600,,36.85,42.983333333333
IRQ,Iraque,Falluja,Q191170,,0,326471,,33.35,43.783333333333
ISL,Islândia,Reykjavíkurborg,Q1675663,,0,139875,,64.15,-21.93333333
ISL,Islândia,Reykjavík,Q1764,,1,138772,,64.1475,-21.935
ISL,Islândia,Kópavogur,Q163852,,0,40040,,64.111944444444,-21.9
ISL,Islândia,Hafnarfjörður,Q103725,,0,31525,,64.066666666667,-21.95
ISL,Islândia,Hafnarfjarðarkaupstaður,Q2238508,,0,30568,,64.02235,-21.9606
ISL,Islândia,Keflavík,Q170693,,0,23329,,64.001143,-22.553322
ISL,Islândia,Reykjanesbær,Q652130,,0,22499,,64.001111111111,-22.551944444444
ISL,Islândia,Garðabær,Q186142,,0,20116,,64.090194,-21.926357
ISL,Islândia,Akureyrarbær,Q4317203,,0,20050,,65.6457,-18.20646
ISL,Islândia,Akureyri,Q29042,,0,20050,,65.68353,-18.0878
ISL,Islândia,Mosfellsbær,Q829859,,0,13715,,64.168633333333,-21.713225
ISL,Islândia,Árborg,Q252205,,0,12064,,63.886944444444,-21.045555555556
ISL,Islândia,Selfoss,Q192898,,0,9812,,63.932169444444,-21.000227777778
ISL,Islândia,Akraneskaupstaður,Q2476720,,0,8285,,64.3241,-22.04373
ISL,Islândia,Akranes,Q107398,,0,8285,,64.316666666667,-22.1
ISL,Islândia,Múlaþing,Q96776922,,0,5988,,65.263888888889,-14.405277777778
ISL,Islândia,Fjarðabyggð,Q1146805,,0,5959,,65.033333,-14.216667
ISL,Islândia,Njarðvík,Q3342356,,0,5287,,63.980833333333,-22.514444444444
ISL,Islândia,Seltjarnarnes,Q214057,,0,4698,,64.154166666667,-22.0
ISL,Islândia,Vestmannaeyjar,Q187251,,0,4628,,63.4164,-20.2828
ISR,Israel,Gush Dan,Q319233,,0,4156900,,32.076323,34.789471
ISR,Israel,Jerusalém,Q1218,,1,936425,,31.778888888889,35.225555555556
ISR,Israel,Tel Aviv,Q33935,,0,467875,,32.08,34.78
ISR,Israel,Haifa,Q41621,,0,284560,,32.819166666667,34.999166666667
ISR,Israel,Rishon LeZion,Q201051,,0,258535,,31.95,34.8
ISR,Israel,Petah Tikva,Q190828,,0,244300,,32.083333333333,34.883333333333
ISR,Israel,Ashdod,Q171639,,0,225939,,31.797777777778,34.650277777778
ISR,Israel,Bersebá,Q41843,,0,221544,,31.252222222222,34.786666666667
ISR,Israel,Netanya,Q192225,,0,217244,,32.328611111111,34.856666666667
ISR,Israel,Holon,Q192213,,0,197935,,32.016666666667,34.766666666667
ISR,Israel,Bene Beraq,Q152467,,0,193800,,32.08074,34.8338
ISR,Israel,Ramat Gan,Q192807,,0,159200,,32.070007,34.823541
ISR,Israel,Bat Yam,Q208725,,0,146400,,32.023055555556,34.750277777778
ISR,Israel,Rehovot,Q207350,,0,141600,,31.891388888889,34.807777777778
ISR,Israel,Ascalão,Q60956,,0,141000,,31.665833333333,34.566388888889
ISR,Israel,Bet Shemesh,Q152449,,0,118700,,31.751388888889,34.988611111111
ISR,Israel,Kfar Saba,Q152436,,0,101432,,32.185783333333,34.907683333333
ISR,Israel,Hadera,Q471886,,0,100630,,32.45,34.916666666667
ISR,Israel,Modi'in-Maccabim-Re'ut,Q165867,,0,97097,,31.907652777778,35.007636111111
ISR,Israel,Herzliya,Q152491,,0,95100,,32.155555555556,34.842222222222
ITA,Itália,Roma,Q220,,1,2873494,,41.893055555556,12.482777777778
ITA,Itália,Milão,Q490,,0,1366180,,45.466944444444,9.19
ITA,Itália,Turim,Q495,,0,1117154,,45.079166666667,7.6761111111111
ITA,Itália,Nápoles,Q2634,,0,989789,,40.835833333333,14.248611111111
ITA,Itália,Palermo,Q2656,,0,674435,,38.115658055556,13.361261944444
ITA,Itália,Génova,Q1449,,0,588688,,44.407186111111,8.9339833333333
ITA,Itália,Bolonha,Q1891,,0,392564,,44.493888888889,11.342777777778
ITA,Itália,Florença,Q2044,,0,382808,,43.771388888889,11.254166666667
ITA,Itália,Bari,Q3519,,0,326344,,41.125277777778,16.866666666667
ITA,Itália,Catânia,Q1903,,0,311584,,37.502669444444,15.087269444444
ITA,Itália,Messina,Q13666,,0,267000,,38.193611111111,15.554166666667
ITA,Itália,Verona,Q2028,,0,266205,,45.438611111111,10.992777777778
ITA,Itália,Veneza,Q641,,0,264579,,45.439722222222,12.331944444444
ITA,Itália,Tarento,Q13498,,0,244000,,40.471111111111,17.243055555556
ITA,Itália,Pádua,Q617,,0,211560,,45.407777777778,11.873333333333
ITA,Itália,Trieste,Q546,,0,205374,,45.650277777778,13.770277777778
ITA,Itália,Reggio di Calabria,Q8471,,0,200330,,38.114438888889,15.65
ITA,Itália,Bréscia,Q6221,,0,197008,,45.538888888889,10.220280555556
ITA,Itália,Parma,Q2683,,0,196764,,44.801472222222,10.328
ITA,Itália,Prato,Q13377,,0,195736,,43.880813888889,11.096561111111
JAM,Jamaica,Kingston,Q34692,,1,937700,,17.971388888889,-76.793055555556
JAM,Jamaica,Portmore,Q644663,,0,182153,,17.966666666667,-76.866666666667
JAM,Jamaica,Spanish Town,Q846939,,0,131056,,17.996111111111,-76.954722222222
JAM,Jamaica,Montego Bay,Q637555,,0,123994,,18.466666666667,-77.916666666667
JAM,Jamaica,Mandeville,Q1807660,,0,48317,,18.041666666667,-77.507222222222
JAM,Jamaica,Old Harbour,Q771267,,0,28665,,17.933333333333,-77.116666666667
JAM,Jamaica,Linstead,Q769578,,0,22757,,18.15,-77.016666666667
JAM,Jamaica,Savanna-la-Mar,Q305508,,0,22600,,18.216666666667,-78.133333333333
JAM,Jamaica,Ocho Rios,Q602783,,0,16671,,18.399444,-77.103056
JAM,Jamaica,Port Antonio,Q162782,,0,14816,,18.166666666667,-76.45
JAM,Jamaica,Saint Ann's Bay,Q630692,,0,13671,,18.435,-77.20166667
JAM,Jamaica,Morant Bay,Q429741,,0,11121,,17.881388888889,-76.409166666667
JAM,Jamaica,Lucea,Q1632220,,0,6002,,18.45095,-78.17356
JAM,Jamaica,Buff Bay,Q1001895,,0,4678,,18.23333333,-76.65
JAM,Jamaica,Negril,Q974239,,0,4500,,18.273055555556,-78.345833333333
JAM,Jamaica,Black River,Q880512,,0,4261,,18.02636,-77.84873
JAM,Jamaica,Alligator Pond,Q4732659,,0,1826,,17.871111111111,-77.568333333333
JEY,Jersey,Saint Helier,Q147738,,1,33522,,49.185833333333,-2.11
JOR,Jordânia,Amã,Q3805,,1,4007526,,31.95,35.933333333333
JOR,Jordânia,Irbid,Q194165,,0,1911600,,32.555555555556,35.85
JOR,Jordânia,Jerusalém,Q1218,,0,936425,,31.778888888889,35.225555555556
JOR,Jordânia,Zarqa,Q148062,,0,481300,,32.083333333333,36.1
JOR,Jordânia,Russeifa,Q2361176,,0,472604,,32.017777777778,36.046388888889
JOR,Jordânia,Jerusalém Oriental,Q212938,,0,236000,,31.78336,35.23388
JOR,Jordânia,Hebrom,Q168225,,0,215452,,31.535,35.098611111111
JOR,Jordânia,Ajloun,Q1141858,,0,190200,,32.3325,35.751666666667
JOR,Jordânia,Nablus,Q214178,,0,177638,,32.216111111111,35.266111111111
JOR,Jordânia,Yatta (Hebrom),Q2282208,,0,167424,,31.447777777778,35.09
JOR,Jordânia,Ar Ramtha,Q31594,,0,155693,,32.559166666667,36.006944444444
JOR,Jordânia,Wadi Al-Seer,Q1020997,,0,152000,,31.9545,35.81831
JOR,Jordânia,Aqaba,Q180522,,0,140000,,29.532222222222,35.006111111111
JOR,Jordânia,Tulkarm,Q985531,,0,89759,,32.311111111111,35.030833333333
JOR,Jordânia,Salt,Q867586,,0,88900,,32.039166666667,35.727222222222
JOR,Jordânia,Zaatari (campo de refugiados),Q8063414,,0,79000,,32.295658,36.3237619
JOR,Jordânia,Modi'in Illit,Q168140,,0,76374,,31.933276,35.0428924
JOR,Jordânia,Aydoun,Q27125371,,0,63244,,32.51031,35.85444
JOR,Jordânia,Beitar Illit,Q152578,,0,63220,,31.697777777778,35.115277777778
JOR,Jordânia,Azraq,Q2426928,,0,57490,,31.833333333333,36.816666666667
JPN,Japão,Tóquio,Q1490,,1,38140000,,35.689444444444,139.69166666667
JPN,Japão,Região Metropolitana de Tóquio,Q328121,,0,37900000,,35.689722222222,139.69166666667
JPN,Japão,Keihanshin,Q1149484,,0,19341976,,34.83333333,135.5
JPN,Japão,Yokohama,Q38283,,0,3757630,,35.450333333333,139.63422222222
JPN,Japão,Osaka,Q35765,,0,2751862,,34.69375,135.50211111111
JPN,Japão,Nagoia,Q11751,,0,2326844,,35.181388888889,136.90638888889
JPN,Japão,Sapporo,Q37951,,0,1959313,,43.061944444444,141.35444444444
JPN,Japão,Fukuoka,Q26600,,0,1603043,,33.59,130.40166666667
JPN,Japão,Kōbe,Q48320,,0,1544200,,34.690166666667,135.19544444444
JPN,Japão,Kawasaki,Q164234,,0,1539522,,35.530888888889,139.703
JPN,Japão,Quioto,Q34600,,0,1479218,,35.011611111111,135.76811111111
JPN,Japão,Saitama,Q134635,,0,1325843,,35.861388888889,139.64555555556
JPN,Japão,Hiroshima,Q34664,,0,1306589,,34.38525,132.45530555556
JPN,Japão,Sendai,Q46747,,0,1082159,,38.268222222222,140.86941666667
JPN,Japão,Kitakyushu,Q188806,,0,976846,,33.85181,130.84659
JPN,Japão,Chiba,Q170616,,0,975014,,35.607277777778,140.10636111111
JPN,Japão,Setagaya,Q231645,,0,940509,,35.646555555556,139.65322222222
JPN,Japão,Sakai,Q193428,,0,841966,,34.573333333333,135.483
JPN,Japão,Niigata,Q179691,,0,811901,,37.916194444444,139.03638888889
JPN,Japão,Hamamatsu,Q185125,,0,800866,,34.710888888889,137.72619444444
KAZ,Cazaquistão,Almaty,Q35493,,0,2228675,,43.24,76.915
KAZ,Cazaquistão,Astana,Q1520,,1,1239744,,51.133333333333,71.433333333333
KAZ,Cazaquistão,Shymkent,Q485496,,0,1191877,,42.3,69.6
KAZ,Cazaquistão,Q12574771,Q12574771,,0,800000,,49.9,73.05
KAZ,Cazaquistão,Qaraghandy,Q484706,,0,613797,,49.8,73.116666666667
KAZ,Cazaquistão,Aqtöbe,Q477232,,0,570475,,50.283611111111,57.229722222222
KAZ,Cazaquistão,Taraz,Q486545,,0,418368,,42.883333333333,71.366666666667
KAZ,Cazaquistão,Almaty District,Q12528524,,0,379943,,51.15,71.5
KAZ,Cazaquistão,Semey,Q61944,,0,350201,,50.411111111111,80.2275
KAZ,Cazaquistão,Saryarka District,Q16694762,,0,346243,,51.1833,71.4167
KAZ,Cazaquistão,Öskemen,Q162548,,0,337055,,49.95,82.616666666667
KAZ,Cazaquistão,Pavlodar,Q486282,,0,333190,,52.315555555556,76.956388888889
KAZ,Cazaquistão,Enbekshi District,Q27351176,,0,325000,,42.3,69.6
KAZ,Cazaquistão,Auezov district,Q16534658,,0,309478,,43.25,76.95
KAZ,Cazaquistão,Temirtau,Q1001104,,0,296523,,50.066666666667,72.966666666667
KAZ,Cazaquistão,Atyrau,Q486913,,0,295496,,47.116666666667,51.883333333333
KAZ,Cazaquistão,Abay District,Q27353792,,0,289387,,42.3,69.6
KAZ,Cazaquistão,Bostandyk district,Q16627789,,0,289200,,43.2,76.9
KAZ,Cazaquistão,Qyzylorda,Q491123,,0,271309,,44.8479,65.49989
KAZ,Cazaquistão,Aktau,Q198989,,0,261907,,43.6525,51.1575
KEN,Quênia,Nairóbi,Q3870,,1,5545000,,-1.2863888888889,36.817222222222
KEN,Quênia,Mombaça,Q225641,,0,1300000,,-4.05,39.666666666667
KEN,Quênia,Murang'a,Q974323,,0,1056640,,-0.720251,37.159431
KEN,Quênia,Dadaab Refugee Complex,Q131936106,,0,416403,,,
KEN,Quênia,Kisumu,Q214485,,0,409928,,-0.1,34.75
KEN,Quênia,Nakuru,Q239421,,0,307990,,-0.28333333333333,36.066666666667
KEN,Quênia,Eldoret,Q322149,,0,289380,,0.51666666666667,35.283333333333
KEN,Quênia,Dadaab,Q1007680,,0,218873,,0.05217,40.30705
KEN,Quênia,Nyali,Q7070826,,0,185900,,-4.05,39.695463
KEN,Quênia,Kangemi Ward,Q116954165,,0,176689,,-1.2712,36.7394
KEN,Quênia,Kitale,Q523000,,0,162169,,1.0166666666667,35.0
KEN,Quênia,Juja,Q13123165,,0,156041,,-1.10183,37.01431
KEN,Quênia,Mlolongo,Q104880774,,0,136351,,-1.3833333333333,36.916666666667
KEN,Quênia,Machakos,Q693093,,0,114109,,-1.5166666666667,37.266666666667
KEN,Quênia,Quisi,Q1007719,,0,112417,,-0.6698,34.7675
KEN,Quênia,Mumias,Q1020110,,0,99987,,0.33333333333333,34.483333333333
KEN,Quênia,Nyeri,Q380130,,0,98908,,-0.41666666666667,36.95
KEN,Quênia,Kakamega,Q302912,,0,91778,,0.28333333333333,34.75
KEN,Quênia,Wajir,Q730791,,0,90116,,1.7472222222222,40.057222222222
KEN,Quênia,Ifo Refugee Camp,Q5991218,,0,84181,,0.11055556,40.31555556
KGZ,Quirguistão,Bisqueque,Q9361,,1,1191000,,42.866666666667,74.566666666667
KGZ,Quirguistão,Osh,Q47282,,0,375400,,40.533333333333,72.783333333333
KGZ,Quirguistão,Birinchi May District,Q25584789,,0,171467,,42.883611111111,74.600277777778
KGZ,Quirguistão,Jalal-Abad,Q487689,,0,89004,,40.9375,72.98611111
KGZ,Quirguistão,Karakol,Q194452,,0,85588,,42.490555555556,78.393611111111
KGZ,Quirguistão,Tokmok,Q854333,,0,72927,,42.839,75.291
KGZ,Quirguistão,Balykchy,Q805876,,0,54132,,42.466666666667,76.183333333333
KGZ,Quirguistão,Kara-Balta,Q2015760,,0,53887,,42.816666666667,73.85
KGZ,Quirguistão,Kyzyl-Kiya,Q2347569,,0,51300,,40.25,72.11666667
KGZ,Quirguistão,Uzgen,Q765887,,0,49410,,40.766666666667,73.3
KGZ,Quirguistão,Naryn,Q311946,,0,42210,,41.433333333333,76.0
KGZ,Quirguistão,Bazar-Korgon,Q1703230,,0,41011,,41.07,72.74
KGZ,Quirguistão,Talas,Q643955,,0,34100,,42.516666666667,72.233333333333
KGZ,Quirguistão,Mayluu-Suu,Q1355846,,0,29629,,41.2457479,72.448039
KGZ,Quirguistão,Batken,Q478031,,0,27730,,40.0625,70.819444444444
KGZ,Quirguistão,Suzak,Q4445602,,0,24049,,40.89805556,72.90472222
KGZ,Quirguistão,Kant,Q1026291,,0,24014,,42.883333333333,74.85
KGZ,Quirguistão,Tash-Kömür,Q2283488,,0,23331,,41.35,72.216666666667
KGZ,Quirguistão,Karaköl,Q1554994,,0,22225,,41.633333333333,72.666666666667
KGZ,Quirguistão,Gülchö,Q683441,,0,21708,,40.316666666667,73.433333333333
KHM,Camboja,Phnom Penh,Q1850,,1,2129371,,11.569583333333,104.92102777778
KHM,Camboja,Siem Reap,Q11711,,0,147866,,13.362222222222,103.85972222222
KHM,Camboja,Battambang,Q748336,,0,130000,,13.102777777778,103.19833333333
KHM,Camboja,Kampong Cham,Q855724,,0,118242,,11.993333333333,105.46361111111
KHM,Camboja,Sihanoukville,Q18207676,,0,71082,,10.6333,103.5
KHM,Camboja,Kratié,Q261892,,0,60000,,12.48811,106.01879
KHM,Camboja,Takéo,Q1195207,,0,52000,,10.983333333333,104.78333333333
KHM,Camboja,Kampong Chhnang,Q1048147,,0,41700,,12.25,104.66666666667
KHM,Camboja,Kampot,Q876549,,0,39186,,10.6,104.16666666667
KHM,Camboja,Krong Kep,Q14204826,,0,35990,,10.482777777778,104.31666666667
KHM,Camboja,Koh Kong,Q1375645,,0,33591,,11.616666666667,102.98333333333
KHM,Camboja,Prey Veng,Q934619,,0,33079,,11.483333333333,105.31666666667
KHM,Camboja,Kampong Thom,Q976223,,0,31871,,12.711111111111,104.88861111111
KHM,Camboja,Stung Treng,Q10859501,,0,29665,,13.516666666667,105.96666666667
KHM,Camboja,Pailin Municipality,Q7124773,,0,21660,,12.848888888889,102.60916666667
KHM,Camboja,Banlung,Q1350362,,0,17000,,13.746666666667,107.00444444444
KHM,Camboja,Chrouy Neang Nguon,Q56321674,,0,7713,,13.8336,103.5227
KHM,Camboja,Sen Monorom,Q2530693,,0,7500,,12.45,107.2
KHM,Camboja,Krasang Commune,Q56320884,,0,5110,,14.0159,103.3822
KHM,Camboja,Bokor Hill Station,Q559155,,0,4000,,10.63040833,104.01726667
KIR,Quiribati,Tarawa,Q2486,,1,70090,,1.4333333333333,173.0
KIR,Quiribati,Tarawa do Sul,Q131233,,0,63439,,1.3333333333333,172.96666666667
KIR,Quiribati,Teaoraereke,Q10378793,,0,6073,,1.33333,173.0
KIR,Quiribati,Eita,Q5349994,,0,3921,,1.36154,173.08113
KIR,Quiribati,Tabwakea,Q7673655,,0,3547,,2.01808,-157.488
KIR,Quiribati,Bairiki,Q999487,,0,3500,,1.32926,172.97495
KIR,Quiribati,Bonriki,Q892859,,0,3075,,1.3722222222222,173.1525
KIR,Quiribati,Ambo,Q27222398,,0,2780,,1.35317,173.04259
KIR,Quiribati,London,Q2477346,,0,1895,,1.9833333333333,-157.475
KIR,Quiribati,Buota,Q4998012,,0,1756,,1.39078,173.13082
KIR,Quiribati,Nanikai Village,Q27222400,,0,1257,,1.33015,172.9978
KIR,Quiribati,Nooto,Q130499713,,0,891,,1.5169554028885,173.00659057919
KIR,Quiribati,Nootouee,Q131980394,,0,845,,1.517481,173.008683
KIR,Quiribati,Buariki,Q2400204,,0,752,,1.61289,172.96094
KIR,Quiribati,Abaokoro Village,Q27220957,,0,699,,1.49702,173.01528
KIR,Quiribati,Taboiaki,Q7673494,,0,694,,-1.3833333333333,176.01666666667
KIR,Quiribati,Tearinibai Village,Q27221115,,0,450,,1.59039,172.96973
KIR,Quiribati,Nabeina Village,Q27221042,,0,435,,1.4358,173.07918
KIR,Quiribati,Abatao Village,Q27220959,,0,421,,1.39914,173.11836
KIR,Quiribati,Tabiteuea Village,Q27221088,,0,391,,1.42301,173.09988
KNA,São Cristóvão e Névis,Basseterre,Q41295,,1,13220,,17.298333333333,-62.734166666667
KNA,São Cristóvão e Névis,Cayon,Q3316336,,0,2500,,17.35,-62.733333333333
KNA,São Cristóvão e Névis,Charlestown,Q992311,,0,2204,,17.143055555556,-62.626944444444
KNA,São Cristóvão e Névis,Saddlers,Q1711657,,0,1205,,17.404722222222,-62.791944444444
KNA,São Cristóvão e Névis,Newcastle,Q2835379,,0,593,,17.2,-62.583333333333
KNA,São Cristóvão e Névis,Monkey Hill Village,Q3395174,,0,592,,17.323611111111,-62.725
KNA,São Cristóvão e Névis,Cotton Ground,Q3394446,,0,381,,17.166666666667,-62.616666666667
KOR,Coreia do Sul,Região Metropolitana de Seul,Q407538,,0,24105000,,37.566667,126.978056
KOR,Coreia do Sul,Seul,Q8684,,1,10627790,,37.56,126.99
KOR,Coreia do Sul,Busan,Q16520,,0,3453198,,35.18,129.075
KOR,Coreia do Sul,Incheon,Q20934,,0,2993492,,37.463888888889,126.64861111111
KOR,Coreia do Sul,Daegu,Q20927,,0,2518467,,35.871666666667,128.60166666667
KOR,Coreia do Sul,Daejeon,Q20921,,0,1538394,,36.35,127.385
KOR,Coreia do Sul,Gwangju,Q41283,,0,1501557,,35.166666666667,126.91666666667
KOR,Coreia do Sul,Suwon,Q20714,,0,1234300,,37.285833333333,127.01
KOR,Coreia do Sul,Ulsan,Q41278,,0,1166615,,35.55,129.31666666667
KOR,Coreia do Sul,Yongin,Q18459,,0,1084817,,37.236111111111,127.20111111111
KOR,Coreia do Sul,Goyang,Q42061,,0,1061929,,37.656388888889,126.835
KOR,Coreia do Sul,Changwon,Q243327,,0,1046054,,35.228055555556,128.68111111111
KOR,Coreia do Sul,Hwaseong,Q42160,,0,1004079,,37.2,126.76666666667
KOR,Coreia do Sul,Seongnam,Q42108,,0,948757,,37.438611111111,127.13777777778
KOR,Coreia do Sul,Bucheon,Q42099,,0,867678,,37.498888888889,126.78305555556
KOR,Coreia do Sul,Cheongju,Q42147,,0,852018,,36.637222222222,127.48972222222
KOR,Coreia do Sul,Ansan,Q42117,,0,767000,,37.323611111111,126.82194444444
KOR,Coreia do Sul,Namyangju,Q42084,,0,732376,,37.636666666667,127.21416666667
KOR,Coreia do Sul,Cheonan,Q42146,,0,656583,,36.81,127.1475
KOR,Coreia do Sul,Jeonju,Q42140,,0,653055,,35.821944444444,127.14888888889
KWT,Kuwait,Kuwait,Q35178,,1,2989000,,29.375,47.98
KWT,Kuwait,Al Ahmadi,Q980396,,0,30991,,29.090555555556,48.065277777778
KWT,Kuwait,Al Wafrah,Q7959441,,0,10017,,28.63917,47.93056
LAO,Laos,Vienciana,Q9326,,1,1003004,,17.98,102.63
LAO,Laos,Oudomxai,Q465961,,0,345425,,20.7,101.816667
LAO,Laos,Cidade Kaisǭn Phomvihān,Q750443,,0,124000,,16.55,104.75
LAO,Laos,Pakxe,Q383622,,0,119848,,15.116666666667,105.78333333333
LAO,Laos,Thakhek,Q1018701,,0,70000,,17.41027,104.83068
LAO,Laos,Luang Prabang,Q190165,,0,53792,,19.89,102.13472222222
LAO,Laos,Phonsavan,Q1011711,,0,37507,,19.45,103.2
LAO,Laos,Luang Namtha,Q660793,,0,28551,,20.95,101.4
LAO,Laos,Vang Vieng,Q1012615,,0,25000,,18.926666666667,102.44944444444
LAO,Laos,Attapeu,Q757905,,0,19200,,14.8,106.83333333333
LAO,Laos,Ban Houayxay,Q717371,,0,17687,,20.276388888889,100.41305555556
LAO,Laos,Phongsālī,Q966990,,0,15083,,21.683611111111,102.10527777778
LAO,Laos,Sēkǭng,Q2087536,,0,5000,,15.4,106.7
LAO,Laos,Boten,Q894686,,0,2500,,21.18333333,101.67083333
LBN,Líbano,Beirute,Q3820,,1,2421354,,33.886944444444,35.513055555556
LBN,Líbano,Líbano Meridional,Q223643,,0,542639,,33.55,35.383333333333
LBN,Líbano,Trípoli,Q168954,,0,227857,,34.436666666667,35.834444444444
LBN,Líbano,Sídon,Q163490,,0,200000,,33.560555555556,35.375833333333
LBN,Líbano,Tiro,Q82070,,0,160000,,33.266666666667,35.2
LBN,Líbano,Bourj Hammoud,Q895235,,0,150000,,33.893611111111,35.540277777778
LBN,Líbano,Nabatiye,Q26134,,0,120000,,33.366666666667,35.483333333333
LBN,Líbano,Jounieh,Q26155,,0,102221,,33.969722222222,35.615555555556
LBN,Líbano,Zahlé,Q26569,,0,100000,,33.843888888889,35.907222222222
LBN,Líbano,Baalbek,Q178835,,0,82608,,34.006111111111,36.208611111111
LBN,Líbano,Kabelias,Q12232099,,0,50000,,33.793409,35.822696
LBN,Líbano,Beirut Central District,Q2944781,,0,40000,,33.9003,35.5017
LBN,Líbano,Batroun,Q3285145,,0,38000,,34.2548436,35.6589586
LBN,Líbano,Bint Jbeil,Q145355,,0,30000,,33.125833333333,35.442777777778
LBN,Líbano,Jezzine,Q25910,,0,25000,,33.54,35.583611111111
LBN,Líbano,Baakleen,Q2877638,,0,17000,,33.679854,35.558195
LBN,Líbano,Ras Baalbek,Q7294639,,0,15000,,34.25972222,36.42361111
LBN,Líbano,Tekrit,Q12202972,,0,13000,,34.518611111111,36.158055555556
LBN,Líbano,Qaa,Q7888876,,0,12000,,34.343611111111,36.475555555556
LBN,Líbano,Amioun,Q25922,,0,10000,,34.299444444444,35.809722222222
LBR,Libéria,Monróvia,Q3748,,1,1021762,,6.3105555555556,-10.804722222222
LBR,Libéria,Sanniquellie,Q1968465,,0,47129,,7.3622222222222,-8.7061111111111
LBR,Libéria,Gbarnga,Q985291,,0,34046,,7.0022222222222,-9.4666666666667
LBR,Libéria,Greenville (Libéria),Q1022899,,0,17574,,5.0166666666667,-9.0333333333333
LBR,Libéria,Tubmanburg,Q1024906,,0,13360,,6.8666666666667,-10.816666666667
LBR,Libéria,Yekepa,Q3179587,,0,11031,,7.5833333333333,-8.5333333333333
LBR,Libéria,Bensonville,Q818201,,0,4089,,6.4455555555556,-10.609722222222
LBR,Libéria,Barclayville,Q807963,,0,2641,,4.6797222222222,-8.2338888888889
LBR,Libéria,Sasstown,Q7425793,,0,500,,4.67498,-8.42102
LBY,Líbia,Trípoli,Q3579,,1,1780000,,32.87519,13.18746
LBY,Líbia,Bengasi,Q40816,,0,631555,,32.116666666667,20.066666666667
LBY,Líbia,Ajdabiyah,Q202991,,0,416000,,30.755555555556,20.225277777778
LBY,Líbia,Misratah,Q131323,,0,259056,,32.377777777778,15.090138888889
LBY,Líbia,Al Bayda',Q35784,,0,250000,,32.762777777778,21.755
LBY,Líbia,Al-Khums,Q310381,,0,201943,,32.649722222222,14.264444444444
LBY,Líbia,Zawiyah,Q221503,,0,198567,,32.754444444444,12.729722222222
LBY,Líbia,Gharyan,Q867102,,0,187854,,32.166944444444,13.016666666667
LBY,Líbia,Derna,Q211866,,0,150000,,32.763611111111,22.636111111111
LBY,Líbia,Sirte,Q162413,,0,140000,,31.2,16.6
LBY,Líbia,Tobruk,Q182092,,0,135832,,32.083333333333,23.95
LBY,Líbia,Sabratha,Q192918,,0,102038,,32.79335,12.48845
LBY,Líbia,Surman,Q2075535,,0,100707,,32.756666666667,12.571666666667
LBY,Líbia,Zuwarah,Q231167,,0,80310,,32.933333333333,12.083333333333
LBY,Líbia,Jefrem,Q1018215,,0,72662,,32.062777777778,12.526666666667
LBY,Líbia,Al Qubbah,Q2552984,,0,60610,,32.766666666667,22.25
LBY,Líbia,Al Marj,Q427646,,0,57267,,32.486666666667,20.833888888889
LBY,Líbia,Bani Walid,Q244230,,0,50824,,31.74554,13.98354
LBY,Líbia,Tajura,Q2271093,,0,48836,,32.881944444444,13.34
LBY,Líbia,Murzuque,Q526822,,0,47324,,25.913611111111,13.933611111111
LCA,Santa Lúcia,Castries,Q41699,,1,70000,,14.016666666667,-60.983333333333
LCA,Santa Lúcia,Gros Islet,Q3116994,,0,21660,,14.081,-60.953
LCA,Santa Lúcia,Soufriere,Q493030,,0,1463,,13.85616,-61.0566
LCA,Santa Lúcia,Anse La Raye,Q569439,,0,1410,,13.94,-61.0425
LCA,Santa Lúcia,"La Treille, St Lucia",Q6465504,,0,160,,13.94014,-60.99729
LIE,Liechtenstein,Schaan,Q49657,,0,5998,,47.166666666667,9.5166666666667
LIE,Liechtenstein,Vaduz,Q1844,,1,5668,,47.140555555556,9.5222222222222
LIE,Liechtenstein,Triesen,Q49654,,0,5230,,47.1,9.5166666666667
LIE,Liechtenstein,Balzers,Q49663,,0,4628,,47.066666666667,9.5
LIE,Liechtenstein,Eschen,Q4540,,0,4459,,47.2,9.5166666666667
LIE,Liechtenstein,Mauren,Q49661,,0,4404,,47.219722222222,9.5427777777778
LIE,Liechtenstein,Triesenberg,Q49651,,0,2643,,47.116666666667,9.5333333333333
LIE,Liechtenstein,Ruggell,Q49659,,0,2295,,47.24502,9.53323
LIE,Liechtenstein,Bendern,Q816776,,0,1664,,47.211111111111,9.5075
LIE,Liechtenstein,Gamprin,Q49662,,0,1663,,47.21986,9.50995
LIE,Liechtenstein,Nendeln,Q991615,,0,1357,,47.2,9.5472222222222
LIE,Liechtenstein,Schellenberg,Q49655,,0,1091,,47.22833,9.53951
LIE,Liechtenstein,Planken,Q49660,,0,478,,47.183333333333,9.5333333333333
LIE,Liechtenstein,Steg,Q593158,,0,50,,47.1125,9.575
LKA,Sri Lanka,Colombo,Q35381,,1,752993,,6.9266666666667,79.860555555556
LKA,Sri Lanka,Dehiwala-Mount Lavinia,Q24462,,0,234559,,6.8397222222222,79.875833333333
LKA,Sri Lanka,Gampaha,Q2616818,,0,191040,,7.0916666666667,79.999722222222
LKA,Sri Lanka,Beruwala,Q829211,,0,164969,,6.4666666666667,79.983333333333
LKA,Sri Lanka,Kandy,Q203197,,0,161000,,7.2930555555556,80.635
LKA,Sri Lanka,Negumbo,Q668616,,0,150364,,7.2111111111111,79.838611111111
LKA,Sri Lanka,Kotte,Q41963,,0,115826,,6.9,79.916388888889
LKA,Sri Lanka,Trincomalee,Q323873,,0,115443,,8.5666666666667,81.233333333333
LKA,Sri Lanka,Batticaloa,Q810963,,0,95489,,7.7166666666667,81.7
LKA,Sri Lanka,Galle,Q319366,,0,93118,,6.0327777777778,80.215555555556
LKA,Sri Lanka,Dambulla,Q377343,,0,91550,,7.851389,80.654167
LKA,Sri Lanka,Kalmunai,Q1101382,,0,91457,,7.4166666666667,81.816666666667
LKA,Sri Lanka,Jaffna,Q215277,,0,88138,,9.6647222222222,80.016666666667
LKA,Sri Lanka,Vavuiya,Q1191330,,0,75175,,8.75,80.483333333333
LKA,Sri Lanka,Matara,Q13360574,,0,68244,,5.95,80.533333333333
LKA,Sri Lanka,Kalpitiya,Q14220105,,0,65000,,8.16666667,79.71666667
LKA,Sri Lanka,Anuradhapura,Q5724,,0,63208,,8.335,80.410833333333
LKA,Sri Lanka,Buttala,Q5002774,,0,53084,,6.760100710292,81.247287416227
LKA,Sri Lanka,Badulla,Q390096,,0,43000,,6.9847222222222,81.056388888889
LKA,Sri Lanka,Mullaitivu,Q507144,,0,37339,,9.2833333333333,80.8
LSO,Lesoto,Maseru,Q3909,,1,343541,,-29.31,27.48
LSO,Lesoto,Teyateyaneng,Q844423,,0,75115,,-29.15,27.733333333333
LSO,Lesoto,Mafeteng,Q1013379,,0,57059,,-29.823055555556,27.2375
LSO,Lesoto,Maputsoe,Q1892158,,0,32117,,-28.883333333333,27.9
LSO,Lesoto,Mohale's Hoek,Q1818943,,0,24992,,-30.15,27.466666666667
LSO,Lesoto,Quthing,Q1003318,,0,15000,,-30.400111111111,27.700194444444
LSO,Lesoto,Roma,Q991643,,0,11612,,-29.44666667,27.70805556
LSO,Lesoto,Butha-Buthe,Q382249,,0,10000,,-28.783333333333,28.233333333333
LSO,Lesoto,Mokhotlong,Q1013428,,0,8809,,-29.288495,29.065568
LSO,Lesoto,Thaba-Tseka,Q777028,,0,5423,,-29.52204,28.6084
LTU,Lituânia,Vilnius,Q216,,1,644600,,54.687222222222,25.28
LTU,Lituânia,Kaunas,Q4115712,,0,419745,,54.9,23.933333333333
LTU,Lituânia,Klaipėda,Q776965,,0,193220,,55.7125,21.135
LTU,Lituânia,Šiauliai,Q134712,,0,134032,,55.928055555556,23.316666666667
LTU,Lituânia,Panevėžys,Q1719466,,0,126483,,55.725,24.363888888889
LTU,Lituânia,Vilnius District Municipality,Q118903,,0,101943,,54.733333333333,25.5
LTU,Lituânia,Kaunas District Municipality,Q1351722,,0,99265,,55.0,23.833333333333
LTU,Lituânia,Alytus District Municipality,Q769940,,0,75558,,54.366666666667,24.116666666667
LTU,Lituânia,Alytus,Q450625,,0,71460,,54.4,24.05
LTU,Lituânia,Mažeikiai District Municipality,Q313132,,0,69171,,56.25,22.266666666667
LTU,Lituânia,Kėdainiai District Municipality,Q46786,,0,67855,,55.315,23.951944444444
LTU,Lituânia,Klaipėda District Municipality,Q141132,,0,63862,,55.7,21.4
LTU,Lituânia,Telšiai District Municipality,Q588916,,0,59855,,55.883333333333,22.383333333333
LTU,Lituânia,Ignalina District Municipality,Q2069330,,0,59757,,55.333333333333,26.233333333333
LTU,Lituânia,Šilutė District Municipality,Q282098,,0,56480,,55.35,21.483333333333
LTU,Lituânia,Tauragė District Municipality,Q2071640,,0,54684,,55.25,22.283333333333
LTU,Lituânia,Jonava District Municipality,Q1351768,,0,54425,,55.083333333333,24.283333333333
LTU,Lituânia,Radviliškis District Municipality,Q1755961,,0,54318,,55.816666666667,23.533333333333
LTU,Lituânia,Kelmė District Municipality,Q1387044,,0,54300,,55.666666666667,22.85
LTU,Lituânia,Utena District Municipality,Q2089798,,0,52802,,55.5,25.666666666667
LUX,Luxemburgo,Luxemburgo,Q1842,,1,136208,,49.610555555556,6.1327777777778
LUX,Luxemburgo,Esch-sur-Alzette,Q16010,,0,37455,,49.496944444444,5.9805555555556
LUX,Luxemburgo,Differdange,Q16012,,0,30364,,49.5222,5.8917
LUX,Luxemburgo,Dudelange,Q16014,,0,22043,,49.483333333333,6.0833333333333
LUX,Luxemburgo,Dudelange,Q20969331,,0,21953,,49.48056,6.0875
LUX,Luxemburgo,Pétange,Q602441,,0,20903,,49.556388888889,5.8769444444444
LUX,Luxemburgo,Sanem,Q677804,,0,18532,,49.547222222222,5.9277777777778
LUX,Luxemburgo,Differdange,Q4844168,,0,16968,,49.52417,5.89139
LUX,Luxemburgo,Hesperange,Q921321,,0,16836,,49.570833333333,6.1513888888889
LUX,Luxemburgo,South Bonnevoie,Q2451628,,0,13550,,49.597,6.14
LUX,Luxemburgo,Belair,Q2451662,,0,12990,,49.612680555556,6.1141694444444
LUX,Luxemburgo,Gare,Q2451720,,0,11895,,49.6016,6.1316
LUX,Luxemburgo,Bettembourg,Q832342,,0,11521,,49.516666666667,6.1
LUX,Luxemburgo,Limpertsberg,Q1016094,,0,11521,,49.620833,6.121667
LUX,Luxemburgo,Schifflange,Q669155,,0,11517,,49.505555555556,6.0125
LUX,Luxemburgo,Käerjeng,Q776642,,0,11159,,49.583611111111,5.9
LUX,Luxemburgo,Mamer,Q921291,,0,11055,,49.628333333333,6.0261111111111
LUX,Luxemburgo,Kirchberg,Q583718,,0,10725,,49.6275,6.1455555555556
LUX,Luxemburgo,Strassen,Q986400,,0,10594,,49.619166666667,6.0719444444444
LUX,Luxemburgo,Mersch,Q284855,,0,10519,,49.75,6.1
LVA,Letônia,Riga,Q1773,,1,701977,,56.9475,24.106944444444
LVA,Letônia,Daugavpils,Q80021,,0,129000,,55.871388888889,26.516111111111
LVA,Letônia,Liepāja,Q167668,,0,114900,,56.508333333333,21.011111111111
LVA,Letônia,Jelgava,Q179830,,0,74105,,56.652222222222,23.724444444444
LVA,Letônia,Jūrmala,Q178382,,0,66500,,56.972222222222,23.796944444444
LVA,Letônia,Ventspils,Q104036,,0,50646,,57.389722222222,21.564444444444
LVA,Letônia,Rezekne,Q180379,,0,41464,,56.506666666667,27.330833333333
LVA,Letônia,Município de Ogre,Q2321579,,0,38861,,56.846111111111,25.0525
LVA,Letônia,Ziepniekkalns,Q1978424,,0,33016,,56.95,24.0
LVA,Letônia,Município de Talsi,Q2302964,,0,31954,,57.25,22.6
LVA,Letônia,Jēkabpils,Q191120,,0,31435,,56.4975,25.866388888889
LVA,Letônia,Tukums,Q369007,,0,28221,,56.9667,23.15
LVA,Letônia,Iļģuciems,Q1993731,,0,26131,,56.966666666667,24.066666666667
LVA,Letônia,Município de Rezekne,Q1518841,,0,25937,,56.483333333333,27.216666666667
LVA,Letônia,Ogre,Q731915,,0,25380,,56.816944444444,24.604722222222
LVA,Letônia,Valmiera,Q108037,,0,25093,,57.538055555556,25.423055555556
LVA,Letônia,Município de Kekava,Q2268947,,0,24631,,56.798055555556,24.226388888889
LVA,Letônia,Município de Bauska,Q2365998,,0,23387,,56.41666667,24.28333333
LVA,Letônia,Município de Saldus,Q2299261,,0,23005,,56.66666667,22.5
LVA,Letônia,Kuldiga,Q2337188,,0,22989,,56.96666667,21.96666667
MAC,"Macau, RAE da China",Luhuan,Q135907986,,0,36384,,22.11806,113.55194
MAC,"Macau, RAE da China",Zhuojiacun,Q135908036,,0,24000,,22.16139,113.55639
MAC,"Macau, RAE da China",Heisha,Q135908158,,0,134,,22.11917,113.56778
MAF,São Martinho,Grand Case,Q3113437,,0,,,18.101111,-63.051944
MAF,São Martinho,Marigot,Q200605,,1,,,,
MAR,Marrocos,Casablanca,Q7903,,0,4370000,,33.599166666667,-7.62
MAR,Marrocos,Tânger,Q126148,,0,1275428,,35.776666666667,-5.8038888888889
MAR,Marrocos,Fez,Q80985,,0,1167842,,34.043333333333,-5.0033333333333
MAR,Marrocos,Marraquexe,Q101625,,0,1002697,,31.62947,-7.98108
MAR,Marrocos,Salé,Q466046,,0,945101,,34.05,-6.816667
MAR,Marrocos,Rabat,Q3551,,1,621480,,34.025277777778,-6.8361111111111
MAR,Marrocos,Oujda,Q193802,,0,614000,,34.686666666667,-1.9113888888889
MAR,Marrocos,Meknès,Q178663,,0,601000,,33.883333333333,-5.55
MAR,Marrocos,Sidi Moumen,Q3483272,,0,551443,,33.594722222222,-7.5269444444444
MAR,Marrocos,Agadir,Q170525,,0,538000,,30.421388888889,-9.5830555555556
MAR,Marrocos,Hay Hassani,Q3408880,,0,537509,,33.57361111,-7.67611111
MAR,Marrocos,Hay El Hassani,Q3128796,,0,537509,,31.55,-8.73333333
MAR,Marrocos,Kenitra,Q478207,,0,507736,,34.25,-6.5833333333333
MAR,Marrocos,Aïn Chock,Q12244542,,0,374707,,33.54055556,-7.5875
MAR,Marrocos,Safim,Q183405,,0,367249,,32.283333333333,-9.2333333333333
MAR,Marrocos,Taourirt,Q2329701,,0,321876,,34.41,-2.89
MAR,Marrocos,Temara,Q1635606,,0,313510,,33.923366666667,-6.9076472222222
MAR,Marrocos,El Aaiún,Q47837,,0,270000,,27.15,-13.2
MAR,Marrocos,El Jadida,Q219583,,0,237464,,33.2342,-8.5228
MAR,Marrocos,Aït Melloul,Q2384142,,0,210870,,30.334166666667,-9.4972222222222
MCO,Mônaco,Mónaco,Q235,,0,39150,,43.731111111111,7.42
MCO,Mônaco,Commune of Monaco,Q3685392,,1,39050,,43.730555555556,7.4252777777778
MCO,Mônaco,La Condamine,Q55095,,0,3694,,43.734608,7.421552
MCO,Mônaco,Le Portier,Q55125,,0,3400,,43.74202,7.43213
MCO,Mônaco,Moneghetti,Q55108,,0,3131,,43.736057,7.417822
MCO,Mônaco,Monaco-Ville,Q55115,,0,975,,43.73097,7.424815
MDA,Moldávia,Chișinău,Q17176229,,0,820500,,47.0,28.83333
MDA,Moldávia,Chișinău,Q21197,,1,685900,,47.022777777778,28.835277777778
MDA,Moldávia,Tiraspol,Q132572,,0,204000,,46.85,29.63333333
MDA,Moldávia,Bălţi,Q37801,,0,161475,,47.761666666667,27.928888888889
MDA,Moldávia,Sectorul Botanica,Q894628,,0,144824,,46.98258333,28.86230556
MDA,Moldávia,Tighina,Q192176,,0,137000,,46.833333333333,29.483333333333
MDA,Moldávia,Sectorul Rîşcani,Q2038449,,0,128319,,47.04444444,28.85333333
MDA,Moldávia,Sectorul Ciocana,Q1092642,,0,105680,,47.03611111,28.88972222
MDA,Moldávia,Bălți Municipality,Q29017181,,0,102457,,47.78333,27.91667
MDA,Moldávia,Sectorul Buiucani,Q1003159,,0,100985,,47.03772222,28.81322222
MDA,Moldávia,Bender,Q18088065,,0,98726,,46.83333,29.45
MDA,Moldávia,Sectorul Centru,Q1054385,,0,87230,,47.01777778,28.84138889
MDA,Moldávia,Rîbnița,Q216363,,0,47900,,47.76638889,29.00055556
MDA,Moldávia,Cahul,Q503469,,0,41100,,45.9075,28.194444444444
MDA,Moldávia,Ungheni,Q858713,,0,39400,,47.204166666667,27.795833333333
MDA,Moldávia,Orhei,Q423258,,0,38000,,47.383055555556,28.823055555556
MDA,Moldávia,Dubăsari,Q688654,,0,28500,,47.266666666667,29.166666666667
MDA,Moldávia,Durlești,Q2708692,,0,26308,,47.017777777778,28.7625
MDA,Moldávia,Soroca,Q853785,,0,22196,,48.155833333333,28.2975
MDA,Moldávia,Căuşeni,Q657744,,0,20761,,46.644166666667,29.413888888889
MDG,Madagascar,Antananarivo,Q3915,,1,2610000,,-18.91,47.525
MDG,Madagascar,Antsirabe,Q583184,,0,265018,,-19.866666666667,47.033333333333
MDG,Madagascar,Toamasina,Q178067,,0,225116,,-18.155,49.41
MDG,Madagascar,Mahajanga,Q218753,,0,166384,,-15.716666666667,46.316666666667
MDG,Madagascar,Tolanaro,Q526568,,0,67284,,-25.0325,46.983333333333
MDG,Madagascar,Morondava,Q864109,,0,53510,,-20.284722222222,44.3175
MDG,Madagascar,"Ambohibary, Antsirabe II",Q2842197,,0,51269,,-19.6167,47.15
MDG,Madagascar,Tanjombato,Q22002233,,0,50373,,-18.95,47.516666666667
MDG,Madagascar,Andoany,Q492217,,0,50000,,-13.4012,48.2718
MDG,Madagascar,Ambohitompoina,Q2842279,,0,41433,,-19.75,47.5667
MDG,Madagascar,Sambava,Q254480,,0,40000,,-14.266666666667,50.166666666667
MDG,Madagascar,Mananjary,Q2423152,,0,35900,,-21.231111111111,48.341944444444
MDG,Madagascar,Mahabo,Q3123066,,0,35532,,-20.383333333333,44.666666666667
MDG,Madagascar,Moramanga,Q2423165,,0,34299,,-19.583333333333,48.383333333333
MDG,Madagascar,Antalaha,Q570816,,0,32496,,-14.904166666667,50.283333333333
MDG,Madagascar,"Ampitatafika, Antanifotsy",Q2844444,,0,31802,,-19.5667,47.35
MDG,Madagascar,Ambano,Q456630,,0,31508,,-19.8,47.0333
MDG,Madagascar,Andranomanelatra,Q2846229,,0,29998,,-19.7833,47.1
MDG,Madagascar,Ambositra,Q458440,,0,28000,,-20.516666666667,47.25
MDG,Madagascar,Ambatomiady,Q2841957,,0,25062,,-19.6833,47.4167
MDV,Maldivas,Malé,Q9347,,1,252768,,4.175,73.508333333333
MDV,Maldivas,Kulhudhuffushi,Q3185775,,0,6998,,6.6225772,73.069961
MDV,Maldivas,Villingili,Q176749,,0,6956,,4.17336,73.48502
MDV,Maldivas,Naifaru,Q2295035,,0,5082,,5.4443722222222,73.365711111111
MDV,Maldivas,Kudahuvadhoo,Q2339256,,0,3580,,2.6666666666667,72.9
MDV,Maldivas,Hulhumalé,Q1636296,,0,2866,,4.2166666666667,73.533333333333
MDV,Maldivas,Eydhafushi,Q2461849,,0,2409,,5.1166666666667,73.033333333333
MEX,México,Cidade do México,Q1489,,0,9209944,2020,19.353773,-99.13589
MEX,México,Monterrey Municipality,Q6905368,,0,4520329,,25.626944444444,-100.28388888889
MEX,México,Catemaco,Q2382271,,0,3453456,2015,18.43,-95.01
MEX,México,Tijuana,Q124739,,0,1964788,2019,32.536447,-117.037155
MEX,México,Tijuana,Q2360428,,0,1922523,2020,32.383,-116.8327
MEX,México,León de Los Aldama,Q189128,,0,1579803,2020,21.121944444444,-101.68333333333
MEX,México,Puebla,Q7258412,,0,1576259,2015,19.0412967,-98.2061996
MEX,México,Zapopan,Q2143868,,0,1476491,2020,20.783333333333,-103.48333333333
MEX,México,Puebla de Zaragoza,Q125293,,0,1434062,2010,19.051388888889,-98.217777777778
MEX,México,Município de Juárez,Q2557122,,0,1391180,2015,31.45,-106.58333333333
MEX,México,Município de Guadalajara,Q12348369,,0,1385629,2020,20.683333333333,-103.33333333333
MEX,México,Guadalajara,Q9022,,0,1385621,2020,20.676388888889,-103.34222222222
MEX,México,Ciudad Juárez,Q26590,,0,1321004,2010,31.6685,-106.42
MEX,México,Zapopan,Q147402,,0,1257547,2020,20.720833333333,-103.39111111111
MEX,México,Monterrei,Q81033,,0,1142952,2020,25.684444444444,-100.31805555556
MEX,México,Nezahualcóyotl,Q3313478,,0,1110565,,19.425,-99.025
MEX,México,Nezahualcóyotl,Q210307,,0,1072676,2020,19.40061,-99.01483
MEX,México,Município de Mexicali,Q1477270,,0,1049792,2020,32.1366,-115.2823
MEX,México,Município de Hermosillo,Q1142677,,0,936263,2020,29.0,-111.5
MEX,México,Aguascalientes,Q200805,,0,934424,2012,21.880833333333,-102.29611111111
MHL,Ilhas Marshall,Majuro,Q12919,,1,30000,,7.0918,171.3802
MHL,Ilhas Marshall,Ebeye Island,Q486670,,0,9345,,8.7802777777778,167.73722222222
MHL,Ilhas Marshall,Djarrit,Q382547,,0,7103,,7.12333333,171.365
MHL,Ilhas Marshall,Delap,Q999095,,0,6339,,7.09027778,171.38138889
MHL,Ilhas Marshall,"Laura, Marshall Islands",Q6498554,,0,2256,,7.13777778,171.04888889
MHL,Ilhas Marshall,Uliga,Q1420977,,0,2144,,7.0873,171.37631111
MKD,Macedônia do Norte,Skopje,Q384,,1,509900,,41.996111111111,21.431666666667
MKD,Macedônia do Norte,Bitola,Q157246,,0,84002,,41.031944444444,21.334722222222
MKD,Macedônia do Norte,Kumanovo,Q54452,,0,75051,,42.132222222222,21.714444444444
MKD,Macedônia do Norte,Prilep,Q157032,,0,66817,,41.346388888889,21.554166666667
MKD,Macedônia do Norte,Tetovo,Q157024,,0,63176,,42.010277777778,20.971388888889
MKD,Macedônia do Norte,Strumica,Q48814,,0,45087,,41.4375,22.643055555556
MKD,Macedônia do Norte,Veles,Q157050,,0,45037,,41.715277777778,21.775277777778
MKD,Macedônia do Norte,Štip,Q147243,,0,43652,,41.735833333333,22.191388888889
MKD,Macedônia do Norte,Ohrid,Q1223508,,0,42908,,41.116944444444,20.801944444444
MKD,Macedônia do Norte,Kavadarci,Q158088,,0,38741,,41.432777777778,22.011666666667
MKD,Macedônia do Norte,Gostivar,Q157058,,0,35847,,41.8,20.916666666667
MKD,Macedônia do Norte,Kočani,Q214344,,0,28330,,41.921111111111,22.411388888889
MKD,Macedônia do Norte,Kičevo,Q158079,,0,27067,,41.514166666667,20.963055555556
MKD,Macedônia do Norte,Struga,Q156858,,0,16559,,41.1775,20.678888888889
MKD,Macedônia do Norte,Radoviš,Q991318,,0,16223,,41.638055555556,22.464444444444
MKD,Macedônia do Norte,Gevgelija,Q157061,,0,15685,,41.139166666667,22.5025
MKD,Macedônia do Norte,Orizari,Q12289315,,0,15637,,42.006666666667,21.349444444444
MKD,Macedônia do Norte,Debar,Q689820,,0,14561,,41.525,20.527222222222
MKD,Macedônia do Norte,Kriva Palanka,Q578396,,0,14558,,42.201666666667,22.331666666667
MKD,Macedônia do Norte,Sveti Nikole,Q366907,,0,13746,,41.865,21.9425
MLI,Mali,Bamako,Q3703,,1,4227569,,12.645833333333,-7.9922222222222
MLI,Mali,Sikasso,Q722827,,0,213977,,11.316666666667,-5.6666666666667
MLI,Mali,Ségou,Q333476,,0,133501,,13.4317,-6.2157
MLI,Mali,Mopti,Q211227,,0,120786,,14.4873,-4.1896
MLI,Mali,Tombuctu,Q9427,,0,54453,,16.773333055556,-2.9994438888889
MLI,Mali,Gao,Q188904,,0,49483,,16.266666666667,-0.05
MLI,Mali,Koulikoro,Q740974,,0,43174,,12.866666666667,-7.5666666666667
MLI,Mali,Ansongo,Q2620152,,0,32709,,15.665,0.50277777777778
MLI,Mali,Bandiagara,Q538753,,0,25564,,14.35,-3.6111111111111
MLI,Mali,Ménaka,Q855986,,0,20702,,15.918333333333,2.4022222222222
MLI,Mali,Simbi,Q927937,,0,20186,,14.115,-10.568611111111
MLI,Mali,Femaye,Q1764185,,0,16379,,14.2175,-4.296944
MLI,Mali,Léré,Q540215,,0,16072,,15.711667,-4.911667
MLI,Mali,Yanfolila,Q3571536,,0,15829,,11.178888888889,-8.15
MLI,Mali,Kidal,Q650100,,0,15086,,18.433333333333,1.4
MLI,Mali,Koporo Pen,Q968947,,0,14829,,14.136667,-3.188611
MLI,Mali,Talataye,Q2418688,,0,13907,,15.705833,0.41
MLI,Mali,Diamou,Q1760144,,0,13793,,14.093889,-11.266944
MLI,Mali,Diré,Q2429438,,0,12092,,16.266666666667,-3.4
MLI,Mali,Goumbou,Q3111666,,0,9898,,14.990833333333,-7.4538888888889
MLT,Malta,Qormi,Q39578,,0,93897,,35.879444444444,14.472222222222
MLT,Malta,St. Paul's Bay,Q39521,,0,32042,,35.948333333333,14.401666666667
MLT,Malta,Mosta,Q39520,,0,25496,,35.9,14.433333333333
MLT,Malta,Birkirkara,Q39583,,0,24356,,35.9,14.466666666667
MLT,Malta,Sliema,Q39526,,0,16854,,35.912222222222,14.504166666667
MLT,Malta,Marsaskala,Q534571,,0,15579,,35.8625,14.5675
MLT,Malta,Żabbar,Q39518,,0,15404,,35.877222222222,14.538055555556
MLT,Malta,Naxxar,Q44397,,0,13443,,35.915,14.444722222222
MLT,Malta,Fgura,Q44388,,0,13066,,35.8725,14.522777777778
MLT,Malta,San Ġwann,Q39507,,0,12523,,35.909444444444,14.478611111111
MLT,Malta,Attard,Q44557,,0,12268,,35.9,14.45
MLT,Malta,Żebbuġ,Q44573,,0,11903,,35.873333333333,14.441666666667
MLT,Malta,Żejtun,Q44392,,0,11508,,35.855555555556,14.533333333333
MLT,Malta,Rabat,Q44381,,0,11497,,35.88258,14.39775
MLT,Malta,Żurrieq,Q44417,,0,10823,,35.829166666667,14.474444444444
MLT,Malta,St. Julian's,Q669979,,0,10232,,35.918611111111,14.49
MLT,Malta,Mellieħa,Q755979,,0,10087,,35.95,14.366666666667
MLT,Malta,Swieqi,Q220667,,0,10064,,35.920833333333,14.48
MLT,Malta,Birżebbuġa,Q31503540,,0,9736,,35.825833333333,14.526944444444
MLT,Malta,Birżebbuġa,Q258028,,0,9736,,35.826666666667,14.527777777778
MMR,Mianmar (Birmânia),Yangon,Q37995,,0,7360703,,16.795,96.16
MMR,Mianmar (Birmânia),Mandalay,Q185518,,0,1225546,,21.983055555556,96.084444444444
MMR,Mianmar (Birmânia),Naypyidaw,Q37400,,1,1160242,,19.7475,96.115
MMR,Mianmar (Birmânia),Hpa-An,Q1209404,,0,421525,,16.890555555556,97.633333333333
MMR,Mianmar (Birmânia),Moulmein,Q685941,,0,289388,,16.484722222222,97.625833333333
MMR,Mianmar (Birmânia),Pathein,Q870103,,0,287071,,16.766666666667,94.733333333333
MMR,Mianmar (Birmânia),Pegu,Q800122,,0,284179,,17.343333333333,96.498055555556
MMR,Mianmar (Birmânia),Taunggyi,Q1075566,,0,264804,,20.780555555556,97.037222222222
MMR,Mianmar (Birmânia),Pyin U Lwin,Q1360318,,0,255000,,22.028055555556,96.470555555556
MMR,Mianmar (Birmânia),Meiktila,Q1360351,,0,252615,,20.8775,95.858333333333
MMR,Mianmar (Birmânia),Kalay,Q3129405,,0,251590,,23.19,94.063888888889
MMR,Mianmar (Birmânia),Myitkyina,Q1062370,,0,243031,,25.386666666667,97.393611111111
MMR,Mianmar (Birmânia),Myeik,Q1018163,,0,222056,,12.439444444444,98.600277777778
MMR,Mianmar (Birmânia),Monywa,Q1360304,,0,207489,,22.108333333333,95.135833333333
MMR,Mianmar (Birmânia),Myawaddy,Q615821,,0,195624,,16.687777777778,98.508333333333
MMR,Mianmar (Birmânia),Sittwe,Q738748,,0,181000,,20.144444444444,92.896944444444
MMR,Mianmar (Birmânia),Lashio,Q1209397,,0,149423,,22.935833333333,97.749722222222
MMR,Mianmar (Birmânia),Dawei,Q1018167,,0,146964,,14.036727777778,98.186727777778
MMR,Mianmar (Birmânia),Prome,Q691747,,0,134861,,18.82,95.215555555556
MMR,Mianmar (Birmânia),Mogaung,Q3043375,,0,132608,,25.301388888889,96.941666666667
MNE,Montenegro,Podgorica,Q3305250,,0,197589,,42.47,19.28
MNE,Montenegro,Podgorica,Q23564,,0,163000,,42.441388888889,19.262777777778
MNE,Montenegro,Município de Niksic,Q4865016,,0,72443,,42.78,18.94
MNE,Montenegro,Nikšić,Q200733,,0,58212,,42.7731,18.94446
MNE,Montenegro,Bar (Montenegro),Q2604068,,0,43693,,42.1,19.1
MNE,Montenegro,Bijelo Polje (município),Q4086488,,0,43468,,43.02916668,19.74555557
MNE,Montenegro,Berane,Q4853794,,0,35068,,42.85,19.866666666667
MNE,Montenegro,Herceg-Novi,Q3317366,,0,30690,,42.45,18.533333333333
MNE,Montenegro,Pljevlja,Q3299950,,0,28124,,43.35,19.35
MNE,Montenegro,Rožaje,Q3296677,,0,23179,,42.83333333,20.16666667
MNE,Montenegro,Kotor,Q4856305,,0,22651,,42.43333333,18.76666667
MNE,Montenegro,Budva (município),Q3739214,,0,20982,,42.28333333,18.85
MNE,Montenegro,Ulcinj,Q189969,,0,20290,,41.923611111111,19.205555555556
MNE,Montenegro,Ulcinj,Q3305169,,0,20106,,41.933333333333,19.216666666667
MNE,Montenegro,Herceg Novi,Q193103,,0,19536,,42.453055555556,18.5375
MNE,Montenegro,Pljevlja,Q211343,,0,19136,,43.356616666667,19.350208333333
MNE,Montenegro,Município de Danilovgrad,Q3741507,,0,18307,,42.6,19.05
MNE,Montenegro,Bijelo Polje,Q207470,,0,16586,,43.029166666667,19.745555555556
MNE,Montenegro,Zeta Municipality,Q12750430,,0,16231,,42.334444444444,19.225277777778
MNE,Montenegro,Cetinje,Q173338,,0,15946,,42.389444444444,18.924722222222
MNG,Mongólia,Ulã Bator,Q23430,,1,1515593,,47.921357,106.905515
MNG,Mongólia,Mörön,Q572951,,0,134530,,49.6375,100.16138888889
MNG,Mongólia,Erdenet,Q230628,,0,106810,,49.033333333333,104.08333333333
MNG,Mongólia,Darhan,Q235571,,0,106470,,49.486666666667,105.92277777778
MNG,Mongólia,Ölgiy,Q297060,,0,40564,,48.965636111111,89.963208333333
MNG,Mongólia,Choybalsan,Q318245,,0,39500,,48.070555555556,114.52277777778
MNG,Mongólia,Arvaikheer,Q717684,,0,30000,,46.268888888889,102.7575
MNG,Mongólia,Khovd,Q731256,,0,28601,,48.006666666667,91.646388888889
MNG,Mongólia,Ulaangom,Q822815,,0,26319,,49.983333333333,92.066666666667
MNG,Mongólia,Bajanchongor,Q804117,,0,26252,,46.194444444444,100.71805555556
MNG,Mongólia,Uliastai,Q943374,,0,22006,,47.74751,96.87329
MNG,Mongólia,Sühbaatar,Q46319,,0,21962,,50.236388888889,106.20638888889
MNG,Mongólia,Tsetserleg,Q529834,,0,21620,,47.476944444444,101.45027777778
MNG,Mongólia,Sainschand,Q943290,,0,19891,,44.891666666667,110.13666666667
MNG,Mongólia,Dalandsadgad,Q822808,,0,19396,,43.57,104.42583333333
MNG,Mongólia,Züünkharaa,Q1028289,,0,18002,,48.852972222222,106.45936111111
MNG,Mongólia,Altai (cidade),Q433861,,0,15800,,46.372777777778,96.257222222222
MNG,Mongólia,Zuunmod,Q917690,,0,14660,,47.706944444444,106.95277777778
MNG,Mongólia,Baruun-Urt,Q809657,,0,14297,,46.680555555556,113.27916666667
MNG,Mongólia,Bulgan,Q945055,,0,12323,,48.810277777778,103.54083333333
MNP,Ilhas Marianas do Norte,Chalan Kiya,Q99749523,,0,,,15.163333333333,145.71722222222
MNP,Ilhas Marianas do Norte,San Jose,Q9333475,,0,,,15.17,145.71
MNP,Ilhas Marianas do Norte,San Vicente,Q7415357,,0,,,15.15361111,145.74
MNP,Ilhas Marianas do Norte,Laulau,Q6498296,,0,,,15.1628,145.7452
MNP,Ilhas Marianas do Norte,Kalabera,Q6350022,,0,,,15.2358,145.7933
MNP,Ilhas Marianas do Norte,Chalan Piao,Q5068561,,0,,,15.1422,145.7008
MNP,Ilhas Marianas do Norte,Saipan,Q49755159,,1,,,,
MNP,Ilhas Marianas do Norte,Chalan Kanoa,Q4380637,,0,,,15.1489,145.7017
MNP,Ilhas Marianas do Norte,Chacha,Q101047285,,0,,,15.1746314,145.7678622
MOZ,Moçambique,Maputo,Q3889,,1,1191613,,-25.915277777778,32.576388888889
MOZ,Moçambique,Matola,Q109949,,0,1032197,,-25.966666666667,32.466666666667
MOZ,Moçambique,Nampula,Q323801,,0,743000,,-15.116666666667,39.266666666667
MOZ,Moçambique,Beira,Q211563,,0,533825,,-19.833333333333,34.85
MOZ,Moçambique,Quelimane,Q318306,,0,349842,,-17.876388888889,36.887222222222
MOZ,Moçambique,Chimoio,Q638509,,0,238976,,-19.116666666667,33.45
MOZ,Moçambique,Nacala Porto,Q990080,,0,206449,,-14.55,40.683333333333
MOZ,Moçambique,Maxixe,Q525118,,0,155521,,-23.859722222222,35.347222222222
MOZ,Moçambique,Tete,Q388242,,0,152909,,-16.157916666667,33.589805555556
MOZ,Moçambique,Lichinga,Q667650,,0,142253,,-13.3,35.245555555556
MOZ,Moçambique,Pemba,Q498048,,0,141316,,-12.966666666667,40.516666666667
MOZ,Moçambique,Mandimba,Q6748076,,0,118922,,-14.353,35.651
MOZ,Moçambique,Xai-Xai,Q318299,,0,116343,,-25.05,33.65
MOZ,Moçambique,Inhambane,Q456577,,0,82119,,-23.865,35.383333333333
MOZ,Moçambique,Palma,Q3315681,,0,75000,,-10.78333333,40.48333333
MOZ,Moçambique,Mocuba,Q520687,,0,69045,,-16.8390998,36.98552598
MOZ,Moçambique,Chócue,Q1022170,,0,63695,,-24.53333,32.98333
MOZ,Moçambique,Manhiça,Q10323671,,0,60031,,-25.4,32.8
MOZ,Moçambique,Chibuto,Q1011972,,0,58012,,-24.686666666667,33.530555555556
MOZ,Moçambique,Songo (Moçambique),Q10373307,,0,36523,,-15.61421,32.77092
MRT,Mauritânia,Nouakchott,Q3688,,1,1315000,,18.08581,-15.9785
MRT,Mauritânia,Nouakchott-Sud Region,Q20669653,,0,627415,,18.05,-16.0
MRT,Mauritânia,Nouadhibou,Q184184,,0,173525,,20.91475,-17.050166666667
MRT,Mauritânia,Kiffa,Q492778,,0,84101,,16.622888888889,-11.399111111111
MRT,Mauritânia,Rosso,Q861580,,0,61156,,16.512777777778,-15.805
MRT,Mauritânia,Teyarett,Q892417,,0,46351,,18.1289572,-15.9377834
MRT,Mauritânia,Mbera,Q113014996,,0,41256,,15.83888889,-5.79222222
MRT,Mauritânia,Atar,Q735645,,0,35170,,20.518555555556,-13.053888888889
MRT,Mauritânia,Néma,Q752257,,0,35042,,16.612388888889,-7.2604444444444
MRT,Mauritânia,Aleg,Q986384,,0,27120,,17.051694444444,-13.915333333333
MRT,Mauritânia,Soudoud,Q3491497,,0,24387,,17.360472222222,-12.436333333333
MRT,Mauritânia,Tidjikja,Q757041,,0,19386,,18.55475,-11.432361111111
MRT,Mauritânia,"Touil, Timbedra",Q16964847,,0,18777,,16.596694444444,-7.9535833333333
MRT,Mauritânia,Akjoujt,Q419544,,0,18138,,19.744027777778,-14.384805555556
MRT,Mauritânia,Bababé,Q2877750,,0,14513,,16.341722222222,-13.946138888889
MRT,Mauritânia,Timzinn,Q515498,,0,13136,,,
MRT,Mauritânia,Oualata,Q162281,,0,13086,,17.297833333333,-7.0235
MRT,Mauritânia,Mbagne,Q3044657,,0,10383,,16.147777777778,-13.784194444444
MRT,Mauritânia,Amourj,Q2844051,,0,9604,,16.109694444444,-7.2139444444444
MRT,Mauritânia,Benichab,Q94829,,0,9244,,19.401166666667,-15.395305555556
MSR,Montserrat,Brades,Q31006,,0,391,,16.792777777778,-62.210555555556
MSR,Montserrat,Plymouth,Q30990,,1,0,,16.706416666667,-62.215838888889
MTQ,Martinica,Forte de França,Q81621,,0,75165,2022,14.6,-61.066666666667
MTQ,Martinica,Le Lamentin,Q947069,,0,39346,2022,14.615277777778,-61.001944444444
MTQ,Martinica,Le Robert,Q1617674,,0,21490,2022,14.6775,-60.939166666667
MTQ,Martinica,Schœlcher,Q617806,,0,19342,2022,14.616111111111,-61.101388888889
MTQ,Martinica,Ducos,Q1928113,,0,17837,2022,14.575833333333,-60.975833333333
MTQ,Martinica,Saint-Joseph,Q918737,,0,16470,2022,14.670833333333,-61.038055555556
MTQ,Martinica,Le François,Q282944,,0,15858,2022,14.615277777778,-60.9025
MTQ,Martinica,Sainte-Marie,Q1758414,,0,14827,2022,14.781388888889,-60.993611111111
MTQ,Martinica,Rivière-Salée,Q1928099,,0,11818,2022,14.528888888889,-60.981388888889
MTQ,Martinica,Rivière-Pilote,Q1918091,,0,11797,2022,14.486666666667,-60.903333333333
MTQ,Martinica,La Trinité,Q671787,,0,11622,2022,14.738611111111,-60.963055555556
MTQ,Martinica,Saint-Esprit,Q1928039,,0,10422,2022,14.560555555556,-60.937222222222
MTQ,Martinica,Gros-Morne,Q1778192,,0,9752,2022,14.708055555556,-61.0075
MTQ,Martinica,Sainte-Luce,Q1772486,,0,9275,2022,14.468333333333,-60.921666666667
MTQ,Martinica,Le Marin,Q265373,,0,8526,2022,14.471388888889,-60.870833333333
MTQ,Martinica,Le Vauclin,Q1831094,,0,8481,2022,14.545,-60.84
MTQ,Martinica,Les Trois-Îlets,Q1650786,,0,6735,2022,14.538055555556,-61.034444444444
MTQ,Martinica,Le Lorrain,Q595351,,0,6607,2022,14.832777777778,-61.055555555556
MTQ,Martinica,Le Diamant,Q1928084,,0,5924,2022,14.48,-61.025555555556
MTQ,Martinica,Case-Pilote,Q1928049,,0,4524,2022,14.643055555556,-61.138888888889
MUS,Maurício,Port Louis,Q3929,,1,149194,,-20.161944444444,57.498888888889
MUS,Maurício,Beau Bassin-Rose Hill,Q813337,,0,104973,,-20.233333333333,57.466666666667
MUS,Maurício,Quatre Bornes,Q1341194,,0,81773,,-20.25,57.466666666667
MUS,Maurício,Curepipe,Q1002525,,0,79718,,-20.316666666667,57.516666666667
MUS,Maurício,Triolet,Q641130,,0,23386,,-20.05472,57.54528
MUS,Maurício,Quartier-Militaire,Q770184,,0,22745,,-20.25,57.55
MUS,Maurício,Goodlands,Q3110720,,0,20712,,-20.035,57.64305556
MUS,Maurício,Centre de Flacq,Q1054191,,0,15791,,-20.2002,57.717658333333
MUS,Maurício,Mahebourg,Q1291379,,0,15753,,-20.4,57.7
MUS,Maurício,Bambous,Q431990,,0,15345,,-20.26,57.414833333333
MUS,Maurício,Petit Raffray,Q24045809,,0,9254,,-20.01333,57.61194
MUS,Maurício,Moka,Q282908,,0,8845,,-20.219,57.496
MUS,Maurício,Grand Gaube,Q3113606,,0,7697,,-20.016666666667,57.666666666667
MUS,Maurício,Port Mathurin,Q1021638,,0,5929,,-19.683333333333,63.421111111111
MUS,Maurício,Roches Noire,Q24045683,,0,5693,,-20.10948,57.717447
MUS,Maurício,Fond du Sac,Q3075334,,0,5186,,-20.045555555556,57.584722222222
MUS,Maurício,Cap Malheureux,Q130238,,0,5070,,-19.984166666667,57.614166666667
MUS,Maurício,Piton,Q21402299,,0,4942,,-20.096009,57.633419
MUS,Maurício,Calebasses,Q24044466,,0,4816,,-20.111666666667,57.553888888889
MUS,Maurício,Souillac,Q2215428,,0,4154,,-20.519444444444,57.525
MWI,Malaui,Blantyre,Q188693,,0,1895973,,-15.786111111111,35.005833333333
MWI,Malaui,Lilongué,Q3876,,1,989318,,-13.983333333333,33.783333333333
MWI,Malaui,Mzuzu,Q502216,,0,150100,,-11.45,34.033333333333
MWI,Malaui,Zomba,Q219117,,0,101140,,-15.385957,35.318801
MWI,Malaui,Makanjila,Q135108615,,0,66914,,-13.710277777778,35.044444444444
MWI,Malaui,Mangochi,Q1890257,,0,51429,,-14.47815,35.26448
MWI,Malaui,Karonga,Q1022512,,0,42555,,-9.9333333333333,33.933333333333
MWI,Malaui,Liwonde,Q1377361,,0,36421,,-15.06665,35.22543
MWI,Malaui,Mzimba,Q1666876,,0,26224,,-11.898611111111,33.594444444444
MWI,Malaui,Balaka Township,Q804607,,0,24000,,-14.983333333333,34.958888888889
MWI,Malaui,Rhumpi village,Q136514810,,0,22358,,,
MWI,Malaui,Mulanje,Q1865092,,0,20870,,-16.03163,35.5
MWI,Malaui,Kasakula,Q136677021,,0,20000,,-13.23333,33.73333
MWI,Malaui,Ntcheu,Q1022517,,0,14642,,-14.816666666667,34.633333333333
MWI,Malaui,Monkey Bay,Q1944901,,0,14591,,-14.083333333333,34.916666666667
MWI,Malaui,Thyolo,Q2144010,,0,7029,,-16.066666666667,35.133333333333
MWI,Malaui,Neno,Q136384994,,0,2283,,-15.39805,34.65343
MWI,Malaui,Machinga,Q12810684,,0,1833,,-15.179166666667,35.3
MYS,Malásia,Kuala Lumpur,Q1865,,1,9000280,,3.1477777777778,101.69527777778
MYS,Malásia,Klang,Q856003,,0,878000,,3.0333333333333,101.45
MYS,Malásia,Ipoh,Q271619,,0,866772,,4.6,101.07
MYS,Malásia,Seberang Perai,Q1861984,,0,815767,,5.4083194444444,100.36955
MYS,Malásia,Johor Bahru,Q231318,,0,797882,,1.4555555555556,103.76111111111
MYS,Malásia,George Town,Q61092,,0,794313,,5.4145,100.3292
MYS,Malásia,Subang Jaya,Q876876,,0,708296,,3.0644444444444,101.59361111111
MYS,Malásia,Petaling Jaya,Q864965,,0,638516,,3.10726,101.60671
MYS,Malásia,Kuantan,Q817578,,0,607778,,3.8166666666667,103.33333333333
MYS,Malásia,Shah Alam,Q500033,,0,584340,,3.0833333333333,101.53333333333
MYS,Malásia,Kota Bharu,Q651131,,0,491237,,6.1333333333333,102.25
MYS,Malásia,Ampang Jaya,Q1202476,,0,469000,,3.15,101.77
MYS,Malásia,Malaca,Q61089,,0,455300,,2.1888888888889,102.25111111111
MYS,Malásia,Q137271,Q137271,,0,452058,,5.975,116.0725
MYS,Malásia,Seremban,Q847610,,0,419536,,2.7297222222222,101.93805555556
MYS,Malásia,Sandakan,Q137203,,0,396290,,5.83878,118.11729
MYS,Malásia,Kuching,Q220445,,0,325132,,1.5575,110.34388888889
MYS,Malásia,Chukai,Q2546441,,0,255865,,4.23,103.45
MYS,Malásia,Kuala Terenggan,Q846502,,0,255109,,5.3302777777778,103.14083333333
MYS,Malásia,Sibu,Q1048700,,0,247995,,2.3,111.81666666667
MYT,Mayotte,Mamoudzou,Q132676,,0,71437,2018,-12.781388888889,45.231666666667
MYT,Mayotte,Koungou,Q770411,,0,32156,2017,-12.735,45.203611111111
MYT,Mayotte,Dzaoudzi,Q846048,,0,17831,2017,-12.788333333333,45.2725
MYT,Mayotte,Dembeni,Q2087041,,0,15848,2017,-12.843611111111,45.185
MYT,Mayotte,Bandraboua,Q691779,,0,13989,2017,-12.701944444444,45.12
MYT,Mayotte,Tsingoni,Q2087020,,0,13934,2017,-12.7875,45.102777777778
MYT,Mayotte,Pamandzi,Q1010634,,0,11442,2017,-12.798888888889,45.274722222222
MYT,Mayotte,Sada,Q1920630,,0,11156,2017,-12.848888888889,45.099722222222
MYT,Mayotte,Bandrele,Q2087100,,0,10282,2017,-12.908888888889,45.194444444444
MYT,Mayotte,Ouangani,Q427213,,0,10203,2017,-12.849166666667,45.138888888889
MYT,Mayotte,Chirongui,Q2087001,,0,8920,2017,-12.935,45.150833333333
MYT,Mayotte,Chiconi,Q2087010,,0,8295,2017,-12.83,45.112777777778
MYT,Mayotte,Mtsamboro,Q745108,,0,7705,2017,-12.698055555556,45.069166666667
MYT,Mayotte,M'Tsangamouji,Q955825,,0,6432,2017,-12.758888888889,45.082777777778
MYT,Mayotte,Bouéni,Q2087082,,0,6189,2017,-12.906944444444,45.078611111111
MYT,Mayotte,Kani-Kéli,Q2087092,,0,5507,2017,-12.956666666667,45.105
MYT,Mayotte,Acoua,Q2086991,,0,5192,2017,-12.721944444444,45.056666666667
MYT,Mayotte,Vahibé,Q7908619,,0,,,-12.790555555556,45.178055555556
MYT,Mayotte,Mramadoudou,Q787938,,0,,,-12.928333333333,45.153611111111
MYT,Mayotte,Tsountsou,Q7849866,,0,,,-12.806388888889,45.205277777778
NAM,Namíbia,Windhoek,Q3935,,1,431000,,-22.57,17.083611111111
NAM,Namíbia,Rundu,Q662291,,0,118632,,-17.916666666667,19.766666666667
NAM,Namíbia,Walvis Bay,Q220843,,0,102704,,-22.949444444444,14.506944444444
NAM,Namíbia,Swakopmund,Q59698,,0,75921,,-22.666666666667,14.533333333333
NAM,Namíbia,Oshakati,Q985622,,0,58656,,-17.8,15.683333333333
NAM,Namíbia,Otjiwarongo,Q993149,,0,49022,,-20.464166666667,16.652777777778
NAM,Namíbia,Katima Mulilo,Q864100,,0,46401,,-17.503888888889,24.275
NAM,Namíbia,Okahandja,Q597491,,0,45159,,-21.983333333333,16.916666666667
NAM,Namíbia,Rehoboth,Q700050,,0,40788,,-23.316666666667,17.083333333333
NAM,Namíbia,Tsumeb,Q639467,,0,34960,,-19.25,17.716666666667
NAM,Namíbia,Ongwediva,Q841557,,0,33777,,-17.783333333333,15.766666666667
NAM,Namíbia,Gobabis,Q1000609,,0,33404,,-22.45,18.966666666667
NAM,Namíbia,Ondangwa,Q2023773,,0,30364,,-17.920833333333,15.954166666667
NAM,Namíbia,Helão Nafidi,Q1601663,,0,29119,,-17.40226667,15.88639722
NAM,Namíbia,Grootfontein,Q986336,,0,26839,,-19.565833333333,18.103611111111
NAM,Namíbia,Keetmanshoop,Q160884,,0,18900,,-26.583333333333,18.133333333333
NAM,Namíbia,Mariental,Q876166,,0,18494,,-24.633333333333,17.966666666667
NAM,Namíbia,Eenhana,Q774264,,0,16588,,-17.479722222222,16.333333333333
NAM,Namíbia,Lüderitz,Q159325,,0,16156,,-26.647777777778,15.157777777778
NAM,Namíbia,Outjo,Q1704346,,0,15063,,-20.106944444444,16.150277777778
NCL,Nova Caledônia,Nouméa,Q9733,,0,96082,2019,-22.266666666667,166.45
NCL,Nova Caledônia,Dumbéa,Q9712,,0,35873,2019,-22.15,166.45
NCL,Nova Caledônia,Le Mont-Dore,Q9732,,0,27620,2019,-22.283333333333,166.58333333333
NCL,Nova Caledônia,Païta,Q9737,,0,24563,2019,-22.133333333333,166.36666666667
NCL,Nova Caledônia,Lifou,Q9728,,0,9195,2019,-20.9,167.26666666667
NCL,Nova Caledônia,Koné,Q9721,,0,8144,2019,-21.066666666667,164.86666666667
NCL,Nova Caledônia,Maré,Q11771004,,0,5757,2019,-21.5167,167.983
NCL,Nova Caledônia,Bourail,Q9709,,0,5531,2019,-21.566666666667,165.48333333333
NCL,Nova Caledônia,Poindimié,Q9740,,0,5006,2019,-20.933333333333,165.33333333333
NCL,Nova Caledônia,Koumac,Q9725,,0,3981,2019,-20.566666666667,164.28333333333
NCL,Nova Caledônia,Houaïlou,Q9716,,0,3955,2019,-21.283333333333,165.61666666667
NCL,Nova Caledônia,Canala,Q9710,,0,3701,2019,-21.533333333333,165.95
NCL,Nova Caledônia,La Foa,Q9727,,0,3552,2019,-21.716666666667,165.81666666667
NCL,Nova Caledônia,Ouvéa,Q9736,,0,3401,2019,-20.45,166.6
NCL,Nova Caledônia,Bouloupari,Q9707,,0,3315,2019,-21.866666666667,166.05
NCL,Nova Caledônia,Voh,Q9757,,0,2856,2019,-20.966666666667,164.7
NCL,Nova Caledônia,Poya,Q9750,,0,2802,2019,-21.35,165.15
NCL,Nova Caledônia,Pouembout,Q9744,,0,2752,2019,-21.133333333333,164.9
NCL,Nova Caledônia,Thio,Q9754,,0,2524,2019,-21.616666666667,166.21666666667
NCL,Nova Caledônia,Hienghène,Q9714,,0,2454,2019,-20.683333333333,164.93333333333
NER,Níger,Niamey,Q3674,,1,1496260,,13.515,2.1175
NER,Níger,Tahoua (departamento),Q13403317,,0,432659,,14.812594444444,5.3828388888889
NER,Níger,Maradi,Q664550,,0,267249,,13.5,7.1
NER,Níger,Zinder,Q204365,,0,235605,,13.8,8.9833333333333
NER,Níger,Tanout,Q448966,,0,154238,,14.9737,8.8783
NER,Níger,Aguié,Q398480,,0,152788,,13.5022,7.777
NER,Níger,Dargol,Q1165854,,0,147779,,13.9174,1.2431
NER,Níger,Illéla,Q1003546,,0,142214,,14.46,5.24
NER,Níger,Bangui,Q806553,,0,140446,,13.67413,6.17546
NER,Níger,Kornaka,Q1784487,,0,140009,,14.0998,6.9012
NER,Níger,Ourafane,Q2041748,,0,137850,,14.07333333,8.13111111
NER,Níger,Magaria,Q1003540,,0,130707,,12.99826,8.90991
NER,Níger,Madaoua,Q1883198,,0,127254,,14.072777777778,5.96
NER,Níger,Tibiri,Q684925,,0,125806,,13.566111111111,7.0511111111111
NER,Níger,Doguérawa,Q1234795,,0,117975,,13.96361111,5.59083333
NER,Níger,Tahoua,Q877122,,0,117826,,14.890277777778,5.2641666666667
NER,Níger,Badaguichiri,Q798805,,0,115491,,14.5245,5.3676
NER,Níger,Malbaza,Q763774,,0,114432,,13.92706,5.52032
NER,Níger,Bambeye,Q805959,,0,112962,,14.7172,5.0887
NER,Níger,Tondikiwindi,Q2441559,,0,111490,,14.46055556,2.03138889
NFK,Ilha Norfolk,Kingston,Q30963,,1,,,,
NGA,Nigéria,Lagos,Q8673,,0,15070000,,6.4561111111111,3.3936111111111
NGA,Nigéria,Kano,Q182984,,0,4348000,,12.0,8.5166666666667
NGA,Nigéria,Port Harcourt,Q217432,,0,3480000,,4.765466,7.016316
NGA,Nigéria,Ibadã,Q183298,,0,2550593,,7.3775,3.9058333333333
NGA,Nigéria,Cidade do Benim,Q320704,,0,1780000,,6.3176,5.6145
NGA,Nigéria,Abuja,Q3787,,1,1693400,,9.0555555555556,7.4913888888889
NGA,Nigéria,Onitsha,Q852238,,0,1483000,,6.1666666666667,6.7833333333333
NGA,Nigéria,Owerri,Q583619,,0,1401873,,5.4833333333333,7.0333333333333
NGA,Nigéria,Maiduguri,Q221436,,0,1197497,,11.833333333333,13.15
NGA,Nigéria,Aba,Q202162,,0,1160000,,5.1166666666667,7.3666666666667
NGA,Nigéria,Ogbomosho,Q500366,,0,1032000,,8.1333333333333,4.25
NGA,Nigéria,Tanke,Q65082202,,0,1030000,,8.4855,4.5904
NGA,Nigéria,Enugu,Q465022,,0,1029400,,6.4402777777778,7.4941666666667
NGA,Nigéria,Abeokuta,Q206484,,0,888924,,7.15,3.35
NGA,Nigéria,Ikeja,Q1024647,,0,861300,,6.5833333333333,3.3333333333333
NGA,Nigéria,Akure,Q423831,,0,847903,,7.25,5.195
NGA,Nigéria,Ilorin,Q587085,,0,847582,,8.5,4.55
NGA,Nigéria,Kaduna,Q208318,,0,760084,,10.523055555556,7.4402777777778
NGA,Nigéria,Osogbo,Q868203,,0,731000,,7.7666666666667,4.5666666666667
NGA,Nigéria,Bauchi,Q811144,,0,693700,,10.315833333333,9.8441666666667
NIC,Nicarágua,Metropolitan Area of Managua,Q6173978,,0,2415203,,12.156383333333,-86.272986111111
NIC,Nicarágua,Manágua,Q3274,,1,973087,,12.156383333333,-86.272986111111
NIC,Nicarágua,León,Q208151,,0,212504,,12.434825,-86.878833333333
NIC,Nicarágua,Matagalpa,Q596688,,0,171473,,12.928361111111,-85.918447222222
NIC,Nicarágua,Tipitapa,Q1365146,,0,159303,,12.196211111111,-86.096375
NIC,Nicarágua,Masaya,Q1001914,,0,139582,,11.973616666667,-86.096058333333
NIC,Nicarágua,Chinandega,Q974354,,0,137539,,12.631052777778,-87.134738888889
NIC,Nicarágua,Estelí,Q1007634,,0,112084,,13.093091666667,-86.355447222222
NIC,Nicarágua,Granada,Q205648,,0,105171,,11.93035,-85.953591666667
NIC,Nicarágua,Jinotega,Q1026296,,0,99382,,13.091008333333,-86.002361111111
NIC,Nicarágua,Nueva Guinea,Q2554341,,0,79818,,11.687116666667,-84.456361111111
NIC,Nicarágua,El Viejo (Nicarágua),Q516482,,0,76775,,12.6632,-87.170263888889
NIC,Nicarágua,Ciudad Sandino,Q2720849,,0,75083,,12.164891666667,-86.355741666667
NIC,Nicarágua,Porto Cabeças,Q1008456,,0,66169,,14.029413888889,-83.383125
NIC,Nicarágua,Siuna,Q1329302,,0,64092,,13.7341,-84.77895
NIC,Nicarágua,Bluefields,Q885996,,0,58633,,12.013125,-83.764911111111
NIC,Nicarágua,Diriamba,Q1227687,,0,57542,,11.856113888889,-86.240308333333
NIC,Nicarágua,Wiwilí de Jinotega,Q1014671,,0,57485,,13.620005555556,-85.818183333333
NIC,Nicarágua,El Tuma - La Dalia,Q3050283,,0,56681,,13.136955555556,-85.734011111111
NIC,Nicarágua,Jalapa (Nicarágua),Q2395471,,0,54491,,13.921997222222,-86.125347222222
NIU,Niue,Alofi,Q30966,,1,597,,-19.056,-169.921
NIU,Niue,Avatele,Q2552943,,0,200,,-19.124727777778,-169.91229166667
NIU,Niue,Hakupu,Q2635174,,0,162,,-19.126761111111,-169.84480277778
NIU,Niue,Tamakautoga,Q3045565,,0,140,,-19.08,-169.92
NIU,Niue,Mutalau,Q2552363,,0,133,,-18.963680555556,-169.82760555556
NIU,Niue,Tuapa,Q2350297,,0,129,,-18.992,-169.9045
NIU,Niue,Lakepa,Q2600860,,0,88,,-19.009,-169.807
NIU,Niue,Liku,Q2570188,,0,71,,-19.053879,-169.788465
NIU,Niue,Makefu,Q2354077,,0,62,,-19.003,-169.915
NIU,Niue,Vaiea,Q3045571,,0,59,,-19.129911111111,-169.88428333333
NIU,Niue,Hikutavake,Q1962527,,0,56,,-18.965,-169.8815
NIU,Niue,Toi,Q2619168,,0,31,,-18.974,-169.854
NIU,Niue,Namukulu,Q2592896,,0,14,,-18.983794444444,-169.89827777778
NLD,Países Baixos,Randstad,Q806,,0,8400000,,52.190833,4.655556
NLD,Países Baixos,Região metropolitana de Roterdão,Q6174024,,0,3400000,,51.995394,4.384919
NLD,Países Baixos,Região metropolitana de Amesterdão,Q1028418,,0,2915114,,52.36666667,4.9
NLD,Países Baixos,Amesterdão,Q9899,,0,917923,,52.366666666667,4.8833333333333
NLD,Países Baixos,Roterdão,Q2680952,,0,729744,,51.95,4.4166666666667
NLD,Países Baixos,Haia,Q36600,,0,605876,,52.08,4.31
NLD,Países Baixos,Haarlem,Q9920,,0,172082,,52.380277777778,4.6405555555556
NLD,Países Baixos,Haarlemmermeer,Q9924,,0,157789,,52.3008,4.6653
NLD,Países Baixos,Zaanstad,Q9978,,0,156901,,52.4697,4.7767
NLD,Países Baixos,Willemstad,Q132679,,0,150000,,12.108,-68.935
NLD,Países Baixos,Zoetermeer,Q26432,,0,125285,,52.061111111111,4.4933333333333
NLD,Países Baixos,Leida,Q43631,,0,125099,,52.16,4.49
NLD,Países Baixos,Dordrecht,Q26421,,0,122070,,51.795833333333,4.6783333333333
NLD,Países Baixos,Westland,Q26556,,0,114887,,52.0,4.1666666666667
NLD,Países Baixos,Alphen aan den Rijn,Q213246,,0,114182,,52.133333333333,4.65
NLD,Países Baixos,Alkmaar,Q972,,0,109896,,52.6289,4.74403
NLD,Países Baixos,Delft,Q690,,0,109435,,52.011666666667,4.3591666666667
NLD,Países Baixos,Hilversum,Q9934,,0,101985,,52.23,5.18
NLD,Países Baixos,Amstelveen,Q9898,,0,94435,,52.301944444444,4.8580555555556
NLD,Países Baixos,Hoeksche Waard,Q56682979,,0,88047,,51.766666666667,4.4666666666667
NOR,Noruega,Oslo urban area,Q6073453,,0,1098061,,59.9121148,10.7455867
NOR,Noruega,Oslo,Q5245991,,0,724290,,59.91183,10.73367
NOR,Noruega,Oslo,Q585,,1,717710,,59.913333333333,10.738888888889
NOR,Noruega,Bergen,Q10428388,,0,293709,,60.3925,5.323333
NOR,Noruega,Bergen,Q26793,,0,291189,,60.3925,5.3233333333333
NOR,Noruega,Bergen,Q6073776,,0,272125,,,
NOR,Noruega,Stavanger/Sandnes,Q3355629,,0,239055,,58.965,5.71777778
NOR,Noruega,Trondheim,Q25804,,0,216518,,63.44,10.4
NOR,Noruega,Trondheim (comuna),Q1324436,,0,216518,,63.42811,10.39687
NOR,Noruega,Stavanger,Q25416,,0,150123,,58.97,5.7313888888889
NOR,Noruega,Bærum,Q57076,,0,132358,,59.8904,10.526
NOR,Noruega,Aker,Q3357343,,0,130976,,59.905466666667,10.759736111111
NOR,Noruega,Stavanger,Q26772333,,0,129300,,58.97005,5.73332
NOR,Noruega,Drammen urban area,Q6074294,,0,124540,,59.74389,10.20449
NOR,Noruega,Fredrikstad-Sarpsborg,Q3355000,,0,121679,,59.216666666667,10.983333333333
NOR,Noruega,Kristiansand,Q2415,,0,118221,,58.14672222,7.99561111
NOR,Noruega,Sandvika,Q651744,,0,115543,,59.89,10.526388888889
NOR,Noruega,Drammen,Q26525,,0,105452,,59.745361111111,10.205969444444
NOR,Noruega,Porsgrunn/Skien,Q3354033,,0,96695,,59.0767,9.6869388888889
NOR,Noruega,Lillestrøm,Q60806432,,0,95762,,59.95,11.2
NPL,Nepal,Catmandu,Q3037,,1,845767,,27.71,85.32
NPL,Nepal,Patan,Q6647,,0,513200,,27.6833,85.3333
NPL,Nepal,Bharatpur,Q250220,,0,369377,,27.683333333333,84.433333333333
NPL,Nepal,Pokhara,Q6640,,0,353841,,28.209722222222,83.985277777778
NPL,Nepal,Biratnagar,Q8247,,0,242548,,26.483333333333,87.283333333333
NPL,Nepal,Ghorahi,Q1447290,,0,156164,,28.040833333333,82.486111111111
NPL,Nepal,Birganj,Q8252,,0,135904,,27.0,84.866666666667
NPL,Nepal,Butwal,Q11283,,0,118462,,27.7,83.45
NPL,Nepal,Dharan,Q8254,,0,116181,,26.816666666667,87.266666666667
NPL,Nepal,Gokarneshwor,Q20809757,,0,107351,,27.73333333,85.4
NPL,Nepal,Mahendranagar,Q1447167,,0,104599,,28.916666666667,80.333333333333
NPL,Nepal,Gaighat,Q1457919,,0,102725,,26.7919,86.699
NPL,Nepal,Dhangadhi,Q1446993,,0,101970,,28.705555555556,80.575
NPL,Nepal,Janakpur,Q378649,,0,97776,,26.712222222222,85.921666666667
NPL,Nepal,Hetauda,Q11285,,0,84671,,27.416666666667,85.033333333333
NPL,Nepal,Madhyapur Thimi,Q1457909,,0,83036,,27.680555555556,85.3875
NPL,Nepal,Singiya,Q3420046,,0,82843,,26.69,87.16
NPL,Nepal,Bhaktapur,Q843138,,0,81748,,27.672222222222,85.427777777778
NPL,Nepal,Godawari,Q7238339,,0,78018,,28.91,80.59
NPL,Nepal,Damak,Q1458001,,0,75102,,26.63,87.7
NRU,Nauru,Yaren,Q31026,,1,747,,-0.5477,166.920867
NZL,Nova Zelândia,Auckland,Q37100,,0,1470100,,-36.849166666667,174.76527777778
NZL,Nova Zelândia,Christchurch,Q79990,,0,383200,,-43.531111111111,172.63611111111
NZL,Nova Zelândia,Wellington,Q23661,,1,216200,,-41.288888888889,174.77722222222
NZL,Nova Zelândia,Hamilton,Q200028,,0,176500,,-37.783333333333,175.28333333333
NZL,Nova Zelândia,Tauranga,Q207756,,0,151300,,-37.685833333333,176.16666666667
NZL,Nova Zelândia,Lower Hutt,Q1015681,,0,110700,,-41.216666666667,174.91666666667
NZL,Nova Zelândia,Dunedin,Q133073,,0,106200,,-45.874166666667,170.50361111111
NZL,Nova Zelândia,Mount Roskill,Q66269909,,0,96913,,-36.906322,174.741212
NZL,Nova Zelândia,Palmerston North,Q212289,,0,81500,,-40.354911,175.609511
NZL,Nova Zelândia,Napier,Q203380,,0,66300,,-39.490277777778,176.91777777778
NZL,Nova Zelândia,Hibiscus Coast,Q3010697,,0,59800,,-36.6058,174.6978
NZL,Nova Zelândia,Porirua,Q1015773,,0,59600,,-41.133333333333,174.85
NZL,Nova Zelândia,Rotorua,Q208948,,0,58500,,-38.137777777778,176.25138888889
NZL,Nova Zelândia,New Plymouth,Q212984,,0,57600,,-39.057777777778,174.07416666667
NZL,Nova Zelândia,Whangarei,Q744239,,0,54400,,-35.725,174.32361111111
NZL,Nova Zelândia,Nelson,Q206687,,0,51100,,-41.293056,173.238056
NZL,Nova Zelândia,Invercargill,Q31805,,0,50200,,-46.429,168.362
NZL,Nova Zelândia,Hastings,Q1015690,,0,49000,,-39.65,176.83333333333
NZL,Nova Zelândia,Upper Hutt,Q166002,,0,44300,,-41.133333333333,175.05
NZL,Nova Zelândia,Whanganui,Q1015672,,0,42200,,-39.9325,175.05194444444
OMN,Omã,Mascate,Q3826,,1,1421409,,23.613888888889,58.592222222222
OMN,Omã,Al-Seeb,Q948050,,0,470878,,23.666666666667,58.161666666667
OMN,Omã,Bauxar,Q2892151,,0,402023,,23.578611111111,58.408888888889
OMN,Omã,Salalah,Q1294439,,0,331949,,17.019722222222,54.089722222222
OMN,Omã,Matara,Q1166791,,0,230881,,23.616666666667,58.566666666667
OMN,Omã,Soar,Q943270,,0,219264,,24.342,56.729888888889
OMN,Omã,Sur,Q737270,,0,120000,,22.566666666667,59.528888888889
OMN,Omã,Ibri,Q225376,,0,98000,,23.236388888889,56.504444444444
OMN,Omã,Nizwa,Q1915327,,0,83544,,22.933333333333,57.533333333333
OMN,Omã,Cassapo,Q426646,,0,17777,,26.183333333333,56.25
OMN,Omã,Al-Mazyunah,Q430876,,0,10000,,17.84861111,52.62
OMN,Omã,Al-Musannah,Q3607528,,0,6291,,23.7773,57.6288
OMN,Omã,Enclave de Madha,Q1883385,,0,4306,,25.284444444444,56.333055555556
OMN,Omã,Marmul,Q26199704,,0,2164,,18.129882,55.269962
OMN,Omã,Kumzar,Q846448,,0,1378,,26.336666666667,56.409722222222
OMN,Omã,Q20404634,Q20404634,,0,403,,,
OMN,Omã,Arift,Q26199872,,0,323,,,
OMN,Omã,Jazirat Umm Al-Ghanam,Q26200642,,0,68,,26.35161,56.35165
PAK,Paquistão,Carachi,Q8660,,0,23545000,,24.86,67.01
PAK,Paquistão,Laore,Q11739,,0,11126285,,31.549722222222,74.343611111111
PAK,Paquistão,Hyderabad,Q1640079,,0,3429471,,25.379166666667,68.368333333333
PAK,Paquistão,Faisalabad,Q173985,,0,3203846,,31.418,73.079
PAK,Paquistão,Multan,Q185453,,0,3117000,,30.197777777778,71.471111111111
PAK,Paquistão,Orangi,Q96397641,,0,2400000,,24.95,66.966666666667
PAK,Paquistão,Rawalpindi,Q93230,,0,2098231,,33.6007,73.0679
PAK,Paquistão,Gujranwala,Q243322,,0,2027001,,32.15,74.183333333333
PAK,Paquistão,Peshawar,Q1113311,,0,1970042,,34.014444444444,71.5675
PAK,Paquistão,Islamabad,Q1362,,1,1900000,,33.698888888889,73.036944444444
PAK,Paquistão,Orangi Town,Q2477877,,0,1540420,,24.95,66.966666666667
PAK,Paquistão,Gulshan Town,Q5617890,,0,1200000,,24.916666666667,67.083333333333
PAK,Paquistão,Quetta,Q185458,,0,1140000,,30.195833333333,67.017222222222
PAK,Paquistão,Bahawalpur,Q318156,,0,762111,,29.395555555556,71.672222222222
PAK,Paquistão,Jamshed Town,Q6148209,,0,733821,,,
PAK,Paquistão,Landhi Town,Q6484563,,0,666748,,24.8504,67.1999
PAK,Paquistão,Sargodha,Q855997,,0,659862,,32.083611111111,72.671111111111
PAK,Paquistão,Saddar Town,Q7397672,,0,616151,,24.8575,67.00277778
PAK,Paquistão,Malir Town,Q6743819,,0,604763,,24.893055555556,67.195277777778
PAK,Paquistão,Sialkot,Q643883,,0,591668,,32.5,74.533333333333
PAN,Panamá,Cidade do Panamá,Q3306,,1,410354,,8.9711111111111,-79.534722222222
PAN,Panamá,San Miguelito,Q932699,,0,315019,,9.05,-79.5
PAN,Panamá,Colón,Q12825018,,0,241817,,9.3597527777778,-79.900419444444
PAN,Panamá,Las Cumbres,Q3916792,,0,127440,,9.08,-79.53
PAN,Panamá,Santiago de Veráguas,Q685509,,0,109605,,8.105714,-80.971128
PAN,Panamá,Tocumen,Q186116,,0,103177,,9.08,-79.38
PAN,Panamá,David,Q279009,,0,82907,,8.4381805555556,-82.424263888889
PAN,Panamá,La Chorrera,Q774405,,0,68896,,8.8792,-79.7822
PAN,Panamá,Pacora,Q1985435,,0,52494,,9.08,-79.28
PAN,Panamá,Vacamonte,Q2212702,,0,46597,,8.86666667,-79.66666667
PAN,Panamá,Kuna Yala,Q919017,,0,33109,,9.2961111111111,-78.344166666667
PAN,Panamá,Penonomé,Q654169,,0,21748,,8.5187222222222,-80.355291666667
PAN,Panamá,Puerto Armuelles,Q3130855,,0,19763,,8.27775,-82.86206
PAN,Panamá,Las Tablas,Q2712890,,0,9255,,7.7666666666667,-80.283333333333
PAN,Panamá,Chitré,Q657763,,0,9022,,7.96666667,-80.43333333
PAN,Panamá,Guabito,Q2437057,,0,8387,,9.4948611111111,-82.611722222222
PAN,Panamá,Santa Fe,Q5620819,,0,6923,,8.5111111111111,-81.077777777778
PAN,Panamá,Natá de los Caballeros,Q3544851,,0,6003,,8.33,-80.52
PAN,Panamá,La Villa de los Santos,Q3052701,,0,2100,,7.9348,-80.4143
PAN,Panamá,Q132486399,Q132486399,,0,660,,9.2833333333333,-78.783333333333
PCN,Ilhas Pitcairn,Adamstown,Q48273,,1,,,,
PER,Peru,Região Metropolitana de Lima,Q3773144,,0,10740153,,-12.013551,-76.854887
PER,Peru,Lima,Q2868,,1,9943800,,-12.06,-77.0375
PER,Peru,Trujillo,Q214173,,0,1148668,,-8.1119444444444,-79.028888888889
PER,Peru,Arequipa,Q159273,,0,1008290,,-16.398888888889,-71.536944444444
PER,Peru,El Callao,Q105037,,0,567702,,-12.052222222222,-77.139166666667
PER,Peru,Chiclayo,Q260911,,0,552508,,-6.7716666666667,-79.838333333333
PER,Peru,Piúra,Q223966,,0,473025,,-5.2008333333333,-80.625277777778
PER,Peru,Huancayo,Q468782,,0,450900,,-12.066666666667,-75.216666666667
PER,Peru,Cusco,Q5582862,,0,428450,,-13.516944444444,-71.978611111111
PER,Peru,Chimbote,Q518431,,0,395100,,-9.0745444444444,-78.593572222222
PER,Peru,Iquitos,Q193289,,0,377609,,-3.7333333333333,-73.25
PER,Peru,Pucallpa,Q217071,,0,326040,,-8.3833333333333,-74.55
PER,Peru,Juliaca,Q696074,,0,307417,,-15.490833333333,-70.126944444444
PER,Peru,Tacna,Q272795,,0,286240,,-18.055555555556,-70.248333333333
PER,Peru,Cajamarca,Q205119,,0,283767,,-7.1575,-78.5175
PER,Peru,Ica,Q840712,,0,282407,,-14.066666666667,-75.733333333333
PER,Peru,Tarapoto,Q927933,,0,240453,,-6.4833333333333,-76.366666666667
PER,Peru,Aiacucho,Q504215,,0,216444,,-13.163055555556,-74.224444444444
PER,Peru,Huacho,Q1002052,,0,200585,,-11.10667,-77.605
PER,Peru,Huánuco,Q504394,,0,196627,,-9.9294444444444,-76.239722222222
PHL,Filipinas,Grande Manila,Q13580,,0,14001751,,14.583333333333,121.0
PHL,Filipinas,Cidade Quezon,Q1475,,0,3084270,,14.65,121.0475
PHL,Filipinas,Manila,Q1461,,1,1902590,,14.595833333333,120.97722222222
PHL,Filipinas,Dábau,Q1473,,0,1848947,,7.0662333333333,125.60944166667
PHL,Filipinas,Caloocan,Q1478,,0,1712945,,14.65,120.96666666667
PHL,Filipinas,Taguig,Q1643,,0,1308085,,14.516666666667,121.05
PHL,Filipinas,Cidade de Zamboanga,Q1629,,0,1018849,,6.9041666666667,122.07611111111
PHL,Filipinas,Cidade de Cebu,Q1467,,0,965332,,10.293,123.902
PHL,Filipinas,Antipolo,Q1636,,0,913712,,14.584244444444,121.17628888889
PHL,Filipinas,Pasig,Q1624,,0,853050,,14.5605,121.0765
PHL,Filipinas,Cagayan de Ouro,Q1645,,0,741617,,8.4833333333333,124.65
PHL,Filipinas,Valenzuela,Q1623,,0,725173,,14.7,120.98333333333
PHL,Filipinas,Paranhaque,Q17182,,0,703245,,14.5008,120.9915
PHL,Filipinas,Q2193,Q2193,,0,685688,,14.8101,121.0475
PHL,Filipinas,Makati,Q1508,,0,629616,,14.556666666667,121.02138888889
PHL,Filipinas,Bacôlod,Q5217,,0,624787,,10.676458333333,122.95091666667
PHL,Filipinas,Las Piñas,Q8854,,0,615549,,14.45,120.98333333333
PHL,Filipinas,Biñan,Q75961,,0,584479,,14.333333333333,121.08333333333
PHL,Filipinas,Calamba,Q75978,,0,575046,,14.216666666667,121.16666666667
PHL,Filipinas,Muntinlupa,Q17176,,0,552225,,14.383333333333,121.05
PLW,Palau,Koror,Q527748,,0,8744,,7.34333,134.48042
PLW,Palau,Ngermid,Q103900442,,0,1196,,7.3390777777778,134.50184722222
PLW,Palau,Airai,Q2663949,,0,920,,7.360083,134.560246
PLW,Palau,Kloulklubed,Q2560228,,0,520,,7.0333333333333,134.25
PLW,Palau,Melequeoque,Q154002,,0,299,,7.49333,134.63417
PLW,Palau,Dongosaru,Q2868400,,0,42,,5.326,132.2199
PLW,Palau,Ngerulmud,Q515229,,1,0,,7.500556,134.624167
PNG,Papua-Nova Guiné,Moro,Q103927888,,0,6310129,,-6.0,144.0
PNG,Papua-Nova Guiné,Port Moresby,Q36526,,1,364125,,-9.4788888888889,147.14944444444
PNG,Papua-Nova Guiné,Lae,Q612250,,0,100677,,-6.7302777777778,147.00083333333
PNG,Papua-Nova Guiné,Arawa,Q626729,,0,38200,,-6.225,155.56666666667
PNG,Papua-Nova Guiné,Mount Hagen,Q1017362,,0,29765,,-5.8666666666667,144.21666666667
PNG,Papua-Nova Guiné,Goroka,Q498192,,0,21507,,-6.0833333333333,145.38333333333
PNG,Papua-Nova Guiné,Kavieng,Q1017358,,0,19849,,-2.5666666666667,150.8
PNG,Papua-Nova Guiné,Daru,Q499375,,0,12879,,-9.0833333333333,143.2
PNG,Papua-Nova Guiné,Alexishaven,Q1626709,,0,10377,,-5.08333333,145.8
PNG,Papua-Nova Guiné,Wau,Q954956,,0,9442,,-7.338889,146.716667
PNG,Papua-Nova Guiné,Kiunga,Q985928,,0,8265,,-6.1166666666667,141.3
PNG,Papua-Nova Guiné,Rabaul,Q218768,,0,7024,,-4.1980555555556,152.16805555556
PNG,Papua-Nova Guiné,Aitape,Q1771821,,0,6931,,-3.1333333333333,142.35
PNG,Papua-Nova Guiné,Finschhafen,Q15217719,,0,1240,,-6.6,147.85
PNG,Papua-Nova Guiné,Kokoda,Q1771884,,0,658,,-8.8777777777778,147.7375
POL,Polônia,Varsóvia,Q270,,1,1862402,,52.23,21.011111111111
POL,Polônia,Aglomeração da Tricidade,Q945451,,0,1223884,,54.455076750109,18.558166619602
POL,Polônia,Łódź,Q580,,0,854003,,51.75,19.466666666667
POL,Polônia,Cracóvia,Q31487,,0,804237,,50.061388888889,19.937222222222
POL,Polônia,Tricidade,Q732001,,0,748986,,54.433333333333,18.55
POL,Polônia,Wrocław,Q1799,,0,674132,,51.11,17.0325
POL,Polônia,Poznań,Q268,,0,551627,,52.408333333333,16.933611111111
POL,Polônia,Gdansk,Q1792,,0,487834,,54.35,18.666666666667
POL,Polônia,Gueto de Varsóvia,Q154607,,0,445000,,52.25,21.0
POL,Polônia,Estetino,Q393,,0,407811,,53.424722222222,14.555277777778
POL,Polônia,Bydgoszcz,Q41252,,0,363926,,53.116666666667,18.0
POL,Polônia,Lublin,Q37333,,0,339850,,51.25,22.566666666667
POL,Polônia,Katowice,Q588,,0,321000,,50.25,19.0
POL,Polônia,Białystok,Q761,,0,297554,,53.116666666667,23.166666666667
POL,Polônia,Gdynia,Q385,,0,247799,,54.5175,18.54
POL,Polônia,Bytom,Q102350,,0,239000,,50.347,18.923
POL,Polônia,Częstochowa,Q103217,,0,228179,,50.80964,19.12217
POL,Polônia,Mokotów,Q1634585,,0,226667,,52.2,21.016944444444
POL,Polônia,Nowa Huta,Q1433149,,0,225000,,50.072222222222,20.0375
POL,Polônia,Radom,Q104740,,0,219703,,51.416666666667,21.15
PRI,Porto Rico,San Juan,Q41211,,1,395326,,18.465277777778,-66.116666666667
PRI,Porto Rico,San Juan,Q125766533,,0,322854,,18.404559,-66.063746
PRI,Porto Rico,Santurce,Q511729,,0,94067,,18.440833333333,-66.047222222222
PRI,Porto Rico,Caño Martín Peña,Q125792362,,0,10997,,18.430367,-66.05007
PRI,Porto Rico,Vieques,Q737624,,0,9301,,18.1252646,-65.4323049
PRI,Porto Rico,Vieques,Q125777769,,0,1668,,18.148491,-65.443951
PRI,Porto Rico,Isabel II barrio-pueblo,Q5920763,,0,1207,,18.14721,-65.4428156
PRI,Porto Rico,Esperanza,Q2166924,,0,947,,18.097222222222,-65.470833333333
PRI,Porto Rico,La Perla,Q6464362,,0,338,,18.46916667,-66.11611111
PRK,Coreia do Norte,Pyongyang,Q18808,,1,4138187,,39.016666666667,125.7475
PRK,Coreia do Norte,Hamhung,Q109356,,0,768551,,39.965555555556,127.48861111111
PRK,Coreia do Norte,Nampo,Q109386,,0,731448,,38.733333333333,125.4
PRK,Coreia do Norte,Chongjin,Q109336,,0,667929,,41.783333333333,129.78333333333
PRK,Coreia do Norte,Sunchon,Q715946,,0,437000,,39.416666666667,125.93333333333
PRK,Coreia do Norte,Wonsan,Q109374,,0,363127,,39.1475,127.44611111111
PRK,Coreia do Norte,Sinŭiju,Q156243,,0,359341,,40.1,124.4
PRK,Coreia do Norte,Tanch'on,Q513537,,0,345875,,40.458,128.911
PRK,Coreia do Norte,Kaechon,Q716127,,0,319554,,39.698611111111,125.90611111111
PRK,Coreia do Norte,Sariwon,Q505807,,0,307764,,38.503888888889,125.75888888889
PRK,Coreia do Norte,Pyongsong,Q514136,,0,284386,,39.25,125.85
PRK,Coreia do Norte,Haeju,Q714865,,0,273300,,38.033333333333,125.71666666667
PRK,Coreia do Norte,Kanggye,Q489825,,0,251971,,40.966666666667,126.6
PRK,Coreia do Norte,Anju,Q196236,,0,240117,,39.616666666667,125.66666666667
PRK,Coreia do Norte,Tokchon,Q715931,,0,237133,,39.761,126.312
PRK,Coreia do Norte,Kimchaek,Q714873,,0,207299,,40.667777777778,129.1975
PRK,Coreia do Norte,Rason,Q221734,,0,196954,,42.344444444444,130.38444444444
PRK,Coreia do Norte,Kusong,Q431845,,0,196515,,39.97919,125.25206
PRK,Coreia do Norte,Hyesan,Q489829,,0,192680,,41.4,128.18333333333
PRK,Coreia do Norte,Chongju,Q213169,,0,189742,,39.69277,125.21015
PRT,Portugal,Lisbon metropolitan area,Q126281580,,0,3049222,,,
PRT,Portugal,Porto metropolitan area,Q126279728,,0,1550000,,,
PRT,Portugal,Nampula,Q323801,,0,743000,,-15.116666666667,39.266666666667
PRT,Portugal,Lisboa,Q597,,1,547733,,38.708042,-9.139016
PRT,Portugal,Sintra,Q190187,,0,385606,,38.797361111111,-9.3904166666667
PRT,Portugal,Vila Nova de Gaia,Q191135,,0,303824,,41.133333333333,-8.6166666666667
PRT,Portugal,Porto,Q36433,,0,231800,,41.15,-8.6108333333333
PRT,Portugal,Cascais,Q273059,,0,214124,,38.696944444444,-9.4205555555556
PRT,Portugal,Nacala Porto,Q990080,,0,206449,,-14.55,40.683333333333
PRT,Portugal,Loures,Q917535,,0,201590,,38.833333333333,-9.1666666666667
PRT,Portugal,Braga,Q83247,,0,193324,,41.533333333333,-8.4166666666667
PRT,Portugal,Braga,Q3344946,,0,181494,,41.550277777778,-8.42
PRT,Portugal,Almada,Q328015,,0,177238,,38.68027778,-9.15833333
PRT,Portugal,Matosinhos,Q841299,,0,172557,,41.186666666667,-8.6844444444444
PRT,Portugal,Oeiras,Q926700,,0,171658,,38.697044444444,-9.3016527777778
PRT,Portugal,Amadora,Q189166,,0,171454,,38.75,-9.2333333333333
PRT,Portugal,Seixal,Q990448,,0,166507,,38.6422246,-9.1072662
PRT,Portugal,Gondomar,Q983483,,0,164257,,41.15,-8.5333333333333
PRT,Portugal,Guimarães,Q170903,,0,156830,,41.445,-8.2908333333333
PRT,Portugal,Odivelas,Q850837,,0,148034,,38.8,-9.1833333333333
PRY,Paraguai,Grande Assunção,Q47005,,0,2343908,,-25.282414,-57.636326
PRY,Paraguai,Região Metropolitana de Ciudad del Este,Q37735,,0,578920,,-25.51,-54.61
PRY,Paraguai,Assunção,Q2933,,1,462241,,-25.28,-57.634444444444
PRY,Paraguai,Ciudad del Este,Q192235,,0,350000,,-25.516666666667,-54.616666666667
PRY,Paraguai,Luque,Q946497,,0,259705,,-25.27,-57.487222222222
PRY,Paraguai,Capiatá,Q723811,,0,236999,,-25.35,-57.42
PRY,Paraguai,San Lorenzo,Q938739,,0,225395,,-25.343055555556,-57.509444444444
PRY,Paraguai,Coronel Oviedo,Q935504,,0,187514,,-25.448144,-56.441076
PRY,Paraguai,Grande Encarnación,Q6173799,,0,173170,,-27.33305556,-55.87
PRY,Paraguai,Caaguazú,Q858120,,0,130000,,-25.46,-56.02
PRY,Paraguai,Pedro Juan Caballero,Q849292,,0,127437,,-22.566666666667,-55.716666666667
PRY,Paraguai,Lambaré,Q47052,,0,127150,,-25.33,-57.64
PRY,Paraguai,Fernando de la Mora,Q47062,,0,110255,,-25.32,-57.54
PRY,Paraguai,Encarnación,Q47138,,0,106842,,-27.333333333333,-55.866666666667
PRY,Paraguai,Presidente Franco,Q2201876,,0,101720,,-25.533333333333,-54.616666666667
PRY,Paraguai,Itá,Q1093448,,0,81084,,-25.483333333333,-57.35
PRY,Paraguai,San Antonio,Q1093479,,0,69976,,-25.379722222222,-57.609722222222
PRY,Paraguai,Areguá,Q135975,,0,67487,,-25.3,-57.416944
PRY,Paraguai,Ypané,Q2717436,,0,66700,,-25.45,-57.53
PRY,Paraguai,Caacupé,Q135959,,0,56864,,-25.386111,-57.140833
PSE,Territórios palestinos,Jerusalém,Q1218,,0,936425,,31.778888888889,35.225555555556
PSE,Territórios palestinos,Gaza,Q47492,,0,749100,,31.5075,34.459722222222
PSE,Territórios palestinos,Jerusalém Oriental,Q212938,,0,236000,,31.78336,35.23388
PSE,Territórios palestinos,Hebrom,Q168225,,0,215452,,31.535,35.098611111111
PSE,Territórios palestinos,Nablus,Q214178,,0,177638,,32.216111111111,35.266111111111
PSE,Territórios palestinos,Rafah,Q172343,,0,171889,,31.288611111111,34.251944444444
PSE,Territórios palestinos,Yatta (Hebrom),Q2282208,,0,167424,,31.447777777778,35.09
PSE,Territórios palestinos,Khan Yunis,Q309348,,0,142637,,31.343889,34.3025
PSE,Territórios palestinos,Rafah Camp,Q2037471,,0,138969,,31.283019444444,34.2532
PSE,Territórios palestinos,Shuja'iyya,Q607406,,0,100000,,31.496933333333,34.468875
PSE,Territórios palestinos,Jabalia Refugee Camp,Q2914814,,0,100000,,31.5347853,34.4972567
PSE,Territórios palestinos,Khan Yunis Camp,Q6400104,,0,95550,,31.35083333,34.28833333
PSE,Territórios palestinos,Nuseirat Camp,Q2918829,,0,93273,,31.45,34.391694444444
PSE,Territórios palestinos,Beit Lahiya,Q803986,,0,89838,,31.5539,34.501380555556
PSE,Territórios palestinos,Tulkarm,Q985531,,0,89759,,32.311111111111,35.030833333333
PSE,Territórios palestinos,Campo de refugiados de Al-Shati,Q2829277,,0,78800,,31.532197,34.445394
PSE,Territórios palestinos,Al-Zaytun,Q17026465,,0,78000,,31.49638889,34.45222222
PSE,Territórios palestinos,Modi'in Illit,Q168140,,0,76374,,31.933276,35.0428924
PSE,Territórios palestinos,Rimal,Q2898949,,0,70000,,31.52,34.443055555556
PSE,Territórios palestinos,Beitar Illit,Q152578,,0,63220,,31.697777777778,35.115277777778
PYF,Polinésia Francesa,Papeete,Q130800,,0,26654,2022,-17.539722222222,-149.56888888889
PYF,Polinésia Francesa,Bora Bora,Q183113,,0,10605,2017,-16.498,-151.736
PYF,Polinésia Francesa,Vaitapé,Q3498189,,0,4927,,-16.5064,-151.749
PYF,Polinésia Francesa,Paopao,Q31930290,,0,4244,2007,-17.5081,-149.819
PYF,Polinésia Francesa,Haapiti,Q9284831,,0,4058,2012,-17.56027778,-149.87138889
PYF,Polinésia Francesa,Afareaitu,Q9141639,,0,3321,2008,-17.54944444,-149.79055556
PYF,Polinésia Francesa,Omo'a,Q4334653,,0,247,2002,-10.512222222222,-138.68277777778
PYF,Polinésia Francesa,Uturoa,Q93979253,,0,,,-16.733333055556,-151.45
PYF,Polinésia Francesa,Avera,Q9162927,,0,,,-22.44,-151.34
PYF,Polinésia Francesa,Vairao,Q7908841,,0,,,-17.819166666667,-149.29222222222
PYF,Polinésia Francesa,Pao Pao,Q7132065,,0,,,,
PYF,Polinésia Francesa,Vaiuru,Q61439048,,0,,,-23.86888889,-147.64527778
PYF,Polinésia Francesa,Vaiaau,Q61439046,,0,,,-16.85888889,-151.48027778
PYF,Polinésia Francesa,Tehurui,Q61439028,,0,,,-16.8375,-151.48194444
PYF,Polinésia Francesa,Teavaro,Q61439027,,0,,,-17.50777778,-149.77
PYF,Polinésia Francesa,Rairua-Mahanatoa,Q61438978,,0,,,-23.86777778,-147.68027778
PYF,Polinésia Francesa,Puohine,Q61438973,,0,,,-16.89055556,-151.39972222
PYF,Polinésia Francesa,Fetuna,Q61437983,,0,,,-16.90138889,-151.43388889
PYF,Polinésia Francesa,Ahurei,Q4696426,,0,,,-27.6189,-144.3342
PYF,Polinésia Francesa,Afatauri,Q4688820,,0,,,-17.7875,-149.13055555556
QAT,Catar,Doha,Q3861,,1,1312947,,25.286205555556,51.529436111111
QAT,Catar,Al Rayyan,Q311272,,0,605712,,25.308333333333,51.366666666667
QAT,Catar,Al Khor,Q1156471,,0,202031,,25.76667,51.31667
QAT,Catar,Al-Shahaniya,Q12188815,,0,161240,,25.37222222,51.20472222
QAT,Catar,Al-Wakrah,Q310893,,0,87970,,25.18,51.61
QAT,Catar,Al Daayen,Q310786,,0,54339,,25.58333333,51.46666667
QAT,Catar,Al Khor,Q311717,,0,31547,,25.68389,51.50583
QAT,Catar,Al Utouriya,Q22948580,,0,1060,,25.515,51.203055555556
REU,Reunião,Saint-Denis,Q47045,,0,156149,2022,-20.878888888889,55.448055555556
REU,Reunião,Saint-Paul,Q316887,,0,106220,2022,-21.009722222222,55.269722222222
REU,Reunião,Saint-Pierre,Q249884,,0,85254,2022,-21.341944444444,55.477777777778
REU,Reunião,Le Tampon,Q13648,,0,81964,2022,-21.278055555556,55.515277777778
REU,Reunião,Saint-André,Q1649370,,0,57546,2022,-20.960555555556,55.650555555556
REU,Reunião,Saint-Louis,Q1617681,,0,54478,2022,-21.286666666667,55.409166666667
REU,Reunião,Saint-Joseph,Q305275,,0,38992,2022,-21.378611111111,55.619166666667
REU,Reunião,Saint-Benoît,Q478215,,0,37585,2022,-21.033888888889,55.712777777778
REU,Reunião,La Possession,Q429770,,0,36390,2022,-20.926388888889,55.335833333333
REU,Reunião,Saint-Leu,Q1649363,,0,35597,2022,-21.166388888889,55.286944444444
REU,Reunião,Sainte-Marie,Q662942,,0,35584,2022,-20.896944444444,55.549166666667
REU,Reunião,Le Port,Q956943,,0,33670,2022,-20.939444444444,55.287222222222
REU,Reunião,Sainte-Suzanne,Q1757048,,0,24855,2022,-20.905555555556,55.607222222222
REU,Reunião,L'Étang-Salé,Q1014771,,0,14329,2022,-21.266111111111,55.366944444444
REU,Reunião,Bras-Panon,Q691092,,0,13131,2022,-20.995277777778,55.676111111111
REU,Reunião,Petite-Île,Q1326390,,0,12920,2022,-21.355833333333,55.565833333333
REU,Reunião,Les Avirons,Q1014814,,0,11445,2022,-21.241944444444,55.333333333333
REU,Reunião,Salazie,Q1014778,,0,7333,2022,-21.0275,55.54
REU,Reunião,Entre-Deux,Q1014800,,0,7115,2022,-21.248888888889,55.470277777778
REU,Reunião,Les Trois-Bassins,Q1014763,,0,7113,2022,-21.105833333333,55.295
ROU,Romênia,Bucareste,Q19660,,1,2067000,,44.413361111111,26.097777777778
ROU,Romênia,Sector 6,Q167280,,0,367760,,44.43527778,26.10277778
ROU,Romênia,Brașov,Q82174,,0,363736,,45.652222222222,25.610555555556
ROU,Romênia,Constança,Q79808,,0,350581,,44.1767161,28.6507598
ROU,Romênia,Iași,Q46852,,0,344425,,47.162222222222,27.588888888889
ROU,Romênia,Timișoara,Q83404,,0,334115,,45.759722222222,21.23
ROU,Romênia,Cluj-Napoca,Q100188,,0,328602,,46.76891,23.59066
ROU,Romênia,Craiova,Q168057,,0,304142,,44.333333333333,23.816666666667
ROU,Romênia,Sector 4,Q687235,,0,287828,,44.43527778,26.10277778
ROU,Romênia,Sector 5,Q167630,,0,271575,,44.43527778,26.10277778
ROU,Romênia,Ploiești,Q179585,,0,252715,,44.941111111111,26.0225
ROU,Romênia,Galați,Q170996,,0,249432,,45.423333333333,28.0425
ROU,Romênia,Brăila,Q188478,,0,234110,,45.269166666667,27.9575
ROU,Romênia,Sector 1,Q2162427,,0,225453,,44.43527778,26.10277778
ROU,Romênia,Oradea,Q93358,,0,222741,,47.072222222222,21.921111111111
ROU,Romênia,Arad,Q173591,,0,190114,,46.166666666667,21.316666666667
ROU,Romênia,Pitești,Q187938,,0,179337,,44.866666666667,24.883333333333
ROU,Romênia,Târgu Mureș,Q186349,,0,164445,,46.549722222222,24.559722222222
ROU,Romênia,Baia Mare,Q185280,,0,150000,,47.656666666667,23.571944444444
ROU,Romênia,Buzău,Q201404,,0,148087,,45.151666666667,26.816666666667
RUS,Rússia,Moscovo,Q649,,0,13274285,2025,55.750555555556,37.6175
RUS,Rússia,São Petersburgo,Q656,,0,5652922,2025,59.95,30.316666666667
RUS,Rússia,Novosibirsk,Q883,,0,1637266,2025,55.033333333333,82.916666666667
RUS,Rússia,Ecaterimburgo,Q887,,0,1468833,2018,56.835555555556,60.612777777778
RUS,Rússia,Cazã,Q900,,0,1329825,2025,55.790833333333,49.114444444444
RUS,Rússia,Níjni Novgorod,Q891,,0,1198245,2025,56.326944444444,44.0075
RUS,Rússia,Samara,Q894,,0,1154223,2025,53.183333333333,50.116666666667
RUS,Rússia,Ufa,Q911,,0,1144809,2021,54.726111111111,55.9475
RUS,Rússia,Omsk,Q898,,0,1101367,2025,54.966666666667,73.383333333333
RUS,Rússia,Krasnoyarsk,Q919,,0,1092851,2021,56.008888888889,92.871944444444
RUS,Rússia,Voronej,Q3426,,0,1041722,2025,51.671666666667,39.210555555556
RUS,Rússia,Perm,Q915,,0,1027518,2025,58.013888888889,56.248888888889
RUS,Rússia,Volgogrado,Q914,,0,1012219,2025,48.708611111111,44.514722222222
RUS,Rússia,Saratov,Q5332,,0,838042,2020,51.53,46.035
RUS,Rússia,Togliatti,Q1341,,0,662683,2025,53.516666666667,49.416666666667
RUS,Rússia,Mahackala,Q5168,,0,662660,2023,42.9825,47.505
RUS,Rússia,Ijevsk,Q5426,,0,616297,2025,56.85,53.216666666667
RUS,Rússia,Khabarovsk,Q4454,,0,615600,2025,48.483333333333,135.06666666667
RUS,Rússia,Irkutsk,Q6576,,0,605708,2025,52.289166666667,104.28
RUS,Rússia,Vladivostok,Q959,,0,591628,2024,43.115,131.88527777778
RWA,Ruanda,Quigali,Q3859,,1,1156663,,-1.9536111111111,30.060555555556
RWA,Ruanda,Gitarama,Q668180,,0,319141,,-2.0783333333333,29.758055555556
RWA,Ruanda,Ruhengeri,Q246145,,0,153368,,-1.4944444444444,29.641666666667
RWA,Ruanda,Gisozi,Q10289963,,0,75611,,-1.92,30.061666666667
RWA,Ruanda,Gisenyi,Q830631,,0,53603,,-1.6927777777778,29.25
RWA,Ruanda,Rutongo,Q3453668,,0,50000,,-1.8175,30.059166666667
RWA,Ruanda,Kibungo (distrito),Q6404086,,0,43582,,-2.1583333333333,30.545833333333
RWA,Ruanda,"Nyundo, Rubavu",Q15045858,,0,42305,,-1.7013888888889,29.325
RWA,Ruanda,Kabuga,Q3191685,,0,40202,,-1.97649,30.2247
RWA,Ruanda,Byumba,Q391747,,0,36401,,-1.5794444444444,30.069444444444
RWA,Ruanda,Juru,Q21405762,,0,33753,,-2.1177777777778,30.246388888889
RWA,Ruanda,Ciangugu,Q782857,,0,27416,,-2.4833333333333,28.896666666667
RWA,Ruanda,Murambi,Q6937304,,0,27283,,-1.8133333333333,30.045555555556
RWA,Ruanda,Kibeho,Q1740795,,0,25885,,-2.6502777777778,29.556666666667
RWA,Ruanda,Nyanza,Q528679,,0,25417,,-2.3516666666667,29.750833333333
RWA,Ruanda,Buyoga,Q5003385,,0,24721,,-1.6897222222222,30.015277777778
RWA,Ruanda,Butare,Q509739,,0,19937,,-2.6,29.75
RWA,Ruanda,Ruamagana,Q246139,,0,18009,,-1.9525,30.437777777778
RWA,Ruanda,Nyamata,Q2356928,,0,17076,,-2.1958333333333,30.122222222222
RWA,Ruanda,Ruhango,Q12884189,,0,17051,,-2.2325,29.780277777778
SAU,Arábia Saudita,Riade,Q3692,,1,7676655,,24.65,46.71
SAU,Arábia Saudita,Jidá,Q374365,,0,4697000,,21.542777777778,39.172777777778
SAU,Arábia Saudita,Meca,Q5806,,0,2427924,,21.4225,39.826111111111
SAU,Arábia Saudita,Medina,Q35484,,0,1411599,,24.47,39.61
SAU,Arábia Saudita,Dammam,Q160320,,0,903312,,26.433333333333,50.1
SAU,Arábia Saudita,Tabuk,Q244232,,0,886036,,28.397222222222,36.578888888889
SAU,Arábia Saudita,Al Hufuf,Q27136,,0,660788,,25.3608,49.5997
SAU,Arábia Saudita,Buraydah,Q259253,,0,614093,,26.333333333333,43.966666666667
SAU,Arábia Saudita,Ta’if,Q182640,,0,579970,,21.266666666667,40.416666666667
SAU,Arábia Saudita,Khamis Mushait,Q759381,,0,430828,,18.3,42.733333333333
SAU,Arábia Saudita,Hafar Al-Batin,Q27400,,0,389993,,28.434166666667,45.963611111111
SAU,Arábia Saudita,Jubail,Q27430,,0,378949,,27.0,49.666666666667
SAU,Arábia Saudita,Jubail,Q12185424,,0,337778,,25.4,49.65
SAU,Arábia Saudita,Abha,Q190948,,0,334290,,18.216666666667,42.5
SAU,Arábia Saudita,Ha'il,Q675568,,0,310897,,27.516666666667,41.683333333333
SAU,Arábia Saudita,Iambo,Q466027,,0,300000,,24.088263888889,38.058194444444
SAU,Arábia Saudita,Najrã,Q27174,,0,298288,,17.4917,44.1322
SAU,Arábia Saudita,Al-Kharj,Q16123684,,0,295462,,24.1483326,47.30500031
SAU,Arábia Saudita,Unaizah,Q27138,,0,250000,,26.084,43.994
SAU,Arábia Saudita,Khobar,Q311266,,0,219679,,26.3,50.216666666667
SDN,Sudão,Sudão,Q1049,,0,48945000,,15.0,32.0
SDN,Sudão,Cartum,Q1963,,1,6527500,,15.60308,32.52654
SDN,Sudão,Omdurman,Q180921,,0,2805396,,15.683517,32.462887
SDN,Sudão,Mayo,Q85874943,,0,1000000,,15.483333333333,32.552222222222
SDN,Sudão,Cartum do Norte,Q310114,,0,936349,,15.633333333333,32.633333333333
SDN,Sudão,Porto Sudão,Q208718,,0,579942,,19.61745,37.21644
SDN,Sudão,Al-Ubayyid,Q309475,,0,560471,,13.183333333333,30.216666666667
SDN,Sudão,Kassala,Q686813,,0,536009,,15.45,36.4
SDN,Sudão,Kosti,Q587715,,0,528458,,13.166666666667,32.666666666667
SDN,Sudão,Niala,Q851576,,0,492984,,12.05,24.883333333333
SDN,Sudão,Al Qadarif,Q311199,,0,354927,,14.033333333333,35.383333333333
SDN,Sudão,Al-Fashir,Q311204,,0,286277,,13.626983333333,25.349583333333
SDN,Sudão,Kurmuk,Q2329622,,0,250000,,10.5563,34.2848
SDN,Sudão,Geneina,Q311309,,0,200000,,13.45,22.45
SDN,Sudão,Ad-Damazin,Q311307,,0,200000,,11.766666666667,34.35
SDN,Sudão,Abu Shouk IDP camp,Q136340127,,0,190000,,13.67676,25.34932
SDN,Sudão,Senar (cidade),Q611867,,0,143059,,13.55,33.6
SDN,Sudão,Atbara,Q753906,,0,139768,,17.716666666667,33.983333333333
SDN,Sudão,Gereida,Q15615482,,0,120000,,11.277,25.142
SDN,Sudão,Kalma IDP Camp,Q11295161,,0,90000,,12.014,25.002
SEN,Senegal,Dacar,Q3718,,1,1438725,,14.672555555556,-17.432
SEN,Senegal,Pikine,Q1273644,,0,1170791,,14.744,-17.402055555556
SEN,Senegal,Touba,Q657072,,0,529176,,14.866666666667,-15.883333333333
SEN,Senegal,Thiès,Q600693,,0,391253,,14.791638888889,-16.924944444444
SEN,Senegal,Yeumbeul Arrondissement,Q2370894,,0,312444,,14.776111111111,-17.3575
SEN,Senegal,Rufisque,Q1019424,,0,295459,,14.714027777778,-17.272305555556
SEN,Senegal,M'Bour,Q1019431,,0,284189,,14.410444444444,-16.964944444444
SEN,Senegal,Saint-Louis,Q273779,,0,258592,,16.033333333333,-16.5
SEN,Senegal,Keur Massar Nord,Q125698430,,0,224765,,14.784416666667,-17.309472222222
SEN,Senegal,Ziguinchor,Q202776,,0,205294,,12.586111111111,-16.27075
SEN,Senegal,Yeumbeul Nord,Q3572236,,0,204375,,14.776277777778,-17.352527777778
SEN,Senegal,Q125731972,Q125731972,,0,201653,,14.784416666667,-17.309472222222
SEN,Senegal,Grand Yoff,Q3114638,,0,186775,,14.739083333333,-17.458111111111
SEN,Senegal,Kaolack,Q847677,,0,172305,,14.15197,-16.07259
SEN,Senegal,União de Parcelles Assainies,Q3234447,,0,167671,,14.757527777778,-17.437833333333
SEN,Senegal,Thiès Est,Q3524781,,0,166256,,14.781972222222,-16.910555555556
SEN,Senegal,Mbao,Q3303488,,0,149456,,14.73083333,-17.32444444
SEN,Senegal,Q3026043,Q3026043,,0,139376,,14.748388888889,-17.352333333333
SEN,Senegal,Thiès Nord,Q3524782,,0,136138,,14.8005,-16.926972222222
SEN,Senegal,Rufisque Nord,Q3452793,,0,126253,,14.722222222222,-17.263055555556
SGP,Singapura,Singapura,Q334,,1,5888926,,1.3,103.8
SGP,Singapura,Bukit Merah,Q4986926,,0,151870,,1.2819055555556,103.82391944444
SGP,Singapura,Serangoon,Q10861231,,0,120670,,1.3636111111111,103.8675
SGP,Singapura,Clementi,Q4259064,,0,91630,,1.3161805555556,103.76493888889
SGP,Singapura,Bishan,Q3249777,,0,88120,,1.35083,103.851
SGP,Singapura,Boon Keng,Q4943564,,0,10970,,1.3155722222222,103.873225
SGP,Singapura,Tengah,Q7699745,,0,10,,1.362434,103.731853
SGS,Ilhas Geórgia do Sul e Sandwich do Sul,Cabo Rei Eduardo,Q393878,,0,22,,-54.282264,-36.48714
SHN,Santa Helena,Jamestown,Q30970,,1,714,,-15.925138888889,-5.7179166666667
SLB,Ilhas Salomão,Honiara,Q40921,,1,92344,,-9.433333,159.95
SLB,Ilhas Salomão,Gizo,Q1236908,,0,7177,,-8.1,156.85
SLB,Ilhas Salomão,Auki,Q538476,,0,6811,,-8.7683333333333,160.69694444444
SLB,Ilhas Salomão,"Burns Creek, Honiara",Q25042019,,0,5000,,-9.423306,160.023881
SLB,Ilhas Salomão,Munda,Q617069,,0,4850,,-8.3280555555556,157.27083333333
SLB,Ilhas Salomão,Wagina Island,Q2713838,,0,1636,,-7.4392352055876,157.76740604381
SLB,Ilhas Salomão,Lata,Q646756,,0,553,,-10.723333333333,165.79638888889
SLB,Ilhas Salomão,Ilha Taro,Q1440679,,0,440,,-6.7113888888889,156.39638888889
SLE,Serra Leoa,Freetown,Q3780,,1,1055964,,8.4872222222222,-13.235555555556
SLE,Serra Leoa,Bo,Q844878,,0,233684,,7.9563888888889,-11.74
SLE,Serra Leoa,Waterloo (Serra Leoa),Q623241,,0,213778,,8.3383333333333,-13.071944444444
SLE,Serra Leoa,Kenema,Q634698,,0,188463,,7.8833333333333,-11.183333333333
SLE,Serra Leoa,Makeni,Q42678,,0,125970,,8.8816666666667,-12.044166666667
SLE,Serra Leoa,Port Loko,Q1635196,,0,44900,,8.7666666666667,-12.783333333333
SLE,Serra Leoa,Moyamba,Q913292,,0,11485,,8.1605555555556,-12.433333333333
SLE,Serra Leoa,Daru,Q5225758,,0,5958,,7.9919444444444,-10.840555555556
SLE,Serra Leoa,Lakka,Q17110288,,0,4500,,8.34388924,-13.07388878
SLE,Serra Leoa,"Dublin, Banana Islands",Q17018660,,0,842,,8.116576,-13.213849
SLV,El Salvador,Metropolitan Area of San Salvador,Q11112542,,0,1711476,,13.697597222222,-89.191155555556
SLV,El Salvador,Central San Salvador,Q125417966,,0,673319,,13.697597222222,-89.191155555556
SLV,El Salvador,Eastern San Salvador,Q125267772,,0,496761,,13.703627777778,-89.150161111111
SLV,El Salvador,San Salvador,Q3110,,1,415346,,13.697597222222,-89.191155555556
SLV,El Salvador,Central San Miguel,Q133451964,,0,290274,,13.480358333333,-88.177222222222
SLV,El Salvador,Santa Ana,Q739664,,0,250760,,13.994744444444,-89.556608333333
SLV,El Salvador,Central Santa Ana,Q130297940,,0,250760,,13.994744444444,-89.556608333333
SLV,El Salvador,San Miguel de la Frontera,Q672458,,0,232887,,13.480358333333,-88.177222222222
SLV,El Salvador,Western La Libertad,Q133468016,,0,182512,,13.704736111111,-89.341305555556
SLV,El Salvador,Central Ahuachapán,Q127280248,,0,180913,,13.923388888889,-89.846294444444
SLV,El Salvador,Southern San Salvador,Q126942854,,0,166671,,13.657844444444,-89.183
SLV,El Salvador,Eastern Sonsonate,Q127416299,,0,166110,,13.746183333333,-89.675633333333
SLV,El Salvador,Western San Salvador,Q124637299,,0,164756,,13.801272222222,-89.179080555556
SLV,El Salvador,Central La Libertad,Q127692960,,0,162760,,13.876372222222,-89.358458333333
SLV,El Salvador,Central Sonsonate,Q125448630,,0,149482,,13.720613888889,-89.727486111111
SLV,El Salvador,Eastern Usulután,Q133492634,,0,149297,,13.343788888889,-88.438230555556
SLV,El Salvador,Western Santa Ana,Q130298063,,0,148164,,13.985291666667,-89.680244444444
SLV,El Salvador,Southern Cuscatlán,Q133467436,,0,145310,,13.721708333333,-88.934544444444
SLV,El Salvador,Southern La Libertad,Q133469964,,0,138237,,13.673722222222,-89.288597222222
SLV,El Salvador,Ahuachapán,Q186935,,0,127301,,13.923388888889,-89.846294444444
SMR,San Marino,Dogana,Q1642645,,0,7000,,43.95,12.5
SMR,San Marino,San Marino,Q1848,,1,4429,,43.932011111111,12.44845
SOM,Somália,Waqooyi Bari,Q2621587,,0,2500000,,9.13333333,48.41666667
SOM,Somália,Mogadixo,Q2449,,1,2120000,,2.0391666666667,45.341944444444
SOM,Somália,Hargeisa,Q168652,,0,1227620,,9.565556,44.060556
SOM,Somália,Bosaso,Q331556,,0,1067000,,11.283333333333,49.183333333333
SOM,Somália,Merca,Q657428,,0,230100,,1.715556,44.770278
SOM,Somália,Kismayo,Q270787,,0,166667,,-0.36027777777778,42.548888888889
SOM,Somália,Borama,Q893092,,0,68074,,9.9330555555556,43.181666666667
SOM,Somália,Harardhere,Q598676,,0,65523,,4.6544444444444,47.8575
SOM,Somália,Jilib,Q1509787,,0,45000,,0.49416666666667,42.774444444444
SOM,Somália,Garbahaarey,Q1017167,,0,43000,,3.35,42.266666666667
SOM,Somália,Erigavo,Q1017183,,0,41000,,10.618055555556,47.37
SOM,Somália,Barawa,Q613246,,0,32800,,1.1133333333333,44.030277777778
SOM,Somália,Eyl,Q1019060,,0,21700,,7.9666666666667,49.85
SOM,Somália,Bayla,Q2737490,,0,16700,,9.4941666666667,50.812222222222
SOM,Somália,Hobyo,Q1016908,,0,12564,,5.3513888888889,48.525555555556
SOM,Somália,El Afweyn,Q5350699,,0,12159,,9.92739,47.2152
SOM,Somália,Qoryoley,Q2054709,,0,7978,,1.76666667,44.51666667
SOM,Somália,Q124538147,Q124538147,,0,700,,-0.34861111111111,42.383055555556
SOM,Somália,Gori Rit,Q49256213,,0,300,,7.9861111111111,48.100833333333
SPM,São Pedro e Miquelão,Saint-Pierre,Q185678,,0,5282,2021,46.818888888889,-56.343888888889
SPM,São Pedro e Miquelão,ile aux Marins,Q292246,,0,0,,46.786111111111,-56.148611111111
SPM,São Pedro e Miquelão,Miquelon,Q1932388,,0,,,47.1,-56.377777777778
SRB,Sérvia,City of Belgrade,Q2074197,,0,1681405,,44.81666668,20.46666668
SRB,Sérvia,Belgrado,Q3711,,1,1378682,,44.817777777778,20.456944444444
SRB,Sérvia,Novi Sad,Q55630,,0,260438,,45.264444444444,19.831666666667
SRB,Sérvia,Pristina Municipality,Q3625575,,0,227154,,42.66666667,21.16666667
SRB,Sérvia,Pristina,Q25270,,0,207477,,42.666666666667,21.166666666667
SRB,Sérvia,Prizren,Q200061,,0,186986,,42.23,20.74
SRB,Sérvia,Niš,Q129259,,0,183164,,43.319166666667,21.896111111111
SRB,Sérvia,Zemun,Q189419,,0,177908,,44.85,20.4
SRB,Sérvia,Zvezdara,Q12645852,,0,151808,,44.783333,20.533333
SRB,Sérvia,Kragujevac,Q167394,,0,150835,,44.010111111111,20.917222222222
SRB,Sérvia,Prizren Municipality,Q2507200,,0,147428,,42.21666667,20.73333333
SRB,Sérvia,Ferizaj Municipality,Q2048755,,0,109345,,42.36667,21.13333
SRB,Sérvia,Subotica,Q170287,,0,105681,,46.1002058,19.6653273
SRB,Sérvia,Peć,Q112657,,0,96450,,42.65913,20.28828
SRB,Sérvia,Valjevo,Q208015,,0,90312,,44.266666666667,19.883333333333
SRB,Sérvia,Podujeva Municipality,Q860399,,0,88499,,42.9,21.183333333333
SRB,Sérvia,Gjilan Municipality,Q2513453,,0,82901,,42.46472222,21.46694444
SRB,Sérvia,Peja Municipality,Q2507287,,0,82661,,42.66,20.29222222
SRB,Sérvia,Zrenjanin,Q201125,,0,81316,,45.377777777778,20.386111111111
SRB,Sérvia,Pančevo,Q205432,,0,78938,,44.873888888889,20.651944444444
SSD,Sudão do Sul,Juba,Q1947,,1,525953,,4.8538888888889,31.5825
SSD,Sudão do Sul,Wau,Q276534,,0,320752,,7.7,27.983333333333
SSD,Sudão do Sul,Bor (Sudão do Sul),Q893274,,0,315351,,6.2166666666667,31.55
SSD,Sudão do Sul,Wuji Payam,Q126070906,,0,250000,,,
SSD,Sudão do Sul,Malakal,Q220049,,0,147450,,9.5333333333333,31.65
SSD,Sudão do Sul,Yambio,Q986355,,0,130250,,4.5666666666667,28.416666666667
SSD,Sudão do Sul,Raga (distrito),Q25101043,,0,77203,,,
SSD,Sudão do Sul,Maridi,Q3132444,,0,65072,,4.9158333333333,29.473888888889
SSD,Sudão do Sul,Imvepi Refugee Settlement,Q55614362,,0,57758,,3.2452,31.2841
SSD,Sudão do Sul,Nasir,Q1965843,,0,43733,,8.6,33.066666666667
SSD,Sudão do Sul,Aweil,Q791685,,0,40054,,8.7666666666667,27.4
SSD,Sudão do Sul,Torit,Q1010278,,0,17957,,4.4166666666667,32.566666666667
SSD,Sudão do Sul,Leer,Q3228987,,0,17827,,8.30179024,30.14179039
SSD,Sudão do Sul,Tonj,Q1371016,,0,17340,,7.28,28.68
SSD,Sudão do Sul,Yirol,Q3132425,,0,11650,,6.56,30.51
SSD,Sudão do Sul,Bentiu,Q818284,,0,7781,,9.25,29.8
SSD,Sudão do Sul,Kodok,Q1888763,,0,7709,,9.8875,32.110277777778
SSD,Sudão do Sul,Kapoeta,Q1018945,,0,6308,,4.7666666666667,33.583333333333
STP,São Tomé e Príncipe,São Tomé,Q3932,,1,71868,,0.3375,6.7283333333333
STP,São Tomé e Príncipe,Santana,Q1552353,,0,7496,,0.25305555555556,6.7413888888889
STP,São Tomé e Príncipe,São João dos Angolares,Q2209215,,0,6636,,0.13381944444444,6.6483333333333
STP,São Tomé e Príncipe,Trindade,Q1635802,,0,6636,,0.3,6.6666666666667
STP,São Tomé e Príncipe,Praia Melão,Q30624655,,0,2668,,0.304,6.7506
STP,São Tomé e Príncipe,Guadalupe,Q1552608,,0,1734,,0.36666666666667,6.6333333333333
STP,São Tomé e Príncipe,Santo António,Q973656,,0,1300,,1.6366666666667,7.4177777777778
STP,São Tomé e Príncipe,Ilhéu das Rolas,Q1535148,,0,224,,-0.0037777777777778,6.5223888888889
STP,São Tomé e Príncipe,Q65153437,Q65153437,,0,127,,0.2851140201796,6.7022073033742
SUR,Suriname,Paramaribo,Q3001,,1,242946,,5.8666666666667,-55.166666666667
SUR,Suriname,Lelydorp,Q935545,,0,19991,,5.6966666666667,-55.216666666667
SUR,Suriname,Beekhuizen,Q1757528,,0,17185,,5.8083333333333,-55.177777777778
SUR,Suriname,Nieuw Nickerie,Q738313,,0,13842,,5.9261111111111,-56.973055555556
SUR,Suriname,Meerzorg,Q1018882,,0,12405,,5.8072222222222,-55.146944444444
SUR,Suriname,Moengo,Q24226,,0,10834,,5.6166666666667,-54.4
SUR,Suriname,Tamanredjo,Q2613286,,0,6601,,5.7816666666667,-55.019444444444
SUR,Suriname,Nieuw Amsterdam,Q762619,,0,5650,,5.8833333333333,-55.083333333333
SUR,Suriname,Mariënburg,Q908006,,0,5561,,5.8736111111111,-55.048055555556
SUR,Suriname,Domburg,Q650018,,0,5500,,5.6880555555556,-55.0875
SUR,Suriname,Albina,Q580016,,0,5247,,5.5,-54.05
SUR,Suriname,Brokopondo,Q926060,,0,4482,,5.0666666666667,-54.966666666667
SUR,Suriname,Wageningen,Q24224,,0,2937,,5.7688888888889,-56.686388888889
SUR,Suriname,Groningen,Q508935,,0,2818,,5.7833333333333,-55.466666666667
SUR,Suriname,Onverwacht,Q1861566,,0,2000,,5.5930555555556,-55.193888888889
SUR,Suriname,Paranam,Q953057,,0,1800,,5.6072222222222,-55.09
SUR,Suriname,Galibi,Q2554506,,0,741,,5.7069444444444,-54.014166666667
SUR,Suriname,Bigi Poika,Q859684,,0,525,,5.4144444444444,-55.504722222222
SUR,Suriname,Pokigron,Q1187718,,0,500,,4.4911111111111,-55.365
SUR,Suriname,Q113915029,Q113915029,,0,450,,4.55,-55.283333333333
SVK,Eslováquia,Bratislava,Q1780,,1,479389,,48.144722222222,17.112777777778
SVK,Eslováquia,Košice,Q25409,,0,238593,,48.716666666667,21.25
SVK,Eslováquia,Petržalka,Q1013328,,0,114000,,48.133333333333,17.116666666667
SVK,Eslováquia,Prešov,Q26119,,0,93977,,49.0,21.233333333333
SVK,Eslováquia,Žilina,Q25797,,0,91000,,49.216666666667,18.733333333333
SVK,Eslováquia,Nitra,Q26397,,0,87285,,48.314722222222,18.0875
SVK,Eslováquia,Banská Bystrica,Q144983,,0,83696,,48.735277777778,19.145277777778
SVK,Eslováquia,Ružinov,Q934473,,0,83401,,48.14361111,17.19416667
SVK,Eslováquia,Trnava,Q26175,,0,68828,,48.37775,17.586211111111
SVK,Eslováquia,Trenčín,Q145002,,0,58931,,48.894166666667,18.040555555556
SVK,Eslováquia,Poprad,Q26393,,0,55158,,49.05,20.3
SVK,Eslováquia,Martin,Q27001,,0,54978,,49.063611111111,18.921388888889
SVK,Eslováquia,Prievidza,Q208750,,0,48134,,48.771388888889,18.624166666667
SVK,Eslováquia,Old Town of Bratislava,Q1898406,,0,47635,,48.143333333333,17.1075
SVK,Eslováquia,Nové Mesto,Q740351,,0,45591,,48.17222222,17.12861111
SVK,Eslováquia,Zvolen,Q11874,,0,44331,,48.575204,19.139071
SVK,Eslováquia,Považská Bystrica,Q319787,,0,42733,,49.116666666667,18.45
SVK,Eslováquia,Michalovce,Q460925,,0,40027,,48.7575,21.918333333333
SVK,Eslováquia,Spišská Nová Ves,Q462840,,0,39218,,48.95,20.566666666667
SVK,Eslováquia,Nové Zámky,Q276362,,0,38172,,47.9859797,18.1632228
SVN,Eslovênia,Ljubljana City Municipality,Q3434113,,0,296228,,46.0544,14.5087
SVN,Eslovênia,Liubliana,Q437,,1,286745,,46.051388888889,14.506111111111
SVN,Eslovênia,Maribor,Q1010,,0,116147,,46.55,15.633333333333
SVN,Eslovênia,Cidade Municipal de Maribor,Q3435104,,0,113113,,46.55,15.65
SVN,Eslovênia,Cidade Municipal de Kranj,Q3441893,,0,57133,,46.2422,14.3577
SVN,Eslovênia,City Municipality of Koper,Q556203,,0,54421,,45.548,13.7301
SVN,Eslovênia,Cidade Municipal de Celje,Q3441823,,0,49602,,46.23333333,15.26666667
SVN,Eslovênia,Celje,Q1012,,0,40710,,46.22909194,15.264128741
SVN,Eslovênia,Kranj,Q1021,,0,38024,,46.23887,14.35561
SVN,Eslovênia,Cidade Municipal do Novo,Q398116,,0,37587,,45.7851,15.19833
SVN,Eslovênia,City Municipality of Velenje,Q3441849,,0,34140,,46.3621,15.1105
SVN,Eslovênia,Nova Gorica,Q3435478,,0,32193,,45.9548,13.6492
SVN,Eslovênia,Município de Kamnik,Q3503153,,0,29933,,46.225,14.616666666667
SVN,Eslovênia,Velenje,Q15928,,0,27337,,46.366666666667,15.116666666667
SVN,Eslovênia,Município de Krsko,Q3484655,,0,26224,,45.95,15.48333333
SVN,Eslovênia,Municipality of Slovenska Bistrica,Q11211457,,0,26206,,46.4,15.566666666667
SVN,Eslovênia,Koper,Q1015,,0,26054,,45.547542728,13.7306571
SVN,Eslovênia,Município de Brezice,Q906879,,0,24459,,45.9,15.58333333
SVN,Eslovênia,Novo Mesto,Q5266,,0,24183,,45.798055555556,15.162777777778
SVN,Eslovênia,City Municipality of Ptuj,Q3441808,,0,23741,,46.4196,15.8697
SWE,Suécia,Região Transnacional de Oresund,Q297853,,0,3852993,,55.566666666667,12.816666666667
SWE,Suécia,Área metropolitana de Estocolmo,Q427543,,0,2415139,,59.333333333333,18.166666666667
SWE,Suécia,Stockholm urban area,Q94385,,0,1652895,,59.310087557972,18.046331211663
SWE,Suécia,Área Metropolitana de Gotemburgo,Q94395,,0,1077128,,57.704444444444,11.991111111111
SWE,Suécia,Município de Estocolmo,Q506250,,0,998782,,59.3275,18.054719444444
SWE,Suécia,Gotemburgo,Q52502,,0,984761,,57.7,11.933333333333
SWE,Suécia,Estocolmo,Q1754,,1,984748,,59.329444444444,18.068611111111
SWE,Suécia,Área Metropolitana de Malmö,Q94298,,0,705423,,,
SWE,Suécia,Gotemburgo,Q25287,,0,674529,,57.7075,11.9675
SWE,Suécia,Malmö,Q503361,,0,368135,,55.565,13.018611111111
SWE,Suécia,Malmö,Q2211,,0,339316,,55.583333333333,13.0
SWE,Suécia,Uppsala,Q59091,,0,249836,,59.866666666667,17.633333333333
SWE,Suécia,Uppsala,Q25286,,0,174982,,59.849760548324,17.638946597524
SWE,Suécia,Linköping,Q499410,,0,168737,,58.4,15.616666666667
SWE,Suécia,Västerås,Q34550,,0,161236,,59.616666666667,16.533333333333
SWE,Suécia,Örebro,Q297718,,0,160759,,59.273888888889,15.213333333333
SWE,Suécia,Helsingborg,Q487648,,0,152869,,56.05,12.716666666667
SWE,Suécia,Umeå,Q507709,,0,135250,,63.833333333333,20.25
SWE,Suécia,Västerås,Q25412,,0,131643,,59.617319380941,16.542157497094
SWE,Suécia,Örebro,Q25732,,0,128658,,59.2669260014,15.196522467624
SWZ,Essuatíni,Lobamba,Q101418,,0,114585,,-26.44648,31.206411
SWZ,Essuatíni,Manzini,Q495730,,0,110508,,-26.483333333333,31.366666666667
SWZ,Essuatíni,Mebabane,Q3904,,1,76218,,-26.316666666667,31.133333333333
SWZ,Essuatíni,Mhlume,Q2560293,,0,7761,,-26.033333333333,31.85
SWZ,Essuatíni,Siteki,Q2300140,,0,6381,,-26.45,31.95
SWZ,Essuatíni,Big Bend,Q858539,,0,6169,,-26.791666666667,31.939722222222
SWZ,Essuatíni,Piggs Peak,Q1950487,,0,4568,,-25.966666666667,31.25
SWZ,Essuatíni,Mhlambanyatsi,Q3643138,,0,2886,,-26.4562133,31.0465164
SWZ,Essuatíni,Sidvokodvo,Q7509511,,0,1528,,-26.616666666667,31.45
SXM,Sint Maarten,Philipsburg,Q30958,,1,1338,,18.024166666667,-63.043333333333
SYC,Seicheles,Victoria,Q3940,,1,26450,,-4.6236111111111,55.454444444444
SYR,Síria,Damasco,Q3766,,1,2685360,,33.513055555556,36.291944444444
SYR,Síria,Alepo,Q41183,,0,2132100,,36.2,37.16
SYR,Síria,Deir ez-Zor,Q239097,,0,1918000,,35.333333333333,40.15
SYR,Síria,Homs,Q131301,,0,775404,,34.733333333333,36.716666666667
SYR,Síria,Lataquia,Q200030,,0,709000,,35.523611111111,35.791666666667
SYR,Síria,Hama,Q173545,,0,696863,,35.135,36.75
SYR,Síria,Douma,Q403446,,0,400000,,33.572222222222,36.401944444444
SYR,Síria,Raqqa,Q283368,,0,299824,,35.95,39.01
SYR,Síria,Hasaca,Q311321,,0,188160,,36.511666666667,40.742222222222
SYR,Síria,Al-Qamishli,Q212757,,0,184231,,37.05,41.216666666667
SYR,Síria,Idlib,Q504657,,0,165000,,35.933333333333,36.633333333333
SYR,Síria,Azaz,Q277674,,0,155965,,36.586111111111,37.044722222222
SYR,Síria,Nawa,Q1758024,,0,150000,,32.883333333333,36.05
SYR,Síria,Al-Bab,Q310892,,0,144705,,36.3725,37.517777777778
SYR,Síria,Jaramana,Q195531,,0,114363,,33.483333333333,36.35
SYR,Síria,Jisr ash-Shughur,Q798765,,0,112654,,35.812585337341,36.317605276749
SYR,Síria,Salamiyeh,Q75621,,0,110683,,35.011111111111,37.053055555556
SYR,Síria,Daraa,Q238217,,0,107500,,32.625277777778,36.106111111111
SYR,Síria,Al-Safira,Q575774,,0,106460,,36.076944444444,37.3725
SYR,Síria,Al-Hajar al-Aswad,Q1822816,,0,101827,,33.458055555556,36.305277777778
TCA,Ilhas Turcas e Caicos,Discovery Bay,Q9207779,,0,,,21.7662,-72.3074
TCA,Ilhas Turcas e Caicos,Chalk Sound,Q9188680,,0,,,21.747,-72.2869
TCA,Ilhas Turcas e Caicos,Back Salina,Q798330,,0,,,21.45,-71.13333333
TCA,Ilhas Turcas e Caicos,Cockburn Town,Q34205,,1,,,,
TCA,Ilhas Turcas e Caicos,Wheeland,Q2566617,,0,,,21.8203,-72.2869
TCA,Ilhas Turcas e Caicos,Honda Road,Q1453299,,0,,,21.76525,-72.26197222
TCA,Ilhas Turcas e Caicos,Balfour Town,Q125944822,,0,,,21.326809,-71.21511
TCD,Chade,Jamena,Q3659,,1,1092066,,12.11,15.05
TCD,Chade,Moundou,Q333074,,0,142462,,8.5666666666667,16.083333333333
TCD,Chade,Sarh,Q337530,,0,108061,,9.15,18.383333333333
TCD,Chade,Q47087745,Q47087745,,0,94163,,9.02209,15.13551
TCD,Chade,Léré,Q679586,,0,89237,,9.65555556,14.225
TCD,Chade,Q47093279,Q47093279,,0,82227,,9.2422222222222,14.541388888889
TCD,Chade,Abéché,Q242587,,0,76492,,13.833055555556,20.834722222222
TCD,Chade,Goundi,Q9274901,,0,73141,,9.36389,17.3644
TCD,Chade,Goz Beïda,Q3112862,,0,66107,,12.223611111111,21.414444444444
TCD,Chade,Baktchoro,Q55604746,,0,66056,,9.505,15.81417
TCD,Chade,Ennedi Oeste,Q16632172,,0,59744,,18.5,21.4
TCD,Chade,Binder,Q47069013,,0,54901,,9.9691666666667,14.4675
TCD,Chade,Am Djarass,Q2842496,,0,44556,,16.0659,22.8431
TCD,Chade,Fianga,Q3071111,,0,42606,,9.9152777777778,15.1375
TCD,Chade,Pala (Chade),Q1774419,,0,40202,,9.35,14.966666666667
TCD,Chade,Koumra,Q1070175,,0,39852,,8.9,17.55
TCD,Chade,Am Timan,Q451529,,0,38261,,11.033333333333,20.283333333333
TCD,Chade,Chokoyan,Q55607500,,0,34327,,13.36666667,21.23333333
TCD,Chade,Ngondong,Q55625154,,0,33396,,8.4212,15.7385
TCD,Chade,Q47045439,Q47045439,,0,32121,,13.375,16.7821
TGO,Togo,Lomé,Q3792,,1,2188376,,6.13,1.2158333333333
TGO,Togo,Tône 1,Q118366339,,0,211743,,10.863888888889,0.205
TGO,Togo,Kara,Q860729,,0,158090,,9.5488888888889,1.1905555555556
TGO,Togo,Golfe 3,Q109018848,,0,120000,,6.1570526,1.2143416
TGO,Togo,Dapaong,Q970904,,0,117675,,10.866666666667,0.2
TGO,Togo,Sokodé,Q845097,,0,115442,,8.9833333333333,1.1333333333333
TGO,Togo,Atakpamé,Q126124,,0,98193,,7.5269444444444,1.1266666666667
TGO,Togo,Kpalimé,Q995413,,0,87478,,6.91,0.62805555555556
TGO,Togo,Tsévié,Q2060202,,0,76861,,6.4333333333333,1.2166666666667
TGO,Togo,Tandjouaré 1,Q136649238,,0,74692,,10.866666666667,0.48333333333333
TGO,Togo,Tône 4,Q136652117,,0,66577,,10.914166666667,0.31138888888889
TGO,Togo,Anié,Q550978,,0,61068,,7.76111111,1.19166667
TGO,Togo,Tône 3,Q118366375,,0,60276,,10.845833333333,0.036111111111111
TGO,Togo,Cinkassé,Q2972817,,0,56830,,11.1001,0.0173
TGO,Togo,Tône 2,Q118366362,,0,50179,,10.722777777778,0.36638888888889
TGO,Togo,Notsé,Q3173182,,0,49143,,6.9483333333333,1.1680555555556
TGO,Togo,Tabligbo,Q2528080,,0,36961,,6.5833333333333,1.5
TGO,Togo,Tchamba,Q2711981,,0,36173,,9.0333333333333,1.4166666666667
TGO,Togo,Mango,Q1392195,,0,34791,,10.355555555556,0.47555555555556
TGO,Togo,Bassar,Q810474,,0,33156,,9.25,0.78333333333333
THA,Tailândia,Banguecoque,Q1861,,1,8280925,,13.75,100.51666666667
THA,Tailândia,Chiang Mai,Q52028,,0,1198000,,18.788888888889,98.983333333333
THA,Tailândia,Phrae,Q244652,,0,492561,,18.145,100.14055555556
THA,Tailândia,Bang Kapi,Q806445,,0,355591,,13.765833333333,100.64777777778
THA,Tailândia,Chatuchak,Q1019658,,0,332877,,13.828611111111,100.55972222222
THA,Tailândia,Lat Krabang,Q1806807,,0,299775,,13.723333333333,100.78416666667
THA,Tailândia,Bang Khae,Q225618,,0,290911,,13.696111111111,100.40944444444
THA,Tailândia,Bang Khun Thian,Q806447,,0,276488,,13.660833333333,100.43583333333
THA,Tailândia,Nonthaburi,Q768864,,0,256190,,13.866666666667,100.51666666667
THA,Tailândia,Bang Khen,Q806443,,0,245310,,13.873888888889,100.59638888889
THA,Tailândia,Suan Luang,Q1019611,,0,235063,,13.721222222222,100.62963888889
THA,Tailândia,Min Buri,Q1936178,,0,225452,,13.813888888889,100.74805555556
THA,Tailândia,Wang Thonglang,Q1019428,,0,224013,,13.764222222222,100.60561111111
THA,Tailândia,Khlong Sam Wa,Q1740651,,0,220339,,13.859722222222,100.70416666667
THA,Tailândia,Prawet,Q1019626,,0,220197,,13.716944444444,100.69444444444
THA,Tailândia,Don Mueang,Q1239362,,0,214970,,13.913611111111,100.58972222222
THA,Tailândia,Sai Mai,Q1025969,,0,212560,,13.919166666667,100.64583333333
THA,Tailândia,Thon Buri,Q2305621,,0,210653,,13.725,100.48583333333
THA,Tailândia,Phasi Charoen,Q1019590,,0,197426,,13.714722222222,100.43722222222
THA,Tailândia,Chom Thong,Q1019598,,0,197409,,13.677222222222,100.48472222222
TJK,Tadjiquistão,Q4171396,Q4171396,,0,1600000,,38.57306,68.78639
TJK,Tadjiquistão,Duchambe,Q9365,,1,1201800,,38.573055555556,68.786388888889
TJK,Tadjiquistão,Khujand,Q373808,,0,198700,,40.279444444444,69.631944444444
TJK,Tadjiquistão,Bokhtar,Q648567,,0,126700,,37.836388888889,68.780277777778
TJK,Tadjiquistão,Kulob,Q132043,,0,106300,,37.911944444444,69.780833333333
TJK,Tadjiquistão,Istarawshan,Q936510,,0,64300,,39.910833333333,69.006388888889
TJK,Tadjiquistão,Isfara,Q695330,,0,54900,,40.116666666667,70.633333333333
TJK,Tadjiquistão,Konibodom,Q1015752,,0,54400,,40.283333333333,70.416666666667
TJK,Tadjiquistão,Guliston,Q615274,,0,50200,,40.264722222222,69.789444444444
TJK,Tadjiquistão,Tursunzoda,Q648709,,0,46700,,38.510833333333,68.230277777778
TJK,Tadjiquistão,Vahdat,Q1018025,,0,45731,,38.553055555556,69.019722222222
TJK,Tadjiquistão,Guliston,Q6390992,,0,44833,,38.533333333333,68.866666666667
TJK,Tadjiquistão,Panjakent,Q630805,,0,43800,,39.503055555556,67.615
TJK,Tadjiquistão,Yovon,Q3375469,,0,39600,,38.311666666667,69.038055555556
TJK,Tadjiquistão,Kuktosh,Q6392311,,0,38644,,38.433333333333,68.733333333333
TJK,Tadjiquistão,Buston,Q2997217,,0,38400,,40.238611111111,69.696666666667
TJK,Tadjiquistão,Zainabobod,Q6410528,,0,37821,,38.508333333333,68.833333333333
TJK,Tadjiquistão,Chorkuh jamoat,Q13202577,,0,37065,,,
TJK,Tadjiquistão,Isfisor,Q12075386,,0,35447,,40.23333333,69.73333333
TJK,Tadjiquistão,Q31455895,Q31455895,,0,35205,,,
TKL,Tokelau,Fakaofo,Q650847,,1,,,,
TKL,Tokelau,Q5047112,Q5047112,,0,,,-9.385,-171.247
TKL,Tokelau,Q2800256,Q2800256,,0,,,-8.53833,-172.517
TKM,Turcomenistão,Asgabate,Q23438,,1,1030063,,37.95,58.383333333333
TKM,Turcomenistão,Türkmenabat,Q487684,,0,230861,,39.1,63.566666666667
TKM,Turcomenistão,Daşoguz,Q487672,,0,227184,,41.816666666667,59.983055555556
TKM,Turcomenistão,Mary,Q5713,,0,208682,,37.6,61.833333333333
TKM,Turcomenistão,Balkanabat,Q199762,,0,139000,,39.511944444444,54.365
TKM,Turcomenistão,Baýramaly,Q812715,,0,110545,,37.616666666667,62.15
TKM,Turcomenistão,Gyzylarbat,Q1015618,,0,89582,,38.976388888889,56.275833333333
TKM,Turcomenistão,Turkmenbachi,Q488987,,0,86800,,40.016666666667,52.966666666667
TKM,Turcomenistão,Tejen,Q1983850,,0,77024,,37.38338,60.50545
TKM,Turcomenistão,Magdanly,Q1023619,,0,64845,,37.81244,66.04656
TKM,Turcomenistão,Arkadag,Q115864157,,0,64086,,38.066666666667,58.066666666667
TKM,Turcomenistão,Abadan Etrap,Q304522,,0,42868,,38.05,58.21666667
TKM,Turcomenistão,Atamyrat,Q2357934,,0,39602,,37.816666666667,65.2
TKM,Turcomenistão,Ýolöten,Q2985985,,0,37705,,37.301388888889,62.358611111111
TKM,Turcomenistão,Kunya-Urgench,Q48472,,0,36754,,42.316666666667,59.158611111111
TKM,Turcomenistão,Anev,Q844968,,0,29606,,37.9,58.5
TKM,Turcomenistão,Hazar,Q2996356,,0,28095,,39.402,53.1225
TKM,Turcomenistão,Gurbansoltan Eje,Q4152258,,0,27455,,41.883333333333,59.633333333333
TKM,Turcomenistão,Gumdag,Q2661229,,0,26831,,39.2,54.589444444444
TKM,Turcomenistão,Bäherden,Q2980062,,0,24702,,38.433333333333,57.434722222222
TLS,Timor-Leste,Díli,Q9310,,1,222323,,-8.5536111111111,125.57833333333
TLS,Timor-Leste,Maliana,Q1020338,,0,15800,,-8.99166667,125.21972222
TLS,Timor-Leste,Baucau,Q811130,,0,14961,,-8.4666666666667,126.45
TLS,Timor-Leste,Ermera,Q1355919,,0,13142,,-8.75222222,125.39694444
TLS,Timor-Leste,Manatuto,Q1011873,,0,9022,,-8.5166666666667,126.01666666667
TLS,Timor-Leste,Q105452061,Q105452061,,0,8797,,-8.557505,125.52666
TLS,Timor-Leste,Pante Macassar,Q263005,,0,8793,,-9.2,124.38333333333
TLS,Timor-Leste,Suai,Q582712,,0,8243,,-9.3,125.25
TLS,Timor-Leste,Gleno,Q1018872,,0,8133,,-8.7238888888889,125.43611111111
TLS,Timor-Leste,Q105452060,Q105452060,,0,6467,,-8.560937,125.523835
TLS,Timor-Leste,Bobonaro,Q55574072,,0,6110,,-9.03194,125.325
TLS,Timor-Leste,Viqueque,Q1011863,,0,6078,,-8.85,126.36666666667
TLS,Timor-Leste,Liquiçá,Q946959,,0,5152,,-8.5935277777778,125.32730555556
TLS,Timor-Leste,Batugade,Q811044,,0,3164,,-8.959167,124.950833
TLS,Timor-Leste,Ainaro,Q108908310,,0,3085,,-8.9833333333333,125.5
TLS,Timor-Leste,Aileu,Q405087,,0,2927,,-8.7166666666667,125.56666666667
TLS,Timor-Leste,Acanuno,Q22045079,,0,2562,,-8.55638889,125.64805556
TLS,Timor-Leste,Q116348292,Q116348292,,0,2111,,-8.5955,125.346737
TLS,Timor-Leste,Same,Q932640,,0,2100,,-9.0,125.65
TLS,Timor-Leste,Vila Maumeta,Q116746032,,0,1826,,-8.266299,125.603755
TON,Tonga,Nuku'alofa,Q38834,,1,24571,,-21.1343401,-175.201808
TON,Tonga,Neiafu,Q1025393,,0,6000,,-18.650833333333,-173.98305555556
TON,Tonga,Mu'a,Q2359181,,0,5000,,-21.17916667,-175.11666667
TON,Tonga,Pangai,Q1027037,,0,2000,,-19.803333333333,-174.34888888889
TON,Tonga,Lapaha,Q23017968,,0,1974,,-21.179925111111,-175.11811011111
TON,Tonga,'Ohonua,Q3711222,,0,1200,,-21.333333333333,-174.95
TON,Tonga,Holonga,Q5884200,,0,543,,-21.192,-175.143
TTO,Trinidad e Tobago,Chaguanas,Q1444575,,0,83489,,10.514444444444,-61.4075
TTO,Trinidad e Tobago,San Fernando,Q1023712,,0,55419,,10.283333333333,-61.466666666667
TTO,Trinidad e Tobago,Port of Spain,Q39178,,1,49031,,10.666666666667,-61.516666666667
TTO,Trinidad e Tobago,Couva,Q2602007,,0,48858,,10.416666666667,-61.45
TTO,Trinidad e Tobago,Arouca,Q4795612,,0,27820,,10.633333333333,-61.333333333333
TTO,Trinidad e Tobago,Morvant,Q3865976,,0,22742,,10.65,-61.46666667
TTO,Trinidad e Tobago,Laventille,Q6502566,,0,21454,,10.65,-61.48333333
TTO,Trinidad e Tobago,Barataria,Q4858482,,0,18299,,10.65,-61.46666667
TTO,Trinidad e Tobago,Tunapuna,Q2522343,,0,17650,,10.6333,-61.3833
TTO,Trinidad e Tobago,Scarborough,Q966660,,0,17000,,11.183333333333,-60.733333333333
TTO,Trinidad e Tobago,Saint Joseph,Q7401542,,0,14376,,10.65,-61.41666667
TTO,Trinidad e Tobago,San Juan,Q1976992,,0,13797,,10.65,-61.45
TTO,Trinidad e Tobago,Fyzabad,Q5511310,,0,13099,,10.183333333333,-61.55
TTO,Trinidad e Tobago,Curepe,Q5194706,,0,11375,,10.633333333333,-61.4
TTO,Trinidad e Tobago,Siparia,Q3493381,,0,10254,,10.133333333333,-61.5
TTO,Trinidad e Tobago,Carenage,Q18385079,,0,10188,,10.683333333333,-61.6
TTO,Trinidad e Tobago,Belmont,Q21050792,,0,9035,,10.6685,-61.5071
TTO,Trinidad e Tobago,Debe,Q48767330,,0,7084,,10.2,-61.45
TTO,Trinidad e Tobago,Cocorite,Q26772477,,0,6472,,10.677222222222,-61.547222222222
TTO,Trinidad e Tobago,Saint James (Trinidad e Tobago),Q7401398,,0,5985,,10.6736,-61.5338
TUN,Tunísia,Tunes,Q3572,,1,693486,,36.800833333333,10.18
TUN,Tunísia,Sidi Bouzid,Q692716,,0,429912,,35.038055555556,9.4858333333333
TUN,Tunísia,Sfax,Q46325,,0,272801,,34.74,10.76
TUN,Tunísia,Sousse,Q180717,,0,221530,,35.833333333333,10.633333333333
TUN,Tunísia,Ettadhamen-Mnihla,Q1015463,,0,196298,,36.835833333333,10.106944444444
TUN,Tunísia,Kairouan,Q179570,,0,186653,,35.683333333333,10.1
TUN,Tunísia,Métouia,Q3127824,,0,170000,,33.96,10.0
TUN,Tunísia,Kebili,Q27157,,0,163257,,33.705,8.965
TUN,Tunísia,Bizerta,Q189546,,0,142966,,37.274444444444,9.8738888888889
TUN,Tunísia,Gabès,Q215661,,0,116323,,33.881388888889,10.098333333333
TUN,Tunísia,Ariana,Q627487,,0,114486,,36.8625,10.195555555556
TUN,Tunísia,Jendouba,Q27064,,0,113116,,36.501111111111,8.7802777777778
TUN,Tunísia,Gafsa,Q466006,,0,111170,,34.416666666667,8.7833333333333
TUN,Tunísia,M'saken,Q1014928,,0,110000,,35.733333333333,10.583333333333
TUN,Tunísia,Médenine,Q846653,,0,109409,,33.354722222222,10.505277777778
TUN,Tunísia,Béja,Q814982,,0,109299,,36.725555555556,9.1816666666667
TUN,Tunísia,Kasserine,Q852735,,0,108794,,35.166666666667,8.8333333333333
TUN,Tunísia,El Mourouj,Q2536406,,0,104538,,36.68,10.16
TUN,Tunísia,Monastir (Tunísia),Q208715,,0,104535,,35.77799,10.82617
TUN,Tunísia,Radès,Q27062,,0,97588,,36.766666666667,10.283333333333
TUR,Turquia,Istambul,Q406,,0,15655924,,41.01,28.960277777778
TUR,Turquia,Ancara,Q3640,,1,5803482,,39.93576,32.83869
TUR,Turquia,Esmirna,Q35997,,0,4493242,,38.41273,27.13838
TUR,Turquia,Bursa,Q40738,,0,2994521,,40.191330555556,29.080538888889
TUR,Turquia,Antália,Q6487,,0,2426356,,36.90812,30.69556
TUR,Turquia,Cônia,Q81551,,0,2296347,,37.8725,32.491944444444
TUR,Turquia,Cônia,Q79857,,0,2232374,,37.872769444444,32.492138888889
TUR,Turquia,Xanleurfa,Q133118,,0,1985753,,37.158333333333,38.791666666667
TUR,Turquia,Cocaeli,Q83965,,0,1953035,,40.764444444444,29.945
TUR,Turquia,Mersim,Q134291,,0,1814468,,36.8,34.616666666667
TUR,Turquia,Adana,Q38545,,0,1810646,,37.00262,35.31346
TUR,Turquia,Gaziantepe,Q93338,,0,1775904,,37.062777777778,37.379166666667
TUR,Turquia,Diyarbakır,Q83387,,0,1732396,,37.910833333333,40.236666666667
TUR,Turquia,Caiseri,Q48338,,0,1389680,,38.7225,35.4875
TUR,Turquia,Samessum,Q160450,,0,1368488,,41.286666666667,36.33
TUR,Turquia,Baliquesir,Q199723,,0,1250610,,39.651111111111,27.884166666667
TUR,Turquia,Vã,Q83061,,0,1127612,,38.501944444444,43.416666666667
TUR,Turquia,Denizli,Q170967,,0,1027782,,37.783333333333,29.096388888889
TUR,Turquia,Esquixequir,Q168866,,0,871187,,39.776666666667,30.520555555556
TUR,Turquia,Osmangazi,Q1023140,,0,862516,,40.219166666667,29.041388888889
TUV,Tuvalu,Funafuti,Q34126,,1,6025,,-8.5047777777778,179.11736111111
TUV,Tuvalu,Vaiaku,Q248201,,0,4492,,-8.521008,179.198311
TUV,Tuvalu,Lofeagai,Q18377530,,0,637,,-8.48103,179.19233
TUV,Tuvalu,Tonga,Q3394651,,0,258,,-6.28333,176.317
TUV,Tuvalu,Kulia,Q9018086,,0,224,,-6.108333,177.341389
TUV,Tuvalu,Niulakita,Q632489,,0,27,,-10.75,179.5
TWN,Taiwan,Taipei–Keelung metropolitan area,Q712937,,0,8550000,,25.033333333333,121.63333333333
TWN,Taiwan,Novo Taipé,Q244898,,0,4364124,,25.0125,121.465
TWN,Taiwan,Taichung,Q245023,,0,3033885,,24.143888888889,120.67944444444
TWN,Taiwan,Kaohsiung,Q181557,,0,2734858,,22.615,120.2975
TWN,Taiwan,Taipé,Q1867,,1,2706030,,25.0375,121.5625
TWN,Taiwan,Taoyuan,Q115256,,0,2352683,,24.991278,121.314328
TWN,Taiwan,Tainan,Q140631,,0,1883831,,22.983333333333,120.18333333333
TWN,Taiwan,Banqiao District,Q570090,,0,554145,,25.01111111,121.44583333
TWN,Taiwan,Hsinchu,Q249994,,0,499348,,24.81472,120.96722
TWN,Taiwan,Taoyuan,Q715975,,0,477988,,24.988888888889,121.31111111111
TWN,Taiwan,Zhongli District,Q172146,,0,438903,,24.956944444444,121.22361111111
TWN,Taiwan,Hsinchuang,Q373768,,0,423887,,25.033333333333,121.45
TWN,Taiwan,Zhonghe District,Q197859,,0,406353,,24.997222222222,121.50416666667
TWN,Taiwan,Keelung,Q249996,,0,387207,,25.12825,121.7419
TWN,Taiwan,Sanchong District,Q570267,,0,383035,,25.06667,121.48333
TWN,Taiwan,Fongshan District,Q633500,,0,355712,,22.633333333333,120.35
TWN,Taiwan,Sanmin District,Q713142,,0,331483,,22.6562,120.327
TWN,Taiwan,Da'an District,Q252951,,0,317083,,25.026388888889,121.53444444444
TWN,Taiwan,Beitun District,Q569533,,0,316894,,24.18042778,120.74661389
TWN,Taiwan,Xindian District,Q340192,,0,307003,,24.95,121.53333333
TZA,Tanzânia,Dar es Salaam,Q1960,,0,4715000,,-6.8161111111111,39.280277777778
TZA,Tanzânia,Zanzibar,Q2222874,,0,709809,,-6.1666666666667,39.2
TZA,Tanzânia,Mwanza,Q110218,,0,706453,,-2.5166666666667,32.9
TZA,Tanzânia,Arusha,Q4301,,0,617631,,-3.3666666666667,36.683333333333
TZA,Tanzânia,Kahama,Q6346798,,0,242208,,-3.84,32.6
TZA,Tanzânia,Kasulu,Q15554012,,0,234452,,-4.5766666666667,30.1025
TZA,Tanzânia,Tanga,Q152902,,0,224891,,-5.0666666666667,39.1
TZA,Tanzânia,Dodoma,Q3866,,1,213636,,-6.1835,35.746
TZA,Tanzânia,Morogoro,Q243319,,0,207000,,-6.8241666666667,37.663333333333
TZA,Tanzânia,Singida,Q153331,,0,165492,,-4.8186111111111,34.750555555556
TZA,Tanzânia,Sumbawanga,Q115323,,0,147483,,-7.9666666666667,31.616666666667
TZA,Tanzânia,Moshi,Q271733,,0,144739,,-3.3348833333333,37.340380555556
TZA,Tanzânia,Nyarugusu,Q7070912,,0,140540,,-4.2281,30.3835
TZA,Tanzânia,Kigoma,Q244509,,0,135234,,-4.8833333333333,29.633333333333
TZA,Tanzânia,Tabora,Q643112,,0,127880,,-5.0166666666667,32.8
TZA,Tanzânia,Katumba Refugee Camp,Q123745032,,0,120000,,-6.3355555555556,31.24
TZA,Tanzânia,Shinyanga,Q818765,,0,107362,,-3.6723565,33.4296808
TZA,Tanzânia,Musoma,Q847315,,0,103497,,-1.5069444444444,33.804166666667
TZA,Tanzânia,Songea,Q794813,,0,99961,,-10.683333333333,35.65
TZA,Tanzânia,Mtwara,Q646684,,0,92602,,-10.273611111111,40.182777777778
UGA,Uganda,Campala,Q3894,,1,1797722,,0.31361111111111,32.581111111111
UGA,Uganda,Nansana,Q965956,,0,692478,,0.37,32.525
UGA,Uganda,Mbale,Q1015727,,0,586300,,1.0711896,34.1749506
UGA,Uganda,Arua,Q500111,,0,384656,,3.03,30.91
UGA,Uganda,Kamwenge,Q2431771,,0,336738,,0.186111,30.453889
UGA,Uganda,Cidade de Kira,Q966819,,0,317157,,0.39722222,32.63888889
UGA,Uganda,Masaka,Q956659,,0,294166,,-0.33361111111111,31.733888888889
UGA,Uganda,Jinja,Q501709,,0,279184,,0.4353036,33.2055568
UGA,Uganda,Mbarara,Q731039,,0,264425,,-0.61333333333333,30.658333333333
UGA,Uganda,Lira City,Q130616458,,0,245132,,2.2596,32.8903
UGA,Uganda,Gulu,Q581379,,0,233271,,2.7666666666667,32.305555555556
UGA,Uganda,Palorinya Refugee Settlement,Q55628478,,0,166000,,3.4774,31.6121
UGA,Uganda,Hoima,Q1624192,,0,143304,,1.4330555555556,31.352222222222
UGA,Uganda,Fort Portal Tourism City,Q117468830,,0,137549,,,
UGA,Uganda,Soroti City,Q133283029,,0,134199,,1.7291,33.6288
UGA,Uganda,Lira,Q1015699,,0,116500,,2.2488888888889,32.9
UGA,Uganda,Rhino Camp Refugee Settlement,Q24894892,,0,116250,,2.966,31.395
UGA,Uganda,Abim,Q4667801,,0,107966,,2.735,33.66805556
UGA,Uganda,Mityana,Q2267729,,0,105200,,0.40222222222222,32.045833333333
UGA,Uganda,Kiryandongo Refugee Settlement,Q19892951,,0,100000,,1.957,32.181
UKR,Ucrânia,Kiev,Q1899,,1,2967360,,50.45,30.523611111111
UKR,Ucrânia,Carcóvia,Q42308,,0,1609959,,49.9925,36.231111111111
UKR,Ucrânia,Dnipro,Q48256,,0,1189900,,48.4675,35.04
UKR,Ucrânia,Odessa,Q1874,,0,1017699,,46.47747,30.73262
UKR,Ucrânia,Donetsk,Q43070,,0,965800,,48.015833333333,37.802777777778
UKR,Ucrânia,Zaporíjia,Q157835,,0,897600,,47.85,35.1175
UKR,Ucrânia,Lviv,Q36036,,0,816171,,49.8425,24.032222222222
UKR,Ucrânia,Kryvyi Rih,Q157137,,0,793900,,47.91,33.39
UKR,Ucrânia,Sebastopol,Q7525,,0,522057,,44.605,33.5225
UKR,Ucrânia,Mariupol,Q37133,,0,519000,,47.130555555556,37.563888888889
UKR,Ucrânia,Mykolaiv,Q41572,,0,517900,,46.975,31.995
UKR,Ucrânia,Lugansk,Q134279,,0,425848,,48.5717084,39.2973153
UKR,Ucrânia,Simferopol,Q19566,,0,374000,,44.948376,34.100039
UKR,Ucrânia,Solomianskyi,Q528868,,0,373641,,50.420583333333,30.457777777778
UKR,Ucrânia,Vinnytsia,Q157144,,0,372432,,49.237222222222,28.467222222222
UKR,Ucrânia,Kherson,Q156732,,0,363000,,46.6425,32.625
UKR,Ucrânia,Makeevka,Q157134,,0,347376,,48.055555555556,37.961111111111
UKR,Ucrânia,Dniprovskyi,Q606937,,0,328725,,50.456388888889,30.644388888889
UKR,Ucrânia,Jitomir,Q156713,,0,303000,,50.254444444444,28.657777777778
UKR,Ucrânia,Poltava,Q156747,,0,300501,,49.589444444444,34.551388888889
UMI,Ilhas Menores Distantes dos EUA,Meyerton,Q6826500,,0,0,2015,0.19472222,-176.47944444
UMI,Ilhas Menores Distantes dos EUA,Millersville,Q20933924,,0,0,2015,-0.3797222,-160.0188889
UMI,Ilhas Menores Distantes dos EUA,Itascatown,Q20933314,,0,0,2015,0.8072029,-176.6192418
UMI,Ilhas Menores Distantes dos EUA,Lulu Town,Q1750668,,0,,,18.396011111111,-75.018205555556
URY,Uruguai,Montevidéu,Q1335,,1,1344839,,-34.905916666667,-56.191311111111
URY,Uruguai,Salto,Q335506,,0,124878,,-31.388916666667,-57.960886111111
URY,Uruguai,Ciudad de la Costa,Q869403,,0,112449,,-34.816666666667,-55.95
URY,Uruguai,Municipality of Maldonado,Q6030086,,0,107653,,-34.908741666667,-54.958272222222
URY,Uruguai,Rivera,Q646498,,0,103493,,-30.900086111111,-55.540816666667
URY,Uruguai,Maldonado,Q16258,,0,86782,,-34.908741666667,-54.958272222222
URY,Uruguai,Paysandú,Q309442,,0,76429,,-32.321752777778,-58.089213888889
URY,Uruguai,Las Piedras,Q615470,,0,71268,,-34.716666666667,-56.216666666667
URY,Uruguai,Tacuarembó,Q833016,,0,54755,,-31.711047222222,-55.978877777778
URY,Uruguai,Mercedes,Q844914,,0,41974,,-33.248447222222,-58.029869444444
URY,Uruguai,Artigas,Q712567,,0,40658,,-30.398441666667,-56.463808333333
URY,Uruguai,Unión,Q984518,,0,39880,,-34.87861111,-56.13583333
URY,Uruguai,Minas,Q868205,,0,38446,,-34.377425,-55.238213888889
URY,Uruguai,San José de Mayo,Q983435,,0,36747,,-34.339677777778,-56.714313888889
URY,Uruguai,Durazno,Q855645,,0,34368,,-33.38015,-56.5225
URY,Uruguai,Florida,Q842472,,0,33639,,-34.101388888889,-56.214752777778
URY,Uruguai,Município de Canelones,Q5747464,,0,31813,,-34.524263888889,-56.281752777778
URY,Uruguai,Juan Antonio Artigas,Q808981,,0,31650,,-34.754166666667,-56.004166666667
URY,Uruguai,Ciudad del Plata,Q370254,,0,31146,,-34.766666666667,-56.380555555556
URY,Uruguai,San Carlos,Q374670,,0,27471,,-34.8,-54.916666666667
USA,Estados Unidos,Nova Iorque,Q60,,0,8804190,2020,40.712777777778,-74.006111111111
USA,Estados Unidos,Los Angeles,Q65,,0,3898747,2020,34.05223,-118.24368
USA,Estados Unidos,Chicago,Q1297,,0,2746388,2020,41.881944444444,-87.627777777778
USA,Estados Unidos,Brooklyn,Q18419,,0,2736074,2020,40.650833333333,-73.949722222222
USA,Estados Unidos,Queens,Q18424,,0,2405464,2020,40.704166666667,-73.917777777778
USA,Estados Unidos,Houston,Q16555,,0,2304580,2020,29.762777777778,-95.383055555556
USA,Estados Unidos,Phoenix,Q16556,,0,1608139,2020,33.448333333333,-112.07388888889
USA,Estados Unidos,Bronx,Q18426,,0,1472654,2020,40.846666666667,-73.873333333333
USA,Estados Unidos,San Antonio,Q975,,0,1434625,2020,29.425,-98.493888888889
USA,Estados Unidos,San Diego,Q16552,,0,1386932,2020,32.715,-117.1625
USA,Estados Unidos,Dallas,Q16557,,0,1304379,2020,32.779166666667,-96.808888888889
USA,Estados Unidos,São José,Q16553,,0,1013240,2020,37.304166666667,-121.87277777778
USA,Estados Unidos,Austin,Q16559,,0,961855,2020,30.3,-97.733333333333
USA,Estados Unidos,Jacksonville,Q16568,,0,949611,2020,30.316666666667,-81.65
USA,Estados Unidos,Fort Worth,Q16558,,0,918915,2020,32.756388888889,-97.3325
USA,Estados Unidos,Columbus,Q16567,,0,905748,2020,39.962222222222,-83.000555555556
USA,Estados Unidos,Indianápolis,Q6346,,0,887642,2020,39.768611111111,-86.158055555556
USA,Estados Unidos,Charlotte,Q16565,,0,879709,2021,35.226944444444,-80.843333333333
USA,Estados Unidos,São Francisco,Q62,,0,808988,2023,37.775,-122.41944444444
USA,Estados Unidos,Seattle,Q5083,,0,737015,2020,47.605,-122.33
UZB,Uzbequistão,Tasquente,Q269,,1,2956384,,41.311111111111,69.279722222222
UZB,Uzbequistão,Namangan,Q492552,,0,626120,,40.995277777778,71.6725
UZB,Uzbequistão,Andijon,Q487656,,0,547800,,40.781944444444,72.344166666667
UZB,Uzbequistão,Samarcanda,Q5753,,0,546303,,39.654722222222,66.975833333333
UZB,Uzbequistão,Nukus,Q489898,,0,319583,,42.464722222222,59.602222222222
UZB,Uzbequistão,Fergana,Q486329,,0,299200,,40.386388888889,71.786388888889
UZB,Uzbequistão,Bucara,Q5764,,0,280187,,39.774722222222,64.428611111111
UZB,Uzbequistão,Qarshi,Q644008,,0,274891,,38.866666666667,65.8
UZB,Uzbequistão,Kokand,Q489890,,0,252731,,40.528611111111,70.9425
UZB,Uzbequistão,Marguilã,Q261076,,0,242500,,40.466666666667,71.716666666667
UZB,Uzbequistão,Navoiy,Q763015,,0,220000,,40.083333333333,65.383333333333
UZB,Uzbequistão,Jizaque,Q572380,,0,163200,,40.116666666667,67.85
UZB,Uzbequistão,Chirchiq,Q913406,,0,159400,,41.466666666667,69.583333333333
UZB,Uzbequistão,Urgench,Q472925,,0,150000,,41.5345,60.6249
UZB,Uzbequistão,Shahrisabz,Q569766,,0,142700,,39.05,66.833333333333
UZB,Uzbequistão,Olmaliq,Q986429,,0,141894,,40.85,69.6
UZB,Uzbequistão,Termez,Q491879,,0,140404,,37.224166666667,67.278333333333
UZB,Uzbequistão,Angren,Q542966,,0,131970,,41.016666666667,70.133333333333
UZB,Uzbequistão,Asaka,Q378393,,0,107400,,40.633333333333,72.233333333333
UZB,Uzbequistão,Khiva,Q486195,,0,105300,,41.381388888889,60.361111111111
VAT,Cidade do Vaticano,Vaticano,Q237,,0,1000,,41.904,12.453
VCT,São Vicente e Granadinas,Kingstown,Q41474,,1,24518,,13.15527,-61.22742
VCT,São Vicente e Granadinas,Layou,Q2630835,,0,6339,,13.203333333333,-61.268611111111
VCT,São Vicente e Granadinas,Port Elizabeth,Q2995389,,0,847,,13.011111111111,-61.234444444444
VCT,São Vicente e Granadinas,Chateaubelair,Q672197,,0,741,,13.288333333333,-61.240277777778
VEN,Venezuela,Caracas,Q1533,,1,2245744,,10.5,-66.933333333333
VEN,Venezuela,Libertador,Q887222,,0,1943901,,10.505833333333,-66.914444444444
VEN,Venezuela,Valencia,Q54880,,0,1696662,,10.166666666667,-68.0
VEN,Venezuela,Maracaibo,Q171632,,0,1551539,,10.633333333333,-71.633333333333
VEN,Venezuela,Municipio Maracaibo,Q10324879,,0,1459448,,10.6602709,-71.6761783
VEN,Venezuela,Maracay,Q333928,,0,1102088,,10.246944444444,-67.595833333333
VEN,Venezuela,Barquisimeto,Q4709,,0,1059092,,10.067777777778,-69.346694444444
VEN,Venezuela,Municipio Iribarren,Q2435584,,0,996230,,10.135277777778,-69.393888888889
VEN,Venezuela,Barinas,Q695623,,0,873962,,8.6333333333333,-70.216666666667
VEN,Venezuela,Municipio Valencia,Q3553547,,0,829856,,10.0364721,-68.0136115
VEN,Venezuela,Maturín,Q842779,,0,753254,,9.7422774,-63.1888854
VEN,Venezuela,Ciudad Guayana,Q507080,,0,751331,,8.3223763,-62.6896622
VEN,Venezuela,Municipio Caroní,Q2354199,,0,706736,,8.25,-62.714444444444
VEN,Venezuela,Catia La Mar,Q2725457,,0,661897,,10.6,-67.033333333333
VEN,Venezuela,Municipio Sucre,Q400079,,0,600351,,10.471944444444,-66.760833333333
VEN,Venezuela,Ciudad Bolívar,Q26906,,0,567953,,8.1028532,-63.5469562
VEN,Venezuela,Barcelona,Q391221,,0,550122,,10.133333333333,-64.683333333333
VEN,Venezuela,Municipio Maturín,Q3300002,,0,542259,,9.5032466,-62.9351834
VEN,Venezuela,Santa Teresa del Tuy,Q1390081,,0,525321,,10.233333333333,-66.65
VEN,Venezuela,Petare,Q983946,,0,448861,,10.48333333,-66.81666667
VGB,Ilhas Virgens Britânicas,Road Town,Q179431,,0,12603,2012,18.433333333333,-64.616666666667
VGB,Ilhas Virgens Britânicas,Spanish Town,Q9340035,,0,,,18.45,-64.433333333333
VGB,Ilhas Virgens Britânicas,Q9168527,Q9168527,,0,,,18.3922,-64.6978
VGB,Ilhas Virgens Britânicas,"The Settlement, British Virgin Islands",Q7763408,,0,,,18.7167,-64.3167
VGB,Ilhas Virgens Britânicas,Wesley Will,Q26715688,,0,,,18.44676,-64.60223
VGB,Ilhas Virgens Britânicas,Belle Vue,Q26710561,,0,,,18.4451817,-64.752683
VGB,Ilhas Virgens Britânicas,Q14220732,Q14220732,,0,,,18.44778,-64.43444
VGB,Ilhas Virgens Britânicas,Q14220643,Q14220643,,0,,,18.38778,-64.69917
VGB,Ilhas Virgens Britânicas,Q14220101,Q14220101,,0,,,18.41139,-64.6325
VGB,Ilhas Virgens Britânicas,North Sound,Q14216679,,0,,,18.49556,-64.38417
VGB,Ilhas Virgens Britânicas,Q14214399,Q14214399,,0,,,18.4375,-64.57167
VGB,Ilhas Virgens Britânicas,Q14212408,Q14212408,,0,,,18.44417,-64.58889
VGB,Ilhas Virgens Britânicas,Q14206059,Q14206059,,0,,,18.42694,-64.65694
VGB,Ilhas Virgens Britânicas,Q14204636,Q14204636,,0,,,18.49194,-64.35389
VGB,Ilhas Virgens Britânicas,Q14202311,Q14202311,,0,,,18.402777777778,-64.674444444444
VGB,Ilhas Virgens Britânicas,Long Bay,Q135923487,,0,,,18.396474471247,-64.687929153442
VIR,Ilhas Virgens Americanas,Charlotte Amalie,Q51681,,1,18481,,18.35,-64.95
VIR,Ilhas Virgens Americanas,Cruz Bay,Q2663801,,0,2652,,18.333333333333,-64.793055555556
VIR,Ilhas Virgens Americanas,Christiansted,Q994719,,0,2637,,17.75,-64.75
VNM,Vietnã,Cidade de Ho Chi Minh,Q1854,,0,14002598,,10.775555555556,106.70194444444
VNM,Vietnã,Hanói,Q1858,,1,8435650,,21.0245,105.84117
VNM,Vietnã,Dong Nai,Q33271,,0,3255810,,11.110278,107.181111
VNM,Vietnã,Southwestern Metropolitan Area,Q55081825,,0,2669530,,10.029342,105.765192
VNM,Vietnã,Haiphong,Q72818,,0,2103500,,20.8,106.66666666667
VNM,Vietnã,Kien Giang,Q36576,,0,1751760,,10.0,105.16666666667
VNM,Vietnã,Can Tho,Q216075,,0,1252350,,10.1547298,105.5005357
VNM,Vietnã,Hue,Q36399,,0,1236393,,16.463888888889,107.58666666667
VNM,Vietnã,Q25282,Q25282,,0,1230847,,16.069444444444,108.20972222222
VNM,Vietnã,Bien Hoa,Q19316,,0,1104000,,10.950764,106.822136
VNM,Vietnã,Thủ Đức,Q32005019,,0,1013795,,10.792402,106.751784
VNM,Vietnã,Huế,Q36167,,0,652572,,16.456111111111,107.57638888889
VNM,Vietnã,Ninh Thuan,Q36903,,0,598680,,11.75,108.83333333333
VNM,Vietnã,Distrito de Thu Duc,Q1884726,,0,542612,,10.864958990958,106.72414285413
VNM,Vietnã,Vinh,Q33428,,0,490000,,18.673333333333,105.69222222222
VNM,Vietnã,Da Lat,Q25281,,0,406105,,11.94,108.4375
VNM,Vietnã,Nha Trang,Q19491,,0,392279,,12.245,109.19166666667
VNM,Vietnã,Vũng Tàu,Q21194,,0,357124,,10.404166666667,107.14166666667
VNM,Vietnã,Nam Định,Q33682,,0,352108,,20.42,106.16833333333
VNM,Vietnã,Buon Ma Thuot,Q33469,,0,340000,,12.666666666667,108.05
VUT,Vanuatu,Porto Vila,Q37806,,1,51437,,-17.73333,168.316667
VUT,Vanuatu,Luganville,Q876557,,0,17719,,-15.5128,167.1735
VUT,Vanuatu,Norsup,Q11792967,,0,2998,,-16.0654,167.4004
VUT,Vanuatu,Port Olry,Q1050300,,0,1951,,-15.04179,167.06995
VUT,Vanuatu,Lenakel,Q2390976,,0,1507,,-19.533333333333,169.26666666667
VUT,Vanuatu,Isangel,Q1070178,,0,1437,,-19.55,169.26666666667
VUT,Vanuatu,Sola,Q1423143,,0,1065,,-13.88,167.55
VUT,Vanuatu,Hog Harbour,Q5876947,,0,1000,,-15.133333333333,167.1
VUT,Vanuatu,Lakatoro,Q669361,,0,705,,-16.106944444444,167.42083333333
WLF,Wallis e Futuna,Liku,Q6547341,,0,605,2018,-13.2652801,-176.1704254
WLF,Wallis e Futuna,Utufua,Q4006800,,0,602,2018,-13.35,-176.15
WLF,Wallis e Futuna,Ono,Q3882732,,0,524,2018,-14.31055556,-178.105
WLF,Wallis e Futuna,Mala'e,Q3843724,,0,504,2018,-13.31833333,-176.23166667
WLF,Wallis e Futuna,Aka'aka,Q3607289,,0,474,2018,-13.27694444,-176.17138889
WLF,Wallis e Futuna,Alofivai,Q4734167,,0,437,2008,-13.26166667,-176.16722222
WLF,Wallis e Futuna,"Vaitupu, Wallis and Futuna",Q4007286,,0,406,2018,-13.2264,-176.188
WLF,Wallis e Futuna,Vaimalau,Q4007277,,0,371,2018,-13.32,-176.2
WLF,Wallis e Futuna,Vailala,Q3553293,,0,341,2018,-13.2214,-176.206
WLF,Wallis e Futuna,Leava,Q1628069,,0,322,2018,-14.2961,-178.1585
WLF,Wallis e Futuna,Kolia,Q3816241,,0,254,2018,-14.3070326,-178.0966344
WLF,Wallis e Futuna,Gahi,Q5516913,,0,249,2018,-13.33666667,-176.18694444
WLF,Wallis e Futuna,Vele,Q7918875,,0,209,2018,-14.3111,-178.066
WLF,Wallis e Futuna,Vaisei,Q4007285,,0,160,2018,-14.270622,-178.17215
WLF,Wallis e Futuna,Alofitai,Q2168460,,0,1,2018,-14.3283,-178.059
WLF,Wallis e Futuna,"Tavai, Wallis and Futuna",Q7688993,,0,,,-14.2483,-178.162
WLF,Wallis e Futuna,Fineveke,Q5450174,,0,,,-13.32722222,-176.22166667
WLF,Wallis e Futuna,Tufu'one,Q4000261,,0,,,-13.2236,-176.211
WLF,Wallis e Futuna,Tu'atafa,Q4000100,,0,,,-14.2556,-178.143
WLF,Wallis e Futuna,Toloke,Q3992418,,0,,,-14.2422,-178.177
WSM,Samoa,Apia,Q36260,,1,37708,,-13.833333333333,-171.83333333333
WSM,Samoa,Vaitele,Q9368101,,0,7972,,-13.82,-171.78
WSM,Samoa,Afega,Q2038921,,0,2024,,-13.8,-171.817
WSM,Samoa,Lepa,Q2586194,,0,1429,,-14.03333333,-171.51666667
WSM,Samoa,Leulumoega,Q1944685,,0,1184,,-13.816666666667,-171.91666666667
WSM,Samoa,Sapapali'i,Q7420912,,0,908,,-13.68916667,-172.18638889
WSM,Samoa,Manase,Q6746989,,0,161,,-13.446666666667,-172.37944444444
YEM,Iêmen,Sana,Q2471,,0,2957000,,15.35,44.2
YEM,Iêmen,Áden,Q131694,,0,1154410,,12.8,45.033333333333
YEM,Iêmen,Al Hudaydah,Q270041,,0,617871,,14.802222222222,42.951111111111
YEM,Iêmen,Ta'izz,Q466216,,0,615467,,13.578888888889,44.021944444444
YEM,Iêmen,Ibb,Q99648,,0,350864,,13.966666666667,44.166666666667
YEM,Iêmen,Q12209710,Q12209710,,0,251475,,,
YEM,Iêmen,Dhamar,Q955523,,0,160114,,14.55,44.401666666667
YEM,Iêmen,Q12209616,Q12209616,,0,151403,,15.36597,44.211559
YEM,Iêmen,Al Mukalla,Q310772,,0,144137,,14.533333333333,49.133333333333
YEM,Iêmen,Q12226088,Q12226088,,0,143678,,,
YEM,Iêmen,Al-Dhihar,Q12225630,,0,124621,,,
YEM,Iêmen,Q12209388,Q12209388,,0,124621,,,
YEM,Iêmen,Seiune,Q2320876,,0,120137,,15.966666666667,48.783333333333
YEM,Iêmen,Ja‘ār,Q12226495,,0,109044,,13.42876,45.76735
YEM,Iêmen,Tarim (Iêmem),Q1014010,,0,105552,,16.05,49.0
YEM,Iêmen,Sheikh Othman,Q377588,,0,105248,,12.88661,45.027938
YEM,Iêmen,Q20385734,Q20385734,,0,102612,,,
YEM,Iêmen,Amrān,Q172597,,0,90792,,15.65,43.933333333333
YEM,Iêmen,Aţ Ţarf al Yamānī,Q12225619,,0,89418,,14.41664,43.24249
YEM,Iêmen,Zārah,Q12226688,,0,88155,,13.78764,45.78764
ZAF,África do Sul,City of Johannesburg Metropolitan Municipality,Q2346838,,0,4949347,,-26.204970437308,28.040605722647
ZAF,África do Sul,Joanesburgo,Q34647,,0,4434827,,-26.204361111111,28.041638888889
ZAF,África do Sul,Município metropolitano da Cidade do Cabo,Q1185115,,0,4005016,,-34.0,18.5
ZAF,África do Sul,Cidade do Cabo,Q5465,,0,3776313,,-33.925277777778,18.423888888889
ZAF,África do Sul,eThekwini Metropolitan Municipality,Q311544,,0,3702231,,-29.80547,30.85062
ZAF,África do Sul,Município metropolitano de Ekurhuleni,Q326891,,0,3379104,,-26.166666666667,28.333333333333
ZAF,África do Sul,Tshwane,Q1094207,,0,3275152,,-25.666666666667,28.333333333333
ZAF,África do Sul,Ehlanzeni District Municipality,Q1244497,,0,1754931,,-25.45,30.983
ZAF,África do Sul,Bojanala Platinum District Municipality,Q891165,,0,1657148,,-25.416666666667,27.25
ZAF,África do Sul,OR Tambo District Municipality,Q2007299,,0,1457384,,-31.566666666667,28.766666666667
ZAF,África do Sul,Nkangala District Municipality,Q1856181,,0,1445624,,-25.75,29.416666666667
ZAF,África do Sul,Vhembe District Municipality,Q2305610,,0,1393949,,-22.933333333333,30.466666666667
ZAF,África do Sul,Capricorn District Municipality,Q692290,,0,1330436,,-23.883333333333,29.433333333333
ZAF,África do Sul,Soweto,Q217426,,0,1271628,,-26.267777777778,27.858611111111
ZAF,África do Sul,Nelson Mandela Bay Metropolitan Municipality,Q1856565,,0,1263051,,-33.95,25.6
ZAF,África do Sul,Sekhukhune District Municipality,Q1544445,,0,1169762,,-24.833333333333,29.833333333333
ZAF,África do Sul,Mopani District Municipality,Q611074,,0,1159185,,-23.316666666667,30.716666666667
ZAF,África do Sul,Gert Sibande District Municipality,Q1515346,,0,1135409,,-26.671,29.92953
ZAF,África do Sul,uMgungundlovu District Municipality,Q311803,,0,1095865,,-29.583333333333,30.366666666667
ZAF,África do Sul,King Cetshwayo District Municipality,Q311668,,0,971135,,-28.733333333333,32.083333333333
ZMB,Zâmbia,Lusaca,Q3881,,1,2467563,,-15.416666666667,28.283333333333
ZMB,Zâmbia,Kitwe,Q239580,,0,625000,,-12.820833333333,28.211944444444
ZMB,Zâmbia,Ndola,Q219671,,0,624579,,-12.968888888889,28.6325
ZMB,Zâmbia,Kabwe,Q216902,,0,299206,,-14.433333333333,28.45
ZMB,Zâmbia,Chingola,Q431533,,0,255000,,-12.544722222222,27.870833333333
ZMB,Zâmbia,Mufulira,Q636209,,0,182400,,-12.554580555556,28.260419444444
ZMB,Zâmbia,Livingstone,Q1866604,,0,177393,,-17.85,25.866666666667
ZMB,Zâmbia,Kasama,Q600893,,0,158051,,-10.211666666667,31.178333333333
ZMB,Zâmbia,Mongu,Q644799,,0,148972,,-15.248333333333,23.1275
ZMB,Zâmbia,Luanshya,Q854109,,0,147400,,-13.133333333333,28.4
ZMB,Zâmbia,Chililabombwe,Q993200,,0,141899,,-12.366666666667,27.833333333333
ZMB,Zâmbia,Chipata,Q856151,,0,141800,,-13.638611111111,32.645277777778
ZMB,Zâmbia,Mazabuka,Q1859663,,0,116503,,-15.866666666667,27.766666666667
ZMB,Zâmbia,Shibuyunji District,Q32018493,,0,91616,,-15.383333333333,27.7
ZMB,Zâmbia,Solwezi,Q871209,,0,90856,,-12.183333333333,26.4
ZMB,Zâmbia,Mansa,Q997069,,0,78153,,-11.182222222222,28.883333333333
ZMB,Zâmbia,Kafue,Q1022290,,0,71573,,-15.745555555556,28.178055555556
ZMB,Zâmbia,Kapiri Mposhi,Q985822,,0,65182,,-13.977222222222,28.684722222222
ZMB,Zâmbia,Kansanshi,Q1636203,,0,55954,,-12.1,26.433333333333
ZMB,Zâmbia,Kalulushi,Q1014130,,0,52770,,-12.845833333333,28.0875
ZWE,Zimbábue,Harare,Q3921,,1,2150000,,-17.829166666667,31.052222222222
ZWE,Zimbábue,Masvingo,Q601142,,0,1638528,,-20.074444444444,30.832777777778
ZWE,Zimbábue,Bulavaio,Q193250,,0,665940,,-20.166666666667,28.566666666667
ZWE,Zimbábue,Chitungwiza,Q399119,,0,371246,,-17.993888888889,31.048055555556
ZWE,Zimbábue,Mutare,Q399322,,0,224804,,-18.972777777778,32.669444444444
ZWE,Zimbábue,Lupane District,Q997614,,0,198600,,-18.93611,27.77083
ZWE,Zimbábue,"Ascot, Gweru Zimbabwe",Q125506173,,0,158200,,-19.461388888889,29.802222222222
ZWE,Zimbábue,Epworth,Q2084814,,0,152116,,-17.889444444444,31.161388888889
ZWE,Zimbábue,Gweru,Q399316,,0,141260,,-19.458,29.82
ZWE,Zimbábue,Centenary District,Q1709322,,0,121127,,-16.416666666667,31.166666666667
ZWE,Zimbábue,Kadoma,Q381560,,0,116300,,-18.35,29.916666666667
ZWE,Zimbábue,Kwekwe,Q399083,,0,93072,,-18.916666666667,29.983333333333
ZWE,Zimbábue,Chinhoyi,Q782743,,0,56794,,-17.35,30.2
ZWE,Zimbábue,Marondera,Q1019991,,0,52283,,-18.18527,31.55193
ZWE,Zimbábue,Bindura,Q863727,,0,46275,,-17.3,31.333333333333
ZWE,Zimbábue,Norton,Q994406,,0,44054,,-17.883333333333,30.7
ZWE,Zimbábue,Chegutu,Q1068972,,0,42959,,-18.14,30.15
ZWE,Zimbábue,Hwange,Q1202229,,0,42581,,-18.364722222222,26.5
ZWE,Zimbábue,Beitbridge,Q814922,,0,41767,,-22.216666666667,30.0
ZWE,Zimbábue,Zvishavane,Q231399,,0,35229,,-20.333333333333,30.033333333333
