iso3;year;code;value
KIR;2024;NV.AGR.TOTL.ZS;
KIR;2023;NV.AGR.TOTL.ZS;
KIR;2022;NV.AGR.TOTL.ZS;27.8369337028905
KIR;2021;NV.AGR.TOTL.ZS;25.0951153792758
KIR;2020;NV.AGR.TOTL.ZS;27.0264924801526
KIR;2019;NV.AGR.TOTL.ZS;26.9783587229884
KIR;2018;NV.AGR.TOTL.ZS;26.8094307620587
KIR;2017;NV.AGR.TOTL.ZS;31.0321325149442
KIR;2016;NV.AGR.TOTL.ZS;27.0676818963115
KIR;2015;NV.AGR.TOTL.ZS;22.919663600839
KIR;2014;NV.AGR.TOTL.ZS;25.295949931433
KIR;2013;NV.AGR.TOTL.ZS;23.6658906066429
KIR;2012;NV.AGR.TOTL.ZS;25.2322527301857
KIR;2011;NV.AGR.TOTL.ZS;25.7140796838501
KIR;2010;NV.AGR.TOTL.ZS;24.656994278618
KIR;2009;NV.AGR.TOTL.ZS;26.6757133740491
KIR;2008;NV.AGR.TOTL.ZS;24.6515263462685
KIR;2007;NV.AGR.TOTL.ZS;22.6952534039334
KIR;2006;NV.AGR.TOTL.ZS;21.6296437311933
KIR;2005;NV.AGR.TOTL.ZS;19.9785440818543
KIR;2004;NV.AGR.TOTL.ZS;22.613067101907
KIR;2003;NV.AGR.TOTL.ZS;22.0411967073946
KIR;2002;NV.AGR.TOTL.ZS;21.5198283356643
KIR;2001;NV.AGR.TOTL.ZS;22.5615831817997
KIR;2000;NV.AGR.TOTL.ZS;21.4337071242658
KIR;1999;NV.AGR.TOTL.ZS;26.8650452280091
KIR;1998;NV.AGR.TOTL.ZS;27.5147814856127
KIR;1997;NV.AGR.TOTL.ZS;29.2423175472412
KIR;1996;NV.AGR.TOTL.ZS;31.9681777526715
KIR;1995;NV.AGR.TOTL.ZS;34.7045779716184
KIR;1994;NV.AGR.TOTL.ZS;36.0875538352505
KIR;1993;NV.AGR.TOTL.ZS;36.918823274291
KIR;1992;NV.AGR.TOTL.ZS;38.9224360321798
KIR;1991;NV.AGR.TOTL.ZS;9.50670511651096
KIR;1990;NV.AGR.TOTL.ZS;7.08987114098308
KNA;2024;NV.AGR.TOTL.ZS;1.30414855349231
KNA;2023;NV.AGR.TOTL.ZS;1.51091920384967
KNA;2022;NV.AGR.TOTL.ZS;1.18760178499231
KNA;2021;NV.AGR.TOTL.ZS;1.23971220042445
KNA;2020;NV.AGR.TOTL.ZS;1.12671217092169
KNA;2019;NV.AGR.TOTL.ZS;0.899635933284524
KNA;2018;NV.AGR.TOTL.ZS;0.916165522176504
KNA;2017;NV.AGR.TOTL.ZS;0.902993860903204
KNA;2016;NV.AGR.TOTL.ZS;0.789799919806063
KNA;2015;NV.AGR.TOTL.ZS;0.848520023215322
KNA;2014;NV.AGR.TOTL.ZS;0.937876842883261
KNA;2013;NV.AGR.TOTL.ZS;1.08373424583277
KNA;2012;NV.AGR.TOTL.ZS;1.16601837961175
KNA;2011;NV.AGR.TOTL.ZS;1.33469179826796
KNA;2010;NV.AGR.TOTL.ZS;1.26846576046116
KNA;2009;NV.AGR.TOTL.ZS;1.12219809235891
KNA;2008;NV.AGR.TOTL.ZS;1.22394357477247
KNA;2007;NV.AGR.TOTL.ZS;1.15524939953897
KNA;2006;NV.AGR.TOTL.ZS;1.18856039358131
KNA;2005;NV.AGR.TOTL.ZS;1.66096991437951
KNA;2004;NV.AGR.TOTL.ZS;1.78207404484777
KNA;2003;NV.AGR.TOTL.ZS;1.78005018226578
KNA;2002;NV.AGR.TOTL.ZS;1.78559043163971
KNA;2001;NV.AGR.TOTL.ZS;1.73631881012044
KNA;2000;NV.AGR.TOTL.ZS;1.54557603038402
KNA;1999;NV.AGR.TOTL.ZS;1.75160252026516
KNA;1998;NV.AGR.TOTL.ZS;2.26454883145024
KNA;1997;NV.AGR.TOTL.ZS;3.0509044848197
KNA;1996;NV.AGR.TOTL.ZS;2.78267620473576
KNA;1995;NV.AGR.TOTL.ZS;2.89694119870985
KNA;1994;NV.AGR.TOTL.ZS;3.23365916705357
KNA;1993;NV.AGR.TOTL.ZS;3.85317493751229
KNA;1992;NV.AGR.TOTL.ZS;3.98458173363721
KNA;1991;NV.AGR.TOTL.ZS;3.78698821079502
KNA;1990;NV.AGR.TOTL.ZS;3.49982952608251
KOR;2024;NV.AGR.TOTL.ZS;
KOR;2023;NV.AGR.TOTL.ZS;1.59560572785029
KOR;2022;NV.AGR.TOTL.ZS;1.64164716763395
KOR;2021;NV.AGR.TOTL.ZS;1.85566425511796
KOR;2020;NV.AGR.TOTL.ZS;1.76572048133322
KOR;2019;NV.AGR.TOTL.ZS;1.66793097899135
KOR;2018;NV.AGR.TOTL.ZS;1.74640339447114
KOR;2017;NV.AGR.TOTL.ZS;1.8507562953431
KOR;2016;NV.AGR.TOTL.ZS;1.85903488299151
KOR;2015;NV.AGR.TOTL.ZS;2.00390779269061
KOR;2014;NV.AGR.TOTL.ZS;2.05667705037638
KOR;2013;NV.AGR.TOTL.ZS;2.09904711367279
KOR;2012;NV.AGR.TOTL.ZS;2.1861850409628
KOR;2011;NV.AGR.TOTL.ZS;2.20919995518876
KOR;2010;NV.AGR.TOTL.ZS;2.1440163216522
KOR;2009;NV.AGR.TOTL.ZS;2.24055681194729
KOR;2008;NV.AGR.TOTL.ZS;2.14224974257429
KOR;2007;NV.AGR.TOTL.ZS;2.28340908477707
KOR;2006;NV.AGR.TOTL.ZS;2.49747041944548
KOR;2005;NV.AGR.TOTL.ZS;2.61997573131402
KOR;2004;NV.AGR.TOTL.ZS;2.95801854433406
KOR;2003;NV.AGR.TOTL.ZS;2.96459727836726
KOR;2002;NV.AGR.TOTL.ZS;3.20680203781807
KOR;2001;NV.AGR.TOTL.ZS;3.56581902129398
KOR;2000;NV.AGR.TOTL.ZS;3.8577920379894
KOR;1999;NV.AGR.TOTL.ZS;4.24975441835615
KOR;1998;NV.AGR.TOTL.ZS;4.22594069826381
KOR;1997;NV.AGR.TOTL.ZS;4.47516963965802
KOR;1996;NV.AGR.TOTL.ZS;4.96065098383236
KOR;1995;NV.AGR.TOTL.ZS;5.32867203919185
KOR;1994;NV.AGR.TOTL.ZS;5.65822105841338
KOR;1993;NV.AGR.TOTL.ZS;5.91488137145192
KOR;1992;NV.AGR.TOTL.ZS;6.60760508004589
KOR;1991;NV.AGR.TOTL.ZS;6.82449065102394
KOR;1990;NV.AGR.TOTL.ZS;7.60649633369599
KWT;2024;NV.AGR.TOTL.ZS;0.492980752264446
KWT;2023;NV.AGR.TOTL.ZS;0.468735686090264
KWT;2022;NV.AGR.TOTL.ZS;0.402460287681043
KWT;2021;NV.AGR.TOTL.ZS;0.473024782981162
KWT;2020;NV.AGR.TOTL.ZS;0.49632675317715
KWT;2019;NV.AGR.TOTL.ZS;0.370434060761879
KWT;2018;NV.AGR.TOTL.ZS;0.44590687055795
KWT;2017;NV.AGR.TOTL.ZS;0.52509203800542
KWT;2016;NV.AGR.TOTL.ZS;0.518592081261022
KWT;2015;NV.AGR.TOTL.ZS;0.537729005863466
KWT;2014;NV.AGR.TOTL.ZS;0.450636159462993
KWT;2013;NV.AGR.TOTL.ZS;0.355177602564807
KWT;2012;NV.AGR.TOTL.ZS;0.359874372162406
KWT;2011;NV.AGR.TOTL.ZS;0.438835785183309
KWT;2010;NV.AGR.TOTL.ZS;0.451728931072872
KWT;2009;NV.AGR.TOTL.ZS;0.262327765426512
KWT;2008;NV.AGR.TOTL.ZS;0.160020999601209
KWT;2007;NV.AGR.TOTL.ZS;0.213317127370276
KWT;2006;NV.AGR.TOTL.ZS;0.236515719642342
KWT;2005;NV.AGR.TOTL.ZS;0.301358018412085
KWT;2004;NV.AGR.TOTL.ZS;0.404756603698185
KWT;2003;NV.AGR.TOTL.ZS;0.454889536839744
KWT;2002;NV.AGR.TOTL.ZS;0.516824849007765
KWT;2001;NV.AGR.TOTL.ZS;0.446728971962617
KWT;2000;NV.AGR.TOTL.ZS;0.355219830082193
KWT;1999;NV.AGR.TOTL.ZS;0.427494901687078
KWT;1998;NV.AGR.TOTL.ZS;0.446468095870486
KWT;1997;NV.AGR.TOTL.ZS;0.395364245603745
KWT;1996;NV.AGR.TOTL.ZS;0.394523337328059
KWT;1995;NV.AGR.TOTL.ZS;0.419034003376921
KWT;1994;NV.AGR.TOTL.ZS;
KWT;1993;NV.AGR.TOTL.ZS;
KWT;1992;NV.AGR.TOTL.ZS;
KWT;1991;NV.AGR.TOTL.ZS;
KWT;1990;NV.AGR.TOTL.ZS;
LAO;2024;NV.AGR.TOTL.ZS;16.771883812878
LAO;2023;NV.AGR.TOTL.ZS;16.1390568351887
LAO;2022;NV.AGR.TOTL.ZS;14.8688822282276
LAO;2021;NV.AGR.TOTL.ZS;16.0676970155249
LAO;2020;NV.AGR.TOTL.ZS;16.3377623592616
LAO;2019;NV.AGR.TOTL.ZS;16.0503390570341
LAO;2018;NV.AGR.TOTL.ZS;15.7091868201084
LAO;2017;NV.AGR.TOTL.ZS;16.1997598561979
LAO;2016;NV.AGR.TOTL.ZS;17.2301765948066
LAO;2015;NV.AGR.TOTL.ZS;17.5877596970627
LAO;2014;NV.AGR.TOTL.ZS;17.8487917824206
LAO;2013;NV.AGR.TOTL.ZS;17.9304984280697
LAO;2012;NV.AGR.TOTL.ZS;18.5484865737637
LAO;2011;NV.AGR.TOTL.ZS;20.7912551864005
LAO;2010;NV.AGR.TOTL.ZS;22.5957941345194
LAO;2009;NV.AGR.TOTL.ZS;24.2053770855586
LAO;2008;NV.AGR.TOTL.ZS;24.1764814314586
LAO;2007;NV.AGR.TOTL.ZS;25.788148677301
LAO;2006;NV.AGR.TOTL.ZS;26.7296699146578
LAO;2005;NV.AGR.TOTL.ZS;28.2951353434837
LAO;2004;NV.AGR.TOTL.ZS;30.5213475173909
LAO;2003;NV.AGR.TOTL.ZS;32.0861145753545
LAO;2002;NV.AGR.TOTL.ZS;33.3863040963517
LAO;2001;NV.AGR.TOTL.ZS;32.6831929428473
LAO;2000;NV.AGR.TOTL.ZS;33.6302510315937
LAO;1999;NV.AGR.TOTL.ZS;34.3119793661779
LAO;1998;NV.AGR.TOTL.ZS;33.9387656658138
LAO;1997;NV.AGR.TOTL.ZS;51.8527062375068
LAO;1996;NV.AGR.TOTL.ZS;40.4982887775844
LAO;1995;NV.AGR.TOTL.ZS;42.2262355997899
LAO;1994;NV.AGR.TOTL.ZS;44.0851035404577
LAO;1993;NV.AGR.TOTL.ZS;43.4169170590763
LAO;1992;NV.AGR.TOTL.ZS;46.7255908925821
LAO;1991;NV.AGR.TOTL.ZS;43.9597849289897
LAO;1990;NV.AGR.TOTL.ZS;46.4688634742615
LBN;2024;NV.AGR.TOTL.ZS;
LBN;2023;NV.AGR.TOTL.ZS;0.966455367369224
LBN;2022;NV.AGR.TOTL.ZS;1.1895732629522
LBN;2021;NV.AGR.TOTL.ZS;1.40016561487545
LBN;2020;NV.AGR.TOTL.ZS;3.07825000560689
LBN;2019;NV.AGR.TOTL.ZS;3.16909985150245
LBN;2018;NV.AGR.TOTL.ZS;3.23189728304163
LBN;2017;NV.AGR.TOTL.ZS;2.79291148520091
LBN;2016;NV.AGR.TOTL.ZS;2.72714945763945
LBN;2015;NV.AGR.TOTL.ZS;3.28466326670943
LBN;2014;NV.AGR.TOTL.ZS;4.02280590517852
LBN;2013;NV.AGR.TOTL.ZS;3.9553991560217
LBN;2012;NV.AGR.TOTL.ZS;3.76453077704882
LBN;2011;NV.AGR.TOTL.ZS;3.80460970714467
LBN;2010;NV.AGR.TOTL.ZS;3.86195936751946
LBN;2009;NV.AGR.TOTL.ZS;3.95087208611483
LBN;2008;NV.AGR.TOTL.ZS;4.52188617992645
LBN;2007;NV.AGR.TOTL.ZS;4.89276661829071
LBN;2006;NV.AGR.TOTL.ZS;4.46973485890735
LBN;2005;NV.AGR.TOTL.ZS;3.57963505822563
LBN;2004;NV.AGR.TOTL.ZS;3.82091029633439
LBN;2003;NV.AGR.TOTL.ZS;5.48637489677952
LBN;2002;NV.AGR.TOTL.ZS;5.66292601828761
LBN;2001;NV.AGR.TOTL.ZS;5.86311872815425
LBN;2000;NV.AGR.TOTL.ZS;6.23750960799385
LBN;1999;NV.AGR.TOTL.ZS;6.19685009342943
LBN;1998;NV.AGR.TOTL.ZS;6.08818692875445
LBN;1997;NV.AGR.TOTL.ZS;6.70515463917526
LBN;1996;NV.AGR.TOTL.ZS;6.18307844332752
LBN;1995;NV.AGR.TOTL.ZS;6.79485642800601
LBN;1994;NV.AGR.TOTL.ZS;6.46664063418966
LBN;1993;NV.AGR.TOTL.ZS;
LBN;1992;NV.AGR.TOTL.ZS;
LBN;1991;NV.AGR.TOTL.ZS;
LBN;1990;NV.AGR.TOTL.ZS;
LBR;2024;NV.AGR.TOTL.ZS;33.6421052631579
LBR;2023;NV.AGR.TOTL.ZS;34.5558086560364
LBR;2022;NV.AGR.TOTL.ZS;36.2030463526172
LBR;2021;NV.AGR.TOTL.ZS;36.9194911714167
LBR;2020;NV.AGR.TOTL.ZS;39.2922850706535
LBR;2019;NV.AGR.TOTL.ZS;36.4371513224574
LBR;2018;NV.AGR.TOTL.ZS;35.4966999096751
LBR;2017;NV.AGR.TOTL.ZS;35.9426159185731
LBR;2016;NV.AGR.TOTL.ZS;35.9187135102446
LBR;2015;NV.AGR.TOTL.ZS;34.4037544579447
LBR;2014;NV.AGR.TOTL.ZS;36.4990829760929
LBR;2013;NV.AGR.TOTL.ZS;39.5299619498073
LBR;2012;NV.AGR.TOTL.ZS;46.7127296252276
LBR;2011;NV.AGR.TOTL.ZS;44.3005004170142
LBR;2010;NV.AGR.TOTL.ZS;44.80003003003
LBR;2009;NV.AGR.TOTL.ZS;58.0357466063348
LBR;2008;NV.AGR.TOTL.ZS;65.1745654692932
LBR;2007;NV.AGR.TOTL.ZS;65.5981500364166
LBR;2006;NV.AGR.TOTL.ZS;63.8180250223414
LBR;2005;NV.AGR.TOTL.ZS;66.0327291886196
LBR;2004;NV.AGR.TOTL.ZS;65.0474024526198
LBR;2003;NV.AGR.TOTL.ZS;72.2403877005348
LBR;2002;NV.AGR.TOTL.ZS;79.0423624595469
LBR;2001;NV.AGR.TOTL.ZS;76.533587196468
LBR;2000;NV.AGR.TOTL.ZS;76.0745423340961
LBR;1999;NV.AGR.TOTL.ZS;
LBR;1998;NV.AGR.TOTL.ZS;
LBR;1997;NV.AGR.TOTL.ZS;
LBR;1996;NV.AGR.TOTL.ZS;
LBR;1995;NV.AGR.TOTL.ZS;
LBR;1994;NV.AGR.TOTL.ZS;
LBR;1993;NV.AGR.TOTL.ZS;
LBR;1992;NV.AGR.TOTL.ZS;
LBR;1991;NV.AGR.TOTL.ZS;
LBR;1990;NV.AGR.TOTL.ZS;
LBY;2024;NV.AGR.TOTL.ZS;1.73636225672957
LBY;2023;NV.AGR.TOTL.ZS;1.77478465195997
LBY;2022;NV.AGR.TOTL.ZS;1.68643769937353
LBY;2021;NV.AGR.TOTL.ZS;1.9292341608539
LBY;2020;NV.AGR.TOTL.ZS;4.326770152924
LBY;2019;NV.AGR.TOTL.ZS;2.04201619232517
LBY;2018;NV.AGR.TOTL.ZS;3.66012922036917
LBY;2017;NV.AGR.TOTL.ZS;3.87477645520451
LBY;2016;NV.AGR.TOTL.ZS;4.61177989572916
LBY;2015;NV.AGR.TOTL.ZS;4.3862973349324
LBY;2014;NV.AGR.TOTL.ZS;3.51667860719144
LBY;2013;NV.AGR.TOTL.ZS;2.41548515289585
LBY;2012;NV.AGR.TOTL.ZS;1.81559365235981
LBY;2011;NV.AGR.TOTL.ZS;3.05766833710666
LBY;2010;NV.AGR.TOTL.ZS;1.79953001101668
LBY;2009;NV.AGR.TOTL.ZS;2.15806763082219
LBY;2008;NV.AGR.TOTL.ZS;1.38365254109486
LBY;2007;NV.AGR.TOTL.ZS;1.54141662252696
LBY;2006;NV.AGR.TOTL.ZS;1.51764483817067
LBY;2005;NV.AGR.TOTL.ZS;2.51001097978428
LBY;2004;NV.AGR.TOTL.ZS;3.34262291274763
LBY;2003;NV.AGR.TOTL.ZS;4.09220701963117
LBY;2002;NV.AGR.TOTL.ZS;5.18529909272643
LBY;2001;NV.AGR.TOTL.ZS;
LBY;2000;NV.AGR.TOTL.ZS;
LBY;1999;NV.AGR.TOTL.ZS;
LBY;1998;NV.AGR.TOTL.ZS;
LBY;1997;NV.AGR.TOTL.ZS;
LBY;1996;NV.AGR.TOTL.ZS;
LBY;1995;NV.AGR.TOTL.ZS;
LBY;1994;NV.AGR.TOTL.ZS;
LBY;1993;NV.AGR.TOTL.ZS;
LBY;1992;NV.AGR.TOTL.ZS;
LBY;1991;NV.AGR.TOTL.ZS;
LBY;1990;NV.AGR.TOTL.ZS;
LCA;2024;NV.AGR.TOTL.ZS;1.12968164045757
LCA;2023;NV.AGR.TOTL.ZS;1.12520860480534
LCA;2022;NV.AGR.TOTL.ZS;1.51833975460569
LCA;2021;NV.AGR.TOTL.ZS;1.71420637124608
LCA;2020;NV.AGR.TOTL.ZS;1.98095868617899
LCA;2019;NV.AGR.TOTL.ZS;1.73029096250418
LCA;2018;NV.AGR.TOTL.ZS;1.62887405698184
LCA;2017;NV.AGR.TOTL.ZS;1.56172395644149
LCA;2016;NV.AGR.TOTL.ZS;2.07707722588586
LCA;2015;NV.AGR.TOTL.ZS;2.15259095649537
LCA;2014;NV.AGR.TOTL.ZS;2.21690522571356
LCA;2013;NV.AGR.TOTL.ZS;2.62387744085513
LCA;2012;NV.AGR.TOTL.ZS;2.36885770168429
LCA;2011;NV.AGR.TOTL.ZS;2.34543994710244
LCA;2010;NV.AGR.TOTL.ZS;2.69060872867551
LCA;2009;NV.AGR.TOTL.ZS;3.64863368192877
LCA;2008;NV.AGR.TOTL.ZS;3.58977133209373
LCA;2007;NV.AGR.TOTL.ZS;2.91458779159669
LCA;2006;NV.AGR.TOTL.ZS;2.98042746454348
LCA;2005;NV.AGR.TOTL.ZS;
LCA;2004;NV.AGR.TOTL.ZS;
LCA;2003;NV.AGR.TOTL.ZS;
LCA;2002;NV.AGR.TOTL.ZS;
LCA;2001;NV.AGR.TOTL.ZS;
LCA;2000;NV.AGR.TOTL.ZS;
LCA;1999;NV.AGR.TOTL.ZS;
LCA;1998;NV.AGR.TOTL.ZS;
LCA;1997;NV.AGR.TOTL.ZS;
LCA;1996;NV.AGR.TOTL.ZS;
LCA;1995;NV.AGR.TOTL.ZS;
LCA;1994;NV.AGR.TOTL.ZS;
LCA;1993;NV.AGR.TOTL.ZS;
LCA;1992;NV.AGR.TOTL.ZS;
LCA;1991;NV.AGR.TOTL.ZS;
LCA;1990;NV.AGR.TOTL.ZS;
LIE;2024;NV.AGR.TOTL.ZS;
LIE;2023;NV.AGR.TOTL.ZS;
LIE;2022;NV.AGR.TOTL.ZS;0.171755454300274
LIE;2021;NV.AGR.TOTL.ZS;0.161805584367091
LIE;2020;NV.AGR.TOTL.ZS;0.211170416188623
LIE;2019;NV.AGR.TOTL.ZS;0.139140766681258
LIE;2018;NV.AGR.TOTL.ZS;0.139045930996547
LIE;2017;NV.AGR.TOTL.ZS;0.134897728698707
LIE;2016;NV.AGR.TOTL.ZS;0.115518531775731
LIE;2015;NV.AGR.TOTL.ZS;
LIE;2014;NV.AGR.TOTL.ZS;
LIE;2013;NV.AGR.TOTL.ZS;
LIE;2012;NV.AGR.TOTL.ZS;
LIE;2011;NV.AGR.TOTL.ZS;
LIE;2010;NV.AGR.TOTL.ZS;
LIE;2009;NV.AGR.TOTL.ZS;
LIE;2008;NV.AGR.TOTL.ZS;
LIE;2007;NV.AGR.TOTL.ZS;
LIE;2006;NV.AGR.TOTL.ZS;
LIE;2005;NV.AGR.TOTL.ZS;
LIE;2004;NV.AGR.TOTL.ZS;
LIE;2003;NV.AGR.TOTL.ZS;
LIE;2002;NV.AGR.TOTL.ZS;
LIE;2001;NV.AGR.TOTL.ZS;
LIE;2000;NV.AGR.TOTL.ZS;
LIE;1999;NV.AGR.TOTL.ZS;
LIE;1998;NV.AGR.TOTL.ZS;
LIE;1997;NV.AGR.TOTL.ZS;
LIE;1996;NV.AGR.TOTL.ZS;
LIE;1995;NV.AGR.TOTL.ZS;
LIE;1994;NV.AGR.TOTL.ZS;
LIE;1993;NV.AGR.TOTL.ZS;
LIE;1992;NV.AGR.TOTL.ZS;
LIE;1991;NV.AGR.TOTL.ZS;
LIE;1990;NV.AGR.TOTL.ZS;
LKA;2024;NV.AGR.TOTL.ZS;8.2996858332285
LKA;2023;NV.AGR.TOTL.ZS;8.12391264498649
LKA;2022;NV.AGR.TOTL.ZS;8.44795287007937
LKA;2021;NV.AGR.TOTL.ZS;8.78994016463402
LKA;2020;NV.AGR.TOTL.ZS;8.25132326058186
LKA;2019;NV.AGR.TOTL.ZS;7.2562467000326
LKA;2018;NV.AGR.TOTL.ZS;7.59206395115246
LKA;2017;NV.AGR.TOTL.ZS;7.4306787795994
LKA;2016;NV.AGR.TOTL.ZS;7.26171847779131
LKA;2015;NV.AGR.TOTL.ZS;8.21693887941642
LKA;2014;NV.AGR.TOTL.ZS;8.08070792347262
LKA;2013;NV.AGR.TOTL.ZS;7.9246041166418
LKA;2012;NV.AGR.TOTL.ZS;7.91028886801456
LKA;2011;NV.AGR.TOTL.ZS;9.53315934995748
LKA;2010;NV.AGR.TOTL.ZS;9.04833700695796
LKA;2009;NV.AGR.TOTL.ZS;12.691971303497
LKA;2008;NV.AGR.TOTL.ZS;13.379200767591
LKA;2007;NV.AGR.TOTL.ZS;11.6831643328505
LKA;2006;NV.AGR.TOTL.ZS;11.3362802346632
LKA;2005;NV.AGR.TOTL.ZS;11.8194768226447
LKA;2004;NV.AGR.TOTL.ZS;12.5438041438828
LKA;2003;NV.AGR.TOTL.ZS;13.230514884212
LKA;2002;NV.AGR.TOTL.ZS;14.2793225360883
LKA;2001;NV.AGR.TOTL.ZS;20.0666052033611
LKA;2000;NV.AGR.TOTL.ZS;19.9273150418722
LKA;1999;NV.AGR.TOTL.ZS;20.7284809437567
LKA;1998;NV.AGR.TOTL.ZS;21.1644905234453
LKA;1997;NV.AGR.TOTL.ZS;21.9486006411524
LKA;1996;NV.AGR.TOTL.ZS;22.5390632811198
LKA;1995;NV.AGR.TOTL.ZS;23.1401230659566
LKA;1994;NV.AGR.TOTL.ZS;23.9738394947883
LKA;1993;NV.AGR.TOTL.ZS;24.8807033118813
LKA;1992;NV.AGR.TOTL.ZS;26.1223611336451
LKA;1991;NV.AGR.TOTL.ZS;27.0879705649331
LKA;1990;NV.AGR.TOTL.ZS;26.6849955743604
LSO;2024;NV.AGR.TOTL.ZS;6.49944680484529
LSO;2023;NV.AGR.TOTL.ZS;6.63922933135679
LSO;2022;NV.AGR.TOTL.ZS;5.95085395275307
LSO;2021;NV.AGR.TOTL.ZS;5.95625262808585
LSO;2020;NV.AGR.TOTL.ZS;5.30771232422278
LSO;2019;NV.AGR.TOTL.ZS;4.46380208822172
LSO;2018;NV.AGR.TOTL.ZS;4.24977543430507
LSO;2017;NV.AGR.TOTL.ZS;4.9636238571378
LSO;2016;NV.AGR.TOTL.ZS;4.92411763358152
LSO;2015;NV.AGR.TOTL.ZS;3.78190344669127
LSO;2014;NV.AGR.TOTL.ZS;3.9607145663379
LSO;2013;NV.AGR.TOTL.ZS;5.06436346227762
LSO;2012;NV.AGR.TOTL.ZS;4.89530867188129
LSO;2011;NV.AGR.TOTL.ZS;4.54395157549887
LSO;2010;NV.AGR.TOTL.ZS;4.86217527655246
LSO;2009;NV.AGR.TOTL.ZS;5.50352430775727
LSO;2008;NV.AGR.TOTL.ZS;4.8970487478767
LSO;2007;NV.AGR.TOTL.ZS;4.88998680002259
LSO;2006;NV.AGR.TOTL.ZS;4.8427648086475
LSO;2005;NV.AGR.TOTL.ZS;5.67113040473066
LSO;2004;NV.AGR.TOTL.ZS;5.98400675567569
LSO;2003;NV.AGR.TOTL.ZS;6.34688612370652
LSO;2002;NV.AGR.TOTL.ZS;6.39531283270571
LSO;2001;NV.AGR.TOTL.ZS;8.29887058675374
LSO;2000;NV.AGR.TOTL.ZS;7.82713481504646
LSO;1999;NV.AGR.TOTL.ZS;8.78463025395403
LSO;1998;NV.AGR.TOTL.ZS;8.3229928018757
LSO;1997;NV.AGR.TOTL.ZS;7.00319653162587
LSO;1996;NV.AGR.TOTL.ZS;7.68928327922944
LSO;1995;NV.AGR.TOTL.ZS;8.78063229571904
LSO;1994;NV.AGR.TOTL.ZS;8.26243340650866
LSO;1993;NV.AGR.TOTL.ZS;8.33023557219122
LSO;1992;NV.AGR.TOTL.ZS;9.07708540637459
LSO;1991;NV.AGR.TOTL.ZS;7.3249998637437
LSO;1990;NV.AGR.TOTL.ZS;12.1616496818622
LTU;2024;NV.AGR.TOTL.ZS;2.57325294659349
LTU;2023;NV.AGR.TOTL.ZS;2.71539099968174
LTU;2022;NV.AGR.TOTL.ZS;3.9279382912554
LTU;2021;NV.AGR.TOTL.ZS;3.39582123831296
LTU;2020;NV.AGR.TOTL.ZS;3.53241993914326
LTU;2019;NV.AGR.TOTL.ZS;3.12404744403716
LTU;2018;NV.AGR.TOTL.ZS;2.88685726647675
LTU;2017;NV.AGR.TOTL.ZS;3.54933633712632
LTU;2016;NV.AGR.TOTL.ZS;3.12061896056681
LTU;2015;NV.AGR.TOTL.ZS;3.43671864804715
LTU;2014;NV.AGR.TOTL.ZS;3.4401608409572
LTU;2013;NV.AGR.TOTL.ZS;3.53435810553224
LTU;2012;NV.AGR.TOTL.ZS;4.00007448760216
LTU;2011;NV.AGR.TOTL.ZS;3.51897129368263
LTU;2010;NV.AGR.TOTL.ZS;3.06871518554059
LTU;2009;NV.AGR.TOTL.ZS;2.52928276861212
LTU;2008;NV.AGR.TOTL.ZS;3.28158323801393
LTU;2007;NV.AGR.TOTL.ZS;3.47267609522387
LTU;2006;NV.AGR.TOTL.ZS;3.8728905163979
LTU;2005;NV.AGR.TOTL.ZS;4.32727074499656
LTU;2004;NV.AGR.TOTL.ZS;4.15167623775201
LTU;2003;NV.AGR.TOTL.ZS;4.41639298290057
LTU;2002;NV.AGR.TOTL.ZS;4.76760475898336
LTU;2001;NV.AGR.TOTL.ZS;4.86500650657571
LTU;2000;NV.AGR.TOTL.ZS;5.57351611529396
LTU;1999;NV.AGR.TOTL.ZS;6.3536359420219
LTU;1998;NV.AGR.TOTL.ZS;7.62845477468583
LTU;1997;NV.AGR.TOTL.ZS;9.37590275267037
LTU;1996;NV.AGR.TOTL.ZS;10.8805040140195
LTU;1995;NV.AGR.TOTL.ZS;9.81208235083643
LTU;1994;NV.AGR.TOTL.ZS;
LTU;1993;NV.AGR.TOTL.ZS;
LTU;1992;NV.AGR.TOTL.ZS;
LTU;1991;NV.AGR.TOTL.ZS;
LTU;1990;NV.AGR.TOTL.ZS;
LUX;2024;NV.AGR.TOTL.ZS;0.173025567047158
LUX;2023;NV.AGR.TOTL.ZS;0.212423661674197
LUX;2022;NV.AGR.TOTL.ZS;0.242167478298755
LUX;2021;NV.AGR.TOTL.ZS;0.194861687098922
LUX;2020;NV.AGR.TOTL.ZS;0.20041631187567
LUX;2019;NV.AGR.TOTL.ZS;0.214828063048275
LUX;2018;NV.AGR.TOTL.ZS;0.233738394048527
LUX;2017;NV.AGR.TOTL.ZS;0.23457255011554
LUX;2016;NV.AGR.TOTL.ZS;0.214197008159042
LUX;2015;NV.AGR.TOTL.ZS;0.223732628740735
LUX;2014;NV.AGR.TOTL.ZS;0.289550438585059
LUX;2013;NV.AGR.TOTL.ZS;0.261907196956465
LUX;2012;NV.AGR.TOTL.ZS;0.287951499538819
LUX;2011;NV.AGR.TOTL.ZS;0.25111528958498
LUX;2010;NV.AGR.TOTL.ZS;0.268412058048641
LUX;2009;NV.AGR.TOTL.ZS;0.233334868942186
LUX;2008;NV.AGR.TOTL.ZS;0.307778948525776
LUX;2007;NV.AGR.TOTL.ZS;0.363222868939437
LUX;2006;NV.AGR.TOTL.ZS;0.311756721900439
LUX;2005;NV.AGR.TOTL.ZS;0.35650094088746
LUX;2004;NV.AGR.TOTL.ZS;0.535432004959881
LUX;2003;NV.AGR.TOTL.ZS;0.46423787561405
LUX;2002;NV.AGR.TOTL.ZS;0.690661512047414
LUX;2001;NV.AGR.TOTL.ZS;0.560287361469729
LUX;2000;NV.AGR.TOTL.ZS;0.596866957478124
LUX;1999;NV.AGR.TOTL.ZS;0.713557132921405
LUX;1998;NV.AGR.TOTL.ZS;0.777303293174162
LUX;1997;NV.AGR.TOTL.ZS;0.711507901512519
LUX;1996;NV.AGR.TOTL.ZS;0.814882740416411
LUX;1995;NV.AGR.TOTL.ZS;0.934627457791923
LUX;1994;NV.AGR.TOTL.ZS;
LUX;1993;NV.AGR.TOTL.ZS;
LUX;1992;NV.AGR.TOTL.ZS;
LUX;1991;NV.AGR.TOTL.ZS;
LUX;1990;NV.AGR.TOTL.ZS;
LVA;2024;NV.AGR.TOTL.ZS;4.09964706866637
LVA;2023;NV.AGR.TOTL.ZS;3.91326312003761
LVA;2022;NV.AGR.TOTL.ZS;5.0780013947494
LVA;2021;NV.AGR.TOTL.ZS;4.20672251535361
LVA;2020;NV.AGR.TOTL.ZS;4.0791819421756
LVA;2019;NV.AGR.TOTL.ZS;3.85343444199836
LVA;2018;NV.AGR.TOTL.ZS;3.66104778019513
LVA;2017;NV.AGR.TOTL.ZS;3.62476211824764
LVA;2016;NV.AGR.TOTL.ZS;3.32532538955761
LVA;2015;NV.AGR.TOTL.ZS;3.55445018445087
LVA;2014;NV.AGR.TOTL.ZS;3.61639638963682
LVA;2013;NV.AGR.TOTL.ZS;3.2120869041368
LVA;2012;NV.AGR.TOTL.ZS;3.53285388028976
LVA;2011;NV.AGR.TOTL.ZS;3.77780079362838
LVA;2010;NV.AGR.TOTL.ZS;4.11588497283241
LVA;2009;NV.AGR.TOTL.ZS;3.28684121352283
LVA;2008;NV.AGR.TOTL.ZS;3.09128712531246
LVA;2007;NV.AGR.TOTL.ZS;3.45397603560539
LVA;2006;NV.AGR.TOTL.ZS;3.42315192809587
LVA;2005;NV.AGR.TOTL.ZS;3.86773701723693
LVA;2004;NV.AGR.TOTL.ZS;4.36504580120425
LVA;2003;NV.AGR.TOTL.ZS;4.10241052739919
LVA;2002;NV.AGR.TOTL.ZS;4.62764983903159
LVA;2001;NV.AGR.TOTL.ZS;4.48098729935745
LVA;2000;NV.AGR.TOTL.ZS;4.5495785956353
LVA;1999;NV.AGR.TOTL.ZS;3.7290162891106
LVA;1998;NV.AGR.TOTL.ZS;3.89085062578448
LVA;1997;NV.AGR.TOTL.ZS;5.07165787586923
LVA;1996;NV.AGR.TOTL.ZS;6.92810434504774
LVA;1995;NV.AGR.TOTL.ZS;8.05469632872521
LVA;1994;NV.AGR.TOTL.ZS;
LVA;1993;NV.AGR.TOTL.ZS;
LVA;1992;NV.AGR.TOTL.ZS;
LVA;1991;NV.AGR.TOTL.ZS;
LVA;1990;NV.AGR.TOTL.ZS;
MAC;2024;NV.AGR.TOTL.ZS;
MAC;2023;NV.AGR.TOTL.ZS;
MAC;2022;NV.AGR.TOTL.ZS;
MAC;2021;NV.AGR.TOTL.ZS;
MAC;2020;NV.AGR.TOTL.ZS;
MAC;2019;NV.AGR.TOTL.ZS;
MAC;2018;NV.AGR.TOTL.ZS;
MAC;2017;NV.AGR.TOTL.ZS;
MAC;2016;NV.AGR.TOTL.ZS;
MAC;2015;NV.AGR.TOTL.ZS;
MAC;2014;NV.AGR.TOTL.ZS;
MAC;2013;NV.AGR.TOTL.ZS;
MAC;2012;NV.AGR.TOTL.ZS;
MAC;2011;NV.AGR.TOTL.ZS;
MAC;2010;NV.AGR.TOTL.ZS;
MAC;2009;NV.AGR.TOTL.ZS;
MAC;2008;NV.AGR.TOTL.ZS;
MAC;2007;NV.AGR.TOTL.ZS;
MAC;2006;NV.AGR.TOTL.ZS;
MAC;2005;NV.AGR.TOTL.ZS;
MAC;2004;NV.AGR.TOTL.ZS;
MAC;2003;NV.AGR.TOTL.ZS;
MAC;2002;NV.AGR.TOTL.ZS;
MAC;2001;NV.AGR.TOTL.ZS;
MAC;2000;NV.AGR.TOTL.ZS;
MAC;1999;NV.AGR.TOTL.ZS;
MAC;1998;NV.AGR.TOTL.ZS;
MAC;1997;NV.AGR.TOTL.ZS;
MAC;1996;NV.AGR.TOTL.ZS;
MAC;1995;NV.AGR.TOTL.ZS;
MAC;1994;NV.AGR.TOTL.ZS;
MAC;1993;NV.AGR.TOTL.ZS;
MAC;1992;NV.AGR.TOTL.ZS;
MAC;1991;NV.AGR.TOTL.ZS;
MAC;1990;NV.AGR.TOTL.ZS;
MAF;2024;NV.AGR.TOTL.ZS;
MAF;2023;NV.AGR.TOTL.ZS;
MAF;2022;NV.AGR.TOTL.ZS;
MAF;2021;NV.AGR.TOTL.ZS;
MAF;2020;NV.AGR.TOTL.ZS;
MAF;2019;NV.AGR.TOTL.ZS;
MAF;2018;NV.AGR.TOTL.ZS;
MAF;2017;NV.AGR.TOTL.ZS;
MAF;2016;NV.AGR.TOTL.ZS;
MAF;2015;NV.AGR.TOTL.ZS;
MAF;2014;NV.AGR.TOTL.ZS;
MAF;2013;NV.AGR.TOTL.ZS;
MAF;2012;NV.AGR.TOTL.ZS;
MAF;2011;NV.AGR.TOTL.ZS;
MAF;2010;NV.AGR.TOTL.ZS;
MAF;2009;NV.AGR.TOTL.ZS;
MAF;2008;NV.AGR.TOTL.ZS;
MAF;2007;NV.AGR.TOTL.ZS;
MAF;2006;NV.AGR.TOTL.ZS;
MAF;2005;NV.AGR.TOTL.ZS;
MAF;2004;NV.AGR.TOTL.ZS;
MAF;2003;NV.AGR.TOTL.ZS;
MAF;2002;NV.AGR.TOTL.ZS;
MAF;2001;NV.AGR.TOTL.ZS;
MAF;2000;NV.AGR.TOTL.ZS;
MAF;1999;NV.AGR.TOTL.ZS;
MAF;1998;NV.AGR.TOTL.ZS;
MAF;1997;NV.AGR.TOTL.ZS;
MAF;1996;NV.AGR.TOTL.ZS;
MAF;1995;NV.AGR.TOTL.ZS;
MAF;1994;NV.AGR.TOTL.ZS;
MAF;1993;NV.AGR.TOTL.ZS;
MAF;1992;NV.AGR.TOTL.ZS;
MAF;1991;NV.AGR.TOTL.ZS;
MAF;1990;NV.AGR.TOTL.ZS;
MAR;2024;NV.AGR.TOTL.ZS;10.0876025474907
MAR;2023;NV.AGR.TOTL.ZS;11.0646198674555
MAR;2022;NV.AGR.TOTL.ZS;9.8181364510228
MAR;2021;NV.AGR.TOTL.ZS;11.9779439009277
MAR;2020;NV.AGR.TOTL.ZS;10.6636401420592
MAR;2019;NV.AGR.TOTL.ZS;10.8424017370039
MAR;2018;NV.AGR.TOTL.ZS;11.3055402401365
MAR;2017;NV.AGR.TOTL.ZS;11.1602887992375
MAR;2016;NV.AGR.TOTL.ZS;10.3219651103177
MAR;2015;NV.AGR.TOTL.ZS;11.7961931846113
MAR;2014;NV.AGR.TOTL.ZS;10.3531465249527
MAR;2013;NV.AGR.TOTL.ZS;12.3583661932506
MAR;2012;NV.AGR.TOTL.ZS;11.3297511522793
MAR;2011;NV.AGR.TOTL.ZS;12.0819026098454
MAR;2010;NV.AGR.TOTL.ZS;11.9620812709231
MAR;2009;NV.AGR.TOTL.ZS;11.9650475529562
MAR;2008;NV.AGR.TOTL.ZS;10.864961794312
MAR;2007;NV.AGR.TOTL.ZS;9.8752466486995
MAR;2006;NV.AGR.TOTL.ZS;12.304168098197
MAR;2005;NV.AGR.TOTL.ZS;10.6988804483578
MAR;2004;NV.AGR.TOTL.ZS;11.869333718001
MAR;2003;NV.AGR.TOTL.ZS;12.4918601820552
MAR;2002;NV.AGR.TOTL.ZS;11.8432781663725
MAR;2001;NV.AGR.TOTL.ZS;11.8761776238587
MAR;2000;NV.AGR.TOTL.ZS;10.7286317929553
MAR;1999;NV.AGR.TOTL.ZS;12.4766395275978
MAR;1998;NV.AGR.TOTL.ZS;14.4867902100459
MAR;1997;NV.AGR.TOTL.ZS;14.6341801323036
MAR;1996;NV.AGR.TOTL.ZS;18.4399801016561
MAR;1995;NV.AGR.TOTL.ZS;13.4926498510091
MAR;1994;NV.AGR.TOTL.ZS;17.2595077231236
MAR;1993;NV.AGR.TOTL.ZS;13.0694074271171
MAR;1992;NV.AGR.TOTL.ZS;14.0427572103275
MAR;1991;NV.AGR.TOTL.ZS;17.4994367386153
MAR;1990;NV.AGR.TOTL.ZS;15.0951754132603
MCO;2024;NV.AGR.TOTL.ZS;
MCO;2023;NV.AGR.TOTL.ZS;
MCO;2022;NV.AGR.TOTL.ZS;
MCO;2021;NV.AGR.TOTL.ZS;
MCO;2020;NV.AGR.TOTL.ZS;
MCO;2019;NV.AGR.TOTL.ZS;
MCO;2018;NV.AGR.TOTL.ZS;
MCO;2017;NV.AGR.TOTL.ZS;
MCO;2016;NV.AGR.TOTL.ZS;
MCO;2015;NV.AGR.TOTL.ZS;
MCO;2014;NV.AGR.TOTL.ZS;
MCO;2013;NV.AGR.TOTL.ZS;
MCO;2012;NV.AGR.TOTL.ZS;
MCO;2011;NV.AGR.TOTL.ZS;
MCO;2010;NV.AGR.TOTL.ZS;
MCO;2009;NV.AGR.TOTL.ZS;
MCO;2008;NV.AGR.TOTL.ZS;
MCO;2007;NV.AGR.TOTL.ZS;
MCO;2006;NV.AGR.TOTL.ZS;
MCO;2005;NV.AGR.TOTL.ZS;
MCO;2004;NV.AGR.TOTL.ZS;
MCO;2003;NV.AGR.TOTL.ZS;
MCO;2002;NV.AGR.TOTL.ZS;
MCO;2001;NV.AGR.TOTL.ZS;
MCO;2000;NV.AGR.TOTL.ZS;
MCO;1999;NV.AGR.TOTL.ZS;
MCO;1998;NV.AGR.TOTL.ZS;
MCO;1997;NV.AGR.TOTL.ZS;
MCO;1996;NV.AGR.TOTL.ZS;
MCO;1995;NV.AGR.TOTL.ZS;
MCO;1994;NV.AGR.TOTL.ZS;
MCO;1993;NV.AGR.TOTL.ZS;
MCO;1992;NV.AGR.TOTL.ZS;
MCO;1991;NV.AGR.TOTL.ZS;
MCO;1990;NV.AGR.TOTL.ZS;
MDA;2024;NV.AGR.TOTL.ZS;7.10653746864216
MDA;2023;NV.AGR.TOTL.ZS;7.08454848490601
MDA;2022;NV.AGR.TOTL.ZS;8.11428000058421
MDA;2021;NV.AGR.TOTL.ZS;10.5865870134286
MDA;2020;NV.AGR.TOTL.ZS;9.36669201380178
MDA;2019;NV.AGR.TOTL.ZS;10.1608126286441
MDA;2018;NV.AGR.TOTL.ZS;10.1468784571365
MDA;2017;NV.AGR.TOTL.ZS;12.1995910772854
MDA;2016;NV.AGR.TOTL.ZS;12.4797438509487
MDA;2015;NV.AGR.TOTL.ZS;12.8212557522034
MDA;2014;NV.AGR.TOTL.ZS;14.0709569584487
MDA;2013;NV.AGR.TOTL.ZS;11.550361937388
MDA;2012;NV.AGR.TOTL.ZS;10.4481727207152
MDA;2011;NV.AGR.TOTL.ZS;11.3842525996445
MDA;2010;NV.AGR.TOTL.ZS;11.1612572325879
MDA;2009;NV.AGR.TOTL.ZS;8.49746275029227
MDA;2008;NV.AGR.TOTL.ZS;8.8109341724675
MDA;2007;NV.AGR.TOTL.ZS;9.98297024143739
MDA;2006;NV.AGR.TOTL.ZS;14.4988760781159
MDA;2005;NV.AGR.TOTL.ZS;16.3997954955912
MDA;2004;NV.AGR.TOTL.ZS;17.5867382617383
MDA;2003;NV.AGR.TOTL.ZS;18.3282016003476
MDA;2002;NV.AGR.TOTL.ZS;21.0218294511342
MDA;2001;NV.AGR.TOTL.ZS;22.4200406780956
MDA;2000;NV.AGR.TOTL.ZS;25.409321530594
MDA;1999;NV.AGR.TOTL.ZS;24.8810986016861
MDA;1998;NV.AGR.TOTL.ZS;25.7680868456683
MDA;1997;NV.AGR.TOTL.ZS;25.9637937753554
MDA;1996;NV.AGR.TOTL.ZS;27.484282907914
MDA;1995;NV.AGR.TOTL.ZS;29.2735097145476
MDA;1994;NV.AGR.TOTL.ZS;
MDA;1993;NV.AGR.TOTL.ZS;
MDA;1992;NV.AGR.TOTL.ZS;
MDA;1991;NV.AGR.TOTL.ZS;
MDA;1990;NV.AGR.TOTL.ZS;
MDG;2024;NV.AGR.TOTL.ZS;22.4578738867309
MDG;2023;NV.AGR.TOTL.ZS;22.4047388943658
MDG;2022;NV.AGR.TOTL.ZS;21.5442357878427
MDG;2021;NV.AGR.TOTL.ZS;22.5220913616257
MDG;2020;NV.AGR.TOTL.ZS;24.6929443981327
MDG;2019;NV.AGR.TOTL.ZS;22.9562520100657
MDG;2018;NV.AGR.TOTL.ZS;23.9733833005861
MDG;2017;NV.AGR.TOTL.ZS;24.5501377693098
MDG;2016;NV.AGR.TOTL.ZS;25.1334543599723
MDG;2015;NV.AGR.TOTL.ZS;25.7433543337656
MDG;2014;NV.AGR.TOTL.ZS;25.8453829296172
MDG;2013;NV.AGR.TOTL.ZS;26.4930339794941
MDG;2012;NV.AGR.TOTL.ZS;28.0006123574142
MDG;2011;NV.AGR.TOTL.ZS;29.0502057606452
MDG;2010;NV.AGR.TOTL.ZS;29.0780963483597
MDG;2009;NV.AGR.TOTL.ZS;30.4651481314923
MDG;2008;NV.AGR.TOTL.ZS;27.0525720488789
MDG;2007;NV.AGR.TOTL.ZS;28.0670132910209
MDG;2006;NV.AGR.TOTL.ZS;30.1822717236059
MDG;2005;NV.AGR.TOTL.ZS;30.7627339341287
MDG;2004;NV.AGR.TOTL.ZS;31.4205052808436
MDG;2003;NV.AGR.TOTL.ZS;32.0297909636333
MDG;2002;NV.AGR.TOTL.ZS;34.1425139825593
MDG;2001;NV.AGR.TOTL.ZS;29.8513134115876
MDG;2000;NV.AGR.TOTL.ZS;30.8787172940737
MDG;1999;NV.AGR.TOTL.ZS;33.2796628878081
MDG;1998;NV.AGR.TOTL.ZS;33.2427573029233
MDG;1997;NV.AGR.TOTL.ZS;33.7980682231685
MDG;1996;NV.AGR.TOTL.ZS;33.4308968971502
MDG;1995;NV.AGR.TOTL.ZS;34.9596662452556
MDG;1994;NV.AGR.TOTL.ZS;
MDG;1993;NV.AGR.TOTL.ZS;
MDG;1992;NV.AGR.TOTL.ZS;
MDG;1991;NV.AGR.TOTL.ZS;
MDG;1990;NV.AGR.TOTL.ZS;
MDV;2024;NV.AGR.TOTL.ZS;3.04741314780393
MDV;2023;NV.AGR.TOTL.ZS;5.10520114382994
MDV;2022;NV.AGR.TOTL.ZS;5.06182902835499
MDV;2021;NV.AGR.TOTL.ZS;5.30620393459186
MDV;2020;NV.AGR.TOTL.ZS;7.57494511363438
MDV;2019;NV.AGR.TOTL.ZS;4.49402391073316
MDV;2018;NV.AGR.TOTL.ZS;5.12400558285918
MDV;2017;NV.AGR.TOTL.ZS;5.27109968794242
MDV;2016;NV.AGR.TOTL.ZS;5.62856345772863
MDV;2015;NV.AGR.TOTL.ZS;5.53360361810085
MDV;2014;NV.AGR.TOTL.ZS;5.30718633604263
MDV;2013;NV.AGR.TOTL.ZS;5.41343405241382
MDV;2012;NV.AGR.TOTL.ZS;5.19060478867434
MDV;2011;NV.AGR.TOTL.ZS;5.385634653611
MDV;2010;NV.AGR.TOTL.ZS;5.63412062612204
MDV;2009;NV.AGR.TOTL.ZS;5.41948176665845
MDV;2008;NV.AGR.TOTL.ZS;6.87564674670536
MDV;2007;NV.AGR.TOTL.ZS;6.16535560195977
MDV;2006;NV.AGR.TOTL.ZS;6.59515840370508
MDV;2005;NV.AGR.TOTL.ZS;7.72803149964174
MDV;2004;NV.AGR.TOTL.ZS;5.58419942501182
MDV;2003;NV.AGR.TOTL.ZS;5.31119298853852
MDV;2002;NV.AGR.TOTL.ZS;
MDV;2001;NV.AGR.TOTL.ZS;
MDV;2000;NV.AGR.TOTL.ZS;
MDV;1999;NV.AGR.TOTL.ZS;
MDV;1998;NV.AGR.TOTL.ZS;
MDV;1997;NV.AGR.TOTL.ZS;
MDV;1996;NV.AGR.TOTL.ZS;
MDV;1995;NV.AGR.TOTL.ZS;
MDV;1994;NV.AGR.TOTL.ZS;
MDV;1993;NV.AGR.TOTL.ZS;
MDV;1992;NV.AGR.TOTL.ZS;
MDV;1991;NV.AGR.TOTL.ZS;
MDV;1990;NV.AGR.TOTL.ZS;
MEX;2024;NV.AGR.TOTL.ZS;3.76596725084516
MEX;2023;NV.AGR.TOTL.ZS;3.83818324107697
MEX;2022;NV.AGR.TOTL.ZS;3.8993145717896
MEX;2021;NV.AGR.TOTL.ZS;3.78266528650454
MEX;2020;NV.AGR.TOTL.ZS;3.71114888101566
MEX;2019;NV.AGR.TOTL.ZS;3.3150244028436
MEX;2018;NV.AGR.TOTL.ZS;3.29695945196469
MEX;2017;NV.AGR.TOTL.ZS;3.29751178019006
MEX;2016;NV.AGR.TOTL.ZS;3.2462890783797
MEX;2015;NV.AGR.TOTL.ZS;3.08518634351385
MEX;2014;NV.AGR.TOTL.ZS;3.02713652233698
MEX;2013;NV.AGR.TOTL.ZS;3.02454278132287
MEX;2012;NV.AGR.TOTL.ZS;3.04872937185777
MEX;2011;NV.AGR.TOTL.ZS;2.975694839292
MEX;2010;NV.AGR.TOTL.ZS;3.09200838894055
MEX;2009;NV.AGR.TOTL.ZS;3.10059842114934
MEX;2008;NV.AGR.TOTL.ZS;3.02875898012501
MEX;2007;NV.AGR.TOTL.ZS;3.04186567330375
MEX;2006;NV.AGR.TOTL.ZS;2.94295516133822
MEX;2005;NV.AGR.TOTL.ZS;2.94567227265169
MEX;2004;NV.AGR.TOTL.ZS;3.18594698575225
MEX;2003;NV.AGR.TOTL.ZS;3.20735540642601
MEX;2002;NV.AGR.TOTL.ZS;3.1103617264471
MEX;2001;NV.AGR.TOTL.ZS;3.22549035188036
MEX;2000;NV.AGR.TOTL.ZS;3.1592651345406
MEX;1999;NV.AGR.TOTL.ZS;3.49017753869546
MEX;1998;NV.AGR.TOTL.ZS;3.90764745888672
MEX;1997;NV.AGR.TOTL.ZS;4.21889006310085
MEX;1996;NV.AGR.TOTL.ZS;4.57994422139059
MEX;1995;NV.AGR.TOTL.ZS;4.13057188689796
MEX;1994;NV.AGR.TOTL.ZS;4.36384873906729
MEX;1993;NV.AGR.TOTL.ZS;4.7941502047762
MEX;1992;NV.AGR.TOTL.ZS;5.99898080999225
MEX;1991;NV.AGR.TOTL.ZS;6.49698974856723
MEX;1990;NV.AGR.TOTL.ZS;6.66709637889891
MHL;2024;NV.AGR.TOTL.ZS;
MHL;2023;NV.AGR.TOTL.ZS;19.4718087157732
MHL;2022;NV.AGR.TOTL.ZS;21.0127466456196
MHL;2021;NV.AGR.TOTL.ZS;24.9658555426806
MHL;2020;NV.AGR.TOTL.ZS;19.9060380479735
MHL;2019;NV.AGR.TOTL.ZS;18.2091455560326
MHL;2018;NV.AGR.TOTL.ZS;16.2795
MHL;2017;NV.AGR.TOTL.ZS;15.8322414599906
MHL;2016;NV.AGR.TOTL.ZS;12.7276511397423
MHL;2015;NV.AGR.TOTL.ZS;12.4228089275993
MHL;2014;NV.AGR.TOTL.ZS;12.0370967741935
MHL;2013;NV.AGR.TOTL.ZS;15.8570815450644
MHL;2012;NV.AGR.TOTL.ZS;17.8198118428334
MHL;2011;NV.AGR.TOTL.ZS;13.8842716192687
MHL;2010;NV.AGR.TOTL.ZS;10.5856610800745
MHL;2009;NV.AGR.TOTL.ZS;9.57301587301587
MHL;2008;NV.AGR.TOTL.ZS;8.80757162346521
MHL;2007;NV.AGR.TOTL.ZS;7.34398671096346
MHL;2006;NV.AGR.TOTL.ZS;7.06717877094972
MHL;2005;NV.AGR.TOTL.ZS;7.12086956521739
MHL;2004;NV.AGR.TOTL.ZS;7.21851015801354
MHL;2003;NV.AGR.TOTL.ZS;6.86799589715432
MHL;2002;NV.AGR.TOTL.ZS;6.45006062443165
MHL;2001;NV.AGR.TOTL.ZS;7.41498993922688
MHL;2000;NV.AGR.TOTL.ZS;8.0499135742804
MHL;1999;NV.AGR.TOTL.ZS;7.96359308737994
MHL;1998;NV.AGR.TOTL.ZS;7.49646872805503
MHL;1997;NV.AGR.TOTL.ZS;8.62358453906686
MHL;1996;NV.AGR.TOTL.ZS;
MHL;1995;NV.AGR.TOTL.ZS;
MHL;1994;NV.AGR.TOTL.ZS;
MHL;1993;NV.AGR.TOTL.ZS;
MHL;1992;NV.AGR.TOTL.ZS;
MHL;1991;NV.AGR.TOTL.ZS;
MHL;1990;NV.AGR.TOTL.ZS;
MKD;2024;NV.AGR.TOTL.ZS;5.9735168430981
MKD;2023;NV.AGR.TOTL.ZS;6.62709857378859
MKD;2022;NV.AGR.TOTL.ZS;7.27988785468163
MKD;2021;NV.AGR.TOTL.ZS;7.14748884425831
MKD;2020;NV.AGR.TOTL.ZS;8.56905928759264
MKD;2019;NV.AGR.TOTL.ZS;8.13229139447626
MKD;2018;NV.AGR.TOTL.ZS;8.47039846991427
MKD;2017;NV.AGR.TOTL.ZS;7.87324504211252
MKD;2016;NV.AGR.TOTL.ZS;9.17290831294816
MKD;2015;NV.AGR.TOTL.ZS;9.72691849418736
MKD;2014;NV.AGR.TOTL.ZS;10.1775672771312
MKD;2013;NV.AGR.TOTL.ZS;10.0274760854448
MKD;2012;NV.AGR.TOTL.ZS;9.10471970396591
MKD;2011;NV.AGR.TOTL.ZS;9.35099292094117
MKD;2010;NV.AGR.TOTL.ZS;10.1206048077275
MKD;2009;NV.AGR.TOTL.ZS;10.3701684908181
MKD;2008;NV.AGR.TOTL.ZS;11.4435151485936
MKD;2007;NV.AGR.TOTL.ZS;8.93241688545385
MKD;2006;NV.AGR.TOTL.ZS;8.98936805638514
MKD;2005;NV.AGR.TOTL.ZS;9.73619454882038
MKD;2004;NV.AGR.TOTL.ZS;11.5539948572935
MKD;2003;NV.AGR.TOTL.ZS;11.5387764520235
MKD;2002;NV.AGR.TOTL.ZS;10.1701207745349
MKD;2001;NV.AGR.TOTL.ZS;9.74511971409667
MKD;2000;NV.AGR.TOTL.ZS;10.0962814603895
MKD;1999;NV.AGR.TOTL.ZS;10.5176831159852
MKD;1998;NV.AGR.TOTL.ZS;10.8617164743112
MKD;1997;NV.AGR.TOTL.ZS;10.4323128542443
MKD;1996;NV.AGR.TOTL.ZS;10.6676810008998
MKD;1995;NV.AGR.TOTL.ZS;10.6109414450034
MKD;1994;NV.AGR.TOTL.ZS;10.5767485064935
MKD;1993;NV.AGR.TOTL.ZS;10.0233975543522
MKD;1992;NV.AGR.TOTL.ZS;14.4844107689827
MKD;1991;NV.AGR.TOTL.ZS;10.8429752066116
MKD;1990;NV.AGR.TOTL.ZS;7.16184210526316
MLI;2024;NV.AGR.TOTL.ZS;33.4454272920381
MLI;2023;NV.AGR.TOTL.ZS;32.4904123927446
MLI;2022;NV.AGR.TOTL.ZS;32.9652832845916
MLI;2021;NV.AGR.TOTL.ZS;32.0375587266747
MLI;2020;NV.AGR.TOTL.ZS;32.2899608370191
MLI;2019;NV.AGR.TOTL.ZS;32.2682205547332
MLI;2018;NV.AGR.TOTL.ZS;32.4975413984656
MLI;2017;NV.AGR.TOTL.ZS;31.4007766435761
MLI;2016;NV.AGR.TOTL.ZS;30.9987192702461
MLI;2015;NV.AGR.TOTL.ZS;30.525122276133
MLI;2014;NV.AGR.TOTL.ZS;29.5637215846784
MLI;2013;NV.AGR.TOTL.ZS;28.4567574237855
MLI;2012;NV.AGR.TOTL.ZS;30.5771206889359
MLI;2011;NV.AGR.TOTL.ZS;27.4654786017959
MLI;2010;NV.AGR.TOTL.ZS;25.029137826406
MLI;2009;NV.AGR.TOTL.ZS;24.3106014567072
MLI;2008;NV.AGR.TOTL.ZS;23.7736064666164
MLI;2007;NV.AGR.TOTL.ZS;21.9714685879203
MLI;2006;NV.AGR.TOTL.ZS;20.5794387561712
MLI;2005;NV.AGR.TOTL.ZS;22.5089459037018
MLI;2004;NV.AGR.TOTL.ZS;21.6317330518122
MLI;2003;NV.AGR.TOTL.ZS;29.8766298501644
MLI;2002;NV.AGR.TOTL.ZS;32.7141837452601
MLI;2001;NV.AGR.TOTL.ZS;32.8136059590433
MLI;2000;NV.AGR.TOTL.ZS;32.9018677247122
MLI;1999;NV.AGR.TOTL.ZS;35.5557160308632
MLI;1998;NV.AGR.TOTL.ZS;34.560670864381
MLI;1997;NV.AGR.TOTL.ZS;35.9621716453204
MLI;1996;NV.AGR.TOTL.ZS;36.8792067938505
MLI;1995;NV.AGR.TOTL.ZS;37.7089536647179
MLI;1994;NV.AGR.TOTL.ZS;36.8356936333462
MLI;1993;NV.AGR.TOTL.ZS;39.0466506813142
MLI;1992;NV.AGR.TOTL.ZS;36.9963328069799
MLI;1991;NV.AGR.TOTL.ZS;39.2746643905986
MLI;1990;NV.AGR.TOTL.ZS;37.4176793882017
MLT;2024;NV.AGR.TOTL.ZS;0.207824723810727
MLT;2023;NV.AGR.TOTL.ZS;0.00389458131598723
MLT;2022;NV.AGR.TOTL.ZS;0.770662549642097
MLT;2021;NV.AGR.TOTL.ZS;0.82992754838942
MLT;2020;NV.AGR.TOTL.ZS;0.726666972318758
MLT;2019;NV.AGR.TOTL.ZS;0.4721066879515
MLT;2018;NV.AGR.TOTL.ZS;0.622140405009506
MLT;2017;NV.AGR.TOTL.ZS;0.675668841155664
MLT;2016;NV.AGR.TOTL.ZS;1.01064539115143
MLT;2015;NV.AGR.TOTL.ZS;0.941161443311968
MLT;2014;NV.AGR.TOTL.ZS;1.00129014447097
MLT;2013;NV.AGR.TOTL.ZS;1.01975752527852
MLT;2012;NV.AGR.TOTL.ZS;1.09098726860641
MLT;2011;NV.AGR.TOTL.ZS;1.08775796660071
MLT;2010;NV.AGR.TOTL.ZS;1.27222712305743
MLT;2009;NV.AGR.TOTL.ZS;1.3295914981212
MLT;2008;NV.AGR.TOTL.ZS;1.07431665643794
MLT;2007;NV.AGR.TOTL.ZS;1.75487582903605
MLT;2006;NV.AGR.TOTL.ZS;1.81393309891346
MLT;2005;NV.AGR.TOTL.ZS;1.78761496392062
MLT;2004;NV.AGR.TOTL.ZS;1.84667349520954
MLT;2003;NV.AGR.TOTL.ZS;1.91969794287983
MLT;2002;NV.AGR.TOTL.ZS;2.10668361376596
MLT;2001;NV.AGR.TOTL.ZS;2.17220597545979
MLT;2000;NV.AGR.TOTL.ZS;1.85678318211715
MLT;1999;NV.AGR.TOTL.ZS;2.15667286099406
MLT;1998;NV.AGR.TOTL.ZS;2.32596593727608
MLT;1997;NV.AGR.TOTL.ZS;2.20864661654135
MLT;1996;NV.AGR.TOTL.ZS;2.23710858389157
MLT;1995;NV.AGR.TOTL.ZS;2.25201599685308
MLT;1994;NV.AGR.TOTL.ZS;2.5611093446674
MLT;1993;NV.AGR.TOTL.ZS;2.74297039949832
MLT;1992;NV.AGR.TOTL.ZS;2.76372975029456
MLT;1991;NV.AGR.TOTL.ZS;2.98488319287426
MLT;1990;NV.AGR.TOTL.ZS;3.15176840512303
MMR;2024;NV.AGR.TOTL.ZS;20.8341766680737
MMR;2023;NV.AGR.TOTL.ZS;22.7222309725462
MMR;2022;NV.AGR.TOTL.ZS;22.3343500768495
MMR;2021;NV.AGR.TOTL.ZS;22.7852901568211
MMR;2020;NV.AGR.TOTL.ZS;22.4186525400503
MMR;2019;NV.AGR.TOTL.ZS;20.8421577754282
MMR;2018;NV.AGR.TOTL.ZS;22.0756064041111
MMR;2017;NV.AGR.TOTL.ZS;23.4041280962744
MMR;2016;NV.AGR.TOTL.ZS;25.6286228737595
MMR;2015;NV.AGR.TOTL.ZS;26.771778645598
MMR;2014;NV.AGR.TOTL.ZS;27.8298025759612
MMR;2013;NV.AGR.TOTL.ZS;29.5337253604993
MMR;2012;NV.AGR.TOTL.ZS;30.5901997024538
MMR;2011;NV.AGR.TOTL.ZS;32.4961825024034
MMR;2010;NV.AGR.TOTL.ZS;36.853075751266
MMR;2009;NV.AGR.TOTL.ZS;38.1081206105058
MMR;2008;NV.AGR.TOTL.ZS;40.2750956375485
MMR;2007;NV.AGR.TOTL.ZS;43.3227660063537
MMR;2006;NV.AGR.TOTL.ZS;43.918958474559
MMR;2005;NV.AGR.TOTL.ZS;46.687240402588
MMR;2004;NV.AGR.TOTL.ZS;48.1650901865787
MMR;2003;NV.AGR.TOTL.ZS;50.620560861897
MMR;2002;NV.AGR.TOTL.ZS;54.5283327348715
MMR;2001;NV.AGR.TOTL.ZS;57.0691916368966
MMR;2000;NV.AGR.TOTL.ZS;57.2386452556231
MMR;1999;NV.AGR.TOTL.ZS;
MMR;1998;NV.AGR.TOTL.ZS;
MMR;1997;NV.AGR.TOTL.ZS;
MMR;1996;NV.AGR.TOTL.ZS;
MMR;1995;NV.AGR.TOTL.ZS;
MMR;1994;NV.AGR.TOTL.ZS;
MMR;1993;NV.AGR.TOTL.ZS;
MMR;1992;NV.AGR.TOTL.ZS;
MMR;1991;NV.AGR.TOTL.ZS;
MMR;1990;NV.AGR.TOTL.ZS;
MNE;2024;NV.AGR.TOTL.ZS;5.15610433910527
MNE;2023;NV.AGR.TOTL.ZS;5.47218650083326
MNE;2022;NV.AGR.TOTL.ZS;6.04398906282864
MNE;2021;NV.AGR.TOTL.ZS;6.46148344458535
MNE;2020;NV.AGR.TOTL.ZS;7.55489179088164
MNE;2019;NV.AGR.TOTL.ZS;6.39384153850846
MNE;2018;NV.AGR.TOTL.ZS;6.73223778878135
MNE;2017;NV.AGR.TOTL.ZS;6.85389074108922
MNE;2016;NV.AGR.TOTL.ZS;7.46824081972358
MNE;2015;NV.AGR.TOTL.ZS;8.06118573423757
MNE;2014;NV.AGR.TOTL.ZS;8.09983568166084
MNE;2013;NV.AGR.TOTL.ZS;8.03466250069517
MNE;2012;NV.AGR.TOTL.ZS;7.45245054419692
MNE;2011;NV.AGR.TOTL.ZS;8.07294578104933
MNE;2010;NV.AGR.TOTL.ZS;7.67808287121331
MNE;2009;NV.AGR.TOTL.ZS;8.26818389210544
MNE;2008;NV.AGR.TOTL.ZS;7.44048654800711
MNE;2007;NV.AGR.TOTL.ZS;7.22907202632229
MNE;2006;NV.AGR.TOTL.ZS;8.21140388518037
MNE;2005;NV.AGR.TOTL.ZS;8.75765980493599
MNE;2004;NV.AGR.TOTL.ZS;9.2619220581357
MNE;2003;NV.AGR.TOTL.ZS;9.91498733882161
MNE;2002;NV.AGR.TOTL.ZS;10.923782282981
MNE;2001;NV.AGR.TOTL.ZS;10.8112052258109
MNE;2000;NV.AGR.TOTL.ZS;11.3018779223777
MNE;1999;NV.AGR.TOTL.ZS;
MNE;1998;NV.AGR.TOTL.ZS;
MNE;1997;NV.AGR.TOTL.ZS;
MNE;1996;NV.AGR.TOTL.ZS;
MNE;1995;NV.AGR.TOTL.ZS;
MNE;1994;NV.AGR.TOTL.ZS;
MNE;1993;NV.AGR.TOTL.ZS;
MNE;1992;NV.AGR.TOTL.ZS;
MNE;1991;NV.AGR.TOTL.ZS;
MNE;1990;NV.AGR.TOTL.ZS;
MNG;2024;NV.AGR.TOTL.ZS;7.38483833642148
MNG;2023;NV.AGR.TOTL.ZS;9.92060281298024
MNG;2022;NV.AGR.TOTL.ZS;13.0278534035361
MNG;2021;NV.AGR.TOTL.ZS;13.1631741927742
MNG;2020;NV.AGR.TOTL.ZS;12.9656563031474
MNG;2019;NV.AGR.TOTL.ZS;11.5583828612266
MNG;2018;NV.AGR.TOTL.ZS;11.4280045193059
MNG;2017;NV.AGR.TOTL.ZS;11.1372332713568
MNG;2016;NV.AGR.TOTL.ZS;12.6278436864479
MNG;2015;NV.AGR.TOTL.ZS;14.079203180176
MNG;2014;NV.AGR.TOTL.ZS;13.3412210879498
MNG;2013;NV.AGR.TOTL.ZS;13.4140624660902
MNG;2012;NV.AGR.TOTL.ZS;11.2580245572127
MNG;2011;NV.AGR.TOTL.ZS;10.3073568180221
MNG;2010;NV.AGR.TOTL.ZS;11.7325631980129
MNG;2009;NV.AGR.TOTL.ZS;17.8644380709085
MNG;2008;NV.AGR.TOTL.ZS;19.2151247825371
MNG;2007;NV.AGR.TOTL.ZS;18.4279653888713
MNG;2006;NV.AGR.TOTL.ZS;17.6436708395409
MNG;2005;NV.AGR.TOTL.ZS;19.7979604915498
MNG;2004;NV.AGR.TOTL.ZS;20.0297765271852
MNG;2003;NV.AGR.TOTL.ZS;18.4395172051068
MNG;2002;NV.AGR.TOTL.ZS;18.919125275033
MNG;2001;NV.AGR.TOTL.ZS;22.9688875084999
MNG;2000;NV.AGR.TOTL.ZS;27.4225306231533
MNG;1999;NV.AGR.TOTL.ZS;31.6978330669609
MNG;1998;NV.AGR.TOTL.ZS;32.4333687636968
MNG;1997;NV.AGR.TOTL.ZS;32.2368838484952
MNG;1996;NV.AGR.TOTL.ZS;38.4770045574782
MNG;1995;NV.AGR.TOTL.ZS;32.5428245706631
MNG;1994;NV.AGR.TOTL.ZS;27.4826138521656
MNG;1993;NV.AGR.TOTL.ZS;25.7093652335307
MNG;1992;NV.AGR.TOTL.ZS;25.557106309353
MNG;1991;NV.AGR.TOTL.ZS;11.8115698150791
MNG;1990;NV.AGR.TOTL.ZS;12.4738366427747
KIR;2024;NV.IND.TOTL.ZS;
KIR;2023;NV.IND.TOTL.ZS;
KIR;2022;NV.IND.TOTL.ZS;9.85991526316407
KIR;2021;NV.IND.TOTL.ZS;10.7795282926506
KIR;2020;NV.IND.TOTL.ZS;9.86433671640109
KIR;2019;NV.IND.TOTL.ZS;9.56441924167428
KIR;2018;NV.IND.TOTL.ZS;11.0818205349798
KIR;2017;NV.IND.TOTL.ZS;12.4167594856789
KIR;2016;NV.IND.TOTL.ZS;14.6506451638455
KIR;2015;NV.IND.TOTL.ZS;14.7267580401502
KIR;2014;NV.IND.TOTL.ZS;14.1150891146503
KIR;2013;NV.IND.TOTL.ZS;14.377002462176
KIR;2012;NV.IND.TOTL.ZS;13.4930420468352
KIR;2011;NV.IND.TOTL.ZS;13.2156192725983
KIR;2010;NV.IND.TOTL.ZS;11.9775912538253
KIR;2009;NV.IND.TOTL.ZS;10.5783605652579
KIR;2008;NV.IND.TOTL.ZS;11.0150252608097
KIR;2007;NV.IND.TOTL.ZS;11.334019453819
KIR;2006;NV.IND.TOTL.ZS;9.76536760728317
KIR;2005;NV.IND.TOTL.ZS;8.42017392703647
KIR;2004;NV.IND.TOTL.ZS;8.95316220474666
KIR;2003;NV.IND.TOTL.ZS;10.1856713090117
KIR;2002;NV.IND.TOTL.ZS;11.6138017660725
KIR;2001;NV.IND.TOTL.ZS;12.2822276755739
KIR;2000;NV.IND.TOTL.ZS;11.6259325102142
KIR;1999;NV.IND.TOTL.ZS;11.9356720120352
KIR;1998;NV.IND.TOTL.ZS;10.6112196717462
KIR;1997;NV.IND.TOTL.ZS;8.60155254530262
KIR;1996;NV.IND.TOTL.ZS;8.27730046968653
KIR;1995;NV.IND.TOTL.ZS;9.02432277055678
KIR;1994;NV.IND.TOTL.ZS;8.37507496047539
KIR;1993;NV.IND.TOTL.ZS;9.05532973142564
KIR;1992;NV.IND.TOTL.ZS;8.57223729720433
KIR;1991;NV.IND.TOTL.ZS;15.4178965517893
KIR;1990;NV.IND.TOTL.ZS;12.9012253690129
KNA;2024;NV.IND.TOTL.ZS;21.1288732100943
KNA;2023;NV.IND.TOTL.ZS;21.4329023597817
KNA;2022;NV.IND.TOTL.ZS;21.6957426950966
KNA;2021;NV.IND.TOTL.ZS;22.5775143640975
KNA;2020;NV.IND.TOTL.ZS;23.1359387242886
KNA;2019;NV.IND.TOTL.ZS;25.3018009434309
KNA;2018;NV.IND.TOTL.ZS;24.5506901344489
KNA;2017;NV.IND.TOTL.ZS;26.2859866005102
KNA;2016;NV.IND.TOTL.ZS;24.5143300679441
KNA;2015;NV.IND.TOTL.ZS;22.7382472431805
KNA;2014;NV.IND.TOTL.ZS;21.3786128291905
KNA;2013;NV.IND.TOTL.ZS;19.7121899986448
KNA;2012;NV.IND.TOTL.ZS;18.6845911299958
KNA;2011;NV.IND.TOTL.ZS;20.9395556933708
KNA;2010;NV.IND.TOTL.ZS;22.5446364872963
KNA;2009;NV.IND.TOTL.ZS;23.2274914615363
KNA;2008;NV.IND.TOTL.ZS;21.9404982450459
KNA;2007;NV.IND.TOTL.ZS;23.2344833885883
KNA;2006;NV.IND.TOTL.ZS;23.1516391558233
KNA;2005;NV.IND.TOTL.ZS;22.2498223290128
KNA;2004;NV.IND.TOTL.ZS;22.7029949657687
KNA;2003;NV.IND.TOTL.ZS;24.3502343417128
KNA;2002;NV.IND.TOTL.ZS;28.6195389986205
KNA;2001;NV.IND.TOTL.ZS;30.5650311211705
KNA;2000;NV.IND.TOTL.ZS;26.842734561823
KNA;1999;NV.IND.TOTL.ZS;22.4781391616745
KNA;1998;NV.IND.TOTL.ZS;20.659534127844
KNA;1997;NV.IND.TOTL.ZS;19.4335589597435
KNA;1996;NV.IND.TOTL.ZS;20.2617423612266
KNA;1995;NV.IND.TOTL.ZS;20.7960680993845
KNA;1994;NV.IND.TOTL.ZS;19.4910468924498
KNA;1993;NV.IND.TOTL.ZS;21.2135254303929
KNA;1992;NV.IND.TOTL.ZS;22.0444498829864
KNA;1991;NV.IND.TOTL.ZS;22.5204043932422
KNA;1990;NV.IND.TOTL.ZS;23.9720422775315
KOR;2024;NV.IND.TOTL.ZS;
KOR;2023;NV.IND.TOTL.ZS;31.5941649740866
KOR;2022;NV.IND.TOTL.ZS;31.7263012565745
KOR;2021;NV.IND.TOTL.ZS;32.4320155023667
KOR;2020;NV.IND.TOTL.ZS;32.5381602000323
KOR;2019;NV.IND.TOTL.ZS;32.6791489168007
KOR;2018;NV.IND.TOTL.ZS;34.0458023068892
KOR;2017;NV.IND.TOTL.ZS;34.766308535902
KOR;2016;NV.IND.TOTL.ZS;34.2977996755017
KOR;2015;NV.IND.TOTL.ZS;34.1499356702728
KOR;2014;NV.IND.TOTL.ZS;34.0916723723005
KOR;2013;NV.IND.TOTL.ZS;34.447829188741
KOR;2012;NV.IND.TOTL.ZS;34.1346926355836
KOR;2011;NV.IND.TOTL.ZS;34.4509672575549
KOR;2010;NV.IND.TOTL.ZS;34.116775965605
KOR;2009;NV.IND.TOTL.ZS;32.9053600052499
KOR;2008;NV.IND.TOTL.ZS;32.5102179703721
KOR;2007;NV.IND.TOTL.ZS;33.4537500773177
KOR;2006;NV.IND.TOTL.ZS;33.5172729953167
KOR;2005;NV.IND.TOTL.ZS;34.1503317465453
KOR;2004;NV.IND.TOTL.ZS;34.7348397118927
KOR;2003;NV.IND.TOTL.ZS;33.1112597254483
KOR;2002;NV.IND.TOTL.ZS;32.8127498833055
KOR;2001;NV.IND.TOTL.ZS;33.2209651958152
KOR;2000;NV.IND.TOTL.ZS;34.7553167849948
KOR;1999;NV.IND.TOTL.ZS;34.6658652504933
KOR;1998;NV.IND.TOTL.ZS;35.3082832897723
KOR;1997;NV.IND.TOTL.ZS;35.3964691630175
KOR;1996;NV.IND.TOTL.ZS;35.4480556111846
KOR;1995;NV.IND.TOTL.ZS;36.4912556111278
KOR;1994;NV.IND.TOTL.ZS;36.2427361129083
KOR;1993;NV.IND.TOTL.ZS;36.2140774214714
KOR;1992;NV.IND.TOTL.ZS;35.8813190709258
KOR;1991;NV.IND.TOTL.ZS;37.1477199666283
KOR;1990;NV.IND.TOTL.ZS;36.321838965836
KWT;2024;NV.IND.TOTL.ZS;57.1268652906727
KWT;2023;NV.IND.TOTL.ZS;60.294136376338
KWT;2022;NV.IND.TOTL.ZS;65.7663289229711
KWT;2021;NV.IND.TOTL.ZS;58.306793157621
KWT;2020;NV.IND.TOTL.ZS;48.4612101849271
KWT;2019;NV.IND.TOTL.ZS;57.718656737376
KWT;2018;NV.IND.TOTL.ZS;60.127653727139
KWT;2017;NV.IND.TOTL.ZS;55.6192158697721
KWT;2016;NV.IND.TOTL.ZS;52.1347801606119
KWT;2015;NV.IND.TOTL.ZS;55.9358456586362
KWT;2014;NV.IND.TOTL.ZS;70.5483166767219
KWT;2013;NV.IND.TOTL.ZS;73.0986938516288
KWT;2012;NV.IND.TOTL.ZS;74.8123207784095
KWT;2011;NV.IND.TOTL.ZS;72.7249733262361
KWT;2010;NV.IND.TOTL.ZS;66.0655582909657
KWT;2009;NV.IND.TOTL.ZS;
KWT;2008;NV.IND.TOTL.ZS;
KWT;2007;NV.IND.TOTL.ZS;
KWT;2006;NV.IND.TOTL.ZS;
KWT;2005;NV.IND.TOTL.ZS;
KWT;2004;NV.IND.TOTL.ZS;
KWT;2003;NV.IND.TOTL.ZS;
KWT;2002;NV.IND.TOTL.ZS;
KWT;2001;NV.IND.TOTL.ZS;
KWT;2000;NV.IND.TOTL.ZS;
KWT;1999;NV.IND.TOTL.ZS;
KWT;1998;NV.IND.TOTL.ZS;
KWT;1997;NV.IND.TOTL.ZS;
KWT;1996;NV.IND.TOTL.ZS;
KWT;1995;NV.IND.TOTL.ZS;
KWT;1994;NV.IND.TOTL.ZS;
KWT;1993;NV.IND.TOTL.ZS;
KWT;1992;NV.IND.TOTL.ZS;
KWT;1991;NV.IND.TOTL.ZS;
KWT;1990;NV.IND.TOTL.ZS;
LAO;2024;NV.IND.TOTL.ZS;29.0463781785597
LAO;2023;NV.IND.TOTL.ZS;30.5335808308347
LAO;2022;NV.IND.TOTL.ZS;34.1089797342112
LAO;2021;NV.IND.TOTL.ZS;34.1299777246213
LAO;2020;NV.IND.TOTL.ZS;32.4163678323352
LAO;2019;NV.IND.TOTL.ZS;31.531381987864
LAO;2018;NV.IND.TOTL.ZS;31.533192488879
LAO;2017;NV.IND.TOTL.ZS;30.91247539947
LAO;2016;NV.IND.TOTL.ZS;28.7595046372574
LAO;2015;NV.IND.TOTL.ZS;27.6933442499915
LAO;2014;NV.IND.TOTL.ZS;28.815000545489
LAO;2013;NV.IND.TOTL.ZS;30.4277075542967
LAO;2012;NV.IND.TOTL.ZS;32.4366446720109
LAO;2011;NV.IND.TOTL.ZS;30.815970194642
LAO;2010;NV.IND.TOTL.ZS;30.4660210858755
LAO;2009;NV.IND.TOTL.ZS;25.163093788149
LAO;2008;NV.IND.TOTL.ZS;26.9497231702456
LAO;2007;NV.IND.TOTL.ZS;25.3930205228552
LAO;2006;NV.IND.TOTL.ZS;26.1754512486046
LAO;2005;NV.IND.TOTL.ZS;23.2287895606829
LAO;2004;NV.IND.TOTL.ZS;19.3595097686057
LAO;2003;NV.IND.TOTL.ZS;20.1201441501939
LAO;2002;NV.IND.TOTL.ZS;18.3826897329941
LAO;2001;NV.IND.TOTL.ZS;16.9937147919347
LAO;2000;NV.IND.TOTL.ZS;16.4770694017999
LAO;1999;NV.IND.TOTL.ZS;22.4698367237759
LAO;1998;NV.IND.TOTL.ZS;22.2619621078948
LAO;1997;NV.IND.TOTL.ZS;20.6251128747956
LAO;1996;NV.IND.TOTL.ZS;20.6120581991112
LAO;1995;NV.IND.TOTL.ZS;18.7611862855343
LAO;1994;NV.IND.TOTL.ZS;17.7559142977323
LAO;1993;NV.IND.TOTL.ZS;17.4447947058982
LAO;1992;NV.IND.TOTL.ZS;17.5334322119287
LAO;1991;NV.IND.TOTL.ZS;16.5835417432796
LAO;1990;NV.IND.TOTL.ZS;14.3813263952002
LBN;2024;NV.IND.TOTL.ZS;
LBN;2023;NV.IND.TOTL.ZS;2.0863020184691
LBN;2022;NV.IND.TOTL.ZS;2.39076209975393
LBN;2021;NV.IND.TOTL.ZS;2.7586320737767
LBN;2020;NV.IND.TOTL.ZS;6.63816639544826
LBN;2019;NV.IND.TOTL.ZS;12.4991181838946
LBN;2018;NV.IND.TOTL.ZS;13.8056023781184
LBN;2017;NV.IND.TOTL.ZS;14.9268797796791
LBN;2016;NV.IND.TOTL.ZS;15.9539038084869
LBN;2015;NV.IND.TOTL.ZS;15.7051846447457
LBN;2014;NV.IND.TOTL.ZS;16.2094101272442
LBN;2013;NV.IND.TOTL.ZS;16.3437962275105
LBN;2012;NV.IND.TOTL.ZS;15.4855197381508
LBN;2011;NV.IND.TOTL.ZS;14.506216070168
LBN;2010;NV.IND.TOTL.ZS;13.809376206629
LBN;2009;NV.IND.TOTL.ZS;15.4395167882731
LBN;2008;NV.IND.TOTL.ZS;16.212003826201
LBN;2007;NV.IND.TOTL.ZS;15.5098773512385
LBN;2006;NV.IND.TOTL.ZS;15.008151375903
LBN;2005;NV.IND.TOTL.ZS;14.7600382336009
LBN;2004;NV.IND.TOTL.ZS;14.5751663754257
LBN;2003;NV.IND.TOTL.ZS;18.3121387283237
LBN;2002;NV.IND.TOTL.ZS;19.1154059296204
LBN;2001;NV.IND.TOTL.ZS;20.4307137219529
LBN;2000;NV.IND.TOTL.ZS;19.9654112221368
LBN;1999;NV.IND.TOTL.ZS;21.2294550585364
LBN;1998;NV.IND.TOTL.ZS;23.6835060614173
LBN;1997;NV.IND.TOTL.ZS;22.2721649484536
LBN;1996;NV.IND.TOTL.ZS;22.3064225544938
LBN;1995;NV.IND.TOTL.ZS;22.2342520972663
LBN;1994;NV.IND.TOTL.ZS;22.616203471055
LBN;1993;NV.IND.TOTL.ZS;22.629902485752
LBN;1992;NV.IND.TOTL.ZS;22.8292606552612
LBN;1991;NV.IND.TOTL.ZS;23.6303821818249
LBN;1990;NV.IND.TOTL.ZS;
LBR;2024;NV.IND.TOTL.ZS;23.2842105263158
LBR;2023;NV.IND.TOTL.ZS;23.3485193621868
LBR;2022;NV.IND.TOTL.ZS;20.6885472727514
LBR;2021;NV.IND.TOTL.ZS;18.2177905549011
LBR;2020;NV.IND.TOTL.ZS;16.9489513058722
LBR;2019;NV.IND.TOTL.ZS;16.9896070200098
LBR;2018;NV.IND.TOTL.ZS;16.9238649522893
LBR;2017;NV.IND.TOTL.ZS;15.4416514284322
LBR;2016;NV.IND.TOTL.ZS;13.7704420019235
LBR;2015;NV.IND.TOTL.ZS;16.8248454785241
LBR;2014;NV.IND.TOTL.ZS;18.554810004303
LBR;2013;NV.IND.TOTL.ZS;19.5182541497806
LBR;2012;NV.IND.TOTL.ZS;14.5889259761557
LBR;2011;NV.IND.TOTL.ZS;8.30011676396997
LBR;2010;NV.IND.TOTL.ZS;4.99961461461461
LBR;2009;NV.IND.TOTL.ZS;5.00973981900453
LBR;2008;NV.IND.TOTL.ZS;7.0949594438007
LBR;2007;NV.IND.TOTL.ZS;7.92931536780772
LBR;2006;NV.IND.TOTL.ZS;7.7032618409294
LBR;2005;NV.IND.TOTL.ZS;7.2181875658588
LBR;2004;NV.IND.TOTL.ZS;7.72698996655518
LBR;2003;NV.IND.TOTL.ZS;4.14903743315508
LBR;2002;NV.IND.TOTL.ZS;3.24309600862999
LBR;2001;NV.IND.TOTL.ZS;4.18618101545254
LBR;2000;NV.IND.TOTL.ZS;4.24715102974828
LBR;1999;NV.IND.TOTL.ZS;
LBR;1998;NV.IND.TOTL.ZS;
LBR;1997;NV.IND.TOTL.ZS;
LBR;1996;NV.IND.TOTL.ZS;
LBR;1995;NV.IND.TOTL.ZS;
LBR;1994;NV.IND.TOTL.ZS;
LBR;1993;NV.IND.TOTL.ZS;
LBR;1992;NV.IND.TOTL.ZS;
LBR;1991;NV.IND.TOTL.ZS;
LBR;1990;NV.IND.TOTL.ZS;
LBY;2024;NV.IND.TOTL.ZS;68.3152715567621
LBY;2023;NV.IND.TOTL.ZS;77.3400785094267
LBY;2022;NV.IND.TOTL.ZS;76.8380798647142
LBY;2021;NV.IND.TOTL.ZS;74.9121008371648
LBY;2020;NV.IND.TOTL.ZS;15.9502036425113
LBY;2019;NV.IND.TOTL.ZS;49.9776179313478
LBY;2018;NV.IND.TOTL.ZS;49.676758007488
LBY;2017;NV.IND.TOTL.ZS;38.9800161101817
LBY;2016;NV.IND.TOTL.ZS;26.0770762664238
LBY;2015;NV.IND.TOTL.ZS;34.8289693278703
LBY;2014;NV.IND.TOTL.ZS;46.7692775548728
LBY;2013;NV.IND.TOTL.ZS;65.1237589148371
LBY;2012;NV.IND.TOTL.ZS;73.7369299183248
LBY;2011;NV.IND.TOTL.ZS;53.8989087023988
LBY;2010;NV.IND.TOTL.ZS;75.7449869936204
LBY;2009;NV.IND.TOTL.ZS;73.7972544656913
LBY;2008;NV.IND.TOTL.ZS;85.9203928517569
LBY;2007;NV.IND.TOTL.ZS;84.727507668667
LBY;2006;NV.IND.TOTL.ZS;86.6695550057577
LBY;2005;NV.IND.TOTL.ZS;80.9742943873926
LBY;2004;NV.IND.TOTL.ZS;76.6425137601895
LBY;2003;NV.IND.TOTL.ZS;70.8938132064248
LBY;2002;NV.IND.TOTL.ZS;65.8303859757035
LBY;2001;NV.IND.TOTL.ZS;
LBY;2000;NV.IND.TOTL.ZS;
LBY;1999;NV.IND.TOTL.ZS;
LBY;1998;NV.IND.TOTL.ZS;
LBY;1997;NV.IND.TOTL.ZS;
LBY;1996;NV.IND.TOTL.ZS;
LBY;1995;NV.IND.TOTL.ZS;
LBY;1994;NV.IND.TOTL.ZS;
LBY;1993;NV.IND.TOTL.ZS;
LBY;1992;NV.IND.TOTL.ZS;
LBY;1991;NV.IND.TOTL.ZS;
LBY;1990;NV.IND.TOTL.ZS;
LCA;2024;NV.IND.TOTL.ZS;9.75347513320073
LCA;2023;NV.IND.TOTL.ZS;9.68490196526682
LCA;2022;NV.IND.TOTL.ZS;8.86594059124188
LCA;2021;NV.IND.TOTL.ZS;11.2859523148332
LCA;2020;NV.IND.TOTL.ZS;12.6673649469867
LCA;2019;NV.IND.TOTL.ZS;9.04474293097749
LCA;2018;NV.IND.TOTL.ZS;9.85698830819217
LCA;2017;NV.IND.TOTL.ZS;10.8835128503547
LCA;2016;NV.IND.TOTL.ZS;10.9907295637127
LCA;2015;NV.IND.TOTL.ZS;10.8633516574705
LCA;2014;NV.IND.TOTL.ZS;9.9830608960786
LCA;2013;NV.IND.TOTL.ZS;10.2372040525891
LCA;2012;NV.IND.TOTL.ZS;10.8823311302478
LCA;2011;NV.IND.TOTL.ZS;11.0709394039579
LCA;2010;NV.IND.TOTL.ZS;11.6993633883331
LCA;2009;NV.IND.TOTL.ZS;13.1941065698207
LCA;2008;NV.IND.TOTL.ZS;12.9331554810898
LCA;2007;NV.IND.TOTL.ZS;13.33867026693
LCA;2006;NV.IND.TOTL.ZS;15.5718308786508
LCA;2005;NV.IND.TOTL.ZS;
LCA;2004;NV.IND.TOTL.ZS;
LCA;2003;NV.IND.TOTL.ZS;
LCA;2002;NV.IND.TOTL.ZS;
LCA;2001;NV.IND.TOTL.ZS;
LCA;2000;NV.IND.TOTL.ZS;
LCA;1999;NV.IND.TOTL.ZS;
LCA;1998;NV.IND.TOTL.ZS;
LCA;1997;NV.IND.TOTL.ZS;
LCA;1996;NV.IND.TOTL.ZS;
LCA;1995;NV.IND.TOTL.ZS;
LCA;1994;NV.IND.TOTL.ZS;
LCA;1993;NV.IND.TOTL.ZS;
LCA;1992;NV.IND.TOTL.ZS;
LCA;1991;NV.IND.TOTL.ZS;
LCA;1990;NV.IND.TOTL.ZS;
LIE;2024;NV.IND.TOTL.ZS;
LIE;2023;NV.IND.TOTL.ZS;
LIE;2022;NV.IND.TOTL.ZS;40.6279720081194
LIE;2021;NV.IND.TOTL.ZS;40.7763902142195
LIE;2020;NV.IND.TOTL.ZS;40.3036198267405
LIE;2019;NV.IND.TOTL.ZS;44.2952285660684
LIE;2018;NV.IND.TOTL.ZS;41.7550346850839
LIE;2017;NV.IND.TOTL.ZS;44.078617141423
LIE;2016;NV.IND.TOTL.ZS;41.9543783150565
LIE;2015;NV.IND.TOTL.ZS;37.2602648896845
LIE;2014;NV.IND.TOTL.ZS;39.647172626367
LIE;2013;NV.IND.TOTL.ZS;39.3045826652038
LIE;2012;NV.IND.TOTL.ZS;
LIE;2011;NV.IND.TOTL.ZS;
LIE;2010;NV.IND.TOTL.ZS;
LIE;2009;NV.IND.TOTL.ZS;
LIE;2008;NV.IND.TOTL.ZS;
LIE;2007;NV.IND.TOTL.ZS;
LIE;2006;NV.IND.TOTL.ZS;
LIE;2005;NV.IND.TOTL.ZS;
LIE;2004;NV.IND.TOTL.ZS;
LIE;2003;NV.IND.TOTL.ZS;
LIE;2002;NV.IND.TOTL.ZS;
LIE;2001;NV.IND.TOTL.ZS;
LIE;2000;NV.IND.TOTL.ZS;
LIE;1999;NV.IND.TOTL.ZS;
LIE;1998;NV.IND.TOTL.ZS;
LIE;1997;NV.IND.TOTL.ZS;
LIE;1996;NV.IND.TOTL.ZS;
LIE;1995;NV.IND.TOTL.ZS;
LIE;1994;NV.IND.TOTL.ZS;
LIE;1993;NV.IND.TOTL.ZS;
LIE;1992;NV.IND.TOTL.ZS;
LIE;1991;NV.IND.TOTL.ZS;
LIE;1990;NV.IND.TOTL.ZS;
LKA;2024;NV.IND.TOTL.ZS;25.5288051289463
LKA;2023;NV.IND.TOTL.ZS;25.7826769471156
LKA;2022;NV.IND.TOTL.ZS;29.8058315790625
LKA;2021;NV.IND.TOTL.ZS;29.9540097663376
LKA;2020;NV.IND.TOTL.ZS;28.235832875126
LKA;2019;NV.IND.TOTL.ZS;29.1910098710383
LKA;2018;NV.IND.TOTL.ZS;30.0568195254141
LKA;2017;NV.IND.TOTL.ZS;31.1282786464433
LKA;2016;NV.IND.TOTL.ZS;30.4827177292135
LKA;2015;NV.IND.TOTL.ZS;29.5354178735039
LKA;2014;NV.IND.TOTL.ZS;30.5178954280569
LKA;2013;NV.IND.TOTL.ZS;30.7956807276274
LKA;2012;NV.IND.TOTL.ZS;30.9698538095878
LKA;2011;NV.IND.TOTL.ZS;29.0731497644916
LKA;2010;NV.IND.TOTL.ZS;27.7831982979266
LKA;2009;NV.IND.TOTL.ZS;29.6714387318411
LKA;2008;NV.IND.TOTL.ZS;29.3711947494741
LKA;2007;NV.IND.TOTL.ZS;29.9198197775274
LKA;2006;NV.IND.TOTL.ZS;30.6422951801489
LKA;2005;NV.IND.TOTL.ZS;30.1880884644457
LKA;2004;NV.IND.TOTL.ZS;28.6181015199147
LKA;2003;NV.IND.TOTL.ZS;28.4245704176973
LKA;2002;NV.IND.TOTL.ZS;28.0106134516732
LKA;2001;NV.IND.TOTL.ZS;26.8205944160785
LKA;2000;NV.IND.TOTL.ZS;27.3180767964657
LKA;1999;NV.IND.TOTL.ZS;27.3613237332533
LKA;1998;NV.IND.TOTL.ZS;27.6167149449992
LKA;1997;NV.IND.TOTL.ZS;26.9936625997448
LKA;1996;NV.IND.TOTL.ZS;26.5742275506166
LKA;1995;NV.IND.TOTL.ZS;26.6839789029789
LKA;1994;NV.IND.TOTL.ZS;26.4041902211078
LKA;1993;NV.IND.TOTL.ZS;25.8495462852682
LKA;1992;NV.IND.TOTL.ZS;25.8895415993585
LKA;1991;NV.IND.TOTL.ZS;25.895592770146
LKA;1990;NV.IND.TOTL.ZS;26.3276072862541
LSO;2024;NV.IND.TOTL.ZS;31.0272926182526
LSO;2023;NV.IND.TOTL.ZS;28.7322622937261
LSO;2022;NV.IND.TOTL.ZS;30.4887412826069
LSO;2021;NV.IND.TOTL.ZS;32.0714582732775
LSO;2020;NV.IND.TOTL.ZS;31.0792071269451
LSO;2019;NV.IND.TOTL.ZS;30.5436539026894
LSO;2018;NV.IND.TOTL.ZS;31.139042579725
LSO;2017;NV.IND.TOTL.ZS;28.5730617255808
LSO;2016;NV.IND.TOTL.ZS;30.5866475742865
LSO;2015;NV.IND.TOTL.ZS;33.7385657003649
LSO;2014;NV.IND.TOTL.ZS;32.1608736210412
LSO;2013;NV.IND.TOTL.ZS;29.0232445602992
LSO;2012;NV.IND.TOTL.ZS;30.8179398182836
LSO;2011;NV.IND.TOTL.ZS;33.1996499097292
LSO;2010;NV.IND.TOTL.ZS;31.463352131548
LSO;2009;NV.IND.TOTL.ZS;33.3003223937152
LSO;2008;NV.IND.TOTL.ZS;40.56384007448
LSO;2007;NV.IND.TOTL.ZS;39.1258617120697
LSO;2006;NV.IND.TOTL.ZS;35.4813196531581
LSO;2005;NV.IND.TOTL.ZS;33.7701071067011
LSO;2004;NV.IND.TOTL.ZS;34.6653077489584
LSO;2003;NV.IND.TOTL.ZS;36.4702881221952
LSO;2002;NV.IND.TOTL.ZS;38.7001356295907
LSO;2001;NV.IND.TOTL.ZS;37.992056881911
LSO;2000;NV.IND.TOTL.ZS;35.1643078480714
LSO;1999;NV.IND.TOTL.ZS;32.2463145038707
LSO;1998;NV.IND.TOTL.ZS;30.3069078049184
LSO;1997;NV.IND.TOTL.ZS;29.6450567159792
LSO;1996;NV.IND.TOTL.ZS;32.4791198533961
LSO;1995;NV.IND.TOTL.ZS;30.8866921208456
LSO;1994;NV.IND.TOTL.ZS;31.1396435655096
LSO;1993;NV.IND.TOTL.ZS;30.7069348513547
LSO;1992;NV.IND.TOTL.ZS;29.6276778517509
LSO;1991;NV.IND.TOTL.ZS;27.8474610206718
LSO;1990;NV.IND.TOTL.ZS;21.3536112388478
LTU;2024;NV.IND.TOTL.ZS;23.394637462385
LTU;2023;NV.IND.TOTL.ZS;24.2370942924201
LTU;2022;NV.IND.TOTL.ZS;25.6398695886222
LTU;2021;NV.IND.TOTL.ZS;24.8587509219797
LTU;2020;NV.IND.TOTL.ZS;24.7876900738526
LTU;2019;NV.IND.TOTL.ZS;25.2564149405008
LTU;2018;NV.IND.TOTL.ZS;25.5788787201366
LTU;2017;NV.IND.TOTL.ZS;25.720457681502
LTU;2016;NV.IND.TOTL.ZS;25.9974602207029
LTU;2015;NV.IND.TOTL.ZS;26.9636978611038
LTU;2014;NV.IND.TOTL.ZS;27.726441177948
LTU;2013;NV.IND.TOTL.ZS;27.6242689150869
LTU;2012;NV.IND.TOTL.ZS;28.2001999312223
LTU;2011;NV.IND.TOTL.ZS;28.3534317115284
LTU;2010;NV.IND.TOTL.ZS;26.2116518144494
LTU;2009;NV.IND.TOTL.ZS;25.0207491016076
LTU;2008;NV.IND.TOTL.ZS;29.2009086287297
LTU;2007;NV.IND.TOTL.ZS;29.645016281565
LTU;2006;NV.IND.TOTL.ZS;30.1705478851017
LTU;2005;NV.IND.TOTL.ZS;29.7236068505939
LTU;2004;NV.IND.TOTL.ZS;29.527855822781
LTU;2003;NV.IND.TOTL.ZS;27.9630623171368
LTU;2002;NV.IND.TOTL.ZS;26.3988212298317
LTU;2001;NV.IND.TOTL.ZS;27.2146716594063
LTU;2000;NV.IND.TOTL.ZS;26.5008484486882
LTU;1999;NV.IND.TOTL.ZS;26.3945503433367
LTU;1998;NV.IND.TOTL.ZS;27.37159186677
LTU;1997;NV.IND.TOTL.ZS;27.0832380088766
LTU;1996;NV.IND.TOTL.ZS;27.2658539819452
LTU;1995;NV.IND.TOTL.ZS;28.3669602576004
LTU;1994;NV.IND.TOTL.ZS;
LTU;1993;NV.IND.TOTL.ZS;
LTU;1992;NV.IND.TOTL.ZS;
LTU;1991;NV.IND.TOTL.ZS;
LTU;1990;NV.IND.TOTL.ZS;
LUX;2024;NV.IND.TOTL.ZS;9.00975863640681
LUX;2023;NV.IND.TOTL.ZS;10.167511897082
LUX;2022;NV.IND.TOTL.ZS;9.1137991530042
LUX;2021;NV.IND.TOTL.ZS;10.5920031023214
LUX;2020;NV.IND.TOTL.ZS;11.3427753359144
LUX;2019;NV.IND.TOTL.ZS;11.6004638626305
LUX;2018;NV.IND.TOTL.ZS;10.9720784332984
LUX;2017;NV.IND.TOTL.ZS;10.8183368591649
LUX;2016;NV.IND.TOTL.ZS;12.0959325625638
LUX;2015;NV.IND.TOTL.ZS;11.539623433831
LUX;2014;NV.IND.TOTL.ZS;10.810880633632
LUX;2013;NV.IND.TOTL.ZS;10.4429419766443
LUX;2012;NV.IND.TOTL.ZS;10.4267187903737
LUX;2011;NV.IND.TOTL.ZS;10.7084382796237
LUX;2010;NV.IND.TOTL.ZS;10.997972653402
LUX;2009;NV.IND.TOTL.ZS;11.0066049191433
LUX;2008;NV.IND.TOTL.ZS;12.8051473899025
LUX;2007;NV.IND.TOTL.ZS;14.4759684439971
LUX;2006;NV.IND.TOTL.ZS;13.5205791243289
LUX;2005;NV.IND.TOTL.ZS;14.4661273579401
LUX;2004;NV.IND.TOTL.ZS;15.4393460205431
LUX;2003;NV.IND.TOTL.ZS;16.2313623974908
LUX;2002;NV.IND.TOTL.ZS;16.1080518908929
LUX;2001;NV.IND.TOTL.ZS;16.3138530501545
LUX;2000;NV.IND.TOTL.ZS;16.654678949085
LUX;1999;NV.IND.TOTL.ZS;17.253326749647
LUX;1998;NV.IND.TOTL.ZS;18.8159649943539
LUX;1997;NV.IND.TOTL.ZS;18.4568749816274
LUX;1996;NV.IND.TOTL.ZS;18.5985181660038
LUX;1995;NV.IND.TOTL.ZS;19.6534242955499
LUX;1994;NV.IND.TOTL.ZS;
LUX;1993;NV.IND.TOTL.ZS;
LUX;1992;NV.IND.TOTL.ZS;
LUX;1991;NV.IND.TOTL.ZS;
LUX;1990;NV.IND.TOTL.ZS;
LVA;2024;NV.IND.TOTL.ZS;19.8657429390106
LVA;2023;NV.IND.TOTL.ZS;21.6890152266524
LVA;2022;NV.IND.TOTL.ZS;20.7229871183051
LVA;2021;NV.IND.TOTL.ZS;21.0918306682746
LVA;2020;NV.IND.TOTL.ZS;20.3341837659978
LVA;2019;NV.IND.TOTL.ZS;19.5988527886207
LVA;2018;NV.IND.TOTL.ZS;19.3453568005874
LVA;2017;NV.IND.TOTL.ZS;19.7767293914993
LVA;2016;NV.IND.TOTL.ZS;19.1654365749872
LVA;2015;NV.IND.TOTL.ZS;19.7834567448988
LVA;2014;NV.IND.TOTL.ZS;19.6186043266703
LVA;2013;NV.IND.TOTL.ZS;20.8210958976358
LVA;2012;NV.IND.TOTL.ZS;21.4155903391561
LVA;2011;NV.IND.TOTL.ZS;21.418901034981
LVA;2010;NV.IND.TOTL.ZS;20.8612025977954
LVA;2009;NV.IND.TOTL.ZS;21.5222929684733
LVA;2008;NV.IND.TOTL.ZS;22.844745207144
LVA;2007;NV.IND.TOTL.ZS;22.7520647205745
LVA;2006;NV.IND.TOTL.ZS;21.8741590495671
LVA;2005;NV.IND.TOTL.ZS;21.0400390822509
LVA;2004;NV.IND.TOTL.ZS;22.3401097520348
LVA;2003;NV.IND.TOTL.ZS;22.2766161374927
LVA;2002;NV.IND.TOTL.ZS;23.3580896046646
LVA;2001;NV.IND.TOTL.ZS;23.2514546840965
LVA;2000;NV.IND.TOTL.ZS;24.2213861800629
LVA;1999;NV.IND.TOTL.ZS;25.3594425694595
LVA;1998;NV.IND.TOTL.ZS;26.4063130779467
LVA;1997;NV.IND.TOTL.ZS;28.6519852124834
LVA;1996;NV.IND.TOTL.ZS;27.2884507095561
LVA;1995;NV.IND.TOTL.ZS;27.5432831630759
LVA;1994;NV.IND.TOTL.ZS;
LVA;1993;NV.IND.TOTL.ZS;
LVA;1992;NV.IND.TOTL.ZS;
LVA;1991;NV.IND.TOTL.ZS;
LVA;1990;NV.IND.TOTL.ZS;
MAC;2024;NV.IND.TOTL.ZS;
MAC;2023;NV.IND.TOTL.ZS;5.44475371485509
MAC;2022;NV.IND.TOTL.ZS;9.25192066381316
MAC;2021;NV.IND.TOTL.ZS;7.68616442002856
MAC;2020;NV.IND.TOTL.ZS;8.4851657768273
MAC;2019;NV.IND.TOTL.ZS;4.21334413101183
MAC;2018;NV.IND.TOTL.ZS;4.09066117205018
MAC;2017;NV.IND.TOTL.ZS;4.99677284541064
MAC;2016;NV.IND.TOTL.ZS;6.62061807606065
MAC;2015;NV.IND.TOTL.ZS;7.69596450454257
MAC;2014;NV.IND.TOTL.ZS;5.03926880661139
MAC;2013;NV.IND.TOTL.ZS;3.71934647920163
MAC;2012;NV.IND.TOTL.ZS;4.03500637533326
MAC;2011;NV.IND.TOTL.ZS;4.1606022244938
MAC;2010;NV.IND.TOTL.ZS;4.80847090890587
MAC;2009;NV.IND.TOTL.ZS;7.31595528042561
MAC;2008;NV.IND.TOTL.ZS;11.8033195168377
MAC;2007;NV.IND.TOTL.ZS;13.7844932886133
MAC;2006;NV.IND.TOTL.ZS;14.1017023207354
MAC;2005;NV.IND.TOTL.ZS;10.9716162808602
MAC;2004;NV.IND.TOTL.ZS;8.41746503946968
MAC;2003;NV.IND.TOTL.ZS;9.54994179630217
MAC;2002;NV.IND.TOTL.ZS;9.23336710570753
MAC;2001;NV.IND.TOTL.ZS;9.82000290317898
MAC;2000;NV.IND.TOTL.ZS;11.4587356765804
MAC;1999;NV.IND.TOTL.ZS;12.3394740865311
MAC;1998;NV.IND.TOTL.ZS;12.3603377705668
MAC;1997;NV.IND.TOTL.ZS;11.9166335984541
MAC;1996;NV.IND.TOTL.ZS;11.786826179732
MAC;1995;NV.IND.TOTL.ZS;12.8638096255922
MAC;1994;NV.IND.TOTL.ZS;14.0906467087323
MAC;1993;NV.IND.TOTL.ZS;15.2433486187723
MAC;1992;NV.IND.TOTL.ZS;17.3077413920723
MAC;1991;NV.IND.TOTL.ZS;18.6873714247793
MAC;1990;NV.IND.TOTL.ZS;
MAF;2024;NV.IND.TOTL.ZS;
MAF;2023;NV.IND.TOTL.ZS;
MAF;2022;NV.IND.TOTL.ZS;
MAF;2021;NV.IND.TOTL.ZS;
MAF;2020;NV.IND.TOTL.ZS;
MAF;2019;NV.IND.TOTL.ZS;
MAF;2018;NV.IND.TOTL.ZS;
MAF;2017;NV.IND.TOTL.ZS;
MAF;2016;NV.IND.TOTL.ZS;
MAF;2015;NV.IND.TOTL.ZS;
MAF;2014;NV.IND.TOTL.ZS;
MAF;2013;NV.IND.TOTL.ZS;
MAF;2012;NV.IND.TOTL.ZS;
MAF;2011;NV.IND.TOTL.ZS;
MAF;2010;NV.IND.TOTL.ZS;
MAF;2009;NV.IND.TOTL.ZS;
MAF;2008;NV.IND.TOTL.ZS;
MAF;2007;NV.IND.TOTL.ZS;
MAF;2006;NV.IND.TOTL.ZS;
MAF;2005;NV.IND.TOTL.ZS;
MAF;2004;NV.IND.TOTL.ZS;
MAF;2003;NV.IND.TOTL.ZS;
MAF;2002;NV.IND.TOTL.ZS;
MAF;2001;NV.IND.TOTL.ZS;
MAF;2000;NV.IND.TOTL.ZS;
MAF;1999;NV.IND.TOTL.ZS;
MAF;1998;NV.IND.TOTL.ZS;
MAF;1997;NV.IND.TOTL.ZS;
MAF;1996;NV.IND.TOTL.ZS;
MAF;1995;NV.IND.TOTL.ZS;
MAF;1994;NV.IND.TOTL.ZS;
MAF;1993;NV.IND.TOTL.ZS;
MAF;1992;NV.IND.TOTL.ZS;
MAF;1991;NV.IND.TOTL.ZS;
MAF;1990;NV.IND.TOTL.ZS;
MAR;2024;NV.IND.TOTL.ZS;24.1403172585709
MAR;2023;NV.IND.TOTL.ZS;24.5583104066127
MAR;2022;NV.IND.TOTL.ZS;25.9113093904963
MAR;2021;NV.IND.TOTL.ZS;25.9539090511005
MAR;2020;NV.IND.TOTL.ZS;26.0436433872433
MAR;2019;NV.IND.TOTL.ZS;25.2499524130611
MAR;2018;NV.IND.TOTL.ZS;25.2413538068182
MAR;2017;NV.IND.TOTL.ZS;25.405454806575
MAR;2016;NV.IND.TOTL.ZS;25.685104578574
MAR;2015;NV.IND.TOTL.ZS;25.6226817262287
MAR;2014;NV.IND.TOTL.ZS;25.8132675090419
MAR;2013;NV.IND.TOTL.ZS;24.1531288845084
MAR;2012;NV.IND.TOTL.ZS;24.2659773507632
MAR;2011;NV.IND.TOTL.ZS;24.5065191885483
MAR;2010;NV.IND.TOTL.ZS;23.7119126900355
MAR;2009;NV.IND.TOTL.ZS;22.25957486397
MAR;2008;NV.IND.TOTL.ZS;24.3155822554726
MAR;2007;NV.IND.TOTL.ZS;22.422939278529
MAR;2006;NV.IND.TOTL.ZS;22.7530814100902
MAR;2005;NV.IND.TOTL.ZS;23.6812068826614
MAR;2004;NV.IND.TOTL.ZS;24.0029876116656
MAR;2003;NV.IND.TOTL.ZS;23.3248013144818
MAR;2002;NV.IND.TOTL.ZS;22.6361224434387
MAR;2001;NV.IND.TOTL.ZS;22.8696929940867
MAR;2000;NV.IND.TOTL.ZS;24.3526302035856
MAR;1999;NV.IND.TOTL.ZS;23.4872648863189
MAR;1998;NV.IND.TOTL.ZS;23.14101634461
MAR;1997;NV.IND.TOTL.ZS;27.3223950880414
MAR;1996;NV.IND.TOTL.ZS;25.6209964186976
MAR;1995;NV.IND.TOTL.ZS;26.3311782242225
MAR;1994;NV.IND.TOTL.ZS;25.1640015647731
MAR;1993;NV.IND.TOTL.ZS;26.4745223327555
MAR;1992;NV.IND.TOTL.ZS;26.3722397566432
MAR;1991;NV.IND.TOTL.ZS;26.0161584122031
MAR;1990;NV.IND.TOTL.ZS;27.5981379041356
MCO;2024;NV.IND.TOTL.ZS;
MCO;2023;NV.IND.TOTL.ZS;11.5186984130418
MCO;2022;NV.IND.TOTL.ZS;12.2757894484929
MCO;2021;NV.IND.TOTL.ZS;12.5457762416163
MCO;2020;NV.IND.TOTL.ZS;14.8961444474613
MCO;2019;NV.IND.TOTL.ZS;13.0361610188765
MCO;2018;NV.IND.TOTL.ZS;13.1470370674776
MCO;2017;NV.IND.TOTL.ZS;12.801953584793
MCO;2016;NV.IND.TOTL.ZS;18.2559909686468
MCO;2015;NV.IND.TOTL.ZS;17.5917398696515
MCO;2014;NV.IND.TOTL.ZS;12.62918561389
MCO;2013;NV.IND.TOTL.ZS;13.9971636952998
MCO;2012;NV.IND.TOTL.ZS;13.0162423374648
MCO;2011;NV.IND.TOTL.ZS;12.8252023227104
MCO;2010;NV.IND.TOTL.ZS;12.9223473621814
MCO;2009;NV.IND.TOTL.ZS;
MCO;2008;NV.IND.TOTL.ZS;
MCO;2007;NV.IND.TOTL.ZS;
MCO;2006;NV.IND.TOTL.ZS;
MCO;2005;NV.IND.TOTL.ZS;
MCO;2004;NV.IND.TOTL.ZS;
MCO;2003;NV.IND.TOTL.ZS;
MCO;2002;NV.IND.TOTL.ZS;
MCO;2001;NV.IND.TOTL.ZS;
MCO;2000;NV.IND.TOTL.ZS;
MCO;1999;NV.IND.TOTL.ZS;
MCO;1998;NV.IND.TOTL.ZS;
MCO;1997;NV.IND.TOTL.ZS;
MCO;1996;NV.IND.TOTL.ZS;
MCO;1995;NV.IND.TOTL.ZS;
MCO;1994;NV.IND.TOTL.ZS;
MCO;1993;NV.IND.TOTL.ZS;
MCO;1992;NV.IND.TOTL.ZS;
MCO;1991;NV.IND.TOTL.ZS;
MCO;1990;NV.IND.TOTL.ZS;
MDA;2024;NV.IND.TOTL.ZS;16.780476066647
MDA;2023;NV.IND.TOTL.ZS;17.687867818777
MDA;2022;NV.IND.TOTL.ZS;19.0908218110745
MDA;2021;NV.IND.TOTL.ZS;20.6312606801817
MDA;2020;NV.IND.TOTL.ZS;23.1345230028419
MDA;2019;NV.IND.TOTL.ZS;21.9233489252916
MDA;2018;NV.IND.TOTL.ZS;22.1479763600006
MDA;2017;NV.IND.TOTL.ZS;21.0188767695091
MDA;2016;NV.IND.TOTL.ZS;21.1944646085144
MDA;2015;NV.IND.TOTL.ZS;21.1076657265026
MDA;2014;NV.IND.TOTL.ZS;21.1263772009346
MDA;2013;NV.IND.TOTL.ZS;21.6032575380958
MDA;2012;NV.IND.TOTL.ZS;21.3145109050194
MDA;2011;NV.IND.TOTL.ZS;20.9107204171007
MDA;2010;NV.IND.TOTL.ZS;20.4338917212317
MDA;2009;NV.IND.TOTL.ZS;17.1628740871454
MDA;2008;NV.IND.TOTL.ZS;19.1217348463177
MDA;2007;NV.IND.TOTL.ZS;19.4423919146547
MDA;2006;NV.IND.TOTL.ZS;18.7779036510703
MDA;2005;NV.IND.TOTL.ZS;19.1675900350579
MDA;2004;NV.IND.TOTL.ZS;20.7175324675325
MDA;2003;NV.IND.TOTL.ZS;20.6728809877258
MDA;2002;NV.IND.TOTL.ZS;20.3847621314161
MDA;2001;NV.IND.TOTL.ZS;21.9691372835076
MDA;2000;NV.IND.TOTL.ZS;19.1476693676567
MDA;1999;NV.IND.TOTL.ZS;20.5076405135261
MDA;1998;NV.IND.TOTL.ZS;20.3234930328094
MDA;1997;NV.IND.TOTL.ZS;25.435554097662
MDA;1996;NV.IND.TOTL.ZS;27.2874008568319
MDA;1995;NV.IND.TOTL.ZS;28.4455720660554
MDA;1994;NV.IND.TOTL.ZS;
MDA;1993;NV.IND.TOTL.ZS;
MDA;1992;NV.IND.TOTL.ZS;
MDA;1991;NV.IND.TOTL.ZS;
MDA;1990;NV.IND.TOTL.ZS;
MDG;2024;NV.IND.TOTL.ZS;22.8097346600036
MDG;2023;NV.IND.TOTL.ZS;22.9390088108213
MDG;2022;NV.IND.TOTL.ZS;23.3568161542995
MDG;2021;NV.IND.TOTL.ZS;22.2500946222256
MDG;2020;NV.IND.TOTL.ZS;19.4661871058768
MDG;2019;NV.IND.TOTL.ZS;22.445497353094
MDG;2018;NV.IND.TOTL.ZS;21.4819574714216
MDG;2017;NV.IND.TOTL.ZS;20.1123576645922
MDG;2016;NV.IND.TOTL.ZS;19.4099444668858
MDG;2015;NV.IND.TOTL.ZS;18.950884731327
MDG;2014;NV.IND.TOTL.ZS;19.2497828687657
MDG;2013;NV.IND.TOTL.ZS;17.9096138237139
MDG;2012;NV.IND.TOTL.ZS;17.2760843242701
MDG;2011;NV.IND.TOTL.ZS;17.8532728101343
MDG;2010;NV.IND.TOTL.ZS;18.0075205568584
MDG;2009;NV.IND.TOTL.ZS;18.8332096319198
MDG;2008;NV.IND.TOTL.ZS;20.4685954426536
MDG;2007;NV.IND.TOTL.ZS;18.9068307503233
MDG;2006;NV.IND.TOTL.ZS;
MDG;2005;NV.IND.TOTL.ZS;
MDG;2004;NV.IND.TOTL.ZS;
MDG;2003;NV.IND.TOTL.ZS;
MDG;2002;NV.IND.TOTL.ZS;
MDG;2001;NV.IND.TOTL.ZS;
MDG;2000;NV.IND.TOTL.ZS;
MDG;1999;NV.IND.TOTL.ZS;
MDG;1998;NV.IND.TOTL.ZS;
MDG;1997;NV.IND.TOTL.ZS;
MDG;1996;NV.IND.TOTL.ZS;
MDG;1995;NV.IND.TOTL.ZS;
MDG;1994;NV.IND.TOTL.ZS;
MDG;1993;NV.IND.TOTL.ZS;
MDG;1992;NV.IND.TOTL.ZS;
MDG;1991;NV.IND.TOTL.ZS;
MDG;1990;NV.IND.TOTL.ZS;
MDV;2024;NV.IND.TOTL.ZS;9.02167896621515
MDV;2023;NV.IND.TOTL.ZS;9.69157986274917
MDV;2022;NV.IND.TOTL.ZS;9.91860129412384
MDV;2021;NV.IND.TOTL.ZS;9.19229759630424
MDV;2020;NV.IND.TOTL.ZS;12.5605139140038
MDV;2019;NV.IND.TOTL.ZS;11.9425437773352
MDV;2018;NV.IND.TOTL.ZS;13.0536487046675
MDV;2017;NV.IND.TOTL.ZS;11.4251984593511
MDV;2016;NV.IND.TOTL.ZS;11.2741492757581
MDV;2015;NV.IND.TOTL.ZS;10.7232266023621
MDV;2014;NV.IND.TOTL.ZS;8.4139107553832
MDV;2013;NV.IND.TOTL.ZS;8.05840306592254
MDV;2012;NV.IND.TOTL.ZS;9.79079162730297
MDV;2011;NV.IND.TOTL.ZS;10.0744819854785
MDV;2010;NV.IND.TOTL.ZS;9.43175580619357
MDV;2009;NV.IND.TOTL.ZS;9.62024684635871
MDV;2008;NV.IND.TOTL.ZS;11.4493071778151
MDV;2007;NV.IND.TOTL.ZS;8.74551343333508
MDV;2006;NV.IND.TOTL.ZS;9.51763428908971
MDV;2005;NV.IND.TOTL.ZS;11.7319293605781
MDV;2004;NV.IND.TOTL.ZS;11.0588125194448
MDV;2003;NV.IND.TOTL.ZS;12.3754592610708
MDV;2002;NV.IND.TOTL.ZS;
MDV;2001;NV.IND.TOTL.ZS;
MDV;2000;NV.IND.TOTL.ZS;
MDV;1999;NV.IND.TOTL.ZS;
MDV;1998;NV.IND.TOTL.ZS;
MDV;1997;NV.IND.TOTL.ZS;
MDV;1996;NV.IND.TOTL.ZS;
MDV;1995;NV.IND.TOTL.ZS;
MDV;1994;NV.IND.TOTL.ZS;
MDV;1993;NV.IND.TOTL.ZS;
MDV;1992;NV.IND.TOTL.ZS;
MDV;1991;NV.IND.TOTL.ZS;
MDV;1990;NV.IND.TOTL.ZS;
MEX;2024;NV.IND.TOTL.ZS;31.634907412659
MEX;2023;NV.IND.TOTL.ZS;32.4819798248246
MEX;2022;NV.IND.TOTL.ZS;33.1372227138327
MEX;2021;NV.IND.TOTL.ZS;31.9695289897874
MEX;2020;NV.IND.TOTL.ZS;30.9999803923385
MEX;2019;NV.IND.TOTL.ZS;31.8382961335776
MEX;2018;NV.IND.TOTL.ZS;32.0438654405128
MEX;2017;NV.IND.TOTL.ZS;31.9586846687432
MEX;2016;NV.IND.TOTL.ZS;30.6167914029625
MEX;2015;NV.IND.TOTL.ZS;30.8402536024088
MEX;2014;NV.IND.TOTL.ZS;31.917554117239
MEX;2013;NV.IND.TOTL.ZS;32.1682751220869
MEX;2012;NV.IND.TOTL.ZS;34.0963424750026
MEX;2011;NV.IND.TOTL.ZS;33.823102213766
MEX;2010;NV.IND.TOTL.ZS;32.5394870440162
MEX;2009;NV.IND.TOTL.ZS;31.9993138894743
MEX;2008;NV.IND.TOTL.ZS;34.8480623902362
MEX;2007;NV.IND.TOTL.ZS;34.0245019460578
MEX;2006;NV.IND.TOTL.ZS;34.3856666700872
MEX;2005;NV.IND.TOTL.ZS;33.0531376364211
MEX;2004;NV.IND.TOTL.ZS;33.0062868204379
MEX;2003;NV.IND.TOTL.ZS;31.5006616846741
MEX;2002;NV.IND.TOTL.ZS;32.864500489183
MEX;2001;NV.IND.TOTL.ZS;33.3084037583111
MEX;2000;NV.IND.TOTL.ZS;34.3868003324753
MEX;1999;NV.IND.TOTL.ZS;34.2460385513923
MEX;1998;NV.IND.TOTL.ZS;34.1578193379962
MEX;1997;NV.IND.TOTL.ZS;34.7740825800439
MEX;1996;NV.IND.TOTL.ZS;34.3418670588648
MEX;1995;NV.IND.TOTL.ZS;33.2922227310393
MEX;1994;NV.IND.TOTL.ZS;32.5699823148334
MEX;1993;NV.IND.TOTL.ZS;32.9883591467475
MEX;1992;NV.IND.TOTL.ZS;25.7259806632477
MEX;1991;NV.IND.TOTL.ZS;25.7497952510099
MEX;1990;NV.IND.TOTL.ZS;26.146929748992
MHL;2024;NV.IND.TOTL.ZS;
MHL;2023;NV.IND.TOTL.ZS;11.0602776706518
MHL;2022;NV.IND.TOTL.ZS;8.49952644041042
MHL;2021;NV.IND.TOTL.ZS;10.6494399382001
MHL;2020;NV.IND.TOTL.ZS;13.3453680727874
MHL;2019;NV.IND.TOTL.ZS;14.4171747531129
MHL;2018;NV.IND.TOTL.ZS;12.1986818181818
MHL;2017;NV.IND.TOTL.ZS;13.0123069723912
MHL;2016;NV.IND.TOTL.ZS;15.2969772051536
MHL;2015;NV.IND.TOTL.ZS;11.298856831791
MHL;2014;NV.IND.TOTL.ZS;14.5738172043011
MHL;2013;NV.IND.TOTL.ZS;13.8843347639485
MHL;2012;NV.IND.TOTL.ZS;13.3474266740454
MHL;2011;NV.IND.TOTL.ZS;13.5373766686013
MHL;2010;NV.IND.TOTL.ZS;14.622905027933
MHL;2009;NV.IND.TOTL.ZS;13.628373015873
MHL;2008;NV.IND.TOTL.ZS;12.7225102319236
MHL;2007;NV.IND.TOTL.ZS;13.2601993355482
MHL;2006;NV.IND.TOTL.ZS;11.3769553072626
MHL;2005;NV.IND.TOTL.ZS;8.12275362318841
MHL;2004;NV.IND.TOTL.ZS;10.3000752445448
MHL;2003;NV.IND.TOTL.ZS;11.6742737086141
MHL;2002;NV.IND.TOTL.ZS;14.757199151258
MHL;2001;NV.IND.TOTL.ZS;10.6228366069992
MHL;2000;NV.IND.TOTL.ZS;12.7373659530558
MHL;1999;NV.IND.TOTL.ZS;13.7880109852398
MHL;1998;NV.IND.TOTL.ZS;13.0618246972208
MHL;1997;NV.IND.TOTL.ZS;9.93641516971881
MHL;1996;NV.IND.TOTL.ZS;
MHL;1995;NV.IND.TOTL.ZS;
MHL;1994;NV.IND.TOTL.ZS;
MHL;1993;NV.IND.TOTL.ZS;
MHL;1992;NV.IND.TOTL.ZS;
MHL;1991;NV.IND.TOTL.ZS;
MHL;1990;NV.IND.TOTL.ZS;
MKD;2024;NV.IND.TOTL.ZS;22.6645449228321
MKD;2023;NV.IND.TOTL.ZS;23.2579512149476
MKD;2022;NV.IND.TOTL.ZS;23.0244680694634
MKD;2021;NV.IND.TOTL.ZS;22.5805920939893
MKD;2020;NV.IND.TOTL.ZS;22.7433958881186
MKD;2019;NV.IND.TOTL.ZS;23.7034834116039
MKD;2018;NV.IND.TOTL.ZS;24.0504298826712
MKD;2017;NV.IND.TOTL.ZS;24.2589458765972
MKD;2016;NV.IND.TOTL.ZS;23.9630460915105
MKD;2015;NV.IND.TOTL.ZS;23.9221832208017
MKD;2014;NV.IND.TOTL.ZS;22.822578658191
MKD;2013;NV.IND.TOTL.ZS;22.1404647622691
MKD;2012;NV.IND.TOTL.ZS;21.0808587045723
MKD;2011;NV.IND.TOTL.ZS;21.5924220032487
MKD;2010;NV.IND.TOTL.ZS;21.0422688522191
MKD;2009;NV.IND.TOTL.ZS;18.9727028474128
MKD;2008;NV.IND.TOTL.ZS;19.5331292631782
MKD;2007;NV.IND.TOTL.ZS;20.5809235456128
MKD;2006;NV.IND.TOTL.ZS;21.6625851152789
MKD;2005;NV.IND.TOTL.ZS;20.3620070871171
MKD;2004;NV.IND.TOTL.ZS;21.0384420875685
MKD;2003;NV.IND.TOTL.ZS;22.4884068866443
MKD;2002;NV.IND.TOTL.ZS;19.3780672207161
MKD;2001;NV.IND.TOTL.ZS;20.5865455856541
MKD;2000;NV.IND.TOTL.ZS;21.4063367196738
MKD;1999;NV.IND.TOTL.ZS;26.5943719040969
MKD;1998;NV.IND.TOTL.ZS;27.7543953600632
MKD;1997;NV.IND.TOTL.ZS;28.2036029806351
MKD;1996;NV.IND.TOTL.ZS;23.8170838878622
MKD;1995;NV.IND.TOTL.ZS;24.0771785812429
MKD;1994;NV.IND.TOTL.ZS;24.2724512987013
MKD;1993;NV.IND.TOTL.ZS;29.7102132309225
MKD;1992;NV.IND.TOTL.ZS;33.1861679832339
MKD;1991;NV.IND.TOTL.ZS;28.2944214876033
MKD;1990;NV.IND.TOTL.ZS;37.4351503759399
MLI;2024;NV.IND.TOTL.ZS;22.6651553517647
MLI;2023;NV.IND.TOTL.ZS;24.397407413987
MLI;2022;NV.IND.TOTL.ZS;24.796496641708
MLI;2021;NV.IND.TOTL.ZS;25.7809386341484
MLI;2020;NV.IND.TOTL.ZS;26.7389536942111
MLI;2019;NV.IND.TOTL.ZS;23.0829741121544
MLI;2018;NV.IND.TOTL.ZS;23.2080317204235
MLI;2017;NV.IND.TOTL.ZS;22.1743386291663
MLI;2016;NV.IND.TOTL.ZS;21.8908239361417
MLI;2015;NV.IND.TOTL.ZS;22.3555320283093
MLI;2014;NV.IND.TOTL.ZS;23.4386609060195
MLI;2013;NV.IND.TOTL.ZS;22.7970762794672
MLI;2012;NV.IND.TOTL.ZS;23.9081028780387
MLI;2011;NV.IND.TOTL.ZS;24.2628453634457
MLI;2010;NV.IND.TOTL.ZS;26.582174947023
MLI;2009;NV.IND.TOTL.ZS;26.7507395652983
MLI;2008;NV.IND.TOTL.ZS;26.481875371738
MLI;2007;NV.IND.TOTL.ZS;27.3213023047178
MLI;2006;NV.IND.TOTL.ZS;29.6487224275055
MLI;2005;NV.IND.TOTL.ZS;26.3738624155344
MLI;2004;NV.IND.TOTL.ZS;24.1883141459689
MLI;2003;NV.IND.TOTL.ZS;22.7592079275042
MLI;2002;NV.IND.TOTL.ZS;22.6011138032382
MLI;2001;NV.IND.TOTL.ZS;22.6703385481688
MLI;2000;NV.IND.TOTL.ZS;21.5209477946314
MLI;1999;NV.IND.TOTL.ZS;18.226346471891
MLI;1998;NV.IND.TOTL.ZS;19.4296130474757
MLI;1997;NV.IND.TOTL.ZS;18.7868864931386
MLI;1996;NV.IND.TOTL.ZS;17.0628574234017
MLI;1995;NV.IND.TOTL.ZS;17.4024339344997
MLI;1994;NV.IND.TOTL.ZS;16.6582567314145
MLI;1993;NV.IND.TOTL.ZS;15.5761278665051
MLI;1992;NV.IND.TOTL.ZS;16.240036849513
MLI;1991;NV.IND.TOTL.ZS;16.6567768121374
MLI;1990;NV.IND.TOTL.ZS;16.3347253416174
MLT;2024;NV.IND.TOTL.ZS;11.4267996430151
MLT;2023;NV.IND.TOTL.ZS;11.8069100820798
MLT;2022;NV.IND.TOTL.ZS;11.8960084189782
MLT;2021;NV.IND.TOTL.ZS;12.0207569617155
MLT;2020;NV.IND.TOTL.ZS;12.2691175489107
MLT;2019;NV.IND.TOTL.ZS;12.0664713713003
MLT;2018;NV.IND.TOTL.ZS;11.5158115860279
MLT;2017;NV.IND.TOTL.ZS;11.4560569395944
MLT;2016;NV.IND.TOTL.ZS;12.278697193042
MLT;2015;NV.IND.TOTL.ZS;12.0903046948537
MLT;2014;NV.IND.TOTL.ZS;13.0759999781862
MLT;2013;NV.IND.TOTL.ZS;14.559529637149
MLT;2012;NV.IND.TOTL.ZS;15.074609624433
MLT;2011;NV.IND.TOTL.ZS;16.4457629303318
MLT;2010;NV.IND.TOTL.ZS;17.4439389037771
MLT;2009;NV.IND.TOTL.ZS;17.655257440961
MLT;2008;NV.IND.TOTL.ZS;19.3024237465671
MLT;2007;NV.IND.TOTL.ZS;18.50926725004
MLT;2006;NV.IND.TOTL.ZS;19.8027225091423
MLT;2005;NV.IND.TOTL.ZS;20.73944585998
MLT;2004;NV.IND.TOTL.ZS;22.2274192080856
MLT;2003;NV.IND.TOTL.ZS;24.5360080620593
MLT;2002;NV.IND.TOTL.ZS;24.7690881424424
MLT;2001;NV.IND.TOTL.ZS;23.8497437089857
MLT;2000;NV.IND.TOTL.ZS;26.9973847512276
MLT;1999;NV.IND.TOTL.ZS;24.7546261156333
MLT;1998;NV.IND.TOTL.ZS;26.2249903544067
MLT;1997;NV.IND.TOTL.ZS;25.5345394736842
MLT;1996;NV.IND.TOTL.ZS;26.0258607259698
MLT;1995;NV.IND.TOTL.ZS;26.2177932210057
MLT;1994;NV.IND.TOTL.ZS;46.8735922566449
MLT;1993;NV.IND.TOTL.ZS;45.4904995114451
MLT;1992;NV.IND.TOTL.ZS;46.7399244295187
MLT;1991;NV.IND.TOTL.ZS;49.9458078912441
MLT;1990;NV.IND.TOTL.ZS;50.7784414751887
MMR;2024;NV.IND.TOTL.ZS;37.8123706470247
MMR;2023;NV.IND.TOTL.ZS;37.5929250362669
MMR;2022;NV.IND.TOTL.ZS;38.2471357653023
MMR;2021;NV.IND.TOTL.ZS;37.3108899934826
MMR;2020;NV.IND.TOTL.ZS;37.5439155484288
MMR;2019;NV.IND.TOTL.ZS;38.4126110918443
MMR;2018;NV.IND.TOTL.ZS;36.9634615021809
MMR;2017;NV.IND.TOTL.ZS;36.8009211203558
MMR;2016;NV.IND.TOTL.ZS;34.8095048832944
MMR;2015;NV.IND.TOTL.ZS;34.4688212621502
MMR;2014;NV.IND.TOTL.ZS;34.4897147952325
MMR;2013;NV.IND.TOTL.ZS;32.3622196006021
MMR;2012;NV.IND.TOTL.ZS;32.3730207966326
MMR;2011;NV.IND.TOTL.ZS;31.2916488307023
MMR;2010;NV.IND.TOTL.ZS;26.4680642743774
MMR;2009;NV.IND.TOTL.ZS;24.5320050982062
MMR;2008;NV.IND.TOTL.ZS;22.6658154224732
MMR;2007;NV.IND.TOTL.ZS;20.4091296662276
MMR;2006;NV.IND.TOTL.ZS;19.2372930203744
MMR;2005;NV.IND.TOTL.ZS;17.512204636055
MMR;2004;NV.IND.TOTL.ZS;16.3663619555986
MMR;2003;NV.IND.TOTL.ZS;14.2582573952557
MMR;2002;NV.IND.TOTL.ZS;13.0068954922166
MMR;2001;NV.IND.TOTL.ZS;10.5804943321805
MMR;2000;NV.IND.TOTL.ZS;9.69226113586128
MMR;1999;NV.IND.TOTL.ZS;
MMR;1998;NV.IND.TOTL.ZS;
MMR;1997;NV.IND.TOTL.ZS;
MMR;1996;NV.IND.TOTL.ZS;
MMR;1995;NV.IND.TOTL.ZS;
MMR;1994;NV.IND.TOTL.ZS;
MMR;1993;NV.IND.TOTL.ZS;
MMR;1992;NV.IND.TOTL.ZS;
MMR;1991;NV.IND.TOTL.ZS;
MMR;1990;NV.IND.TOTL.ZS;
MNE;2024;NV.IND.TOTL.ZS;11.6497385401079
MNE;2023;NV.IND.TOTL.ZS;12.4766805746728
MNE;2022;NV.IND.TOTL.ZS;12.9653049670004
MNE;2021;NV.IND.TOTL.ZS;14.8354952739754
MNE;2020;NV.IND.TOTL.ZS;17.2946800578084
MNE;2019;NV.IND.TOTL.ZS;16.1294414526219
MNE;2018;NV.IND.TOTL.ZS;15.9341257910459
MNE;2017;NV.IND.TOTL.ZS;14.8613741835193
MNE;2016;NV.IND.TOTL.ZS;15.6549814868251
MNE;2015;NV.IND.TOTL.ZS;14.3534622406494
MNE;2014;NV.IND.TOTL.ZS;14.3036482604292
MNE;2013;NV.IND.TOTL.ZS;15.457247193367
MNE;2012;NV.IND.TOTL.ZS;14.8905052590353
MNE;2011;NV.IND.TOTL.ZS;15.0942130574761
MNE;2010;NV.IND.TOTL.ZS;17.1484021260188
MNE;2009;NV.IND.TOTL.ZS;17.3487567662897
MNE;2008;NV.IND.TOTL.ZS;17.694787409146
MNE;2007;NV.IND.TOTL.ZS;17.0029838668892
MNE;2006;NV.IND.TOTL.ZS;17.6826544999168
MNE;2005;NV.IND.TOTL.ZS;17.341544930727
MNE;2004;NV.IND.TOTL.ZS;18.9729443885822
MNE;2003;NV.IND.TOTL.ZS;19.3294873017387
MNE;2002;NV.IND.TOTL.ZS;21.5953506185527
MNE;2001;NV.IND.TOTL.ZS;22.3143207912841
MNE;2000;NV.IND.TOTL.ZS;21.2590046532839
MNE;1999;NV.IND.TOTL.ZS;
MNE;1998;NV.IND.TOTL.ZS;
MNE;1997;NV.IND.TOTL.ZS;
MNE;1996;NV.IND.TOTL.ZS;
MNE;1995;NV.IND.TOTL.ZS;
MNE;1994;NV.IND.TOTL.ZS;
MNE;1993;NV.IND.TOTL.ZS;
MNE;1992;NV.IND.TOTL.ZS;
MNE;1991;NV.IND.TOTL.ZS;
MNE;1990;NV.IND.TOTL.ZS;
MNG;2024;NV.IND.TOTL.ZS;38.0678890225643
MNG;2023;NV.IND.TOTL.ZS;39.5354090088486
MNG;2022;NV.IND.TOTL.ZS;35.3122175669446
MNG;2021;NV.IND.TOTL.ZS;37.0755721187771
MNG;2020;NV.IND.TOTL.ZS;37.0496708511527
MNG;2019;NV.IND.TOTL.ZS;38.0926977643653
MNG;2018;NV.IND.TOTL.ZS;37.975670332755
MNG;2017;NV.IND.TOTL.ZS;37.4184116118863
MNG;2016;NV.IND.TOTL.ZS;33.1780715301999
MNG;2015;NV.IND.TOTL.ZS;31.5158775834209
MNG;2014;NV.IND.TOTL.ZS;31.4976232744188
MNG;2013;NV.IND.TOTL.ZS;30.5068923847448
MNG;2012;NV.IND.TOTL.ZS;30.7715931133163
MNG;2011;NV.IND.TOTL.ZS;31.3337485626924
MNG;2010;NV.IND.TOTL.ZS;33.1942474892146
MNG;2009;NV.IND.TOTL.ZS;30.0565585316106
MNG;2008;NV.IND.TOTL.ZS;30.8510356631246
MNG;2007;NV.IND.TOTL.ZS;37.7347758580465
MNG;2006;NV.IND.TOTL.ZS;38.6926063353314
MNG;2005;NV.IND.TOTL.ZS;32.496500599666
MNG;2004;NV.IND.TOTL.ZS;28.3334403733025
MNG;2003;NV.IND.TOTL.ZS;25.2199551531292
MNG;2002;NV.IND.TOTL.ZS;22.4846271364412
MNG;2001;NV.IND.TOTL.ZS;21.9418832214059
MNG;2000;NV.IND.TOTL.ZS;22.1961421557269
MNG;1999;NV.IND.TOTL.ZS;22.3042457388502
MNG;1998;NV.IND.TOTL.ZS;22.6048360041451
MNG;1997;NV.IND.TOTL.ZS;28.5247780897138
MNG;1996;NV.IND.TOTL.ZS;23.6539827816913
MNG;1995;NV.IND.TOTL.ZS;32.8445985623923
MNG;1994;NV.IND.TOTL.ZS;31.4217694536983
MNG;1993;NV.IND.TOTL.ZS;30.0421311198347
MNG;1992;NV.IND.TOTL.ZS;34.6914746638629
MNG;1991;NV.IND.TOTL.ZS;34.3366921962739
MNG;1990;NV.IND.TOTL.ZS;41.214220170227
KIR;2024;NV.SRV.TOTL.ZS;
KIR;2023;NV.SRV.TOTL.ZS;
KIR;2022;NV.SRV.TOTL.ZS;65.6891354007431
KIR;2021;NV.SRV.TOTL.ZS;65.2745182641142
KIR;2020;NV.SRV.TOTL.ZS;67.449589715659
KIR;2019;NV.SRV.TOTL.ZS;66.9541704711102
KIR;2018;NV.SRV.TOTL.ZS;62.6799735968867
KIR;2017;NV.SRV.TOTL.ZS;61.8481019013483
KIR;2016;NV.SRV.TOTL.ZS;60.689938986849
KIR;2015;NV.SRV.TOTL.ZS;60.125741814742
KIR;2014;NV.SRV.TOTL.ZS;60.4057854650475
KIR;2013;NV.SRV.TOTL.ZS;60.4059599495601
KIR;2012;NV.SRV.TOTL.ZS;60.3834589738113
KIR;2011;NV.SRV.TOTL.ZS;60.6301628858578
KIR;2010;NV.SRV.TOTL.ZS;62.8655142591032
KIR;2009;NV.SRV.TOTL.ZS;61.4868981310704
KIR;2008;NV.SRV.TOTL.ZS;63.0035116947136
KIR;2007;NV.SRV.TOTL.ZS;62.2164601031848
KIR;2006;NV.SRV.TOTL.ZS;65.8063992846336
KIR;2005;NV.SRV.TOTL.ZS;64.8679455287878
KIR;2004;NV.SRV.TOTL.ZS;63.4678621644728
KIR;2003;NV.SRV.TOTL.ZS;60.053878015961
KIR;2002;NV.SRV.TOTL.ZS;60.5976704358774
KIR;2001;NV.SRV.TOTL.ZS;60.5801527203968
KIR;2000;NV.SRV.TOTL.ZS;58.1471537686996
KIR;1999;NV.SRV.TOTL.ZS;58.7631197105007
KIR;1998;NV.SRV.TOTL.ZS;56.6565747209339
KIR;1997;NV.SRV.TOTL.ZS;55.7871593454844
KIR;1996;NV.SRV.TOTL.ZS;55.5650024449831
KIR;1995;NV.SRV.TOTL.ZS;52.9135886784787
KIR;1994;NV.SRV.TOTL.ZS;52.0316196914354
KIR;1993;NV.SRV.TOTL.ZS;49.8051786266304
KIR;1992;NV.SRV.TOTL.ZS;49.9339540616461
KIR;1991;NV.SRV.TOTL.ZS;71.7127366053471
KIR;1990;NV.SRV.TOTL.ZS;72.3084624562701
KNA;2024;NV.SRV.TOTL.ZS;65.4657574200358
KNA;2023;NV.SRV.TOTL.ZS;65.2481573514929
KNA;2022;NV.SRV.TOTL.ZS;65.1359715247628
KNA;2021;NV.SRV.TOTL.ZS;64.8584295253377
KNA;2020;NV.SRV.TOTL.ZS;64.1840450182059
KNA;2019;NV.SRV.TOTL.ZS;62.8364441145891
KNA;2018;NV.SRV.TOTL.ZS;63.3502827968679
KNA;2017;NV.SRV.TOTL.ZS;61.9232332576458
KNA;2016;NV.SRV.TOTL.ZS;62.8492390772547
KNA;2015;NV.SRV.TOTL.ZS;63.8719288063455
KNA;2014;NV.SRV.TOTL.ZS;64.7753530166881
KNA;2013;NV.SRV.TOTL.ZS;67.0665910014907
KNA;2012;NV.SRV.TOTL.ZS;67.6537697967103
KNA;2011;NV.SRV.TOTL.ZS;64.8931316308224
KNA;2010;NV.SRV.TOTL.ZS;65.8023152948339
KNA;2009;NV.SRV.TOTL.ZS;65.7275153788017
KNA;2008;NV.SRV.TOTL.ZS;65.0976059282683
KNA;2007;NV.SRV.TOTL.ZS;64.1501931684461
KNA;2006;NV.SRV.TOTL.ZS;62.4362039634006
KNA;2005;NV.SRV.TOTL.ZS;68.8226335916613
KNA;2004;NV.SRV.TOTL.ZS;67.946778895684
KNA;2003;NV.SRV.TOTL.ZS;65.906831415992
KNA;2002;NV.SRV.TOTL.ZS;63.8365918881636
KNA;2001;NV.SRV.TOTL.ZS;63.4475790154393
KNA;2000;NV.SRV.TOTL.ZS;66.9353987902659
KNA;1999;NV.SRV.TOTL.ZS;66.0466303763073
KNA;1998;NV.SRV.TOTL.ZS;67.2748026621266
KNA;1997;NV.SRV.TOTL.ZS;67.8996952064284
KNA;1996;NV.SRV.TOTL.ZS;67.5483835191039
KNA;1995;NV.SRV.TOTL.ZS;67.3645160146974
KNA;1994;NV.SRV.TOTL.ZS;70.4616465687074
KNA;1993;NV.SRV.TOTL.ZS;67.7240430252479
KNA;1992;NV.SRV.TOTL.ZS;67.268305367331
KNA;1991;NV.SRV.TOTL.ZS;67.4755651093272
KNA;1990;NV.SRV.TOTL.ZS;62.3525400613706
KOR;2024;NV.SRV.TOTL.ZS;
KOR;2023;NV.SRV.TOTL.ZS;58.4222699929626
KOR;2022;NV.SRV.TOTL.ZS;58.0340154907042
KOR;2021;NV.SRV.TOTL.ZS;56.8218994485382
KOR;2020;NV.SRV.TOTL.ZS;57.0075212052066
KOR;2019;NV.SRV.TOTL.ZS;57.2421505638275
KOR;2018;NV.SRV.TOTL.ZS;55.6916932454589
KOR;2017;NV.SRV.TOTL.ZS;54.8477903393924
KOR;2016;NV.SRV.TOTL.ZS;55.3586393130986
KOR;2015;NV.SRV.TOTL.ZS;55.5765055725491
KOR;2014;NV.SRV.TOTL.ZS;55.6449944715975
KOR;2013;NV.SRV.TOTL.ZS;55.2136030251747
KOR;2012;NV.SRV.TOTL.ZS;55.0732047534656
KOR;2011;NV.SRV.TOTL.ZS;54.6498502596086
KOR;2010;NV.SRV.TOTL.ZS;54.6983573101453
KOR;2009;NV.SRV.TOTL.ZS;55.9985720302947
KOR;2008;NV.SRV.TOTL.ZS;56.1872404353949
KOR;2007;NV.SRV.TOTL.ZS;55.0786933394466
KOR;2006;NV.SRV.TOTL.ZS;54.6991825290634
KOR;2005;NV.SRV.TOTL.ZS;53.878916427611
KOR;2004;NV.SRV.TOTL.ZS;53.0969821645741
KOR;2003;NV.SRV.TOTL.ZS;53.8712747726499
KOR;2002;NV.SRV.TOTL.ZS;53.607233364677
KOR;2001;NV.SRV.TOTL.ZS;53.0839452785934
KOR;2000;NV.SRV.TOTL.ZS;51.6184381917222
KOR;1999;NV.SRV.TOTL.ZS;51.6503593692145
KOR;1998;NV.SRV.TOTL.ZS;52.1970986306607
KOR;1997;NV.SRV.TOTL.ZS;50.7585399162881
KOR;1996;NV.SRV.TOTL.ZS;50.278485788658
KOR;1995;NV.SRV.TOTL.ZS;49.2605531308812
KOR;1994;NV.SRV.TOTL.ZS;49.1551796622437
KOR;1993;NV.SRV.TOTL.ZS;49.1222670888152
KOR;1992;NV.SRV.TOTL.ZS;48.5084355165078
KOR;1991;NV.SRV.TOTL.ZS;47.1486231298027
KOR;1990;NV.SRV.TOTL.ZS;46.4865209851403
KWT;2024;NV.SRV.TOTL.ZS;55.8543353799933
KWT;2023;NV.SRV.TOTL.ZS;52.0739011354275
KWT;2022;NV.SRV.TOTL.ZS;44.8209804495044
KWT;2021;NV.SRV.TOTL.ZS;53.4880692005525
KWT;2020;NV.SRV.TOTL.ZS;66.9624899364062
KWT;2019;NV.SRV.TOTL.ZS;54.6024843008685
KWT;2018;NV.SRV.TOTL.ZS;51.751277338386
KWT;2017;NV.SRV.TOTL.ZS;56.7891464106888
KWT;2016;NV.SRV.TOTL.ZS;60.7104350438342
KWT;2015;NV.SRV.TOTL.ZS;58.4383547303547
KWT;2014;NV.SRV.TOTL.ZS;42.1708385667925
KWT;2013;NV.SRV.TOTL.ZS;38.1405372349419
KWT;2012;NV.SRV.TOTL.ZS;36.7804755960167
KWT;2011;NV.SRV.TOTL.ZS;38.8294818268996
KWT;2010;NV.SRV.TOTL.ZS;47.0401906495319
KWT;2009;NV.SRV.TOTL.ZS;
KWT;2008;NV.SRV.TOTL.ZS;
KWT;2007;NV.SRV.TOTL.ZS;
KWT;2006;NV.SRV.TOTL.ZS;
KWT;2005;NV.SRV.TOTL.ZS;
KWT;2004;NV.SRV.TOTL.ZS;
KWT;2003;NV.SRV.TOTL.ZS;
KWT;2002;NV.SRV.TOTL.ZS;
KWT;2001;NV.SRV.TOTL.ZS;
KWT;2000;NV.SRV.TOTL.ZS;
KWT;1999;NV.SRV.TOTL.ZS;
KWT;1998;NV.SRV.TOTL.ZS;
KWT;1997;NV.SRV.TOTL.ZS;
KWT;1996;NV.SRV.TOTL.ZS;
KWT;1995;NV.SRV.TOTL.ZS;
KWT;1994;NV.SRV.TOTL.ZS;
KWT;1993;NV.SRV.TOTL.ZS;
KWT;1992;NV.SRV.TOTL.ZS;
KWT;1991;NV.SRV.TOTL.ZS;
KWT;1990;NV.SRV.TOTL.ZS;
LAO;2024;NV.SRV.TOTL.ZS;43.534650358474
LAO;2023;NV.SRV.TOTL.ZS;43.9974165114598
LAO;2022;NV.SRV.TOTL.ZS;40.2787651580097
LAO;2021;NV.SRV.TOTL.ZS;38.8487055906363
LAO;2020;NV.SRV.TOTL.ZS;41.0498993391489
LAO;2019;NV.SRV.TOTL.ZS;41.5143522873285
LAO;2018;NV.SRV.TOTL.ZS;41.60838243206
LAO;2017;NV.SRV.TOTL.ZS;41.5278261302034
LAO;2016;NV.SRV.TOTL.ZS;42.4771231213113
LAO;2015;NV.SRV.TOTL.ZS;44.1689693992427
LAO;2014;NV.SRV.TOTL.ZS;44.1576786053302
LAO;2013;NV.SRV.TOTL.ZS;42.4921486144815
LAO;2012;NV.SRV.TOTL.ZS;40.1523222378494
LAO;2011;NV.SRV.TOTL.ZS;41.7741927844051
LAO;2010;NV.SRV.TOTL.ZS;43.5714766178165
LAO;2009;NV.SRV.TOTL.ZS;45.6988801729367
LAO;2008;NV.SRV.TOTL.ZS;44.1080874597489
LAO;2007;NV.SRV.TOTL.ZS;41.6699062812217
LAO;2006;NV.SRV.TOTL.ZS;38.1438717266097
LAO;2005;NV.SRV.TOTL.ZS;43.3904134909633
LAO;2004;NV.SRV.TOTL.ZS;44.0601141074548
LAO;2003;NV.SRV.TOTL.ZS;41.9337781300384
LAO;2002;NV.SRV.TOTL.ZS;42.0529397212505
LAO;2001;NV.SRV.TOTL.ZS;41.8364260116675
LAO;2000;NV.SRV.TOTL.ZS;42.2317010822793
LAO;1999;NV.SRV.TOTL.ZS;40.5263320223378
LAO;1998;NV.SRV.TOTL.ZS;43.5732043382803
LAO;1997;NV.SRV.TOTL.ZS;55.7018926222061
LAO;1996;NV.SRV.TOTL.ZS;40.7308550781604
LAO;1995;NV.SRV.TOTL.ZS;40.8606940096723
LAO;1994;NV.SRV.TOTL.ZS;39.0641252752297
LAO;1993;NV.SRV.TOTL.ZS;41.1036244824444
LAO;1992;NV.SRV.TOTL.ZS;42.9236362098356
LAO;1991;NV.SRV.TOTL.ZS;42.5262017413489
LAO;1990;NV.SRV.TOTL.ZS;40.2499096767041
LBN;2024;NV.SRV.TOTL.ZS;
LBN;2023;NV.SRV.TOTL.ZS;42.3804623372256
LBN;2022;NV.SRV.TOTL.ZS;88.6220737442903
LBN;2021;NV.SRV.TOTL.ZS;94.1483347283905
LBN;2020;NV.SRV.TOTL.ZS;87.4214492992388
LBN;2019;NV.SRV.TOTL.ZS;79.3126428766445
LBN;2018;NV.SRV.TOTL.ZS;76.9908055119369
LBN;2017;NV.SRV.TOTL.ZS;75.4187807415965
LBN;2016;NV.SRV.TOTL.ZS;74.20253290968
LBN;2015;NV.SRV.TOTL.ZS;73.8065438599639
LBN;2014;NV.SRV.TOTL.ZS;73.7326618919194
LBN;2013;NV.SRV.TOTL.ZS;72.0828493278447
LBN;2012;NV.SRV.TOTL.ZS;72.9665422887919
LBN;2011;NV.SRV.TOTL.ZS;73.5399992816103
LBN;2010;NV.SRV.TOTL.ZS;71.8617767348569
LBN;2009;NV.SRV.TOTL.ZS;69.1877288219295
LBN;2008;NV.SRV.TOTL.ZS;72.4380677565016
LBN;2007;NV.SRV.TOTL.ZS;70.7510991777324
LBN;2006;NV.SRV.TOTL.ZS;72.7943057979431
LBN;2005;NV.SRV.TOTL.ZS;71.1421422568266
LBN;2004;NV.SRV.TOTL.ZS;69.0739947560555
LBN;2003;NV.SRV.TOTL.ZS;59.5805119735756
LBN;2002;NV.SRV.TOTL.ZS;60.1620947630923
LBN;2001;NV.SRV.TOTL.ZS;61.4424775435036
LBN;2000;NV.SRV.TOTL.ZS;61.52190622598
LBN;1999;NV.SRV.TOTL.ZS;59.058841475041
LBN;1998;NV.SRV.TOTL.ZS;58.3272782898008
LBN;1997;NV.SRV.TOTL.ZS;60.6103092783505
LBN;1996;NV.SRV.TOTL.ZS;61.2359257757386
LBN;1995;NV.SRV.TOTL.ZS;60.4060195644658
LBN;1994;NV.SRV.TOTL.ZS;61.8886464366007
LBN;1993;NV.SRV.TOTL.ZS;
LBN;1992;NV.SRV.TOTL.ZS;
LBN;1991;NV.SRV.TOTL.ZS;
LBN;1990;NV.SRV.TOTL.ZS;
LBR;2024;NV.SRV.TOTL.ZS;42.0842105263158
LBR;2023;NV.SRV.TOTL.ZS;35.0341685649203
LBR;2022;NV.SRV.TOTL.ZS;37.3426880514025
LBR;2021;NV.SRV.TOTL.ZS;37.6880542104516
LBR;2020;NV.SRV.TOTL.ZS;39.8206677108527
LBR;2019;NV.SRV.TOTL.ZS;41.3512545877187
LBR;2018;NV.SRV.TOTL.ZS;42.9373526844517
LBR;2017;NV.SRV.TOTL.ZS;44.2886245963006
LBR;2016;NV.SRV.TOTL.ZS;46.0395120131722
LBR;2015;NV.SRV.TOTL.ZS;44.5122901827187
LBR;2014;NV.SRV.TOTL.ZS;40.7273599259933
LBR;2013;NV.SRV.TOTL.ZS;36.7766177374964
LBR;2012;NV.SRV.TOTL.ZS;34.5571020921947
LBR;2011;NV.SRV.TOTL.ZS;47.4000417014178
LBR;2010;NV.SRV.TOTL.ZS;50.1995995995996
LBR;2009;NV.SRV.TOTL.ZS;36.9545135746606
LBR;2008;NV.SRV.TOTL.ZS;27.7257821552723
LBR;2007;NV.SRV.TOTL.ZS;28.4765404224326
LBR;2006;NV.SRV.TOTL.ZS;30.2998033958892
LBR;2005;NV.SRV.TOTL.ZS;26.7272602739726
LBR;2004;NV.SRV.TOTL.ZS;27.1750501672241
LBR;2003;NV.SRV.TOTL.ZS;23.7980748663102
LBR;2002;NV.SRV.TOTL.ZS;17.8637108953614
LBR;2001;NV.SRV.TOTL.ZS;19.3857947019868
LBR;2000;NV.SRV.TOTL.ZS;19.6801945080092
LBR;1999;NV.SRV.TOTL.ZS;
LBR;1998;NV.SRV.TOTL.ZS;
LBR;1997;NV.SRV.TOTL.ZS;
LBR;1996;NV.SRV.TOTL.ZS;
LBR;1995;NV.SRV.TOTL.ZS;
LBR;1994;NV.SRV.TOTL.ZS;
LBR;1993;NV.SRV.TOTL.ZS;
LBR;1992;NV.SRV.TOTL.ZS;
LBR;1991;NV.SRV.TOTL.ZS;
LBR;1990;NV.SRV.TOTL.ZS;
LBY;2024;NV.SRV.TOTL.ZS;34.3458933013602
LBY;2023;NV.SRV.TOTL.ZS;25.4210834669468
LBY;2022;NV.SRV.TOTL.ZS;26.5756015796149
LBY;2021;NV.SRV.TOTL.ZS;32.2272169143777
LBY;2020;NV.SRV.TOTL.ZS;88.3298040421117
LBY;2019;NV.SRV.TOTL.ZS;56.1374562146309
LBY;2018;NV.SRV.TOTL.ZS;52.9941083689439
LBY;2017;NV.SRV.TOTL.ZS;64.0663893322394
LBY;2016;NV.SRV.TOTL.ZS;77.8397088024993
LBY;2015;NV.SRV.TOTL.ZS;72.4462059977024
LBY;2014;NV.SRV.TOTL.ZS;67.8416782304827
LBY;2013;NV.SRV.TOTL.ZS;49.5688944454069
LBY;2012;NV.SRV.TOTL.ZS;38.0498684426903
LBY;2011;NV.SRV.TOTL.ZS;60.4271917105475
LBY;2010;NV.SRV.TOTL.ZS;32.1610487205157
LBY;2009;NV.SRV.TOTL.ZS;33.6406666526731
LBY;2008;NV.SRV.TOTL.ZS;22.6422296787815
LBY;2007;NV.SRV.TOTL.ZS;24.5170340448071
LBY;2006;NV.SRV.TOTL.ZS;21.4916497863516
LBY;2005;NV.SRV.TOTL.ZS;
LBY;2004;NV.SRV.TOTL.ZS;
LBY;2003;NV.SRV.TOTL.ZS;
LBY;2002;NV.SRV.TOTL.ZS;
LBY;2001;NV.SRV.TOTL.ZS;
LBY;2000;NV.SRV.TOTL.ZS;
LBY;1999;NV.SRV.TOTL.ZS;
LBY;1998;NV.SRV.TOTL.ZS;
LBY;1997;NV.SRV.TOTL.ZS;
LBY;1996;NV.SRV.TOTL.ZS;
LBY;1995;NV.SRV.TOTL.ZS;
LBY;1994;NV.SRV.TOTL.ZS;
LBY;1993;NV.SRV.TOTL.ZS;
LBY;1992;NV.SRV.TOTL.ZS;
LBY;1991;NV.SRV.TOTL.ZS;
LBY;1990;NV.SRV.TOTL.ZS;
LCA;2024;NV.SRV.TOTL.ZS;75.898187714585
LCA;2023;NV.SRV.TOTL.ZS;76.2502190826723
LCA;2022;NV.SRV.TOTL.ZS;77.5848848992859
LCA;2021;NV.SRV.TOTL.ZS;74.2809537033364
LCA;2020;NV.SRV.TOTL.ZS;70.4066659420362
LCA;2019;NV.SRV.TOTL.ZS;76.099394954953
LCA;2018;NV.SRV.TOTL.ZS;75.463197581848
LCA;2017;NV.SRV.TOTL.ZS;74.8904736135924
LCA;2016;NV.SRV.TOTL.ZS;73.7632976351171
LCA;2015;NV.SRV.TOTL.ZS;73.9894234965568
LCA;2014;NV.SRV.TOTL.ZS;75.1996696874735
LCA;2013;NV.SRV.TOTL.ZS;75.2064438129313
LCA;2012;NV.SRV.TOTL.ZS;76.0388954291382
LCA;2011;NV.SRV.TOTL.ZS;75.6520096349124
LCA;2010;NV.SRV.TOTL.ZS;74.0905547615954
LCA;2009;NV.SRV.TOTL.ZS;70.8763072196869
LCA;2008;NV.SRV.TOTL.ZS;69.7650567741251
LCA;2007;NV.SRV.TOTL.ZS;71.7690590429257
LCA;2006;NV.SRV.TOTL.ZS;69.7136291606465
LCA;2005;NV.SRV.TOTL.ZS;
LCA;2004;NV.SRV.TOTL.ZS;
LCA;2003;NV.SRV.TOTL.ZS;
LCA;2002;NV.SRV.TOTL.ZS;
LCA;2001;NV.SRV.TOTL.ZS;
LCA;2000;NV.SRV.TOTL.ZS;
LCA;1999;NV.SRV.TOTL.ZS;
LCA;1998;NV.SRV.TOTL.ZS;
LCA;1997;NV.SRV.TOTL.ZS;
LCA;1996;NV.SRV.TOTL.ZS;
LCA;1995;NV.SRV.TOTL.ZS;
LCA;1994;NV.SRV.TOTL.ZS;
LCA;1993;NV.SRV.TOTL.ZS;
LCA;1992;NV.SRV.TOTL.ZS;
LCA;1991;NV.SRV.TOTL.ZS;
LCA;1990;NV.SRV.TOTL.ZS;
LIE;2024;NV.SRV.TOTL.ZS;
LIE;2023;NV.SRV.TOTL.ZS;
LIE;2022;NV.SRV.TOTL.ZS;55.5848911978878
LIE;2021;NV.SRV.TOTL.ZS;55.1051736298386
LIE;2020;NV.SRV.TOTL.ZS;56.1414010408873
LIE;2019;NV.SRV.TOTL.ZS;52.1559001938591
LIE;2018;NV.SRV.TOTL.ZS;54.1408183846224
LIE;2017;NV.SRV.TOTL.ZS;51.5779897101267
LIE;2016;NV.SRV.TOTL.ZS;54.6581627672383
LIE;2015;NV.SRV.TOTL.ZS;
LIE;2014;NV.SRV.TOTL.ZS;
LIE;2013;NV.SRV.TOTL.ZS;
LIE;2012;NV.SRV.TOTL.ZS;
LIE;2011;NV.SRV.TOTL.ZS;
LIE;2010;NV.SRV.TOTL.ZS;
LIE;2009;NV.SRV.TOTL.ZS;
LIE;2008;NV.SRV.TOTL.ZS;
LIE;2007;NV.SRV.TOTL.ZS;
LIE;2006;NV.SRV.TOTL.ZS;
LIE;2005;NV.SRV.TOTL.ZS;
LIE;2004;NV.SRV.TOTL.ZS;
LIE;2003;NV.SRV.TOTL.ZS;
LIE;2002;NV.SRV.TOTL.ZS;
LIE;2001;NV.SRV.TOTL.ZS;
LIE;2000;NV.SRV.TOTL.ZS;
LIE;1999;NV.SRV.TOTL.ZS;
LIE;1998;NV.SRV.TOTL.ZS;
LIE;1997;NV.SRV.TOTL.ZS;
LIE;1996;NV.SRV.TOTL.ZS;
LIE;1995;NV.SRV.TOTL.ZS;
LIE;1994;NV.SRV.TOTL.ZS;
LIE;1993;NV.SRV.TOTL.ZS;
LIE;1992;NV.SRV.TOTL.ZS;
LIE;1991;NV.SRV.TOTL.ZS;
LIE;1990;NV.SRV.TOTL.ZS;
LKA;2024;NV.SRV.TOTL.ZS;57.4695113471552
LKA;2023;NV.SRV.TOTL.ZS;59.8415064855768
LKA;2022;NV.SRV.TOTL.ZS;57.0665321893625
LKA;2021;NV.SRV.TOTL.ZS;55.8743853501457
LKA;2020;NV.SRV.TOTL.ZS;57.8323873797115
LKA;2019;NV.SRV.TOTL.ZS;55.7458586321945
LKA;2018;NV.SRV.TOTL.ZS;53.6373194378959
LKA;2017;NV.SRV.TOTL.ZS;52.2395328655965
LKA;2016;NV.SRV.TOTL.ZS;53.4181636951136
LKA;2015;NV.SRV.TOTL.ZS;54.2106196152554
LKA;2014;NV.SRV.TOTL.ZS;54.6273859128379
LKA;2013;NV.SRV.TOTL.ZS;54.515555670243
LKA;2012;NV.SRV.TOTL.ZS;54.204493062591
LKA;2011;NV.SRV.TOTL.ZS;53.3645298044492
LKA;2010;NV.SRV.TOTL.ZS;53.0103501848071
LKA;2009;NV.SRV.TOTL.ZS;57.6365899646619
LKA;2008;NV.SRV.TOTL.ZS;57.2496044829348
LKA;2007;NV.SRV.TOTL.ZS;58.3970158896221
LKA;2006;NV.SRV.TOTL.ZS;58.0214245851879
LKA;2005;NV.SRV.TOTL.ZS;57.9924347129097
LKA;2004;NV.SRV.TOTL.ZS;58.8380943362025
LKA;2003;NV.SRV.TOTL.ZS;58.3448927498315
LKA;2002;NV.SRV.TOTL.ZS;57.7100640122386
LKA;2001;NV.SRV.TOTL.ZS;53.1127923586647
LKA;2000;NV.SRV.TOTL.ZS;52.7545992799188
LKA;1999;NV.SRV.TOTL.ZS;51.9101852955298
LKA;1998;NV.SRV.TOTL.ZS;51.2187945315554
LKA;1997;NV.SRV.TOTL.ZS;51.0577367703354
LKA;1996;NV.SRV.TOTL.ZS;50.8867091682636
LKA;1995;NV.SRV.TOTL.ZS;50.1758980310645
LKA;1994;NV.SRV.TOTL.ZS;49.621989227815
LKA;1993;NV.SRV.TOTL.ZS;49.2697504028505
LKA;1992;NV.SRV.TOTL.ZS;47.9880972669963
LKA;1991;NV.SRV.TOTL.ZS;47.0164249822074
LKA;1990;NV.SRV.TOTL.ZS;46.9874039169132
LSO;2024;NV.SRV.TOTL.ZS;48.0242383057863
LSO;2023;NV.SRV.TOTL.ZS;50.5669279393639
LSO;2022;NV.SRV.TOTL.ZS;50.0652656712258
LSO;2021;NV.SRV.TOTL.ZS;49.8035050592636
LSO;2020;NV.SRV.TOTL.ZS;51.863700219612
LSO;2019;NV.SRV.TOTL.ZS;52.6027998539373
LSO;2018;NV.SRV.TOTL.ZS;52.4296644724323
LSO;2017;NV.SRV.TOTL.ZS;54.5137388790934
LSO;2016;NV.SRV.TOTL.ZS;53.3450312980122
LSO;2015;NV.SRV.TOTL.ZS;51.5336434103419
LSO;2014;NV.SRV.TOTL.ZS;53.0682808394329
LSO;2013;NV.SRV.TOTL.ZS;54.8845910948592
LSO;2012;NV.SRV.TOTL.ZS;52.8520996716815
LSO;2011;NV.SRV.TOTL.ZS;51.8923641324372
LSO;2010;NV.SRV.TOTL.ZS;53.84333484589
LSO;2009;NV.SRV.TOTL.ZS;53.8868003720555
LSO;2008;NV.SRV.TOTL.ZS;48.1946196438854
LSO;2007;NV.SRV.TOTL.ZS;48.7741435228289
LSO;2006;NV.SRV.TOTL.ZS;47.453282212477
LSO;2005;NV.SRV.TOTL.ZS;48.8777892583314
LSO;2004;NV.SRV.TOTL.ZS;48.7010986075853
LSO;2003;NV.SRV.TOTL.ZS;49.2361832841348
LSO;2002;NV.SRV.TOTL.ZS;49.1061150518713
LSO;2001;NV.SRV.TOTL.ZS;48.2710293560451
LSO;2000;NV.SRV.TOTL.ZS;51.3188103835103
LSO;1999;NV.SRV.TOTL.ZS;53.3081821781616
LSO;1998;NV.SRV.TOTL.ZS;55.0608240675086
LSO;1997;NV.SRV.TOTL.ZS;56.4248989679992
LSO;1996;NV.SRV.TOTL.ZS;54.6273788631412
LSO;1995;NV.SRV.TOTL.ZS;53.2021711773127
LSO;1994;NV.SRV.TOTL.ZS;53.9550866850151
LSO;1993;NV.SRV.TOTL.ZS;53.4614267026742
LSO;1992;NV.SRV.TOTL.ZS;53.14690194813
LSO;1991;NV.SRV.TOTL.ZS;55.8534215396633
LSO;1990;NV.SRV.TOTL.ZS;55.9228511245639
LTU;2024;NV.SRV.TOTL.ZS;63.5886178536833
LTU;2023;NV.SRV.TOTL.ZS;63.0899070350123
LTU;2022;NV.SRV.TOTL.ZS;61.0306838894474
LTU;2021;NV.SRV.TOTL.ZS;60.8775666305138
LTU;2020;NV.SRV.TOTL.ZS;61.0170094436429
LTU;2019;NV.SRV.TOTL.ZS;61.179068325455
LTU;2018;NV.SRV.TOTL.ZS;61.178353815629
LTU;2017;NV.SRV.TOTL.ZS;60.2020468532002
LTU;2016;NV.SRV.TOTL.ZS;60.4983280052475
LTU;2015;NV.SRV.TOTL.ZS;59.2019719495734
LTU;2014;NV.SRV.TOTL.ZS;58.7478006463531
LTU;2013;NV.SRV.TOTL.ZS;58.9225729509242
LTU;2012;NV.SRV.TOTL.ZS;57.6622186397042
LTU;2011;NV.SRV.TOTL.ZS;57.6254914588371
LTU;2010;NV.SRV.TOTL.ZS;60.0343254564853
LTU;2009;NV.SRV.TOTL.ZS;62.3997102039979
LTU;2008;NV.SRV.TOTL.ZS;57.206064566221
LTU;2007;NV.SRV.TOTL.ZS;56.6453735171211
LTU;2006;NV.SRV.TOTL.ZS;56.480638797473
LTU;2005;NV.SRV.TOTL.ZS;56.5173523499693
LTU;2004;NV.SRV.TOTL.ZS;56.4136355802795
LTU;2003;NV.SRV.TOTL.ZS;57.2367901029329
LTU;2002;NV.SRV.TOTL.ZS;57.7970778931469
LTU;2001;NV.SRV.TOTL.ZS;56.9375008272264
LTU;2000;NV.SRV.TOTL.ZS;56.8110809259453
LTU;1999;NV.SRV.TOTL.ZS;55.2042360392253
LTU;1998;NV.SRV.TOTL.ZS;52.6986058180705
LTU;1997;NV.SRV.TOTL.ZS;51.2387114267022
LTU;1996;NV.SRV.TOTL.ZS;51.8157928283671
LTU;1995;NV.SRV.TOTL.ZS;51.21621023271
LTU;1994;NV.SRV.TOTL.ZS;
LTU;1993;NV.SRV.TOTL.ZS;
LTU;1992;NV.SRV.TOTL.ZS;
LTU;1991;NV.SRV.TOTL.ZS;
LTU;1990;NV.SRV.TOTL.ZS;
LUX;2024;NV.SRV.TOTL.ZS;81.8722555148923
LUX;2023;NV.SRV.TOTL.ZS;80.9758785935175
LUX;2022;NV.SRV.TOTL.ZS;81.1291613534756
LUX;2021;NV.SRV.TOTL.ZS;79.9504470861718
LUX;2020;NV.SRV.TOTL.ZS;79.3002230832453
LUX;2019;NV.SRV.TOTL.ZS;78.7000438836607
LUX;2018;NV.SRV.TOTL.ZS;79.3906348113495
LUX;2017;NV.SRV.TOTL.ZS;80.0810053034631
LUX;2016;NV.SRV.TOTL.ZS;79.1113386071195
LUX;2015;NV.SRV.TOTL.ZS;79.7312744577697
LUX;2014;NV.SRV.TOTL.ZS;78.2098746195357
LUX;2013;NV.SRV.TOTL.ZS;78.9577970757573
LUX;2012;NV.SRV.TOTL.ZS;78.8749543859531
LUX;2011;NV.SRV.TOTL.ZS;78.8372958017318
LUX;2010;NV.SRV.TOTL.ZS;78.9069308415746
LUX;2009;NV.SRV.TOTL.ZS;78.686285175163
LUX;2008;NV.SRV.TOTL.ZS;76.8613570571973
LUX;2007;NV.SRV.TOTL.ZS;74.5781635960329
LUX;2006;NV.SRV.TOTL.ZS;75.9521165224508
LUX;2005;NV.SRV.TOTL.ZS;73.9922867769233
LUX;2004;NV.SRV.TOTL.ZS;72.9001733879492
LUX;2003;NV.SRV.TOTL.ZS;72.8090213829589
LUX;2002;NV.SRV.TOTL.ZS;72.8571768991792
LUX;2001;NV.SRV.TOTL.ZS;72.8424114534201
LUX;2000;NV.SRV.TOTL.ZS;71.9422412581348
LUX;1999;NV.SRV.TOTL.ZS;71.4537872475534
LUX;1998;NV.SRV.TOTL.ZS;69.9176130099259
LUX;1997;NV.SRV.TOTL.ZS;70.7070177835187
LUX;1996;NV.SRV.TOTL.ZS;70.8205271334303
LUX;1995;NV.SRV.TOTL.ZS;69.4566158955568
LUX;1994;NV.SRV.TOTL.ZS;
LUX;1993;NV.SRV.TOTL.ZS;
LUX;1992;NV.SRV.TOTL.ZS;
LUX;1991;NV.SRV.TOTL.ZS;
LUX;1990;NV.SRV.TOTL.ZS;
LVA;2024;NV.SRV.TOTL.ZS;63.1019577308098
LVA;2023;NV.SRV.TOTL.ZS;62.2427278391137
LVA;2022;NV.SRV.TOTL.ZS;61.5469419046016
LVA;2021;NV.SRV.TOTL.ZS;61.6249417393174
LVA;2020;NV.SRV.TOTL.ZS;62.3876227829268
LVA;2019;NV.SRV.TOTL.ZS;63.0987194135787
LVA;2018;NV.SRV.TOTL.ZS;63.2634274962391
LVA;2017;NV.SRV.TOTL.ZS;63.4246447186638
LVA;2016;NV.SRV.TOTL.ZS;64.3727854982171
LVA;2015;NV.SRV.TOTL.ZS;64.1295120425511
LVA;2014;NV.SRV.TOTL.ZS;64.3035202598626
LVA;2013;NV.SRV.TOTL.ZS;63.5400681711989
LVA;2012;NV.SRV.TOTL.ZS;63.0435674657414
LVA;2011;NV.SRV.TOTL.ZS;62.8873750736246
LVA;2010;NV.SRV.TOTL.ZS;63.7264639687939
LVA;2009;NV.SRV.TOTL.ZS;64.869110958931
LVA;2008;NV.SRV.TOTL.ZS;63.5707018330978
LVA;2007;NV.SRV.TOTL.ZS;62.0827699537043
LVA;2006;NV.SRV.TOTL.ZS;62.6075963955879
LVA;2005;NV.SRV.TOTL.ZS;63.5485658100672
LVA;2004;NV.SRV.TOTL.ZS;62.6488857845553
LVA;2003;NV.SRV.TOTL.ZS;62.8198606308744
LVA;2002;NV.SRV.TOTL.ZS;61.8474436622843
LVA;2001;NV.SRV.TOTL.ZS;62.0136681543755
LVA;2000;NV.SRV.TOTL.ZS;60.4634903069755
LVA;1999;NV.SRV.TOTL.ZS;59.80715705472
LVA;1998;NV.SRV.TOTL.ZS;57.6330433751616
LVA;1997;NV.SRV.TOTL.ZS;54.7967878706239
LVA;1996;NV.SRV.TOTL.ZS;54.4030854264125
LVA;1995;NV.SRV.TOTL.ZS;52.8855865871782
LVA;1994;NV.SRV.TOTL.ZS;
LVA;1993;NV.SRV.TOTL.ZS;
LVA;1992;NV.SRV.TOTL.ZS;
LVA;1991;NV.SRV.TOTL.ZS;
LVA;1990;NV.SRV.TOTL.ZS;
MAC;2024;NV.SRV.TOTL.ZS;
MAC;2023;NV.SRV.TOTL.ZS;91.3870597409349
MAC;2022;NV.SRV.TOTL.ZS;91.0952619492816
MAC;2021;NV.SRV.TOTL.ZS;91.2820761033534
MAC;2020;NV.SRV.TOTL.ZS;89.0552227232542
MAC;2019;NV.SRV.TOTL.ZS;93.5893282944167
MAC;2018;NV.SRV.TOTL.ZS;94.2950707813443
MAC;2017;NV.SRV.TOTL.ZS;93.5043931341977
MAC;2016;NV.SRV.TOTL.ZS;92.8224141376019
MAC;2015;NV.SRV.TOTL.ZS;91.7218966495046
MAC;2014;NV.SRV.TOTL.ZS;94.2900601118317
MAC;2013;NV.SRV.TOTL.ZS;96.2048773616296
MAC;2012;NV.SRV.TOTL.ZS;95.577837023299
MAC;2011;NV.SRV.TOTL.ZS;96.114243936122
MAC;2010;NV.SRV.TOTL.ZS;93.9786811329354
MAC;2009;NV.SRV.TOTL.ZS;89.2563949339475
MAC;2008;NV.SRV.TOTL.ZS;84.9572163022788
MAC;2007;NV.SRV.TOTL.ZS;82.4795351630776
MAC;2006;NV.SRV.TOTL.ZS;77.9521736938512
MAC;2005;NV.SRV.TOTL.ZS;82.4390494277062
MAC;2004;NV.SRV.TOTL.ZS;82.6110889883114
MAC;2003;NV.SRV.TOTL.ZS;85.0544998261448
MAC;2002;NV.SRV.TOTL.ZS;84.951030057413
MAC;2001;NV.SRV.TOTL.ZS;81.9150094353317
MAC;2000;NV.SRV.TOTL.ZS;80.6912027074252
MAC;1999;NV.SRV.TOTL.ZS;76.6377465219385
MAC;1998;NV.SRV.TOTL.ZS;78.3011910468675
MAC;1997;NV.SRV.TOTL.ZS;81.7566984696606
MAC;1996;NV.SRV.TOTL.ZS;80.6800293839857
MAC;1995;NV.SRV.TOTL.ZS;83.6913540664743
MAC;1994;NV.SRV.TOTL.ZS;83.1664643006429
MAC;1993;NV.SRV.TOTL.ZS;83.3433020978711
MAC;1992;NV.SRV.TOTL.ZS;82.1230761377268
MAC;1991;NV.SRV.TOTL.ZS;81.4785320857389
MAC;1990;NV.SRV.TOTL.ZS;
MAF;2024;NV.SRV.TOTL.ZS;
MAF;2023;NV.SRV.TOTL.ZS;
MAF;2022;NV.SRV.TOTL.ZS;
MAF;2021;NV.SRV.TOTL.ZS;
MAF;2020;NV.SRV.TOTL.ZS;
MAF;2019;NV.SRV.TOTL.ZS;
MAF;2018;NV.SRV.TOTL.ZS;
MAF;2017;NV.SRV.TOTL.ZS;
MAF;2016;NV.SRV.TOTL.ZS;
MAF;2015;NV.SRV.TOTL.ZS;
MAF;2014;NV.SRV.TOTL.ZS;
MAF;2013;NV.SRV.TOTL.ZS;
MAF;2012;NV.SRV.TOTL.ZS;
MAF;2011;NV.SRV.TOTL.ZS;
MAF;2010;NV.SRV.TOTL.ZS;
MAF;2009;NV.SRV.TOTL.ZS;
MAF;2008;NV.SRV.TOTL.ZS;
MAF;2007;NV.SRV.TOTL.ZS;
MAF;2006;NV.SRV.TOTL.ZS;
MAF;2005;NV.SRV.TOTL.ZS;
MAF;2004;NV.SRV.TOTL.ZS;
MAF;2003;NV.SRV.TOTL.ZS;
MAF;2002;NV.SRV.TOTL.ZS;
MAF;2001;NV.SRV.TOTL.ZS;
MAF;2000;NV.SRV.TOTL.ZS;
MAF;1999;NV.SRV.TOTL.ZS;
MAF;1998;NV.SRV.TOTL.ZS;
MAF;1997;NV.SRV.TOTL.ZS;
MAF;1996;NV.SRV.TOTL.ZS;
MAF;1995;NV.SRV.TOTL.ZS;
MAF;1994;NV.SRV.TOTL.ZS;
MAF;1993;NV.SRV.TOTL.ZS;
MAF;1992;NV.SRV.TOTL.ZS;
MAF;1991;NV.SRV.TOTL.ZS;
MAF;1990;NV.SRV.TOTL.ZS;
MAR;2024;NV.SRV.TOTL.ZS;54.1475290327064
MAR;2023;NV.SRV.TOTL.ZS;54.2776955468177
MAR;2022;NV.SRV.TOTL.ZS;54.6300123707497
MAR;2021;NV.SRV.TOTL.ZS;51.7882000339975
MAR;2020;NV.SRV.TOTL.ZS;53.1903022793513
MAR;2019;NV.SRV.TOTL.ZS;53.4781212999139
MAR;2018;NV.SRV.TOTL.ZS;53.070813570865
MAR;2017;NV.SRV.TOTL.ZS;53.0987601129781
MAR;2016;NV.SRV.TOTL.ZS;53.3932404781727
MAR;2015;NV.SRV.TOTL.ZS;52.2029571874719
MAR;2014;NV.SRV.TOTL.ZS;54.7549862499925
MAR;2013;NV.SRV.TOTL.ZS;47.6140626235819
MAR;2012;NV.SRV.TOTL.ZS;49.1349653712344
MAR;2011;NV.SRV.TOTL.ZS;48.2264357061115
MAR;2010;NV.SRV.TOTL.ZS;47.166110243688
MAR;2009;NV.SRV.TOTL.ZS;47.3016732715882
MAR;2008;NV.SRV.TOTL.ZS;46.5404621172017
MAR;2007;NV.SRV.TOTL.ZS;48.6528084619907
MAR;2006;NV.SRV.TOTL.ZS;46.499023933398
MAR;2005;NV.SRV.TOTL.ZS;47.3638124036934
MAR;2004;NV.SRV.TOTL.ZS;45.6602444605801
MAR;2003;NV.SRV.TOTL.ZS;45.0015319782644
MAR;2002;NV.SRV.TOTL.ZS;45.676137521941
MAR;2001;NV.SRV.TOTL.ZS;45.6511101629935
MAR;2000;NV.SRV.TOTL.ZS;45.6643826902591
MAR;1999;NV.SRV.TOTL.ZS;44.2533919139392
MAR;1998;NV.SRV.TOTL.ZS;42.5183594548701
MAR;1997;NV.SRV.TOTL.ZS;46.6165085138162
MAR;1996;NV.SRV.TOTL.ZS;45.0430928732388
MAR;1995;NV.SRV.TOTL.ZS;48.0046353267544
MAR;1994;NV.SRV.TOTL.ZS;45.4937187047
MAR;1993;NV.SRV.TOTL.ZS;47.1056039204565
MAR;1992;NV.SRV.TOTL.ZS;46.3434551034315
MAR;1991;NV.SRV.TOTL.ZS;44.2206213617144
MAR;1990;NV.SRV.TOTL.ZS;44.9609311681798
MCO;2024;NV.SRV.TOTL.ZS;
MCO;2023;NV.SRV.TOTL.ZS;88.4823833580338
MCO;2022;NV.SRV.TOTL.ZS;87.726603726173
MCO;2021;NV.SRV.TOTL.ZS;87.4569669039488
MCO;2020;NV.SRV.TOTL.ZS;85.1038555525387
MCO;2019;NV.SRV.TOTL.ZS;86.9638389811235
MCO;2018;NV.SRV.TOTL.ZS;86.8529629325224
MCO;2017;NV.SRV.TOTL.ZS;87.1962895943501
MCO;2016;NV.SRV.TOTL.ZS;81.7474299984606
MCO;2015;NV.SRV.TOTL.ZS;82.4082601303485
MCO;2014;NV.SRV.TOTL.ZS;87.3726934495847
MCO;2013;NV.SRV.TOTL.ZS;85.9987844408428
MCO;2012;NV.SRV.TOTL.ZS;86.9859948991006
MCO;2011;NV.SRV.TOTL.ZS;87.1747976772896
MCO;2010;NV.SRV.TOTL.ZS;87.0751827702035
MCO;2009;NV.SRV.TOTL.ZS;
MCO;2008;NV.SRV.TOTL.ZS;
MCO;2007;NV.SRV.TOTL.ZS;
MCO;2006;NV.SRV.TOTL.ZS;
MCO;2005;NV.SRV.TOTL.ZS;
MCO;2004;NV.SRV.TOTL.ZS;
MCO;2003;NV.SRV.TOTL.ZS;
MCO;2002;NV.SRV.TOTL.ZS;
MCO;2001;NV.SRV.TOTL.ZS;
MCO;2000;NV.SRV.TOTL.ZS;
MCO;1999;NV.SRV.TOTL.ZS;
MCO;1998;NV.SRV.TOTL.ZS;
MCO;1997;NV.SRV.TOTL.ZS;
MCO;1996;NV.SRV.TOTL.ZS;
MCO;1995;NV.SRV.TOTL.ZS;
MCO;1994;NV.SRV.TOTL.ZS;
MCO;1993;NV.SRV.TOTL.ZS;
MCO;1992;NV.SRV.TOTL.ZS;
MCO;1991;NV.SRV.TOTL.ZS;
MCO;1990;NV.SRV.TOTL.ZS;
MDA;2024;NV.SRV.TOTL.ZS;62.265956666112
MDA;2023;NV.SRV.TOTL.ZS;61.5158191372832
MDA;2022;NV.SRV.TOTL.ZS;58.8893896635498
MDA;2021;NV.SRV.TOTL.ZS;54.641640960384
MDA;2020;NV.SRV.TOTL.ZS;54.0947225317709
MDA;2019;NV.SRV.TOTL.ZS;54.6779595310298
MDA;2018;NV.SRV.TOTL.ZS;53.9337913876541
MDA;2017;NV.SRV.TOTL.ZS;53.1080578877536
MDA;2016;NV.SRV.TOTL.ZS;53.7937240113846
MDA;2015;NV.SRV.TOTL.ZS;53.3342064591852
MDA;2014;NV.SRV.TOTL.ZS;51.5066274945247
MDA;2013;NV.SRV.TOTL.ZS;52.7992027050012
MDA;2012;NV.SRV.TOTL.ZS;54.4511648315395
MDA;2011;NV.SRV.TOTL.ZS;53.572447894711
MDA;2010;NV.SRV.TOTL.ZS;54.5367158254819
MDA;2009;NV.SRV.TOTL.ZS;60.0497721298214
MDA;2008;NV.SRV.TOTL.ZS;56.4299847430152
MDA;2007;NV.SRV.TOTL.ZS;55.9735991016283
MDA;2006;NV.SRV.TOTL.ZS;52.6490324887161
MDA;2005;NV.SRV.TOTL.ZS;50.4115505152449
MDA;2004;NV.SRV.TOTL.ZS;49.8806943056943
MDA;2003;NV.SRV.TOTL.ZS;48.5114051920779
MDA;2002;NV.SRV.TOTL.ZS;47.9359774298987
MDA;2001;NV.SRV.TOTL.ZS;45.9236688117086
MDA;2000;NV.SRV.TOTL.ZS;45.3431424262767
MDA;1999;NV.SRV.TOTL.ZS;49.499657267257
MDA;1998;NV.SRV.TOTL.ZS;43.3002419505218
MDA;1997;NV.SRV.TOTL.ZS;38.325149504176
MDA;1996;NV.SRV.TOTL.ZS;37.5048765242264
MDA;1995;NV.SRV.TOTL.ZS;33.1450380147892
MDA;1994;NV.SRV.TOTL.ZS;
MDA;1993;NV.SRV.TOTL.ZS;
MDA;1992;NV.SRV.TOTL.ZS;
MDA;1991;NV.SRV.TOTL.ZS;
MDA;1990;NV.SRV.TOTL.ZS;
MDG;2024;NV.SRV.TOTL.ZS;46.4204414578153
MDG;2023;NV.SRV.TOTL.ZS;48.4583990467388
MDG;2022;NV.SRV.TOTL.ZS;48.436608567296
MDG;2021;NV.SRV.TOTL.ZS;49.6063940347162
MDG;2020;NV.SRV.TOTL.ZS;50.3929947597023
MDG;2019;NV.SRV.TOTL.ZS;49.803398923588
MDG;2018;NV.SRV.TOTL.ZS;48.7393975825603
MDG;2017;NV.SRV.TOTL.ZS;51.0493152393528
MDG;2016;NV.SRV.TOTL.ZS;51.0107328908938
MDG;2015;NV.SRV.TOTL.ZS;50.7680550591088
MDG;2014;NV.SRV.TOTL.ZS;50.8124409881822
MDG;2013;NV.SRV.TOTL.ZS;51.5008530957731
MDG;2012;NV.SRV.TOTL.ZS;50.9548624555702
MDG;2011;NV.SRV.TOTL.ZS;49.1347880329208
MDG;2010;NV.SRV.TOTL.ZS;48.7541183093285
MDG;2009;NV.SRV.TOTL.ZS;47.015745609716
MDG;2008;NV.SRV.TOTL.ZS;47.7475305832466
MDG;2007;NV.SRV.TOTL.ZS;48.0405252639591
MDG;2006;NV.SRV.TOTL.ZS;52.4774184184697
MDG;2005;NV.SRV.TOTL.ZS;51.4124515283538
MDG;2004;NV.SRV.TOTL.ZS;50.2445789659486
MDG;2003;NV.SRV.TOTL.ZS;49.9000478604401
MDG;2002;NV.SRV.TOTL.ZS;50.2028794922736
MDG;2001;NV.SRV.TOTL.ZS;50.9264110852576
MDG;2000;NV.SRV.TOTL.ZS;48.3695987195514
MDG;1999;NV.SRV.TOTL.ZS;46.3037115948654
MDG;1998;NV.SRV.TOTL.ZS;47.6358803367286
MDG;1997;NV.SRV.TOTL.ZS;47.621535473864
MDG;1996;NV.SRV.TOTL.ZS;47.5777989361997
MDG;1995;NV.SRV.TOTL.ZS;43.5835155830029
MDG;1994;NV.SRV.TOTL.ZS;
MDG;1993;NV.SRV.TOTL.ZS;
MDG;1992;NV.SRV.TOTL.ZS;
MDG;1991;NV.SRV.TOTL.ZS;
MDG;1990;NV.SRV.TOTL.ZS;
MDV;2024;NV.SRV.TOTL.ZS;73.8350686997332
MDV;2023;NV.SRV.TOTL.ZS;70.6231179773285
MDV;2022;NV.SRV.TOTL.ZS;73.5674327949918
MDV;2021;NV.SRV.TOTL.ZS;73.1643124176986
MDV;2020;NV.SRV.TOTL.ZS;70.7879972170705
MDV;2019;NV.SRV.TOTL.ZS;71.2654681836775
MDV;2018;NV.SRV.TOTL.ZS;68.4267005423509
MDV;2017;NV.SRV.TOTL.ZS;69.493056499111
MDV;2016;NV.SRV.TOTL.ZS;69.9439456672027
MDV;2015;NV.SRV.TOTL.ZS;72.3765842983605
MDV;2014;NV.SRV.TOTL.ZS;75.4050928515842
MDV;2013;NV.SRV.TOTL.ZS;75.5762237057377
MDV;2012;NV.SRV.TOTL.ZS;75.4770285975961
MDV;2011;NV.SRV.TOTL.ZS;75.0633081053737
MDV;2010;NV.SRV.TOTL.ZS;77.6940061871214
MDV;2009;NV.SRV.TOTL.ZS;77.9264500402108
MDV;2008;NV.SRV.TOTL.ZS;72.1949375699159
MDV;2007;NV.SRV.TOTL.ZS;74.1194229137326
MDV;2006;NV.SRV.TOTL.ZS;72.9062180332711
MDV;2005;NV.SRV.TOTL.ZS;69.5749978282241
MDV;2004;NV.SRV.TOTL.ZS;73.0358467682425
MDV;2003;NV.SRV.TOTL.ZS;73.0853756394403
MDV;2002;NV.SRV.TOTL.ZS;
MDV;2001;NV.SRV.TOTL.ZS;
MDV;2000;NV.SRV.TOTL.ZS;
MDV;1999;NV.SRV.TOTL.ZS;
MDV;1998;NV.SRV.TOTL.ZS;
MDV;1997;NV.SRV.TOTL.ZS;
MDV;1996;NV.SRV.TOTL.ZS;
MDV;1995;NV.SRV.TOTL.ZS;
MDV;1994;NV.SRV.TOTL.ZS;
MDV;1993;NV.SRV.TOTL.ZS;
MDV;1992;NV.SRV.TOTL.ZS;
MDV;1991;NV.SRV.TOTL.ZS;
MDV;1990;NV.SRV.TOTL.ZS;
MEX;2024;NV.SRV.TOTL.ZS;58.1832533334969
MEX;2023;NV.SRV.TOTL.ZS;57.6632257645762
MEX;2022;NV.SRV.TOTL.ZS;58.1544410030534
MEX;2021;NV.SRV.TOTL.ZS;58.3256995168562
MEX;2020;NV.SRV.TOTL.ZS;59.1896498569628
MEX;2019;NV.SRV.TOTL.ZS;59.1556030013244
MEX;2018;NV.SRV.TOTL.ZS;59.2695792163154
MEX;2017;NV.SRV.TOTL.ZS;59.3653310295953
MEX;2016;NV.SRV.TOTL.ZS;60.0750683831772
MEX;2015;NV.SRV.TOTL.ZS;60.5061359731054
MEX;2014;NV.SRV.TOTL.ZS;60.0782705572122
MEX;2013;NV.SRV.TOTL.ZS;61.0665777173355
MEX;2012;NV.SRV.TOTL.ZS;59.9372072967354
MEX;2011;NV.SRV.TOTL.ZS;59.8866488313428
MEX;2010;NV.SRV.TOTL.ZS;60.4783490733312
MEX;2009;NV.SRV.TOTL.ZS;60.9462035533598
MEX;2008;NV.SRV.TOTL.ZS;59.6814143758064
MEX;2007;NV.SRV.TOTL.ZS;59.30336206351
MEX;2006;NV.SRV.TOTL.ZS;59.0671808446469
MEX;2005;NV.SRV.TOTL.ZS;60.0439876620724
MEX;2004;NV.SRV.TOTL.ZS;59.5869309292277
MEX;2003;NV.SRV.TOTL.ZS;60.5312030209033
MEX;2002;NV.SRV.TOTL.ZS;59.1238892484245
MEX;2001;NV.SRV.TOTL.ZS;58.7431527458543
MEX;2000;NV.SRV.TOTL.ZS;58.0223867282914
MEX;1999;NV.SRV.TOTL.ZS;57.3594574885817
MEX;1998;NV.SRV.TOTL.ZS;57.2569163541962
MEX;1997;NV.SRV.TOTL.ZS;56.7693180620841
MEX;1996;NV.SRV.TOTL.ZS;57.3630164085541
MEX;1995;NV.SRV.TOTL.ZS;58.7641712037711
MEX;1994;NV.SRV.TOTL.ZS;58.6574541554768
MEX;1993;NV.SRV.TOTL.ZS;58.2260492156437
MEX;1992;NV.SRV.TOTL.ZS;61.8075913460711
MEX;1991;NV.SRV.TOTL.ZS;60.3786860228101
MEX;1990;NV.SRV.TOTL.ZS;59.6939619136249
MHL;2024;NV.SRV.TOTL.ZS;
MHL;2023;NV.SRV.TOTL.ZS;70.4693019668338
MHL;2022;NV.SRV.TOTL.ZS;69.7106550907656
MHL;2021;NV.SRV.TOTL.ZS;64.6393588258015
MHL;2020;NV.SRV.TOTL.ZS;68.8931761786601
MHL;2019;NV.SRV.TOTL.ZS;69.792314297982
MHL;2018;NV.SRV.TOTL.ZS;72.5014545454545
MHL;2017;NV.SRV.TOTL.ZS;71.9682732802995
MHL;2016;NV.SRV.TOTL.ZS;71.6852824578791
MHL;2015;NV.SRV.TOTL.ZS;75.7413718018508
MHL;2014;NV.SRV.TOTL.ZS;70.9195698924731
MHL;2013;NV.SRV.TOTL.ZS;67.7777360515021
MHL;2012;NV.SRV.TOTL.ZS;67.2539014941893
MHL;2011;NV.SRV.TOTL.ZS;69.3441091120139
MHL;2010;NV.SRV.TOTL.ZS;71.7093109869646
MHL;2009;NV.SRV.TOTL.ZS;76.2601851851852
MHL;2008;NV.SRV.TOTL.ZS;76.7916098226466
MHL;2007;NV.SRV.TOTL.ZS;76.4588704318937
MHL;2006;NV.SRV.TOTL.ZS;77.0531424581006
MHL;2005;NV.SRV.TOTL.ZS;78.6161594202899
MHL;2004;NV.SRV.TOTL.ZS;77.9586155003762
MHL;2003;NV.SRV.TOTL.ZS;75.4520947009994
MHL;2002;NV.SRV.TOTL.ZS;72.9172476508033
MHL;2001;NV.SRV.TOTL.ZS;72.9476717255104
MHL;2000;NV.SRV.TOTL.ZS;73.9369636489505
MHL;1999;NV.SRV.TOTL.ZS;69.3767473209583
MHL;1998;NV.SRV.TOTL.ZS;71.3347271038395
MHL;1997;NV.SRV.TOTL.ZS;71.5100464395862
MHL;1996;NV.SRV.TOTL.ZS;
MHL;1995;NV.SRV.TOTL.ZS;
MHL;1994;NV.SRV.TOTL.ZS;
MHL;1993;NV.SRV.TOTL.ZS;
MHL;1992;NV.SRV.TOTL.ZS;
MHL;1991;NV.SRV.TOTL.ZS;
MHL;1990;NV.SRV.TOTL.ZS;
MKD;2024;NV.SRV.TOTL.ZS;59.172414519894
MKD;2023;NV.SRV.TOTL.ZS;57.2089790162116
MKD;2022;NV.SRV.TOTL.ZS;56.3668315026394
MKD;2021;NV.SRV.TOTL.ZS;56.6626681929412
MKD;2020;NV.SRV.TOTL.ZS;56.5553416357877
MKD;2019;NV.SRV.TOTL.ZS;54.994997711796
MKD;2018;NV.SRV.TOTL.ZS;54.3216751049362
MKD;2017;NV.SRV.TOTL.ZS;54.5391890711302
MKD;2016;NV.SRV.TOTL.ZS;53.5495422792727
MKD;2015;NV.SRV.TOTL.ZS;53.7301817323071
MKD;2014;NV.SRV.TOTL.ZS;53.8266326277266
MKD;2013;NV.SRV.TOTL.ZS;54.8447770531849
MKD;2012;NV.SRV.TOTL.ZS;56.3116157384889
MKD;2011;NV.SRV.TOTL.ZS;55.0949403902746
MKD;2010;NV.SRV.TOTL.ZS;55.0944897735173
MKD;2009;NV.SRV.TOTL.ZS;57.0893488526899
MKD;2008;NV.SRV.TOTL.ZS;55.1066547759647
MKD;2007;NV.SRV.TOTL.ZS;56.6726291201939
MKD;2006;NV.SRV.TOTL.ZS;56.2859873372357
MKD;2005;NV.SRV.TOTL.ZS;55.766792998473
MKD;2004;NV.SRV.TOTL.ZS;54.1939412933693
MKD;2003;NV.SRV.TOTL.ZS;52.3815194980163
MKD;2002;NV.SRV.TOTL.ZS;52.9017986627014
MKD;2001;NV.SRV.TOTL.ZS;54.3711592635295
MKD;2000;NV.SRV.TOTL.ZS;52.7951384699533
MKD;1999;NV.SRV.TOTL.ZS;44.4519081906963
MKD;1998;NV.SRV.TOTL.ZS;43.4141425429935
MKD;1997;NV.SRV.TOTL.ZS;43.0216948017765
MKD;1996;NV.SRV.TOTL.ZS;46.0555672897146
MKD;1995;NV.SRV.TOTL.ZS;45.6211691931513
MKD;1994;NV.SRV.TOTL.ZS;44.8931846103896
MKD;1993;NV.SRV.TOTL.ZS;45.0603795414009
MKD;1992;NV.SRV.TOTL.ZS;37.2304610672255
MKD;1991;NV.SRV.TOTL.ZS;40.3639462809917
MKD;1990;NV.SRV.TOTL.ZS;39.5421052631579
MLI;2024;NV.SRV.TOTL.ZS;36.7199743390414
MLI;2023;NV.SRV.TOTL.ZS;36.186323679705
MLI;2022;NV.SRV.TOTL.ZS;35.7394195272272
MLI;2021;NV.SRV.TOTL.ZS;35.3194466866978
MLI;2020;NV.SRV.TOTL.ZS;35.2593907469673
MLI;2019;NV.SRV.TOTL.ZS;37.2907298223604
MLI;2018;NV.SRV.TOTL.ZS;37.7025904458647
MLI;2017;NV.SRV.TOTL.ZS;38.465341607849
MLI;2016;NV.SRV.TOTL.ZS;39.318867039934
MLI;2015;NV.SRV.TOTL.ZS;40.0970307151047
MLI;2014;NV.SRV.TOTL.ZS;40.5267167514301
MLI;2013;NV.SRV.TOTL.ZS;41.4495177021681
MLI;2012;NV.SRV.TOTL.ZS;38.5195932232585
MLI;2011;NV.SRV.TOTL.ZS;41.1283525302867
MLI;2010;NV.SRV.TOTL.ZS;41.1767225212007
MLI;2009;NV.SRV.TOTL.ZS;41.0659804751015
MLI;2008;NV.SRV.TOTL.ZS;43.10018069202
MLI;2007;NV.SRV.TOTL.ZS;43.4595655847457
MLI;2006;NV.SRV.TOTL.ZS;41.9825275103293
MLI;2005;NV.SRV.TOTL.ZS;42.9811233857412
MLI;2004;NV.SRV.TOTL.ZS;45.6887024716863
MLI;2003;NV.SRV.TOTL.ZS;37.2640518438314
MLI;2002;NV.SRV.TOTL.ZS;35.2872984191419
MLI;2001;NV.SRV.TOTL.ZS;35.872252289535
MLI;2000;NV.SRV.TOTL.ZS;37.2626429329049
MLI;1999;NV.SRV.TOTL.ZS;37.3344659138245
MLI;1998;NV.SRV.TOTL.ZS;37.5371713340709
MLI;1997;NV.SRV.TOTL.ZS;36.6398845845996
MLI;1996;NV.SRV.TOTL.ZS;37.834115443009
MLI;1995;NV.SRV.TOTL.ZS;38.4886940402217
MLI;1994;NV.SRV.TOTL.ZS;40.7186252367873
MLI;1993;NV.SRV.TOTL.ZS;39.4001408944461
MLI;1992;NV.SRV.TOTL.ZS;41.6943351692151
MLI;1991;NV.SRV.TOTL.ZS;39.1203242081325
MLI;1990;NV.SRV.TOTL.ZS;41.0705882664447
MLT;2024;NV.SRV.TOTL.ZS;80.7855198347085
MLT;2023;NV.SRV.TOTL.ZS;81.1085504867501
MLT;2022;NV.SRV.TOTL.ZS;80.1516418905823
MLT;2021;NV.SRV.TOTL.ZS;79.157338220807
MLT;2020;NV.SRV.TOTL.ZS;78.5628619086116
MLT;2019;NV.SRV.TOTL.ZS;77.2151386916786
MLT;2018;NV.SRV.TOTL.ZS;77.1220159873828
MLT;2017;NV.SRV.TOTL.ZS;77.4370736924484
MLT;2016;NV.SRV.TOTL.ZS;75.8002452204941
MLT;2015;NV.SRV.TOTL.ZS;76.1293947103127
MLT;2014;NV.SRV.TOTL.ZS;74.356968340189
MLT;2013;NV.SRV.TOTL.ZS;73.0412090904556
MLT;2012;NV.SRV.TOTL.ZS;71.9744088613837
MLT;2011;NV.SRV.TOTL.ZS;69.9293291469582
MLT;2010;NV.SRV.TOTL.ZS;69.4944957814887
MLT;2009;NV.SRV.TOTL.ZS;68.5821107439979
MLT;2008;NV.SRV.TOTL.ZS;67.6883631863751
MLT;2007;NV.SRV.TOTL.ZS;66.9621849872415
MLT;2006;NV.SRV.TOTL.ZS;65.2885817948061
MLT;2005;NV.SRV.TOTL.ZS;64.2880027829994
MLT;2004;NV.SRV.TOTL.ZS;63.5520950367967
MLT;2003;NV.SRV.TOTL.ZS;62.280966192796
MLT;2002;NV.SRV.TOTL.ZS;61.6071622620609
MLT;2001;NV.SRV.TOTL.ZS;62.6471701768258
MLT;2000;NV.SRV.TOTL.ZS;60.2083184517622
MLT;1999;NV.SRV.TOTL.ZS;62.5225743973617
MLT;1998;NV.SRV.TOTL.ZS;62.2554153116905
MLT;1997;NV.SRV.TOTL.ZS;61.968397556391
MLT;1996;NV.SRV.TOTL.ZS;62.1249415796853
MLT;1995;NV.SRV.TOTL.ZS;60.5487445092769
MLT;1994;NV.SRV.TOTL.ZS;41.9656905656083
MLT;1993;NV.SRV.TOTL.ZS;42.9498401113888
MLT;1992;NV.SRV.TOTL.ZS;41.1143525695652
MLT;1991;NV.SRV.TOTL.ZS;37.5205791901143
MLT;1990;NV.SRV.TOTL.ZS;36.9830657107105
MMR;2024;NV.SRV.TOTL.ZS;41.3534526849016
MMR;2023;NV.SRV.TOTL.ZS;39.6848437771931
MMR;2022;NV.SRV.TOTL.ZS;39.4185141578482
MMR;2021;NV.SRV.TOTL.ZS;39.9038198496963
MMR;2020;NV.SRV.TOTL.ZS;40.0374319115209
MMR;2019;NV.SRV.TOTL.ZS;40.7452311327275
MMR;2018;NV.SRV.TOTL.ZS;40.960932093708
MMR;2017;NV.SRV.TOTL.ZS;39.7949507833698
MMR;2016;NV.SRV.TOTL.ZS;39.5618722429461
MMR;2015;NV.SRV.TOTL.ZS;38.7594000921142
MMR;2014;NV.SRV.TOTL.ZS;37.6804826288063
MMR;2013;NV.SRV.TOTL.ZS;38.1040550388986
MMR;2012;NV.SRV.TOTL.ZS;37.0367795009136
MMR;2011;NV.SRV.TOTL.ZS;36.2121686668943
MMR;2010;NV.SRV.TOTL.ZS;36.6788599743565
MMR;2009;NV.SRV.TOTL.ZS;37.3598731111395
MMR;2008;NV.SRV.TOTL.ZS;37.0590889399783
MMR;2007;NV.SRV.TOTL.ZS;
MMR;2006;NV.SRV.TOTL.ZS;
MMR;2005;NV.SRV.TOTL.ZS;
MMR;2004;NV.SRV.TOTL.ZS;
MMR;2003;NV.SRV.TOTL.ZS;
MMR;2002;NV.SRV.TOTL.ZS;
MMR;2001;NV.SRV.TOTL.ZS;
MMR;2000;NV.SRV.TOTL.ZS;
MMR;1999;NV.SRV.TOTL.ZS;
MMR;1998;NV.SRV.TOTL.ZS;
MMR;1997;NV.SRV.TOTL.ZS;
MMR;1996;NV.SRV.TOTL.ZS;
MMR;1995;NV.SRV.TOTL.ZS;
MMR;1994;NV.SRV.TOTL.ZS;
MMR;1993;NV.SRV.TOTL.ZS;
MMR;1992;NV.SRV.TOTL.ZS;
MMR;1991;NV.SRV.TOTL.ZS;
MMR;1990;NV.SRV.TOTL.ZS;
MNE;2024;NV.SRV.TOTL.ZS;62.1256406289194
MNE;2023;NV.SRV.TOTL.ZS;62.2377888496133
MNE;2022;NV.SRV.TOTL.ZS;61.5085403184123
MNE;2021;NV.SRV.TOTL.ZS;59.8617872921643
MNE;2020;NV.SRV.TOTL.ZS;57.9960401887158
MNE;2019;NV.SRV.TOTL.ZS;58.7244635474013
MNE;2018;NV.SRV.TOTL.ZS;59.1700209944822
MNE;2017;NV.SRV.TOTL.ZS;60.1290365800584
MNE;2016;NV.SRV.TOTL.ZS;59.5984635114312
MNE;2015;NV.SRV.TOTL.ZS;60.2777607516407
MNE;2014;NV.SRV.TOTL.ZS;58.5542415358125
MNE;2013;NV.SRV.TOTL.ZS;58.5665762869738
MNE;2012;NV.SRV.TOTL.ZS;61.524820075707
MNE;2011;NV.SRV.TOTL.ZS;60.6176340771402
MNE;2010;NV.SRV.TOTL.ZS;58.6420871078913
MNE;2009;NV.SRV.TOTL.ZS;57.4010166051747
MNE;2008;NV.SRV.TOTL.ZS;55.2396907581915
MNE;2007;NV.SRV.TOTL.ZS;55.3447809103918
MNE;2006;NV.SRV.TOTL.ZS;55.8457229323539
MNE;2005;NV.SRV.TOTL.ZS;57.6489509056228
MNE;2004;NV.SRV.TOTL.ZS;56.8952971733453
MNE;2003;NV.SRV.TOTL.ZS;56.1878860599896
MNE;2002;NV.SRV.TOTL.ZS;57.0810664584854
MNE;2001;NV.SRV.TOTL.ZS;57.3561319115751
MNE;2000;NV.SRV.TOTL.ZS;58.1769336369838
MNE;1999;NV.SRV.TOTL.ZS;
MNE;1998;NV.SRV.TOTL.ZS;
MNE;1997;NV.SRV.TOTL.ZS;
MNE;1996;NV.SRV.TOTL.ZS;
MNE;1995;NV.SRV.TOTL.ZS;
MNE;1994;NV.SRV.TOTL.ZS;
MNE;1993;NV.SRV.TOTL.ZS;
MNE;1992;NV.SRV.TOTL.ZS;
MNE;1991;NV.SRV.TOTL.ZS;
MNE;1990;NV.SRV.TOTL.ZS;
MNG;2024;NV.SRV.TOTL.ZS;44.1715681772356
MNG;2023;NV.SRV.TOTL.ZS;41.0433684122384
MNG;2022;NV.SRV.TOTL.ZS;40.9763284189556
MNG;2021;NV.SRV.TOTL.ZS;39.6449079170954
MNG;2020;NV.SRV.TOTL.ZS;40.4904557964325
MNG;2019;NV.SRV.TOTL.ZS;39.7406192297241
MNG;2018;NV.SRV.TOTL.ZS;39.7977094219083
MNG;2017;NV.SRV.TOTL.ZS;42.3762941537368
MNG;2016;NV.SRV.TOTL.ZS;45.8755640343065
MNG;2015;NV.SRV.TOTL.ZS;46.1686156086131
MNG;2014;NV.SRV.TOTL.ZS;45.8242152655518
MNG;2013;NV.SRV.TOTL.ZS;44.7170657988719
MNG;2012;NV.SRV.TOTL.ZS;46.8583778990963
MNG;2011;NV.SRV.TOTL.ZS;45.7860011361674
MNG;2010;NV.SRV.TOTL.ZS;44.8404932199456
MNG;2009;NV.SRV.TOTL.ZS;43.1000868867331
MNG;2008;NV.SRV.TOTL.ZS;39.6705514673849
MNG;2007;NV.SRV.TOTL.ZS;33.9138972323028
MNG;2006;NV.SRV.TOTL.ZS;33.6016996064578
MNG;2005;NV.SRV.TOTL.ZS;37.4557419626278
MNG;2004;NV.SRV.TOTL.ZS;40.2348364808485
MNG;2003;NV.SRV.TOTL.ZS;45.1543259811307
MNG;2002;NV.SRV.TOTL.ZS;46.5943186592965
MNG;2001;NV.SRV.TOTL.ZS;42.2560506979719
MNG;2000;NV.SRV.TOTL.ZS;39.1979237053442
MNG;1999;NV.SRV.TOTL.ZS;37.1754051625983
MNG;1998;NV.SRV.TOTL.ZS;37.3783321255612
MNG;1997;NV.SRV.TOTL.ZS;32.0685963160347
MNG;1996;NV.SRV.TOTL.ZS;31.7541064055949
MNG;1995;NV.SRV.TOTL.ZS;29.3133570088122
MNG;1994;NV.SRV.TOTL.ZS;34.9387988149652
MNG;1993;NV.SRV.TOTL.ZS;36.556260289619
MNG;1992;NV.SRV.TOTL.ZS;33.7379074640898
MNG;1991;NV.SRV.TOTL.ZS;43.9878724679278
MNG;1990;NV.SRV.TOTL.ZS;43.3323886779341
KIR;2024;SL.AGR.EMPL.ZS;
KIR;2023;SL.AGR.EMPL.ZS;
KIR;2022;SL.AGR.EMPL.ZS;
KIR;2021;SL.AGR.EMPL.ZS;
KIR;2020;SL.AGR.EMPL.ZS;
KIR;2019;SL.AGR.EMPL.ZS;
KIR;2018;SL.AGR.EMPL.ZS;
KIR;2017;SL.AGR.EMPL.ZS;
KIR;2016;SL.AGR.EMPL.ZS;
KIR;2015;SL.AGR.EMPL.ZS;
KIR;2014;SL.AGR.EMPL.ZS;
KIR;2013;SL.AGR.EMPL.ZS;
KIR;2012;SL.AGR.EMPL.ZS;
KIR;2011;SL.AGR.EMPL.ZS;
KIR;2010;SL.AGR.EMPL.ZS;
KIR;2009;SL.AGR.EMPL.ZS;
KIR;2008;SL.AGR.EMPL.ZS;
KIR;2007;SL.AGR.EMPL.ZS;
KIR;2006;SL.AGR.EMPL.ZS;
KIR;2005;SL.AGR.EMPL.ZS;
KIR;2004;SL.AGR.EMPL.ZS;
KIR;2003;SL.AGR.EMPL.ZS;
KIR;2002;SL.AGR.EMPL.ZS;
KIR;2001;SL.AGR.EMPL.ZS;
KIR;2000;SL.AGR.EMPL.ZS;
KIR;1999;SL.AGR.EMPL.ZS;
KIR;1998;SL.AGR.EMPL.ZS;
KIR;1997;SL.AGR.EMPL.ZS;
KIR;1996;SL.AGR.EMPL.ZS;
KIR;1995;SL.AGR.EMPL.ZS;
KIR;1994;SL.AGR.EMPL.ZS;
KIR;1993;SL.AGR.EMPL.ZS;
KIR;1992;SL.AGR.EMPL.ZS;
KIR;1991;SL.AGR.EMPL.ZS;
KIR;1990;SL.AGR.EMPL.ZS;
KNA;2024;SL.AGR.EMPL.ZS;
KNA;2023;SL.AGR.EMPL.ZS;
KNA;2022;SL.AGR.EMPL.ZS;
KNA;2021;SL.AGR.EMPL.ZS;
KNA;2020;SL.AGR.EMPL.ZS;
KNA;2019;SL.AGR.EMPL.ZS;
KNA;2018;SL.AGR.EMPL.ZS;
KNA;2017;SL.AGR.EMPL.ZS;
KNA;2016;SL.AGR.EMPL.ZS;
KNA;2015;SL.AGR.EMPL.ZS;
KNA;2014;SL.AGR.EMPL.ZS;
KNA;2013;SL.AGR.EMPL.ZS;
KNA;2012;SL.AGR.EMPL.ZS;
KNA;2011;SL.AGR.EMPL.ZS;
KNA;2010;SL.AGR.EMPL.ZS;
KNA;2009;SL.AGR.EMPL.ZS;
KNA;2008;SL.AGR.EMPL.ZS;
KNA;2007;SL.AGR.EMPL.ZS;
KNA;2006;SL.AGR.EMPL.ZS;
KNA;2005;SL.AGR.EMPL.ZS;
KNA;2004;SL.AGR.EMPL.ZS;
KNA;2003;SL.AGR.EMPL.ZS;
KNA;2002;SL.AGR.EMPL.ZS;
KNA;2001;SL.AGR.EMPL.ZS;
KNA;2000;SL.AGR.EMPL.ZS;
KNA;1999;SL.AGR.EMPL.ZS;
KNA;1998;SL.AGR.EMPL.ZS;
KNA;1997;SL.AGR.EMPL.ZS;
KNA;1996;SL.AGR.EMPL.ZS;
KNA;1995;SL.AGR.EMPL.ZS;
KNA;1994;SL.AGR.EMPL.ZS;
KNA;1993;SL.AGR.EMPL.ZS;
KNA;1992;SL.AGR.EMPL.ZS;
KNA;1991;SL.AGR.EMPL.ZS;
KNA;1990;SL.AGR.EMPL.ZS;
KOR;2024;SL.AGR.EMPL.ZS;
KOR;2023;SL.AGR.EMPL.ZS;5.32432794838826
KOR;2022;SL.AGR.EMPL.ZS;5.4318012862755
KOR;2021;SL.AGR.EMPL.ZS;5.34699519876567
KOR;2020;SL.AGR.EMPL.ZS;5.37120400900264
KOR;2019;SL.AGR.EMPL.ZS;5.14298947429373
KOR;2018;SL.AGR.EMPL.ZS;4.99652033141647
KOR;2017;SL.AGR.EMPL.ZS;4.92342623462517
KOR;2016;SL.AGR.EMPL.ZS;4.93914259347297
KOR;2015;SL.AGR.EMPL.ZS;5.2327612879144
KOR;2014;SL.AGR.EMPL.ZS;5.50127803949887
KOR;2013;SL.AGR.EMPL.ZS;5.89339082644034
KOR;2012;SL.AGR.EMPL.ZS;6.04720147703336
KOR;2011;SL.AGR.EMPL.ZS;6.26667057888214
KOR;2010;SL.AGR.EMPL.ZS;6.50802460104035
KOR;2009;SL.AGR.EMPL.ZS;6.92359502433722
KOR;2008;SL.AGR.EMPL.ZS;7.06382760698602
KOR;2007;SL.AGR.EMPL.ZS;7.23725340801625
KOR;2006;SL.AGR.EMPL.ZS;7.55178002005433
KOR;2005;SL.AGR.EMPL.ZS;7.8625828220557
KOR;2004;SL.AGR.EMPL.ZS;8.30692238574054
KOR;2003;SL.AGR.EMPL.ZS;9.07843821294387
KOR;2002;SL.AGR.EMPL.ZS;9.70368267686251
KOR;2001;SL.AGR.EMPL.ZS;10.4079165760319
KOR;2000;SL.AGR.EMPL.ZS;10.965595609808
KOR;1999;SL.AGR.EMPL.ZS;11.3438139024269
KOR;1998;SL.AGR.EMPL.ZS;12.0234744411552
KOR;1997;SL.AGR.EMPL.ZS;10.7711900634401
KOR;1996;SL.AGR.EMPL.ZS;11.1404163537021
KOR;1995;SL.AGR.EMPL.ZS;11.7707589128752
KOR;1994;SL.AGR.EMPL.ZS;12.5560521730996
KOR;1993;SL.AGR.EMPL.ZS;13.480636059796
KOR;1992;SL.AGR.EMPL.ZS;14.02871814356
KOR;1991;SL.AGR.EMPL.ZS;16.3668511712718
KOR;1990;SL.AGR.EMPL.ZS;
KWT;2024;SL.AGR.EMPL.ZS;
KWT;2023;SL.AGR.EMPL.ZS;1.94493495286333
KWT;2022;SL.AGR.EMPL.ZS;1.97498100123492
KWT;2021;SL.AGR.EMPL.ZS;1.99758239321147
KWT;2020;SL.AGR.EMPL.ZS;2.01708800577866
KWT;2019;SL.AGR.EMPL.ZS;2.02043374761873
KWT;2018;SL.AGR.EMPL.ZS;2.06607928077329
KWT;2017;SL.AGR.EMPL.ZS;2.10560755457759
KWT;2016;SL.AGR.EMPL.ZS;2.14883132634807
KWT;2015;SL.AGR.EMPL.ZS;2.19652699484194
KWT;2014;SL.AGR.EMPL.ZS;2.25292172028727
KWT;2013;SL.AGR.EMPL.ZS;2.29884030989508
KWT;2012;SL.AGR.EMPL.ZS;2.34300587336158
KWT;2011;SL.AGR.EMPL.ZS;2.39179246927333
KWT;2010;SL.AGR.EMPL.ZS;2.43071681910296
KWT;2009;SL.AGR.EMPL.ZS;2.46626185762987
KWT;2008;SL.AGR.EMPL.ZS;2.51265363809225
KWT;2007;SL.AGR.EMPL.ZS;2.55115027228819
KWT;2006;SL.AGR.EMPL.ZS;2.59457522901765
KWT;2005;SL.AGR.EMPL.ZS;2.64231292167979
KWT;2004;SL.AGR.EMPL.ZS;2.56712357902867
KWT;2003;SL.AGR.EMPL.ZS;2.48816686566816
KWT;2002;SL.AGR.EMPL.ZS;2.44550446784624
KWT;2001;SL.AGR.EMPL.ZS;2.3971873115273
KWT;2000;SL.AGR.EMPL.ZS;2.34484194578024
KWT;1999;SL.AGR.EMPL.ZS;2.28147628600532
KWT;1998;SL.AGR.EMPL.ZS;2.21392073614155
KWT;1997;SL.AGR.EMPL.ZS;2.17251846970793
KWT;1996;SL.AGR.EMPL.ZS;2.12733554546288
KWT;1995;SL.AGR.EMPL.ZS;2.07596966558648
KWT;1994;SL.AGR.EMPL.ZS;2.16080589162727
KWT;1993;SL.AGR.EMPL.ZS;2.25592887914422
KWT;1992;SL.AGR.EMPL.ZS;2.3488047312937
KWT;1991;SL.AGR.EMPL.ZS;2.41680215242508
KWT;1990;SL.AGR.EMPL.ZS;
LAO;2024;SL.AGR.EMPL.ZS;
LAO;2023;SL.AGR.EMPL.ZS;69.6416786981242
LAO;2022;SL.AGR.EMPL.ZS;69.5659873811309
LAO;2021;SL.AGR.EMPL.ZS;67.7823595997367
LAO;2020;SL.AGR.EMPL.ZS;66.3492866735437
LAO;2019;SL.AGR.EMPL.ZS;64.4408423967123
LAO;2018;SL.AGR.EMPL.ZS;62.7346809178756
LAO;2017;SL.AGR.EMPL.ZS;61.0454494163119
LAO;2016;SL.AGR.EMPL.ZS;62.6674180958828
LAO;2015;SL.AGR.EMPL.ZS;64.121326242666
LAO;2014;SL.AGR.EMPL.ZS;65.6271948361023
LAO;2013;SL.AGR.EMPL.ZS;67.1268395779266
LAO;2012;SL.AGR.EMPL.ZS;68.6608416442073
LAO;2011;SL.AGR.EMPL.ZS;70.1302146760736
LAO;2010;SL.AGR.EMPL.ZS;71.438274066193
LAO;2009;SL.AGR.EMPL.ZS;72.6578932061179
LAO;2008;SL.AGR.EMPL.ZS;73.9579742552096
LAO;2007;SL.AGR.EMPL.ZS;75.1680278711762
LAO;2006;SL.AGR.EMPL.ZS;76.3562815795204
LAO;2005;SL.AGR.EMPL.ZS;77.310475078844
LAO;2004;SL.AGR.EMPL.ZS;78.3015728631293
LAO;2003;SL.AGR.EMPL.ZS;79.2872593877409
LAO;2002;SL.AGR.EMPL.ZS;80.1414431485765
LAO;2001;SL.AGR.EMPL.ZS;80.982095104917
LAO;2000;SL.AGR.EMPL.ZS;81.7878530529105
LAO;1999;SL.AGR.EMPL.ZS;82.546369816974
LAO;1998;SL.AGR.EMPL.ZS;83.2226864416349
LAO;1997;SL.AGR.EMPL.ZS;83.8663841087874
LAO;1996;SL.AGR.EMPL.ZS;84.7458276136956
LAO;1995;SL.AGR.EMPL.ZS;85.4129500920521
LAO;1994;SL.AGR.EMPL.ZS;85.8179844955575
LAO;1993;SL.AGR.EMPL.ZS;86.0786595851228
LAO;1992;SL.AGR.EMPL.ZS;86.3115691545564
LAO;1991;SL.AGR.EMPL.ZS;86.4744228519847
LAO;1990;SL.AGR.EMPL.ZS;
LBN;2024;SL.AGR.EMPL.ZS;
LBN;2023;SL.AGR.EMPL.ZS;3.44330596552846
LBN;2022;SL.AGR.EMPL.ZS;3.47633961054941
LBN;2021;SL.AGR.EMPL.ZS;3.59672922530407
LBN;2020;SL.AGR.EMPL.ZS;3.62426829714879
LBN;2019;SL.AGR.EMPL.ZS;3.56320221230512
LBN;2018;SL.AGR.EMPL.ZS;3.54795921466976
LBN;2017;SL.AGR.EMPL.ZS;3.6149478262934
LBN;2016;SL.AGR.EMPL.ZS;3.70847861349095
LBN;2015;SL.AGR.EMPL.ZS;3.8199176121075
LBN;2014;SL.AGR.EMPL.ZS;3.88251058818957
LBN;2013;SL.AGR.EMPL.ZS;3.92255689472665
LBN;2012;SL.AGR.EMPL.ZS;3.98626225916192
LBN;2011;SL.AGR.EMPL.ZS;4.09792301048704
LBN;2010;SL.AGR.EMPL.ZS;4.19392198138575
LBN;2009;SL.AGR.EMPL.ZS;4.38890628347313
LBN;2008;SL.AGR.EMPL.ZS;4.63736009390447
LBN;2007;SL.AGR.EMPL.ZS;4.87302567543919
LBN;2006;SL.AGR.EMPL.ZS;5.11146805525967
LBN;2005;SL.AGR.EMPL.ZS;5.22140410792116
LBN;2004;SL.AGR.EMPL.ZS;5.36701492900806
LBN;2003;SL.AGR.EMPL.ZS;5.58750975800156
LBN;2002;SL.AGR.EMPL.ZS;5.76121117853394
LBN;2001;SL.AGR.EMPL.ZS;5.93441146729062
LBN;2000;SL.AGR.EMPL.ZS;6.10368202696696
LBN;1999;SL.AGR.EMPL.ZS;6.24765937083888
LBN;1998;SL.AGR.EMPL.ZS;6.32197486045224
LBN;1997;SL.AGR.EMPL.ZS;6.43394226355663
LBN;1996;SL.AGR.EMPL.ZS;6.54000414258007
LBN;1995;SL.AGR.EMPL.ZS;6.76150421535845
LBN;1994;SL.AGR.EMPL.ZS;6.89908722858265
LBN;1993;SL.AGR.EMPL.ZS;7.04503691707046
LBN;1992;SL.AGR.EMPL.ZS;7.19481219408984
LBN;1991;SL.AGR.EMPL.ZS;7.37204423247426
LBN;1990;SL.AGR.EMPL.ZS;
LBR;2024;SL.AGR.EMPL.ZS;
LBR;2023;SL.AGR.EMPL.ZS;38.8656239906076
LBR;2022;SL.AGR.EMPL.ZS;39.4546846292592
LBR;2021;SL.AGR.EMPL.ZS;40.1252983031717
LBR;2020;SL.AGR.EMPL.ZS;40.3009314978904
LBR;2019;SL.AGR.EMPL.ZS;40.1748313427775
LBR;2018;SL.AGR.EMPL.ZS;40.1033385584042
LBR;2017;SL.AGR.EMPL.ZS;40.616884358685
LBR;2016;SL.AGR.EMPL.ZS;41.6543780219931
LBR;2015;SL.AGR.EMPL.ZS;41.9582215598609
LBR;2014;SL.AGR.EMPL.ZS;42.5097767762407
LBR;2013;SL.AGR.EMPL.ZS;43.1122885858542
LBR;2012;SL.AGR.EMPL.ZS;44.7402855765152
LBR;2011;SL.AGR.EMPL.ZS;46.0557821375382
LBR;2010;SL.AGR.EMPL.ZS;47.3061280262354
LBR;2009;SL.AGR.EMPL.ZS;48.2807107550073
LBR;2008;SL.AGR.EMPL.ZS;49.0502764662597
LBR;2007;SL.AGR.EMPL.ZS;49.9757541785115
LBR;2006;SL.AGR.EMPL.ZS;51.0779809165808
LBR;2005;SL.AGR.EMPL.ZS;51.9060192164638
LBR;2004;SL.AGR.EMPL.ZS;52.5368618864389
LBR;2003;SL.AGR.EMPL.ZS;53.2131738783273
LBR;2002;SL.AGR.EMPL.ZS;50.8332913637023
LBR;2001;SL.AGR.EMPL.ZS;51.4676667217222
LBR;2000;SL.AGR.EMPL.ZS;51.8261661839451
LBR;1999;SL.AGR.EMPL.ZS;52.3528309348331
LBR;1998;SL.AGR.EMPL.ZS;52.9158469296115
LBR;1997;SL.AGR.EMPL.ZS;53.4166334086321
LBR;1996;SL.AGR.EMPL.ZS;54.0008632123471
LBR;1995;SL.AGR.EMPL.ZS;54.4162130772431
LBR;1994;SL.AGR.EMPL.ZS;54.5794992744697
LBR;1993;SL.AGR.EMPL.ZS;54.4736495677739
LBR;1992;SL.AGR.EMPL.ZS;54.4959882795957
LBR;1991;SL.AGR.EMPL.ZS;54.477650008016
LBR;1990;SL.AGR.EMPL.ZS;
LBY;2024;SL.AGR.EMPL.ZS;
LBY;2023;SL.AGR.EMPL.ZS;8.69393884066363
LBY;2022;SL.AGR.EMPL.ZS;8.82581654259597
LBY;2021;SL.AGR.EMPL.ZS;9.11023248933828
LBY;2020;SL.AGR.EMPL.ZS;9.18515704075759
LBY;2019;SL.AGR.EMPL.ZS;9.0613122393034
LBY;2018;SL.AGR.EMPL.ZS;8.9795165024543
LBY;2017;SL.AGR.EMPL.ZS;9.20354493446706
LBY;2016;SL.AGR.EMPL.ZS;9.71406319842264
LBY;2015;SL.AGR.EMPL.ZS;9.78516203690763
LBY;2014;SL.AGR.EMPL.ZS;10.1027204165257
LBY;2013;SL.AGR.EMPL.ZS;10.022247676876
LBY;2012;SL.AGR.EMPL.ZS;9.8821631362698
LBY;2011;SL.AGR.EMPL.ZS;9.48983600061282
LBY;2010;SL.AGR.EMPL.ZS;10.2546615137048
LBY;2009;SL.AGR.EMPL.ZS;10.5307616095297
LBY;2008;SL.AGR.EMPL.ZS;10.6876861009258
LBY;2007;SL.AGR.EMPL.ZS;10.7910347032288
LBY;2006;SL.AGR.EMPL.ZS;11.2344519976269
LBY;2005;SL.AGR.EMPL.ZS;11.6067733040748
LBY;2004;SL.AGR.EMPL.ZS;12.1243361638627
LBY;2003;SL.AGR.EMPL.ZS;12.4292334820612
LBY;2002;SL.AGR.EMPL.ZS;12.9494899996884
LBY;2001;SL.AGR.EMPL.ZS;12.8770634023655
LBY;2000;SL.AGR.EMPL.ZS;12.9774677517577
LBY;1999;SL.AGR.EMPL.ZS;13.2259697367313
LBY;1998;SL.AGR.EMPL.ZS;13.182979736812
LBY;1997;SL.AGR.EMPL.ZS;13.3524612910398
LBY;1996;SL.AGR.EMPL.ZS;13.3569863912419
LBY;1995;SL.AGR.EMPL.ZS;13.52033675266
LBY;1994;SL.AGR.EMPL.ZS;13.3072270674977
LBY;1993;SL.AGR.EMPL.ZS;13.4403604387037
LBY;1992;SL.AGR.EMPL.ZS;13.3324842770659
LBY;1991;SL.AGR.EMPL.ZS;13.3274064576737
LBY;1990;SL.AGR.EMPL.ZS;
LCA;2024;SL.AGR.EMPL.ZS;
LCA;2023;SL.AGR.EMPL.ZS;10.3861297687192
LCA;2022;SL.AGR.EMPL.ZS;10.620884289746
LCA;2021;SL.AGR.EMPL.ZS;11.0826714515661
LCA;2020;SL.AGR.EMPL.ZS;9.32501846793451
LCA;2019;SL.AGR.EMPL.ZS;9.97388220635453
LCA;2018;SL.AGR.EMPL.ZS;11.3490177538351
LCA;2017;SL.AGR.EMPL.ZS;10.3467850790327
LCA;2016;SL.AGR.EMPL.ZS;10.644870639722
LCA;2015;SL.AGR.EMPL.ZS;10.939270188381
LCA;2014;SL.AGR.EMPL.ZS;11.2189670956971
LCA;2013;SL.AGR.EMPL.ZS;11.5149932660858
LCA;2012;SL.AGR.EMPL.ZS;11.7981072555205
LCA;2011;SL.AGR.EMPL.ZS;12.1046892039258
LCA;2010;SL.AGR.EMPL.ZS;12.5033160665168
LCA;2009;SL.AGR.EMPL.ZS;12.8984070697622
LCA;2008;SL.AGR.EMPL.ZS;13.1878164163001
LCA;2007;SL.AGR.EMPL.ZS;13.5808142457098
LCA;2006;SL.AGR.EMPL.ZS;14.0284360189573
LCA;2005;SL.AGR.EMPL.ZS;13.772702694106
LCA;2004;SL.AGR.EMPL.ZS;16.4334259600254
LCA;2003;SL.AGR.EMPL.ZS;14.5620596677394
LCA;2002;SL.AGR.EMPL.ZS;14.3085893307806
LCA;2001;SL.AGR.EMPL.ZS;17.4735631783418
LCA;2000;SL.AGR.EMPL.ZS;21.0712542703758
LCA;1999;SL.AGR.EMPL.ZS;21.708211143695
LCA;1998;SL.AGR.EMPL.ZS;23.1366336633663
LCA;1997;SL.AGR.EMPL.ZS;20.4928090113648
LCA;1996;SL.AGR.EMPL.ZS;25.2136082150976
LCA;1995;SL.AGR.EMPL.ZS;25.8319367967441
LCA;1994;SL.AGR.EMPL.ZS;27.419855543368
LCA;1993;SL.AGR.EMPL.ZS;23.9632795188351
LCA;1992;SL.AGR.EMPL.ZS;24.5692158760891
LCA;1991;SL.AGR.EMPL.ZS;24.8911178566715
LCA;1990;SL.AGR.EMPL.ZS;
LIE;2024;SL.AGR.EMPL.ZS;
LIE;2023;SL.AGR.EMPL.ZS;
LIE;2022;SL.AGR.EMPL.ZS;
LIE;2021;SL.AGR.EMPL.ZS;
LIE;2020;SL.AGR.EMPL.ZS;
LIE;2019;SL.AGR.EMPL.ZS;
LIE;2018;SL.AGR.EMPL.ZS;
LIE;2017;SL.AGR.EMPL.ZS;
LIE;2016;SL.AGR.EMPL.ZS;
LIE;2015;SL.AGR.EMPL.ZS;
LIE;2014;SL.AGR.EMPL.ZS;
LIE;2013;SL.AGR.EMPL.ZS;
LIE;2012;SL.AGR.EMPL.ZS;
LIE;2011;SL.AGR.EMPL.ZS;
LIE;2010;SL.AGR.EMPL.ZS;
LIE;2009;SL.AGR.EMPL.ZS;
LIE;2008;SL.AGR.EMPL.ZS;
LIE;2007;SL.AGR.EMPL.ZS;
LIE;2006;SL.AGR.EMPL.ZS;
LIE;2005;SL.AGR.EMPL.ZS;
LIE;2004;SL.AGR.EMPL.ZS;
LIE;2003;SL.AGR.EMPL.ZS;
LIE;2002;SL.AGR.EMPL.ZS;
LIE;2001;SL.AGR.EMPL.ZS;
LIE;2000;SL.AGR.EMPL.ZS;
LIE;1999;SL.AGR.EMPL.ZS;
LIE;1998;SL.AGR.EMPL.ZS;
LIE;1997;SL.AGR.EMPL.ZS;
LIE;1996;SL.AGR.EMPL.ZS;
LIE;1995;SL.AGR.EMPL.ZS;
LIE;1994;SL.AGR.EMPL.ZS;
LIE;1993;SL.AGR.EMPL.ZS;
LIE;1992;SL.AGR.EMPL.ZS;
LIE;1991;SL.AGR.EMPL.ZS;
LIE;1990;SL.AGR.EMPL.ZS;
LKA;2024;SL.AGR.EMPL.ZS;
LKA;2023;SL.AGR.EMPL.ZS;26.2600807718534
LKA;2022;SL.AGR.EMPL.ZS;26.4927641022153
LKA;2021;SL.AGR.EMPL.ZS;27.2756823748176
LKA;2020;SL.AGR.EMPL.ZS;27.1240630476923
LKA;2019;SL.AGR.EMPL.ZS;25.327195680002
LKA;2018;SL.AGR.EMPL.ZS;25.4978887037681
LKA;2017;SL.AGR.EMPL.ZS;26.0738126963817
LKA;2016;SL.AGR.EMPL.ZS;27.1006495741435
LKA;2015;SL.AGR.EMPL.ZS;28.6624175717767
LKA;2014;SL.AGR.EMPL.ZS;28.1264337478433
LKA;2013;SL.AGR.EMPL.ZS;29.6272515461067
LKA;2012;SL.AGR.EMPL.ZS;30.994214518242
LKA;2011;SL.AGR.EMPL.ZS;30.7775036360381
LKA;2010;SL.AGR.EMPL.ZS;30.9433509066839
LKA;2009;SL.AGR.EMPL.ZS;33.4890449156277
LKA;2008;SL.AGR.EMPL.ZS;33.4704114247968
LKA;2007;SL.AGR.EMPL.ZS;32.4584211953092
LKA;2006;SL.AGR.EMPL.ZS;33.1157166051059
LKA;2005;SL.AGR.EMPL.ZS;32.9363751781408
LKA;2004;SL.AGR.EMPL.ZS;34.9220152960986
LKA;2003;SL.AGR.EMPL.ZS;34.0008669080669
LKA;2002;SL.AGR.EMPL.ZS;34.4755284973444
LKA;2001;SL.AGR.EMPL.ZS;36.258710727125
LKA;2000;SL.AGR.EMPL.ZS;38.0169607742797
LKA;1999;SL.AGR.EMPL.ZS;39.8455417400419
LKA;1998;SL.AGR.EMPL.ZS;41.5779919064115
LKA;1997;SL.AGR.EMPL.ZS;37.3601986363525
LKA;1996;SL.AGR.EMPL.ZS;35.1296059310351
LKA;1995;SL.AGR.EMPL.ZS;37.3464114926836
LKA;1994;SL.AGR.EMPL.ZS;42.5685879426171
LKA;1993;SL.AGR.EMPL.ZS;38.6569436403785
LKA;1992;SL.AGR.EMPL.ZS;43.62431996731
LKA;1991;SL.AGR.EMPL.ZS;41.3901862159166
LKA;1990;SL.AGR.EMPL.ZS;
LSO;2024;SL.AGR.EMPL.ZS;
LSO;2023;SL.AGR.EMPL.ZS;29.1969883123838
LSO;2022;SL.AGR.EMPL.ZS;29.5576307475573
LSO;2021;SL.AGR.EMPL.ZS;30.1109373573526
LSO;2020;SL.AGR.EMPL.ZS;30.2138157402614
LSO;2019;SL.AGR.EMPL.ZS;29.8342027238441
LSO;2018;SL.AGR.EMPL.ZS;30.267608661635
LSO;2017;SL.AGR.EMPL.ZS;30.4021324149686
LSO;2016;SL.AGR.EMPL.ZS;30.4354506357651
LSO;2015;SL.AGR.EMPL.ZS;30.8367097507512
LSO;2014;SL.AGR.EMPL.ZS;31.1419041663785
LSO;2013;SL.AGR.EMPL.ZS;31.371337767448
LSO;2012;SL.AGR.EMPL.ZS;31.598826241878
LSO;2011;SL.AGR.EMPL.ZS;32.0447003352244
LSO;2010;SL.AGR.EMPL.ZS;32.3101522828375
LSO;2009;SL.AGR.EMPL.ZS;32.5319145047012
LSO;2008;SL.AGR.EMPL.ZS;32.6225065093304
LSO;2007;SL.AGR.EMPL.ZS;34.3337262411367
LSO;2006;SL.AGR.EMPL.ZS;36.7018432531307
LSO;2005;SL.AGR.EMPL.ZS;38.3429091076719
LSO;2004;SL.AGR.EMPL.ZS;40.1254707573748
LSO;2003;SL.AGR.EMPL.ZS;41.6108256252141
LSO;2002;SL.AGR.EMPL.ZS;43.3154270498557
LSO;2001;SL.AGR.EMPL.ZS;44.7483420365358
LSO;2000;SL.AGR.EMPL.ZS;46.3776900852845
LSO;1999;SL.AGR.EMPL.ZS;47.833847263153
LSO;1998;SL.AGR.EMPL.ZS;48.9236139743273
LSO;1997;SL.AGR.EMPL.ZS;49.9352240774812
LSO;1996;SL.AGR.EMPL.ZS;50.1750047422
LSO;1995;SL.AGR.EMPL.ZS;50.272725455423
LSO;1994;SL.AGR.EMPL.ZS;50.119436497302
LSO;1993;SL.AGR.EMPL.ZS;50.5737190720359
LSO;1992;SL.AGR.EMPL.ZS;50.9088133568999
LSO;1991;SL.AGR.EMPL.ZS;51.2280348697871
LSO;1990;SL.AGR.EMPL.ZS;
LTU;2024;SL.AGR.EMPL.ZS;
LTU;2023;SL.AGR.EMPL.ZS;5.06179684090923
LTU;2022;SL.AGR.EMPL.ZS;5.45559222988835
LTU;2021;SL.AGR.EMPL.ZS;5.3128209610804
LTU;2020;SL.AGR.EMPL.ZS;5.6898608086926
LTU;2019;SL.AGR.EMPL.ZS;6.43624094961336
LTU;2018;SL.AGR.EMPL.ZS;7.18258198598868
LTU;2017;SL.AGR.EMPL.ZS;7.78408051774895
LTU;2016;SL.AGR.EMPL.ZS;7.97550842026809
LTU;2015;SL.AGR.EMPL.ZS;9.06902935136387
LTU;2014;SL.AGR.EMPL.ZS;9.16599738049355
LTU;2013;SL.AGR.EMPL.ZS;8.4227995188564
LTU;2012;SL.AGR.EMPL.ZS;8.79675282750808
LTU;2011;SL.AGR.EMPL.ZS;8.48613966972758
LTU;2010;SL.AGR.EMPL.ZS;8.83049522289229
LTU;2009;SL.AGR.EMPL.ZS;8.98390561707858
LTU;2008;SL.AGR.EMPL.ZS;8.06458072907334
LTU;2007;SL.AGR.EMPL.ZS;11.3254096261275
LTU;2006;SL.AGR.EMPL.ZS;13.8325563011345
LTU;2005;SL.AGR.EMPL.ZS;14.271161703791
LTU;2004;SL.AGR.EMPL.ZS;16.2842780787806
LTU;2003;SL.AGR.EMPL.ZS;18.712838232252
LTU;2002;SL.AGR.EMPL.ZS;18.6413082651297
LTU;2001;SL.AGR.EMPL.ZS;17.5732880472875
LTU;2000;SL.AGR.EMPL.ZS;19.2411465332078
LTU;1999;SL.AGR.EMPL.ZS;19.9889045535766
LTU;1998;SL.AGR.EMPL.ZS;19.5569798015004
LTU;1997;SL.AGR.EMPL.ZS;20.658267244127
LTU;1996;SL.AGR.EMPL.ZS;21.5745324923408
LTU;1995;SL.AGR.EMPL.ZS;22.1977571920093
LTU;1994;SL.AGR.EMPL.ZS;22.7214149252857
LTU;1993;SL.AGR.EMPL.ZS;23.4285542171699
LTU;1992;SL.AGR.EMPL.ZS;23.9325134639643
LTU;1991;SL.AGR.EMPL.ZS;24.3415919468925
LTU;1990;SL.AGR.EMPL.ZS;
LUX;2024;SL.AGR.EMPL.ZS;
LUX;2023;SL.AGR.EMPL.ZS;0.87261103592708
LUX;2022;SL.AGR.EMPL.ZS;1.08087471366521
LUX;2021;SL.AGR.EMPL.ZS;1.1443676056924
LUX;2020;SL.AGR.EMPL.ZS;0.775642860751393
LUX;2019;SL.AGR.EMPL.ZS;0.681853558835672
LUX;2018;SL.AGR.EMPL.ZS;1.0538498386358
LUX;2017;SL.AGR.EMPL.ZS;1.38928869570224
LUX;2016;SL.AGR.EMPL.ZS;1.02587488552986
LUX;2015;SL.AGR.EMPL.ZS;1.04461288984425
LUX;2014;SL.AGR.EMPL.ZS;1.42656743171102
LUX;2013;SL.AGR.EMPL.ZS;1.58585659216054
LUX;2012;SL.AGR.EMPL.ZS;1.32502300815146
LUX;2011;SL.AGR.EMPL.ZS;1.23255572656372
LUX;2010;SL.AGR.EMPL.ZS;1.10342042776195
LUX;2009;SL.AGR.EMPL.ZS;1.35535751927415
LUX;2008;SL.AGR.EMPL.ZS;1.66522460674317
LUX;2007;SL.AGR.EMPL.ZS;1.8444768484211
LUX;2006;SL.AGR.EMPL.ZS;1.82846380593172
LUX;2005;SL.AGR.EMPL.ZS;1.73576330228595
LUX;2004;SL.AGR.EMPL.ZS;1.96075388141319
LUX;2003;SL.AGR.EMPL.ZS;2.72268482141445
LUX;2002;SL.AGR.EMPL.ZS;1.96882220101284
LUX;2001;SL.AGR.EMPL.ZS;1.52899009964265
LUX;2000;SL.AGR.EMPL.ZS;2.44413634738906
LUX;1999;SL.AGR.EMPL.ZS;1.95223749978963
LUX;1998;SL.AGR.EMPL.ZS;2.91903598272088
LUX;1997;SL.AGR.EMPL.ZS;2.34104300413332
LUX;1996;SL.AGR.EMPL.ZS;2.64412969570284
LUX;1995;SL.AGR.EMPL.ZS;3.8721509359896
LUX;1994;SL.AGR.EMPL.ZS;3.15477948489214
LUX;1993;SL.AGR.EMPL.ZS;3.19895250222233
LUX;1992;SL.AGR.EMPL.ZS;3.37859663815278
LUX;1991;SL.AGR.EMPL.ZS;3.5454751034428
LUX;1990;SL.AGR.EMPL.ZS;
LVA;2024;SL.AGR.EMPL.ZS;
LVA;2023;SL.AGR.EMPL.ZS;6.75006020329936
LVA;2022;SL.AGR.EMPL.ZS;6.78244117548802
LVA;2021;SL.AGR.EMPL.ZS;6.78852065021619
LVA;2020;SL.AGR.EMPL.ZS;7.21966324838917
LVA;2019;SL.AGR.EMPL.ZS;7.29370833636473
LVA;2018;SL.AGR.EMPL.ZS;6.9721379298369
LVA;2017;SL.AGR.EMPL.ZS;6.86764497182028
LVA;2016;SL.AGR.EMPL.ZS;7.69189927016665
LVA;2015;SL.AGR.EMPL.ZS;7.93915516028573
LVA;2014;SL.AGR.EMPL.ZS;7.50366881219696
LVA;2013;SL.AGR.EMPL.ZS;8.05621932389077
LVA;2012;SL.AGR.EMPL.ZS;8.37328563585009
LVA;2011;SL.AGR.EMPL.ZS;8.8951224356872
LVA;2010;SL.AGR.EMPL.ZS;8.61445359228767
LVA;2009;SL.AGR.EMPL.ZS;8.75084196507518
LVA;2008;SL.AGR.EMPL.ZS;7.95709127329274
LVA;2007;SL.AGR.EMPL.ZS;10.1799280512284
LVA;2006;SL.AGR.EMPL.ZS;11.4609958769182
LVA;2005;SL.AGR.EMPL.ZS;12.051169592131
LVA;2004;SL.AGR.EMPL.ZS;13.3013728166418
LVA;2003;SL.AGR.EMPL.ZS;14.243716556198
LVA;2002;SL.AGR.EMPL.ZS;16.2287185052589
LVA;2001;SL.AGR.EMPL.ZS;15.4708831142707
LVA;2000;SL.AGR.EMPL.ZS;14.9255399788778
LVA;1999;SL.AGR.EMPL.ZS;17.4916170001163
LVA;1998;SL.AGR.EMPL.ZS;19.0283873377533
LVA;1997;SL.AGR.EMPL.ZS;19.7871586486849
LVA;1996;SL.AGR.EMPL.ZS;20.4883836187498
LVA;1995;SL.AGR.EMPL.ZS;21.2221027157838
LVA;1994;SL.AGR.EMPL.ZS;21.7890995260664
LVA;1993;SL.AGR.EMPL.ZS;22.3304287558097
LVA;1992;SL.AGR.EMPL.ZS;22.7762036245416
LVA;1991;SL.AGR.EMPL.ZS;23.2113047678011
LVA;1990;SL.AGR.EMPL.ZS;
MAC;2024;SL.AGR.EMPL.ZS;
MAC;2023;SL.AGR.EMPL.ZS;0.509184842057692
MAC;2022;SL.AGR.EMPL.ZS;0.513104770750781
MAC;2021;SL.AGR.EMPL.ZS;0.51801913448669
MAC;2020;SL.AGR.EMPL.ZS;0.518007285918502
MAC;2019;SL.AGR.EMPL.ZS;0.515854992222845
MAC;2018;SL.AGR.EMPL.ZS;0.516867343358203
MAC;2017;SL.AGR.EMPL.ZS;0.51465862719383
MAC;2016;SL.AGR.EMPL.ZS;0.504089608874094
MAC;2015;SL.AGR.EMPL.ZS;0.500733719520124
MAC;2014;SL.AGR.EMPL.ZS;0.489816894132636
MAC;2013;SL.AGR.EMPL.ZS;0.475114798824153
MAC;2012;SL.AGR.EMPL.ZS;0.470900951315053
MAC;2011;SL.AGR.EMPL.ZS;0.466001932832632
MAC;2010;SL.AGR.EMPL.ZS;0.466293312569255
MAC;2009;SL.AGR.EMPL.ZS;0.400088493093488
MAC;2008;SL.AGR.EMPL.ZS;0.399922906427677
MAC;2007;SL.AGR.EMPL.ZS;0.399907661388881
MAC;2006;SL.AGR.EMPL.ZS;0.399890703925797
MAC;2005;SL.AGR.EMPL.ZS;0.400115906591989
MAC;2004;SL.AGR.EMPL.ZS;0.399823244984151
MAC;2003;SL.AGR.EMPL.ZS;0.39981399759291
MAC;2002;SL.AGR.EMPL.ZS;0.399963263994122
MAC;2001;SL.AGR.EMPL.ZS;0.399964111838843
MAC;2000;SL.AGR.EMPL.ZS;0.399871885706521
MAC;1999;SL.AGR.EMPL.ZS;0.400197872866683
MAC;1998;SL.AGR.EMPL.ZS;0.400242449744276
MAC;1997;SL.AGR.EMPL.ZS;0.397748782272922
MAC;1996;SL.AGR.EMPL.ZS;0.395416354845045
MAC;1995;SL.AGR.EMPL.ZS;0.39355796185346
MAC;1994;SL.AGR.EMPL.ZS;0.39324661449898
MAC;1993;SL.AGR.EMPL.ZS;0.394055927455728
MAC;1992;SL.AGR.EMPL.ZS;0.395499317888835
MAC;1991;SL.AGR.EMPL.ZS;0.399694237147595
MAC;1990;SL.AGR.EMPL.ZS;
MAF;2024;SL.AGR.EMPL.ZS;
MAF;2023;SL.AGR.EMPL.ZS;
MAF;2022;SL.AGR.EMPL.ZS;
MAF;2021;SL.AGR.EMPL.ZS;
MAF;2020;SL.AGR.EMPL.ZS;
MAF;2019;SL.AGR.EMPL.ZS;
MAF;2018;SL.AGR.EMPL.ZS;
MAF;2017;SL.AGR.EMPL.ZS;
MAF;2016;SL.AGR.EMPL.ZS;
MAF;2015;SL.AGR.EMPL.ZS;
MAF;2014;SL.AGR.EMPL.ZS;
MAF;2013;SL.AGR.EMPL.ZS;
MAF;2012;SL.AGR.EMPL.ZS;
MAF;2011;SL.AGR.EMPL.ZS;
MAF;2010;SL.AGR.EMPL.ZS;
MAF;2009;SL.AGR.EMPL.ZS;
MAF;2008;SL.AGR.EMPL.ZS;
MAF;2007;SL.AGR.EMPL.ZS;
MAF;2006;SL.AGR.EMPL.ZS;
MAF;2005;SL.AGR.EMPL.ZS;
MAF;2004;SL.AGR.EMPL.ZS;
MAF;2003;SL.AGR.EMPL.ZS;
MAF;2002;SL.AGR.EMPL.ZS;
MAF;2001;SL.AGR.EMPL.ZS;
MAF;2000;SL.AGR.EMPL.ZS;
MAF;1999;SL.AGR.EMPL.ZS;
MAF;1998;SL.AGR.EMPL.ZS;
MAF;1997;SL.AGR.EMPL.ZS;
MAF;1996;SL.AGR.EMPL.ZS;
MAF;1995;SL.AGR.EMPL.ZS;
MAF;1994;SL.AGR.EMPL.ZS;
MAF;1993;SL.AGR.EMPL.ZS;
MAF;1992;SL.AGR.EMPL.ZS;
MAF;1991;SL.AGR.EMPL.ZS;
MAF;1990;SL.AGR.EMPL.ZS;
MAR;2024;SL.AGR.EMPL.ZS;
MAR;2023;SL.AGR.EMPL.ZS;29.5901227947325
MAR;2022;SL.AGR.EMPL.ZS;29.3086516703473
MAR;2021;SL.AGR.EMPL.ZS;31.2397692690106
MAR;2020;SL.AGR.EMPL.ZS;31.9970924523933
MAR;2019;SL.AGR.EMPL.ZS;32.3079696112968
MAR;2018;SL.AGR.EMPL.ZS;33.2734446404822
MAR;2017;SL.AGR.EMPL.ZS;34.2414428882227
MAR;2016;SL.AGR.EMPL.ZS;35.2343604734856
MAR;2015;SL.AGR.EMPL.ZS;36.2833096590511
MAR;2014;SL.AGR.EMPL.ZS;37.2530901075977
MAR;2013;SL.AGR.EMPL.ZS;38.0479355637502
MAR;2012;SL.AGR.EMPL.ZS;39.2180895930174
MAR;2011;SL.AGR.EMPL.ZS;39.786664995489
MAR;2010;SL.AGR.EMPL.ZS;40.033388714302
MAR;2009;SL.AGR.EMPL.ZS;40.3009555954521
MAR;2008;SL.AGR.EMPL.ZS;40.7090977581929
MAR;2007;SL.AGR.EMPL.ZS;41.7792771196598
MAR;2006;SL.AGR.EMPL.ZS;43.3954170184243
MAR;2005;SL.AGR.EMPL.ZS;45.4755792724964
MAR;2004;SL.AGR.EMPL.ZS;45.8252749883136
MAR;2003;SL.AGR.EMPL.ZS;43.8952913377267
MAR;2002;SL.AGR.EMPL.ZS;44.3866507756556
MAR;2001;SL.AGR.EMPL.ZS;45.0447983634723
MAR;2000;SL.AGR.EMPL.ZS;45.8317696133621
MAR;1999;SL.AGR.EMPL.ZS;46.5450311323672
MAR;1998;SL.AGR.EMPL.ZS;47.1509268863964
MAR;1997;SL.AGR.EMPL.ZS;47.7723696093162
MAR;1996;SL.AGR.EMPL.ZS;48.1962172197726
MAR;1995;SL.AGR.EMPL.ZS;48.7533749940049
MAR;1994;SL.AGR.EMPL.ZS;48.9731911295736
MAR;1993;SL.AGR.EMPL.ZS;49.4263558683018
MAR;1992;SL.AGR.EMPL.ZS;49.6647550459074
MAR;1991;SL.AGR.EMPL.ZS;49.9271887174222
MAR;1990;SL.AGR.EMPL.ZS;
MCO;2024;SL.AGR.EMPL.ZS;
MCO;2023;SL.AGR.EMPL.ZS;
MCO;2022;SL.AGR.EMPL.ZS;
MCO;2021;SL.AGR.EMPL.ZS;
MCO;2020;SL.AGR.EMPL.ZS;
MCO;2019;SL.AGR.EMPL.ZS;
MCO;2018;SL.AGR.EMPL.ZS;
MCO;2017;SL.AGR.EMPL.ZS;
MCO;2016;SL.AGR.EMPL.ZS;
MCO;2015;SL.AGR.EMPL.ZS;
MCO;2014;SL.AGR.EMPL.ZS;
MCO;2013;SL.AGR.EMPL.ZS;
MCO;2012;SL.AGR.EMPL.ZS;
MCO;2011;SL.AGR.EMPL.ZS;
MCO;2010;SL.AGR.EMPL.ZS;
MCO;2009;SL.AGR.EMPL.ZS;
MCO;2008;SL.AGR.EMPL.ZS;
MCO;2007;SL.AGR.EMPL.ZS;
MCO;2006;SL.AGR.EMPL.ZS;
MCO;2005;SL.AGR.EMPL.ZS;
MCO;2004;SL.AGR.EMPL.ZS;
MCO;2003;SL.AGR.EMPL.ZS;
MCO;2002;SL.AGR.EMPL.ZS;
MCO;2001;SL.AGR.EMPL.ZS;
MCO;2000;SL.AGR.EMPL.ZS;
MCO;1999;SL.AGR.EMPL.ZS;
MCO;1998;SL.AGR.EMPL.ZS;
MCO;1997;SL.AGR.EMPL.ZS;
MCO;1996;SL.AGR.EMPL.ZS;
MCO;1995;SL.AGR.EMPL.ZS;
MCO;1994;SL.AGR.EMPL.ZS;
MCO;1993;SL.AGR.EMPL.ZS;
MCO;1992;SL.AGR.EMPL.ZS;
MCO;1991;SL.AGR.EMPL.ZS;
MCO;1990;SL.AGR.EMPL.ZS;
MDA;2024;SL.AGR.EMPL.ZS;
MDA;2023;SL.AGR.EMPL.ZS;51.1362105068273
MDA;2022;SL.AGR.EMPL.ZS;55.3807642449187
MDA;2021;SL.AGR.EMPL.ZS;56.5983817717613
MDA;2020;SL.AGR.EMPL.ZS;57.5922073758803
MDA;2019;SL.AGR.EMPL.ZS;58.2699899518227
MDA;2018;SL.AGR.EMPL.ZS;59.1537807582324
MDA;2017;SL.AGR.EMPL.ZS;59.361685462757
MDA;2016;SL.AGR.EMPL.ZS;60.3905816486256
MDA;2015;SL.AGR.EMPL.ZS;59.560806493101
MDA;2014;SL.AGR.EMPL.ZS;58.7577011077875
MDA;2013;SL.AGR.EMPL.ZS;56.3451931582458
MDA;2012;SL.AGR.EMPL.ZS;55.3745321532811
MDA;2011;SL.AGR.EMPL.ZS;54.3871548511968
MDA;2010;SL.AGR.EMPL.ZS;54.5999542104172
MDA;2009;SL.AGR.EMPL.ZS;51.1390546306143
MDA;2008;SL.AGR.EMPL.ZS;49.7486072003413
MDA;2007;SL.AGR.EMPL.ZS;50.0177385219529
MDA;2006;SL.AGR.EMPL.ZS;48.8215300009599
MDA;2005;SL.AGR.EMPL.ZS;49.1301073085882
MDA;2004;SL.AGR.EMPL.ZS;49.5095275814141
MDA;2003;SL.AGR.EMPL.ZS;49.4477168506653
MDA;2002;SL.AGR.EMPL.ZS;49.6383754463654
MDA;2001;SL.AGR.EMPL.ZS;51.0242445880463
MDA;2000;SL.AGR.EMPL.ZS;50.8653599776994
MDA;1999;SL.AGR.EMPL.ZS;48.8963084259551
MDA;1998;SL.AGR.EMPL.ZS;45.6759733443375
MDA;1997;SL.AGR.EMPL.ZS;41.5552655118677
MDA;1996;SL.AGR.EMPL.ZS;42.8313100728598
MDA;1995;SL.AGR.EMPL.ZS;42.8331776690408
MDA;1994;SL.AGR.EMPL.ZS;43.8080598332748
MDA;1993;SL.AGR.EMPL.ZS;43.1279416697942
MDA;1992;SL.AGR.EMPL.ZS;39.9999676306266
MDA;1991;SL.AGR.EMPL.ZS;41.7874608100454
MDA;1990;SL.AGR.EMPL.ZS;
MDG;2024;SL.AGR.EMPL.ZS;
MDG;2023;SL.AGR.EMPL.ZS;69.3776757908118
MDG;2022;SL.AGR.EMPL.ZS;70.0664469319769
MDG;2021;SL.AGR.EMPL.ZS;71.1518299929889
MDG;2020;SL.AGR.EMPL.ZS;71.5276652526378
MDG;2019;SL.AGR.EMPL.ZS;71.7875417464592
MDG;2018;SL.AGR.EMPL.ZS;72.6270562847502
MDG;2017;SL.AGR.EMPL.ZS;73.2921060858707
MDG;2016;SL.AGR.EMPL.ZS;73.9833938662978
MDG;2015;SL.AGR.EMPL.ZS;74.6442782562332
MDG;2014;SL.AGR.EMPL.ZS;73.1068305698551
MDG;2013;SL.AGR.EMPL.ZS;71.2428672437845
MDG;2012;SL.AGR.EMPL.ZS;68.8728828523443
MDG;2011;SL.AGR.EMPL.ZS;71.245854520315
MDG;2010;SL.AGR.EMPL.ZS;73.3112998607655
MDG;2009;SL.AGR.EMPL.ZS;75.1222039190224
MDG;2008;SL.AGR.EMPL.ZS;76.3033890084417
MDG;2007;SL.AGR.EMPL.ZS;78.4229337211051
MDG;2006;SL.AGR.EMPL.ZS;80.2874424096484
MDG;2005;SL.AGR.EMPL.ZS;81.9640948597015
MDG;2004;SL.AGR.EMPL.ZS;81.9238258289484
MDG;2003;SL.AGR.EMPL.ZS;81.6375981361213
MDG;2002;SL.AGR.EMPL.ZS;81.1433826225444
MDG;2001;SL.AGR.EMPL.ZS;78.646060324848
MDG;2000;SL.AGR.EMPL.ZS;78.6661683761508
MDG;1999;SL.AGR.EMPL.ZS;78.6704239997891
MDG;1998;SL.AGR.EMPL.ZS;78.7675167757066
MDG;1997;SL.AGR.EMPL.ZS;78.8531786354426
MDG;1996;SL.AGR.EMPL.ZS;78.9640454394199
MDG;1995;SL.AGR.EMPL.ZS;79.01923101079
MDG;1994;SL.AGR.EMPL.ZS;79.0670769738712
MDG;1993;SL.AGR.EMPL.ZS;79.0242806375218
MDG;1992;SL.AGR.EMPL.ZS;79.0792268481073
MDG;1991;SL.AGR.EMPL.ZS;79.1080073630334
MDG;1990;SL.AGR.EMPL.ZS;
MDV;2024;SL.AGR.EMPL.ZS;
MDV;2023;SL.AGR.EMPL.ZS;7.70013940447661
MDV;2022;SL.AGR.EMPL.ZS;7.93881751721201
MDV;2021;SL.AGR.EMPL.ZS;8.21752435497909
MDV;2020;SL.AGR.EMPL.ZS;8.20982315927594
MDV;2019;SL.AGR.EMPL.ZS;8.00058618668322
MDV;2018;SL.AGR.EMPL.ZS;7.98701298701299
MDV;2017;SL.AGR.EMPL.ZS;8.21375507806523
MDV;2016;SL.AGR.EMPL.ZS;8.52541034433415
MDV;2015;SL.AGR.EMPL.ZS;8.29345191346062
MDV;2014;SL.AGR.EMPL.ZS;7.97896372869716
MDV;2013;SL.AGR.EMPL.ZS;9.04437516837933
MDV;2012;SL.AGR.EMPL.ZS;10.1979201610198
MDV;2011;SL.AGR.EMPL.ZS;11.3112275602918
MDV;2010;SL.AGR.EMPL.ZS;12.712626629217
MDV;2009;SL.AGR.EMPL.ZS;14.0214050353771
MDV;2008;SL.AGR.EMPL.ZS;14.6072645519373
MDV;2007;SL.AGR.EMPL.ZS;15.391169706909
MDV;2006;SL.AGR.EMPL.ZS;16.1204191976504
MDV;2005;SL.AGR.EMPL.ZS;17.2420905813828
MDV;2004;SL.AGR.EMPL.ZS;17.214756363782
MDV;2003;SL.AGR.EMPL.ZS;17.7927189242375
MDV;2002;SL.AGR.EMPL.ZS;16.7634366830108
MDV;2001;SL.AGR.EMPL.ZS;15.9428712881943
MDV;2000;SL.AGR.EMPL.ZS;14.4828042912013
MDV;1999;SL.AGR.EMPL.ZS;15.5638407842317
MDV;1998;SL.AGR.EMPL.ZS;16.6103060564257
MDV;1997;SL.AGR.EMPL.ZS;17.7288409496082
MDV;1996;SL.AGR.EMPL.ZS;19.0991864662464
MDV;1995;SL.AGR.EMPL.ZS;20.2708242045599
MDV;1994;SL.AGR.EMPL.ZS;20.716421427835
MDV;1993;SL.AGR.EMPL.ZS;21.126739007331
MDV;1992;SL.AGR.EMPL.ZS;21.4774803399793
MDV;1991;SL.AGR.EMPL.ZS;21.8101843462216
MDV;1990;SL.AGR.EMPL.ZS;
MEX;2024;SL.AGR.EMPL.ZS;
MEX;2023;SL.AGR.EMPL.ZS;11.9647552173961
MEX;2022;SL.AGR.EMPL.ZS;12.6495522168809
MEX;2021;SL.AGR.EMPL.ZS;13.3118155317994
MEX;2020;SL.AGR.EMPL.ZS;13.1669700563214
MEX;2019;SL.AGR.EMPL.ZS;13.0440885104383
MEX;2018;SL.AGR.EMPL.ZS;13.3559491915634
MEX;2017;SL.AGR.EMPL.ZS;13.6489931287543
MEX;2016;SL.AGR.EMPL.ZS;13.604458398655
MEX;2015;SL.AGR.EMPL.ZS;13.9526301605551
MEX;2014;SL.AGR.EMPL.ZS;14.3011299549038
MEX;2013;SL.AGR.EMPL.ZS;14.1977831914759
MEX;2012;SL.AGR.EMPL.ZS;14.2788461707743
MEX;2011;SL.AGR.EMPL.ZS;14.2228238035956
MEX;2010;SL.AGR.EMPL.ZS;14.63555628503
MEX;2009;SL.AGR.EMPL.ZS;14.5104410792768
MEX;2008;SL.AGR.EMPL.ZS;14.4094052698894
MEX;2007;SL.AGR.EMPL.ZS;14.4999462941046
MEX;2006;SL.AGR.EMPL.ZS;14.9555795985385
MEX;2005;SL.AGR.EMPL.ZS;15.6364540310295
MEX;2004;SL.AGR.EMPL.ZS;15.5795546237351
MEX;2003;SL.AGR.EMPL.ZS;16.3540080191267
MEX;2002;SL.AGR.EMPL.ZS;17.2040713313738
MEX;2001;SL.AGR.EMPL.ZS;17.4603019564001
MEX;2000;SL.AGR.EMPL.ZS;17.4054242107366
MEX;1999;SL.AGR.EMPL.ZS;20.221160615563
MEX;1998;SL.AGR.EMPL.ZS;19.3265772613648
MEX;1997;SL.AGR.EMPL.ZS;23.4090009422356
MEX;1996;SL.AGR.EMPL.ZS;21.9259622782747
MEX;1995;SL.AGR.EMPL.ZS;23.4781716786696
MEX;1994;SL.AGR.EMPL.ZS;24.6064605756103
MEX;1993;SL.AGR.EMPL.ZS;25.8443306896464
MEX;1992;SL.AGR.EMPL.ZS;25.9402493095
MEX;1991;SL.AGR.EMPL.ZS;25.9357352045962
MEX;1990;SL.AGR.EMPL.ZS;
MHL;2024;SL.AGR.EMPL.ZS;
MHL;2023;SL.AGR.EMPL.ZS;
MHL;2022;SL.AGR.EMPL.ZS;
MHL;2021;SL.AGR.EMPL.ZS;
MHL;2020;SL.AGR.EMPL.ZS;
MHL;2019;SL.AGR.EMPL.ZS;
MHL;2018;SL.AGR.EMPL.ZS;
MHL;2017;SL.AGR.EMPL.ZS;
MHL;2016;SL.AGR.EMPL.ZS;
MHL;2015;SL.AGR.EMPL.ZS;
MHL;2014;SL.AGR.EMPL.ZS;
MHL;2013;SL.AGR.EMPL.ZS;
MHL;2012;SL.AGR.EMPL.ZS;
MHL;2011;SL.AGR.EMPL.ZS;
MHL;2010;SL.AGR.EMPL.ZS;
MHL;2009;SL.AGR.EMPL.ZS;
MHL;2008;SL.AGR.EMPL.ZS;
MHL;2007;SL.AGR.EMPL.ZS;
MHL;2006;SL.AGR.EMPL.ZS;
MHL;2005;SL.AGR.EMPL.ZS;
MHL;2004;SL.AGR.EMPL.ZS;
MHL;2003;SL.AGR.EMPL.ZS;
MHL;2002;SL.AGR.EMPL.ZS;
MHL;2001;SL.AGR.EMPL.ZS;
MHL;2000;SL.AGR.EMPL.ZS;
MHL;1999;SL.AGR.EMPL.ZS;
MHL;1998;SL.AGR.EMPL.ZS;
MHL;1997;SL.AGR.EMPL.ZS;
MHL;1996;SL.AGR.EMPL.ZS;
MHL;1995;SL.AGR.EMPL.ZS;
MHL;1994;SL.AGR.EMPL.ZS;
MHL;1993;SL.AGR.EMPL.ZS;
MHL;1992;SL.AGR.EMPL.ZS;
MHL;1991;SL.AGR.EMPL.ZS;
MHL;1990;SL.AGR.EMPL.ZS;
MKD;2024;SL.AGR.EMPL.ZS;
MKD;2023;SL.AGR.EMPL.ZS;9.2898538188738
MKD;2022;SL.AGR.EMPL.ZS;9.51757495617679
MKD;2021;SL.AGR.EMPL.ZS;11.0754394842864
MKD;2020;SL.AGR.EMPL.ZS;11.5263586004619
MKD;2019;SL.AGR.EMPL.ZS;13.4221424707573
MKD;2018;SL.AGR.EMPL.ZS;14.7730199662431
MKD;2017;SL.AGR.EMPL.ZS;15.7093616476597
MKD;2016;SL.AGR.EMPL.ZS;16.38855881203
MKD;2015;SL.AGR.EMPL.ZS;17.8195644895277
MKD;2014;SL.AGR.EMPL.ZS;18.4642395381087
MKD;2013;SL.AGR.EMPL.ZS;18.7358501245189
MKD;2012;SL.AGR.EMPL.ZS;17.256736344589
MKD;2011;SL.AGR.EMPL.ZS;18.1892595888424
MKD;2010;SL.AGR.EMPL.ZS;18.1292651097034
MKD;2009;SL.AGR.EMPL.ZS;17.9776454782454
MKD;2008;SL.AGR.EMPL.ZS;19.3130422723939
MKD;2007;SL.AGR.EMPL.ZS;17.8864411782878
MKD;2006;SL.AGR.EMPL.ZS;19.0413410093607
MKD;2005;SL.AGR.EMPL.ZS;18.4387987568327
MKD;2004;SL.AGR.EMPL.ZS;17.7461019294559
MKD;2003;SL.AGR.EMPL.ZS;22.0382803888165
MKD;2002;SL.AGR.EMPL.ZS;23.9236032732592
MKD;2001;SL.AGR.EMPL.ZS;24.2343300889958
MKD;2000;SL.AGR.EMPL.ZS;24.6618599301355
MKD;1999;SL.AGR.EMPL.ZS;25.3714605605316
MKD;1998;SL.AGR.EMPL.ZS;25.7425484205876
MKD;1997;SL.AGR.EMPL.ZS;26.0243163759108
MKD;1996;SL.AGR.EMPL.ZS;26.2811237565047
MKD;1995;SL.AGR.EMPL.ZS;26.481488571538
MKD;1994;SL.AGR.EMPL.ZS;26.7111615768959
MKD;1993;SL.AGR.EMPL.ZS;26.8152510755833
MKD;1992;SL.AGR.EMPL.ZS;26.8366617384918
MKD;1991;SL.AGR.EMPL.ZS;26.9995764137192
MKD;1990;SL.AGR.EMPL.ZS;
MLI;2024;SL.AGR.EMPL.ZS;
MLI;2023;SL.AGR.EMPL.ZS;67.7744739190938
MLI;2022;SL.AGR.EMPL.ZS;67.9925225542912
MLI;2021;SL.AGR.EMPL.ZS;68.2478017417709
MLI;2020;SL.AGR.EMPL.ZS;68.061810998184
MLI;2019;SL.AGR.EMPL.ZS;65.5931224555919
MLI;2018;SL.AGR.EMPL.ZS;63.0028865247856
MLI;2017;SL.AGR.EMPL.ZS;63.1261023567082
MLI;2016;SL.AGR.EMPL.ZS;64.9026752410249
MLI;2015;SL.AGR.EMPL.ZS;62.2658687106375
MLI;2014;SL.AGR.EMPL.ZS;66.7015309160072
MLI;2013;SL.AGR.EMPL.ZS;73.4953181987441
MLI;2012;SL.AGR.EMPL.ZS;72.351311193884
MLI;2011;SL.AGR.EMPL.ZS;70.6935432171145
MLI;2010;SL.AGR.EMPL.ZS;69.3492878373697
MLI;2009;SL.AGR.EMPL.ZS;68.1571367581531
MLI;2008;SL.AGR.EMPL.ZS;66.7884968214825
MLI;2007;SL.AGR.EMPL.ZS;65.3638489914685
MLI;2006;SL.AGR.EMPL.ZS;63.7191034690706
MLI;2005;SL.AGR.EMPL.ZS;63.9022093344765
MLI;2004;SL.AGR.EMPL.ZS;64.4070092459432
MLI;2003;SL.AGR.EMPL.ZS;64.4192316724584
MLI;2002;SL.AGR.EMPL.ZS;65.3830281643456
MLI;2001;SL.AGR.EMPL.ZS;65.7231445699845
MLI;2000;SL.AGR.EMPL.ZS;67.2900981288862
MLI;1999;SL.AGR.EMPL.ZS;67.2786689372857
MLI;1998;SL.AGR.EMPL.ZS;67.8335691590638
MLI;1997;SL.AGR.EMPL.ZS;68.4849203233
MLI;1996;SL.AGR.EMPL.ZS;68.8953348418468
MLI;1995;SL.AGR.EMPL.ZS;69.416088876991
MLI;1994;SL.AGR.EMPL.ZS;69.5147155031926
MLI;1993;SL.AGR.EMPL.ZS;69.7908129436797
MLI;1992;SL.AGR.EMPL.ZS;69.9820086147489
MLI;1991;SL.AGR.EMPL.ZS;69.8871263239934
MLI;1990;SL.AGR.EMPL.ZS;
MLT;2024;SL.AGR.EMPL.ZS;
MLT;2023;SL.AGR.EMPL.ZS;1.11038285075375
MLT;2022;SL.AGR.EMPL.ZS;0.800824107980724
MLT;2021;SL.AGR.EMPL.ZS;0.868386526236436
MLT;2020;SL.AGR.EMPL.ZS;1.08963436880569
MLT;2019;SL.AGR.EMPL.ZS;1.01173772314003
MLT;2018;SL.AGR.EMPL.ZS;0.996183317796274
MLT;2017;SL.AGR.EMPL.ZS;0.998174456855728
MLT;2016;SL.AGR.EMPL.ZS;1.1680122294941
MLT;2015;SL.AGR.EMPL.ZS;1.46748436939986
MLT;2014;SL.AGR.EMPL.ZS;1.28076971135824
MLT;2013;SL.AGR.EMPL.ZS;1.2625770853619
MLT;2012;SL.AGR.EMPL.ZS;1.04324660133316
MLT;2011;SL.AGR.EMPL.ZS;1.1655254109965
MLT;2010;SL.AGR.EMPL.ZS;1.33681102245248
MLT;2009;SL.AGR.EMPL.ZS;1.46101433711328
MLT;2008;SL.AGR.EMPL.ZS;1.78698375855972
MLT;2007;SL.AGR.EMPL.ZS;1.82017150664944
MLT;2006;SL.AGR.EMPL.ZS;2.03279189173713
MLT;2005;SL.AGR.EMPL.ZS;2.09538085792374
MLT;2004;SL.AGR.EMPL.ZS;2.25580347678609
MLT;2003;SL.AGR.EMPL.ZS;2.45969611293577
MLT;2002;SL.AGR.EMPL.ZS;2.34195862213135
MLT;2001;SL.AGR.EMPL.ZS;2.34469917067244
MLT;2000;SL.AGR.EMPL.ZS;2.04310009783293
MLT;1999;SL.AGR.EMPL.ZS;2.1668872748285
MLT;1998;SL.AGR.EMPL.ZS;2.24268659560855
MLT;1997;SL.AGR.EMPL.ZS;2.30778263602517
MLT;1996;SL.AGR.EMPL.ZS;2.36639826876326
MLT;1995;SL.AGR.EMPL.ZS;2.4345452466701
MLT;1994;SL.AGR.EMPL.ZS;2.50001807939022
MLT;1993;SL.AGR.EMPL.ZS;2.56183293220872
MLT;1992;SL.AGR.EMPL.ZS;2.61571654173803
MLT;1991;SL.AGR.EMPL.ZS;2.6645120072156
MLT;1990;SL.AGR.EMPL.ZS;
MMR;2024;SL.AGR.EMPL.ZS;
MMR;2023;SL.AGR.EMPL.ZS;45.1986253107037
MMR;2022;SL.AGR.EMPL.ZS;45.4390162089951
MMR;2021;SL.AGR.EMPL.ZS;46.0781370347417
MMR;2020;SL.AGR.EMPL.ZS;46.4675603768429
MMR;2019;SL.AGR.EMPL.ZS;49.7566077330323
MMR;2018;SL.AGR.EMPL.ZS;48.9375252643338
MMR;2017;SL.AGR.EMPL.ZS;51.336771368082
MMR;2016;SL.AGR.EMPL.ZS;51.5412327167546
MMR;2015;SL.AGR.EMPL.ZS;51.6899963508207
MMR;2014;SL.AGR.EMPL.ZS;52.3276647941517
MMR;2013;SL.AGR.EMPL.ZS;52.640137093969
MMR;2012;SL.AGR.EMPL.ZS;52.9520109130114
MMR;2011;SL.AGR.EMPL.ZS;53.3707639105349
MMR;2010;SL.AGR.EMPL.ZS;53.8827830748901
MMR;2009;SL.AGR.EMPL.ZS;54.4782872687419
MMR;2008;SL.AGR.EMPL.ZS;55.2094736844448
MMR;2007;SL.AGR.EMPL.ZS;56.1135069747665
MMR;2006;SL.AGR.EMPL.ZS;56.7113322131779
MMR;2005;SL.AGR.EMPL.ZS;57.6176728375105
MMR;2004;SL.AGR.EMPL.ZS;58.4040099563312
MMR;2003;SL.AGR.EMPL.ZS;59.3330196287951
MMR;2002;SL.AGR.EMPL.ZS;60.3270337952403
MMR;2001;SL.AGR.EMPL.ZS;61.1640383651209
MMR;2000;SL.AGR.EMPL.ZS;61.676860118847
MMR;1999;SL.AGR.EMPL.ZS;62.4813015829151
MMR;1998;SL.AGR.EMPL.ZS;62.7597470237947
MMR;1997;SL.AGR.EMPL.ZS;63.3544866127421
MMR;1996;SL.AGR.EMPL.ZS;65.1804948022776
MMR;1995;SL.AGR.EMPL.ZS;66.8219814655652
MMR;1994;SL.AGR.EMPL.ZS;68.6864504489659
MMR;1993;SL.AGR.EMPL.ZS;68.8991452721375
MMR;1992;SL.AGR.EMPL.ZS;69.0538216574115
MMR;1991;SL.AGR.EMPL.ZS;69.6285237276885
MMR;1990;SL.AGR.EMPL.ZS;
MNE;2024;SL.AGR.EMPL.ZS;
MNE;2023;SL.AGR.EMPL.ZS;6.01530554826124
MNE;2022;SL.AGR.EMPL.ZS;6.1601543188934
MNE;2021;SL.AGR.EMPL.ZS;6.38420623794896
MNE;2020;SL.AGR.EMPL.ZS;7.50498495980343
MNE;2019;SL.AGR.EMPL.ZS;7.14950338649298
MNE;2018;SL.AGR.EMPL.ZS;8.01877489843411
MNE;2017;SL.AGR.EMPL.ZS;7.93636575359644
MNE;2016;SL.AGR.EMPL.ZS;7.74331570192495
MNE;2015;SL.AGR.EMPL.ZS;7.71969559702845
MNE;2014;SL.AGR.EMPL.ZS;5.67676749086693
MNE;2013;SL.AGR.EMPL.ZS;4.51312335316461
MNE;2012;SL.AGR.EMPL.ZS;5.65542611894543
MNE;2011;SL.AGR.EMPL.ZS;5.54934147545774
MNE;2010;SL.AGR.EMPL.ZS;5.59030374067862
MNE;2009;SL.AGR.EMPL.ZS;6.49762840084301
MNE;2008;SL.AGR.EMPL.ZS;7.49412678285315
MNE;2007;SL.AGR.EMPL.ZS;8.65457313205632
MNE;2006;SL.AGR.EMPL.ZS;8.66613549295467
MNE;2005;SL.AGR.EMPL.ZS;8.63010950627773
MNE;2004;SL.AGR.EMPL.ZS;8.99545349737793
MNE;2003;SL.AGR.EMPL.ZS;9.34956702910346
MNE;2002;SL.AGR.EMPL.ZS;9.62379702537183
MNE;2001;SL.AGR.EMPL.ZS;9.91847987546197
MNE;2000;SL.AGR.EMPL.ZS;10.2586663020409
MNE;1999;SL.AGR.EMPL.ZS;10.5372406100696
MNE;1998;SL.AGR.EMPL.ZS;10.7902508875034
MNE;1997;SL.AGR.EMPL.ZS;11.0320476375714
MNE;1996;SL.AGR.EMPL.ZS;11.2512368444724
MNE;1995;SL.AGR.EMPL.ZS;11.4541047985037
MNE;1994;SL.AGR.EMPL.ZS;11.6399693970373
MNE;1993;SL.AGR.EMPL.ZS;11.808888969394
MNE;1992;SL.AGR.EMPL.ZS;11.9635843475731
MNE;1991;SL.AGR.EMPL.ZS;12.1043624426756
MNE;1990;SL.AGR.EMPL.ZS;
MNG;2024;SL.AGR.EMPL.ZS;
MNG;2023;SL.AGR.EMPL.ZS;26.1227991504659
MNG;2022;SL.AGR.EMPL.ZS;26.4839074205834
MNG;2021;SL.AGR.EMPL.ZS;26.9170390340713
MNG;2020;SL.AGR.EMPL.ZS;25.1567185157421
MNG;2019;SL.AGR.EMPL.ZS;27.8325294871966
MNG;2018;SL.AGR.EMPL.ZS;26.6635750862159
MNG;2017;SL.AGR.EMPL.ZS;28.7824959590517
MNG;2016;SL.AGR.EMPL.ZS;30.3601421258867
MNG;2015;SL.AGR.EMPL.ZS;28.4531899241862
MNG;2014;SL.AGR.EMPL.ZS;27.9751898785866
MNG;2013;SL.AGR.EMPL.ZS;29.8167784905878
MNG;2012;SL.AGR.EMPL.ZS;35.0194505227328
MNG;2011;SL.AGR.EMPL.ZS;33.0879589441408
MNG;2010;SL.AGR.EMPL.ZS;33.5273275804864
MNG;2009;SL.AGR.EMPL.ZS;36.2087939007247
MNG;2008;SL.AGR.EMPL.ZS;38.7608634117233
MNG;2007;SL.AGR.EMPL.ZS;41.5781398293223
MNG;2006;SL.AGR.EMPL.ZS;41.7373087115168
MNG;2005;SL.AGR.EMPL.ZS;42.0307839087956
MNG;2004;SL.AGR.EMPL.ZS;41.5475822291951
MNG;2003;SL.AGR.EMPL.ZS;46.692161930091
MNG;2002;SL.AGR.EMPL.ZS;44.9471143584968
MNG;2001;SL.AGR.EMPL.ZS;48.3480222940019
MNG;2000;SL.AGR.EMPL.ZS;48.6403393709358
MNG;1999;SL.AGR.EMPL.ZS;49.4837390691841
MNG;1998;SL.AGR.EMPL.ZS;49.7350925857565
MNG;1997;SL.AGR.EMPL.ZS;48.9478416297231
MNG;1996;SL.AGR.EMPL.ZS;46.5306506780214
MNG;1995;SL.AGR.EMPL.ZS;46.1437862691334
MNG;1994;SL.AGR.EMPL.ZS;44.6959171783265
MNG;1993;SL.AGR.EMPL.ZS;44.9651351006631
MNG;1992;SL.AGR.EMPL.ZS;45.1405003036086
MNG;1991;SL.AGR.EMPL.ZS;44.4940588920219
MNG;1990;SL.AGR.EMPL.ZS;
KIR;2024;SL.IND.EMPL.ZS;
KIR;2023;SL.IND.EMPL.ZS;
KIR;2022;SL.IND.EMPL.ZS;
KIR;2021;SL.IND.EMPL.ZS;
KIR;2020;SL.IND.EMPL.ZS;
KIR;2019;SL.IND.EMPL.ZS;
KIR;2018;SL.IND.EMPL.ZS;
KIR;2017;SL.IND.EMPL.ZS;
KIR;2016;SL.IND.EMPL.ZS;
KIR;2015;SL.IND.EMPL.ZS;
KIR;2014;SL.IND.EMPL.ZS;
KIR;2013;SL.IND.EMPL.ZS;
KIR;2012;SL.IND.EMPL.ZS;
KIR;2011;SL.IND.EMPL.ZS;
KIR;2010;SL.IND.EMPL.ZS;
KIR;2009;SL.IND.EMPL.ZS;
KIR;2008;SL.IND.EMPL.ZS;
KIR;2007;SL.IND.EMPL.ZS;
KIR;2006;SL.IND.EMPL.ZS;
KIR;2005;SL.IND.EMPL.ZS;
KIR;2004;SL.IND.EMPL.ZS;
KIR;2003;SL.IND.EMPL.ZS;
KIR;2002;SL.IND.EMPL.ZS;
KIR;2001;SL.IND.EMPL.ZS;
KIR;2000;SL.IND.EMPL.ZS;
KIR;1999;SL.IND.EMPL.ZS;
KIR;1998;SL.IND.EMPL.ZS;
KIR;1997;SL.IND.EMPL.ZS;
KIR;1996;SL.IND.EMPL.ZS;
KIR;1995;SL.IND.EMPL.ZS;
KIR;1994;SL.IND.EMPL.ZS;
KIR;1993;SL.IND.EMPL.ZS;
KIR;1992;SL.IND.EMPL.ZS;
KIR;1991;SL.IND.EMPL.ZS;
KIR;1990;SL.IND.EMPL.ZS;
KNA;2024;SL.IND.EMPL.ZS;
KNA;2023;SL.IND.EMPL.ZS;
KNA;2022;SL.IND.EMPL.ZS;
KNA;2021;SL.IND.EMPL.ZS;
KNA;2020;SL.IND.EMPL.ZS;
KNA;2019;SL.IND.EMPL.ZS;
KNA;2018;SL.IND.EMPL.ZS;
KNA;2017;SL.IND.EMPL.ZS;
KNA;2016;SL.IND.EMPL.ZS;
KNA;2015;SL.IND.EMPL.ZS;
KNA;2014;SL.IND.EMPL.ZS;
KNA;2013;SL.IND.EMPL.ZS;
KNA;2012;SL.IND.EMPL.ZS;
KNA;2011;SL.IND.EMPL.ZS;
KNA;2010;SL.IND.EMPL.ZS;
KNA;2009;SL.IND.EMPL.ZS;
KNA;2008;SL.IND.EMPL.ZS;
KNA;2007;SL.IND.EMPL.ZS;
KNA;2006;SL.IND.EMPL.ZS;
KNA;2005;SL.IND.EMPL.ZS;
KNA;2004;SL.IND.EMPL.ZS;
KNA;2003;SL.IND.EMPL.ZS;
KNA;2002;SL.IND.EMPL.ZS;
KNA;2001;SL.IND.EMPL.ZS;
KNA;2000;SL.IND.EMPL.ZS;
KNA;1999;SL.IND.EMPL.ZS;
KNA;1998;SL.IND.EMPL.ZS;
KNA;1997;SL.IND.EMPL.ZS;
KNA;1996;SL.IND.EMPL.ZS;
KNA;1995;SL.IND.EMPL.ZS;
KNA;1994;SL.IND.EMPL.ZS;
KNA;1993;SL.IND.EMPL.ZS;
KNA;1992;SL.IND.EMPL.ZS;
KNA;1991;SL.IND.EMPL.ZS;
KNA;1990;SL.IND.EMPL.ZS;
KOR;2024;SL.IND.EMPL.ZS;
KOR;2023;SL.IND.EMPL.ZS;23.9914211316144
KOR;2022;SL.IND.EMPL.ZS;24.457277001614
KOR;2021;SL.IND.EMPL.ZS;24.6038815700612
KOR;2020;SL.IND.EMPL.ZS;24.6462281753405
KOR;2019;SL.IND.EMPL.ZS;24.5780920942104
KOR;2018;SL.IND.EMPL.ZS;25.2020152158589
KOR;2017;SL.IND.EMPL.ZS;25.2728183182458
KOR;2016;SL.IND.EMPL.ZS;25.1977329716528
KOR;2015;SL.IND.EMPL.ZS;25.3899231486241
KOR;2014;SL.IND.EMPL.ZS;24.8011492803625
KOR;2013;SL.IND.EMPL.ZS;24.6140365440699
KOR;2012;SL.IND.EMPL.ZS;24.4217020167897
KOR;2011;SL.IND.EMPL.ZS;24.6557147646437
KOR;2010;SL.IND.EMPL.ZS;24.8007766448204
KOR;2009;SL.IND.EMPL.ZS;24.297408833534
KOR;2008;SL.IND.EMPL.ZS;25.1344621869389
KOR;2007;SL.IND.EMPL.ZS;25.6003144825112
KOR;2006;SL.IND.EMPL.ZS;25.9596254066103
KOR;2005;SL.IND.EMPL.ZS;26.4503123416628
KOR;2004;SL.IND.EMPL.ZS;26.9564556988828
KOR;2003;SL.IND.EMPL.ZS;27.549627808168
KOR;2002;SL.IND.EMPL.ZS;27.2708065121825
KOR;2001;SL.IND.EMPL.ZS;27.3829526187321
KOR;2000;SL.IND.EMPL.ZS;28.0478656534855
KOR;1999;SL.IND.EMPL.ZS;27.5119515381962
KOR;1998;SL.IND.EMPL.ZS;27.9795320735013
KOR;1997;SL.IND.EMPL.ZS;31.4320750826617
KOR;1996;SL.IND.EMPL.ZS;32.6395556621144
KOR;1995;SL.IND.EMPL.ZS;33.4410974916975
KOR;1994;SL.IND.EMPL.ZS;33.6272503692964
KOR;1993;SL.IND.EMPL.ZS;34.0161174515789
KOR;1992;SL.IND.EMPL.ZS;35.7529843552658
KOR;1991;SL.IND.EMPL.ZS;35.9513883186361
KOR;1990;SL.IND.EMPL.ZS;
KWT;2024;SL.IND.EMPL.ZS;
KWT;2023;SL.IND.EMPL.ZS;24.9346306570836
KWT;2022;SL.IND.EMPL.ZS;25.1713228483899
KWT;2021;SL.IND.EMPL.ZS;25.2940529149786
KWT;2020;SL.IND.EMPL.ZS;24.934560204396
KWT;2019;SL.IND.EMPL.ZS;24.9548311636443
KWT;2018;SL.IND.EMPL.ZS;25.1598771255741
KWT;2017;SL.IND.EMPL.ZS;25.234401897198
KWT;2016;SL.IND.EMPL.ZS;25.0762528989538
KWT;2015;SL.IND.EMPL.ZS;24.9610398551083
KWT;2014;SL.IND.EMPL.ZS;25.0448194972703
KWT;2013;SL.IND.EMPL.ZS;25.0156019188784
KWT;2012;SL.IND.EMPL.ZS;24.8587262762176
KWT;2011;SL.IND.EMPL.ZS;24.516264828082
KWT;2010;SL.IND.EMPL.ZS;24.3818709173521
KWT;2009;SL.IND.EMPL.ZS;24.5382277541025
KWT;2008;SL.IND.EMPL.ZS;25.14186963475
KWT;2007;SL.IND.EMPL.ZS;24.2161305223597
KWT;2006;SL.IND.EMPL.ZS;23.3986677608968
KWT;2005;SL.IND.EMPL.ZS;22.4729288981635
KWT;2004;SL.IND.EMPL.ZS;19.9911751920282
KWT;2003;SL.IND.EMPL.ZS;17.8435303772213
KWT;2002;SL.IND.EMPL.ZS;18.3287867473368
KWT;2001;SL.IND.EMPL.ZS;18.8572870106069
KWT;2000;SL.IND.EMPL.ZS;19.5397588706837
KWT;1999;SL.IND.EMPL.ZS;20.0456595193407
KWT;1998;SL.IND.EMPL.ZS;20.7692621544236
KWT;1997;SL.IND.EMPL.ZS;21.5663657618762
KWT;1996;SL.IND.EMPL.ZS;22.3115334032852
KWT;1995;SL.IND.EMPL.ZS;23.1121504693816
KWT;1994;SL.IND.EMPL.ZS;23.3198751381109
KWT;1993;SL.IND.EMPL.ZS;23.204492444551
KWT;1992;SL.IND.EMPL.ZS;22.4897419578887
KWT;1991;SL.IND.EMPL.ZS;21.8042746356272
KWT;1990;SL.IND.EMPL.ZS;
LAO;2024;SL.IND.EMPL.ZS;
LAO;2023;SL.IND.EMPL.ZS;7.33316618973104
LAO;2022;SL.IND.EMPL.ZS;7.17838785914774
LAO;2021;SL.IND.EMPL.ZS;7.78039448577865
LAO;2020;SL.IND.EMPL.ZS;8.14246417148381
LAO;2019;SL.IND.EMPL.ZS;8.58059812605663
LAO;2018;SL.IND.EMPL.ZS;9.13336694951349
LAO;2017;SL.IND.EMPL.ZS;9.73556099027047
LAO;2016;SL.IND.EMPL.ZS;9.53377670621304
LAO;2015;SL.IND.EMPL.ZS;9.35908652865995
LAO;2014;SL.IND.EMPL.ZS;9.14603250057892
LAO;2013;SL.IND.EMPL.ZS;8.94862391023948
LAO;2012;SL.IND.EMPL.ZS;8.71919463076638
LAO;2011;SL.IND.EMPL.ZS;8.52560915468151
LAO;2010;SL.IND.EMPL.ZS;8.31545374994918
LAO;2009;SL.IND.EMPL.ZS;7.88806377183495
LAO;2008;SL.IND.EMPL.ZS;7.33518829026997
LAO;2007;SL.IND.EMPL.ZS;6.95818608550474
LAO;2006;SL.IND.EMPL.ZS;6.55562240028345
LAO;2005;SL.IND.EMPL.ZS;6.20281956280808
LAO;2004;SL.IND.EMPL.ZS;5.8882854510526
LAO;2003;SL.IND.EMPL.ZS;5.57128901382617
LAO;2002;SL.IND.EMPL.ZS;5.31255977413983
LAO;2001;SL.IND.EMPL.ZS;4.99312554297775
LAO;2000;SL.IND.EMPL.ZS;4.71482735483816
LAO;1999;SL.IND.EMPL.ZS;4.49488614092674
LAO;1998;SL.IND.EMPL.ZS;4.25267874873245
LAO;1997;SL.IND.EMPL.ZS;4.17666036342333
LAO;1996;SL.IND.EMPL.ZS;3.74798241349181
LAO;1995;SL.IND.EMPL.ZS;3.5193285666034
LAO;1994;SL.IND.EMPL.ZS;3.37464319014654
LAO;1993;SL.IND.EMPL.ZS;3.2619975598395
LAO;1992;SL.IND.EMPL.ZS;3.17619289736671
LAO;1991;SL.IND.EMPL.ZS;3.10919612241029
LAO;1990;SL.IND.EMPL.ZS;
LBN;2024;SL.IND.EMPL.ZS;
LBN;2023;SL.IND.EMPL.ZS;20.3260465241022
LBN;2022;SL.IND.EMPL.ZS;20.5080313784087
LBN;2021;SL.IND.EMPL.ZS;20.7218090687686
LBN;2020;SL.IND.EMPL.ZS;20.5810299421713
LBN;2019;SL.IND.EMPL.ZS;20.5348059955235
LBN;2018;SL.IND.EMPL.ZS;21.2254038057853
LBN;2017;SL.IND.EMPL.ZS;21.6651200526847
LBN;2016;SL.IND.EMPL.ZS;21.9676630930588
LBN;2015;SL.IND.EMPL.ZS;22.1378306603375
LBN;2014;SL.IND.EMPL.ZS;22.5358633030965
LBN;2013;SL.IND.EMPL.ZS;22.9340188251202
LBN;2012;SL.IND.EMPL.ZS;23.0814645334177
LBN;2011;SL.IND.EMPL.ZS;23.1466321368376
LBN;2010;SL.IND.EMPL.ZS;23.2703277226194
LBN;2009;SL.IND.EMPL.ZS;23.402402649836
LBN;2008;SL.IND.EMPL.ZS;23.1544932519935
LBN;2007;SL.IND.EMPL.ZS;23.0002935906132
LBN;2006;SL.IND.EMPL.ZS;22.7947252533398
LBN;2005;SL.IND.EMPL.ZS;23.0241690462079
LBN;2004;SL.IND.EMPL.ZS;23.2134050558925
LBN;2003;SL.IND.EMPL.ZS;23.2860265417642
LBN;2002;SL.IND.EMPL.ZS;23.4911475535755
LBN;2001;SL.IND.EMPL.ZS;23.7346934256464
LBN;2000;SL.IND.EMPL.ZS;23.8567329840111
LBN;1999;SL.IND.EMPL.ZS;24.2321002552153
LBN;1998;SL.IND.EMPL.ZS;24.6490243469718
LBN;1997;SL.IND.EMPL.ZS;24.6765621263664
LBN;1996;SL.IND.EMPL.ZS;25.0230666390495
LBN;1995;SL.IND.EMPL.ZS;25.1293851463928
LBN;1994;SL.IND.EMPL.ZS;25.123016939376
LBN;1993;SL.IND.EMPL.ZS;25.0927573419709
LBN;1992;SL.IND.EMPL.ZS;24.9318378124164
LBN;1991;SL.IND.EMPL.ZS;24.6055408598995
LBN;1990;SL.IND.EMPL.ZS;
LBR;2024;SL.IND.EMPL.ZS;
LBR;2023;SL.IND.EMPL.ZS;8.20670077887462
LBR;2022;SL.IND.EMPL.ZS;8.15056414973826
LBR;2021;SL.IND.EMPL.ZS;8.15948588726488
LBR;2020;SL.IND.EMPL.ZS;8.14467965283423
LBR;2019;SL.IND.EMPL.ZS;7.94427845053803
LBR;2018;SL.IND.EMPL.ZS;8.09658400080808
LBR;2017;SL.IND.EMPL.ZS;8.22153907938269
LBR;2016;SL.IND.EMPL.ZS;8.49560124320868
LBR;2015;SL.IND.EMPL.ZS;8.93204172876304
LBR;2014;SL.IND.EMPL.ZS;9.3574106448125
LBR;2013;SL.IND.EMPL.ZS;9.79535874120247
LBR;2012;SL.IND.EMPL.ZS;10.0784426356936
LBR;2011;SL.IND.EMPL.ZS;10.4331083360532
LBR;2010;SL.IND.EMPL.ZS;10.7859944608007
LBR;2009;SL.IND.EMPL.ZS;10.8830888041842
LBR;2008;SL.IND.EMPL.ZS;10.9917761813121
LBR;2007;SL.IND.EMPL.ZS;10.9455743272658
LBR;2006;SL.IND.EMPL.ZS;10.8210569031893
LBR;2005;SL.IND.EMPL.ZS;10.7234175550345
LBR;2004;SL.IND.EMPL.ZS;10.6888940288658
LBR;2003;SL.IND.EMPL.ZS;10.7010099016415
LBR;2002;SL.IND.EMPL.ZS;11.2533986004945
LBR;2001;SL.IND.EMPL.ZS;11.1988311766495
LBR;2000;SL.IND.EMPL.ZS;11.1921698140959
LBR;1999;SL.IND.EMPL.ZS;11.1061942153639
LBR;1998;SL.IND.EMPL.ZS;11.0385820965933
LBR;1997;SL.IND.EMPL.ZS;10.9120902965325
LBR;1996;SL.IND.EMPL.ZS;10.8361503249648
LBR;1995;SL.IND.EMPL.ZS;11.209328629871
LBR;1994;SL.IND.EMPL.ZS;11.5416314130525
LBR;1993;SL.IND.EMPL.ZS;11.9449076308745
LBR;1992;SL.IND.EMPL.ZS;12.2709427829093
LBR;1991;SL.IND.EMPL.ZS;12.5749979352795
LBR;1990;SL.IND.EMPL.ZS;
LBY;2024;SL.IND.EMPL.ZS;
LBY;2023;SL.IND.EMPL.ZS;23.182873420301
LBY;2022;SL.IND.EMPL.ZS;23.2093118195478
LBY;2021;SL.IND.EMPL.ZS;23.3589481944657
LBY;2020;SL.IND.EMPL.ZS;23.1897040819374
LBY;2019;SL.IND.EMPL.ZS;23.4479584016952
LBY;2018;SL.IND.EMPL.ZS;24.1349309095016
LBY;2017;SL.IND.EMPL.ZS;23.8861111452795
LBY;2016;SL.IND.EMPL.ZS;22.889642709256
LBY;2015;SL.IND.EMPL.ZS;23.3123508069701
LBY;2014;SL.IND.EMPL.ZS;23.7085430723644
LBY;2013;SL.IND.EMPL.ZS;24.9988684671385
LBY;2012;SL.IND.EMPL.ZS;26.2306330733863
LBY;2011;SL.IND.EMPL.ZS;26.2621916732038
LBY;2010;SL.IND.EMPL.ZS;26.9240584477817
LBY;2009;SL.IND.EMPL.ZS;26.9552006909452
LBY;2008;SL.IND.EMPL.ZS;27.7123366715117
LBY;2007;SL.IND.EMPL.ZS;27.9076034035694
LBY;2006;SL.IND.EMPL.ZS;28.022229308183
LBY;2005;SL.IND.EMPL.ZS;27.7490474755077
LBY;2004;SL.IND.EMPL.ZS;27.3782600011701
LBY;2003;SL.IND.EMPL.ZS;27.3939494325221
LBY;2002;SL.IND.EMPL.ZS;27.1215786357881
LBY;2001;SL.IND.EMPL.ZS;27.4490580017394
LBY;2000;SL.IND.EMPL.ZS;27.8639576297773
LBY;1999;SL.IND.EMPL.ZS;27.7828918959735
LBY;1998;SL.IND.EMPL.ZS;27.9024239680001
LBY;1997;SL.IND.EMPL.ZS;28.2436250509168
LBY;1996;SL.IND.EMPL.ZS;28.5474343367566
LBY;1995;SL.IND.EMPL.ZS;28.6223191947098
LBY;1994;SL.IND.EMPL.ZS;29.1709918178848
LBY;1993;SL.IND.EMPL.ZS;29.2758990351818
LBY;1992;SL.IND.EMPL.ZS;29.5585328696579
LBY;1991;SL.IND.EMPL.ZS;29.8053303577998
LBY;1990;SL.IND.EMPL.ZS;
LCA;2024;SL.IND.EMPL.ZS;
LCA;2023;SL.IND.EMPL.ZS;17.021253129515
LCA;2022;SL.IND.EMPL.ZS;16.9132173095014
LCA;2021;SL.IND.EMPL.ZS;16.0540412169829
LCA;2020;SL.IND.EMPL.ZS;15.059526877287
LCA;2019;SL.IND.EMPL.ZS;14.6894618296832
LCA;2018;SL.IND.EMPL.ZS;14.8263806810406
LCA;2017;SL.IND.EMPL.ZS;16.3426726041049
LCA;2016;SL.IND.EMPL.ZS;16.7344574591325
LCA;2015;SL.IND.EMPL.ZS;17.0991964168094
LCA;2014;SL.IND.EMPL.ZS;17.3784264096074
LCA;2013;SL.IND.EMPL.ZS;17.7789077316329
LCA;2012;SL.IND.EMPL.ZS;18.2616282972012
LCA;2011;SL.IND.EMPL.ZS;18.7162710063473
LCA;2010;SL.IND.EMPL.ZS;19.1354491001243
LCA;2009;SL.IND.EMPL.ZS;19.7168744502925
LCA;2008;SL.IND.EMPL.ZS;20.1856308960633
LCA;2007;SL.IND.EMPL.ZS;20.5083650463129
LCA;2006;SL.IND.EMPL.ZS;21.2773640261792
LCA;2005;SL.IND.EMPL.ZS;20.3139412831197
LCA;2004;SL.IND.EMPL.ZS;17.8228263416921
LCA;2003;SL.IND.EMPL.ZS;17.832478037749
LCA;2002;SL.IND.EMPL.ZS;19.8433556696545
LCA;2001;SL.IND.EMPL.ZS;20.1912858660999
LCA;2000;SL.IND.EMPL.ZS;20.5675242278463
LCA;1999;SL.IND.EMPL.ZS;19.224706744868
LCA;1998;SL.IND.EMPL.ZS;18.7544554455446
LCA;1997;SL.IND.EMPL.ZS;20.2695363572362
LCA;1996;SL.IND.EMPL.ZS;22.5738810065062
LCA;1995;SL.IND.EMPL.ZS;21.2233660521906
LCA;1994;SL.IND.EMPL.ZS;21.5319025642087
LCA;1993;SL.IND.EMPL.ZS;22.4543631951039
LCA;1992;SL.IND.EMPL.ZS;22.8245670646445
LCA;1991;SL.IND.EMPL.ZS;22.8212573138005
LCA;1990;SL.IND.EMPL.ZS;
LIE;2024;SL.IND.EMPL.ZS;
LIE;2023;SL.IND.EMPL.ZS;
LIE;2022;SL.IND.EMPL.ZS;
LIE;2021;SL.IND.EMPL.ZS;
LIE;2020;SL.IND.EMPL.ZS;
LIE;2019;SL.IND.EMPL.ZS;
LIE;2018;SL.IND.EMPL.ZS;
LIE;2017;SL.IND.EMPL.ZS;
LIE;2016;SL.IND.EMPL.ZS;
LIE;2015;SL.IND.EMPL.ZS;
LIE;2014;SL.IND.EMPL.ZS;
LIE;2013;SL.IND.EMPL.ZS;
LIE;2012;SL.IND.EMPL.ZS;
LIE;2011;SL.IND.EMPL.ZS;
LIE;2010;SL.IND.EMPL.ZS;
LIE;2009;SL.IND.EMPL.ZS;
LIE;2008;SL.IND.EMPL.ZS;
LIE;2007;SL.IND.EMPL.ZS;
LIE;2006;SL.IND.EMPL.ZS;
LIE;2005;SL.IND.EMPL.ZS;
LIE;2004;SL.IND.EMPL.ZS;
LIE;2003;SL.IND.EMPL.ZS;
LIE;2002;SL.IND.EMPL.ZS;
LIE;2001;SL.IND.EMPL.ZS;
LIE;2000;SL.IND.EMPL.ZS;
LIE;1999;SL.IND.EMPL.ZS;
LIE;1998;SL.IND.EMPL.ZS;
LIE;1997;SL.IND.EMPL.ZS;
LIE;1996;SL.IND.EMPL.ZS;
LIE;1995;SL.IND.EMPL.ZS;
LIE;1994;SL.IND.EMPL.ZS;
LIE;1993;SL.IND.EMPL.ZS;
LIE;1992;SL.IND.EMPL.ZS;
LIE;1991;SL.IND.EMPL.ZS;
LIE;1990;SL.IND.EMPL.ZS;
LKA;2024;SL.IND.EMPL.ZS;
LKA;2023;SL.IND.EMPL.ZS;26.3972859163462
LKA;2022;SL.IND.EMPL.ZS;26.4883494230492
LKA;2021;SL.IND.EMPL.ZS;25.9996297443835
LKA;2020;SL.IND.EMPL.ZS;26.9123844787439
LKA;2019;SL.IND.EMPL.ZS;27.6067200333817
LKA;2018;SL.IND.EMPL.ZS;27.9378170929559
LKA;2017;SL.IND.EMPL.ZS;28.404528702996
LKA;2016;SL.IND.EMPL.ZS;26.391378230045
LKA;2015;SL.IND.EMPL.ZS;25.7716385974147
LKA;2014;SL.IND.EMPL.ZS;26.3452981314889
LKA;2013;SL.IND.EMPL.ZS;25.834757400978
LKA;2012;SL.IND.EMPL.ZS;26.0702891366507
LKA;2011;SL.IND.EMPL.ZS;24.8091079988815
LKA;2010;SL.IND.EMPL.ZS;24.8448637908196
LKA;2009;SL.IND.EMPL.ZS;25.8387620832949
LKA;2008;SL.IND.EMPL.ZS;27.2330407258878
LKA;2007;SL.IND.EMPL.ZS;27.2213257828942
LKA;2006;SL.IND.EMPL.ZS;27.1419272227273
LKA;2005;SL.IND.EMPL.ZS;27.4268323771666
LKA;2004;SL.IND.EMPL.ZS;24.4792349775926
LKA;2003;SL.IND.EMPL.ZS;23.6176162505809
LKA;2002;SL.IND.EMPL.ZS;23.5029292972794
LKA;2001;SL.IND.EMPL.ZS;22.9085490117759
LKA;2000;SL.IND.EMPL.ZS;22.5665161193556
LKA;1999;SL.IND.EMPL.ZS;22.0907502146955
LKA;1998;SL.IND.EMPL.ZS;21.5698383860769
LKA;1997;SL.IND.EMPL.ZS;22.2483034741278
LKA;1996;SL.IND.EMPL.ZS;21.9245903050142
LKA;1995;SL.IND.EMPL.ZS;23.0611123795615
LKA;1994;SL.IND.EMPL.ZS;21.7031428095606
LKA;1993;SL.IND.EMPL.ZS;19.302807131597
LKA;1992;SL.IND.EMPL.ZS;19.0065048358378
LKA;1991;SL.IND.EMPL.ZS;19.7891682558997
LKA;1990;SL.IND.EMPL.ZS;
LSO;2024;SL.IND.EMPL.ZS;
LSO;2023;SL.IND.EMPL.ZS;34.8508195576156
LSO;2022;SL.IND.EMPL.ZS;34.7915780370605
LSO;2021;SL.IND.EMPL.ZS;34.6506224213028
LSO;2020;SL.IND.EMPL.ZS;34.400816245927
LSO;2019;SL.IND.EMPL.ZS;34.3746814573851
LSO;2018;SL.IND.EMPL.ZS;34.0248641044053
LSO;2017;SL.IND.EMPL.ZS;33.9064415977458
LSO;2016;SL.IND.EMPL.ZS;34.1058723013189
LSO;2015;SL.IND.EMPL.ZS;33.8882494969245
LSO;2014;SL.IND.EMPL.ZS;33.4706270105313
LSO;2013;SL.IND.EMPL.ZS;33.1750785799839
LSO;2012;SL.IND.EMPL.ZS;33.0804164046671
LSO;2011;SL.IND.EMPL.ZS;32.6670993955845
LSO;2010;SL.IND.EMPL.ZS;32.2739011552588
LSO;2009;SL.IND.EMPL.ZS;31.9177386856244
LSO;2008;SL.IND.EMPL.ZS;32.2248659926221
LSO;2007;SL.IND.EMPL.ZS;31.1247606376627
LSO;2006;SL.IND.EMPL.ZS;30.24074855776
LSO;2005;SL.IND.EMPL.ZS;28.9783465969332
LSO;2004;SL.IND.EMPL.ZS;27.9501602269317
LSO;2003;SL.IND.EMPL.ZS;26.9869133264817
LSO;2002;SL.IND.EMPL.ZS;25.9029077476278
LSO;2001;SL.IND.EMPL.ZS;25.0231699798717
LSO;2000;SL.IND.EMPL.ZS;24.019010231144
LSO;1999;SL.IND.EMPL.ZS;22.9614648228922
LSO;1998;SL.IND.EMPL.ZS;22.1876803826173
LSO;1997;SL.IND.EMPL.ZS;21.3927170479397
LSO;1996;SL.IND.EMPL.ZS;20.8505047808401
LSO;1995;SL.IND.EMPL.ZS;20.155125096739
LSO;1994;SL.IND.EMPL.ZS;19.6901459457502
LSO;1993;SL.IND.EMPL.ZS;19.3686145037831
LSO;1992;SL.IND.EMPL.ZS;19.1575910048056
LSO;1991;SL.IND.EMPL.ZS;18.8807883816162
LSO;1990;SL.IND.EMPL.ZS;
LTU;2024;SL.IND.EMPL.ZS;
LTU;2023;SL.IND.EMPL.ZS;25.8297373888981
LTU;2022;SL.IND.EMPL.ZS;25.7271821483731
LTU;2021;SL.IND.EMPL.ZS;26.2534326901364
LTU;2020;SL.IND.EMPL.ZS;25.36454953707
LTU;2019;SL.IND.EMPL.ZS;25.6996937572251
LTU;2018;SL.IND.EMPL.ZS;25.7673574398585
LTU;2017;SL.IND.EMPL.ZS;25.1338471885453
LTU;2016;SL.IND.EMPL.ZS;25.1374193344276
LTU;2015;SL.IND.EMPL.ZS;25.0726342599778
LTU;2014;SL.IND.EMPL.ZS;24.7236966741976
LTU;2013;SL.IND.EMPL.ZS;25.5250703989869
LTU;2012;SL.IND.EMPL.ZS;25.0833719696025
LTU;2011;SL.IND.EMPL.ZS;24.5580243681273
LTU;2010;SL.IND.EMPL.ZS;24.5594454168871
LTU;2009;SL.IND.EMPL.ZS;26.8489607587766
LTU;2008;SL.IND.EMPL.ZS;30.5166922086162
LTU;2007;SL.IND.EMPL.ZS;30.5485217463537
LTU;2006;SL.IND.EMPL.ZS;29.5708517627929
LTU;2005;SL.IND.EMPL.ZS;29.0598188449609
LTU;2004;SL.IND.EMPL.ZS;28.2035689601536
LTU;2003;SL.IND.EMPL.ZS;27.2358164852998
LTU;2002;SL.IND.EMPL.ZS;27.369223659236
LTU;2001;SL.IND.EMPL.ZS;26.6369708191206
LTU;2000;SL.IND.EMPL.ZS;26.7772005375036
LTU;1999;SL.IND.EMPL.ZS;27.0699942233659
LTU;1998;SL.IND.EMPL.ZS;29.0683784689206
LTU;1997;SL.IND.EMPL.ZS;28.5205392129291
LTU;1996;SL.IND.EMPL.ZS;28.2965839076912
LTU;1995;SL.IND.EMPL.ZS;28.3928164723995
LTU;1994;SL.IND.EMPL.ZS;28.6825725149846
LTU;1993;SL.IND.EMPL.ZS;28.7589073485155
LTU;1992;SL.IND.EMPL.ZS;28.8156890927592
LTU;1991;SL.IND.EMPL.ZS;29.3349726915747
LTU;1990;SL.IND.EMPL.ZS;
LUX;2024;SL.IND.EMPL.ZS;
LUX;2023;SL.IND.EMPL.ZS;9.60147700899555
LUX;2022;SL.IND.EMPL.ZS;9.19181614490105
LUX;2021;SL.IND.EMPL.ZS;9.37607004451385
LUX;2020;SL.IND.EMPL.ZS;10.3642456595322
LUX;2019;SL.IND.EMPL.ZS;10.8118625599794
LUX;2018;SL.IND.EMPL.ZS;11.752138993493
LUX;2017;SL.IND.EMPL.ZS;10.7649183914333
LUX;2016;SL.IND.EMPL.ZS;12.0494881748177
LUX;2015;SL.IND.EMPL.ZS;12.5236640645624
LUX;2014;SL.IND.EMPL.ZS;10.983127459767
LUX;2013;SL.IND.EMPL.ZS;12.0435677543836
LUX;2012;SL.IND.EMPL.ZS;12.6729719957928
LUX;2011;SL.IND.EMPL.ZS;13.360108599789
LUX;2010;SL.IND.EMPL.ZS;13.3455057782538
LUX;2009;SL.IND.EMPL.ZS;12.9099821946745
LUX;2008;SL.IND.EMPL.ZS;15.2792158976468
LUX;2007;SL.IND.EMPL.ZS;16.9210910047092
LUX;2006;SL.IND.EMPL.ZS;16.6935606487908
LUX;2005;SL.IND.EMPL.ZS;17.2973323166933
LUX;2004;SL.IND.EMPL.ZS;18.8542782201114
LUX;2003;SL.IND.EMPL.ZS;19.2860796608114
LUX;2002;SL.IND.EMPL.ZS;20.0918957541241
LUX;2001;SL.IND.EMPL.ZS;21.426631375452
LUX;2000;SL.IND.EMPL.ZS;20.7927602006001
LUX;1999;SL.IND.EMPL.ZS;21.9845503963379
LUX;1998;SL.IND.EMPL.ZS;21.608162414444
LUX;1997;SL.IND.EMPL.ZS;23.3236596019113
LUX;1996;SL.IND.EMPL.ZS;22.9394168738963
LUX;1995;SL.IND.EMPL.ZS;25.2563850928629
LUX;1994;SL.IND.EMPL.ZS;26.9753536619914
LUX;1993;SL.IND.EMPL.ZS;26.4234918194268
LUX;1992;SL.IND.EMPL.ZS;26.5795298199438
LUX;1991;SL.IND.EMPL.ZS;26.7093272703937
LUX;1990;SL.IND.EMPL.ZS;
LVA;2024;SL.IND.EMPL.ZS;
LVA;2023;SL.IND.EMPL.ZS;22.9208873414002
LVA;2022;SL.IND.EMPL.ZS;23.6350374717431
LVA;2021;SL.IND.EMPL.ZS;23.5085765583541
LVA;2020;SL.IND.EMPL.ZS;23.6383517011335
LVA;2019;SL.IND.EMPL.ZS;23.7190756604558
LVA;2018;SL.IND.EMPL.ZS;23.6606193211171
LVA;2017;SL.IND.EMPL.ZS;23.3072640202775
LVA;2016;SL.IND.EMPL.ZS;24.1140345249446
LVA;2015;SL.IND.EMPL.ZS;23.6455165019281
LVA;2014;SL.IND.EMPL.ZS;23.8475023083408
LVA;2013;SL.IND.EMPL.ZS;23.9218028986281
LVA;2012;SL.IND.EMPL.ZS;23.477010680991
LVA;2011;SL.IND.EMPL.ZS;22.9083614728313
LVA;2010;SL.IND.EMPL.ZS;23.0742617221401
LVA;2009;SL.IND.EMPL.ZS;24.3430478367805
LVA;2008;SL.IND.EMPL.ZS;29.3989351888458
LVA;2007;SL.IND.EMPL.ZS;28.6334036109079
LVA;2006;SL.IND.EMPL.ZS;27.3691396835578
LVA;2005;SL.IND.EMPL.ZS;26.4762240089224
LVA;2004;SL.IND.EMPL.ZS;26.9406110050231
LVA;2003;SL.IND.EMPL.ZS;27.0728678377656
LVA;2002;SL.IND.EMPL.ZS;25.5345711891857
LVA;2001;SL.IND.EMPL.ZS;26.2673957577907
LVA;2000;SL.IND.EMPL.ZS;26.7582316969305
LVA;1999;SL.IND.EMPL.ZS;25.7563231549936
LVA;1998;SL.IND.EMPL.ZS;27.0513018306422
LVA;1997;SL.IND.EMPL.ZS;27.1227522812668
LVA;1996;SL.IND.EMPL.ZS;27.0623780640558
LVA;1995;SL.IND.EMPL.ZS;27.1953356076902
LVA;1994;SL.IND.EMPL.ZS;27.5598598804863
LVA;1993;SL.IND.EMPL.ZS;27.6157687941852
LVA;1992;SL.IND.EMPL.ZS;28.3448316832706
LVA;1991;SL.IND.EMPL.ZS;28.8388918241725
LVA;1990;SL.IND.EMPL.ZS;
MAC;2024;SL.IND.EMPL.ZS;
MAC;2023;SL.IND.EMPL.ZS;14.4217683581292
MAC;2022;SL.IND.EMPL.ZS;14.7207386711211
MAC;2021;SL.IND.EMPL.ZS;14.1290338571358
MAC;2020;SL.IND.EMPL.ZS;14.8157256969529
MAC;2019;SL.IND.EMPL.ZS;12.5393615374661
MAC;2018;SL.IND.EMPL.ZS;12.9424299936736
MAC;2017;SL.IND.EMPL.ZS;13.6554347428536
MAC;2016;SL.IND.EMPL.ZS;17.3049596596006
MAC;2015;SL.IND.EMPL.ZS;19.8555381892386
MAC;2014;SL.IND.EMPL.ZS;19.2519452154525
MAC;2013;SL.IND.EMPL.ZS;18.8626888039239
MAC;2012;SL.IND.EMPL.ZS;19.4910464465585
MAC;2011;SL.IND.EMPL.ZS;20.0360757188617
MAC;2010;SL.IND.EMPL.ZS;20.7954239166242
MAC;2009;SL.IND.EMPL.ZS;22.6592174593134
MAC;2008;SL.IND.EMPL.ZS;25.9991648196332
MAC;2007;SL.IND.EMPL.ZS;26.9469188778143
MAC;2006;SL.IND.EMPL.ZS;26.574454258116
MAC;2005;SL.IND.EMPL.ZS;24.2359889968126
MAC;2004;SL.IND.EMPL.ZS;22.5783288153165
MAC;2003;SL.IND.EMPL.ZS;23.0870928917904
MAC;2002;SL.IND.EMPL.ZS;23.1441429030629
MAC;2001;SL.IND.EMPL.ZS;23.5350783164675
MAC;2000;SL.IND.EMPL.ZS;24.2000135878796
MAC;1999;SL.IND.EMPL.ZS;25.2470937422706
MAC;1998;SL.IND.EMPL.ZS;25.9025492288195
MAC;1997;SL.IND.EMPL.ZS;26.5280266511874
MAC;1996;SL.IND.EMPL.ZS;27.0884087278209
MAC;1995;SL.IND.EMPL.ZS;27.8046501401638
MAC;1994;SL.IND.EMPL.ZS;28.4365037420939
MAC;1993;SL.IND.EMPL.ZS;28.9334377818924
MAC;1992;SL.IND.EMPL.ZS;29.3339090601885
MAC;1991;SL.IND.EMPL.ZS;29.5819081674959
MAC;1990;SL.IND.EMPL.ZS;
MAF;2024;SL.IND.EMPL.ZS;
MAF;2023;SL.IND.EMPL.ZS;
MAF;2022;SL.IND.EMPL.ZS;
MAF;2021;SL.IND.EMPL.ZS;
MAF;2020;SL.IND.EMPL.ZS;
MAF;2019;SL.IND.EMPL.ZS;
MAF;2018;SL.IND.EMPL.ZS;
MAF;2017;SL.IND.EMPL.ZS;
MAF;2016;SL.IND.EMPL.ZS;
MAF;2015;SL.IND.EMPL.ZS;
MAF;2014;SL.IND.EMPL.ZS;
MAF;2013;SL.IND.EMPL.ZS;
MAF;2012;SL.IND.EMPL.ZS;
MAF;2011;SL.IND.EMPL.ZS;
MAF;2010;SL.IND.EMPL.ZS;
MAF;2009;SL.IND.EMPL.ZS;
MAF;2008;SL.IND.EMPL.ZS;
MAF;2007;SL.IND.EMPL.ZS;
MAF;2006;SL.IND.EMPL.ZS;
MAF;2005;SL.IND.EMPL.ZS;
MAF;2004;SL.IND.EMPL.ZS;
MAF;2003;SL.IND.EMPL.ZS;
MAF;2002;SL.IND.EMPL.ZS;
MAF;2001;SL.IND.EMPL.ZS;
MAF;2000;SL.IND.EMPL.ZS;
MAF;1999;SL.IND.EMPL.ZS;
MAF;1998;SL.IND.EMPL.ZS;
MAF;1997;SL.IND.EMPL.ZS;
MAF;1996;SL.IND.EMPL.ZS;
MAF;1995;SL.IND.EMPL.ZS;
MAF;1994;SL.IND.EMPL.ZS;
MAF;1993;SL.IND.EMPL.ZS;
MAF;1992;SL.IND.EMPL.ZS;
MAF;1991;SL.IND.EMPL.ZS;
MAF;1990;SL.IND.EMPL.ZS;
MAR;2024;SL.IND.EMPL.ZS;
MAR;2023;SL.IND.EMPL.ZS;24.1346602549688
MAR;2022;SL.IND.EMPL.ZS;24.0843855042136
MAR;2021;SL.IND.EMPL.ZS;23.8501216770381
MAR;2020;SL.IND.EMPL.ZS;23.4559349871145
MAR;2019;SL.IND.EMPL.ZS;23.3528548318774
MAR;2018;SL.IND.EMPL.ZS;23.0895452957169
MAR;2017;SL.IND.EMPL.ZS;22.7930581210501
MAR;2016;SL.IND.EMPL.ZS;22.3619849928923
MAR;2015;SL.IND.EMPL.ZS;22.2641904096445
MAR;2014;SL.IND.EMPL.ZS;21.9427980653762
MAR;2013;SL.IND.EMPL.ZS;21.8893536718303
MAR;2012;SL.IND.EMPL.ZS;21.3845033663088
MAR;2011;SL.IND.EMPL.ZS;21.8496326020275
MAR;2010;SL.IND.EMPL.ZS;22.173552051985
MAR;2009;SL.IND.EMPL.ZS;22.3010868153683
MAR;2008;SL.IND.EMPL.ZS;22.4033006186147
MAR;2007;SL.IND.EMPL.ZS;21.7083286937696
MAR;2006;SL.IND.EMPL.ZS;20.3128243246458
MAR;2005;SL.IND.EMPL.ZS;19.5097388539007
MAR;2004;SL.IND.EMPL.ZS;19.4785412415257
MAR;2003;SL.IND.EMPL.ZS;20.1811226533875
MAR;2002;SL.IND.EMPL.ZS;20.1084849861516
MAR;2001;SL.IND.EMPL.ZS;20.0442896809299
MAR;2000;SL.IND.EMPL.ZS;19.7348530055297
MAR;1999;SL.IND.EMPL.ZS;19.6708473598059
MAR;1998;SL.IND.EMPL.ZS;19.602363973867
MAR;1997;SL.IND.EMPL.ZS;19.2808360680359
MAR;1996;SL.IND.EMPL.ZS;19.3778877191502
MAR;1995;SL.IND.EMPL.ZS;18.9770551070575
MAR;1994;SL.IND.EMPL.ZS;19.2001750778814
MAR;1993;SL.IND.EMPL.ZS;18.9018675827136
MAR;1992;SL.IND.EMPL.ZS;18.9547596775618
MAR;1991;SL.IND.EMPL.ZS;19.0070214115302
MAR;1990;SL.IND.EMPL.ZS;
MCO;2024;SL.IND.EMPL.ZS;
MCO;2023;SL.IND.EMPL.ZS;
MCO;2022;SL.IND.EMPL.ZS;
MCO;2021;SL.IND.EMPL.ZS;
MCO;2020;SL.IND.EMPL.ZS;
MCO;2019;SL.IND.EMPL.ZS;
MCO;2018;SL.IND.EMPL.ZS;
MCO;2017;SL.IND.EMPL.ZS;
MCO;2016;SL.IND.EMPL.ZS;
MCO;2015;SL.IND.EMPL.ZS;
MCO;2014;SL.IND.EMPL.ZS;
MCO;2013;SL.IND.EMPL.ZS;
MCO;2012;SL.IND.EMPL.ZS;
MCO;2011;SL.IND.EMPL.ZS;
MCO;2010;SL.IND.EMPL.ZS;
MCO;2009;SL.IND.EMPL.ZS;
MCO;2008;SL.IND.EMPL.ZS;
MCO;2007;SL.IND.EMPL.ZS;
MCO;2006;SL.IND.EMPL.ZS;
MCO;2005;SL.IND.EMPL.ZS;
MCO;2004;SL.IND.EMPL.ZS;
MCO;2003;SL.IND.EMPL.ZS;
MCO;2002;SL.IND.EMPL.ZS;
MCO;2001;SL.IND.EMPL.ZS;
MCO;2000;SL.IND.EMPL.ZS;
MCO;1999;SL.IND.EMPL.ZS;
MCO;1998;SL.IND.EMPL.ZS;
MCO;1997;SL.IND.EMPL.ZS;
MCO;1996;SL.IND.EMPL.ZS;
MCO;1995;SL.IND.EMPL.ZS;
MCO;1994;SL.IND.EMPL.ZS;
MCO;1993;SL.IND.EMPL.ZS;
MCO;1992;SL.IND.EMPL.ZS;
MCO;1991;SL.IND.EMPL.ZS;
MCO;1990;SL.IND.EMPL.ZS;
MDA;2024;SL.IND.EMPL.ZS;
MDA;2023;SL.IND.EMPL.ZS;13.3268182707665
MDA;2022;SL.IND.EMPL.ZS;12.6797055253539
MDA;2021;SL.IND.EMPL.ZS;12.2415425842719
MDA;2020;SL.IND.EMPL.ZS;11.5293007091032
MDA;2019;SL.IND.EMPL.ZS;11.0443186761263
MDA;2018;SL.IND.EMPL.ZS;10.4930234770253
MDA;2017;SL.IND.EMPL.ZS;9.88617528453299
MDA;2016;SL.IND.EMPL.ZS;10.2369495540114
MDA;2015;SL.IND.EMPL.ZS;10.5206592540225
MDA;2014;SL.IND.EMPL.ZS;10.6152629097602
MDA;2013;SL.IND.EMPL.ZS;10.8500361266464
MDA;2012;SL.IND.EMPL.ZS;11.6972774896075
MDA;2011;SL.IND.EMPL.ZS;11.7989925862903
MDA;2010;SL.IND.EMPL.ZS;11.6843188040021
MDA;2009;SL.IND.EMPL.ZS;13.1135422579659
MDA;2008;SL.IND.EMPL.ZS;14.3428071559664
MDA;2007;SL.IND.EMPL.ZS;13.9331919441531
MDA;2006;SL.IND.EMPL.ZS;14.0158996335631
MDA;2005;SL.IND.EMPL.ZS;14.0567883823708
MDA;2004;SL.IND.EMPL.ZS;14.1251513204107
MDA;2003;SL.IND.EMPL.ZS;14.2341822959314
MDA;2002;SL.IND.EMPL.ZS;14.4455831112933
MDA;2001;SL.IND.EMPL.ZS;13.8981334686441
MDA;2000;SL.IND.EMPL.ZS;13.8945281812883
MDA;1999;SL.IND.EMPL.ZS;13.6454989516264
MDA;1998;SL.IND.EMPL.ZS;14.6163068787381
MDA;1997;SL.IND.EMPL.ZS;14.7630674370327
MDA;1996;SL.IND.EMPL.ZS;15.0602484088241
MDA;1995;SL.IND.EMPL.ZS;15.1836428289646
MDA;1994;SL.IND.EMPL.ZS;15.5483388228516
MDA;1993;SL.IND.EMPL.ZS;16.7872725481127
MDA;1992;SL.IND.EMPL.ZS;18.4372174423447
MDA;1991;SL.IND.EMPL.ZS;18.818517602572
MDA;1990;SL.IND.EMPL.ZS;
MDG;2024;SL.IND.EMPL.ZS;
MDG;2023;SL.IND.EMPL.ZS;10.122069134554
MDG;2022;SL.IND.EMPL.ZS;9.85946024948004
MDG;2021;SL.IND.EMPL.ZS;9.66772101636631
MDG;2020;SL.IND.EMPL.ZS;9.58957187482693
MDG;2019;SL.IND.EMPL.ZS;9.4194349398193
MDG;2018;SL.IND.EMPL.ZS;9.31541811092526
MDG;2017;SL.IND.EMPL.ZS;9.25422984099491
MDG;2016;SL.IND.EMPL.ZS;9.22300369059839
MDG;2015;SL.IND.EMPL.ZS;9.21127113450001
MDG;2014;SL.IND.EMPL.ZS;8.69521031751334
MDG;2013;SL.IND.EMPL.ZS;8.17949681608456
MDG;2012;SL.IND.EMPL.ZS;7.68919468282095
MDG;2011;SL.IND.EMPL.ZS;6.75855563319116
MDG;2010;SL.IND.EMPL.ZS;5.98484798382249
MDG;2009;SL.IND.EMPL.ZS;5.33277421733781
MDG;2008;SL.IND.EMPL.ZS;4.80680817844587
MDG;2007;SL.IND.EMPL.ZS;4.26625156988707
MDG;2006;SL.IND.EMPL.ZS;3.81109805146495
MDG;2005;SL.IND.EMPL.ZS;3.41494880317706
MDG;2004;SL.IND.EMPL.ZS;4.20298857110688
MDG;2003;SL.IND.EMPL.ZS;5.14797700565091
MDG;2002;SL.IND.EMPL.ZS;6.24834076576582
MDG;2001;SL.IND.EMPL.ZS;7.94198514934006
MDG;2000;SL.IND.EMPL.ZS;8.24761799207303
MDG;1999;SL.IND.EMPL.ZS;8.45604369965076
MDG;1998;SL.IND.EMPL.ZS;8.55090306961474
MDG;1997;SL.IND.EMPL.ZS;8.60421134089586
MDG;1996;SL.IND.EMPL.ZS;8.63529776660435
MDG;1995;SL.IND.EMPL.ZS;8.67492219378265
MDG;1994;SL.IND.EMPL.ZS;8.71508411497388
MDG;1993;SL.IND.EMPL.ZS;8.75808481543462
MDG;1992;SL.IND.EMPL.ZS;8.75684542672042
MDG;1991;SL.IND.EMPL.ZS;8.76258216950425
MDG;1990;SL.IND.EMPL.ZS;
MDV;2024;SL.IND.EMPL.ZS;
MDV;2023;SL.IND.EMPL.ZS;25.0046990273013
MDV;2022;SL.IND.EMPL.ZS;24.9248822958809
MDV;2021;SL.IND.EMPL.ZS;25.0448195786358
MDV;2020;SL.IND.EMPL.ZS;24.6678112392483
MDV;2019;SL.IND.EMPL.ZS;24.4707079066239
MDV;2018;SL.IND.EMPL.ZS;24.3165699548678
MDV;2017;SL.IND.EMPL.ZS;23.9028170613119
MDV;2016;SL.IND.EMPL.ZS;23.8670150464006
MDV;2015;SL.IND.EMPL.ZS;23.4502748851585
MDV;2014;SL.IND.EMPL.ZS;22.7254381050488
MDV;2013;SL.IND.EMPL.ZS;21.2587717610232
MDV;2012;SL.IND.EMPL.ZS;19.973437211181
MDV;2011;SL.IND.EMPL.ZS;18.8354103365773
MDV;2010;SL.IND.EMPL.ZS;17.4582636412409
MDV;2009;SL.IND.EMPL.ZS;16.3109094160018
MDV;2008;SL.IND.EMPL.ZS;17.41314504514
MDV;2007;SL.IND.EMPL.ZS;18.3019230945422
MDV;2006;SL.IND.EMPL.ZS;19.599111255209
MDV;2005;SL.IND.EMPL.ZS;20.698562995413
MDV;2004;SL.IND.EMPL.ZS;22.4980473052813
MDV;2003;SL.IND.EMPL.ZS;23.995572318793
MDV;2002;SL.IND.EMPL.ZS;22.5454889073213
MDV;2001;SL.IND.EMPL.ZS;21.1897151098339
MDV;2000;SL.IND.EMPL.ZS;20.1194207761247
MDV;1999;SL.IND.EMPL.ZS;20.5059409735531
MDV;1998;SL.IND.EMPL.ZS;20.8758072589211
MDV;1997;SL.IND.EMPL.ZS;21.1763649655632
MDV;1996;SL.IND.EMPL.ZS;21.4657076666128
MDV;1995;SL.IND.EMPL.ZS;21.879372976946
MDV;1994;SL.IND.EMPL.ZS;22.0597116050256
MDV;1993;SL.IND.EMPL.ZS;22.2684767137544
MDV;1992;SL.IND.EMPL.ZS;22.4386369052347
MDV;1991;SL.IND.EMPL.ZS;22.5581127164297
MDV;1990;SL.IND.EMPL.ZS;
MEX;2024;SL.IND.EMPL.ZS;
MEX;2023;SL.IND.EMPL.ZS;25.0311261997001
MEX;2022;SL.IND.EMPL.ZS;24.9721396852391
MEX;2021;SL.IND.EMPL.ZS;24.464912914906
MEX;2020;SL.IND.EMPL.ZS;24.1241144059634
MEX;2019;SL.IND.EMPL.ZS;24.5354508574337
MEX;2018;SL.IND.EMPL.ZS;24.9134614384087
MEX;2017;SL.IND.EMPL.ZS;24.7887825567837
MEX;2016;SL.IND.EMPL.ZS;24.4459570571239
MEX;2015;SL.IND.EMPL.ZS;24.0104171037508
MEX;2014;SL.IND.EMPL.ZS;23.7081932199872
MEX;2013;SL.IND.EMPL.ZS;23.2468158905185
MEX;2012;SL.IND.EMPL.ZS;22.9239864336918
MEX;2011;SL.IND.EMPL.ZS;23.0813540453189
MEX;2010;SL.IND.EMPL.ZS;23.0377632326023
MEX;2009;SL.IND.EMPL.ZS;22.4891624415582
MEX;2008;SL.IND.EMPL.ZS;23.5066820953802
MEX;2007;SL.IND.EMPL.ZS;24.0180855455139
MEX;2006;SL.IND.EMPL.ZS;24.0183874964356
MEX;2005;SL.IND.EMPL.ZS;23.9024633702556
MEX;2004;SL.IND.EMPL.ZS;25.052233145617
MEX;2003;SL.IND.EMPL.ZS;25.291171277958
MEX;2002;SL.IND.EMPL.ZS;25.6338507955322
MEX;2001;SL.IND.EMPL.ZS;26.0779993656148
MEX;2000;SL.IND.EMPL.ZS;27.06526479757
MEX;1999;SL.IND.EMPL.ZS;25.6585586020808
MEX;1998;SL.IND.EMPL.ZS;24.9109973756003
MEX;1997;SL.IND.EMPL.ZS;22.5665843528732
MEX;1996;SL.IND.EMPL.ZS;22.7845458624839
MEX;1995;SL.IND.EMPL.ZS;21.7562213535826
MEX;1994;SL.IND.EMPL.ZS;22.1256844536558
MEX;1993;SL.IND.EMPL.ZS;22.6431435725362
MEX;1992;SL.IND.EMPL.ZS;23.0341984130303
MEX;1991;SL.IND.EMPL.ZS;23.4715795447448
MEX;1990;SL.IND.EMPL.ZS;
MHL;2024;SL.IND.EMPL.ZS;
MHL;2023;SL.IND.EMPL.ZS;
MHL;2022;SL.IND.EMPL.ZS;
MHL;2021;SL.IND.EMPL.ZS;
MHL;2020;SL.IND.EMPL.ZS;
MHL;2019;SL.IND.EMPL.ZS;
MHL;2018;SL.IND.EMPL.ZS;
MHL;2017;SL.IND.EMPL.ZS;
MHL;2016;SL.IND.EMPL.ZS;
MHL;2015;SL.IND.EMPL.ZS;
MHL;2014;SL.IND.EMPL.ZS;
MHL;2013;SL.IND.EMPL.ZS;
MHL;2012;SL.IND.EMPL.ZS;
MHL;2011;SL.IND.EMPL.ZS;
MHL;2010;SL.IND.EMPL.ZS;
MHL;2009;SL.IND.EMPL.ZS;
MHL;2008;SL.IND.EMPL.ZS;
MHL;2007;SL.IND.EMPL.ZS;
MHL;2006;SL.IND.EMPL.ZS;
MHL;2005;SL.IND.EMPL.ZS;
MHL;2004;SL.IND.EMPL.ZS;
MHL;2003;SL.IND.EMPL.ZS;
MHL;2002;SL.IND.EMPL.ZS;
MHL;2001;SL.IND.EMPL.ZS;
MHL;2000;SL.IND.EMPL.ZS;
MHL;1999;SL.IND.EMPL.ZS;
MHL;1998;SL.IND.EMPL.ZS;
MHL;1997;SL.IND.EMPL.ZS;
MHL;1996;SL.IND.EMPL.ZS;
MHL;1995;SL.IND.EMPL.ZS;
MHL;1994;SL.IND.EMPL.ZS;
MHL;1993;SL.IND.EMPL.ZS;
MHL;1992;SL.IND.EMPL.ZS;
MHL;1991;SL.IND.EMPL.ZS;
MHL;1990;SL.IND.EMPL.ZS;
MKD;2024;SL.IND.EMPL.ZS;
MKD;2023;SL.IND.EMPL.ZS;30.1706888100799
MKD;2022;SL.IND.EMPL.ZS;30.4287497662037
MKD;2021;SL.IND.EMPL.ZS;30.8651837747822
MKD;2020;SL.IND.EMPL.ZS;30.9763280234167
MKD;2019;SL.IND.EMPL.ZS;31.2805732798986
MKD;2018;SL.IND.EMPL.ZS;31.638571303033
MKD;2017;SL.IND.EMPL.ZS;30.7101540261973
MKD;2016;SL.IND.EMPL.ZS;30.3841583551184
MKD;2015;SL.IND.EMPL.ZS;30.5091392715864
MKD;2014;SL.IND.EMPL.ZS;30.3582846985215
MKD;2013;SL.IND.EMPL.ZS;30.3841848413956
MKD;2012;SL.IND.EMPL.ZS;29.8885802920301
MKD;2011;SL.IND.EMPL.ZS;30.1291371460156
MKD;2010;SL.IND.EMPL.ZS;29.3315502569261
MKD;2009;SL.IND.EMPL.ZS;29.7861677519618
MKD;2008;SL.IND.EMPL.ZS;31.4210147312635
MKD;2007;SL.IND.EMPL.ZS;31.4545304766285
MKD;2006;SL.IND.EMPL.ZS;33.0274934749604
MKD;2005;SL.IND.EMPL.ZS;33.575161400674
MKD;2004;SL.IND.EMPL.ZS;34.4936113813984
MKD;2003;SL.IND.EMPL.ZS;33.9117601508623
MKD;2002;SL.IND.EMPL.ZS;33.2982963405871
MKD;2001;SL.IND.EMPL.ZS;33.8001444837439
MKD;2000;SL.IND.EMPL.ZS;34.4851395870609
MKD;1999;SL.IND.EMPL.ZS;34.6128286622364
MKD;1998;SL.IND.EMPL.ZS;34.9256379812003
MKD;1997;SL.IND.EMPL.ZS;35.1876523585436
MKD;1996;SL.IND.EMPL.ZS;35.4335702086925
MKD;1995;SL.IND.EMPL.ZS;35.7159539032888
MKD;1994;SL.IND.EMPL.ZS;35.7574459944928
MKD;1993;SL.IND.EMPL.ZS;36.0172495571128
MKD;1992;SL.IND.EMPL.ZS;36.4961000559677
MKD;1991;SL.IND.EMPL.ZS;36.5106457199098
MKD;1990;SL.IND.EMPL.ZS;
MLI;2024;SL.IND.EMPL.ZS;
MLI;2023;SL.IND.EMPL.ZS;10.2533952565205
MLI;2022;SL.IND.EMPL.ZS;10.0183003303585
MLI;2021;SL.IND.EMPL.ZS;9.85163842161697
MLI;2020;SL.IND.EMPL.ZS;9.30610067760867
MLI;2019;SL.IND.EMPL.ZS;8.31420720208989
MLI;2018;SL.IND.EMPL.ZS;7.65740292101213
MLI;2017;SL.IND.EMPL.ZS;8.23976363254312
MLI;2016;SL.IND.EMPL.ZS;6.71763983190569
MLI;2015;SL.IND.EMPL.ZS;8.26060776590595
MLI;2014;SL.IND.EMPL.ZS;7.99617305479327
MLI;2013;SL.IND.EMPL.ZS;6.27712558708226
MLI;2012;SL.IND.EMPL.ZS;6.44826889727568
MLI;2011;SL.IND.EMPL.ZS;6.76641018018272
MLI;2010;SL.IND.EMPL.ZS;7.0870843551993
MLI;2009;SL.IND.EMPL.ZS;7.408271433286
MLI;2008;SL.IND.EMPL.ZS;7.8348703765656
MLI;2007;SL.IND.EMPL.ZS;8.35331117790371
MLI;2006;SL.IND.EMPL.ZS;8.99505578191321
MLI;2005;SL.IND.EMPL.ZS;8.84995675105212
MLI;2004;SL.IND.EMPL.ZS;8.66391858859896
MLI;2003;SL.IND.EMPL.ZS;8.60481747305401
MLI;2002;SL.IND.EMPL.ZS;8.35585863432799
MLI;2001;SL.IND.EMPL.ZS;8.24782130755544
MLI;2000;SL.IND.EMPL.ZS;7.89263669323188
MLI;1999;SL.IND.EMPL.ZS;7.88891307064865
MLI;1998;SL.IND.EMPL.ZS;7.76249342098397
MLI;1997;SL.IND.EMPL.ZS;7.65894657999079
MLI;1996;SL.IND.EMPL.ZS;7.59391228991926
MLI;1995;SL.IND.EMPL.ZS;7.50887431401419
MLI;1994;SL.IND.EMPL.ZS;7.50386190733996
MLI;1993;SL.IND.EMPL.ZS;7.46888581533084
MLI;1992;SL.IND.EMPL.ZS;7.44132825218187
MLI;1991;SL.IND.EMPL.ZS;7.48073867958975
MLI;1990;SL.IND.EMPL.ZS;
MLT;2024;SL.IND.EMPL.ZS;
MLT;2023;SL.IND.EMPL.ZS;17.597535286551
MLT;2022;SL.IND.EMPL.ZS;16.9668875106718
MLT;2021;SL.IND.EMPL.ZS;17.9918380364896
MLT;2020;SL.IND.EMPL.ZS;18.2823119656673
MLT;2019;SL.IND.EMPL.ZS;19.0312366683496
MLT;2018;SL.IND.EMPL.ZS;18.5959793155054
MLT;2017;SL.IND.EMPL.ZS;19.8075949824676
MLT;2016;SL.IND.EMPL.ZS;19.8585964744662
MLT;2015;SL.IND.EMPL.ZS;20.0111504918163
MLT;2014;SL.IND.EMPL.ZS;20.7239993335832
MLT;2013;SL.IND.EMPL.ZS;21.573623282484
MLT;2012;SL.IND.EMPL.ZS;22.1678709150235
MLT;2011;SL.IND.EMPL.ZS;24.5228395596776
MLT;2010;SL.IND.EMPL.ZS;25.517048796573
MLT;2009;SL.IND.EMPL.ZS;25.0229041907085
MLT;2008;SL.IND.EMPL.ZS;25.5646224609458
MLT;2007;SL.IND.EMPL.ZS;26.3158220139357
MLT;2006;SL.IND.EMPL.ZS;28.3362918567438
MLT;2005;SL.IND.EMPL.ZS;29.8490007688878
MLT;2004;SL.IND.EMPL.ZS;29.4486697053212
MLT;2003;SL.IND.EMPL.ZS;29.8820103298095
MLT;2002;SL.IND.EMPL.ZS;31.5253107913011
MLT;2001;SL.IND.EMPL.ZS;30.925466166605
MLT;2000;SL.IND.EMPL.ZS;32.7458890065267
MLT;1999;SL.IND.EMPL.ZS;32.4757610981583
MLT;1998;SL.IND.EMPL.ZS;32.9276759096664
MLT;1997;SL.IND.EMPL.ZS;33.1489041313523
MLT;1996;SL.IND.EMPL.ZS;33.3740848474629
MLT;1995;SL.IND.EMPL.ZS;33.6034413765506
MLT;1994;SL.IND.EMPL.ZS;33.7448202547025
MLT;1993;SL.IND.EMPL.ZS;33.7573793517143
MLT;1992;SL.IND.EMPL.ZS;33.9071895134085
MLT;1991;SL.IND.EMPL.ZS;34.0929760607313
MLT;1990;SL.IND.EMPL.ZS;
MMR;2024;SL.IND.EMPL.ZS;
MMR;2023;SL.IND.EMPL.ZS;18.734659036044
MMR;2022;SL.IND.EMPL.ZS;18.7050802642904
MMR;2021;SL.IND.EMPL.ZS;18.6744404914457
MMR;2020;SL.IND.EMPL.ZS;18.5773033592346
MMR;2019;SL.IND.EMPL.ZS;16.6405618910889
MMR;2018;SL.IND.EMPL.ZS;17.0167708414517
MMR;2017;SL.IND.EMPL.ZS;15.7039115141064
MMR;2016;SL.IND.EMPL.ZS;16.2186152840595
MMR;2015;SL.IND.EMPL.ZS;16.7657123628048
MMR;2014;SL.IND.EMPL.ZS;16.5558310713382
MMR;2013;SL.IND.EMPL.ZS;16.5499431674855
MMR;2012;SL.IND.EMPL.ZS;16.5879202178803
MMR;2011;SL.IND.EMPL.ZS;16.5345059771292
MMR;2010;SL.IND.EMPL.ZS;16.519096123641
MMR;2009;SL.IND.EMPL.ZS;16.1629973680574
MMR;2008;SL.IND.EMPL.ZS;15.814247696002
MMR;2007;SL.IND.EMPL.ZS;15.3314970776444
MMR;2006;SL.IND.EMPL.ZS;15.0322090301078
MMR;2005;SL.IND.EMPL.ZS;14.6011416803076
MMR;2004;SL.IND.EMPL.ZS;14.1882136787512
MMR;2003;SL.IND.EMPL.ZS;13.6557471046034
MMR;2002;SL.IND.EMPL.ZS;13.2519957991717
MMR;2001;SL.IND.EMPL.ZS;12.788666401731
MMR;2000;SL.IND.EMPL.ZS;12.5026481918531
MMR;1999;SL.IND.EMPL.ZS;12.1377064037794
MMR;1998;SL.IND.EMPL.ZS;12.0589018927251
MMR;1997;SL.IND.EMPL.ZS;11.7123116830403
MMR;1996;SL.IND.EMPL.ZS;11.0668986953703
MMR;1995;SL.IND.EMPL.ZS;10.468907437843
MMR;1994;SL.IND.EMPL.ZS;9.78771294647133
MMR;1993;SL.IND.EMPL.ZS;9.61199871533397
MMR;1992;SL.IND.EMPL.ZS;8.99790377283717
MMR;1991;SL.IND.EMPL.ZS;8.57819184292316
MMR;1990;SL.IND.EMPL.ZS;
MNE;2024;SL.IND.EMPL.ZS;
MNE;2023;SL.IND.EMPL.ZS;16.1369433919796
MNE;2022;SL.IND.EMPL.ZS;16.3348293477313
MNE;2021;SL.IND.EMPL.ZS;16.9273825007465
MNE;2020;SL.IND.EMPL.ZS;18.4343569767499
MNE;2019;SL.IND.EMPL.ZS;19.4127193646809
MNE;2018;SL.IND.EMPL.ZS;18.8984867011136
MNE;2017;SL.IND.EMPL.ZS;17.0842365502786
MNE;2016;SL.IND.EMPL.ZS;17.4646125396027
MNE;2015;SL.IND.EMPL.ZS;17.4637615510056
MNE;2014;SL.IND.EMPL.ZS;17.5603426857211
MNE;2013;SL.IND.EMPL.ZS;17.7772671943058
MNE;2012;SL.IND.EMPL.ZS;17.4244022072348
MNE;2011;SL.IND.EMPL.ZS;18.9843505950402
MNE;2010;SL.IND.EMPL.ZS;18.5139340783704
MNE;2009;SL.IND.EMPL.ZS;18.0533270291885
MNE;2008;SL.IND.EMPL.ZS;18.1170318382432
MNE;2007;SL.IND.EMPL.ZS;17.5445896232399
MNE;2006;SL.IND.EMPL.ZS;18.2960238373299
MNE;2005;SL.IND.EMPL.ZS;19.2338100632493
MNE;2004;SL.IND.EMPL.ZS;21.2574124546976
MNE;2003;SL.IND.EMPL.ZS;23.3780608349265
MNE;2002;SL.IND.EMPL.ZS;24.0541722825187
MNE;2001;SL.IND.EMPL.ZS;24.5101068317667
MNE;2000;SL.IND.EMPL.ZS;24.5022561218484
MNE;1999;SL.IND.EMPL.ZS;24.5167101095716
MNE;1998;SL.IND.EMPL.ZS;24.7934130843352
MNE;1997;SL.IND.EMPL.ZS;24.6153385798498
MNE;1996;SL.IND.EMPL.ZS;24.5078108602441
MNE;1995;SL.IND.EMPL.ZS;24.4062761229485
MNE;1994;SL.IND.EMPL.ZS;24.3203190419104
MNE;1993;SL.IND.EMPL.ZS;24.2716805236051
MNE;1992;SL.IND.EMPL.ZS;24.2368956989769
MNE;1991;SL.IND.EMPL.ZS;24.2038526891478
MNE;1990;SL.IND.EMPL.ZS;
MNG;2024;SL.IND.EMPL.ZS;
MNG;2023;SL.IND.EMPL.ZS;23.3806037022259
MNG;2022;SL.IND.EMPL.ZS;23.1657046757704
MNG;2021;SL.IND.EMPL.ZS;21.8140984368205
MNG;2020;SL.IND.EMPL.ZS;20.363490129935
MNG;2019;SL.IND.EMPL.ZS;20.8426323330234
MNG;2018;SL.IND.EMPL.ZS;20.6113164907514
MNG;2017;SL.IND.EMPL.ZS;19.219760237069
MNG;2016;SL.IND.EMPL.ZS;18.9906800558414
MNG;2015;SL.IND.EMPL.ZS;20.2864096095773
MNG;2014;SL.IND.EMPL.ZS;20.7205007622366
MNG;2013;SL.IND.EMPL.ZS;20.4191827407282
MNG;2012;SL.IND.EMPL.ZS;18.17199819388
MNG;2011;SL.IND.EMPL.ZS;17.2298134769625
MNG;2010;SL.IND.EMPL.ZS;16.2357016083734
MNG;2009;SL.IND.EMPL.ZS;15.3074511104495
MNG;2008;SL.IND.EMPL.ZS;14.539376042352
MNG;2007;SL.IND.EMPL.ZS;13.6867969102825
MNG;2006;SL.IND.EMPL.ZS;13.3937118835214
MNG;2005;SL.IND.EMPL.ZS;12.3360063443756
MNG;2004;SL.IND.EMPL.ZS;13.2592848994038
MNG;2003;SL.IND.EMPL.ZS;11.9254947759432
MNG;2002;SL.IND.EMPL.ZS;14.3201638653187
MNG;2001;SL.IND.EMPL.ZS;13.6608966122734
MNG;2000;SL.IND.EMPL.ZS;14.1409394100081
MNG;1999;SL.IND.EMPL.ZS;15.5359321043861
MNG;1998;SL.IND.EMPL.ZS;15.8213184549236
MNG;1997;SL.IND.EMPL.ZS;16.703680070108
MNG;1996;SL.IND.EMPL.ZS;17.4635920400809
MNG;1995;SL.IND.EMPL.ZS;17.9260406902602
MNG;1994;SL.IND.EMPL.ZS;16.7412975139413
MNG;1993;SL.IND.EMPL.ZS;16.7504046642569
MNG;1992;SL.IND.EMPL.ZS;17.007096851145
MNG;1991;SL.IND.EMPL.ZS;17.3331649902501
MNG;1990;SL.IND.EMPL.ZS;
KIR;2024;SL.SRV.EMPL.ZS;
KIR;2023;SL.SRV.EMPL.ZS;
KIR;2022;SL.SRV.EMPL.ZS;
KIR;2021;SL.SRV.EMPL.ZS;
KIR;2020;SL.SRV.EMPL.ZS;
KIR;2019;SL.SRV.EMPL.ZS;
KIR;2018;SL.SRV.EMPL.ZS;
KIR;2017;SL.SRV.EMPL.ZS;
KIR;2016;SL.SRV.EMPL.ZS;
KIR;2015;SL.SRV.EMPL.ZS;
KIR;2014;SL.SRV.EMPL.ZS;
KIR;2013;SL.SRV.EMPL.ZS;
KIR;2012;SL.SRV.EMPL.ZS;
KIR;2011;SL.SRV.EMPL.ZS;
KIR;2010;SL.SRV.EMPL.ZS;
KIR;2009;SL.SRV.EMPL.ZS;
KIR;2008;SL.SRV.EMPL.ZS;
KIR;2007;SL.SRV.EMPL.ZS;
KIR;2006;SL.SRV.EMPL.ZS;
KIR;2005;SL.SRV.EMPL.ZS;
KIR;2004;SL.SRV.EMPL.ZS;
KIR;2003;SL.SRV.EMPL.ZS;
KIR;2002;SL.SRV.EMPL.ZS;
KIR;2001;SL.SRV.EMPL.ZS;
KIR;2000;SL.SRV.EMPL.ZS;
KIR;1999;SL.SRV.EMPL.ZS;
KIR;1998;SL.SRV.EMPL.ZS;
KIR;1997;SL.SRV.EMPL.ZS;
KIR;1996;SL.SRV.EMPL.ZS;
KIR;1995;SL.SRV.EMPL.ZS;
KIR;1994;SL.SRV.EMPL.ZS;
KIR;1993;SL.SRV.EMPL.ZS;
KIR;1992;SL.SRV.EMPL.ZS;
KIR;1991;SL.SRV.EMPL.ZS;
KIR;1990;SL.SRV.EMPL.ZS;
KNA;2024;SL.SRV.EMPL.ZS;
KNA;2023;SL.SRV.EMPL.ZS;
KNA;2022;SL.SRV.EMPL.ZS;
KNA;2021;SL.SRV.EMPL.ZS;
KNA;2020;SL.SRV.EMPL.ZS;
KNA;2019;SL.SRV.EMPL.ZS;
KNA;2018;SL.SRV.EMPL.ZS;
KNA;2017;SL.SRV.EMPL.ZS;
KNA;2016;SL.SRV.EMPL.ZS;
KNA;2015;SL.SRV.EMPL.ZS;
KNA;2014;SL.SRV.EMPL.ZS;
KNA;2013;SL.SRV.EMPL.ZS;
KNA;2012;SL.SRV.EMPL.ZS;
KNA;2011;SL.SRV.EMPL.ZS;
KNA;2010;SL.SRV.EMPL.ZS;
KNA;2009;SL.SRV.EMPL.ZS;
KNA;2008;SL.SRV.EMPL.ZS;
KNA;2007;SL.SRV.EMPL.ZS;
KNA;2006;SL.SRV.EMPL.ZS;
KNA;2005;SL.SRV.EMPL.ZS;
KNA;2004;SL.SRV.EMPL.ZS;
KNA;2003;SL.SRV.EMPL.ZS;
KNA;2002;SL.SRV.EMPL.ZS;
KNA;2001;SL.SRV.EMPL.ZS;
KNA;2000;SL.SRV.EMPL.ZS;
KNA;1999;SL.SRV.EMPL.ZS;
KNA;1998;SL.SRV.EMPL.ZS;
KNA;1997;SL.SRV.EMPL.ZS;
KNA;1996;SL.SRV.EMPL.ZS;
KNA;1995;SL.SRV.EMPL.ZS;
KNA;1994;SL.SRV.EMPL.ZS;
KNA;1993;SL.SRV.EMPL.ZS;
KNA;1992;SL.SRV.EMPL.ZS;
KNA;1991;SL.SRV.EMPL.ZS;
KNA;1990;SL.SRV.EMPL.ZS;
KOR;2024;SL.SRV.EMPL.ZS;
KOR;2023;SL.SRV.EMPL.ZS;70.6842509199973
KOR;2022;SL.SRV.EMPL.ZS;70.1109217121105
KOR;2021;SL.SRV.EMPL.ZS;70.0491232311731
KOR;2020;SL.SRV.EMPL.ZS;69.9825641481168
KOR;2019;SL.SRV.EMPL.ZS;70.2789184314959
KOR;2018;SL.SRV.EMPL.ZS;69.8014644527246
KOR;2017;SL.SRV.EMPL.ZS;69.803755447129
KOR;2016;SL.SRV.EMPL.ZS;69.8631244348742
KOR;2015;SL.SRV.EMPL.ZS;69.3773155634615
KOR;2014;SL.SRV.EMPL.ZS;69.6975726801386
KOR;2013;SL.SRV.EMPL.ZS;69.4925726294898
KOR;2012;SL.SRV.EMPL.ZS;69.531096506177
KOR;2011;SL.SRV.EMPL.ZS;69.0776146564742
KOR;2010;SL.SRV.EMPL.ZS;68.6912029585829
KOR;2009;SL.SRV.EMPL.ZS;68.7789961421287
KOR;2008;SL.SRV.EMPL.ZS;67.8017059576648
KOR;2007;SL.SRV.EMPL.ZS;67.1624278472678
KOR;2006;SL.SRV.EMPL.ZS;66.4885945733353
KOR;2005;SL.SRV.EMPL.ZS;65.6871048362815
KOR;2004;SL.SRV.EMPL.ZS;64.7366219153767
KOR;2003;SL.SRV.EMPL.ZS;63.3719339788882
KOR;2002;SL.SRV.EMPL.ZS;63.025510810955
KOR;2001;SL.SRV.EMPL.ZS;62.209130805236
KOR;2000;SL.SRV.EMPL.ZS;60.9865387367065
KOR;1999;SL.SRV.EMPL.ZS;61.144239402419
KOR;1998;SL.SRV.EMPL.ZS;59.9969885630863
KOR;1997;SL.SRV.EMPL.ZS;57.7967394738694
KOR;1996;SL.SRV.EMPL.ZS;56.2200279841835
KOR;1995;SL.SRV.EMPL.ZS;54.7881483596071
KOR;1994;SL.SRV.EMPL.ZS;53.816697457604
KOR;1993;SL.SRV.EMPL.ZS;52.5032514980586
KOR;1992;SL.SRV.EMPL.ZS;50.2182924514396
KOR;1991;SL.SRV.EMPL.ZS;47.6817656391618
KOR;1990;SL.SRV.EMPL.ZS;
KWT;2024;SL.SRV.EMPL.ZS;
KWT;2023;SL.SRV.EMPL.ZS;73.1204343900531
KWT;2022;SL.SRV.EMPL.ZS;72.8537332573383
KWT;2021;SL.SRV.EMPL.ZS;72.7084068544676
KWT;2020;SL.SRV.EMPL.ZS;73.0483517898254
KWT;2019;SL.SRV.EMPL.ZS;73.024735088737
KWT;2018;SL.SRV.EMPL.ZS;72.7740435936526
KWT;2017;SL.SRV.EMPL.ZS;72.6599905482244
KWT;2016;SL.SRV.EMPL.ZS;72.7749157746981
KWT;2015;SL.SRV.EMPL.ZS;72.8424331500497
KWT;2014;SL.SRV.EMPL.ZS;72.7022587824425
KWT;2013;SL.SRV.EMPL.ZS;72.6856103029399
KWT;2012;SL.SRV.EMPL.ZS;72.7982678504208
KWT;2011;SL.SRV.EMPL.ZS;73.0919427026447
KWT;2010;SL.SRV.EMPL.ZS;73.1874122635449
KWT;2009;SL.SRV.EMPL.ZS;72.9954408573441
KWT;2008;SL.SRV.EMPL.ZS;72.3454767271577
KWT;2007;SL.SRV.EMPL.ZS;73.2326406455729
KWT;2006;SL.SRV.EMPL.ZS;74.0066736930684
KWT;2005;SL.SRV.EMPL.ZS;74.8846697197308
KWT;2004;SL.SRV.EMPL.ZS;77.4417945144396
KWT;2003;SL.SRV.EMPL.ZS;79.66839998911
KWT;2002;SL.SRV.EMPL.ZS;79.2257087848169
KWT;2001;SL.SRV.EMPL.ZS;78.7455256778658
KWT;2000;SL.SRV.EMPL.ZS;78.1153991835361
KWT;1999;SL.SRV.EMPL.ZS;77.672864194654
KWT;1998;SL.SRV.EMPL.ZS;77.0168171094348
KWT;1997;SL.SRV.EMPL.ZS;76.2612403322866
KWT;1996;SL.SRV.EMPL.ZS;75.561131051252
KWT;1995;SL.SRV.EMPL.ZS;74.8120134968095
KWT;1994;SL.SRV.EMPL.ZS;74.5194569087165
KWT;1993;SL.SRV.EMPL.ZS;74.5397214204758
KWT;1992;SL.SRV.EMPL.ZS;75.1614533108176
KWT;1991;SL.SRV.EMPL.ZS;75.7789232119477
KWT;1990;SL.SRV.EMPL.ZS;
LAO;2024;SL.SRV.EMPL.ZS;
LAO;2023;SL.SRV.EMPL.ZS;23.0251551121447
LAO;2022;SL.SRV.EMPL.ZS;23.2556247597214
LAO;2021;SL.SRV.EMPL.ZS;24.4372459144847
LAO;2020;SL.SRV.EMPL.ZS;25.5082491549725
LAO;2019;SL.SRV.EMPL.ZS;26.978559477231
LAO;2018;SL.SRV.EMPL.ZS;28.1319171643237
LAO;2017;SL.SRV.EMPL.ZS;29.2189530752497
LAO;2016;SL.SRV.EMPL.ZS;27.7988051979042
LAO;2015;SL.SRV.EMPL.ZS;26.519587228674
LAO;2014;SL.SRV.EMPL.ZS;25.2268108759168
LAO;2013;SL.SRV.EMPL.ZS;23.9245365118339
LAO;2012;SL.SRV.EMPL.ZS;22.6199637250264
LAO;2011;SL.SRV.EMPL.ZS;21.3441761692449
LAO;2010;SL.SRV.EMPL.ZS;20.2462721838578
LAO;2009;SL.SRV.EMPL.ZS;19.4540430220472
LAO;2008;SL.SRV.EMPL.ZS;18.7068374545204
LAO;2007;SL.SRV.EMPL.ZS;17.873786043319
LAO;2006;SL.SRV.EMPL.ZS;17.0880498850312
LAO;2005;SL.SRV.EMPL.ZS;16.486705358348
LAO;2004;SL.SRV.EMPL.ZS;15.8100929647225
LAO;2003;SL.SRV.EMPL.ZS;15.141451598433
LAO;2002;SL.SRV.EMPL.ZS;14.5459970772837
LAO;2001;SL.SRV.EMPL.ZS;14.0247793521053
LAO;2000;SL.SRV.EMPL.ZS;13.4973195922513
LAO;1999;SL.SRV.EMPL.ZS;12.9587440420993
LAO;1998;SL.SRV.EMPL.ZS;12.5246348096326
LAO;1997;SL.SRV.EMPL.ZS;11.9570122967176
LAO;1996;SL.SRV.EMPL.ZS;11.5062479911162
LAO;1995;SL.SRV.EMPL.ZS;11.0677213413445
LAO;1994;SL.SRV.EMPL.ZS;10.807372314296
LAO;1993;SL.SRV.EMPL.ZS;10.6593428550377
LAO;1992;SL.SRV.EMPL.ZS;10.5123019842241
LAO;1991;SL.SRV.EMPL.ZS;10.4164466273799
LAO;1990;SL.SRV.EMPL.ZS;
LBN;2024;SL.SRV.EMPL.ZS;
LBN;2023;SL.SRV.EMPL.ZS;76.2306475103693
LBN;2022;SL.SRV.EMPL.ZS;76.0156290110419
LBN;2021;SL.SRV.EMPL.ZS;75.6814617059273
LBN;2020;SL.SRV.EMPL.ZS;75.7947017606799
LBN;2019;SL.SRV.EMPL.ZS;75.9019365949379
LBN;2018;SL.SRV.EMPL.ZS;75.226636979545
LBN;2017;SL.SRV.EMPL.ZS;74.7199321210219
LBN;2016;SL.SRV.EMPL.ZS;74.3238582934502
LBN;2015;SL.SRV.EMPL.ZS;74.042251727555
LBN;2014;SL.SRV.EMPL.ZS;73.5815762760768
LBN;2013;SL.SRV.EMPL.ZS;73.1434242801531
LBN;2012;SL.SRV.EMPL.ZS;72.9323345147251
LBN;2011;SL.SRV.EMPL.ZS;72.7554448526754
LBN;2010;SL.SRV.EMPL.ZS;72.5357502959948
LBN;2009;SL.SRV.EMPL.ZS;72.2086910666908
LBN;2008;SL.SRV.EMPL.ZS;72.208146654102
LBN;2007;SL.SRV.EMPL.ZS;72.1266807339476
LBN;2006;SL.SRV.EMPL.ZS;72.0938066914005
LBN;2005;SL.SRV.EMPL.ZS;71.7543519193551
LBN;2004;SL.SRV.EMPL.ZS;71.4195800150995
LBN;2003;SL.SRV.EMPL.ZS;71.1263856362217
LBN;2002;SL.SRV.EMPL.ZS;70.7476412678905
LBN;2001;SL.SRV.EMPL.ZS;70.330895107063
LBN;2000;SL.SRV.EMPL.ZS;70.0395849890219
LBN;1999;SL.SRV.EMPL.ZS;69.5202403739459
LBN;1998;SL.SRV.EMPL.ZS;69.0290899462314
LBN;1997;SL.SRV.EMPL.ZS;68.889495610077
LBN;1996;SL.SRV.EMPL.ZS;68.4369292183705
LBN;1995;SL.SRV.EMPL.ZS;68.1091106382488
LBN;1994;SL.SRV.EMPL.ZS;67.9777973988032
LBN;1993;SL.SRV.EMPL.ZS;67.8622057409586
LBN;1992;SL.SRV.EMPL.ZS;67.8733499934937
LBN;1991;SL.SRV.EMPL.ZS;68.0225193378705
LBN;1990;SL.SRV.EMPL.ZS;
LBR;2024;SL.SRV.EMPL.ZS;
LBR;2023;SL.SRV.EMPL.ZS;52.9276752305178
LBR;2022;SL.SRV.EMPL.ZS;52.3947512210025
LBR;2021;SL.SRV.EMPL.ZS;51.7152158095634
LBR;2020;SL.SRV.EMPL.ZS;51.5543888492754
LBR;2019;SL.SRV.EMPL.ZS;51.8808902066845
LBR;2018;SL.SRV.EMPL.ZS;51.800030677027
LBR;2017;SL.SRV.EMPL.ZS;51.1615765619323
LBR;2016;SL.SRV.EMPL.ZS;49.8500207347983
LBR;2015;SL.SRV.EMPL.ZS;49.1097367113761
LBR;2014;SL.SRV.EMPL.ZS;48.1328125789468
LBR;2013;SL.SRV.EMPL.ZS;47.0924042562411
LBR;2012;SL.SRV.EMPL.ZS;45.1812190886742
LBR;2011;SL.SRV.EMPL.ZS;43.5111095264086
LBR;2010;SL.SRV.EMPL.ZS;41.9078775129638
LBR;2009;SL.SRV.EMPL.ZS;40.8361413353461
LBR;2008;SL.SRV.EMPL.ZS;39.9578863358183
LBR;2007;SL.SRV.EMPL.ZS;39.0786714942226
LBR;2006;SL.SRV.EMPL.ZS;38.1010289241415
LBR;2005;SL.SRV.EMPL.ZS;37.3705632285017
LBR;2004;SL.SRV.EMPL.ZS;36.7743179821272
LBR;2003;SL.SRV.EMPL.ZS;36.0858162200312
LBR;2002;SL.SRV.EMPL.ZS;37.9133100358032
LBR;2001;SL.SRV.EMPL.ZS;37.3334249210056
LBR;2000;SL.SRV.EMPL.ZS;36.981664001959
LBR;1999;SL.SRV.EMPL.ZS;36.5409748498031
LBR;1998;SL.SRV.EMPL.ZS;36.0455709737952
LBR;1997;SL.SRV.EMPL.ZS;35.6712762948354
LBR;1996;SL.SRV.EMPL.ZS;35.1630914763557
LBR;1995;SL.SRV.EMPL.ZS;34.3744582928859
LBR;1994;SL.SRV.EMPL.ZS;33.8789789092057
LBR;1993;SL.SRV.EMPL.ZS;33.5815525034008
LBR;1992;SL.SRV.EMPL.ZS;33.2329544804221
LBR;1991;SL.SRV.EMPL.ZS;32.9473520567045
LBR;1990;SL.SRV.EMPL.ZS;
LBY;2024;SL.SRV.EMPL.ZS;
LBY;2023;SL.SRV.EMPL.ZS;68.1231877390354
LBY;2022;SL.SRV.EMPL.ZS;67.9648224522469
LBY;2021;SL.SRV.EMPL.ZS;67.530819316196
LBY;2020;SL.SRV.EMPL.ZS;67.6251388773051
LBY;2019;SL.SRV.EMPL.ZS;67.4907293590014
LBY;2018;SL.SRV.EMPL.ZS;66.8855525880441
LBY;2017;SL.SRV.EMPL.ZS;66.9103439202534
LBY;2016;SL.SRV.EMPL.ZS;67.3962392468621
LBY;2015;SL.SRV.EMPL.ZS;66.9024312524108
LBY;2014;SL.SRV.EMPL.ZS;66.1887365111099
LBY;2013;SL.SRV.EMPL.ZS;64.9788838559855
LBY;2012;SL.SRV.EMPL.ZS;63.8872037903439
LBY;2011;SL.SRV.EMPL.ZS;64.2479723261833
LBY;2010;SL.SRV.EMPL.ZS;62.8212800385135
LBY;2009;SL.SRV.EMPL.ZS;62.5140952016225
LBY;2008;SL.SRV.EMPL.ZS;61.5999179243398
LBY;2007;SL.SRV.EMPL.ZS;61.3013618932018
LBY;2006;SL.SRV.EMPL.ZS;60.7433186941901
LBY;2005;SL.SRV.EMPL.ZS;60.6441792204175
LBY;2004;SL.SRV.EMPL.ZS;60.4974038349672
LBY;2003;SL.SRV.EMPL.ZS;60.1767480701609
LBY;2002;SL.SRV.EMPL.ZS;59.9289313645235
LBY;2001;SL.SRV.EMPL.ZS;59.673806240241
LBY;2000;SL.SRV.EMPL.ZS;59.158574618465
LBY;1999;SL.SRV.EMPL.ZS;58.9911383672952
LBY;1998;SL.SRV.EMPL.ZS;58.9145962951879
LBY;1997;SL.SRV.EMPL.ZS;58.4039136580434
LBY;1996;SL.SRV.EMPL.ZS;58.0955792720015
LBY;1995;SL.SRV.EMPL.ZS;57.8573440526302
LBY;1994;SL.SRV.EMPL.ZS;57.5218716147302
LBY;1993;SL.SRV.EMPL.ZS;57.2836468180489
LBY;1992;SL.SRV.EMPL.ZS;57.1089828532763
LBY;1991;SL.SRV.EMPL.ZS;56.8672631845264
LBY;1990;SL.SRV.EMPL.ZS;
LCA;2024;SL.SRV.EMPL.ZS;
LCA;2023;SL.SRV.EMPL.ZS;72.5926171017658
LCA;2022;SL.SRV.EMPL.ZS;72.4658984007526
LCA;2021;SL.SRV.EMPL.ZS;72.863287331451
LCA;2020;SL.SRV.EMPL.ZS;75.6171726021749
LCA;2019;SL.SRV.EMPL.ZS;75.3378540278909
LCA;2018;SL.SRV.EMPL.ZS;73.8246015651244
LCA;2017;SL.SRV.EMPL.ZS;73.3105423168624
LCA;2016;SL.SRV.EMPL.ZS;72.6193847342
LCA;2015;SL.SRV.EMPL.ZS;71.9628507443025
LCA;2014;SL.SRV.EMPL.ZS;71.4026064946955
LCA;2013;SL.SRV.EMPL.ZS;70.7074732704835
LCA;2012;SL.SRV.EMPL.ZS;69.9402644472783
LCA;2011;SL.SRV.EMPL.ZS;69.1790397897268
LCA;2010;SL.SRV.EMPL.ZS;68.3612348333589
LCA;2009;SL.SRV.EMPL.ZS;67.3847184799453
LCA;2008;SL.SRV.EMPL.ZS;66.6265526876366
LCA;2007;SL.SRV.EMPL.ZS;65.9108207079773
LCA;2006;SL.SRV.EMPL.ZS;64.6957045061311
LCA;2005;SL.SRV.EMPL.ZS;65.9133560227743
LCA;2004;SL.SRV.EMPL.ZS;65.7437476982825
LCA;2003;SL.SRV.EMPL.ZS;67.6054622945116
LCA;2002;SL.SRV.EMPL.ZS;65.8480549995649
LCA;2001;SL.SRV.EMPL.ZS;62.3351509555583
LCA;2000;SL.SRV.EMPL.ZS;58.3594784912501
LCA;1999;SL.SRV.EMPL.ZS;59.0689149560117
LCA;1998;SL.SRV.EMPL.ZS;58.1108910891089
LCA;1997;SL.SRV.EMPL.ZS;59.237654631399
LCA;1996;SL.SRV.EMPL.ZS;52.2125107783962
LCA;1995;SL.SRV.EMPL.ZS;52.9446971510654
LCA;1994;SL.SRV.EMPL.ZS;51.0461723131687
LCA;1993;SL.SRV.EMPL.ZS;53.582357286061
LCA;1992;SL.SRV.EMPL.ZS;52.6062170592664
LCA;1991;SL.SRV.EMPL.ZS;52.287624829528
LCA;1990;SL.SRV.EMPL.ZS;
LIE;2024;SL.SRV.EMPL.ZS;
LIE;2023;SL.SRV.EMPL.ZS;
LIE;2022;SL.SRV.EMPL.ZS;
LIE;2021;SL.SRV.EMPL.ZS;
LIE;2020;SL.SRV.EMPL.ZS;
LIE;2019;SL.SRV.EMPL.ZS;
LIE;2018;SL.SRV.EMPL.ZS;
LIE;2017;SL.SRV.EMPL.ZS;
LIE;2016;SL.SRV.EMPL.ZS;
LIE;2015;SL.SRV.EMPL.ZS;
LIE;2014;SL.SRV.EMPL.ZS;
LIE;2013;SL.SRV.EMPL.ZS;
LIE;2012;SL.SRV.EMPL.ZS;
LIE;2011;SL.SRV.EMPL.ZS;
LIE;2010;SL.SRV.EMPL.ZS;
LIE;2009;SL.SRV.EMPL.ZS;
LIE;2008;SL.SRV.EMPL.ZS;
LIE;2007;SL.SRV.EMPL.ZS;
LIE;2006;SL.SRV.EMPL.ZS;
LIE;2005;SL.SRV.EMPL.ZS;
LIE;2004;SL.SRV.EMPL.ZS;
LIE;2003;SL.SRV.EMPL.ZS;
LIE;2002;SL.SRV.EMPL.ZS;
LIE;2001;SL.SRV.EMPL.ZS;
LIE;2000;SL.SRV.EMPL.ZS;
LIE;1999;SL.SRV.EMPL.ZS;
LIE;1998;SL.SRV.EMPL.ZS;
LIE;1997;SL.SRV.EMPL.ZS;
LIE;1996;SL.SRV.EMPL.ZS;
LIE;1995;SL.SRV.EMPL.ZS;
LIE;1994;SL.SRV.EMPL.ZS;
LIE;1993;SL.SRV.EMPL.ZS;
LIE;1992;SL.SRV.EMPL.ZS;
LIE;1991;SL.SRV.EMPL.ZS;
LIE;1990;SL.SRV.EMPL.ZS;
LKA;2024;SL.SRV.EMPL.ZS;
LKA;2023;SL.SRV.EMPL.ZS;47.342621342408
LKA;2022;SL.SRV.EMPL.ZS;47.0188984063008
LKA;2021;SL.SRV.EMPL.ZS;46.724687880799
LKA;2020;SL.SRV.EMPL.ZS;45.9635524735638
LKA;2019;SL.SRV.EMPL.ZS;47.0660842866163
LKA;2018;SL.SRV.EMPL.ZS;46.5643061439837
LKA;2017;SL.SRV.EMPL.ZS;45.5216701342526
LKA;2016;SL.SRV.EMPL.ZS;46.5079721958115
LKA;2015;SL.SRV.EMPL.ZS;45.5659438308086
LKA;2014;SL.SRV.EMPL.ZS;45.5282681206678
LKA;2013;SL.SRV.EMPL.ZS;44.5379910529152
LKA;2012;SL.SRV.EMPL.ZS;42.9354963451073
LKA;2011;SL.SRV.EMPL.ZS;44.4134009378263
LKA;2010;SL.SRV.EMPL.ZS;44.2117853024965
LKA;2009;SL.SRV.EMPL.ZS;40.6721930010773
LKA;2008;SL.SRV.EMPL.ZS;39.2965478493155
LKA;2007;SL.SRV.EMPL.ZS;40.3202400882379
LKA;2006;SL.SRV.EMPL.ZS;39.7423561721668
LKA;2005;SL.SRV.EMPL.ZS;39.6367924446926
LKA;2004;SL.SRV.EMPL.ZS;40.5987497263088
LKA;2003;SL.SRV.EMPL.ZS;42.3815303068394
LKA;2002;SL.SRV.EMPL.ZS;42.0215558338181
LKA;2001;SL.SRV.EMPL.ZS;40.8327402610991
LKA;2000;SL.SRV.EMPL.ZS;39.4165231063647
LKA;1999;SL.SRV.EMPL.ZS;38.0637080452626
LKA;1998;SL.SRV.EMPL.ZS;36.8521697075116
LKA;1997;SL.SRV.EMPL.ZS;40.3914978895196
LKA;1996;SL.SRV.EMPL.ZS;42.9458037639507
LKA;1995;SL.SRV.EMPL.ZS;39.5924761277549
LKA;1994;SL.SRV.EMPL.ZS;35.7282692478223
LKA;1993;SL.SRV.EMPL.ZS;42.0402492280245
LKA;1992;SL.SRV.EMPL.ZS;37.3691572747256
LKA;1991;SL.SRV.EMPL.ZS;38.8206455281838
LKA;1990;SL.SRV.EMPL.ZS;
LSO;2024;SL.SRV.EMPL.ZS;
LSO;2023;SL.SRV.EMPL.ZS;35.9521921300006
LSO;2022;SL.SRV.EMPL.ZS;35.6507912153821
LSO;2021;SL.SRV.EMPL.ZS;35.2385874702925
LSO;2020;SL.SRV.EMPL.ZS;35.3855176190035
LSO;2019;SL.SRV.EMPL.ZS;35.7911158187709
LSO;2018;SL.SRV.EMPL.ZS;35.7073809917271
LSO;2017;SL.SRV.EMPL.ZS;35.6914259872855
LSO;2016;SL.SRV.EMPL.ZS;35.458677062916
LSO;2015;SL.SRV.EMPL.ZS;35.2750407523243
LSO;2014;SL.SRV.EMPL.ZS;35.387327671263
LSO;2013;SL.SRV.EMPL.ZS;35.4537234124328
LSO;2012;SL.SRV.EMPL.ZS;35.3207573534549
LSO;2011;SL.SRV.EMPL.ZS;35.2880597727892
LSO;2010;SL.SRV.EMPL.ZS;35.4158060536573
LSO;2009;SL.SRV.EMPL.ZS;35.5503468096744
LSO;2008;SL.SRV.EMPL.ZS;35.1526274980476
LSO;2007;SL.SRV.EMPL.ZS;34.5415131212006
LSO;2006;SL.SRV.EMPL.ZS;33.0572674827635
LSO;2005;SL.SRV.EMPL.ZS;32.6787442953948
LSO;2004;SL.SRV.EMPL.ZS;31.9243690156935
LSO;2003;SL.SRV.EMPL.ZS;31.4023980815348
LSO;2002;SL.SRV.EMPL.ZS;30.7816652025165
LSO;2001;SL.SRV.EMPL.ZS;30.2284879835925
LSO;2000;SL.SRV.EMPL.ZS;29.6032996835715
LSO;1999;SL.SRV.EMPL.ZS;29.2046879139548
LSO;1998;SL.SRV.EMPL.ZS;28.8885682086804
LSO;1997;SL.SRV.EMPL.ZS;28.6720588745791
LSO;1996;SL.SRV.EMPL.ZS;28.9744904769599
LSO;1995;SL.SRV.EMPL.ZS;29.5722922360346
LSO;1994;SL.SRV.EMPL.ZS;30.1905624162532
LSO;1993;SL.SRV.EMPL.ZS;30.057666424181
LSO;1992;SL.SRV.EMPL.ZS;29.9335956382945
LSO;1991;SL.SRV.EMPL.ZS;29.8911767485966
LSO;1990;SL.SRV.EMPL.ZS;
LTU;2024;SL.SRV.EMPL.ZS;
LTU;2023;SL.SRV.EMPL.ZS;69.1084657701926
LTU;2022;SL.SRV.EMPL.ZS;68.8171548066784
LTU;2021;SL.SRV.EMPL.ZS;68.4337463487832
LTU;2020;SL.SRV.EMPL.ZS;68.945663141016
LTU;2019;SL.SRV.EMPL.ZS;67.8640652931615
LTU;2018;SL.SRV.EMPL.ZS;67.0501332922234
LTU;2017;SL.SRV.EMPL.ZS;67.0820722937057
LTU;2016;SL.SRV.EMPL.ZS;66.8870722453043
LTU;2015;SL.SRV.EMPL.ZS;65.858411365959
LTU;2014;SL.SRV.EMPL.ZS;66.1103059453089
LTU;2013;SL.SRV.EMPL.ZS;66.0520526781029
LTU;2012;SL.SRV.EMPL.ZS;66.1199536521669
LTU;2011;SL.SRV.EMPL.ZS;66.9558359621451
LTU;2010;SL.SRV.EMPL.ZS;66.6100593602206
LTU;2009;SL.SRV.EMPL.ZS;64.1671336241448
LTU;2008;SL.SRV.EMPL.ZS;61.4187270623104
LTU;2007;SL.SRV.EMPL.ZS;58.1260686275189
LTU;2006;SL.SRV.EMPL.ZS;56.5966622663365
LTU;2005;SL.SRV.EMPL.ZS;56.6690897535763
LTU;2004;SL.SRV.EMPL.ZS;55.5121529610658
LTU;2003;SL.SRV.EMPL.ZS;54.0513452824482
LTU;2002;SL.SRV.EMPL.ZS;53.9894680756342
LTU;2001;SL.SRV.EMPL.ZS;55.7897411335919
LTU;2000;SL.SRV.EMPL.ZS;53.9816529292887
LTU;1999;SL.SRV.EMPL.ZS;52.9411012230575
LTU;1998;SL.SRV.EMPL.ZS;51.374641729579
LTU;1997;SL.SRV.EMPL.ZS;50.8212605026262
LTU;1996;SL.SRV.EMPL.ZS;50.1288835999681
LTU;1995;SL.SRV.EMPL.ZS;49.4094263355913
LTU;1994;SL.SRV.EMPL.ZS;48.5960125597297
LTU;1993;SL.SRV.EMPL.ZS;47.8125384343147
LTU;1992;SL.SRV.EMPL.ZS;47.2517974432766
LTU;1991;SL.SRV.EMPL.ZS;46.3234353615329
LTU;1990;SL.SRV.EMPL.ZS;
LUX;2024;SL.SRV.EMPL.ZS;
LUX;2023;SL.SRV.EMPL.ZS;89.5256057757665
LUX;2022;SL.SRV.EMPL.ZS;89.7273091414337
LUX;2021;SL.SRV.EMPL.ZS;89.4792423364812
LUX;2020;SL.SRV.EMPL.ZS;88.8604482764427
LUX;2019;SL.SRV.EMPL.ZS;88.5062838811849
LUX;2018;SL.SRV.EMPL.ZS;87.1940111678712
LUX;2017;SL.SRV.EMPL.ZS;87.8457929128645
LUX;2016;SL.SRV.EMPL.ZS;86.9246369396525
LUX;2015;SL.SRV.EMPL.ZS;86.4317230455934
LUX;2014;SL.SRV.EMPL.ZS;87.590305108522
LUX;2013;SL.SRV.EMPL.ZS;86.3705756534559
LUX;2012;SL.SRV.EMPL.ZS;86.0020049960557
LUX;2011;SL.SRV.EMPL.ZS;85.4073356736473
LUX;2010;SL.SRV.EMPL.ZS;85.5515127042579
LUX;2009;SL.SRV.EMPL.ZS;85.7342117891885
LUX;2008;SL.SRV.EMPL.ZS;83.05555949561
LUX;2007;SL.SRV.EMPL.ZS;81.2344321468697
LUX;2006;SL.SRV.EMPL.ZS;81.4779755452775
LUX;2005;SL.SRV.EMPL.ZS;80.9674027339642
LUX;2004;SL.SRV.EMPL.ZS;79.1854852477844
LUX;2003;SL.SRV.EMPL.ZS;77.9917628632751
LUX;2002;SL.SRV.EMPL.ZS;77.9392820448631
LUX;2001;SL.SRV.EMPL.ZS;77.0449110885068
LUX;2000;SL.SRV.EMPL.ZS;76.7625618751557
LUX;1999;SL.SRV.EMPL.ZS;76.0632121038725
LUX;1998;SL.SRV.EMPL.ZS;75.4728016028351
LUX;1997;SL.SRV.EMPL.ZS;74.3352973939554
LUX;1996;SL.SRV.EMPL.ZS;74.4164534304009
LUX;1995;SL.SRV.EMPL.ZS;70.8714639711475
LUX;1994;SL.SRV.EMPL.ZS;69.8692641057942
LUX;1993;SL.SRV.EMPL.ZS;70.3775556783509
LUX;1992;SL.SRV.EMPL.ZS;70.0418735419035
LUX;1991;SL.SRV.EMPL.ZS;69.7451976261635
LUX;1990;SL.SRV.EMPL.ZS;
LVA;2024;SL.SRV.EMPL.ZS;
LVA;2023;SL.SRV.EMPL.ZS;70.3290524553004
LVA;2022;SL.SRV.EMPL.ZS;69.5825213527689
LVA;2021;SL.SRV.EMPL.ZS;69.7029027914297
LVA;2020;SL.SRV.EMPL.ZS;69.1418743788555
LVA;2019;SL.SRV.EMPL.ZS;68.9872160031794
LVA;2018;SL.SRV.EMPL.ZS;69.367242749046
LVA;2017;SL.SRV.EMPL.ZS;69.8250910079022
LVA;2016;SL.SRV.EMPL.ZS;68.1940662048887
LVA;2015;SL.SRV.EMPL.ZS;68.4152182552132
LVA;2014;SL.SRV.EMPL.ZS;68.6488288794622
LVA;2013;SL.SRV.EMPL.ZS;68.0220890235708
LVA;2012;SL.SRV.EMPL.ZS;68.1497036831589
LVA;2011;SL.SRV.EMPL.ZS;68.1964006079055
LVA;2010;SL.SRV.EMPL.ZS;68.3111674055309
LVA;2009;SL.SRV.EMPL.ZS;66.9061101981443
LVA;2008;SL.SRV.EMPL.ZS;62.6438794067481
LVA;2007;SL.SRV.EMPL.ZS;61.1866683378637
LVA;2006;SL.SRV.EMPL.ZS;61.169864439524
LVA;2005;SL.SRV.EMPL.ZS;61.4726063989466
LVA;2004;SL.SRV.EMPL.ZS;59.7580161783351
LVA;2003;SL.SRV.EMPL.ZS;58.6834156060364
LVA;2002;SL.SRV.EMPL.ZS;58.2367103055554
LVA;2001;SL.SRV.EMPL.ZS;58.2616152579786
LVA;2000;SL.SRV.EMPL.ZS;58.3162283241917
LVA;1999;SL.SRV.EMPL.ZS;56.7520598448901
LVA;1998;SL.SRV.EMPL.ZS;53.9203108316045
LVA;1997;SL.SRV.EMPL.ZS;53.0900890700483
LVA;1996;SL.SRV.EMPL.ZS;52.4492383171945
LVA;1995;SL.SRV.EMPL.ZS;51.5826667114816
LVA;1994;SL.SRV.EMPL.ZS;50.6510405934473
LVA;1993;SL.SRV.EMPL.ZS;50.0538024500051
LVA;1992;SL.SRV.EMPL.ZS;48.8789646921878
LVA;1991;SL.SRV.EMPL.ZS;47.9498034080264
LVA;1990;SL.SRV.EMPL.ZS;
MAC;2024;SL.SRV.EMPL.ZS;
MAC;2023;SL.SRV.EMPL.ZS;85.0690467998131
MAC;2022;SL.SRV.EMPL.ZS;84.7661565581282
MAC;2021;SL.SRV.EMPL.ZS;85.3529470083775
MAC;2020;SL.SRV.EMPL.ZS;84.6662670171286
MAC;2019;SL.SRV.EMPL.ZS;86.9445297295377
MAC;2018;SL.SRV.EMPL.ZS;86.5407026629682
MAC;2017;SL.SRV.EMPL.ZS;85.8296453819185
MAC;2016;SL.SRV.EMPL.ZS;82.1909507315253
MAC;2015;SL.SRV.EMPL.ZS;79.6437280912413
MAC;2014;SL.SRV.EMPL.ZS;80.2582378904148
MAC;2013;SL.SRV.EMPL.ZS;80.6624708714281
MAC;2012;SL.SRV.EMPL.ZS;80.0380526021265
MAC;2011;SL.SRV.EMPL.ZS;79.4982091187258
MAC;2010;SL.SRV.EMPL.ZS;78.7382827708065
MAC;2009;SL.SRV.EMPL.ZS;76.9406940475931
MAC;2008;SL.SRV.EMPL.ZS;73.6009122739392
MAC;2007;SL.SRV.EMPL.ZS;72.6531734607968
MAC;2006;SL.SRV.EMPL.ZS;73.0256550379582
MAC;2005;SL.SRV.EMPL.ZS;75.364292036979
MAC;2004;SL.SRV.EMPL.ZS;77.0214230478343
MAC;2003;SL.SRV.EMPL.ZS;76.512637222364
MAC;2002;SL.SRV.EMPL.ZS;76.455893832943
MAC;2001;SL.SRV.EMPL.ZS;76.0649575716937
MAC;2000;SL.SRV.EMPL.ZS;75.3996292449992
MAC;1999;SL.SRV.EMPL.ZS;74.3527083848627
MAC;1998;SL.SRV.EMPL.ZS;73.69770925066
MAC;1997;SL.SRV.EMPL.ZS;73.0742245665396
MAC;1996;SL.SRV.EMPL.ZS;72.5161749173341
MAC;1995;SL.SRV.EMPL.ZS;71.8017918979827
MAC;1994;SL.SRV.EMPL.ZS;71.1702496434072
MAC;1993;SL.SRV.EMPL.ZS;70.6725062906519
MAC;1992;SL.SRV.EMPL.ZS;70.2699658318627
MAC;1991;SL.SRV.EMPL.ZS;70.0177497927032
MAC;1990;SL.SRV.EMPL.ZS;
MAF;2024;SL.SRV.EMPL.ZS;
MAF;2023;SL.SRV.EMPL.ZS;
MAF;2022;SL.SRV.EMPL.ZS;
MAF;2021;SL.SRV.EMPL.ZS;
MAF;2020;SL.SRV.EMPL.ZS;
MAF;2019;SL.SRV.EMPL.ZS;
MAF;2018;SL.SRV.EMPL.ZS;
MAF;2017;SL.SRV.EMPL.ZS;
MAF;2016;SL.SRV.EMPL.ZS;
MAF;2015;SL.SRV.EMPL.ZS;
MAF;2014;SL.SRV.EMPL.ZS;
MAF;2013;SL.SRV.EMPL.ZS;
MAF;2012;SL.SRV.EMPL.ZS;
MAF;2011;SL.SRV.EMPL.ZS;
MAF;2010;SL.SRV.EMPL.ZS;
MAF;2009;SL.SRV.EMPL.ZS;
MAF;2008;SL.SRV.EMPL.ZS;
MAF;2007;SL.SRV.EMPL.ZS;
MAF;2006;SL.SRV.EMPL.ZS;
MAF;2005;SL.SRV.EMPL.ZS;
MAF;2004;SL.SRV.EMPL.ZS;
MAF;2003;SL.SRV.EMPL.ZS;
MAF;2002;SL.SRV.EMPL.ZS;
MAF;2001;SL.SRV.EMPL.ZS;
MAF;2000;SL.SRV.EMPL.ZS;
MAF;1999;SL.SRV.EMPL.ZS;
MAF;1998;SL.SRV.EMPL.ZS;
MAF;1997;SL.SRV.EMPL.ZS;
MAF;1996;SL.SRV.EMPL.ZS;
MAF;1995;SL.SRV.EMPL.ZS;
MAF;1994;SL.SRV.EMPL.ZS;
MAF;1993;SL.SRV.EMPL.ZS;
MAF;1992;SL.SRV.EMPL.ZS;
MAF;1991;SL.SRV.EMPL.ZS;
MAF;1990;SL.SRV.EMPL.ZS;
MAR;2024;SL.SRV.EMPL.ZS;
MAR;2023;SL.SRV.EMPL.ZS;46.2752169502987
MAR;2022;SL.SRV.EMPL.ZS;46.6069628254391
MAR;2021;SL.SRV.EMPL.ZS;44.9101090539513
MAR;2020;SL.SRV.EMPL.ZS;44.5469725604922
MAR;2019;SL.SRV.EMPL.ZS;44.3391755568258
MAR;2018;SL.SRV.EMPL.ZS;43.6370008026628
MAR;2017;SL.SRV.EMPL.ZS;42.9654989907272
MAR;2016;SL.SRV.EMPL.ZS;42.403654533622
MAR;2015;SL.SRV.EMPL.ZS;41.4524999313044
MAR;2014;SL.SRV.EMPL.ZS;40.8041118270261
MAR;2013;SL.SRV.EMPL.ZS;40.0627202056836
MAR;2012;SL.SRV.EMPL.ZS;39.3974070406738
MAR;2011;SL.SRV.EMPL.ZS;38.3637119557097
MAR;2010;SL.SRV.EMPL.ZS;37.793059233713
MAR;2009;SL.SRV.EMPL.ZS;37.3979575891796
MAR;2008;SL.SRV.EMPL.ZS;36.8876114767265
MAR;2007;SL.SRV.EMPL.ZS;36.5123941865706
MAR;2006;SL.SRV.EMPL.ZS;36.2917484016051
MAR;2005;SL.SRV.EMPL.ZS;35.0146818736029
MAR;2004;SL.SRV.EMPL.ZS;34.6961837701607
MAR;2003;SL.SRV.EMPL.ZS;35.9235748021878
MAR;2002;SL.SRV.EMPL.ZS;35.5048642381928
MAR;2001;SL.SRV.EMPL.ZS;34.9109119555978
MAR;2000;SL.SRV.EMPL.ZS;34.4333773811082
MAR;1999;SL.SRV.EMPL.ZS;33.7841215078269
MAR;1998;SL.SRV.EMPL.ZS;33.2467216812443
MAR;1997;SL.SRV.EMPL.ZS;32.9467943226478
MAR;1996;SL.SRV.EMPL.ZS;32.4258950610772
MAR;1995;SL.SRV.EMPL.ZS;32.2695698989376
MAR;1994;SL.SRV.EMPL.ZS;31.826633792545
MAR;1993;SL.SRV.EMPL.ZS;31.6717622868579
MAR;1992;SL.SRV.EMPL.ZS;31.3804999429476
MAR;1991;SL.SRV.EMPL.ZS;31.0657898710476
MAR;1990;SL.SRV.EMPL.ZS;
MCO;2024;SL.SRV.EMPL.ZS;
MCO;2023;SL.SRV.EMPL.ZS;
MCO;2022;SL.SRV.EMPL.ZS;
MCO;2021;SL.SRV.EMPL.ZS;
MCO;2020;SL.SRV.EMPL.ZS;
MCO;2019;SL.SRV.EMPL.ZS;
MCO;2018;SL.SRV.EMPL.ZS;
MCO;2017;SL.SRV.EMPL.ZS;
MCO;2016;SL.SRV.EMPL.ZS;
MCO;2015;SL.SRV.EMPL.ZS;
MCO;2014;SL.SRV.EMPL.ZS;
MCO;2013;SL.SRV.EMPL.ZS;
MCO;2012;SL.SRV.EMPL.ZS;
MCO;2011;SL.SRV.EMPL.ZS;
MCO;2010;SL.SRV.EMPL.ZS;
MCO;2009;SL.SRV.EMPL.ZS;
MCO;2008;SL.SRV.EMPL.ZS;
MCO;2007;SL.SRV.EMPL.ZS;
MCO;2006;SL.SRV.EMPL.ZS;
MCO;2005;SL.SRV.EMPL.ZS;
MCO;2004;SL.SRV.EMPL.ZS;
MCO;2003;SL.SRV.EMPL.ZS;
MCO;2002;SL.SRV.EMPL.ZS;
MCO;2001;SL.SRV.EMPL.ZS;
MCO;2000;SL.SRV.EMPL.ZS;
MCO;1999;SL.SRV.EMPL.ZS;
MCO;1998;SL.SRV.EMPL.ZS;
MCO;1997;SL.SRV.EMPL.ZS;
MCO;1996;SL.SRV.EMPL.ZS;
MCO;1995;SL.SRV.EMPL.ZS;
MCO;1994;SL.SRV.EMPL.ZS;
MCO;1993;SL.SRV.EMPL.ZS;
MCO;1992;SL.SRV.EMPL.ZS;
MCO;1991;SL.SRV.EMPL.ZS;
MCO;1990;SL.SRV.EMPL.ZS;
MDA;2024;SL.SRV.EMPL.ZS;
MDA;2023;SL.SRV.EMPL.ZS;35.5370298110983
MDA;2022;SL.SRV.EMPL.ZS;31.9395302297274
MDA;2021;SL.SRV.EMPL.ZS;31.1600756439668
MDA;2020;SL.SRV.EMPL.ZS;30.8784919150164
MDA;2019;SL.SRV.EMPL.ZS;30.6857499961894
MDA;2018;SL.SRV.EMPL.ZS;30.3531957647423
MDA;2017;SL.SRV.EMPL.ZS;30.7521968446526
MDA;2016;SL.SRV.EMPL.ZS;29.372468797363
MDA;2015;SL.SRV.EMPL.ZS;29.9185881787037
MDA;2014;SL.SRV.EMPL.ZS;30.6270359824523
MDA;2013;SL.SRV.EMPL.ZS;32.8047152210274
MDA;2012;SL.SRV.EMPL.ZS;32.9281355661034
MDA;2011;SL.SRV.EMPL.ZS;33.813852562513
MDA;2010;SL.SRV.EMPL.ZS;33.7157269855806
MDA;2009;SL.SRV.EMPL.ZS;35.7474031114198
MDA;2008;SL.SRV.EMPL.ZS;35.9086409739002
MDA;2007;SL.SRV.EMPL.ZS;36.0491251405458
MDA;2006;SL.SRV.EMPL.ZS;37.1625139037101
MDA;2005;SL.SRV.EMPL.ZS;36.8131043090411
MDA;2004;SL.SRV.EMPL.ZS;36.3652613172722
MDA;2003;SL.SRV.EMPL.ZS;36.3181008534032
MDA;2002;SL.SRV.EMPL.ZS;35.9160414423413
MDA;2001;SL.SRV.EMPL.ZS;35.0776219433095
MDA;2000;SL.SRV.EMPL.ZS;35.2401681557214
MDA;1999;SL.SRV.EMPL.ZS;37.4581926224185
MDA;1998;SL.SRV.EMPL.ZS;39.7076623838005
MDA;1997;SL.SRV.EMPL.ZS;43.6816670510996
MDA;1996;SL.SRV.EMPL.ZS;42.1084415183161
MDA;1995;SL.SRV.EMPL.ZS;41.9831795019946
MDA;1994;SL.SRV.EMPL.ZS;40.6436013438736
MDA;1993;SL.SRV.EMPL.ZS;40.0847857820931
MDA;1992;SL.SRV.EMPL.ZS;41.5628149270286
MDA;1991;SL.SRV.EMPL.ZS;39.3940215873826
MDA;1990;SL.SRV.EMPL.ZS;
MDG;2024;SL.SRV.EMPL.ZS;
MDG;2023;SL.SRV.EMPL.ZS;20.5002550746343
MDG;2022;SL.SRV.EMPL.ZS;20.074099449841
MDG;2021;SL.SRV.EMPL.ZS;19.1804489906448
MDG;2020;SL.SRV.EMPL.ZS;18.8827699638351
MDG;2019;SL.SRV.EMPL.ZS;18.7930233137215
MDG;2018;SL.SRV.EMPL.ZS;18.0575256043246
MDG;2017;SL.SRV.EMPL.ZS;17.4536640731344
MDG;2016;SL.SRV.EMPL.ZS;16.7935946478216
MDG;2015;SL.SRV.EMPL.ZS;16.1444506092668
MDG;2014;SL.SRV.EMPL.ZS;18.197950863689
MDG;2013;SL.SRV.EMPL.ZS;20.5776274468587
MDG;2012;SL.SRV.EMPL.ZS;23.4379224648347
MDG;2011;SL.SRV.EMPL.ZS;21.9955898464938
MDG;2010;SL.SRV.EMPL.ZS;20.7038618812106
MDG;2009;SL.SRV.EMPL.ZS;19.5450218636398
MDG;2008;SL.SRV.EMPL.ZS;18.8898028131124
MDG;2007;SL.SRV.EMPL.ZS;17.3108147090079
MDG;2006;SL.SRV.EMPL.ZS;15.9014595388866
MDG;2005;SL.SRV.EMPL.ZS;14.6209563371214
MDG;2004;SL.SRV.EMPL.ZS;13.8731974266896
MDG;2003;SL.SRV.EMPL.ZS;13.2144125251148
MDG;2002;SL.SRV.EMPL.ZS;12.6082893873143
MDG;2001;SL.SRV.EMPL.ZS;13.411954525812
MDG;2000;SL.SRV.EMPL.ZS;13.0862136317762
MDG;1999;SL.SRV.EMPL.ZS;12.8735463983131
MDG;1998;SL.SRV.EMPL.ZS;12.6815801546787
MDG;1997;SL.SRV.EMPL.ZS;12.5426100236615
MDG;1996;SL.SRV.EMPL.ZS;12.4006567939757
MDG;1995;SL.SRV.EMPL.ZS;12.3058306914809
MDG;1994;SL.SRV.EMPL.ZS;12.2178389111549
MDG;1993;SL.SRV.EMPL.ZS;12.2176345470436
MDG;1992;SL.SRV.EMPL.ZS;12.1639277251722
MDG;1991;SL.SRV.EMPL.ZS;12.1294104674624
MDG;1990;SL.SRV.EMPL.ZS;
MDV;2024;SL.SRV.EMPL.ZS;
MDV;2023;SL.SRV.EMPL.ZS;67.295161568222
MDV;2022;SL.SRV.EMPL.ZS;67.136300186907
MDV;2021;SL.SRV.EMPL.ZS;66.7372549963302
MDV;2020;SL.SRV.EMPL.ZS;67.1223656014757
MDV;2019;SL.SRV.EMPL.ZS;67.5291369263129
MDV;2018;SL.SRV.EMPL.ZS;67.6964170581192
MDV;2017;SL.SRV.EMPL.ZS;67.8834278606228
MDV;2016;SL.SRV.EMPL.ZS;67.6075746092653
MDV;2015;SL.SRV.EMPL.ZS;68.2562732013809
MDV;2014;SL.SRV.EMPL.ZS;69.295598166254
MDV;2013;SL.SRV.EMPL.ZS;69.6968530705974
MDV;2012;SL.SRV.EMPL.ZS;69.8286426277992
MDV;2011;SL.SRV.EMPL.ZS;69.8526281797232
MDV;2010;SL.SRV.EMPL.ZS;69.8283207624578
MDV;2009;SL.SRV.EMPL.ZS;69.6676855486211
MDV;2008;SL.SRV.EMPL.ZS;67.9804686127797
MDV;2007;SL.SRV.EMPL.ZS;66.3069071985487
MDV;2006;SL.SRV.EMPL.ZS;64.2795159583091
MDV;2005;SL.SRV.EMPL.ZS;62.0593464232042
MDV;2004;SL.SRV.EMPL.ZS;60.2871963309367
MDV;2003;SL.SRV.EMPL.ZS;58.2117087569695
MDV;2002;SL.SRV.EMPL.ZS;60.6910744096679
MDV;2001;SL.SRV.EMPL.ZS;62.8674136019717
MDV;2000;SL.SRV.EMPL.ZS;65.3977749326741
MDV;1999;SL.SRV.EMPL.ZS;63.9302182422152
MDV;1998;SL.SRV.EMPL.ZS;62.5138866846532
MDV;1997;SL.SRV.EMPL.ZS;61.0960766458464
MDV;1996;SL.SRV.EMPL.ZS;59.4351058671408
MDV;1995;SL.SRV.EMPL.ZS;57.8498028184941
MDV;1994;SL.SRV.EMPL.ZS;57.2253398730355
MDV;1993;SL.SRV.EMPL.ZS;56.6032537994154
MDV;1992;SL.SRV.EMPL.ZS;56.0838827547859
MDV;1991;SL.SRV.EMPL.ZS;55.6317029373486
MDV;1990;SL.SRV.EMPL.ZS;
MEX;2024;SL.SRV.EMPL.ZS;
MEX;2023;SL.SRV.EMPL.ZS;63.0041185829038
MEX;2022;SL.SRV.EMPL.ZS;62.3783098634819
MEX;2021;SL.SRV.EMPL.ZS;62.2232697210776
MEX;2020;SL.SRV.EMPL.ZS;62.7089175137874
MEX;2019;SL.SRV.EMPL.ZS;62.4204588021749
MEX;2018;SL.SRV.EMPL.ZS;61.7305912448918
MEX;2017;SL.SRV.EMPL.ZS;61.5622243144621
MEX;2016;SL.SRV.EMPL.ZS;61.9495845442211
MEX;2015;SL.SRV.EMPL.ZS;62.0369527356941
MEX;2014;SL.SRV.EMPL.ZS;61.9906748010687
MEX;2013;SL.SRV.EMPL.ZS;62.5554009180056
MEX;2012;SL.SRV.EMPL.ZS;62.797167395534
MEX;2011;SL.SRV.EMPL.ZS;62.6958221510855
MEX;2010;SL.SRV.EMPL.ZS;62.3266804823677
MEX;2009;SL.SRV.EMPL.ZS;63.000396479165
MEX;2008;SL.SRV.EMPL.ZS;62.0839126347304
MEX;2007;SL.SRV.EMPL.ZS;61.4819681603815
MEX;2006;SL.SRV.EMPL.ZS;61.0260352263747
MEX;2005;SL.SRV.EMPL.ZS;60.4610825987149
MEX;2004;SL.SRV.EMPL.ZS;59.3682122306479
MEX;2003;SL.SRV.EMPL.ZS;58.3548207029153
MEX;2002;SL.SRV.EMPL.ZS;57.162075263962
MEX;2001;SL.SRV.EMPL.ZS;56.4616986779851
MEX;2000;SL.SRV.EMPL.ZS;55.5293109916934
MEX;1999;SL.SRV.EMPL.ZS;54.1202807823562
MEX;1998;SL.SRV.EMPL.ZS;55.762425363035
MEX;1997;SL.SRV.EMPL.ZS;54.024417542352
MEX;1996;SL.SRV.EMPL.ZS;55.2894948674351
MEX;1995;SL.SRV.EMPL.ZS;54.7656038291453
MEX;1994;SL.SRV.EMPL.ZS;53.2678581017224
MEX;1993;SL.SRV.EMPL.ZS;51.5125225603091
MEX;1992;SL.SRV.EMPL.ZS;51.0255489870631
MEX;1991;SL.SRV.EMPL.ZS;50.5926886615713
MEX;1990;SL.SRV.EMPL.ZS;
MHL;2024;SL.SRV.EMPL.ZS;
MHL;2023;SL.SRV.EMPL.ZS;
MHL;2022;SL.SRV.EMPL.ZS;
MHL;2021;SL.SRV.EMPL.ZS;
MHL;2020;SL.SRV.EMPL.ZS;
MHL;2019;SL.SRV.EMPL.ZS;
MHL;2018;SL.SRV.EMPL.ZS;
MHL;2017;SL.SRV.EMPL.ZS;
MHL;2016;SL.SRV.EMPL.ZS;
MHL;2015;SL.SRV.EMPL.ZS;
MHL;2014;SL.SRV.EMPL.ZS;
MHL;2013;SL.SRV.EMPL.ZS;
MHL;2012;SL.SRV.EMPL.ZS;
MHL;2011;SL.SRV.EMPL.ZS;
MHL;2010;SL.SRV.EMPL.ZS;
MHL;2009;SL.SRV.EMPL.ZS;
MHL;2008;SL.SRV.EMPL.ZS;
MHL;2007;SL.SRV.EMPL.ZS;
MHL;2006;SL.SRV.EMPL.ZS;
MHL;2005;SL.SRV.EMPL.ZS;
MHL;2004;SL.SRV.EMPL.ZS;
MHL;2003;SL.SRV.EMPL.ZS;
MHL;2002;SL.SRV.EMPL.ZS;
MHL;2001;SL.SRV.EMPL.ZS;
MHL;2000;SL.SRV.EMPL.ZS;
MHL;1999;SL.SRV.EMPL.ZS;
MHL;1998;SL.SRV.EMPL.ZS;
MHL;1997;SL.SRV.EMPL.ZS;
MHL;1996;SL.SRV.EMPL.ZS;
MHL;1995;SL.SRV.EMPL.ZS;
MHL;1994;SL.SRV.EMPL.ZS;
MHL;1993;SL.SRV.EMPL.ZS;
MHL;1992;SL.SRV.EMPL.ZS;
MHL;1991;SL.SRV.EMPL.ZS;
MHL;1990;SL.SRV.EMPL.ZS;
MKD;2024;SL.SRV.EMPL.ZS;
MKD;2023;SL.SRV.EMPL.ZS;60.5393132082
MKD;2022;SL.SRV.EMPL.ZS;60.0536752776195
MKD;2021;SL.SRV.EMPL.ZS;58.0593767409314
MKD;2020;SL.SRV.EMPL.ZS;57.4973133761214
MKD;2019;SL.SRV.EMPL.ZS;55.2972842493442
MKD;2018;SL.SRV.EMPL.ZS;53.5884087307239
MKD;2017;SL.SRV.EMPL.ZS;53.580484326143
MKD;2016;SL.SRV.EMPL.ZS;53.2272828328516
MKD;2015;SL.SRV.EMPL.ZS;51.6712962388859
MKD;2014;SL.SRV.EMPL.ZS;51.1774757633698
MKD;2013;SL.SRV.EMPL.ZS;50.8799650340855
MKD;2012;SL.SRV.EMPL.ZS;52.8546833633809
MKD;2011;SL.SRV.EMPL.ZS;51.6816032651421
MKD;2010;SL.SRV.EMPL.ZS;52.5390147086811
MKD;2009;SL.SRV.EMPL.ZS;52.2360235266078
MKD;2008;SL.SRV.EMPL.ZS;49.2659429963427
MKD;2007;SL.SRV.EMPL.ZS;50.6590283450837
MKD;2006;SL.SRV.EMPL.ZS;47.9311655156788
MKD;2005;SL.SRV.EMPL.ZS;47.9860398424933
MKD;2004;SL.SRV.EMPL.ZS;47.7604692471854
MKD;2003;SL.SRV.EMPL.ZS;44.0501416611247
MKD;2002;SL.SRV.EMPL.ZS;42.7782726992327
MKD;2001;SL.SRV.EMPL.ZS;41.9656962118275
MKD;2000;SL.SRV.EMPL.ZS;40.8528229814547
MKD;1999;SL.SRV.EMPL.ZS;40.015710777232
MKD;1998;SL.SRV.EMPL.ZS;39.3319999925442
MKD;1997;SL.SRV.EMPL.ZS;38.7880312655456
MKD;1996;SL.SRV.EMPL.ZS;38.2855067199419
MKD;1995;SL.SRV.EMPL.ZS;37.8027489566982
MKD;1994;SL.SRV.EMPL.ZS;37.5313924286113
MKD;1993;SL.SRV.EMPL.ZS;37.1673317656997
MKD;1992;SL.SRV.EMPL.ZS;36.6670764492554
MKD;1991;SL.SRV.EMPL.ZS;36.4896221361207
MKD;1990;SL.SRV.EMPL.ZS;
MLI;2024;SL.SRV.EMPL.ZS;
MLI;2023;SL.SRV.EMPL.ZS;21.9721308243858
MLI;2022;SL.SRV.EMPL.ZS;21.9891891423813
MLI;2021;SL.SRV.EMPL.ZS;21.9005598366121
MLI;2020;SL.SRV.EMPL.ZS;22.6320883242074
MLI;2019;SL.SRV.EMPL.ZS;26.0926703423182
MLI;2018;SL.SRV.EMPL.ZS;29.3397243271042
MLI;2017;SL.SRV.EMPL.ZS;28.6341340107487
MLI;2016;SL.SRV.EMPL.ZS;28.3796849270695
MLI;2015;SL.SRV.EMPL.ZS;29.4735235234566
MLI;2014;SL.SRV.EMPL.ZS;25.3022960291995
MLI;2013;SL.SRV.EMPL.ZS;20.2275404090246
MLI;2012;SL.SRV.EMPL.ZS;21.2004199088404
MLI;2011;SL.SRV.EMPL.ZS;22.5400466027028
MLI;2010;SL.SRV.EMPL.ZS;23.563627807431
MLI;2009;SL.SRV.EMPL.ZS;24.4345918085609
MLI;2008;SL.SRV.EMPL.ZS;25.3766328019519
MLI;2007;SL.SRV.EMPL.ZS;26.2828398306278
MLI;2006;SL.SRV.EMPL.ZS;27.2858407490162
MLI;2005;SL.SRV.EMPL.ZS;27.2478139794873
MLI;2004;SL.SRV.EMPL.ZS;26.9290721654578
MLI;2003;SL.SRV.EMPL.ZS;26.9759508544876
MLI;2002;SL.SRV.EMPL.ZS;26.2611132013264
MLI;2001;SL.SRV.EMPL.ZS;26.0290114572591
MLI;2000;SL.SRV.EMPL.ZS;24.8172885881656
MLI;1999;SL.SRV.EMPL.ZS;24.8324421202074
MLI;1998;SL.SRV.EMPL.ZS;24.4039622698711
MLI;1997;SL.SRV.EMPL.ZS;23.8561330967092
MLI;1996;SL.SRV.EMPL.ZS;23.5107528682339
MLI;1995;SL.SRV.EMPL.ZS;23.0750368089948
MLI;1994;SL.SRV.EMPL.ZS;22.9813952049091
MLI;1993;SL.SRV.EMPL.ZS;22.7403012409894
MLI;1992;SL.SRV.EMPL.ZS;22.5766631330692
MLI;1991;SL.SRV.EMPL.ZS;22.6321349964169
MLI;1990;SL.SRV.EMPL.ZS;
MLT;2024;SL.SRV.EMPL.ZS;
MLT;2023;SL.SRV.EMPL.ZS;81.2920818626953
MLT;2022;SL.SRV.EMPL.ZS;82.2322883813475
MLT;2021;SL.SRV.EMPL.ZS;81.1397754372739
MLT;2020;SL.SRV.EMPL.ZS;80.628053665527
MLT;2019;SL.SRV.EMPL.ZS;79.9570256085103
MLT;2018;SL.SRV.EMPL.ZS;80.4078373666983
MLT;2017;SL.SRV.EMPL.ZS;79.1942305606767
MLT;2016;SL.SRV.EMPL.ZS;78.9733912960397
MLT;2015;SL.SRV.EMPL.ZS;78.5213651387838
MLT;2014;SL.SRV.EMPL.ZS;77.9952309550585
MLT;2013;SL.SRV.EMPL.ZS;77.1643405820621
MLT;2012;SL.SRV.EMPL.ZS;76.7888824836433
MLT;2011;SL.SRV.EMPL.ZS;74.3116350293259
MLT;2010;SL.SRV.EMPL.ZS;73.1455460427423
MLT;2009;SL.SRV.EMPL.ZS;73.5160814721782
MLT;2008;SL.SRV.EMPL.ZS;72.6483937804945
MLT;2007;SL.SRV.EMPL.ZS;71.864624744193
MLT;2006;SL.SRV.EMPL.ZS;69.630916251519
MLT;2005;SL.SRV.EMPL.ZS;68.0556183731884
MLT;2004;SL.SRV.EMPL.ZS;68.2961893152427
MLT;2003;SL.SRV.EMPL.ZS;67.6582935572547
MLT;2002;SL.SRV.EMPL.ZS;66.1333838525709
MLT;2001;SL.SRV.EMPL.ZS;66.7304949553642
MLT;2000;SL.SRV.EMPL.ZS;65.2110108956404
MLT;1999;SL.SRV.EMPL.ZS;65.3566797239822
MLT;1998;SL.SRV.EMPL.ZS;64.8303181279863
MLT;1997;SL.SRV.EMPL.ZS;64.5426224865477
MLT;1996;SL.SRV.EMPL.ZS;64.2595168837739
MLT;1995;SL.SRV.EMPL.ZS;63.9620133767793
MLT;1994;SL.SRV.EMPL.ZS;63.7551616659073
MLT;1993;SL.SRV.EMPL.ZS;63.6807877160769
MLT;1992;SL.SRV.EMPL.ZS;63.4778353611068
MLT;1991;SL.SRV.EMPL.ZS;63.2425119320531
MLT;1990;SL.SRV.EMPL.ZS;
MMR;2024;SL.SRV.EMPL.ZS;
MMR;2023;SL.SRV.EMPL.ZS;36.0667156532523
MMR;2022;SL.SRV.EMPL.ZS;35.8559035267145
MMR;2021;SL.SRV.EMPL.ZS;35.2474224738126
MMR;2020;SL.SRV.EMPL.ZS;34.9551362639225
MMR;2019;SL.SRV.EMPL.ZS;33.6028303758788
MMR;2018;SL.SRV.EMPL.ZS;34.0456997376146
MMR;2017;SL.SRV.EMPL.ZS;32.9593171178117
MMR;2016;SL.SRV.EMPL.ZS;32.2401561957399
MMR;2015;SL.SRV.EMPL.ZS;31.5442912863745
MMR;2014;SL.SRV.EMPL.ZS;31.1165041345101
MMR;2013;SL.SRV.EMPL.ZS;30.8099197385455
MMR;2012;SL.SRV.EMPL.ZS;30.4600688691083
MMR;2011;SL.SRV.EMPL.ZS;30.0947301123359
MMR;2010;SL.SRV.EMPL.ZS;29.5981208014688
MMR;2009;SL.SRV.EMPL.ZS;29.3587197809907
MMR;2008;SL.SRV.EMPL.ZS;28.9762830709705
MMR;2007;SL.SRV.EMPL.ZS;28.5549959475891
MMR;2006;SL.SRV.EMPL.ZS;28.2564632799145
MMR;2005;SL.SRV.EMPL.ZS;27.781180921007
MMR;2004;SL.SRV.EMPL.ZS;27.4077763649176
MMR;2003;SL.SRV.EMPL.ZS;27.0112332666015
MMR;2002;SL.SRV.EMPL.ZS;26.4209657148601
MMR;2001;SL.SRV.EMPL.ZS;26.047295233148
MMR;2000;SL.SRV.EMPL.ZS;25.8204868744056
MMR;1999;SL.SRV.EMPL.ZS;25.3809920133055
MMR;1998;SL.SRV.EMPL.ZS;25.1813461089607
MMR;1997;SL.SRV.EMPL.ZS;24.9332017042176
MMR;1996;SL.SRV.EMPL.ZS;23.7526116652765
MMR;1995;SL.SRV.EMPL.ZS;22.7091110965917
MMR;1994;SL.SRV.EMPL.ZS;21.5258366045628
MMR;1993;SL.SRV.EMPL.ZS;21.4888560125285
MMR;1992;SL.SRV.EMPL.ZS;21.9482745697514
MMR;1991;SL.SRV.EMPL.ZS;21.7932844293884
MMR;1990;SL.SRV.EMPL.ZS;
MNE;2024;SL.SRV.EMPL.ZS;
MNE;2023;SL.SRV.EMPL.ZS;77.8477510597591
MNE;2022;SL.SRV.EMPL.ZS;77.504531663484
MNE;2021;SL.SRV.EMPL.ZS;76.6884112613046
MNE;2020;SL.SRV.EMPL.ZS;74.0601705368156
MNE;2019;SL.SRV.EMPL.ZS;73.4377772488261
MNE;2018;SL.SRV.EMPL.ZS;73.0827384004523
MNE;2017;SL.SRV.EMPL.ZS;74.979397696125
MNE;2016;SL.SRV.EMPL.ZS;74.7920717584724
MNE;2015;SL.SRV.EMPL.ZS;74.8165428519659
MNE;2014;SL.SRV.EMPL.ZS;76.7628898234119
MNE;2013;SL.SRV.EMPL.ZS;77.7096094525296
MNE;2012;SL.SRV.EMPL.ZS;76.9196811771919
MNE;2011;SL.SRV.EMPL.ZS;75.4663079295021
MNE;2010;SL.SRV.EMPL.ZS;75.895762180951
MNE;2009;SL.SRV.EMPL.ZS;75.4490445699685
MNE;2008;SL.SRV.EMPL.ZS;74.3888413789036
MNE;2007;SL.SRV.EMPL.ZS;73.8008372447038
MNE;2006;SL.SRV.EMPL.ZS;73.0378406697155
MNE;2005;SL.SRV.EMPL.ZS;72.136080430473
MNE;2004;SL.SRV.EMPL.ZS;69.7471340479245
MNE;2003;SL.SRV.EMPL.ZS;67.27237213597
MNE;2002;SL.SRV.EMPL.ZS;66.3220306921094
MNE;2001;SL.SRV.EMPL.ZS;65.5708191227674
MNE;2000;SL.SRV.EMPL.ZS;65.2390775761107
MNE;1999;SL.SRV.EMPL.ZS;64.9460492803588
MNE;1998;SL.SRV.EMPL.ZS;64.4163360281615
MNE;1997;SL.SRV.EMPL.ZS;64.3526137825788
MNE;1996;SL.SRV.EMPL.ZS;64.2409522952835
MNE;1995;SL.SRV.EMPL.ZS;64.1396190785478
MNE;1994;SL.SRV.EMPL.ZS;64.040313981578
MNE;1993;SL.SRV.EMPL.ZS;63.9194305070009
MNE;1992;SL.SRV.EMPL.ZS;63.79951995345
MNE;1991;SL.SRV.EMPL.ZS;63.6917848681766
MNE;1990;SL.SRV.EMPL.ZS;
MNG;2024;SL.SRV.EMPL.ZS;
MNG;2023;SL.SRV.EMPL.ZS;50.4965971473082
MNG;2022;SL.SRV.EMPL.ZS;50.3503879036462
MNG;2021;SL.SRV.EMPL.ZS;51.2687821475853
MNG;2020;SL.SRV.EMPL.ZS;54.4797913543228
MNG;2019;SL.SRV.EMPL.ZS;51.3248381797801
MNG;2018;SL.SRV.EMPL.ZS;52.7251084230327
MNG;2017;SL.SRV.EMPL.ZS;51.9977438038793
MNG;2016;SL.SRV.EMPL.ZS;50.6490908379252
MNG;2015;SL.SRV.EMPL.ZS;51.2604004662365
MNG;2014;SL.SRV.EMPL.ZS;51.3043944302281
MNG;2013;SL.SRV.EMPL.ZS;49.7641247760583
MNG;2012;SL.SRV.EMPL.ZS;46.8085512833872
MNG;2011;SL.SRV.EMPL.ZS;49.6822275788967
MNG;2010;SL.SRV.EMPL.ZS;50.2368773499644
MNG;2009;SL.SRV.EMPL.ZS;48.4838492064988
MNG;2008;SL.SRV.EMPL.ZS;46.6997605459247
MNG;2007;SL.SRV.EMPL.ZS;44.7350632603952
MNG;2006;SL.SRV.EMPL.ZS;44.8689794049618
MNG;2005;SL.SRV.EMPL.ZS;45.6332097468288
MNG;2004;SL.SRV.EMPL.ZS;45.1930304625399
MNG;2003;SL.SRV.EMPL.ZS;41.3823432939658
MNG;2002;SL.SRV.EMPL.ZS;40.7326155907784
MNG;2001;SL.SRV.EMPL.ZS;37.9910810937247
MNG;2000;SL.SRV.EMPL.ZS;37.2188328542324
MNG;1999;SL.SRV.EMPL.ZS;34.9803288264298
MNG;1998;SL.SRV.EMPL.ZS;34.4435889593199
MNG;1997;SL.SRV.EMPL.ZS;34.3484783001689
MNG;1996;SL.SRV.EMPL.ZS;36.0057572818977
MNG;1995;SL.SRV.EMPL.ZS;35.9301730406064
MNG;1994;SL.SRV.EMPL.ZS;38.5627853077322
MNG;1993;SL.SRV.EMPL.ZS;38.28446023508
MNG;1992;SL.SRV.EMPL.ZS;37.8525383848022
MNG;1991;SL.SRV.EMPL.ZS;38.1727761177279
MNG;1990;SL.SRV.EMPL.ZS;
