ISO3;Country_ID;Country;Conflict_ID;Conflict;Conflict_Type;Start;End;PointInTime;Start_Year;End_Year;Point_Year;Winner_ID;Winner;PartOf_ID;PartOf;Context_ID;Context;Place_ID;Place;Coordinates;Deaths;Source;Deaths_Num
USA;http://www.wikidata.org/entity/Q30;Estados Unidos;http://www.wikidata.org/entity/Q8049168;Yaqui Wars;guerra;1533-01-01T00:00:00Z;1929-01-01T00:00:00Z;;1533;1929;;;;http://www.wikidata.org/entity/Q3280731;Mexican Indian Wars;;;http://www.wikidata.org/entity/Q46422;Sonora;;;participant;
USA;http://www.wikidata.org/entity/Q30;Estados Unidos;http://www.wikidata.org/entity/Q849680;Guerras indígenas nos Estados Unidos;series of wars;1609-01-01T00:00:00Z;1924-01-01T00:00:00Z;;1609;1924;;;;;;;;http://www.wikidata.org/entity/Q49;América do Norte e América Central;;;participant;
USA;http://www.wikidata.org/entity/Q30;Estados Unidos;http://www.wikidata.org/entity/Q5150525;Comanche Wars;series of wars;1706-01-01T00:00:00Z;1875-01-01T00:00:00Z;;1706;1875;;;;http://www.wikidata.org/entity/Q474891;Texas–Indian Wars;;;http://www.wikidata.org/entity/Q1261;Colorado;;;participant;
USA;http://www.wikidata.org/entity/Q30;Estados Unidos;http://www.wikidata.org/entity/Q40949;Guerra da Independência dos Estados Unidos;guerra de libertação nacional;1775-04-19T00:00:00Z;1783-09-03T00:00:00Z;;1775;1783;;;;http://www.wikidata.org/entity/Q1227237;relações entre Estados Unidos e Reino Unido;;;http://www.wikidata.org/entity/Q30;Estados Unidos;;;participant;
USA;http://www.wikidata.org/entity/Q30;Estados Unidos;http://www.wikidata.org/entity/Q4584046;Battle of Fort Cumberland;batalha;1776-11-10T00:00:00Z;1776-11-29T00:00:00Z;1776-01-01T00:00:00Z;1776;1776;1776;;;http://www.wikidata.org/entity/Q192769;Revolução Americana;;;;;Point(-64.291111111 45.865);;participant;
USA;http://www.wikidata.org/entity/Q30;Estados Unidos;http://www.wikidata.org/entity/Q4871284;Battle of Iron Works Hill;batalha;1776-12-22T00:00:00Z;1776-12-23T00:00:00Z;1776-01-01T00:00:00Z;1776;1776;1776;;;http://www.wikidata.org/entity/Q40949;Guerra da Independência dos Estados Unidos;;;http://www.wikidata.org/entity/Q936639;Mount Holly;Point(-74.78694444 39.995);;participant;
USA;http://www.wikidata.org/entity/Q30;Estados Unidos;http://www.wikidata.org/entity/Q846674;Batalha de Saratoga;batalha;1777-09-19T00:00:00Z;1777-12-17T00:00:00Z;1777-10-07T00:00:00Z;1777;1777;1777;;;http://www.wikidata.org/entity/Q40949;Guerra da Independência dos Estados Unidos;;;http://www.wikidata.org/entity/Q3709125;Stillwater;Point(-73.6375 42.998888888);;participant;
USA;http://www.wikidata.org/entity/Q30;Estados Unidos;http://www.wikidata.org/entity/Q2890385;Battle of White Marsh;batalha;1777-12-05T00:00:00Z;1777-12-08T00:00:00Z;1777-01-01T00:00:00Z;1777;1777;1777;;;http://www.wikidata.org/entity/Q40949;Guerra da Independência dos Estados Unidos;;;http://www.wikidata.org/entity/Q7996166;Whitemarsh Township;Point(-75.23 40.12);;participant;
USA;http://www.wikidata.org/entity/Q30;Estados Unidos;http://www.wikidata.org/entity/Q4871625;Second Battle of Machias;batalha;1777-08-13T00:00:00Z;1777-08-14T00:00:00Z;1777-01-01T00:00:00Z;1777;1777;1777;;;http://www.wikidata.org/entity/Q40949;Guerra da Independência dos Estados Unidos;;;http://www.wikidata.org/entity/Q2725736;Machias;Point(-67.46086111 44.71405);;participant;
USA;http://www.wikidata.org/entity/Q30;Estados Unidos;http://www.wikidata.org/entity/Q1307876;Siege of Fort Ticonderoga;batalha;1777-07-02T00:00:00Z;1777-07-06T00:00:00Z;1777-01-01T00:00:00Z;1777;1777;1777;;;http://www.wikidata.org/entity/Q40949;Guerra da Independência dos Estados Unidos;;;http://www.wikidata.org/entity/Q1438776;Forte Ticonderoga;Point(-73.388055555 43.841388888);;participant;
USA;http://www.wikidata.org/entity/Q30;Estados Unidos;http://www.wikidata.org/entity/Q6921294;Mount Hope Bay raids;batalha;1778-05-25T00:00:00Z;1778-05-30T00:00:00Z;1778-01-01T00:00:00Z;1778;1778;1778;;;http://www.wikidata.org/entity/Q40949;Guerra da Independência dos Estados Unidos;;;http://www.wikidata.org/entity/Q6921291;Mount Hope Bay;Point(-71.216 41.694);;participant;
USA;http://www.wikidata.org/entity/Q30;Estados Unidos;http://www.wikidata.org/entity/Q2296381;Battle of Minisink;batalha;1779-07-19T00:00:00Z;1779-07-22T00:00:00Z;1779-01-01T00:00:00Z;1779;1779;1779;;;http://www.wikidata.org/entity/Q40949;Guerra da Independência dos Estados Unidos;;;http://www.wikidata.org/entity/Q5414022;Highland;Point(-74.9708 41.4889);;participant;
USA;http://www.wikidata.org/entity/Q30;Estados Unidos;http://www.wikidata.org/entity/Q4870589;Battle of Bull's Ferry;batalha;1780-07-20T00:00:00Z;1780-07-21T00:00:00Z;;1780;1780;;;;http://www.wikidata.org/entity/Q40949;Guerra da Independência dos Estados Unidos;;;http://www.wikidata.org/entity/Q4997035;Bulls Ferry;Point(-74.0 40.789);;participant;
USA;http://www.wikidata.org/entity/Q30;Estados Unidos;http://www.wikidata.org/entity/Q459447;Batalha de Yorktown;batalha;1781-09-28T00:00:00Z;1781-10-19T00:00:00Z;1781-01-01T00:00:00Z;1781;1781;1781;;;http://www.wikidata.org/entity/Q40949;Guerra da Independência dos Estados Unidos;;;http://www.wikidata.org/entity/Q938699;Yorktown;Point(-76.5025 37.230833333);397;participant;397.0
USA;http://www.wikidata.org/entity/Q30;Estados Unidos;http://www.wikidata.org/entity/Q16253782;Battle of the Delaware Capes;batalha;1782-12-20T00:00:00Z;1782-12-21T00:00:00Z;;1782;1782;;;;http://www.wikidata.org/entity/Q40949;Guerra da Independência dos Estados Unidos;;;http://www.wikidata.org/entity/Q738808;Baía de Delaware;Point(-74.972 38.965);;participant;
USA;http://www.wikidata.org/entity/Q30;Estados Unidos;http://www.wikidata.org/entity/Q122639374;American-Algerian War;guerra;1785-01-01T00:00:00Z;1795-01-01T00:00:00Z;;1785;1795;;;;;;;;http://www.wikidata.org/entity/Q97;Oceano Atlântico;;;participant;
USA;http://www.wikidata.org/entity/Q30;Estados Unidos;http://www.wikidata.org/entity/Q2656995;Guerra Indígena do Noroeste;guerra;1785-01-01T00:00:00Z;1795-01-01T00:00:00Z;;1785;1795;;;;http://www.wikidata.org/entity/Q7533291;Sixty Years' War;;;http://www.wikidata.org/entity/Q669315;Território do Noroeste;Point(-86.0 41.0);;participant;
USA;http://www.wikidata.org/entity/Q30;Estados Unidos;http://www.wikidata.org/entity/Q207318;Guerras Revolucionárias Francesas;guerra;1792-04-20T00:00:00Z;1802-03-25T00:00:00Z;;1792;1802;;;;http://www.wikidata.org/entity/Q6534;Revolução Francesa;;;http://www.wikidata.org/entity/Q46;Europa;;;participant;
USA;http://www.wikidata.org/entity/Q30;Estados Unidos;http://www.wikidata.org/entity/Q655480;Quase-guerra;guerra;1798-07-07T00:00:00Z;1800-09-30T00:00:00Z;;1798;1800;;;;http://www.wikidata.org/entity/Q207318;Guerras Revolucionárias Francesas;;;http://www.wikidata.org/entity/Q97;Oceano Atlântico;;;participant;
USA;http://www.wikidata.org/entity/Q30;Estados Unidos;http://www.wikidata.org/entity/Q2984929;USS Constellation vs La Vengeance;batalha naval;1800-02-01T00:00:00Z;1800-02-02T00:00:00Z;;1800;1800;;;;http://www.wikidata.org/entity/Q655480;Quase-guerra;;;http://www.wikidata.org/entity/Q204989;Ilha de São Cristóvão;;;participant;
USA;http://www.wikidata.org/entity/Q30;Estados Unidos;http://www.wikidata.org/entity/Q807741;Guerras Berberes;guerra;1801-01-01T00:00:00Z;1815-01-01T00:00:00Z;1805-07-18T00:00:00Z;1801;1815;1805;;;;;;;http://www.wikidata.org/entity/Q501768;Berbéria;;;participant;
USA;http://www.wikidata.org/entity/Q30;Estados Unidos;http://www.wikidata.org/entity/Q6135223;Second Battle of Tripoli Harbor;batalha naval;1804-08-03T00:00:00Z;1804-09-10T00:00:00Z;;1804;1804;;;;http://www.wikidata.org/entity/Q468293;Guerra de Trípoli;;;http://www.wikidata.org/entity/Q3579;Trípoli;Point(13.1858 32.9022);;participant;
USA;http://www.wikidata.org/entity/Q30;Estados Unidos;http://www.wikidata.org/entity/Q2888407;Battle of Derna;batalha;1805-04-27T00:00:00Z;1805-06-12T00:00:00Z;;1805;1805;;;;http://www.wikidata.org/entity/Q468293;Guerra de Trípoli;;;http://www.wikidata.org/entity/Q211866;Derna;Point(22.633333333 32.766666666);;participant;
USA;http://www.wikidata.org/entity/Q30;Estados Unidos;http://www.wikidata.org/entity/Q325314;Guerra de Tecumseh;guerra;1810-08-01T00:00:00Z;1813-10-05T00:00:00Z;;1810;1813;;;;http://www.wikidata.org/entity/Q849680;Guerras indígenas nos Estados Unidos;;;http://www.wikidata.org/entity/Q186545;Região Centro-Oeste dos Estados Unidos;Point(-90.0 41.0);;participant;
USA;http://www.wikidata.org/entity/Q30;Estados Unidos;http://www.wikidata.org/entity/Q4872954;Battle of the Mississinewa;batalha;1812-12-17T00:00:00Z;1812-12-18T00:00:00Z;1812-01-01T00:00:00Z;1812;1812;1812;;;http://www.wikidata.org/entity/Q26013;Guerra anglo-americana de 1812;;;http://www.wikidata.org/entity/Q5548786;Jalapa;;;participant;
USA;http://www.wikidata.org/entity/Q30;Estados Unidos;http://www.wikidata.org/entity/Q26013;Guerra anglo-americana de 1812;guerra;1812-06-18T00:00:00Z;1815-02-18T00:00:00Z;;1812;1815;;;;http://www.wikidata.org/entity/Q1227237;relações entre Estados Unidos e Reino Unido;;;http://www.wikidata.org/entity/Q49;América do Norte e América Central;;;participant;
USA;http://www.wikidata.org/entity/Q30;Estados Unidos;http://www.wikidata.org/entity/Q3636438;Battle of Fort George;batalha;1813-05-25T00:00:00Z;1813-05-27T00:00:00Z;1813-01-01T00:00:00Z;1813;1813;1813;;;http://www.wikidata.org/entity/Q26013;Guerra anglo-americana de 1812;;;;;Point(-79.061111 43.250752);;participant;
USA;http://www.wikidata.org/entity/Q30;Estados Unidos;http://www.wikidata.org/entity/Q7443112;Second Battle of Sacket's Harbor;batalha;1813-05-28T00:00:00Z;1813-05-29T00:00:00Z;;1813;1813;;;;http://www.wikidata.org/entity/Q26013;Guerra anglo-americana de 1812;;;http://www.wikidata.org/entity/Q1973465;Sackets Harbor;Point(-76.126733333 43.9497);;participant;
USA;http://www.wikidata.org/entity/Q30;Estados Unidos;http://www.wikidata.org/entity/Q1186260;Guerra Creek;guerra;1813-01-01T00:00:00Z;1814-08-01T00:00:00Z;;1813;1814;;;;http://www.wikidata.org/entity/Q26013;Guerra anglo-americana de 1812;;;http://www.wikidata.org/entity/Q49042;Região Sul;;;participant;
USA;http://www.wikidata.org/entity/Q30;Estados Unidos;http://www.wikidata.org/entity/Q4870483;Battle of Big Sandy Creek;batalha;1814-05-29T00:00:00Z;1814-05-30T00:00:00Z;1814-01-01T00:00:00Z;1814;1814;1814;;;http://www.wikidata.org/entity/Q26013;Guerra anglo-americana de 1812;;;http://www.wikidata.org/entity/Q5366033;Ellisburg;Point(-76.182416666 43.710233333);;participant;
USA;http://www.wikidata.org/entity/Q30;Estados Unidos;http://www.wikidata.org/entity/Q4873199;Battles of Emuckfaw and Enotachopo Creek;batalha;1814-01-22T00:00:00Z;1814-01-24T00:00:00Z;1814-01-01T00:00:00Z;1814;1814;1814;;;http://www.wikidata.org/entity/Q1186260;Guerra Creek;;;;;Point(-85.73661667 32.97266667);;participant;
USA;http://www.wikidata.org/entity/Q30;Estados Unidos;http://www.wikidata.org/entity/Q4872014;Batalha de Pensacola;batalha;1814-11-07T00:00:00Z;1814-11-09T00:00:00Z;;1814;1814;;;;http://www.wikidata.org/entity/Q26013;Guerra anglo-americana de 1812;;;http://www.wikidata.org/entity/Q486306;Pensacola;;;participant;
USA;http://www.wikidata.org/entity/Q30;Estados Unidos;http://www.wikidata.org/entity/Q2237111;Batalha de Plattsburgh;batalha naval;1814-09-06T00:00:00Z;1814-09-11T00:00:00Z;;1814;1814;;;;http://www.wikidata.org/entity/Q26013;Guerra anglo-americana de 1812;;;http://www.wikidata.org/entity/Q68467;Lago Champlain;Point(-73.3756 44.6804);;participant;
USA;http://www.wikidata.org/entity/Q30;Estados Unidos;http://www.wikidata.org/entity/Q132760649;Battle of Credit Island;batalha;1814-09-04T00:00:00Z;1814-09-05T00:00:00Z;;1814;1814;;;;http://www.wikidata.org/entity/Q26013;Guerra anglo-americana de 1812;;;http://www.wikidata.org/entity/Q5183725;Credit Island;Point(-90.615555555 41.495833333);;participant;
USA;http://www.wikidata.org/entity/Q30;Estados Unidos;http://www.wikidata.org/entity/Q2890481;Battle of Mackinac Island;batalha;1814-07-26T00:00:00Z;1814-08-04T00:00:00Z;;1814;1814;;;;http://www.wikidata.org/entity/Q26013;Guerra anglo-americana de 1812;;;http://www.wikidata.org/entity/Q1431148;Mackinac Island;Point(-84.6175 45.853056);;participant;
USA;http://www.wikidata.org/entity/Q30;Estados Unidos;http://www.wikidata.org/entity/Q7283729;Raid on Alexandria;batalha;1814-08-29T00:00:00Z;1814-09-02T00:00:00Z;;1814;1814;;;;http://www.wikidata.org/entity/Q26013;Guerra anglo-americana de 1812;;;http://www.wikidata.org/entity/Q88;Alexandria;Point(-77.062 38.702);;participant;
USA;http://www.wikidata.org/entity/Q30;Estados Unidos;http://www.wikidata.org/entity/Q4871048;Battle of Fort Peter;batalha;1815-01-13T00:00:00Z;1815-01-14T00:00:00Z;;1815;1815;;;;http://www.wikidata.org/entity/Q26013;Guerra anglo-americana de 1812;;;http://www.wikidata.org/entity/Q921619;St. Marys;Point(-81.51675 30.756933333);;participant;
USA;http://www.wikidata.org/entity/Q30;Estados Unidos;http://www.wikidata.org/entity/Q900693;Guerras Seminoles;guerra;1816-01-01T00:00:00Z;1858-01-01T00:00:00Z;;1816;1858;;;;http://www.wikidata.org/entity/Q849680;Guerras indígenas nos Estados Unidos;;;http://www.wikidata.org/entity/Q486306;Pensacola;;;participant;
USA;http://www.wikidata.org/entity/Q30;Estados Unidos;http://www.wikidata.org/entity/Q474891;Texas–Indian Wars;guerra;1820-01-01T00:00:00Z;1875-01-01T00:00:00Z;;1820;1875;;;;http://www.wikidata.org/entity/Q849680;Guerras indígenas nos Estados Unidos;;;http://www.wikidata.org/entity/Q1439;Texas;;;participant;
USA;http://www.wikidata.org/entity/Q30;Estados Unidos;http://www.wikidata.org/entity/Q879980;Guerra de Black Hawk;guerra;1832-05-01T00:00:00Z;1832-08-01T00:00:00Z;1832-08-27T00:00:00Z;1832;1832;1832;;;http://www.wikidata.org/entity/Q849680;Guerras indígenas nos Estados Unidos;;;http://www.wikidata.org/entity/Q1204;Illinois;;;participant;
USA;http://www.wikidata.org/entity/Q30;Estados Unidos;http://www.wikidata.org/entity/Q4870377;Battle of Bad Axe;batalha;1832-08-01T00:00:00Z;1832-08-02T00:00:00Z;;1832;1832;;;;http://www.wikidata.org/entity/Q879980;Guerra de Black Hawk;;;;;Point(-91.21805556 43.45916667);;participant;
USA;http://www.wikidata.org/entity/Q30;Estados Unidos;http://www.wikidata.org/entity/Q2976715;Second Seminole War;guerra;1835-12-23T00:00:00Z;1842-08-14T00:00:00Z;;1835;1842;;;;http://www.wikidata.org/entity/Q900693;Guerras Seminoles;;;http://www.wikidata.org/entity/Q812;Flórida;;;participant;
USA;http://www.wikidata.org/entity/Q30;Estados Unidos;http://www.wikidata.org/entity/Q4872705;Battle of Wahoo Swamp;batalha;1836-11-21T00:00:00Z;1836-12-01T00:00:00Z;1836-01-01T00:00:00Z;1836;1836;1836;;;http://www.wikidata.org/entity/Q2976715;Second Seminole War;;;http://www.wikidata.org/entity/Q503889;Condado de Sumter;Point(-82.22285 28.6899);;participant;
USA;http://www.wikidata.org/entity/Q30;Estados Unidos;http://www.wikidata.org/entity/Q698312;Guerra de Aroostook;guerra;1838-01-01T00:00:00Z;1839-01-01T00:00:00Z;;1838;1839;;;;;;;;http://www.wikidata.org/entity/Q724;Maine;Point(-69.0 45.5);;participant;
USA;http://www.wikidata.org/entity/Q30;Estados Unidos;http://www.wikidata.org/entity/Q856168;Guerra dos pastéis;guerra;1838-11-27T00:00:00Z;1839-03-09T00:00:00Z;;1838;1839;;;;;;;;http://www.wikidata.org/entity/Q16;Canadá;;;participant;
USA;http://www.wikidata.org/entity/Q30;Estados Unidos;http://www.wikidata.org/entity/Q135412124;Battle of Malolo;batalha;1840-07-24T00:00:00Z;1840-07-25T00:00:00Z;;1840;1840;;;;http://www.wikidata.org/entity/Q135350390;1840 Fiji expedition;;;http://www.wikidata.org/entity/Q2430941;Malolo;;;participant;
USA;http://www.wikidata.org/entity/Q30;Estados Unidos;http://www.wikidata.org/entity/Q8244390;Battle of Providencia;batalha;1845-02-19T00:00:00Z;1845-02-20T00:00:00Z;;1845;1845;;;;;;;;;;Point(-118.328 34.18);;participant;
USA;http://www.wikidata.org/entity/Q30;Estados Unidos;http://www.wikidata.org/entity/Q6683;Guerra Mexicano-Americana;guerra;1846-04-24T00:00:00Z;1848-02-02T00:00:00Z;1840-01-01T00:00:00Z;1846;1848;1840;;;http://www.wikidata.org/entity/Q6826311;relações entre Estados Unidos e México;;;http://www.wikidata.org/entity/Q96;México;;11733;participant;11733.0
USA;http://www.wikidata.org/entity/Q30;Estados Unidos;http://www.wikidata.org/entity/Q1628057;Batalha de Monterrei;batalha;1846-09-21T00:00:00Z;1846-09-24T00:00:00Z;1846-01-01T00:00:00Z;1846;1846;1846;;;http://www.wikidata.org/entity/Q6683;Guerra Mexicano-Americana;;;http://www.wikidata.org/entity/Q81033;Monterrei;Point(-100.311111111 25.682222222);;participant;
USA;http://www.wikidata.org/entity/Q30;Estados Unidos;http://www.wikidata.org/entity/Q4870731;Battle of Chino;batalha;1846-09-26T00:00:00Z;1846-09-27T00:00:00Z;1846-01-01T00:00:00Z;1846;1846;1846;;;http://www.wikidata.org/entity/Q17557;República da Califórnia;;;;;Point(-117.718 33.99);;participant;
USA;http://www.wikidata.org/entity/Q30;Estados Unidos;http://www.wikidata.org/entity/Q4872288;Battle of San Pasqual;batalha;1846-12-06T00:00:00Z;1846-12-07T00:00:00Z;1846-01-01T00:00:00Z;1846;1846;1846;;;http://www.wikidata.org/entity/Q6683;Guerra Mexicano-Americana;;;http://www.wikidata.org/entity/Q3471592;San Pasqual Valley;Point(-116.99 33.086111111);;participant;
USA;http://www.wikidata.org/entity/Q30;Estados Unidos;http://www.wikidata.org/entity/Q5037059;Capture of Santa Fe;batalha;1846-08-08T00:00:00Z;1846-08-14T00:00:00Z;1846-01-01T00:00:00Z;1846;1846;1846;;;http://www.wikidata.org/entity/Q6683;Guerra Mexicano-Americana;;;http://www.wikidata.org/entity/Q38555;Santa Fé;Point(-105.964444444 35.667222222);;participant;
USA;http://www.wikidata.org/entity/Q30;Estados Unidos;http://www.wikidata.org/entity/Q4992419;First Battle of Tabasco;batalha;1846-10-24T00:00:00Z;1846-10-26T00:00:00Z;1846-01-01T00:00:00Z;1846;1846;1846;;;http://www.wikidata.org/entity/Q6683;Guerra Mexicano-Americana;;;http://www.wikidata.org/entity/Q210886;Villahermosa;Point(-92.928056 17.989167);;participant;
USA;http://www.wikidata.org/entity/Q30;Estados Unidos;http://www.wikidata.org/entity/Q815139;Siege of Fort Texas;batalha;1846-05-03T00:00:00Z;1846-05-09T00:00:00Z;1846-01-01T00:00:00Z;1846;1846;1846;;;http://www.wikidata.org/entity/Q6683;Guerra Mexicano-Americana;;;http://www.wikidata.org/entity/Q2613729;Fort Brown;Point(-97.492222222 25.898333333);;participant;
USA;http://www.wikidata.org/entity/Q30;Estados Unidos;http://www.wikidata.org/entity/Q2546566;Batalha da Cidade do México;batalha;1847-09-08T00:00:00Z;1847-09-15T00:00:00Z;1847-01-01T00:00:00Z;1847;1847;1847;;;http://www.wikidata.org/entity/Q6683;Guerra Mexicano-Americana;;;http://www.wikidata.org/entity/Q1489;Cidade do México;;;participant;
USA;http://www.wikidata.org/entity/Q30;Estados Unidos;http://www.wikidata.org/entity/Q1808450;Batalha de Buena Vista;batalha;1847-02-22T00:00:00Z;1847-02-23T00:00:00Z;1847-01-01T00:00:00Z;1847;1847;1847;;;http://www.wikidata.org/entity/Q6683;Guerra Mexicano-Americana;;;;;Point(-101.046438888 25.336958333);;participant;
USA;http://www.wikidata.org/entity/Q30;Estados Unidos;http://www.wikidata.org/entity/Q1536618;Batalha de Chapultepec;batalha;1847-09-12T00:00:00Z;1847-09-13T00:00:00Z;1847-01-01T00:00:00Z;1847;1847;1847;;;http://www.wikidata.org/entity/Q6683;Guerra Mexicano-Americana;;;http://www.wikidata.org/entity/Q1635185;Camargo;Point(-99.182 19.421);;participant;
USA;http://www.wikidata.org/entity/Q30;Estados Unidos;http://www.wikidata.org/entity/Q4871517;Battle of La Paz;batalha;1847-11-16T00:00:00Z;1847-11-17T00:00:00Z;1847-01-01T00:00:00Z;1847;1847;1847;;;http://www.wikidata.org/entity/Q6683;Guerra Mexicano-Americana;;;http://www.wikidata.org/entity/Q214215;La Paz;Point(-110.3 24.133333);;participant;
USA;http://www.wikidata.org/entity/Q30;Estados Unidos;http://www.wikidata.org/entity/Q4872273;Battle of San José del Cabo;batalha;1847-11-20T00:00:00Z;1847-11-21T00:00:00Z;1847-01-01T00:00:00Z;1847;1847;1847;;;http://www.wikidata.org/entity/Q6683;Guerra Mexicano-Americana;;;http://www.wikidata.org/entity/Q2088134;San José del Cabo;;;participant;
USA;http://www.wikidata.org/entity/Q30;Estados Unidos;http://www.wikidata.org/entity/Q2745368;Cerco de Veracruz;batalha;1847-03-09T00:00:00Z;1847-03-29T00:00:00Z;1847-01-01T00:00:00Z;1847;1847;1847;;;http://www.wikidata.org/entity/Q6683;Guerra Mexicano-Americana;;;http://www.wikidata.org/entity/Q173270;Veracruz;Point(-96.153333333 19.190277777);;participant;
USA;http://www.wikidata.org/entity/Q30;Estados Unidos;http://www.wikidata.org/entity/Q7443117;Second Battle of Tabasco;batalha;1847-06-15T00:00:00Z;1847-06-16T00:00:00Z;1847-01-01T00:00:00Z;1847;1847;1847;;;http://www.wikidata.org/entity/Q6683;Guerra Mexicano-Americana;;;http://www.wikidata.org/entity/Q210886;Villahermosa;Point(-92.92805556 17.98916667);;participant;
USA;http://www.wikidata.org/entity/Q30;Estados Unidos;http://www.wikidata.org/entity/Q523451;Battle of Rio San Gabriel;batalha;1847-01-08T00:00:00Z;1847-01-09T00:00:00Z;;1847;1847;;;;http://www.wikidata.org/entity/Q6683;Guerra Mexicano-Americana;;;;;Point(-118.111341666 33.992066666);;participant;
USA;http://www.wikidata.org/entity/Q30;Estados Unidos;http://www.wikidata.org/entity/Q3335302;Siege of Puebla;batalha;1847-09-13T00:00:00Z;1847-10-12T00:00:00Z;;1847;1847;;;;http://www.wikidata.org/entity/Q6683;Guerra Mexicano-Americana;;;http://www.wikidata.org/entity/Q125293;Puebla de Zaragoza;Point(-98.217777777 19.051388888);;participant;
USA;http://www.wikidata.org/entity/Q30;Estados Unidos;http://www.wikidata.org/entity/Q1052060;Cayuse War;guerra;1847-01-01T00:00:00Z;1855-01-01T00:00:00Z;;1847;1855;;;;http://www.wikidata.org/entity/Q849680;Guerras indígenas nos Estados Unidos;;;http://www.wikidata.org/entity/Q388164;Oregon Country;;;participant;
USA;http://www.wikidata.org/entity/Q30;Estados Unidos;http://www.wikidata.org/entity/Q6192082;Jicarilla War;guerra;1849-01-01T00:00:00Z;1855-01-01T00:00:00Z;;1849;1855;;;;http://www.wikidata.org/entity/Q617827;Guerras Apache;;;http://www.wikidata.org/entity/Q597711;Território do Novo México;;;participant;
USA;http://www.wikidata.org/entity/Q30;Estados Unidos;http://www.wikidata.org/entity/Q617827;Guerras Apache;guerra;1849-01-01T00:00:00Z;1924-01-01T00:00:00Z;;1849;1924;;;;http://www.wikidata.org/entity/Q474891;Texas–Indian Wars;;;http://www.wikidata.org/entity/Q858847;Região Sudoeste dos Estados Unidos;;;participant;
USA;http://www.wikidata.org/entity/Q30;Estados Unidos;http://www.wikidata.org/entity/Q31821016;Battle of Muddy Flat;batalha;1854-04-03T00:00:00Z;1854-04-04T00:00:00Z;;1854;1854;;;;http://www.wikidata.org/entity/Q192408;Rebelião Taiping;;;http://www.wikidata.org/entity/Q8686;Xangai;;;participant;
USA;http://www.wikidata.org/entity/Q30;Estados Unidos;http://www.wikidata.org/entity/Q1382989;Rogue River Wars;guerra;1855-01-01T00:00:00Z;1856-01-01T00:00:00Z;1855-10-08T00:00:00Z;1855;1856;1855;;;http://www.wikidata.org/entity/Q849680;Guerras indígenas nos Estados Unidos;;;;;;;participant;
USA;http://www.wikidata.org/entity/Q30;Estados Unidos;http://www.wikidata.org/entity/Q3119015;Yakima War;guerra;1855-01-01T00:00:00Z;1858-01-01T00:00:00Z;;1855;1858;;;;http://www.wikidata.org/entity/Q849680;Guerras indígenas nos Estados Unidos;;;http://www.wikidata.org/entity/Q1710656;Território de Washington;;;participant;
USA;http://www.wikidata.org/entity/Q30;Estados Unidos;http://www.wikidata.org/entity/Q418151;Segunda Guerra do Ópio;guerra;1856-01-01T00:00:00Z;1860-01-01T00:00:00Z;1856-10-08T00:00:00Z;1856;1860;1856;;;http://www.wikidata.org/entity/Q220984;Guerras do ópio;;;http://www.wikidata.org/entity/Q8733;Dinastia Qing;;;participant;
USA;http://www.wikidata.org/entity/Q30;Estados Unidos;http://www.wikidata.org/entity/Q4872985;Battle of the Pearl River Forts;batalha;1856-11-16T00:00:00Z;1856-11-24T00:00:00Z;;1856;1856;;;;http://www.wikidata.org/entity/Q418151;Segunda Guerra do Ópio;;;http://www.wikidata.org/entity/Q201463;Rio das Pérolas;Point(113.38 23.1088);;participant;
USA;http://www.wikidata.org/entity/Q30;Estados Unidos;http://www.wikidata.org/entity/Q1064335;Guerra do Porco;guerra;1859-06-15T00:00:00Z;1859-10-01T00:00:00Z;1859-01-01T00:00:00Z;1859;1859;1859;;;;;;;http://www.wikidata.org/entity/Q1196315;Ilhas San Juan;Point(-123.00661389 48.46164167);;participant;
USA;http://www.wikidata.org/entity/Q30;Estados Unidos;http://www.wikidata.org/entity/Q1061404;Battle of Taku Forts;batalha;1859-06-24T00:00:00Z;1859-06-26T00:00:00Z;;1859;1859;;;;http://www.wikidata.org/entity/Q418151;Segunda Guerra do Ópio;;;http://www.wikidata.org/entity/Q548289;Taku Forts;;;participant;
USA;http://www.wikidata.org/entity/Q30;Estados Unidos;http://www.wikidata.org/entity/Q193993;Battle of Pea Ridge;batalha;1862-03-07T00:00:00Z;1862-03-08T00:00:00Z;1862-01-01T00:00:00Z;1862;1862;1862;;;http://www.wikidata.org/entity/Q2496537;Teatro Trans-Mississippi da Guerra Civil Americana;;;http://www.wikidata.org/entity/Q61020;condado de Benton;Point(-94.034694444 36.454388888);;participant;
USA;http://www.wikidata.org/entity/Q30;Estados Unidos;http://www.wikidata.org/entity/Q1851858;Dakota War of 1862;guerra;1862-08-17T00:00:00Z;1862-12-26T00:00:00Z;1862-01-01T00:00:00Z;1862;1862;1862;;;http://www.wikidata.org/entity/Q8676;Guerra de Secessão;;;http://www.wikidata.org/entity/Q1527;Minnesota;;77;participant;77.0
USA;http://www.wikidata.org/entity/Q30;Estados Unidos;http://www.wikidata.org/entity/Q1272132;Battle of Stones River;batalha;1862-12-31T00:00:00Z;1863-01-02T00:00:00Z;;1862;1863;;;;http://www.wikidata.org/entity/Q8676;Guerra de Secessão;;;http://www.wikidata.org/entity/Q502348;Condado de Rutherford;Point(-86.430555555 35.868472222);;participant;
USA;http://www.wikidata.org/entity/Q30;Estados Unidos;http://www.wikidata.org/entity/Q2602070;Colorado War;guerra;1863-01-01T00:00:00Z;1865-01-01T00:00:00Z;1864-01-01T00:00:00Z;1863;1865;1864;;;http://www.wikidata.org/entity/Q849680;Guerras indígenas nos Estados Unidos;;;http://www.wikidata.org/entity/Q1261;Colorado;;;participant;
USA;http://www.wikidata.org/entity/Q30;Estados Unidos;http://www.wikidata.org/entity/Q33132;Batalha de Gettysburg;batalha;1863-07-01T00:00:00Z;1863-07-03T00:00:00Z;;1863;1863;;;;http://www.wikidata.org/entity/Q749397;Teatro Oriental da Guerra Civil Americana;;;http://www.wikidata.org/entity/Q351865;Condado de Adams;Point(-77.225833333 39.811388888);;participant;
USA;http://www.wikidata.org/entity/Q30;Estados Unidos;http://www.wikidata.org/entity/Q2772670;Battle of Salem Church;batalha;1863-05-03T00:00:00Z;1863-05-04T00:00:00Z;;1863;1863;;;;http://www.wikidata.org/entity/Q8676;Guerra de Secessão;;;http://www.wikidata.org/entity/Q506202;condado de Spotsylvania;Point(-77.530944444 38.288861111);;participant;
USA;http://www.wikidata.org/entity/Q30;Estados Unidos;http://www.wikidata.org/entity/Q1167754;Battle of Whitestone Hill;batalha;1863-09-03T00:00:00Z;1863-09-05T00:00:00Z;;1863;1863;;;;http://www.wikidata.org/entity/Q3778746;Sioux Wars;;;http://www.wikidata.org/entity/Q1117425;Território de Dakota;Point(-98.8557 46.1697);;participant;
USA;http://www.wikidata.org/entity/Q30;Estados Unidos;http://www.wikidata.org/entity/Q2840763;Battle of Elkin's Ferry;batalha;1864-04-03T00:00:00Z;1864-04-04T00:00:00Z;1864-01-01T00:00:00Z;1864;1864;1864;;;http://www.wikidata.org/entity/Q2496537;Teatro Trans-Mississippi da Guerra Civil Americana;;;http://www.wikidata.org/entity/Q61200;condado de Clark;Point(-93.35722222 33.93055556);;participant;
USA;http://www.wikidata.org/entity/Q30;Estados Unidos;http://www.wikidata.org/entity/Q497797;Batalha de Cold Harbor;batalha;1864-05-31T00:00:00Z;1864-06-12T00:00:00Z;;1864;1864;;;;http://www.wikidata.org/entity/Q8676;Guerra de Secessão;;;http://www.wikidata.org/entity/Q341679;condado de Hanover;Point(-77.285 37.59);;participant;
USA;http://www.wikidata.org/entity/Q30;Estados Unidos;http://www.wikidata.org/entity/Q742287;Battle of Killdeer Mountain;batalha;1864-07-28T00:00:00Z;1864-07-29T00:00:00Z;;1864;1864;;;;http://www.wikidata.org/entity/Q3778746;Sioux Wars;;;http://www.wikidata.org/entity/Q1117425;Território de Dakota;Point(-102.91685 47.4214);;participant;
USA;http://www.wikidata.org/entity/Q30;Estados Unidos;http://www.wikidata.org/entity/Q1425882;Battle of the Wilderness;batalha;1864-05-05T00:00:00Z;1864-05-07T00:00:00Z;;1864;1864;;;;http://www.wikidata.org/entity/Q8676;Guerra de Secessão;;;http://www.wikidata.org/entity/Q506202;condado de Spotsylvania;Point(-77.756388888 38.3175);;participant;
USA;http://www.wikidata.org/entity/Q30;Estados Unidos;http://www.wikidata.org/entity/Q815195;Cerco de Petersburg;batalha;1864-06-09T00:00:00Z;1865-03-25T00:00:00Z;;1864;1865;;;;http://www.wikidata.org/entity/Q8676;Guerra de Secessão;;;http://www.wikidata.org/entity/Q511964;Petersburg;Point(-77.377777777 37.218333333);;participant;
USA;http://www.wikidata.org/entity/Q30;Estados Unidos;http://www.wikidata.org/entity/Q620244;Batalha de Bentonville;batalha;1865-03-19T00:00:00Z;1865-03-21T00:00:00Z;1865-01-01T00:00:00Z;1865;1865;1865;;;http://www.wikidata.org/entity/Q2988047;Teatro Ocidental da Guerra Civil Americana;;;http://www.wikidata.org/entity/Q497938;condado de Johnston;Point(-78.3231 35.3059);;participant;
USA;http://www.wikidata.org/entity/Q30;Estados Unidos;http://www.wikidata.org/entity/Q2060306;Red Cloud's War;guerra;1866-01-01T00:00:00Z;1868-01-01T00:00:00Z;;1866;1868;;;;http://www.wikidata.org/entity/Q3778746;Sioux Wars;;;http://www.wikidata.org/entity/Q266864;Powder River Country;;;participant;
USA;http://www.wikidata.org/entity/Q30;Estados Unidos;http://www.wikidata.org/entity/Q4871273;Battle of Infernal Caverns;batalha;1867-09-26T00:00:00Z;1867-09-28T00:00:00Z;;1867;1867;;;;;;;;http://www.wikidata.org/entity/Q14682475;Infernal Caverns;;;participant;
USA;http://www.wikidata.org/entity/Q30;Estados Unidos;http://www.wikidata.org/entity/Q4087333;Battle of Beecher Island;batalha;1868-09-17T00:00:00Z;1868-09-25T00:00:00Z;1868-09-19T00:00:00Z;1868;1868;1868;;;http://www.wikidata.org/entity/Q849680;Guerras indígenas nos Estados Unidos;;;http://www.wikidata.org/entity/Q814010;Beecher Island;Point(-102.1855 39.87165);;participant;
USA;http://www.wikidata.org/entity/Q30;Estados Unidos;http://www.wikidata.org/entity/Q2635052;Guerra Modoc;guerra;1872-07-06T00:00:00Z;1873-06-04T00:00:00Z;;1872;1873;;;;http://www.wikidata.org/entity/Q849680;Guerras indígenas nos Estados Unidos;;;http://www.wikidata.org/entity/Q99;Califórnia;;;participant;
USA;http://www.wikidata.org/entity/Q30;Estados Unidos;http://www.wikidata.org/entity/Q3119025;Red River War;guerra;1874-01-01T00:00:00Z;1875-01-01T00:00:00Z;;1874;1875;;;;http://www.wikidata.org/entity/Q849680;Guerras indígenas nos Estados Unidos;;;http://www.wikidata.org/entity/Q12707;Grandes Planícies;;;participant;
USA;http://www.wikidata.org/entity/Q30;Estados Unidos;http://www.wikidata.org/entity/Q786821;Battle of Slim Buttes;batalha;1876-09-09T00:00:00Z;1876-09-10T00:00:00Z;1876-01-01T00:00:00Z;1876;1876;1876;;;http://www.wikidata.org/entity/Q430053;Guerra de Black Hills;;;http://www.wikidata.org/entity/Q5599966;Great Sioux Reservation;Point(-103.12475 45.543416666);;participant;
USA;http://www.wikidata.org/entity/Q30;Estados Unidos;http://www.wikidata.org/entity/Q430053;Guerra de Black Hills;guerra;1876-01-01T00:00:00Z;1877-01-01T00:00:00Z;;1876;1877;;;;http://www.wikidata.org/entity/Q3778746;Sioux Wars;;;http://www.wikidata.org/entity/Q1810689;Território de Montana;;;participant;
USA;http://www.wikidata.org/entity/Q30;Estados Unidos;http://www.wikidata.org/entity/Q4872889;Battle of the Clearwater;batalha;1877-07-11T00:00:00Z;1877-07-12T00:00:00Z;1877-01-01T00:00:00Z;1877;1877;1877;;;http://www.wikidata.org/entity/Q1456086;Guerra dos Nez-Percés;;;http://www.wikidata.org/entity/Q494480;condado de Idaho;Point(-115.971388888 46.078333333);;participant;
USA;http://www.wikidata.org/entity/Q30;Estados Unidos;http://www.wikidata.org/entity/Q4870436;Battle of Bear Paw;batalha;1877-09-30T00:00:00Z;1877-10-05T00:00:00Z;;1877;1877;;;;http://www.wikidata.org/entity/Q1456086;Guerra dos Nez-Percés;;;http://www.wikidata.org/entity/Q81351860;Chief Joseph Battleground of the Bear's Paw;Point(-109.207222 48.3775);;participant;
USA;http://www.wikidata.org/entity/Q30;Estados Unidos;http://www.wikidata.org/entity/Q4870795;Battle of Cottonwood;batalha;1877-07-03T00:00:00Z;1877-07-05T00:00:00Z;;1877;1877;;;;http://www.wikidata.org/entity/Q1456086;Guerra dos Nez-Percés;;;;;Point(-116.3275 46.026666666);;participant;
USA;http://www.wikidata.org/entity/Q30;Estados Unidos;http://www.wikidata.org/entity/Q1456086;Guerra dos Nez-Percés;guerra;1877-06-01T00:00:00Z;1877-10-01T00:00:00Z;;1877;1877;;;;http://www.wikidata.org/entity/Q849680;Guerras indígenas nos Estados Unidos;;;http://www.wikidata.org/entity/Q824;Óregon;;;participant;
USA;http://www.wikidata.org/entity/Q30;Estados Unidos;http://www.wikidata.org/entity/Q2321496;Bannock War;guerra;1878-06-01T00:00:00Z;1878-09-01T00:00:00Z;;1878;1878;;;;http://www.wikidata.org/entity/Q849680;Guerras indígenas nos Estados Unidos;;;http://www.wikidata.org/entity/Q1221;Idaho;;;participant;
USA;http://www.wikidata.org/entity/Q30;Estados Unidos;http://www.wikidata.org/entity/Q4122567;Victorio's War;guerra;1879-08-01T00:00:00Z;1880-10-01T00:00:00Z;1879-01-01T00:00:00Z;1879;1880;1879;;;http://www.wikidata.org/entity/Q617827;Guerras Apache;;;http://www.wikidata.org/entity/Q858847;Região Sudoeste dos Estados Unidos;;;participant;
USA;http://www.wikidata.org/entity/Q30;Estados Unidos;http://www.wikidata.org/entity/Q4871733;Battle of Milk Creek;batalha;1879-09-29T00:00:00Z;1879-10-05T00:00:00Z;;1879;1879;;;;;;;;http://www.wikidata.org/entity/Q1261;Colorado;Point(-107.69027778 40.20166667);;participant;
USA;http://www.wikidata.org/entity/Q30;Estados Unidos;http://www.wikidata.org/entity/Q4871208;Battle of Hembrillo Basin;batalha;1880-04-06T00:00:00Z;1880-04-07T00:00:00Z;1880-01-01T00:00:00Z;1880;1880;1880;;;http://www.wikidata.org/entity/Q617827;Guerras Apache;;;;;Point(-106.645 32.924);;participant;
USA;http://www.wikidata.org/entity/Q30;Estados Unidos;http://www.wikidata.org/entity/Q5557072;Ghost Dance War;guerra;1890-12-29T00:00:00Z;1891-01-15T00:00:00Z;;1890;1891;;;;http://www.wikidata.org/entity/Q3778746;Sioux Wars;;;http://www.wikidata.org/entity/Q1211;Dakota do Sul;;;participant;
USA;http://www.wikidata.org/entity/Q30;Estados Unidos;http://www.wikidata.org/entity/Q12583;Guerra Hispano-Americana;guerra;1898-04-25T00:00:00Z;1898-08-11T00:00:00Z;1898-01-01T00:00:00Z;1898;1898;1898;;;http://www.wikidata.org/entity/Q1514908;Guerra de Independência Cubana;;;http://www.wikidata.org/entity/Q1247;Mar das Caraíbas;;;participant;
USA;http://www.wikidata.org/entity/Q30;Estados Unidos;http://www.wikidata.org/entity/Q4871158;Batalha da Baía de Guantánamo;batalha;1898-06-06T00:00:00Z;1898-06-10T00:00:00Z;;1898;1898;;;;http://www.wikidata.org/entity/Q12583;Guerra Hispano-Americana;;;http://www.wikidata.org/entity/Q208035;Baía de Guantánamo;Point(-75.1137 20.0212);;participant;
USA;http://www.wikidata.org/entity/Q30;Estados Unidos;http://www.wikidata.org/entity/Q16253626;Battle of Fajardo;batalha;1898-08-08T00:00:00Z;1898-08-09T00:00:00Z;;1898;1898;;;;http://www.wikidata.org/entity/Q7258596;Campanha de Porto Rico;;;http://www.wikidata.org/entity/Q542833;Fajardo;Point(-65.6525 18.325833333);;participant;
USA;http://www.wikidata.org/entity/Q30;Estados Unidos;http://www.wikidata.org/entity/Q4120277;Segunda Guerra Civil de Samoa;guerra;1898-01-01T00:00:00Z;1899-01-01T00:00:00Z;;1898;1899;;;;;;;;http://www.wikidata.org/entity/Q162126;Ilhas Samoa;;;participant;
USA;http://www.wikidata.org/entity/Q30;Estados Unidos;http://www.wikidata.org/entity/Q768496;Guerras das Bananas;guerra;1898-01-01T00:00:00Z;1934-01-01T00:00:00Z;;1898;1934;;;;;;;;http://www.wikidata.org/entity/Q27611;América Central;;;participant;
USA;http://www.wikidata.org/entity/Q30;Estados Unidos;http://www.wikidata.org/entity/Q746860;Battle of Manila;batalha;1899-02-04T00:00:00Z;1899-02-05T00:00:00Z;1899-01-01T00:00:00Z;1899;1899;1899;;;http://www.wikidata.org/entity/Q214456;Guerra Filipino-Americana;;;http://www.wikidata.org/entity/Q1461;Manila;Point(121.015277777 14.604166666);;participant;
USA;http://www.wikidata.org/entity/Q30;Estados Unidos;http://www.wikidata.org/entity/Q4872301;Battle of Santa Cruz;batalha;1899-04-09T00:00:00Z;1899-04-10T00:00:00Z;1899-01-01T00:00:00Z;1899;1899;1899;;;http://www.wikidata.org/entity/Q214456;Guerra Filipino-Americana;;;http://www.wikidata.org/entity/Q75938;Santa Cruz;;;participant;
USA;http://www.wikidata.org/entity/Q30;Estados Unidos;http://www.wikidata.org/entity/Q7443076;Second Battle of Caloocan;batalha;1899-02-22T00:00:00Z;1899-02-24T00:00:00Z;1899-01-01T00:00:00Z;1899;1899;1899;;;http://www.wikidata.org/entity/Q214456;Guerra Filipino-Americana;;;http://www.wikidata.org/entity/Q1478;Caloocan;;;participant;
USA;http://www.wikidata.org/entity/Q30;Estados Unidos;http://www.wikidata.org/entity/Q4870618;Battle of Calumpit;batalha;1899-04-25T00:00:00Z;1899-04-27T00:00:00Z;;1899;1899;;;;http://www.wikidata.org/entity/Q214456;Guerra Filipino-Americana;;;http://www.wikidata.org/entity/Q54564;Calumpit;;;participant;
USA;http://www.wikidata.org/entity/Q30;Estados Unidos;http://www.wikidata.org/entity/Q4871941;Battle of Olongapo;batalha;1899-09-18T00:00:00Z;1899-09-23T00:00:00Z;;1899;1899;;;;http://www.wikidata.org/entity/Q214456;Guerra Filipino-Americana;;;http://www.wikidata.org/entity/Q56759;Olongapo;;;participant;
USA;http://www.wikidata.org/entity/Q30;Estados Unidos;http://www.wikidata.org/entity/Q214456;Guerra Filipino-Americana;guerra;1899-02-04T00:00:00Z;1902-07-02T00:00:00Z;;1899;1902;;;;;;;;http://www.wikidata.org/entity/Q31351948;United States Military Government of the Philippine Islands;;;participant;
USA;http://www.wikidata.org/entity/Q30;Estados Unidos;http://www.wikidata.org/entity/Q4087324;Battle of Tientsin;batalha;1900-07-13T00:00:00Z;1900-07-14T00:00:00Z;;1900;1900;;;;http://www.wikidata.org/entity/Q150229;Levante dos Boxers;;;http://www.wikidata.org/entity/Q11736;Tianjin;;;participant;
USA;http://www.wikidata.org/entity/Q30;Estados Unidos;http://www.wikidata.org/entity/Q7443075;Second Battle of Bud Dajo;batalha;1911-12-18T00:00:00Z;1911-12-26T00:00:00Z;1911-01-01T00:00:00Z;1911;1911;1911;;;http://www.wikidata.org/entity/Q11883242;Rebelião Moro;;;http://www.wikidata.org/entity/Q3707308;Bud Dajo;;;participant;
USA;http://www.wikidata.org/entity/Q30;Estados Unidos;http://www.wikidata.org/entity/Q4870757;Batalha de Ciudad Juárez;batalha;1911-04-07T00:00:00Z;1911-05-10T00:00:00Z;;1911;1911;;;;http://www.wikidata.org/entity/Q214426;Revolução Mexicana;;;http://www.wikidata.org/entity/Q26590;Ciudad Juárez;Point(-106.475278 31.724167);;participant;
USA;http://www.wikidata.org/entity/Q30;Estados Unidos;http://www.wikidata.org/entity/Q3636296;Batalha de Coyotepe Hill;batalha;1912-10-03T00:00:00Z;1912-10-04T00:00:00Z;;1912;1912;;;;http://www.wikidata.org/entity/Q2304042;Ocupação estadunidense da Nicarágua;;;http://www.wikidata.org/entity/Q933439;Masaya;Point(-86.097 11.995);;participant;
USA;http://www.wikidata.org/entity/Q30;Estados Unidos;http://www.wikidata.org/entity/Q4870584;Batalha de Bud Bagsak;batalha;1913-06-11T00:00:00Z;1913-06-15T00:00:00Z;1913-01-01T00:00:00Z;1913;1913;1913;;;;;;;http://www.wikidata.org/entity/Q928;Filipinas;;;participant;
USA;http://www.wikidata.org/entity/Q30;Estados Unidos;http://www.wikidata.org/entity/Q4871039;Battle of Fort Dipitie;batalha;1915-10-24T00:00:00Z;1915-10-25T00:00:00Z;;1915;1915;;;;http://www.wikidata.org/entity/Q3298759;Ocupação do Haiti pelos Estados Unidos;;;;;;;participant;
USA;http://www.wikidata.org/entity/Q30;Estados Unidos;http://www.wikidata.org/entity/Q654374;Batalha de Cambrai;batalha;1917-11-20T00:00:00Z;1917-12-08T00:00:00Z;;1917;1917;;;;http://www.wikidata.org/entity/Q152989;Frente Ocidental;;;http://www.wikidata.org/entity/Q181285;Cambrai;Point(3.23556 50.1767);;participant;
USA;http://www.wikidata.org/entity/Q30;Estados Unidos;http://www.wikidata.org/entity/Q662961;Batalha de Vittorio Veneto;batalha;1918-10-24T00:00:00Z;1918-11-03T00:00:00Z;1918-11-04T00:00:00Z;1918;1918;1918;;;http://www.wikidata.org/entity/Q361;Primeira Guerra Mundial;;;http://www.wikidata.org/entity/Q47578;Vittorio Veneto;Point(12.34694444 45.95583333);;participant;
USA;http://www.wikidata.org/entity/Q30;Estados Unidos;http://www.wikidata.org/entity/Q4872406;Battle of Soissons;batalha;1918-07-18T00:00:00Z;1918-07-22T00:00:00Z;1918-01-01T00:00:00Z;1918;1918;1918;;;http://www.wikidata.org/entity/Q152989;Frente Ocidental;;;;;Point(3.323611 49.381667);;participant;
USA;http://www.wikidata.org/entity/Q30;Estados Unidos;http://www.wikidata.org/entity/Q783792;Battle of St. Quentin Canal;batalha;1918-09-29T00:00:00Z;1918-10-10T00:00:00Z;1918-01-01T00:00:00Z;1918;1918;1918;;;http://www.wikidata.org/entity/Q361;Primeira Guerra Mundial;;;http://www.wikidata.org/entity/Q165271;Lens;Point(3.231666666 49.975);;participant;
USA;http://www.wikidata.org/entity/Q30;Estados Unidos;http://www.wikidata.org/entity/Q4872601;Battle of Tulgas;batalha;1918-11-11T00:00:00Z;1918-11-14T00:00:00Z;1918-01-01T00:00:00Z;1918;1918;1918;;;http://www.wikidata.org/entity/Q79911;Guerra Civil Russa;;;http://www.wikidata.org/entity/Q4465103;Tulgas;Point(43.507833 62.594388);;participant;
USA;http://www.wikidata.org/entity/Q30;Estados Unidos;http://www.wikidata.org/entity/Q1063735;Segunda Batalha do Somme;batalha;1918-08-21T00:00:00Z;1918-09-02T00:00:00Z;1918-01-01T00:00:00Z;1918;1918;1918;;;http://www.wikidata.org/entity/Q152989;Frente Ocidental;;;http://www.wikidata.org/entity/Q37646;Rio Somme;Point(2.8 50.016666);;participant;
USA;http://www.wikidata.org/entity/Q30;Estados Unidos;http://www.wikidata.org/entity/Q911448;Batalha de Amiens;batalha;1918-08-08T00:00:00Z;1918-08-12T00:00:00Z;;1918;1918;;;;http://www.wikidata.org/entity/Q152989;Frente Ocidental;;;http://www.wikidata.org/entity/Q41604;Amiens;Point(2.29425 49.893913888);;participant;
USA;http://www.wikidata.org/entity/Q30;Estados Unidos;http://www.wikidata.org/entity/Q1474180;Batalha de Belleau;batalha;1918-06-01T00:00:00Z;1918-06-26T00:00:00Z;;1918;1918;;;;http://www.wikidata.org/entity/Q361;Primeira Guerra Mundial;;;http://www.wikidata.org/entity/Q578176;Belleau;Point(3.29087222 49.07323056);;participant;
USA;http://www.wikidata.org/entity/Q30;Estados Unidos;http://www.wikidata.org/entity/Q1088364;Batalha de La Lys;batalha;1918-04-07T00:00:00Z;1918-04-29T00:00:00Z;;1918;1918;;;;http://www.wikidata.org/entity/Q152989;Frente Ocidental;;;http://www.wikidata.org/entity/Q234;Flandres;Point(2.9 50.70555556);;participant;
USA;http://www.wikidata.org/entity/Q30;Estados Unidos;http://www.wikidata.org/entity/Q1095345;Batalha de Saint-Mihiel;batalha;1918-09-12T00:00:00Z;1918-09-16T00:00:00Z;;1918;1918;;;;http://www.wikidata.org/entity/Q361;Primeira Guerra Mundial;;;http://www.wikidata.org/entity/Q194932;Saint-Mihiel;Point(5.543611111 48.889166666);;participant;
USA;http://www.wikidata.org/entity/Q30;Estados Unidos;http://www.wikidata.org/entity/Q3636348;Battle of Blanc Mont Ridge;batalha;1918-10-03T00:00:00Z;1918-10-27T00:00:00Z;;1918;1918;;;;http://www.wikidata.org/entity/Q152989;Frente Ocidental;;;http://www.wikidata.org/entity/Q14103;Champanha-Ardenas;Point(4.439166666 48.793333333);;participant;
USA;http://www.wikidata.org/entity/Q30;Estados Unidos;http://www.wikidata.org/entity/Q152008;Operação Michael;batalha;1918-03-21T00:00:00Z;1918-04-05T00:00:00Z;;1918;1918;;;;http://www.wikidata.org/entity/Q750567;Ofensiva da Primavera;;;http://www.wikidata.org/entity/Q18677767;Altos da França;Point(3.28333 49.85);;participant;
USA;http://www.wikidata.org/entity/Q30;Estados Unidos;http://www.wikidata.org/entity/Q876417;Segunda Batalha do Marne;batalha;1918-05-27T00:00:00Z;1918-08-06T00:00:00Z;;1918;1918;;;;http://www.wikidata.org/entity/Q152989;Frente Ocidental;;;http://www.wikidata.org/entity/Q46558295;Marne basin;Point(3.66666667 49.08333333);;participant;
USA;http://www.wikidata.org/entity/Q30;Estados Unidos;http://www.wikidata.org/entity/Q2462283;Terceira Batalha de Aisne;batalha;1918-05-27T00:00:00Z;1918-06-06T00:00:00Z;;1918;1918;;;;http://www.wikidata.org/entity/Q152989;Frente Ocidental;;;http://www.wikidata.org/entity/Q41962;Rio Aisne;Point(3.733333333 49.383333333);;participant;
USA;http://www.wikidata.org/entity/Q30;Estados Unidos;http://www.wikidata.org/entity/Q4522891;Batalha de Shenkursk;batalha;1919-01-19T00:00:00Z;1919-01-25T00:00:00Z;1919-01-01T00:00:00Z;1919;1919;1919;;;http://www.wikidata.org/entity/Q2468365;Intervenção militar estrangeira no norte da Rússia;;;http://www.wikidata.org/entity/Q198299;Shenkursk;Point(42.91666667 62.1);;participant;
USA;http://www.wikidata.org/entity/Q30;Estados Unidos;http://www.wikidata.org/entity/Q4870753;Battle of Ciudad Juárez;batalha;1919-06-15T00:00:00Z;1919-06-16T00:00:00Z;1919-01-01T00:00:00Z;1919;1919;1919;;;http://www.wikidata.org/entity/Q214426;Revolução Mexicana;;;http://www.wikidata.org/entity/Q26590;Ciudad Juárez;Point(-106.4625624 31.7311292);;participant;
USA;http://www.wikidata.org/entity/Q30;Estados Unidos;http://www.wikidata.org/entity/Q234738;Guerra de Independência da Turquia;guerra de libertação nacional;1919-05-19T00:00:00Z;1923-07-24T00:00:00Z;1922-10-11T00:00:00Z;1919;1923;1922;;;;;;;http://www.wikidata.org/entity/Q41741;Trácia;;;participant;
USA;http://www.wikidata.org/entity/Q30;Estados Unidos;http://www.wikidata.org/entity/Q4871515;Battle of La Flor;batalha;1928-05-13T00:00:00Z;1928-05-14T00:00:00Z;;1928;1928;;;;http://www.wikidata.org/entity/Q2304042;Ocupação estadunidense da Nicarágua;;;;;Point(-85.71104167 13.41383333);;participant;
USA;http://www.wikidata.org/entity/Q30;Estados Unidos;http://www.wikidata.org/entity/Q157627;Batalha do Atlântico;campanha militar;1939-09-03T00:00:00Z;1945-05-08T00:00:00Z;;1939;1945;;;;http://www.wikidata.org/entity/Q362;Segunda Guerra Mundial;;;http://www.wikidata.org/entity/Q97;Oceano Atlântico;;;participant;
USA;http://www.wikidata.org/entity/Q30;Estados Unidos;http://www.wikidata.org/entity/Q699897;Batalha de Guam;batalha;1941-12-08T00:00:00Z;1941-12-10T00:00:00Z;1941-01-01T00:00:00Z;1941;1941;1941;;;http://www.wikidata.org/entity/Q184425;Guerra do Pacífico;;;http://www.wikidata.org/entity/Q16635;Guam;;;participant;
USA;http://www.wikidata.org/entity/Q30;Estados Unidos;http://www.wikidata.org/entity/Q1141380;Batalha da Ilha Wake;batalha;1941-12-08T00:00:00Z;1941-12-23T00:00:00Z;;1941;1941;;;;http://www.wikidata.org/entity/Q184425;Guerra do Pacífico;;;http://www.wikidata.org/entity/Q43296;Ilha Wake;Point(166.601 19.29);122;participant;122.0
USA;http://www.wikidata.org/entity/Q30;Estados Unidos;http://www.wikidata.org/entity/Q301300;Battle of Java;batalha;1942-02-28T00:00:00Z;1942-03-12T00:00:00Z;1942-01-01T00:00:00Z;1942;1942;1942;;;http://www.wikidata.org/entity/Q698226;Dutch East Indies campaign;;;http://www.wikidata.org/entity/Q3757;Java;;;participant;
USA;http://www.wikidata.org/entity/Q30;Estados Unidos;http://www.wikidata.org/entity/Q1646284;Actions along the Matanikau;batalha;1942-09-23T00:00:00Z;1942-10-09T00:00:00Z;;1942;1942;;;;http://www.wikidata.org/entity/Q217145;Batalha de Guadalcanal;;;http://www.wikidata.org/entity/Q192767;Guadalcanal;Point(160.34888889 -9.41055556);;participant;
USA;http://www.wikidata.org/entity/Q30;Estados Unidos;http://www.wikidata.org/entity/Q696438;Batalha Naval de Guadalcanal;batalha naval;1942-11-13T00:00:00Z;1942-11-15T00:00:00Z;;1942;1942;;;;http://www.wikidata.org/entity/Q184425;Guerra do Pacífico;;;http://www.wikidata.org/entity/Q192767;Guadalcanal;Point(159.895 -9.186111111);;participant;
USA;http://www.wikidata.org/entity/Q30;Estados Unidos;http://www.wikidata.org/entity/Q113621;Batalha da Baía Milne;batalha;1942-08-25T00:00:00Z;1942-09-07T00:00:00Z;;1942;1942;;;;http://www.wikidata.org/entity/Q2276692;Campanha da Nova Guiné;;;http://www.wikidata.org/entity/Q1781066;Milne Bay;Point(150.48 -10.32);;participant;
USA;http://www.wikidata.org/entity/Q30;Estados Unidos;http://www.wikidata.org/entity/Q699669;Batalha das Ilhas de Santa Cruz;batalha;1942-10-25T00:00:00Z;1942-10-27T00:00:00Z;;1942;1942;;;;http://www.wikidata.org/entity/Q184425;Guerra do Pacífico;;;http://www.wikidata.org/entity/Q148839;Ilhas Santa Cruz;Point(166.71666667 -8.63333333);;participant;
USA;http://www.wikidata.org/entity/Q30;Estados Unidos;http://www.wikidata.org/entity/Q1754443;Batalha de Edson's Ridge;batalha;1942-09-12T00:00:00Z;1942-09-14T00:00:00Z;;1942;1942;;;;http://www.wikidata.org/entity/Q217145;Batalha de Guadalcanal;;;http://www.wikidata.org/entity/Q192767;Guadalcanal;Point(160.0475 -9.446944444);;participant;
USA;http://www.wikidata.org/entity/Q30;Estados Unidos;http://www.wikidata.org/entity/Q2277035;Batalha de Henderson Field;batalha;1942-10-23T00:00:00Z;1942-10-26T00:00:00Z;;1942;1942;;;;http://www.wikidata.org/entity/Q184425;Guerra do Pacífico;;;http://www.wikidata.org/entity/Q192767;Guadalcanal;Point(160.052 -9.42889);;participant;
USA;http://www.wikidata.org/entity/Q30;Estados Unidos;http://www.wikidata.org/entity/Q2394303;Batalha de Koli Point;batalha;1942-11-03T00:00:00Z;1942-11-12T00:00:00Z;;1942;1942;;;;http://www.wikidata.org/entity/Q184425;Guerra do Pacífico;;;http://www.wikidata.org/entity/Q192767;Guadalcanal;Point(160.17 -9.45);;participant;
USA;http://www.wikidata.org/entity/Q30;Estados Unidos;http://www.wikidata.org/entity/Q173034;Batalha de Midway;batalha naval;1942-06-04T00:00:00Z;1942-06-07T00:00:00Z;;1942;1942;;;;http://www.wikidata.org/entity/Q184425;Guerra do Pacífico;;;http://www.wikidata.org/entity/Q47863;Atol Midway;Point(-178.0 30.0);;participant;
USA;http://www.wikidata.org/entity/Q30;Estados Unidos;http://www.wikidata.org/entity/Q1497996;Batalha de Tulagi e Gavutu-Tanambogo;batalha;1942-08-07T00:00:00Z;1942-08-09T00:00:00Z;;1942;1942;;;;http://www.wikidata.org/entity/Q362;Segunda Guerra Mundial;;;http://www.wikidata.org/entity/Q864870;Tulagi;Point(160.14889 -9.10722);;participant;
USA;http://www.wikidata.org/entity/Q30;Estados Unidos;http://www.wikidata.org/entity/Q207165;Batalha do Mar de Coral;batalha naval;1942-05-04T00:00:00Z;1942-05-08T00:00:00Z;;1942;1942;;;;http://www.wikidata.org/entity/Q2276692;Campanha da Nova Guiné;;;http://www.wikidata.org/entity/Q82931;Mar de Coral;Point(162.333333333 -16.266666666);;participant;
USA;http://www.wikidata.org/entity/Q30;Estados Unidos;http://www.wikidata.org/entity/Q2117492;Battle of Badung Strait;batalha naval;1942-02-18T00:00:00Z;1942-02-20T00:00:00Z;;1942;1942;;;;http://www.wikidata.org/entity/Q184425;Guerra do Pacífico;;;http://www.wikidata.org/entity/Q2455801;Estreito de Badung;Point(115.388055555 -8.630555555);;participant;
USA;http://www.wikidata.org/entity/Q30;Estados Unidos;http://www.wikidata.org/entity/Q610048;Battle of Balikpapan;batalha;1942-01-23T00:00:00Z;1942-01-24T00:00:00Z;;1942;1942;;;;http://www.wikidata.org/entity/Q184425;Guerra do Pacífico;;;http://www.wikidata.org/entity/Q98;Oceano Pacífico;Point(116.82166667 -1.24611111);;participant;
USA;http://www.wikidata.org/entity/Q30;Estados Unidos;http://www.wikidata.org/entity/Q1536686;Battle of Sunda Strait;batalha naval;1942-02-28T00:00:00Z;1942-03-01T00:00:00Z;;1942;1942;;;;http://www.wikidata.org/entity/Q362;Segunda Guerra Mundial;;;http://www.wikidata.org/entity/Q192790;Estreito de Sunda;;;participant;
USA;http://www.wikidata.org/entity/Q30;Estados Unidos;http://www.wikidata.org/entity/Q757871;Indian Ocean raid;batalha naval;1942-03-31T00:00:00Z;1942-04-10T00:00:00Z;;1942;1942;;;;http://www.wikidata.org/entity/Q184425;Guerra do Pacífico;;;http://www.wikidata.org/entity/Q1239;Oceano Índico;Point(80.0 -20.0);;participant;
USA;http://www.wikidata.org/entity/Q30;Estados Unidos;http://www.wikidata.org/entity/Q2917077;Batalha de Buna-Gona;batalha;1942-11-16T00:00:00Z;1943-01-22T00:00:00Z;;1942;1943;;;;http://www.wikidata.org/entity/Q2276692;Campanha da Nova Guiné;;;http://www.wikidata.org/entity/Q3236032;Buna;Point(148.35 -8.65);;participant;
USA;http://www.wikidata.org/entity/Q30;Estados Unidos;http://www.wikidata.org/entity/Q2394315;Batalha do Monte Austen;batalha;1942-12-15T00:00:00Z;1943-01-23T00:00:00Z;;1942;1943;;;;http://www.wikidata.org/entity/Q184425;Guerra do Pacífico;;;http://www.wikidata.org/entity/Q192767;Guadalcanal;Point(159.96694444 -9.43472222);;participant;
USA;http://www.wikidata.org/entity/Q30;Estados Unidos;http://www.wikidata.org/entity/Q4872083;Battle of Port Moresby;batalha;1942-02-03T00:00:00Z;1943-08-17T00:00:00Z;;1942;1943;;;;http://www.wikidata.org/entity/Q184425;Guerra do Pacífico;;;http://www.wikidata.org/entity/Q36526;Port Moresby;Point(147.19024167 -9.48154722);;participant;
USA;http://www.wikidata.org/entity/Q30;Estados Unidos;http://www.wikidata.org/entity/Q327099;Batalha do Passo Kasserine;batalha;1943-02-19T00:00:00Z;1943-02-25T00:00:00Z;1943-01-01T00:00:00Z;1943;1943;1943;;;http://www.wikidata.org/entity/Q852365;Campanha da Tunísia;;;http://www.wikidata.org/entity/Q948;Tunísia;Point(8.7424 35.2596);;participant;
USA;http://www.wikidata.org/entity/Q30;Estados Unidos;http://www.wikidata.org/entity/Q743889;Battle of Wau;batalha;1943-01-29T00:00:00Z;1943-01-31T00:00:00Z;1943-02-04T00:00:00Z;1943;1943;1943;;;http://www.wikidata.org/entity/Q2276692;Campanha da Nova Guiné;;;http://www.wikidata.org/entity/Q954956;Wau;Point(146.716666666 -7.338888888);;participant;
USA;http://www.wikidata.org/entity/Q30;Estados Unidos;http://www.wikidata.org/entity/Q714777;Invasão Aliada da Itália;batalha;1943-09-03T00:00:00Z;1943-09-16T00:00:00Z;1943-09-17T00:00:00Z;1943;1943;1943;;;http://www.wikidata.org/entity/Q362;Segunda Guerra Mundial;;;http://www.wikidata.org/entity/Q1083;Salerno;Point(14.7566 40.679);;participant;
USA;http://www.wikidata.org/entity/Q30;Estados Unidos;http://www.wikidata.org/entity/Q2091385;Battle of Arawe;batalha;1943-12-15T00:00:00Z;1944-02-24T00:00:00Z;1943-12-01T00:00:00Z;1943;1944;1943;;;http://www.wikidata.org/entity/Q184425;Guerra do Pacífico;;;http://www.wikidata.org/entity/Q1753444;Arawe;Point(149.036944444 -6.154444444);;participant;
USA;http://www.wikidata.org/entity/Q30;Estados Unidos;http://www.wikidata.org/entity/Q610242;Batalha da Ilha Rennell;batalha naval;1943-01-29T00:00:00Z;1943-01-30T00:00:00Z;;1943;1943;;;;http://www.wikidata.org/entity/Q217145;Batalha de Guadalcanal;;;http://www.wikidata.org/entity/Q59580;Rennell;Point(160.933333333 -11.416666666);;participant;
USA;http://www.wikidata.org/entity/Q30;Estados Unidos;http://www.wikidata.org/entity/Q700572;Batalha de Attu;batalha;1943-05-11T00:00:00Z;1943-05-30T00:00:00Z;;1943;1943;;;;http://www.wikidata.org/entity/Q362;Segunda Guerra Mundial;;;http://www.wikidata.org/entity/Q758260;Ilha Attu;Point(173.15688889 52.879075);;participant;
USA;http://www.wikidata.org/entity/Q30;Estados Unidos;http://www.wikidata.org/entity/Q4870169;Battle for Piva Trail;batalha;1943-11-08T00:00:00Z;1943-11-09T00:00:00Z;;1943;1943;;;;http://www.wikidata.org/entity/Q184425;Guerra do Pacífico;;;http://www.wikidata.org/entity/Q201766;Bougainville;;;participant;
USA;http://www.wikidata.org/entity/Q30;Estados Unidos;http://www.wikidata.org/entity/Q4870935;Battle of Dumpu;batalha;1943-09-22T00:00:00Z;1943-10-04T00:00:00Z;;1943;1943;;;;http://www.wikidata.org/entity/Q5450372;Finisterre Range campaign;;;http://www.wikidata.org/entity/Q5313988;Dumpu, Papua New Guinea;;;participant;
USA;http://www.wikidata.org/entity/Q30;Estados Unidos;http://www.wikidata.org/entity/Q4870972;Battle of Enogai;batalha;1943-07-10T00:00:00Z;1943-07-11T00:00:00Z;;1943;1943;;;;http://www.wikidata.org/entity/Q184425;Guerra do Pacífico;;;http://www.wikidata.org/entity/Q1044754;Nova Geórgia;;;participant;
USA;http://www.wikidata.org/entity/Q30;Estados Unidos;http://www.wikidata.org/entity/Q4871207;Battle of Hellzapoppin Ridge and Hill 600A;batalha;1943-12-12T00:00:00Z;1943-12-24T00:00:00Z;;1943;1943;;;;http://www.wikidata.org/entity/Q184425;Guerra do Pacífico;;;http://www.wikidata.org/entity/Q201766;Bougainville;;;participant;
USA;http://www.wikidata.org/entity/Q30;Estados Unidos;http://www.wikidata.org/entity/Q4871224;Battle of Hill 609;batalha;1943-04-27T00:00:00Z;1943-05-01T00:00:00Z;;1943;1943;;;;http://www.wikidata.org/entity/Q852365;Campanha da Tunísia;;;http://www.wikidata.org/entity/Q948;Tunísia;Point(9.49444444 36.90222222);;participant;
USA;http://www.wikidata.org/entity/Q30;Estados Unidos;http://www.wikidata.org/entity/Q4871367;Battle of Kaiapit;batalha;1943-09-19T00:00:00Z;1943-09-20T00:00:00Z;;1943;1943;;;;http://www.wikidata.org/entity/Q5450372;Finisterre Range campaign;;;http://www.wikidata.org/entity/Q611528;Kaiapit;Point(146.247777777 -6.266666666);;participant;
USA;http://www.wikidata.org/entity/Q30;Estados Unidos;http://www.wikidata.org/entity/Q1668495;Battle of Kolombangara;batalha naval;1943-07-12T00:00:00Z;1943-07-13T00:00:00Z;;1943;1943;;;;http://www.wikidata.org/entity/Q184425;Guerra do Pacífico;;;http://www.wikidata.org/entity/Q542053;Kolombangara;Point(157.35 -7.83333333);;participant;
USA;http://www.wikidata.org/entity/Q30;Estados Unidos;http://www.wikidata.org/entity/Q3636298;Battle of Koromokina Lagoon;batalha;1943-11-07T00:00:00Z;1943-11-08T00:00:00Z;;1943;1943;;;;http://www.wikidata.org/entity/Q184425;Guerra do Pacífico;;;http://www.wikidata.org/entity/Q201766;Bougainville;;;participant;
USA;http://www.wikidata.org/entity/Q30;Estados Unidos;http://www.wikidata.org/entity/Q4871825;Battle of Munda Point;batalha;1943-07-22T00:00:00Z;1943-08-04T00:00:00Z;;1943;1943;;;;http://www.wikidata.org/entity/Q184425;Guerra do Pacífico;;;http://www.wikidata.org/entity/Q1044754;Nova Geórgia;;;participant;
USA;http://www.wikidata.org/entity/Q30;Estados Unidos;http://www.wikidata.org/entity/Q16966601;Battle of Piva Forks;batalha;1943-11-18T00:00:00Z;1943-11-25T00:00:00Z;;1943;1943;;;;http://www.wikidata.org/entity/Q184425;Guerra do Pacífico;;;http://www.wikidata.org/entity/Q201766;Bougainville;;;participant;
USA;http://www.wikidata.org/entity/Q30;Estados Unidos;http://www.wikidata.org/entity/Q4872324;Battle of Sattelberg;batalha;1943-11-17T00:00:00Z;1943-11-25T00:00:00Z;;1943;1943;;;;http://www.wikidata.org/entity/Q184425;Guerra do Pacífico;;;http://www.wikidata.org/entity/Q1350254;Península de Huon;Point(147.766666666 -6.486388888);;participant;
USA;http://www.wikidata.org/entity/Q30;Estados Unidos;http://www.wikidata.org/entity/Q4872331;Battle of Scarlet Beach;batalha;1943-09-22T00:00:00Z;1943-10-02T00:00:00Z;;1943;1943;;;;http://www.wikidata.org/entity/Q184425;Guerra do Pacífico;;;http://www.wikidata.org/entity/Q1350254;Península de Huon;Point(147.85 -6.483333);;participant;
USA;http://www.wikidata.org/entity/Q30;Estados Unidos;http://www.wikidata.org/entity/Q1983926;Battle of Sidi Bou Zid;batalha;1943-02-14T00:00:00Z;1943-02-17T00:00:00Z;;1943;1943;;;;http://www.wikidata.org/entity/Q852365;Campanha da Tunísia;;;http://www.wikidata.org/entity/Q692716;Sidi Bouzid;Point(9.48333333 34.86666667);;participant;
USA;http://www.wikidata.org/entity/Q30;Estados Unidos;http://www.wikidata.org/entity/Q4872596;Battle of Troina;batalha;1943-07-31T00:00:00Z;1943-08-06T00:00:00Z;;1943;1943;;;;http://www.wikidata.org/entity/Q162333;Campanha da Itália;;;http://www.wikidata.org/entity/Q56212;Troina;Point(14.6 37.78333333);;participant;
USA;http://www.wikidata.org/entity/Q30;Estados Unidos;http://www.wikidata.org/entity/Q4872735;Battle of Wickham Anchorage;batalha;1943-06-30T00:00:00Z;1943-07-03T00:00:00Z;;1943;1943;;;;http://www.wikidata.org/entity/Q184425;Guerra do Pacífico;;;http://www.wikidata.org/entity/Q1200270;Vangunu;Point(158.057 -8.742);;participant;
USA;http://www.wikidata.org/entity/Q30;Estados Unidos;http://www.wikidata.org/entity/Q4872892;Battle of the Coconut Grove;batalha;1943-11-13T00:00:00Z;1943-11-14T00:00:00Z;;1943;1943;;;;;;;;http://www.wikidata.org/entity/Q201766;Bougainville;;;participant;
USA;http://www.wikidata.org/entity/Q30;Estados Unidos;http://www.wikidata.org/entity/Q515168;Battle off Horaniu;batalha naval;1943-08-17T00:00:00Z;1943-08-18T00:00:00Z;;1943;1943;;;;http://www.wikidata.org/entity/Q184425;Guerra do Pacífico;;;http://www.wikidata.org/entity/Q1139193;Vella Lavella;Point(156.716666666 -7.7);;participant;
USA;http://www.wikidata.org/entity/Q30;Estados Unidos;http://www.wikidata.org/entity/Q1970470;Campanha da Nova Geórgia;batalha;1943-06-20T00:00:00Z;1943-10-07T00:00:00Z;;1943;1943;;;;http://www.wikidata.org/entity/Q362;Segunda Guerra Mundial;;;http://www.wikidata.org/entity/Q383986;Ilhas da Nova Geórgia;Point(157.333 -8.5);;participant;
USA;http://www.wikidata.org/entity/Q30;Estados Unidos;http://www.wikidata.org/entity/Q1129167;Convoy GP 55;batalha naval;1943-06-15T00:00:00Z;1943-06-20T00:00:00Z;;1943;1943;;;;http://www.wikidata.org/entity/Q184425;Guerra do Pacífico;;;;;;;participant;
USA;http://www.wikidata.org/entity/Q30;Estados Unidos;http://www.wikidata.org/entity/Q3293566;Batalha de Cape Gloucester;batalha;1943-12-26T00:00:00Z;1944-04-22T00:00:00Z;;1943;1944;;;;http://www.wikidata.org/entity/Q362;Segunda Guerra Mundial;;;http://www.wikidata.org/entity/Q1702791;Cabo Gloucester;Point(148.416666666 -5.45);;participant;
USA;http://www.wikidata.org/entity/Q30;Estados Unidos;http://www.wikidata.org/entity/Q4872384;Batalha de Sio;batalha;1943-12-05T00:00:00Z;1944-03-01T00:00:00Z;;1943;1944;;;;http://www.wikidata.org/entity/Q362;Segunda Guerra Mundial;;;http://www.wikidata.org/entity/Q7525278;Sio;Point(147.37 -5.955);;participant;
USA;http://www.wikidata.org/entity/Q30;Estados Unidos;http://www.wikidata.org/entity/Q2935393;Huon Peninsula campaign;batalha;1943-09-22T00:00:00Z;1944-03-01T00:00:00Z;;1943;1944;;;;http://www.wikidata.org/entity/Q184425;Guerra do Pacífico;;;http://www.wikidata.org/entity/Q1350254;Península de Huon;;;participant;
USA;http://www.wikidata.org/entity/Q30;Estados Unidos;http://www.wikidata.org/entity/Q2026016;Operação Cartwheel;batalha;1943-06-30T00:00:00Z;1944-03-20T00:00:00Z;;1943;1944;;;;http://www.wikidata.org/entity/Q2423295;Frente do Sudoeste do Pacífico na Segunda Guerra Mundial;;;http://www.wikidata.org/entity/Q37394;Melanésia;Point(152.172941666 -4.196130555);;participant;
USA;http://www.wikidata.org/entity/Q30;Estados Unidos;http://www.wikidata.org/entity/Q704785;Campanha em Bougainville;batalha;1943-11-01T00:00:00Z;1945-08-21T00:00:00Z;;1943;1945;;;;http://www.wikidata.org/entity/Q184425;Guerra do Pacífico;;;http://www.wikidata.org/entity/Q201766;Bougainville;Point(155.1 -6.02);;participant;
USA;http://www.wikidata.org/entity/Q30;Estados Unidos;http://www.wikidata.org/entity/Q1538855;Batalha de Angaur;batalha;1944-09-15T00:00:00Z;1944-09-30T00:00:00Z;1944-10-22T00:00:00Z;1944;1944;1944;;;http://www.wikidata.org/entity/Q184425;Guerra do Pacífico;;;http://www.wikidata.org/entity/Q530813;Angaur;Point(134.133 6.9);;participant;
USA;http://www.wikidata.org/entity/Q30;Estados Unidos;http://www.wikidata.org/entity/Q609030;Batalha de Peleliu;batalha;1944-09-15T00:00:00Z;1944-11-25T00:00:00Z;1944-11-27T00:00:00Z;1944;1944;1944;;;http://www.wikidata.org/entity/Q184425;Guerra do Pacífico;;;http://www.wikidata.org/entity/Q497981;Peleliu;Point(134.25 7.01666667);;participant;
USA;http://www.wikidata.org/entity/Q30;Estados Unidos;http://www.wikidata.org/entity/Q4871535;Battle of Lanzerath Ridge;batalha;1944-12-16T00:00:00Z;1944-12-17T00:00:00Z;1944-01-01T00:00:00Z;1944;1944;1944;;;http://www.wikidata.org/entity/Q151018;Batalha das Ardenas;;;http://www.wikidata.org/entity/Q31;Bélgica;Point(6.329241 50.359487);;participant;
USA;http://www.wikidata.org/entity/Q30;Estados Unidos;http://www.wikidata.org/entity/Q711223;Battle of Mindoro;batalha;1944-12-13T00:00:00Z;1944-12-16T00:00:00Z;1944-01-01T00:00:00Z;1944;1944;1944;;;http://www.wikidata.org/entity/Q371573;Batalha das Filipinas;;;http://www.wikidata.org/entity/Q211800;Mindoro;;;participant;
USA;http://www.wikidata.org/entity/Q30;Estados Unidos;http://www.wikidata.org/entity/Q4391729;Battle of the Green Islands;batalha;1944-01-29T00:00:00Z;1944-02-27T00:00:00Z;1944-02-20T00:00:00Z;1944;1944;1944;;;http://www.wikidata.org/entity/Q184425;Guerra do Pacífico;;;http://www.wikidata.org/entity/Q1544622;Green Islands;Point(154.16666667 -4.5);;participant;
USA;http://www.wikidata.org/entity/Q30;Estados Unidos;http://www.wikidata.org/entity/Q15197283;Battle of Kesternich;batalha;1944-12-13T00:00:00Z;1945-02-01T00:00:00Z;1944-12-16T00:00:00Z;1944;1945;1944;;;http://www.wikidata.org/entity/Q362;Segunda Guerra Mundial;;;http://www.wikidata.org/entity/Q183;Alemanha;Point(6.32915 50.60753);;participant;
USA;http://www.wikidata.org/entity/Q30;Estados Unidos;http://www.wikidata.org/entity/Q29009;American airborne landings in Normandy;batalha;1944-06-06T00:00:00Z;1944-07-13T00:00:00Z;;1944;1944;;;;http://www.wikidata.org/entity/Q16470;Desembarques da Normandia;;;http://www.wikidata.org/entity/Q463529;Península do Cotentin;;;participant;
USA;http://www.wikidata.org/entity/Q30;Estados Unidos;http://www.wikidata.org/entity/Q718805;Batalha da Baía de Ormoc;batalha;1944-11-11T00:00:00Z;1944-12-21T00:00:00Z;;1944;1944;;;;http://www.wikidata.org/entity/Q184425;Guerra do Pacífico;;;http://www.wikidata.org/entity/Q540179;Mar de Camotes;Point(124.581 10.982);;participant;
USA;http://www.wikidata.org/entity/Q30;Estados Unidos;http://www.wikidata.org/entity/Q162287;Batalha da Floresta de Hürtgen;batalha;1944-09-14T00:00:00Z;1944-12-16T00:00:00Z;;1944;1944;;;;http://www.wikidata.org/entity/Q362;Segunda Guerra Mundial;;;http://www.wikidata.org/entity/Q469253;Floresta de Hürtgen;Point(6.362777777 50.708611111);;participant;
USA;http://www.wikidata.org/entity/Q30;Estados Unidos;http://www.wikidata.org/entity/Q327052;Batalha de Aachen;batalha;1944-10-02T00:00:00Z;1944-10-21T00:00:00Z;;1944;1944;;;;http://www.wikidata.org/entity/Q362;Segunda Guerra Mundial;;;http://www.wikidata.org/entity/Q1017;Aachen;Point(6.083333333 50.776388888);;participant;
USA;http://www.wikidata.org/entity/Q30;Estados Unidos;http://www.wikidata.org/entity/Q2887891;Batalha de Arracourt;batalha;1944-09-18T00:00:00Z;1944-09-29T00:00:00Z;;1944;1944;;;;http://www.wikidata.org/entity/Q362;Segunda Guerra Mundial;;;http://www.wikidata.org/entity/Q221252;Arracourt;Point(6.61416667 48.74166667);;participant;
USA;http://www.wikidata.org/entity/Q30;Estados Unidos;http://www.wikidata.org/entity/Q712181;Batalha de Biak;batalha;1944-05-27T00:00:00Z;1944-08-17T00:00:00Z;;1944;1944;;;;http://www.wikidata.org/entity/Q362;Segunda Guerra Mundial;;;http://www.wikidata.org/entity/Q855314;Biak Island;Point(136.0 -1.0);;participant;
USA;http://www.wikidata.org/entity/Q30;Estados Unidos;http://www.wikidata.org/entity/Q576774;Batalha de Carentan;batalha;1944-06-10T00:00:00Z;1944-06-14T00:00:00Z;;1944;1944;;;;http://www.wikidata.org/entity/Q8641370;Operação Overlord;;;http://www.wikidata.org/entity/Q242091;Carentan;Point(-1.24944 49.305);;participant;
USA;http://www.wikidata.org/entity/Q30;Estados Unidos;http://www.wikidata.org/entity/Q4870705;Batalha de Chambois;batalha;1944-08-18T00:00:00Z;1944-08-20T00:00:00Z;;1944;1944;;;;http://www.wikidata.org/entity/Q362;Segunda Guerra Mundial;;;http://www.wikidata.org/entity/Q1048755;Chambois;Point(0.106111 48.8058);;participant;
USA;http://www.wikidata.org/entity/Q30;Estados Unidos;http://www.wikidata.org/entity/Q1935947;Batalha de Eniwetok;batalha;1944-02-17T00:00:00Z;1944-02-23T00:00:00Z;;1944;1944;;;;http://www.wikidata.org/entity/Q362;Segunda Guerra Mundial;;;http://www.wikidata.org/entity/Q649190;Enewetak;Point(162.189 11.465);;participant;
USA;http://www.wikidata.org/entity/Q30;Estados Unidos;http://www.wikidata.org/entity/Q3884025;Batalha de Garfagnana;batalha;1944-12-26T00:00:00Z;1944-12-28T00:00:00Z;;1944;1944;;;;http://www.wikidata.org/entity/Q162333;Campanha da Itália;;;http://www.wikidata.org/entity/Q176925;Garfagnana;;;participant;
USA;http://www.wikidata.org/entity/Q30;Estados Unidos;http://www.wikidata.org/entity/Q1789376;Batalha de Kwajalein;batalha;1944-01-31T00:00:00Z;1944-02-03T00:00:00Z;;1944;1944;;;;http://www.wikidata.org/entity/Q2238546;Campanha nas Ilhas Gilbert e Marshall;;;http://www.wikidata.org/entity/Q309172;Kwajalein;Point(167.73333333 8.71666667);;participant;
USA;http://www.wikidata.org/entity/Q30;Estados Unidos;http://www.wikidata.org/entity/Q717004;Batalha de Leyte;batalha;1944-10-17T00:00:00Z;1944-12-26T00:00:00Z;;1944;1944;;;;http://www.wikidata.org/entity/Q371573;Batalha das Filipinas;;;http://www.wikidata.org/entity/Q211377;Leyte;Point(125.012222222 11.172222222);;participant;
USA;http://www.wikidata.org/entity/Q30;Estados Unidos;http://www.wikidata.org/entity/Q1723307;Batalha de Metz;batalha;1944-09-27T00:00:00Z;1944-12-13T00:00:00Z;;1944;1944;;;;http://www.wikidata.org/entity/Q2935372;Operação Lorraine;;;http://www.wikidata.org/entity/Q22690;Metz;Point(6.17777778 49.12027778);;participant;
USA;http://www.wikidata.org/entity/Q30;Estados Unidos;http://www.wikidata.org/entity/Q335288;Batalha de Monte Cassino;batalha;1944-01-17T00:00:00Z;1944-05-18T00:00:00Z;;1944;1944;;;;http://www.wikidata.org/entity/Q162333;Campanha da Itália;;;http://www.wikidata.org/entity/Q154372;Monte Cassino;Point(13.813888888 41.49);;participant;
USA;http://www.wikidata.org/entity/Q30;Estados Unidos;http://www.wikidata.org/entity/Q700705;Batalha de Saipan;batalha;1944-06-15T00:00:00Z;1944-07-09T00:00:00Z;;1944;1944;;;;http://www.wikidata.org/entity/Q184425;Guerra do Pacífico;;;http://www.wikidata.org/entity/Q51679;Saipã;Point(145.75 15.18333333);;participant;
USA;http://www.wikidata.org/entity/Q30;Estados Unidos;http://www.wikidata.org/entity/Q176915;Batalha de Tinian;batalha;1944-07-24T00:00:00Z;1944-08-01T00:00:00Z;;1944;1944;;;;http://www.wikidata.org/entity/Q184425;Guerra do Pacífico;;;http://www.wikidata.org/entity/Q325652;Tinian;Point(145.63333333 15.0);;participant;
USA;http://www.wikidata.org/entity/Q30;Estados Unidos;http://www.wikidata.org/entity/Q308999;Batalha do Golfo de Leyte;batalha naval;1944-10-23T00:00:00Z;1944-10-26T00:00:00Z;;1944;1944;;;;http://www.wikidata.org/entity/Q362;Segunda Guerra Mundial;;;http://www.wikidata.org/entity/Q240753;Golfo de Leyte;Point(125.355 10.37);;participant;
USA;http://www.wikidata.org/entity/Q30;Estados Unidos;http://www.wikidata.org/entity/Q504347;Batalha do Mar das Filipinas;batalha naval;1944-06-19T00:00:00Z;1944-06-20T00:00:00Z;;1944;1944;;;;http://www.wikidata.org/entity/Q184425;Guerra do Pacífico;;;http://www.wikidata.org/entity/Q159183;Mar das Filipinas;Point(130.0 20.0);;participant;
USA;http://www.wikidata.org/entity/Q30;Estados Unidos;http://www.wikidata.org/entity/Q714223;Battle for Brest;batalha;1944-08-07T00:00:00Z;1944-09-19T00:00:00Z;;1944;1944;;;;http://www.wikidata.org/entity/Q8641370;Operação Overlord;;;http://www.wikidata.org/entity/Q327;Bretanha;Point(-4.486262423 48.38994307);;participant;
USA;http://www.wikidata.org/entity/Q30;Estados Unidos;http://www.wikidata.org/entity/Q62715477;Battle of Cabo Engaño;batalha naval;1944-10-25T00:00:00Z;1944-10-26T00:00:00Z;;1944;1944;;;;http://www.wikidata.org/entity/Q184425;Guerra do Pacífico;;;http://www.wikidata.org/entity/Q2545092;Cabo Engaño;;;participant;
USA;http://www.wikidata.org/entity/Q30;Estados Unidos;http://www.wikidata.org/entity/Q65132216;Battle of Cecina;batalha;1944-06-29T00:00:00Z;1944-07-02T00:00:00Z;;1944;1944;;;;http://www.wikidata.org/entity/Q162333;Campanha da Itália;;;http://www.wikidata.org/entity/Q157762;Cecina;;;participant;
USA;http://www.wikidata.org/entity/Q30;Estados Unidos;http://www.wikidata.org/entity/Q516202;Battle of Cherbourg;batalha;1944-06-06T00:00:00Z;1944-06-30T00:00:00Z;;1944;1944;;;;http://www.wikidata.org/entity/Q8641370;Operação Overlord;;;http://www.wikidata.org/entity/Q3667188;Cherbourg;Point(-1.625 49.638888888);;participant;
USA;http://www.wikidata.org/entity/Q30;Estados Unidos;http://www.wikidata.org/entity/Q3636398;Battle of Cisterna;batalha;1944-01-30T00:00:00Z;1944-02-02T00:00:00Z;;1944;1944;;;;http://www.wikidata.org/entity/Q696844;Operação Shingle;;;http://www.wikidata.org/entity/Q241717;Anzio;Point(13.98333333 41.4);;participant;
USA;http://www.wikidata.org/entity/Q30;Estados Unidos;http://www.wikidata.org/entity/Q16844223;Battle of Hollandia;batalha;1944-04-22T00:00:00Z;1944-06-06T00:00:00Z;;1944;1944;;;;http://www.wikidata.org/entity/Q2276692;Campanha da Nova Guiné;;;;;Point(140.717 -2.533);;participant;
USA;http://www.wikidata.org/entity/Q30;Estados Unidos;http://www.wikidata.org/entity/Q4871638;Battle of Mairy;batalha;1944-09-07T00:00:00Z;1944-09-08T00:00:00Z;;1944;1944;;;;;;;;;;;;participant;
USA;http://www.wikidata.org/entity/Q30;Estados Unidos;http://www.wikidata.org/entity/Q4871755;Battle of Moerbrugge;batalha;1944-09-08T00:00:00Z;1944-09-10T00:00:00Z;;1944;1944;;;;http://www.wikidata.org/entity/Q216184;Frente Ocidental;;;http://www.wikidata.org/entity/Q527969;Moerbrugge;;;participant;
USA;http://www.wikidata.org/entity/Q30;Estados Unidos;http://www.wikidata.org/entity/Q2889417;Battle of Morotai;batalha;1944-09-15T00:00:00Z;1944-10-04T00:00:00Z;;1944;1944;;;;http://www.wikidata.org/entity/Q184425;Guerra do Pacífico;;;http://www.wikidata.org/entity/Q19146;Morotai;Point(128.290555555 2.031111111);;participant;
USA;http://www.wikidata.org/entity/Q30;Estados Unidos;http://www.wikidata.org/entity/Q4871905;Battle of Noemfoor;batalha;1944-07-02T00:00:00Z;1944-08-31T00:00:00Z;;1944;1944;;;;http://www.wikidata.org/entity/Q362;Segunda Guerra Mundial;;;http://www.wikidata.org/entity/Q941881;Nova Guiné Holandesa;Point(134.892197 -0.980482);;participant;
USA;http://www.wikidata.org/entity/Q30;Estados Unidos;http://www.wikidata.org/entity/Q602744;Bolsa de Falaise;batalha;1944-08-12T00:00:00Z;1944-08-21T00:00:00Z;;1944;1944;;;;http://www.wikidata.org/entity/Q8641370;Operação Overlord;;;http://www.wikidata.org/entity/Q15878;Normandia;Point(-0.191944444 48.892777777);;participant;
USA;http://www.wikidata.org/entity/Q30;Estados Unidos;http://www.wikidata.org/entity/Q16470;Desembarques da Normandia;batalha;1944-06-06T00:00:00Z;1944-08-29T00:00:00Z;;1944;1944;;;;http://www.wikidata.org/entity/Q16471;Batalha da Normandia;;;http://www.wikidata.org/entity/Q15878;Normandia;Point(-0.6 49.34);;participant;
USA;http://www.wikidata.org/entity/Q30;Estados Unidos;http://www.wikidata.org/entity/Q696844;Operação Shingle;batalha;1944-01-22T00:00:00Z;1944-06-05T00:00:00Z;;1944;1944;;;;http://www.wikidata.org/entity/Q162333;Campanha da Itália;;;http://www.wikidata.org/entity/Q241717;Anzio;Point(12.624979 41.443022);;participant;
USA;http://www.wikidata.org/entity/Q30;Estados Unidos;http://www.wikidata.org/entity/Q327044;Operação Nordwind;batalha;1944-12-31T00:00:00Z;1945-01-25T00:00:00Z;;1944;1945;;;;http://www.wikidata.org/entity/Q216184;Frente Ocidental;;;http://www.wikidata.org/entity/Q1142;Alsácia;;;participant;
USA;http://www.wikidata.org/entity/Q30;Estados Unidos;http://www.wikidata.org/entity/Q180182;Batalha de Iwo Jima;batalha;1945-02-08T00:00:00Z;1945-03-26T00:00:00Z;1945-03-11T00:00:00Z;1945;1945;1945;;;http://www.wikidata.org/entity/Q698292;Campanha nas Ilhas Vulcano e Ryukyu;;;http://www.wikidata.org/entity/Q201633;Iwo Jima;Point(141.32 24.78);;participant;
USA;http://www.wikidata.org/entity/Q30;Estados Unidos;http://www.wikidata.org/entity/Q696931;Batalha de Manila;batalha;1945-02-03T00:00:00Z;1945-03-03T00:00:00Z;1945-01-01T00:00:00Z;1945;1945;1945;;;http://www.wikidata.org/entity/Q362;Segunda Guerra Mundial;;;http://www.wikidata.org/entity/Q1461;Manila;Point(120.96666667 14.58333333);;participant;
USA;http://www.wikidata.org/entity/Q30;Estados Unidos;http://www.wikidata.org/entity/Q192660;Batalha de Okinawa;batalha;1945-04-01T00:00:00Z;1945-06-23T00:00:00Z;1945-01-01T00:00:00Z;1945;1945;1945;;;http://www.wikidata.org/entity/Q362;Segunda Guerra Mundial;;;http://www.wikidata.org/entity/Q697589;Ilhas de Okinawa;Point(128.0 26.5);200656;participant;200656.0
USA;http://www.wikidata.org/entity/Q30;Estados Unidos;http://www.wikidata.org/entity/Q22082154;Battle of Authion;batalha;1945-04-10T00:00:00Z;1945-04-25T00:00:00Z;1945-04-01T00:00:00Z;1945;1945;1945;;;http://www.wikidata.org/entity/Q22247939;Second Battle of the Alps;;;http://www.wikidata.org/entity/Q3297640;Massif de l'Authion;Point(7.433039249 44.001080544);;participant;
USA;http://www.wikidata.org/entity/Q30;Estados Unidos;http://www.wikidata.org/entity/Q19839898;Battle of Buchhof and Stein am Kocher;batalha;1945-04-04T00:00:00Z;1945-04-12T00:00:00Z;1945-04-01T00:00:00Z;1945;1945;1945;;;;;;;http://www.wikidata.org/entity/Q998467;Buchhof;Point(9.2665522 49.2664612);;participant;
USA;http://www.wikidata.org/entity/Q30;Estados Unidos;http://www.wikidata.org/entity/Q3944397;Batalha de Fornovo di Taro;batalha;1945-04-26T00:00:00Z;1945-04-29T00:00:00Z;;1945;1945;;;;http://www.wikidata.org/entity/Q162333;Campanha da Itália;;;http://www.wikidata.org/entity/Q100826;Fornovo di Taro;Point(10.215569 44.749659);;participant;
USA;http://www.wikidata.org/entity/Q30;Estados Unidos;http://www.wikidata.org/entity/Q703962;Batalha de Luzon;batalha;1945-01-09T00:00:00Z;1945-08-15T00:00:00Z;;1945;1945;;;;http://www.wikidata.org/entity/Q371573;Batalha das Filipinas;;;http://www.wikidata.org/entity/Q125384;Lução;;;participant;
USA;http://www.wikidata.org/entity/Q30;Estados Unidos;http://www.wikidata.org/entity/Q2694984;Batalha de Remagen;batalha;1945-03-07T00:00:00Z;1945-03-25T00:00:00Z;;1945;1945;;;;http://www.wikidata.org/entity/Q666414;Invasão dos Aliados Ocidentais da Alemanha;;;http://www.wikidata.org/entity/Q486548;Remagen;Point(7.24416667 50.57916667);;participant;
USA;http://www.wikidata.org/entity/Q30;Estados Unidos;http://www.wikidata.org/entity/Q702449;Battle of Bataan;batalha;1945-01-31T00:00:00Z;1945-02-21T00:00:00Z;;1945;1945;;;;http://www.wikidata.org/entity/Q362;Segunda Guerra Mundial;;;http://www.wikidata.org/entity/Q13739;Bataan;;;participant;
USA;http://www.wikidata.org/entity/Q30;Estados Unidos;http://www.wikidata.org/entity/Q16165506;Battle of Davao;batalha;1945-04-27T00:00:00Z;1945-06-10T00:00:00Z;;1945;1945;;;;http://www.wikidata.org/entity/Q371573;Batalha das Filipinas;;;http://www.wikidata.org/entity/Q1473;Dábau;;;participant;
USA;http://www.wikidata.org/entity/Q30;Estados Unidos;http://www.wikidata.org/entity/Q245743;Battle of Kassel;batalha;1945-04-01T00:00:00Z;1945-04-04T00:00:00Z;;1945;1945;;;;http://www.wikidata.org/entity/Q7567350;South German Offensive;;;http://www.wikidata.org/entity/Q2865;Kassel;Point(9.43222222 51.28916667);;participant;
USA;http://www.wikidata.org/entity/Q30;Estados Unidos;http://www.wikidata.org/entity/Q18920234;Battle of Labuan;batalha;1945-06-10T00:00:00Z;1945-06-21T00:00:00Z;;1945;1945;;;;http://www.wikidata.org/entity/Q1934591;Battle of North Borneo;;;http://www.wikidata.org/entity/Q214504;Labuan;Point(115.211 5.32028);423;participant;423.0
USA;http://www.wikidata.org/entity/Q30;Estados Unidos;http://www.wikidata.org/entity/Q710912;Battle of Mindanao;batalha;1945-03-10T00:00:00Z;1945-08-15T00:00:00Z;;1945;1945;;;;http://www.wikidata.org/entity/Q371573;Batalha das Filipinas;;;http://www.wikidata.org/entity/Q124873;Mindanau;Point(125.0 8.0);;participant;
USA;http://www.wikidata.org/entity/Q30;Estados Unidos;http://www.wikidata.org/entity/Q1934591;Battle of North Borneo;batalha;1945-06-10T00:00:00Z;1945-08-15T00:00:00Z;;1945;1945;;;;http://www.wikidata.org/entity/Q184425;Guerra do Pacífico;;;http://www.wikidata.org/entity/Q1147441;Bornéu do Norte britânico;;;participant;
USA;http://www.wikidata.org/entity/Q30;Estados Unidos;http://www.wikidata.org/entity/Q246553;Battle of Nuremberg;batalha;1945-04-16T00:00:00Z;1945-04-20T00:00:00Z;;1945;1945;;;;http://www.wikidata.org/entity/Q666414;Invasão dos Aliados Ocidentais da Alemanha;;;http://www.wikidata.org/entity/Q2090;Nuremberga;;901;participant;901.0
USA;http://www.wikidata.org/entity/Q30;Estados Unidos;http://www.wikidata.org/entity/Q3883998;Battle of Riva Ridge;batalha;1945-02-18T00:00:00Z;1945-02-25T00:00:00Z;;1945;1945;;;;http://www.wikidata.org/entity/Q362;Segunda Guerra Mundial;;;http://www.wikidata.org/entity/Q1263;Emília-Romanha;Point(10.83441 44.18811);;participant;
USA;http://www.wikidata.org/entity/Q30;Estados Unidos;http://www.wikidata.org/entity/Q276852;Battle of Slivice;batalha;1945-05-11T00:00:00Z;1945-05-12T00:00:00Z;;1945;1945;;;;http://www.wikidata.org/entity/Q362;Segunda Guerra Mundial;;;http://www.wikidata.org/entity/Q1925206;Čimelice;Point(14.0472 49.6433);;participant;
USA;http://www.wikidata.org/entity/Q30;Estados Unidos;http://www.wikidata.org/entity/Q2342102;Guerras na Indochina;guerra;1946-01-01T00:00:00Z;1989-01-01T00:00:00Z;;1946;1989;;;;;;;;http://www.wikidata.org/entity/Q11708;Sudeste Asiático;;;participant;
USA;http://www.wikidata.org/entity/Q30;Estados Unidos;http://www.wikidata.org/entity/Q4870734;Battle of Chochiwon;batalha;1950-07-10T00:00:00Z;1950-07-12T00:00:00Z;1950-01-01T00:00:00Z;1950;1950;1950;;;http://www.wikidata.org/entity/Q8663;Guerra da Coreia;;;http://www.wikidata.org/entity/Q12617121;Jochiwon;Point(127.304166666 36.602777777);;participant;
USA;http://www.wikidata.org/entity/Q30;Estados Unidos;http://www.wikidata.org/entity/Q493252;Battle of Chonan;batalha;1950-07-07T00:00:00Z;1950-07-08T00:00:00Z;1950-01-01T00:00:00Z;1950;1950;1950;;;http://www.wikidata.org/entity/Q8663;Guerra da Coreia;;;http://www.wikidata.org/entity/Q42146;Cheonan;Point(127.1475 36.81);;participant;
USA;http://www.wikidata.org/entity/Q30;Estados Unidos;http://www.wikidata.org/entity/Q2888830;Battle of Hwanggan;batalha;1950-07-23T00:00:00Z;1950-07-29T00:00:00Z;1950-01-01T00:00:00Z;1950;1950;1950;;;http://www.wikidata.org/entity/Q8663;Guerra da Coreia;;;;;;;participant;
USA;http://www.wikidata.org/entity/Q30;Estados Unidos;http://www.wikidata.org/entity/Q4871355;Battle of Ka-san;batalha;1950-09-01T00:00:00Z;1950-09-18T00:00:00Z;1950-01-01T00:00:00Z;1950;1950;1950;;;http://www.wikidata.org/entity/Q8663;Guerra da Coreia;;;;;Point(128.5825 36.03722222);;participant;
USA;http://www.wikidata.org/entity/Q30;Estados Unidos;http://www.wikidata.org/entity/Q493122;Battle of Sangju;batalha;1950-07-20T00:00:00Z;1950-07-31T00:00:00Z;1950-01-01T00:00:00Z;1950;1950;1950;;;http://www.wikidata.org/entity/Q8663;Guerra da Coreia;;;http://www.wikidata.org/entity/Q42163;Sangju;Point(128.16972222 36.43972222);;participant;
USA;http://www.wikidata.org/entity/Q30;Estados Unidos;http://www.wikidata.org/entity/Q4872485;Battle of Tabu-dong;batalha;1950-08-03T00:00:00Z;1950-08-29T00:00:00Z;1950-01-01T00:00:00Z;1950;1950;1950;;;http://www.wikidata.org/entity/Q8663;Guerra da Coreia;;;;;Point(128.51738 36.047433);;participant;
USA;http://www.wikidata.org/entity/Q30;Estados Unidos;http://www.wikidata.org/entity/Q2888378;Battle of Taegu;batalha;1950-08-05T00:00:00Z;1950-08-20T00:00:00Z;1950-01-01T00:00:00Z;1950;1950;1950;;;http://www.wikidata.org/entity/Q8663;Guerra da Coreia;;;http://www.wikidata.org/entity/Q20927;Daegu;Point(128.43 35.96);;participant;
USA;http://www.wikidata.org/entity/Q30;Estados Unidos;http://www.wikidata.org/entity/Q4872786;Battle of Yongdong;batalha;1950-07-22T00:00:00Z;1950-07-25T00:00:00Z;1950-01-01T00:00:00Z;1950;1950;1950;;;http://www.wikidata.org/entity/Q8663;Guerra da Coreia;;;http://www.wikidata.org/entity/Q50261;Yeongdong County;Point(127.776388888 36.175);;participant;
USA;http://www.wikidata.org/entity/Q30;Estados Unidos;http://www.wikidata.org/entity/Q4872790;Battle of Yongsan;batalha;1950-09-01T00:00:00Z;1950-09-05T00:00:00Z;1950-01-01T00:00:00Z;1950;1950;1950;;;http://www.wikidata.org/entity/Q8663;Guerra da Coreia;;;http://www.wikidata.org/entity/Q22055202;Yeongsan;Point(128.525277777 35.454166666);;participant;
USA;http://www.wikidata.org/entity/Q30;Estados Unidos;http://www.wikidata.org/entity/Q4087286;Battle of the Bowling Alley;batalha;1950-08-12T00:00:00Z;1950-08-25T00:00:00Z;1950-01-01T00:00:00Z;1950;1950;1950;;;http://www.wikidata.org/entity/Q482979;Batalha de Pusan;;;;;Point(128.6 35.86666667);;participant;
USA;http://www.wikidata.org/entity/Q30;Estados Unidos;http://www.wikidata.org/entity/Q4348916;First Battle of Naktong Bulge;batalha;1950-08-05T00:00:00Z;1950-08-19T00:00:00Z;1950-01-01T00:00:00Z;1950;1950;1950;;;http://www.wikidata.org/entity/Q482979;Batalha de Pusan;;;;;Point(128.499444444 35.540277777);;participant;
USA;http://www.wikidata.org/entity/Q30;Estados Unidos;http://www.wikidata.org/entity/Q7443101;Second Battle of Naktong Bulge;batalha;1950-09-01T00:00:00Z;1950-09-12T00:00:00Z;1950-01-01T00:00:00Z;1950;1950;1950;;;http://www.wikidata.org/entity/Q7737862;The Great Naktong Offensive;;;http://www.wikidata.org/entity/Q55501;Rio Nakdong;Point(128.435 35.5386);;participant;
USA;http://www.wikidata.org/entity/Q30;Estados Unidos;http://www.wikidata.org/entity/Q277337;Batalha de Chosin Reservoir;batalha;1950-11-27T00:00:00Z;1950-12-13T00:00:00Z;;1950;1950;;;;http://www.wikidata.org/entity/Q8663;Guerra da Coreia;;;http://www.wikidata.org/entity/Q12614724;Changjin Reservoir;Point(127.26 40.37);;participant;
USA;http://www.wikidata.org/entity/Q30;Estados Unidos;http://www.wikidata.org/entity/Q492880;Batalha de Daejeon;batalha;1950-07-14T00:00:00Z;1950-07-21T00:00:00Z;;1950;1950;;;;http://www.wikidata.org/entity/Q8663;Guerra da Coreia;;;http://www.wikidata.org/entity/Q20921;Daejeon;Point(127.27277778 36.47472222);;participant;
USA;http://www.wikidata.org/entity/Q30;Estados Unidos;http://www.wikidata.org/entity/Q483039;Batalha de Inchon;batalha;1950-09-15T00:00:00Z;1950-09-19T00:00:00Z;;1950;1950;;;;http://www.wikidata.org/entity/Q8663;Guerra da Coreia;;;http://www.wikidata.org/entity/Q20934;Incheon;Point(126.63333333 37.48333333);;participant;
USA;http://www.wikidata.org/entity/Q30;Estados Unidos;http://www.wikidata.org/entity/Q482979;Batalha de Pusan;batalha;1950-08-04T00:00:00Z;1950-09-18T00:00:00Z;;1950;1950;;;;http://www.wikidata.org/entity/Q8663;Guerra da Coreia;;;http://www.wikidata.org/entity/Q24297886;Pusan Perimeter;Point(129.040277777 35.1);;participant;
USA;http://www.wikidata.org/entity/Q30;Estados Unidos;http://www.wikidata.org/entity/Q4872788;Batalha de Yongju;batalha;1950-10-21T00:00:00Z;1950-10-22T00:00:00Z;;1950;1950;;;;http://www.wikidata.org/entity/Q8663;Guerra da Coreia;;;;;Point(125.482777777 39.473611111);;participant;
USA;http://www.wikidata.org/entity/Q30;Estados Unidos;http://www.wikidata.org/entity/Q493313;Batalha do Rio Ch'ongch'on;batalha;1950-11-25T00:00:00Z;1950-12-02T00:00:00Z;;1950;1950;;;;http://www.wikidata.org/entity/Q8663;Guerra da Coreia;;;http://www.wikidata.org/entity/Q499266;Rio Ch'ŏngch'ŏn;Point(125.883 39.7);;participant;
USA;http://www.wikidata.org/entity/Q30;Estados Unidos;http://www.wikidata.org/entity/Q4087300;Battle of Battle Mountain;batalha;1950-08-15T00:00:00Z;1950-09-19T00:00:00Z;;1950;1950;;;;http://www.wikidata.org/entity/Q482979;Batalha de Pusan;;;http://www.wikidata.org/entity/Q7451494;Seobuksan;Point(128.419555555 35.168694444);;participant;
USA;http://www.wikidata.org/entity/Q30;Estados Unidos;http://www.wikidata.org/entity/Q85985974;Battle of Chongju;batalha;1950-10-29T00:00:00Z;1950-10-30T00:00:00Z;;1950;1950;;;;http://www.wikidata.org/entity/Q8663;Guerra da Coreia;;;http://www.wikidata.org/entity/Q213169;Chongju;Point(125.33333333 39.65);;participant;
USA;http://www.wikidata.org/entity/Q30;Estados Unidos;http://www.wikidata.org/entity/Q4871183;Battle of Haman;batalha;1950-08-31T00:00:00Z;1950-09-19T00:00:00Z;;1950;1950;;;;http://www.wikidata.org/entity/Q8663;Guerra da Coreia;;;http://www.wikidata.org/entity/Q50338;Haman County;Point(128.408099833 35.278799833);;participant;
USA;http://www.wikidata.org/entity/Q30;Estados Unidos;http://www.wikidata.org/entity/Q4871500;Battle of Kujin;batalha;1950-10-25T00:00:00Z;1950-10-26T00:00:00Z;;1950;1950;;;;http://www.wikidata.org/entity/Q8663;Guerra da Coreia;;;;;Point(125.568888888 39.709444444);;participant;
USA;http://www.wikidata.org/entity/Q30;Estados Unidos;http://www.wikidata.org/entity/Q2888742;Battle of Kyongju;batalha;1950-08-27T00:00:00Z;1950-09-12T00:00:00Z;;1950;1950;;;;http://www.wikidata.org/entity/Q8663;Guerra da Coreia;;;http://www.wikidata.org/entity/Q42097;Gyeongju;Point(129.21666667 35.85);;participant;
USA;http://www.wikidata.org/entity/Q30;Estados Unidos;http://www.wikidata.org/entity/Q4871689;Battle of Masan;batalha;1950-08-05T00:00:00Z;1950-09-19T00:00:00Z;;1950;1950;;;;http://www.wikidata.org/entity/Q8663;Guerra da Coreia;;;http://www.wikidata.org/entity/Q495387;Masan;Point(128.55 35.183333333);;participant;
USA;http://www.wikidata.org/entity/Q30;Estados Unidos;http://www.wikidata.org/entity/Q2890901;Battle of Nam River;batalha;1950-08-31T00:00:00Z;1950-09-19T00:00:00Z;;1950;1950;;;;http://www.wikidata.org/entity/Q8663;Guerra da Coreia;;;http://www.wikidata.org/entity/Q485254;Nam River;Point(128.410599833 35.345599833);;participant;
USA;http://www.wikidata.org/entity/Q30;Estados Unidos;http://www.wikidata.org/entity/Q4438418;Battle of P'ohang-dong;batalha;1950-08-05T00:00:00Z;1950-08-20T00:00:00Z;;1950;1950;;;;http://www.wikidata.org/entity/Q8663;Guerra da Coreia;;;http://www.wikidata.org/entity/Q42157;Pohang;Point(129.365 36.03222222);;participant;
USA;http://www.wikidata.org/entity/Q30;Estados Unidos;http://www.wikidata.org/entity/Q4872128;Battle of Pusan Perimeter logistics;batalha;1950-08-04T00:00:00Z;1950-09-15T00:00:00Z;;1950;1950;;;;http://www.wikidata.org/entity/Q8663;Guerra da Coreia;;;http://www.wikidata.org/entity/Q16520;Busan;;;participant;
USA;http://www.wikidata.org/entity/Q30;Estados Unidos;http://www.wikidata.org/entity/Q486531;Battle of Unsan;batalha;1950-10-25T00:00:00Z;1950-11-04T00:00:00Z;;1950;1950;;;;http://www.wikidata.org/entity/Q8663;Guerra da Coreia;;;http://www.wikidata.org/entity/Q708507;Unsan County;Point(125.803 39.9722);;participant;
USA;http://www.wikidata.org/entity/Q30;Estados Unidos;http://www.wikidata.org/entity/Q646336;Second Battle of Seoul;batalha;1950-09-22T00:00:00Z;1950-09-25T00:00:00Z;;1950;1950;;;;http://www.wikidata.org/entity/Q8663;Guerra da Coreia;;;http://www.wikidata.org/entity/Q8684;Seul;;;participant;
USA;http://www.wikidata.org/entity/Q30;Estados Unidos;http://www.wikidata.org/entity/Q5454119;First and Second Battles of Wonju;batalha;1950-12-31T00:00:00Z;1951-01-20T00:00:00Z;;1950;1951;;;;http://www.wikidata.org/entity/Q8663;Guerra da Coreia;;;http://www.wikidata.org/entity/Q42131;Wonju;Point(127.949444444 37.3525);;participant;
USA;http://www.wikidata.org/entity/Q30;Estados Unidos;http://www.wikidata.org/entity/Q493922;Third Battle of Seoul;batalha;1950-12-31T00:00:00Z;1951-01-07T00:00:00Z;;1950;1951;;;;http://www.wikidata.org/entity/Q8663;Guerra da Coreia;;;http://www.wikidata.org/entity/Q8684;Seul;Point(126.977 37.5689);;participant;
USA;http://www.wikidata.org/entity/Q30;Estados Unidos;http://www.wikidata.org/entity/Q8663;Guerra da Coreia;guerra;1950-06-25T00:00:00Z;1953-07-27T00:00:00Z;;1950;1953;;;;http://www.wikidata.org/entity/Q8683;Guerra Fria;;;http://www.wikidata.org/entity/Q27092;Mar do Japão;;;participant;
USA;http://www.wikidata.org/entity/Q30;Estados Unidos;http://www.wikidata.org/entity/Q11121336;Battle of Hoengsong;batalha;1951-02-11T00:00:00Z;1951-02-13T00:00:00Z;1951-01-01T00:00:00Z;1951;1951;1951;;;http://www.wikidata.org/entity/Q8663;Guerra da Coreia;;;http://www.wikidata.org/entity/Q50347;Hoengseong;Point(127.9875 37.489722222);;participant;
USA;http://www.wikidata.org/entity/Q30;Estados Unidos;http://www.wikidata.org/entity/Q2035177;Batalha de Bloody Ridge;batalha;1951-08-18T00:00:00Z;1951-09-05T00:00:00Z;;1951;1951;;;;http://www.wikidata.org/entity/Q8663;Guerra da Coreia;;;http://www.wikidata.org/entity/Q50253;Yanggu County;Point(128.038 38.255);;participant;
USA;http://www.wikidata.org/entity/Q30;Estados Unidos;http://www.wikidata.org/entity/Q483464;Batalha de Chipyong-ni;batalha;1951-02-13T00:00:00Z;1951-02-15T00:00:00Z;;1951;1951;;;;http://www.wikidata.org/entity/Q8663;Guerra da Coreia;;;http://www.wikidata.org/entity/Q6202946;Jipyeong-ri;Point(127.637 37.475);;participant;
USA;http://www.wikidata.org/entity/Q30;Estados Unidos;http://www.wikidata.org/entity/Q489561;Batalha de Heartbreak Ridge;batalha;1951-09-13T00:00:00Z;1951-10-15T00:00:00Z;;1951;1951;;;;http://www.wikidata.org/entity/Q8663;Guerra da Coreia;;;;;Point(128.016667 38.3);;participant;
USA;http://www.wikidata.org/entity/Q30;Estados Unidos;http://www.wikidata.org/entity/Q4870741;Battle of Chuam-ni;batalha;1951-02-14T00:00:00Z;1951-02-17T00:00:00Z;;1951;1951;;;;http://www.wikidata.org/entity/Q8663;Guerra da Coreia;;;;;;;participant;
USA;http://www.wikidata.org/entity/Q30;Estados Unidos;http://www.wikidata.org/entity/Q713018;Battle of Kapyong;batalha;1951-04-22T00:00:00Z;1951-04-25T00:00:00Z;;1951;1951;;;;http://www.wikidata.org/entity/Q8663;Guerra da Coreia;;;http://www.wikidata.org/entity/Q50203;Gapyeong County;Point(127.53 37.876666666);;participant;
USA;http://www.wikidata.org/entity/Q30;Estados Unidos;http://www.wikidata.org/entity/Q4871627;Battle of Maehwa-san;batalha;1951-03-07T00:00:00Z;1951-03-12T00:00:00Z;;1951;1951;;;;http://www.wikidata.org/entity/Q8663;Guerra da Coreia;;;http://www.wikidata.org/entity/Q6729140;Maehwasan;;;participant;
USA;http://www.wikidata.org/entity/Q30;Estados Unidos;http://www.wikidata.org/entity/Q16898848;Battle of the Punchbowl;batalha;1951-08-31T00:00:00Z;1951-09-21T00:00:00Z;;1951;1951;;;;http://www.wikidata.org/entity/Q8663;Guerra da Coreia;;;http://www.wikidata.org/entity/Q15269226;Punchbowl, Korea;Point(128.14 38.285);;participant;
USA;http://www.wikidata.org/entity/Q30;Estados Unidos;http://www.wikidata.org/entity/Q626542;Battle of White Horse;batalha;1952-10-06T00:00:00Z;1952-10-15T00:00:00Z;1952-01-01T00:00:00Z;1952;1952;1952;;;http://www.wikidata.org/entity/Q8663;Guerra da Coreia;;;;;Point(127.15 38.29);;participant;
USA;http://www.wikidata.org/entity/Q30;Estados Unidos;http://www.wikidata.org/entity/Q492671;Batalha de Triangle Hill;batalha;1952-10-14T00:00:00Z;1952-11-25T00:00:00Z;;1952;1952;;;;http://www.wikidata.org/entity/Q8663;Guerra da Coreia;;;;;Point(127.464 38.3214);;participant;
USA;http://www.wikidata.org/entity/Q30;Estados Unidos;http://www.wikidata.org/entity/Q4871230;Battle of Hill Eerie;batalha;1952-03-21T00:00:00Z;1952-07-18T00:00:00Z;;1952;1952;;;;http://www.wikidata.org/entity/Q8663;Guerra da Coreia;;;;;Point(127.05222222 38.25333333);;participant;
USA;http://www.wikidata.org/entity/Q30;Estados Unidos;http://www.wikidata.org/entity/Q4871937;Battle of Old Baldy;batalha;1952-06-26T00:00:00Z;1953-03-26T00:00:00Z;;1952;1953;;;;http://www.wikidata.org/entity/Q8663;Guerra da Coreia;;;;;Point(127.00361111 38.22861111);;participant;
USA;http://www.wikidata.org/entity/Q30;Estados Unidos;http://www.wikidata.org/entity/Q4872081;Battle of Pork Chop Hill;batalha;1953-03-01T00:00:00Z;1953-07-01T00:00:00Z;1953-07-11T00:00:00Z;1953;1953;1953;;;http://www.wikidata.org/entity/Q8663;Guerra da Coreia;;;;;Point(127.01944444 38.24138889);;participant;
USA;http://www.wikidata.org/entity/Q30;Estados Unidos;http://www.wikidata.org/entity/Q19839896;Battle for Outpost Vegas;batalha;1953-03-26T00:00:00Z;1953-03-30T00:00:00Z;;1953;1953;;;;http://www.wikidata.org/entity/Q8663;Guerra da Coreia;;;http://www.wikidata.org/entity/Q18097;Coreia;Point(141.317 24.7833);;participant;
USA;http://www.wikidata.org/entity/Q30;Estados Unidos;http://www.wikidata.org/entity/Q493295;Battle of Kumsong;batalha;1953-07-13T00:00:00Z;1953-07-27T00:00:00Z;;1953;1953;;;;http://www.wikidata.org/entity/Q8663;Guerra da Coreia;;;http://www.wikidata.org/entity/Q485618;Kimhwa County;;;participant;
USA;http://www.wikidata.org/entity/Q30;Estados Unidos;http://www.wikidata.org/entity/Q2890955;Battle of the Hook;batalha;1953-05-28T00:00:00Z;1953-05-29T00:00:00Z;;1953;1953;;;;http://www.wikidata.org/entity/Q8663;Guerra da Coreia;;;;;Point(126.83694444 38.02888889);;participant;
USA;http://www.wikidata.org/entity/Q30;Estados Unidos;http://www.wikidata.org/entity/Q7112847;Outpost Harry;batalha;1953-06-10T00:00:00Z;1953-06-18T00:00:00Z;;1953;1953;;;;http://www.wikidata.org/entity/Q8663;Guerra da Coreia;;;;;Point(127.29307778 38.318425);;participant;
USA;http://www.wikidata.org/entity/Q30;Estados Unidos;http://www.wikidata.org/entity/Q8740;Guerra do Vietnã;guerra por procuração;1955-11-01T00:00:00Z;1975-04-30T00:00:00Z;;1955;1975;;;;http://www.wikidata.org/entity/Q8683;Guerra Fria;;;http://www.wikidata.org/entity/Q424;Camboja;;1291426;participant;1291426.0
USA;http://www.wikidata.org/entity/Q30;Estados Unidos;http://www.wikidata.org/entity/Q877450;Guerra Civil do Laos;guerra civil;1959-05-23T00:00:00Z;1975-12-02T00:00:00Z;;1959;1975;;;;http://www.wikidata.org/entity/Q8683;Guerra Fria;;;http://www.wikidata.org/entity/Q870055;Reino do Laos;;;participant;
USA;http://www.wikidata.org/entity/Q30;Estados Unidos;http://www.wikidata.org/entity/Q3381201;Battle of An Lao;batalha;1964-12-07T00:00:00Z;1964-12-09T00:00:00Z;1964-01-01T00:00:00Z;1964;1964;1964;;;http://www.wikidata.org/entity/Q8740;Guerra do Vietnã;;;http://www.wikidata.org/entity/Q4750136;An Lão;;;participant;
USA;http://www.wikidata.org/entity/Q30;Estados Unidos;http://www.wikidata.org/entity/Q550500;Battle of Nam Dong;batalha;1964-07-05T00:00:00Z;1964-07-06T00:00:00Z;1964-01-01T00:00:00Z;1964;1964;1964;;;http://www.wikidata.org/entity/Q8740;Guerra do Vietnã;;;http://www.wikidata.org/entity/Q6961080;Nam Đông;;;participant;
USA;http://www.wikidata.org/entity/Q30;Estados Unidos;http://www.wikidata.org/entity/Q482402;Incidente do Golfo de Tonkin;batalha naval;1964-08-02T00:00:00Z;1964-08-04T00:00:00Z;;1964;1964;;;;http://www.wikidata.org/entity/Q8740;Guerra do Vietnã;;;http://www.wikidata.org/entity/Q212428;Golfo de Tonkin;Point(106.767 19.7);;participant;
USA;http://www.wikidata.org/entity/Q30;Estados Unidos;http://www.wikidata.org/entity/Q1320031;Battle of Binh Gia;batalha;1964-12-28T00:00:00Z;1965-01-01T00:00:00Z;;1964;1965;;;;http://www.wikidata.org/entity/Q8740;Guerra do Vietnã;;;http://www.wikidata.org/entity/Q672063;Bình Giã;Point(107.28333333 10.65);;participant;
USA;http://www.wikidata.org/entity/Q30;Estados Unidos;http://www.wikidata.org/entity/Q588774;Batalha de Đồng Xoài;batalha;1965-06-09T00:00:00Z;1965-06-13T00:00:00Z;1965-01-01T00:00:00Z;1965;1965;1965;;;http://www.wikidata.org/entity/Q8740;Guerra do Vietnã;;;http://www.wikidata.org/entity/Q665981;Đồng Xoài;;;participant;
USA;http://www.wikidata.org/entity/Q30;Estados Unidos;http://www.wikidata.org/entity/Q4870376;Battle of Ba Gia;batalha;1965-05-28T00:00:00Z;1965-05-31T00:00:00Z;1965-01-01T00:00:00Z;1965;1965;1965;;;http://www.wikidata.org/entity/Q8740;Guerra do Vietnã;;;;;Point(108.667 15.173);;participant;
USA;http://www.wikidata.org/entity/Q30;Estados Unidos;http://www.wikidata.org/entity/Q4872414;Battle of Song Be;batalha;1965-05-10T00:00:00Z;1965-05-15T00:00:00Z;1965-01-01T00:00:00Z;1965;1965;1965;;;http://www.wikidata.org/entity/Q8740;Guerra do Vietnã;;;http://www.wikidata.org/entity/Q10822747;Sông Bé;;;participant;
USA;http://www.wikidata.org/entity/Q30;Estados Unidos;http://www.wikidata.org/entity/Q714749;Batalha de Ia Drang;batalha;1965-11-14T00:00:00Z;1965-11-18T00:00:00Z;;1965;1965;;;;http://www.wikidata.org/entity/Q8740;Guerra do Vietnã;;;http://www.wikidata.org/entity/Q2904975;Ia Drang River;Point(107.71666667 13.58333333);;participant;
USA;http://www.wikidata.org/entity/Q30;Estados Unidos;http://www.wikidata.org/entity/Q378392;Battle of A Shau;batalha;1966-03-09T00:00:00Z;1966-03-10T00:00:00Z;1966-01-01T00:00:00Z;1966;1966;1966;;;http://www.wikidata.org/entity/Q8740;Guerra do Vietnã;;;;;Point(107.213 16.2593);;participant;
USA;http://www.wikidata.org/entity/Q30;Estados Unidos;http://www.wikidata.org/entity/Q1465784;Battle of Xa Cam My;batalha;1966-04-11T00:00:00Z;1966-04-12T00:00:00Z;1966-01-01T00:00:00Z;1966;1966;1966;;;http://www.wikidata.org/entity/Q8740;Guerra do Vietnã;;;http://www.wikidata.org/entity/Q7189910;Phước Tuy;;;participant;
USA;http://www.wikidata.org/entity/Q30;Estados Unidos;http://www.wikidata.org/entity/Q4870513;Battle of Bong Son;batalha;1966-01-28T00:00:00Z;1966-02-12T00:00:00Z;;1966;1966;;;;http://www.wikidata.org/entity/Q8740;Guerra do Vietnã;;;http://www.wikidata.org/entity/Q2276503;Bồng Sơn;;;participant;
USA;http://www.wikidata.org/entity/Q30;Estados Unidos;http://www.wikidata.org/entity/Q4871222;Battle of Hill 488;batalha;1966-06-15T00:00:00Z;1966-06-16T00:00:00Z;;1966;1966;;;;;;;;http://www.wikidata.org/entity/Q4846962;Hiệp Đức;;;participant;
USA;http://www.wikidata.org/entity/Q30;Estados Unidos;http://www.wikidata.org/entity/Q4872464;Battle of Suoi Bong Trang;batalha;1966-02-23T00:00:00Z;1966-02-24T00:00:00Z;;1966;1966;;;;http://www.wikidata.org/entity/Q8740;Guerra do Vietnã;;;;;Point(106.683 11.1833);;participant;
USA;http://www.wikidata.org/entity/Q30;Estados Unidos;http://www.wikidata.org/entity/Q843849;Operation Attleboro;batalha;1966-09-14T00:00:00Z;1966-11-25T00:00:00Z;;1966;1966;;;;http://www.wikidata.org/entity/Q120355808;Vietnam Counteroffensive Phase II;;;;;;;participant;
USA;http://www.wikidata.org/entity/Q30;Estados Unidos;http://www.wikidata.org/entity/Q682195;Operation Masher;batalha;1966-01-24T00:00:00Z;1966-03-06T00:00:00Z;;1966;1966;;;;http://www.wikidata.org/entity/Q120355808;Vietnam Counteroffensive Phase II;;;http://www.wikidata.org/entity/Q2276503;Bồng Sơn;;;participant;
USA;http://www.wikidata.org/entity/Q30;Estados Unidos;http://www.wikidata.org/entity/Q1519185;Operação Hastings;batalha;1966-07-15T00:00:00Z;1966-08-03T00:00:00Z;;1966;1966;;;;http://www.wikidata.org/entity/Q120355808;Vietnam Counteroffensive Phase II;http://www.wikidata.org/entity/Q8740;Guerra do Vietnã;http://www.wikidata.org/entity/Q2349960;Zona Desmilitarizada do Vietnã;;;participant;
USA;http://www.wikidata.org/entity/Q30;Estados Unidos;http://www.wikidata.org/entity/Q42410546;First Guatemala War;guerra civil;1966-01-01T00:00:00Z;1968-01-01T00:00:00Z;;1966;1968;;;;http://www.wikidata.org/entity/Q1282732;Guerra Civil da Guatemala;;;http://www.wikidata.org/entity/Q774;Guatemala;;;participant;
USA;http://www.wikidata.org/entity/Q30;Estados Unidos;http://www.wikidata.org/entity/Q4872466;Battle of Suoi Tre;batalha;1967-03-21T00:00:00Z;;1967-03-21T00:00:00Z;1967;;1967;;;http://www.wikidata.org/entity/Q220882;Operation Junction City;;;http://www.wikidata.org/entity/Q180573;Vietname do Sul;Point(106.266 11.493);;participant;
USA;http://www.wikidata.org/entity/Q30;Estados Unidos;http://www.wikidata.org/entity/Q1230358;Batalha da Colina 881;batalha;1967-04-24T00:00:00Z;1967-05-11T00:00:00Z;;1967;1967;;;;http://www.wikidata.org/entity/Q8740;Guerra do Vietnã;;;http://www.wikidata.org/entity/Q36579;Quang Tri;;;participant;
USA;http://www.wikidata.org/entity/Q30;Estados Unidos;http://www.wikidata.org/entity/Q901263;Batalha de Dak To;batalha;1967-11-03T00:00:00Z;1967-11-23T00:00:00Z;;1967;1967;;;;http://www.wikidata.org/entity/Q120355811;Vietnam Counteroffensive Phase III;;;http://www.wikidata.org/entity/Q36315;Kon Tum;Point(107.798611111 14.651111111);;participant;
USA;http://www.wikidata.org/entity/Q30;Estados Unidos;http://www.wikidata.org/entity/Q4870316;Battle of Ap Bau Bang II;batalha;1967-03-19T00:00:00Z;1967-03-20T00:00:00Z;;1967;1967;;;;http://www.wikidata.org/entity/Q220882;Operation Junction City;;;http://www.wikidata.org/entity/Q16480177;Bàu Bàng;;;participant;
USA;http://www.wikidata.org/entity/Q30;Estados Unidos;http://www.wikidata.org/entity/Q5452524;First Battle of Loc Ninh;batalha;1967-10-29T00:00:00Z;1967-11-07T00:00:00Z;;1967;1967;;;;http://www.wikidata.org/entity/Q120355811;Vietnam Counteroffensive Phase III;;;http://www.wikidata.org/entity/Q6711776;Loc Ninh;;;participant;
USA;http://www.wikidata.org/entity/Q30;Estados Unidos;http://www.wikidata.org/entity/Q859217;Operation Cedar Falls;batalha;1967-01-08T00:00:00Z;1967-01-26T00:00:00Z;;1967;1967;;;;http://www.wikidata.org/entity/Q8740;Guerra do Vietnã;;;http://www.wikidata.org/entity/Q1151196;Distrito de Cu Chi;;;participant;
USA;http://www.wikidata.org/entity/Q30;Estados Unidos;http://www.wikidata.org/entity/Q42886553;Operation Manhattan;batalha;1967-04-23T00:00:00Z;1967-06-07T00:00:00Z;;1967;1967;;;;http://www.wikidata.org/entity/Q120355811;Vietnam Counteroffensive Phase III;;;;;;;participant;
USA;http://www.wikidata.org/entity/Q30;Estados Unidos;http://www.wikidata.org/entity/Q817206;Guerra Civil do Camboja;guerra civil;1967-03-11T00:00:00Z;1975-04-17T00:00:00Z;;1967;1975;;;;http://www.wikidata.org/entity/Q8683;Guerra Fria;;;http://www.wikidata.org/entity/Q1054184;República Khmer;;;participant;
USA;http://www.wikidata.org/entity/Q30;Estados Unidos;http://www.wikidata.org/entity/Q697053;Batalha de Huế;batalha;1968-01-30T00:00:00Z;1968-03-03T00:00:00Z;1968-03-02T00:00:00Z;1968;1968;1968;;;http://www.wikidata.org/entity/Q8740;Guerra do Vietnã;;;http://www.wikidata.org/entity/Q36167;Huế;Point(107.58 16.4675);;participant;
USA;http://www.wikidata.org/entity/Q30;Estados Unidos;http://www.wikidata.org/entity/Q2889954;Batalha de Saigon (1968);batalha;1968-01-30T00:00:00Z;1968-03-07T00:00:00Z;1968-01-01T00:00:00Z;1968;1968;1968;;;http://www.wikidata.org/entity/Q8740;Guerra do Vietnã;;;http://www.wikidata.org/entity/Q1854;Cidade de Ho Chi Minh;Point(106.666944444 10.766944444);;participant;
USA;http://www.wikidata.org/entity/Q30;Estados Unidos;http://www.wikidata.org/entity/Q3381209;Batalha de Kham Duc;batalha;1968-05-10T00:00:00Z;1968-05-12T00:00:00Z;;1968;1968;;;;http://www.wikidata.org/entity/Q8740;Guerra do Vietnã;;;;;Point(107.79690278 15.43819444);;participant;
USA;http://www.wikidata.org/entity/Q30;Estados Unidos;http://www.wikidata.org/entity/Q247253;Batalha de Khe Sahn;batalha;1968-01-21T00:00:00Z;1968-07-09T00:00:00Z;;1968;1968;;;;http://www.wikidata.org/entity/Q8740;Guerra do Vietnã;;;http://www.wikidata.org/entity/Q50203;Gapyeong County;Point(106.728583333 16.655444444);;participant;
USA;http://www.wikidata.org/entity/Q30;Estados Unidos;http://www.wikidata.org/entity/Q4870789;Battle of Coral–Balmoral;batalha;1968-05-12T00:00:00Z;1968-06-06T00:00:00Z;;1968;1968;;;;http://www.wikidata.org/entity/Q8740;Guerra do Vietnã;;;;;Point(106.79 11.08);;participant;
USA;http://www.wikidata.org/entity/Q30;Estados Unidos;http://www.wikidata.org/entity/Q4870932;Battle of Duc Lap;batalha;1968-08-24T00:00:00Z;1968-08-27T00:00:00Z;;1968;1968;;;;http://www.wikidata.org/entity/Q8740;Guerra do Vietnã;;;http://www.wikidata.org/entity/Q19840068;Duc Lap Camp;;;participant;
USA;http://www.wikidata.org/entity/Q30;Estados Unidos;http://www.wikidata.org/entity/Q2889101;Battle of Lang Vei;batalha;1968-02-06T00:00:00Z;1968-02-07T00:00:00Z;;1968;1968;;;;http://www.wikidata.org/entity/Q8740;Guerra do Vietnã;;;http://www.wikidata.org/entity/Q36579;Quang Tri;Point(106.69611111 16.60972222);;participant;
USA;http://www.wikidata.org/entity/Q30;Estados Unidos;http://www.wikidata.org/entity/Q4871558;Battle of Lima Site 85;batalha;1968-03-10T00:00:00Z;1968-03-11T00:00:00Z;;1968;1968;;;;http://www.wikidata.org/entity/Q8740;Guerra do Vietnã;;;http://www.wikidata.org/entity/Q6487948;Lima Site 85;Point(103.714166666 20.446111111);;participant;
USA;http://www.wikidata.org/entity/Q30;Estados Unidos;http://www.wikidata.org/entity/Q4872138;Battle of Quang Tri;batalha;1968-01-31T00:00:00Z;1968-02-06T00:00:00Z;;1968;1968;;;;http://www.wikidata.org/entity/Q8740;Guerra do Vietnã;;;http://www.wikidata.org/entity/Q36579;Quang Tri;Point(107.1875 16.74027778);;participant;
USA;http://www.wikidata.org/entity/Q30;Estados Unidos;http://www.wikidata.org/entity/Q16208812;Battle of Signal Hill Vietnam;batalha;1968-04-19T00:00:00Z;1968-04-21T00:00:00Z;;1968;1968;;;;;;;;;;Point(107.2479 16.3038);;participant;
USA;http://www.wikidata.org/entity/Q30;Estados Unidos;http://www.wikidata.org/entity/Q4871194;Battle of Hat Dich;batalha;1968-12-03T00:00:00Z;1969-02-19T00:00:00Z;;1968;1969;;;;http://www.wikidata.org/entity/Q8740;Guerra do Vietnã;;;;;Point(107.15 10.65);;participant;
USA;http://www.wikidata.org/entity/Q30;Estados Unidos;http://www.wikidata.org/entity/Q247395;Batalha de Hamburger Hill;batalha;1969-05-10T00:00:00Z;1969-05-20T00:00:00Z;;1969;1969;;;;http://www.wikidata.org/entity/Q8740;Guerra do Vietnã;;;http://www.wikidata.org/entity/Q8520389;Dong Ap Bia;Point(107.174722222 16.253055555);;participant;
USA;http://www.wikidata.org/entity/Q30;Estados Unidos;http://www.wikidata.org/entity/Q3636297;Batalha da bataria Ripcord;batalha;1970-07-01T00:00:00Z;1970-07-23T00:00:00Z;;1970;1970;;;;http://www.wikidata.org/entity/Q8740;Guerra do Vietnã;;;;;Point(107.191 16.446);;participant;
USA;http://www.wikidata.org/entity/Q30;Estados Unidos;http://www.wikidata.org/entity/Q2026430;Operation Tailwind;batalha;1970-09-11T00:00:00Z;1970-09-13T00:00:00Z;;1970;1970;;;;http://www.wikidata.org/entity/Q8740;Guerra do Vietnã;;;;;;;participant;
USA;http://www.wikidata.org/entity/Q30;Estados Unidos;http://www.wikidata.org/entity/Q4871591;Battle of Long Khanh;batalha;1971-06-06T00:00:00Z;1971-06-07T00:00:00Z;;1971;1971;;;;http://www.wikidata.org/entity/Q8740;Guerra do Vietnã;;;http://www.wikidata.org/entity/Q6672777;Long Khánh;Point(107.181111111 11.110280555);;participant;
USA;http://www.wikidata.org/entity/Q30;Estados Unidos;http://www.wikidata.org/entity/Q371394;Guerra de Independência de Bangladesh;guerra;1971-03-26T00:00:00Z;1971-12-16T00:00:00Z;;1971;1971;;;;http://www.wikidata.org/entity/Q8683;Guerra Fria;;;http://www.wikidata.org/entity/Q842931;Paquistão Oriental;;3000000;participant;3000000.0
USA;http://www.wikidata.org/entity/Q30;Estados Unidos;http://www.wikidata.org/entity/Q4273438;Batalha de Kon Tum;batalha;1972-05-26T00:00:00Z;1972-05-27T00:00:00Z;1972-06-09T00:00:00Z;1972;1972;1972;;;http://www.wikidata.org/entity/Q8740;Guerra do Vietnã;;;http://www.wikidata.org/entity/Q36493;Kon Tum;Point(108.008 14.3561);;participant;
USA;http://www.wikidata.org/entity/Q30;Estados Unidos;http://www.wikidata.org/entity/Q715416;Battle of An Lộc;batalha;1972-04-13T00:00:00Z;1972-07-20T00:00:00Z;;1972;1972;;;;http://www.wikidata.org/entity/Q8740;Guerra do Vietnã;;;;;;;participant;
USA;http://www.wikidata.org/entity/Q30;Estados Unidos;http://www.wikidata.org/entity/Q4845763;Battle of Loc Ninh;batalha;1972-04-04T00:00:00Z;1972-04-07T00:00:00Z;;1972;1972;;;;http://www.wikidata.org/entity/Q8740;Guerra do Vietnã;;;http://www.wikidata.org/entity/Q6711776;Loc Ninh;Point(106.27027778 11.41888889);;participant;
USA;http://www.wikidata.org/entity/Q30;Estados Unidos;http://www.wikidata.org/entity/Q4798235;Second Battle of Quảng Trị;batalha;1972-06-28T00:00:00Z;1972-09-16T00:00:00Z;;1972;1972;;;;http://www.wikidata.org/entity/Q8740;Guerra do Vietnã;;;;;Point(106.967 16.7333);;participant;
USA;http://www.wikidata.org/entity/Q30;Estados Unidos;http://www.wikidata.org/entity/Q18609062;Battle of Cửa Việt;batalha;1973-01-25T00:00:00Z;1973-01-31T00:00:00Z;1973-01-01T00:00:00Z;1973;1973;1973;;;http://www.wikidata.org/entity/Q8740;Guerra do Vietnã;;;;;Point(107.183 16.9);;participant;
USA;http://www.wikidata.org/entity/Q30;Estados Unidos;http://www.wikidata.org/entity/Q796498;Terceira Guerra da Indochina;guerra;1975-05-01T00:00:00Z;1991-10-23T00:00:00Z;;1975;1991;;;;http://www.wikidata.org/entity/Q8683;Guerra Fria;;;http://www.wikidata.org/entity/Q148;China;;;participant;
USA;http://www.wikidata.org/entity/Q30;Estados Unidos;http://www.wikidata.org/entity/Q1687078;Operação Earnest Will;operação militar;1987-07-24T00:00:00Z;1988-09-26T00:00:00Z;;1987;1988;;;;http://www.wikidata.org/entity/Q82664;Guerra Irã-Iraque;;;http://www.wikidata.org/entity/Q34675;Golfo Pérsico;;;participant;
USA;http://www.wikidata.org/entity/Q30;Estados Unidos;http://www.wikidata.org/entity/Q37643;Guerra do Golfo;guerra;1990-08-02T00:00:00Z;1991-02-28T00:00:00Z;;1990;1991;;;;;;;;http://www.wikidata.org/entity/Q796;Iraque;;;participant;
USA;http://www.wikidata.org/entity/Q30;Estados Unidos;http://www.wikidata.org/entity/Q1402530;Batalha de 73 Easting;batalha;1991-02-26T00:00:00Z;1991-02-27T00:00:00Z;;1991;1991;;;;http://www.wikidata.org/entity/Q37643;Guerra do Golfo;;;http://www.wikidata.org/entity/Q796;Iraque;Point(46.625833333 29.544722222);;participant;
USA;http://www.wikidata.org/entity/Q30;Estados Unidos;http://www.wikidata.org/entity/Q718770;Batalha de Khafji;batalha;1991-01-29T00:00:00Z;1991-02-01T00:00:00Z;;1991;1991;;;;http://www.wikidata.org/entity/Q37643;Guerra do Golfo;;;http://www.wikidata.org/entity/Q1771721;Khafji;Point(48.5 28.425);;participant;
USA;http://www.wikidata.org/entity/Q30;Estados Unidos;http://www.wikidata.org/entity/Q4870215;Battle of Ad-Dawrah;batalha naval;1991-01-18T00:00:00Z;1991-01-19T00:00:00Z;;1991;1991;;;;http://www.wikidata.org/entity/Q37643;Guerra do Golfo;;;;;;;participant;
USA;http://www.wikidata.org/entity/Q30;Estados Unidos;http://www.wikidata.org/entity/Q4870581;Battle of Bubiyan;batalha naval;1991-01-29T00:00:00Z;1991-02-02T00:00:00Z;;1991;1991;;;;http://www.wikidata.org/entity/Q37643;Guerra do Golfo;;;http://www.wikidata.org/entity/Q34675;Golfo Pérsico;;;participant;
USA;http://www.wikidata.org/entity/Q30;Estados Unidos;http://www.wikidata.org/entity/Q4872147;Battle of Qurah and Umm al Maradim;batalha;1991-01-24T00:00:00Z;1991-01-29T00:00:00Z;;1991;1991;;;;http://www.wikidata.org/entity/Q37643;Guerra do Golfo;;;http://www.wikidata.org/entity/Q34675;Golfo Pérsico;;;participant;
USA;http://www.wikidata.org/entity/Q30;Estados Unidos;http://www.wikidata.org/entity/Q3636251;Battle of Wadi Al-Batin;batalha;1991-02-15T00:00:00Z;1991-02-20T00:00:00Z;;1991;1991;;;;http://www.wikidata.org/entity/Q37643;Guerra do Golfo;;;http://www.wikidata.org/entity/Q796;Iraque;Point(46.54333333 29.16888889);;participant;
USA;http://www.wikidata.org/entity/Q30;Estados Unidos;http://www.wikidata.org/entity/Q52226;Batalha de Mogadíscio;batalha;1993-10-03T00:00:00Z;1993-10-04T00:00:00Z;;1993;1993;;;;http://www.wikidata.org/entity/Q3428977;Operação Serpente Gótica;;;http://www.wikidata.org/entity/Q2449;Mogadixo;Point(45.324722222 2.0525);;participant;
USA;http://www.wikidata.org/entity/Q30;Estados Unidos;http://www.wikidata.org/entity/Q190029;Guerra do Kosovo;guerra;1998-02-27T00:00:00Z;1999-06-11T00:00:00Z;1998-02-01T00:00:00Z;1998;1999;1998;;;http://www.wikidata.org/entity/Q242352;Guerra Civil Iugoslava;;;http://www.wikidata.org/entity/Q1231;Kosovo;;;participant;
USA;http://www.wikidata.org/entity/Q30;Estados Unidos;http://www.wikidata.org/entity/Q2889318;Batalha de Mazar-e Sharif;batalha;2001-11-09T00:00:00Z;2001-11-10T00:00:00Z;;2001;2001;;;;http://www.wikidata.org/entity/Q182865;Guerra do Afeganistão;;;http://www.wikidata.org/entity/Q130469;Mazar-e Sharif;Point(67.116666666 36.7);;participant;
USA;http://www.wikidata.org/entity/Q30;Estados Unidos;http://www.wikidata.org/entity/Q2237280;Batalha de Tora Bora;batalha;2001-12-06T00:00:00Z;2001-12-17T00:00:00Z;;2001;2001;;;;http://www.wikidata.org/entity/Q182865;Guerra do Afeganistão;;;http://www.wikidata.org/entity/Q2217598;Pachir Aw Agam;Point(70.21666667 34.11666667);;participant;
USA;http://www.wikidata.org/entity/Q30;Estados Unidos;http://www.wikidata.org/entity/Q3180637;Battle of Qala-i-Jangi;batalha;2001-11-25T00:00:00Z;2001-12-01T00:00:00Z;;2001;2001;;;;http://www.wikidata.org/entity/Q182865;Guerra do Afeganistão;;;http://www.wikidata.org/entity/Q7265904;Qala-i-Jangi;Point(66.98333333 36.66666667);;participant;
USA;http://www.wikidata.org/entity/Q30;Estados Unidos;http://www.wikidata.org/entity/Q185729;Guerra ao Terror;guerra;2001-09-11T00:00:00Z;2021-08-30T00:00:00Z;;2001;2021;;;;;;;;;;;;participant;
USA;http://www.wikidata.org/entity/Q30;Estados Unidos;http://www.wikidata.org/entity/Q182865;Guerra do Afeganistão;guerra;2001-10-07T00:00:00Z;2021-08-30T00:00:00Z;;2001;2021;;;;http://www.wikidata.org/entity/Q185729;Guerra ao Terror;;;http://www.wikidata.org/entity/Q889;Afeganistão;;;participant;
USA;http://www.wikidata.org/entity/Q30;Estados Unidos;http://www.wikidata.org/entity/Q1476042;Operação Anaconda;batalha;2002-03-01T00:00:00Z;2002-03-18T00:00:00Z;2002-01-01T00:00:00Z;2002;2002;2002;;;http://www.wikidata.org/entity/Q182865;Guerra do Afeganistão;;;http://www.wikidata.org/entity/Q16205112;Shah-i-Kot Valley;Point(69.183333333 33.366666666);;participant;
USA;http://www.wikidata.org/entity/Q30;Estados Unidos;http://www.wikidata.org/entity/Q4872492;Battle of Takur Ghar;batalha;2002-03-03T00:00:00Z;2002-03-04T00:00:00Z;;2002;2002;;;;http://www.wikidata.org/entity/Q182865;Guerra do Afeganistão;;;http://www.wikidata.org/entity/Q7678599;Takur Ghar;Point(69.21361111 33.34277778);;participant;
USA;http://www.wikidata.org/entity/Q30;Estados Unidos;http://www.wikidata.org/entity/Q1804983;Batalha de Bagdá;batalha;2003-04-03T00:00:00Z;2003-04-12T00:00:00Z;2003-01-01T00:00:00Z;2003;2003;2003;;;http://www.wikidata.org/entity/Q545449;Guerra do Iraque;;;http://www.wikidata.org/entity/Q1530;Bagdá;Point(44.420833333 33.314722222);;participant;
USA;http://www.wikidata.org/entity/Q30;Estados Unidos;http://www.wikidata.org/entity/Q4178089;Batalha de Karbala;batalha;2003-03-23T00:00:00Z;2003-04-06T00:00:00Z;;2003;2003;;;;http://www.wikidata.org/entity/Q107802;Invasão do Iraque em 2003;;;http://www.wikidata.org/entity/Q199909;Karbala;;;participant;
USA;http://www.wikidata.org/entity/Q30;Estados Unidos;http://www.wikidata.org/entity/Q718851;Batalha de Nasiriyah;batalha;2003-03-23T00:00:00Z;2003-03-29T00:00:00Z;;2003;2003;;;;http://www.wikidata.org/entity/Q107802;Invasão do Iraque em 2003;;;http://www.wikidata.org/entity/Q38811;Nassíria;Point(46.26666667 31.05);;participant;
USA;http://www.wikidata.org/entity/Q30;Estados Unidos;http://www.wikidata.org/entity/Q2237268;Batalha de Umm Qasr;batalha;2003-03-21T00:00:00Z;2003-03-25T00:00:00Z;;2003;2003;;;;http://www.wikidata.org/entity/Q107802;Invasão do Iraque em 2003;;;http://www.wikidata.org/entity/Q842407;Umm Qasr;Point(47.936944444 30.028055555);;participant;
USA;http://www.wikidata.org/entity/Q30;Estados Unidos;http://www.wikidata.org/entity/Q1930510;Battle of Al Faw;batalha;2003-03-20T00:00:00Z;2003-03-24T00:00:00Z;;2003;2003;;;;http://www.wikidata.org/entity/Q107802;Invasão do Iraque em 2003;;;http://www.wikidata.org/entity/Q1164081;Al-Faw;Point(48.4725 29.975277777);;participant;
USA;http://www.wikidata.org/entity/Q30;Estados Unidos;http://www.wikidata.org/entity/Q4870854;Battle of Debecka Pass;batalha;2003-04-06T00:00:00Z;2003-04-07T00:00:00Z;;2003;2003;;;;http://www.wikidata.org/entity/Q107802;Invasão do Iraque em 2003;;;;;;;participant;
USA;http://www.wikidata.org/entity/Q30;Estados Unidos;http://www.wikidata.org/entity/Q18712789;Battle of Hillah;batalha;2003-03-31T00:00:00Z;2003-04-02T00:00:00Z;;2003;2003;;;;http://www.wikidata.org/entity/Q107802;Invasão do Iraque em 2003;;;http://www.wikidata.org/entity/Q243846;Al-Hillah;;;participant;
USA;http://www.wikidata.org/entity/Q30;Estados Unidos;http://www.wikidata.org/entity/Q545449;Guerra do Iraque;guerra;2003-03-20T00:00:00Z;2011-12-15T00:00:00Z;;2003;2011;;;;http://www.wikidata.org/entity/Q185729;Guerra ao Terror;;;http://www.wikidata.org/entity/Q796;Iraque;;;participant;
USA;http://www.wikidata.org/entity/Q30;Estados Unidos;http://www.wikidata.org/entity/Q4871794;Batalha de Mossul;batalha;2004-11-08T00:00:00Z;2004-11-16T00:00:00Z;2004-01-01T00:00:00Z;2004;2004;2004;;;http://www.wikidata.org/entity/Q545449;Guerra do Iraque;;;http://www.wikidata.org/entity/Q83317;Mossul;Point(43.11888889 36.335);;participant;
USA;http://www.wikidata.org/entity/Q30;Estados Unidos;http://www.wikidata.org/entity/Q4872157;Batalha de Ramadi;batalha;2004-04-06T00:00:00Z;2004-04-10T00:00:00Z;2004-01-01T00:00:00Z;2004;2004;2004;;;http://www.wikidata.org/entity/Q545449;Guerra do Iraque;;;http://www.wikidata.org/entity/Q192961;Ramadi;Point(43.299166666 33.425833333);;participant;
USA;http://www.wikidata.org/entity/Q30;Estados Unidos;http://www.wikidata.org/entity/Q2889462;Battle of Najaf;batalha;2004-08-05T00:00:00Z;2004-08-27T00:00:00Z;2004-01-01T00:00:00Z;2004;2004;2004;;;http://www.wikidata.org/entity/Q545449;Guerra do Iraque;;;http://www.wikidata.org/entity/Q168193;An-Najaf;Point(44.31444444 31.99583333);;participant;
USA;http://www.wikidata.org/entity/Q30;Estados Unidos;http://www.wikidata.org/entity/Q179275;Guerra no Noroeste do Paquistão;guerra;2004-03-16T00:00:00Z;;2004-01-01T00:00:00Z;2004;;2004;;;http://www.wikidata.org/entity/Q185729;Guerra ao Terror;;;http://www.wikidata.org/entity/Q208270;Território Federal das Áreas Tribais;;;participant;
USA;http://www.wikidata.org/entity/Q30;Estados Unidos;http://www.wikidata.org/entity/Q4087318;Batalha de Samarra;batalha;2004-10-01T00:00:00Z;2004-10-03T00:00:00Z;;2004;2004;;;;http://www.wikidata.org/entity/Q545449;Guerra do Iraque;;;http://www.wikidata.org/entity/Q170047;Samarra;;;participant;
USA;http://www.wikidata.org/entity/Q30;Estados Unidos;http://www.wikidata.org/entity/Q1537159;Primeira Batalha de Falluja;batalha;2004-04-04T00:00:00Z;2004-05-01T00:00:00Z;;2004;2004;;;;http://www.wikidata.org/entity/Q545449;Guerra do Iraque;;;http://www.wikidata.org/entity/Q191170;Falluja;Point(43.783333 33.35);;participant;
USA;http://www.wikidata.org/entity/Q30;Estados Unidos;http://www.wikidata.org/entity/Q972831;Batalha de Tal Afar (2005);batalha;2005-09-01T00:00:00Z;2005-09-18T00:00:00Z;2005-01-01T00:00:00Z;2005;2005;2005;;;http://www.wikidata.org/entity/Q545449;Guerra do Iraque;;;http://www.wikidata.org/entity/Q990427;Tal Afar;Point(42.453611111 36.374166666);;participant;
USA;http://www.wikidata.org/entity/Q30;Estados Unidos;http://www.wikidata.org/entity/Q1975663;Batalha de al-Qaim (2005);batalha;2005-05-08T00:00:00Z;2005-05-19T00:00:00Z;;2005;2005;;;;http://www.wikidata.org/entity/Q545449;Guerra do Iraque;;;;;Point(41.053888888 34.22);;participant;
USA;http://www.wikidata.org/entity/Q30;Estados Unidos;http://www.wikidata.org/entity/Q4871173;Battle of Haditha;batalha;2005-08-01T00:00:00Z;2005-08-04T00:00:00Z;;2005;2005;;;;http://www.wikidata.org/entity/Q545449;Guerra do Iraque;;;http://www.wikidata.org/entity/Q944368;Haditha;;;participant;
USA;http://www.wikidata.org/entity/Q30;Estados Unidos;http://www.wikidata.org/entity/Q3354826;Operação Red Wings;batalha;2005-06-27T00:00:00Z;2005-07-01T00:00:00Z;;2005;2005;;;;http://www.wikidata.org/entity/Q182865;Guerra do Afeganistão;;;http://www.wikidata.org/entity/Q6431405;Korangal Valley;;;participant;
USA;http://www.wikidata.org/entity/Q30;Estados Unidos;http://www.wikidata.org/entity/Q4871922;Battle of Now Zad;batalha;2006-01-01T00:00:00Z;;2006-01-01T00:00:00Z;2006;;2006;;;http://www.wikidata.org/entity/Q182865;Guerra do Afeganistão;;;http://www.wikidata.org/entity/Q173821;Helmand;;;participant;
USA;http://www.wikidata.org/entity/Q30;Estados Unidos;http://www.wikidata.org/entity/Q4872168;Batalha de Ras Kamboni;batalha;2007-01-05T00:00:00Z;2007-01-12T00:00:00Z;2007-01-01T00:00:00Z;2007;2007;2007;;;http://www.wikidata.org/entity/Q1072042;Guerra na Somália;;;;;Point(41.005833 0.409722);;participant;
USA;http://www.wikidata.org/entity/Q30;Estados Unidos;http://www.wikidata.org/entity/Q1485258;Battle of Chora;batalha;2007-06-15T00:00:00Z;2007-06-19T00:00:00Z;2007-01-01T00:00:00Z;2007;2007;2007;;;http://www.wikidata.org/entity/Q182865;Guerra do Afeganistão;;;http://www.wikidata.org/entity/Q183028;Oruzgan;Point(66.084722222 32.852777777);;participant;
USA;http://www.wikidata.org/entity/Q30;Estados Unidos;http://www.wikidata.org/entity/Q6067814;Iraq War troop surge of 2007;guerra;2007-01-10T00:00:00Z;2008-07-01T00:00:00Z;2007-01-01T00:00:00Z;2007;2008;2007;;;http://www.wikidata.org/entity/Q545449;Guerra do Iraque;;;http://www.wikidata.org/entity/Q796;Iraque;;;participant;
USA;http://www.wikidata.org/entity/Q30;Estados Unidos;http://www.wikidata.org/entity/Q2638382;Batalha de Musa Qala;batalha;2007-12-07T00:00:00Z;2007-12-12T00:00:00Z;;2007;2007;;;;http://www.wikidata.org/entity/Q182865;Guerra do Afeganistão;;;http://www.wikidata.org/entity/Q1953989;Musa Qala;Point(64.7444 32.4433);;participant;
USA;http://www.wikidata.org/entity/Q30;Estados Unidos;http://www.wikidata.org/entity/Q2237337;Battle of Baqubah;batalha;2007-03-10T00:00:00Z;2007-08-19T00:00:00Z;;2007;2007;;;;http://www.wikidata.org/entity/Q6722016;occupation of Iraq;;;http://www.wikidata.org/entity/Q270821;Baquba;;;participant;
USA;http://www.wikidata.org/entity/Q30;Estados Unidos;http://www.wikidata.org/entity/Q4870899;Battle of Donkey Island;batalha;2007-06-30T00:00:00Z;2007-07-01T00:00:00Z;;2007;2007;;;;http://www.wikidata.org/entity/Q545449;Guerra do Iraque;;;http://www.wikidata.org/entity/Q192961;Ramadi;;;participant;
USA;http://www.wikidata.org/entity/Q30;Estados Unidos;http://www.wikidata.org/entity/Q4871175;Battle of Haifa Street;batalha;2007-01-06T00:00:00Z;2007-01-09T00:00:00Z;;2007;2007;;;;http://www.wikidata.org/entity/Q545449;Guerra do Iraque;;;http://www.wikidata.org/entity/Q1530;Bagdá;;;participant;
USA;http://www.wikidata.org/entity/Q30;Estados Unidos;http://www.wikidata.org/entity/Q2888122;Batalha de Baçorá;batalha;2008-03-25T00:00:00Z;2008-03-31T00:00:00Z;;2008;2008;;;;http://www.wikidata.org/entity/Q545449;Guerra do Iraque;;;http://www.wikidata.org/entity/Q48195;Baçorá;Point(47.8 30.5);;participant;
USA;http://www.wikidata.org/entity/Q30;Estados Unidos;http://www.wikidata.org/entity/Q2664174;Batalha de Kamdesh;batalha;2009-10-03T00:00:00Z;;2009-10-03T00:00:00Z;2009;;2009;;;http://www.wikidata.org/entity/Q182865;Guerra do Afeganistão;;;http://www.wikidata.org/entity/Q167485;Nuristão;Point(71.34139 35.41);;participant;
USA;http://www.wikidata.org/entity/Q30;Estados Unidos;http://www.wikidata.org/entity/Q385546;Battle of Alasay;batalha;2009-03-14T00:00:00Z;2009-03-23T00:00:00Z;;2009;2009;;;;http://www.wikidata.org/entity/Q182865;Guerra do Afeganistão;;;http://www.wikidata.org/entity/Q4708417;Alasay;Point(69.7208 34.8958);1;participant;1.0
USA;http://www.wikidata.org/entity/Q30;Estados Unidos;http://www.wikidata.org/entity/Q2888379;Battle of Dahaneh;batalha;2009-08-12T00:00:00Z;2009-08-15T00:00:00Z;;2009;2009;;;;http://www.wikidata.org/entity/Q182865;Guerra do Afeganistão;;;http://www.wikidata.org/entity/Q5208758;Dahaneh;;;participant;
USA;http://www.wikidata.org/entity/Q30;Estados Unidos;http://www.wikidata.org/entity/Q2026053;Operation Dragon Strike;batalha;2010-09-15T00:00:00Z;2010-12-31T00:00:00Z;;2010;2010;;;;http://www.wikidata.org/entity/Q182865;Guerra do Afeganistão;;;http://www.wikidata.org/entity/Q173808;Kandahar;;;participant;
USA;http://www.wikidata.org/entity/Q30;Estados Unidos;http://www.wikidata.org/entity/Q1234017;Operation Halmazag;batalha;2010-10-31T00:00:00Z;2010-11-04T00:00:00Z;;2010;2010;;;;http://www.wikidata.org/entity/Q182865;Guerra do Afeganistão;;;http://www.wikidata.org/entity/Q186418;Konduz;Point(68.831667 36.659722);;participant;
USA;http://www.wikidata.org/entity/Q30;Estados Unidos;http://www.wikidata.org/entity/Q843588;Operação Moshtarak;batalha;2010-02-13T00:00:00Z;2010-12-07T00:00:00Z;;2010;2010;;;;http://www.wikidata.org/entity/Q182865;Guerra do Afeganistão;;;http://www.wikidata.org/entity/Q1894503;Marjah;Point(64.116667 31.516667);;participant;
USA;http://www.wikidata.org/entity/Q30;Estados Unidos;http://www.wikidata.org/entity/Q178810;Guerra Civil Síria;guerra civil;2011-03-15T00:00:00Z;;;2011;;;;;http://www.wikidata.org/entity/Q33761;Primavera Árabe;;;;;Point(38.0 35.0);570000;participant;570000.0
USA;http://www.wikidata.org/entity/Q30;Estados Unidos;http://www.wikidata.org/entity/Q18920712;guerra do Afeganistão (2015–2021);guerra;2015-01-01T00:00:00Z;2021-08-30T00:00:00Z;;2015;2021;;;;http://www.wikidata.org/entity/Q182865;Guerra do Afeganistão;;;http://www.wikidata.org/entity/Q889;Afeganistão;;;participant;
USA;http://www.wikidata.org/entity/Q30;Estados Unidos;http://www.wikidata.org/entity/Q22894201;Ofensiva de Al-Shaddadi;batalha;2016-02-17T00:00:00Z;2016-02-22T00:00:00Z;2016-02-24T00:00:00Z;2016;2016;2016;;;http://www.wikidata.org/entity/Q178810;Guerra Civil Síria;;;http://www.wikidata.org/entity/Q233914;Al-Hasakah;Point(40.730277777 36.056111111);;participant;
USA;http://www.wikidata.org/entity/Q30;Estados Unidos;http://www.wikidata.org/entity/Q108081395;Batalha de Kandahar (2021);batalha;2021-07-09T00:00:00Z;2021-08-16T00:00:00Z;;2021;2021;;;;;;;;;;Point(65.716388888 31.613333333);;participant;
USA;http://www.wikidata.org/entity/Q30;Estados Unidos;http://www.wikidata.org/entity/Q134900605;guerra Israel-Irã;guerra;2025-06-13T00:00:00Z;2025-06-24T00:00:00Z;2025-06-01T00:00:00Z;2025;2025;2025;;;http://www.wikidata.org/entity/Q124373310;crise no Médio Oriente (2023–presente);;;http://www.wikidata.org/entity/Q7204;Médio Oriente;;;participant;
USA;http://www.wikidata.org/entity/Q30;Estados Unidos;http://www.wikidata.org/entity/Q4818009;Attack on Sudbury;batalha;;;1676-04-21T00:00:00Z;;;1676;;;http://www.wikidata.org/entity/Q862257;King Philip's War;;;http://www.wikidata.org/entity/Q591591;Sudbury;;;participant;
USA;http://www.wikidata.org/entity/Q30;Estados Unidos;http://www.wikidata.org/entity/Q4872610;Battle of Turner's Falls;batalha;;;1676-05-19T00:00:00Z;;;1676;;;http://www.wikidata.org/entity/Q862257;King Philip's War;;;;;Point(-72.549434 42.612865);;participant;
USA;http://www.wikidata.org/entity/Q30;Estados Unidos;http://www.wikidata.org/entity/Q4872374;Battle of Sideling Hill;batalha;;;1756-04-04T00:00:00Z;;;1756;;;http://www.wikidata.org/entity/Q154697;Guerra Franco-Indígena;;;;;;;participant;
USA;http://www.wikidata.org/entity/Q30;Estados Unidos;http://www.wikidata.org/entity/Q906018;Batalha da Grande Ponte;batalha;;;1775-12-09T00:00:00Z;;;1775;;;http://www.wikidata.org/entity/Q40949;Guerra da Independência dos Estados Unidos;;;http://www.wikidata.org/entity/Q23838087;Great Bridge Battle Site;Point(-76.2388269 36.7137602);;participant;
USA;http://www.wikidata.org/entity/Q30;Estados Unidos;http://www.wikidata.org/entity/Q334029;Batalha de Bunker Hill;batalha;;;1775-06-17T00:00:00Z;;;1775;;;http://www.wikidata.org/entity/Q40949;Guerra da Independência dos Estados Unidos;;;http://www.wikidata.org/entity/Q1756813;Charlestown;Point(-71.060777777 42.376361111);;participant;
USA;http://www.wikidata.org/entity/Q30;Estados Unidos;http://www.wikidata.org/entity/Q4204344;Batalha de Chelsea Creek;batalha;;;1775-05-28T00:00:00Z;;;1775;;;http://www.wikidata.org/entity/Q40949;Guerra da Independência dos Estados Unidos;;;http://www.wikidata.org/entity/Q54072;Condado de Suffolk;Point(-71.03201944 42.38188056);;participant;
USA;http://www.wikidata.org/entity/Q30;Estados Unidos;http://www.wikidata.org/entity/Q1840117;Batalha do Quebec;batalha;;;1775-12-31T00:00:00Z;;;1775;;;http://www.wikidata.org/entity/Q40949;Guerra da Independência dos Estados Unidos;;;http://www.wikidata.org/entity/Q2145;Quebec;Point(-71.202222222 46.815);;participant;
USA;http://www.wikidata.org/entity/Q30;Estados Unidos;http://www.wikidata.org/entity/Q4871413;Battle of Kemp's Landing;batalha;;;1775-11-15T00:00:00Z;;;1775;;;http://www.wikidata.org/entity/Q40949;Guerra da Independência dos Estados Unidos;;;http://www.wikidata.org/entity/Q6387128;Kempsville;Point(-76.16027778 36.82694444);;participant;
USA;http://www.wikidata.org/entity/Q30;Estados Unidos;http://www.wikidata.org/entity/Q2425434;Battle of Longue-Pointe;batalha;;;1775-09-25T00:00:00Z;;;1775;;;http://www.wikidata.org/entity/Q40949;Guerra da Independência dos Estados Unidos;;;http://www.wikidata.org/entity/Q340;Montreal;Point(-73.530833333 45.5625);;participant;
USA;http://www.wikidata.org/entity/Q30;Estados Unidos;http://www.wikidata.org/entity/Q1546173;Capture of Fort Ticonderoga;batalha;;;1775-05-10T00:00:00Z;;;1775;;;http://www.wikidata.org/entity/Q40949;Guerra da Independência dos Estados Unidos;;;http://www.wikidata.org/entity/Q3183216;Ticonderoga;Point(-73.388055555 43.841388888);;participant;
USA;http://www.wikidata.org/entity/Q30;Estados Unidos;http://www.wikidata.org/entity/Q706755;Batalha de Forte Washington;batalha;;;1776-11-16T00:00:00Z;;;1776;;;http://www.wikidata.org/entity/Q40949;Guerra da Independência dos Estados Unidos;;;http://www.wikidata.org/entity/Q60;Nova Iorque;Point(-73.938 40.853);;participant;
USA;http://www.wikidata.org/entity/Q30;Estados Unidos;http://www.wikidata.org/entity/Q668595;Batalha de Harlem Heights;batalha;;;1776-09-16T00:00:00Z;;;1776;;;http://www.wikidata.org/entity/Q40949;Guerra da Independência dos Estados Unidos;;;http://www.wikidata.org/entity/Q60;Nova Iorque;Point(-73.963611111 40.811944444);;participant;
USA;http://www.wikidata.org/entity/Q30;Estados Unidos;http://www.wikidata.org/entity/Q862751;Batalha de Long Island;batalha;;;1776-08-27T00:00:00Z;;;1776;;;http://www.wikidata.org/entity/Q40949;Guerra da Independência dos Estados Unidos;;;http://www.wikidata.org/entity/Q18419;Brooklyn;Point(-73.981 40.665);;participant;
USA;http://www.wikidata.org/entity/Q30;Estados Unidos;http://www.wikidata.org/entity/Q960723;Batalha de White Plains;batalha;;;1776-10-28T00:00:00Z;;;1776;;;http://www.wikidata.org/entity/Q40949;Guerra da Independência dos Estados Unidos;;;http://www.wikidata.org/entity/Q462177;White Plains;Point(-73.78 41.03);;participant;
USA;http://www.wikidata.org/entity/Q30;Estados Unidos;http://www.wikidata.org/entity/Q4871562;Battle of Lindley's Fort;batalha;;;1776-07-15T00:00:00Z;;;1776;;;http://www.wikidata.org/entity/Q40949;Guerra da Independência dos Estados Unidos;;;http://www.wikidata.org/entity/Q508288;condado de Laurens;Point(-82.118268 34.45965);;participant;
USA;http://www.wikidata.org/entity/Q30;Estados Unidos;http://www.wikidata.org/entity/Q63313;Battle of Pell's Point;batalha;;;1776-10-18T00:00:00Z;;;1776;;;http://www.wikidata.org/entity/Q40949;Guerra da Independência dos Estados Unidos;;;http://www.wikidata.org/entity/Q18426;Bronx;Point(-73.81048 40.86617);;participant;
USA;http://www.wikidata.org/entity/Q30;Estados Unidos;http://www.wikidata.org/entity/Q4392087;Battle of Saint-Pierre;batalha;;;1776-03-25T00:00:00Z;;;1776;;;http://www.wikidata.org/entity/Q40949;Guerra da Independência dos Estados Unidos;;;;;Point(-70.6294 46.92);;participant;
USA;http://www.wikidata.org/entity/Q30;Estados Unidos;http://www.wikidata.org/entity/Q4071933;Battle of Sullivan's Island;batalha;;;1776-06-28T00:00:00Z;;;1776;;;http://www.wikidata.org/entity/Q40949;Guerra da Independência dos Estados Unidos;;;http://www.wikidata.org/entity/Q42310816;Sullivan's Island;Point(-79.857748 32.759373);;participant;
USA;http://www.wikidata.org/entity/Q30;Estados Unidos;http://www.wikidata.org/entity/Q692137;Landing at Kip's Bay;batalha;;;1776-09-15T00:00:00Z;;;1776;;;http://www.wikidata.org/entity/Q40949;Guerra da Independência dos Estados Unidos;;;http://www.wikidata.org/entity/Q1501208;Kips Bay;Point(-73.974722222 40.736388888);;participant;
USA;http://www.wikidata.org/entity/Q30;Estados Unidos;http://www.wikidata.org/entity/Q1754313;Batalha de Bennington;batalha;;;1777-08-16T00:00:00Z;;;1777;;;http://www.wikidata.org/entity/Q40949;Guerra da Independência dos Estados Unidos;;;http://www.wikidata.org/entity/Q817921;Bennington;Point(-73.304444444 42.938611111);;participant;
USA;http://www.wikidata.org/entity/Q30;Estados Unidos;http://www.wikidata.org/entity/Q301487;Batalha de Brandywine;batalha;;;1777-09-11T00:00:00Z;;;1777;;;http://www.wikidata.org/entity/Q40949;Guerra da Independência dos Estados Unidos;;;http://www.wikidata.org/entity/Q531303;Chadds Ford Township;Point(-75.59006 39.872);;participant;
USA;http://www.wikidata.org/entity/Q30;Estados Unidos;http://www.wikidata.org/entity/Q523857;Batalha de Germantown;batalha;;;1777-10-04T00:00:00Z;;;1777;;;http://www.wikidata.org/entity/Q1444930;Campanha de Filadélfia;;;http://www.wikidata.org/entity/Q279890;Germantown;Point(-75.1597 40.0238);;participant;
USA;http://www.wikidata.org/entity/Q30;Estados Unidos;http://www.wikidata.org/entity/Q68830117;Battle of Bemis Heights;batalha;;;1777-10-07T00:00:00Z;;;1777;;;http://www.wikidata.org/entity/Q40949;Guerra da Independência dos Estados Unidos;;;http://www.wikidata.org/entity/Q3709125;Stillwater;;;participant;
USA;http://www.wikidata.org/entity/Q30;Estados Unidos;http://www.wikidata.org/entity/Q3271228;Battle of Bound Brook;batalha;;;1777-04-13T00:00:00Z;;;1777;;;http://www.wikidata.org/entity/Q40949;Guerra da Independência dos Estados Unidos;;;http://www.wikidata.org/entity/Q895149;Bound Brook;Point(-74.527777777 40.558888888);;participant;
USA;http://www.wikidata.org/entity/Q30;Estados Unidos;http://www.wikidata.org/entity/Q4870787;Battle of Cooch's Bridge;batalha;;;1777-09-03T00:00:00Z;;;1777;;;http://www.wikidata.org/entity/Q40949;Guerra da Independência dos Estados Unidos;;;http://www.wikidata.org/entity/Q506586;Newark;Point(-75.726667 39.639722);;participant;
USA;http://www.wikidata.org/entity/Q30;Estados Unidos;http://www.wikidata.org/entity/Q1238033;Battle of Fort Anne;batalha;;;1777-07-08T00:00:00Z;;;1777;;;http://www.wikidata.org/entity/Q40949;Guerra da Independência dos Estados Unidos;;;;;Point(-73.4805 43.426111);;participant;
USA;http://www.wikidata.org/entity/Q30;Estados Unidos;http://www.wikidata.org/entity/Q2237194;Battle of Forts Clinton and Montgomery;batalha;;;1777-10-06T00:00:00Z;;;1777;;;http://www.wikidata.org/entity/Q40949;Guerra da Independência dos Estados Unidos;;;http://www.wikidata.org/entity/Q3276977;Highlands;Point(-73.989722222 41.322777777);;participant;
USA;http://www.wikidata.org/entity/Q30;Estados Unidos;http://www.wikidata.org/entity/Q113627344;Battle of Freeman's Farm;batalha;;;1777-09-19T00:00:00Z;;;1777;;;http://www.wikidata.org/entity/Q846674;Batalha de Saratoga;;;http://www.wikidata.org/entity/Q3709125;Stillwater;Point(-73.6375 42.998888888);;participant;
USA;http://www.wikidata.org/entity/Q30;Estados Unidos;http://www.wikidata.org/entity/Q609453;Battle of Gloucester;batalha;;;1777-11-25T00:00:00Z;;;1777;;;http://www.wikidata.org/entity/Q40949;Guerra da Independência dos Estados Unidos;;;http://www.wikidata.org/entity/Q49156;Gloucester;Point(-75.18871 39.87206);;participant;
USA;http://www.wikidata.org/entity/Q30;Estados Unidos;http://www.wikidata.org/entity/Q922790;Battle of Hubbardton;batalha;;;1777-07-07T00:00:00Z;;;1777;;;http://www.wikidata.org/entity/Q40949;Guerra da Independência dos Estados Unidos;;;http://www.wikidata.org/entity/Q2972727;Hubbardton;Point(-73.138611111 43.695277777);;participant;
USA;http://www.wikidata.org/entity/Q30;Estados Unidos;http://www.wikidata.org/entity/Q4871696;Battle of Matson's Ford;batalha;;;1777-12-11T00:00:00Z;;;1777;;;http://www.wikidata.org/entity/Q40949;Guerra da Independência dos Estados Unidos;;;;;Point(-75.309935 40.07128);;participant;
USA;http://www.wikidata.org/entity/Q30;Estados Unidos;http://www.wikidata.org/entity/Q4871737;Battle of Millstone;batalha;;;1777-01-20T00:00:00Z;;;1777;;;http://www.wikidata.org/entity/Q40949;Guerra da Independência dos Estados Unidos;;;http://www.wikidata.org/entity/Q781572;Manville;Point(-74.59333333 40.53888889);;participant;
USA;http://www.wikidata.org/entity/Q30;Estados Unidos;http://www.wikidata.org/entity/Q1375813;Battle of Oriskany;batalha;;;1777-08-06T00:00:00Z;;;1777;;;http://www.wikidata.org/entity/Q40949;Guerra da Independência dos Estados Unidos;;;http://www.wikidata.org/entity/Q1384;Nova Iorque;Point(-75.369444444 43.177222222);;participant;
USA;http://www.wikidata.org/entity/Q30;Estados Unidos;http://www.wikidata.org/entity/Q4871984;Battle of Paoli;batalha;;;1777-09-20T00:00:00Z;;;1777;;;http://www.wikidata.org/entity/Q40949;Guerra da Independência dos Estados Unidos;;;http://www.wikidata.org/entity/Q7999113;Willistown Township;Point(-75.519444 40.028333);;participant;
USA;http://www.wikidata.org/entity/Q30;Estados Unidos;http://www.wikidata.org/entity/Q4872127;Battle of Punk Hill;batalha;;;1777-03-08T00:00:00Z;;;1777;;;http://www.wikidata.org/entity/Q40949;Guerra da Independência dos Estados Unidos;;;http://www.wikidata.org/entity/Q4941953;Bonhamtown;Point(-74.357 40.523);;participant;
USA;http://www.wikidata.org/entity/Q30;Estados Unidos;http://www.wikidata.org/entity/Q2889754;Battle of Red Bank;batalha;;;1777-10-22T00:00:00Z;;;1777;;;http://www.wikidata.org/entity/Q40949;Guerra da Independência dos Estados Unidos;;;http://www.wikidata.org/entity/Q5471674;Fort Mercer;Point(-75.18941 39.87137);;participant;
USA;http://www.wikidata.org/entity/Q30;Estados Unidos;http://www.wikidata.org/entity/Q4872181;Battle of Ridgefield;batalha;;;1777-04-27T00:00:00Z;;;1777;;;http://www.wikidata.org/entity/Q40949;Guerra da Independência dos Estados Unidos;;;http://www.wikidata.org/entity/Q753930;Ridgefield;Point(-73.50138889 41.30527778);;participant;
USA;http://www.wikidata.org/entity/Q30;Estados Unidos;http://www.wikidata.org/entity/Q4872357;Battle of Setauket;batalha;;;1777-08-22T00:00:00Z;;;1777;;;http://www.wikidata.org/entity/Q40949;Guerra da Independência dos Estados Unidos;;;http://www.wikidata.org/entity/Q996014;Setauket-East Setauket;Point(-73.1114 40.9458);0;participant;0.0
USA;http://www.wikidata.org/entity/Q30;Estados Unidos;http://www.wikidata.org/entity/Q2889989;Battle of Short Hills;batalha;;;1777-06-26T00:00:00Z;;;1777;;;http://www.wikidata.org/entity/Q40949;Guerra da Independência dos Estados Unidos;;;http://www.wikidata.org/entity/Q262609;Scotch Plains;Point(-74.332 40.75);;participant;
USA;http://www.wikidata.org/entity/Q30;Estados Unidos;http://www.wikidata.org/entity/Q4845442;Battle of Thomas Creek;batalha;;;1777-05-17T00:00:00Z;;;1777;;;http://www.wikidata.org/entity/Q40949;Guerra da Independência dos Estados Unidos;;;http://www.wikidata.org/entity/Q493605;condado de Duval;Point(-81.79164 30.50565);;participant;
USA;http://www.wikidata.org/entity/Q30;Estados Unidos;http://www.wikidata.org/entity/Q4872890;Battle of the Clouds;batalha;;;1777-09-16T00:00:00Z;;;1777;;;http://www.wikidata.org/entity/Q40949;Guerra da Independência dos Estados Unidos;;;http://www.wikidata.org/entity/Q5329679;East Whiteland Township;Point(-75.573084 40.045341);;participant;
USA;http://www.wikidata.org/entity/Q30;Estados Unidos;http://www.wikidata.org/entity/Q16847890;Intelligence in the Battle of Princeton;batalha;;;1777-01-03T00:00:00Z;;;1777;;;http://www.wikidata.org/entity/Q40949;Guerra da Independência dos Estados Unidos;;;;;;;participant;
USA;http://www.wikidata.org/entity/Q30;Estados Unidos;http://www.wikidata.org/entity/Q233417;Segunda Batalha de Trenton;batalha;;;1777-01-02T00:00:00Z;;;1777;;;http://www.wikidata.org/entity/Q40949;Guerra da Independência dos Estados Unidos;;;http://www.wikidata.org/entity/Q25330;Trenton;Point(-74.764166666 40.218055555);;participant;
USA;http://www.wikidata.org/entity/Q30;Estados Unidos;http://www.wikidata.org/entity/Q1132579;batalha de Princeton;batalha;;;1777-01-03T00:00:00Z;;;1777;;;http://www.wikidata.org/entity/Q40949;Guerra da Independência dos Estados Unidos;;;http://www.wikidata.org/entity/Q7244938;Princeton Battlefield;Point(-74.675 40.33);;participant;
USA;http://www.wikidata.org/entity/Q30;Estados Unidos;http://www.wikidata.org/entity/Q1638488;Batalha de Monmouth;batalha;;;1778-06-28T00:00:00Z;;;1778;;;http://www.wikidata.org/entity/Q40949;Guerra da Independência dos Estados Unidos;;;http://www.wikidata.org/entity/Q691237;Freehold;Point(-74.275277777 40.258888888);;participant;
USA;http://www.wikidata.org/entity/Q30;Estados Unidos;http://www.wikidata.org/entity/Q2575889;Batalha de Rhode Island;batalha;;;1778-08-29T00:00:00Z;;;1778;;;http://www.wikidata.org/entity/Q40949;Guerra da Independência dos Estados Unidos;;;http://www.wikidata.org/entity/Q1780007;Aquidneck Island;Point(-71.263 41.596);;participant;
USA;http://www.wikidata.org/entity/Q30;Estados Unidos;http://www.wikidata.org/entity/Q2323163;Battle of Alligator Bridge;batalha;;;1778-06-30T00:00:00Z;;;1778;;;http://www.wikidata.org/entity/Q40949;Guerra da Independência dos Estados Unidos;;;;;Point(-81.8333 30.5664);;participant;
USA;http://www.wikidata.org/entity/Q30;Estados Unidos;http://www.wikidata.org/entity/Q2888104;Battle of Barren Hill;batalha;;;1778-05-20T00:00:00Z;;;1778;;;http://www.wikidata.org/entity/Q40949;Guerra da Independência dos Estados Unidos;;;;;Point(-75.25076 40.08416);;participant;
USA;http://www.wikidata.org/entity/Q30;Estados Unidos;http://www.wikidata.org/entity/Q4870723;Battle of Chestnut Neck;batalha;;;1778-10-06T00:00:00Z;;;1778;;;http://www.wikidata.org/entity/Q40949;Guerra da Independência dos Estados Unidos;;;;;Point(-74.4614 39.5446);;participant;
USA;http://www.wikidata.org/entity/Q30;Estados Unidos;http://www.wikidata.org/entity/Q1862538;Battle of Cobleskill;batalha;;;1778-05-30T00:00:00Z;;;1778;;;http://www.wikidata.org/entity/Q40949;Guerra da Independência dos Estados Unidos;;;http://www.wikidata.org/entity/Q3462021;Cobleskill;Point(-74.485556 42.679167);;participant;
USA;http://www.wikidata.org/entity/Q30;Estados Unidos;http://www.wikidata.org/entity/Q12001363;Battle of Crooked Billet;batalha;;;1778-05-01T00:00:00Z;;;1778;;;http://www.wikidata.org/entity/Q40949;Guerra da Independência dos Estados Unidos;;;;;Point(-75.109 40.171);;participant;
USA;http://www.wikidata.org/entity/Q30;Estados Unidos;http://www.wikidata.org/entity/Q4872143;Battle of Quinton's Bridge;batalha;;;1778-03-18T00:00:00Z;;;1778;;;http://www.wikidata.org/entity/Q40949;Guerra da Independência dos Estados Unidos;;;;;Point(-75.414366 39.548485);;participant;
USA;http://www.wikidata.org/entity/Q30;Estados Unidos;http://www.wikidata.org/entity/Q4873060;Battle off Barbados;batalha naval;;;1778-03-07T00:00:00Z;;;1778;;;http://www.wikidata.org/entity/Q40949;Guerra da Independência dos Estados Unidos;;;http://www.wikidata.org/entity/Q244;Barbados;Point(-59.457 13.187);;participant;
USA;http://www.wikidata.org/entity/Q30;Estados Unidos;http://www.wikidata.org/entity/Q4874605;Baylor Massacre;batalha;;;1778-09-27T00:00:00Z;;;1778;;;http://www.wikidata.org/entity/Q40949;Guerra da Independência dos Estados Unidos;;;http://www.wikidata.org/entity/Q1084964;River Vale;Point(-74.008144 41.012896);;participant;
USA;http://www.wikidata.org/entity/Q30;Estados Unidos;http://www.wikidata.org/entity/Q5092505;Cherry Valley massacre;batalha;;;1778-11-11T00:00:00Z;;;1778;;;http://www.wikidata.org/entity/Q40949;Guerra da Independência dos Estados Unidos;;;http://www.wikidata.org/entity/Q5092494;Cherry Valley;Point(-74.756388888 42.794166666);;participant;
USA;http://www.wikidata.org/entity/Q30;Estados Unidos;http://www.wikidata.org/entity/Q528183;Batalha de Newtown;batalha;;;1779-08-29T00:00:00Z;;;1779;;;http://www.wikidata.org/entity/Q40949;Guerra da Independência dos Estados Unidos;;;http://www.wikidata.org/entity/Q854630;condado de Chemung;Point(-76.733333 42.045278);;participant;
USA;http://www.wikidata.org/entity/Q30;Estados Unidos;http://www.wikidata.org/entity/Q111648;Batalha de Stony Point;batalha;;;1779-07-16T00:00:00Z;;;1779;;;http://www.wikidata.org/entity/Q40949;Guerra da Independência dos Estados Unidos;;;http://www.wikidata.org/entity/Q3709831;Stony Point;Point(-73.97352219 41.24180362);;participant;
USA;http://www.wikidata.org/entity/Q30;Estados Unidos;http://www.wikidata.org/entity/Q1949707;Battle of Beaufort;batalha;;;1779-02-03T00:00:00Z;;;1779;;;http://www.wikidata.org/entity/Q40949;Guerra da Independência dos Estados Unidos;;;http://www.wikidata.org/entity/Q7230906;Port Royal Island;Point(-80.74361111 32.50027778);;participant;
USA;http://www.wikidata.org/entity/Q30;Estados Unidos;http://www.wikidata.org/entity/Q4870726;Battle of Chillicothe;batalha;;;1779-05-01T00:00:00Z;;;1779;;;;;;;http://www.wikidata.org/entity/Q1397;Ohio;Point(-83.93777778 39.73055556);;participant;
USA;http://www.wikidata.org/entity/Q30;Estados Unidos;http://www.wikidata.org/entity/Q2888502;Battle of Flamborough Head;batalha naval;;;1779-09-23T00:00:00Z;;;1779;;;http://www.wikidata.org/entity/Q40949;Guerra da Independência dos Estados Unidos;;;http://www.wikidata.org/entity/Q1693;Mar do Norte;Point(-0.11944444 54.1625);;participant;
USA;http://www.wikidata.org/entity/Q30;Estados Unidos;http://www.wikidata.org/entity/Q4583774;Battle of Kettle Creek;batalha;;;1779-02-14T00:00:00Z;;;1779;;;http://www.wikidata.org/entity/Q40949;Guerra da Independência dos Estados Unidos;;;;;Point(-82.884563 33.690796);;participant;
USA;http://www.wikidata.org/entity/Q30;Estados Unidos;http://www.wikidata.org/entity/Q4204624;Battle of Lake Pontchartrain;batalha;;;1779-09-10T00:00:00Z;;;1779;;;http://www.wikidata.org/entity/Q5617470;Gulf Coast campaign;;;http://www.wikidata.org/entity/Q1331750;Lago Pontchartrain;Point(-90.10138889 30.18888889);;participant;
USA;http://www.wikidata.org/entity/Q30;Estados Unidos;http://www.wikidata.org/entity/Q4871916;Battle of Norwalk;batalha;;;1779-07-12T00:00:00Z;;;1779;;;http://www.wikidata.org/entity/Q40949;Guerra da Independência dos Estados Unidos;;;http://www.wikidata.org/entity/Q54217;Norwalk;Point(-73.4095 41.1174);;participant;
USA;http://www.wikidata.org/entity/Q30;Estados Unidos;http://www.wikidata.org/entity/Q4871999;Battle of Paulus Hook;batalha;;;1779-08-19T00:00:00Z;;;1779;;;http://www.wikidata.org/entity/Q40949;Guerra da Independência dos Estados Unidos;;;http://www.wikidata.org/entity/Q7155392;Paulus Hook;Point(-74.03961 40.70757);;participant;
USA;http://www.wikidata.org/entity/Q30;Estados Unidos;http://www.wikidata.org/entity/Q4872446;Battle of Stono Ferry;batalha;;;1779-06-20T00:00:00Z;;;1779;;;http://www.wikidata.org/entity/Q40949;Guerra da Independência dos Estados Unidos;;;http://www.wikidata.org/entity/Q181015;condado de Charleston;Point(-80.13393333 32.75703611);;participant;
USA;http://www.wikidata.org/entity/Q30;Estados Unidos;http://www.wikidata.org/entity/Q1539513;Batalha de Camden;batalha;;;1780-08-16T00:00:00Z;;;1780;;;http://www.wikidata.org/entity/Q40949;Guerra da Independência dos Estados Unidos;;;http://www.wikidata.org/entity/Q1144372;Camden;Point(-80.6139 34.364552777);;participant;
USA;http://www.wikidata.org/entity/Q30;Estados Unidos;http://www.wikidata.org/entity/Q1811438;Batalha de Waxhaws;batalha;;;1780-05-29T00:00:00Z;;;1780;;;http://www.wikidata.org/entity/Q40949;Guerra da Independência dos Estados Unidos;;;http://www.wikidata.org/entity/Q495090;condado de Lancaster;Point(-80.62579167 34.74195278);;participant;
USA;http://www.wikidata.org/entity/Q30;Estados Unidos;http://www.wikidata.org/entity/Q4870493;Battle of Blackstock's Farm;batalha;;;1780-11-20T00:00:00Z;;;1780;;;http://www.wikidata.org/entity/Q40949;Guerra da Independência dos Estados Unidos;;;http://www.wikidata.org/entity/Q502447;condado de Union;Point(-81.8124 34.6793);;participant;
USA;http://www.wikidata.org/entity/Q30;Estados Unidos;http://www.wikidata.org/entity/Q4870718;Battle of Charlotte;batalha;;;1780-09-26T00:00:00Z;;;1780;;;http://www.wikidata.org/entity/Q40949;Guerra da Independência dos Estados Unidos;;;http://www.wikidata.org/entity/Q16565;Charlotte;Point(-80.84333333 35.22694444);;participant;
USA;http://www.wikidata.org/entity/Q30;Estados Unidos;http://www.wikidata.org/entity/Q4870776;Battle of Colson's Mill;batalha;;;1780-07-21T00:00:00Z;;;1780;;;http://www.wikidata.org/entity/Q40949;Guerra da Independência dos Estados Unidos;;;http://www.wikidata.org/entity/Q507798;Condado de Stanly;Point(-80.084925 35.15437222);;participant;
USA;http://www.wikidata.org/entity/Q30;Estados Unidos;http://www.wikidata.org/entity/Q4870783;Battle of Connecticut Farms;batalha;;;1780-06-07T00:00:00Z;;;1780;;;http://www.wikidata.org/entity/Q40949;Guerra da Independência dos Estados Unidos;;;;;Point(-74.2734 40.6951);;participant;
USA;http://www.wikidata.org/entity/Q30;Estados Unidos;http://www.wikidata.org/entity/Q4871019;Battle of Fishdam Ford;batalha;;;1780-11-09T00:00:00Z;;;1780;;;http://www.wikidata.org/entity/Q40949;Guerra da Independência dos Estados Unidos;;;http://www.wikidata.org/entity/Q497377;condado de Chester;Point(-81.41963611 34.59506389);;participant;
USA;http://www.wikidata.org/entity/Q30;Estados Unidos;http://www.wikidata.org/entity/Q4871057;Battle of Fort St. George;batalha;;;1780-11-23T00:00:00Z;;;1780;;;http://www.wikidata.org/entity/Q40949;Guerra da Independência dos Estados Unidos;;;;;Point(-73.0439 40.9644);;participant;
USA;http://www.wikidata.org/entity/Q30;Estados Unidos;http://www.wikidata.org/entity/Q4871187;Battle of Hanging Rock;batalha;;;1780-08-06T00:00:00Z;;;1780;;;http://www.wikidata.org/entity/Q40949;Guerra da Independência dos Estados Unidos;;;http://www.wikidata.org/entity/Q495090;condado de Lancaster;Point(-80.66179167 34.56566667);;participant;
USA;http://www.wikidata.org/entity/Q30;Estados Unidos;http://www.wikidata.org/entity/Q4871460;Battle of Klock's Field;batalha;;;1780-10-19T00:00:00Z;;;1780;;;http://www.wikidata.org/entity/Q40949;Guerra da Independência dos Estados Unidos;;;http://www.wikidata.org/entity/Q7589039;St. Johnsville;Point(-74.7083 42.9994);;participant;
USA;http://www.wikidata.org/entity/Q30;Estados Unidos;http://www.wikidata.org/entity/Q4871550;Battle of Lenud's Ferry;batalha;;;1780-05-06T00:00:00Z;;;1780;;;http://www.wikidata.org/entity/Q40949;Guerra da Independência dos Estados Unidos;;;http://www.wikidata.org/entity/Q495105;condado de Berkeley;Point(-79.67508333 33.30470833);;participant;
USA;http://www.wikidata.org/entity/Q30;Estados Unidos;http://www.wikidata.org/entity/Q4871749;Battle of Mobley's Meeting House;batalha;;;1780-06-08T00:00:00Z;;;1780;;;http://www.wikidata.org/entity/Q40949;Guerra da Independência dos Estados Unidos;;;;;Point(-81.2725 34.45333333);;participant;
USA;http://www.wikidata.org/entity/Q30;Estados Unidos;http://www.wikidata.org/entity/Q4871769;Battle of Monck's Corner;batalha;;;1780-04-14T00:00:00Z;;;1780;;;http://www.wikidata.org/entity/Q40949;Guerra da Independência dos Estados Unidos;;;http://www.wikidata.org/entity/Q2238330;Moncks Corner;Point(-80.00666667 33.19666667);;participant;
USA;http://www.wikidata.org/entity/Q30;Estados Unidos;http://www.wikidata.org/entity/Q2237633;Battle of Musgrove Mill;batalha;;;1780-08-18T00:00:00Z;;;1780;;;http://www.wikidata.org/entity/Q40949;Guerra da Independência dos Estados Unidos;;;http://www.wikidata.org/entity/Q508288;condado de Laurens;Point(-81.85247778 34.59354444);;participant;
USA;http://www.wikidata.org/entity/Q30;Estados Unidos;http://www.wikidata.org/entity/Q4872050;Battle of Piqua;batalha;;;1780-08-08T00:00:00Z;;;1780;;;http://www.wikidata.org/entity/Q40949;Guerra da Independência dos Estados Unidos;;;http://www.wikidata.org/entity/Q142633;Município de Bethel;Point(-83.90833333 39.9125);;participant;
USA;http://www.wikidata.org/entity/Q30;Estados Unidos;http://www.wikidata.org/entity/Q4872160;Battle of Ramsour's Mill;batalha;;;1780-06-20T00:00:00Z;;;1780;;;http://www.wikidata.org/entity/Q40949;Guerra da Independência dos Estados Unidos;;;http://www.wikidata.org/entity/Q2029779;Lincolnton;Point(-81.2591 35.4784);;participant;
USA;http://www.wikidata.org/entity/Q30;Estados Unidos;http://www.wikidata.org/entity/Q4872195;Battle of Rocky Mount;batalha;;;1780-08-01T00:00:00Z;;;1780;;;http://www.wikidata.org/entity/Q40949;Guerra da Independência dos Estados Unidos;;;;;Point(-80.87594167 34.53986389);;participant;
USA;http://www.wikidata.org/entity/Q30;Estados Unidos;http://www.wikidata.org/entity/Q4872360;Battle of Shallow Ford;batalha;;;1780-10-14T00:00:00Z;;;1780;;;http://www.wikidata.org/entity/Q40949;Guerra da Independência dos Estados Unidos;;;http://www.wikidata.org/entity/Q3477891;Huntsville;Point(-80.529444444 36.082222222);;participant;
USA;http://www.wikidata.org/entity/Q30;Estados Unidos;http://www.wikidata.org/entity/Q4872426;Battle of Springfield;batalha;;;1780-06-23T00:00:00Z;;;1780;;;http://www.wikidata.org/entity/Q40949;Guerra da Independência dos Estados Unidos;;;http://www.wikidata.org/entity/Q1086154;Springfield;Point(-74.306888888 40.710111111);;participant;
USA;http://www.wikidata.org/entity/Q30;Estados Unidos;http://www.wikidata.org/entity/Q2729621;Battle of St. Louis;batalha;;;1780-05-26T00:00:00Z;;;1780;;;http://www.wikidata.org/entity/Q40949;Guerra da Independência dos Estados Unidos;;;http://www.wikidata.org/entity/Q38022;St. Louis;Point(-90.190305555 38.624777777);;participant;
USA;http://www.wikidata.org/entity/Q30;Estados Unidos;http://www.wikidata.org/entity/Q4872793;Battle of Young's House;batalha;;;1780-02-03T00:00:00Z;;;1780;;;http://www.wikidata.org/entity/Q40949;Guerra da Independência dos Estados Unidos;;;;;Point(-73.77694444 41.12166667);;participant;
USA;http://www.wikidata.org/entity/Q30;Estados Unidos;http://www.wikidata.org/entity/Q4871143;Batalha de Groton Heights;batalha;;;1781-09-06T00:00:00Z;;;1781;;;http://www.wikidata.org/entity/Q40949;Guerra da Independência dos Estados Unidos;;;http://www.wikidata.org/entity/Q49146;New London;Point(-72.079444444 41.353611111);;participant;
USA;http://www.wikidata.org/entity/Q30;Estados Unidos;http://www.wikidata.org/entity/Q425773;Batalha de Guilford Court House;batalha;;;1781-03-15T00:00:00Z;;;1781;;;http://www.wikidata.org/entity/Q40949;Guerra da Independência dos Estados Unidos;;;http://www.wikidata.org/entity/Q49238;Greensboro;Point(-79.844 36.132);;participant;
USA;http://www.wikidata.org/entity/Q30;Estados Unidos;http://www.wikidata.org/entity/Q4870497;Battle of Blandford;batalha;;;1781-04-25T00:00:00Z;;;1781;;;http://www.wikidata.org/entity/Q40949;Guerra da Independência dos Estados Unidos;;;;;Point(-77.3939 37.23438);;participant;
USA;http://www.wikidata.org/entity/Q30;Estados Unidos;http://www.wikidata.org/entity/Q2888486;Battle of Eutaw Springs;batalha;;;1781-09-08T00:00:00Z;;;1781;;;http://www.wikidata.org/entity/Q40949;Guerra da Independência dos Estados Unidos;;;http://www.wikidata.org/entity/Q2534172;Eutawville;Point(-80.29875 33.40728);;participant;
USA;http://www.wikidata.org/entity/Q30;Estados Unidos;http://www.wikidata.org/entity/Q4871053;Battle of Fort Slongo;batalha;;;1781-10-03T00:00:00Z;;;1781;;;http://www.wikidata.org/entity/Q40949;Guerra da Independência dos Estados Unidos;;;http://www.wikidata.org/entity/Q3461337;Fort Salonga;Point(-73.30083333 40.9125);;participant;
USA;http://www.wikidata.org/entity/Q30;Estados Unidos;http://www.wikidata.org/entity/Q2888688;Battle of Green Spring;batalha;;;1781-07-06T00:00:00Z;;;1781;;;http://www.wikidata.org/entity/Q40949;Guerra da Independência dos Estados Unidos;;;http://www.wikidata.org/entity/Q938699;Yorktown;Point(-76.785 37.235);;participant;
USA;http://www.wikidata.org/entity/Q30;Estados Unidos;http://www.wikidata.org/entity/Q4871344;Battle of Johnstown;batalha;;;1781-10-25T00:00:00Z;;;1781;;;http://www.wikidata.org/entity/Q40949;Guerra da Independência dos Estados Unidos;;;http://www.wikidata.org/entity/Q1377991;Johnstown;Point(-74.37222222 43.00722222);;participant;
USA;http://www.wikidata.org/entity/Q30;Estados Unidos;http://www.wikidata.org/entity/Q4871561;Battle of Lindley's Mill;batalha;;;1781-09-13T00:00:00Z;;;1781;;;http://www.wikidata.org/entity/Q40949;Guerra da Independência dos Estados Unidos;;;http://www.wikidata.org/entity/Q504397;condado de Alamance;Point(-79.347188 35.889711);;participant;
USA;http://www.wikidata.org/entity/Q30;Estados Unidos;http://www.wikidata.org/entity/Q4872420;Battle of Spencer's Ordinary;batalha;;;1781-06-26T00:00:00Z;;;1781;;;http://www.wikidata.org/entity/Q40949;Guerra da Independência dos Estados Unidos;;;http://www.wikidata.org/entity/Q337688;condado de James City;Point(-76.798139 37.319479);;participant;
USA;http://www.wikidata.org/entity/Q30;Estados Unidos;http://www.wikidata.org/entity/Q4872729;Battle of Wetzell's Mill;batalha;;;1781-03-06T00:00:00Z;;;1781;;;http://www.wikidata.org/entity/Q40949;Guerra da Independência dos Estados Unidos;;;http://www.wikidata.org/entity/Q502257;condado de Guilford;Point(-79.79 36.08);;participant;
USA;http://www.wikidata.org/entity/Q30;Estados Unidos;http://www.wikidata.org/entity/Q4677235;Action of 12 December 1782;batalha naval;;;1782-12-12T00:00:00Z;;;1782;;;http://www.wikidata.org/entity/Q40949;Guerra da Independência dos Estados Unidos;;;http://www.wikidata.org/entity/Q485329;Ferrol;Point(-8.252 43.471);;participant;
USA;http://www.wikidata.org/entity/Q30;Estados Unidos;http://www.wikidata.org/entity/Q4090281;Action of 6 December 1782;batalha naval;;;1782-12-06T00:00:00Z;;;1782;;;http://www.wikidata.org/entity/Q40949;Guerra da Independência dos Estados Unidos;;;;;Point(-60.803 14.71);;participant;
USA;http://www.wikidata.org/entity/Q30;Estados Unidos;http://www.wikidata.org/entity/Q325486;Battle of Blue Licks;batalha;;;1782-08-19T00:00:00Z;;;1782;;;http://www.wikidata.org/entity/Q849680;Guerras indígenas nos Estados Unidos;;;;;Point(-83.994647222 38.428407833);;participant;
USA;http://www.wikidata.org/entity/Q30;Estados Unidos;http://www.wikidata.org/entity/Q421399;Battle of Delaware Bay;batalha naval;;;1782-04-08T00:00:00Z;;;1782;;;http://www.wikidata.org/entity/Q40949;Guerra da Independência dos Estados Unidos;;;http://www.wikidata.org/entity/Q738808;Baía de Delaware;Point(-74.96658 39.08317);;participant;
USA;http://www.wikidata.org/entity/Q30;Estados Unidos;http://www.wikidata.org/entity/Q4871574;Battle of Little Mountain;batalha;;;1782-03-22T00:00:00Z;;;1782;;;;;;;http://www.wikidata.org/entity/Q269164;Condado de Montgomery;;;participant;
USA;http://www.wikidata.org/entity/Q30;Estados Unidos;http://www.wikidata.org/entity/Q6981993;Naval battle off Halifax;batalha naval;;;1782-05-29T00:00:00Z;;;1782;;;http://www.wikidata.org/entity/Q40949;Guerra da Independência dos Estados Unidos;;;;;Point(-63.4 44.3);;participant;
USA;http://www.wikidata.org/entity/Q30;Estados Unidos;http://www.wikidata.org/entity/Q2311390;combat off the coast of Florida;batalha naval;;;1783-03-10T00:00:00Z;;;1783;;;http://www.wikidata.org/entity/Q40949;Guerra da Independência dos Estados Unidos;;;http://www.wikidata.org/entity/Q695411;Palm Beach;;;participant;
USA;http://www.wikidata.org/entity/Q30;Estados Unidos;http://www.wikidata.org/entity/Q120023168;Moroccan seizure of the Betsey;naval capture;;;1784-10-11T00:00:00Z;;;1784;;;http://www.wikidata.org/entity/Q6913195;relações entre Estados Unidos e Marrocos;;;http://www.wikidata.org/entity/Q15682;Cádis;;;participant;
USA;http://www.wikidata.org/entity/Q30;Estados Unidos;http://www.wikidata.org/entity/Q2888562;Battle of Fort Wayne;batalha;;;1790-10-18T00:00:00Z;;;1790;;;;;;;http://www.wikidata.org/entity/Q282052;Rio Maumee;;;participant;
USA;http://www.wikidata.org/entity/Q30;Estados Unidos;http://www.wikidata.org/entity/Q4871411;Battle of Kenapacomaqua;batalha;;;1791-08-07T00:00:00Z;;;1791;;;http://www.wikidata.org/entity/Q2656995;Guerra Indígena do Noroeste;;;http://www.wikidata.org/entity/Q505276;Condado de Cass;;;participant;
USA;http://www.wikidata.org/entity/Q30;Estados Unidos;http://www.wikidata.org/entity/Q525565;Big Bottom Massacre;batalha;;;1791-01-02T00:00:00Z;;;1791;;;http://www.wikidata.org/entity/Q2656995;Guerra Indígena do Noroeste;;;http://www.wikidata.org/entity/Q1397;Ohio;Point(-81.773889 39.532778);;participant;
USA;http://www.wikidata.org/entity/Q30;Estados Unidos;http://www.wikidata.org/entity/Q962450;St. Clair's Defeat;batalha;;;1791-11-04T00:00:00Z;;;1791;;;http://www.wikidata.org/entity/Q2656995;Guerra Indígena do Noroeste;;;http://www.wikidata.org/entity/Q1861739;Fort Recovery;Point(-84.7628 40.3571);;participant;
USA;http://www.wikidata.org/entity/Q30;Estados Unidos;http://www.wikidata.org/entity/Q2237537;Batalha de Fallen Timbers;batalha;;;1794-08-20T00:00:00Z;;;1794;;;http://www.wikidata.org/entity/Q2656995;Guerra Indígena do Noroeste;;;;;Point(-83.6975 41.544166666);;participant;
USA;http://www.wikidata.org/entity/Q30;Estados Unidos;http://www.wikidata.org/entity/Q2984928;USS Constellation vs L'Insurgente;batalha naval;;;1799-02-09T00:00:00Z;;;1799;;;http://www.wikidata.org/entity/Q655480;Quase-guerra;;;;;;31;participant;31.0
USA;http://www.wikidata.org/entity/Q30;Estados Unidos;http://www.wikidata.org/entity/Q2171443;Batalha naval de 1 de janeiro de 1800;batalha naval;;;1800-01-01T00:00:00Z;;;1800;;;http://www.wikidata.org/entity/Q655480;Quase-guerra;;;http://www.wikidata.org/entity/Q268282;Ilha de la Gonâve;Point(-73.5 19.0);;participant;
USA;http://www.wikidata.org/entity/Q30;Estados Unidos;http://www.wikidata.org/entity/Q4872123;Battle of Puerto Plata Harbor;batalha naval;;;1800-05-11T00:00:00Z;;;1800;;;http://www.wikidata.org/entity/Q655480;Quase-guerra;;;http://www.wikidata.org/entity/Q988413;San Felipe de Puerto Plata;;;participant;
USA;http://www.wikidata.org/entity/Q30;Estados Unidos;http://www.wikidata.org/entity/Q783183;Ação de 1 de agosto de 1801;batalha naval;;;1801-08-01T00:00:00Z;;;1801;;;http://www.wikidata.org/entity/Q468293;Guerra de Trípoli;;;http://www.wikidata.org/entity/Q4918;Mar Mediterrâneo;Point(13.187507 32.876174);;participant;
USA;http://www.wikidata.org/entity/Q30;Estados Unidos;http://www.wikidata.org/entity/Q133828701;Action of 17 June 1802;batalha naval;;;1802-06-17T00:00:00Z;;;1802;;;http://www.wikidata.org/entity/Q468293;Guerra de Trípoli;;;http://www.wikidata.org/entity/Q731315;Cape Palos;;;participant;
USA;http://www.wikidata.org/entity/Q30;Estados Unidos;http://www.wikidata.org/entity/Q5452541;First Battle of Tripoli Harbor;batalha naval;;;1802-05-16T00:00:00Z;;;1802;;;http://www.wikidata.org/entity/Q468293;Guerra de Trípoli;;;http://www.wikidata.org/entity/Q58230;Port of Tripoli;Point(13.19333333 32.90472222);;participant;
USA;http://www.wikidata.org/entity/Q30;Estados Unidos;http://www.wikidata.org/entity/Q133828702;Action of 2 June 1803;batalha naval;;;1803-06-02T00:00:00Z;;;1803;;;http://www.wikidata.org/entity/Q468293;Guerra de Trípoli;;;http://www.wikidata.org/entity/Q3579;Trípoli;;;participant;
USA;http://www.wikidata.org/entity/Q30;Estados Unidos;http://www.wikidata.org/entity/Q4677303;Action of 22 June 1803;batalha naval;;;1803-06-22T00:00:00Z;;;1803;;;http://www.wikidata.org/entity/Q468293;Guerra de Trípoli;;;http://www.wikidata.org/entity/Q3579;Trípoli;Point(13.1858 32.9022);;participant;
USA;http://www.wikidata.org/entity/Q30;Estados Unidos;http://www.wikidata.org/entity/Q133828700;Action of 31 October 1803;batalha naval;;;1803-10-31T00:00:00Z;;;1803;;;http://www.wikidata.org/entity/Q468293;Guerra de Trípoli;;;http://www.wikidata.org/entity/Q3579;Trípoli;;;participant;
USA;http://www.wikidata.org/entity/Q30;Estados Unidos;http://www.wikidata.org/entity/Q135003285;Action of 7 July 1804;batalha naval;;;1804-07-07T00:00:00Z;;;1804;;;http://www.wikidata.org/entity/Q468293;Guerra de Trípoli;;;http://www.wikidata.org/entity/Q3579;Trípoli;;;participant;
USA;http://www.wikidata.org/entity/Q30;Estados Unidos;http://www.wikidata.org/entity/Q4871765;Battle of Mole Lake;batalha;;;1806-01-01T00:00:00Z;;;1806;;;;;;;;;Point(-88.98305556 45.47972222);;participant;
USA;http://www.wikidata.org/entity/Q30;Estados Unidos;http://www.wikidata.org/entity/Q379346;Batalha de Tippecanoe;batalha;;;1811-11-07T00:00:00Z;;;1811;;;http://www.wikidata.org/entity/Q325314;Guerra de Tecumseh;;;http://www.wikidata.org/entity/Q264343;Battle Ground;Point(-86.843888888 40.506944444);;participant;
USA;http://www.wikidata.org/entity/Q30;Estados Unidos;http://www.wikidata.org/entity/Q200682;Batalha de Queenston Heights;batalha;;;1812-10-13T00:00:00Z;;;1812;;;http://www.wikidata.org/entity/Q26013;Guerra anglo-americana de 1812;;;http://www.wikidata.org/entity/Q7271089;Queenston Heights;Point(-79.05049 43.16192);;participant;
USA;http://www.wikidata.org/entity/Q30;Estados Unidos;http://www.wikidata.org/entity/Q4870569;Battle of Brownstown;batalha;;;1812-08-05T00:00:00Z;;;1812;;;http://www.wikidata.org/entity/Q26013;Guerra anglo-americana de 1812;;;http://www.wikidata.org/entity/Q10748438;Brownstown Charter Township;Point(-83.199168 42.094417);;participant;
USA;http://www.wikidata.org/entity/Q30;Estados Unidos;http://www.wikidata.org/entity/Q2888523;Battle of Fort Dearborn;batalha;;;1812-08-15T00:00:00Z;;;1812;;;http://www.wikidata.org/entity/Q26013;Guerra anglo-americana de 1812;;;http://www.wikidata.org/entity/Q1297;Chicago;Point(-87.619166666 41.857777777);;participant;
USA;http://www.wikidata.org/entity/Q30;Estados Unidos;http://www.wikidata.org/entity/Q1390639;Battle of Frenchman's Creek;batalha;;;1812-11-28T00:00:00Z;;;1812;;;http://www.wikidata.org/entity/Q26013;Guerra anglo-americana de 1812;;;http://www.wikidata.org/entity/Q19593657;Frenchman's Creek;Point(-78.92645 42.94227);;participant;
USA;http://www.wikidata.org/entity/Q30;Estados Unidos;http://www.wikidata.org/entity/Q4871516;Battle of La Guaira;batalha naval;;;1812-12-11T00:00:00Z;;;1812;;;http://www.wikidata.org/entity/Q26013;Guerra anglo-americana de 1812;;;http://www.wikidata.org/entity/Q873405;La Guaira;Point(-66.93305556 10.6);;participant;
USA;http://www.wikidata.org/entity/Q30;Estados Unidos;http://www.wikidata.org/entity/Q1361990;Battle of Lacolle Mills;batalha;;;1812-11-20T00:00:00Z;;;1812;;;http://www.wikidata.org/entity/Q26013;Guerra anglo-americana de 1812;;;http://www.wikidata.org/entity/Q3215834;Lacolle;Point(-73.372633 45.081309);;participant;
USA;http://www.wikidata.org/entity/Q30;Estados Unidos;http://www.wikidata.org/entity/Q4871632;Battle of Maguaga;batalha;;;1812-08-09T00:00:00Z;;;1812;;;http://www.wikidata.org/entity/Q26013;Guerra anglo-americana de 1812;;;;;Point(-83.18285 42.13609);;participant;
USA;http://www.wikidata.org/entity/Q30;Estados Unidos;http://www.wikidata.org/entity/Q16200867;Battle of River Canard;batalha;;;1812-07-16T00:00:00Z;;;1812;;;http://www.wikidata.org/entity/Q26013;Guerra anglo-americana de 1812;;;http://www.wikidata.org/entity/Q7337208;River Canard;Point(-83.0925 42.1884);;participant;
USA;http://www.wikidata.org/entity/Q30;Estados Unidos;http://www.wikidata.org/entity/Q4872736;Battle of Wild Cat Creek;batalha;;;1812-11-22T00:00:00Z;;;1812;;;http://www.wikidata.org/entity/Q26013;Guerra anglo-americana de 1812;;;http://www.wikidata.org/entity/Q8001004;Wildcat Creek;;;participant;
USA;http://www.wikidata.org/entity/Q30;Estados Unidos;http://www.wikidata.org/entity/Q111144428;Eel River Battlefield War of 1812;guerra;;;1812-01-01T00:00:00Z;;;1812;;;;;;;;;;;participant;
USA;http://www.wikidata.org/entity/Q30;Estados Unidos;http://www.wikidata.org/entity/Q7868544;USS Constitution vs HMS Guerriere;batalha naval;;;1812-08-19T00:00:00Z;;;1812;;;http://www.wikidata.org/entity/Q26013;Guerra anglo-americana de 1812;;;http://www.wikidata.org/entity/Q97;Oceano Atlântico;Point(-55.55 41.7);;participant;
USA;http://www.wikidata.org/entity/Q30;Estados Unidos;http://www.wikidata.org/entity/Q16931739;USS United States vs HMS Macedonian;batalha naval;;;1812-10-25T00:00:00Z;;;1812;;;http://www.wikidata.org/entity/Q26013;Guerra anglo-americana de 1812;;;http://www.wikidata.org/entity/Q97;Oceano Atlântico;;;participant;
USA;http://www.wikidata.org/entity/Q30;Estados Unidos;http://www.wikidata.org/entity/Q4870595;Batalha de Burnt Corn;batalha;;;1813-07-27T00:00:00Z;;;1813;;;http://www.wikidata.org/entity/Q1186260;Guerra Creek;;;;;Point(-87.12587 31.18957);;participant;
USA;http://www.wikidata.org/entity/Q30;Estados Unidos;http://www.wikidata.org/entity/Q4871243;Batalha do Solo Sagrado;batalha;;;1813-12-23T00:00:00Z;;;1813;;;http://www.wikidata.org/entity/Q1186260;Guerra Creek;;;http://www.wikidata.org/entity/Q660384;Território do Mississippi;;;participant;
USA;http://www.wikidata.org/entity/Q30;Estados Unidos;http://www.wikidata.org/entity/Q645288;Batalha do Tâmisa (1813);batalha;;;1813-10-05T00:00:00Z;;;1813;;;http://www.wikidata.org/entity/Q26013;Guerra anglo-americana de 1812;;;http://www.wikidata.org/entity/Q113464;Chatham-Kent;Point(-81.931388888 42.5625);;participant;
USA;http://www.wikidata.org/entity/Q30;Estados Unidos;http://www.wikidata.org/entity/Q365640;Battle of Beaver Dams;batalha;;;1813-06-24T00:00:00Z;;;1813;;;http://www.wikidata.org/entity/Q26013;Guerra anglo-americana de 1812;;;http://www.wikidata.org/entity/Q448120;Thorold;Point(-79.185388888 43.117583333);;participant;
USA;http://www.wikidata.org/entity/Q30;Estados Unidos;http://www.wikidata.org/entity/Q4870585;Battle of Buffalo;batalha;;;1813-12-30T00:00:00Z;;;1813;;;http://www.wikidata.org/entity/Q26013;Guerra anglo-americana de 1812;;;http://www.wikidata.org/entity/Q40435;Buffalo;Point(-78.8978 42.9364);;participant;
USA;http://www.wikidata.org/entity/Q30;Estados Unidos;http://www.wikidata.org/entity/Q4870801;Battle of Craney Island;batalha;;;1813-06-22T00:00:00Z;;;1813;;;http://www.wikidata.org/entity/Q26013;Guerra anglo-americana de 1812;;;http://www.wikidata.org/entity/Q342803;Portsmouth;Point(-76.3536 36.94605);;participant;
USA;http://www.wikidata.org/entity/Q30;Estados Unidos;http://www.wikidata.org/entity/Q1416369;Battle of Crysler's Farm;batalha;;;1813-11-11T00:00:00Z;;;1813;;;http://www.wikidata.org/entity/Q26013;Guerra anglo-americana de 1812;;;http://www.wikidata.org/entity/Q18572031;Battle of Crysler's Farm National Historic Site;Point(-75.070555555 44.9425);;participant;
USA;http://www.wikidata.org/entity/Q30;Estados Unidos;http://www.wikidata.org/entity/Q4871058;Battle of Fort Stephenson;batalha;;;1813-08-02T00:00:00Z;;;1813;;;http://www.wikidata.org/entity/Q26013;Guerra anglo-americana de 1812;;;http://www.wikidata.org/entity/Q485543;condado de Sandusky;Point(-83.11527778 41.34611111);;participant;
USA;http://www.wikidata.org/entity/Q30;Estados Unidos;http://www.wikidata.org/entity/Q586801;Battle of Frenchtown;batalha;;;1813-01-01T00:00:00Z;;;1813;;;http://www.wikidata.org/entity/Q26013;Guerra anglo-americana de 1812;;;http://www.wikidata.org/entity/Q1920455;Frenchtown Charter Township;Point(-83.378333333 41.913611111);;participant;
USA;http://www.wikidata.org/entity/Q30;Estados Unidos;http://www.wikidata.org/entity/Q2888007;Battle of Ogdensburg;batalha;;;1813-02-22T00:00:00Z;;;1813;;;http://www.wikidata.org/entity/Q26013;Guerra anglo-americana de 1812;;;http://www.wikidata.org/entity/Q684406;Ogdensburg;Point(-75.501216666 44.69445);;participant;
USA;http://www.wikidata.org/entity/Q30;Estados Unidos;http://www.wikidata.org/entity/Q4872429;Battle of St. Michaels;batalha;;;1813-08-10T00:00:00Z;;;1813;;;http://www.wikidata.org/entity/Q26013;Guerra anglo-americana de 1812;;;http://www.wikidata.org/entity/Q753688;St. Michaels;Point(-76.21861111 38.78777778);;participant;
USA;http://www.wikidata.org/entity/Q30;Estados Unidos;http://www.wikidata.org/entity/Q177470;Battle of Stoney Creek;batalha;;;1813-06-06T00:00:00Z;;;1813;;;http://www.wikidata.org/entity/Q26013;Guerra anglo-americana de 1812;;;http://www.wikidata.org/entity/Q18571986;Battle of Stoney Creek National Historic Site;Point(-79.764166666 43.218333333);;participant;
USA;http://www.wikidata.org/entity/Q30;Estados Unidos;http://www.wikidata.org/entity/Q4872494;Battle of Talladega;batalha;;;1813-11-09T00:00:00Z;;;1813;;;http://www.wikidata.org/entity/Q1186260;Guerra Creek;;;http://www.wikidata.org/entity/Q660384;Território do Mississippi;Point(-86.168861111 33.450922222);;participant;
USA;http://www.wikidata.org/entity/Q30;Estados Unidos;http://www.wikidata.org/entity/Q4872495;Battle of Tallushatchee;batalha;;;1813-11-03T00:00:00Z;;;1813;;;http://www.wikidata.org/entity/Q1186260;Guerra Creek;;;http://www.wikidata.org/entity/Q660384;Território do Mississippi;Point(-85.906927777 33.812333333);;participant;
USA;http://www.wikidata.org/entity/Q30;Estados Unidos;http://www.wikidata.org/entity/Q388689;Battle of York;batalha;;;1813-04-27T00:00:00Z;;;1813;;;http://www.wikidata.org/entity/Q26013;Guerra anglo-americana de 1812;;;http://www.wikidata.org/entity/Q172;Toronto;Point(-79.40403 43.63887);;participant;
USA;http://www.wikidata.org/entity/Q30;Estados Unidos;http://www.wikidata.org/entity/Q1752783;Battle of the Chateauguay;batalha;;;1813-10-26T00:00:00Z;;;1813;;;http://www.wikidata.org/entity/Q26013;Guerra anglo-americana de 1812;;;http://www.wikidata.org/entity/Q18510572;Battle of the Châteauguay National Historic Site;Point(-73.928611111 45.158611111);;participant;
USA;http://www.wikidata.org/entity/Q30;Estados Unidos;http://www.wikidata.org/entity/Q2984975;Capture of USS Chesapeake;batalha naval;;;1813-06-01T00:00:00Z;;;1813;;;http://www.wikidata.org/entity/Q26013;Guerra anglo-americana de 1812;;;http://www.wikidata.org/entity/Q959127;Baía de Massachusetts;Point(-70.56544444 42.65061111);;participant;
USA;http://www.wikidata.org/entity/Q30;Estados Unidos;http://www.wikidata.org/entity/Q2888531;Fort Mims massacre;batalha;;;1813-08-30T00:00:00Z;;;1813;;;http://www.wikidata.org/entity/Q1186260;Guerra Creek;;;http://www.wikidata.org/entity/Q79775;Bay Minette;Point(-87.83797 31.1805);;participant;
USA;http://www.wikidata.org/entity/Q30;Estados Unidos;http://www.wikidata.org/entity/Q7283734;Raid on Black Rock;batalha;;;1813-07-11T00:00:00Z;;;1813;;;http://www.wikidata.org/entity/Q26013;Guerra anglo-americana de 1812;;;http://www.wikidata.org/entity/Q2905456;Black Rock;Point(-78.898058 42.928117);;participant;
USA;http://www.wikidata.org/entity/Q30;Estados Unidos;http://www.wikidata.org/entity/Q7283748;Raid on Havre de Grace;batalha;;;1813-05-03T00:00:00Z;;;1813;;;http://www.wikidata.org/entity/Q26013;Guerra anglo-americana de 1812;;;http://www.wikidata.org/entity/Q754475;Havre de Grace;Point(-76.084685 39.540678);;participant;
USA;http://www.wikidata.org/entity/Q30;Estados Unidos;http://www.wikidata.org/entity/Q1850527;Battle of Baltimore;batalha;;;1814-09-15T00:00:00Z;;;1814;;;http://www.wikidata.org/entity/Q26013;Guerra anglo-americana de 1812;;;http://www.wikidata.org/entity/Q5092;Baltimore;Point(-76.58 39.263333333);;participant;
USA;http://www.wikidata.org/entity/Q30;Estados Unidos;http://www.wikidata.org/entity/Q1432141;Battle of Bladensburg;batalha;;;1814-08-24T00:00:00Z;;;1814;;;http://www.wikidata.org/entity/Q26013;Guerra anglo-americana de 1812;;;http://www.wikidata.org/entity/Q174272;Bladensburg;Point(-76.9376 38.936647222);;participant;
USA;http://www.wikidata.org/entity/Q30;Estados Unidos;http://www.wikidata.org/entity/Q4870612;Battle of Calebee Creek;batalha;;;1814-01-27T00:00:00Z;;;1814;;;http://www.wikidata.org/entity/Q26013;Guerra anglo-americana de 1812;;;;;Point(-85.70487222 32.40531944);;participant;
USA;http://www.wikidata.org/entity/Q30;Estados Unidos;http://www.wikidata.org/entity/Q4870679;Battle of Caulk's Field;batalha;;;1814-08-31T00:00:00Z;;;1814;;;http://www.wikidata.org/entity/Q26013;Guerra anglo-americana de 1812;;;;;Point(-76.198055555 39.206111111);;participant;
USA;http://www.wikidata.org/entity/Q30;Estados Unidos;http://www.wikidata.org/entity/Q1793109;Battle of Chippawa;batalha;;;1814-07-05T00:00:00Z;;;1814;;;http://www.wikidata.org/entity/Q26013;Guerra anglo-americana de 1812;;;http://www.wikidata.org/entity/Q18517359;Battle of Chippawa National Historic Site;Point(-79.024722222 43.052222222);;participant;
USA;http://www.wikidata.org/entity/Q30;Estados Unidos;http://www.wikidata.org/entity/Q2888338;Battle of Cook's Mills;batalha;;;1814-10-19T00:00:00Z;;;1814;;;http://www.wikidata.org/entity/Q26013;Guerra anglo-americana de 1812;;;http://www.wikidata.org/entity/Q18520158;Battle of Cook's Mills National Historic Site;Point(-79.17491 42.99789);;participant;
USA;http://www.wikidata.org/entity/Q30;Estados Unidos;http://www.wikidata.org/entity/Q4871049;Battle of Fort Oswego;batalha;;;1814-05-06T00:00:00Z;;;1814;;;http://www.wikidata.org/entity/Q26013;Guerra anglo-americana de 1812;;;http://www.wikidata.org/entity/Q1062;Lago Ontário;Point(-76.507 43.468333333);;participant;
USA;http://www.wikidata.org/entity/Q30;Estados Unidos;http://www.wikidata.org/entity/Q4871186;Battle of Hampden;batalha;;;1814-09-03T00:00:00Z;;;1814;;;http://www.wikidata.org/entity/Q26013;Guerra anglo-americana de 1812;;;http://www.wikidata.org/entity/Q3458109;Hampden;Point(-68.8373 44.7365);;participant;
USA;http://www.wikidata.org/entity/Q30;Estados Unidos;http://www.wikidata.org/entity/Q1785910;Battle of Horseshoe Bend;batalha;;;1814-03-27T00:00:00Z;;;1814;;;http://www.wikidata.org/entity/Q1186260;Guerra Creek;;;http://www.wikidata.org/entity/Q79248;Dadeville;Point(-85.735277777 32.982222222);;participant;
USA;http://www.wikidata.org/entity/Q30;Estados Unidos;http://www.wikidata.org/entity/Q233356;Battle of Lacolle Mills;batalha;;;1814-03-30T00:00:00Z;;;1814;;;http://www.wikidata.org/entity/Q26013;Guerra anglo-americana de 1812;;;http://www.wikidata.org/entity/Q18571979;Battle of Lacolle National Historic Site;Point(-73.343809 45.067564);;participant;
USA;http://www.wikidata.org/entity/Q30;Estados Unidos;http://www.wikidata.org/entity/Q4871597;Battle of Longwoods;batalha;;;1814-03-04T00:00:00Z;;;1814;;;http://www.wikidata.org/entity/Q26013;Guerra anglo-americana de 1812;;;;;Point(-81.705 42.69416667);;participant;
USA;http://www.wikidata.org/entity/Q30;Estados Unidos;http://www.wikidata.org/entity/Q364322;Battle of Lundy's Lane;batalha;;;1814-07-25T00:00:00Z;;;1814;;;http://www.wikidata.org/entity/Q26013;Guerra anglo-americana de 1812;;;http://www.wikidata.org/entity/Q18572014;Battle of Lundy's Lane National Historic Site;Point(-79.095456 43.089152);;participant;
USA;http://www.wikidata.org/entity/Q30;Estados Unidos;http://www.wikidata.org/entity/Q4871646;Battle of Malcolm's Mills;batalha;;;1814-11-06T00:00:00Z;;;1814;;;http://www.wikidata.org/entity/Q26013;Guerra anglo-americana de 1812;;;http://www.wikidata.org/entity/Q115174436;Oakland;Point(-80.330089 43.028469);;participant;
USA;http://www.wikidata.org/entity/Q30;Estados Unidos;http://www.wikidata.org/entity/Q4871911;Battle of North Point;batalha;;;1814-09-12T00:00:00Z;;;1814;;;http://www.wikidata.org/entity/Q1850527;Battle of Baltimore;;;http://www.wikidata.org/entity/Q5471363;Fort Howard;Point(-76.441497222 39.198205555);;participant;
USA;http://www.wikidata.org/entity/Q30;Estados Unidos;http://www.wikidata.org/entity/Q4872646;Battle of Valparaíso;batalha naval;;;1814-03-28T00:00:00Z;;;1814;;;http://www.wikidata.org/entity/Q26013;Guerra anglo-americana de 1812;;;http://www.wikidata.org/entity/Q33986;Valparaíso;;;participant;
USA;http://www.wikidata.org/entity/Q30;Estados Unidos;http://www.wikidata.org/entity/Q41894;Batalha de Nova Orleães;batalha;;;1815-01-08T00:00:00Z;;;1815;;;http://www.wikidata.org/entity/Q26013;Guerra anglo-americana de 1812;;;http://www.wikidata.org/entity/Q3364383;Jean Lafitte National Historical Park and Preserve;Point(-89.990833333 29.9425);;participant;
USA;http://www.wikidata.org/entity/Q30;Estados Unidos;http://www.wikidata.org/entity/Q4873063;Battle of Cape Palos;batalha naval;;;1815-06-19T00:00:00Z;;;1815;;;http://www.wikidata.org/entity/Q233505;Segunda Guerra Berberesca;;;http://www.wikidata.org/entity/Q731315;Cape Palos;Point(-0.656388888 37.620555555);;participant;
USA;http://www.wikidata.org/entity/Q30;Estados Unidos;http://www.wikidata.org/entity/Q4873014;Battle of the Sink Hole;batalha;;;1815-05-24T00:00:00Z;;;1815;;;http://www.wikidata.org/entity/Q849680;Guerras indígenas nos Estados Unidos;;;;;Point(-90.687068 38.933384);;participant;
USA;http://www.wikidata.org/entity/Q30;Estados Unidos;http://www.wikidata.org/entity/Q2838431;Battle off Cape Gata;batalha naval;;;1815-06-17T00:00:00Z;;;1815;;;http://www.wikidata.org/entity/Q233505;Segunda Guerra Berberesca;;;http://www.wikidata.org/entity/Q2932431;Cabo de Gata;Point(-2.19297 36.72189);;participant;
USA;http://www.wikidata.org/entity/Q30;Estados Unidos;http://www.wikidata.org/entity/Q4871874;Negro Fort;batalha;;;1816-07-27T00:00:00Z;;;1816;;;http://www.wikidata.org/entity/Q900693;Guerras Seminoles;;;http://www.wikidata.org/entity/Q3077880;Forte Gadsden;Point(-85.01127 29.93824);;participant;
USA;http://www.wikidata.org/entity/Q30;Estados Unidos;http://www.wikidata.org/entity/Q4870759;Battle of Claremore Mound;batalha;;;1817-06-01T00:00:00Z;;;1817;;;;;;;;;;;participant;
USA;http://www.wikidata.org/entity/Q30;Estados Unidos;http://www.wikidata.org/entity/Q4122579;Arikara War;guerra;;;1823-08-01T00:00:00Z;;;1823;;;http://www.wikidata.org/entity/Q849680;Guerras indígenas nos Estados Unidos;;;http://www.wikidata.org/entity/Q1211;Dakota do Sul;;;participant;
USA;http://www.wikidata.org/entity/Q30;Estados Unidos;http://www.wikidata.org/entity/Q5037073;Capture of the sloop Anne;batalha naval;;;1825-03-05T00:00:00Z;;;1825;;;http://www.wikidata.org/entity/Q7985528;West Indies anti-piracy operations of the United States;;;http://www.wikidata.org/entity/Q1247;Mar das Caraíbas;Point(-66.221 17.9175);;participant;
USA;http://www.wikidata.org/entity/Q30;Estados Unidos;http://www.wikidata.org/entity/Q4870906;Battle of Doro Passage;batalha;;;1827-10-16T00:00:00Z;;;1827;;;http://www.wikidata.org/entity/Q4687537;Aegean Sea Anti-Piracy Operations of the United States;;;http://www.wikidata.org/entity/Q1982478;Cape Kafireas;;;participant;
USA;http://www.wikidata.org/entity/Q30;Estados Unidos;http://www.wikidata.org/entity/Q4870319;Battle of Apple River Fort;batalha;;;1832-06-24T00:00:00Z;;;1832;;;http://www.wikidata.org/entity/Q879980;Guerra de Black Hawk;;;;;Point(-90.22305556 42.31666667);;participant;
USA;http://www.wikidata.org/entity/Q30;Estados Unidos;http://www.wikidata.org/entity/Q4871245;Battle of Horseshoe Bend;batalha;;;1832-06-16T00:00:00Z;;;1832;;;http://www.wikidata.org/entity/Q879980;Guerra de Black Hawk;;;http://www.wikidata.org/entity/Q81352584;Pecatonica Battlefield;Point(-89.877778 42.661111);;participant;
USA;http://www.wikidata.org/entity/Q30;Estados Unidos;http://www.wikidata.org/entity/Q4871409;Battle of Kellogg's Grove;batalha;;;1832-06-25T00:00:00Z;;;1832;;;http://www.wikidata.org/entity/Q879980;Guerra de Black Hawk;;;;;Point(-89.88138889 42.29583333);;participant;
USA;http://www.wikidata.org/entity/Q30;Estados Unidos;http://www.wikidata.org/entity/Q4872440;Battle of Stillman's Run;batalha;;;1832-05-14T00:00:00Z;;;1832;;;http://www.wikidata.org/entity/Q879980;Guerra de Black Hawk;;;;;Point(-89.17583333 42.10666667);;participant;
USA;http://www.wikidata.org/entity/Q30;Estados Unidos;http://www.wikidata.org/entity/Q4872702;Battle of Waddams Grove;batalha;;;1832-06-18T00:00:00Z;;;1832;;;http://www.wikidata.org/entity/Q879980;Guerra de Black Hawk;;;;;Point(-89.85583333 42.42833333);;participant;
USA;http://www.wikidata.org/entity/Q30;Estados Unidos;http://www.wikidata.org/entity/Q4872744;Battle of Wisconsin Heights;batalha;;;1832-07-21T00:00:00Z;;;1832;;;http://www.wikidata.org/entity/Q879980;Guerra de Black Hawk;;;;;Point(-89.73944444 43.23416667);;participant;
USA;http://www.wikidata.org/entity/Q30;Estados Unidos;http://www.wikidata.org/entity/Q4871959;Battle of Ouithlacoochie;batalha;;;1835-12-31T00:00:00Z;;;1835;;;http://www.wikidata.org/entity/Q2976715;Second Seminole War;;;;;Point(-82.759551 28.99164);;participant;
USA;http://www.wikidata.org/entity/Q30;Estados Unidos;http://www.wikidata.org/entity/Q16201191;Ingham incident;batalha naval;;;1835-06-14T00:00:00Z;;;1835;;;;;;;http://www.wikidata.org/entity/Q12630;Golfo do México;Point(-97.1385 26.0352);;participant;
USA;http://www.wikidata.org/entity/Q30;Estados Unidos;http://www.wikidata.org/entity/Q16933103;Battle of San Felasco Hammock;batalha;;;1836-09-18T00:00:00Z;;;1836;;;http://www.wikidata.org/entity/Q2976715;Second Seminole War;;;http://www.wikidata.org/entity/Q7018625;Newnansville;Point(-82.4445 29.7407);;participant;
USA;http://www.wikidata.org/entity/Q30;Estados Unidos;http://www.wikidata.org/entity/Q4871527;Battle of Lake Okeechobee;batalha;;;1837-12-25T00:00:00Z;;;1837;;;http://www.wikidata.org/entity/Q2976715;Second Seminole War;;;http://www.wikidata.org/entity/Q202905;Lago Okeechobee;Point(-80.785119444 27.212622222);;participant;
USA;http://www.wikidata.org/entity/Q30;Estados Unidos;http://www.wikidata.org/entity/Q4871354;Battle of Jupiter Inlet;batalha;;;1838-01-15T00:00:00Z;;;1838;;;http://www.wikidata.org/entity/Q2976715;Second Seminole War;;;http://www.wikidata.org/entity/Q986329;Jupiter;;;participant;
USA;http://www.wikidata.org/entity/Q30;Estados Unidos;http://www.wikidata.org/entity/Q4872043;Battle of Pine Island Ridge;batalha;;;1838-03-22T00:00:00Z;;;1838;;;http://www.wikidata.org/entity/Q2976715;Second Seminole War;;;http://www.wikidata.org/entity/Q2614034;Pine Island Ridge;Point(-80.2742 26.096);;participant;
USA;http://www.wikidata.org/entity/Q30;Estados Unidos;http://www.wikidata.org/entity/Q130052247;Battle of the Caloosahatchee;batalha;;;1839-07-23T00:00:00Z;;;1839;;;http://www.wikidata.org/entity/Q2976715;Second Seminole War;;;http://www.wikidata.org/entity/Q506451;Fort Myers;;;participant;
USA;http://www.wikidata.org/entity/Q30;Estados Unidos;http://www.wikidata.org/entity/Q4870408;Battle of Bandera Pass;batalha;;;1841-01-01T00:00:00Z;;;1841;;;http://www.wikidata.org/entity/Q849680;Guerras indígenas nos Estados Unidos;;;;;;;participant;
USA;http://www.wikidata.org/entity/Q30;Estados Unidos;http://www.wikidata.org/entity/Q1772061;Batalha de Monterey;batalha;;;1846-07-07T00:00:00Z;;;1846;;;http://www.wikidata.org/entity/Q6683;Guerra Mexicano-Americana;;;http://www.wikidata.org/entity/Q487315;Monterey;Point(-121.899722222 36.606388888);;participant;
USA;http://www.wikidata.org/entity/Q30;Estados Unidos;http://www.wikidata.org/entity/Q2736004;Batalha de Palo Alto;batalha;;;1846-05-08T00:00:00Z;;;1846;;;http://www.wikidata.org/entity/Q6683;Guerra Mexicano-Americana;;;http://www.wikidata.org/entity/Q51693;Brownsville;Point(-97.46538 26.02007);;participant;
USA;http://www.wikidata.org/entity/Q30;Estados Unidos;http://www.wikidata.org/entity/Q2890818;Batalha de Resaca de la Palma;batalha;;;1846-05-09T00:00:00Z;;;1846;;;http://www.wikidata.org/entity/Q6683;Guerra Mexicano-Americana;;;;;Point(-97.4862 25.9374);;participant;
USA;http://www.wikidata.org/entity/Q30;Estados Unidos;http://www.wikidata.org/entity/Q4870893;Battle of Dominguez Rancho;batalha;;;1846-10-08T00:00:00Z;;;1846;;;http://www.wikidata.org/entity/Q6683;Guerra Mexicano-Americana;;;http://www.wikidata.org/entity/Q5290439;Dominguez Hills;Point(-118.32 33.77);;participant;
USA;http://www.wikidata.org/entity/Q30;Estados Unidos;http://www.wikidata.org/entity/Q4870953;Battle of El Brazito;batalha;;;1846-12-25T00:00:00Z;;;1846;;;http://www.wikidata.org/entity/Q6683;Guerra Mexicano-Americana;;;;;;;participant;
USA;http://www.wikidata.org/entity/Q30;Estados Unidos;http://www.wikidata.org/entity/Q4871871;Battle of Natividad;batalha;;;1846-11-16T00:00:00Z;;;1846;;;http://www.wikidata.org/entity/Q6683;Guerra Mexicano-Americana;;;http://www.wikidata.org/entity/Q2271307;Vale do Salinas;Point(-121.603611111 36.772777777);;participant;
USA;http://www.wikidata.org/entity/Q30;Estados Unidos;http://www.wikidata.org/entity/Q16983820;Battle of Yerba Buena;batalha;;;1846-07-09T00:00:00Z;;;1846;;;http://www.wikidata.org/entity/Q6683;Guerra Mexicano-Americana;;;http://www.wikidata.org/entity/Q426957;Yerba Buena;;;participant;
USA;http://www.wikidata.org/entity/Q30;Estados Unidos;http://www.wikidata.org/entity/Q4927233;Blockade of Veracruz;batalha;;;1846-01-01T00:00:00Z;;;1846;;;http://www.wikidata.org/entity/Q6683;Guerra Mexicano-Americana;;;http://www.wikidata.org/entity/Q173270;Veracruz;;;participant;
USA;http://www.wikidata.org/entity/Q30;Estados Unidos;http://www.wikidata.org/entity/Q7796515;Caso Thornton;batalha;;;1846-04-25T00:00:00Z;;;1846;;;http://www.wikidata.org/entity/Q6683;Guerra Mexicano-Americana;;;;;Point(-97.7842 26.0619);;participant;
USA;http://www.wikidata.org/entity/Q30;Estados Unidos;http://www.wikidata.org/entity/Q2888281;Batalha de Cerro Gordo;batalha;;;1847-04-18T00:00:00Z;;;1847;;;http://www.wikidata.org/entity/Q6683;Guerra Mexicano-Americana;;;;;Point(-96.91 19.53);;participant;
USA;http://www.wikidata.org/entity/Q30;Estados Unidos;http://www.wikidata.org/entity/Q2333407;Batalha de Churubusco;batalha;;;1847-08-20T00:00:00Z;;;1847;;;http://www.wikidata.org/entity/Q6683;Guerra Mexicano-Americana;;;http://www.wikidata.org/entity/Q1489;Cidade do México;Point(-99.148611111 19.355555555);;participant;
USA;http://www.wikidata.org/entity/Q30;Estados Unidos;http://www.wikidata.org/entity/Q2399696;Batalha de Contreras;batalha;;;1847-08-20T00:00:00Z;;;1847;;;http://www.wikidata.org/entity/Q6683;Guerra Mexicano-Americana;;;http://www.wikidata.org/entity/Q1489;Cidade do México;;;participant;
USA;http://www.wikidata.org/entity/Q30;Estados Unidos;http://www.wikidata.org/entity/Q2689975;Batalha de Molino del Rey;batalha;;;1847-09-08T00:00:00Z;;;1847;;;http://www.wikidata.org/entity/Q6683;Guerra Mexicano-Americana;;;http://www.wikidata.org/entity/Q17622723;Molino del Rey;Point(-99.190833333 19.418611111);;participant;
USA;http://www.wikidata.org/entity/Q30;Estados Unidos;http://www.wikidata.org/entity/Q4873005;Batalha do Rio Sacramento;batalha;;;1847-02-28T00:00:00Z;;;1847;;;http://www.wikidata.org/entity/Q6683;Guerra Mexicano-Americana;;;http://www.wikidata.org/entity/Q7397017;Sacramento River;Point(-106.18638889 28.87166667);;participant;
USA;http://www.wikidata.org/entity/Q30;Estados Unidos;http://www.wikidata.org/entity/Q4870683;Battle of Cañada;batalha;;;1847-01-24T00:00:00Z;;;1847;;;http://www.wikidata.org/entity/Q7684314;Revolta Taos;;;http://www.wikidata.org/entity/Q2413662;Santa Cruz;;;participant;
USA;http://www.wikidata.org/entity/Q30;Estados Unidos;http://www.wikidata.org/entity/Q4870968;Battle of Embudo Pass;batalha;;;1847-01-29T00:00:00Z;;;1847;;;http://www.wikidata.org/entity/Q7684314;Revolta Taos;;;http://www.wikidata.org/entity/Q678299;Dikson;;;participant;
USA;http://www.wikidata.org/entity/Q30;Estados Unidos;http://www.wikidata.org/entity/Q2888818;Battle of Huamantla;batalha;;;1847-10-09T00:00:00Z;;;1847;;;http://www.wikidata.org/entity/Q6683;Guerra Mexicano-Americana;;;http://www.wikidata.org/entity/Q576636;Huamantla;Point(-97.923862 19.31269);;participant;
USA;http://www.wikidata.org/entity/Q30;Estados Unidos;http://www.wikidata.org/entity/Q2885397;Battle of La Mesa;batalha;;;1847-01-09T00:00:00Z;;;1847;;;http://www.wikidata.org/entity/Q6683;Guerra Mexicano-Americana;;;http://www.wikidata.org/entity/Q934111;Vernon;Point(-118.20482222 34.00240278);;participant;
USA;http://www.wikidata.org/entity/Q30;Estados Unidos;http://www.wikidata.org/entity/Q4871820;Battle of Mulege;batalha;;;1847-10-02T00:00:00Z;;;1847;;;http://www.wikidata.org/entity/Q6683;Guerra Mexicano-Americana;;;http://www.wikidata.org/entity/Q1020747;Mulegé;;;participant;
USA;http://www.wikidata.org/entity/Q30;Estados Unidos;http://www.wikidata.org/entity/Q4872300;Battle of Santa Clara;batalha;;;1847-01-02T00:00:00Z;;;1847;;;;;;;;;Point(-121.95333333 37.35333333);;participant;
USA;http://www.wikidata.org/entity/Q30;Estados Unidos;http://www.wikidata.org/entity/Q5452525;First Battle of Mora;batalha;;;1847-01-24T00:00:00Z;;;1847;;;http://www.wikidata.org/entity/Q7684314;Revolta Taos;;;http://www.wikidata.org/entity/Q487236;condado de Mora;;;participant;
USA;http://www.wikidata.org/entity/Q30;Estados Unidos;http://www.wikidata.org/entity/Q5452547;First Battle of Tuxpan;batalha;;;1847-04-18T00:00:00Z;;;1847;;;http://www.wikidata.org/entity/Q6683;Guerra Mexicano-Americana;;;http://www.wikidata.org/entity/Q6154758;Tuxpan;;;participant;
USA;http://www.wikidata.org/entity/Q30;Estados Unidos;http://www.wikidata.org/entity/Q7443100;Second Battle of Mora;batalha;;;1847-02-01T00:00:00Z;;;1847;;;http://www.wikidata.org/entity/Q6683;Guerra Mexicano-Americana;;;http://www.wikidata.org/entity/Q3183004;Mora;;;participant;
USA;http://www.wikidata.org/entity/Q30;Estados Unidos;http://www.wikidata.org/entity/Q7443124;Second Battle of Tuxpan;batalha;;;1847-06-01T00:00:00Z;;;1847;;;http://www.wikidata.org/entity/Q6683;Guerra Mexicano-Americana;;;http://www.wikidata.org/entity/Q6154758;Tuxpan;;;participant;
USA;http://www.wikidata.org/entity/Q30;Estados Unidos;http://www.wikidata.org/entity/Q7784783;Third Battle of Tuxpan;batalha;;;1847-06-30T00:00:00Z;;;1847;;;http://www.wikidata.org/entity/Q6683;Guerra Mexicano-Americana;;;http://www.wikidata.org/entity/Q6154758;Tuxpan;;;participant;
USA;http://www.wikidata.org/entity/Q30;Estados Unidos;http://www.wikidata.org/entity/Q4872305;Battle of Santa Cruz de Rosales;batalha;;;1848-03-16T00:00:00Z;;;1848;;;http://www.wikidata.org/entity/Q6683;Guerra Mexicano-Americana;;;http://www.wikidata.org/entity/Q7419450;Santa Cruz de Rosales;;;participant;
USA;http://www.wikidata.org/entity/Q30;Estados Unidos;http://www.wikidata.org/entity/Q15980725;Skirmish of Todos Santos;batalha;;;1848-03-30T00:00:00Z;;;1848;;;http://www.wikidata.org/entity/Q7122359;Pacific Coast Campaign;;;http://www.wikidata.org/entity/Q1658489;Todos los Santos;;;participant;
USA;http://www.wikidata.org/entity/Q30;Estados Unidos;http://www.wikidata.org/entity/Q4870748;Battle of Cieneguilla;batalha;;;1854-03-30T00:00:00Z;;;1854;;;http://www.wikidata.org/entity/Q6192082;Jicarilla War;;;http://www.wikidata.org/entity/Q7193762;Pilar;;;participant;
USA;http://www.wikidata.org/entity/Q30;Estados Unidos;http://www.wikidata.org/entity/Q4871935;Battle of Ojo Caliente Canyon;batalha;;;1854-04-08T00:00:00Z;;;1854;;;http://www.wikidata.org/entity/Q6192082;Jicarilla War;;;;;;;participant;
USA;http://www.wikidata.org/entity/Q30;Estados Unidos;http://www.wikidata.org/entity/Q4872907;Battle of the Diablo Mountains;batalha;;;1854-10-03T00:00:00Z;;;1854;;;http://www.wikidata.org/entity/Q6192082;Jicarilla War;;;;;Point(-104.89952 31.4011);;participant;
USA;http://www.wikidata.org/entity/Q30;Estados Unidos;http://www.wikidata.org/entity/Q1543656;Grattan massacre;batalha;;;1854-08-19T00:00:00Z;;;1854;;;http://www.wikidata.org/entity/Q3778746;Sioux Wars;;;;;Point(-104.405694444 42.132222222);;participant;
USA;http://www.wikidata.org/entity/Q30;Estados Unidos;http://www.wikidata.org/entity/Q2237324;Battle of Ash Hollow;batalha;;;1855-09-03T00:00:00Z;;;1855;;;http://www.wikidata.org/entity/Q3778746;Sioux Wars;;;http://www.wikidata.org/entity/Q4804396;Ash Hollow State Historical Park;Point(-102.122777777 41.298611111);;participant;
USA;http://www.wikidata.org/entity/Q30;Estados Unidos;http://www.wikidata.org/entity/Q4872570;Battle of Toppenish Creek;batalha;;;1855-10-05T00:00:00Z;;;1855;;;http://www.wikidata.org/entity/Q3119015;Yakima War;;;;;;;participant;
USA;http://www.wikidata.org/entity/Q30;Estados Unidos;http://www.wikidata.org/entity/Q4872616;Battle of Ty-ho Bay;batalha naval;;;1855-08-04T00:00:00Z;;;1855;;;;;;;;;Point(113.85 22.2672);;participant;
USA;http://www.wikidata.org/entity/Q30;Estados Unidos;http://www.wikidata.org/entity/Q4870785;Battle of Cooke's Spring;batalha;;;1857-03-09T00:00:00Z;;;1857;;;http://www.wikidata.org/entity/Q617827;Guerras Apache;;;;;;;participant;
USA;http://www.wikidata.org/entity/Q30;Estados Unidos;http://www.wikidata.org/entity/Q4870867;Battle of Devil's River;batalha;;;1857-07-20T00:00:00Z;;;1857;;;http://www.wikidata.org/entity/Q5150525;Comanche Wars;;;http://www.wikidata.org/entity/Q5267445;Devils River;Point(-101.093 30.178);;participant;
USA;http://www.wikidata.org/entity/Q30;Estados Unidos;http://www.wikidata.org/entity/Q4872041;Battle of Pima Butte;batalha;;;1857-09-01T00:00:00Z;;;1857;;;http://www.wikidata.org/entity/Q849680;Guerras indígenas nos Estados Unidos;;;;;;;participant;
USA;http://www.wikidata.org/entity/Q30;Estados Unidos;http://www.wikidata.org/entity/Q4872042;Battle of Pine Creek;batalha;;;1858-05-17T00:00:00Z;;;1858;;;http://www.wikidata.org/entity/Q3119015;Yakima War;;;http://www.wikidata.org/entity/Q1507139;Rosalia;Point(-117.36527778 47.22861111);;participant;
USA;http://www.wikidata.org/entity/Q30;Estados Unidos;http://www.wikidata.org/entity/Q4872185;Battle of Rio Grande City;batalha;;;1859-12-27T00:00:00Z;;;1859;;;http://www.wikidata.org/entity/Q5173309;Cortina Troubles;;;http://www.wikidata.org/entity/Q981868;Rio Grande City;Point(-98.8203 26.3788);;participant;
USA;http://www.wikidata.org/entity/Q30;Estados Unidos;http://www.wikidata.org/entity/Q13581505;Batalha do Pease River;batalha;;;1860-12-19T00:00:00Z;;;1860;;;http://www.wikidata.org/entity/Q849680;Guerras indígenas nos Estados Unidos;;;http://www.wikidata.org/entity/Q49540726;Pease River Battlefield;Point(-99.5951 34.0698);;participant;
USA;http://www.wikidata.org/entity/Q30;Estados Unidos;http://www.wikidata.org/entity/Q4872952;Battle of the Mimbres River;batalha;;;1860-12-04T00:00:00Z;;;1860;;;http://www.wikidata.org/entity/Q617827;Guerras Apache;;;http://www.wikidata.org/entity/Q6862019;Mimbres River;;;participant;
USA;http://www.wikidata.org/entity/Q30;Estados Unidos;http://www.wikidata.org/entity/Q7125242;Paiute War;guerra;;;1860-01-01T00:00:00Z;;;1860;;;http://www.wikidata.org/entity/Q849680;Guerras indígenas nos Estados Unidos;;;http://www.wikidata.org/entity/Q761535;Pyramid Lake;;;participant;
USA;http://www.wikidata.org/entity/Q30;Estados Unidos;http://www.wikidata.org/entity/Q4870769;Battle of Cockle Creek;batalha naval;;;1861-10-05T00:00:00Z;;;1861;;;http://www.wikidata.org/entity/Q8676;Guerra de Secessão;;;http://www.wikidata.org/entity/Q1073686;Chincoteague;;;participant;
USA;http://www.wikidata.org/entity/Q30;Estados Unidos;http://www.wikidata.org/entity/Q4870786;Battle of Cookes Canyon;batalha;;;1861-01-01T00:00:00Z;;;1861;;;http://www.wikidata.org/entity/Q8676;Guerra de Secessão;;;http://www.wikidata.org/entity/Q5167046;Cookes Range;Point(-107.66782 32.45778);;participant;
USA;http://www.wikidata.org/entity/Q30;Estados Unidos;http://www.wikidata.org/entity/Q1958052;Battle of Corrick's Ford;batalha;;;1861-07-13T00:00:00Z;;;1861;;;http://www.wikidata.org/entity/Q8676;Guerra de Secessão;;;http://www.wikidata.org/entity/Q118743;Condado de Tucker;Point(-79.685 39.08777778);;participant;
USA;http://www.wikidata.org/entity/Q30;Estados Unidos;http://www.wikidata.org/entity/Q128967762;Battle of Monday's Hollow;batalha;;;1861-10-13T00:00:00Z;;;1861;;;http://www.wikidata.org/entity/Q8676;Guerra de Secessão;;;http://www.wikidata.org/entity/Q484767;condado de Camden;;;participant;
USA;http://www.wikidata.org/entity/Q30;Estados Unidos;http://www.wikidata.org/entity/Q4872915;Battle of the Florida Mountains;batalha;;;1861-01-01T00:00:00Z;;;1861;;;http://www.wikidata.org/entity/Q8676;Guerra de Secessão;;;http://www.wikidata.org/entity/Q5461522;Florida Mountains;Point(-107.62173 32.12373);;participant;
USA;http://www.wikidata.org/entity/Q30;Estados Unidos;http://www.wikidata.org/entity/Q4090339;Battle of the Head of Passes;batalha naval;;;1861-10-12T00:00:00Z;;;1861;;;http://www.wikidata.org/entity/Q8676;Guerra de Secessão;;;http://www.wikidata.org/entity/Q14691651;Head of Passes;Point(-89.254 29.157);;participant;
USA;http://www.wikidata.org/entity/Q30;Estados Unidos;http://www.wikidata.org/entity/Q751186;Batalha de Fredericksburg;batalha;;;1862-01-01T00:00:00Z;;;1862;;;http://www.wikidata.org/entity/Q8676;Guerra de Secessão;;;http://www.wikidata.org/entity/Q506202;condado de Spotsylvania;Point(-77.4705 38.2995);;participant;
USA;http://www.wikidata.org/entity/Q30;Estados Unidos;http://www.wikidata.org/entity/Q2887870;Battle of Apache Pass;batalha;;;1862-07-16T00:00:00Z;;;1862;;;http://www.wikidata.org/entity/Q8676;Guerra de Secessão;;;http://www.wikidata.org/entity/Q2858094;Apache Pass;Point(-109.453 32.157);;participant;
USA;http://www.wikidata.org/entity/Q30;Estados Unidos;http://www.wikidata.org/entity/Q2087443;Battle of Galveston Harbor;batalha naval;;;1862-10-04T00:00:00Z;;;1862;;;http://www.wikidata.org/entity/Q8676;Guerra de Secessão;;;http://www.wikidata.org/entity/Q135744;Galveston;Point(-94.774 29.3397);;participant;
USA;http://www.wikidata.org/entity/Q30;Estados Unidos;http://www.wikidata.org/entity/Q29075611;Battle of Lexington, Tennessee;batalha;;;1862-12-18T00:00:00Z;;;1862;;;http://www.wikidata.org/entity/Q8676;Guerra de Secessão;;;http://www.wikidata.org/entity/Q1961857;Lexington;;;participant;
USA;http://www.wikidata.org/entity/Q30;Estados Unidos;http://www.wikidata.org/entity/Q104726548;Battle of St. Charles;batalha;;;1862-06-17T00:00:00Z;;;1862;;;http://www.wikidata.org/entity/Q2496537;Teatro Trans-Mississippi da Guerra Civil Americana;;;http://www.wikidata.org/entity/Q61414;condado de Arkansas;Point(-91.126111111 34.378055555);;participant;
USA;http://www.wikidata.org/entity/Q30;Estados Unidos;http://www.wikidata.org/entity/Q5452511;First Battle of Dragoon Springs;batalha;;;1862-05-05T00:00:00Z;;;1862;;;http://www.wikidata.org/entity/Q617827;Guerras Apache;;;http://www.wikidata.org/entity/Q1988889;Dragoon Mountains;Point(-110.022508 31.997613);;participant;
USA;http://www.wikidata.org/entity/Q30;Estados Unidos;http://www.wikidata.org/entity/Q1387983;First Battle of Memphis;batalha naval;;;1862-06-06T00:00:00Z;;;1862;;;http://www.wikidata.org/entity/Q8676;Guerra de Secessão;;;http://www.wikidata.org/entity/Q1497;Rio Mississípi;Point(-90.1558 35.1291);;participant;
USA;http://www.wikidata.org/entity/Q30;Estados Unidos;http://www.wikidata.org/entity/Q3514809;Action off Galveston Light;batalha naval;;;1863-01-11T00:00:00Z;;;1863;;;http://www.wikidata.org/entity/Q8676;Guerra de Secessão;;;http://www.wikidata.org/entity/Q135744;Galveston;Point(-94.657173 29.319931);;participant;
USA;http://www.wikidata.org/entity/Q30;Estados Unidos;http://www.wikidata.org/entity/Q2889974;Batalha de Shimonoseki;batalha naval;;;1863-07-16T00:00:00Z;;;1863;;;http://www.wikidata.org/entity/Q891773;Bombardeio de Shimonoseki;;;http://www.wikidata.org/entity/Q494894;Estreito de Kanmon;;;participant;
USA;http://www.wikidata.org/entity/Q30;Estados Unidos;http://www.wikidata.org/entity/Q4870485;Battle of Big Mound;batalha;;;1863-07-24T00:00:00Z;;;1863;;;http://www.wikidata.org/entity/Q3778746;Sioux Wars;;;http://www.wikidata.org/entity/Q1117425;Território de Dakota;Point(-99.629087 47.024036);;participant;
USA;http://www.wikidata.org/entity/Q30;Estados Unidos;http://www.wikidata.org/entity/Q4870853;Battle of Dead Buffalo Lake;batalha;;;1863-07-26T00:00:00Z;;;1863;;;http://www.wikidata.org/entity/Q3778746;Sioux Wars;;;http://www.wikidata.org/entity/Q1117425;Território de Dakota;Point(-99.7846 46.8961);;participant;
USA;http://www.wikidata.org/entity/Q30;Estados Unidos;http://www.wikidata.org/entity/Q2457962;Battle of Devil's Backbone;batalha;;;1863-09-01T00:00:00Z;;;1863;;;http://www.wikidata.org/entity/Q2496537;Teatro Trans-Mississippi da Guerra Civil Americana;;;http://www.wikidata.org/entity/Q61176;condado de Sebastian;Point(-94.3106 35.1785);;participant;
USA;http://www.wikidata.org/entity/Q30;Estados Unidos;http://www.wikidata.org/entity/Q4677179;Battle of Fayetteville;batalha;;;1863-04-18T00:00:00Z;;;1863;;;http://www.wikidata.org/entity/Q8676;Guerra de Secessão;;;http://www.wikidata.org/entity/Q219526;Fayetteville;Point(-94.156889 36.066778);;participant;
USA;http://www.wikidata.org/entity/Q30;Estados Unidos;http://www.wikidata.org/entity/Q2282207;Battle of Helena;batalha;;;1863-07-04T00:00:00Z;;;1863;;;http://www.wikidata.org/entity/Q8676;Guerra de Secessão;http://www.wikidata.org/entity/Q8676;Guerra de Secessão;http://www.wikidata.org/entity/Q61470;condado de Phillips;Point(-90.596944444 34.526111111);;participant;
USA;http://www.wikidata.org/entity/Q30;Estados Unidos;http://www.wikidata.org/entity/Q2043320;Battle of Jackson;batalha;;;1863-05-14T00:00:00Z;;;1863;;;http://www.wikidata.org/entity/Q8676;Guerra de Secessão;;;http://www.wikidata.org/entity/Q28198;Jackson;Point(-90.2 32.2875);;participant;
USA;http://www.wikidata.org/entity/Q30;Estados Unidos;http://www.wikidata.org/entity/Q4872445;Battle of Stony Lake;batalha;;;1863-07-28T00:00:00Z;;;1863;;;http://www.wikidata.org/entity/Q3778746;Sioux Wars;;;http://www.wikidata.org/entity/Q1117425;Território de Dakota;Point(-100.1843 46.8514);;participant;
USA;http://www.wikidata.org/entity/Q30;Estados Unidos;http://www.wikidata.org/entity/Q5452506;First Battle of Collierville;batalha;;;1863-10-11T00:00:00Z;;;1863;;;http://www.wikidata.org/entity/Q2988047;Teatro Ocidental da Guerra Civil Americana;;;http://www.wikidata.org/entity/Q501602;Condado de Shelby;Point(-89.6645 35.044);;participant;
USA;http://www.wikidata.org/entity/Q30;Estados Unidos;http://www.wikidata.org/entity/Q2748737;Second Battle of Collierville;batalha;;;1863-11-03T00:00:00Z;;;1863;;;http://www.wikidata.org/entity/Q2988047;Teatro Ocidental da Guerra Civil Americana;;;http://www.wikidata.org/entity/Q501602;Condado de Shelby;Point(-89.6645 35.044);;participant;
USA;http://www.wikidata.org/entity/Q30;Estados Unidos;http://www.wikidata.org/entity/Q21187985;Skirmish at Ashley's Mills;batalha;;;1863-09-07T00:00:00Z;;;1863;;;http://www.wikidata.org/entity/Q8676;Guerra de Secessão;;;http://www.wikidata.org/entity/Q2579357;Scott;Point(-92.095916666 34.701722222);;participant;
USA;http://www.wikidata.org/entity/Q30;Estados Unidos;http://www.wikidata.org/entity/Q18207868;Ambush of the steamboat J. R. Williams;batalha naval;;;1864-05-10T00:00:00Z;;;1864;;;http://www.wikidata.org/entity/Q8676;Guerra de Secessão;;;http://www.wikidata.org/entity/Q8319;Rio Arkansas;;;participant;
USA;http://www.wikidata.org/entity/Q30;Estados Unidos;http://www.wikidata.org/entity/Q1538874;Batalha de Spotsylvania Court House;batalha;;;1864-05-13T00:00:00Z;;;1864;;;http://www.wikidata.org/entity/Q8676;Guerra de Secessão;;;http://www.wikidata.org/entity/Q506202;condado de Spotsylvania;Point(-77.598055555 38.224166666);;participant;
USA;http://www.wikidata.org/entity/Q30;Estados Unidos;http://www.wikidata.org/entity/Q4870278;Battle of Altamaha Bridge;batalha;;;1864-12-19T00:00:00Z;;;1864;;;http://www.wikidata.org/entity/Q8676;Guerra de Secessão;;;http://www.wikidata.org/entity/Q491762;Condado de Wayne;Point(-81.8275 31.655);;participant;
USA;http://www.wikidata.org/entity/Q30;Estados Unidos;http://www.wikidata.org/entity/Q4870552;Battle of Brice's Cross Roads;batalha;;;1864-06-10T00:00:00Z;;;1864;;;http://www.wikidata.org/entity/Q8676;Guerra de Secessão;;;http://www.wikidata.org/entity/Q1494;Mississippi;Point(-88.728888888 34.506111111);;participant;
USA;http://www.wikidata.org/entity/Q30;Estados Unidos;http://www.wikidata.org/entity/Q2364944;Battle of Cherbourg;batalha naval;;;1864-06-19T00:00:00Z;;;1864;;;http://www.wikidata.org/entity/Q8676;Guerra de Secessão;;;http://www.wikidata.org/entity/Q34640;Canal da Mancha;Point(-1.695 49.7525);;participant;
USA;http://www.wikidata.org/entity/Q30;Estados Unidos;http://www.wikidata.org/entity/Q676148;Battle of Mansfield;batalha;;;1864-04-08T00:00:00Z;;;1864;;;http://www.wikidata.org/entity/Q8676;Guerra de Secessão;;;http://www.wikidata.org/entity/Q383739;Paróquia de De Soto;Point(-93.6652 32.0121);;participant;
USA;http://www.wikidata.org/entity/Q30;Estados Unidos;http://www.wikidata.org/entity/Q4871799;Battle of Mount Gray;batalha;;;1864-04-07T00:00:00Z;;;1864;;;http://www.wikidata.org/entity/Q617827;Guerras Apache;;;http://www.wikidata.org/entity/Q2068238;Peloncillo Mountains;Point(-111.47361111 35.74583333);;participant;
USA;http://www.wikidata.org/entity/Q30;Estados Unidos;http://www.wikidata.org/entity/Q4872003;Battle of Pecos River;batalha;;;1864-01-04T00:00:00Z;;;1864;;;http://www.wikidata.org/entity/Q3778744;Navajo Wars;;;http://www.wikidata.org/entity/Q1356561;Rio Pecos;;;participant;
USA;http://www.wikidata.org/entity/Q30;Estados Unidos;http://www.wikidata.org/entity/Q572095;Battle of Pleasant Hill;batalha;;;1864-04-09T00:00:00Z;;;1864;;;http://www.wikidata.org/entity/Q8676;Guerra de Secessão;;;http://www.wikidata.org/entity/Q383739;Paróquia de De Soto;Point(-93.513888888 31.853333333);;participant;
USA;http://www.wikidata.org/entity/Q30;Estados Unidos;http://www.wikidata.org/entity/Q4842568;Incidente da Bahia;escaramuça;;;1864-10-07T00:00:00Z;;;1864;;;http://www.wikidata.org/entity/Q8676;Guerra de Secessão;;;http://www.wikidata.org/entity/Q7231258;Porto de Salvador;Point(-38.59722222 -12.85416667);;participant;
USA;http://www.wikidata.org/entity/Q30;Estados Unidos;http://www.wikidata.org/entity/Q4871038;Battle of Fort Buchanan;batalha;;;1865-02-17T00:00:00Z;;;1865;;;http://www.wikidata.org/entity/Q617827;Guerras Apache;;;http://www.wikidata.org/entity/Q376168;Fort Buchanan;Point(-110.70694444 31.6575);;participant;
USA;http://www.wikidata.org/entity/Q30;Estados Unidos;http://www.wikidata.org/entity/Q2313310;Battle of Selma;batalha;;;1865-04-02T00:00:00Z;;;1865;;;http://www.wikidata.org/entity/Q8676;Guerra de Secessão;;;http://www.wikidata.org/entity/Q488847;Condado de Dallas;Point(-87.0237 32.424);;participant;
USA;http://www.wikidata.org/entity/Q30;Estados Unidos;http://www.wikidata.org/entity/Q4873028;Battle of the Tongue River;batalha;;;1865-08-29T00:00:00Z;;;1865;;;http://www.wikidata.org/entity/Q849680;Guerras indígenas nos Estados Unidos;;;http://www.wikidata.org/entity/Q1028743;Ranchester;Point(-107.162704 44.905542);;participant;
USA;http://www.wikidata.org/entity/Q30;Estados Unidos;http://www.wikidata.org/entity/Q4871963;Battle of Owyhee River;batalha;;;1866-12-26T00:00:00Z;;;1866;;;;;;;http://www.wikidata.org/entity/Q495414;condado de Malheur;;;participant;
USA;http://www.wikidata.org/entity/Q30;Estados Unidos;http://www.wikidata.org/entity/Q4872438;Battle of Steen's Mountain;batalha;;;1867-01-29T00:00:00Z;;;1867;;;;;;;http://www.wikidata.org/entity/Q5000076;Burns Junction;;;participant;
USA;http://www.wikidata.org/entity/Q30;Estados Unidos;http://www.wikidata.org/entity/Q4087340;Battle of Summit Springs;batalha;;;1869-07-11T00:00:00Z;;;1869;;;http://www.wikidata.org/entity/Q5150511;Comanche Campaign;;;http://www.wikidata.org/entity/Q312487;condado de Washington;Point(-103.139225 40.43284167);;participant;
USA;http://www.wikidata.org/entity/Q30;Estados Unidos;http://www.wikidata.org/entity/Q42326778;Kake War;guerra;;;1869-02-01T00:00:00Z;;;1869;;;http://www.wikidata.org/entity/Q842944;Departamento do Alasca;;;http://www.wikidata.org/entity/Q79533;Kake;Point(-133.933888888 56.970833333);;participant;
USA;http://www.wikidata.org/entity/Q30;Estados Unidos;http://www.wikidata.org/entity/Q4870510;Battle of Boca Teacapan;batalha;;;1870-06-17T00:00:00Z;;;1870;;;http://www.wikidata.org/entity/Q45393;pirataria marítima;;;http://www.wikidata.org/entity/Q4936115;Boca Teacapan;;;participant;
USA;http://www.wikidata.org/entity/Q30;Estados Unidos;http://www.wikidata.org/entity/Q4870495;Battle of Blanco Canyon;batalha;;;1871-10-10T00:00:00Z;;;1871;;;http://www.wikidata.org/entity/Q5150511;Comanche Campaign;;;;;Point(-101.176 33.6644);;participant;
USA;http://www.wikidata.org/entity/Q30;Estados Unidos;http://www.wikidata.org/entity/Q4438364;Battle of Lost River;batalha;;;1872-11-29T00:00:00Z;;;1872;;;http://www.wikidata.org/entity/Q2635052;Guerra Modoc;;;http://www.wikidata.org/entity/Q3259830;Lost River;Point(-121.524 41.996);;participant;
USA;http://www.wikidata.org/entity/Q30;Estados Unidos;http://www.wikidata.org/entity/Q4872248;Battle of Salt River Canyon;batalha;;;1872-12-28T00:00:00Z;;;1872;;;http://www.wikidata.org/entity/Q8050376;Yavapai War;;;http://www.wikidata.org/entity/Q1341271;Salt River;Point(-111.3659 33.5826);;participant;
USA;http://www.wikidata.org/entity/Q30;Estados Unidos;http://www.wikidata.org/entity/Q4872975;Battle of the North Fork of the Red River;batalha;;;1872-09-28T00:00:00Z;;;1872;;;http://www.wikidata.org/entity/Q849680;Guerras indígenas nos Estados Unidos;;;;;Point(-100.672 35.4116);;participant;
USA;http://www.wikidata.org/entity/Q30;Estados Unidos;http://www.wikidata.org/entity/Q4870930;Battle of Dry Lake;batalha;;;1873-05-10T00:00:00Z;;;1873;;;http://www.wikidata.org/entity/Q2635052;Guerra Modoc;;;http://www.wikidata.org/entity/Q1476014;Lava Beds National Monument;Point(-121.3 41.7);;participant;
USA;http://www.wikidata.org/entity/Q30;Estados Unidos;http://www.wikidata.org/entity/Q4871244;Battle of Honsinger Bluff;batalha;;;1873-08-04T00:00:00Z;;;1873;;;http://www.wikidata.org/entity/Q3062425;Yellowstone Expedition of 1873;;;http://www.wikidata.org/entity/Q490789;condado de Custer;Point(-105.918 46.4897);;participant;
USA;http://www.wikidata.org/entity/Q30;Estados Unidos;http://www.wikidata.org/entity/Q4872290;Battle of Sand Butte;batalha;;;1873-04-26T00:00:00Z;;;1873;;;http://www.wikidata.org/entity/Q2635052;Guerra Modoc;;;;;Point(-121.524 41.76);;participant;
USA;http://www.wikidata.org/entity/Q30;Estados Unidos;http://www.wikidata.org/entity/Q4872611;Battle of Turret Peak;batalha;;;1873-03-27T00:00:00Z;;;1873;;;http://www.wikidata.org/entity/Q8050376;Yavapai War;;;http://www.wikidata.org/entity/Q7821707;Tonto Basin;Point(-111.86472222 34.24805556);;participant;
USA;http://www.wikidata.org/entity/Q30;Estados Unidos;http://www.wikidata.org/entity/Q4871974;Battle of Palo Duro Canyon;batalha;;;1874-09-28T00:00:00Z;;;1874;;;http://www.wikidata.org/entity/Q3119025;Red River War;;;http://www.wikidata.org/entity/Q1369399;Palo Duro Canyon;Point(-101.606 34.8778);;participant;
USA;http://www.wikidata.org/entity/Q30;Estados Unidos;http://www.wikidata.org/entity/Q4872463;Battle of Sunset Pass;batalha;;;1874-11-01T00:00:00Z;;;1874;;;http://www.wikidata.org/entity/Q8050376;Yavapai War;;;http://www.wikidata.org/entity/Q816;Arizona;;;participant;
USA;http://www.wikidata.org/entity/Q30;Estados Unidos;http://www.wikidata.org/entity/Q4127869;Segunda Batalha de Adobe Walls;batalha;;;1874-06-27T00:00:00Z;;;1874;;;http://www.wikidata.org/entity/Q3119025;Red River War;;;http://www.wikidata.org/entity/Q360448;Adobe Walls;Point(-101.161944444 35.893611111);;participant;
USA;http://www.wikidata.org/entity/Q30;Estados Unidos;http://www.wikidata.org/entity/Q205422;Batalha de Little Bighorn;batalha;;;1876-06-25T00:00:00Z;;;1876;;;http://www.wikidata.org/entity/Q430053;Guerra de Black Hills;;;http://www.wikidata.org/entity/Q608969;Rio Little Bighorn;Point(-107.428888888 45.565);;participant;
USA;http://www.wikidata.org/entity/Q30;Estados Unidos;http://www.wikidata.org/entity/Q4870684;Battle of Cedar Creek;batalha;;;1876-10-21T00:00:00Z;;;1876;;;http://www.wikidata.org/entity/Q430053;Guerra de Black Hills;;;;;Point(-106.278 47.5153);;participant;
USA;http://www.wikidata.org/entity/Q30;Estados Unidos;http://www.wikidata.org/entity/Q16898752;Battle of Powder River;batalha;;;1876-03-17T00:00:00Z;;;1876;;;http://www.wikidata.org/entity/Q430053;Guerra de Black Hills;;;http://www.wikidata.org/entity/Q2096785;Powder River;Point(-105.409 45.4428);;participant;
USA;http://www.wikidata.org/entity/Q30;Estados Unidos;http://www.wikidata.org/entity/Q17184066;Battle of Prairie Dog Creek;batalha;;;1876-06-09T00:00:00Z;;;1876;;;http://www.wikidata.org/entity/Q430053;Guerra de Black Hills;;;http://www.wikidata.org/entity/Q109503;condado de Big Horn;Point(-106.6241667 45.26944444);;participant;
USA;http://www.wikidata.org/entity/Q30;Estados Unidos;http://www.wikidata.org/entity/Q4872709;Battle of Warbonnet Creek;batalha;;;1876-07-17T00:00:00Z;;;1876;;;http://www.wikidata.org/entity/Q430053;Guerra de Black Hills;;;http://www.wikidata.org/entity/Q489751;condado de Sioux;Point(-103.72972222 42.92777778);;participant;
USA;http://www.wikidata.org/entity/Q30;Estados Unidos;http://www.wikidata.org/entity/Q2574400;Battle of the Rosebud;batalha;;;1876-06-17T00:00:00Z;;;1876;;;http://www.wikidata.org/entity/Q430053;Guerra de Black Hills;;;http://www.wikidata.org/entity/Q109503;condado de Big Horn;Point(-106.997777777 45.223055555);;participant;
USA;http://www.wikidata.org/entity/Q30;Estados Unidos;http://www.wikidata.org/entity/Q2888457;Dull Knife Fight;batalha;;;1876-11-25T00:00:00Z;;;1876;;;http://www.wikidata.org/entity/Q430053;Guerra de Black Hills;;;http://www.wikidata.org/entity/Q377304;Território de Wyoming;Point(-107.539 43.5408);;participant;
USA;http://www.wikidata.org/entity/Q30;Estados Unidos;http://www.wikidata.org/entity/Q4870619;Battle of Camas Creek;batalha;;;1877-08-20T00:00:00Z;;;1877;;;http://www.wikidata.org/entity/Q1456086;Guerra dos Nez-Percés;;;;;Point(-111.885 44.3531);;participant;
USA;http://www.wikidata.org/entity/Q30;Estados Unidos;http://www.wikidata.org/entity/Q4870636;Battle of Canyon Creek;batalha;;;1877-09-13T00:00:00Z;;;1877;;;http://www.wikidata.org/entity/Q1456086;Guerra dos Nez-Percés;;;http://www.wikidata.org/entity/Q1212;Montana;Point(-108.814 45.7692);;participant;
USA;http://www.wikidata.org/entity/Q30;Estados Unidos;http://www.wikidata.org/entity/Q2890384;Battle of White Bird Canyon;batalha;;;1877-06-17T00:00:00Z;;;1877;;;http://www.wikidata.org/entity/Q1456086;Guerra dos Nez-Percés;;;http://www.wikidata.org/entity/Q494480;condado de Idaho;Point(-116.27972222 45.79166667);;participant;
USA;http://www.wikidata.org/entity/Q30;Estados Unidos;http://www.wikidata.org/entity/Q4872751;Battle of Wolf Mountain;batalha;;;1877-01-08T00:00:00Z;;;1877;;;http://www.wikidata.org/entity/Q430053;Guerra de Black Hills;;;http://www.wikidata.org/entity/Q1787489;Tongue River;Point(-106.5806 45.28586667);;participant;
USA;http://www.wikidata.org/entity/Q30;Estados Unidos;http://www.wikidata.org/entity/Q4438386;Battle of the Big Hole;batalha;;;1877-08-09T00:00:00Z;;;1877;;;http://www.wikidata.org/entity/Q1456086;Guerra dos Nez-Percés;;;http://www.wikidata.org/entity/Q110212;condado de Beaverhead;Point(-113.65083333 45.6475);;participant;
USA;http://www.wikidata.org/entity/Q30;Estados Unidos;http://www.wikidata.org/entity/Q4870747;Battle of Cibecue Creek;batalha;;;1881-08-30T00:00:00Z;;;1881;;;http://www.wikidata.org/entity/Q617827;Guerras Apache;;;http://www.wikidata.org/entity/Q1091504;Cibecue;Point(-110.496666666 34.031111111);;participant;
USA;http://www.wikidata.org/entity/Q30;Estados Unidos;http://www.wikidata.org/entity/Q4871037;Battle of Fort Apache;batalha;;;1881-09-01T00:00:00Z;;;1881;;;http://www.wikidata.org/entity/Q617827;Guerras Apache;;;http://www.wikidata.org/entity/Q5470741;Fort Apache Indian Reservation;Point(-109.989 33.791);;participant;
USA;http://www.wikidata.org/entity/Q30;Estados Unidos;http://www.wikidata.org/entity/Q4488474;Battle of Big Dry Wash;batalha;;;1882-07-17T00:00:00Z;;;1882;;;http://www.wikidata.org/entity/Q617827;Guerras Apache;;;http://www.wikidata.org/entity/Q58684;condado de Coconino;;;participant;
USA;http://www.wikidata.org/entity/Q30;Estados Unidos;http://www.wikidata.org/entity/Q4870866;Battle of Devil's Creek;batalha;;;1885-05-22T00:00:00Z;;;1885;;;;;;;;;;;participant;
USA;http://www.wikidata.org/entity/Q30;Estados Unidos;http://www.wikidata.org/entity/Q4871571;Battle of Little Dry Creek;batalha;;;1885-12-19T00:00:00Z;;;1885;;;http://www.wikidata.org/entity/Q617827;Guerras Apache;;;;;;;participant;
USA;http://www.wikidata.org/entity/Q30;Estados Unidos;http://www.wikidata.org/entity/Q528550;Batalha de Cavite;batalha;;;1898-05-01T00:00:00Z;;;1898;;;http://www.wikidata.org/entity/Q12583;Guerra Hispano-Americana;;;http://www.wikidata.org/entity/Q676154;Baía de Manila;Point(120.93 14.49);;participant;
USA;http://www.wikidata.org/entity/Q30;Estados Unidos;http://www.wikidata.org/entity/Q2887938;Batalha de El Caney;batalha;;;1898-07-01T00:00:00Z;;;1898;;;http://www.wikidata.org/entity/Q12583;Guerra Hispano-Americana;;;http://www.wikidata.org/entity/Q3720866;El Caney;Point(-75.766666666 20.055833333);;participant;
USA;http://www.wikidata.org/entity/Q30;Estados Unidos;http://www.wikidata.org/entity/Q2889110;Batalha de Las Guásimas;batalha;;;1898-06-24T00:00:00Z;;;1898;;;http://www.wikidata.org/entity/Q12583;Guerra Hispano-Americana;;;http://www.wikidata.org/entity/Q117040;Santiago de Cuba;;;participant;
USA;http://www.wikidata.org/entity/Q30;Estados Unidos;http://www.wikidata.org/entity/Q303176;Batalha de Manila;batalha;;;1898-08-13T00:00:00Z;;;1898;;;http://www.wikidata.org/entity/Q12583;Guerra Hispano-Americana;;;http://www.wikidata.org/entity/Q6749659;Manila;Point(121.0 14.583333333);;participant;
USA;http://www.wikidata.org/entity/Q30;Estados Unidos;http://www.wikidata.org/entity/Q1215310;Batalha de San Juan Hill;batalha;;;1898-07-01T00:00:00Z;;;1898;;;;;;;http://www.wikidata.org/entity/Q7414587;Loma de San Juan;Point(-75.7961154 20.0209106);;participant;
USA;http://www.wikidata.org/entity/Q30;Estados Unidos;http://www.wikidata.org/entity/Q4872521;Batalha de Tayacoba;batalha;;;1898-06-30T00:00:00Z;;;1898;;;http://www.wikidata.org/entity/Q12583;Guerra Hispano-Americana;;;;;;;participant;
USA;http://www.wikidata.org/entity/Q30;Estados Unidos;http://www.wikidata.org/entity/Q4872825;Batalha dos Aguadores;batalha;;;1898-07-01T00:00:00Z;;;1898;;;http://www.wikidata.org/entity/Q12583;Guerra Hispano-Americana;;;;;;;participant;
USA;http://www.wikidata.org/entity/Q30;Estados Unidos;http://www.wikidata.org/entity/Q977495;Battle of Manimani;batalha;;;1898-07-23T00:00:00Z;;;1898;;;;;;;;;;;participant;
USA;http://www.wikidata.org/entity/Q30;Estados Unidos;http://www.wikidata.org/entity/Q4871897;Battle of Nipe Bay;batalha naval;;;1898-07-21T00:00:00Z;;;1898;;;http://www.wikidata.org/entity/Q12583;Guerra Hispano-Americana;;;http://www.wikidata.org/entity/Q803688;Nipe Bay;Point(-75.683333333 20.766666666);;participant;
USA;http://www.wikidata.org/entity/Q30;Estados Unidos;http://www.wikidata.org/entity/Q4872456;Battle of Sugar Point;batalha;;;1898-10-05T00:00:00Z;;;1898;;;http://www.wikidata.org/entity/Q849680;Guerras indígenas nos Estados Unidos;;;http://www.wikidata.org/entity/Q1812063;Leech Lake;;;participant;
USA;http://www.wikidata.org/entity/Q30;Estados Unidos;http://www.wikidata.org/entity/Q5452507;Primeira Batalha de Cárdenas;batalha naval;;;1898-05-08T00:00:00Z;;;1898;;;;;;;;;Point(-81.20750278 23.03550556);;participant;
USA;http://www.wikidata.org/entity/Q30;Estados Unidos;http://www.wikidata.org/entity/Q7443113;Segunda Batalha de San Juan;batalha naval;;;1898-06-22T00:00:00Z;;;1898;;;http://www.wikidata.org/entity/Q12583;Guerra Hispano-Americana;;;http://www.wikidata.org/entity/Q41211;San Juan;;;participant;
USA;http://www.wikidata.org/entity/Q30;Estados Unidos;http://www.wikidata.org/entity/Q3490568;Batalha de Tirad Pass;batalha;;;1899-12-02T00:00:00Z;;;1899;;;http://www.wikidata.org/entity/Q214456;Guerra Filipino-Americana;;;;;Point(120.629444444 17.142222222);;participant;
USA;http://www.wikidata.org/entity/Q30;Estados Unidos;http://www.wikidata.org/entity/Q2888235;Battle of Caloocan;batalha;;;1899-02-10T00:00:00Z;;;1899;;;http://www.wikidata.org/entity/Q214456;Guerra Filipino-Americana;;;http://www.wikidata.org/entity/Q1478;Caloocan;Point(120.96666667 14.65);;participant;
USA;http://www.wikidata.org/entity/Q30;Estados Unidos;http://www.wikidata.org/entity/Q4871677;Battle of Marilao River;batalha;;;1899-03-27T00:00:00Z;;;1899;;;http://www.wikidata.org/entity/Q214456;Guerra Filipino-Americana;;;http://www.wikidata.org/entity/Q54595;Marilao;Point(120.95 14.76);;participant;
USA;http://www.wikidata.org/entity/Q30;Estados Unidos;http://www.wikidata.org/entity/Q4871969;Battle of Paete;batalha;;;1899-04-12T00:00:00Z;;;1899;;;http://www.wikidata.org/entity/Q214456;Guerra Filipino-Americana;;;http://www.wikidata.org/entity/Q75899;Paete;;;participant;
USA;http://www.wikidata.org/entity/Q30;Estados Unidos;http://www.wikidata.org/entity/Q4871970;Battle of Pagsanjan;batalha;;;1899-04-11T00:00:00Z;;;1899;;;http://www.wikidata.org/entity/Q214456;Guerra Filipino-Americana;;;http://www.wikidata.org/entity/Q75905;Pagsanjan;;;participant;
USA;http://www.wikidata.org/entity/Q30;Estados Unidos;http://www.wikidata.org/entity/Q4872001;Battle of Paye;batalha;;;1899-12-19T00:00:00Z;;;1899;;;http://www.wikidata.org/entity/Q214456;Guerra Filipino-Americana;;;http://www.wikidata.org/entity/Q106832;San Mateo;;;participant;
USA;http://www.wikidata.org/entity/Q30;Estados Unidos;http://www.wikidata.org/entity/Q4872146;Battle of Quingua;batalha;;;1899-04-23T00:00:00Z;;;1899;;;http://www.wikidata.org/entity/Q214456;Guerra Filipino-Americana;;;;;;;participant;
USA;http://www.wikidata.org/entity/Q30;Estados Unidos;http://www.wikidata.org/entity/Q4872274;Battle of San Jacinto;batalha;;;1899-11-11T00:00:00Z;;;1899;;;http://www.wikidata.org/entity/Q214456;Guerra Filipino-Americana;;;http://www.wikidata.org/entity/Q42036;San Jacinto;;;participant;
USA;http://www.wikidata.org/entity/Q30;Estados Unidos;http://www.wikidata.org/entity/Q4872307;Battle of Santo Tomas;batalha;;;1899-05-04T00:00:00Z;;;1899;;;http://www.wikidata.org/entity/Q214456;Guerra Filipino-Americana;;;http://www.wikidata.org/entity/Q55731;Santo Tomas;;;participant;
USA;http://www.wikidata.org/entity/Q30;Estados Unidos;http://www.wikidata.org/entity/Q4872804;Battle of Zapote River;batalha;;;1899-06-13T00:00:00Z;;;1899;;;http://www.wikidata.org/entity/Q214456;Guerra Filipino-Americana;;;http://www.wikidata.org/entity/Q48815263;Zapote Bridge;Point(120.966333 14.464028);;participant;
USA;http://www.wikidata.org/entity/Q30;Estados Unidos;http://www.wikidata.org/entity/Q5452544;First Battle of Vailele;batalha;;;1899-04-01T00:00:00Z;;;1899;;;http://www.wikidata.org/entity/Q4120277;Segunda Guerra Civil de Samoa;;;http://www.wikidata.org/entity/Q7908776;Vailele;;;participant;
USA;http://www.wikidata.org/entity/Q30;Estados Unidos;http://www.wikidata.org/entity/Q4087414;Batalha de Beicang;batalha;;;1900-08-05T00:00:00Z;;;1900;;;http://www.wikidata.org/entity/Q150229;Levante dos Boxers;;;;;;;participant;
USA;http://www.wikidata.org/entity/Q30;Estados Unidos;http://www.wikidata.org/entity/Q4870229;Battle of Agusan Hill;batalha;;;1900-05-14T00:00:00Z;;;1900;;;http://www.wikidata.org/entity/Q214456;Guerra Filipino-Americana;;;http://www.wikidata.org/entity/Q1645;Cagayan de Ouro;;;participant;
USA;http://www.wikidata.org/entity/Q30;Estados Unidos;http://www.wikidata.org/entity/Q4087302;Battle of Beitang;batalha;;;1900-09-20T00:00:00Z;;;1900;;;http://www.wikidata.org/entity/Q150229;Levante dos Boxers;;;http://www.wikidata.org/entity/Q2064840;Beitang Subdistrict;;;participant;
USA;http://www.wikidata.org/entity/Q30;Estados Unidos;http://www.wikidata.org/entity/Q4870605;Battle of Cagayan de Misamis;batalha;;;1900-04-07T00:00:00Z;;;1900;;;http://www.wikidata.org/entity/Q214456;Guerra Filipino-Americana;;;http://www.wikidata.org/entity/Q1645;Cagayan de Ouro;;;participant;
USA;http://www.wikidata.org/entity/Q30;Estados Unidos;http://www.wikidata.org/entity/Q4871643;Battle of Makahambus Hill;batalha;;;1900-06-04T00:00:00Z;;;1900;;;http://www.wikidata.org/entity/Q214456;Guerra Filipino-Americana;;;http://www.wikidata.org/entity/Q1645;Cagayan de Ouro;;;participant;
USA;http://www.wikidata.org/entity/Q30;Estados Unidos;http://www.wikidata.org/entity/Q4872125;Battle of Pulang Lupa;batalha;;;1900-09-13T00:00:00Z;;;1900;;;http://www.wikidata.org/entity/Q214456;Guerra Filipino-Americana;;;http://www.wikidata.org/entity/Q107048;Q107048;;;participant;
USA;http://www.wikidata.org/entity/Q30;Estados Unidos;http://www.wikidata.org/entity/Q4188868;Battle of Shanhaiguan;batalha;;;1900-01-01T00:00:00Z;;;1900;;;http://www.wikidata.org/entity/Q150229;Levante dos Boxers;;;http://www.wikidata.org/entity/Q1048381;Passagem de Shanhai;;;participant;
USA;http://www.wikidata.org/entity/Q30;Estados Unidos;http://www.wikidata.org/entity/Q4087483;Battle of Yangcun;batalha;;;1900-08-06T00:00:00Z;;;1900;;;http://www.wikidata.org/entity/Q150229;Levante dos Boxers;;;;;;;participant;
USA;http://www.wikidata.org/entity/Q30;Estados Unidos;http://www.wikidata.org/entity/Q4871596;Battle of Lonoy;batalha;;;1901-03-05T00:00:00Z;;;1901;;;http://www.wikidata.org/entity/Q214456;Guerra Filipino-Americana;;;;;;;participant;
USA;http://www.wikidata.org/entity/Q30;Estados Unidos;http://www.wikidata.org/entity/Q4870888;Battle of Dolores River;batalha;;;1904-12-12T00:00:00Z;;;1904;;;http://www.wikidata.org/entity/Q214456;Guerra Filipino-Americana;;;;;;;participant;
USA;http://www.wikidata.org/entity/Q30;Estados Unidos;http://www.wikidata.org/entity/Q4872385;Battle of Siranaya;batalha;;;1904-03-01T00:00:00Z;;;1904;;;;;;;;;;;participant;
USA;http://www.wikidata.org/entity/Q30;Estados Unidos;http://www.wikidata.org/entity/Q4872506;Battle of Taraca;batalha;;;1904-04-01T00:00:00Z;;;1904;;;http://www.wikidata.org/entity/Q214456;Guerra Filipino-Americana;;;http://www.wikidata.org/entity/Q124873;Mindanau;;;participant;
USA;http://www.wikidata.org/entity/Q30;Estados Unidos;http://www.wikidata.org/entity/Q4872945;Battle of the Malalag River;batalha;;;1905-10-01T00:00:00Z;;;1905;;;;;;;http://www.wikidata.org/entity/Q314885;Malalag;;;participant;
USA;http://www.wikidata.org/entity/Q30;Estados Unidos;http://www.wikidata.org/entity/Q4871408;Battle of Kelley Creek;batalha;;;1911-02-25T00:00:00Z;;;1911;;;http://www.wikidata.org/entity/Q849680;Guerras indígenas nos Estados Unidos;;;http://www.wikidata.org/entity/Q495376;condado de Humboldt;Point(-117.0951145 41.2649003);;participant;
USA;http://www.wikidata.org/entity/Q30;Estados Unidos;http://www.wikidata.org/entity/Q5452497;Primeira Batalha de Agua Prieta;batalha;;;1911-04-01T00:00:00Z;;;1911;;;;;;;http://www.wikidata.org/entity/Q397759;Agua Prieta;;;participant;
USA;http://www.wikidata.org/entity/Q30;Estados Unidos;http://www.wikidata.org/entity/Q20312960;Battle of Masaya;batalha;;;1912-09-19T00:00:00Z;;;1912;;;http://www.wikidata.org/entity/Q2304042;Ocupação estadunidense da Nicarágua;;;http://www.wikidata.org/entity/Q1001914;Masaya;;;participant;
USA;http://www.wikidata.org/entity/Q30;Estados Unidos;http://www.wikidata.org/entity/Q4871054;Batalha do Forte Riviere;batalha;;;1915-11-17T00:00:00Z;;;1915;;;http://www.wikidata.org/entity/Q3298759;Ocupação do Haiti pelos Estados Unidos;;;http://www.wikidata.org/entity/Q3078001;Fort Riviere;Point(-72.183 19.483);;participant;
USA;http://www.wikidata.org/entity/Q30;Estados Unidos;http://www.wikidata.org/entity/Q4871903;Battle of Nogales;batalha;;;1915-11-26T00:00:00Z;;;1915;;;http://www.wikidata.org/entity/Q214426;Revolução Mexicana;;;http://www.wikidata.org/entity/Q990001;Nogales;;;participant;
USA;http://www.wikidata.org/entity/Q30;Estados Unidos;http://www.wikidata.org/entity/Q2488483;Batalha de Columbus;batalha;;;1916-03-09T00:00:00Z;;;1916;;;;;;;http://www.wikidata.org/entity/Q1112742;Columbus;Point(-107.001944444 31.830833333);;participant;
USA;http://www.wikidata.org/entity/Q30;Estados Unidos;http://www.wikidata.org/entity/Q2887932;Batalha de El Carrizal;batalha;;;1916-06-21T00:00:00Z;;;1916;;;http://www.wikidata.org/entity/Q214426;Revolução Mexicana;;;http://www.wikidata.org/entity/Q2990979;Ahumada;;;participant;
USA;http://www.wikidata.org/entity/Q30;Estados Unidos;http://www.wikidata.org/entity/Q4871160;Battle of Guerrero;batalha;;;1916-03-29T00:00:00Z;;;1916;;;http://www.wikidata.org/entity/Q2615472;Guerra de fronteira mexicano-americana;;;http://www.wikidata.org/entity/Q1997282;Guerrero;Point(-107.485555555 28.547777777);;participant;
USA;http://www.wikidata.org/entity/Q30;Estados Unidos;http://www.wikidata.org/entity/Q3149886;Battle of Parral;batalha;;;1916-04-12T00:00:00Z;;;1916;;;http://www.wikidata.org/entity/Q2615472;Guerra de fronteira mexicano-americana;;;;;;;participant;
USA;http://www.wikidata.org/entity/Q30;Estados Unidos;http://www.wikidata.org/entity/Q131470908;Battle of Puerto Plata;batalha;;;1916-06-01T00:00:00Z;;;1916;;;http://www.wikidata.org/entity/Q1756207;Ocupação da República Dominicana pelos Estados Unidos (1916-1924);;;http://www.wikidata.org/entity/Q988413;San Felipe de Puerto Plata;;;participant;
USA;http://www.wikidata.org/entity/Q30;Estados Unidos;http://www.wikidata.org/entity/Q2207327;Action of 17 November 1917;batalha naval;;;1917-11-17T00:00:00Z;;;1917;;;http://www.wikidata.org/entity/Q361;Primeira Guerra Mundial;;;http://www.wikidata.org/entity/Q350134;Oceano Atlântico Norte;Point(-5.35 51.53333333);;participant;
USA;http://www.wikidata.org/entity/Q30;Estados Unidos;http://www.wikidata.org/entity/Q4870288;Batalha de Ambos Nogales;batalha;;;1918-08-27T00:00:00Z;;;1918;;;http://www.wikidata.org/entity/Q2615472;Guerra de fronteira mexicano-americana;;;http://www.wikidata.org/entity/Q79783;Nogales;Point(-110.942224 31.3328);;participant;
USA;http://www.wikidata.org/entity/Q30;Estados Unidos;http://www.wikidata.org/entity/Q2221265;Batalha de Cantigny;batalha;;;1918-05-28T00:00:00Z;;;1918;;;http://www.wikidata.org/entity/Q361;Primeira Guerra Mundial;;;http://www.wikidata.org/entity/Q1089844;Cantigny;Point(2.491 49.664);;participant;
USA;http://www.wikidata.org/entity/Q30;Estados Unidos;http://www.wikidata.org/entity/Q2890781;Batalha de Hamel;batalha;;;1918-07-04T00:00:00Z;;;1918;;;http://www.wikidata.org/entity/Q361;Primeira Guerra Mundial;;;http://www.wikidata.org/entity/Q1246770;Le Hamel;Point(2.581388888 49.898611111);;participant;
USA;http://www.wikidata.org/entity/Q30;Estados Unidos;http://www.wikidata.org/entity/Q2888116;Battle of Bear Valley;batalha;;;1918-01-09T00:00:00Z;;;1918;;;http://www.wikidata.org/entity/Q8049168;Yaqui Wars;;;;;;;participant;
USA;http://www.wikidata.org/entity/Q30;Estados Unidos;http://www.wikidata.org/entity/Q1172504;Battle of Château-Thierry;batalha;;;1918-07-18T00:00:00Z;;;1918;;;http://www.wikidata.org/entity/Q361;Primeira Guerra Mundial;;;http://www.wikidata.org/entity/Q194145;Château-Thierry;Point(3.37194444 49.04194444);;participant;
USA;http://www.wikidata.org/entity/Q30;Estados Unidos;http://www.wikidata.org/entity/Q3636419;Battle of Durazzo;batalha;;;1918-10-02T00:00:00Z;;;1918;;;http://www.wikidata.org/entity/Q3884054;Campanha do Adriático;;;http://www.wikidata.org/entity/Q13924;Mar Adriático;Point(19.333333333 41.25);;participant;
USA;http://www.wikidata.org/entity/Q30;Estados Unidos;http://www.wikidata.org/entity/Q1345169;Battle of the Sambre;batalha;;;1918-11-04T00:00:00Z;;;1918;;;http://www.wikidata.org/entity/Q361;Primeira Guerra Mundial;;;http://www.wikidata.org/entity/Q208267;Rio Sambre;Point(4.86667 50.4667);;participant;
USA;http://www.wikidata.org/entity/Q30;Estados Unidos;http://www.wikidata.org/entity/Q4870512;Battle of Bolshie Ozerki;batalha;;;1919-04-02T00:00:00Z;;;1919;;;http://www.wikidata.org/entity/Q79911;Guerra Civil Russa;;;;;;;participant;
USA;http://www.wikidata.org/entity/Q30;Estados Unidos;http://www.wikidata.org/entity/Q20312975;Battle of Port-au-Prince;batalha;;;1919-10-07T00:00:00Z;;;1919;;;http://www.wikidata.org/entity/Q3298759;Ocupação do Haiti pelos Estados Unidos;;;http://www.wikidata.org/entity/Q34261;Porto Príncipe;Point(-72.333 18.533);;participant;
USA;http://www.wikidata.org/entity/Q30;Estados Unidos;http://www.wikidata.org/entity/Q4872201;Battle of Romanovka;batalha;;;1919-06-25T00:00:00Z;;;1919;;;http://www.wikidata.org/entity/Q79911;Guerra Civil Russa;;;;;;;participant;
USA;http://www.wikidata.org/entity/Q30;Estados Unidos;http://www.wikidata.org/entity/Q130382243;Battle of Ust-Padenga;batalha;;;1919-01-19T00:00:00Z;;;1919;;;http://www.wikidata.org/entity/Q2468365;Intervenção militar estrangeira no norte da Rússia;;;http://www.wikidata.org/entity/Q4006648;Q4006648;;;participant;
USA;http://www.wikidata.org/entity/Q30;Estados Unidos;http://www.wikidata.org/entity/Q20312979;Battle of Port-au-Prince;batalha;;;1920-01-15T00:00:00Z;;;1920;;;http://www.wikidata.org/entity/Q3298759;Ocupação do Haiti pelos Estados Unidos;;;http://www.wikidata.org/entity/Q34261;Porto Príncipe;Point(-72.333 18.533);;participant;
USA;http://www.wikidata.org/entity/Q30;Estados Unidos;http://www.wikidata.org/entity/Q16950617;Battle of La Paz Centro;batalha;;;1927-05-16T00:00:00Z;;;1927;;;http://www.wikidata.org/entity/Q2304042;Ocupação estadunidense da Nicarágua;;;http://www.wikidata.org/entity/Q2604553;La Paz Centro;;;participant;
USA;http://www.wikidata.org/entity/Q30;Estados Unidos;http://www.wikidata.org/entity/Q4438362;Battle of Ocotal;batalha;;;1927-07-16T00:00:00Z;;;1927;;;http://www.wikidata.org/entity/Q2304042;Ocupação estadunidense da Nicarágua;;;http://www.wikidata.org/entity/Q1025830;Ocotal;Point(-86.48333333 13.63333333);;participant;
USA;http://www.wikidata.org/entity/Q30;Estados Unidos;http://www.wikidata.org/entity/Q16950675;Battle of San Fernando;batalha;;;1927-07-25T00:00:00Z;;;1927;;;http://www.wikidata.org/entity/Q2304042;Ocupação estadunidense da Nicarágua;;;http://www.wikidata.org/entity/Q1647665;San Fernando;;;participant;
USA;http://www.wikidata.org/entity/Q30;Estados Unidos;http://www.wikidata.org/entity/Q20312985;Battle of Sapotillal;batalha;;;1927-10-09T00:00:00Z;;;1927;;;http://www.wikidata.org/entity/Q2304042;Ocupação estadunidense da Nicarágua;;;;;;;participant;
USA;http://www.wikidata.org/entity/Q30;Estados Unidos;http://www.wikidata.org/entity/Q4872530;Battle of Telpaneca;batalha;;;1927-09-19T00:00:00Z;;;1927;;;http://www.wikidata.org/entity/Q2304042;Ocupação estadunidense da Nicarágua;;;http://www.wikidata.org/entity/Q2216981;Telpaneca;;;participant;
USA;http://www.wikidata.org/entity/Q30;Estados Unidos;http://www.wikidata.org/entity/Q4871537;Battle of Las Cruces;batalha;;;1928-01-01T00:00:00Z;;;1928;;;http://www.wikidata.org/entity/Q2304042;Ocupação estadunidense da Nicarágua;;;;;;;participant;
USA;http://www.wikidata.org/entity/Q30;Estados Unidos;http://www.wikidata.org/entity/Q16834859;Battle of El Sauce;batalha;;;1932-12-26T00:00:00Z;;;1932;;;http://www.wikidata.org/entity/Q2304042;Ocupação estadunidense da Nicarágua;;;;;;;participant;
USA;http://www.wikidata.org/entity/Q30;Estados Unidos;http://www.wikidata.org/entity/Q52418;Ataque a Pearl Harbor;batalha;;;1941-12-07T00:00:00Z;;;1941;;;http://www.wikidata.org/entity/Q524272;Frente do Sudeste da Ásia na Segunda Guerra Mundial;;;http://www.wikidata.org/entity/Q127091;Pearl Harbor;Point(-157.95 21.365);2469;participant;2469.0
USA;http://www.wikidata.org/entity/Q30;Estados Unidos;http://www.wikidata.org/entity/Q543043;Attack on Aruba;batalha naval;;;1942-02-16T00:00:00Z;;;1942;;;http://www.wikidata.org/entity/Q362;Segunda Guerra Mundial;;;;;;;participant;
USA;http://www.wikidata.org/entity/Q30;Estados Unidos;http://www.wikidata.org/entity/Q1475679;Batalha de Tassafaronga;batalha naval;;;1942-11-30T00:00:00Z;;;1942;;;http://www.wikidata.org/entity/Q217145;Batalha de Guadalcanal;;;http://www.wikidata.org/entity/Q10691338;Tassafaronga Point;Point(159.83333333 -9.2);;participant;
USA;http://www.wikidata.org/entity/Q30;Estados Unidos;http://www.wikidata.org/entity/Q263142;Batalha do Mar de Java;batalha naval;;;1942-02-27T00:00:00Z;;;1942;;;http://www.wikidata.org/entity/Q698226;Dutch East Indies campaign;;;http://www.wikidata.org/entity/Q49364;Mar de Java;Point(111.0 -5.0);;participant;
USA;http://www.wikidata.org/entity/Q30;Estados Unidos;http://www.wikidata.org/entity/Q1414998;Batalha do Tenaru;batalha;;;1942-08-21T00:00:00Z;;;1942;;;http://www.wikidata.org/entity/Q217145;Batalha de Guadalcanal;;;http://www.wikidata.org/entity/Q192767;Guadalcanal;Point(160.066803 -9.422168);;participant;
USA;http://www.wikidata.org/entity/Q30;Estados Unidos;http://www.wikidata.org/entity/Q543075;Battle of Dutch Harbor;batalha;;;1942-06-04T00:00:00Z;;;1942;;;http://www.wikidata.org/entity/Q362;Segunda Guerra Mundial;;;http://www.wikidata.org/entity/Q79982;Unalaska;Point(-166.54222222 53.8875);;participant;
USA;http://www.wikidata.org/entity/Q30;Estados Unidos;http://www.wikidata.org/entity/Q80264;Battle of Makassar Strait;batalha naval;;;1942-02-04T00:00:00Z;;;1942;;;http://www.wikidata.org/entity/Q362;Segunda Guerra Mundial;;;http://www.wikidata.org/entity/Q49364;Mar de Java;Point(115.5 -7.5);;participant;
USA;http://www.wikidata.org/entity/Q30;Estados Unidos;http://www.wikidata.org/entity/Q67322153;Battle of SS Stephen Hopkins;batalha naval;;;1942-09-27T00:00:00Z;;;1942;;;http://www.wikidata.org/entity/Q362;Segunda Guerra Mundial;;;http://www.wikidata.org/entity/Q97;Oceano Atlântico;Point(-11.918333 -28.214722);;participant;
USA;http://www.wikidata.org/entity/Q30;Estados Unidos;http://www.wikidata.org/entity/Q548819;Batalha das Ilhas Komandorski;batalha naval;;;1943-03-27T00:00:00Z;;;1943;;;http://www.wikidata.org/entity/Q184425;Guerra do Pacífico;;;http://www.wikidata.org/entity/Q208268;Ilhas Comandante;Point(168.212777777 53.098611111);;participant;
USA;http://www.wikidata.org/entity/Q30;Estados Unidos;http://www.wikidata.org/entity/Q2363492;Batalha de El Guettar;batalha;;;1943-03-23T00:00:00Z;;;1943;;;http://www.wikidata.org/entity/Q852365;Campanha da Tunísia;;;http://www.wikidata.org/entity/Q2705113;El Guettar;Point(8.948056 34.336667);;participant;
USA;http://www.wikidata.org/entity/Q30;Estados Unidos;http://www.wikidata.org/entity/Q701908;Batalha de Vella Lavella;batalha naval;;;1943-10-06T00:00:00Z;;;1943;;;http://www.wikidata.org/entity/Q184425;Guerra do Pacífico;;;http://www.wikidata.org/entity/Q1139193;Vella Lavella;Point(156.23333333 -7.5);;participant;
USA;http://www.wikidata.org/entity/Q30;Estados Unidos;http://www.wikidata.org/entity/Q4870389;Battle of Bairoko;batalha;;;1943-07-20T00:00:00Z;;;1943;;;http://www.wikidata.org/entity/Q184425;Guerra do Pacífico;;;http://www.wikidata.org/entity/Q1044754;Nova Geórgia;;;participant;
USA;http://www.wikidata.org/entity/Q30;Estados Unidos;http://www.wikidata.org/entity/Q2597051;Battle of Blackett Strait;batalha naval;;;1943-03-06T00:00:00Z;;;1943;;;http://www.wikidata.org/entity/Q184425;Guerra do Pacífico;;;http://www.wikidata.org/entity/Q2074365;Estreito de Blackett;Point(152.3 -5.06666667);;participant;
USA;http://www.wikidata.org/entity/Q30;Estados Unidos;http://www.wikidata.org/entity/Q702096;Battle of Kula Gulf;batalha naval;;;1943-07-06T00:00:00Z;;;1943;;;http://www.wikidata.org/entity/Q184425;Guerra do Pacífico;;;http://www.wikidata.org/entity/Q542053;Kolombangara;Point(157.066666666 -7.966666666);;participant;
USA;http://www.wikidata.org/entity/Q30;Estados Unidos;http://www.wikidata.org/entity/Q696900;Batalha de Guam;batalha;;;1944-08-10T00:00:00Z;;;1944;;;http://www.wikidata.org/entity/Q362;Segunda Guerra Mundial;;;http://www.wikidata.org/entity/Q16635;Guam;Point(144.663055555 13.402777777);;participant;
USA;http://www.wikidata.org/entity/Q30;Estados Unidos;http://www.wikidata.org/entity/Q714298;Batalha de St. Vith;batalha;;;1944-12-21T00:00:00Z;;;1944;;;http://www.wikidata.org/entity/Q151018;Batalha das Ardenas;;;http://www.wikidata.org/entity/Q152748;Sankt Vith;Point(6.12666667 50.28194444);;participant;
USA;http://www.wikidata.org/entity/Q30;Estados Unidos;http://www.wikidata.org/entity/Q4870811;Battle of Crucifix Hill;batalha;;;1944-10-08T00:00:00Z;;;1944;;;http://www.wikidata.org/entity/Q362;Segunda Guerra Mundial;;;http://www.wikidata.org/entity/Q1017;Aachen;Point(6.13941667 50.79934167);;participant;
USA;http://www.wikidata.org/entity/Q30;Estados Unidos;http://www.wikidata.org/entity/Q2237217;Battle of Saint-Lô;batalha;;;1944-07-24T00:00:00Z;;;1944;;;http://www.wikidata.org/entity/Q362;Segunda Guerra Mundial;;;http://www.wikidata.org/entity/Q181704;Saint-Lô;Point(-1.09 49.12);;participant;
USA;http://www.wikidata.org/entity/Q30;Estados Unidos;http://www.wikidata.org/entity/Q5411051;Battle of Surigao Strait;batalha naval;;;1944-10-24T00:00:00Z;;;1944;;;;;;;http://www.wikidata.org/entity/Q1632248;Estreito de Surigao;;;participant;
USA;http://www.wikidata.org/entity/Q30;Estados Unidos;http://www.wikidata.org/entity/Q23751276;Battle of Talasea;batalha;;;1944-03-09T00:00:00Z;;;1944;;;http://www.wikidata.org/entity/Q362;Segunda Guerra Mundial;;;http://www.wikidata.org/entity/Q59771;Nova Bretanha;Point(149.990888888 -5.263888888);;participant;
USA;http://www.wikidata.org/entity/Q30;Estados Unidos;http://www.wikidata.org/entity/Q24943339;Battle of the Sibuyan Sea;batalha naval;;;1944-10-24T00:00:00Z;;;1944;;;http://www.wikidata.org/entity/Q308999;Batalha do Golfo de Leyte;;;http://www.wikidata.org/entity/Q594834;Mar de Sibuyan;Point(122.5 12.75);;participant;
USA;http://www.wikidata.org/entity/Q30;Estados Unidos;http://www.wikidata.org/entity/Q3535104;Elsenborn Ridge;batalha;;;1944-12-26T00:00:00Z;;;1944;;;http://www.wikidata.org/entity/Q362;Segunda Guerra Mundial;;;http://www.wikidata.org/entity/Q3047187;Elsenborn;Point(6.26416667 50.44638889);;participant;
USA;http://www.wikidata.org/entity/Q30;Estados Unidos;http://www.wikidata.org/entity/Q14303815;Batalha pelo Castelo Itter;batalha;;;1945-05-05T00:00:00Z;;;1945;;;http://www.wikidata.org/entity/Q362;Segunda Guerra Mundial;;;http://www.wikidata.org/entity/Q2968289;Itter Castle;Point(12.139722222 47.470555555);;participant;
USA;http://www.wikidata.org/entity/Q30;Estados Unidos;http://www.wikidata.org/entity/Q97193646;Battle of Kasumi;batalha naval;;;1945-08-14T00:00:00Z;;;1945;;;;;;;http://www.wikidata.org/entity/Q6374892;Kasumi;;;participant;
USA;http://www.wikidata.org/entity/Q30;Estados Unidos;http://www.wikidata.org/entity/Q110517047;Operation Cowboy;batalha;;;1945-04-28T00:00:00Z;;;1945;;;http://www.wikidata.org/entity/Q362;Segunda Guerra Mundial;;;http://www.wikidata.org/entity/Q264897;Hostouň;Point(12.771055 49.577981);;participant;
USA;http://www.wikidata.org/entity/Q30;Estados Unidos;http://www.wikidata.org/entity/Q379433;Operação Ten-Go;operação militar;;;1945-04-07T00:00:00Z;;;1945;;;http://www.wikidata.org/entity/Q184425;Guerra do Pacífico;;;http://www.wikidata.org/entity/Q98;Oceano Pacífico;Point(128.06666667 30.36666667);;participant;
USA;http://www.wikidata.org/entity/Q30;Estados Unidos;http://www.wikidata.org/entity/Q4871225;Batalha da Colina 282;batalha;;;1950-09-23T00:00:00Z;;;1950;;;http://www.wikidata.org/entity/Q8663;Guerra da Coreia;;;;;;;participant;
USA;http://www.wikidata.org/entity/Q30;Estados Unidos;http://www.wikidata.org/entity/Q484494;Batalha de Osan;batalha;;;1950-07-04T00:00:00Z;;;1950;;;http://www.wikidata.org/entity/Q8663;Guerra da Coreia;;;http://www.wikidata.org/entity/Q42129;Osan;Point(127.053 37.185);;participant;
USA;http://www.wikidata.org/entity/Q30;Estados Unidos;http://www.wikidata.org/entity/Q109461479;Battle of Cheonpyeong Valley;batalha;;;1950-08-21T00:00:00Z;;;1950;;;http://www.wikidata.org/entity/Q8663;Guerra da Coreia;;;http://www.wikidata.org/entity/Q12582366;Gasan-myeon (Chilgok-gun);;;participant;
USA;http://www.wikidata.org/entity/Q30;Estados Unidos;http://www.wikidata.org/entity/Q3270739;Battle of Pakchon;batalha;;;1950-11-05T00:00:00Z;;;1950;;;http://www.wikidata.org/entity/Q8663;Guerra da Coreia;;;http://www.wikidata.org/entity/Q705768;Pakchon County;Point(125.591388888 39.658888888);;participant;
USA;http://www.wikidata.org/entity/Q30;Estados Unidos;http://www.wikidata.org/entity/Q493131;Battle of Pyongtaek;batalha;;;1950-07-06T00:00:00Z;;;1950;;;http://www.wikidata.org/entity/Q8663;Guerra da Coreia;;;http://www.wikidata.org/entity/Q42154;Pyeongtaek;Point(127.096 36.9933);;participant;
USA;http://www.wikidata.org/entity/Q30;Estados Unidos;http://www.wikidata.org/entity/Q4741033;Battle of Sariwon;batalha;;;1950-10-17T00:00:00Z;;;1950;;;http://www.wikidata.org/entity/Q8663;Guerra da Coreia;;;http://www.wikidata.org/entity/Q505807;Sariwon;Point(125.76 38.5064);;participant;
USA;http://www.wikidata.org/entity/Q30;Estados Unidos;http://www.wikidata.org/entity/Q4872470;Battle of Suwon Airfield;batalha;;;1950-06-27T00:00:00Z;;;1950;;;http://www.wikidata.org/entity/Q8663;Guerra da Coreia;;;;;;;participant;
USA;http://www.wikidata.org/entity/Q30;Estados Unidos;http://www.wikidata.org/entity/Q4872974;Battle of the Notch;batalha;;;1950-08-02T00:00:00Z;;;1950;;;http://www.wikidata.org/entity/Q8663;Guerra da Coreia;;;http://www.wikidata.org/entity/Q884;Coreia do Sul;;;participant;
USA;http://www.wikidata.org/entity/Q30;Estados Unidos;http://www.wikidata.org/entity/Q4873032;Battle of the Twin Tunnels;batalha;;;1951-02-01T00:00:00Z;;;1951;;;http://www.wikidata.org/entity/Q8663;Guerra da Coreia;;;;;Point(127.6725 37.44305556);;participant;
USA;http://www.wikidata.org/entity/Q30;Estados Unidos;http://www.wikidata.org/entity/Q7097631;Operation Thunderbolt;operação militar;;;1951-02-20T00:00:00Z;;;1951;;;http://www.wikidata.org/entity/Q8663;Guerra da Coreia;;;http://www.wikidata.org/entity/Q55500;Rio Han;Point(126.183 37.75);;participant;
USA;http://www.wikidata.org/entity/Q30;Estados Unidos;http://www.wikidata.org/entity/Q7097647;Operation Tomahawk;batalha;;;1951-03-23T00:00:00Z;;;1951;;;http://www.wikidata.org/entity/Q8663;Guerra da Coreia;;;http://www.wikidata.org/entity/Q18097;Coreia;;;participant;
USA;http://www.wikidata.org/entity/Q30;Estados Unidos;http://www.wikidata.org/entity/Q2890905;Battle of the Samichon River;batalha;;;1953-07-26T00:00:00Z;;;1953;;;http://www.wikidata.org/entity/Q8663;Guerra da Coreia;;;http://www.wikidata.org/entity/Q6146251;Jamestown Line;Point(126.836944444 38.028888888);;participant;
USA;http://www.wikidata.org/entity/Q30;Estados Unidos;http://www.wikidata.org/entity/Q280468;Batalha de Ap Bac;batalha;;;1963-01-02T00:00:00Z;;;1963;;;http://www.wikidata.org/entity/Q8740;Guerra do Vietnã;;;;;Point(106.195277777 10.438333333);104;participant;104.0
USA;http://www.wikidata.org/entity/Q30;Estados Unidos;http://www.wikidata.org/entity/Q4871215;Battle of Hiep Hoa;batalha;;;1963-11-22T00:00:00Z;;;1963;;;http://www.wikidata.org/entity/Q8740;Guerra do Vietnã;;;;;;;participant;
USA;http://www.wikidata.org/entity/Q30;Estados Unidos;http://www.wikidata.org/entity/Q4871074;Battle of Gang Toi;batalha;;;1965-11-08T00:00:00Z;;;1965;;;http://www.wikidata.org/entity/Q8740;Guerra do Vietnã;;;http://www.wikidata.org/entity/Q33271;Dong Nai;Point(106.97 11.06);;participant;
USA;http://www.wikidata.org/entity/Q30;Estados Unidos;http://www.wikidata.org/entity/Q1477118;Operação Starlite;batalha;;;1965-01-01T00:00:00Z;;;1965;;;http://www.wikidata.org/entity/Q8740;Guerra do Vietnã;;;;;Point(108.84 15.299);;participant;
USA;http://www.wikidata.org/entity/Q30;Estados Unidos;http://www.wikidata.org/entity/Q259526;Batalha de Long Tan;batalha;;;1966-08-18T00:00:00Z;;;1966;;;http://www.wikidata.org/entity/Q8740;Guerra do Vietnã;;;http://www.wikidata.org/entity/Q3138964;Long Tân;Point(107.258888888 10.553888888);;participant;
USA;http://www.wikidata.org/entity/Q30;Estados Unidos;http://www.wikidata.org/entity/Q2026028;Operation Crimp;batalha;;;1966-01-14T00:00:00Z;;;1966;;;http://www.wikidata.org/entity/Q8740;Guerra do Vietnã;;;http://www.wikidata.org/entity/Q1151196;Distrito de Cu Chi;Point(106.526 11.061);;participant;
USA;http://www.wikidata.org/entity/Q30;Estados Unidos;http://www.wikidata.org/entity/Q4438395;Battle of Ong Thanh;batalha;;;1967-10-17T00:00:00Z;;;1967;;;http://www.wikidata.org/entity/Q8740;Guerra do Vietnã;;;;;;;participant;
USA;http://www.wikidata.org/entity/Q30;Estados Unidos;http://www.wikidata.org/entity/Q4872465;Battle of Suoi Chau Pha;batalha;;;1967-08-06T00:00:00Z;;;1967;;;http://www.wikidata.org/entity/Q8740;Guerra do Vietnã;;;;;Point(107.15 10.65);;participant;
USA;http://www.wikidata.org/entity/Q30;Estados Unidos;http://www.wikidata.org/entity/Q2026094;Operation Francis Marion;batalha;;;1967-10-11T00:00:00Z;;;1967;;;http://www.wikidata.org/entity/Q8740;Guerra do Vietnã;;;http://www.wikidata.org/entity/Q30599;Pleiku;;;participant;
USA;http://www.wikidata.org/entity/Q30;Estados Unidos;http://www.wikidata.org/entity/Q2026397;Operation Speedy Express;batalha;;;1968-12-01T00:00:00Z;;;1968;;;http://www.wikidata.org/entity/Q8740;Guerra do Vietnã;;;http://www.wikidata.org/entity/Q1052867;Delta do Rio Mekong (região);;;participant;
USA;http://www.wikidata.org/entity/Q30;Estados Unidos;http://www.wikidata.org/entity/Q1272544;Operation Dewey Canyon;batalha;;;1969-03-18T00:00:00Z;;;1969;;;http://www.wikidata.org/entity/Q8740;Guerra do Vietnã;;;http://www.wikidata.org/entity/Q4073426;A Shau Valley;;;participant;
USA;http://www.wikidata.org/entity/Q30;Estados Unidos;http://www.wikidata.org/entity/Q692885;Operation Ivory Coast;batalha;;;1970-11-21T00:00:00Z;;;1970;;;http://www.wikidata.org/entity/Q8740;Guerra do Vietnã;;;http://www.wikidata.org/entity/Q1365138;Sơn Tây;Point(105.495880555 21.144355555);;participant;
USA;http://www.wikidata.org/entity/Q30;Estados Unidos;http://www.wikidata.org/entity/Q1678423;Battle of FSB Mary Ann;batalha;;;1971-03-28T00:00:00Z;;;1971;;;http://www.wikidata.org/entity/Q8740;Guerra do Vietnã;;;;;Point(108.11 15.3056);;participant;
USA;http://www.wikidata.org/entity/Q30;Estados Unidos;http://www.wikidata.org/entity/Q4871925;Battle of Nui Le;batalha;;;1971-09-21T00:00:00Z;;;1971;;;http://www.wikidata.org/entity/Q8740;Guerra do Vietnã;;;http://www.wikidata.org/entity/Q7189910;Phước Tuy;;;participant;
USA;http://www.wikidata.org/entity/Q30;Estados Unidos;http://www.wikidata.org/entity/Q4872400;Battle of Snuol;batalha;;;1971-05-30T00:00:00Z;;;1971;;;http://www.wikidata.org/entity/Q8740;Guerra do Vietnã;;;;;Point(106.422 12.0649);;participant;
USA;http://www.wikidata.org/entity/Q30;Estados Unidos;http://www.wikidata.org/entity/Q2745406;Segunda Guerra de Shaba;guerra;;;1978-06-01T00:00:00Z;;;1978;;;http://www.wikidata.org/entity/Q12055176;Guerra Civil Angolana;;;http://www.wikidata.org/entity/Q217242;Catanga;;;participant;
USA;http://www.wikidata.org/entity/Q30;Estados Unidos;http://www.wikidata.org/entity/Q650773;Action in the Gulf of Sidra;batalha naval;;;1986-03-24T00:00:00Z;;;1986;;;;;;;http://www.wikidata.org/entity/Q187274;Golfo de Sidra;;;participant;
USA;http://www.wikidata.org/entity/Q30;Estados Unidos;http://www.wikidata.org/entity/Q2026308;Operation Praying Mantis;batalha;;;1988-04-18T00:00:00Z;;;1988;;;http://www.wikidata.org/entity/Q82664;Guerra Irã-Iraque;;;http://www.wikidata.org/entity/Q34675;Golfo Pérsico;;2;participant;2.0
USA;http://www.wikidata.org/entity/Q30;Estados Unidos;http://www.wikidata.org/entity/Q133873549;Battle of Pacora River Bridge;batalha;;;1989-12-20T00:00:00Z;;;1989;;;http://www.wikidata.org/entity/Q7097329;Operation Nifty Package;;;http://www.wikidata.org/entity/Q7123105;Pacora River;;;participant;
USA;http://www.wikidata.org/entity/Q30;Estados Unidos;http://www.wikidata.org/entity/Q4870849;Battle of Dasman Palace;batalha;;;1990-08-02T00:00:00Z;;;1990;;;http://www.wikidata.org/entity/Q37643;Guerra do Golfo;;;http://www.wikidata.org/entity/Q817;Kuwait;Point(47.99738056 29.38693333);;participant;
USA;http://www.wikidata.org/entity/Q30;Estados Unidos;http://www.wikidata.org/entity/Q4870995;Battle of Failaka;batalha;;;1990-08-02T00:00:00Z;;;1990;;;http://www.wikidata.org/entity/Q37643;Guerra do Golfo;;;http://www.wikidata.org/entity/Q817;Kuwait;Point(47.997381 29.386933);;participant;
USA;http://www.wikidata.org/entity/Q30;Estados Unidos;http://www.wikidata.org/entity/Q3636316;Batalha de Al Busayyah;batalha;;;1991-02-26T00:00:00Z;;;1991;;;http://www.wikidata.org/entity/Q37643;Guerra do Golfo;;;http://www.wikidata.org/entity/Q212761;Al-Muthanna;Point(46.10861111 30.11277778);;participant;
USA;http://www.wikidata.org/entity/Q30;Estados Unidos;http://www.wikidata.org/entity/Q1634629;Batalha de Medina Ridge;batalha;;;1991-02-27T00:00:00Z;;;1991;;;http://www.wikidata.org/entity/Q37643;Guerra do Golfo;;;http://www.wikidata.org/entity/Q48195;Baçorá;Point(46.935 30.17416667);;participant;
USA;http://www.wikidata.org/entity/Q30;Estados Unidos;http://www.wikidata.org/entity/Q3636553;Batalha de Norfolk;batalha;;;1991-02-27T00:00:00Z;;;1991;;;http://www.wikidata.org/entity/Q37643;Guerra do Golfo;;;http://www.wikidata.org/entity/Q212761;Al-Muthanna;;;participant;
USA;http://www.wikidata.org/entity/Q30;Estados Unidos;http://www.wikidata.org/entity/Q3636571;Batalha de Phase Line Bullet;batalha;;;1991-02-26T00:00:00Z;;;1991;;;http://www.wikidata.org/entity/Q37643;Guerra do Golfo;;;;;Point(46.87305556 29.89277778);;participant;
USA;http://www.wikidata.org/entity/Q30;Estados Unidos;http://www.wikidata.org/entity/Q4870165;Battle for Jalibah Airfield;batalha;;;1991-02-27T00:00:00Z;;;1991;;;http://www.wikidata.org/entity/Q37643;Guerra do Golfo;;;http://www.wikidata.org/entity/Q6126766;Jalibah Southeast Air Base;Point(46.60222222 30.54694444);;participant;
USA;http://www.wikidata.org/entity/Q30;Estados Unidos;http://www.wikidata.org/entity/Q19428991;Battle of Kuwait International Airport;batalha;;;1991-02-27T00:00:00Z;;;1991;;;http://www.wikidata.org/entity/Q37643;Guerra do Golfo;;;http://www.wikidata.org/entity/Q527157;Aeroporto Internacional do Kuwait;;;participant;
USA;http://www.wikidata.org/entity/Q30;Estados Unidos;http://www.wikidata.org/entity/Q4872216;Battle of Rumaila;batalha;;;1991-03-02T00:00:00Z;;;1991;;;http://www.wikidata.org/entity/Q37643;Guerra do Golfo;;;http://www.wikidata.org/entity/Q2668029;Lake Hammar;Point(47.32166667 30.69805556);;participant;
USA;http://www.wikidata.org/entity/Q30;Estados Unidos;http://www.wikidata.org/entity/Q28162754;Samurra Air Battle;batalha;;;1991-01-30T00:00:00Z;;;1991;;;http://www.wikidata.org/entity/Q8256467;Gulf War air campaign;;;http://www.wikidata.org/entity/Q4077311;Khan Bani Saad City;;;participant;
USA;http://www.wikidata.org/entity/Q30;Estados Unidos;http://www.wikidata.org/entity/Q1330136;Segunda Batalha de Falluja;batalha;;2004-12-23T00:00:00Z;2004-12-23T00:00:00Z;;2004;2004;;;http://www.wikidata.org/entity/Q545449;Guerra do Iraque;;;http://www.wikidata.org/entity/Q191170;Falluja;Point(43.78333333 33.35);;participant;
USA;http://www.wikidata.org/entity/Q30;Estados Unidos;http://www.wikidata.org/entity/Q18639119;Battle of BIAP;batalha;;;2004-04-11T00:00:00Z;;;2004;;;;;;;;;;;participant;
USA;http://www.wikidata.org/entity/Q30;Estados Unidos;http://www.wikidata.org/entity/Q4871257;Battle of Husaybah;batalha;;;2004-04-17T00:00:00Z;;;2004;;;http://www.wikidata.org/entity/Q545449;Guerra do Iraque;;;http://www.wikidata.org/entity/Q187334;Al-Anbar;;;participant;
USA;http://www.wikidata.org/entity/Q30;Estados Unidos;http://www.wikidata.org/entity/Q2026278;Operation Plymouth Rock;batalha;;;2004-11-23T00:00:00Z;;;2004;;;http://www.wikidata.org/entity/Q6722016;occupation of Iraq;;;http://www.wikidata.org/entity/Q1530;Bagdá;;;participant;
USA;http://www.wikidata.org/entity/Q30;Estados Unidos;http://www.wikidata.org/entity/Q2889747;Batalha de Ramadi;batalha;;;2006-11-15T00:00:00Z;;;2006;;;http://www.wikidata.org/entity/Q545449;Guerra do Iraque;;;http://www.wikidata.org/entity/Q192961;Ramadi;Point(43.3 33.416666666);;participant;
USA;http://www.wikidata.org/entity/Q30;Estados Unidos;http://www.wikidata.org/entity/Q2889117;Friendly fire incident at Sangin;batalha;;;2006-03-29T00:00:00Z;;;2006;;;http://www.wikidata.org/entity/Q182865;Guerra do Afeganistão;;;http://www.wikidata.org/entity/Q173821;Helmand;Point(64.363333333 31.589166666);;participant;
USA;http://www.wikidata.org/entity/Q30;Estados Unidos;http://www.wikidata.org/entity/Q123989936;Battle of Aranas;batalha;;;2007-11-09T00:00:00Z;;;2007;;;http://www.wikidata.org/entity/Q182865;Guerra do Afeganistão;;;http://www.wikidata.org/entity/Q167485;Nuristão;;;participant;
USA;http://www.wikidata.org/entity/Q30;Estados Unidos;http://www.wikidata.org/entity/Q281145;Battle of Firebase Anaconda;batalha;;;2007-08-08T00:00:00Z;;;2007;;;http://www.wikidata.org/entity/Q182865;Guerra do Afeganistão;;;http://www.wikidata.org/entity/Q183028;Oruzgan;Point(66.0 32.13333333);;participant;
USA;http://www.wikidata.org/entity/Q30;Estados Unidos;http://www.wikidata.org/entity/Q267418;Emboscada de Uzbin;batalha;;2008-08-19T00:00:00Z;2008-08-18T00:00:00Z;;2008;2008;;;http://www.wikidata.org/entity/Q182865;Guerra do Afeganistão;;;http://www.wikidata.org/entity/Q3473688;Surobi;Point(69.848888888 34.659166666);1;participant;1.0
USA;http://www.wikidata.org/entity/Q30;Estados Unidos;http://www.wikidata.org/entity/Q4871080;Battle of Garmsir;batalha;;;2008-09-08T00:00:00Z;;;2008;;;http://www.wikidata.org/entity/Q182865;Guerra do Afeganistão;;;http://www.wikidata.org/entity/Q173821;Helmand;;;participant;
USA;http://www.wikidata.org/entity/Q30;Estados Unidos;http://www.wikidata.org/entity/Q4871421;Battle of Khaz Oruzgan;batalha;;;2008-09-02T00:00:00Z;;;2008;;;http://www.wikidata.org/entity/Q182865;Guerra do Afeganistão;;;http://www.wikidata.org/entity/Q2215441;Khas Uruzgan;;;participant;
USA;http://www.wikidata.org/entity/Q30;Estados Unidos;http://www.wikidata.org/entity/Q2889960;Battle of Shewan;batalha;;;2008-08-08T00:00:00Z;;;2008;;;http://www.wikidata.org/entity/Q182865;Guerra do Afeganistão;;;http://www.wikidata.org/entity/Q180330;Farah;Point(62.488055555 32.625);;participant;
USA;http://www.wikidata.org/entity/Q30;Estados Unidos;http://www.wikidata.org/entity/Q4872371;Battle of Shok Valley;batalha;;;2008-04-06T00:00:00Z;;;2008;;;http://www.wikidata.org/entity/Q182865;Guerra do Afeganistão;;;;;;;participant;
USA;http://www.wikidata.org/entity/Q30;Estados Unidos;http://www.wikidata.org/entity/Q17182139;Attack on Bari Alai;batalha;;;2009-05-01T00:00:00Z;;;2009;;;http://www.wikidata.org/entity/Q182865;Guerra do Afeganistão;;;http://www.wikidata.org/entity/Q7075429;Observation Post Bari Alai;;;participant;
USA;http://www.wikidata.org/entity/Q30;Estados Unidos;http://www.wikidata.org/entity/Q4871076;Battle of Ganjgal;batalha;;;2009-09-08T00:00:00Z;;;2009;;;http://www.wikidata.org/entity/Q182865;Guerra do Afeganistão;;;http://www.wikidata.org/entity/Q188147;Kunar;Point(71.158 34.79);;participant;
USA;http://www.wikidata.org/entity/Q30;Estados Unidos;http://www.wikidata.org/entity/Q4870881;Battle of Do Ab;batalha;;;2011-05-25T00:00:00Z;;;2011;;;http://www.wikidata.org/entity/Q182865;Guerra do Afeganistão;;;http://www.wikidata.org/entity/Q167485;Nuristão;;;participant;
USA;http://www.wikidata.org/entity/Q30;Estados Unidos;http://www.wikidata.org/entity/Q15709934;Battle of Joybar;batalha;;;2011-07-13T00:00:00Z;;;2011;;;http://www.wikidata.org/entity/Q182865;Guerra do Afeganistão;;;http://www.wikidata.org/entity/Q173816;Capisa;Point(69.643888888 34.870833333);1;participant;1.0
USA;http://www.wikidata.org/entity/Q30;Estados Unidos;http://www.wikidata.org/entity/Q28716912;Yakla raid;batalha;;;2017-01-29T00:00:00Z;;;2017;;;http://www.wikidata.org/entity/Q286436;Rebelião da Al-Qaeda no Iémen;;;http://www.wikidata.org/entity/Q12226932;Qayfah Āl Mahdī;Point(45.06 14.598);16;participant;16.0
USA;http://www.wikidata.org/entity/Q30;Estados Unidos;http://www.wikidata.org/entity/Q646846;Operations Reckless and Persecution;batalha;;;;;;;;;http://www.wikidata.org/entity/Q4186464;Western New Guinea campaign;;;;;;;participant;
