iso3,country,city_qid,admin_q,is_cap,pop,yr,lat,lon
GRC,Grécia,Q81045,http://www.wikidata.org/entity/Q18564295,0,16672,,40.04666667,23.41611111
GRC,Grécia,Q82208,http://www.wikidata.org/entity/Q12875676,0,746,,39.63166667,20.92166667
GRC,Grécia,Q83754,http://www.wikidata.org/entity/Q1231770,0,3509,,39.86111,22.47611
GRC,Grécia,Q86381,http://www.wikidata.org/entity/Q649278,0,654,,37.664166666667,22.749722222222
GRC,Grécia,Q103011,http://www.wikidata.org/entity/Q3042287,0,30816,,37.938611111111,22.927222222222
GRC,Grécia,Q132198,http://www.wikidata.org/entity/Q12875716,0,1497,,39.36861,26.18056
GRC,Grécia,Q133123,http://www.wikidata.org/entity/Q12875753,0,173600,,38.25,21.733333333333
GRC,Grécia,Q139595,http://www.wikidata.org/entity/Q9385573,0,5224,,37.486111111111,21.649444444444
GRC,Grécia,Q139618,http://www.wikidata.org/entity/Q2366186,0,37,,35.337777777778,24.502611111111
GRC,Grécia,Q144869,http://www.wikidata.org/entity/Q12875663,0,11082,,37.782875,20.896179
GRC,Grécia,Q144880,http://www.wikidata.org/entity/Q12875663,0,41180,,37.8,20.75
GRC,Grécia,Q156882,http://www.wikidata.org/entity/Q173620,0,32977,,37.75,26.8333
GRC,Grécia,Q160483,http://www.wikidata.org/entity/Q1690590,0,51930,,38.4,26.016666666667
GRC,Grécia,Q160544,http://www.wikidata.org/entity/Q12875662,0,145440,,35.340277777778,25.134444444444
GRC,Grécia,Q162933,http://www.wikidata.org/entity/Q1938296,0,18476,,37.797,21.3515
GRC,Grécia,Q187039,http://www.wikidata.org/entity/Q922366,0,7,,36.77175,21.705027777778
GRC,Grécia,Q187352,http://www.wikidata.org/entity/Q12282294,0,52082,,40.93959,24.40687
GRC,Grécia,Q187471,http://www.wikidata.org/entity/Q838993,0,3231,,38.416666666667,20.666666666667
GRC,Grécia,Q188615,http://www.wikidata.org/entity/Q4258195,0,1210,,40.981413,24.951799
GRC,Grécia,Q188731,http://www.wikidata.org/entity/Q12875763,0,54562,,36.433333333333,28.216666666667
GRC,Grécia,Q189059,http://www.wikidata.org/entity/Q16737235,0,31714,,39.1047,26.5536
GRC,Grécia,Q189901,http://www.wikidata.org/entity/Q649278,0,24630,,37.633333333333,22.729166666667
GRC,Grécia,Q190138,http://www.wikidata.org/entity/Q1812290,0,22652,,38.717778,20.643889
GRC,Grécia,Q190847,http://www.wikidata.org/entity/Q6935302,0,59476,,40.85,25.866666666667
GRC,Grécia,Q192980,http://www.wikidata.org/entity/Q16329968,0,52006,,38.897222222222,22.431111111111
GRC,Grécia,Q193409,http://www.wikidata.org/entity/Q3539555,0,30866,,37.508333333333,22.375
GRC,Grécia,Q196777,http://www.wikidata.org/entity/Q12275550,0,345,,40.85694444,21.81944444
GRC,Grécia,Q198272,http://www.wikidata.org/entity/Q1120887,0,277,,36.84563,27.20575
GRC,Grécia,Q200036,http://www.wikidata.org/entity/Q21144478,0,86046,,39.361111111111,22.9425
GRC,Grécia,Q200133,http://www.wikidata.org/entity/Q12875805,0,64490,,38.4625,23.595
GRC,Grécia,Q200417,http://www.wikidata.org/entity/Q2290529,0,3158,,40.09666667,23.78305556
GRC,Grécia,Q200908,http://www.wikidata.org/entity/Q2366186,0,34085,,35.368888888889,24.473888888889
GRC,Grécia,Q201088,http://www.wikidata.org/entity/Q394026,0,899,,35.096944,24.687778
GRC,Grécia,Q201649,http://www.wikidata.org/entity/Q19543309,0,1019,,40.65845833,24.69086389
GRC,Grécia,Q201722,http://www.wikidata.org/entity/Q12875641,0,43394,,40.520277777778,22.201944444444
GRC,Grécia,Q202272,http://www.wikidata.org/entity/Q3558683,0,17686,,40.782777777778,21.408888888889
GRC,Grécia,Q202337,http://www.wikidata.org/entity/Q125128698,0,14532,,37.565833333333,22.8
GRC,Grécia,Q54239,http://www.wikidata.org/entity/Q12875675,0,392,,39.850833333333,19.396111111111
GRC,Grécia,Q58976,http://www.wikidata.org/entity/Q12875755,0,186014,,37.943,23.646944444444
GRC,Grécia,Q202422,http://www.wikidata.org/entity/Q631048,0,39220,,37.938055555556,23.485277777778
GRC,Grécia,Q204905,http://www.wikidata.org/entity/Q16329869,0,26121,,38.04138889,23.54527778
GRC,Grécia,Q205832,http://www.wikidata.org/entity/Q64865001,0,31474,,39.623888888889,19.921388888889
GRC,Grécia,Q207467,http://www.wikidata.org/entity/Q21130543,0,61653,,39.555,21.768333333333
GRC,Grécia,Q208403,http://www.wikidata.org/entity/Q12875697,0,51732,,41.116666666667,25.4
GRC,Grécia,Q208573,http://www.wikidata.org/entity/Q12875637,0,24079,,39.165,20.9875
GRC,Grécia,Q238648,http://www.wikidata.org/entity/Q2296581,0,873,,35.417222,24.691389
GRC,Grécia,Q1524,http://www.wikidata.org/entity/Q1224979,1,816556,,37.984166666667,23.728055555556
GRC,Grécia,Q5760,http://www.wikidata.org/entity/Q12875678,0,22883,,38.320833333333,23.317777777778
GRC,Grécia,Q7219,http://www.wikidata.org/entity/Q12899309,0,976,,35.25527778,25.23638889
GRC,Grécia,Q17151,http://www.wikidata.org/entity/Q6627746,0,412160,,40.640277777778,22.935555555556
GRC,Grécia,Q31199,http://www.wikidata.org/entity/Q16058312,0,608,,41.61666667,26.31666667
GRC,Grécia,Q31279,http://www.wikidata.org/entity/Q16058312,0,572,,41.7,26.23333333
GRC,Grécia,Q31277,http://www.wikidata.org/entity/Q16058312,0,907,,41.6,26.23333333
GRC,Grécia,Q31283,http://www.wikidata.org/entity/Q16058312,0,260,,41.63333333,26.36666667
GRC,Grécia,Q31281,http://www.wikidata.org/entity/Q16058312,0,1016,,41.7,26.3
GRC,Grécia,Q43048,http://www.wikidata.org/entity/Q1541945,0,115490,,36.17,27.92
GRC,Grécia,Q43497,http://www.wikidata.org/entity/Q211934,0,40193,,38.116667,23.883333
GRC,Grécia,Q47373,http://www.wikidata.org/entity/Q12875689,0,587,,38.15575,24.24047
GRC,Grécia,Q113668,http://www.wikidata.org/entity/Q649278,0,3907,,37.71666667,22.75
GRC,Grécia,Q164493,http://www.wikidata.org/entity/Q488215,0,632,,36.706111111111,22.389722222222
GRC,Grécia,Q167895,http://www.wikidata.org/entity/Q1192028,0,57706,,37.037777777778,22.111111111111
GRC,Grécia,Q182327,http://www.wikidata.org/entity/Q2227543,0,39332,,40.664,22.95
GRC,Grécia,Q183199,http://www.wikidata.org/entity/Q12875676,0,67384,,39.663611111111,20.852222222222
GRC,Grécia,Q184864,http://www.wikidata.org/entity/Q12875720,0,25467,,37.9949,23.3423
GRC,Grécia,Q185290,http://www.wikidata.org/entity/Q65273062,0,533,,39.410413,20.022999
GRC,Grécia,Q204361,http://www.wikidata.org/entity/Q25413862,0,71664,,37.93333333,23.73333333
GRC,Grécia,Q206563,http://www.wikidata.org/entity/Q16332439,0,879,,39.75166667,20.64805556
GRC,Grécia,Q206954,http://www.wikidata.org/entity/Q3556641,0,16156,,40.518130555556,21.268761111111
GRC,Grécia,Q206957,http://www.wikidata.org/entity/Q3557942,0,58400,,41.083333333333,23.55
GRC,Grécia,Q209978,http://www.wikidata.org/entity/Q12275550,0,18493,,40.8,22.05
GRC,Grécia,Q210087,http://www.wikidata.org/entity/Q1383135,0,16971,,37.4395,24.9381
GRC,Grécia,Q210296,http://www.wikidata.org/entity/Q12284239,0,58760,,41.133333333333,24.883333333333
GRC,Grécia,Q259962,http://www.wikidata.org/entity/Q511242,0,76,,37.62194444,26.06
GRC,Grécia,Q263192,http://www.wikidata.org/entity/Q9149997,0,449,,38.86666667,21.35
GRC,Grécia,Q266065,http://www.wikidata.org/entity/Q2182103,0,491,,39.437222222222,21.707222222222
GRC,Grécia,Q320367,http://www.wikidata.org/entity/Q16329876,0,4373,,38.40097,23.8022
GRC,Grécia,Q372378,http://www.wikidata.org/entity/Q2389433,0,31497,,37.8441,23.7708
GRC,Grécia,Q607904,http://www.wikidata.org/entity/Q2520681,0,3241,,39.18333333,26.48333333
GRC,Grécia,Q614441,http://www.wikidata.org/entity/Q2232240,0,16050,,37.96666667,23.66666667
GRC,Grécia,Q617169,http://www.wikidata.org/entity/Q3949542,0,2164,,36.42,25.431667
GRC,Grécia,Q618224,http://www.wikidata.org/entity/Q746040,0,1818,,37.07173333,25.52014722
GRC,Grécia,Q643945,http://www.wikidata.org/entity/Q670126,0,20417,,38.61204,23.71583
GRC,Grécia,Q643990,http://www.wikidata.org/entity/Q980686,0,1407,,39.22569444,23.21969444
GRC,Grécia,Q644192,http://www.wikidata.org/entity/Q655612,0,16992,,39.916667,25.25
GRC,Grécia,Q374789,http://www.wikidata.org/entity/Q643945,0,7029,,38.58333333,23.83333333
GRC,Grécia,Q379272,http://www.wikidata.org/entity/Q2266175,0,1176,,39.463611111111,21.6925
GRC,Grécia,Q388154,http://www.wikidata.org/entity/Q15243882,0,941,,37.73673,21.53657
GRC,Grécia,Q389439,http://www.wikidata.org/entity/Q11799323,0,6365,,38.2501,23.6944
GRC,Grécia,Q393594,http://www.wikidata.org/entity/Q21622016,0,62147,,38.00527778,23.82083333
GRC,Grécia,Q393610,http://www.wikidata.org/entity/Q1451297,0,119,,35.229916666667,23.960194444444
GRC,Grécia,Q393693,http://www.wikidata.org/entity/Q2411233,0,35072,,38.0275,23.71833333
GRC,Grécia,Q393703,http://www.wikidata.org/entity/Q2634125,0,4963,,37.927423,23.142314
GRC,Grécia,Q393944,http://www.wikidata.org/entity/Q12875675,0,3677,,39.72083333,19.67722222
GRC,Grécia,Q393949,http://www.wikidata.org/entity/Q2520687,0,387,,37.80641,26.81971
GRC,Grécia,Q393958,,0,3271,,38.31305556,26.1325
GRC,Grécia,Q393962,http://www.wikidata.org/entity/Q511242,0,2218,,37.61138889,26.29305556
GRC,Grécia,Q393975,http://www.wikidata.org/entity/Q2290529,0,1900,,40.24888889,23.69361111
GRC,Grécia,Q393980,http://www.wikidata.org/entity/Q210450,0,27074,,35.2283,25.6305
GRC,Grécia,Q393990,http://www.wikidata.org/entity/Q1536340,0,8,,37.63666667,23.35388889
GRC,Grécia,Q456784,http://www.wikidata.org/entity/Q21421126,0,43016,,40.6547,22.924
GRC,Grécia,Q470461,http://www.wikidata.org/entity/Q9149997,0,4556,,38.8628,21.1659
GRC,Grécia,Q470481,http://www.wikidata.org/entity/Q1021606,0,7329,,38.525277777778,22.375277777778
GRC,Grécia,Q473649,http://www.wikidata.org/entity/Q394026,0,2,,35.17083333,24.42
GRC,Grécia,Q473681,http://www.wikidata.org/entity/Q2366186,0,199,,35.333055555556,24.616944444444
GRC,Grécia,Q474364,http://www.wikidata.org/entity/Q1979895,0,542,,40.33232,23.92138
GRC,Grécia,Q579610,http://www.wikidata.org/entity/Q2708287,0,8579,,38.02203,23.78489
GRC,Grécia,Q581494,http://www.wikidata.org/entity/Q1536340,0,673,,37.497229,23.363113
GRC,Grécia,Q583490,http://www.wikidata.org/entity/Q2520681,0,1084,,39.23333333,25.98027778
GRC,Grécia,Q178405,http://www.wikidata.org/entity/Q12875709,0,146377,,39.638493,22.413061
GRC,Grécia,Q180176,http://www.wikidata.org/entity/Q3560056,0,42140,,40.30069,21.78896
GRC,Grécia,Q182299,http://www.wikidata.org/entity/Q12875801,0,55838,,35.516666666667,24.016666666667
GRC,Grécia,Q210470,http://www.wikidata.org/entity/Q3595078,0,59189,,40.2711,22.5084
GRC,Grécia,Q210698,http://www.wikidata.org/entity/Q1767902,0,21468,,38.436111111111,22.875
GRC,Grécia,Q211463,http://www.wikidata.org/entity/Q393980,0,12149,,35.18916,25.717268
GRC,Grécia,Q212841,http://www.wikidata.org/entity/Q3960162,0,44823,,41.151388888889,24.139166666667
GRC,Grécia,Q173148,http://www.wikidata.org/entity/Q20379355,0,27,,37.39121,25.27122
GRC,Grécia,Q213874,http://www.wikidata.org/entity/Q12875666,0,9609,,39.500277777778,20.263611111111
GRC,Grécia,Q213898,http://www.wikidata.org/entity/Q16330051,0,19309,,38.9575,20.751666666667
GRC,Grécia,Q213916,http://www.wikidata.org/entity/Q12875641,0,1242,,40.487222222222,22.315555555556
GRC,Grécia,Q214347,http://www.wikidata.org/entity/Q2015968,0,23182,,40.9954,22.8765
GRC,Grécia,Q216307,http://www.wikidata.org/entity/Q15243882,0,29427,,37.673,21.4395
GRC,Grécia,Q216982,http://www.wikidata.org/entity/Q3559710,0,13137,,40.085,21.4275
GRC,Grécia,Q218375,http://www.wikidata.org/entity/Q25413913,0,82615,,37.976222222222,23.763777777778
GRC,Grécia,Q219951,http://www.wikidata.org/entity/Q2296581,0,1249,,35.29472,24.83083
GRC,Grécia,Q252672,http://www.wikidata.org/entity/Q2207213,0,355,,37.5126,21.9612
GRC,Grécia,Q302020,http://www.wikidata.org/entity/Q210176,0,52127,,40.6577305,22.898426111111
GRC,Grécia,Q303451,http://www.wikidata.org/entity/Q1413375,0,834,,39.6234,20.1946
GRC,Grécia,Q338813,http://www.wikidata.org/entity/Q950673,0,1618,,37.63789167,23.15698889
GRC,Grécia,Q352771,http://www.wikidata.org/entity/Q211934,0,54415,,38.011944444444,23.878888888889
GRC,Grécia,Q353425,http://www.wikidata.org/entity/Q11811287,0,308,,39.23888889,20.48194444
GRC,Grécia,Q370118,http://www.wikidata.org/entity/Q16058312,0,6657,,41.5333,26.5833
GRC,Grécia,Q378335,http://www.wikidata.org/entity/Q11723843,0,33086,,37.0539,21.9138
GRC,Grécia,Q380624,http://www.wikidata.org/entity/Q2207540,0,861,,40.013888888889,20.563888888889
GRC,Grécia,Q381967,http://www.wikidata.org/entity/Q11742509,0,432,,40.30972222,20.85472222
GRC,Grécia,Q382050,http://www.wikidata.org/entity/Q3559728,0,464,,40.72306,22.10917
GRC,Grécia,Q382076,http://www.wikidata.org/entity/Q12875763,0,6072,,36.29555556,28.16222222
GRC,Grécia,Q385106,http://www.wikidata.org/entity/Q12875663,0,1307,,37.719444444444,20.83
GRC,Grécia,Q386863,http://www.wikidata.org/entity/Q1228835,0,0,,36.95,24.961111111111
GRC,Grécia,Q387770,http://www.wikidata.org/entity/Q3558683,0,508,,40.75289,21.46765
GRC,Grécia,Q389998,http://www.wikidata.org/entity/Q2419494,0,1574,,37.520475,22.86004167
GRC,Grécia,Q393548,http://www.wikidata.org/entity/Q11811287,0,901,,39.31358333,20.35870556
GRC,Grécia,Q393559,http://www.wikidata.org/entity/Q2366186,0,75,,35.340833333333,24.49
GRC,Grécia,Q393561,http://www.wikidata.org/entity/Q1737776,0,314,,38.12166667,20.75111111
GRC,Grécia,Q394026,http://www.wikidata.org/entity/Q17317934,0,9721,,35.198,24.5134
GRC,Grécia,Q429430,http://www.wikidata.org/entity/Q20379364,0,2590,,36.598888888889,27.834166666667
GRC,Grécia,Q430886,http://www.wikidata.org/entity/Q1979895,0,960,,40.326944444444,23.981944444444
GRC,Grécia,Q431035,http://www.wikidata.org/entity/Q4258195,0,11475,,41.06666667,25.025
GRC,Grécia,Q431365,http://www.wikidata.org/entity/Q2366186,0,403,,35.285777777778,24.335111111111
GRC,Grécia,Q432259,http://www.wikidata.org/entity/Q15961378,0,6274,,38.483333333333,21.45
GRC,Grécia,Q432472,http://www.wikidata.org/entity/Q19896769,0,20988,,35.1255,25.2969
GRC,Grécia,Q444404,http://www.wikidata.org/entity/Q12875763,0,1224,,36.023611111111,27.923333333333
GRC,Grécia,Q446334,http://www.wikidata.org/entity/Q394026,0,186,,35.191667,24.391667
GRC,Grécia,Q446677,http://www.wikidata.org/entity/Q2296581,0,407,,35.412,24.783
GRC,Grécia,Q450570,http://www.wikidata.org/entity/Q2460901,0,3983,,38.6775,21.02138889
GRC,Grécia,Q544242,http://www.wikidata.org/entity/Q12875801,0,6358,,35.4873,24.06652
GRC,Grécia,Q546634,http://www.wikidata.org/entity/Q21622438,0,76508,,37.94333333,23.71055556
GRC,Grécia,Q547776,http://www.wikidata.org/entity/Q2368800,0,491,,35.32611111,23.74027778
GRC,Grécia,Q583647,http://www.wikidata.org/entity/Q21144478,0,5259,,39.28,22.8186
GRC,Grécia,Q616733,http://www.wikidata.org/entity/Q191897,0,14901,,37.38333333,23.16666667
GRC,Grécia,Q619279,http://www.wikidata.org/entity/Q1242834,0,171,,37.17941667,25.55059444
GRC,Grécia,Q642810,http://www.wikidata.org/entity/Q12875679,0,12785,,38.368611111111,21.428888888889
GRC,Grécia,Q643695,http://www.wikidata.org/entity/Q1737776,0,10982,,38.173888888889,20.488333333333
GRC,Grécia,Q644684,http://www.wikidata.org/entity/Q2532022,0,440,,37.37155556,22.46355833
GRC,Grécia,Q683126,http://www.wikidata.org/entity/Q12875693,0,5889,,38.11035,23.83505
GRC,Grécia,Q683555,http://www.wikidata.org/entity/Q21621791,0,64661,,37.955555555556,23.76
GRC,Grécia,Q685300,http://www.wikidata.org/entity/Q352771,0,6074,,37.986944444444,23.855277777778
GRC,Grécia,Q687058,http://www.wikidata.org/entity/Q12875675,0,9222,,39.5667,19.9
GRC,Grécia,Q687104,http://www.wikidata.org/entity/Q1235563,0,288,,38.366944444444,22.072777777778
GRC,Grécia,Q687805,http://www.wikidata.org/entity/Q12875709,0,8160,,39.667222222222,22.395833333333
GRC,Grécia,Q690309,http://www.wikidata.org/entity/Q17317934,0,6764,,35.2109,24.6894
GRC,Grécia,Q690341,http://www.wikidata.org/entity/Q2635137,0,654,,40.9,25.516666666667
GRC,Grécia,Q691123,http://www.wikidata.org/entity/Q125126725,0,670,,38.41722222,21.89472222
GRC,Grécia,Q692454,http://www.wikidata.org/entity/Q3539555,0,474,,37.419295,22.261328
GRC,Grécia,Q692577,http://www.wikidata.org/entity/Q394026,0,5893,,35.18333333,24.5
GRC,Grécia,Q693813,http://www.wikidata.org/entity/Q19896769,0,6272,,35.0516,25.4255
GRC,Grécia,Q695163,http://www.wikidata.org/entity/Q2290529,0,2375,,40.03888889,23.94083333
GRC,Grécia,Q695745,http://www.wikidata.org/entity/Q2266175,0,124,,39.448333333333,21.229166666667
GRC,Grécia,Q396807,http://www.wikidata.org/entity/Q125127760,0,50690,,38.6264,21.409
GRC,Grécia,Q399646,http://www.wikidata.org/entity/Q4421087,0,267,,35.19138889,26.15083333
GRC,Grécia,Q478649,http://www.wikidata.org/entity/Q1235623,0,2509,,38.42931944,22.66728333
GRC,Grécia,Q482034,http://www.wikidata.org/entity/Q992450,0,982,,37.02916667,22.44833333
GRC,Grécia,Q488215,http://www.wikidata.org/entity/Q11723836,0,16756,,36.688888888889,22.4575
GRC,Grécia,Q488507,http://www.wikidata.org/entity/Q3332789,0,342,,37.340277777778,22.235
GRC,Grécia,Q492130,http://www.wikidata.org/entity/Q16330107,0,4,,38.541666666667,25.508333333333
GRC,Grécia,Q493019,http://www.wikidata.org/entity/Q2321253,0,3981,,37.90583333,21.26666667
GRC,Grécia,Q541035,http://www.wikidata.org/entity/Q394026,0,789,,35.218889,24.536111
GRC,Grécia,Q542358,http://www.wikidata.org/entity/Q16737405,0,3570,,40.254722222222,22.074166666667
GRC,Grécia,Q548223,http://www.wikidata.org/entity/Q1960517,0,2221,,37.2237,21.9687
GRC,Grécia,Q549874,http://www.wikidata.org/entity/Q1767902,0,726,,38.495,22.8475
GRC,Grécia,Q562116,http://www.wikidata.org/entity/Q2634231,0,626,,39.047,21.031
GRC,Grécia,Q567471,http://www.wikidata.org/entity/Q21695741,0,943,,35.05364722,25.41002778
GRC,Grécia,Q567511,http://www.wikidata.org/entity/Q17317934,0,3105,,35.29054,24.88352
GRC,Grécia,Q567755,http://www.wikidata.org/entity/Q12875668,0,20144,,40.630555555556,22.064166666667
GRC,Grécia,Q212096,http://www.wikidata.org/entity/Q11881958,0,582,,36.145,29.585
GRC,Grécia,Q212150,http://www.wikidata.org/entity/Q12875721,0,7170,,38.153333333333,23.961944444444
GRC,Grécia,Q212686,http://www.wikidata.org/entity/Q2001120,0,22330,,38.250555555556,22.081111111111
GRC,Grécia,Q269251,http://www.wikidata.org/entity/Q2636821,0,2486,,41.27583333,24.9725
GRC,Grécia,Q278785,http://www.wikidata.org/entity/Q11811287,0,628,,39.299166666667,20.373055555556
GRC,Grécia,Q284073,http://www.wikidata.org/entity/Q1938296,0,421,,37.811111111111,21.301944444444
GRC,Grécia,Q339129,http://www.wikidata.org/entity/Q12875753,0,236,,38.26666667,21.9
GRC,Grécia,Q340538,http://www.wikidata.org/entity/Q1307389,0,229,,35.39527778,24.99194444
GRC,Grécia,Q396559,http://www.wikidata.org/entity/Q21144478,0,5191,,39.34000556,23.01326667
GRC,Grécia,Q851077,http://www.wikidata.org/entity/Q21500479,0,2216,,39.283333333333,20.4
GRC,Grécia,Q851488,http://www.wikidata.org/entity/Q21556096,0,1780,,38.393888888889,20.578611111111
GRC,Grécia,Q853354,http://www.wikidata.org/entity/Q780149,0,62,,40.245515,24.284888
GRC,Grécia,Q853527,http://www.wikidata.org/entity/Q2520687,0,2544,,37.7475,26.9825
GRC,Grécia,Q862596,http://www.wikidata.org/entity/Q16058312,0,655,,41.63333333,26.33333333
GRC,Grécia,Q929244,http://www.wikidata.org/entity/Q3560056,0,2977,,40.264594,21.81653
GRC,Grécia,Q568212,http://www.wikidata.org/entity/Q1120887,0,21430,,36.89383333,27.28702778
GRC,Grécia,Q588198,http://www.wikidata.org/entity/Q2219845,0,1260,,38.330555555556,21.764722222222
GRC,Grécia,Q592438,http://www.wikidata.org/entity/Q16005641,0,2013,,38.030833,22.108611
GRC,Grécia,Q618227,http://www.wikidata.org/entity/Q11874075,0,787,,35.54904722,27.170025
GRC,Grécia,Q618600,http://www.wikidata.org/entity/Q21693220,0,4484,,37.7,24.12
GRC,Grécia,Q624386,http://www.wikidata.org/entity/Q2510273,0,485,,39.39972222,23.16194444
GRC,Grécia,Q626763,http://www.wikidata.org/entity/Q1979895,0,2300,,40.48666667,23.59472222
GRC,Grécia,Q626774,http://www.wikidata.org/entity/Q81045,0,1233,,40.07472222,23.44861111
GRC,Grécia,Q642665,http://www.wikidata.org/entity/Q488215,0,927,,36.666111111111,22.381388888889
GRC,Grécia,Q644884,http://www.wikidata.org/entity/Q511242,0,576,,37.63111111,26.17861111
GRC,Grécia,Q648337,http://www.wikidata.org/entity/Q16737558,0,4207,,39.95,21.96666667
GRC,Grécia,Q648399,http://www.wikidata.org/entity/Q1737776,0,3752,,38.2,20.433333333333
GRC,Grécia,Q652895,http://www.wikidata.org/entity/Q21622260,0,146743,,38.016666666667,23.683333333333
GRC,Grécia,Q659728,http://www.wikidata.org/entity/Q666717,0,17259,,37.8925,23.7444
GRC,Grécia,Q660130,http://www.wikidata.org/entity/Q1235563,0,1185,,38.5273,22.2035
GRC,Grécia,Q670537,http://www.wikidata.org/entity/Q3042287,0,1699,,37.813888888889,22.871111111111
GRC,Grécia,Q670943,http://www.wikidata.org/entity/Q12875720,0,1651,,37.97166667,23.215
GRC,Grécia,Q737245,http://www.wikidata.org/entity/Q207554,0,20817,,38.6133,23.1036
GRC,Grécia,Q737468,http://www.wikidata.org/entity/Q25413505,0,92248,,40.583333,22.95
GRC,Grécia,Q738098,http://www.wikidata.org/entity/Q2658714,0,2997,,40.72472222,23.70555556
GRC,Grécia,Q738700,http://www.wikidata.org/entity/Q12875763,0,823,,36.0913,28.0855
GRC,Grécia,Q740076,http://www.wikidata.org/entity/Q1690590,0,9,,38.373888888889,26.055555555556
GRC,Grécia,Q849914,http://www.wikidata.org/entity/Q780149,0,62,,40.339861111111,24.120916666667
GRC,Grécia,Q218382,http://www.wikidata.org/entity/Q780149,0,28,,40.305833,24.160278
GRC,Grécia,Q284463,http://www.wikidata.org/entity/Q12875719,0,3725,,35.283611111111,25.4625
GRC,Grécia,Q354314,http://www.wikidata.org/entity/Q2366186,0,489,,35.357473,24.560264
GRC,Grécia,Q388579,http://www.wikidata.org/entity/Q394026,0,3,,35.157699,24.456566
GRC,Grécia,Q456777,http://www.wikidata.org/entity/Q2520687,0,298,,37.80154,26.80181
GRC,Grécia,Q456781,http://www.wikidata.org/entity/Q21501339,0,6083,,39.74527778,22.36194167
GRC,Grécia,Q482094,http://www.wikidata.org/entity/Q3557736,0,3856,,40.689722222222,21.679722222222
GRC,Grécia,Q487563,http://www.wikidata.org/entity/Q12875676,0,10379,,39.63861111,20.86611111
GRC,Grécia,Q490132,http://www.wikidata.org/entity/Q12875694,0,122,,35.311243,23.533372
GRC,Grécia,Q493161,http://www.wikidata.org/entity/Q12873422,0,671,,41.08222222,22.28
GRC,Grécia,Q504046,http://www.wikidata.org/entity/Q950673,0,1196,,37.677,23.1286
GRC,Grécia,Q506149,http://www.wikidata.org/entity/Q1737776,0,188,,38.1415,20.7508
GRC,Grécia,Q506154,http://www.wikidata.org/entity/Q1737776,0,190,,38.0943,20.7499
GRC,Grécia,Q506166,http://www.wikidata.org/entity/Q1737776,0,304,,38.1833,20.384
GRC,Grécia,Q530036,http://www.wikidata.org/entity/Q15979847,0,1695,,39.71666667,21.38333333
GRC,Grécia,Q530191,http://www.wikidata.org/entity/Q25162079,0,69508,,38.03333333,23.75
GRC,Grécia,Q530644,http://www.wikidata.org/entity/Q1242834,0,8551,,37.10194444,25.37944444
GRC,Grécia,Q541696,http://www.wikidata.org/entity/Q2366186,0,10,,35.31,24.629444444444
GRC,Grécia,Q543895,http://www.wikidata.org/entity/Q15729014,0,5780,,38.493,22.981
GRC,Grécia,Q632440,http://www.wikidata.org/entity/Q21695012,0,5501,,36.216666666667,28.116666666667
GRC,Grécia,Q632542,http://www.wikidata.org/entity/Q3252409,0,1535,,37.644332,21.625308
GRC,Grécia,Q632870,http://www.wikidata.org/entity/Q780149,0,241,,40.257398,24.245894
GRC,Grécia,Q639126,http://www.wikidata.org/entity/Q2268710,0,26,,40.3955,22.616833333333
GRC,Grécia,Q642506,http://www.wikidata.org/entity/Q65273062,0,827,,39.383333,20.116667
GRC,Grécia,Q642531,http://www.wikidata.org/entity/Q64865001,0,1144,,39.56444444,19.84611111
GRC,Grécia,Q649278,http://www.wikidata.org/entity/Q191897,0,44458,,37.6526,22.6291
GRC,Grécia,Q649852,http://www.wikidata.org/entity/Q675347,0,5214,,38.40833333,24.04166667
GRC,Grécia,Q652551,http://www.wikidata.org/entity/Q211878,0,48157,,38.10235,23.66901
GRC,Grécia,Q652648,http://www.wikidata.org/entity/Q65273062,0,988,,39.43472222,19.97444444
GRC,Grécia,Q654616,http://www.wikidata.org/entity/Q12875731,0,178,,36.687777777778,23.055555555556
GRC,Grécia,Q657852,http://www.wikidata.org/entity/Q12873422,0,6639,,40.975,22.05833333
GRC,Grécia,Q662911,http://www.wikidata.org/entity/Q12875805,0,15820,,38.43333333,23.66666667
GRC,Grécia,Q546516,http://www.wikidata.org/entity/Q780149,0,61,,40.170876,24.382728
GRC,Grécia,Q550073,http://www.wikidata.org/entity/Q6627746,0,12060,,40.62166667,22.97083333
GRC,Grécia,Q556471,http://www.wikidata.org/entity/Q25162015,0,85572,,38.03333,23.7
GRC,Grécia,Q557754,http://www.wikidata.org/entity/Q19543309,0,3331,,40.778055555556,24.709444444444
GRC,Grécia,Q568218,http://www.wikidata.org/entity/Q670126,0,15327,,38.76666667,23.31666667
GRC,Grécia,Q571243,http://www.wikidata.org/entity/Q1242834,0,596,,37.1014,25.47947222
GRC,Grécia,Q572398,http://www.wikidata.org/entity/Q1521832,0,4808,,40.46667,23.28333
GRC,Grécia,Q573182,http://www.wikidata.org/entity/Q735845,0,32142,,40.51472,21.67861
GRC,Grécia,Q574346,http://www.wikidata.org/entity/Q16329968,0,420,,38.833272222222,22.395336111111
GRC,Grécia,Q574916,http://www.wikidata.org/entity/Q3332789,0,615,,37.485135,22.0421
GRC,Grécia,Q588387,http://www.wikidata.org/entity/Q780149,0,97,,40.238899,24.199941
GRC,Grécia,Q624641,http://www.wikidata.org/entity/Q1235623,0,3071,,38.47888889,22.58666667
GRC,Grécia,Q631185,http://www.wikidata.org/entity/Q18048733,0,4463,,37.085036,25.150967
GRC,Grécia,Q632418,http://www.wikidata.org/entity/Q2460862,0,3969,,35.23666667,25.16361111
GRC,Grécia,Q1016694,http://www.wikidata.org/entity/Q1027225,0,6740,,35.04972,24.87444
GRC,Grécia,Q1018106,http://www.wikidata.org/entity/Q12899309,0,2953,,35.3078,25.3718
GRC,Grécia,Q1018150,http://www.wikidata.org/entity/Q21662134,0,6309,,37.75805556,26.97444444
GRC,Grécia,Q1018156,http://www.wikidata.org/entity/Q12875763,0,12717,,36.416,28.15648
GRC,Grécia,Q663353,http://www.wikidata.org/entity/Q11799323,0,1111,,38.302777777778,23.754444444444
GRC,Grécia,Q665173,http://www.wikidata.org/entity/Q675347,0,4790,,38.38333333,24.11666667
GRC,Grécia,Q666717,http://www.wikidata.org/entity/Q755168,0,51356,,37.9,23.75
GRC,Grécia,Q666901,http://www.wikidata.org/entity/Q670126,0,24209,,38.92459,23.15616
GRC,Grécia,Q667357,http://www.wikidata.org/entity/Q21144478,0,2261,,39.354722,22.889167
GRC,Grécia,Q669967,http://www.wikidata.org/entity/Q6852960,0,2570,,38.941665,22.115188
GRC,Grécia,Q673970,http://www.wikidata.org/entity/Q585638,0,2608,,39.4652,20.5132
GRC,Grécia,Q675347,http://www.wikidata.org/entity/Q670126,0,34284,,38.4763,24.104
GRC,Grécia,Q677249,http://www.wikidata.org/entity/Q2479030,0,5865,,40.256388888889,21.552222222222
GRC,Grécia,Q677906,http://www.wikidata.org/entity/Q1021606,0,2011,,38.376666666667,22.383611111111
GRC,Grécia,Q679073,http://www.wikidata.org/entity/Q81045,0,5404,,39.9525,23.62472222
GRC,Grécia,Q680099,http://www.wikidata.org/entity/Q1235623,0,2103,,38.38333333,22.63333333
GRC,Grécia,Q724761,http://www.wikidata.org/entity/Q3556641,0,748,,40.45,21.14
GRC,Grécia,Q726733,http://www.wikidata.org/entity/Q780149,0,53,,40.266574,24.172843
GRC,Grécia,Q731909,http://www.wikidata.org/entity/Q755177,0,33628,,37.95073,23.73969
GRC,Grécia,Q735845,http://www.wikidata.org/entity/Q211732,0,45592,,40.532,21.7255
GRC,Grécia,Q743420,http://www.wikidata.org/entity/Q616733,0,6954,,37.375,23.15833
GRC,Grécia,Q744642,http://www.wikidata.org/entity/Q1737776,0,88,,38.37777778,20.54
GRC,Grécia,Q744876,http://www.wikidata.org/entity/Q1960517,0,281,,37.4238,21.9633
GRC,Grécia,Q746362,http://www.wikidata.org/entity/Q2460901,0,2696,,38.5357,21.0828
GRC,Grécia,Q747508,http://www.wikidata.org/entity/Q16058312,0,1331,,41.5754,26.2283
GRC,Grécia,Q821642,http://www.wikidata.org/entity/Q9149997,0,231,,38.9728,21.4452
GRC,Grécia,Q822026,http://www.wikidata.org/entity/Q2324833,0,311,,40.875555555556,23.64
GRC,Grécia,Q823721,http://www.wikidata.org/entity/Q3332789,0,5915,,37.4,22.133333333333
GRC,Grécia,Q825385,http://www.wikidata.org/entity/Q2261414,0,3119,,36.8525,22.66611111
GRC,Grécia,Q825412,http://www.wikidata.org/entity/Q64865001,0,1059,,39.66861111,19.74032778
GRC,Grécia,Q825478,http://www.wikidata.org/entity/Q65234121,0,1575,,37.72694444,26.68833333
GRC,Grécia,Q922959,http://www.wikidata.org/entity/Q21622341,0,89597,,37.88,23.753333333333
GRC,Grécia,Q929022,http://www.wikidata.org/entity/Q2016016,0,30498,,40.79622,22.41453
GRC,Grécia,Q1001844,http://www.wikidata.org/entity/Q378335,0,1491,,36.9585,21.9283
GRC,Grécia,Q1001857,http://www.wikidata.org/entity/Q125128766,0,3548,,37.5875,22.744444444444
GRC,Grécia,Q1001880,http://www.wikidata.org/entity/Q11799323,0,2239,,38.28465833,23.86369167
GRC,Grécia,Q1004160,http://www.wikidata.org/entity/Q2431871,0,459,,36.131430555556,27.739861111111
GRC,Grécia,Q1007219,http://www.wikidata.org/entity/Q2538156,0,519,,41.104166666667,22.559166666667
GRC,Grécia,Q1014244,http://www.wikidata.org/entity/Q644192,0,1076,,39.874444444444,25.270555555556
GRC,Grécia,Q1014254,http://www.wikidata.org/entity/Q2366186,0,486,,35.346944444444,24.550555555556
GRC,Grécia,Q1014258,http://www.wikidata.org/entity/Q19543309,0,2471,,40.62777778,24.57666667
GRC,Grécia,Q1014278,http://www.wikidata.org/entity/Q2679951,0,17679,,40.587777777778,23.031388888889
GRC,Grécia,Q1014285,http://www.wikidata.org/entity/Q15967005,0,15042,,40.628285,22.4454117
GRC,Grécia,Q1014288,http://www.wikidata.org/entity/Q16058312,0,3279,,41.58333333,26.53333333
GRC,Grécia,Q1015083,http://www.wikidata.org/entity/Q1979895,0,1517,,40.491430555556,23.648569444444
GRC,Grécia,Q214212,http://www.wikidata.org/entity/Q12875687,0,40272,,39.364722222222,21.921944444444
GRC,Grécia,Q285734,http://www.wikidata.org/entity/Q681989,0,1429,,35.451887,24.174342
GRC,Grécia,Q474643,http://www.wikidata.org/entity/Q3558683,0,748,,40.76667,21.61667
GRC,Grécia,Q474812,http://www.wikidata.org/entity/Q2194495,0,814,,38.1375,21.59305556
GRC,Grécia,Q476546,http://www.wikidata.org/entity/Q3558377,0,441,,35.003611111111,25.584444444444
GRC,Grécia,Q478518,http://www.wikidata.org/entity/Q21622408,0,116731,,37.95,23.7
GRC,Grécia,Q511242,http://www.wikidata.org/entity/Q1239974,0,10385,,37.6018,26.1729
GRC,Grécia,Q511938,http://www.wikidata.org/entity/Q2207213,0,1682,,37.483333333333,21.900833333333
GRC,Grécia,Q513798,http://www.wikidata.org/entity/Q1027225,0,110,,35.02194,24.89194
GRC,Grécia,Q515576,http://www.wikidata.org/entity/Q1784863,0,91045,,37.956944,23.621111
GRC,Grécia,Q585638,http://www.wikidata.org/entity/Q12760042,0,13789,,39.366667,20.633333
GRC,Grécia,Q586022,http://www.wikidata.org/entity/Q12875637,0,4852,,39.1,20.88333333
GRC,Grécia,Q658899,http://www.wikidata.org/entity/Q12875720,0,8333,,38.0,23.41666667
GRC,Grécia,Q659042,http://www.wikidata.org/entity/Q25413844,0,70710,,37.97694444,23.65027778
GRC,Grécia,Q672343,http://www.wikidata.org/entity/Q20379354,0,0,,36.7816667,24.4
GRC,Grécia,Q672647,http://www.wikidata.org/entity/Q18018043,0,632,,37.639444444444,25.040277777778
GRC,Grécia,Q748832,http://www.wikidata.org/entity/Q1690590,0,27015,,38.3725,26.1375
GRC,Grécia,Q749171,http://www.wikidata.org/entity/Q11874075,0,2815,,35.5075,27.21361
GRC,Grécia,Q755473,http://www.wikidata.org/entity/Q1737776,0,167,,38.31806,20.41675
GRC,Grécia,Q757780,http://www.wikidata.org/entity/Q644192,0,976,,39.95,25.216666666667
GRC,Grécia,Q784681,http://www.wikidata.org/entity/Q12875666,0,809,,39.54805374,20.32305527
GRC,Grécia,Q786461,http://www.wikidata.org/entity/Q17320461,0,16238,,39.583333,22.066667
GRC,Grécia,Q798872,http://www.wikidata.org/entity/Q3560056,0,2091,,40.164722222222,21.820833333333
GRC,Grécia,Q820013,http://www.wikidata.org/entity/Q919723,0,443,,37.9031,21.6059
GRC,Grécia,Q827187,http://www.wikidata.org/entity/Q12875675,0,6117,,39.61,19.81444444
GRC,Grécia,Q827211,http://www.wikidata.org/entity/Q12875675,0,5228,,39.43472222,19.97444444
GRC,Grécia,Q827238,http://www.wikidata.org/entity/Q65273062,0,1406,,39.42083333,20.01388889
GRC,Grécia,Q895030,http://www.wikidata.org/entity/Q65273062,0,63,,39.45916667,19.97972222
GRC,Grécia,Q911413,http://www.wikidata.org/entity/Q780149,0,82,,40.190277777778,24.247222222222
GRC,Grécia,Q911432,http://www.wikidata.org/entity/Q780149,0,153,,40.314166666667,24.211111111111
GRC,Grécia,Q956620,http://www.wikidata.org/entity/Q12875693,0,18604,,38.10133333,23.82102778
GRC,Grécia,Q957192,http://www.wikidata.org/entity/Q208606,0,6913,,41.3477,24.4885
GRC,Grécia,Q958094,http://www.wikidata.org/entity/Q2265340,0,135,,39.46666667,20.75
GRC,Grécia,Q672772,http://www.wikidata.org/entity/Q3332789,0,293,,37.2872,22.173
GRC,Grécia,Q673157,http://www.wikidata.org/entity/Q11874075,0,531,,35.47783889,27.12043611
GRC,Grécia,Q704591,http://www.wikidata.org/entity/Q3559728,0,1413,,40.71416667,22.16222222
GRC,Grécia,Q706587,http://www.wikidata.org/entity/Q2353609,0,21924,,37.96666667,24.0
GRC,Grécia,Q713622,http://www.wikidata.org/entity/Q735845,0,292,,40.55555556,21.72194444
GRC,Grécia,Q719000,http://www.wikidata.org/entity/Q649278,0,2915,,37.7,22.55
GRC,Grécia,Q733574,http://www.wikidata.org/entity/Q666901,0,4339,,38.95,23.15
GRC,Grécia,Q734127,http://www.wikidata.org/entity/Q394026,0,230,,35.19166667,24.45305556
GRC,Grécia,Q740545,http://www.wikidata.org/entity/Q64865001,0,742,,39.60722222,19.81472222
GRC,Grécia,Q748821,http://www.wikidata.org/entity/Q18048733,0,2468,,37.123096,25.236626
GRC,Grécia,Q958144,http://www.wikidata.org/entity/Q79846,0,85055,,37.3769167,27.2668129
GRC,Grécia,Q962180,http://www.wikidata.org/entity/Q3042287,0,5945,,37.93333333,22.83333333
GRC,Grécia,Q965037,http://www.wikidata.org/entity/Q21514928,0,8418,,39.180277777778,22.760555555556
GRC,Grécia,Q965228,http://www.wikidata.org/entity/Q16737939,0,3798,,39.35,22.3
GRC,Grécia,Q990247,http://www.wikidata.org/entity/Q2484671,0,1314,,40.171944444444,22.4825
GRC,Grécia,Q1007524,http://www.wikidata.org/entity/Q737245,0,2912,,38.70978877015,23.049789927899
GRC,Grécia,Q1007550,http://www.wikidata.org/entity/Q1242834,0,107,,36.833333333333,25.45
GRC,Grécia,Q1014206,http://www.wikidata.org/entity/Q3659144,0,4580,,41.1942,26.3023
GRC,Grécia,Q1014212,http://www.wikidata.org/entity/Q4258195,0,367,,41.00581111,25.11817778
GRC,Grécia,Q1014221,http://www.wikidata.org/entity/Q11742509,0,3079,,40.04166667,20.745
GRC,Grécia,Q1014225,http://www.wikidata.org/entity/Q737245,0,800,,38.63333,22.88333
GRC,Grécia,Q1014231,http://www.wikidata.org/entity/Q25161994,0,67160,,37.93201389,23.70025556
GRC,Grécia,Q1018197,http://www.wikidata.org/entity/Q2520681,0,1283,,39.169897,25.933797
GRC,Grécia,Q1231790,http://www.wikidata.org/entity/Q125126092,0,871,,38.87222222,22.23944444
GRC,Grécia,Q1231795,http://www.wikidata.org/entity/Q207554,0,11903,,38.6352,22.6826
GRC,Grécia,Q1018264,http://www.wikidata.org/entity/Q2290529,0,2845,,40.22277778,23.66861111
GRC,Grécia,Q1018279,http://www.wikidata.org/entity/Q21556096,0,206,,38.458888888889,20.576388888889
GRC,Grécia,Q1018794,http://www.wikidata.org/entity/Q3506552,0,5737,,41.233611111111,23.388333333333
GRC,Grécia,Q1021595,http://www.wikidata.org/entity/Q1021606,0,1171,,38.474015,22.467558
GRC,Grécia,Q1021592,http://www.wikidata.org/entity/Q767716,0,26133,,38.035,23.738055555556
GRC,Grécia,Q1021602,http://www.wikidata.org/entity/Q12875662,0,13029,,35.32861111,25.16444444
GRC,Grécia,Q1021606,http://www.wikidata.org/entity/Q19890323,0,29633,,38.5763,22.389
GRC,Grécia,Q1021614,http://www.wikidata.org/entity/Q21622029,0,50494,,38.0483,23.7661
GRC,Grécia,Q1021617,http://www.wikidata.org/entity/Q3085362,0,2268,,37.8,21.9
GRC,Grécia,Q1021624,http://www.wikidata.org/entity/Q3085362,0,1081,,37.549722,22.083056
GRC,Grécia,Q1021625,http://www.wikidata.org/entity/Q3085362,0,2359,,37.68333333,22.03333333
GRC,Grécia,Q1021631,http://www.wikidata.org/entity/Q3539555,0,2656,,37.684261,22.295784
GRC,Grécia,Q1021629,http://www.wikidata.org/entity/Q12875694,0,4295,,35.4947,23.6543
GRC,Grécia,Q1021634,http://www.wikidata.org/entity/Q11815519,0,7198,,38.06275,23.86066667
GRC,Grécia,Q1021642,http://www.wikidata.org/entity/Q2634089,0,163,,37.870833333333,22.468055555556
GRC,Grécia,Q1021651,http://www.wikidata.org/entity/Q21556096,0,1079,,38.251409,20.647527
GRC,Grécia,Q1027215,http://www.wikidata.org/entity/Q2366186,0,364,,35.254444444444,24.302611111111
GRC,Grécia,Q1027229,http://www.wikidata.org/entity/Q2366186,0,298,,35.326666666667,24.510555555556
GRC,Grécia,Q1027233,http://www.wikidata.org/entity/Q2366186,0,253,,35.286388888889,24.374694444444
GRC,Grécia,Q1076320,http://www.wikidata.org/entity/Q1451297,0,302,,35.200833333333,24.137222222222
GRC,Grécia,Q1076595,http://www.wikidata.org/entity/Q2679951,0,4873,,40.608333333333,23.102777777778
GRC,Grécia,Q1144654,http://www.wikidata.org/entity/Q16005641,0,1854,,37.8,22.01666667
GRC,Grécia,Q1148615,http://www.wikidata.org/entity/Q780149,0,38,,40.288611111111,24.174722222222
GRC,Grécia,Q1231770,http://www.wikidata.org/entity/Q578879,0,18105,,39.8318,22.553
GRC,Grécia,Q757785,http://www.wikidata.org/entity/Q2366186,0,1612,,35.352666666667,24.434027777778
GRC,Grécia,Q762067,http://www.wikidata.org/entity/Q2207540,0,547,,40.00439,20.42283
GRC,Grécia,Q762668,http://www.wikidata.org/entity/Q202624,0,20516,,38.82289,20.95158
GRC,Grécia,Q763214,http://www.wikidata.org/entity/Q64865001,0,658,,39.68694444,19.74
GRC,Grécia,Q779073,http://www.wikidata.org/entity/Q3567837,0,2210,,40.821,23.031
GRC,Grécia,Q779310,http://www.wikidata.org/entity/Q9355456,0,878,,38.32738,23.53655
GRC,Grécia,Q779647,http://www.wikidata.org/entity/Q3659144,0,2311,,41.028888888889,26.294444444444
GRC,Grécia,Q782278,http://www.wikidata.org/entity/Q2219845,0,13415,,38.391666666667,21.8275
GRC,Grécia,Q833810,http://www.wikidata.org/entity/Q3539555,0,2029,,37.613875,22.466096
GRC,Grécia,Q844841,http://www.wikidata.org/entity/Q1235623,0,6,,38.395136,22.746318
GRC,Grécia,Q845105,http://www.wikidata.org/entity/Q432472,0,1673,,35.20888889,25.33777778
GRC,Grécia,Q845125,http://www.wikidata.org/entity/Q3558683,0,7803,,40.8452,21.6249
GRC,Grécia,Q849348,http://www.wikidata.org/entity/Q780149,0,25,,40.228417,24.220889
GRC,Grécia,Q916750,http://www.wikidata.org/entity/Q12875675,0,259,,39.67277778,19.70666667
GRC,Grécia,Q919723,http://www.wikidata.org/entity/Q2495811,0,13594,,38.014,21.7784
GRC,Grécia,Q922366,http://www.wikidata.org/entity/Q11723843,0,24538,,36.91635,21.77941
GRC,Grécia,Q946524,http://www.wikidata.org/entity/Q16332439,0,8253,,39.7,20.8
GRC,Grécia,Q950532,http://www.wikidata.org/entity/Q21501351,0,12309,,39.73527778,22.28694444
GRC,Grécia,Q950673,http://www.wikidata.org/entity/Q191897,0,8664,,37.61265,23.07123
GRC,Grécia,Q954068,http://www.wikidata.org/entity/Q1021606,0,1386,,38.4807,22.4923
GRC,Grécia,Q954866,http://www.wikidata.org/entity/Q922366,0,2956,,36.796944444444,21.956944444444
GRC,Grécia,Q992221,http://www.wikidata.org/entity/Q1027225,0,513,,35.03388889,24.78944444
GRC,Grécia,Q992228,http://www.wikidata.org/entity/Q16058312,0,18426,,41.5,26.533333333333
GRC,Grécia,Q992256,http://www.wikidata.org/entity/Q488215,0,5933,,36.76166667,22.56611111
GRC,Grécia,Q992265,http://www.wikidata.org/entity/Q21622200,0,77102,,38.01666667,23.8
GRC,Grécia,Q992270,http://www.wikidata.org/entity/Q2520681,0,402,,39.21148889,25.85254722
GRC,Grécia,Q992317,http://www.wikidata.org/entity/Q64868574,0,1100,,39.79679889,19.81109611
GRC,Grécia,Q992326,http://www.wikidata.org/entity/Q4421087,0,121,,35.18444444,25.90444444
GRC,Grécia,Q992343,http://www.wikidata.org/entity/Q2532082,0,537,,40.27753889,23.148025
GRC,Grécia,Q992348,http://www.wikidata.org/entity/Q25162085,0,72333,,38.05,23.8
GRC,Grécia,Q992384,http://www.wikidata.org/entity/Q1536340,0,2562,,37.496667,23.4475
GRC,Grécia,Q992397,http://www.wikidata.org/entity/Q25161986,0,47526,,38.016666666667,23.65
GRC,Grécia,Q992450,http://www.wikidata.org/entity/Q11723836,0,35546,,37.113333333333,22.452777777778
GRC,Grécia,Q992679,http://www.wikidata.org/entity/Q2352674,0,111,,34.93055556,24.92361111
GRC,Grécia,Q994564,http://www.wikidata.org/entity/Q616733,0,2506,,37.383333333333,23.25
GRC,Grécia,Q995656,http://www.wikidata.org/entity/Q12875689,0,5366,,38.015791666667,24.420275
GRC,Grécia,Q998805,http://www.wikidata.org/entity/Q922366,0,1731,,36.821666666667,21.706944444444
GRC,Grécia,Q1001525,http://www.wikidata.org/entity/Q2520687,0,1060,,37.77583,26.88667
GRC,Grécia,Q1001529,http://www.wikidata.org/entity/Q769120,0,1119,,37.091884,22.740077
GRC,Grécia,Q1001541,http://www.wikidata.org/entity/Q2355675,0,617,,39.86472222,22.73388889
GRC,Grécia,Q1021665,http://www.wikidata.org/entity/Q43497,0,7837,,38.11666667,23.85
GRC,Grécia,Q1021670,http://www.wikidata.org/entity/Q12875663,0,766,,37.72687,20.86536
GRC,Grécia,Q1021683,http://www.wikidata.org/entity/Q2678359,0,42787,,40.6498,22.9535
GRC,Grécia,Q1021687,http://www.wikidata.org/entity/Q21422719,0,79221,,40.66888889,22.90833333
GRC,Grécia,Q1021692,http://www.wikidata.org/entity/Q3252409,0,592,,37.858111111111,21.80725
GRC,Grécia,Q1026705,http://www.wikidata.org/entity/Q2117544,0,6529,,37.250777,21.670524
GRC,Grécia,Q1027199,http://www.wikidata.org/entity/Q2366186,0,569,,35.331389,24.496111
GRC,Grécia,Q1027196,http://www.wikidata.org/entity/Q2366186,0,870,,35.354444444444,24.402611111111
GRC,Grécia,Q1027204,http://www.wikidata.org/entity/Q2658714,0,4450,,40.718351,23.679904
GRC,Grécia,Q1027210,http://www.wikidata.org/entity/Q1673558,0,25441,,37.9534,23.6818
GRC,Grécia,Q1027225,http://www.wikidata.org/entity/Q19896769,0,24864,,35.056,24.8388
GRC,Grécia,Q1027669,http://www.wikidata.org/entity/Q1521832,0,2553,,40.46722222,23.28055556
GRC,Grécia,Q1235455,http://www.wikidata.org/entity/Q675347,0,3621,,38.634305,24.103832
GRC,Grécia,Q1235548,http://www.wikidata.org/entity/Q207554,0,13851,,38.953,22.7289
GRC,Grécia,Q1235563,http://www.wikidata.org/entity/Q19890323,0,15330,,38.5334,22.1375
GRC,Grécia,Q1235572,http://www.wikidata.org/entity/Q17558106,0,1951,,39.1272,22.3031
GRC,Grécia,Q1235623,http://www.wikidata.org/entity/Q8257871,0,8188,,38.4569,22.6497
GRC,Grécia,Q1611799,http://www.wikidata.org/entity/Q2658714,0,1851,,40.627222222222,23.444166666667
GRC,Grécia,Q1613114,http://www.wikidata.org/entity/Q1990863,0,1556,,40.94361111,24.17722222
GRC,Grécia,Q1613254,http://www.wikidata.org/entity/Q3557736,0,1812,,40.62472222,21.7075
GRC,Grécia,Q1618944,http://www.wikidata.org/entity/Q2128109,0,3404,,39.51666667,22.35
GRC,Grécia,Q1625198,http://www.wikidata.org/entity/Q210487,0,19891,,35.4658,23.8342
GRC,Grécia,Q1158903,http://www.wikidata.org/entity/Q1192028,0,1635,,37.0995,22.0054
GRC,Grécia,Q1169725,http://www.wikidata.org/entity/Q6935302,0,490,,40.86694444,26.11805556
GRC,Grécia,Q1170152,http://www.wikidata.org/entity/Q12275550,0,1189,,40.784444444444,22.0875
GRC,Grécia,Q1171044,http://www.wikidata.org/entity/Q950673,0,2628,,37.61444444,23.03611111
GRC,Grécia,Q1192028,http://www.wikidata.org/entity/Q11723843,0,69090,,37.102222222222,22.135833333333
GRC,Grécia,Q1192390,http://www.wikidata.org/entity/Q2355675,0,294,,39.68,22.825277777778
GRC,Grécia,Q1193834,http://www.wikidata.org/entity/Q2016006,0,687,,40.985,23.67
GRC,Grécia,Q1194281,http://www.wikidata.org/entity/Q2016006,0,1818,,41.10222222,23.68
GRC,Grécia,Q1195159,http://www.wikidata.org/entity/Q3559728,0,5686,,40.767222222222,22.151944444444
GRC,Grécia,Q1227665,http://www.wikidata.org/entity/Q16329876,0,3904,,38.393,23.88492
GRC,Grécia,Q1227681,http://www.wikidata.org/entity/Q666901,0,1269,,38.95,23.0917
GRC,Grécia,Q1229916,http://www.wikidata.org/entity/Q11874075,0,1079,,35.74051111,27.17354444
GRC,Grécia,Q1231074,http://www.wikidata.org/entity/Q18018043,0,4936,,37.537743,25.16106
GRC,Grécia,Q1233671,http://www.wikidata.org/entity/Q737245,0,5932,,38.6536,22.9988
GRC,Grécia,Q1235010,http://www.wikidata.org/entity/Q9148069,0,4402,,38.36666667,23.1
GRC,Grécia,Q1067065,http://www.wikidata.org/entity/Q780149,0,102,,40.258462,24.178677
GRC,Grécia,Q1067463,http://www.wikidata.org/entity/Q780149,0,86,,40.253148,24.247534
GRC,Grécia,Q1069728,http://www.wikidata.org/entity/Q980686,0,349,,39.28333333,23.18333333
GRC,Grécia,Q1070686,http://www.wikidata.org/entity/Q1737776,0,5130,,38.1,20.76666667
GRC,Grécia,Q1070728,http://www.wikidata.org/entity/Q4421087,0,1864,,35.05,26.13333333
GRC,Grécia,Q1132273,http://www.wikidata.org/entity/Q1812290,0,413,,38.626611111111,20.607138888889
GRC,Grécia,Q1135193,http://www.wikidata.org/entity/Q43497,0,6592,,38.13333333,23.86666667
GRC,Grécia,Q1135200,http://www.wikidata.org/entity/Q43497,0,5318,,38.13333333,23.83333333
GRC,Grécia,Q1135206,http://www.wikidata.org/entity/Q12875805,0,10302,,38.51666667,23.63333333
GRC,Grécia,Q1135211,http://www.wikidata.org/entity/Q3074841,0,659,,37.726,24.0145
GRC,Grécia,Q1135222,http://www.wikidata.org/entity/Q16329869,0,4956,,38.0753,23.524
GRC,Grécia,Q1154467,http://www.wikidata.org/entity/Q12875678,0,2971,,38.2667,22.9667
GRC,Grécia,Q1154465,http://www.wikidata.org/entity/Q1192028,0,3011,,37.15,22.03333333
GRC,Grécia,Q1154491,http://www.wikidata.org/entity/Q378335,0,2387,,37.15,21.96666667
GRC,Grécia,Q1154658,http://www.wikidata.org/entity/Q2634231,0,5888,,39.1,21.0
GRC,Grécia,Q1158273,http://www.wikidata.org/entity/Q1307389,0,245,,35.35333333,24.92305556
GRC,Grécia,Q1158695,http://www.wikidata.org/entity/Q394026,0,11,,35.17444,24.41493
GRC,Grécia,Q941736,http://www.wikidata.org/entity/Q1812290,0,8673,,38.830277777778,20.704444444444
GRC,Grécia,Q941860,http://www.wikidata.org/entity/Q4421087,0,1092,,35.19777778,26.25472222
GRC,Grécia,Q943354,http://www.wikidata.org/entity/Q6935302,0,5457,,40.89333333,26.17388889
GRC,Grécia,Q967055,http://www.wikidata.org/entity/Q780149,0,50,,40.223888888889,24.308333333333
GRC,Grécia,Q967253,http://www.wikidata.org/entity/Q12875801,0,10627,,35.48333333,24.03333333
GRC,Grécia,Q971487,http://www.wikidata.org/entity/Q1027225,0,160,,35.07833,24.90833
GRC,Grécia,Q972388,http://www.wikidata.org/entity/Q786461,0,3106,,39.60552778,21.98
GRC,Grécia,Q972795,http://www.wikidata.org/entity/Q3558377,0,190,,35.086623055556,25.806241944444
GRC,Grécia,Q985630,http://www.wikidata.org/entity/Q16737779,0,2963,,39.77027778,21.18388889
GRC,Grécia,Q995193,http://www.wikidata.org/entity/Q3557808,0,730,,41.37888889,26.61166667
GRC,Grécia,Q1001537,http://www.wikidata.org/entity/Q3085362,0,5160,,37.73333333,21.95
GRC,Grécia,Q1001552,http://www.wikidata.org/entity/Q515576,0,78474,,37.96666667,23.61666667
GRC,Grécia,Q1001558,http://www.wikidata.org/entity/Q1235563,0,3240,,38.36472222,22.19166667
GRC,Grécia,Q1001578,http://www.wikidata.org/entity/Q6856965,0,392,,38.756666666667,21.845277777778
GRC,Grécia,Q1001585,http://www.wikidata.org/entity/Q12875675,0,4850,,39.75388889,19.78055556
GRC,Grécia,Q1051038,http://www.wikidata.org/entity/Q992450,0,1310,,37.292337,22.50019
GRC,Grécia,Q1059902,http://www.wikidata.org/entity/Q780149,0,49,,40.283572222222,24.26655
GRC,Grécia,Q1062915,http://www.wikidata.org/entity/Q12875763,0,153,,36.17,28.09
GRC,Grécia,Q1062964,http://www.wikidata.org/entity/Q125126953,0,940,,38.15,20.766666666667
GRC,Grécia,Q771781,http://www.wikidata.org/entity/Q6856965,0,7228,,38.9121,21.795
GRC,Grécia,Q771971,http://www.wikidata.org/entity/Q12875805,0,6924,,38.4,23.6
GRC,Grécia,Q775959,http://www.wikidata.org/entity/Q737245,0,3351,,38.56666667,23.21666667
GRC,Grécia,Q776118,http://www.wikidata.org/entity/Q2484671,0,6995,,40.102777777778,22.506944444444
GRC,Grécia,Q868553,http://www.wikidata.org/entity/Q352771,0,17371,,38.0025,23.873888888889
GRC,Grécia,Q940804,http://www.wikidata.org/entity/Q16737558,0,7844,,39.894722222222,22.188611111111
GRC,Grécia,Q1248046,http://www.wikidata.org/entity/Q211934,0,20266,,38.0214,23.9564
GRC,Grécia,Q1251235,http://www.wikidata.org/entity/Q3559710,0,187,,40.126944444444,21.136944444444
GRC,Grécia,Q1298059,http://www.wikidata.org/entity/Q2001120,0,1494,,38.1465,22.3552
GRC,Grécia,Q1307389,http://www.wikidata.org/entity/Q19896769,0,25271,,35.37027778,25.0
GRC,Grécia,Q1307603,http://www.wikidata.org/entity/Q2001120,0,687,,38.2342362,22.139039
GRC,Grécia,Q1309588,http://www.wikidata.org/entity/Q2658714,0,2556,,40.70592,23.6985
GRC,Grécia,Q1335060,http://www.wikidata.org/entity/Q1690590,0,78,,38.18805556,26.02833333
GRC,Grécia,Q1346418,http://www.wikidata.org/entity/Q2634238,0,8979,,40.42611111,22.92805556
GRC,Grécia,Q1379591,http://www.wikidata.org/entity/Q394026,0,219,,35.2,24.40277778
GRC,Grécia,Q1383135,http://www.wikidata.org/entity/Q11723845,0,21507,,37.5,24.8
GRC,Grécia,Q1384002,http://www.wikidata.org/entity/Q393980,0,151,,35.2,25.65
GRC,Grécia,Q1384932,http://www.wikidata.org/entity/Q393980,0,1764,,35.156667,25.644444
GRC,Grécia,Q1385343,http://www.wikidata.org/entity/Q2520687,0,590,,37.78583333,26.84833333
GRC,Grécia,Q1229905,http://www.wikidata.org/entity/Q21448439,0,1222,,40.26768889,22.59628056
GRC,Grécia,Q1232203,http://www.wikidata.org/entity/Q2001120,0,2183,,38.19138889,22.19805556
GRC,Grécia,Q1232216,http://www.wikidata.org/entity/Q1021606,0,2663,,38.418388888889,22.52875
GRC,Grécia,Q1232226,http://www.wikidata.org/entity/Q15243882,0,3142,,37.61666667,21.5
GRC,Grécia,Q1233066,http://www.wikidata.org/entity/Q12875801,0,143,,35.403648,23.984178
GRC,Grécia,Q1236193,http://www.wikidata.org/entity/Q16737154,0,15156,,37.95,23.85
GRC,Grécia,Q1240074,http://www.wikidata.org/entity/Q1021606,0,4666,,38.4329,22.4261
GRC,Grécia,Q1240371,http://www.wikidata.org/entity/Q2520681,0,1244,,39.326944444444,26.176388888889
GRC,Grécia,Q1241368,http://www.wikidata.org/entity/Q2520681,0,349,,39.13333333,25.93333333
GRC,Grécia,Q1242834,http://www.wikidata.org/entity/Q546132,0,22271,,37.0,25.6
GRC,Grécia,Q1246364,http://www.wikidata.org/entity/Q3830794,0,2884,,37.15677222,26.85327222
GRC,Grécia,Q1247938,http://www.wikidata.org/entity/Q755168,0,43174,,37.91033,23.72361
GRC,Grécia,Q1393893,http://www.wikidata.org/entity/Q919723,0,259,,37.9382,21.6772
GRC,Grécia,Q1394046,http://www.wikidata.org/entity/Q12875763,0,1996,,36.33944444,28.2
GRC,Grécia,Q1396957,http://www.wikidata.org/entity/Q64868574,0,778,,39.75594,19.78492
GRC,Grécia,Q1418080,http://www.wikidata.org/entity/Q19543309,0,1383,,40.717,24.729
GRC,Grécia,Q1427693,http://www.wikidata.org/entity/Q2219845,0,224,,38.5988,21.7922
GRC,Grécia,Q1432479,http://www.wikidata.org/entity/Q2001120,0,299,,38.05444444,22.35083333
GRC,Grécia,Q1448638,http://www.wikidata.org/entity/Q1021606,0,610,,38.6889,22.3233
GRC,Grécia,Q1451297,http://www.wikidata.org/entity/Q210487,0,3052,,35.2673,24.0883
GRC,Grécia,Q1452998,http://www.wikidata.org/entity/Q933783,0,7836,,40.4525,21.258055555556
GRC,Grécia,Q1455063,http://www.wikidata.org/entity/Q12875676,0,355,,39.6775,20.875
GRC,Grécia,Q1462907,http://www.wikidata.org/entity/Q12899309,0,7761,,35.32916667,25.315
GRC,Grécia,Q1478586,http://www.wikidata.org/entity/Q16058312,0,635,,41.58333333,26.31666667
GRC,Grécia,Q1479541,http://www.wikidata.org/entity/Q3559710,0,93,,40.11667,21.15
GRC,Grécia,Q1493246,http://www.wikidata.org/entity/Q631048,0,6169,,36.25747,22.97602
GRC,Grécia,Q1494236,http://www.wikidata.org/entity/Q2117544,0,8370,,37.066666666667,21.633333333333
GRC,Grécia,Q1568244,http://www.wikidata.org/entity/Q12875763,0,3595,,36.024,27.925
GRC,Grécia,Q1568906,http://www.wikidata.org/entity/Q3558377,0,227,,35.07761111,25.94158333
GRC,Grécia,Q1934034,http://www.wikidata.org/entity/Q3650767,0,94,,37.0,26.916666666667
GRC,Grécia,Q2005634,http://www.wikidata.org/entity/Q2636821,0,500,,41.33333333,24.88333333
GRC,Grécia,Q2006164,http://www.wikidata.org/entity/Q2368800,0,136,,35.2493,23.8109
GRC,Grécia,Q2006858,http://www.wikidata.org/entity/Q12282294,0,904,,41.024166666667,24.338888888889
GRC,Grécia,Q1587394,http://www.wikidata.org/entity/Q12875763,0,423,,36.25313889,28.15563889
GRC,Grécia,Q1605878,http://www.wikidata.org/entity/Q2366186,0,2708,,35.3,24.33333333
GRC,Grécia,Q1633145,http://www.wikidata.org/entity/Q2678359,0,31830,,40.653333333333,22.941666666667
GRC,Grécia,Q1633172,http://www.wikidata.org/entity/Q302020,0,15133,,40.65416667,22.91111111
GRC,Grécia,Q1637062,http://www.wikidata.org/entity/Q2227543,0,46008,,40.668533,22.9321652
GRC,Grécia,Q1637671,http://www.wikidata.org/entity/Q2679951,0,36843,,40.60055556,22.9875
GRC,Grécia,Q1638072,http://www.wikidata.org/entity/Q2290529,0,213,,39.98777778,23.89916667
GRC,Grécia,Q1668419,http://www.wikidata.org/entity/Q980686,0,86,,39.15972222,23.07888889
GRC,Grécia,Q1670109,http://www.wikidata.org/entity/Q2324833,0,740,,40.881666666667,23.618611111111
GRC,Grécia,Q1727945,http://www.wikidata.org/entity/Q762668,0,4703,,38.915277777778,20.891111111111
GRC,Grécia,Q1728291,http://www.wikidata.org/entity/Q666901,0,487,,39.0125,23.226944444444
GRC,Grécia,Q1728511,http://www.wikidata.org/entity/Q2352674,0,116,,34.964722222222,25.041388888889
GRC,Grécia,Q1737266,http://www.wikidata.org/entity/Q21731074,0,673,,35.122,25.858
GRC,Grécia,Q1737776,http://www.wikidata.org/entity/Q17320465,0,35801,,38.25,20.5
GRC,Grécia,Q1739185,http://www.wikidata.org/entity/Q2000198,0,1438,,40.85555556,24.69833333
GRC,Grécia,Q1811299,http://www.wikidata.org/entity/Q3042287,0,2672,,37.93444444,22.84583333
GRC,Grécia,Q1812290,http://www.wikidata.org/entity/Q1248071,0,25229,,38.7145,20.664
GRC,Grécia,Q1848794,http://www.wikidata.org/entity/Q65234114,0,3059,,39.07944444,26.18416667
GRC,Grécia,Q1850556,http://www.wikidata.org/entity/Q2634125,0,12212,,37.975,22.976666666667
GRC,Grécia,Q1852722,http://www.wikidata.org/entity/Q12875753,0,12487,,38.2819,21.8549
GRC,Grécia,Q1857915,http://www.wikidata.org/entity/Q2520687,0,1426,,37.69,26.942555555556
GRC,Grécia,Q1920433,http://www.wikidata.org/entity/Q11874075,0,1043,,35.49052222,27.16801944
GRC,Grécia,Q1921588,http://www.wikidata.org/entity/Q2207213,0,11996,,37.61667,21.63333
GRC,Grécia,Q1923665,http://www.wikidata.org/entity/Q2271587,0,3397,,37.9,21.31667
GRC,Grécia,Q1925381,http://www.wikidata.org/entity/Q1536340,0,1163,,37.581,23.3908
GRC,Grécia,Q1135228,http://www.wikidata.org/entity/Q2465717,0,1704,,37.8279,23.969
GRC,Grécia,Q1135239,http://www.wikidata.org/entity/Q2403002,0,581,,38.1667,23.4173
GRC,Grécia,Q1142584,http://www.wikidata.org/entity/Q12875753,0,12251,,38.1795,21.7584
GRC,Grécia,Q1142659,http://www.wikidata.org/entity/Q11799323,0,1430,,38.319722222222,23.7875
GRC,Grécia,Q1142670,http://www.wikidata.org/entity/Q43497,0,2906,,38.1315,23.875
GRC,Grécia,Q1142675,http://www.wikidata.org/entity/Q1690590,0,7336,,38.4,26.11666667
GRC,Grécia,Q1223695,http://www.wikidata.org/entity/Q9355456,0,2022,,38.2159,23.5173
GRC,Grécia,Q1223763,http://www.wikidata.org/entity/Q6856965,0,1604,,38.7656,21.639
GRC,Grécia,Q1223774,http://www.wikidata.org/entity/Q1235563,0,1256,,38.4196,21.928
GRC,Grécia,Q1223923,http://www.wikidata.org/entity/Q18018042,0,1859,,37.837,24.9365
GRC,Grécia,Q1227707,http://www.wikidata.org/entity/Q9355456,0,4812,,38.3464,23.5811
GRC,Grécia,Q1228514,http://www.wikidata.org/entity/Q19543309,0,121,,40.67,24.655
GRC,Grécia,Q1229327,http://www.wikidata.org/entity/Q666901,0,1351,,38.879208333333,23.046202777778
GRC,Grécia,Q1229333,http://www.wikidata.org/entity/Q9355456,0,3704,,38.30764,23.63818
GRC,Grécia,Q935624,http://www.wikidata.org/entity/Q125127553,0,531,,38.2,22.11666667
GRC,Grécia,Q939235,http://www.wikidata.org/entity/Q6935302,0,391,,41.0175,25.954166666667
GRC,Grécia,Q940330,http://www.wikidata.org/entity/Q15979847,0,8372,,39.704444444444,21.626944444444
GRC,Grécia,Q940512,http://www.wikidata.org/entity/Q3949542,0,1379,,36.37411111,25.48202778
GRC,Grécia,Q955501,http://www.wikidata.org/entity/Q980540,0,113,,34.993055555556,24.749722222222
GRC,Grécia,Q981081,http://www.wikidata.org/entity/Q762668,0,2664,,38.780925,20.878497222222
GRC,Grécia,Q985454,http://www.wikidata.org/entity/Q980686,0,594,,39.30599,23.1209
GRC,Grécia,Q985462,http://www.wikidata.org/entity/Q2232240,0,95798,,37.966666666667,23.633333333333
GRC,Grécia,Q985596,http://www.wikidata.org/entity/Q16737939,0,10172,,39.283333333333,22.383333333333
GRC,Grécia,Q1001581,http://www.wikidata.org/entity/Q568218,0,2708,,38.77,23.32
GRC,Grécia,Q1001590,http://www.wikidata.org/entity/Q2484671,0,733,,39.9771,22.6507
GRC,Grécia,Q1051951,http://www.wikidata.org/entity/Q2484671,0,2013,,39.991671,22.624262
GRC,Grécia,Q1059457,http://www.wikidata.org/entity/Q2190110,0,7360,,40.626666666667,22.732222222222
GRC,Grécia,Q1059775,http://www.wikidata.org/entity/Q2219845,0,3014,,38.37652778,21.61286111
GRC,Grécia,Q1059939,http://www.wikidata.org/entity/Q780149,0,48,,40.168251,24.274255
GRC,Grécia,Q1115715,http://www.wikidata.org/entity/Q208606,0,18159,,41.1597,23.9196
GRC,Grécia,Q1120887,http://www.wikidata.org/entity/Q1242904,0,33388,,36.81666667,27.11666667
GRC,Grécia,Q1134837,http://www.wikidata.org/entity/Q11799323,0,1334,,38.23333333,23.8
GRC,Grécia,Q750320,http://www.wikidata.org/entity/Q919723,0,225,,37.98472222,21.79694444
GRC,Grécia,Q750331,http://www.wikidata.org/entity/Q919723,0,801,,37.917,21.744
GRC,Grécia,Q752163,http://www.wikidata.org/entity/Q2532022,0,2743,,37.404432,22.723019
GRC,Grécia,Q771125,http://www.wikidata.org/entity/Q12282294,0,3365,,41.01305556,24.295
GRC,Grécia,Q771246,http://www.wikidata.org/entity/Q780149,0,62,,40.225555555556,24.290833333333
GRC,Grécia,Q932648,http://www.wikidata.org/entity/Q3557808,0,9263,,41.35,26.5
GRC,Grécia,Q1417215,http://www.wikidata.org/entity/Q922366,0,592,,36.8075,21.80638889
GRC,Grécia,Q1417399,http://www.wikidata.org/entity/Q1307389,0,521,,35.380146,24.956173
GRC,Grécia,Q1483416,http://www.wikidata.org/entity/Q12875763,0,49,,36.23611111,28.15027778
GRC,Grécia,Q1514124,http://www.wikidata.org/entity/Q3558377,0,21,,35.08055556,25.82694444
GRC,Grécia,Q1536340,http://www.wikidata.org/entity/Q631048,0,7811,,37.5164,23.3405
GRC,Grécia,Q1549738,http://www.wikidata.org/entity/Q616733,0,1165,,37.414444444444,23.125277777778
GRC,Grécia,Q1551284,http://www.wikidata.org/entity/Q394026,0,225,,35.225,24.46777778
GRC,Grécia,Q1568232,http://www.wikidata.org/entity/Q1673558,0,15778,,37.9704,23.6942
GRC,Grécia,Q1576389,http://www.wikidata.org/entity/Q922366,0,5092,,37.03333333,21.7
GRC,Grécia,Q1654679,http://www.wikidata.org/entity/Q1536340,0,536,,37.592222222222,23.356111111111
GRC,Grécia,Q1655349,http://www.wikidata.org/entity/Q3949542,0,796,,36.46234,25.375694
GRC,Grécia,Q1134852,http://www.wikidata.org/entity/Q4163564,0,10394,,37.88333333,23.93333333
GRC,Grécia,Q1140481,http://www.wikidata.org/entity/Q780149,0,75,,40.160615,24.289499
GRC,Grécia,Q1140986,http://www.wikidata.org/entity/Q780149,0,101,,40.179455,24.255839
GRC,Grécia,Q1141004,http://www.wikidata.org/entity/Q780149,0,42,,40.267996,24.276773
GRC,Grécia,Q1141010,http://www.wikidata.org/entity/Q780149,0,90,,40.352688888889,24.138052777778
GRC,Grécia,Q1144148,http://www.wikidata.org/entity/Q649278,0,2055,,37.684166666667,22.713611111111
GRC,Grécia,Q1224979,http://www.wikidata.org/entity/Q755177,0,664046,,37.98888,23.73604
GRC,Grécia,Q1226082,http://www.wikidata.org/entity/Q3085362,0,1402,,37.59524,22.04025
GRC,Grécia,Q1227686,http://www.wikidata.org/entity/Q207554,0,12090,,38.75495,22.73046
GRC,Grécia,Q1227689,http://www.wikidata.org/entity/Q1241397,0,478,,39.1,21.51666667
GRC,Grécia,Q1241397,http://www.wikidata.org/entity/Q11723827,0,13529,,39.064,21.577111111111
GRC,Grécia,Q1246853,http://www.wikidata.org/entity/Q10803107,0,208,,35.165564,25.451245
GRC,Grécia,Q1247264,http://www.wikidata.org/entity/Q2658714,0,3672,,40.664166666667,23.696111111111
GRC,Grécia,Q1247513,http://www.wikidata.org/entity/Q2309622,0,34216,,38.0,23.8
GRC,Grécia,Q1283835,http://www.wikidata.org/entity/Q3332789,0,296,,37.3875,22.1575
GRC,Grécia,Q1665019,http://www.wikidata.org/entity/Q2708287,0,12290,,38.00388889,23.77944444
GRC,Grécia,Q1694216,http://www.wikidata.org/entity/Q769120,0,7,,37.1456257,22.7689612
GRC,Grécia,Q1694710,http://www.wikidata.org/entity/Q64868574,0,343,,39.72777778,19.9
GRC,Grécia,Q1711138,http://www.wikidata.org/entity/Q12875769,0,3410,,40.1844,22.0023
GRC,Grécia,Q1747381,http://www.wikidata.org/entity/Q2538156,0,7064,,40.9954,22.5714
GRC,Grécia,Q1748455,http://www.wikidata.org/entity/Q11742509,0,117,,40.16102,20.94293
GRC,Grécia,Q1748459,http://www.wikidata.org/entity/Q16737779,0,629,,39.8525,21.229166666667
GRC,Grécia,Q1750929,http://www.wikidata.org/entity/Q9386001,0,54,,39.98,20.90833333
GRC,Grécia,Q1754455,http://www.wikidata.org/entity/Q2268710,0,914,,40.447222222222,22.589722222222
GRC,Grécia,Q1755448,http://www.wikidata.org/entity/Q21144478,0,876,,39.3547,22.8339
GRC,Grécia,Q1762696,http://www.wikidata.org/entity/Q13389655,0,1924,,38.573611111111,21.666388888889
GRC,Grécia,Q1765520,http://www.wikidata.org/entity/Q2636821,0,238,,41.35141,24.99036
GRC,Grécia,Q1767902,http://www.wikidata.org/entity/Q8257871,0,33432,,38.43884,22.87946
GRC,Grécia,Q1773189,http://www.wikidata.org/entity/Q2366186,0,652,,35.359722222222,24.571944444444
GRC,Grécia,Q2324833,http://www.wikidata.org/entity/Q211319,0,27736,,40.8856,23.5754
GRC,Grécia,Q2330324,http://www.wikidata.org/entity/Q3557736,0,211,,40.644444444444,21.494444444444
GRC,Grécia,Q2472821,http://www.wikidata.org/entity/Q2634238,0,9630,,40.46666667,22.86666667
GRC,Grécia,Q2478944,http://www.wikidata.org/entity/Q2016016,0,2455,,40.761666666667,22.526388888889
GRC,Grécia,Q2479030,http://www.wikidata.org/entity/Q211732,0,44215,,40.3019,21.3643
GRC,Grécia,Q2479092,http://www.wikidata.org/entity/Q16737235,0,6391,,39.03861,26.45583
GRC,Grécia,Q2479100,http://www.wikidata.org/entity/Q2520681,0,2464,,39.24778,26.27167
GRC,Grécia,Q2479112,http://www.wikidata.org/entity/Q2192371,0,4967,,40.716111111111,22.728333333333
GRC,Grécia,Q2481980,http://www.wikidata.org/entity/Q2538156,0,2398,,40.8975,22.5525
GRC,Grécia,Q2618787,http://www.wikidata.org/entity/Q1120887,0,2132,,36.78181,27.14185
GRC,Grécia,Q2831532,http://www.wikidata.org/entity/Q2321253,0,4086,,37.94083333,21.155
GRC,Grécia,Q2832800,http://www.wikidata.org/entity/Q2658714,0,231,,40.695,23.4267
GRC,Grécia,Q2832809,http://www.wikidata.org/entity/Q2658714,0,718,,40.6767,23.56
GRC,Grécia,Q2836925,http://www.wikidata.org/entity/Q1625198,0,866,,35.45,23.91666667
GRC,Grécia,Q1775203,http://www.wikidata.org/entity/Q25162005,0,39,,39.19026,23.48044
GRC,Grécia,Q1779828,http://www.wikidata.org/entity/Q2352674,0,420,,35.1594,24.994
GRC,Grécia,Q1782349,http://www.wikidata.org/entity/Q919723,0,5185,,37.93388889,21.67638889
GRC,Grécia,Q1812299,http://www.wikidata.org/entity/Q65273062,0,3570,,39.41666667,20.06666667
GRC,Grécia,Q1819480,http://www.wikidata.org/entity/Q769120,0,3761,,37.1657243,22.8544475
GRC,Grécia,Q1890422,http://www.wikidata.org/entity/Q1120887,0,2467,,36.745,26.96
GRC,Grécia,Q1891364,http://www.wikidata.org/entity/Q1737776,0,220,,38.18333333,20.4
GRC,Grécia,Q1892329,http://www.wikidata.org/entity/Q65273062,0,348,,39.42694,19.9955
GRC,Grécia,Q1895230,http://www.wikidata.org/entity/Q12875666,0,3087,,39.35916667,20.41833333
GRC,Grécia,Q1938296,http://www.wikidata.org/entity/Q1063649,0,36442,,37.8457,21.4569
GRC,Grécia,Q1956972,http://www.wikidata.org/entity/Q2520687,0,2576,,37.72666667,26.90888889
GRC,Grécia,Q1960123,http://www.wikidata.org/entity/Q25161985,0,26684,,37.96666667,23.56666667
GRC,Grécia,Q1973131,http://www.wikidata.org/entity/Q3559710,0,378,,40.104444444444,21.018055555556
GRC,Grécia,Q1977462,http://www.wikidata.org/entity/Q980686,0,375,,39.305833333333,23.220277777778
GRC,Grécia,Q1977645,http://www.wikidata.org/entity/Q3558683,0,360,,40.89055556,21.47194444
GRC,Grécia,Q1979895,http://www.wikidata.org/entity/Q18564295,0,21654,,40.4914,23.7127
GRC,Grécia,Q1985961,http://www.wikidata.org/entity/Q211319,0,13800,,40.8964,23.9475
GRC,Grécia,Q2003428,http://www.wikidata.org/entity/Q3042287,0,2908,,37.78333333,23.06666667
GRC,Grécia,Q2004382,http://www.wikidata.org/entity/Q2708287,0,11046,,38.0108,23.7727
GRC,Grécia,Q2004826,http://www.wikidata.org/entity/Q755165,0,31002,,38.0655,23.7881
GRC,Grécia,Q2005592,http://www.wikidata.org/entity/Q2418592,0,199,,41.234952777778,25.855694444444
GRC,Grécia,Q2005599,http://www.wikidata.org/entity/Q12875697,0,856,,41.01666667,25.35
GRC,Grécia,Q2005625,http://www.wikidata.org/entity/Q2636821,0,401,,41.243888888889,25.048055555556
GRC,Grécia,Q2006885,http://www.wikidata.org/entity/Q2000198,0,2067,,41.15,24.55
GRC,Grécia,Q2128109,http://www.wikidata.org/entity/Q578879,0,26018,,39.52114,22.51306
GRC,Grécia,Q2133714,http://www.wikidata.org/entity/Q15243882,0,696,,37.7425,21.557222222222
GRC,Grécia,Q2190110,http://www.wikidata.org/entity/Q210176,0,45839,,40.6198,22.7583
GRC,Grécia,Q2192371,http://www.wikidata.org/entity/Q210176,0,34628,,40.74358,22.65609
GRC,Grécia,Q2194495,http://www.wikidata.org/entity/Q2495811,0,31507,,38.06655,21.51889
GRC,Grécia,Q2197210,http://www.wikidata.org/entity/Q208306,0,19433,,38.0428,22.4973
GRC,Grécia,Q2207213,http://www.wikidata.org/entity/Q1063649,0,17976,,37.561944,21.787222
GRC,Grécia,Q2207540,http://www.wikidata.org/entity/Q212921,0,12950,,39.9193,20.5122
GRC,Grécia,Q2212592,http://www.wikidata.org/entity/Q1027225,0,1061,,35.01,24.86778
GRC,Grécia,Q2310605,http://www.wikidata.org/entity/Q644192,0,6190,,39.8782,25.0636
GRC,Grécia,Q2321253,http://www.wikidata.org/entity/Q1063649,0,22079,,37.933333,21.266667
GRC,Grécia,Q750762,http://www.wikidata.org/entity/Q2290529,0,1156,,40.09722222,23.97944444
GRC,Grécia,Q767716,http://www.wikidata.org/entity/Q755177,0,35607,,38.036667,23.7375
GRC,Grécia,Q769120,http://www.wikidata.org/entity/Q170054,0,9686,,37.1657243,22.8544475
GRC,Grécia,Q769709,http://www.wikidata.org/entity/Q12875693,0,48700,,38.08333333,23.81666667
GRC,Grécia,Q930841,http://www.wikidata.org/entity/Q4421087,0,30,,35.221625,26.216125
GRC,Grécia,Q933566,http://www.wikidata.org/entity/Q21621911,0,27245,,37.963333333333,23.765277777778
GRC,Grécia,Q933783,http://www.wikidata.org/entity/Q1080115,0,11802,,40.41374,21.27203
GRC,Grécia,Q938412,http://www.wikidata.org/entity/Q3558377,0,17710,,35.0106,25.736
GRC,Grécia,Q943675,http://www.wikidata.org/entity/Q1027225,0,484,,35.152,24.821
GRC,Grécia,Q945421,http://www.wikidata.org/entity/Q1905274,0,3879,,39.2833,21.3
GRC,Grécia,Q955459,http://www.wikidata.org/entity/Q21621796,0,63418,,38.01666667,23.75
GRC,Grécia,Q972821,http://www.wikidata.org/entity/Q64868574,0,359,,39.74166667,19.78333333
GRC,Grécia,Q976691,http://www.wikidata.org/entity/Q2538156,0,782,,40.954444444444,22.410277777778
GRC,Grécia,Q980686,http://www.wikidata.org/entity/Q1884468,0,11316,,39.23354,23.20802
GRC,Grécia,Q985455,http://www.wikidata.org/entity/Q25413875,0,81607,,37.9902,23.68
GRC,Grécia,Q985549,http://www.wikidata.org/entity/Q4421087,0,10565,,35.207688,26.106896
GRC,Grécia,Q1088543,http://www.wikidata.org/entity/Q3558377,0,4,,34.872213888889,25.708216666667
GRC,Grécia,Q1112155,http://www.wikidata.org/entity/Q2479030,0,582,,40.194166666667,21.144444444444
GRC,Grécia,Q1142680,http://www.wikidata.org/entity/Q432472,0,2541,,35.1833,25.2833
GRC,Grécia,Q1142691,http://www.wikidata.org/entity/Q2712158,0,3335,,35.33333333,24.2
GRC,Grécia,Q1142695,http://www.wikidata.org/entity/Q919723,0,373,,37.949712,21.761113
GRC,Grécia,Q1144109,http://www.wikidata.org/entity/Q2634247,0,332,,39.4333,21.2167
GRC,Grécia,Q1144117,http://www.wikidata.org/entity/Q12875753,0,7666,,38.18194,21.70471
GRC,Grécia,Q1144133,http://www.wikidata.org/entity/Q2634247,0,537,,39.5086,21.1474
GRC,Grécia,Q1255185,http://www.wikidata.org/entity/Q65273062,0,289,,39.38353,20.08322
GRC,Grécia,Q1269388,http://www.wikidata.org/entity/Q11723843,0,7495,,36.85,22.266666666667
GRC,Grécia,Q1333250,http://www.wikidata.org/entity/Q393980,0,2193,,35.25,25.716666666667
GRC,Grécia,Q1371634,http://www.wikidata.org/entity/Q12875679,0,4475,,38.436944444444,21.353611111111
GRC,Grécia,Q1405893,http://www.wikidata.org/entity/Q21622024,0,32417,,38.0390538,23.8377529
GRC,Grécia,Q1406069,http://www.wikidata.org/entity/Q19896642,0,14797,,41.0198,24.8161
GRC,Grécia,Q1407336,http://www.wikidata.org/entity/Q394026,0,303,,35.20083333,24.41666667
GRC,Grécia,Q1408844,http://www.wikidata.org/entity/Q1120887,0,2212,,36.80977,27.09715
GRC,Grécia,Q1413375,http://www.wikidata.org/entity/Q12760042,0,11390,,39.65681,20.34626
GRC,Grécia,Q1413774,http://www.wikidata.org/entity/Q21500443,0,5207,,39.20277778,20.88416667
GRC,Grécia,Q1415820,http://www.wikidata.org/entity/Q735845,0,641,,40.45416667,21.52497222
GRC,Grécia,Q1521365,http://www.wikidata.org/entity/Q65273062,0,257,,39.39416667,20.07722222
GRC,Grécia,Q1521832,http://www.wikidata.org/entity/Q18564295,0,25004,,40.40437,23.42957
GRC,Grécia,Q1522529,http://www.wikidata.org/entity/Q64865001,0,745,,39.63111111,19.76222222
GRC,Grécia,Q1689422,http://www.wikidata.org/entity/Q2532082,0,10042,,40.23861111,23.28138889
GRC,Grécia,Q1690590,http://www.wikidata.org/entity/Q16332718,0,51390,,38.4,26.016667
GRC,Grécia,Q1722561,http://www.wikidata.org/entity/Q393980,0,567,,35.115,25.725
GRC,Grécia,Q1722850,http://www.wikidata.org/entity/Q25162031,0,1069,,40.47483333,25.47352778
GRC,Grécia,Q1727350,http://www.wikidata.org/entity/Q3085362,0,1041,,37.66666667,22.18333333
GRC,Grécia,Q1733889,http://www.wikidata.org/entity/Q65234121,0,7141,,37.79165833,26.70506111
GRC,Grécia,Q1735279,http://www.wikidata.org/entity/Q64868574,0,1059,,39.7883,19.9207
GRC,Grécia,Q1735552,http://www.wikidata.org/entity/Q15243882,0,748,,37.6518,21.3162
GRC,Grécia,Q1735823,http://www.wikidata.org/entity/Q1737776,0,42,,38.08,20.75
GRC,Grécia,Q1736413,http://www.wikidata.org/entity/Q393980,0,2773,,35.255966666667,25.606961111111
GRC,Grécia,Q1738703,http://www.wikidata.org/entity/Q3042287,0,319,,37.883333333333,22.988611111111
GRC,Grécia,Q1739177,http://www.wikidata.org/entity/Q2634251,0,329,,39.30777778,20.87583333
GRC,Grécia,Q1751647,http://www.wikidata.org/entity/Q649278,0,439,,37.71944444,22.74444444
GRC,Grécia,Q1752471,http://www.wikidata.org/entity/Q1231795,0,3371,,38.639,22.5915
GRC,Grécia,Q1784437,http://www.wikidata.org/entity/Q3595078,0,4098,,40.31667,22.58333
GRC,Grécia,Q1786624,http://www.wikidata.org/entity/Q16058312,0,735,,41.7202,26.2127
GRC,Grécia,Q1824921,http://www.wikidata.org/entity/Q1979895,0,1319,,40.51357,23.82527
GRC,Grécia,Q1887039,http://www.wikidata.org/entity/Q212810,0,19467,,39.4855,22.0833
GRC,Grécia,Q1889035,http://www.wikidata.org/entity/Q3539555,0,3270,,37.61666667,22.38333333
GRC,Grécia,Q1917135,http://www.wikidata.org/entity/Q16005641,0,18,,38.089487,22.175059
GRC,Grécia,Q1934815,http://www.wikidata.org/entity/Q980686,0,869,,39.327235,23.151156
GRC,Grécia,Q1937253,http://www.wikidata.org/entity/Q1451297,0,373,,35.2175,24.0853
GRC,Grécia,Q1960517,http://www.wikidata.org/entity/Q11723843,0,15592,,37.32,21.9363
GRC,Grécia,Q1989197,http://www.wikidata.org/entity/Q992450,0,2469,,37.08333333,22.55
GRC,Grécia,Q1990863,http://www.wikidata.org/entity/Q1625595,0,33951,,40.8461,24.1287
GRC,Grécia,Q1996519,http://www.wikidata.org/entity/Q25162084,0,31354,,37.9915,23.6596
GRC,Grécia,Q1996872,http://www.wikidata.org/entity/Q1887039,0,5214,,39.48333333,21.9
GRC,Grécia,Q1996882,http://www.wikidata.org/entity/Q16737558,0,2141,,39.780833333333,21.976388888889
GRC,Grécia,Q2006122,http://www.wikidata.org/entity/Q1812290,0,1110,,38.7094,20.7102
GRC,Grécia,Q2007855,http://www.wikidata.org/entity/Q2000198,0,8885,,40.98333333,24.7
GRC,Grécia,Q2009829,http://www.wikidata.org/entity/Q12875668,0,4267,,40.68333333,22.2
GRC,Grécia,Q2009837,http://www.wikidata.org/entity/Q3560056,0,8579,,40.36666667,21.95
GRC,Grécia,Q2009854,http://www.wikidata.org/entity/Q3560056,0,6970,,40.23333333,21.83333333
GRC,Grécia,Q2010128,http://www.wikidata.org/entity/Q2658714,0,3397,,40.6981,23.2862
GRC,Grécia,Q2010135,http://www.wikidata.org/entity/Q12875669,0,12544,,40.46666667,22.98333333
GRC,Grécia,Q2010143,http://www.wikidata.org/entity/Q1812290,0,3491,,38.63333333,20.6
GRC,Grécia,Q2010150,http://www.wikidata.org/entity/Q3567837,0,4235,,40.56666667,23.28333333
GRC,Grécia,Q2010159,http://www.wikidata.org/entity/Q992450,0,836,,37.20587,22.32167
GRC,Grécia,Q2010189,http://www.wikidata.org/entity/Q12875663,0,4897,,37.83333333,20.76666667
GRC,Grécia,Q2010196,http://www.wikidata.org/entity/Q1812290,0,1716,,38.78333333,20.66666667
GRC,Grécia,Q2010203,http://www.wikidata.org/entity/Q2658714,0,3104,,40.61666667,23.56666667
GRC,Grécia,Q2010309,http://www.wikidata.org/entity/Q3557942,0,865,,41.196,23.592
GRC,Grécia,Q2109972,http://www.wikidata.org/entity/Q12875689,0,1027,,38.048,24.3214
GRC,Grécia,Q2113414,http://www.wikidata.org/entity/Q649278,0,979,,37.7129,22.84109722
GRC,Grécia,Q2115961,http://www.wikidata.org/entity/Q980686,0,312,,39.336515,23.117697
GRC,Grécia,Q2117544,http://www.wikidata.org/entity/Q11723843,0,28520,,37.216667,21.683333
GRC,Grécia,Q2119481,http://www.wikidata.org/entity/Q2321253,0,8151,,38.03333,21.36667
GRC,Grécia,Q2119591,http://www.wikidata.org/entity/Q21556096,0,1673,,38.31666667,20.56666667
GRC,Grécia,Q2119893,http://www.wikidata.org/entity/Q1115715,0,307,,41.252222222222,24.024166666667
GRC,Grécia,Q2120402,http://www.wikidata.org/entity/Q3650767,0,14052,,36.951212,26.983194
GRC,Grécia,Q2142384,http://www.wikidata.org/entity/Q2016016,0,2025,,40.769166666667,22.313333333333
GRC,Grécia,Q2164623,http://www.wikidata.org/entity/Q2678359,0,13435,,40.65806,22.99378
GRC,Grécia,Q2170643,http://www.wikidata.org/entity/Q568218,0,1086,,38.809722222222,23.230833333333
GRC,Grécia,Q2181102,http://www.wikidata.org/entity/Q208306,0,19027,,37.9156,22.7458
GRC,Grécia,Q2181952,http://www.wikidata.org/entity/Q19890743,0,2577,,40.7477,21.1349
GRC,Grécia,Q2182103,http://www.wikidata.org/entity/Q212810,0,20415,,39.408,21.7152
GRC,Grécia,Q2213680,http://www.wikidata.org/entity/Q394026,0,223,,35.11666667,24.61666667
GRC,Grécia,Q2219845,http://www.wikidata.org/entity/Q202624,0,31594,,38.483333,21.833333
GRC,Grécia,Q2227543,http://www.wikidata.org/entity/Q210176,0,100194,,40.6808,22.9556
GRC,Grécia,Q2232240,http://www.wikidata.org/entity/Q1784863,0,105430,,37.969167,23.658056
GRC,Grécia,Q2236035,http://www.wikidata.org/entity/Q394026,0,18,,35.16611111,24.42166667
GRC,Grécia,Q2248347,http://www.wikidata.org/entity/Q2197210,0,5633,,38.0667,22.6333
GRC,Grécia,Q2532088,http://www.wikidata.org/entity/Q16737154,0,11877,,37.99166667,23.84833333
GRC,Grécia,Q2839252,http://www.wikidata.org/entity/Q3539555,0,237,,37.62111111,22.21916667
GRC,Grécia,Q2268710,http://www.wikidata.org/entity/Q19896675,0,18707,,40.44481,22.51489
GRC,Grécia,Q2270590,http://www.wikidata.org/entity/Q2015968,0,105,,41.088888888889,23.039444444444
GRC,Grécia,Q2270667,http://www.wikidata.org/entity/Q9386001,0,102,,39.86333333,20.79166667
GRC,Grécia,Q2271587,http://www.wikidata.org/entity/Q1063649,0,21034,,37.8618,21.285
GRC,Grécia,Q2272663,http://www.wikidata.org/entity/Q2340870,0,27067,,40.663888888889,22.896944444444
GRC,Grécia,Q2272672,http://www.wikidata.org/entity/Q2324833,0,6076,,40.9076,23.5006
GRC,Grécia,Q2274800,http://www.wikidata.org/entity/Q2643107,0,1055,,40.412222222222,21.061666666667
GRC,Grécia,Q2274820,http://www.wikidata.org/entity/Q10803016,0,22691,,40.7269,22.9169
GRC,Grécia,Q2275300,http://www.wikidata.org/entity/Q652551,0,9901,,38.0667,23.7167
GRC,Grécia,Q2275334,http://www.wikidata.org/entity/Q2403002,0,2547,,38.1667,23.3333
GRC,Grécia,Q2276075,http://www.wikidata.org/entity/Q4421087,0,376,,35.15510556,25.92353611
GRC,Grécia,Q2276871,http://www.wikidata.org/entity/Q2712158,0,529,,35.27421,24.28408
GRC,Grécia,Q2277232,http://www.wikidata.org/entity/Q11799323,0,3018,,38.31666667,23.78333333
GRC,Grécia,Q2277252,http://www.wikidata.org/entity/Q2389433,0,16717,,37.8333,23.8
GRC,Grécia,Q2277274,http://www.wikidata.org/entity/Q2194495,0,159,,38.10222222,21.48527778
GRC,Grécia,Q2308046,http://www.wikidata.org/entity/Q992450,0,16782,,37.073888888889,22.429444444444
GRC,Grécia,Q2333508,http://www.wikidata.org/entity/Q3557942,0,41,,41.136361111111,23.619305555556
GRC,Grécia,Q2333539,http://www.wikidata.org/entity/Q2182103,0,101,,39.384444444444,21.708888888889
GRC,Grécia,Q2418571,http://www.wikidata.org/entity/Q1990863,0,5059,,40.916111111111,24.255555555556
GRC,Grécia,Q2418584,http://www.wikidata.org/entity/Q2181952,0,314,,40.63333333,21.08333333
GRC,Grécia,Q2418592,http://www.wikidata.org/entity/Q19896603,0,18308,,41.1934,25.72812
GRC,Grécia,Q2418603,http://www.wikidata.org/entity/Q21144478,0,32661,,39.379166666667,22.9275
GRC,Grécia,Q2532063,http://www.wikidata.org/entity/Q3557808,0,1031,,41.4201,26.2254
GRC,Grécia,Q2532082,http://www.wikidata.org/entity/Q18564295,0,36500,,40.23333333,23.28333333
GRC,Grécia,Q1329852,http://www.wikidata.org/entity/Q2520687,0,124,,37.70777778,26.77277778
GRC,Grécia,Q1672603,http://www.wikidata.org/entity/Q21672545,0,849,,37.66444444,26.8825
GRC,Grécia,Q1673558,http://www.wikidata.org/entity/Q755168,0,40413,,37.9584,23.6873
GRC,Grécia,Q1714076,http://www.wikidata.org/entity/Q2634251,0,1960,,39.25,20.783
GRC,Grécia,Q1717899,http://www.wikidata.org/entity/Q20379354,0,1353,,36.743496,24.422296
GRC,Grécia,Q1722485,http://www.wikidata.org/entity/Q19543309,0,833,,40.69425833,24.55498611
GRC,Grécia,Q1722519,http://www.wikidata.org/entity/Q65234114,0,2103,,39.23278,26.20694
GRC,Grécia,Q1724647,http://www.wikidata.org/entity/Q690309,0,23,,35.2425,24.66277778
GRC,Grécia,Q1782670,http://www.wikidata.org/entity/Q1690590,0,1139,,38.227133,25.998912
GRC,Grécia,Q1795792,http://www.wikidata.org/entity/Q15961378,0,1127,,38.66667,21.31667
GRC,Grécia,Q1799676,http://www.wikidata.org/entity/Q12875763,0,306,,35.9671,27.86227222
GRC,Grécia,Q1810375,http://www.wikidata.org/entity/Q208606,0,10682,,41.3647,23.9475
GRC,Grécia,Q1872254,http://www.wikidata.org/entity/Q2532022,0,71,,37.413785,22.683554
GRC,Grécia,Q1872352,http://www.wikidata.org/entity/Q1451297,0,89,,35.20001,24.07858
GRC,Grécia,Q1905274,http://www.wikidata.org/entity/Q19896687,0,10434,,39.166667,21.183333
GRC,Grécia,Q1908809,http://www.wikidata.org/entity/Q12875675,0,329,,39.766666666667,19.516666666667
GRC,Grécia,Q1918933,http://www.wikidata.org/entity/Q1242834,0,464,,37.08953889,25.43800556
GRC,Grécia,Q1925880,http://www.wikidata.org/entity/Q17152,0,1052000,,40.63333333,22.95
GRC,Grécia,Q1996903,http://www.wikidata.org/entity/Q16737558,0,3531,,39.98333333,22.2
GRC,Grécia,Q1996914,http://www.wikidata.org/entity/Q1231770,0,4789,,39.91666667,22.58333333
GRC,Grécia,Q2000198,http://www.wikidata.org/entity/Q1625595,0,24004,,41.03235,24.6376
GRC,Grécia,Q2000292,http://www.wikidata.org/entity/Q2128109,0,1830,,39.621666666667,22.535
GRC,Grécia,Q2001120,http://www.wikidata.org/entity/Q2495811,0,52954,,38.153,22.13914
GRC,Grécia,Q2001542,http://www.wikidata.org/entity/Q21144478,0,729,,39.389444444444,22.999444444444
GRC,Grécia,Q2001558,http://www.wikidata.org/entity/Q21514966,0,1272,,39.05,22.95
GRC,Grécia,Q2010220,http://www.wikidata.org/entity/Q2418592,0,579,,41.25,25.68333333
GRC,Grécia,Q2010600,http://www.wikidata.org/entity/Q2219845,0,1521,,38.53333333,21.81666667
GRC,Grécia,Q2014112,http://www.wikidata.org/entity/Q1021606,0,1852,,38.71666667,22.21666667
GRC,Grécia,Q2014118,http://www.wikidata.org/entity/Q3556641,0,2434,,40.53333333,21.4
GRC,Grécia,Q2014136,http://www.wikidata.org/entity/Q3556641,0,2922,,40.5,21.33333333
GRC,Grécia,Q2014174,http://www.wikidata.org/entity/Q3559728,0,5097,,40.85,22.18333333
GRC,Grécia,Q2014663,http://www.wikidata.org/entity/Q1227686,0,3006,,38.8,22.65
GRC,Grécia,Q2014696,http://www.wikidata.org/entity/Q207554,0,3034,,38.91666667,22.3
GRC,Grécia,Q2015637,http://www.wikidata.org/entity/Q209385,0,7904,,39.9185,21.7365
GRC,Grécia,Q2016861,http://www.wikidata.org/entity/Q2520681,0,5341,,39.19472222,26.00861111
GRC,Grécia,Q2021744,http://www.wikidata.org/entity/Q2296581,0,6487,,35.31666667,24.8
GRC,Grécia,Q2021751,http://www.wikidata.org/entity/Q690309,0,3100,,35.18333333,24.73333333
GRC,Grécia,Q2021765,http://www.wikidata.org/entity/Q2207540,0,830,,39.93388889,20.46527778
GRC,Grécia,Q2021773,http://www.wikidata.org/entity/Q2366186,0,7426,,35.3,24.4
GRC,Grécia,Q2021812,http://www.wikidata.org/entity/Q2620987,0,1214,,39.52,21.1
GRC,Grécia,Q2022196,http://www.wikidata.org/entity/Q3567837,0,3362,,40.816388888889,23.354166666667
GRC,Grécia,Q2025137,http://www.wikidata.org/entity/Q378335,0,1514,,37.1646,21.983
GRC,Grécia,Q2031384,http://www.wikidata.org/entity/Q12875721,0,1413,,38.22358,23.92307
GRC,Grécia,Q2034853,http://www.wikidata.org/entity/Q2001120,0,1015,,38.2825,22.0272
GRC,Grécia,Q2035747,http://www.wikidata.org/entity/Q2271587,0,3979,,37.862222222222,21.205833333333
GRC,Grécia,Q2035813,http://www.wikidata.org/entity/Q1884468,0,13799,,39.466667,22.8
GRC,Grécia,Q2037007,http://www.wikidata.org/entity/Q11874075,0,521,,35.54318889,27.151475
GRC,Grécia,Q2056961,http://www.wikidata.org/entity/Q20379337,0,1628,,39.144722222222,23.863611111111
GRC,Grécia,Q2061140,http://www.wikidata.org/entity/Q212810,0,24764,,39.23736,22.08585
GRC,Grécia,Q2067955,http://www.wikidata.org/entity/Q64865001,0,569,,39.59055556,19.82055556
GRC,Grécia,Q2070110,http://www.wikidata.org/entity/Q2296581,0,1937,,35.37027778,24.69944444
GRC,Grécia,Q2072599,http://www.wikidata.org/entity/Q12875669,0,19602,,40.547222222222,23.019722222222
GRC,Grécia,Q2080414,http://www.wikidata.org/entity/Q3557808,0,517,,41.34692,26.60492
GRC,Grécia,Q2087488,http://www.wikidata.org/entity/Q2411233,0,29179,,38.06,23.71166667
GRC,Grécia,Q2096196,http://www.wikidata.org/entity/Q12875666,0,1089,,39.40766,20.24025
GRC,Grécia,Q2127223,http://www.wikidata.org/entity/Q1248046,0,13604,,38.016666666667,24.0
GRC,Grécia,Q2177979,http://www.wikidata.org/entity/Q1027225,0,197,,35.01361,24.88361
GRC,Grécia,Q2251628,http://www.wikidata.org/entity/Q3558377,0,3689,,35.06666667,25.96666667
GRC,Grécia,Q2260918,http://www.wikidata.org/entity/Q211732,0,14830,,40.183333,22.0
GRC,Grécia,Q2261414,http://www.wikidata.org/entity/Q11723836,0,17891,,36.866667,22.683333
GRC,Grécia,Q2265340,http://www.wikidata.org/entity/Q212921,0,16726,,39.471944444444,20.772222222222
GRC,Grécia,Q2266175,http://www.wikidata.org/entity/Q17320461,0,24478,,39.4854,21.4474
GRC,Grécia,Q2277259,http://www.wikidata.org/entity/Q43497,0,2110,,38.11694,23.87485
GRC,Grécia,Q2277284,http://www.wikidata.org/entity/Q352771,0,3024,,38.0275,23.8761
GRC,Grécia,Q2277297,http://www.wikidata.org/entity/Q2465717,0,3424,,37.7485,23.9073
GRC,Grécia,Q2308039,http://www.wikidata.org/entity/Q2520687,0,332,,37.678611111111,26.801180555556
GRC,Grécia,Q2308990,http://www.wikidata.org/entity/Q1120887,0,3467,,36.87551,27.20616
GRC,Grécia,Q2309622,http://www.wikidata.org/entity/Q755165,0,44539,,37.99143,23.80511
GRC,Grécia,Q2338667,http://www.wikidata.org/entity/Q731909,0,25058,,37.95,23.734444444444
GRC,Grécia,Q2338679,http://www.wikidata.org/entity/Q2465717,0,15486,,37.8389,23.9289
GRC,Grécia,Q2358920,http://www.wikidata.org/entity/Q125126645,0,1173,,38.46666667,22.35
GRC,Grécia,Q2362525,http://www.wikidata.org/entity/Q643945,0,5827,,38.5775,23.6425
GRC,Grécia,Q2366186,http://www.wikidata.org/entity/Q17317934,0,55525,,35.31504,24.48734
GRC,Grécia,Q2368800,http://www.wikidata.org/entity/Q210487,0,7089,,35.325,23.741667
GRC,Grécia,Q2384736,http://www.wikidata.org/entity/Q1120887,0,2918,,36.84392,27.15947
GRC,Grécia,Q2389433,http://www.wikidata.org/entity/Q211934,0,48399,,37.818888888889,23.7875
GRC,Grécia,Q2391853,http://www.wikidata.org/entity/Q1120887,0,479,,36.84879,27.07646
GRC,Grécia,Q2403002,http://www.wikidata.org/entity/Q211878,0,17885,,38.1449,23.3721
GRC,Grécia,Q2405927,http://www.wikidata.org/entity/Q1115715,0,858,,41.111388888889,24.026666666667
GRC,Grécia,Q2406185,http://www.wikidata.org/entity/Q1027225,0,133,,35.01833,24.83056
GRC,Grécia,Q2411233,http://www.wikidata.org/entity/Q755173,0,62529,,38.0477,23.7267
GRC,Grécia,Q2416162,http://www.wikidata.org/entity/Q2538156,0,3078,,40.985833333333,22.541666666667
GRC,Grécia,Q2417632,http://www.wikidata.org/entity/Q3557736,0,1267,,40.584444444444,21.492222222222
GRC,Grécia,Q2419494,http://www.wikidata.org/entity/Q191897,0,33356,,37.562222,22.807222
GRC,Grécia,Q2453100,http://www.wikidata.org/entity/Q780149,0,33,,40.214079,24.221817
GRC,Grécia,Q2453857,http://www.wikidata.org/entity/Q394026,0,81,,35.11488889,24.54788889
GRC,Grécia,Q2455027,http://www.wikidata.org/entity/Q2016016,0,7587,,40.86666667,22.31666667
GRC,Grécia,Q2460818,http://www.wikidata.org/entity/Q1231770,0,434,,39.853533,22.556105
GRC,Grécia,Q2460862,http://www.wikidata.org/entity/Q19896769,0,18746,,35.1035,25.1608
GRC,Grécia,Q2460901,http://www.wikidata.org/entity/Q202624,0,17174,,38.61,21.1207
GRC,Grécia,Q2466227,http://www.wikidata.org/entity/Q21514957,0,632,,39.07243,22.551555
GRC,Grécia,Q2466239,http://www.wikidata.org/entity/Q12875697,0,1123,,41.08884,25.28624
GRC,Grécia,Q2466250,http://www.wikidata.org/entity/Q2181102,0,7937,,37.9667,22.7833
GRC,Grécia,Q2466272,http://www.wikidata.org/entity/Q2429463,0,1218,,41.13529,25.27622
GRC,Grécia,Q2466281,http://www.wikidata.org/entity/Q15961378,0,1564,,38.5665,21.2959
GRC,Grécia,Q2470075,http://www.wikidata.org/entity/Q1690590,0,595,,38.2523,26.0318
GRC,Grécia,Q2470133,http://www.wikidata.org/entity/Q3556641,0,1435,,40.5833,21.3
GRC,Grécia,Q2470515,http://www.wikidata.org/entity/Q3559710,0,2644,,40.2,21.41666667
GRC,Grécia,Q2470571,http://www.wikidata.org/entity/Q1938296,0,5689,,37.85,21.56667
GRC,Grécia,Q2470929,http://www.wikidata.org/entity/Q1231795,0,1340,,38.58417,22.66765
GRC,Grécia,Q2484671,http://www.wikidata.org/entity/Q19896675,0,27013,,40.1,22.5
GRC,Grécia,Q2488429,http://www.wikidata.org/entity/Q3567837,0,343,,40.882222222222,23.226388888889
GRC,Grécia,Q2493569,http://www.wikidata.org/entity/Q1027225,0,813,,35.03333,24.83333
GRC,Grécia,Q2498586,http://www.wikidata.org/entity/Q2479030,0,493,,40.367777777778,21.465277777778
GRC,Grécia,Q2510273,http://www.wikidata.org/entity/Q1884468,0,7267,,39.432,23.1046
GRC,Grécia,Q2510591,http://www.wikidata.org/entity/Q102144417,0,0,,38.13472222,20.42305556
GRC,Grécia,Q2511324,http://www.wikidata.org/entity/Q488215,0,129,,36.45361111,22.46638889
GRC,Grécia,Q2512607,http://www.wikidata.org/entity/Q64868574,0,483,,39.76333333,19.70694444
GRC,Grécia,Q2519943,http://www.wikidata.org/entity/Q16005641,0,34,,38.013055555556,22.081111111111
GRC,Grécia,Q2520681,http://www.wikidata.org/entity/Q173620,0,86436,,39.166667,26.333333
GRC,Grécia,Q2520687,http://www.wikidata.org/entity/Q173620,0,32977,,37.75,26.833333
GRC,Grécia,Q2524093,http://www.wikidata.org/entity/Q1625198,0,716,,35.522222222222,23.8475
GRC,Grécia,Q2531632,http://www.wikidata.org/entity/Q2309622,0,14175,,37.98333333,23.78333333
GRC,Grécia,Q2532058,http://www.wikidata.org/entity/Q1767902,0,2049,,38.5149,22.7329
GRC,Grécia,Q2532100,http://www.wikidata.org/entity/Q2465717,0,2713,,37.71666667,23.95
GRC,Grécia,Q2532120,http://www.wikidata.org/entity/Q12875801,0,7889,,35.5,23.95
GRC,Grécia,Q2532128,http://www.wikidata.org/entity/Q11799323,0,3359,,38.21666667,23.88333333
GRC,Grécia,Q2532139,http://www.wikidata.org/entity/Q211319,0,17259,,41.0188,23.8672
GRC,Grécia,Q2532150,http://www.wikidata.org/entity/Q2004826,0,9738,,38.06666667,23.78333333
GRC,Grécia,Q2533805,http://www.wikidata.org/entity/Q3556641,0,2099,,40.5,21.15
GRC,Grécia,Q2534173,http://www.wikidata.org/entity/Q2634231,0,1993,,39.16666667,21.03333333
GRC,Grécia,Q2537108,http://www.wikidata.org/entity/Q2117544,0,10241,,37.157222222222,21.585833333333
GRC,Grécia,Q2586549,http://www.wikidata.org/entity/Q12875721,0,1432,,38.2025,23.965
GRC,Grécia,Q2637021,http://www.wikidata.org/entity/Q980686,0,1240,,39.100277777778,23.076944444444
GRC,Grécia,Q2637038,http://www.wikidata.org/entity/Q12875731,0,2960,,36.80416667,22.85472222
GRC,Grécia,Q2638332,http://www.wikidata.org/entity/Q16332439,0,158,,39.598611111111,20.537777777778
GRC,Grécia,Q2638815,http://www.wikidata.org/entity/Q762668,0,5200,,38.78333333,21.11666667
GRC,Grécia,Q2638864,http://www.wikidata.org/entity/Q2227543,0,15416,,40.688055555556,22.953611111111
GRC,Grécia,Q2826835,http://www.wikidata.org/entity/Q12875662,0,172,,35.281168,25.164025
GRC,Grécia,Q2827304,http://www.wikidata.org/entity/Q16005641,0,276,,37.9,21.98333333
GRC,Grécia,Q2906105,http://www.wikidata.org/entity/Q2538156,0,200,,41.093666666667,22.383333333333
GRC,Grécia,Q2918696,http://www.wikidata.org/entity/Q922366,0,573,,36.995,21.72333333
GRC,Grécia,Q2973204,http://www.wikidata.org/entity/Q2634125,0,1944,,38.031388888889,22.948611111111
GRC,Grécia,Q3012675,http://www.wikidata.org/entity/Q9386001,0,150,,39.9333,21.05
GRC,Grécia,Q1996925,http://www.wikidata.org/entity/Q1808735,0,4590,,39.35,21.75
GRC,Grécia,Q2015909,http://www.wikidata.org/entity/Q1021606,0,730,,38.67174,22.43142
GRC,Grécia,Q2015968,http://www.wikidata.org/entity/Q210097,0,64232,,41.041388888889,22.901111111111
GRC,Grécia,Q2016006,http://www.wikidata.org/entity/Q211319,0,18878,,41.05,23.65
GRC,Grécia,Q2016016,http://www.wikidata.org/entity/Q649484,0,67055,,40.783333,22.416667
GRC,Grécia,Q2016450,http://www.wikidata.org/entity/Q1227686,0,2761,,38.779,22.788
GRC,Grécia,Q2016867,http://www.wikidata.org/entity/Q2520681,0,2870,,39.11,26.41167
GRC,Grécia,Q2018026,http://www.wikidata.org/entity/Q735845,0,2577,,40.5,21.83333333
GRC,Grécia,Q2018459,http://www.wikidata.org/entity/Q2658714,0,504,,40.656944444444,23.613333333333
GRC,Grécia,Q2021739,http://www.wikidata.org/entity/Q12875764,0,4710,,37.95,23.51666667
GRC,Grécia,Q2022506,http://www.wikidata.org/entity/Q3595078,0,3641,,40.28333333,22.28333333
GRC,Grécia,Q2049316,http://www.wikidata.org/entity/Q2520687,0,193,,37.73046944,26.83021111
GRC,Grécia,Q2087513,http://www.wikidata.org/entity/Q9300267,0,31381,,38.06666667,23.58333333
GRC,Grécia,Q2088514,http://www.wikidata.org/entity/Q652551,0,35047,,38.08333333,23.7
GRC,Grécia,Q2094827,http://www.wikidata.org/entity/Q2015968,0,7402,,40.861016,22.813717
GRC,Grécia,Q2096176,http://www.wikidata.org/entity/Q2620987,0,391,,39.59444444,21.10722222
GRC,Grécia,Q2097270,http://www.wikidata.org/entity/Q1027225,0,692,,35.01583333,24.78138889
GRC,Grécia,Q2097291,http://www.wikidata.org/entity/Q1307389,0,13526,,35.325277777778,25.066944444444
GRC,Grécia,Q2098876,http://www.wikidata.org/entity/Q15967005,0,2248,,40.64244,22.534984
GRC,Grécia,Q2100010,http://www.wikidata.org/entity/Q3558377,0,472,,35.01306,25.67222
GRC,Grécia,Q2277358,http://www.wikidata.org/entity/Q1248046,0,2082,,38.0,23.93333333
GRC,Grécia,Q2282496,http://www.wikidata.org/entity/Q12875662,0,3335,,35.1833,25.1
GRC,Grécia,Q2283009,http://www.wikidata.org/entity/Q432472,0,4313,,35.15,25.26666667
GRC,Grécia,Q2284722,http://www.wikidata.org/entity/Q1690590,0,1663,,38.48333333,25.91666667
GRC,Grécia,Q2290806,http://www.wikidata.org/entity/Q1027225,0,445,,35.01805556,24.80833333
GRC,Grécia,Q2338797,http://www.wikidata.org/entity/Q11815519,0,23618,,38.05,23.83333333
GRC,Grécia,Q2338831,http://www.wikidata.org/entity/Q2004826,0,21415,,38.0599,23.7925
GRC,Grécia,Q2340015,http://www.wikidata.org/entity/Q2520681,0,2699,,39.31056,26.33611
GRC,Grécia,Q2340870,http://www.wikidata.org/entity/Q210176,0,105352,,40.671111,22.905278
GRC,Grécia,Q2349613,http://www.wikidata.org/entity/Q21405971,0,2589,,41.19222222,24.10388889
GRC,Grécia,Q2429463,http://www.wikidata.org/entity/Q19896603,0,15562,,41.133333,25.183333
GRC,Grécia,Q2431871,http://www.wikidata.org/entity/Q12875763,0,3191,,36.20833333,27.83527778
GRC,Grécia,Q2449370,http://www.wikidata.org/entity/Q3595078,0,6350,,40.25,22.35
GRC,Grécia,Q2462737,http://www.wikidata.org/entity/Q21144478,0,694,,39.401666666667,22.986666666667
GRC,Grécia,Q2464850,http://www.wikidata.org/entity/Q3557736,0,770,,40.539722222222,21.502777777778
GRC,Grécia,Q2465717,http://www.wikidata.org/entity/Q211934,0,29002,,37.7737,23.93
GRC,Grécia,Q2466084,http://www.wikidata.org/entity/Q735845,0,1108,,40.590555555556,21.776666666667
GRC,Grécia,Q2466188,http://www.wikidata.org/entity/Q2418592,0,1041,,41.11666667,25.63333333
GRC,Grécia,Q2466197,http://www.wikidata.org/entity/Q2510273,0,2420,,39.442777777778,23.101666666667
GRC,Grécia,Q2532022,http://www.wikidata.org/entity/Q170054,0,12922,,37.4,22.716667
GRC,Grécia,Q2532052,http://www.wikidata.org/entity/Q731909,0,12100,,37.953333333333,23.748888888889
GRC,Grécia,Q2532160,http://www.wikidata.org/entity/Q2465717,0,6721,,37.73333333,23.95
GRC,Grécia,Q2593371,http://www.wikidata.org/entity/Q29961973,0,3739,,41.0925,24.228888888889
GRC,Grécia,Q2598219,http://www.wikidata.org/entity/Q2712158,0,513,,35.4245,24.211258333333
GRC,Grécia,Q2603372,http://www.wikidata.org/entity/Q3556641,0,503,,40.535833333333,21.469444444444
GRC,Grécia,Q2605314,http://www.wikidata.org/entity/Q3558377,0,1528,,35.015,25.69222
GRC,Grécia,Q2606004,http://www.wikidata.org/entity/Q12875678,0,1313,,38.254444444444,23.182222222222
GRC,Grécia,Q2607947,http://www.wikidata.org/entity/Q3506552,0,262,,41.362777777778,23.359166666667
GRC,Grécia,Q2620987,http://www.wikidata.org/entity/Q212921,0,11064,,39.516667,21.1
GRC,Grécia,Q2634089,http://www.wikidata.org/entity/Q208306,0,22865,,37.9156,22.533
GRC,Grécia,Q2634096,http://www.wikidata.org/entity/Q212810,0,6707,,39.294,21.5154
GRC,Grécia,Q2634117,http://www.wikidata.org/entity/Q16737558,0,2890,,40.126,22.1574
GRC,Grécia,Q2635137,http://www.wikidata.org/entity/Q19896603,0,18873,,41.033333333333,25.7
GRC,Grécia,Q2635409,http://www.wikidata.org/entity/Q992450,0,3621,,36.95,22.43333333
GRC,Grécia,Q2636374,http://www.wikidata.org/entity/Q1990863,0,718,,40.776111111111,23.951111111111
GRC,Grécia,Q2638873,http://www.wikidata.org/entity/Q16737235,0,2964,,39.08333,26.37111
GRC,Grécia,Q2639307,http://www.wikidata.org/entity/Q1690590,0,3839,,38.25,25.983333333333
GRC,Grécia,Q2640585,http://www.wikidata.org/entity/Q649278,0,545,,37.751388888889,22.425833333333
GRC,Grécia,Q2642845,http://www.wikidata.org/entity/Q3559710,0,509,,40.058888888889,21.124166666667
GRC,Grécia,Q2642867,http://www.wikidata.org/entity/Q3506552,0,789,,41.320833333333,23.542222222222
GRC,Grécia,Q2642879,http://www.wikidata.org/entity/Q3559710,0,145,,40.0775,21.155555555556
GRC,Grécia,Q2642890,http://www.wikidata.org/entity/Q3559710,0,93,,39.978611111111,21.115277777778
GRC,Grécia,Q2642899,http://www.wikidata.org/entity/Q1985961,0,1556,,40.944166666667,24.001666666667
GRC,Grécia,Q2643648,http://www.wikidata.org/entity/Q3557736,0,860,,40.660555555556,21.554166666667
GRC,Grécia,Q2649665,http://www.wikidata.org/entity/Q2712158,0,272,,35.454,24.226
GRC,Grécia,Q2650208,http://www.wikidata.org/entity/Q3556641,0,1408,,40.511388888889,21.320833333333
GRC,Grécia,Q2658714,http://www.wikidata.org/entity/Q210176,0,26005,,40.7,23.5
GRC,Grécia,Q2826848,http://www.wikidata.org/entity/Q568218,0,1476,,38.8589,23.399
GRC,Grécia,Q2827911,http://www.wikidata.org/entity/Q2001120,0,450,,38.10277778,22.36138889
GRC,Grécia,Q2861347,http://www.wikidata.org/entity/Q9386001,0,145,,39.934484,20.672082
GRC,Grécia,Q2874428,http://www.wikidata.org/entity/Q675347,0,1083,,38.503596,24.1225
GRC,Grécia,Q2898319,http://www.wikidata.org/entity/Q2793100,0,166,,39.23444444,20.13611111
GRC,Grécia,Q2927911,http://www.wikidata.org/entity/Q2366186,0,387,,35.3228,24.4194
GRC,Grécia,Q2975318,http://www.wikidata.org/entity/Q2793100,0,706,,39.197138888889,20.185194444444
GRC,Grécia,Q3042283,http://www.wikidata.org/entity/Q12875689,0,3190,,38.1805,24.2082
GRC,Grécia,Q3042287,http://www.wikidata.org/entity/Q208306,0,58192,,37.8268,22.9588
GRC,Grécia,Q3046798,http://www.wikidata.org/entity/Q1690590,0,393,,38.260359,25.922441
GRC,Grécia,Q3052101,http://www.wikidata.org/entity/Q2712158,0,334,,35.34472222,24.18916667
GRC,Grécia,Q3068920,http://www.wikidata.org/entity/Q1269388,0,378,,36.88666667,22.23222222
GRC,Grécia,Q3192346,http://www.wikidata.org/entity/Q12875801,0,179,,35.41805556,24.06944444
GRC,Grécia,Q3193578,http://www.wikidata.org/entity/Q780149,0,6,,40.122625,24.29568333
GRC,Grécia,Q3201048,http://www.wikidata.org/entity/Q21693418,0,161,,36.97444,24.74516
GRC,Grécia,Q3201580,http://www.wikidata.org/entity/Q735845,0,1858,,40.56,21.697777777778
GRC,Grécia,Q3215464,http://www.wikidata.org/entity/Q2712158,0,516,,35.313888888889,24.298888888889
GRC,Grécia,Q3403336,http://www.wikidata.org/entity/Q3559710,0,77,,40.03111111,21.19194444
GRC,Grécia,Q3403541,http://www.wikidata.org/entity/Q3557736,0,504,,40.65944444,21.58861111
GRC,Grécia,Q3403571,http://www.wikidata.org/entity/Q1521832,0,575,,40.50388889,23.44305556
GRC,Grécia,Q3403594,http://www.wikidata.org/entity/Q3558683,0,317,,40.86166667,21.61333333
GRC,Grécia,Q3403598,http://www.wikidata.org/entity/Q3558683,0,120,,40.816,21.396
GRC,Grécia,Q3404646,http://www.wikidata.org/entity/Q735845,0,488,,40.626388888889,21.831111111111
GRC,Grécia,Q3404737,http://www.wikidata.org/entity/Q735845,0,90,,40.49638889,21.81027778
GRC,Grécia,Q3555660,http://www.wikidata.org/entity/Q12875663,0,1685,,37.758055555556,20.8725
GRC,Grécia,Q3555667,http://www.wikidata.org/entity/Q3252409,0,1345,,37.674444444444,21.593333333333
GRC,Grécia,Q3555670,http://www.wikidata.org/entity/Q12875663,0,1899,,37.78333333,20.86666667
GRC,Grécia,Q3301307,http://www.wikidata.org/entity/Q11811287,0,373,,39.25,20.5333
GRC,Grécia,Q3323742,http://www.wikidata.org/entity/Q1413375,0,34,,39.62388889,20.32222222
GRC,Grécia,Q3323748,http://www.wikidata.org/entity/Q12875666,0,57,,39.54111111,20.36027778
GRC,Grécia,Q3323758,http://www.wikidata.org/entity/Q1413375,0,170,,39.64472222,20.28
GRC,Grécia,Q3323756,http://www.wikidata.org/entity/Q1413375,0,142,,39.52888889,20.42222222
GRC,Grécia,Q3323764,http://www.wikidata.org/entity/Q1413375,0,301,,39.57083333,20.31583333
GRC,Grécia,Q3324163,http://www.wikidata.org/entity/Q11811287,0,2542,,39.2325,20.59861111
GRC,Grécia,Q3331407,http://www.wikidata.org/entity/Q18073246,0,151,,36.71361111,25.29472222
GRC,Grécia,Q3401899,http://www.wikidata.org/entity/Q2479030,0,53,,40.28008,21.21713
GRC,Grécia,Q3401914,http://www.wikidata.org/entity/Q3558683,0,178,,40.867444444444,21.642972222222
GRC,Grécia,Q3401920,http://www.wikidata.org/entity/Q3558683,0,927,,40.838611111111,21.498055555556
GRC,Grécia,Q3401930,http://www.wikidata.org/entity/Q3558683,0,217,,40.879166666667,21.379722222222
GRC,Grécia,Q3402653,http://www.wikidata.org/entity/Q3560056,0,314,,40.385,21.6933
GRC,Grécia,Q3403318,http://www.wikidata.org/entity/Q3559710,0,49,,40.037777777778,21.177222222222
GRC,Grécia,Q1471489,http://www.wikidata.org/entity/Q18048733,0,940,,37.044166666667,25.248611111111
GRC,Grécia,Q1472108,http://www.wikidata.org/entity/Q1536340,0,130,,37.5925,23.340833333333
GRC,Grécia,Q1997239,http://www.wikidata.org/entity/Q25164244,0,81024,,37.93154,23.755133
GRC,Grécia,Q1997297,http://www.wikidata.org/entity/Q25162011,0,60146,,38.03333333,23.68333333
GRC,Grécia,Q1999467,http://www.wikidata.org/entity/Q16737558,0,839,,40.067777777778,22.052777777778
GRC,Grécia,Q2010484,http://www.wikidata.org/entity/Q3559710,0,1581,,39.93333333,21.33333333
GRC,Grécia,Q2010642,http://www.wikidata.org/entity/Q15961378,0,2125,,38.68333333,21.48333333
GRC,Grécia,Q2010661,http://www.wikidata.org/entity/Q15961378,0,7074,,38.6,21.5
GRC,Grécia,Q2010672,http://www.wikidata.org/entity/Q15961378,0,3046,,38.81666667,21.5
GRC,Grécia,Q2014045,http://www.wikidata.org/entity/Q3559710,0,2731,,40.0333,21.3333
GRC,Grécia,Q2014095,http://www.wikidata.org/entity/Q2207540,0,3415,,39.86666667,20.56666667
GRC,Grécia,Q2047686,http://www.wikidata.org/entity/Q2015968,0,886,,40.81361111,22.72833333
GRC,Grécia,Q2047708,http://www.wikidata.org/entity/Q2368800,0,2038,,35.23052,23.68245
GRC,Grécia,Q2048866,http://www.wikidata.org/entity/Q19543309,0,871,,40.730833333333,24.726944444444
GRC,Grécia,Q2091595,http://www.wikidata.org/entity/Q1812290,0,952,,38.75954,20.64911
GRC,Grécia,Q2268466,http://www.wikidata.org/entity/Q394026,0,393,,35.19166667,24.39166667
GRC,Grécia,Q2277305,http://www.wikidata.org/entity/Q211934,0,30307,,37.8811,23.8585
GRC,Grécia,Q2277314,http://www.wikidata.org/entity/Q2712158,0,409,,35.38219,24.14426
GRC,Grécia,Q2277346,http://www.wikidata.org/entity/Q21514830,0,8200,,38.12966,23.75753
GRC,Grécia,Q2279535,http://www.wikidata.org/entity/Q2532022,0,4,,37.378333333333,22.570555555556
GRC,Grécia,Q2281686,http://www.wikidata.org/entity/Q64868574,0,506,,39.79222222,19.70722222
GRC,Grécia,Q2282673,http://www.wikidata.org/entity/Q11799323,0,2422,,38.2034,23.8379
GRC,Grécia,Q2283019,http://www.wikidata.org/entity/Q1767902,0,2185,,38.35,22.78333333
GRC,Grécia,Q2290529,http://www.wikidata.org/entity/Q18564295,0,13215,,40.21916667,23.69694444
GRC,Grécia,Q2290700,http://www.wikidata.org/entity/Q21622089,0,30174,,38.05,23.75
GRC,Grécia,Q2291550,http://www.wikidata.org/entity/Q2261414,0,1036,,36.832809,22.697884
GRC,Grécia,Q2292918,http://www.wikidata.org/entity/Q2520687,0,156,,37.69416667,26.77333333
GRC,Grécia,Q2294964,http://www.wikidata.org/entity/Q432472,0,387,,35.24911111,25.31163889
GRC,Grécia,Q2296799,http://www.wikidata.org/entity/Q1960517,0,422,,37.44111111,21.91722222
GRC,Grécia,Q2437674,http://www.wikidata.org/entity/Q9386001,0,154,,39.88249,20.747466
GRC,Grécia,Q2471029,http://www.wikidata.org/entity/Q1235548,0,1762,,38.948152777778,22.841313888889
GRC,Grécia,Q2472738,http://www.wikidata.org/entity/Q3506552,0,393,,41.374444444444,23.44
GRC,Grécia,Q2472776,http://www.wikidata.org/entity/Q2484671,0,8260,,40.06666667,22.56666667
GRC,Grécia,Q2472801,http://www.wikidata.org/entity/Q352771,0,33856,,38.022777777778,23.8575
GRC,Grécia,Q2538156,http://www.wikidata.org/entity/Q210097,0,34676,,40.9947,22.5096
GRC,Grécia,Q2606441,http://www.wikidata.org/entity/Q2479030,0,84,,40.208975,21.29293611
GRC,Grécia,Q2606605,http://www.wikidata.org/entity/Q2479030,0,147,,40.33495833,21.288425
GRC,Grécia,Q2634125,http://www.wikidata.org/entity/Q208306,0,21221,,37.9936,23.0363
GRC,Grécia,Q2634231,http://www.wikidata.org/entity/Q19896687,0,14955,,39.1334,21.0663
GRC,Grécia,Q2643107,http://www.wikidata.org/entity/Q1080115,0,4829,,40.368888888889,20.972222222222
GRC,Grécia,Q2643560,http://www.wikidata.org/entity/Q2635137,0,3812,,41.02506,25.69632
GRC,Grécia,Q3074841,http://www.wikidata.org/entity/Q211934,0,25102,,37.716667,24.066667
GRC,Grécia,Q3085362,http://www.wikidata.org/entity/Q170054,0,20598,,37.666667,22.0
GRC,Grécia,Q3089235,http://www.wikidata.org/entity/Q2419494,0,1248,,37.637676,22.804082
GRC,Grécia,Q3216489,http://www.wikidata.org/entity/Q3830794,0,2277,,37.131666666667,26.851944444444
GRC,Grécia,Q3219865,http://www.wikidata.org/entity/Q3074841,0,8908,,37.71445,24.05647
GRC,Grécia,Q3298830,http://www.wikidata.org/entity/Q3556641,0,352,,40.535,21.183
GRC,Grécia,Q3298944,http://www.wikidata.org/entity/Q2181952,0,260,,40.839256,21.158974
GRC,Grécia,Q3298954,http://www.wikidata.org/entity/Q3556641,0,52,,40.43111111,21.12027778
GRC,Grécia,Q3298967,http://www.wikidata.org/entity/Q11742509,0,126,,40.2966,20.7686
GRC,Grécia,Q3299907,http://www.wikidata.org/entity/Q3556641,0,412,,40.57888889,21.07972222
GRC,Grécia,Q3300170,http://www.wikidata.org/entity/Q2181952,0,302,,40.836388888889,21.140555555556
GRC,Grécia,Q3300376,http://www.wikidata.org/entity/Q2643107,0,587,,40.48808,20.98662
GRC,Grécia,Q3300748,http://www.wikidata.org/entity/Q2181952,0,133,,40.829166666667,21.031111111111
GRC,Grécia,Q3300816,http://www.wikidata.org/entity/Q2181952,0,85,,40.745555555556,21.115555555556
GRC,Grécia,Q3300903,http://www.wikidata.org/entity/Q2643107,0,26,,40.389444444444,20.953055555556
GRC,Grécia,Q3301276,http://www.wikidata.org/entity/Q1413375,0,123,,39.65,20.48333333
GRC,Grécia,Q3301287,http://www.wikidata.org/entity/Q3556641,0,305,,40.52485,21.12032
GRC,Grécia,Q3301296,http://www.wikidata.org/entity/Q11811287,0,364,,39.25,20.61666667
GRC,Grécia,Q3301319,http://www.wikidata.org/entity/Q2181952,0,177,,40.741666666667,21.0175
GRC,Grécia,Q3301331,http://www.wikidata.org/entity/Q3556641,0,37,,40.62833333,21.23305556
GRC,Grécia,Q3301453,http://www.wikidata.org/entity/Q2181952,0,26,,40.78822,21.07877
GRC,Grécia,Q3301521,http://www.wikidata.org/entity/Q2643107,0,50,,40.472777777778,20.962222222222
GRC,Grécia,Q3301553,http://www.wikidata.org/entity/Q3556641,0,622,,40.516666666667,21.084444444444
GRC,Grécia,Q3301564,http://www.wikidata.org/entity/Q2643107,0,269,,40.4575,21.099166666667
GRC,Grécia,Q3301600,http://www.wikidata.org/entity/Q2181952,0,115,,40.776388888889,21.038888888889
GRC,Grécia,Q3301607,http://www.wikidata.org/entity/Q2643107,0,69,,40.533888888889,21.038888888889
GRC,Grécia,Q3301641,http://www.wikidata.org/entity/Q3556641,0,457,,40.527777777778,21.209722222222
GRC,Grécia,Q3301662,http://www.wikidata.org/entity/Q2643107,0,17,,40.421944444444,20.960555555556
GRC,Grécia,Q3301672,http://www.wikidata.org/entity/Q3556641,0,635,,40.48723,21.19136
GRC,Grécia,Q3303007,http://www.wikidata.org/entity/Q2643107,0,73,,40.462222222222,21.073333333333
GRC,Grécia,Q3303051,http://www.wikidata.org/entity/Q2643107,0,131,,40.476666666667,21.015
GRC,Grécia,Q3304218,http://www.wikidata.org/entity/Q12875666,0,961,,39.45,20.28333333
GRC,Grécia,Q3304706,http://www.wikidata.org/entity/Q16330051,0,553,,39.18072,20.79
GRC,Grécia,Q3304704,http://www.wikidata.org/entity/Q2181952,0,169,,40.798333333333,21.154444444444
GRC,Grécia,Q3306211,http://www.wikidata.org/entity/Q2643107,0,136,,40.519166666667,20.997222222222
GRC,Grécia,Q3319284,http://www.wikidata.org/entity/Q2190110,0,2442,,40.609722222222,22.681944444444
GRC,Grécia,Q3323770,http://www.wikidata.org/entity/Q1413375,0,77,,39.76527778,20.38888889
GRC,Grécia,Q3323772,http://www.wikidata.org/entity/Q1413375,0,136,,39.61472222,20.33722222
GRC,Grécia,Q3323776,http://www.wikidata.org/entity/Q1413375,0,132,,39.55416667,20.37388889
GRC,Grécia,Q3323784,http://www.wikidata.org/entity/Q12875666,0,331,,39.31444444,20.42833333
GRC,Grécia,Q3323792,http://www.wikidata.org/entity/Q12875666,0,557,,39.41722222,20.37527778
GRC,Grécia,Q3403361,http://www.wikidata.org/entity/Q12873422,0,371,,41.058055555556,22.16
GRC,Grécia,Q3403480,http://www.wikidata.org/entity/Q3559710,0,87,,39.846944444444,21.355833333333
GRC,Grécia,Q3403505,http://www.wikidata.org/entity/Q3557736,0,598,,40.621666666667,21.503333333333
GRC,Grécia,Q3403518,http://www.wikidata.org/entity/Q1810375,0,232,,41.35166667,23.69111111
GRC,Grécia,Q3403604,http://www.wikidata.org/entity/Q2015968,0,171,,41.036094444444,22.876077777778
GRC,Grécia,Q3404772,http://www.wikidata.org/entity/Q3556641,0,210,,40.48609,21.32558
GRC,Grécia,Q3404819,http://www.wikidata.org/entity/Q2479030,0,41,,40.310333333333,21.303444444444
GRC,Grécia,Q3404858,http://www.wikidata.org/entity/Q12873422,0,714,,40.9925,22.14138889
GRC,Grécia,Q3405072,http://www.wikidata.org/entity/Q2643107,0,92,,40.343611111111,21.031666666667
GRC,Grécia,Q3405081,http://www.wikidata.org/entity/Q3556641,0,200,,40.57805556,21.39722222
GRC,Grécia,Q3405136,http://www.wikidata.org/entity/Q3960162,0,518,,41.12361111,24.13027778
GRC,Grécia,Q3405143,http://www.wikidata.org/entity/Q3556641,0,138,,40.622676236265,21.311832749068
GRC,Grécia,Q3405156,http://www.wikidata.org/entity/Q3556641,0,196,,40.56319722,21.31943056
GRC,Grécia,Q3405182,http://www.wikidata.org/entity/Q3556641,0,150,,40.635,21.275
GRC,Grécia,Q3405567,http://www.wikidata.org/entity/Q3559728,0,1534,,40.81770556,22.17821944
GRC,Grécia,Q3405628,http://www.wikidata.org/entity/Q10803016,0,2070,,40.743055555556,22.8525
GRC,Grécia,Q3405662,http://www.wikidata.org/entity/Q12875668,0,2105,,40.63361111,22.12944444
GRC,Grécia,Q3555678,http://www.wikidata.org/entity/Q16058312,0,1009,,41.565555555556,26.458055555556
GRC,Grécia,Q3555685,http://www.wikidata.org/entity/Q1235623,0,831,,38.408251618503,22.709438443785
GRC,Grécia,Q3555699,http://www.wikidata.org/entity/Q12875679,0,994,,38.514166666667,21.281944444444
GRC,Grécia,Q3555703,http://www.wikidata.org/entity/Q3560056,0,138,,40.1766,21.7729
GRC,Grécia,Q3555707,http://www.wikidata.org/entity/Q2634238,0,5984,,40.501,22.909
GRC,Grécia,Q3555718,http://www.wikidata.org/entity/Q1235563,0,637,,38.7,22.03333333
GRC,Grécia,Q3555734,http://www.wikidata.org/entity/Q12284239,0,3644,,41.14749,24.9388
GRC,Grécia,Q3555851,http://www.wikidata.org/entity/Q2658714,0,1989,,40.623888888889,23.559722222222
GRC,Grécia,Q3555848,http://www.wikidata.org/entity/Q12875687,0,2388,,39.39166667,21.92333333
GRC,Grécia,Q3556047,http://www.wikidata.org/entity/Q81045,0,1273,,40.1,23.435
GRC,Grécia,Q3556059,http://www.wikidata.org/entity/Q2194495,0,1232,,38.1,21.46666667
GRC,Grécia,Q3556176,http://www.wikidata.org/entity/Q2321253,0,1496,,37.92149,21.23767
GRC,Grécia,Q3556195,http://www.wikidata.org/entity/Q9355456,0,1474,,38.26666667,23.58333333
GRC,Grécia,Q3324132,http://www.wikidata.org/entity/Q12875666,0,305,,39.38600278,20.38052222
GRC,Grécia,Q3324137,http://www.wikidata.org/entity/Q585638,0,742,,39.3589,20.5643
GRC,Grécia,Q3324141,http://www.wikidata.org/entity/Q12875666,0,1068,,39.5525,20.274166666667
GRC,Grécia,Q3324168,http://www.wikidata.org/entity/Q12875666,0,2140,,39.498,20.2754
GRC,Grécia,Q3324365,http://www.wikidata.org/entity/Q12875666,0,22,,39.52527778,20.31638889
GRC,Grécia,Q3324434,http://www.wikidata.org/entity/Q12875666,0,200,,39.4275,20.39666667
GRC,Grécia,Q3332789,http://www.wikidata.org/entity/Q170054,0,13981,,37.352111111111,22.115611111111
GRC,Grécia,Q3338457,http://www.wikidata.org/entity/Q3556641,0,322,,40.4775,21.16138889
GRC,Grécia,Q3401907,http://www.wikidata.org/entity/Q12873422,0,533,,41.0553,22.1749
GRC,Grécia,Q3403332,http://www.wikidata.org/entity/Q12873422,0,738,,41.01,22.17666667
GRC,Grécia,Q1789481,http://www.wikidata.org/entity/Q65273062,0,453,,39.39344,20.05297
GRC,Grécia,Q1801319,http://www.wikidata.org/entity/Q585638,0,29,,39.5421,20.5141
GRC,Grécia,Q1801890,http://www.wikidata.org/entity/Q1383135,0,1729,,37.44982,24.935674
GRC,Grécia,Q1805894,http://www.wikidata.org/entity/Q12875763,0,1888,,36.09419,28.01565
GRC,Grécia,Q1808735,http://www.wikidata.org/entity/Q212810,0,5234,,39.3,21.716667
GRC,Grécia,Q2010611,http://www.wikidata.org/entity/Q15961378,0,5157,,38.53333333,21.53333333
GRC,Grécia,Q2105234,http://www.wikidata.org/entity/Q4163564,0,10526,,37.88444444,24.0125
GRC,Grécia,Q2106492,http://www.wikidata.org/entity/Q2520687,0,122,,37.685075,26.91523889
GRC,Grécia,Q3394940,http://www.wikidata.org/entity/Q2015968,0,286,,40.95139,22.82206
GRC,Grécia,Q3394945,http://www.wikidata.org/entity/Q12873422,0,369,,41.1,22.2
GRC,Grécia,Q3394950,http://www.wikidata.org/entity/Q2479030,0,275,,40.3333,21.1833
GRC,Grécia,Q3394954,http://www.wikidata.org/entity/Q2479030,0,45,,40.30526944,21.20974722
GRC,Grécia,Q3394960,http://www.wikidata.org/entity/Q3559710,0,51,,40.16444444,21.18111111
GRC,Grécia,Q3395160,http://www.wikidata.org/entity/Q81045,0,629,,40.00572,23.41537
GRC,Grécia,Q3395279,http://www.wikidata.org/entity/Q3560056,0,228,,40.19589167,21.79526944
GRC,Grécia,Q3395507,http://www.wikidata.org/entity/Q2479030,0,570,,40.28921667,21.49066944
GRC,Grécia,Q3395515,http://www.wikidata.org/entity/Q735845,0,747,,40.5149,21.7565
GRC,Grécia,Q3395585,http://www.wikidata.org/entity/Q2190110,0,3698,,40.613611111111,22.692777777778
GRC,Grécia,Q3395602,http://www.wikidata.org/entity/Q3558683,0,591,,40.82666667,21.54333333
GRC,Grécia,Q3401867,http://www.wikidata.org/entity/Q735845,0,826,,40.48916667,21.71138889
GRC,Grécia,Q3401875,http://www.wikidata.org/entity/Q2479030,0,55,,40.213,21.282472222222
GRC,Grécia,Q3402684,http://www.wikidata.org/entity/Q3560056,0,1160,,40.43492,21.90609
GRC,Grécia,Q3402700,http://www.wikidata.org/entity/Q3560056,0,676,,40.220277777778,21.773055555556
GRC,Grécia,Q3556285,http://www.wikidata.org/entity/Q12875641,0,1088,,40.350025,22.20955556
GRC,Grécia,Q3556641,http://www.wikidata.org/entity/Q1080115,0,35874,,40.563055555556,21.256111111111
GRC,Grécia,Q3556648,http://www.wikidata.org/entity/Q12875763,0,5568,,36.4105,28.119083333333
GRC,Grécia,Q3558373,http://www.wikidata.org/entity/Q1231770,0,968,,39.901944444444,22.548888888889
GRC,Grécia,Q3558377,http://www.wikidata.org/entity/Q210450,0,28270,,35.01542,25.74011
GRC,Grécia,Q3558651,http://www.wikidata.org/entity/Q12875669,0,504,,40.523,23.221
GRC,Grécia,Q3559243,http://www.wikidata.org/entity/Q15979847,0,1551,,39.6394,21.7082
GRC,Grécia,Q2636811,http://www.wikidata.org/entity/Q2678359,0,8192,,40.640555555556,22.963333333333
GRC,Grécia,Q2636829,http://www.wikidata.org/entity/Q2268710,0,3382,,40.478333333333,22.486111111111
GRC,Grécia,Q2643058,http://www.wikidata.org/entity/Q3567837,0,8447,,40.75,23.0667
GRC,Grécia,Q2707708,http://www.wikidata.org/entity/Q12284239,0,866,,41.19899,24.70636
GRC,Grécia,Q2707725,http://www.wikidata.org/entity/Q1307389,0,1387,,35.295828,25.016282
GRC,Grécia,Q2708275,http://www.wikidata.org/entity/Q211319,0,25931,,41.1284,23.2705
GRC,Grécia,Q2708287,http://www.wikidata.org/entity/Q755165,0,26968,,38.016667,23.783333
GRC,Grécia,Q2708960,http://www.wikidata.org/entity/Q1231795,0,2458,,38.62545,22.76642
GRC,Grécia,Q2744335,http://www.wikidata.org/entity/Q1120887,0,567,,36.87889,27.14528
GRC,Grécia,Q2749866,http://www.wikidata.org/entity/Q992450,0,1674,,37.08,22.4048
GRC,Grécia,Q3072471,http://www.wikidata.org/entity/Q11742509,0,420,,40.01666667,21.01666667
GRC,Grécia,Q3082400,http://www.wikidata.org/entity/Q3085362,0,112,,37.7,22.14
GRC,Grécia,Q3104044,http://www.wikidata.org/entity/Q2352674,0,1576,,35.132878,24.94993
GRC,Grécia,Q3284701,http://www.wikidata.org/entity/Q12875801,0,150,,35.4645,24.0717
GRC,Grécia,Q3303097,http://www.wikidata.org/entity/Q2643107,0,6,,40.448055555556,20.924722222222
GRC,Grécia,Q3304297,http://www.wikidata.org/entity/Q1027225,0,0,,34.922777777778,24.8
GRC,Grécia,Q3304661,http://www.wikidata.org/entity/Q2620987,0,101,,39.57222222,21.085
GRC,Grécia,Q3304687,http://www.wikidata.org/entity/Q585638,0,86,,39.61666667,20.5
GRC,Grécia,Q3305137,http://www.wikidata.org/entity/Q1413375,0,209,,39.66666667,20.43333333
GRC,Grécia,Q3323795,http://www.wikidata.org/entity/Q585638,0,205,,39.37611111,20.55833333
GRC,Grécia,Q3323804,http://www.wikidata.org/entity/Q1413375,0,51,,39.68805556,20.47194444
GRC,Grécia,Q3323828,http://www.wikidata.org/entity/Q1413375,0,97,,39.67777778,20.30444444
GRC,Grécia,Q3323850,http://www.wikidata.org/entity/Q12875666,0,160,,39.32153,20.49784
GRC,Grécia,Q3323859,http://www.wikidata.org/entity/Q12875666,0,1082,,39.53944444,20.28583333
GRC,Grécia,Q3376354,http://www.wikidata.org/entity/Q9386001,0,71,,39.87166667,20.775
GRC,Grécia,Q3384116,http://www.wikidata.org/entity/Q4258195,0,2059,,41.133888888889,24.994166666667
GRC,Grécia,Q3394928,http://www.wikidata.org/entity/Q2479030,0,354,,40.23972222,21.1625
GRC,Grécia,Q3394934,http://www.wikidata.org/entity/Q2015968,0,143,,40.896,22.95846
GRC,Grécia,Q2292363,http://www.wikidata.org/entity/Q12875721,0,16906,,38.08333333,23.98333333
GRC,Grécia,Q2296581,http://www.wikidata.org/entity/Q17317934,0,15886,,35.3345,24.7803
GRC,Grécia,Q2352674,http://www.wikidata.org/entity/Q19896769,0,19148,,35.0509,25.0282
GRC,Grécia,Q2353609,http://www.wikidata.org/entity/Q211934,0,33821,,37.9681,23.9595
GRC,Grécia,Q2354194,http://www.wikidata.org/entity/Q2538156,0,4100,,40.948055555556,22.451944444444
GRC,Grécia,Q2354415,http://www.wikidata.org/entity/Q12875666,0,1715,,39.36666667,20.3
GRC,Grécia,Q2355675,http://www.wikidata.org/entity/Q578879,0,14646,,39.71901,22.75869
GRC,Grécia,Q2357133,http://www.wikidata.org/entity/Q1690590,0,0,,38.552833333333,26.163333333333
GRC,Grécia,Q2462767,http://www.wikidata.org/entity/Q1027225,0,5515,,35.07194444,24.76833333
GRC,Grécia,Q2463817,http://www.wikidata.org/entity/Q1231770,0,1782,,39.8,22.483333333333
GRC,Grécia,Q2463828,http://www.wikidata.org/entity/Q2355675,0,1527,,39.750277777778,22.795277777778
GRC,Grécia,Q2464206,http://www.wikidata.org/entity/Q1990863,0,1341,,40.846666666667,24.254444444444
GRC,Grécia,Q2634238,http://www.wikidata.org/entity/Q210176,0,50264,,40.4347,22.9189
GRC,Grécia,Q2634247,http://www.wikidata.org/entity/Q19896687,0,12731,,39.3959,21.1584
GRC,Grécia,Q2634251,http://www.wikidata.org/entity/Q7780449,0,17830,,39.233333,20.833333
GRC,Grécia,Q2636428,http://www.wikidata.org/entity/Q2429463,0,1220,,41.1245,25.066
GRC,Grécia,Q3443809,http://www.wikidata.org/entity/Q2479030,0,126,,40.319,21.33
GRC,Grécia,Q3555748,http://www.wikidata.org/entity/Q2015968,0,1699,,40.842777777778,22.919444444444
GRC,Grécia,Q3555789,http://www.wikidata.org/entity/Q3595078,0,628,,40.319444444444,22.264722222222
GRC,Grécia,Q3555808,http://www.wikidata.org/entity/Q3567837,0,1109,,40.9267,23.1783
GRC,Grécia,Q3555832,http://www.wikidata.org/entity/Q3557942,0,2208,,41.068638888889,23.390361111111
GRC,Grécia,Q3555844,http://www.wikidata.org/entity/Q2001120,0,2776,,38.269722222222,22.048888888889
GRC,Grécia,Q3555863,http://www.wikidata.org/entity/Q12875669,0,7227,,40.46898,22.9718
GRC,Grécia,Q3555860,http://www.wikidata.org/entity/Q2635137,0,1655,,40.97416667,25.42138889
GRC,Grécia,Q3556113,http://www.wikidata.org/entity/Q786461,0,1740,,39.607777777778,22.124722222222
GRC,Grécia,Q3556131,http://www.wikidata.org/entity/Q12875679,0,1902,,38.359444444444,21.536111111111
GRC,Grécia,Q3556260,http://www.wikidata.org/entity/Q2484671,0,1489,,40.2,22.43333333
GRC,Grécia,Q3556276,http://www.wikidata.org/entity/Q3506552,0,1018,,41.265277777778,23.2525
GRC,Grécia,Q3402711,http://www.wikidata.org/entity/Q3560056,0,458,,40.38547944,21.96377601
GRC,Grécia,Q3403270,http://www.wikidata.org/entity/Q3557736,0,33,,40.616944444444,21.414444444444
GRC,Grécia,Q3403346,http://www.wikidata.org/entity/Q3558683,0,1615,,40.78222222,21.48444444
GRC,Grécia,Q3403353,http://www.wikidata.org/entity/Q2016016,0,479,,40.858055555556,22.53
GRC,Grécia,Q3403372,http://www.wikidata.org/entity/Q3960162,0,322,,41.12083333,24.07527778
GRC,Grécia,Q3403384,http://www.wikidata.org/entity/Q3559710,0,200,,40.0283,21.2683
GRC,Grécia,Q3403393,http://www.wikidata.org/entity/Q2479030,0,33,,40.3025,21.28027778
GRC,Grécia,Q3403431,http://www.wikidata.org/entity/Q3559710,0,311,,40.004444444444,21.284444444444
GRC,Grécia,Q3403523,http://www.wikidata.org/entity/Q3558683,0,453,,40.91,21.419
GRC,Grécia,Q3403536,http://www.wikidata.org/entity/Q735845,0,801,,40.52166667,21.55222222
GRC,Grécia,Q3404876,http://www.wikidata.org/entity/Q3556641,0,242,,40.672777777778,21.2625
GRC,Grécia,Q3405062,http://www.wikidata.org/entity/Q933783,0,6,,40.351944444444,21.203611111111
GRC,Grécia,Q3405099,http://www.wikidata.org/entity/Q933783,0,50,,40.369166666667,21.198888888889
GRC,Grécia,Q3405110,http://www.wikidata.org/entity/Q3557736,0,309,,40.613333333333,21.469444444444
GRC,Grécia,Q3405120,http://www.wikidata.org/entity/Q2708275,0,1645,,41.0425,23.316944444444
GRC,Grécia,Q3405129,http://www.wikidata.org/entity/Q3556641,0,227,,40.44913,21.17541
GRC,Grécia,Q3405174,http://www.wikidata.org/entity/Q2324833,0,2274,,40.916388888889,23.481388888889
GRC,Grécia,Q3405176,http://www.wikidata.org/entity/Q3506552,0,213,,41.29138889,23.50361111
GRC,Grécia,Q3405226,http://www.wikidata.org/entity/Q933783,0,128,,40.388055555556,21.204166666667
GRC,Grécia,Q3405236,http://www.wikidata.org/entity/Q3559710,0,106,,40.048888888889,21.333333333333
GRC,Grécia,Q3405557,http://www.wikidata.org/entity/Q2643107,0,368,,40.22224,21.0213
GRC,Grécia,Q3405579,http://www.wikidata.org/entity/Q3559710,0,664,,40.19666667,21.40833333
GRC,Grécia,Q3405638,http://www.wikidata.org/entity/Q3567837,0,847,,40.8367,23.205
GRC,Grécia,Q3405650,http://www.wikidata.org/entity/Q3559710,0,294,,39.95336,21.36126
GRC,Grécia,Q3405669,http://www.wikidata.org/entity/Q3556641,0,738,,40.5825,21.30361111
GRC,Grécia,Q3405678,http://www.wikidata.org/entity/Q3559710,0,221,,40.034444444444,21.343611111111
GRC,Grécia,Q3405686,http://www.wikidata.org/entity/Q3559710,0,358,,40.096666666667,21.593055555556
GRC,Grécia,Q3405696,http://www.wikidata.org/entity/Q2016006,0,1952,,41.058,23.65
GRC,Grécia,Q3405704,http://www.wikidata.org/entity/Q3556641,0,10,,40.626111111111,21.19
GRC,Grécia,Q3405711,http://www.wikidata.org/entity/Q12275550,0,104,,40.838611111111,21.767777777778
GRC,Grécia,Q3405718,http://www.wikidata.org/entity/Q3557942,0,2647,,41.01666667,23.51666667
GRC,Grécia,Q3405733,http://www.wikidata.org/entity/Q1985961,0,770,,40.99472222,23.98333333
GRC,Grécia,Q3405741,http://www.wikidata.org/entity/Q12873422,0,378,,40.940833333333,21.973611111111
GRC,Grécia,Q3405749,http://www.wikidata.org/entity/Q2532139,0,902,,40.999,23.78
GRC,Grécia,Q3407560,http://www.wikidata.org/entity/Q1990863,0,969,,40.956666666667,24.148055555556
GRC,Grécia,Q3407570,http://www.wikidata.org/entity/Q1990863,0,1195,,40.820555555556,24.243333333333
GRC,Grécia,Q3409125,http://www.wikidata.org/entity/Q12873422,0,866,,40.93,22.080555555556
GRC,Grécia,Q3409187,http://www.wikidata.org/entity/Q1810375,0,2250,,41.34388889,23.86666667
GRC,Grécia,Q3409747,http://www.wikidata.org/entity/Q2016016,0,346,,40.779722222222,22.478333333333
GRC,Grécia,Q3419420,http://www.wikidata.org/entity/Q2708275,0,1337,,41.17927,23.32022
GRC,Grécia,Q3428322,http://www.wikidata.org/entity/Q3558377,0,3,,35.020719444444,26.051652777778
GRC,Grécia,Q3438238,http://www.wikidata.org/entity/Q1737776,0,0,,38.464,21.0161
GRC,Grécia,Q3324441,http://www.wikidata.org/entity/Q1413375,0,82,,39.65333333,20.39638889
GRC,Grécia,Q3324453,http://www.wikidata.org/entity/Q1413375,0,173,,39.74472222,20.34222222
GRC,Grécia,Q3324462,http://www.wikidata.org/entity/Q1413375,0,36,,39.58138889,20.41666667
GRC,Grécia,Q3326154,http://www.wikidata.org/entity/Q12875801,0,7553,,35.485,24.013
GRC,Grécia,Q3393201,http://www.wikidata.org/entity/Q735845,0,1012,,40.49,21.556111111111
GRC,Grécia,Q3393439,http://www.wikidata.org/entity/Q3560056,0,1294,,40.32416667,21.82388889
GRC,Grécia,Q3393462,http://www.wikidata.org/entity/Q2479030,0,1572,,40.2625,21.324166666667
GRC,Grécia,Q3393470,http://www.wikidata.org/entity/Q10803016,0,3302,,40.75,22.975
GRC,Grécia,Q3394129,http://www.wikidata.org/entity/Q735845,0,1118,,40.49277778,21.57166667
GRC,Grécia,Q3394314,http://www.wikidata.org/entity/Q1990863,0,828,,40.861388888889,24.111666666667
GRC,Grécia,Q3394331,http://www.wikidata.org/entity/Q2015968,0,1084,,40.91,22.8725
GRC,Grécia,Q3394344,http://www.wikidata.org/entity/Q735845,0,976,,40.476944444444,21.633055555556
GRC,Grécia,Q3394707,http://www.wikidata.org/entity/Q2016016,0,1993,,40.801,22.363
GRC,Grécia,Q3394711,http://www.wikidata.org/entity/Q3506552,0,1530,,41.285555555556,23.036944444444
GRC,Grécia,Q3394772,http://www.wikidata.org/entity/Q2192371,0,1266,,40.798333333333,22.666666666667
GRC,Grécia,Q3394914,http://www.wikidata.org/entity/Q3559710,0,62,,40.139,21.202
GRC,Grécia,Q3395531,http://www.wikidata.org/entity/Q12875641,0,1763,,40.60083333,22.19388889
GRC,Grécia,Q3395553,http://www.wikidata.org/entity/Q2016006,0,2538,,41.02388889,23.61083333
GRC,Grécia,Q3395558,http://www.wikidata.org/entity/Q3506552,0,2342,,41.274722222222,23.293888888889
GRC,Grécia,Q3395578,http://www.wikidata.org/entity/Q3556641,0,3055,,40.50194444,21.24472222
GRC,Grécia,Q3395926,http://www.wikidata.org/entity/Q2016016,0,409,,40.8275,22.45027778
GRC,Grécia,Q3401559,http://www.wikidata.org/entity/Q1521832,0,334,,40.45805556,23.18166667
GRC,Grécia,Q3401586,http://www.wikidata.org/entity/Q2015968,0,502,,41.00888889,22.79694444
GRC,Grécia,Q3401595,http://www.wikidata.org/entity/Q2538156,0,463,,40.874444444444,22.642222222222
GRC,Grécia,Q3401607,http://www.wikidata.org/entity/Q2479030,0,29,,40.279444444444,21.238611111111
GRC,Grécia,Q3401884,http://www.wikidata.org/entity/Q3558683,0,197,,40.856111111111,21.312222222222
GRC,Grécia,Q3403265,http://www.wikidata.org/entity/Q957192,0,629,,41.26666667,24.50138889
GRC,Grécia,Q3403276,http://www.wikidata.org/entity/Q1115715,0,3857,,41.17861111,23.97222222
GRC,Grécia,Q3403282,http://www.wikidata.org/entity/Q3559710,0,193,,39.96723,21.27421
GRC,Grécia,Q3403291,http://www.wikidata.org/entity/Q2479030,0,69,,40.34888889,21.30027778
GRC,Grécia,Q3403301,http://www.wikidata.org/entity/Q2016016,0,644,,40.8125,22.53916667
GRC,Grécia,Q3403307,http://www.wikidata.org/entity/Q3559710,0,80,,39.94805556,21.23833333
GRC,Grécia,Q3405165,http://www.wikidata.org/entity/Q3556641,0,146,,40.55222222,21.44611111
GRC,Grécia,Q3323813,http://www.wikidata.org/entity/Q1413375,0,71,,39.62861111,20.44416667
GRC,Grécia,Q3323822,http://www.wikidata.org/entity/Q1413375,0,113,,39.59472222,20.39305556
GRC,Grécia,Q3323892,http://www.wikidata.org/entity/Q12875666,0,867,,39.48805556,20.26777778
GRC,Grécia,Q3323921,http://www.wikidata.org/entity/Q12875666,0,80,,39.48416667,20.33194444
GRC,Grécia,Q3323946,http://www.wikidata.org/entity/Q12875666,0,45,,39.49555556,20.31194444
GRC,Grécia,Q3323967,http://www.wikidata.org/entity/Q1413375,0,123,,39.58694444,20.34666667
GRC,Grécia,Q3323974,http://www.wikidata.org/entity/Q585638,0,268,,39.3675,20.545
GRC,Grécia,Q3323981,http://www.wikidata.org/entity/Q12875666,0,56,,39.50166667,20.37888889
GRC,Grécia,Q3324017,http://www.wikidata.org/entity/Q1413375,0,99,,39.64027778,20.3225
GRC,Grécia,Q3324027,http://www.wikidata.org/entity/Q585638,0,459,,39.32638889,20.60777778
GRC,Grécia,Q3324043,http://www.wikidata.org/entity/Q1413375,0,59,,39.57416667,20.43
GRC,Grécia,Q3324064,http://www.wikidata.org/entity/Q12875666,0,297,,39.41694444,20.31472222
GRC,Grécia,Q3324073,http://www.wikidata.org/entity/Q1413375,0,254,,39.59361111,20.28444444
GRC,Grécia,Q3324094,http://www.wikidata.org/entity/Q1413375,0,81,,39.75555556,20.465
GRC,Grécia,Q2014656,http://www.wikidata.org/entity/Q6852960,0,2874,,38.9082,22.1271
GRC,Grécia,Q2015614,http://www.wikidata.org/entity/Q2634251,0,61,,39.374,20.9419
GRC,Grécia,Q2636821,http://www.wikidata.org/entity/Q19896642,0,20573,,41.2903,24.9733
GRC,Grécia,Q2636839,http://www.wikidata.org/entity/Q12875769,0,1597,,40.033333333333,21.9425
GRC,Grécia,Q2642908,http://www.wikidata.org/entity/Q3559710,0,280,,40.006944444444,21.125277777778
GRC,Grécia,Q2642941,http://www.wikidata.org/entity/Q2538156,0,407,,41.005833333333,22.291944444444
GRC,Grécia,Q2714769,http://www.wikidata.org/entity/Q2403002,0,3645,,38.2164,23.3221
GRC,Grécia,Q2714924,http://www.wikidata.org/entity/Q2389433,0,5778,,37.8139,23.7824
GRC,Grécia,Q3405173,http://www.wikidata.org/entity/Q3556641,0,140,,40.610277777778,21.348333333333
GRC,Grécia,Q3405803,http://www.wikidata.org/entity/Q12873422,0,410,,40.94416667,22.11694444
GRC,Grécia,Q3405818,http://www.wikidata.org/entity/Q12275550,0,647,,40.7525,22.01277778
GRC,Grécia,Q3405836,http://www.wikidata.org/entity/Q3557942,0,432,,41.057944444444,23.400027777778
GRC,Grécia,Q3405920,http://www.wikidata.org/entity/Q1985961,0,507,,40.889444444444,23.944166666667
GRC,Grécia,Q3406417,http://www.wikidata.org/entity/Q3558683,0,682,,40.835833333333,21.513611111111
GRC,Grécia,Q3406457,http://www.wikidata.org/entity/Q1985961,0,424,,41.028611111111,24.041388888889
GRC,Grécia,Q3409049,http://www.wikidata.org/entity/Q12875641,0,362,,40.336,22.173
GRC,Grécia,Q3409052,http://www.wikidata.org/entity/Q933783,0,903,,40.43583333,21.33083333
GRC,Grécia,Q3409060,http://www.wikidata.org/entity/Q2532139,0,1671,,40.923474,23.871759
GRC,Grécia,Q3409068,http://www.wikidata.org/entity/Q3557736,0,311,,40.63305556,21.58305556
GRC,Grécia,Q3409078,http://www.wikidata.org/entity/Q3556641,0,236,,40.54523,21.39316
GRC,Grécia,Q3486116,http://www.wikidata.org/entity/Q3897657,0,1804,,37.32218,26.543
GRC,Grécia,Q3491767,http://www.wikidata.org/entity/Q2484671,0,4225,,40.06032,22.5612
GRC,Grécia,Q3555800,http://www.wikidata.org/entity/Q3560056,0,1171,,40.382,21.772675
GRC,Grécia,Q3555810,http://www.wikidata.org/entity/Q1990863,0,3514,,40.83888889,24.30361111
GRC,Grécia,Q3564808,http://www.wikidata.org/entity/Q3539555,0,231,,37.457225,22.40437
GRC,Grécia,Q3564826,http://www.wikidata.org/entity/Q919723,0,254,,38.1,21.83333333
GRC,Grécia,Q3565361,http://www.wikidata.org/entity/Q2015981,0,45,,40.879722222222,22.861944444444
GRC,Grécia,Q3565376,http://www.wikidata.org/entity/Q2484671,0,116,,40.0174,22.5915
GRC,Grécia,Q3565430,http://www.wikidata.org/entity/Q12875641,0,553,,40.4925,22.179444444444
GRC,Grécia,Q3567048,http://www.wikidata.org/entity/Q9149997,0,171,,38.928888888889,21.437222222222
GRC,Grécia,Q3567055,http://www.wikidata.org/entity/Q1812290,0,108,,38.7887,20.61331
GRC,Grécia,Q3567059,http://www.wikidata.org/entity/Q15979847,0,196,,39.776944444444,21.797222222222
GRC,Grécia,Q3567063,http://www.wikidata.org/entity/Q3332789,0,412,,37.36,22.21666667
GRC,Grécia,Q3567064,http://www.wikidata.org/entity/Q3659144,0,811,,41.13333333,26.21666667
GRC,Grécia,Q3567418,http://www.wikidata.org/entity/Q1231795,0,268,,38.581944444444,22.743055555556
GRC,Grécia,Q3567465,http://www.wikidata.org/entity/Q3595078,0,969,,40.251388888889,22.303888888889
GRC,Grécia,Q3567555,http://www.wikidata.org/entity/Q2321253,0,135,,37.93333333,21.46666667
GRC,Grécia,Q3568012,http://www.wikidata.org/entity/Q12875764,0,4860,,37.922777777778,23.467777777778
GRC,Grécia,Q3792532,http://www.wikidata.org/entity/Q3595078,0,554,,40.33333333,22.525
GRC,Grécia,Q3793438,http://www.wikidata.org/entity/Q3595078,0,494,,40.31666667,22.49166667
GRC,Grécia,Q3793447,http://www.wikidata.org/entity/Q3595078,0,1948,,40.2667,22.4667
GRC,Grécia,Q3813178,http://www.wikidata.org/entity/Q16737558,0,703,,39.98508,22.39194
GRC,Grécia,Q3930790,http://www.wikidata.org/entity/Q1120887,0,370,,36.8846,27.18362
GRC,Grécia,Q2714946,http://www.wikidata.org/entity/Q767716,0,10386,,38.03333333,23.73333333
GRC,Grécia,Q2717832,http://www.wikidata.org/entity/Q2353609,0,9453,,37.96214,23.91516
GRC,Grécia,Q2735497,http://www.wikidata.org/entity/Q2484671,0,1885,,40.227222222222,22.459444444444
GRC,Grécia,Q2738194,http://www.wikidata.org/entity/Q1737776,0,760,,38.07422,20.79597
GRC,Grécia,Q3161340,http://www.wikidata.org/entity/Q64868574,0,74,,39.71833333,19.68
GRC,Grécia,Q3297728,http://www.wikidata.org/entity/Q12275550,0,1519,,40.8,21.83333333
GRC,Grécia,Q3298806,http://www.wikidata.org/entity/Q3558683,0,337,,40.689166666667,21.454166666667
GRC,Grécia,Q3298876,http://www.wikidata.org/entity/Q3558683,0,622,,40.705833333333,21.521944444444
GRC,Grécia,Q3298912,http://www.wikidata.org/entity/Q3556641,0,744,,40.50472222,21.21194444
GRC,Grécia,Q3298932,http://www.wikidata.org/entity/Q3556641,0,446,,40.4864527,21.1336613
GRC,Grécia,Q3301301,http://www.wikidata.org/entity/Q12875666,0,278,,39.3554,20.4141
GRC,Grécia,Q3555840,http://www.wikidata.org/entity/Q6935302,0,801,,40.871388888889,25.990277777778
GRC,Grécia,Q3558359,http://www.wikidata.org/entity/Q1027225,0,1013,,35.07583,24.86944
GRC,Grécia,Q3558369,http://www.wikidata.org/entity/Q21130543,0,952,,39.580833333333,21.692777777778
GRC,Grécia,Q3561868,http://www.wikidata.org/entity/Q12875641,0,5189,,40.54861111,22.24166667
GRC,Grécia,Q3561954,http://www.wikidata.org/entity/Q2016016,0,2564,,40.818611111111,22.355
GRC,Grécia,Q3562094,http://www.wikidata.org/entity/Q2484671,0,925,,40.01666667,22.55
GRC,Grécia,Q3562100,http://www.wikidata.org/entity/Q1451297,0,46,,35.24222222,24.2575
GRC,Grécia,Q3562616,http://www.wikidata.org/entity/Q9386001,0,211,,39.967937,20.718758
GRC,Grécia,Q3562955,http://www.wikidata.org/entity/Q3085362,0,315,,37.69166667,22.18333333
GRC,Grécia,Q3562971,http://www.wikidata.org/entity/Q3539555,0,251,,37.525163,22.419814
GRC,Grécia,Q3562985,http://www.wikidata.org/entity/Q2194495,0,684,,37.98333333,21.56666667
GRC,Grécia,Q3564056,http://www.wikidata.org/entity/Q3560056,0,1482,,40.33055556,21.78861111
GRC,Grécia,Q3564062,http://www.wikidata.org/entity/Q21144478,0,1220,,39.3266,23.0543
GRC,Grécia,Q3564071,http://www.wikidata.org/entity/Q21503867,0,1911,,39.826111111111,22.308055555556
GRC,Grécia,Q3564248,http://www.wikidata.org/entity/Q12875662,0,1168,,35.2,25.0
GRC,Grécia,Q3564796,http://www.wikidata.org/entity/Q2634096,0,236,,39.341388888889,21.453888888889
GRC,Grécia,Q3564802,http://www.wikidata.org/entity/Q9149997,0,460,,38.891111111111,21.346666666667
GRC,Grécia,Q2470583,http://www.wikidata.org/entity/Q3252409,0,1937,,37.81667,21.68333
GRC,Grécia,Q2470603,http://www.wikidata.org/entity/Q1812290,0,3696,,38.73333333,20.71666667
GRC,Grécia,Q2470630,http://www.wikidata.org/entity/Q15243882,0,3830,,37.73333,21.4
GRC,Grécia,Q2470654,http://www.wikidata.org/entity/Q12275550,0,4557,,40.783333333333,21.85
GRC,Grécia,Q2556208,http://www.wikidata.org/entity/Q3556641,0,1186,,40.48055556,21.2875
GRC,Grécia,Q2638361,http://www.wikidata.org/entity/Q16737558,0,2321,,39.882,22.228
GRC,Grécia,Q3161266,http://www.wikidata.org/entity/Q125128158,0,727,,37.7,21.43333333
GRC,Grécia,Q3323984,http://www.wikidata.org/entity/Q1413375,0,52,,39.73388,20.44384
GRC,Grécia,Q3323990,http://www.wikidata.org/entity/Q585638,0,165,,39.34638889,20.56194444
GRC,Grécia,Q3324006,http://www.wikidata.org/entity/Q1413375,0,141,,39.75833333,20.41
GRC,Grécia,Q3393190,http://www.wikidata.org/entity/Q21469176,0,1533,,40.834444444444,21.584166666667
GRC,Grécia,Q3394170,http://www.wikidata.org/entity/Q81045,0,1239,,40.01666667,23.53333333
GRC,Grécia,Q3394267,http://www.wikidata.org/entity/Q2015968,0,1399,,40.892777777778,22.915277777778
GRC,Grécia,Q3394321,http://www.wikidata.org/entity/Q2679951,0,6453,,40.6417,23.025
GRC,Grécia,Q3394917,http://www.wikidata.org/entity/Q2015968,0,676,,40.868611111111,22.91
GRC,Grécia,Q3394921,http://www.wikidata.org/entity/Q2479030,0,141,,40.327,21.141
GRC,Grécia,Q3395626,http://www.wikidata.org/entity/Q2479030,0,306,,40.31777778,21.43027778
GRC,Grécia,Q3395972,http://www.wikidata.org/entity/Q2015968,0,1144,,40.95972222,22.85972222
GRC,Grécia,Q3395989,http://www.wikidata.org/entity/Q2015968,0,882,,40.9971,22.7254
GRC,Grécia,Q3396782,http://www.wikidata.org/entity/Q2016016,0,562,,40.7111,22.2175
GRC,Grécia,Q3396802,http://www.wikidata.org/entity/Q3506552,0,1178,,41.179,23.394
GRC,Grécia,Q3399396,http://www.wikidata.org/entity/Q15967005,0,1450,,40.55555556,22.47083333
GRC,Grécia,Q3401778,http://www.wikidata.org/entity/Q735845,0,802,,40.570555555556,21.599444444444
GRC,Grécia,Q3401792,http://www.wikidata.org/entity/Q735845,0,356,,40.536388888889,21.604166666667
GRC,Grécia,Q3401798,http://www.wikidata.org/entity/Q735845,0,783,,40.44972222,21.73416667
GRC,Grécia,Q3401813,http://www.wikidata.org/entity/Q735845,0,733,,40.455,21.763055555556
GRC,Grécia,Q3403400,http://www.wikidata.org/entity/Q3559710,0,71,,40.1677,21.3888
GRC,Grécia,Q3403411,http://www.wikidata.org/entity/Q3559710,0,332,,40.0462,21.6889
GRC,Grécia,Q3403425,http://www.wikidata.org/entity/Q3559710,0,343,,40.0717,21.6783
GRC,Grécia,Q3403438,http://www.wikidata.org/entity/Q2016016,0,479,,40.836944444444,22.342222222222
GRC,Grécia,Q3403444,http://www.wikidata.org/entity/Q2538156,0,333,,40.978333333333,22.388055555556
GRC,Grécia,Q3403462,http://www.wikidata.org/entity/Q1115715,0,403,,41.1123962,23.996189
GRC,Grécia,Q3403472,http://www.wikidata.org/entity/Q3557736,0,545,,40.68111111,21.71611111
GRC,Grécia,Q3403660,http://www.wikidata.org/entity/Q3558683,0,234,,40.776944444444,21.303333333333
GRC,Grécia,Q3403675,http://www.wikidata.org/entity/Q3558683,0,148,,40.815555555556,21.301111111111
GRC,Grécia,Q3403681,http://www.wikidata.org/entity/Q3558683,0,499,,40.71722222,21.36583333
GRC,Grécia,Q3403685,http://www.wikidata.org/entity/Q3558683,0,171,,40.724166666667,21.405555555556
GRC,Grécia,Q3401507,http://www.wikidata.org/entity/Q1521832,0,436,,40.465555555556,23.378888888889
GRC,Grécia,Q3401619,http://www.wikidata.org/entity/Q2479030,0,88,,40.321831788794,21.176273933441
GRC,Grécia,Q3401633,http://www.wikidata.org/entity/Q2538156,0,443,,41.069722222222,22.570833333333
GRC,Grécia,Q3401643,http://www.wikidata.org/entity/Q2538156,0,346,,40.941111111111,22.571388888889
GRC,Grécia,Q3401681,http://www.wikidata.org/entity/Q1979895,0,640,,40.569444444444,23.6575
GRC,Grécia,Q3401688,http://www.wikidata.org/entity/Q2479030,0,158,,40.4167,21.5217
GRC,Grécia,Q3401703,http://www.wikidata.org/entity/Q2015968,0,278,,41.11016,22.9943
GRC,Grécia,Q3401722,http://www.wikidata.org/entity/Q2190110,0,10205,,40.6875,22.858055555556
GRC,Grécia,Q3401730,http://www.wikidata.org/entity/Q2479030,0,18,,40.30013889,21.19777778
GRC,Grécia,Q3401739,http://www.wikidata.org/entity/Q2268710,0,255,,40.533055555556,22.525833333333
GRC,Grécia,Q3401743,http://www.wikidata.org/entity/Q2479030,0,115,,40.257777777778,21.264722222222
GRC,Grécia,Q3401754,http://www.wikidata.org/entity/Q933783,0,55,,40.362222222222,21.156388888889
GRC,Grécia,Q3401768,http://www.wikidata.org/entity/Q735845,0,846,,40.46,21.67277778
GRC,Grécia,Q3401773,http://www.wikidata.org/entity/Q735845,0,527,,40.55722222,21.59777778
GRC,Grécia,Q3500883,http://www.wikidata.org/entity/Q12875764,0,25370,,37.964944,23.499266
GRC,Grécia,Q3501346,http://www.wikidata.org/entity/Q2712158,0,321,,35.43333333,24.11666667
GRC,Grécia,Q3506552,http://www.wikidata.org/entity/Q211319,0,30605,,41.2821,23.2608
GRC,Grécia,Q3553234,http://www.wikidata.org/entity/Q2712158,0,212,,35.36106,24.17413
GRC,Grécia,Q3554474,http://www.wikidata.org/entity/Q2634238,0,18326,,40.503333333333,22.932777777778
GRC,Grécia,Q3555023,http://www.wikidata.org/entity/Q20379349,0,1932,,38.3647,20.7202
GRC,Grécia,Q3555870,http://www.wikidata.org/entity/Q2321253,0,3696,,38.05,21.38333333
GRC,Grécia,Q3555880,http://www.wikidata.org/entity/Q12875753,0,928,,38.26666667,21.83333333
GRC,Grécia,Q3555889,http://www.wikidata.org/entity/Q12875663,0,876,,37.79071,20.89364
GRC,Grécia,Q3556063,http://www.wikidata.org/entity/Q3042287,0,1145,,37.866,22.997
GRC,Grécia,Q3556071,http://www.wikidata.org/entity/Q2117544,0,543,,37.298,21.701
GRC,Grécia,Q3556085,http://www.wikidata.org/entity/Q3085362,0,102,,37.48333333,22.11666667
GRC,Grécia,Q3556092,http://www.wikidata.org/entity/Q2194495,0,632,,38.074166666667,21.427777777778
GRC,Grécia,Q3557751,http://www.wikidata.org/entity/Q3560056,0,738,,40.291,21.736
GRC,Grécia,Q3557797,http://www.wikidata.org/entity/Q3960162,0,786,,41.18805556,24.17
GRC,Grécia,Q3557808,http://www.wikidata.org/entity/Q19896760,0,23308,,41.40402,26.38976
GRC,Grécia,Q3557845,http://www.wikidata.org/entity/Q3558683,0,813,,40.79,21.54333333
GRC,Grécia,Q3557850,http://www.wikidata.org/entity/Q2479030,0,78,,40.34,21.375
GRC,Grécia,Q3558224,http://www.wikidata.org/entity/Q786461,0,1044,,39.615,22.011944444444
GRC,Grécia,Q3558238,http://www.wikidata.org/entity/Q2117544,0,1333,,37.289166666667,21.818611111111
GRC,Grécia,Q3558249,http://www.wikidata.org/entity/Q12875663,0,941,,37.75833333,20.81
GRC,Grécia,Q3558257,http://www.wikidata.org/entity/Q12875753,0,2845,,38.2012,21.7423
GRC,Grécia,Q3558285,http://www.wikidata.org/entity/Q2271587,0,1474,,37.875,21.26666667
GRC,Grécia,Q3558311,http://www.wikidata.org/entity/Q16058312,0,1768,,41.621944444444,26.422222222222
GRC,Grécia,Q3558807,http://www.wikidata.org/entity/Q9386001,0,158,,39.88,20.7057
GRC,Grécia,Q3559000,http://www.wikidata.org/entity/Q2266175,0,271,,39.366944444444,21.325
GRC,Grécia,Q3559260,http://www.wikidata.org/entity/Q15979847,0,326,,39.78168,21.28399
GRC,Grécia,Q3559271,http://www.wikidata.org/entity/Q12875663,0,4999,,37.8,20.85
GRC,Grécia,Q3559268,http://www.wikidata.org/entity/Q15979847,0,306,,39.66843,21.45424
GRC,Grécia,Q3559279,http://www.wikidata.org/entity/Q12875663,0,4541,,37.75,20.78333333
GRC,Grécia,Q3559525,http://www.wikidata.org/entity/Q12875637,0,374,,39.1728,20.998682
GRC,Grécia,Q3560202,http://www.wikidata.org/entity/Q3539555,0,1097,,37.615376,22.345006
GRC,Grécia,Q3560644,http://www.wikidata.org/entity/Q12875769,0,541,,40.17477222,22.02448056
GRC,Grécia,Q3561404,http://www.wikidata.org/entity/Q2190110,0,2589,,40.663055555556,22.711388888889
GRC,Grécia,Q3561409,http://www.wikidata.org/entity/Q3556641,0,3233,,40.5425,21.25388889
GRC,Grécia,Q3561413,http://www.wikidata.org/entity/Q2634238,0,8775,,40.46444444,22.86055556
GRC,Grécia,Q3561484,http://www.wikidata.org/entity/Q1985961,0,1466,,40.87138889,23.90166667
GRC,Grécia,Q3561503,http://www.wikidata.org/entity/Q2658714,0,1255,,40.654166666667,23.698611111111
GRC,Grécia,Q3561526,http://www.wikidata.org/entity/Q9148069,0,1244,,38.302777777778,23.159166666667
GRC,Grécia,Q3561760,http://www.wikidata.org/entity/Q378335,0,755,,37.130833333333,21.873888888889
GRC,Grécia,Q3562075,http://www.wikidata.org/entity/Q1985961,0,1011,,40.9888,24.0262
GRC,Grécia,Q3562084,http://www.wikidata.org/entity/Q1021606,0,491,,38.72916667,22.23111111
GRC,Grécia,Q3562243,http://www.wikidata.org/entity/Q2260918,0,403,,40.08361111,21.97138889
GRC,Grécia,Q3562489,http://www.wikidata.org/entity/Q1979895,0,741,,40.592222222222,23.778888888889
GRC,Grécia,Q3562574,http://www.wikidata.org/entity/Q11742509,0,1854,,40.21666667,20.81666667
GRC,Grécia,Q3562592,http://www.wikidata.org/entity/Q16329968,0,855,,38.73333333,22.33333333
GRC,Grécia,Q3562600,http://www.wikidata.org/entity/Q16737558,0,4707,,39.68333333,22.06666667
GRC,Grécia,Q3562623,http://www.wikidata.org/entity/Q2620987,0,455,,39.56666667,21.16666667
GRC,Grécia,Q3562948,http://www.wikidata.org/entity/Q2001120,0,30,,38.14937,22.07164
GRC,Grécia,Q3403707,http://www.wikidata.org/entity/Q3558683,0,338,,40.80333333,21.51666667
GRC,Grécia,Q3405763,http://www.wikidata.org/entity/Q2532139,0,245,,40.90083333,23.81833333
GRC,Grécia,Q3405777,http://www.wikidata.org/entity/Q1985961,0,62,,40.781944444444,23.825
GRC,Grécia,Q3409015,http://www.wikidata.org/entity/Q12875641,0,100,,40.536388888889,22.131388888889
GRC,Grécia,Q3409019,http://www.wikidata.org/entity/Q1115715,0,1057,,41.191944444444,23.82
GRC,Grécia,Q3409021,http://www.wikidata.org/entity/Q3556641,0,186,,40.54149,21.34102
GRC,Grécia,Q3409039,http://www.wikidata.org/entity/Q1985961,0,29,,40.83111111,23.9325
GRC,Grécia,Q3409044,http://www.wikidata.org/entity/Q12275550,0,117,,40.81944444,22.09166667
GRC,Grécia,Q3444377,http://www.wikidata.org/entity/Q3557736,0,1042,,40.64666667,21.7025
GRC,Grécia,Q3462759,http://www.wikidata.org/entity/Q3595078,0,734,,40.325,22.30833333
GRC,Grécia,Q3498211,http://www.wikidata.org/entity/Q643945,0,937,,38.58163889,23.83795278
GRC,Grécia,Q4118468,http://www.wikidata.org/entity/Q15961378,0,1576,,38.52816,21.45016
GRC,Grécia,Q4120005,http://www.wikidata.org/entity/Q1737776,0,917,,38.175555555556,20.583055555556
GRC,Grécia,Q4152252,http://www.wikidata.org/entity/Q11799323,0,2427,,38.33055556,23.73388889
GRC,Grécia,Q4258195,http://www.wikidata.org/entity/Q19896642,0,23044,,40.95,24.983333333333
GRC,Grécia,Q4691127,http://www.wikidata.org/entity/Q12875663,0,323,,37.7075,20.777777777778
GRC,Grécia,Q4692492,http://www.wikidata.org/entity/Q15243882,0,484,,37.77666667,21.63666667
GRC,Grécia,Q4692667,http://www.wikidata.org/entity/Q20379355,0,185,,37.468888888889,25.319444444444
GRC,Grécia,Q4827843,http://www.wikidata.org/entity/Q1406069,0,1218,,40.95861111,24.80555556
GRC,Grécia,Q4829443,http://www.wikidata.org/entity/Q378335,0,856,,37.03333333,22.03333333
GRC,Grécia,Q3562979,http://www.wikidata.org/entity/Q1938296,0,573,,37.794444444444,21.394444444444
GRC,Grécia,Q3563723,http://www.wikidata.org/entity/Q1938296,0,595,,37.865277777778,21.348611111111
GRC,Grécia,Q3563735,http://www.wikidata.org/entity/Q2001120,0,436,,38.20662,22.15449
GRC,Grécia,Q3563747,http://www.wikidata.org/entity/Q2271587,0,586,,37.86333333,21.32333333
GRC,Grécia,Q3563754,http://www.wikidata.org/entity/Q1021606,0,874,,38.7,22.41666667
GRC,Grécia,Q3564435,http://www.wikidata.org/entity/Q2620987,0,89,,39.630555555556,21.061666666667
GRC,Grécia,Q3564694,http://www.wikidata.org/entity/Q1808735,0,189,,39.25602,21.73405
GRC,Grécia,Q3564699,http://www.wikidata.org/entity/Q1808735,0,500,,39.331666666667,21.686388888889
GRC,Grécia,Q3564706,http://www.wikidata.org/entity/Q12875753,0,781,,38.16333333,21.73
GRC,Grécia,Q3564812,http://www.wikidata.org/entity/Q3332789,0,236,,37.52833333,22.02833333
GRC,Grécia,Q3564884,http://www.wikidata.org/entity/Q21130543,0,233,,39.7,21.716667
GRC,Grécia,Q4064744,http://www.wikidata.org/entity/Q4421087,0,623,,35.03996,25.98059
GRC,Grécia,Q4118461,http://www.wikidata.org/entity/Q649278,0,806,,37.553686,22.716729
GRC,Grécia,Q4118464,http://www.wikidata.org/entity/Q2001120,0,1214,,38.2333,22.1167
GRC,Grécia,Q2668411,http://www.wikidata.org/entity/Q2181952,0,64,,40.78611111,21.24694444
GRC,Grécia,Q2670586,http://www.wikidata.org/entity/Q2277305,0,30817,,37.9,23.87333333
GRC,Grécia,Q2678359,http://www.wikidata.org/entity/Q210176,0,84741,,40.65206,22.97547
GRC,Grécia,Q2679951,http://www.wikidata.org/entity/Q210176,0,72384,,40.61469,23.05625
GRC,Grécia,Q2696852,http://www.wikidata.org/entity/Q3252409,0,418,,37.79044,21.71952
GRC,Grécia,Q2706370,http://www.wikidata.org/entity/Q2520681,0,3516,,38.976,26.3698
GRC,Grécia,Q2712296,http://www.wikidata.org/entity/Q2643107,0,18,,40.3925,20.835555555556
GRC,Grécia,Q2714384,http://www.wikidata.org/entity/Q3074841,0,8340,,37.8073,23.977
GRC,Grécia,Q2752328,http://www.wikidata.org/entity/Q1737776,0,62,,38.089,20.747
GRC,Grécia,Q2793100,http://www.wikidata.org/entity/Q842235,0,2419,,39.2075,20.16138889
GRC,Grécia,Q2806089,http://www.wikidata.org/entity/Q1027225,0,744,,35.06694444,24.81333333
GRC,Grécia,Q2817358,http://www.wikidata.org/entity/Q3595078,0,975,,40.25,22.34166667
GRC,Grécia,Q3174394,http://www.wikidata.org/entity/Q1690590,0,58,,38.56939,25.87944
GRC,Grécia,Q3174515,http://www.wikidata.org/entity/Q1690590,0,941,,38.528561,26.092111
GRC,Grécia,Q3183737,http://www.wikidata.org/entity/Q1767902,0,159,,38.50666667,22.88333333
GRC,Grécia,Q3229013,http://www.wikidata.org/entity/Q18048733,0,989,,37.055833333333,25.208611111111
GRC,Grécia,Q3269879,http://www.wikidata.org/entity/Q1625198,0,365,,35.3972,23.9414
GRC,Grécia,Q3304733,http://www.wikidata.org/entity/Q3252409,0,301,,37.7211,21.6571
GRC,Grécia,Q3305102,http://www.wikidata.org/entity/Q1413375,0,127,,39.7793,20.3431
GRC,Grécia,Q3323865,http://www.wikidata.org/entity/Q1413375,0,227,,39.57527778,20.39777778
GRC,Grécia,Q3323872,http://www.wikidata.org/entity/Q585638,0,265,,39.34277778,20.58611111
GRC,Grécia,Q3323881,http://www.wikidata.org/entity/Q1413375,0,196,,39.60055556,20.42972222
GRC,Grécia,Q3392954,http://www.wikidata.org/entity/Q2190110,0,9406,,40.670555555556,22.805555555556
GRC,Grécia,Q3394277,http://www.wikidata.org/entity/Q3556641,0,1209,,40.505,21.37472222
GRC,Grécia,Q3394303,http://www.wikidata.org/entity/Q1979895,0,2615,,40.444444444444,23.679444444444
GRC,Grécia,Q3409004,http://www.wikidata.org/entity/Q1985961,0,451,,40.975,23.961944444444
GRC,Grécia,Q3409011,http://www.wikidata.org/entity/Q12875641,0,200,,40.565,22.2205
GRC,Grécia,Q3409085,http://www.wikidata.org/entity/Q2532139,0,338,,41.0833,23.95
GRC,Grécia,Q3409092,http://www.wikidata.org/entity/Q2643107,0,70,,40.288611111111,21.03
GRC,Grécia,Q3409104,http://www.wikidata.org/entity/Q933783,0,31,,40.3575,21.20333333
GRC,Grécia,Q3409108,http://www.wikidata.org/entity/Q12875668,0,1787,,40.68777778,22.13666667
GRC,Grécia,Q3494031,http://www.wikidata.org/entity/Q1231770,0,2373,,39.860948,22.476245
GRC,Grécia,Q3495345,http://www.wikidata.org/entity/Q1979895,0,1180,,40.38055556,23.925
GRC,Grécia,Q3524772,http://www.wikidata.org/entity/Q12875678,0,381,,38.2575,22.969166666667
GRC,Grécia,Q3539555,http://www.wikidata.org/entity/Q170054,0,48568,,37.53386,22.34531
GRC,Grécia,Q3541077,http://www.wikidata.org/entity/Q3595078,0,600,,40.375,22.4
GRC,Grécia,Q3541086,http://www.wikidata.org/entity/Q3595078,0,470,,40.35,22.36666667
GRC,Grécia,Q3541091,http://www.wikidata.org/entity/Q3595078,0,378,,40.29166667,22.43333333
GRC,Grécia,Q3541112,http://www.wikidata.org/entity/Q3595078,0,516,,40.2654,22.3966
GRC,Grécia,Q3554821,http://www.wikidata.org/entity/Q1021606,0,1392,,38.4291,22.4417
GRC,Grécia,Q3394308,http://www.wikidata.org/entity/Q3567837,0,2250,,40.571944444444,23.288888888889
GRC,Grécia,Q3394779,http://www.wikidata.org/entity/Q2192371,0,3542,,40.73222222,22.60194444
GRC,Grécia,Q3394904,http://www.wikidata.org/entity/Q2015968,0,158,,40.8683,22.959
GRC,Grécia,Q3394910,http://www.wikidata.org/entity/Q2015968,0,391,,41.01666667,22.81666667
GRC,Grécia,Q3396866,http://www.wikidata.org/entity/Q12873422,0,728,,40.99861111,22.17222222
GRC,Grécia,Q3399479,http://www.wikidata.org/entity/Q2016006,0,1063,,41.084166666667,23.709444444444
GRC,Grécia,Q3400478,http://www.wikidata.org/entity/Q2016016,0,6420,,40.6875,22.305277777778
GRC,Grécia,Q3400642,http://www.wikidata.org/entity/Q2708275,0,538,,41.024722222222,23.363333333333
GRC,Grécia,Q3401200,http://www.wikidata.org/entity/Q2538156,0,265,,41.122222222222,22.511111111111
GRC,Grécia,Q3401670,http://www.wikidata.org/entity/Q21468991,0,179,,40.42994,21.26076
GRC,Grécia,Q3401746,http://www.wikidata.org/entity/Q2015968,0,153,,41.11138889,23.05888889
GRC,Grécia,Q3403313,http://www.wikidata.org/entity/Q735845,0,840,,40.669722222222,21.833888888889
GRC,Grécia,Q3407096,http://www.wikidata.org/entity/Q12873422,0,110,,40.916388888889,21.9275
GRC,Grécia,Q3407501,http://www.wikidata.org/entity/Q1990863,0,1032,,40.945833333333,24.210833333333
GRC,Grécia,Q3408293,http://www.wikidata.org/entity/Q3556641,0,360,,40.582222222222,21.143333333333
GRC,Grécia,Q3560255,http://www.wikidata.org/entity/Q15243882,0,718,,37.69333333,21.40833333
GRC,Grécia,Q3560280,http://www.wikidata.org/entity/Q12875753,0,553,,38.321388888889,21.852222222222
GRC,Grécia,Q3560286,http://www.wikidata.org/entity/Q12875675,0,5600,,39.7,19.81666667
GRC,Grécia,Q3560295,http://www.wikidata.org/entity/Q9386001,0,2746,,39.73333333,20.96666667
GRC,Grécia,Q3560298,http://www.wikidata.org/entity/Q12875675,0,2519,,39.7581,19.9136
GRC,Grécia,Q3560310,http://www.wikidata.org/entity/Q12875676,0,9900,,39.61666667,20.9
GRC,Grécia,Q3560315,http://www.wikidata.org/entity/Q2001120,0,7840,,38.2349,21.9881
GRC,Grécia,Q3560337,http://www.wikidata.org/entity/Q2265340,0,3352,,39.4,20.78333333
GRC,Grécia,Q3560594,http://www.wikidata.org/entity/Q21464824,0,57,,40.2583,22.1433
GRC,Grécia,Q3560602,http://www.wikidata.org/entity/Q2015968,0,251,,40.910886111111,22.9949
GRC,Grécia,Q3560611,http://www.wikidata.org/entity/Q2015968,0,189,,40.89897,22.9824
GRC,Grécia,Q3560628,http://www.wikidata.org/entity/Q2015968,0,451,,40.830833333333,22.8925
GRC,Grécia,Q3560639,http://www.wikidata.org/entity/Q3567837,0,634,,40.59416667,23.18333333
GRC,Grécia,Q3560699,http://www.wikidata.org/entity/Q14491878,0,106,,37.7825,22.720277777778
GRC,Grécia,Q3561400,http://www.wikidata.org/entity/Q2266175,0,476,,39.502222222222,21.538333333333
GRC,Grécia,Q3561434,http://www.wikidata.org/entity/Q2192371,0,3211,,40.7325,22.693611111111
GRC,Grécia,Q3562056,http://www.wikidata.org/entity/Q1521832,0,1101,,40.425,23.52166667
GRC,Grécia,Q3562068,http://www.wikidata.org/entity/Q1810375,0,514,,41.302222222222,23.848888888889
GRC,Grécia,Q3562263,http://www.wikidata.org/entity/Q16058312,0,302,,41.66666667,26.46666667
GRC,Grécia,Q3564005,http://www.wikidata.org/entity/Q1521832,0,3212,,40.294444444444,23.543333333333
GRC,Grécia,Q3565485,http://www.wikidata.org/entity/Q2520681,0,1045,,39.31083333,26.22
GRC,Grécia,Q3565702,http://www.wikidata.org/entity/Q1493246,0,139,,36.24282,22.94512
GRC,Grécia,Q3606024,http://www.wikidata.org/entity/Q3595078,0,2545,,40.275,22.54166667
GRC,Grécia,Q3607229,http://www.wikidata.org/entity/Q2266175,0,3505,,39.5,21.51666667
GRC,Grécia,Q3618454,http://www.wikidata.org/entity/Q12875668,0,7505,,40.63333333,22.13333333
GRC,Grécia,Q3618701,http://www.wikidata.org/entity/Q15967005,0,5062,,40.6,22.33333333
GRC,Grécia,Q3620770,http://www.wikidata.org/entity/Q12875641,0,8624,,40.55,22.25
GRC,Grécia,Q3623495,http://www.wikidata.org/entity/Q16058312,0,615,,41.68333333,26.15
GRC,Grécia,Q3623651,http://www.wikidata.org/entity/Q16005641,0,529,,37.88277778,22.01694444
GRC,Grécia,Q3656315,http://www.wikidata.org/entity/Q3560056,0,270,,40.13335,21.87105556
GRC,Grécia,Q3656317,http://www.wikidata.org/entity/Q3595078,0,320,,40.24,22.584
GRC,Grécia,Q3656320,http://www.wikidata.org/entity/Q3560056,0,383,,40.20241389,21.75272222
GRC,Grécia,Q3658745,http://www.wikidata.org/entity/Q3659144,0,207,,41.294166666667,26.189722222222
GRC,Grécia,Q3659055,http://www.wikidata.org/entity/Q2479030,0,53,,40.262,21.41
GRC,Grécia,Q3804493,http://www.wikidata.org/entity/Q12875687,0,4805,,39.2,21.8
GRC,Grécia,Q3812723,http://www.wikidata.org/entity/Q12875769,0,2961,,40.0379,21.8488
GRC,Grécia,Q3813820,http://www.wikidata.org/entity/Q2321253,0,1524,,38.05,21.35
GRC,Grécia,Q3817161,http://www.wikidata.org/entity/Q2015968,0,7806,,41.03333333,22.93333333
GRC,Grécia,Q3854216,http://www.wikidata.org/entity/Q15967005,0,3172,,40.51666667,22.4
GRC,Grécia,Q4692608,http://www.wikidata.org/entity/Q1406069,0,305,,41.04,24.783
GRC,Grécia,Q4692609,http://www.wikidata.org/entity/Q3560056,0,189,,40.378,21.989
GRC,Grécia,Q3564011,http://www.wikidata.org/entity/Q1248046,0,3055,,38.03333333,23.9
GRC,Grécia,Q3564009,http://www.wikidata.org/entity/Q64865001,0,2107,,39.646,19.85
GRC,Grécia,Q3564028,http://www.wikidata.org/entity/Q10803016,0,3659,,40.781111111111,22.958888888889
GRC,Grécia,Q3564718,http://www.wikidata.org/entity/Q16330051,0,351,,39.093333333333,20.701666666667
GRC,Grécia,Q3564724,http://www.wikidata.org/entity/Q1812290,0,22,,38.7499,20.6804
GRC,Grécia,Q3564782,http://www.wikidata.org/entity/Q125128669,0,684,,37.18333333,22.2
GRC,Grécia,Q3564786,http://www.wikidata.org/entity/Q2634231,0,699,,39.10833333,21.07833333
GRC,Grécia,Q3564792,http://www.wikidata.org/entity/Q1812290,0,191,,38.6894,20.6462
GRC,Grécia,Q3565453,http://www.wikidata.org/entity/Q16332439,0,181,,39.6106,20.5874
GRC,Grécia,Q3565468,http://www.wikidata.org/entity/Q2016016,0,1619,,40.765277777778,22.491666666667
GRC,Grécia,Q3565476,http://www.wikidata.org/entity/Q3567837,0,991,,40.815,23.27916667
GRC,Grécia,Q3554923,http://www.wikidata.org/entity/Q3560056,0,1266,,40.410555555556,21.761944444444
GRC,Grécia,Q3555652,http://www.wikidata.org/entity/Q9355456,0,907,,38.2131,23.5526
GRC,Grécia,Q3555876,http://www.wikidata.org/entity/Q3595078,0,1541,,40.29166667,22.28333333
GRC,Grécia,Q3556079,http://www.wikidata.org/entity/Q3042287,0,1426,,37.7934,22.8014
GRC,Grécia,Q3556100,http://www.wikidata.org/entity/Q2460901,0,1303,,38.7,20.95
GRC,Grécia,Q3556107,http://www.wikidata.org/entity/Q1938296,0,1101,,37.767222222222,21.339444444444
GRC,Grécia,Q3557942,http://www.wikidata.org/entity/Q211319,0,80172,,41.13093,23.54439
GRC,Grécia,Q3559515,http://www.wikidata.org/entity/Q12875637,0,4241,,39.45,21.0
GRC,Grécia,Q3559710,http://www.wikidata.org/entity/Q209385,0,33392,,40.0456,21.36452
GRC,Grécia,Q3559728,http://www.wikidata.org/entity/Q649484,0,21498,,40.80757,22.16946
GRC,Grécia,Q3560020,http://www.wikidata.org/entity/Q81045,0,2194,,39.9875,23.613611111111
GRC,Grécia,Q3560056,http://www.wikidata.org/entity/Q211732,0,75388,,40.3236,21.834
GRC,Grécia,Q3560107,http://www.wikidata.org/entity/Q12875753,0,721,,38.17229,21.67974
GRC,Grécia,Q3560116,http://www.wikidata.org/entity/Q3332789,0,218,,37.31666667,22.18333333
GRC,Grécia,Q3560128,http://www.wikidata.org/entity/Q12875663,0,697,,37.76666667,20.91666667
GRC,Grécia,Q3560247,http://www.wikidata.org/entity/Q2194495,0,230,,38.108,21.5027
GRC,Grécia,Q4692614,http://www.wikidata.org/entity/Q2510273,0,358,,39.41666667,23.15
GRC,Grécia,Q4692613,http://www.wikidata.org/entity/Q3560056,0,1031,,40.41484167,21.92699444
GRC,Grécia,Q4692624,http://www.wikidata.org/entity/Q1192028,0,459,,37.167,22.026
GRC,Grécia,Q4692635,http://www.wikidata.org/entity/Q1938296,0,413,,37.885,21.453888888889
GRC,Grécia,Q4701550,http://www.wikidata.org/entity/Q394026,0,515,,35.166666666667,24.583333333333
GRC,Grécia,Q4701562,http://www.wikidata.org/entity/Q125128721,0,197,,37.643,22.687
GRC,Grécia,Q4790136,http://www.wikidata.org/entity/Q2419494,0,3529,,37.5708,22.8303
GRC,Grécia,Q4791019,http://www.wikidata.org/entity/Q378335,0,426,,37.13333333,21.96666667
GRC,Grécia,Q4794389,http://www.wikidata.org/entity/Q992450,0,657,,36.878055555556,22.415
GRC,Grécia,Q4796564,http://www.wikidata.org/entity/Q378335,0,436,,37.167222222222,21.923888888889
GRC,Grécia,Q4806989,http://www.wikidata.org/entity/Q3557808,0,497,,41.40165,26.56233
GRC,Grécia,Q3395633,http://www.wikidata.org/entity/Q735845,0,452,,40.498055555556,21.850277777778
GRC,Grécia,Q3395644,http://www.wikidata.org/entity/Q3558683,0,60,,40.86,21.368611111111
GRC,Grécia,Q3395652,http://www.wikidata.org/entity/Q2479030,0,102,,40.18,21.590833333333
GRC,Grécia,Q3395682,http://www.wikidata.org/entity/Q2015968,0,474,,40.9919,22.7719
GRC,Grécia,Q3395687,http://www.wikidata.org/entity/Q2479030,0,112,,40.169,21.221
GRC,Grécia,Q3395714,http://www.wikidata.org/entity/Q2015968,0,213,,40.881,22.945
GRC,Grécia,Q3395935,http://www.wikidata.org/entity/Q2538156,0,1796,,40.8675,22.58277778
GRC,Grécia,Q3395942,http://www.wikidata.org/entity/Q1990863,0,2407,,40.94888889,24.14166667
GRC,Grécia,Q3395982,http://www.wikidata.org/entity/Q3559728,0,1120,,40.85777778,22.21222222
GRC,Grécia,Q3396000,http://www.wikidata.org/entity/Q2479030,0,2052,,40.319722222222,21.551944444444
GRC,Grécia,Q3396792,http://www.wikidata.org/entity/Q3556641,0,101,,40.703333333333,21.264444444444
GRC,Grécia,Q3396812,http://www.wikidata.org/entity/Q2192371,0,3050,,40.751666666667,22.769166666667
GRC,Grécia,Q3396823,http://www.wikidata.org/entity/Q12875641,0,268,,40.5516,22.0258
GRC,Grécia,Q3396834,http://www.wikidata.org/entity/Q3557736,0,991,,40.786666666667,21.688888888889
GRC,Grécia,Q3396853,http://www.wikidata.org/entity/Q12275550,0,255,,40.8575,22.045
GRC,Grécia,Q3401530,http://www.wikidata.org/entity/Q2015968,0,581,,40.99295833,22.92838611
GRC,Grécia,Q2707703,http://www.wikidata.org/entity/Q2015968,0,164,,41.177777777778,22.761111111111
GRC,Grécia,Q3160662,http://www.wikidata.org/entity/Q2479030,0,2340,,40.312777777778,21.387777777778
GRC,Grécia,Q3161387,http://www.wikidata.org/entity/Q3949542,0,681,,36.34166667,25.45444444
GRC,Grécia,Q3161418,http://www.wikidata.org/entity/Q980686,0,172,,39.343056,23.085278
GRC,Grécia,Q3163872,http://www.wikidata.org/entity/Q644192,0,182,,39.950833333333,25.168888888889
GRC,Grécia,Q3164014,http://www.wikidata.org/entity/Q2061140,0,581,,39.283333333333,22.05
GRC,Grécia,Q3394359,http://www.wikidata.org/entity/Q2015968,0,1155,,40.858055555556,22.876111111111
GRC,Grécia,Q3394356,http://www.wikidata.org/entity/Q2016016,0,2060,,40.75527778,22.27777778
GRC,Grécia,Q3394696,http://www.wikidata.org/entity/Q735845,0,954,,40.545,21.74833333
GRC,Grécia,Q3394700,http://www.wikidata.org/entity/Q2479030,0,1299,,40.3425,21.511111111111
GRC,Grécia,Q3395612,http://www.wikidata.org/entity/Q2479030,0,57,,40.307,21.232
GRC,Grécia,Q3395617,http://www.wikidata.org/entity/Q2015637,0,383,,39.954722222222,21.73
GRC,Grécia,Q3401757,http://www.wikidata.org/entity/Q2015968,0,246,,41.10445,22.92270556
GRC,Grécia,Q3401764,http://www.wikidata.org/entity/Q2015968,0,393,,40.94972222,22.74527778
GRC,Grécia,Q3401830,http://www.wikidata.org/entity/Q3559710,0,39,,40.148333333333,21.209722222222
GRC,Grécia,Q3401838,http://www.wikidata.org/entity/Q2479030,0,124,,40.193,21.232
GRC,Grécia,Q3401846,http://www.wikidata.org/entity/Q2015968,0,986,,41.1665646,22.7996139
GRC,Grécia,Q3401854,http://www.wikidata.org/entity/Q735845,0,36,,40.475,21.81944444
GRC,Grécia,Q3403406,http://www.wikidata.org/entity/Q1810375,0,220,,41.411666666667,23.8275
GRC,Grécia,Q3403449,http://www.wikidata.org/entity/Q3567837,0,1993,,40.7183,23.045
GRC,Grécia,Q3405195,http://www.wikidata.org/entity/Q3556641,0,35,,40.59361111,21.36527778
GRC,Grécia,Q3405207,http://www.wikidata.org/entity/Q3567837,0,239,,40.8883,23.18
GRC,Grécia,Q3405215,http://www.wikidata.org/entity/Q933783,0,28,,40.36,21.18777778
GRC,Grécia,Q3405757,http://www.wikidata.org/entity/Q3556641,0,153,,40.59388889,21.27194444
GRC,Grécia,Q3405866,http://www.wikidata.org/entity/Q12875668,0,1124,,40.65111111,22.16527778
GRC,Grécia,Q2698815,http://www.wikidata.org/entity/Q43497,0,10492,,38.140708,23.858525
GRC,Grécia,Q2706322,http://www.wikidata.org/entity/Q2321253,0,3401,,37.937691,21.262859
GRC,Grécia,Q2706330,http://www.wikidata.org/entity/Q515576,0,17568,,37.94666667,23.625
GRC,Grécia,Q2706431,http://www.wikidata.org/entity/Q3557942,0,406,,41.3,23.683333333333
GRC,Grécia,Q2706465,http://www.wikidata.org/entity/Q2532139,0,2680,,41.063333333333,23.958055555556
GRC,Grécia,Q2707383,http://www.wikidata.org/entity/Q16330051,0,2152,,39.16666667,20.75
GRC,Grécia,Q3557719,http://www.wikidata.org/entity/Q2479030,0,56,,40.253888888889,21.207777777778
GRC,Grécia,Q3557736,http://www.wikidata.org/entity/Q19890743,0,20051,,40.67528,21.63479
GRC,Grécia,Q3558055,http://www.wikidata.org/entity/Q666901,0,520,,38.85,22.86666667
GRC,Grécia,Q3558064,http://www.wikidata.org/entity/Q2510273,0,573,,39.388122222222,23.172966666667
GRC,Grécia,Q3558195,http://www.wikidata.org/entity/Q2190110,0,4672,,40.64093,22.85781
GRC,Grécia,Q3558202,http://www.wikidata.org/entity/Q3557808,0,1394,,41.451297,26.461883
GRC,Grécia,Q3558209,http://www.wikidata.org/entity/Q3560056,0,1293,,40.231,21.749
GRC,Grécia,Q3558218,http://www.wikidata.org/entity/Q16058312,0,1482,,41.6456,26.4754
GRC,Grécia,Q3558261,http://www.wikidata.org/entity/Q1690590,0,5323,,38.4167,26.1333
GRC,Grécia,Q3558269,http://www.wikidata.org/entity/Q675347,0,730,,38.3027,24.1919
GRC,Grécia,Q3558278,http://www.wikidata.org/entity/Q1235623,0,2530,,38.38833333,22.65333333
GRC,Grécia,Q3558668,http://www.wikidata.org/entity/Q2636821,0,367,,41.33705556,25.05138889
GRC,Grécia,Q3558683,http://www.wikidata.org/entity/Q19890743,0,33748,,40.8014,21.48495
GRC,Grécia,Q3558743,http://www.wikidata.org/entity/Q1990863,0,1711,,40.92611111,24.29833333
GRC,Grécia,Q3558787,http://www.wikidata.org/entity/Q12875697,0,593,,41.143611111111,25.533055555556
GRC,Grécia,Q3405878,http://www.wikidata.org/entity/Q2532139,0,448,,41.058,23.873
GRC,Grécia,Q3405888,http://www.wikidata.org/entity/Q12873422,0,881,,41.02888889,22.07916667
GRC,Grécia,Q3405899,http://www.wikidata.org/entity/Q12875641,0,709,,40.56325,22.10968
GRC,Grécia,Q3503850,http://www.wikidata.org/entity/Q25161986,0,3284,,38.01,23.6
GRC,Grécia,Q3541099,http://www.wikidata.org/entity/Q3595078,0,3134,,40.275,22.575
GRC,Grécia,Q3541104,http://www.wikidata.org/entity/Q3595078,0,864,,40.15833333,22.23333333
GRC,Grécia,Q3546413,http://www.wikidata.org/entity/Q10803107,0,875,,35.198333333333,25.49
GRC,Grécia,Q3554945,http://www.wikidata.org/entity/Q14491878,0,757,,37.82167,22.75
GRC,Grécia,Q3555045,http://www.wikidata.org/entity/Q2634089,0,9907,,38.0102,22.7493
GRC,Grécia,Q3555215,http://www.wikidata.org/entity/Q81045,0,948,,40.00017,23.57564
GRC,Grécia,Q3555526,http://www.wikidata.org/entity/Q616733,0,2272,,37.325,23.142
GRC,Grécia,Q3556127,http://www.wikidata.org/entity/Q2197210,0,1073,,38.13341,22.42405
GRC,Grécia,Q3557705,http://www.wikidata.org/entity/Q2479030,0,38,,40.277777777778,21.171111111111
GRC,Grécia,Q5302276,http://www.wikidata.org/entity/Q1938296,0,968,,37.742222222222,21.330833333333
GRC,Grécia,Q3563681,http://www.wikidata.org/entity/Q2271587,0,415,,37.86666667,21.3
GRC,Grécia,Q3563689,http://www.wikidata.org/entity/Q2001120,0,323,,38.15,22.13333333
GRC,Grécia,Q3564019,http://www.wikidata.org/entity/Q3558377,0,807,,35.03972222,25.95416667
GRC,Grécia,Q3564024,http://www.wikidata.org/entity/Q3595078,0,1061,,40.27194444,22.48111111
GRC,Grécia,Q3564033,http://www.wikidata.org/entity/Q2182103,0,2060,,39.484166666667,21.846388888889
GRC,Grécia,Q3564039,http://www.wikidata.org/entity/Q3042287,0,2214,,37.794166666667,23.052777777778
GRC,Grécia,Q3564366,http://www.wikidata.org/entity/Q2194495,0,6296,,38.0316,21.617
GRC,Grécia,Q3564454,http://www.wikidata.org/entity/Q1021606,0,2148,,38.63333333,22.51666667
GRC,Grécia,Q3564469,http://www.wikidata.org/entity/Q12875662,0,3168,,35.2,25.01666667
GRC,Grécia,Q3564481,http://www.wikidata.org/entity/Q2194495,0,7306,,38.1,21.41666667
GRC,Grécia,Q3564487,http://www.wikidata.org/entity/Q2194495,0,6192,,38.1,21.46666667
GRC,Grécia,Q3564748,http://www.wikidata.org/entity/Q2194495,0,589,,38.14115,21.48047
GRC,Grécia,Q3564754,http://www.wikidata.org/entity/Q2194495,0,445,,38.16666667,21.41666667
GRC,Grécia,Q3564759,http://www.wikidata.org/entity/Q1767902,0,347,,38.56333333,22.75333333
GRC,Grécia,Q3564771,http://www.wikidata.org/entity/Q2266175,0,457,,39.47382,21.32477
GRC,Grécia,Q3564776,http://www.wikidata.org/entity/Q2182103,0,83,,39.399,21.634
GRC,Grécia,Q3720429,http://www.wikidata.org/entity/Q21623898,0,7113,,37.74667,23.4275
GRC,Grécia,Q3739328,http://www.wikidata.org/entity/Q3595078,0,703,,40.325,22.53333333
GRC,Grécia,Q3558797,http://www.wikidata.org/entity/Q2538156,0,12,,41.03333333,22.6
GRC,Grécia,Q3559459,http://www.wikidata.org/entity/Q3539555,0,1983,,37.4833,22.2833
GRC,Grécia,Q3559467,http://www.wikidata.org/entity/Q378335,0,3174,,37.08333333,21.83333333
GRC,Grécia,Q3559483,http://www.wikidata.org/entity/Q12875663,0,2413,,37.86666667,20.66666667
GRC,Grécia,Q3560143,http://www.wikidata.org/entity/Q2182103,0,140,,39.357,21.596
GRC,Grécia,Q3560156,http://www.wikidata.org/entity/Q3085362,0,631,,37.52007,22.07042
GRC,Grécia,Q3560215,http://www.wikidata.org/entity/Q3332789,0,516,,37.3667,21.9833
GRC,Grécia,Q3560233,http://www.wikidata.org/entity/Q12875753,0,716,,38.15,21.623055555556
GRC,Grécia,Q3560241,http://www.wikidata.org/entity/Q12875753,0,493,,38.155555555556,21.6475
GRC,Grécia,Q3560364,http://www.wikidata.org/entity/Q12875675,0,5408,,39.48333333,19.9
GRC,Grécia,Q3560374,http://www.wikidata.org/entity/Q1228835,0,2368,,37.76666667,24.93333333
GRC,Grécia,Q3560409,http://www.wikidata.org/entity/Q1383135,0,794,,37.39,24.886944444444
GRC,Grécia,Q3560574,http://www.wikidata.org/entity/Q2484671,0,100,,40.0262,22.5873
GRC,Grécia,Q3563650,http://www.wikidata.org/entity/Q16005641,0,86,,37.933888888889,21.991944444444
GRC,Grécia,Q3563656,http://www.wikidata.org/entity/Q1235563,0,300,,38.5583,22.025
GRC,Grécia,Q3563674,http://www.wikidata.org/entity/Q3085362,0,390,,37.590451,22.024093
GRC,Grécia,Q3739344,http://www.wikidata.org/entity/Q3595078,0,445,,40.26666667,22.425
GRC,Grécia,Q3740094,http://www.wikidata.org/entity/Q3595078,0,239,,40.31666667,22.35
GRC,Grécia,Q3740102,http://www.wikidata.org/entity/Q3595078,0,675,,40.3667,22.4583
GRC,Grécia,Q3949542,http://www.wikidata.org/entity/Q763524,0,15550,,36.410222,25.405556
GRC,Grécia,Q3960162,http://www.wikidata.org/entity/Q208606,0,58944,,41.366667,24.233333
GRC,Grécia,Q4120003,http://www.wikidata.org/entity/Q2207213,0,1199,,37.58333333,21.58333333
GRC,Grécia,Q4152343,http://www.wikidata.org/entity/Q2277305,0,4091,,37.853,23.842
GRC,Grécia,Q4153144,http://www.wikidata.org/entity/Q12875720,0,653,,38.03916667,23.16527778
GRC,Grécia,Q4153152,http://www.wikidata.org/entity/Q2277305,0,1624,,37.93583333,23.85611111
GRC,Grécia,Q4692615,http://www.wikidata.org/entity/Q12875663,0,531,,37.8,20.8
GRC,Grécia,Q4784439,http://www.wikidata.org/entity/Q2418592,0,1158,,41.07972,25.55
GRC,Grécia,Q4952855,http://www.wikidata.org/entity/Q2634089,0,581,,37.915,22.60833333
GRC,Grécia,Q5208354,http://www.wikidata.org/entity/Q1938296,0,515,,37.861388888889,21.428055555556
GRC,Grécia,Q5208352,http://www.wikidata.org/entity/Q2219845,0,251,,38.42147,21.86704
GRC,Grécia,Q5208353,http://www.wikidata.org/entity/Q3539555,0,439,,37.3599,22.2795
GRC,Grécia,Q5208362,http://www.wikidata.org/entity/Q12284239,0,334,,41.219,24.673
GRC,Grécia,Q5226810,http://www.wikidata.org/entity/Q2015637,0,210,,39.881111111111,21.816666666667
GRC,Grécia,Q2712158,http://www.wikidata.org/entity/Q210487,0,15290,,35.383333333333,24.2
GRC,Grécia,Q2712273,http://www.wikidata.org/entity/Q29961973,0,3459,,41.05,24.18333333
GRC,Grécia,Q2882540,http://www.wikidata.org/entity/Q3557942,0,95,,41.201361111111,23.620611111111
GRC,Grécia,Q3154319,http://www.wikidata.org/entity/Q12282294,0,2724,,40.962777777778,24.359166666667
GRC,Grécia,Q3229012,http://www.wikidata.org/entity/Q12875668,0,1021,,40.65361111,22.11833333
GRC,Grécia,Q3252409,http://www.wikidata.org/entity/Q1063649,0,19534,,37.666666666667,21.666666666667
GRC,Grécia,Q3304722,http://www.wikidata.org/entity/Q919723,0,1089,,37.882222222222,21.683888888889
GRC,Grécia,Q3384400,http://www.wikidata.org/entity/Q3560056,0,215,,40.328,21.743
GRC,Grécia,Q3393100,http://www.wikidata.org/entity/Q2658714,0,858,,40.743333333333,23.588333333333
GRC,Grécia,Q3393186,http://www.wikidata.org/entity/Q933783,0,927,,40.413611111111,21.378888888889
GRC,Grécia,Q3395739,http://www.wikidata.org/entity/Q21469211,0,67,,40.6975,21.398055555556
GRC,Grécia,Q3395746,http://www.wikidata.org/entity/Q2479030,0,117,,40.308333333333,21.129444444444
GRC,Grécia,Q3395910,http://www.wikidata.org/entity/Q2181952,0,133,,40.758888888889,21.207222222222
GRC,Grécia,Q3395916,http://www.wikidata.org/entity/Q3558683,0,476,,40.795,21.58833333
GRC,Grécia,Q3395951,http://www.wikidata.org/entity/Q2532082,0,2421,,40.34694444,23.31111111
GRC,Grécia,Q3395964,http://www.wikidata.org/entity/Q2192371,0,8104,,40.779166666667,22.576666666667
GRC,Grécia,Q3396008,http://www.wikidata.org/entity/Q2016016,0,1458,,40.84305556,22.30333333
GRC,Grécia,Q3396037,http://www.wikidata.org/entity/Q2538156,0,914,,40.901111111111,22.630277777778
GRC,Grécia,Q3396713,http://www.wikidata.org/entity/Q12873422,0,357,,40.91583333,21.9525
GRC,Grécia,Q3396723,http://www.wikidata.org/entity/Q3558683,0,350,,40.8267,21.5
GRC,Grécia,Q3396733,http://www.wikidata.org/entity/Q2192371,0,2337,,40.769444444444,22.708888888889
GRC,Grécia,Q3396755,http://www.wikidata.org/entity/Q12275550,0,486,,40.845,21.95666667
GRC,Grécia,Q3396888,http://www.wikidata.org/entity/Q3557942,0,990,,41.10833333,23.3325
GRC,Grécia,Q3399404,http://www.wikidata.org/entity/Q12873422,0,1834,,41.024994,22.004584
GRC,Grécia,Q3399414,http://www.wikidata.org/entity/Q2532139,0,2530,,41.03027778,23.82861111
GRC,Grécia,Q3399421,http://www.wikidata.org/entity/Q2708275,0,3874,,41.18305556,23.28194444
GRC,Grécia,Q3401501,http://www.wikidata.org/entity/Q1521832,0,402,,40.5,23.42888889
GRC,Grécia,Q3401538,http://www.wikidata.org/entity/Q1979895,0,911,,40.5275,23.76222222
GRC,Grécia,Q3401563,http://www.wikidata.org/entity/Q2015968,0,456,,41.06228,22.7316
GRC,Grécia,Q3401567,http://www.wikidata.org/entity/Q2538156,0,833,,41.009722222222,22.663333333333
GRC,Grécia,Q3401574,http://www.wikidata.org/entity/Q1521832,0,503,,40.55833333,23.47444444
GRC,Grécia,Q3401579,http://www.wikidata.org/entity/Q1521832,0,554,,40.425277777778,23.323888888889
GRC,Grécia,Q3401650,http://www.wikidata.org/entity/Q2479030,0,197,,40.293888888889,21.137777777778
GRC,Grécia,Q3401656,http://www.wikidata.org/entity/Q2015968,0,169,,41.02277778,22.95888889
GRC,Grécia,Q3401664,http://www.wikidata.org/entity/Q1979895,0,546,,40.39608,23.79547
GRC,Grécia,Q3405794,http://www.wikidata.org/entity/Q12875641,0,96,,40.467777777778,22.083611111111
GRC,Grécia,Q3405809,http://www.wikidata.org/entity/Q12875668,0,954,,40.61694444,22.17694444
GRC,Grécia,Q3405828,http://www.wikidata.org/entity/Q1985961,0,175,,40.9469,23.9237
GRC,Grécia,Q3554576,http://www.wikidata.org/entity/Q567511,0,2319,,35.29083333,24.88083333
GRC,Grécia,Q3555643,http://www.wikidata.org/entity/Q9355456,0,912,,38.2142,23.4961
GRC,Grécia,Q3556146,http://www.wikidata.org/entity/Q1938296,0,1556,,37.819981,21.295298
GRC,Grécia,Q3558234,http://www.wikidata.org/entity/Q12875753,0,6424,,38.19166667,21.73333333
GRC,Grécia,Q3559041,http://www.wikidata.org/entity/Q21130543,0,2241,,39.5,21.78333333
GRC,Grécia,Q3559045,http://www.wikidata.org/entity/Q649278,0,1583,,37.51666667,22.58333333
GRC,Grécia,Q3559048,http://www.wikidata.org/entity/Q2035813,0,557,,39.571666666667,22.910277777778
GRC,Grécia,Q3560179,http://www.wikidata.org/entity/Q12875753,0,481,,38.2981,21.82297
GRC,Grécia,Q3560347,http://www.wikidata.org/entity/Q12875675,0,6797,,39.78333333,19.71666667
GRC,Grécia,Q3560423,http://www.wikidata.org/entity/Q16332439,0,1797,,39.81666667,20.65
GRC,Grécia,Q3560441,http://www.wikidata.org/entity/Q16737939,0,5124,,39.33333333,22.43333333
GRC,Grécia,Q3560586,http://www.wikidata.org/entity/Q488215,0,68,,36.67222222,22.46194444
GRC,Grécia,Q3561846,http://www.wikidata.org/entity/Q2000198,0,616,,41.15944444,24.54888889
GRC,Grécia,Q3561862,http://www.wikidata.org/entity/Q3506552,0,1099,,41.261388888889,23.000555555556
GRC,Grécia,Q3561938,http://www.wikidata.org/entity/Q20379337,0,6,,39.349722222222,24.323888888889
GRC,Grécia,Q3562635,http://www.wikidata.org/entity/Q2015968,0,1118,,41.088916666667,22.7805
GRC,Grécia,Q3562769,http://www.wikidata.org/entity/Q6852960,0,697,,38.947222222222,21.956666666667
GRC,Grécia,Q3563013,http://www.wikidata.org/entity/Q3085362,0,604,,37.6775,22.1266
GRC,Grécia,Q3563026,http://www.wikidata.org/entity/Q1413375,0,180,,39.7,20.31666667
GRC,Grécia,Q3563034,http://www.wikidata.org/entity/Q3252409,0,646,,37.693611111111,21.570555555556
GRC,Grécia,Q3563040,http://www.wikidata.org/entity/Q16332439,0,145,,39.6667,20.5833
GRC,Grécia,Q3563047,http://www.wikidata.org/entity/Q3539555,0,630,,37.3353677,22.490325
GRC,Grécia,Q3563183,http://www.wikidata.org/entity/Q2484671,0,294,,40.163611111111,22.491111111111
GRC,Grécia,Q3563193,http://www.wikidata.org/entity/Q2484671,0,2010,,40.193611111111,22.431944444444
GRC,Grécia,Q3563483,http://www.wikidata.org/entity/Q12899309,0,159,,35.278611,25.267222
GRC,Grécia,Q3563536,http://www.wikidata.org/entity/Q2271587,0,308,,37.886666666667,21.221388888889
GRC,Grécia,Q3563567,http://www.wikidata.org/entity/Q2001120,0,691,,38.199444444444,22.171944444444
GRC,Grécia,Q3563574,http://www.wikidata.org/entity/Q1235563,0,856,,38.359722222222,22.229166666667
GRC,Grécia,Q3563580,http://www.wikidata.org/entity/Q1223695,0,205,,38.2414,23.4185
GRC,Grécia,Q3564015,http://www.wikidata.org/entity/Q2268710,0,696,,40.39166667,22.53333333
GRC,Grécia,Q3564317,http://www.wikidata.org/entity/Q919723,0,667,,38.119355,21.932993
GRC,Grécia,Q3564390,http://www.wikidata.org/entity/Q6856965,0,992,,39.0,21.81666667
GRC,Grécia,Q3564417,http://www.wikidata.org/entity/Q644192,0,527,,39.8942,25.2036
GRC,Grécia,Q3564423,http://www.wikidata.org/entity/Q2620987,0,193,,39.584264,21.122562
GRC,Grécia,Q3565369,http://www.wikidata.org/entity/Q5062051,0,68,,39.87833333,20.67166667
GRC,Grécia,Q3565417,http://www.wikidata.org/entity/Q1269388,0,489,,36.93813,22.20273
GRC,Grécia,Q3567071,http://www.wikidata.org/entity/Q12875676,0,524,,39.61666667,20.96666667
GRC,Grécia,Q3567068,http://www.wikidata.org/entity/Q919723,0,500,,38.03333333,21.8
GRC,Grécia,Q3567077,http://www.wikidata.org/entity/Q9149997,0,27,,38.976666666667,21.386666666667
GRC,Grécia,Q3567083,http://www.wikidata.org/entity/Q2261414,0,1793,,36.99313,22.70372
GRC,Grécia,Q3567080,http://www.wikidata.org/entity/Q11742509,0,26,,39.974473,20.680863
GRC,Grécia,Q3825226,http://www.wikidata.org/entity/Q3567837,0,492,,40.962222222222,23.205
GRC,Grécia,Q3828037,http://www.wikidata.org/entity/Q2207540,0,55,,39.81666667,20.51666667
GRC,Grécia,Q3830794,http://www.wikidata.org/entity/Q1541953,0,7917,,37.1292,26.75989
GRC,Grécia,Q4219503,http://www.wikidata.org/entity/Q1808735,0,462,,39.340833333333,21.677777777778
GRC,Grécia,Q4247297,http://www.wikidata.org/entity/Q1536340,0,356,,37.6325,23.374277777778
GRC,Grécia,Q4253501,http://www.wikidata.org/entity/Q1808735,0,280,,39.270441666667,21.781863888889
GRC,Grécia,Q4692495,http://www.wikidata.org/entity/Q3558377,0,25,,35.026,25.875
GRC,Grécia,Q4692511,http://www.wikidata.org/entity/Q1307389,0,545,,35.404926,25.015266
GRC,Grécia,Q4692508,http://www.wikidata.org/entity/Q81045,0,360,,39.95428,23.60756
GRC,Grécia,Q4692514,http://www.wikidata.org/entity/Q3252409,0,268,,37.86166667,21.64666667
GRC,Grécia,Q4734035,http://www.wikidata.org/entity/Q2712158,0,170,,35.44908056,24.20075556
GRC,Grécia,Q4769824,http://www.wikidata.org/entity/Q16005641,0,317,,38.0,21.91666667
GRC,Grécia,Q4771824,http://www.wikidata.org/entity/Q3332789,0,31,,37.36666667,22.13333333
GRC,Grécia,Q4789951,http://www.wikidata.org/entity/Q13389655,0,232,,38.69027778,21.69944444
GRC,Grécia,Q4853527,http://www.wikidata.org/entity/Q2460901,0,462,,38.66,21.14666667
GRC,Grécia,Q6427390,http://www.wikidata.org/entity/Q125128475,0,1462,,37.286916,22.360716
GRC,Grécia,Q6428311,http://www.wikidata.org/entity/Q18018043,0,415,,37.602,25.144
GRC,Grécia,Q4854083,http://www.wikidata.org/entity/Q2001120,0,387,,38.1,22.33333333
GRC,Grécia,Q5212058,http://www.wikidata.org/entity/Q12875763,0,633,,36.38,28.082
GRC,Grécia,Q5221964,http://www.wikidata.org/entity/Q3539555,0,1190,,37.80833333,22.20166667
GRC,Grécia,Q5415821,http://www.wikidata.org/entity/Q922366,0,628,,36.833055555556,21.769722222222
GRC,Grécia,Q5418530,http://www.wikidata.org/entity/Q12284239,0,1272,,41.105277777778,24.859166666667
GRC,Grécia,Q5548463,http://www.wikidata.org/entity/Q992450,0,1219,,37.188,22.278
GRC,Grécia,Q5548847,http://www.wikidata.org/entity/Q12284239,0,49,,41.19666667,24.82555556
GRC,Grécia,Q5549851,http://www.wikidata.org/entity/Q1625198,0,1013,,35.517,23.876
GRC,Grécia,Q5552400,http://www.wikidata.org/entity/Q488215,0,160,,36.483,22.399
GRC,Grécia,Q6427268,http://www.wikidata.org/entity/Q15243882,0,1242,,37.6874,21.4737
GRC,Grécia,Q3401386,http://www.wikidata.org/entity/Q2532022,0,501,,37.262829,22.684145
GRC,Grécia,Q3401485,http://www.wikidata.org/entity/Q1979895,0,929,,40.5454,23.5906
GRC,Grécia,Q3401490,http://www.wikidata.org/entity/Q2538156,0,164,,41.01,22.49888889
GRC,Grécia,Q3562844,http://www.wikidata.org/entity/Q11799323,0,3117,,38.289722222222,23.824722222222
GRC,Grécia,Q3562878,http://www.wikidata.org/entity/Q11799323,0,915,,38.3022,23.7306
GRC,Grécia,Q3562940,http://www.wikidata.org/entity/Q3557808,0,425,,41.461944444444,26.356111111111
GRC,Grécia,Q3563053,http://www.wikidata.org/entity/Q21470082,0,112,,39.63333333,20.56666667
GRC,Grécia,Q3563105,http://www.wikidata.org/entity/Q2484671,0,2229,,40.1875,22.481944444444
GRC,Grécia,Q3563131,http://www.wikidata.org/entity/Q12875676,0,5180,,39.622777777778,20.8875
GRC,Grécia,Q3563150,http://www.wikidata.org/entity/Q3595078,0,799,,40.30833333,22.5
GRC,Grécia,Q3563164,http://www.wikidata.org/entity/Q12875769,0,148,,40.239722222222,21.966944444444
GRC,Grécia,Q3563174,http://www.wikidata.org/entity/Q2484671,0,40,,39.99194444,22.57166667
GRC,Grécia,Q3563203,http://www.wikidata.org/entity/Q12875769,0,818,,39.981666666667,21.823333333333
GRC,Grécia,Q3563210,http://www.wikidata.org/entity/Q2268710,0,402,,40.4582,22.45173
GRC,Grécia,Q3563218,http://www.wikidata.org/entity/Q3506552,0,699,,41.2167,23.3667
GRC,Grécia,Q3563586,http://www.wikidata.org/entity/Q2321253,0,572,,37.984444444444,21.420833333333
GRC,Grécia,Q3563593,http://www.wikidata.org/entity/Q2271587,0,651,,37.877222222222,21.241388888889
GRC,Grécia,Q3563600,http://www.wikidata.org/entity/Q2194495,0,1257,,38.1,21.6
GRC,Grécia,Q3563608,http://www.wikidata.org/entity/Q2271587,0,637,,37.871666666667,21.271666666667
GRC,Grécia,Q3563614,http://www.wikidata.org/entity/Q769120,0,922,,37.2405,22.8432
GRC,Grécia,Q3563633,http://www.wikidata.org/entity/Q2001120,0,610,,38.21,22.12166667
GRC,Grécia,Q3563703,http://www.wikidata.org/entity/Q1235563,0,337,,38.591944444444,22.053333333333
GRC,Grécia,Q3563764,http://www.wikidata.org/entity/Q2001120,0,451,,38.186944444444,22.184722222222
GRC,Grécia,Q3563773,http://www.wikidata.org/entity/Q1269388,0,65,,36.96666667,22.23333333
GRC,Grécia,Q3563779,http://www.wikidata.org/entity/Q16005641,0,139,,37.87675,21.98229
GRC,Grécia,Q3563788,http://www.wikidata.org/entity/Q16005641,0,184,,37.91666667,21.86666667
GRC,Grécia,Q3563796,http://www.wikidata.org/entity/Q1192028,0,505,,37.1,22.23333333
GRC,Grécia,Q3563806,http://www.wikidata.org/entity/Q16005641,0,87,,37.91666667,21.83333333
GRC,Grécia,Q3563814,http://www.wikidata.org/entity/Q16005641,0,809,,37.9293,21.9036
GRC,Grécia,Q3563823,http://www.wikidata.org/entity/Q1996903,0,728,,39.9775,22.186388888889
GRC,Grécia,Q3563834,http://www.wikidata.org/entity/Q2001120,0,402,,38.136388888889,22.228333333333
GRC,Grécia,Q3563975,http://www.wikidata.org/entity/Q1231795,0,2734,,38.608,22.7141
GRC,Grécia,Q3564894,http://www.wikidata.org/entity/Q2532082,0,487,,40.39703,23.15901
GRC,Grécia,Q3565344,http://www.wikidata.org/entity/Q3567837,0,3591,,40.7233,23.005
GRC,Grécia,Q3565426,http://www.wikidata.org/entity/Q16058312,0,772,,41.4333,26.55
GRC,Grécia,Q3565823,http://www.wikidata.org/entity/Q393980,0,1003,,35.30707,25.5233
GRC,Grécia,Q3565907,http://www.wikidata.org/entity/Q511242,0,117,,37.67166667,26.34916667
GRC,Grécia,Q3566413,http://www.wikidata.org/entity/Q2532082,0,7238,,40.31388889,23.06333333
GRC,Grécia,Q3566812,http://www.wikidata.org/entity/Q21519141,0,1126,,39.183333333333,23.616666666667
GRC,Grécia,Q3566817,http://www.wikidata.org/entity/Q2532082,0,1604,,40.26,23.22
GRC,Grécia,Q3566838,http://www.wikidata.org/entity/Q2192371,0,2269,,40.66666667,22.6
GRC,Grécia,Q3566862,http://www.wikidata.org/entity/Q21144478,0,1012,,39.381944444444,22.973611111111
GRC,Grécia,Q3566906,http://www.wikidata.org/entity/Q1737776,0,408,,38.2,20.51666667
GRC,Grécia,Q3566980,http://www.wikidata.org/entity/Q81045,0,828,,39.95,23.53333333
GRC,Grécia,Q3567837,http://www.wikidata.org/entity/Q210176,0,57049,,40.788,23.1676
GRC,Grécia,Q4152256,http://www.wikidata.org/entity/Q12875721,0,2142,,38.15333333,24.00333333
GRC,Grécia,Q4301479,http://www.wikidata.org/entity/Q12875801,0,10,,35.58437,24.1405
GRC,Grécia,Q4301534,http://www.wikidata.org/entity/Q12875801,0,8,,35.5606,24.1351
GRC,Grécia,Q4448393,http://www.wikidata.org/entity/Q2366186,0,77,,35.287777777778,24.349166666667
GRC,Grécia,Q4500362,http://www.wikidata.org/entity/Q3560056,0,121,,40.2225,21.89638889
GRC,Grécia,Q4673420,http://www.wikidata.org/entity/Q2194495,0,337,,38.123055555556,21.600833333333
GRC,Grécia,Q4692493,http://www.wikidata.org/entity/Q1737776,0,473,,38.30245,20.59671
GRC,Grécia,Q4692499,http://www.wikidata.org/entity/Q16737405,0,37,,40.281,22.114
GRC,Grécia,Q4692502,http://www.wikidata.org/entity/Q3252409,0,192,,37.85,21.76666667
GRC,Grécia,Q4692507,http://www.wikidata.org/entity/Q2271587,0,550,,37.874444444444,21.311111111111
GRC,Grécia,Q4692505,http://www.wikidata.org/entity/Q12875801,0,2005,,35.51666667,23.93333333
GRC,Grécia,Q4692591,http://www.wikidata.org/entity/Q12875663,0,339,,37.78333333,20.78333333
GRC,Grécia,Q4692636,http://www.wikidata.org/entity/Q3558377,0,41,,35.05275,25.846167
GRC,Grécia,Q4692643,http://www.wikidata.org/entity/Q16737235,0,241,,38.96826,26.39296
GRC,Grécia,Q4696822,http://www.wikidata.org/entity/Q1231770,0,690,,39.952777777778,22.611111111111
GRC,Grécia,Q4747703,http://www.wikidata.org/entity/Q3659144,0,637,,41.2974,26.4405
GRC,Grécia,Q4761978,http://www.wikidata.org/entity/Q644192,0,152,,39.896111111111,25.180277777778
GRC,Grécia,Q4769811,http://www.wikidata.org/entity/Q2194495,0,479,,38.105,21.563888888889
GRC,Grécia,Q4769822,http://www.wikidata.org/entity/Q3558377,0,32,,35.047,25.498
GRC,Grécia,Q4769823,http://www.wikidata.org/entity/Q2484671,0,4,,39.9926,22.5332
GRC,Grécia,Q4789721,http://www.wikidata.org/entity/Q1451297,0,64,,35.197832,24.28082
GRC,Grécia,Q4811386,http://www.wikidata.org/entity/Q3252409,0,462,,37.896666666667,21.843888888889
GRC,Grécia,Q4813216,http://www.wikidata.org/entity/Q1021606,0,518,,38.7,22.18333333
GRC,Grécia,Q4827774,http://www.wikidata.org/entity/Q6935302,0,527,,40.93333333,25.91666667
GRC,Grécia,Q5259102,http://www.wikidata.org/entity/Q15243882,0,2682,,37.62666667,21.49333333
GRC,Grécia,Q5298016,http://www.wikidata.org/entity/Q6935302,0,556,,40.866938888889,26.118061111111
GRC,Grécia,Q5302214,http://www.wikidata.org/entity/Q3252409,0,193,,37.71666667,21.7
GRC,Grécia,Q5383509,http://www.wikidata.org/entity/Q2265340,0,320,,39.539363,20.854728
GRC,Grécia,Q6898430,http://www.wikidata.org/entity/Q11742509,0,41,,40.122,20.8068
GRC,Grécia,Q6926142,http://www.wikidata.org/entity/Q2265340,0,539,,39.3966,20.8183
GRC,Grécia,Q6926217,http://www.wikidata.org/entity/Q1737776,0,335,,38.13,20.60666667
GRC,Grécia,Q7124450,http://www.wikidata.org/entity/Q64868574,0,417,,39.70828,19.70211
GRC,Grécia,Q7126567,http://www.wikidata.org/entity/Q2271587,0,465,,37.81666667,21.26666667
GRC,Grécia,Q7126568,http://www.wikidata.org/entity/Q1235548,0,533,,38.92888889,22.73166667
GRC,Grécia,Q7126569,http://www.wikidata.org/entity/Q2620987,0,77,,39.596,21.056
GRC,Grécia,Q5415824,http://www.wikidata.org/entity/Q1231770,0,197,,39.834,22.5166
GRC,Grécia,Q5449286,http://www.wikidata.org/entity/Q2679951,0,5531,,40.69111111,23.00416667
GRC,Grécia,Q5457334,http://www.wikidata.org/entity/Q16737558,0,166,,39.98666667,22.26166667
GRC,Grécia,Q5460982,http://www.wikidata.org/entity/Q2368800,0,75,,35.37811944,23.73148889
GRC,Grécia,Q5464943,http://www.wikidata.org/entity/Q15243882,0,306,,37.74,21.426944444444
GRC,Grécia,Q5609759,http://www.wikidata.org/entity/Q786461,0,1596,,39.631944444444,22.0525
GRC,Grécia,Q5612412,http://www.wikidata.org/entity/Q2207213,0,717,,37.579722222222,21.668888888889
GRC,Grécia,Q5625410,http://www.wikidata.org/entity/Q12875663,0,53,,37.8,20.73333333
GRC,Grécia,Q6077517,http://www.wikidata.org/entity/Q3557808,0,570,,41.363,26.539
GRC,Grécia,Q6078973,http://www.wikidata.org/entity/Q3332789,0,666,,37.3637,22.0137
GRC,Grécia,Q6086050,http://www.wikidata.org/entity/Q919723,0,642,,38.10027778,21.69444444
GRC,Grécia,Q6270508,http://www.wikidata.org/entity/Q1737776,0,155,,38.0833,20.7167
GRC,Grécia,Q6350324,http://www.wikidata.org/entity/Q12875663,0,890,,37.74174,20.90286
GRC,Grécia,Q6350449,http://www.wikidata.org/entity/Q3560056,0,262,,40.312,21.696
GRC,Grécia,Q6350469,http://www.wikidata.org/entity/Q1493246,0,223,,36.15833333,23.02861111
GRC,Grécia,Q6366549,http://www.wikidata.org/entity/Q2321253,0,673,,38.0,21.36666667
GRC,Grécia,Q6377758,http://www.wikidata.org/entity/Q16005641,0,465,,38.007778,21.913056
GRC,Grécia,Q3659144,http://www.wikidata.org/entity/Q19896760,0,15305,,41.18947,26.15592
GRC,Grécia,Q3659157,http://www.wikidata.org/entity/Q4258195,0,1872,,41.0614,24.9624
GRC,Grécia,Q3663640,http://www.wikidata.org/entity/Q12875763,0,687,,35.953541666667,27.768402777778
GRC,Grécia,Q3740106,http://www.wikidata.org/entity/Q3595078,0,1692,,40.24166667,22.38333333
GRC,Grécia,Q3859489,http://www.wikidata.org/entity/Q12875687,0,1473,,39.3396,21.8372
GRC,Grécia,Q3876860,http://www.wikidata.org/entity/Q957192,0,445,,41.167222222222,24.31
GRC,Grécia,Q3897657,http://www.wikidata.org/entity/Q1541953,0,3322,,37.327222,26.541667
GRC,Grécia,Q3898893,http://www.wikidata.org/entity/Q786461,0,3315,,39.56666667,21.88333333
GRC,Grécia,Q3907740,http://www.wikidata.org/entity/Q11799323,0,1385,,38.216666666667,23.866666666667
GRC,Grécia,Q3908531,http://www.wikidata.org/entity/Q631048,0,4259,,37.4842,23.47721
GRC,Grécia,Q3962592,http://www.wikidata.org/entity/Q2708275,0,1525,,41.128055555556,23.380277777778
GRC,Grécia,Q3965390,http://www.wikidata.org/entity/Q21514979,0,1874,,39.1,22.9
GRC,Grécia,Q4008935,http://www.wikidata.org/entity/Q12875669,0,4115,,40.479722222222,23.136944444444
GRC,Grécia,Q4120007,http://www.wikidata.org/entity/Q15961378,0,1235,,38.529166666667,21.532222222222
GRC,Grécia,Q4120009,http://www.wikidata.org/entity/Q3042287,0,1830,,37.8972,22.9281
GRC,Grécia,Q6377757,http://www.wikidata.org/entity/Q693813,0,215,,35.047,25.489
GRC,Grécia,Q6378031,http://www.wikidata.org/entity/Q3332789,0,127,,37.449444444444,22.094444444444
GRC,Grécia,Q6432206,http://www.wikidata.org/entity/Q3042287,0,295,,37.765,23.125
GRC,Grécia,Q6432548,http://www.wikidata.org/entity/Q746040,0,1184,,37.11666667,25.53333333
GRC,Grécia,Q6434600,http://www.wikidata.org/entity/Q3252409,0,747,,37.79,21.748055555556
GRC,Grécia,Q6434670,http://www.wikidata.org/entity/Q1235563,0,187,,38.54055556,22.03194444
GRC,Grécia,Q6440900,http://www.wikidata.org/entity/Q2207540,0,246,,39.9,20.4
GRC,Grécia,Q6450727,http://www.wikidata.org/entity/Q3557808,0,569,,41.37333333,26.38333333
GRC,Grécia,Q6469263,http://www.wikidata.org/entity/Q1192028,0,308,,37.08333333,22.21666667
GRC,Grécia,Q6492314,http://www.wikidata.org/entity/Q11742509,0,50,,40.12916667,20.82083333
GRC,Grécia,Q6624076,http://www.wikidata.org/entity/Q3595078,0,662,,40.35,22.43333333
GRC,Grécia,Q3395692,http://www.wikidata.org/entity/Q2479030,0,59,,40.286,21.148
GRC,Grécia,Q3395697,http://www.wikidata.org/entity/Q3560056,0,1340,,40.34777778,21.82777778
GRC,Grécia,Q3395724,http://www.wikidata.org/entity/Q1990863,0,546,,40.86666667,24.08333333
GRC,Grécia,Q3395731,http://www.wikidata.org/entity/Q2015637,0,708,,39.947222222222,21.618611111111
GRC,Grécia,Q3395958,http://www.wikidata.org/entity/Q3557736,0,1348,,40.68916667,21.62333333
GRC,Grécia,Q3396015,http://www.wikidata.org/entity/Q3567837,0,1878,,40.758055555556,23.134722222222
GRC,Grécia,Q3396022,http://www.wikidata.org/entity/Q3558683,0,1068,,40.80166667,21.46083333
GRC,Grécia,Q3396096,http://www.wikidata.org/entity/Q3556641,0,469,,40.565277777778,21.429166666667
GRC,Grécia,Q3396499,http://www.wikidata.org/entity/Q1810375,0,323,,41.393888888889,24.099166666667
GRC,Grécia,Q3399432,http://www.wikidata.org/entity/Q12875641,0,1492,,40.56111111,22.18472222
GRC,Grécia,Q3399449,http://www.wikidata.org/entity/Q1985961,0,2847,,40.921944444444,23.973055555556
GRC,Grécia,Q3554928,http://www.wikidata.org/entity/Q3659144,0,2118,,41.26666667,26.38333333
GRC,Grécia,Q3562801,http://www.wikidata.org/entity/Q16737779,0,3404,,39.73333333,21.06666667
GRC,Grécia,Q3562826,http://www.wikidata.org/entity/Q3506552,0,6525,,41.26666667,23.3
GRC,Grécia,Q3562866,http://www.wikidata.org/entity/Q2352674,0,2392,,35.13333333,24.93333333
GRC,Grécia,Q3562896,http://www.wikidata.org/entity/Q2352674,0,5010,,35.0,25.06666667
GRC,Grécia,Q3562908,http://www.wikidata.org/entity/Q6856965,0,1216,,38.81666667,21.73333333
GRC,Grécia,Q3562915,http://www.wikidata.org/entity/Q1241397,0,368,,38.9833,21.6833
GRC,Grécia,Q3562923,http://www.wikidata.org/entity/Q6856965,0,1103,,39.060277777778,21.876944444444
GRC,Grécia,Q3562932,http://www.wikidata.org/entity/Q11742509,0,219,,40.2122,20.81
GRC,Grécia,Q3564041,http://www.wikidata.org/entity/Q10803016,0,3406,,40.76576,22.92925
GRC,Grécia,Q3564048,http://www.wikidata.org/entity/Q2634238,0,3023,,40.50003,22.87351
GRC,Grécia,Q3564053,http://www.wikidata.org/entity/Q2268710,0,4264,,40.502222222222,22.542222222222
GRC,Grécia,Q3564731,http://www.wikidata.org/entity/Q3539555,0,567,,37.365555555556,22.26
GRC,Grécia,Q3564735,http://www.wikidata.org/entity/Q919723,0,1285,,38.107568922833,21.783211093606
GRC,Grécia,Q3564740,http://www.wikidata.org/entity/Q3332789,0,320,,37.3167,22.1167
GRC,Grécia,Q3567255,http://www.wikidata.org/entity/Q3560056,0,830,,40.24444444,21.74888889
GRC,Grécia,Q3567264,http://www.wikidata.org/entity/Q735845,0,569,,40.50333333,21.77666667
GRC,Grécia,Q3595078,http://www.wikidata.org/entity/Q19896675,0,85851,,40.278611111111,22.373333333333
GRC,Grécia,Q3605875,http://www.wikidata.org/entity/Q3595078,0,414,,40.275,22.325
GRC,Grécia,Q3650767,http://www.wikidata.org/entity/Q1541953,0,18621,,36.983333,26.983333
GRC,Grécia,Q3658737,http://www.wikidata.org/entity/Q3557808,0,846,,41.373611111111,26.463055555556
GRC,Grécia,Q3659064,http://www.wikidata.org/entity/Q2479030,0,49,,40.171,21.165
GRC,Grécia,Q3659081,http://www.wikidata.org/entity/Q2479030,0,50,,40.2025,21.186666666667
GRC,Grécia,Q3659103,http://www.wikidata.org/entity/Q2479030,0,175,,40.203333333333,21.133055555556
GRC,Grécia,Q3659137,http://www.wikidata.org/entity/Q2479030,0,106,,40.237,21.34765833
GRC,Grécia,Q4163564,http://www.wikidata.org/entity/Q211934,0,20040,,37.88952,23.97636
GRC,Grécia,Q4673958,http://www.wikidata.org/entity/Q762668,0,117,,38.78027778,21.0275
GRC,Grécia,Q4677068,http://www.wikidata.org/entity/Q652551,0,3197,,38.102222222222,23.668888888889
GRC,Grécia,Q4692628,http://www.wikidata.org/entity/Q12875687,0,536,,39.296388888889,21.835833333333
GRC,Grécia,Q4692644,http://www.wikidata.org/entity/Q992450,0,343,,37.22,22.283
GRC,Grécia,Q4692657,http://www.wikidata.org/entity/Q2321253,0,66,,37.961527777778,21.234638888889
GRC,Grécia,Q4692678,http://www.wikidata.org/entity/Q2194495,0,191,,38.122952,21.563245
GRC,Grécia,Q4692679,http://www.wikidata.org/entity/Q21144478,0,526,,39.3423,23.0675
GRC,Grécia,Q4693276,http://www.wikidata.org/entity/Q21519070,0,22,,39.085,23.709
GRC,Grécia,Q4693665,http://www.wikidata.org/entity/Q2520681,0,1019,,39.157777777778,26.061111111111
GRC,Grécia,Q4693843,http://www.wikidata.org/entity/Q3539555,0,170,,37.31207,22.28126
GRC,Grécia,Q4696793,http://www.wikidata.org/entity/Q2479030,0,56,,40.311944444444,21.358888888889
GRC,Grécia,Q4696796,http://www.wikidata.org/entity/Q2061140,0,226,,39.093888888889,21.97
GRC,Grécia,Q4734361,http://www.wikidata.org/entity/Q3560056,0,452,,40.3077,21.6711
GRC,Grécia,Q4739410,http://www.wikidata.org/entity/Q21514986,0,562,,39.167452,22.888103
GRC,Grécia,Q4769813,http://www.wikidata.org/entity/Q12875663,0,215,,37.82095,20.80184
GRC,Grécia,Q4769817,http://www.wikidata.org/entity/Q3560056,0,1529,,40.22719167,21.82942778
GRC,Grécia,Q4769825,http://www.wikidata.org/entity/Q20379364,0,3698,,36.613869444444,27.837719444444
GRC,Grécia,Q4792085,http://www.wikidata.org/entity/Q2194495,0,359,,38.0568,21.5984
GRC,Grécia,Q4797455,http://www.wikidata.org/entity/Q9385573,0,274,,37.530277777778,21.705555555556
GRC,Grécia,Q4801394,http://www.wikidata.org/entity/Q2265340,0,150,,39.49666667,20.68833333
GRC,Grécia,Q4806417,http://www.wikidata.org/entity/Q3595078,0,737,,40.35833333,22.54166667
GRC,Grécia,Q4811963,http://www.wikidata.org/entity/Q3557808,0,434,,41.347777777778,26.361666666667
GRC,Grécia,Q5382040,http://www.wikidata.org/entity/Q1737776,0,25,,38.1575,20.5982
GRC,Grécia,Q5382041,http://www.wikidata.org/entity/Q2368800,0,130,,35.325,23.827
GRC,Grécia,Q7126566,http://www.wikidata.org/entity/Q16737235,0,612,,39.0,26.31666667
GRC,Grécia,Q7126570,http://www.wikidata.org/entity/Q3539555,0,113,,37.398,22.2087
GRC,Grécia,Q5384888,http://www.wikidata.org/entity/Q12284239,0,1,,41.178055555556,24.950555555556
GRC,Grécia,Q5397825,http://www.wikidata.org/entity/Q1493246,0,105,,36.14416667,23.00138889
GRC,Grécia,Q5475842,http://www.wikidata.org/entity/Q2352674,0,197,,34.992,25.026
GRC,Grécia,Q6046820,http://www.wikidata.org/entity/Q2635137,0,643,,41.05,25.499166666667
GRC,Grécia,Q6064174,http://www.wikidata.org/entity/Q25161998,0,2201,,37.64,24.34
GRC,Grécia,Q6346147,http://www.wikidata.org/entity/Q3252409,0,200,,37.687222222222,21.615566666667
GRC,Grécia,Q6350465,http://www.wikidata.org/entity/Q21405951,0,787,,41.011402777778,24.210283333333
GRC,Grécia,Q6350559,http://www.wikidata.org/entity/Q81045,0,674,,39.9747,23.4004
GRC,Grécia,Q6352175,http://www.wikidata.org/entity/Q6856965,0,129,,38.935555555556,21.713333333333
GRC,Grécia,Q6353875,http://www.wikidata.org/entity/Q644192,0,234,,39.902222222222,25.209166666667
GRC,Grécia,Q6353878,http://www.wikidata.org/entity/Q12875663,0,251,,37.811,20.773
GRC,Grécia,Q6355063,http://www.wikidata.org/entity/Q2460862,0,291,,35.05805556,25.22777778
GRC,Grécia,Q6355929,http://www.wikidata.org/entity/Q3332789,0,535,,37.25,22.18333333
GRC,Grécia,Q6420396,http://www.wikidata.org/entity/Q125127711,0,1258,,37.896944444444,22.121944444444
GRC,Grécia,Q6420991,http://www.wikidata.org/entity/Q15243882,0,538,,37.78333333,21.68
GRC,Grécia,Q6426290,http://www.wikidata.org/entity/Q12875663,0,453,,37.74833333,20.77361111
GRC,Grécia,Q6435105,http://www.wikidata.org/entity/Q1462907,0,201,,35.28454,25.323806
GRC,Grécia,Q6436085,http://www.wikidata.org/entity/Q12875769,0,619,,40.19638889,21.95833333
GRC,Grécia,Q6436684,http://www.wikidata.org/entity/Q2261414,0,754,,36.979,22.875
GRC,Grécia,Q6437072,http://www.wikidata.org/entity/Q12875753,0,973,,38.184444444444,21.749166666667
GRC,Grécia,Q6437078,http://www.wikidata.org/entity/Q2194495,0,538,,38.066666666667,21.498888888889
GRC,Grécia,Q6438577,http://www.wikidata.org/entity/Q2431871,0,809,,36.2497,27.8318
GRC,Grécia,Q6528835,http://www.wikidata.org/entity/Q649278,0,2563,,37.55,22.71666667
GRC,Grécia,Q6555285,http://www.wikidata.org/entity/Q125128557,0,296,,37.633,21.856
GRC,Grécia,Q6899842,http://www.wikidata.org/entity/Q1625198,0,22,,35.55055556,23.77666667
GRC,Grécia,Q7101505,http://www.wikidata.org/entity/Q3252409,0,456,,37.870555555556,21.853333333333
GRC,Grécia,Q7122050,http://www.wikidata.org/entity/Q2636821,0,1114,,41.305405555556,24.892819444444
GRC,Grécia,Q6356044,http://www.wikidata.org/entity/Q16330051,0,388,,39.134444444444,20.671666666667
GRC,Grécia,Q6359244,http://www.wikidata.org/entity/Q2712158,0,63,,35.445,24.219
GRC,Grécia,Q6359351,http://www.wikidata.org/entity/Q18018043,0,214,,37.578313,25.148756
GRC,Grécia,Q6361520,http://www.wikidata.org/entity/Q3539555,0,1915,,37.7725,22.379166666667
GRC,Grécia,Q6366577,http://www.wikidata.org/entity/Q9386001,0,67,,39.88833333,20.78
GRC,Grécia,Q6374783,http://www.wikidata.org/entity/Q488215,0,255,,36.84243,22.39989
GRC,Grécia,Q6374784,http://www.wikidata.org/entity/Q12284239,0,14,,41.25,24.694166666667
GRC,Grécia,Q6377745,http://www.wikidata.org/entity/Q1960517,0,434,,37.328055555556,21.931388888889
GRC,Grécia,Q6378021,http://www.wikidata.org/entity/Q15243882,0,422,,37.722,21.417
GRC,Grécia,Q6418387,http://www.wikidata.org/entity/Q488215,0,163,,36.512777777778,22.401944444444
GRC,Grécia,Q6419574,http://www.wikidata.org/entity/Q3252409,0,291,,37.679133333333,21.649038888889
GRC,Grécia,Q2728339,http://www.wikidata.org/entity/Q20379337,0,30,,39.18,23.97
GRC,Grécia,Q3401536,http://www.wikidata.org/entity/Q2708275,0,750,,41.16,23.361388888889
GRC,Grécia,Q3401545,http://www.wikidata.org/entity/Q2643107,0,206,,40.27388889,20.97388889
GRC,Grécia,Q3401553,http://www.wikidata.org/entity/Q2015968,0,150,,40.98138889,22.94416667
GRC,Grécia,Q3561443,http://www.wikidata.org/entity/Q6935302,0,1223,,40.95666667,26.26555556
GRC,Grécia,Q3561452,http://www.wikidata.org/entity/Q21514936,0,2507,,39.18333333,22.73722222
GRC,Grécia,Q3561464,http://www.wikidata.org/entity/Q16058312,0,1513,,41.56666667,26.51666667
GRC,Grécia,Q3561475,http://www.wikidata.org/entity/Q1231770,0,1675,,39.918055555556,22.595555555556
GRC,Grécia,Q3562644,http://www.wikidata.org/entity/Q12875641,0,2944,,40.35,22.21666667
GRC,Grécia,Q3562704,http://www.wikidata.org/entity/Q11742509,0,69,,40.125,20.815
GRC,Grécia,Q3563641,http://www.wikidata.org/entity/Q1192028,0,690,,36.9861,22.15337
GRC,Grécia,Q3563850,http://www.wikidata.org/entity/Q1269388,0,223,,36.95666667,22.16333333
GRC,Grécia,Q3563966,http://www.wikidata.org/entity/Q15243882,0,1102,,37.76181,21.620241
GRC,Grécia,Q3563994,http://www.wikidata.org/entity/Q1231795,0,1217,,38.65,22.8667
GRC,Grécia,Q3564683,http://www.wikidata.org/entity/Q2207540,0,424,,39.9458,20.5333
GRC,Grécia,Q3574535,http://www.wikidata.org/entity/Q16005641,0,154,,38.094166666667,22.163888888889
GRC,Grécia,Q3605943,http://www.wikidata.org/entity/Q1021606,0,477,,38.71666667,22.4
GRC,Grécia,Q3656286,http://www.wikidata.org/entity/Q12875769,0,861,,40.058888888889,21.865833333333
GRC,Grécia,Q3961969,http://www.wikidata.org/entity/Q980686,0,2120,,39.16666667,23.25
GRC,Grécia,Q4315475,http://www.wikidata.org/entity/Q12875641,0,842,,40.587222222222,22.250277777778
GRC,Grécia,Q4342604,http://www.wikidata.org/entity/Q1536340,0,138,,37.626083333333,23.357333333333
GRC,Grécia,Q4357742,http://www.wikidata.org/entity/Q1521832,0,1333,,40.28333333,23.4
GRC,Grécia,Q4670000,http://www.wikidata.org/entity/Q21514830,0,100857,,38.0925,23.7425
GRC,Grécia,Q4692651,http://www.wikidata.org/entity/Q12875731,0,890,,36.476388888889,23.104444444444
GRC,Grécia,Q4692649,http://www.wikidata.org/entity/Q1269388,0,384,,36.825,22.28166667
GRC,Grécia,Q4692652,http://www.wikidata.org/entity/Q12875663,0,30,,37.905555555556,20.705833333333
GRC,Grécia,Q4692658,http://www.wikidata.org/entity/Q2532082,0,577,,40.34166667,23.06166667
GRC,Grécia,Q4692660,http://www.wikidata.org/entity/Q2532022,0,1414,,37.32833333,22.54666667
GRC,Grécia,Q4701568,http://www.wikidata.org/entity/Q3332789,0,558,,37.192178,22.161989
GRC,Grécia,Q4813191,http://www.wikidata.org/entity/Q2634247,0,6662,,39.3667,21.1833
GRC,Grécia,Q4813266,http://www.wikidata.org/entity/Q1812290,0,204,,38.661944444444,20.569444444444
GRC,Grécia,Q4813666,http://www.wikidata.org/entity/Q3539555,0,478,,37.40327,22.24581
GRC,Grécia,Q5071443,http://www.wikidata.org/entity/Q16058312,0,209,,41.51666667,26.3
GRC,Grécia,Q5088002,http://www.wikidata.org/entity/Q2001120,0,157,,38.23333333,22.03333333
GRC,Grécia,Q5276566,http://www.wikidata.org/entity/Q9386001,0,38,,39.787,20.8
GRC,Grécia,Q5276791,http://www.wikidata.org/entity/Q12875628,0,715,,38.225,20.51666667
GRC,Grécia,Q5277165,http://www.wikidata.org/entity/Q1905274,0,237,,39.15,21.15
GRC,Grécia,Q5277365,http://www.wikidata.org/entity/Q2634089,0,599,,38.03106,22.71166
GRC,Grécia,Q5277466,http://www.wikidata.org/entity/Q3085362,0,708,,37.785,21.925
GRC,Grécia,Q5279253,http://www.wikidata.org/entity/Q4258195,0,804,,41.09,24.902
GRC,Grécia,Q5299063,http://www.wikidata.org/entity/Q2219845,0,82,,38.556,21.794
GRC,Grécia,Q5309772,http://www.wikidata.org/entity/Q21693261,0,519,,37.38,24.43
GRC,Grécia,Q5350467,http://www.wikidata.org/entity/Q17558106,0,735,,39.15,22.2
GRC,Grécia,Q5353328,http://www.wikidata.org/entity/Q3539555,0,977,,37.4541,22.5678
GRC,Grécia,Q5418256,http://www.wikidata.org/entity/Q3557808,0,234,,41.430277777778,26.345833333333
GRC,Grécia,Q5418527,http://www.wikidata.org/entity/Q1406069,0,949,,40.981,24.8012
GRC,Grécia,Q4762986,http://www.wikidata.org/entity/Q2634238,0,1178,,40.497,22.834
GRC,Grécia,Q4764692,http://www.wikidata.org/entity/Q2510273,0,408,,39.41994,23.13583
GRC,Grécia,Q4769810,http://www.wikidata.org/entity/Q1960517,0,530,,37.34,21.85
GRC,Grécia,Q4769818,http://www.wikidata.org/entity/Q12284239,0,154,,41.26027778,24.66333333
GRC,Grécia,Q4783594,http://www.wikidata.org/entity/Q12875753,0,466,,38.3255,21.8474
GRC,Grécia,Q4789573,http://www.wikidata.org/entity/Q3560056,0,379,,40.267,21.747
GRC,Grécia,Q4789577,http://www.wikidata.org/entity/Q1737776,0,35,,38.1,20.71666667
GRC,Grécia,Q4808212,http://www.wikidata.org/entity/Q1192028,0,900,,37.047777777778,22.074722222222
GRC,Grécia,Q4808217,http://www.wikidata.org/entity/Q2634089,0,423,,37.8867,22.5617
GRC,Grécia,Q4813190,http://www.wikidata.org/entity/Q2266175,0,27,,39.53333333,21.25
GRC,Grécia,Q5448421,http://www.wikidata.org/entity/Q3560329,0,646,,37.85,22.11666667
GRC,Grécia,Q5455162,http://www.wikidata.org/entity/Q644192,0,122,,39.814166666667,25.348888888889
GRC,Grécia,Q5557983,http://www.wikidata.org/entity/Q922366,0,275,,36.950833333333,21.701944444444
GRC,Grécia,Q6374786,http://www.wikidata.org/entity/Q2532022,0,656,,37.26412,22.649716
GRC,Grécia,Q6426671,http://www.wikidata.org/entity/Q2355675,0,116,,39.833333333333,22.792777777778
GRC,Grécia,Q6430111,http://www.wikidata.org/entity/Q3557942,0,425,,41.0175,23.541666666667
GRC,Grécia,Q6430346,http://www.wikidata.org/entity/Q644192,0,572,,39.865555555556,25.148055555556
GRC,Grécia,Q6432308,http://www.wikidata.org/entity/Q12875663,0,122,,37.91666667,20.7
GRC,Grécia,Q6432455,http://www.wikidata.org/entity/Q644192,0,311,,39.9184363,25.1169966
GRC,Grécia,Q6432549,http://www.wikidata.org/entity/Q2015968,0,145,,40.989166666667,23.0
GRC,Grécia,Q6434289,http://www.wikidata.org/entity/Q2636821,0,39,,41.31694444,25.09916667
GRC,Grécia,Q6434546,http://www.wikidata.org/entity/Q25162005,0,119,,39.15,23.4
GRC,Grécia,Q6434646,http://www.wikidata.org/entity/Q2001120,0,797,,38.19536,22.01953
GRC,Grécia,Q6434654,http://www.wikidata.org/entity/Q12875801,0,7923,,35.536,24.076
GRC,Grécia,Q6434754,http://www.wikidata.org/entity/Q2368800,0,81,,35.279,23.835
GRC,Grécia,Q6434763,http://www.wikidata.org/entity/Q3042287,0,224,,37.828888888889,22.844166666667
GRC,Grécia,Q6434789,http://www.wikidata.org/entity/Q4258195,0,507,,41.049,25.024
GRC,Grécia,Q6439109,http://www.wikidata.org/entity/Q393980,0,604,,35.13916667,25.65972222
GRC,Grécia,Q6439684,http://www.wikidata.org/entity/Q12875676,0,151,,39.697222222222,20.947777777778
GRC,Grécia,Q6461923,http://www.wikidata.org/entity/Q2207540,0,139,,40.06111111,20.44
GRC,Grécia,Q6488101,http://www.wikidata.org/entity/Q16005641,0,260,,38.112,21.972
GRC,Grécia,Q6740082,http://www.wikidata.org/entity/Q15961378,0,180,,38.46666667,21.61666667
GRC,Grécia,Q6740084,http://www.wikidata.org/entity/Q2207213,0,2138,,37.61666667,21.6
GRC,Grécia,Q6740099,http://www.wikidata.org/entity/Q3332789,0,313,,37.411388888889,22.165833333333
GRC,Grécia,Q6743117,http://www.wikidata.org/entity/Q3558377,0,596,,35.08333333,25.58333333
GRC,Grécia,Q6749451,http://www.wikidata.org/entity/Q922366,0,35,,37.0764,21.7725
GRC,Grécia,Q7226914,http://www.wikidata.org/entity/Q12875694,0,105,,35.455,23.652
GRC,Grécia,Q7234614,http://www.wikidata.org/entity/Q2355675,0,331,,39.663,22.786
GRC,Grécia,Q7234616,http://www.wikidata.org/entity/Q4258195,0,201,,41.03,25.04
GRC,Grécia,Q7371715,http://www.wikidata.org/entity/Q2207213,0,227,,37.491666666667,21.938888888889
GRC,Grécia,Q7602941,http://www.wikidata.org/entity/Q2117544,0,312,,37.218,21.67
GRC,Grécia,Q7849800,http://www.wikidata.org/entity/Q2001120,0,18,,38.0667,22.2333
GRC,Grécia,Q6812918,http://www.wikidata.org/entity/Q2001120,0,464,,38.184444444444,22.064166666667
GRC,Grécia,Q6813001,http://www.wikidata.org/entity/Q2636821,0,671,,41.33,24.93
GRC,Grécia,Q6821134,http://www.wikidata.org/entity/Q12875763,0,310,,36.011252,27.820822
GRC,Grécia,Q6821222,http://www.wikidata.org/entity/Q2636821,0,73,,41.353,24.975
GRC,Grécia,Q6824185,http://www.wikidata.org/entity/Q2194495,0,656,,38.125555555556,21.399722222222
GRC,Grécia,Q6827500,http://www.wikidata.org/entity/Q2352674,0,162,,34.96666667,24.93333333
GRC,Grécia,Q6851133,http://www.wikidata.org/entity/Q1235563,0,353,,38.45,22.15
GRC,Grécia,Q6851859,http://www.wikidata.org/entity/Q666901,0,375,,38.95,23.26666667
GRC,Grécia,Q6856965,http://www.wikidata.org/entity/Q11723827,0,17261,,38.8775,21.769722222222
GRC,Grécia,Q7129866,http://www.wikidata.org/entity/Q2520681,0,906,,39.147,26.529
GRC,Grécia,Q7198334,http://www.wikidata.org/entity/Q2634125,0,340,,38.02,22.988
GRC,Grécia,Q7199052,http://www.wikidata.org/entity/Q6852960,0,201,,39.01666667,21.9
GRC,Grécia,Q7200818,http://www.wikidata.org/entity/Q2712158,0,393,,35.452,24.21
GRC,Grécia,Q7200819,http://www.wikidata.org/entity/Q3332789,0,25,,37.429572,22.109983
GRC,Grécia,Q3561519,http://www.wikidata.org/entity/Q12875763,0,3643,,36.38333333,28.13333333
GRC,Grécia,Q3562082,http://www.wikidata.org/entity/Q9386001,0,348,,39.905409,20.820374
GRC,Grécia,Q3562798,http://www.wikidata.org/entity/Q1905274,0,2080,,39.25,21.21666667
GRC,Grécia,Q3563056,http://www.wikidata.org/entity/Q16332439,0,88,,39.61666667,20.63333333
GRC,Grécia,Q3563068,http://www.wikidata.org/entity/Q3085362,0,426,,37.7525,22.102222222222
GRC,Grécia,Q3563119,http://www.wikidata.org/entity/Q2484671,0,1790,,40.229722222222,22.500277777778
GRC,Grécia,Q3563125,http://www.wikidata.org/entity/Q1690590,0,372,,38.483619,25.926166
GRC,Grécia,Q3563696,http://www.wikidata.org/entity/Q2366186,0,5732,,35.35,24.56666667
GRC,Grécia,Q3563709,http://www.wikidata.org/entity/Q2712158,0,850,,35.371944444444,24.2
GRC,Grécia,Q3563717,http://www.wikidata.org/entity/Q15243882,0,488,,37.733611111111,21.374444444444
GRC,Grécia,Q3564829,http://www.wikidata.org/entity/Q2001120,0,260,,38.25,21.96666667
GRC,Grécia,Q3564837,http://www.wikidata.org/entity/Q1808735,0,487,,39.318888888889,21.794166666667
GRC,Grécia,Q3564842,http://www.wikidata.org/entity/Q2321253,0,4716,,37.8933,21.2933
GRC,Grécia,Q3564848,http://www.wikidata.org/entity/Q1812290,0,625,,38.666111111111,20.601111111111
GRC,Grécia,Q3564853,http://www.wikidata.org/entity/Q12875753,0,875,,38.19076,21.76336
GRC,Grécia,Q3564858,http://www.wikidata.org/entity/Q1812290,0,526,,38.78333333,20.66666667
GRC,Grécia,Q3564864,http://www.wikidata.org/entity/Q5062051,0,128,,39.874444444444,20.749444444444
GRC,Grécia,Q3564869,http://www.wikidata.org/entity/Q15979847,0,61,,39.661388888889,21.218055555556
GRC,Grécia,Q3564877,http://www.wikidata.org/entity/Q21514830,0,1950,,38.1303,23.7895
GRC,Grécia,Q3565355,http://www.wikidata.org/entity/Q2484671,0,860,,40.00305556,22.59416667
GRC,Grécia,Q3566384,http://www.wikidata.org/entity/Q3595078,0,795,,40.31666667,22.46666667
GRC,Grécia,Q3566392,http://www.wikidata.org/entity/Q2268710,0,1745,,40.41666667,22.6
GRC,Grécia,Q3566406,http://www.wikidata.org/entity/Q2532082,0,3102,,40.30611111,23.20861111
GRC,Grécia,Q3566444,http://www.wikidata.org/entity/Q2268710,0,1469,,40.372222222222,22.578888888889
GRC,Grécia,Q3566456,http://www.wikidata.org/entity/Q1521832,0,834,,40.49972222,23.45
GRC,Grécia,Q4808206,http://www.wikidata.org/entity/Q3252409,0,628,,37.614444444444,21.775555555556
GRC,Grécia,Q4817745,http://www.wikidata.org/entity/Q394026,0,67,,35.224,24.453
GRC,Grécia,Q4894721,http://www.wikidata.org/entity/Q737245,0,1085,,38.5655,23.2853
GRC,Grécia,Q4946662,http://www.wikidata.org/entity/Q2321253,0,333,,37.927222222222,21.438055555556
GRC,Grécia,Q5068836,http://www.wikidata.org/entity/Q16737939,0,583,,39.398055555556,22.426388888889
GRC,Grécia,Q5073876,http://www.wikidata.org/entity/Q2460862,0,774,,35.01666667,25.11666667
GRC,Grécia,Q5074318,http://www.wikidata.org/entity/Q15243882,0,237,,37.733333333333,21.513888888889
GRC,Grécia,Q5096617,http://www.wikidata.org/entity/Q2520681,0,479,,39.20361111,26.02444444
GRC,Grécia,Q5104561,http://www.wikidata.org/entity/Q693813,0,201,,35.03,25.379
GRC,Grécia,Q5105254,http://www.wikidata.org/entity/Q980686,0,147,,39.191111111111,23.216944444444
GRC,Grécia,Q5472701,http://www.wikidata.org/entity/Q2620987,0,66,,39.50258,20.99736
GRC,Grécia,Q5473903,http://www.wikidata.org/entity/Q2634231,0,283,,39.13333333,21.1
GRC,Grécia,Q6003918,http://www.wikidata.org/entity/Q3949542,0,464,,36.43333333,25.41666667
GRC,Grécia,Q6356843,http://www.wikidata.org/entity/Q16005641,0,205,,37.95,21.91666667
GRC,Grécia,Q3566537,http://www.wikidata.org/entity/Q2634125,0,15216,,37.98333333,22.98333333
GRC,Grécia,Q3566558,http://www.wikidata.org/entity/Q2181102,0,9426,,37.9333,22.8
GRC,Grécia,Q3566567,http://www.wikidata.org/entity/Q12875678,0,1122,,38.21138889,23.26611111
GRC,Grécia,Q3624176,http://www.wikidata.org/entity/Q21144478,0,3541,,39.48333333,23.08333333
GRC,Grécia,Q3625719,http://www.wikidata.org/entity/Q6935302,0,924,,40.854722222222,25.744444444444
GRC,Grécia,Q3666827,http://www.wikidata.org/entity/Q2015637,0,2058,,39.93333333,21.63333333
GRC,Grécia,Q3714742,http://www.wikidata.org/entity/Q12875641,0,5391,,40.6,22.2
GRC,Grécia,Q3718506,http://www.wikidata.org/entity/Q1235548,0,3586,,38.88333333,22.78333333
GRC,Grécia,Q3998971,http://www.wikidata.org/entity/Q20379354,0,719,,36.73718,24.42765
GRC,Grécia,Q4056933,http://www.wikidata.org/entity/Q1536340,0,46,,37.637,23.39466
GRC,Grécia,Q4056936,http://www.wikidata.org/entity/Q3558377,0,265,,35.071,25.97
GRC,Grécia,Q4115963,http://www.wikidata.org/entity/Q12875763,0,1129,,36.2286,27.8583
GRC,Grécia,Q4118397,http://www.wikidata.org/entity/Q12875753,0,2120,,38.18333333,21.7
GRC,Grécia,Q4152264,http://www.wikidata.org/entity/Q11799323,0,670,,38.28055556,23.79444444
GRC,Grécia,Q4365130,http://www.wikidata.org/entity/Q12875731,0,254,,36.688888888889,22.838611111111
GRC,Grécia,Q4692516,http://www.wikidata.org/entity/Q125127532,0,215,,38.0069,22.2747
GRC,Grécia,Q4692593,http://www.wikidata.org/entity/Q2352674,0,819,,35.0587,24.9618
GRC,Grécia,Q4692597,http://www.wikidata.org/entity/Q2355675,0,371,,39.695833333333,22.877777777778
GRC,Grécia,Q4692666,http://www.wikidata.org/entity/Q2194495,0,205,,38.113611111111,21.646666666667
GRC,Grécia,Q4692673,http://www.wikidata.org/entity/Q16330051,0,543,,38.975277777778,20.788055555556
GRC,Grécia,Q4721894,http://www.wikidata.org/entity/Q15243882,0,1207,,37.64,21.537777777778
GRC,Grécia,Q4726608,http://www.wikidata.org/entity/Q12875663,0,441,,37.83333333,20.76666667
GRC,Grécia,Q4733496,http://www.wikidata.org/entity/Q2636821,0,353,,41.21424,24.86064
GRC,Grécia,Q4748087,http://www.wikidata.org/entity/Q16058312,0,688,,41.48333333,26.4
GRC,Grécia,Q4748109,http://www.wikidata.org/entity/Q1938296,0,718,,37.831666666667,21.310277777778
GRC,Grécia,Q4749514,http://www.wikidata.org/entity/Q3560056,0,80,,40.244,21.904
GRC,Grécia,Q4750814,http://www.wikidata.org/entity/Q12875663,0,248,,37.84722222,20.65166667
GRC,Grécia,Q4752086,http://www.wikidata.org/entity/Q3558377,0,198,,35.045277777778,25.643888888889
GRC,Grécia,Q4752420,http://www.wikidata.org/entity/Q992450,0,766,,37.031111111111,22.371111111111
GRC,Grécia,Q4807242,http://www.wikidata.org/entity/Q3567837,0,1861,,40.75,23.38333333
GRC,Grécia,Q6434730,http://www.wikidata.org/entity/Q2321253,0,531,,37.97833333,21.32
GRC,Grécia,Q6434792,http://www.wikidata.org/entity/Q3558377,0,579,,35.015,25.829444444444
GRC,Grécia,Q6707836,http://www.wikidata.org/entity/Q3332789,0,346,,37.413,22.002
GRC,Grécia,Q6707847,http://www.wikidata.org/entity/Q378335,0,88,,36.913,21.87
GRC,Grécia,Q6707854,http://www.wikidata.org/entity/Q3332789,0,301,,37.5,22.16666667
GRC,Grécia,Q6835962,http://www.wikidata.org/entity/Q1737776,0,29,,38.16666667,20.6
GRC,Grécia,Q6850203,http://www.wikidata.org/entity/Q3659144,0,288,,41.31666667,26.1
GRC,Grécia,Q6851130,http://www.wikidata.org/entity/Q1413375,0,39,,39.72916667,20.42194444
GRC,Grécia,Q6851128,http://www.wikidata.org/entity/Q16737558,0,493,,40.0289,22.0757
GRC,Grécia,Q6851129,http://www.wikidata.org/entity/Q3559710,0,239,,40.180277777778,21.476111111111
GRC,Grécia,Q6851817,http://www.wikidata.org/entity/Q16058312,0,188,,41.565365,26.161803
GRC,Grécia,Q6852960,http://www.wikidata.org/entity/Q207554,0,19213,,38.918,22.0454
GRC,Grécia,Q6983931,http://www.wikidata.org/entity/Q125128635,0,285,,37.43333333,22.13333333
GRC,Grécia,Q6983934,http://www.wikidata.org/entity/Q4258195,0,662,,41.033941666667,25.070916666667
GRC,Grécia,Q6359143,http://www.wikidata.org/entity/Q2368800,0,164,,35.310555555556,23.798888888889
GRC,Grécia,Q6373843,http://www.wikidata.org/entity/Q4421087,0,43,,35.133,26.171
GRC,Grécia,Q6373845,http://www.wikidata.org/entity/Q3560056,0,959,,40.253,21.799
GRC,Grécia,Q6374711,http://www.wikidata.org/entity/Q81045,0,2836,,40.046666666667,23.416111111111
GRC,Grécia,Q6393544,http://www.wikidata.org/entity/Q1737776,0,334,,38.11666667,20.55
GRC,Grécia,Q6393548,http://www.wikidata.org/entity/Q1938296,0,638,,37.85585,21.45716
GRC,Grécia,Q6397592,http://www.wikidata.org/entity/Q2352674,0,277,,35.02361111,24.92444444
GRC,Grécia,Q6428441,http://www.wikidata.org/entity/Q12284239,0,573,,41.1703,24.7253
GRC,Grécia,Q6430369,http://www.wikidata.org/entity/Q644192,0,635,,39.9275,25.333611111111
GRC,Grécia,Q6431372,http://www.wikidata.org/entity/Q15243882,0,295,,37.67514,21.31478
GRC,Grécia,Q6433427,http://www.wikidata.org/entity/Q1406069,0,92,,41.045844444444,24.821963888889
GRC,Grécia,Q6434492,http://www.wikidata.org/entity/Q3557808,0,1309,,41.355,26.435
GRC,Grécia,Q6434535,http://www.wikidata.org/entity/Q2207540,0,500,,39.88333333,20.55
GRC,Grécia,Q7081511,http://www.wikidata.org/entity/Q1021606,0,131,,38.703,22.357
GRC,Grécia,Q7081512,http://www.wikidata.org/entity/Q3560056,0,187,,40.32,21.914
GRC,Grécia,Q7088892,http://www.wikidata.org/entity/Q1406069,0,582,,41.029,24.799
GRC,Grécia,Q7099342,http://www.wikidata.org/entity/Q2636821,0,809,,41.274,24.834
GRC,Grécia,Q7127567,http://www.wikidata.org/entity/Q81045,0,848,,39.942222222222,23.664722222222
GRC,Grécia,Q7127573,http://www.wikidata.org/entity/Q2355675,0,59,,39.807777777778,22.830833333333
GRC,Grécia,Q7128678,http://www.wikidata.org/entity/Q3085362,0,418,,37.62,21.9475
GRC,Grécia,Q7232161,http://www.wikidata.org/entity/Q2290529,0,110,,39.970833333333,23.919444444444
GRC,Grécia,Q7401781,http://www.wikidata.org/entity/Q21682761,0,1,,38.4801,25.8871
GRC,Grécia,Q7403501,http://www.wikidata.org/entity/Q12875763,0,542,,36.28,27.93
GRC,Grécia,Q7916256,http://www.wikidata.org/entity/Q15243882,0,1271,,37.671944444444,21.498333333333
GRC,Grécia,Q7916387,http://www.wikidata.org/entity/Q992450,0,885,,37.1675,22.508888888889
GRC,Grécia,Q7916724,http://www.wikidata.org/entity/Q1737776,0,110,,38.412,20.562
GRC,Grécia,Q7916731,http://www.wikidata.org/entity/Q12875663,0,297,,37.71542,20.98254
GRC,Grécia,Q7917118,http://www.wikidata.org/entity/Q12875769,0,625,,40.2567,21.9167
GRC,Grécia,Q7917117,http://www.wikidata.org/entity/Q12875805,0,2612,,38.4068,23.6033
GRC,Grécia,Q7917179,http://www.wikidata.org/entity/Q11860849,0,29,,34.820277777778,24.098888888889
GRC,Grécia,Q8157191,http://www.wikidata.org/entity/Q2355675,0,1611,,39.68333333,22.63333333
GRC,Grécia,Q8273432,http://www.wikidata.org/entity/Q1960517,0,1601,,37.24166667,22.00166667
GRC,Grécia,Q10259851,http://www.wikidata.org/entity/Q2658714,0,598,,40.648611111111,23.303611111111
GRC,Grécia,Q10289015,http://www.wikidata.org/entity/Q690309,0,355,,35.21458,24.6088
GRC,Grécia,Q12181476,http://www.wikidata.org/entity/Q2419494,0,1131,,37.599722222222,22.845
GRC,Grécia,Q12198906,http://www.wikidata.org/entity/Q15967005,0,934,,40.564518,22.549686
GRC,Grécia,Q12198905,http://www.wikidata.org/entity/Q12875694,0,1066,,35.47165,23.59784
GRC,Grécia,Q3562993,http://www.wikidata.org/entity/Q2321253,0,326,,37.950277777778,21.3725
GRC,Grécia,Q4701601,http://www.wikidata.org/entity/Q15729014,0,1375,,38.456666666667,23.220833333333
GRC,Grécia,Q4701891,http://www.wikidata.org/entity/Q394026,0,94,,35.187216666667,24.538091666667
GRC,Grécia,Q4705777,http://www.wikidata.org/entity/Q1767902,0,115,,38.409722222222,22.985555555556
GRC,Grécia,Q4761679,http://www.wikidata.org/entity/Q2520681,0,671,,39.24598,26.10462
GRC,Grécia,Q4773819,http://www.wikidata.org/entity/Q3560056,0,179,,40.33611111,21.6725
GRC,Grécia,Q4774871,http://www.wikidata.org/entity/Q1192028,0,447,,37.068611111111,22.064166666667
GRC,Grécia,Q4777370,http://www.wikidata.org/entity/Q3252409,0,963,,37.802777777778,21.721666666667
GRC,Grécia,Q4780219,http://www.wikidata.org/entity/Q12875763,0,496,,36.06635,27.7888
GRC,Grécia,Q4828446,http://www.wikidata.org/entity/Q3560056,0,77,,40.34713,22.04343
GRC,Grécia,Q4828445,http://www.wikidata.org/entity/Q393980,0,0,,35.59997,25.57592
GRC,Grécia,Q4829062,http://www.wikidata.org/entity/Q12875769,0,416,,40.17777778,21.96194444
GRC,Grécia,Q4829066,http://www.wikidata.org/entity/Q11874075,0,24,,35.7738,27.1813
GRC,Grécia,Q4988429,http://www.wikidata.org/entity/Q2419494,0,4594,,37.5333,22.8833
GRC,Grécia,Q5105460,http://www.wikidata.org/entity/Q2620987,0,165,,39.5494,21.0102
GRC,Grécia,Q5270408,http://www.wikidata.org/entity/Q1235563,0,459,,38.595555555556,22.121944444444
GRC,Grécia,Q3562998,http://www.wikidata.org/entity/Q12875753,0,663,,38.328055555556,21.873611111111
GRC,Grécia,Q3563005,http://www.wikidata.org/entity/Q3085362,0,98,,37.635923,22.172617
GRC,Grécia,Q3740115,http://www.wikidata.org/entity/Q3595078,0,716,,40.29166667,22.35
GRC,Grécia,Q3740124,http://www.wikidata.org/entity/Q3595078,0,450,,40.220833333333,22.311944444444
GRC,Grécia,Q3791883,http://www.wikidata.org/entity/Q16642582,0,2563,,37.35,23.46666667
GRC,Grécia,Q4152297,http://www.wikidata.org/entity/Q2460901,0,846,,38.66722222,20.94472222
GRC,Grécia,Q4281096,http://www.wikidata.org/entity/Q2117544,0,743,,37.0587,21.5784
GRC,Grécia,Q4289047,http://www.wikidata.org/entity/Q1027225,0,3,,35.143705,24.881029
GRC,Grécia,Q4421087,http://www.wikidata.org/entity/Q210450,0,20220,,35.1396,26.12603
GRC,Grécia,Q4673810,http://www.wikidata.org/entity/Q4421087,0,260,,35.166666666667,26.054444444444
GRC,Grécia,Q4692664,http://www.wikidata.org/entity/Q1960517,0,282,,37.443333333333,21.955277777778
GRC,Grécia,Q5283827,http://www.wikidata.org/entity/Q1737776,0,179,,38.33333333,20.55
GRC,Grécia,Q5289009,http://www.wikidata.org/entity/Q2532022,0,1246,,37.43085,22.680268
GRC,Grécia,Q5305674,http://www.wikidata.org/entity/Q3085362,0,307,,37.77429,22.11547
GRC,Grécia,Q5353327,http://www.wikidata.org/entity/Q2194495,0,298,,38.0812634,21.5685496
GRC,Grécia,Q5420520,http://www.wikidata.org/entity/Q2117544,0,250,,37.18833333,21.595
GRC,Grécia,Q5506812,http://www.wikidata.org/entity/Q29961973,0,981,,41.082,24.19
GRC,Grécia,Q5529395,http://www.wikidata.org/entity/Q3558377,0,63,,35.01777778,25.55583333
GRC,Grécia,Q5572814,http://www.wikidata.org/entity/Q2117544,0,119,,37.305,21.772
GRC,Grécia,Q5586359,http://www.wikidata.org/entity/Q11742509,0,75,,40.271,20.765
GRC,Grécia,Q5588317,http://www.wikidata.org/entity/Q12875769,0,228,,40.16,21.91277778
GRC,Grécia,Q5593475,http://www.wikidata.org/entity/Q2207213,0,659,,37.561111111111,21.699166666667
GRC,Grécia,Q5593478,http://www.wikidata.org/entity/Q3332789,0,162,,37.31666667,22.23333333
GRC,Grécia,Q6360511,http://www.wikidata.org/entity/Q2035813,0,1341,,39.49928,22.88589
GRC,Grécia,Q6393573,http://www.wikidata.org/entity/Q3539555,0,280,,37.41666667,22.23333333
GRC,Grécia,Q6394778,http://www.wikidata.org/entity/Q16005641,0,1265,,37.96666667,21.98333333
GRC,Grécia,Q6434723,http://www.wikidata.org/entity/Q3332789,0,241,,37.45,22.03333333
GRC,Grécia,Q6452266,http://www.wikidata.org/entity/Q3332789,0,210,,37.445,22.06666667
GRC,Grécia,Q6452265,http://www.wikidata.org/entity/Q12875731,0,440,,36.960688,22.9886241
GRC,Grécia,Q6452299,http://www.wikidata.org/entity/Q1536340,0,200,,37.612,23.397
GRC,Grécia,Q6452494,http://www.wikidata.org/entity/Q4421087,0,39,,35.30557,26.29738
GRC,Grécia,Q6452589,http://www.wikidata.org/entity/Q737245,0,662,,38.58638889,23.03916667
GRC,Grécia,Q6472143,http://www.wikidata.org/entity/Q3567837,0,672,,40.63583333,23.24666667
GRC,Grécia,Q6982112,http://www.wikidata.org/entity/Q3559710,0,532,,40.11333333,21.265
GRC,Grécia,Q6983939,http://www.wikidata.org/entity/Q1231770,0,199,,39.951944444444,22.706388888889
GRC,Grécia,Q7103850,http://www.wikidata.org/entity/Q11799323,0,8880,,38.3,23.75
GRC,Grécia,Q7129868,http://www.wikidata.org/entity/Q3539555,0,62,,37.771111111111,22.222222222222
GRC,Grécia,Q7130057,http://www.wikidata.org/entity/Q2197210,0,349,,37.991,22.541
GRC,Grécia,Q7604096,http://www.wikidata.org/entity/Q9149997,0,172,,39.0,21.2667
GRC,Grécia,Q7703028,http://www.wikidata.org/entity/Q2117544,0,175,,37.2267,21.6339
