iso3,country,city_qid,admin_q,is_cap,pop,yr,lat,lon
KAZ,Cazaquistão,Q141468,http://www.wikidata.org/entity/Q129799,0,8121,,49.42207,46.84705
KAZ,Cazaquistão,Q145802,http://www.wikidata.org/entity/Q27430670,0,44814,,43.598333333333,73.761388888889
KAZ,Cazaquistão,Q162548,http://www.wikidata.org/entity/Q27430664,0,337055,,49.95,82.616666666667
KAZ,Cazaquistão,Q163479,http://www.wikidata.org/entity/Q12575805,0,27443,,43.036944444444,74.711388888889
KAZ,Cazaquistão,Q165413,,0,73127,,45.63,63.314
KAZ,Cazaquistão,Q165450,http://www.wikidata.org/entity/Q20098180,0,37722,,46.8,61.666666666667
KAZ,Cazaquistão,Q198989,http://www.wikidata.org/entity/Q20098142,0,261907,,43.6525,51.1575
KAZ,Cazaquistão,Q254928,http://www.wikidata.org/entity/Q16721246,0,26028,,45.258888888889,77.978611111111
KAZ,Cazaquistão,Q486282,http://www.wikidata.org/entity/Q27430660,0,333190,,52.315555555556,76.956388888889
KAZ,Cazaquistão,Q486545,http://www.wikidata.org/entity/Q27430673,0,418368,,42.883333333333,71.366666666667
KAZ,Cazaquistão,Q487439,http://www.wikidata.org/entity/Q20097122,0,235764,,51.2225,51.3725
KAZ,Cazaquistão,Q488379,http://www.wikidata.org/entity/Q30972267,0,241360,,54.862222222222,69.140833333333
KAZ,Cazaquistão,Q488990,http://www.wikidata.org/entity/Q27430698,0,258990,,53.21435,63.62463
KAZ,Cazaquistão,Q490643,http://www.wikidata.org/entity/Q27430688,0,179907,,53.28245,69.396919444444
KAZ,Cazaquistão,Q622740,http://www.wikidata.org/entity/Q30973974,0,19664,,52.0,70.933333333333
KAZ,Cazaquistão,Q769056,http://www.wikidata.org/entity/Q20098227,0,2046,,43.76194444,51.30722222
KAZ,Cazaquistão,Q805515,http://www.wikidata.org/entity/Q27430691,0,86742,,46.85,75.0
KAZ,Cazaquistão,Q1001104,http://www.wikidata.org/entity/Q16719529,0,296523,,50.066666666667,72.966666666667
KAZ,Cazaquistão,Q1008853,http://www.wikidata.org/entity/Q25420133,0,128234,,52.966666666667,63.116666666667
KAZ,Cazaquistão,Q486913,http://www.wikidata.org/entity/Q20098195,0,295496,,47.116666666667,51.883333333333
KAZ,Cazaquistão,Q1009456,http://www.wikidata.org/entity/Q56366943,0,7285,,53.087222222222,70.3
KAZ,Cazaquistão,Q1557559,http://www.wikidata.org/entity/Q4448009,0,10162,,45.766666666667,62.1
KAZ,Cazaquistão,Q1606498,http://www.wikidata.org/entity/Q16720532,0,12116,,43.400555555556,77.593333333333
KAZ,Cazaquistão,Q1651033,http://www.wikidata.org/entity/Q30972247,0,335,,53.080555555556,64.294166666667
KAZ,Cazaquistão,Q1688290,http://www.wikidata.org/entity/Q16689595,0,36715,,43.3552,77.45245
KAZ,Cazaquistão,Q1703483,http://www.wikidata.org/entity/Q16715394,0,63900,,49.802777777778,72.827777777778
KAZ,Cazaquistão,Q1520,http://www.wikidata.org/entity/Q232,1,1239744,,51.133333333333,71.433333333333
KAZ,Cazaquistão,Q30507,http://www.wikidata.org/entity/Q30972369,0,12064,,53.198055555556,66.769444444444
KAZ,Cazaquistão,Q30508,http://www.wikidata.org/entity/Q31195834,0,5718,,54.511888888889,69.418222222222
KAZ,Cazaquistão,Q30520,http://www.wikidata.org/entity/Q30973186,0,11300,,54.90521,70.44622
KAZ,Cazaquistão,Q32382,http://www.wikidata.org/entity/Q30975027,0,7104,,53.74587,66.48719
KAZ,Cazaquistão,Q32380,http://www.wikidata.org/entity/Q30972521,0,9470,,53.88261,67.41534
KAZ,Cazaquistão,Q32387,http://www.wikidata.org/entity/Q30972474,0,9288,,53.2927,68.105
KAZ,Cazaquistão,Q35362,http://www.wikidata.org/entity/Q12551083,0,16100,,53.847777777778,69.763888888889
KAZ,Cazaquistão,Q35493,http://www.wikidata.org/entity/Q232,0,2228675,,43.24,76.915
KAZ,Cazaquistão,Q41215,http://www.wikidata.org/entity/Q30973017,0,5478,,54.34786,68.4598
KAZ,Cazaquistão,Q41216,http://www.wikidata.org/entity/Q4361580,0,5725,,54.670277777778,67.15
KAZ,Cazaquistão,Q47961,http://www.wikidata.org/entity/Q4341875,0,2661,,51.470833333333,77.778333333333
KAZ,Cazaquistão,Q61944,http://www.wikidata.org/entity/Q27430665,0,350201,,50.411111111111,80.2275
KAZ,Cazaquistão,Q4075783,http://www.wikidata.org/entity/Q427658,0,3055,,47.24138889,52.94111111
KAZ,Cazaquistão,Q4076876,http://www.wikidata.org/entity/Q2554487,0,2614,,43.11471389,67.76343333
KAZ,Cazaquistão,Q4077051,http://www.wikidata.org/entity/Q486913,0,22617,,47.06667,51.86667
KAZ,Cazaquistão,Q4078812,http://www.wikidata.org/entity/Q12533657,0,530,,49.679166666667,69.536111111111
KAZ,Cazaquistão,Q4079725,http://www.wikidata.org/entity/Q13381741,0,11513,,42.616944444444,70.766388888889
KAZ,Cazaquistão,Q4082068,http://www.wikidata.org/entity/Q20098234,0,4246,,44.811111111111,65.594722222222
KAZ,Cazaquistão,Q622780,http://www.wikidata.org/entity/Q27430659,0,69354,,52.033333333333,76.916666666667
KAZ,Cazaquistão,Q622786,http://www.wikidata.org/entity/Q16701362,0,378,,43.38541,77.2338
KAZ,Cazaquistão,Q630676,http://www.wikidata.org/entity/Q2554452,0,40599,,41.45,69.16667
KAZ,Cazaquistão,Q638946,http://www.wikidata.org/entity/Q20098660,0,21004,,43.693611111111,51.304444444444
KAZ,Cazaquistão,Q648355,http://www.wikidata.org/entity/Q22203492,0,876,,44.83166667,54.54638889
KAZ,Cazaquistão,Q650715,http://www.wikidata.org/entity/Q20098231,0,40344,,45.316666666667,55.2
KAZ,Cazaquistão,Q657052,http://www.wikidata.org/entity/Q27430697,0,36704,,52.536944444444,62.493611111111
KAZ,Cazaquistão,Q698941,http://www.wikidata.org/entity/Q20098186,0,62367,,50.248611111111,66.911388888889
KAZ,Cazaquistão,Q718108,http://www.wikidata.org/entity/Q20098183,0,74252,,42.42965,68.80463
KAZ,Cazaquistão,Q720417,http://www.wikidata.org/entity/Q20098154,0,6230,,43.78,51.065
KAZ,Cazaquistão,Q720423,http://www.wikidata.org/entity/Q12576484,0,1112,,44.29861111,50.50444444
KAZ,Cazaquistão,Q740832,http://www.wikidata.org/entity/Q16699156,0,107053,,47.783333333333,67.7
KAZ,Cazaquistão,Q767177,http://www.wikidata.org/entity/Q61369395,0,16300,,50.756666666667,78.54
KAZ,Cazaquistão,Q848638,http://www.wikidata.org/entity/Q12566986,0,227098,,43.301944444444,68.269166666667
KAZ,Cazaquistão,Q849685,http://www.wikidata.org/entity/Q16700929,0,2484,,49.581388888889,72.908888888889
KAZ,Cazaquistão,Q948629,http://www.wikidata.org/entity/Q16720209,0,11700,,49.508333333333,72.818333333333
KAZ,Cazaquistão,Q1018868,http://www.wikidata.org/entity/Q1378355,0,39422,,52.190833333333,61.200555555556
KAZ,Cazaquistão,Q1019377,http://www.wikidata.org/entity/Q16723684,0,65600,,49.71,72.587222222222
KAZ,Cazaquistão,Q1046268,http://www.wikidata.org/entity/Q2321974,0,53401,,43.56667,69.75
KAZ,Cazaquistão,Q1046498,http://www.wikidata.org/entity/Q61368062,0,8490,,48.564722222222,83.660277777778
KAZ,Cazaquistão,Q1047089,http://www.wikidata.org/entity/Q16692227,0,5004,,44.804972222222,76.276472222222
KAZ,Cazaquistão,Q1850973,http://www.wikidata.org/entity/Q2422636,0,30204,,43.16667,70.46667
KAZ,Cazaquistão,Q1881641,http://www.wikidata.org/entity/Q61368187,0,18430,,47.466666666667,84.866666666667
KAZ,Cazaquistão,Q1921811,http://www.wikidata.org/entity/Q16706858,0,13467,,42.8633,73.1742
KAZ,Cazaquistão,Q1943146,http://www.wikidata.org/entity/Q12554254,0,6065,,47.221111111111,73.366944444444
KAZ,Cazaquistão,Q1976359,http://www.wikidata.org/entity/Q2737272,0,8288,,45.383333333333,79.5
KAZ,Cazaquistão,Q1977617,http://www.wikidata.org/entity/Q16723551,0,17263,,43.55,79.466666666667
KAZ,Cazaquistão,Q2030552,http://www.wikidata.org/entity/Q12551083,0,55500,,52.933333333333,70.2
KAZ,Cazaquistão,Q2374438,http://www.wikidata.org/entity/Q20098466,0,29169,,49.464444444444,57.418055555556
KAZ,Cazaquistão,Q2374447,http://www.wikidata.org/entity/Q25420094,0,28900,,47.833333333333,59.6
KAZ,Cazaquistão,Q2378015,http://www.wikidata.org/entity/Q75318,0,24642,,42.181944444444,69.887777777778
KAZ,Cazaquistão,Q2378028,http://www.wikidata.org/entity/Q20098332,0,17820,,48.826388888889,58.144166666667
KAZ,Cazaquistão,Q4075739,http://www.wikidata.org/entity/Q16692219,0,15124,,43.479722222222,77.033611111111
KAZ,Cazaquistão,Q4075758,http://www.wikidata.org/entity/Q2556225,0,9679,,43.402777777778,77.225
KAZ,Cazaquistão,Q279568,http://www.wikidata.org/entity/Q2556249,0,7383,,45.528612,80.616642
KAZ,Cazaquistão,Q304827,http://www.wikidata.org/entity/Q16690562,0,46533,,49.63111111,72.85388889
KAZ,Cazaquistão,Q335042,http://www.wikidata.org/entity/Q16721230,0,15991,,46.169722222222,80.939444444444
KAZ,Cazaquistão,Q374060,http://www.wikidata.org/entity/Q16721244,0,14294,,43.194166666667,76.536666666667
KAZ,Cazaquistão,Q491102,http://www.wikidata.org/entity/Q16719015,0,162300,,45.016666666667,78.366666666667
KAZ,Cazaquistão,Q491123,http://www.wikidata.org/entity/Q20098543,0,271309,,44.8479,65.49989
KAZ,Cazaquistão,Q496442,http://www.wikidata.org/entity/Q27430658,0,159760,,51.729777777778,75.326583333333
KAZ,Cazaquistão,Q612144,http://www.wikidata.org/entity/Q4812946,0,39163,,51.816666666667,68.366666666667
KAZ,Cazaquistão,Q622760,http://www.wikidata.org/entity/Q20072644,0,35341,,51.167777777778,52.995
KAZ,Cazaquistão,Q622765,http://www.wikidata.org/entity/Q16691626,0,1149,,47.985,74.042777777778
KAZ,Cazaquistão,Q477232,http://www.wikidata.org/entity/Q20098144,0,570475,,50.283611111111,57.229722222222
KAZ,Cazaquistão,Q484706,http://www.wikidata.org/entity/Q16700952,0,613797,,49.8,73.116666666667
KAZ,Cazaquistão,Q485496,http://www.wikidata.org/entity/Q232,0,1191877,,42.3,69.6
KAZ,Cazaquistão,Q622736,http://www.wikidata.org/entity/Q56367430,0,5769,,51.072988,70.979146
KAZ,Cazaquistão,Q720404,http://www.wikidata.org/entity/Q20098225,0,4344,,44.544722222222,50.246388888889
KAZ,Cazaquistão,Q1010149,http://www.wikidata.org/entity/Q27430690,0,19020,,48.00684,70.78918
KAZ,Cazaquistão,Q1019392,http://www.wikidata.org/entity/Q4703463,0,18540,,52.633333333333,70.416666666667
KAZ,Cazaquistão,Q1019405,http://www.wikidata.org/entity/Q129730238,0,13479,,46.030991666667,73.701947222222
KAZ,Cazaquistão,Q1019810,http://www.wikidata.org/entity/Q2565654,0,15087,,51.616666666667,73.1
KAZ,Cazaquistão,Q1020484,http://www.wikidata.org/entity/Q12564108,0,69919,,47.9,67.533333333333
KAZ,Cazaquistão,Q1025808,http://www.wikidata.org/entity/Q2600170,0,11748,,49.405833333333,75.474166666667
KAZ,Cazaquistão,Q1047734,http://www.wikidata.org/entity/Q56367666,0,7772,,53.316666666667,75.45
KAZ,Cazaquistão,Q1047741,http://www.wikidata.org/entity/Q2605432,0,30922,,41.254722222222,67.969166666667
KAZ,Cazaquistão,Q1047754,http://www.wikidata.org/entity/Q20077371,0,4957,,49.7575,48.695
KAZ,Cazaquistão,Q1047817,http://www.wikidata.org/entity/Q30969561,0,6895,,52.69658,62.58101
KAZ,Cazaquistão,Q1087785,http://www.wikidata.org/entity/Q2550426,0,26641,,50.250277777778,58.434722222222
KAZ,Cazaquistão,Q1100911,http://www.wikidata.org/entity/Q2030615,0,3964,,52.466944444444,72.010555555556
KAZ,Cazaquistão,Q1192007,http://www.wikidata.org/entity/Q4280264,0,11393,,44.516666666667,50.266666666667
KAZ,Cazaquistão,Q1235605,http://www.wikidata.org/entity/Q16698122,0,4643,,49.67685,72.67822
KAZ,Cazaquistão,Q1238323,http://www.wikidata.org/entity/Q2565577,0,13096,,51.955555555556,66.404166666667
KAZ,Cazaquistão,Q1251114,http://www.wikidata.org/entity/Q2556249,0,4698,,45.255,82.48783
KAZ,Cazaquistão,Q1268163,http://www.wikidata.org/entity/Q20098614,0,53740,,46.963055555556,54.013333333333
KAZ,Cazaquistão,Q1315249,http://www.wikidata.org/entity/Q20098523,0,81484,,43.516944444444,68.504444444444
KAZ,Cazaquistão,Q1340535,http://www.wikidata.org/entity/Q16715422,0,15347,,45.41,79.918611111111
KAZ,Cazaquistão,Q2030615,http://www.wikidata.org/entity/Q27430685,0,63300,,52.346944444444,71.881666666667
KAZ,Cazaquistão,Q2121395,http://www.wikidata.org/entity/Q12574762,0,4850,,49.358888888889,75.730277777778
KAZ,Cazaquistão,Q2121436,http://www.wikidata.org/entity/Q2550435,0,16037,,44.908888888889,78.492222222222
KAZ,Cazaquistão,Q2121478,http://www.wikidata.org/entity/Q16701168,0,58418,,43.198333333333,76.631111111111
KAZ,Cazaquistão,Q2123695,http://www.wikidata.org/entity/Q16704337,0,4308,,50.233888888889,73.4025
KAZ,Cazaquistão,Q2123752,http://www.wikidata.org/entity/Q2726480,0,1620,,48.299722222222,69.6425
KAZ,Cazaquistão,Q2135515,http://www.wikidata.org/entity/Q20098497,0,8976,,48.68975,55.87512
KAZ,Cazaquistão,Q2622157,http://www.wikidata.org/entity/Q22203611,0,9548,,45.65005,63.31163
KAZ,Cazaquistão,Q2625029,http://www.wikidata.org/entity/Q16715219,0,3696,,48.868425,72.834655555556
KAZ,Cazaquistão,Q2655139,http://www.wikidata.org/entity/Q2318268,0,168,,53.2333,21.3167
KAZ,Cazaquistão,Q4251975,http://www.wikidata.org/entity/Q16701035,0,450,,43.572222222222,78.11
KAZ,Cazaquistão,Q4252248,http://www.wikidata.org/entity/Q30972471,0,666,,53.456269,68.36001
KAZ,Cazaquistão,Q4258169,http://www.wikidata.org/entity/Q30975225,0,3509,,53.536944444444,71.548611111111
KAZ,Cazaquistão,Q4258296,http://www.wikidata.org/entity/Q486144,0,9982,,52.2548,76.78054
KAZ,Cazaquistão,Q4259190,http://www.wikidata.org/entity/Q2556173,0,7414,,46.235,78.945555555556
KAZ,Cazaquistão,Q4408890,http://www.wikidata.org/entity/Q2556317,0,15359,,44.35666667,77.96916667
KAZ,Cazaquistão,Q4412154,http://www.wikidata.org/entity/Q4412412,0,209,,49.816666666667,83.141666666667
KAZ,Cazaquistão,Q4416130,http://www.wikidata.org/entity/Q2476548,0,2038,,43.3636281,53.3963
KAZ,Cazaquistão,Q4417399,http://www.wikidata.org/entity/Q2664367,0,11903,,49.6925,83.289166666667
KAZ,Cazaquistão,Q4419123,http://www.wikidata.org/entity/Q2476538,0,1550,,53.095277777778,64.255277777778
KAZ,Cazaquistão,Q4428122,http://www.wikidata.org/entity/Q4427969,0,1301,,49.616666666667,84.333333333333
KAZ,Cazaquistão,Q4429549,http://www.wikidata.org/entity/Q2466416,0,1248,,51.450361111111,79.494027777778
KAZ,Cazaquistão,Q4438465,http://www.wikidata.org/entity/Q4438467,0,743,,49.516111111111,84.397777777778
KAZ,Cazaquistão,Q4442183,http://www.wikidata.org/entity/Q56367048,0,22882,,52.835,70.788611111111
KAZ,Cazaquistão,Q4450821,http://www.wikidata.org/entity/Q2550435,0,343,,45.232222222222,78.667222222222
KAZ,Cazaquistão,Q4452301,http://www.wikidata.org/entity/Q12564681,0,416,,46.301388888889,73.967222222222
KAZ,Cazaquistão,Q4452304,http://www.wikidata.org/entity/Q25448161,0,30675,,44.7708,65.5444
KAZ,Cazaquistão,Q4452344,http://www.wikidata.org/entity/Q12547309,0,1032,,50.0,71.5
KAZ,Cazaquistão,Q4454439,http://www.wikidata.org/entity/Q25420041,0,5708,,49.141388888889,57.13
KAZ,Cazaquistão,Q4478552,http://www.wikidata.org/entity/Q16721190,0,5771,,50.549166666667,81.85
KAZ,Cazaquistão,Q4482436,http://www.wikidata.org/entity/Q4412412,0,403,,49.921944444444,83.083333333333
KAZ,Cazaquistão,Q4494091,http://www.wikidata.org/entity/Q2736634,0,4356,,51.221111111111,51.957222222222
KAZ,Cazaquistão,Q4505840,http://www.wikidata.org/entity/Q16700998,0,5282,,43.522423,76.832996
KAZ,Cazaquistão,Q4505865,http://www.wikidata.org/entity/Q2737272,0,83,,45.139596,79.404161
KAZ,Cazaquistão,Q4505880,http://www.wikidata.org/entity/Q2556173,0,90,,46.566111111111,79.209444444444
KAZ,Cazaquistão,Q4505912,http://www.wikidata.org/entity/Q2556173,0,967,,45.667777777778,80.367222222222
KAZ,Cazaquistão,Q4505929,http://www.wikidata.org/entity/Q2556249,0,3740,,46.192313,81.093495
KAZ,Cazaquistão,Q4505941,http://www.wikidata.org/entity/Q20098537,0,1420,,48.452777777778,52.930277777778
KAZ,Cazaquistão,Q4505944,http://www.wikidata.org/entity/Q2737272,0,2146,,45.378888888889,78.728611111111
KAZ,Cazaquistão,Q262448,http://www.wikidata.org/entity/Q16715419,0,4429,,46.119166666667,73.619166666667
KAZ,Cazaquistão,Q285377,http://www.wikidata.org/entity/Q16723680,0,8427,,49.81958,72.65407
KAZ,Cazaquistão,Q4268087,http://www.wikidata.org/entity/Q65252166,0,10872,,42.947222222222,72.764444444444
KAZ,Cazaquistão,Q4405501,http://www.wikidata.org/entity/Q22200840,0,10870,,47.083611111111,61.148333333333
KAZ,Cazaquistão,Q4406438,http://www.wikidata.org/entity/Q2550775,0,6526,,49.02130833,83.36311944
KAZ,Cazaquistão,Q4440394,http://www.wikidata.org/entity/Q1315785,0,14294,,43.183333333333,68.533333333333
KAZ,Cazaquistão,Q4454607,http://www.wikidata.org/entity/Q22203246,0,18700,,43.313888888889,52.8575
KAZ,Cazaquistão,Q4459530,http://www.wikidata.org/entity/Q30972753,0,125,,54.725277777778,68.237777777778
KAZ,Cazaquistão,Q4459684,http://www.wikidata.org/entity/Q12567554,0,19551,,43.680833333333,73.762777777778
KAZ,Cazaquistão,Q4460684,http://www.wikidata.org/entity/Q61367825,0,756,,49.188888888889,85.427777777778
KAZ,Cazaquistão,Q4465834,http://www.wikidata.org/entity/Q4465836,0,1256,,49.766666666667,84.0
KAZ,Cazaquistão,Q4468798,http://www.wikidata.org/entity/Q61367346,0,1673,,50.073055555556,82.383333333333
KAZ,Cazaquistão,Q4469981,http://www.wikidata.org/entity/Q485437,0,5643,,49.074705,54.665945
KAZ,Cazaquistão,Q4470292,http://www.wikidata.org/entity/Q1650873,0,119,,54.198888888889,63.466388888889
KAZ,Cazaquistão,Q4474907,http://www.wikidata.org/entity/Q986100,0,14576,,50.258611111111,83.378333333333
KAZ,Cazaquistão,Q4507469,http://www.wikidata.org/entity/Q2726381,0,9482,,49.588611111111,81.045277777778
KAZ,Cazaquistão,Q4507938,http://www.wikidata.org/entity/Q16710911,0,9575,,43.390505555556,77.1183
KAZ,Cazaquistão,Q4509442,http://www.wikidata.org/entity/Q16715210,0,4341,,43.448433,77.33336
KAZ,Cazaquistão,Q4509462,http://www.wikidata.org/entity/Q16689468,0,592,,43.36,76.758888888889
KAZ,Cazaquistão,Q4509464,http://www.wikidata.org/entity/Q16714002,0,10439,,43.210555555556,76.7625
KAZ,Cazaquistão,Q4509479,http://www.wikidata.org/entity/Q186466,0,536,,43.937493,77.518285
KAZ,Cazaquistão,Q4509486,http://www.wikidata.org/entity/Q2550342,0,212,,46.013333333333,77.185555555556
KAZ,Cazaquistão,Q1047824,http://www.wikidata.org/entity/Q4192582,0,23607,,50.628055555556,81.912222222222
KAZ,Cazaquistão,Q1752218,http://www.wikidata.org/entity/Q30969633,0,11258,,53.745277777778,62.070833333333
KAZ,Cazaquistão,Q1816833,http://www.wikidata.org/entity/Q16700909,0,61767,,43.883333333333,77.083333333333
KAZ,Cazaquistão,Q1956509,http://www.wikidata.org/entity/Q30974961,0,3554,,52.65995,65.48421
KAZ,Cazaquistão,Q2139924,http://www.wikidata.org/entity/Q27430663,0,56206,,49.738611111111,84.271944444444
KAZ,Cazaquistão,Q2213430,http://www.wikidata.org/entity/Q485429,0,4500,,46.908055555556,77.353888888889
KAZ,Cazaquistão,Q2230345,http://www.wikidata.org/entity/Q56367438,0,1883,,50.683333333333,71.0375
KAZ,Cazaquistão,Q2231416,http://www.wikidata.org/entity/Q4159945,0,52361,,44.166666666667,80.006666666667
KAZ,Cazaquistão,Q2302162,http://www.wikidata.org/entity/Q16719010,0,47301,,43.303611111111,77.240833333333
KAZ,Cazaquistão,Q2302185,http://www.wikidata.org/entity/Q16719339,0,31428,,44.83322,78.83089
KAZ,Cazaquistão,Q2374413,http://www.wikidata.org/entity/Q2556274,0,7869,,51.1,66.316666666667
KAZ,Cazaquistão,Q2391391,http://www.wikidata.org/entity/Q27350642,0,42729,,47.96447,80.43437
KAZ,Cazaquistão,Q2435663,http://www.wikidata.org/entity/Q20098160,0,22446,,49.902777777778,57.335
KAZ,Cazaquistão,Q2739105,http://www.wikidata.org/entity/Q20098360,0,6038,,46.93315,53.8716
KAZ,Cazaquistão,Q2753561,http://www.wikidata.org/entity/Q2550754,0,6251,,46.95,79.666666666667
KAZ,Cazaquistão,Q2946900,http://www.wikidata.org/entity/Q16719208,0,666,,50.153333333333,76.662777777778
KAZ,Cazaquistão,Q3259794,http://www.wikidata.org/entity/Q20098434,0,15664,,48.561944444444,51.747777777778
KAZ,Cazaquistão,Q3260005,http://www.wikidata.org/entity/Q20098651,0,14266,,47.65,53.316666666667
KAZ,Cazaquistão,Q3274296,http://www.wikidata.org/entity/Q3274281,0,819,,49.066443,73.554146
KAZ,Cazaquistão,Q3403059,http://www.wikidata.org/entity/Q16723744,0,29032,,43.597752777778,78.249594444444
KAZ,Cazaquistão,Q3412428,http://www.wikidata.org/entity/Q20098479,0,2601,,49.956111,60.121667
KAZ,Cazaquistão,Q4054766,http://www.wikidata.org/entity/Q20076752,0,308,,49.475277777778,49.129444444444
KAZ,Cazaquistão,Q4167209,http://www.wikidata.org/entity/Q2550418,0,13806,,47.527222222222,52.981111111111
KAZ,Cazaquistão,Q4169789,http://www.wikidata.org/entity/Q30972751,0,781,,54.814094,68.090435
KAZ,Cazaquistão,Q4173607,http://www.wikidata.org/entity/Q12541581,0,3399,,49.784722222222,76.39
KAZ,Cazaquistão,Q4177202,http://www.wikidata.org/entity/Q2726381,0,44,,49.800833333333,81.276111111111
KAZ,Cazaquistão,Q4177201,http://www.wikidata.org/entity/Q964566,0,251,,54.086633,65.410867
KAZ,Cazaquistão,Q4177868,http://www.wikidata.org/entity/Q13589438,0,81,,43.534444444444,75.653333333333
KAZ,Cazaquistão,Q4177927,http://www.wikidata.org/entity/Q20098352,0,4847,,46.825555555556,61.94
KAZ,Cazaquistão,Q4180504,http://www.wikidata.org/entity/Q20098404,0,741,,50.848055555556,54.826944444444
KAZ,Cazaquistão,Q4194433,http://www.wikidata.org/entity/Q61367700,0,2318,,49.790277777778,84.256944444444
KAZ,Cazaquistão,Q4198858,http://www.wikidata.org/entity/Q2283566,0,64,,49.686388888889,72.030833333333
KAZ,Cazaquistão,Q4199621,http://www.wikidata.org/entity/Q30973010,0,1258,,54.201734,68.004192
KAZ,Cazaquistão,Q986100,http://www.wikidata.org/entity/Q27430662,0,72074,,50.344166666667,83.512777777778
KAZ,Cazaquistão,Q1000852,http://www.wikidata.org/entity/Q20098370,0,156000,,43.338888888889,52.855555555556
KAZ,Cazaquistão,Q1416868,http://www.wikidata.org/entity/Q16723698,0,2148,,46.816944444444,75.040277777778
KAZ,Cazaquistão,Q1508995,http://www.wikidata.org/entity/Q16723999,0,2403,,49.355833333333,72.900555555556
KAZ,Cazaquistão,Q1521311,http://www.wikidata.org/entity/Q16695904,0,4115,,50.119166666667,73.165555555556
KAZ,Cazaquistão,Q1747399,http://www.wikidata.org/entity/Q485429,0,7907,,46.9625,74.996944444444
KAZ,Cazaquistão,Q1756009,http://www.wikidata.org/entity/Q574486,0,52105,,42.526944444444,69.773055555556
KAZ,Cazaquistão,Q1764070,http://www.wikidata.org/entity/Q2726493,0,151,,47.206944444444,71.396944444444
KAZ,Cazaquistão,Q2752954,http://www.wikidata.org/entity/Q613774,0,4549,,48.716666666667,83.7
KAZ,Cazaquistão,Q3192204,http://www.wikidata.org/entity/Q2556317,0,1831,,44.158888888889,78.751944444444
KAZ,Cazaquistão,Q3259788,http://www.wikidata.org/entity/Q4157856,0,13203,,46.6,49.266666666667
KAZ,Cazaquistão,Q3900621,http://www.wikidata.org/entity/Q2466404,0,9841,,43.37106,76.941974
KAZ,Cazaquistão,Q3920366,http://www.wikidata.org/entity/Q25577,0,2174,,54.974067,69.026985
KAZ,Cazaquistão,Q3947005,http://www.wikidata.org/entity/Q2556249,0,3027,,46.173474,81.100018
KAZ,Cazaquistão,Q4056543,http://www.wikidata.org/entity/Q12531610,0,9612,,48.2606,72.85825
KAZ,Cazaquistão,Q4059053,http://www.wikidata.org/entity/Q30972474,0,622,,53.156944444444,68.329722222222
KAZ,Cazaquistão,Q4059298,http://www.wikidata.org/entity/Q30975058,0,293,,52.615277777778,68.051666666667
KAZ,Cazaquistão,Q4059468,http://www.wikidata.org/entity/Q13515550,0,3397,,47.748049,74.025759
KAZ,Cazaquistão,Q4090229,http://www.wikidata.org/entity/Q61368717,0,2203,,49.536944444444,82.408611111111
KAZ,Cazaquistão,Q4090260,http://www.wikidata.org/entity/Q61366620,0,400,,51.818611111111,74.324444444444
KAZ,Cazaquistão,Q4091789,http://www.wikidata.org/entity/Q2476538,0,1647,,53.05,64.333333333333
KAZ,Cazaquistão,Q4095041,http://www.wikidata.org/entity/Q30975100,0,372,,54.568262,68.16028
KAZ,Cazaquistão,Q4098555,http://www.wikidata.org/entity/Q61944,0,786,,50.48503,79.72435
KAZ,Cazaquistão,Q4099708,http://www.wikidata.org/entity/Q20074174,0,3244,,51.426944444444,52.7125
KAZ,Cazaquistão,Q4102853,http://www.wikidata.org/entity/Q30969552,0,492,,52.589722222222,62.545833333333
KAZ,Cazaquistão,Q4107663,http://www.wikidata.org/entity/Q2565654,0,102,,51.516666666667,72.566666666667
KAZ,Cazaquistão,Q4108583,http://www.wikidata.org/entity/Q16709058,0,244,,48.683333333333,73.283333333333
KAZ,Cazaquistão,Q4112871,http://www.wikidata.org/entity/Q4112900,0,581,,54.09472222,63.49222222
KAZ,Cazaquistão,Q4113168,http://www.wikidata.org/entity/Q30975100,0,138,,54.487343,68.172983
KAZ,Cazaquistão,Q4122996,http://www.wikidata.org/entity/Q2321988,0,1004,,51.030555555556,71.961666666667
KAZ,Cazaquistão,Q4134421,http://www.wikidata.org/entity/Q12557816,0,6537,,43.565277777778,75.196666666667
KAZ,Cazaquistão,Q4140125,http://www.wikidata.org/entity/Q61367480,0,14301,,50.145555555556,82.311388888889
KAZ,Cazaquistão,Q4144742,http://www.wikidata.org/entity/Q1008853,0,1551,,53.030277777778,63.112222222222
KAZ,Cazaquistão,Q4147885,http://www.wikidata.org/entity/Q12556408,0,1093,,42.74337,73.46906
KAZ,Cazaquistão,Q4155073,http://www.wikidata.org/entity/Q16697408,0,825,,49.096413888889,72.948477777778
KAZ,Cazaquistão,Q4155149,http://www.wikidata.org/entity/Q20076121,0,5329,,51.358388888889,51.742430555556
KAZ,Cazaquistão,Q4166101,http://www.wikidata.org/entity/Q2550287,0,36,,49.955224,50.617354
KAZ,Cazaquistão,Q4166271,http://www.wikidata.org/entity/Q30973268,0,787,,53.806111111111,70.091944444444
KAZ,Cazaquistão,Q4167178,http://www.wikidata.org/entity/Q12546417,0,4027,,49.85725556,73.26090833
KAZ,Cazaquistão,Q4177934,http://www.wikidata.org/entity/Q20098353,0,15106,,45.0803,64.6786
KAZ,Cazaquistão,Q4177965,http://www.wikidata.org/entity/Q20076748,0,4562,,49.666666666667,49.466666666667
KAZ,Cazaquistão,Q4177995,http://www.wikidata.org/entity/Q61367830,0,534,,49.24,86.3075
KAZ,Cazaquistão,Q4178080,http://www.wikidata.org/entity/Q2726381,0,3002,,49.220277777778,81.214444444444
KAZ,Cazaquistão,Q4178143,http://www.wikidata.org/entity/Q2550287,0,130,,49.08389,51.41361
KAZ,Cazaquistão,Q4178634,http://www.wikidata.org/entity/Q485429,0,34277,,47.870833333333,67.441944444444
KAZ,Cazaquistão,Q4178632,http://www.wikidata.org/entity/Q2668108,0,2624,,48.066666666667,67.05
KAZ,Cazaquistão,Q4179248,http://www.wikidata.org/entity/Q20098388,0,1936,,48.775,58.075
KAZ,Cazaquistão,Q4181636,http://www.wikidata.org/entity/Q486913,0,9498,,47.074722222222,51.860277777778
KAZ,Cazaquistão,Q4182307,http://www.wikidata.org/entity/Q1510481,0,766,,52.88849722,61.57281111
KAZ,Cazaquistão,Q4208478,http://www.wikidata.org/entity/Q20098452,0,14563,,41.75979,69.38798
KAZ,Cazaquistão,Q4208708,http://www.wikidata.org/entity/Q2946879,0,142,,48.848888888889,73.603611111111
KAZ,Cazaquistão,Q4209183,http://www.wikidata.org/entity/Q2726381,0,9852,,49.32808333,81.5708
KAZ,Cazaquistão,Q4209639,http://www.wikidata.org/entity/Q56367196,0,420,,52.248611111111,67.569166666667
KAZ,Cazaquistão,Q4210041,http://www.wikidata.org/entity/Q186466,0,3145,,43.21583333,76.80722222
KAZ,Cazaquistão,Q4211910,http://www.wikidata.org/entity/Q56366804,0,908,,51.268797222222,70.169797222222
KAZ,Cazaquistão,Q4212763,http://www.wikidata.org/entity/Q16720960,0,144,,44.33333333,75.55
KAZ,Cazaquistão,Q4212822,http://www.wikidata.org/entity/Q2737272,0,3869,,45.133333333333,79.05
KAZ,Cazaquistão,Q4213724,http://www.wikidata.org/entity/Q61367386,0,112,,50.76495,83.02962
KAZ,Cazaquistão,Q4214360,http://www.wikidata.org/entity/Q16701035,0,3565,,43.556944444444,77.985277777778
KAZ,Cazaquistão,Q4214673,http://www.wikidata.org/entity/Q16701060,0,30999,,43.167287,76.40768
KAZ,Cazaquistão,Q4216074,http://www.wikidata.org/entity/Q2668108,0,9957,,47.833333333333,66.733333333333
KAZ,Cazaquistão,Q4220187,http://www.wikidata.org/entity/Q56375292,0,734,,52.050833333333,67.685555555556
KAZ,Cazaquistão,Q4220375,http://www.wikidata.org/entity/Q16704365,0,951,,47.509375,72.907541
KAZ,Cazaquistão,Q4227185,http://www.wikidata.org/entity/Q2556173,0,3257,,45.648888888889,80.236944444444
KAZ,Cazaquistão,Q4227252,http://www.wikidata.org/entity/Q12551083,0,782,,52.927777777778,67.097222222222
KAZ,Cazaquistão,Q4227286,http://www.wikidata.org/entity/Q2556249,0,189,,45.655555555556,80.886944444444
KAZ,Cazaquistão,Q4227422,http://www.wikidata.org/entity/Q2550775,0,3651,,48.76,82.38
KAZ,Cazaquistão,Q4227421,http://www.wikidata.org/entity/Q12550982,0,2822,,49.926944444444,73.27
KAZ,Cazaquistão,Q4246019,http://www.wikidata.org/entity/Q20098233,0,374,,46.096388888889,59.515833333333
KAZ,Cazaquistão,Q4246422,http://www.wikidata.org/entity/Q30973172,0,139,,55.248333333333,70.473055555556
KAZ,Cazaquistão,Q4250241,http://www.wikidata.org/entity/Q30972147,0,8586,,52.450277777778,64.631111111111
KAZ,Cazaquistão,Q4250707,http://www.wikidata.org/entity/Q56367461,0,521,,50.896388888889,71.3625
KAZ,Cazaquistão,Q4264652,http://www.wikidata.org/entity/Q1538206,0,1483,,53.094722222222,68.433055555556
KAZ,Cazaquistão,Q4265600,http://www.wikidata.org/entity/Q56366804,0,397,,51.309707,70.069643
KAZ,Cazaquistão,Q4274825,http://www.wikidata.org/entity/Q61366410,0,10056,,51.46088,75.80481
KAZ,Cazaquistão,Q4274912,http://www.wikidata.org/entity/Q2556249,0,72,,45.761809,80.714743
KAZ,Cazaquistão,Q4275130,http://www.wikidata.org/entity/Q56368949,0,743,,50.913888888889,78.238888888889
KAZ,Cazaquistão,Q4275242,http://www.wikidata.org/entity/Q2550803,0,12242,,46.784522222222,82.018033333333
KAZ,Cazaquistão,Q4277621,http://www.wikidata.org/entity/Q4277624,0,1807,,49.825,84.266666666667
KAZ,Cazaquistão,Q4324738,http://www.wikidata.org/entity/Q12551083,0,585,,52.733333333333,68.733333333333
KAZ,Cazaquistão,Q4328046,http://www.wikidata.org/entity/Q2726493,0,859,,48.574407,73.983668
KAZ,Cazaquistão,Q4332337,http://www.wikidata.org/entity/Q30975184,0,511,,53.853944444444,68.882561111111
KAZ,Cazaquistão,Q4333061,http://www.wikidata.org/entity/Q61367707,0,1797,,49.636388888889,83.581944444444
KAZ,Cazaquistão,Q4334105,http://www.wikidata.org/entity/Q30972522,0,518,,53.53333333,67.45
KAZ,Cazaquistão,Q4336997,http://www.wikidata.org/entity/Q61367825,0,163,,49.152777777778,85.227777777778
KAZ,Cazaquistão,Q4341882,http://www.wikidata.org/entity/Q128127649,0,5319,,52.388888888889,76.861388888889
KAZ,Cazaquistão,Q4349267,http://www.wikidata.org/entity/Q56366804,0,1388,,51.287097222222,70.130602777778
KAZ,Cazaquistão,Q4350661,http://www.wikidata.org/entity/Q12558546,0,4308,,51.197777777778,50.850833333333
KAZ,Cazaquistão,Q4362204,http://www.wikidata.org/entity/Q16431402,0,2912,,53.725825,62.39233
KAZ,Cazaquistão,Q4367347,http://www.wikidata.org/entity/Q56367206,0,789,,51.8225,67.429166666667
KAZ,Cazaquistão,Q4368218,http://www.wikidata.org/entity/Q47982,0,0,,51.305138888889,77.985888888889
KAZ,Cazaquistão,Q4376441,http://www.wikidata.org/entity/Q61367346,0,3174,,50.041264,82.470674
KAZ,Cazaquistão,Q4408857,http://www.wikidata.org/entity/Q2550754,0,1059,,48.15,81.1
KAZ,Cazaquistão,Q4465775,,0,83900,,50.25,66.91667
KAZ,Cazaquistão,Q4474930,http://www.wikidata.org/entity/Q2550792,0,4392,,49.216666666667,84.516666666667
KAZ,Cazaquistão,Q4477341,http://www.wikidata.org/entity/Q56366941,0,964,,52.703555555556,69.998111111111
KAZ,Cazaquistão,Q4506086,http://www.wikidata.org/entity/Q16710911,0,121,,43.516666666667,77.166666666667
KAZ,Cazaquistão,Q4506219,http://www.wikidata.org/entity/Q16714088,0,5848,,43.335756,77.257635
KAZ,Cazaquistão,Q4506253,http://www.wikidata.org/entity/Q2737272,0,125,,45.243268,79.598685
KAZ,Cazaquistão,Q4506272,http://www.wikidata.org/entity/Q16691642,0,4923,,43.514783,77.637545
KAZ,Cazaquistão,Q4506279,http://www.wikidata.org/entity/Q16691568,0,1846,,43.439722222222,79.819166666667
KAZ,Cazaquistão,Q4506496,http://www.wikidata.org/entity/Q2550398,0,1380,,44.666944444444,78.103333333333
KAZ,Cazaquistão,Q4506570,http://www.wikidata.org/entity/Q16715210,0,1962,,43.473461,77.351617
KAZ,Cazaquistão,Q4506751,http://www.wikidata.org/entity/Q16708623,0,7040,,42.726111111111,80.174722222222
KAZ,Cazaquistão,Q4509427,http://www.wikidata.org/entity/Q2466404,0,10312,,43.421954,76.911518
KAZ,Cazaquistão,Q4509445,http://www.wikidata.org/entity/Q2737272,0,37,,45.983206,78.768618
KAZ,Cazaquistão,Q4509481,http://www.wikidata.org/entity/Q2556261,0,1725,,44.340555555556,80.382222222222
KAZ,Cazaquistão,Q4509498,http://www.wikidata.org/entity/Q16691528,0,2754,,43.170833333333,76.045555555556
KAZ,Cazaquistão,Q4509505,http://www.wikidata.org/entity/Q16701362,0,533,,43.3275,77.2
KAZ,Cazaquistão,Q4528867,http://www.wikidata.org/entity/Q2726443,0,1252,,49.745275,71.090272222222
KAZ,Cazaquistão,Q4536444,http://www.wikidata.org/entity/Q61367817,0,387,,49.4525,85.274722222222
KAZ,Cazaquistão,Q4539371,http://www.wikidata.org/entity/Q30973018,0,766,,53.982166666667,68.216944444444
KAZ,Cazaquistão,Q4701902,http://www.wikidata.org/entity/Q2550435,0,202,,45.297222222222,79.065
KAZ,Cazaquistão,Q5639265,http://www.wikidata.org/entity/Q2556249,0,1904,,46.198035,81.021741
KAZ,Cazaquistão,Q6351943,http://www.wikidata.org/entity/Q56367449,0,549,,51.272934,70.876418
KAZ,Cazaquistão,Q6351959,http://www.wikidata.org/entity/Q56367446,0,955,,51.313611111111,70.91
KAZ,Cazaquistão,Q6358430,http://www.wikidata.org/entity/Q56367094,0,98,,51.8595,72.598697222222
KAZ,Cazaquistão,Q6358443,http://www.wikidata.org/entity/Q56367120,0,933,,52.491558333333,73.301358333333
KAZ,Cazaquistão,Q6358460,http://www.wikidata.org/entity/Q56367167,0,631,,51.650666666667,65.793638888889
KAZ,Cazaquistão,Q6358476,http://www.wikidata.org/entity/Q56367101,0,1322,,51.3015,72.801202777778
KAZ,Cazaquistão,Q6358493,http://www.wikidata.org/entity/Q61421541,0,544,,52.1311,66.208687
KAZ,Cazaquistão,Q6358512,http://www.wikidata.org/entity/Q56367103,0,245,,51.874822,72.977924
KAZ,Cazaquistão,Q6358527,http://www.wikidata.org/entity/Q56367094,0,548,,51.9743,72.639202777778
KAZ,Cazaquistão,Q6358952,http://www.wikidata.org/entity/Q2556214,0,231,,53.19619,70.23272
KAZ,Cazaquistão,Q6358977,http://www.wikidata.org/entity/Q56366937,0,1598,,53.094134,69.864258
KAZ,Cazaquistão,Q6359005,http://www.wikidata.org/entity/Q56366932,0,459,,52.784996,70.288297
KAZ,Cazaquistão,Q6360609,http://www.wikidata.org/entity/Q56366932,0,823,,52.7223,70.251902777778
KAZ,Cazaquistão,Q6360820,http://www.wikidata.org/entity/Q56366896,0,1009,,51.9413,69.949933333333
KAZ,Cazaquistão,Q6361151,http://www.wikidata.org/entity/Q56366902,0,2051,,52.254880555556,70.580477777778
KAZ,Cazaquistão,Q6361888,http://www.wikidata.org/entity/Q28671102,0,1240,,50.852497222222,72.694997222222
KAZ,Cazaquistão,Q6361919,http://www.wikidata.org/entity/Q28671096,0,1152,,52.0985,71.528902777778
KAZ,Cazaquistão,Q6361935,http://www.wikidata.org/entity/Q28668689,0,182,,51.306302777778,72.1649
KAZ,Cazaquistão,Q6362301,http://www.wikidata.org/entity/Q30975259,0,833,,50.761259,72.324863
KAZ,Cazaquistão,Q6362334,http://www.wikidata.org/entity/Q4812946,0,304,,51.3685,68.241902777778
KAZ,Cazaquistão,Q6362397,http://www.wikidata.org/entity/Q56366856,0,3024,,51.796583333333,69.161033333333
KAZ,Cazaquistão,Q6362696,http://www.wikidata.org/entity/Q56366845,0,754,,51.7391,68.590997222222
KAZ,Cazaquistão,Q6362715,http://www.wikidata.org/entity/Q28671099,0,1009,,51.8509,71.2486
KAZ,Cazaquistão,Q6362921,http://www.wikidata.org/entity/Q56367031,0,218,,52.404402777778,70.877497222222
KAZ,Cazaquistão,Q6362939,http://www.wikidata.org/entity/Q2565681,0,27,,52.7831,71.854802777778
KAZ,Cazaquistão,Q6362954,http://www.wikidata.org/entity/Q56367033,0,480,,52.705391,70.972318
KAZ,Cazaquistão,Q6362971,http://www.wikidata.org/entity/Q56367015,0,170,,50.719802777778,69.516802777778
KAZ,Cazaquistão,Q6363115,http://www.wikidata.org/entity/Q56366859,0,919,,52.069402777778,68.606402777778
KAZ,Cazaquistão,Q6363196,http://www.wikidata.org/entity/Q28671101,0,1212,,51.004672222222,72.2727
KAZ,Cazaquistão,Q6363214,http://www.wikidata.org/entity/Q56366857,0,1079,,52.0304,68.353402777778
KAZ,Cazaquistão,Q6363324,http://www.wikidata.org/entity/Q56367007,0,92,,50.931066,69.064684
KAZ,Cazaquistão,Q6363406,http://www.wikidata.org/entity/Q56367031,0,480,,52.4711,70.748797222222
KAZ,Cazaquistão,Q6363548,http://www.wikidata.org/entity/Q56366803,0,1348,,51.42494,69.883072
KAZ,Cazaquistão,Q6363604,http://www.wikidata.org/entity/Q56366805,0,864,,51.767,69.448502777778
KAZ,Cazaquistão,Q6363616,http://www.wikidata.org/entity/Q56366793,0,1016,,51.841666666667,69.908333333333
KAZ,Cazaquistão,Q6363715,http://www.wikidata.org/entity/Q4812946,0,806,,50.9982,68.698102777778
KAZ,Cazaquistão,Q6363922,http://www.wikidata.org/entity/Q30973995,0,1129,,51.005902777778,72.068297222222
KAZ,Cazaquistão,Q6364043,http://www.wikidata.org/entity/Q56375281,0,738,,51.692302777778,68.4316
KAZ,Cazaquistão,Q6364310,http://www.wikidata.org/entity/Q56366784,0,575,,51.900997222222,69.5896
KAZ,Cazaquistão,Q6364342,http://www.wikidata.org/entity/Q28668682,0,1912,,50.884302777778,72.149197222222
KAZ,Cazaquistão,Q6364400,http://www.wikidata.org/entity/Q56366855,0,749,,52.092702777778,68.303097222222
KAZ,Cazaquistão,Q6380637,http://www.wikidata.org/entity/Q16714088,0,4058,,43.370591,77.316228
KAZ,Cazaquistão,Q7498607,http://www.wikidata.org/entity/Q20098129,0,476,,50.368541,58.900808
KAZ,Cazaquistão,Q7498637,http://www.wikidata.org/entity/Q485437,0,337,,50.073315,62.124876
KAZ,Cazaquistão,Q7498778,http://www.wikidata.org/entity/Q56367456,0,432,,51.331214,70.521272
KAZ,Cazaquistão,Q7498851,http://www.wikidata.org/entity/Q56367074,0,740,,51.69593,72.336802
KAZ,Cazaquistão,Q7498988,http://www.wikidata.org/entity/Q20098135,0,856,,50.558379,55.187931
KAZ,Cazaquistão,Q7499169,http://www.wikidata.org/entity/Q56367160,0,972,,51.921962,66.377626
KAZ,Cazaquistão,Q7499450,http://www.wikidata.org/entity/Q56367029,0,826,,52.516402777778,72.316202777778
KAZ,Cazaquistão,Q7499475,http://www.wikidata.org/entity/Q2550413,0,24,,50.680768,56.401588
KAZ,Cazaquistão,Q7499496,http://www.wikidata.org/entity/Q20098202,0,236,,49.621103,58.368694
KAZ,Cazaquistão,Q7499641,http://www.wikidata.org/entity/Q20098377,0,110,,48.045833333333,56.66
KAZ,Cazaquistão,Q7499667,http://www.wikidata.org/entity/Q56367037,0,444,,52.779358,71.526694
KAZ,Cazaquistão,Q7499699,http://www.wikidata.org/entity/Q20098141,0,745,,50.665523,61.517551
KAZ,Cazaquistão,Q7499731,http://www.wikidata.org/entity/Q22202893,0,145,,50.321116,59.624948
KAZ,Cazaquistão,Q7499767,http://www.wikidata.org/entity/Q1001104,0,6986,,50.236666666667,73.062777777778
KAZ,Cazaquistão,Q7499986,http://www.wikidata.org/entity/Q477232,0,418,,50.395771,57.255664
KAZ,Cazaquistão,Q9352982,http://www.wikidata.org/entity/Q30953586,0,299,,54.817628,68.447913
KAZ,Cazaquistão,Q9353000,http://www.wikidata.org/entity/Q30972747,0,718,,55.064274,68.485186
KAZ,Cazaquistão,Q9353016,http://www.wikidata.org/entity/Q56367043,0,316,,52.6053,70.6955
KAZ,Cazaquistão,Q10813410,http://www.wikidata.org/entity/Q30972747,0,65,,55.049838,68.296983
KAZ,Cazaquistão,Q10813420,http://www.wikidata.org/entity/Q30972749,0,172,,54.683695,68.396666666667
KAZ,Cazaquistão,Q10813744,http://www.wikidata.org/entity/Q32419,0,553,,54.611666666667,67.663611111111
KAZ,Cazaquistão,Q10813783,http://www.wikidata.org/entity/Q30972751,0,234,,54.808144,67.990292
KAZ,Cazaquistão,Q10843582,http://www.wikidata.org/entity/Q32419,0,0,,54.459331,68.013638
KAZ,Cazaquistão,Q10844158,http://www.wikidata.org/entity/Q30972754,0,215,,54.95,68.16666667
KAZ,Cazaquistão,Q10844811,http://www.wikidata.org/entity/Q30975108,0,86,,54.653888888889,67.749444444444
KAZ,Cazaquistão,Q10844842,http://www.wikidata.org/entity/Q30972754,0,88,,54.965277777778,68.325
KAZ,Cazaquistão,Q10857195,http://www.wikidata.org/entity/Q2556049,0,1426,,43.3292,77.016197222222
KAZ,Cazaquistão,Q10858348,http://www.wikidata.org/entity/Q30975106,0,1002,,54.93,68.632222222222
KAZ,Cazaquistão,Q10858478,http://www.wikidata.org/entity/Q32419,0,32,,54.891944444444,68.188611111111
KAZ,Cazaquistão,Q10858514,http://www.wikidata.org/entity/Q32419,0,41,,54.961878,68.612529
KAZ,Cazaquistão,Q10858557,http://www.wikidata.org/entity/Q30972751,0,95,,54.777792,67.94051
KAZ,Cazaquistão,Q10858590,http://www.wikidata.org/entity/Q30972750,0,226,,54.564331,67.79591
KAZ,Cazaquistão,Q10862289,http://www.wikidata.org/entity/Q30975122,0,409,,54.740801,69.073613
KAZ,Cazaquistão,Q10862348,http://www.wikidata.org/entity/Q30972847,0,211,,55.166711,69.405256
KAZ,Cazaquistão,Q10862377,http://www.wikidata.org/entity/Q30972862,0,856,,54.730717,69.356332
KAZ,Cazaquistão,Q10862381,http://www.wikidata.org/entity/Q30975124,0,866,,54.935723,69.205614
KAZ,Cazaquistão,Q10896619,http://www.wikidata.org/entity/Q30975124,0,402,,55.013802,69.170166
KAZ,Cazaquistão,Q10896808,http://www.wikidata.org/entity/Q30972484,0,540,,53.65329,68.13733
KAZ,Cazaquistão,Q10897259,http://www.wikidata.org/entity/Q4264652,0,2459,,52.926038,68.364902
KAZ,Cazaquistão,Q10898160,http://www.wikidata.org/entity/Q30972855,0,1625,,54.619003,68.730112
KAZ,Cazaquistão,Q10908872,http://www.wikidata.org/entity/Q30972847,0,1022,,55.096543,69.226299
KAZ,Cazaquistão,Q10984348,http://www.wikidata.org/entity/Q30972860,0,206,,54.876113,68.836628
KAZ,Cazaquistão,Q10985859,http://www.wikidata.org/entity/Q30972849,0,803,,55.048974,69.720855
KAZ,Cazaquistão,Q10988121,http://www.wikidata.org/entity/Q30972851,0,689,,55.150235,69.258829
KAZ,Cazaquistão,Q10992030,http://www.wikidata.org/entity/Q30972854,0,689,,55.218987,69.11532
KAZ,Cazaquistão,Q11003055,http://www.wikidata.org/entity/Q30972874,0,148,,54.939125,69.072576
KAZ,Cazaquistão,Q11005443,http://www.wikidata.org/entity/Q30972863,0,437,,54.555689,68.728138
KAZ,Cazaquistão,Q11152688,http://www.wikidata.org/entity/Q4205617,0,544,,54.669563,68.815342
KAZ,Cazaquistão,Q11549896,http://www.wikidata.org/entity/Q25577,0,21,,55.109457,70.006328
KAZ,Cazaquistão,Q11645108,http://www.wikidata.org/entity/Q2605063,0,1277,,51.393895,67.121012
KAZ,Cazaquistão,Q11721982,http://www.wikidata.org/entity/Q30972846,0,61,,54.90356,69.2772
KAZ,Cazaquistão,Q11722001,http://www.wikidata.org/entity/Q30972846,0,104,,54.894133,69.462934
KAZ,Cazaquistão,Q11722080,http://www.wikidata.org/entity/Q30972874,0,329,,55.008831,69.103046
KAZ,Cazaquistão,Q11722239,http://www.wikidata.org/entity/Q25577,0,33,,54.877222222222,68.835277777778
KAZ,Cazaquistão,Q11722322,http://www.wikidata.org/entity/Q30975124,0,958,,54.9651,69.245954
KAZ,Cazaquistão,Q11773230,http://www.wikidata.org/entity/Q30972846,0,240,,54.774702,69.480787
KAZ,Cazaquistão,Q11773462,http://www.wikidata.org/entity/Q30975122,0,472,,54.713615,69.022966
KAZ,Cazaquistão,Q11773688,http://www.wikidata.org/entity/Q30975121,0,791,,55.09168,69.026485
KAZ,Cazaquistão,Q11773696,http://www.wikidata.org/entity/Q30972862,0,1336,,54.819975,69.089571
KAZ,Cazaquistão,Q11860015,http://www.wikidata.org/entity/Q16692455,0,1796,,43.579166666667,79.455277777778
KAZ,Cazaquistão,Q11860125,http://www.wikidata.org/entity/Q2737298,0,825,,48.619166666667,51.758333333333
KAZ,Cazaquistão,Q11860223,http://www.wikidata.org/entity/Q16433955,0,2741,,48.2675,51.524166666667
KAZ,Cazaquistão,Q11903515,http://www.wikidata.org/entity/Q56367249,0,231,,51.185335,66.843903
KAZ,Cazaquistão,Q11911782,http://www.wikidata.org/entity/Q56367239,0,105,,50.742429,66.612191
KAZ,Cazaquistão,Q12015006,http://www.wikidata.org/entity/Q56367239,0,365,,50.824468,66.670881
KAZ,Cazaquistão,Q12526192,http://www.wikidata.org/entity/Q22201314,0,1134,,45.73196667,62.11660556
KAZ,Cazaquistão,Q12526211,http://www.wikidata.org/entity/Q20098485,0,2206,,47.24725,62.34534444
KAZ,Cazaquistão,Q12526214,http://www.wikidata.org/entity/Q13419755,0,288,,48.046388888889,75.859722222222
KAZ,Cazaquistão,Q12531259,http://www.wikidata.org/entity/Q1315249,0,10232,,43.555951,68.896294
KAZ,Cazaquistão,Q12532833,http://www.wikidata.org/entity/Q522660,0,198,,43.16408333,69.91733333
KAZ,Cazaquistão,Q12533476,http://www.wikidata.org/entity/Q12527314,0,1899,,47.835402777778,47.578405555556
KAZ,Cazaquistão,Q12533652,http://www.wikidata.org/entity/Q2550754,0,2883,,48.167286,78.663869
KAZ,Cazaquistão,Q12536184,http://www.wikidata.org/entity/Q13423440,0,5223,,50.063611111111,73.722222222222
KAZ,Cazaquistão,Q2378055,http://www.wikidata.org/entity/Q2554567,0,36494,,40.775277777778,68.327222222222
KAZ,Cazaquistão,Q2380922,http://www.wikidata.org/entity/Q20098105,0,44502,,45.853611111111,62.156111111111
KAZ,Cazaquistão,Q3448684,http://www.wikidata.org/entity/Q56366783,0,6313,,51.5981,69.978
KAZ,Cazaquistão,Q3644611,http://www.wikidata.org/entity/Q56367009,0,2976,,50.846944444444,70.832777777778
KAZ,Cazaquistão,Q3811195,http://www.wikidata.org/entity/Q56367401,0,6025,,51.6975,70.994777777778
KAZ,Cazaquistão,Q3884178,http://www.wikidata.org/entity/Q20098409,0,18563,,45.488888888889,64.09
KAZ,Cazaquistão,Q3900620,http://www.wikidata.org/entity/Q16711225,0,4597,,50.2725,81.983333333333
KAZ,Cazaquistão,Q4059633,http://www.wikidata.org/entity/Q20098126,0,4596,,46.655105555556,49.057358333333
KAZ,Cazaquistão,Q4059954,http://www.wikidata.org/entity/Q622780,0,3350,,52.130002,76.868704
KAZ,Cazaquistão,Q4059955,http://www.wikidata.org/entity/Q61420726,0,4027,,52.469166666667,71.981111111111
KAZ,Cazaquistão,Q4059953,http://www.wikidata.org/entity/Q2946879,0,4587,,48.763611111111,73.672222222222
KAZ,Cazaquistão,Q4059958,http://www.wikidata.org/entity/Q30975018,0,1099,,53.614302777778,66.556155555556
KAZ,Cazaquistão,Q4059959,http://www.wikidata.org/entity/Q117812386,0,1231,,44.621666666667,74.504166666667
KAZ,Cazaquistão,Q4060063,http://www.wikidata.org/entity/Q20072650,0,1082,,51.00045,50.179047222222
KAZ,Cazaquistão,Q4060136,http://www.wikidata.org/entity/Q16691599,0,2770,,48.314444444444,74.976944444444
KAZ,Cazaquistão,Q4061215,http://www.wikidata.org/entity/Q61367705,0,84,,49.7,83.416666666667
KAZ,Cazaquistão,Q4061783,http://www.wikidata.org/entity/Q56367325,0,1560,,53.512023,69.514184
KAZ,Cazaquistão,Q4062681,http://www.wikidata.org/entity/Q2550378,0,772,,43.086666666667,76.908333333333
KAZ,Cazaquistão,Q4062922,http://www.wikidata.org/entity/Q61367435,0,2104,,50.24489,82.36097
KAZ,Cazaquistão,Q4065612,http://www.wikidata.org/entity/Q30975100,0,611,,54.517362,68.28319
KAZ,Cazaquistão,Q4069760,http://www.wikidata.org/entity/Q2605432,0,0,,41.021944,68.000556
KAZ,Cazaquistão,Q4070958,http://www.wikidata.org/entity/Q61367863,0,546,,49.294166666667,86.560277777778
KAZ,Cazaquistão,Q4071049,http://www.wikidata.org/entity/Q12551083,0,2851,,52.954166666667,68.198611111111
KAZ,Cazaquistão,Q4071819,http://www.wikidata.org/entity/Q61368776,0,2705,,49.558333333333,82.991666666667
KAZ,Cazaquistão,Q4072416,http://www.wikidata.org/entity/Q56367398,0,2526,,51.477333333333,71.219541666667
KAZ,Cazaquistão,Q4072682,http://www.wikidata.org/entity/Q30972516,0,613,,53.502777777778,67.244166666667
KAZ,Cazaquistão,Q4082951,http://www.wikidata.org/entity/Q4112900,0,260,,54.198888888889,63.466388888889
KAZ,Cazaquistão,Q4083203,http://www.wikidata.org/entity/Q16692532,0,8510,,43.314652777778,77.101
KAZ,Cazaquistão,Q4084703,http://www.wikidata.org/entity/Q61367830,0,562,,49.3725,86.430833333333
KAZ,Cazaquistão,Q4085430,http://www.wikidata.org/entity/Q61367705,0,91,,49.688888888889,83.433333333333
KAZ,Cazaquistão,Q4085606,http://www.wikidata.org/entity/Q16692705,0,2008,,43.217502777778,77.1017
KAZ,Cazaquistão,Q4085971,http://www.wikidata.org/entity/Q12535345,0,4174,,43.208055555556,74.465277777778
KAZ,Cazaquistão,Q4178269,http://www.wikidata.org/entity/Q2726381,0,1020,,48.78247,80.87611
KAZ,Cazaquistão,Q4178708,http://www.wikidata.org/entity/Q56368464,0,5956,,53.54112,75.31436
KAZ,Cazaquistão,Q4203114,http://www.wikidata.org/entity/Q20098437,0,5866,,48.616666666667,61.266666666667
KAZ,Cazaquistão,Q4207625,http://www.wikidata.org/entity/Q30972140,0,796,,52.466111111111,63.635833333333
KAZ,Cazaquistão,Q4235803,http://www.wikidata.org/entity/Q20098603,0,6125,,46.847905555556,53.804952777778
KAZ,Cazaquistão,Q4236381,http://www.wikidata.org/entity/Q2737276,0,1765,,46.545277777778,48.766388888889
KAZ,Cazaquistão,Q4237755,http://www.wikidata.org/entity/Q56367166,0,1115,,51.888180555556,66.785958333333
KAZ,Cazaquistão,Q4240570,http://www.wikidata.org/entity/Q30975072,0,501,,53.431388888889,67.055
KAZ,Cazaquistão,Q4395757,http://www.wikidata.org/entity/Q30969308,0,2529,,50.262777777778,66.895833333333
KAZ,Cazaquistão,Q4399560,http://www.wikidata.org/entity/Q186466,0,1014,,44.669166666667,78.905
KAZ,Cazaquistão,Q4404429,http://www.wikidata.org/entity/Q2550418,0,0,,47.511111111111,53.265
KAZ,Cazaquistão,Q4450036,http://www.wikidata.org/entity/Q12564353,0,4692,,49.034166666667,51.828888888889
KAZ,Cazaquistão,Q4450399,http://www.wikidata.org/entity/Q3180939,0,864,,49.106228,73.745424
KAZ,Cazaquistão,Q4477476,http://www.wikidata.org/entity/Q61367863,0,1334,,49.240833333333,86.339166666667
KAZ,Cazaquistão,Q4505036,http://www.wikidata.org/entity/Q20098619,0,1541,,50.469444444444,61.219444444444
KAZ,Cazaquistão,Q4505043,http://www.wikidata.org/entity/Q2737272,0,213,,45.450824,78.308005
KAZ,Cazaquistão,Q4505096,http://www.wikidata.org/entity/Q2360606,0,2689,,43.45027778,80.35
KAZ,Cazaquistão,Q4505100,http://www.wikidata.org/entity/Q2556049,0,2275,,43.707407,77.269921
KAZ,Cazaquistão,Q4505125,http://www.wikidata.org/entity/Q20098148,0,606,,48.344166666667,58.827222222222
KAZ,Cazaquistão,Q4505564,http://www.wikidata.org/entity/Q20098499,0,540,,50.048498,56.686793
KAZ,Cazaquistão,Q4505577,http://www.wikidata.org/entity/Q16709449,0,74,,43.448387,78.675
KAZ,Cazaquistão,Q4506285,http://www.wikidata.org/entity/Q16702050,0,1247,,45.465111,75.209159
KAZ,Cazaquistão,Q4506339,http://www.wikidata.org/entity/Q2556317,0,1040,,44.336111111111,78.444722222222
KAZ,Cazaquistão,Q4506349,http://www.wikidata.org/entity/Q2550398,0,754,,44.62805,77.994902777778
KAZ,Cazaquistão,Q4506358,http://www.wikidata.org/entity/Q2556249,0,611,,46.251184,80.097644
KAZ,Cazaquistão,Q4506366,http://www.wikidata.org/entity/Q16690616,0,5670,,43.400952777778,77.2692
KAZ,Cazaquistão,Q4506418,http://www.wikidata.org/entity/Q2737272,0,892,,45.611666666667,79.466388888889
KAZ,Cazaquistão,Q4506448,http://www.wikidata.org/entity/Q2737272,0,1758,,45.278638,79.350921
KAZ,Cazaquistão,Q4506471,http://www.wikidata.org/entity/Q16692219,0,1270,,43.564166666667,77.030277777778
KAZ,Cazaquistão,Q4506521,http://www.wikidata.org/entity/Q12555435,0,3423,,48.046111111111,54.491666666667
KAZ,Cazaquistão,Q4506565,http://www.wikidata.org/entity/Q2556261,0,1477,,44.032777777778,79.520277777778
KAZ,Cazaquistão,Q4737934,http://www.wikidata.org/entity/Q20076789,0,5125,,50.253611111111,52.595
KAZ,Cazaquistão,Q4738017,http://www.wikidata.org/entity/Q61367445,0,9649,,50.1361,82.5169
KAZ,Cazaquistão,Q4741801,http://www.wikidata.org/entity/Q20098368,0,27564,,43.9044,67.2511
KAZ,Cazaquistão,Q4992279,http://www.wikidata.org/entity/Q20098551,0,500,,46.6625,48.533888888889
KAZ,Cazaquistão,Q6380924,http://www.wikidata.org/entity/Q16691642,0,634,,43.581157777778,77.724550555556
KAZ,Cazaquistão,Q7497199,http://www.wikidata.org/entity/Q56367305,0,6,,53.505174,69.756306
KAZ,Cazaquistão,Q7497211,http://www.wikidata.org/entity/Q56367320,0,3000,,52.692222222222,68.988888888889
KAZ,Cazaquistão,Q7497269,http://www.wikidata.org/entity/Q20098103,0,1058,,50.965305555556,61.644472222222
KAZ,Cazaquistão,Q7497406,http://www.wikidata.org/entity/Q20098589,0,153,,48.322717,55.128241
KAZ,Cazaquistão,Q7497754,http://www.wikidata.org/entity/Q56367314,0,475,,53.148464,69.348525
KAZ,Cazaquistão,Q7497771,http://www.wikidata.org/entity/Q20098107,0,624,,49.976135,56.363653
KAZ,Cazaquistão,Q7497813,http://www.wikidata.org/entity/Q56367311,0,374,,53.314994,68.648858
KAZ,Cazaquistão,Q7497888,http://www.wikidata.org/entity/Q22202893,0,259,,50.308333333333,59.638888888889
KAZ,Cazaquistão,Q7497915,http://www.wikidata.org/entity/Q56367037,0,150,,52.845,71.332297222222
KAZ,Cazaquistão,Q7498034,http://www.wikidata.org/entity/Q20098554,0,43,,47.349448,60.899213
KAZ,Cazaquistão,Q7498100,http://www.wikidata.org/entity/Q20098275,0,332,,50.903733,58.008386
KAZ,Cazaquistão,Q7498175,http://www.wikidata.org/entity/Q20098453,0,1018,,49.524895,55.269537
KAZ,Cazaquistão,Q7499137,http://www.wikidata.org/entity/Q22204207,0,109,,50.059249,57.025784
KAZ,Cazaquistão,Q7499227,http://www.wikidata.org/entity/Q20098137,0,1368,,49.440555555556,56.478888888889
KAZ,Cazaquistão,Q7499512,http://www.wikidata.org/entity/Q56367075,0,702,,51.203602777778,72.5909
KAZ,Cazaquistão,Q7683139,http://www.wikidata.org/entity/Q56366935,0,2670,,53.1038,70.3635
KAZ,Cazaquistão,Q7702054,http://www.wikidata.org/entity/Q22203284,0,7627,,45.051944444444,64.980555555556
KAZ,Cazaquistão,Q8013052,http://www.wikidata.org/entity/Q16700590,0,2768,,43.487134,77.78002
KAZ,Cazaquistão,Q8054291,http://www.wikidata.org/entity/Q22201445,0,480,,49.646287,56.529654
KAZ,Cazaquistão,Q8070123,http://www.wikidata.org/entity/Q232,0,9325,,49.216666666667,50.333333333333
KAZ,Cazaquistão,Q8134199,http://www.wikidata.org/entity/Q20098240,0,318,,50.011445,57.435723
KAZ,Cazaquistão,Q8134196,http://www.wikidata.org/entity/Q20098499,0,131,,50.040859,56.867099
KAZ,Cazaquistão,Q8134201,http://www.wikidata.org/entity/Q22203451,0,845,,49.811113888889,57.989333333333
KAZ,Cazaquistão,Q8134210,http://www.wikidata.org/entity/Q22202626,0,213,,49.71428,57.255905
KAZ,Cazaquistão,Q8134211,http://www.wikidata.org/entity/Q20098662,0,1496,,50.250899,56.855872
KAZ,Cazaquistão,Q8134218,http://www.wikidata.org/entity/Q20098480,0,816,,49.983635,57.202995
KAZ,Cazaquistão,Q8134265,http://www.wikidata.org/entity/Q485437,0,3332,,50.04666667,57.34944444
KAZ,Cazaquistão,Q8765423,http://www.wikidata.org/entity/Q20098239,0,110,,50.054472222222,57.5885
KAZ,Cazaquistão,Q8975253,http://www.wikidata.org/entity/Q56367035,0,191,,52.787402777778,71.837097222222
KAZ,Cazaquistão,Q9110923,http://www.wikidata.org/entity/Q30975102,0,320,,55.034832,68.790883
KAZ,Cazaquistão,Q9148958,http://www.wikidata.org/entity/Q30975102,0,865,,54.97522,68.814322
KAZ,Cazaquistão,Q9148972,http://www.wikidata.org/entity/Q30975102,0,313,,55.064271,68.797089
KAZ,Cazaquistão,Q9250615,http://www.wikidata.org/entity/Q30975108,0,90,,54.629722222222,67.496944444444
KAZ,Cazaquistão,Q9252224,http://www.wikidata.org/entity/Q30972754,0,598,,54.905833333333,68.268055555556
KAZ,Cazaquistão,Q9252266,http://www.wikidata.org/entity/Q30953586,0,931,,54.879834,68.468093
KAZ,Cazaquistão,Q9352596,http://www.wikidata.org/entity/Q30972753,0,82,,54.685277777778,68.349722222222
KAZ,Cazaquistão,Q10697030,http://www.wikidata.org/entity/Q56367096,0,810,,51.534302777778,73.8156
KAZ,Cazaquistão,Q10729158,http://www.wikidata.org/entity/Q30972753,0,889,,54.598888888889,67.938611111111
KAZ,Cazaquistão,Q10813367,http://www.wikidata.org/entity/Q30972751,0,615,,54.937817,67.882711
KAZ,Cazaquistão,Q10858593,http://www.wikidata.org/entity/Q4205617,0,60,,55.130004,68.257663
KAZ,Cazaquistão,Q10858596,http://www.wikidata.org/entity/Q30953586,0,196,,54.82025,68.316498
KAZ,Cazaquistão,Q10858604,http://www.wikidata.org/entity/Q30972750,0,160,,54.458034,67.822965
KAZ,Cazaquistão,Q10858614,http://www.wikidata.org/entity/Q32419,0,1,,55.159448,68.588902
KAZ,Cazaquistão,Q11153541,http://www.wikidata.org/entity/Q30972874,0,135,,55.021257,68.9589
KAZ,Cazaquistão,Q11155568,http://www.wikidata.org/entity/Q30972858,0,938,,55.244684,68.784013
KAZ,Cazaquistão,Q11155941,http://www.wikidata.org/entity/Q30972858,0,90,,55.321283,68.772426
KAZ,Cazaquistão,Q11206809,http://www.wikidata.org/entity/Q30975121,0,338,,55.155188,68.944603
KAZ,Cazaquistão,Q11207781,http://www.wikidata.org/entity/Q30972847,0,122,,55.203512,69.452634
KAZ,Cazaquistão,Q11250465,http://www.wikidata.org/entity/Q30973841,0,904,,53.452998,71.24754
KAZ,Cazaquistão,Q11312655,http://www.wikidata.org/entity/Q30973846,0,574,,54.105257,71.376286
KAZ,Cazaquistão,Q11550740,http://www.wikidata.org/entity/Q30972858,0,18,,55.195277777778,68.815277777778
KAZ,Cazaquistão,Q11551993,http://www.wikidata.org/entity/Q30972859,0,365,,54.497412,68.503347
KAZ,Cazaquistão,Q11552697,http://www.wikidata.org/entity/Q30972849,0,77,,55.071881,69.863077
KAZ,Cazaquistão,Q11563630,http://www.wikidata.org/entity/Q30975222,0,799,,53.718611111111,71.995555555556
KAZ,Cazaquistão,Q11585072,http://www.wikidata.org/entity/Q30972859,0,1238,,54.52691,68.685995
KAZ,Cazaquistão,Q11590801,http://www.wikidata.org/entity/Q30972866,0,213,,55.024185,69.492202
KAZ,Cazaquistão,Q12531109,http://www.wikidata.org/entity/Q16719476,0,60,,50.999389,73.231673
KAZ,Cazaquistão,Q12532094,http://www.wikidata.org/entity/Q20098140,0,1276,,45.05138889,64.69916667
KAZ,Cazaquistão,Q12532110,http://www.wikidata.org/entity/Q61368016,0,519,,48.220469,83.69447
KAZ,Cazaquistão,Q12532109,http://www.wikidata.org/entity/Q20072647,0,1121,,51.22605,51.63240556
KAZ,Cazaquistão,Q12532152,http://www.wikidata.org/entity/Q16699070,0,79,,43.845833333333,69.791388888889
KAZ,Cazaquistão,Q12532160,http://www.wikidata.org/entity/Q20098579,0,1208,,45.784722222222,61.976111111111
KAZ,Cazaquistão,Q12532230,http://www.wikidata.org/entity/Q16700969,0,1281,,43.753077,78.23158
KAZ,Cazaquistão,Q12532467,http://www.wikidata.org/entity/Q56366892,0,397,,52.516802777778,70.2596
KAZ,Cazaquistão,Q12532511,http://www.wikidata.org/entity/Q20098131,0,2158,,44.91670833,64.71210833
KAZ,Cazaquistão,Q12532841,http://www.wikidata.org/entity/Q12536176,0,3884,,42.971111111111,71.5275
KAZ,Cazaquistão,Q12532845,http://www.wikidata.org/entity/Q58179,0,889,,53.545459,75.149217
KAZ,Cazaquistão,Q12533012,http://www.wikidata.org/entity/Q1315249,0,1528,,43.554112,68.48257
KAZ,Cazaquistão,Q12533037,http://www.wikidata.org/entity/Q12533041,0,851,,50.11555556,64.99472222
KAZ,Cazaquistão,Q12536346,http://www.wikidata.org/entity/Q20073968,0,1444,,50.510555555556,51.062777777778
KAZ,Cazaquistão,Q12536361,http://www.wikidata.org/entity/Q56366903,0,210,,52.096285,69.631309
KAZ,Cazaquistão,Q12536416,http://www.wikidata.org/entity/Q12526209,0,461,,48.66546111,84.1756
KAZ,Cazaquistão,Q4071858,http://www.wikidata.org/entity/Q2554567,0,25300,,40.8946,68.3643
KAZ,Cazaquistão,Q4071940,http://www.wikidata.org/entity/Q2554567,0,16402,,40.84782,68.50643
KAZ,Cazaquistão,Q4085600,http://www.wikidata.org/entity/Q2549654,0,1371,,42.995555555556,71.314166666667
KAZ,Cazaquistão,Q4089507,http://www.wikidata.org/entity/Q2554498,0,212,,52.616944444444,78.215833333333
KAZ,Cazaquistão,Q4178037,http://www.wikidata.org/entity/Q2726370,0,56,,47.604444444444,85.049444444444
KAZ,Cazaquistão,Q4179772,http://www.wikidata.org/entity/Q238931,0,11326,,43.594166666667,52.103333333333
KAZ,Cazaquistão,Q4179780,http://www.wikidata.org/entity/Q186466,0,15616,,43.678916666667,77.116694444444
KAZ,Cazaquistão,Q4203844,http://www.wikidata.org/entity/Q2550418,0,3269,,47.217222222222,52.633611111111
KAZ,Cazaquistão,Q4206533,http://www.wikidata.org/entity/Q2556249,0,6049,,45.835877777778,80.619458333333
KAZ,Cazaquistão,Q4214344,http://www.wikidata.org/entity/Q20077512,0,3782,,49.69,53.507777777778
KAZ,Cazaquistão,Q4217452,http://www.wikidata.org/entity/Q12575205,0,3869,,49.17,85.6075
KAZ,Cazaquistão,Q4218840,http://www.wikidata.org/entity/Q2556235,0,9049,,43.018329,79.2243
KAZ,Cazaquistão,Q4219120,http://www.wikidata.org/entity/Q30973276,0,2663,,53.83575,69.299016666667
KAZ,Cazaquistão,Q4227458,http://www.wikidata.org/entity/Q13476164,0,1480,,49.595,75.057222222222
KAZ,Cazaquistão,Q4227474,http://www.wikidata.org/entity/Q186466,0,1729,,45.87178,81.64285
KAZ,Cazaquistão,Q4227473,http://www.wikidata.org/entity/Q56368948,0,3815,,51.52844,77.47177
KAZ,Cazaquistão,Q4278110,http://www.wikidata.org/entity/Q2556225,0,9802,,43.510555555556,77.702777777778
KAZ,Cazaquistão,Q4284460,http://www.wikidata.org/entity/Q2550784,0,56,,48.669466666667,85.654822222222
KAZ,Cazaquistão,Q4284469,http://www.wikidata.org/entity/Q2737272,0,9065,,45.895,78.718055555556
KAZ,Cazaquistão,Q4287636,http://www.wikidata.org/entity/Q35493,0,173200,,43.25,76.95
KAZ,Cazaquistão,Q4297537,http://www.wikidata.org/entity/Q25505505,0,846,,53.586388888889,61.671111111111
KAZ,Cazaquistão,Q4299929,http://www.wikidata.org/entity/Q13404109,0,8607,,44.2858,72.9373
KAZ,Cazaquistão,Q4300799,http://www.wikidata.org/entity/Q16707365,0,6139,,50.713430555556,73.530308333333
KAZ,Cazaquistão,Q4309401,http://www.wikidata.org/entity/Q16707062,0,3305,,43.29305556,76.44444444
KAZ,Cazaquistão,Q4309426,http://www.wikidata.org/entity/Q1427082,0,2018,,51.983333333333,63.683333333333
KAZ,Cazaquistão,Q4309425,http://www.wikidata.org/entity/Q20098680,0,13339,,40.665277777778,68.54
KAZ,Cazaquistão,Q4314585,http://www.wikidata.org/entity/Q2556281,0,1065,,51.678055555556,71.017222222222
KAZ,Cazaquistão,Q4319094,http://www.wikidata.org/entity/Q2029854,0,1071,,52.772395,68.169637
KAZ,Cazaquistão,Q4321981,http://www.wikidata.org/entity/Q2664367,0,5591,,49.629444444444,83.524722222222
KAZ,Cazaquistão,Q4324524,http://www.wikidata.org/entity/Q4361580,0,887,,54.657222222222,68.194722222222
KAZ,Cazaquistão,Q4377713,http://www.wikidata.org/entity/Q61367710,0,872,,49.658333333333,83.758333333333
KAZ,Cazaquistão,Q4384363,http://www.wikidata.org/entity/Q4277624,0,945,,49.858888888889,84.333611111111
KAZ,Cazaquistão,Q4388868,http://www.wikidata.org/entity/Q20098391,0,306,,46.071944444444,61.728611111111
KAZ,Cazaquistão,Q4445604,http://www.wikidata.org/entity/Q2554556,0,4630,,44.140277777778,68.475
KAZ,Cazaquistão,Q4447386,http://www.wikidata.org/entity/Q30972522,0,649,,53.570666666667,67.604027777778
KAZ,Cazaquistão,Q4448319,http://www.wikidata.org/entity/Q56368751,0,475,,52.592322222222,76.757416666667
KAZ,Cazaquistão,Q4449479,http://www.wikidata.org/entity/Q61368746,0,4209,,50.168944444444,82.054444444444
KAZ,Cazaquistão,Q4466184,http://www.wikidata.org/entity/Q35493,0,188437,,43.25,76.95
KAZ,Cazaquistão,Q4477345,http://www.wikidata.org/entity/Q2550784,0,359,,48.786833333333,86.026472222222
KAZ,Cazaquistão,Q4504811,http://www.wikidata.org/entity/Q20098092,0,351,,50.181397222222,58.3194
KAZ,Cazaquistão,Q4504968,http://www.wikidata.org/entity/Q16692124,0,7238,,43.419014,76.898274
KAZ,Cazaquistão,Q4505007,http://www.wikidata.org/entity/Q2550378,0,2193,,43.245833333333,76.791666666667
KAZ,Cazaquistão,Q4505588,http://www.wikidata.org/entity/Q2550378,0,337,,43.34055556,76.81583333
KAZ,Cazaquistão,Q4509518,http://www.wikidata.org/entity/Q16692700,0,167,,43.250555555556,77.086111111111
KAZ,Cazaquistão,Q4509615,http://www.wikidata.org/entity/Q2737272,0,600,,45.253453,79.527274
KAZ,Cazaquistão,Q4509807,http://www.wikidata.org/entity/Q16704207,0,5646,,43.991944444444,76.323611111111
KAZ,Cazaquistão,Q4509816,http://www.wikidata.org/entity/Q16692233,0,4048,,44.569416,76.723674
KAZ,Cazaquistão,Q4515717,http://www.wikidata.org/entity/Q2736622,0,1220,,50.863055555556,49.656111111111
KAZ,Cazaquistão,Q4523710,http://www.wikidata.org/entity/Q2632718,0,31691,,44.168888888889,66.738888888889
KAZ,Cazaquistão,Q4526138,http://www.wikidata.org/entity/Q2448467,0,187,,51.253055555556,75.762222222222
KAZ,Cazaquistão,Q4527129,http://www.wikidata.org/entity/Q2550391,0,3736,,48.584786111111,57.18835
KAZ,Cazaquistão,Q6352771,http://www.wikidata.org/entity/Q2565586,0,23,,50.497277777778,69.997861111111
KAZ,Cazaquistão,Q6353548,http://www.wikidata.org/entity/Q2224859,0,2179,,51.298002777778,70.725897222222
KAZ,Cazaquistão,Q6389184,http://www.wikidata.org/entity/Q740832,0,2393,,47.8363,67.61932222
KAZ,Cazaquistão,Q6433146,http://www.wikidata.org/entity/Q2550418,0,0,,47.43333333,53.45
KAZ,Cazaquistão,Q6445678,http://www.wikidata.org/entity/Q477232,0,1712,,50.461001,57.020044
KAZ,Cazaquistão,Q6452967,http://www.wikidata.org/entity/Q2556049,0,3552,,43.401858333333,77.066952777778
KAZ,Cazaquistão,Q6475664,http://www.wikidata.org/entity/Q56367399,0,4258,,51.743888888889,71.714444444444
KAZ,Cazaquistão,Q6522628,http://www.wikidata.org/entity/Q16689468,0,326,,43.427222222222,76.731944444444
KAZ,Cazaquistão,Q6628902,http://www.wikidata.org/entity/Q28668682,0,50,,50.906661,72.044482
KAZ,Cazaquistão,Q6645027,http://www.wikidata.org/entity/Q20098179,0,1062,,49.830237,60.099085
KAZ,Cazaquistão,Q6681450,http://www.wikidata.org/entity/Q28668668,0,1590,,51.937797222222,70.4173
KAZ,Cazaquistão,Q6683485,http://www.wikidata.org/entity/Q16719335,0,1493,,42.811944444444,79.976388888889
KAZ,Cazaquistão,Q7082688,http://www.wikidata.org/entity/Q120278789,0,4327,,43.687426,77.19414
KAZ,Cazaquistão,Q7221256,http://www.wikidata.org/entity/Q2565654,0,1826,,51.715319444444,72.292163888889
KAZ,Cazaquistão,Q7229385,http://www.wikidata.org/entity/Q28671098,0,424,,52.080997222222,71.007897222222
KAZ,Cazaquistão,Q7246178,http://www.wikidata.org/entity/Q238931,0,1997,,44.89444444,52.68138889
KAZ,Cazaquistão,Q7270125,http://www.wikidata.org/entity/Q56367164,0,1080,,52.230715,66.352196
KAZ,Cazaquistão,Q7273154,http://www.wikidata.org/entity/Q2556249,0,1207,,45.848263888889,80.226722222222
KAZ,Cazaquistão,Q7273463,http://www.wikidata.org/entity/Q30975251,0,3945,,51.082222222222,71.744444444444
KAZ,Cazaquistão,Q7274506,http://www.wikidata.org/entity/Q30973969,0,505,,52.2856,71.1948
KAZ,Cazaquistão,Q7299212,http://www.wikidata.org/entity/Q28668689,0,840,,51.287043,72.092857
KAZ,Cazaquistão,Q7299332,http://www.wikidata.org/entity/Q56367161,0,574,,51.903059,66.219898
KAZ,Cazaquistão,Q7302261,http://www.wikidata.org/entity/Q20098258,0,2349,,46.218055555556,58.820555555556
KAZ,Cazaquistão,Q7303557,http://www.wikidata.org/entity/Q2466344,0,303,,51.207697222222,69.338602777778
KAZ,Cazaquistão,Q7303719,http://www.wikidata.org/entity/Q28668683,0,717,,50.661085,72.12268
KAZ,Cazaquistão,Q7304484,http://www.wikidata.org/entity/Q28671102,0,411,,50.9667,72.951302777778
KAZ,Cazaquistão,Q7310036,http://www.wikidata.org/entity/Q2321988,0,1117,,50.657566666667,72.386694444444
KAZ,Cazaquistão,Q7311006,http://www.wikidata.org/entity/Q56366807,0,99,,51.5545,69.412802777778
KAZ,Cazaquistão,Q7311193,http://www.wikidata.org/entity/Q25505191,0,259,,50.7507,72.208002777778
KAZ,Cazaquistão,Q7311325,http://www.wikidata.org/entity/Q56366793,0,406,,51.9495,70.091202777778
KAZ,Cazaquistão,Q7311353,http://www.wikidata.org/entity/Q25505191,0,808,,50.805702777778,72.116797222222
KAZ,Cazaquistão,Q7311375,http://www.wikidata.org/entity/Q56366788,0,178,,51.6419,70.037997222222
KAZ,Cazaquistão,Q7479803,http://www.wikidata.org/entity/Q56366900,0,706,,52.342802777778,69.799797222222
KAZ,Cazaquistão,Q7485390,http://www.wikidata.org/entity/Q2550413,0,297,,50.549878,55.986315
KAZ,Cazaquistão,Q7491775,http://www.wikidata.org/entity/Q56367347,0,83,,50.629069444444,70.074933333333
KAZ,Cazaquistão,Q7495349,http://www.wikidata.org/entity/Q2224859,0,152,,50.922222222222,71.241666666667
KAZ,Cazaquistão,Q7496825,http://www.wikidata.org/entity/Q56367099,0,301,,51.8295,73.8557
KAZ,Cazaquistão,Q7496918,http://www.wikidata.org/entity/Q56367305,0,537,,53.5642,69.535297222222
KAZ,Cazaquistão,Q7498137,http://www.wikidata.org/entity/Q2550391,0,18,,49.204931,56.873253
KAZ,Cazaquistão,Q7498210,http://www.wikidata.org/entity/Q20098117,0,2097,,50.232005555556,57.986269444444
KAZ,Cazaquistão,Q7498242,http://www.wikidata.org/entity/Q477232,0,2354,,50.341936111111,57.324066666667
KAZ,Cazaquistão,Q7498260,http://www.wikidata.org/entity/Q20098118,0,2567,,45.039444444444,55.753611111111
KAZ,Cazaquistão,Q7498407,http://www.wikidata.org/entity/Q485437,0,620,,47.480555555556,59.300833333333
KAZ,Cazaquistão,Q7498440,http://www.wikidata.org/entity/Q20098500,0,544,,50.798999,56.920469
KAZ,Cazaquistão,Q7498503,http://www.wikidata.org/entity/Q485437,0,1679,,49.65722222,57.33944444
KAZ,Cazaquistão,Q7498534,http://www.wikidata.org/entity/Q20098125,0,695,,49.94555556,60.55416667
KAZ,Cazaquistão,Q7498567,http://www.wikidata.org/entity/Q20098200,0,255,,50.77111,58.375578
KAZ,Cazaquistão,Q7499987,http://www.wikidata.org/entity/Q485437,0,512,,49.34083333,54.55611111
KAZ,Cazaquistão,Q7499991,http://www.wikidata.org/entity/Q20098437,0,578,,48.655101,61.019439
KAZ,Cazaquistão,Q7499993,http://www.wikidata.org/entity/Q20098153,0,1264,,44.823888888889,52.833055555556
KAZ,Cazaquistão,Q7499997,http://www.wikidata.org/entity/Q20098251,0,264,,48.535277777778,58.613923333333
KAZ,Cazaquistão,Q7500006,http://www.wikidata.org/entity/Q56366893,0,312,,52.2996,70.863297222222
KAZ,Cazaquistão,Q7500005,http://www.wikidata.org/entity/Q980931,0,101,,47.161444,59.435841
KAZ,Cazaquistão,Q7500281,http://www.wikidata.org/entity/Q56367101,0,98,,51.3634,73.182297222222
KAZ,Cazaquistão,Q7500330,http://www.wikidata.org/entity/Q56367195,0,196,,51.581401,67.876547
KAZ,Cazaquistão,Q7500382,http://www.wikidata.org/entity/Q56367350,0,64,,50.83022,70.518185
KAZ,Cazaquistão,Q7504306,http://www.wikidata.org/entity/Q2565586,0,14,,50.365833333333,69.805
KAZ,Cazaquistão,Q7504345,http://www.wikidata.org/entity/Q35493,0,159,,51.529766,65.794858
KAZ,Cazaquistão,Q7504649,http://www.wikidata.org/entity/Q56367392,0,143,,51.6267,70.7781
KAZ,Cazaquistão,Q7504778,http://www.wikidata.org/entity/Q20098170,0,879,,49.201729,55.868176
KAZ,Cazaquistão,Q7504824,http://www.wikidata.org/entity/Q20098455,0,551,,48.935898,58.710137
KAZ,Cazaquistão,Q7506253,http://www.wikidata.org/entity/Q28668668,0,299,,51.982624,70.548931
KAZ,Cazaquistão,Q7506291,http://www.wikidata.org/entity/Q20098476,0,231,,50.293897222222,57.575802777778
KAZ,Cazaquistão,Q7512429,http://www.wikidata.org/entity/Q2224859,0,234,,51.5769,71.7117
KAZ,Cazaquistão,Q7513722,http://www.wikidata.org/entity/Q2224859,0,24,,51.419005,71.596743
KAZ,Cazaquistão,Q7687363,http://www.wikidata.org/entity/Q2550803,0,4225,,47.2231,80.7889
KAZ,Cazaquistão,Q8013674,http://www.wikidata.org/entity/Q2737272,0,579,,45.578889,78.521808
KAZ,Cazaquistão,Q8134185,http://www.wikidata.org/entity/Q279835,0,81,,49.952666666667,57.664361111111
KAZ,Cazaquistão,Q8765402,http://www.wikidata.org/entity/Q279835,0,30,,49.931657,56.402108
KAZ,Cazaquistão,Q9251469,http://www.wikidata.org/entity/Q32419,0,460,,54.608888888889,68.083888888889
KAZ,Cazaquistão,Q10858629,http://www.wikidata.org/entity/Q30972747,0,249,,55.10138,68.348576
KAZ,Cazaquistão,Q10858634,http://www.wikidata.org/entity/Q30972747,0,171,,55.152973,68.507353
KAZ,Cazaquistão,Q10862214,http://www.wikidata.org/entity/Q30975120,0,936,,54.783118,68.944774
KAZ,Cazaquistão,Q10862218,http://www.wikidata.org/entity/Q30972846,0,1386,,54.85428,69.448
KAZ,Cazaquistão,Q10862229,http://www.wikidata.org/entity/Q30972860,0,1622,,54.910518,68.885122
KAZ,Cazaquistão,Q10862236,http://www.wikidata.org/entity/Q30972866,0,210,,54.895417,69.55237
KAZ,Cazaquistão,Q11324040,http://www.wikidata.org/entity/Q30972847,0,466,,55.317083,69.455467
KAZ,Cazaquistão,Q11324536,http://www.wikidata.org/entity/Q30972858,0,247,,55.275057,68.909841
KAZ,Cazaquistão,Q11342388,http://www.wikidata.org/entity/Q30972851,0,198,,55.292606,69.395557
KAZ,Cazaquistão,Q11348368,http://www.wikidata.org/entity/Q30972860,0,216,,54.906027,69.018331
KAZ,Cazaquistão,Q11367819,http://www.wikidata.org/entity/Q30972866,0,948,,54.903708,69.597517
KAZ,Cazaquistão,Q11368405,http://www.wikidata.org/entity/Q30972860,0,41,,54.889094,68.850925
KAZ,Cazaquistão,Q11369710,http://www.wikidata.org/entity/Q30972854,0,87,,55.405775,68.934303
KAZ,Cazaquistão,Q11477651,http://www.wikidata.org/entity/Q30975122,0,143,,54.623376,68.881174
KAZ,Cazaquistão,Q11478477,http://www.wikidata.org/entity/Q30972860,0,620,,54.882631,68.79869
KAZ,Cazaquistão,Q11490840,http://www.wikidata.org/entity/Q30972863,0,416,,54.555316,68.766382
KAZ,Cazaquistão,Q11491551,http://www.wikidata.org/entity/Q30972849,0,121,,54.996377,69.895435
KAZ,Cazaquistão,Q11493395,http://www.wikidata.org/entity/Q30972851,0,505,,55.241454,69.435039
KAZ,Cazaquistão,Q11494052,http://www.wikidata.org/entity/Q30972851,0,92,,55.370576,69.369979
KAZ,Cazaquistão,Q11494837,http://www.wikidata.org/entity/Q30972860,0,227,,54.87236,68.999191
KAZ,Cazaquistão,Q11495499,http://www.wikidata.org/entity/Q30972851,0,360,,55.198296,69.389084
KAZ,Cazaquistão,Q11496346,http://www.wikidata.org/entity/Q25577,0,15,,55.183229,68.725134
KAZ,Cazaquistão,Q11498457,http://www.wikidata.org/entity/Q30972855,0,433,,54.621537,68.807359
KAZ,Cazaquistão,Q11510348,http://www.wikidata.org/entity/Q30972866,0,247,,54.969682,69.622665
KAZ,Cazaquistão,Q12069867,http://www.wikidata.org/entity/Q30972749,0,620,,54.701594,68.536825
KAZ,Cazaquistão,Q12070548,http://www.wikidata.org/entity/Q30972750,0,481,,54.426316,67.801641
KAZ,Cazaquistão,Q12072547,http://www.wikidata.org/entity/Q30975120,0,982,,54.710293,68.980651
KAZ,Cazaquistão,Q12134265,http://www.wikidata.org/entity/Q2029854,0,1071,,53.31666667,67.98333333
KAZ,Cazaquistão,Q12163678,http://www.wikidata.org/entity/Q61368749,0,681,,50.021111111111,82.413888888889
KAZ,Cazaquistão,Q12163676,http://www.wikidata.org/entity/Q30973185,0,62,,54.83333333,70.58333333
KAZ,Cazaquistão,Q12222814,http://www.wikidata.org/entity/Q56367311,0,345,,53.412645,68.597168
KAZ,Cazaquistão,Q12224210,http://www.wikidata.org/entity/Q427658,0,3036,,47.048333333333,50.805277777778
KAZ,Cazaquistão,Q12252329,http://www.wikidata.org/entity/Q2556291,0,523,,53.214933,69.158684
KAZ,Cazaquistão,Q12252344,http://www.wikidata.org/entity/Q56367288,0,250,,52.749833,69.187169
KAZ,Cazaquistão,Q12252372,http://www.wikidata.org/entity/Q56367313,0,269,,53.383333333333,68.830277777778
KAZ,Cazaquistão,Q12252373,http://www.wikidata.org/entity/Q56367286,0,208,,53.297,68.743602777778
KAZ,Cazaquistão,Q12294281,http://www.wikidata.org/entity/Q56367302,0,101,,53.597725,68.908028
KAZ,Cazaquistão,Q12294286,http://www.wikidata.org/entity/Q56367301,0,349,,52.771378,69.366622
KAZ,Cazaquistão,Q12294288,http://www.wikidata.org/entity/Q56367302,0,650,,53.547323,68.849379
KAZ,Cazaquistão,Q12294293,http://www.wikidata.org/entity/Q56367306,0,394,,53.392129,69.695763
KAZ,Cazaquistão,Q12294297,http://www.wikidata.org/entity/Q2556291,0,806,,53.227873,69.88941
KAZ,Cazaquistão,Q12354517,http://www.wikidata.org/entity/Q4361580,0,1603,,54.2025,67.805555555556
KAZ,Cazaquistão,Q12360145,http://www.wikidata.org/entity/Q2668108,0,427,,47.82305556,66.04722222
KAZ,Cazaquistão,Q12404010,http://www.wikidata.org/entity/Q56367314,0,2270,,53.1692,69.127102777778
KAZ,Cazaquistão,Q12460561,http://www.wikidata.org/entity/Q20098123,0,2232,,47.0975,54.380277777778
KAZ,Cazaquistão,Q12527245,http://www.wikidata.org/entity/Q2554511,0,3916,,42.554092,70.279341
KAZ,Cazaquistão,Q12528031,http://www.wikidata.org/entity/Q2726452,0,2295,,44.80726111,64.62531389
KAZ,Cazaquistão,Q12528049,http://www.wikidata.org/entity/Q2550378,0,7989,,43.180277777778,76.9
KAZ,Cazaquistão,Q12528455,http://www.wikidata.org/entity/Q20072687,0,1571,,49.185,51.896111111111
KAZ,Cazaquistão,Q12528703,http://www.wikidata.org/entity/Q2556261,0,3697,,44.200555555556,80.139166666667
KAZ,Cazaquistão,Q12528829,http://www.wikidata.org/entity/Q20072656,0,1189,,51.156228,52.320836
KAZ,Cazaquistão,Q12528832,http://www.wikidata.org/entity/Q522660,0,772,,43.19468056,69.63881111
KAZ,Cazaquistão,Q12529004,http://www.wikidata.org/entity/Q12529007,0,1001,,50.43472222,65.64055556
KAZ,Cazaquistão,Q12529027,http://www.wikidata.org/entity/Q20098176,0,2196,,46.108648,61.543508
KAZ,Cazaquistão,Q12531027,http://www.wikidata.org/entity/Q12531028,0,5880,,42.893888888889,75.150555555556
KAZ,Cazaquistão,Q12531619,http://www.wikidata.org/entity/Q20098152,0,2384,,42.017321,68.022659
KAZ,Cazaquistão,Q12531654,http://www.wikidata.org/entity/Q574486,0,1870,,42.414835,69.789047
KAZ,Cazaquistão,Q12531712,http://www.wikidata.org/entity/Q16691517,0,1761,,44.832112,76.229645
KAZ,Cazaquistão,Q12531744,http://www.wikidata.org/entity/Q2554452,0,5635,,41.599931,69.34798
KAZ,Cazaquistão,Q12531751,http://www.wikidata.org/entity/Q20098114,0,2545,,44.87067778,64.76428333
KAZ,Cazaquistão,Q12531816,http://www.wikidata.org/entity/Q61366515,0,843,,52.336073,75.057907
KAZ,Cazaquistão,Q12531838,http://www.wikidata.org/entity/Q20098134,0,2519,,44.08728056,66.865675
KAZ,Cazaquistão,Q12532512,http://www.wikidata.org/entity/Q2554487,0,0,,42.37368333,68.20563889
KAZ,Cazaquistão,Q12532570,http://www.wikidata.org/entity/Q20072751,0,1049,,50.733685,51.544405
KAZ,Cazaquistão,Q12532659,http://www.wikidata.org/entity/Q1315785,0,3396,,43.563601,68.111115
KAZ,Cazaquistão,Q12532692,http://www.wikidata.org/entity/Q2554428,0,6709,,42.38301389,69.25794444
KAZ,Cazaquistão,Q12532759,http://www.wikidata.org/entity/Q20072905,0,1357,,49.389166666667,51.828888888889
KAZ,Cazaquistão,Q12532764,http://www.wikidata.org/entity/Q12532765,0,1460,,49.066666666667,51.949444444444
KAZ,Cazaquistão,Q12532769,http://www.wikidata.org/entity/Q574486,0,6989,,42.272468,69.750806
KAZ,Cazaquistão,Q12533121,http://www.wikidata.org/entity/Q22202471,0,4071,,44.33840833,66.51615833
KAZ,Cazaquistão,Q12533402,http://www.wikidata.org/entity/Q2554511,0,4837,,42.58621389,70.06738889
KAZ,Cazaquistão,Q12533832,http://www.wikidata.org/entity/Q2550775,0,1041,,48.875347,83.255349
KAZ,Cazaquistão,Q12534148,http://www.wikidata.org/entity/Q56375118,0,778,,51.112297222222,68.9175
KAZ,Cazaquistão,Q12534218,http://www.wikidata.org/entity/Q56368453,0,820,,53.645452,75.140291
KAZ,Cazaquistão,Q12534250,http://www.wikidata.org/entity/Q56366937,0,600,,53.021171,69.954546
KAZ,Cazaquistão,Q12534571,http://www.wikidata.org/entity/Q2466416,0,1579,,51.19033889,79.04028333
KAZ,Cazaquistão,Q12534861,http://www.wikidata.org/entity/Q56367390,0,1414,,51.770664,71.224716
KAZ,Cazaquistão,Q12534882,http://www.wikidata.org/entity/Q20098525,0,2776,,44.1925,66.78138889
KAZ,Cazaquistão,Q12534929,http://www.wikidata.org/entity/Q56367356,0,547,,52.48,69.165555555556
KAZ,Cazaquistão,Q12534976,http://www.wikidata.org/entity/Q56367189,0,587,,51.810098,67.91799
KAZ,Cazaquistão,Q12535091,http://www.wikidata.org/entity/Q2737283,0,1434,,51.208066,53.341169
KAZ,Cazaquistão,Q12535175,http://www.wikidata.org/entity/Q20098238,0,2258,,44.69440556,65.387975
KAZ,Cazaquistão,Q12535176,http://www.wikidata.org/entity/Q20098237,0,1909,,43.68972222,67.76611111
KAZ,Cazaquistão,Q12535229,http://www.wikidata.org/entity/Q25505249,0,841,,51.90755556,62.03094444
KAZ,Cazaquistão,Q12535257,http://www.wikidata.org/entity/Q56368780,0,821,,51.372691,77.897516
KAZ,Cazaquistão,Q12535772,http://www.wikidata.org/entity/Q2736676,0,988,,50.36805556,48.77111111
KAZ,Cazaquistão,Q12536037,http://www.wikidata.org/entity/Q20098262,0,6310,,46.207777777778,54.471111111111
KAZ,Cazaquistão,Q12536139,http://www.wikidata.org/entity/Q12536140,0,975,,47.88,72.95611111
KAZ,Cazaquistão,Q12536148,http://www.wikidata.org/entity/Q20098265,0,1626,,43.45555556,53.01972222
KAZ,Cazaquistão,Q12536163,http://www.wikidata.org/entity/Q2632718,0,1348,,44.35161111,66.19901944
KAZ,Cazaquistão,Q12536722,http://www.wikidata.org/entity/Q56367249,0,632,,50.786305,66.914371
KAZ,Cazaquistão,Q12537149,http://www.wikidata.org/entity/Q20098429,0,1983,,44.994365,64.601569
KAZ,Cazaquistão,Q12537268,http://www.wikidata.org/entity/Q56367118,0,195,,52.43737,72.320024
KAZ,Cazaquistão,Q12537304,http://www.wikidata.org/entity/Q20098255,0,1354,,50.1235,59.1001
KAZ,Cazaquistão,Q12539614,http://www.wikidata.org/entity/Q2737283,0,953,,51.057777777778,52.935833333333
KAZ,Cazaquistão,Q12539621,http://www.wikidata.org/entity/Q12539620,0,4085,,42.82,71.489166666667
KAZ,Cazaquistão,Q12540290,http://www.wikidata.org/entity/Q2554428,0,1868,,42.38027778,69.27083333
KAZ,Cazaquistão,Q12540709,http://www.wikidata.org/entity/Q2554452,0,2705,,41.510686,69.354081
KAZ,Cazaquistão,Q12540903,http://www.wikidata.org/entity/Q2605432,0,3238,,42.054136,68.125091
KAZ,Cazaquistão,Q12540905,http://www.wikidata.org/entity/Q75318,0,1850,,42.16908889,69.85066111
KAZ,Cazaquistão,Q12541663,http://www.wikidata.org/entity/Q20098337,0,953,,44.08722222,66.92833333
KAZ,Cazaquistão,Q12542265,http://www.wikidata.org/entity/Q12542266,0,1390,,49.881666666667,51.444722222222
KAZ,Cazaquistão,Q12543378,http://www.wikidata.org/entity/Q56367345,0,813,,50.784444444444,70.157777777778
KAZ,Cazaquistão,Q12543754,http://www.wikidata.org/entity/Q20098377,0,1852,,47.936666666667,56.452777777778
KAZ,Cazaquistão,Q12544286,http://www.wikidata.org/entity/Q61367090,0,9888,,50.931111111111,81.361388888889
KAZ,Cazaquistão,Q12545012,http://www.wikidata.org/entity/Q56367633,0,547,,52.798039,74.895931
KAZ,Cazaquistão,Q12545055,http://www.wikidata.org/entity/Q622780,0,1647,,52.34101,76.72473
KAZ,Cazaquistão,Q12545270,http://www.wikidata.org/entity/Q2554556,0,1645,,44.764287,68.831184
KAZ,Cazaquistão,Q12545322,http://www.wikidata.org/entity/Q56367360,0,206,,52.385999,68.4105
KAZ,Cazaquistão,Q12545535,http://www.wikidata.org/entity/Q2554452,0,7537,,41.47722222,69.36666667
KAZ,Cazaquistão,Q12545773,http://www.wikidata.org/entity/Q1099244,0,1539,,48.54836389,79.62971111
KAZ,Cazaquistão,Q12546123,http://www.wikidata.org/entity/Q20098408,0,1611,,44.28777778,66.43111111
KAZ,Cazaquistão,Q12546148,http://www.wikidata.org/entity/Q12546147,0,2158,,52.29222222,61.33305556
KAZ,Cazaquistão,Q12546157,http://www.wikidata.org/entity/Q2550757,0,1863,,49.83732,82.26528
KAZ,Cazaquistão,Q12546242,http://www.wikidata.org/entity/Q56367039,0,436,,53.108297222222,71.156102777778
KAZ,Cazaquistão,Q12546245,http://www.wikidata.org/entity/Q56367193,0,1835,,51.6125,67.425497222222
KAZ,Cazaquistão,Q12546296,http://www.wikidata.org/entity/Q56367041,0,441,,52.546702777778,70.769188888889
KAZ,Cazaquistão,Q12546468,http://www.wikidata.org/entity/Q75318,0,4346,,42.25889722,69.91413611
KAZ,Cazaquistão,Q12546540,http://www.wikidata.org/entity/Q54834292,0,1316,,52.864405,69.950473
KAZ,Cazaquistão,Q12548087,http://www.wikidata.org/entity/Q2550746,0,946,,50.7,80.749166666667
KAZ,Cazaquistão,Q12549279,http://www.wikidata.org/entity/Q2737283,0,785,,50.87527778,52.79722222
KAZ,Cazaquistão,Q12549343,http://www.wikidata.org/entity/Q61944,0,24,,49.47303,77.06153
KAZ,Cazaquistão,Q12549968,http://www.wikidata.org/entity/Q2737304,0,554,,51.44520278,52.16225
KAZ,Cazaquistão,Q12550965,http://www.wikidata.org/entity/Q2554487,0,2586,,42.772847,68.34804
KAZ,Cazaquistão,Q12551051,http://www.wikidata.org/entity/Q20077841,0,941,,49.393333333333,49.234166666667
KAZ,Cazaquistão,Q12551053,http://www.wikidata.org/entity/Q2554452,0,3517,,41.378055555556,69.057777777778
KAZ,Cazaquistão,Q12551122,http://www.wikidata.org/entity/Q2556249,0,1531,,45.813055555556,80.283333333333
KAZ,Cazaquistão,Q12552068,http://www.wikidata.org/entity/Q487439,0,1820,,50.445833333333,54.125277777778
KAZ,Cazaquistão,Q12552069,http://www.wikidata.org/entity/Q56368745,0,1677,,52.642334,77.337299
KAZ,Cazaquistão,Q12552074,http://www.wikidata.org/entity/Q58179,0,413,,53.473999,75.300623
KAZ,Cazaquistão,Q12552196,http://www.wikidata.org/entity/Q56375281,0,240,,51.691402777778,68.3718
KAZ,Cazaquistão,Q12553191,http://www.wikidata.org/entity/Q2554511,0,1402,,42.56279167,69.85636389
KAZ,Cazaquistão,Q12553242,http://www.wikidata.org/entity/Q75318,0,2425,,42.22981667,69.79542222
KAZ,Cazaquistão,Q12553245,http://www.wikidata.org/entity/Q2554487,0,2965,,42.85833889,68.05411944
KAZ,Cazaquistão,Q12553289,http://www.wikidata.org/entity/Q2726452,0,1921,,44.87687222,64.29436389
KAZ,Cazaquistão,Q12553694,http://www.wikidata.org/entity/Q162548,0,4870,,49.936064,82.579063
KAZ,Cazaquistão,Q12554046,http://www.wikidata.org/entity/Q2554567,0,4799,,40.815,68.17305556
KAZ,Cazaquistão,Q12554064,http://www.wikidata.org/entity/Q2456359,0,472,,52.109497222222,72.209
KAZ,Cazaquistão,Q12554185,http://www.wikidata.org/entity/Q2554511,0,3924,,42.51965278,70.250025
KAZ,Cazaquistão,Q12554268,http://www.wikidata.org/entity/Q1370228,0,2097,,41.779505,69.39497
KAZ,Cazaquistão,Q12554476,http://www.wikidata.org/entity/Q619361,0,1929,,53.4268,63.20164444
KAZ,Cazaquistão,Q12554730,http://www.wikidata.org/entity/Q2565597,0,289,,52.74034,68.720465
KAZ,Cazaquistão,Q12554758,http://www.wikidata.org/entity/Q522660,0,1784,,43.22222222,69.01277778
KAZ,Cazaquistão,Q12555464,http://www.wikidata.org/entity/Q2550754,0,987,,47.875136,78.621211
KAZ,Cazaquistão,Q12555465,http://www.wikidata.org/entity/Q20098644,0,2161,,44.86285,64.39953889
KAZ,Cazaquistão,Q12555527,http://www.wikidata.org/entity/Q2422603,0,1251,,45.05361,64.96056
KAZ,Cazaquistão,Q12555686,http://www.wikidata.org/entity/Q56367464,0,817,,50.741388888889,70.847777777778
KAZ,Cazaquistão,Q12555706,http://www.wikidata.org/entity/Q56367174,0,711,,52.019594,66.01099
KAZ,Cazaquistão,Q12556221,http://www.wikidata.org/entity/Q12556219,0,584,,50.28416667,72.28833333
KAZ,Cazaquistão,Q12556387,http://www.wikidata.org/entity/Q2466416,0,955,,51.06751,79.40677
KAZ,Cazaquistão,Q12556388,http://www.wikidata.org/entity/Q12566299,0,1341,,51.304722222222,51.485555555556
KAZ,Cazaquistão,Q12556401,http://www.wikidata.org/entity/Q4812946,0,1488,,51.7855,68.8403
KAZ,Cazaquistão,Q12556404,http://www.wikidata.org/entity/Q61944,0,1914,,50.38335,81.02502
KAZ,Cazaquistão,Q12556420,http://www.wikidata.org/entity/Q30974963,0,1165,,52.54805556,64.85305556
KAZ,Cazaquistão,Q12556424,http://www.wikidata.org/entity/Q2550746,0,2721,,50.66955556,80.46332222
KAZ,Cazaquistão,Q12556435,http://www.wikidata.org/entity/Q4249290,0,978,,53.89979444,61.51906389
KAZ,Cazaquistão,Q12556433,http://www.wikidata.org/entity/Q2550775,0,897,,49.107379,84.042556
KAZ,Cazaquistão,Q12556438,http://www.wikidata.org/entity/Q12556439,0,1086,,53.92091111,62.86871111
KAZ,Cazaquistão,Q12556437,http://www.wikidata.org/entity/Q56368751,0,1305,,52.540502,76.802402
KAZ,Cazaquistão,Q12557072,http://www.wikidata.org/entity/Q4812946,0,1004,,51.636002777778,68.243297222222
KAZ,Cazaquistão,Q12557515,http://www.wikidata.org/entity/Q56368556,0,1113,,52.577132,78.031755
KAZ,Cazaquistão,Q12557766,http://www.wikidata.org/entity/Q2554567,0,2133,,40.86194444,68.42583333
KAZ,Cazaquistão,Q12558310,http://www.wikidata.org/entity/Q622780,0,1590,,51.99682,76.08392
KAZ,Cazaquistão,Q12558599,http://www.wikidata.org/entity/Q2550746,0,878,,50.53244722,81.57357778
KAZ,Cazaquistão,Q12558665,http://www.wikidata.org/entity/Q2550746,0,1160,,50.744926,80.284653
KAZ,Cazaquistão,Q12558848,http://www.wikidata.org/entity/Q2737304,0,967,,51.59485278,51.0757
KAZ,Cazaquistão,Q12559097,http://www.wikidata.org/entity/Q509303,0,820,,52.859,76.546
KAZ,Cazaquistão,Q12559117,http://www.wikidata.org/entity/Q26208126,0,3028,,52.213625,61.30300278
KAZ,Cazaquistão,Q12559128,http://www.wikidata.org/entity/Q61944,0,1303,,50.35948,80.417776
KAZ,Cazaquistão,Q12559474,http://www.wikidata.org/entity/Q1370228,0,4305,,42.057833,69.522214
KAZ,Cazaquistão,Q12560494,http://www.wikidata.org/entity/Q56367350,0,1300,,50.8775,70.551944444444
KAZ,Cazaquistão,Q12561158,http://www.wikidata.org/entity/Q1099244,0,1972,,49.6,78.738333333333
KAZ,Cazaquistão,Q12561189,http://www.wikidata.org/entity/Q12561193,0,620,,48.071111111111,75.333055555556
KAZ,Cazaquistão,Q12561235,http://www.wikidata.org/entity/Q22201189,0,1348,,45.466388888889,55.068611111111
KAZ,Cazaquistão,Q12561232,http://www.wikidata.org/entity/Q61368097,0,985,,48.56951389,83.84536111
KAZ,Cazaquistão,Q12561247,http://www.wikidata.org/entity/Q2554511,0,5386,,42.55355,69.99983
KAZ,Cazaquistão,Q12561951,http://www.wikidata.org/entity/Q2466416,0,1424,,51.044237,79.102077
KAZ,Cazaquistão,Q12563491,http://www.wikidata.org/entity/Q2726381,0,1299,,49.79491,80.825064
KAZ,Cazaquistão,Q12564713,http://www.wikidata.org/entity/Q574486,0,4414,,42.376567,69.721317
KAZ,Cazaquistão,Q12564717,http://www.wikidata.org/entity/Q574486,0,1067,,42.484993,69.507491
KAZ,Cazaquistão,Q12564722,http://www.wikidata.org/entity/Q487439,0,872,,50.805,54.16305556
KAZ,Cazaquistão,Q12565309,http://www.wikidata.org/entity/Q2554487,0,4187,,42.827639,68.437686
KAZ,Cazaquistão,Q12567402,http://www.wikidata.org/entity/Q2632718,0,1725,,44.25858333,66.68367778
KAZ,Cazaquistão,Q12568126,http://www.wikidata.org/entity/Q2224859,0,741,,51.338844,71.092619
KAZ,Cazaquistão,Q12568323,http://www.wikidata.org/entity/Q2554567,0,2059,,40.64194444,68.51055556
KAZ,Cazaquistão,Q12568554,http://www.wikidata.org/entity/Q2550342,0,2017,,45.233055555556,77.980833333333
KAZ,Cazaquistão,Q12568555,http://www.wikidata.org/entity/Q703004,0,601,,51.709722,61.592778
KAZ,Cazaquistão,Q12568918,http://www.wikidata.org/entity/Q1315249,0,6364,,43.527269,68.584213
KAZ,Cazaquistão,Q12569109,http://www.wikidata.org/entity/Q2565597,0,228,,52.1725,68.073611111111
KAZ,Cazaquistão,Q12569129,http://www.wikidata.org/entity/Q2554498,0,1117,,52.433043,77.767997
KAZ,Cazaquistão,Q12570552,http://www.wikidata.org/entity/Q20098472,0,2789,,47.047222222222,53.923055555556
KAZ,Cazaquistão,Q12570850,http://www.wikidata.org/entity/Q2550792,0,818,,49.18327,85.86811
KAZ,Cazaquistão,Q12570854,http://www.wikidata.org/entity/Q2550754,0,1416,,47.742624,80.644875
KAZ,Cazaquistão,Q12571123,http://www.wikidata.org/entity/Q20097554,0,1205,,51.009252777778,51.193452777778
KAZ,Cazaquistão,Q12571120,http://www.wikidata.org/entity/Q595124,0,1083,,49.704444444444,53.483055555556
KAZ,Cazaquistão,Q12571132,http://www.wikidata.org/entity/Q30972248,0,1766,,53.1725,64.21166667
KAZ,Cazaquistão,Q12571219,http://www.wikidata.org/entity/Q2554428,0,2217,,42.58222222,69.20666667
KAZ,Cazaquistão,Q12572262,http://www.wikidata.org/entity/Q12572263,0,1274,,51.444252777778,52.246097222222
KAZ,Cazaquistão,Q12576136,http://www.wikidata.org/entity/Q2556317,0,1239,,44.208333333333,78.176666666667
KAZ,Cazaquistão,Q12576867,http://www.wikidata.org/entity/Q56367166,0,212,,51.905,66.918055555556
KAZ,Cazaquistão,Q12577603,http://www.wikidata.org/entity/Q2554567,0,1657,,40.981944444444,68.347222222222
KAZ,Cazaquistão,Q12577630,http://www.wikidata.org/entity/Q2726381,0,1333,,48.46131111,80.58083889
KAZ,Cazaquistão,Q12577633,http://www.wikidata.org/entity/Q2556249,0,1011,,45.802598,81.309969
KAZ,Cazaquistão,Q12579594,http://www.wikidata.org/entity/Q1370228,0,3015,,41.738913,69.629288
KAZ,Cazaquistão,Q12579743,http://www.wikidata.org/entity/Q120278789,0,1763,,43.630267,77.261413
KAZ,Cazaquistão,Q12701172,http://www.wikidata.org/entity/Q16433419,0,4392,,43.232152777778,76.680452777778
KAZ,Cazaquistão,Q12701475,http://www.wikidata.org/entity/Q16690319,0,7769,,43.259955555556,76.772502777778
KAZ,Cazaquistão,Q12712771,http://www.wikidata.org/entity/Q2556049,0,1493,,43.215873,76.999691
KAZ,Cazaquistão,Q4512777,http://www.wikidata.org/entity/Q60737017,0,3300,,50.2772,83.063247222222
KAZ,Cazaquistão,Q4513169,http://www.wikidata.org/entity/Q16692223,0,1866,,43.44155,77.1774
KAZ,Cazaquistão,Q4513183,http://www.wikidata.org/entity/Q2737287,0,918,,50.196341666667,55.971716666667
KAZ,Cazaquistão,Q4515646,http://www.wikidata.org/entity/Q13403958,0,2402,,45.1,73.983333333333
KAZ,Cazaquistão,Q4516058,http://www.wikidata.org/entity/Q20097455,0,7005,,51.095,54.081388888889
KAZ,Cazaquistão,Q4516389,http://www.wikidata.org/entity/Q16692532,0,2812,,43.308055555556,77.141666666667
KAZ,Cazaquistão,Q4516491,http://www.wikidata.org/entity/Q30972373,0,2460,,52.555277777778,67.235555555556
KAZ,Cazaquistão,Q4519730,http://www.wikidata.org/entity/Q22204678,0,1926,,43.952222222222,67.422777777778
KAZ,Cazaquistão,Q4525984,http://www.wikidata.org/entity/Q22204506,0,9213,,43.765,69.18139
KAZ,Cazaquistão,Q4527126,http://www.wikidata.org/entity/Q16723926,0,543,,49.011027777778,68.668416666667
KAZ,Cazaquistão,Q4527128,http://www.wikidata.org/entity/Q22205152,0,14125,,49.145584,56.484309
KAZ,Cazaquistão,Q6351974,http://www.wikidata.org/entity/Q56367390,0,249,,51.776797222222,71.063602777778
KAZ,Cazaquistão,Q6351988,http://www.wikidata.org/entity/Q56367452,0,1032,,51.298082,70.551284
KAZ,Cazaquistão,Q6352184,http://www.wikidata.org/entity/Q56367341,0,137,,50.7,69.788888888889
KAZ,Cazaquistão,Q6352783,http://www.wikidata.org/entity/Q56367346,0,479,,50.7375,70.610555555556
KAZ,Cazaquistão,Q6352789,http://www.wikidata.org/entity/Q56367343,0,455,,50.406666666667,69.922777777778
KAZ,Cazaquistão,Q6352795,http://www.wikidata.org/entity/Q56367344,0,911,,50.634502777778,70.5599
KAZ,Cazaquistão,Q6352799,http://www.wikidata.org/entity/Q56367379,0,550,,52.102661,68.989563
KAZ,Cazaquistão,Q6352812,http://www.wikidata.org/entity/Q56367374,0,1642,,52.606111111111,68.841944444444
KAZ,Cazaquistão,Q6353562,http://www.wikidata.org/entity/Q56367392,0,1893,,51.6713,70.729797222222
KAZ,Cazaquistão,Q6353972,http://www.wikidata.org/entity/Q56367317,0,648,,53.5382,69.236097222222
KAZ,Cazaquistão,Q6353996,http://www.wikidata.org/entity/Q56367313,0,939,,53.343,69.0274
KAZ,Cazaquistão,Q6354035,http://www.wikidata.org/entity/Q56367299,0,307,,53.0367,69.1388
KAZ,Cazaquistão,Q6354044,http://www.wikidata.org/entity/Q56367312,0,693,,53.0125,68.8977
KAZ,Cazaquistão,Q6354066,http://www.wikidata.org/entity/Q56367282,0,1140,,53.29617,69.59997
KAZ,Cazaquistão,Q6358401,http://www.wikidata.org/entity/Q56367097,0,3708,,51.414804,72.641255
KAZ,Cazaquistão,Q6358408,http://www.wikidata.org/entity/Q56367195,0,1410,,51.595627,67.578495
KAZ,Cazaquistão,Q6358417,http://www.wikidata.org/entity/Q56367106,0,946,,51.639351,73.735181
KAZ,Cazaquistão,Q6678949,http://www.wikidata.org/entity/Q20098150,0,1325,,43.824722222222,52.723333333333
KAZ,Cazaquistão,Q7219844,http://www.wikidata.org/entity/Q12558023,0,988,,44.068611111111,52.433333333333
KAZ,Cazaquistão,Q7231386,http://www.wikidata.org/entity/Q56367348,0,209,,50.730833333333,69.997222222222
KAZ,Cazaquistão,Q7274205,http://www.wikidata.org/entity/Q12543581,0,1866,,44.1475,52.455555555556
KAZ,Cazaquistão,Q7506334,http://www.wikidata.org/entity/Q30973010,0,85,,54.177222222222,67.936111111111
KAZ,Cazaquistão,Q7506389,http://www.wikidata.org/entity/Q20098592,0,596,,48.919793,54.573012
KAZ,Cazaquistão,Q7508532,http://www.wikidata.org/entity/Q56367032,0,783,,53.225,70.9108
KAZ,Cazaquistão,Q7509400,http://www.wikidata.org/entity/Q56367386,0,815,,51.6674,70.4106
KAZ,Cazaquistão,Q7510204,http://www.wikidata.org/entity/Q56367038,0,919,,53.1383,70.7303
KAZ,Cazaquistão,Q7514122,http://www.wikidata.org/entity/Q56367044,0,12,,53.240978,71.584518
KAZ,Cazaquistão,Q7514255,http://www.wikidata.org/entity/Q20098535,0,754,,50.173102777778,60.181402777778
KAZ,Cazaquistão,Q7514296,http://www.wikidata.org/entity/Q2550426,0,40,,50.008509,58.186093
KAZ,Cazaquistão,Q7514767,http://www.wikidata.org/entity/Q56367357,0,173,,52.175414,68.675153
KAZ,Cazaquistão,Q7574186,http://www.wikidata.org/entity/Q2550413,0,25,,50.663925,57.056999
KAZ,Cazaquistão,Q7574420,http://www.wikidata.org/entity/Q22201043,0,517,,49.666136,54.868159
KAZ,Cazaquistão,Q7574490,http://www.wikidata.org/entity/Q20098211,0,230,,50.569666,56.295826
KAZ,Cazaquistão,Q7574720,http://www.wikidata.org/entity/Q20098379,0,283,,50.292587,55.593971
KAZ,Cazaquistão,Q7575528,http://www.wikidata.org/entity/Q56367035,0,141,,52.8155,71.6889
KAZ,Cazaquistão,Q7577116,http://www.wikidata.org/entity/Q485437,0,1001,,50.227772,56.205139
KAZ,Cazaquistão,Q7578317,http://www.wikidata.org/entity/Q2550426,0,30,,50.162497222222,58.734602777778
KAZ,Cazaquistão,Q7582817,http://www.wikidata.org/entity/Q56366931,0,972,,53.066905,70.084362
KAZ,Cazaquistão,Q7683129,http://www.wikidata.org/entity/Q56366936,0,2854,,52.944091666667,70.421575
KAZ,Cazaquistão,Q12015077,http://www.wikidata.org/entity/Q56367251,0,405,,51.198567,67.045751
KAZ,Cazaquistão,Q12015148,http://www.wikidata.org/entity/Q56367252,0,371,,51.037898,66.49438
KAZ,Cazaquistão,Q12015297,http://www.wikidata.org/entity/Q56367260,0,310,,51.623865,66.476565
KAZ,Cazaquistão,Q12015316,http://www.wikidata.org/entity/Q56367248,0,248,,50.479638888889,67.314186111111
KAZ,Cazaquistão,Q12527130,http://www.wikidata.org/entity/Q56366856,0,643,,51.796197222222,68.962397222222
KAZ,Cazaquistão,Q12527530,http://www.wikidata.org/entity/Q56366889,0,467,,51.867197222222,69.685702777778
KAZ,Cazaquistão,Q12527716,http://www.wikidata.org/entity/Q13375043,0,4616,,42.836388888889,71.206666666667
KAZ,Cazaquistão,Q12527755,http://www.wikidata.org/entity/Q13422694,0,381,,48.06638889,76.86055556
KAZ,Cazaquistão,Q12528452,http://www.wikidata.org/entity/Q12557406,0,832,,50.2575,54.28472222
KAZ,Cazaquistão,Q12528457,http://www.wikidata.org/entity/Q20098168,0,1276,,44.2404,66.62228611
KAZ,Cazaquistão,Q12528524,http://www.wikidata.org/entity/Q1520,0,379943,,51.15,71.5
KAZ,Cazaquistão,Q12528917,http://www.wikidata.org/entity/Q20072699,0,1165,,50.953333333333,49.937222222222
KAZ,Cazaquistão,Q12531635,http://www.wikidata.org/entity/Q30972515,0,824,,53.915259,67.373458
KAZ,Cazaquistão,Q12531681,http://www.wikidata.org/entity/Q12531679,0,625,,50.285802,73.796918
KAZ,Cazaquistão,Q12535409,http://www.wikidata.org/entity/Q20098289,0,2901,,44.13700833,66.74373056
KAZ,Cazaquistão,Q12535414,http://www.wikidata.org/entity/Q30973873,0,1216,,54.030555555556,72.734166666667
KAZ,Cazaquistão,Q12535415,http://www.wikidata.org/entity/Q2550754,0,910,,47.78333,78.71667
KAZ,Cazaquistão,Q12535620,http://www.wikidata.org/entity/Q20074268,0,1627,,48.992777777778,47.661666666667
KAZ,Cazaquistão,Q12535776,http://www.wikidata.org/entity/Q30972538,0,161,,54.444192,67.011366
KAZ,Cazaquistão,Q12535780,http://www.wikidata.org/entity/Q56367375,0,586,,52.242661,68.775716
KAZ,Cazaquistão,Q12535820,http://www.wikidata.org/entity/Q20098257,0,988,,45.49110556,61.74711111
KAZ,Cazaquistão,Q12536981,http://www.wikidata.org/entity/Q20074156,0,1990,,50.099166666667,53.188055555556
KAZ,Cazaquistão,Q12542347,http://www.wikidata.org/entity/Q2554487,0,785,,42.869328,68.691838
KAZ,Cazaquistão,Q12542544,http://www.wikidata.org/entity/Q56368738,0,1090,,52.53361,77.350603
KAZ,Cazaquistão,Q12543969,http://www.wikidata.org/entity/Q20098224,0,1253,,48.547889,57.562561
KAZ,Cazaquistão,Q12544006,http://www.wikidata.org/entity/Q20098440,0,2069,,44.17111111,66.69027778
KAZ,Cazaquistão,Q12544143,http://www.wikidata.org/entity/Q1370228,0,12894,,41.92570278,69.62361111
KAZ,Cazaquistão,Q12544155,http://www.wikidata.org/entity/Q56368488,0,959,,53.270192,75.613733
KAZ,Cazaquistão,Q12544170,http://www.wikidata.org/entity/Q487439,0,341,,50.9653,54.18805833
KAZ,Cazaquistão,Q12544178,http://www.wikidata.org/entity/Q574486,0,5090,,42.357732,69.426522
KAZ,Cazaquistão,Q12544186,http://www.wikidata.org/entity/Q2448467,0,1840,,50.497705,75.202618
KAZ,Cazaquistão,Q12544199,http://www.wikidata.org/entity/Q19908880,0,2240,,48.933611111111,49.608055555556
KAZ,Cazaquistão,Q12544206,http://www.wikidata.org/entity/Q20098493,0,601,,45.98027778,61.055
KAZ,Cazaquistão,Q12544379,http://www.wikidata.org/entity/Q30975135,0,129,,54.451878,68.157206
KAZ,Cazaquistão,Q12544438,http://www.wikidata.org/entity/Q2737304,0,1016,,51.307222222222,50.7225
KAZ,Cazaquistão,Q12544441,http://www.wikidata.org/entity/Q1010136,0,1708,,52.0975,65.67055556
KAZ,Cazaquistão,Q12544829,http://www.wikidata.org/entity/Q2554567,0,1836,,40.60027778,68.50972222
KAZ,Cazaquistão,Q12546712,http://www.wikidata.org/entity/Q1315785,0,6043,,43.33666,68.67965
KAZ,Cazaquistão,Q12548825,http://www.wikidata.org/entity/Q61366857,0,3978,,52.18319,77.02566
KAZ,Cazaquistão,Q12549123,http://www.wikidata.org/entity/Q2549636,0,2276,,43.223055555556,71.371111111111
KAZ,Cazaquistão,Q12549870,http://www.wikidata.org/entity/Q59208958,0,2074,,54.005146,68.422422
KAZ,Cazaquistão,Q12549965,http://www.wikidata.org/entity/Q12549975,0,622,,49.24055556,73.02138889
KAZ,Cazaquistão,Q12549984,http://www.wikidata.org/entity/Q30975106,0,25,,54.814444444444,68.584166666667
KAZ,Cazaquistão,Q12550823,http://www.wikidata.org/entity/Q30973881,0,521,,53.747797,72.786741
KAZ,Cazaquistão,Q12551032,http://www.wikidata.org/entity/Q16702054,0,851,,43.277424,70.30391
KAZ,Cazaquistão,Q12551059,http://www.wikidata.org/entity/Q12551060,0,2418,,48.132222222222,51.534444444444
KAZ,Cazaquistão,Q12551169,http://www.wikidata.org/entity/Q574486,0,7113,,42.534919,69.66593
KAZ,Cazaquistão,Q12551216,http://www.wikidata.org/entity/Q20098581,0,1063,,44.84074722,63.19425278
KAZ,Cazaquistão,Q12551492,http://www.wikidata.org/entity/Q20078491,0,1615,,50.868552777778,51.133605555556
KAZ,Cazaquistão,Q12551841,http://www.wikidata.org/entity/Q703004,0,529,,52.0975,62.00388889
KAZ,Cazaquistão,Q12552357,http://www.wikidata.org/entity/Q20098119,0,1162,,45.71777778,61.50638889
KAZ,Cazaquistão,Q12552389,http://www.wikidata.org/entity/Q2550754,0,555,,48.05376,80.56308
KAZ,Cazaquistão,Q12552400,http://www.wikidata.org/entity/Q20098649,0,756,,44.504725,66.18213056
KAZ,Cazaquistão,Q12552461,http://www.wikidata.org/entity/Q20081894,0,777,,51.351752777778,51.472702777778
KAZ,Cazaquistão,Q12552483,http://www.wikidata.org/entity/Q12551083,0,2013,,52.569691666667,70.601813888889
KAZ,Cazaquistão,Q12552642,http://www.wikidata.org/entity/Q28668668,0,245,,51.985326,70.264835
KAZ,Cazaquistão,Q12552645,http://www.wikidata.org/entity/Q2224859,0,417,,51.2179,71.702402777778
KAZ,Cazaquistão,Q12552670,http://www.wikidata.org/entity/Q56367045,0,342,,52.596433,71.212612
KAZ,Cazaquistão,Q12552706,http://www.wikidata.org/entity/Q20098659,0,713,,43.65166667,67.60888889
KAZ,Cazaquistão,Q12552976,http://www.wikidata.org/entity/Q574486,0,4269,,42.378825,69.76332778
KAZ,Cazaquistão,Q12554009,http://www.wikidata.org/entity/Q12554010,0,1218,,51.94,61.15055556
KAZ,Cazaquistão,Q12554247,http://www.wikidata.org/entity/Q61366860,0,810,,52.388888888889,77.066666666667
KAZ,Cazaquistão,Q12554908,http://www.wikidata.org/entity/Q56367637,0,1054,,52.90352,76.23962
KAZ,Cazaquistão,Q12555151,http://www.wikidata.org/entity/Q20098694,0,4647,,43.491111111111,52.108611111111
KAZ,Cazaquistão,Q12555801,http://www.wikidata.org/entity/Q30969868,0,1388,,53.76694444,63.74027778
KAZ,Cazaquistão,Q12556089,http://www.wikidata.org/entity/Q30972366,0,1253,,53.062005,66.74057
KAZ,Cazaquistão,Q12557020,http://www.wikidata.org/entity/Q12557018,0,1765,,43.788072222222,70.940677777778
KAZ,Cazaquistão,Q12557075,http://www.wikidata.org/entity/Q30974457,0,1628,,53.21178333,63.87848056
KAZ,Cazaquistão,Q12557165,http://www.wikidata.org/entity/Q56368747,0,951,,51.96817,77.64106
KAZ,Cazaquistão,Q12557317,http://www.wikidata.org/entity/Q61367390,0,4704,,50.03774167,82.54551667
KAZ,Cazaquistão,Q12557898,http://www.wikidata.org/entity/Q12576035,0,610,,50.705862,50.371014
KAZ,Cazaquistão,Q12558252,http://www.wikidata.org/entity/Q56367660,0,781,,53.243544,74.898935
KAZ,Cazaquistão,Q12558872,http://www.wikidata.org/entity/Q20091447,0,996,,51.1075,51.88333333
KAZ,Cazaquistão,Q12559077,http://www.wikidata.org/entity/Q61367354,0,3277,,50.25076944,82.24955
KAZ,Cazaquistão,Q12559096,http://www.wikidata.org/entity/Q12559095,0,1873,,54.49972222,65.76555556
KAZ,Cazaquistão,Q12559132,http://www.wikidata.org/entity/Q20091895,0,1357,,51.476705555556,53.108597222222
KAZ,Cazaquistão,Q12560215,http://www.wikidata.org/entity/Q13488960,0,768,,51.04388889,73.99388889
KAZ,Cazaquistão,Q12560271,http://www.wikidata.org/entity/Q12560270,0,1915,,50.04542222,72.68446944
KAZ,Cazaquistão,Q12560294,http://www.wikidata.org/entity/Q20092541,0,1628,,51.4199,51.96665
KAZ,Cazaquistão,Q12561080,http://www.wikidata.org/entity/Q2668108,0,524,,48.75861111,66.62861111
KAZ,Cazaquistão,Q12561317,http://www.wikidata.org/entity/Q13405633,0,5313,,43.736944444444,69.9175
KAZ,Cazaquistão,Q12561957,http://www.wikidata.org/entity/Q30972518,0,928,,54.126111111111,67.281388888889
KAZ,Cazaquistão,Q12562091,http://www.wikidata.org/entity/Q2550754,0,2507,,47.951607,80.379646
KAZ,Cazaquistão,Q12562768,http://www.wikidata.org/entity/Q12562766,0,14646,,42.866666666667,75.251388888889
KAZ,Cazaquistão,Q12564015,http://www.wikidata.org/entity/Q16723612,0,1220,,43.676035,71.14814
KAZ,Cazaquistão,Q12564335,http://www.wikidata.org/entity/Q56367104,0,1288,,51.548788,72.974478
KAZ,Cazaquistão,Q12564660,http://www.wikidata.org/entity/Q2466428,0,1691,,50.11242222,82.95110833
KAZ,Cazaquistão,Q12564723,http://www.wikidata.org/entity/Q22204606,0,41,,44.53888889,52.09305556
KAZ,Cazaquistão,Q12564774,http://www.wikidata.org/entity/Q16719181,0,2820,,43.772222222222,79.448888888889
KAZ,Cazaquistão,Q12564786,http://www.wikidata.org/entity/Q2554452,0,1623,,41.45381944,69.30835556
KAZ,Cazaquistão,Q12565001,http://www.wikidata.org/entity/Q30972370,0,1459,,52.63472222,67.5825
KAZ,Cazaquistão,Q12565160,http://www.wikidata.org/entity/Q1315785,0,2949,,43.22619,68.12622
KAZ,Cazaquistão,Q12565258,http://www.wikidata.org/entity/Q30973881,0,572,,53.66112,72.600832
KAZ,Cazaquistão,Q12565691,http://www.wikidata.org/entity/Q22204606,0,371,,44.480555555556,52.088055555556
KAZ,Cazaquistão,Q12566069,http://www.wikidata.org/entity/Q56367103,0,1224,,51.7537,72.7311
KAZ,Cazaquistão,Q12566146,http://www.wikidata.org/entity/Q16720149,0,1455,,43.933333333333,70.389722222222
KAZ,Cazaquistão,Q12566172,http://www.wikidata.org/entity/Q20098433,0,1521,,45.061003,65.049963
KAZ,Cazaquistão,Q12566188,http://www.wikidata.org/entity/Q56366894,0,840,,52.4022,70.030502777778
KAZ,Cazaquistão,Q12566300,http://www.wikidata.org/entity/Q2737304,0,1781,,51.289722222222,51.584444444444
KAZ,Cazaquistão,Q12566333,http://www.wikidata.org/entity/Q30970528,0,2413,,54.44305556,66.07527778
KAZ,Cazaquistão,Q12566337,http://www.wikidata.org/entity/Q30972544,0,722,,54.4625,67.663333333333
KAZ,Cazaquistão,Q12566364,http://www.wikidata.org/entity/Q2605063,0,154,,51.572081,67.457768
KAZ,Cazaquistão,Q12566860,http://www.wikidata.org/entity/Q13365751,0,5195,,43.136666666667,71.626944444444
KAZ,Cazaquistão,Q12566910,http://www.wikidata.org/entity/Q54834292,0,232,,52.7173,69.607636
KAZ,Cazaquistão,Q12567350,http://www.wikidata.org/entity/Q25504858,0,2030,,44.738888888889,51.965277777778
KAZ,Cazaquistão,Q12567348,http://www.wikidata.org/entity/Q20098993,0,258,,44.148611111111,51.943888888889
KAZ,Cazaquistão,Q12567665,http://www.wikidata.org/entity/Q22203530,0,4069,,44.03111111,67.01416667
KAZ,Cazaquistão,Q12567691,http://www.wikidata.org/entity/Q2554428,0,989,,42.51472222,69.07888889
KAZ,Cazaquistão,Q12567696,http://www.wikidata.org/entity/Q20098410,0,526,,45.52547222,63.79655556
KAZ,Cazaquistão,Q12567940,http://www.wikidata.org/entity/Q56366940,0,912,,52.653688,69.874541
KAZ,Cazaquistão,Q12568903,http://www.wikidata.org/entity/Q20083354,0,1967,,48.769722222222,47.428333333333
KAZ,Cazaquistão,Q12568914,http://www.wikidata.org/entity/Q20076866,0,590,,50.03986,53.50929
KAZ,Cazaquistão,Q12569253,http://www.wikidata.org/entity/Q56375281,0,306,,51.6546,68.313797222222
KAZ,Cazaquistão,Q12569588,http://www.wikidata.org/entity/Q12564353,0,758,,48.745,51.818055555556
KAZ,Cazaquistão,Q12569658,http://www.wikidata.org/entity/Q22204606,0,1425,,44.241944444444,51.818611111111
KAZ,Cazaquistão,Q12569666,http://www.wikidata.org/entity/Q12543153,0,4141,,42.951944444444,71.332222222222
KAZ,Cazaquistão,Q12569820,http://www.wikidata.org/entity/Q1370228,0,3630,,41.77374722,69.49205278
KAZ,Cazaquistão,Q12569824,http://www.wikidata.org/entity/Q2605432,0,5015,,41.315756,67.960732
KAZ,Cazaquistão,Q12569873,http://www.wikidata.org/entity/Q16722840,0,5572,,43.773333333333,79.390555555556
KAZ,Cazaquistão,Q12569983,http://www.wikidata.org/entity/Q1315785,0,1360,,43.31993,68.4922
KAZ,Cazaquistão,Q12569994,http://www.wikidata.org/entity/Q61944,0,725,,50.621666666667,79.2475
KAZ,Cazaquistão,Q12569995,http://www.wikidata.org/entity/Q22204574,0,4343,,44.88834167,64.96223611
KAZ,Cazaquistão,Q12570001,http://www.wikidata.org/entity/Q20097493,0,1147,,50.402719,51.234814
KAZ,Cazaquistão,Q12570037,http://www.wikidata.org/entity/Q56368801,0,650,,51.713735,78.990656
KAZ,Cazaquistão,Q12570047,http://www.wikidata.org/entity/Q522660,0,2660,,43.20166667,69.36805556
KAZ,Cazaquistão,Q12570048,http://www.wikidata.org/entity/Q2554511,0,3285,,42.509565,70.557361
KAZ,Cazaquistão,Q12570063,http://www.wikidata.org/entity/Q2554556,0,2255,,44.09628,68.44842
KAZ,Cazaquistão,Q12570105,http://www.wikidata.org/entity/Q22204899,0,1350,,44.814166666667,52.0925
KAZ,Cazaquistão,Q12570411,http://www.wikidata.org/entity/Q12570410,0,1780,,51.766565,64.782915
KAZ,Cazaquistão,Q12570483,http://www.wikidata.org/entity/Q12570486,0,1411,,46.60650278,48.65285556
KAZ,Cazaquistão,Q12570480,http://www.wikidata.org/entity/Q105978796,0,2986,,43.39931,68.02082
KAZ,Cazaquistão,Q12570512,http://www.wikidata.org/entity/Q2632749,0,5,,45.58555556,63.95722222
KAZ,Cazaquistão,Q12570539,http://www.wikidata.org/entity/Q12561227,0,374,,50.397084,72.995982
KAZ,Cazaquistão,Q12570866,http://www.wikidata.org/entity/Q2554487,0,1603,,42.900741,68.810034
KAZ,Cazaquistão,Q12570938,http://www.wikidata.org/entity/Q30972379,0,459,,53.124835,67.304649
KAZ,Cazaquistão,Q12570937,http://www.wikidata.org/entity/Q2554511,0,1849,,42.530631,70.309052
KAZ,Cazaquistão,Q12570941,http://www.wikidata.org/entity/Q2554452,0,1729,,41.357181,68.921372
KAZ,Cazaquistão,Q12571238,http://www.wikidata.org/entity/Q2554567,0,5384,,40.76444444,68.30472222
KAZ,Cazaquistão,Q12571237,http://www.wikidata.org/entity/Q2554452,0,5895,,41.397857,69.113726
KAZ,Cazaquistão,Q12572261,http://www.wikidata.org/entity/Q20097579,0,1056,,50.711388888889,51.108611111111
KAZ,Cazaquistão,Q12573942,http://www.wikidata.org/entity/Q952951,0,1120,,50.087777777778,48.86
KAZ,Cazaquistão,Q12574041,http://www.wikidata.org/entity/Q20098430,0,1174,,45.06711667,64.89220278
KAZ,Cazaquistão,Q12574257,http://www.wikidata.org/entity/Q20077468,0,594,,51.412552777778,52.6672
KAZ,Cazaquistão,Q12574632,http://www.wikidata.org/entity/Q20077506,0,1252,,49.971666666667,47.954722222222
KAZ,Cazaquistão,Q12574670,http://www.wikidata.org/entity/Q20077511,0,885,,49.782452777778,48.588355555556
KAZ,Cazaquistão,Q12574871,http://www.wikidata.org/entity/Q20092731,0,1415,,49.305,53.1625
KAZ,Cazaquistão,Q12574918,http://www.wikidata.org/entity/Q20077513,0,821,,49.655555555556,49.508055555556
KAZ,Cazaquistão,Q12575078,http://www.wikidata.org/entity/Q2554487,0,933,,42.858175,68.37015556
KAZ,Cazaquistão,Q12575164,http://www.wikidata.org/entity/Q1099244,0,1257,,49.564415,79.871793
KAZ,Cazaquistão,Q12575458,http://www.wikidata.org/entity/Q25504858,0,106,,44.760555555556,51.694444444444
KAZ,Cazaquistão,Q12575487,http://www.wikidata.org/entity/Q20098181,0,1698,,45.635347,61.767526
KAZ,Cazaquistão,Q12575493,http://www.wikidata.org/entity/Q20098562,0,3007,,43.68527778,67.31333333
KAZ,Cazaquistão,Q12575498,http://www.wikidata.org/entity/Q56367635,0,963,,53.034194,75.865045
KAZ,Cazaquistão,Q12575513,http://www.wikidata.org/entity/Q2554487,0,2120,,42.02861111,68.20222222
KAZ,Cazaquistão,Q12575606,http://www.wikidata.org/entity/Q12575605,0,1723,,52.29583333,65.02388889
KAZ,Cazaquistão,Q12575858,http://www.wikidata.org/entity/Q2550754,0,871,,48.447536,78.187637
KAZ,Cazaquistão,Q12575883,http://www.wikidata.org/entity/Q2668108,0,514,,49.21472222,66.65805556
KAZ,Cazaquistão,Q12575911,http://www.wikidata.org/entity/Q20076778,0,922,,49.900827,52.650726
KAZ,Cazaquistão,Q12575973,http://www.wikidata.org/entity/Q56367655,0,680,,53.15583,73.97884
KAZ,Cazaquistão,Q12575978,http://www.wikidata.org/entity/Q20078069,0,653,,50.082222222222,52.315277777778
KAZ,Cazaquistão,Q12576101,http://www.wikidata.org/entity/Q2554452,0,3110,,41.312113,68.932142
KAZ,Cazaquistão,Q12576180,http://www.wikidata.org/entity/Q20076843,0,927,,50.413611111111,53.391388888889
KAZ,Cazaquistão,Q12576194,http://www.wikidata.org/entity/Q2726381,0,448,,49.82691,81.07223
KAZ,Cazaquistão,Q12576273,http://www.wikidata.org/entity/Q20098609,0,926,,44.795,63.41333333
KAZ,Cazaquistão,Q12576398,http://www.wikidata.org/entity/Q56366931,0,1127,,53.192356,70.090714
KAZ,Cazaquistão,Q12576424,http://www.wikidata.org/entity/Q20077647,0,1646,,49.648888888889,50.641111111111
KAZ,Cazaquistão,Q12576434,http://www.wikidata.org/entity/Q16432767,0,4994,,43.449166666667,53.038333333333
KAZ,Cazaquistão,Q12576449,http://www.wikidata.org/entity/Q2554452,0,1634,,41.298007,68.883098
KAZ,Cazaquistão,Q12576470,http://www.wikidata.org/entity/Q1370228,0,3892,,41.661595,69.374628
KAZ,Cazaquistão,Q12576478,http://www.wikidata.org/entity/Q2605432,0,2364,,41.911108,67.988287
KAZ,Cazaquistão,Q12576479,http://www.wikidata.org/entity/Q2554567,0,3592,,41.0,68.219444444444
KAZ,Cazaquistão,Q12576612,http://www.wikidata.org/entity/Q56367119,0,567,,52.513304,71.65116
KAZ,Cazaquistão,Q12576770,http://www.wikidata.org/entity/Q22203088,0,782,,48.246944444444,62.073611111111
KAZ,Cazaquistão,Q12576781,http://www.wikidata.org/entity/Q13419175,0,1467,,49.427222222222,72.926666666667
KAZ,Cazaquistão,Q12576879,http://www.wikidata.org/entity/Q12576880,0,2156,,42.930136111111,72.424558333333
KAZ,Cazaquistão,Q12576893,http://www.wikidata.org/entity/Q12536447,0,12228,,42.979722222222,71.402222222222
KAZ,Cazaquistão,Q12576938,http://www.wikidata.org/entity/Q61366350,0,873,,50.726187,75.093084
KAZ,Cazaquistão,Q12577020,http://www.wikidata.org/entity/Q622780,0,745,,51.84108,77.17397
KAZ,Cazaquistão,Q12577397,http://www.wikidata.org/entity/Q56367046,0,1086,,52.892902777778,70.7121
KAZ,Cazaquistão,Q12577437,http://www.wikidata.org/entity/Q2466416,0,4379,,50.88583333,79.48277778
KAZ,Cazaquistão,Q12577563,http://www.wikidata.org/entity/Q12577566,0,1342,,50.10444444,65.31055556
KAZ,Cazaquistão,Q12577624,http://www.wikidata.org/entity/Q12577625,0,1056,,43.877222222222,70.523611111111
KAZ,Cazaquistão,Q12577654,http://www.wikidata.org/entity/Q16721250,0,3519,,49.77388889,73.23722222
KAZ,Cazaquistão,Q12577664,http://www.wikidata.org/entity/Q20097937,0,2561,,45.19173333,64.12899444
KAZ,Cazaquistão,Q12577724,http://www.wikidata.org/entity/Q2605432,0,4243,,41.664251,67.974934
KAZ,Cazaquistão,Q12577730,http://www.wikidata.org/entity/Q75318,0,1112,,42.227699,70.111088
KAZ,Cazaquistão,Q12578021,http://www.wikidata.org/entity/Q30975231,0,593,,54.162635,72.29845
KAZ,Cazaquistão,Q12578846,http://www.wikidata.org/entity/Q20098164,0,1009,,50.99452778,58.42925
KAZ,Cazaquistão,Q12579502,http://www.wikidata.org/entity/Q20076789,0,1042,,50.266944444444,52.619166666667
KAZ,Cazaquistão,Q12579675,http://www.wikidata.org/entity/Q2550754,0,854,,47.568375,79.073217
KAZ,Cazaquistão,Q12579681,http://www.wikidata.org/entity/Q976752,0,1405,,45.627964,61.931119
KAZ,Cazaquistão,Q12579695,http://www.wikidata.org/entity/Q12579694,0,2232,,43.084722222222,70.881666666667
KAZ,Cazaquistão,Q12682646,http://www.wikidata.org/entity/Q20098200,0,350,,50.8825,58.50861111
KAZ,Cazaquistão,Q12682661,http://www.wikidata.org/entity/Q20098533,0,641,,50.90083333,57.10138889
KAZ,Cazaquistão,Q12682960,http://www.wikidata.org/entity/Q2737287,0,492,,50.35361111,55.82944444
KAZ,Cazaquistão,Q12683765,http://www.wikidata.org/entity/Q477232,0,275,,50.364107,57.634722
KAZ,Cazaquistão,Q12684034,http://www.wikidata.org/entity/Q20098251,0,1370,,48.459722222222,58.553333333333
KAZ,Cazaquistão,Q12684123,http://www.wikidata.org/entity/Q427658,0,427,,46.50222222,48.95916667
KAZ,Cazaquistão,Q12684130,http://www.wikidata.org/entity/Q485437,0,1032,,50.100604,56.823234
KAZ,Cazaquistão,Q12684217,http://www.wikidata.org/entity/Q22202034,0,134,,50.6657,58.487079
KAZ,Cazaquistão,Q12685040,http://www.wikidata.org/entity/Q47508659,0,846,,50.176723,56.796965
KAZ,Cazaquistão,Q12702187,http://www.wikidata.org/entity/Q20098128,0,187,,50.989393,56.534074
KAZ,Cazaquistão,Q12702282,http://www.wikidata.org/entity/Q22200742,0,6530,,48.231455555556,54.873202777778
KAZ,Cazaquistão,Q12709172,http://www.wikidata.org/entity/Q20098554,0,1492,,47.515277777778,60.655555555556
KAZ,Cazaquistão,Q12711843,http://www.wikidata.org/entity/Q2550435,0,1585,,44.938202777778,78.619152777778
KAZ,Cazaquistão,Q12949818,http://www.wikidata.org/entity/Q56367354,0,354,,52.242222222222,67.938611111111
KAZ,Cazaquistão,Q12981710,http://www.wikidata.org/entity/Q12527314,0,580,,47.835277777778,47.908888888889
KAZ,Cazaquistão,Q13107387,http://www.wikidata.org/entity/Q56367371,0,750,,52.575963,68.607353
KAZ,Cazaquistão,Q13107384,http://www.wikidata.org/entity/Q25396840,0,353,,52.447948,68.088526
KAZ,Cazaquistão,Q13107603,http://www.wikidata.org/entity/Q56375499,0,1072,,52.395458333333,68.627163888889
KAZ,Cazaquistão,Q13107600,http://www.wikidata.org/entity/Q56366935,0,662,,53.035903,70.633439
KAZ,Cazaquistão,Q13156662,http://www.wikidata.org/entity/Q12551083,0,282,,52.6275,68.535833333333
KAZ,Cazaquistão,Q13156664,http://www.wikidata.org/entity/Q56366796,0,1130,,51.3235,70.126002777778
KAZ,Cazaquistão,Q13220037,http://www.wikidata.org/entity/Q16701437,0,267,,43.566035,77.36033
KAZ,Cazaquistão,Q13220054,http://www.wikidata.org/entity/Q2556261,0,3007,,44.285,80.338888888889
KAZ,Cazaquistão,Q13220056,http://www.wikidata.org/entity/Q16718600,0,2978,,42.931297222222,80.48905
KAZ,Cazaquistão,Q13220130,http://www.wikidata.org/entity/Q16690319,0,6284,,43.233655555556,76.768002777778
KAZ,Cazaquistão,Q13220365,http://www.wikidata.org/entity/Q16692061,0,2298,,43.467017,78.345905
KAZ,Cazaquistão,Q13220412,http://www.wikidata.org/entity/Q2550435,0,3669,,44.903611111111,78.299722222222
KAZ,Cazaquistão,Q13221470,http://www.wikidata.org/entity/Q56366932,0,164,,52.747173,70.173642
KAZ,Cazaquistão,Q13228722,http://www.wikidata.org/entity/Q56367436,0,2954,,51.279444444444,71.645277777778
KAZ,Cazaquistão,Q13256161,http://www.wikidata.org/entity/Q2224859,0,1792,,51.2971,71.0078
KAZ,Cazaquistão,Q13256742,http://www.wikidata.org/entity/Q56367308,0,331,,53.199374,69.222699
KAZ,Cazaquistão,Q13256874,http://www.wikidata.org/entity/Q56367448,0,248,,51.272222222222,70.774722222222
KAZ,Cazaquistão,Q13309166,http://www.wikidata.org/entity/Q2556261,0,1374,,44.182952777778,80.167702777778
KAZ,Cazaquistão,Q13309169,http://www.wikidata.org/entity/Q16690619,0,2324,,43.381666666667,79.661666666667
KAZ,Cazaquistão,Q13309399,http://www.wikidata.org/entity/Q30975051,0,660,,53.063333333333,68.05
KAZ,Cazaquistão,Q13358297,http://www.wikidata.org/entity/Q56367451,0,1524,,50.936944444444,70.710277777778
KAZ,Cazaquistão,Q13359362,http://www.wikidata.org/entity/Q22203797,0,562,,47.25444412,51.07777786
KAZ,Cazaquistão,Q13359364,http://www.wikidata.org/entity/Q16691468,0,1251,,44.196191,75.826671
KAZ,Cazaquistão,Q13359365,http://www.wikidata.org/entity/Q20098314,0,146,,48.694444444444,52.889444444444
KAZ,Cazaquistão,Q13359375,http://www.wikidata.org/entity/Q16692934,0,1534,,43.416399,77.476775
KAZ,Cazaquistão,Q13359373,http://www.wikidata.org/entity/Q16721244,0,88,,43.464166666667,76.392777777778
KAZ,Cazaquistão,Q13359414,http://www.wikidata.org/entity/Q30972471,0,98,,53.340277777778,68.315555555556
KAZ,Cazaquistão,Q13359412,http://www.wikidata.org/entity/Q30975084,0,419,,54.54414,67.092648
KAZ,Cazaquistão,Q13359413,http://www.wikidata.org/entity/Q30972476,0,152,,53.384813,67.996603
KAZ,Cazaquistão,Q13359418,http://www.wikidata.org/entity/Q30973840,0,331,,53.294259,71.898308
KAZ,Cazaquistão,Q13359419,http://www.wikidata.org/entity/Q2550378,0,5746,,43.2338,76.6015
KAZ,Cazaquistão,Q13359416,http://www.wikidata.org/entity/Q2556249,0,157,,45.816388888889,81.213055555556
KAZ,Cazaquistão,Q13359420,http://www.wikidata.org/entity/Q2550342,0,296,,45.207777777778,77.936944444444
KAZ,Cazaquistão,Q13359421,http://www.wikidata.org/entity/Q35902,0,213,,54.321429,67.216244
KAZ,Cazaquistão,Q13359426,http://www.wikidata.org/entity/Q12561978,0,255,,42.969722222222,54.096666666667
KAZ,Cazaquistão,Q13359424,http://www.wikidata.org/entity/Q2556261,0,553,,42.038888888889,79.9125
KAZ,Cazaquistão,Q13359425,http://www.wikidata.org/entity/Q2550378,0,13317,,43.1875,76.798611111111
KAZ,Cazaquistão,Q13359430,http://www.wikidata.org/entity/Q2556235,0,941,,43.216388888889,79.116944444444
KAZ,Cazaquistão,Q13359429,http://www.wikidata.org/entity/Q2737272,0,40,,45.665697,78.601277
KAZ,Cazaquistão,Q13359434,http://www.wikidata.org/entity/Q16691548,0,1607,,43.488055555556,76.281666666667
KAZ,Cazaquistão,Q13359435,http://www.wikidata.org/entity/Q2556261,0,597,,44.119444444444,79.783333333333
KAZ,Cazaquistão,Q13359433,http://www.wikidata.org/entity/Q30975053,0,435,,53.20778,67.435184
KAZ,Cazaquistão,Q13359436,http://www.wikidata.org/entity/Q2550349,0,46,,47.243055555556,53.784166666667
KAZ,Cazaquistão,Q13359437,http://www.wikidata.org/entity/Q2550349,0,190,,46.381111111111,54.011111111111
KAZ,Cazaquistão,Q13359442,http://www.wikidata.org/entity/Q2556317,0,337,,44.352777777778,78.448611111111
KAZ,Cazaquistão,Q13359443,http://www.wikidata.org/entity/Q16715409,0,289,,42.909722222222,79.579166666667
KAZ,Cazaquistão,Q13359440,http://www.wikidata.org/entity/Q35902,0,111,,54.332441,66.293736
KAZ,Cazaquistão,Q13359441,http://www.wikidata.org/entity/Q16692290,0,1657,,43.522188,77.480943
KAZ,Cazaquistão,Q13359447,http://www.wikidata.org/entity/Q2550435,0,532,,45.212777777778,78.694722222222
KAZ,Cazaquistão,Q13359444,http://www.wikidata.org/entity/Q16692255,0,39,,45.028266,74.530448
KAZ,Cazaquistão,Q13359445,http://www.wikidata.org/entity/Q16721013,0,188,,43.520074,76.053184
KAZ,Cazaquistão,Q13359450,http://www.wikidata.org/entity/Q20098112,0,1179,,47.880555555556,51.658333333333
KAZ,Cazaquistão,Q13359451,http://www.wikidata.org/entity/Q30973843,0,203,,53.886111111111,71.751944444444
KAZ,Cazaquistão,Q13359449,http://www.wikidata.org/entity/Q2556261,0,1624,,44.143611111111,79.765277777778
KAZ,Cazaquistão,Q13359454,http://www.wikidata.org/entity/Q30975131,0,323,,53.851565,68.206215
KAZ,Cazaquistão,Q13359455,http://www.wikidata.org/entity/Q16701437,0,416,,43.719377,77.358743
KAZ,Cazaquistão,Q13359453,http://www.wikidata.org/entity/Q20098380,0,56,,48.215277777778,51.586111111111
KAZ,Cazaquistão,Q13359458,http://www.wikidata.org/entity/Q30973839,0,699,,53.678408,71.308136
KAZ,Cazaquistão,Q13359456,http://www.wikidata.org/entity/Q2556249,0,1429,,45.79813,80.64692
KAZ,Cazaquistão,Q13359463,http://www.wikidata.org/entity/Q20098230,0,89,,47.415555555556,51.832777777778
KAZ,Cazaquistão,Q13359461,http://www.wikidata.org/entity/Q2550342,0,150,,46.415277777778,77.299444444444
KAZ,Cazaquistão,Q13359487,http://www.wikidata.org/entity/Q20098162,0,1859,,47.421944444444,51.872777777778
KAZ,Cazaquistão,Q13359490,http://www.wikidata.org/entity/Q84311817,0,631,,43.181944444444,78.521388888889
KAZ,Cazaquistão,Q13359488,http://www.wikidata.org/entity/Q2550378,0,8526,,43.256388888889,76.795277777778
KAZ,Cazaquistão,Q13359494,http://www.wikidata.org/entity/Q2556249,0,578,,45.952222222222,81.5625
KAZ,Cazaquistão,Q13359492,http://www.wikidata.org/entity/Q30975058,0,135,,52.684083,67.880889
KAZ,Cazaquistão,Q13359493,http://www.wikidata.org/entity/Q2550398,0,832,,44.871666666667,78.235277777778
KAZ,Cazaquistão,Q13359498,http://www.wikidata.org/entity/Q2550435,0,306,,44.964202777778,78.69215
KAZ,Cazaquistão,Q13416172,http://www.wikidata.org/entity/Q2736634,0,2,,51.391944444444,52.107222222222
KAZ,Cazaquistão,Q13416197,http://www.wikidata.org/entity/Q20072645,0,692,,50.535853,51.178595
KAZ,Cazaquistão,Q13593096,http://www.wikidata.org/entity/Q30975056,0,84,,53.302672,67.64504
KAZ,Cazaquistão,Q13637364,http://www.wikidata.org/entity/Q16434162,0,1052,,54.02,63.775555555556
KAZ,Cazaquistão,Q13638005,http://www.wikidata.org/entity/Q16700975,0,5045,,43.42363,77.619696
KAZ,Cazaquistão,Q13638237,http://www.wikidata.org/entity/Q30973974,0,99,,52.008702777778,70.698902777778
KAZ,Cazaquistão,Q13640610,http://www.wikidata.org/entity/Q2456359,0,353,,52.019997222222,70.807402777778
KAZ,Cazaquistão,Q13640612,http://www.wikidata.org/entity/Q30973974,0,146,,52.0482,70.642597222222
KAZ,Cazaquistão,Q13640618,http://www.wikidata.org/entity/Q28671097,0,859,,52.062697222222,72.021197222222
KAZ,Cazaquistão,Q13640619,http://www.wikidata.org/entity/Q28671097,0,497,,51.900597222222,71.965
KAZ,Cazaquistão,Q13640616,http://www.wikidata.org/entity/Q2456359,0,138,,52.40968,72.358558
KAZ,Cazaquistão,Q13640623,http://www.wikidata.org/entity/Q2456359,0,82,,52.142202777778,70.9675
KAZ,Cazaquistão,Q13640621,http://www.wikidata.org/entity/Q28671098,0,664,,52.080334,71.264011
KAZ,Cazaquistão,Q13640627,http://www.wikidata.org/entity/Q2030615,0,476,,52.163619,72.527618
KAZ,Cazaquistão,Q13640625,http://www.wikidata.org/entity/Q2456359,0,60,,52.10943,72.356317
KAZ,Cazaquistão,Q13640630,http://www.wikidata.org/entity/Q2456359,0,234,,52.075097222222,70.4984
KAZ,Cazaquistão,Q13640628,http://www.wikidata.org/entity/Q28668662,0,735,,52.1314,70.353897222222
KAZ,Cazaquistão,Q13640634,http://www.wikidata.org/entity/Q2456359,0,119,,52.0943,70.391202777778
KAZ,Cazaquistão,Q13640638,http://www.wikidata.org/entity/Q28671099,0,137,,51.908467,71.458595
KAZ,Cazaquistão,Q13640636,http://www.wikidata.org/entity/Q28671099,0,217,,51.9755,71.4669
KAZ,Cazaquistão,Q13640640,http://www.wikidata.org/entity/Q30973969,0,170,,52.1622,71.112002777778
KAZ,Cazaquistão,Q13640647,http://www.wikidata.org/entity/Q28671100,0,173,,51.922234,71.132153
KAZ,Cazaquistão,Q13640644,http://www.wikidata.org/entity/Q28671100,0,925,,51.872108,70.950192
KAZ,Cazaquistão,Q13640650,http://www.wikidata.org/entity/Q2456359,0,167,,51.872497222222,70.343997222222
KAZ,Cazaquistão,Q13640648,http://www.wikidata.org/entity/Q2456359,0,95,,51.860402777778,70.7697
KAZ,Cazaquistão,Q13640654,http://www.wikidata.org/entity/Q30975251,0,593,,50.9946,71.8452
KAZ,Cazaquistão,Q13640652,http://www.wikidata.org/entity/Q28668668,0,321,,52.0091,70.598797222222
KAZ,Cazaquistão,Q13640659,http://www.wikidata.org/entity/Q2321988,0,420,,50.648097222222,72.395597222222
KAZ,Cazaquistão,Q13640656,http://www.wikidata.org/entity/Q30975251,0,116,,51.104553,71.761581
KAZ,Cazaquistão,Q13640657,http://www.wikidata.org/entity/Q30975251,0,45,,51.136552,71.751973
KAZ,Cazaquistão,Q13640663,http://www.wikidata.org/entity/Q2321988,0,28,,51.179994,71.999107
KAZ,Cazaquistão,Q13640661,http://www.wikidata.org/entity/Q2321988,0,26,,50.575142,71.863612
KAZ,Cazaquistão,Q13640666,http://www.wikidata.org/entity/Q16432674,0,199,,51.043054,71.857525
KAZ,Cazaquistão,Q13640664,http://www.wikidata.org/entity/Q16432674,0,326,,51.090302777778,71.9535
KAZ,Cazaquistão,Q13640671,http://www.wikidata.org/entity/Q30975259,0,107,,50.8035,72.3832
KAZ,Cazaquistão,Q13640669,http://www.wikidata.org/entity/Q28671102,0,360,,50.791202777778,72.503402777778
KAZ,Cazaquistão,Q13640674,http://www.wikidata.org/entity/Q28671101,0,337,,51.095302777778,72.4385
KAZ,Cazaquistão,Q13640673,http://www.wikidata.org/entity/Q30975259,0,69,,50.862197222222,72.3271
KAZ,Cazaquistão,Q13640678,http://www.wikidata.org/entity/Q28668689,0,447,,51.211659,71.793496
KAZ,Cazaquistão,Q13640676,http://www.wikidata.org/entity/Q28671101,0,301,,51.0773,72.606297222222
KAZ,Cazaquistão,Q13640683,http://www.wikidata.org/entity/Q2321988,0,0,,51.192182,72.362761
KAZ,Cazaquistão,Q13640680,http://www.wikidata.org/entity/Q28668687,0,784,,51.204444444444,72.181666666667
KAZ,Cazaquistão,Q13640687,http://www.wikidata.org/entity/Q56366783,0,306,,51.578797222222,69.611897222222
KAZ,Cazaquistão,Q13640685,http://www.wikidata.org/entity/Q56366783,0,97,,51.5429,69.727
KAZ,Cazaquistão,Q13640690,http://www.wikidata.org/entity/Q2466344,0,322,,51.2213,69.533402777778
KAZ,Cazaquistão,Q13640695,http://www.wikidata.org/entity/Q56366785,0,216,,51.518938,69.659892
KAZ,Cazaquistão,Q13640692,http://www.wikidata.org/entity/Q56366785,0,1065,,51.453902777778,69.774197222222
KAZ,Cazaquistão,Q13640703,http://www.wikidata.org/entity/Q56366855,0,147,,52.1384,68.294097222222
KAZ,Cazaquistão,Q13640700,http://www.wikidata.org/entity/Q2466344,0,323,,51.7573,69.7882
KAZ,Cazaquistão,Q13640701,http://www.wikidata.org/entity/Q2466344,0,121,,51.791997222222,69.602797222222
KAZ,Cazaquistão,Q13640707,http://www.wikidata.org/entity/Q2466344,0,64,,51.5975,69.977777777778
KAZ,Cazaquistão,Q13640705,http://www.wikidata.org/entity/Q4812946,0,76,,52.076111111111,68.356388888889
KAZ,Cazaquistão,Q13640710,http://www.wikidata.org/entity/Q56366788,0,4804,,51.623741666667,69.833036111111
KAZ,Cazaquistão,Q13640714,http://www.wikidata.org/entity/Q4812946,0,603,,51.408097222222,68.431897222222
KAZ,Cazaquistão,Q13640713,http://www.wikidata.org/entity/Q56366792,0,863,,51.2515,70.3907
KAZ,Cazaquistão,Q13640718,http://www.wikidata.org/entity/Q4812946,0,38,,51.9716,68.3204
KAZ,Cazaquistão,Q13640716,http://www.wikidata.org/entity/Q56366793,0,363,,51.803349,70.103359
KAZ,Cazaquistão,Q13640720,http://www.wikidata.org/entity/Q2466344,0,39,,51.574793,69.250045
KAZ,Cazaquistão,Q13640726,http://www.wikidata.org/entity/Q56366858,0,688,,51.8834,68.396602777778
KAZ,Cazaquistão,Q13640724,http://www.wikidata.org/entity/Q56366858,0,834,,51.9829,68.532697222222
KAZ,Cazaquistão,Q13640771,http://www.wikidata.org/entity/Q56366807,0,139,,51.41002,69.305298
KAZ,Cazaquistão,Q13640774,http://www.wikidata.org/entity/Q4812946,0,138,,51.700378,68.768222
KAZ,Cazaquistão,Q13640778,http://www.wikidata.org/entity/Q56366856,0,461,,51.773097222222,69.053397222222
KAZ,Cazaquistão,Q13640783,http://www.wikidata.org/entity/Q56366850,0,191,,51.5778,68.047597222222
KAZ,Cazaquistão,Q13640780,http://www.wikidata.org/entity/Q56366850,0,198,,51.6084,68.171602777778
KAZ,Cazaquistão,Q13640786,http://www.wikidata.org/entity/Q56366862,0,494,,51.2038,68.315602777778
KAZ,Cazaquistão,Q13640785,http://www.wikidata.org/entity/Q4812946,0,0,,51.549809,67.892529
KAZ,Cazaquistão,Q13640788,http://www.wikidata.org/entity/Q56366863,0,123,,51.6767,68.2824
KAZ,Cazaquistão,Q13640794,http://www.wikidata.org/entity/Q56366894,0,367,,52.4794,69.835597222222
KAZ,Cazaquistão,Q13640792,http://www.wikidata.org/entity/Q4812946,0,55,,51.775322,68.762027
KAZ,Cazaquistão,Q13640798,http://www.wikidata.org/entity/Q56367008,0,204,,51.167451,69.790988
KAZ,Cazaquistão,Q13640796,http://www.wikidata.org/entity/Q56367008,0,416,,51.1077,69.7671
KAZ,Cazaquistão,Q13640801,http://www.wikidata.org/entity/Q56367014,0,464,,50.960102777778,69.4419
KAZ,Cazaquistão,Q13640958,http://www.wikidata.org/entity/Q4703463,0,8,,52.39991,69.512305
KAZ,Cazaquistão,Q13640956,http://www.wikidata.org/entity/Q56366900,0,134,,52.270533,69.8319
KAZ,Cazaquistão,Q13640963,http://www.wikidata.org/entity/Q56366900,0,134,,52.287097222222,69.6315
KAZ,Cazaquistão,Q13640960,http://www.wikidata.org/entity/Q56366900,0,680,,52.3683,69.633297222222
KAZ,Cazaquistão,Q13640971,http://www.wikidata.org/entity/Q56366903,0,739,,52.0444,69.597102777778
KAZ,Cazaquistão,Q13640969,http://www.wikidata.org/entity/Q56366902,0,79,,52.2908,70.470902777778
KAZ,Cazaquistão,Q13640975,http://www.wikidata.org/entity/Q56366903,0,146,,52.0905,69.350002777778
KAZ,Cazaquistão,Q13640973,http://www.wikidata.org/entity/Q56366903,0,160,,52.054402777778,69.406497222222
KAZ,Cazaquistão,Q13640978,http://www.wikidata.org/entity/Q56366889,0,161,,51.9305,69.631802777778
KAZ,Cazaquistão,Q13640983,http://www.wikidata.org/entity/Q56366890,0,1002,,52.1755,69.649302777778
KAZ,Cazaquistão,Q13640984,http://www.wikidata.org/entity/Q56366890,0,160,,52.1956,69.6783
KAZ,Cazaquistão,Q13641563,http://www.wikidata.org/entity/Q56366901,0,54,,52.5609,70.3636
KAZ,Cazaquistão,Q13641561,http://www.wikidata.org/entity/Q56366901,0,1026,,52.5895,70.270802777778
KAZ,Cazaquistão,Q13641565,http://www.wikidata.org/entity/Q56366901,0,908,,52.481402777778,70.238302777778
KAZ,Cazaquistão,Q13641568,http://www.wikidata.org/entity/Q56366943,0,687,,53.086395,70.247097
KAZ,Cazaquistão,Q13641569,http://www.wikidata.org/entity/Q56366941,0,441,,52.71835,69.974486111111
KAZ,Cazaquistão,Q13641579,http://www.wikidata.org/entity/Q2556214,0,35,,53.335993,70.036953
KAZ,Cazaquistão,Q13641582,http://www.wikidata.org/entity/Q56366943,0,65,,53.011461,70.361057
KAZ,Cazaquistão,Q13641581,http://www.wikidata.org/entity/Q56366931,0,225,,52.962569,70.069252
KAZ,Cazaquistão,Q13641586,http://www.wikidata.org/entity/Q56366934,0,60,,52.518227,69.378975
KAZ,Cazaquistão,Q13641584,http://www.wikidata.org/entity/Q56366934,0,1015,,52.607066,69.489805
KAZ,Cazaquistão,Q13641591,http://www.wikidata.org/entity/Q56366935,0,252,,53.117921,70.589691
KAZ,Cazaquistão,Q13641588,http://www.wikidata.org/entity/Q56366934,0,186,,52.478554,69.328761
KAZ,Cazaquistão,Q13641589,http://www.wikidata.org/entity/Q56366934,0,99,,52.54696,69.554386
KAZ,Cazaquistão,Q13641593,http://www.wikidata.org/entity/Q56366935,0,129,,53.111386,70.331768
KAZ,Cazaquistão,Q13641597,http://www.wikidata.org/entity/Q54834292,0,122,,52.71601,69.787767
KAZ,Cazaquistão,Q13641600,http://www.wikidata.org/entity/Q54834292,0,122,,52.653222,69.679189
KAZ,Cazaquistão,Q13641601,http://www.wikidata.org/entity/Q2556214,0,585,,52.771803,69.683054
KAZ,Cazaquistão,Q13641607,http://www.wikidata.org/entity/Q54834292,0,108,,52.813907,69.980803
KAZ,Cazaquistão,Q13641604,http://www.wikidata.org/entity/Q54834292,0,428,,52.830353,69.868773
KAZ,Cazaquistão,Q13641609,http://www.wikidata.org/entity/Q56366937,0,133,,52.973007,69.857735
KAZ,Cazaquistão,Q13641614,http://www.wikidata.org/entity/Q2556214,0,24,,53.045383,69.951426
KAZ,Cazaquistão,Q13641612,http://www.wikidata.org/entity/Q2556214,0,28,,53.213477,69.634348
KAZ,Cazaquistão,Q13641616,http://www.wikidata.org/entity/Q56366932,0,106,,52.784082,70.173251
KAZ,Cazaquistão,Q13641635,http://www.wikidata.org/entity/Q2556214,0,203,,52.781174,70.020794
KAZ,Cazaquistão,Q13641633,http://www.wikidata.org/entity/Q56366941,0,229,,52.78721,70.093235
KAZ,Cazaquistão,Q13641638,http://www.wikidata.org/entity/Q56366941,0,252,,52.597329,70.08529
KAZ,Cazaquistão,Q13641636,http://www.wikidata.org/entity/Q56366941,0,104,,52.65457,69.962119
KAZ,Cazaquistão,Q13641642,http://www.wikidata.org/entity/Q56366941,0,72,,52.636397,70.067599
KAZ,Cazaquistão,Q13641643,http://www.wikidata.org/entity/Q56366940,0,25,,52.579935,69.679693
KAZ,Cazaquistão,Q13641640,http://www.wikidata.org/entity/Q1010136,0,665,,52.8992,65.6641
KAZ,Cazaquistão,Q13641647,http://www.wikidata.org/entity/Q56366940,0,673,,52.473216,69.614717
KAZ,Cazaquistão,Q13641645,http://www.wikidata.org/entity/Q56366940,0,56,,52.596801,69.917251
KAZ,Cazaquistão,Q13641651,http://www.wikidata.org/entity/Q56366940,0,144,,52.514291,69.692333
KAZ,Cazaquistão,Q13641649,http://www.wikidata.org/entity/Q56366940,0,44,,52.567463,69.751496
KAZ,Cazaquistão,Q13641667,http://www.wikidata.org/entity/Q56367074,0,73,,51.595602777778,72.473597222222
KAZ,Cazaquistão,Q13641669,http://www.wikidata.org/entity/Q2565654,0,180,,51.1772,72.990902777778
KAZ,Cazaquistão,Q13641674,http://www.wikidata.org/entity/Q56367104,0,133,,51.425954,73.025078
KAZ,Cazaquistão,Q13641672,http://www.wikidata.org/entity/Q56367104,0,173,,51.487649,73.018541
KAZ,Cazaquistão,Q13641723,http://www.wikidata.org/entity/Q2565577,0,923,,51.7418,66.321397222222
KAZ,Cazaquistão,Q13641727,http://www.wikidata.org/entity/Q56367170,0,475,,51.750511,65.956011
KAZ,Cazaquistão,Q13641725,http://www.wikidata.org/entity/Q56367171,0,523,,52.047686,66.084884
KAZ,Cazaquistão,Q13641730,http://www.wikidata.org/entity/Q56367170,0,284,,51.803148,66.059755
KAZ,Cazaquistão,Q13641731,http://www.wikidata.org/entity/Q56367175,0,547,,51.640437,66.766911
KAZ,Cazaquistão,Q13641735,http://www.wikidata.org/entity/Q30952375,0,1332,,51.992714,66.569701
KAZ,Cazaquistão,Q13641733,http://www.wikidata.org/entity/Q2565577,0,406,,52.109575,66.816318
KAZ,Cazaquistão,Q13359499,http://www.wikidata.org/entity/Q2556235,0,728,,43.009166666667,79.401666666667
KAZ,Cazaquistão,Q13359496,http://www.wikidata.org/entity/Q2556249,0,1239,,46.1594,81.201298
KAZ,Cazaquistão,Q13359497,http://www.wikidata.org/entity/Q2737272,0,481,,45.391225,78.752176
KAZ,Cazaquistão,Q13359502,http://www.wikidata.org/entity/Q2556317,0,599,,44.031666666667,78.748611111111
KAZ,Cazaquistão,Q13359503,http://www.wikidata.org/entity/Q2556049,0,369,,43.185833333333,76.959166666667
KAZ,Cazaquistão,Q13359500,http://www.wikidata.org/entity/Q2550398,0,851,,44.636944444444,78.349722222222
KAZ,Cazaquistão,Q13359501,http://www.wikidata.org/entity/Q20098143,0,3122,,43.270277777778,75.483055555556
KAZ,Cazaquistão,Q13359507,http://www.wikidata.org/entity/Q30973010,0,622,,54.235277777778,68.139444444444
KAZ,Cazaquistão,Q13359504,http://www.wikidata.org/entity/Q20098147,0,965,,47.784722222222,51.600277777778
KAZ,Cazaquistão,Q13359505,http://www.wikidata.org/entity/Q16692290,0,568,,43.478308,77.447686
KAZ,Cazaquistão,Q13359511,http://www.wikidata.org/entity/Q30513,0,455,,54.432911,71.085663
KAZ,Cazaquistão,Q13359519,http://www.wikidata.org/entity/Q16431962,0,127,,46.62888889,49.44
KAZ,Cazaquistão,Q13359517,http://www.wikidata.org/entity/Q2556249,0,99,,45.760688,80.290462
KAZ,Cazaquistão,Q13359522,http://www.wikidata.org/entity/Q20098156,0,275,,43.295833333333,77.163888888889
KAZ,Cazaquistão,Q13359523,http://www.wikidata.org/entity/Q30513,0,146,,54.362008,71.1866
KAZ,Cazaquistão,Q13359520,http://www.wikidata.org/entity/Q30975133,0,122,,54.264071,68.813295
KAZ,Cazaquistão,Q13359521,http://www.wikidata.org/entity/Q20098156,0,700,,43.282923,77.201099
KAZ,Cazaquistão,Q13365257,http://www.wikidata.org/entity/Q56367458,0,3111,,51.243888888889,71.165277777778
KAZ,Cazaquistão,Q13365393,http://www.wikidata.org/entity/Q20077647,0,101,,49.505537,50.569464
KAZ,Cazaquistão,Q13365398,http://www.wikidata.org/entity/Q2736638,0,247,,49.412777777778,50.380833333333
KAZ,Cazaquistão,Q13365403,http://www.wikidata.org/entity/Q20072646,0,203,,49.558611111111,51.578055555556
KAZ,Cazaquistão,Q13365407,http://www.wikidata.org/entity/Q486913,0,2191,,47.066666666667,51.871111111111
KAZ,Cazaquistão,Q13365405,http://www.wikidata.org/entity/Q20072634,0,763,,51.024391,53.304963
KAZ,Cazaquistão,Q13365410,http://www.wikidata.org/entity/Q486913,0,1671,,47.195691,51.951549
KAZ,Cazaquistão,Q13365408,http://www.wikidata.org/entity/Q486913,0,3337,,47.214321,51.943567
KAZ,Cazaquistão,Q13365409,http://www.wikidata.org/entity/Q16431534,0,180,,49.575464,50.044738
KAZ,Cazaquistão,Q13365414,http://www.wikidata.org/entity/Q30975070,0,239,,53.821784,67.807518
KAZ,Cazaquistão,Q13365415,http://www.wikidata.org/entity/Q20072646,0,761,,49.606388888889,51.522777777778
KAZ,Cazaquistão,Q13365413,http://www.wikidata.org/entity/Q20072648,0,504,,50.94864,53.075452
KAZ,Cazaquistão,Q13365419,http://www.wikidata.org/entity/Q2550287,0,26,,50.066388888889,51.775
KAZ,Cazaquistão,Q13365422,http://www.wikidata.org/entity/Q2736634,0,268,,51.154647222222,52.324402777778
KAZ,Cazaquistão,Q13365424,http://www.wikidata.org/entity/Q2737283,0,528,,50.811358,52.971582
KAZ,Cazaquistão,Q13365431,http://www.wikidata.org/entity/Q30972517,0,268,,53.810889,67.591482
KAZ,Cazaquistão,Q13365434,http://www.wikidata.org/entity/Q16702066,0,2243,,43.400991,77.526529
KAZ,Cazaquistão,Q13365435,http://www.wikidata.org/entity/Q2550435,0,53,,45.125958333333,78.456055555556
KAZ,Cazaquistão,Q13365433,http://www.wikidata.org/entity/Q2556162,0,2130,,47.254455555556,51.8881
KAZ,Cazaquistão,Q13365438,http://www.wikidata.org/entity/Q16433419,0,4111,,43.219202777778,76.688197222222
KAZ,Cazaquistão,Q13365436,http://www.wikidata.org/entity/Q2550342,0,577,,46.217222222222,77.294444444444
KAZ,Cazaquistão,Q13365437,http://www.wikidata.org/entity/Q2556173,0,3361,,45.450552777778,79.982597222222
KAZ,Cazaquistão,Q13365461,http://www.wikidata.org/entity/Q56367456,0,1034,,51.343136,70.668593
KAZ,Cazaquistão,Q13365547,http://www.wikidata.org/entity/Q20077460,0,1464,,49.763055555556,46.954444444444
KAZ,Cazaquistão,Q13372783,http://www.wikidata.org/entity/Q30972863,0,778,,54.473679,68.687711
KAZ,Cazaquistão,Q13372846,http://www.wikidata.org/entity/Q30972863,0,293,,54.447112,68.644545
KAZ,Cazaquistão,Q13374246,http://www.wikidata.org/entity/Q30972871,0,2749,,55.120748,69.199777
KAZ,Cazaquistão,Q13375221,http://www.wikidata.org/entity/Q30972849,0,84,,54.934687,69.714504
KAZ,Cazaquistão,Q13393271,http://www.wikidata.org/entity/Q30972854,0,251,,55.33222,69.057212
KAZ,Cazaquistão,Q13393346,http://www.wikidata.org/entity/Q30972847,0,251,,55.060822,69.22931
KAZ,Cazaquistão,Q13408434,http://www.wikidata.org/entity/Q30972846,0,153,,54.836489,69.384657
KAZ,Cazaquistão,Q13408433,http://www.wikidata.org/entity/Q30972862,0,504,,54.8325,69.091111111111
KAZ,Cazaquistão,Q13409021,http://www.wikidata.org/entity/Q30972859,0,295,,54.580618,68.445755
KAZ,Cazaquistão,Q13409065,http://www.wikidata.org/entity/Q30975122,0,366,,54.630829,69.155231
KAZ,Cazaquistão,Q13409212,http://www.wikidata.org/entity/Q30975122,0,72,,54.663929,69.194806
KAZ,Cazaquistão,Q13409279,http://www.wikidata.org/entity/Q25577,0,6,,54.908939,69.573827
KAZ,Cazaquistão,Q13414788,http://www.wikidata.org/entity/Q20072639,0,737,,49.452727,53.49834
KAZ,Cazaquistão,Q13414805,http://www.wikidata.org/entity/Q12564837,0,1216,,49.624166666667,47.122222222222
KAZ,Cazaquistão,Q13414815,http://www.wikidata.org/entity/Q20074153,0,624,,50.326286,52.483993
KAZ,Cazaquistão,Q13414818,http://www.wikidata.org/entity/Q20076759,0,1151,,51.480277777778,53.2875
KAZ,Cazaquistão,Q13415186,http://www.wikidata.org/entity/Q20072637,0,142,,50.952222222222,51.275555555556
KAZ,Cazaquistão,Q13415184,http://www.wikidata.org/entity/Q2737304,0,19,,51.324166666667,51.021111111111
KAZ,Cazaquistão,Q13415185,http://www.wikidata.org/entity/Q20072637,0,700,,50.855755,51.240908
KAZ,Cazaquistão,Q13416155,http://www.wikidata.org/entity/Q30973266,0,594,,53.457087,70.130611
KAZ,Cazaquistão,Q13416152,http://www.wikidata.org/entity/Q20082517,0,149,,48.955402777778,47.290605555556
KAZ,Cazaquistão,Q13416153,http://www.wikidata.org/entity/Q20074267,0,1122,,49.691944444444,48.680277777778
KAZ,Cazaquistão,Q13416158,http://www.wikidata.org/entity/Q12544045,0,81,,50.238333333333,47.610833333333
KAZ,Cazaquistão,Q13416159,http://www.wikidata.org/entity/Q20072637,0,2781,,50.778888888889,51.225277777778
KAZ,Cazaquistão,Q13416156,http://www.wikidata.org/entity/Q16432129,0,299,,51.092222222222,50.481666666667
KAZ,Cazaquistão,Q13416157,http://www.wikidata.org/entity/Q20072647,0,223,,51.198333333333,51.556388888889
KAZ,Cazaquistão,Q13416163,http://www.wikidata.org/entity/Q16432129,0,61,,51.061944444444,50.671944444444
KAZ,Cazaquistão,Q13416160,http://www.wikidata.org/entity/Q20073053,0,202,,51.263055555556,50.997222222222
KAZ,Cazaquistão,Q13416166,http://www.wikidata.org/entity/Q30973265,0,1112,,53.656135,70.811592
KAZ,Cazaquistão,Q13416167,http://www.wikidata.org/entity/Q16432078,0,229,,50.576388888889,49.000555555556
KAZ,Cazaquistão,Q13416164,http://www.wikidata.org/entity/Q20072639,0,47,,49.391111111111,53.353055555556
KAZ,Cazaquistão,Q13416165,http://www.wikidata.org/entity/Q20074156,0,476,,50.105555555556,53.191666666667
KAZ,Cazaquistão,Q13416170,http://www.wikidata.org/entity/Q20072641,0,1077,,49.823611111111,49.245555555556
KAZ,Cazaquistão,Q13416168,http://www.wikidata.org/entity/Q20072640,0,891,,49.462555555556,47.402333333333
KAZ,Cazaquistão,Q13416169,http://www.wikidata.org/entity/Q20076778,0,75,,49.915,52.804166666667
KAZ,Cazaquistão,Q13641739,http://www.wikidata.org/entity/Q56367161,0,477,,52.0015,66.248802777778
KAZ,Cazaquistão,Q13641737,http://www.wikidata.org/entity/Q2565577,0,509,,51.632972222222,65.791838888889
KAZ,Cazaquistão,Q13641741,http://www.wikidata.org/entity/Q2565577,0,362,,52.000512,66.878673
KAZ,Cazaquistão,Q13641754,http://www.wikidata.org/entity/Q56367241,0,339,,51.116083333333,66.672555555556
KAZ,Cazaquistão,Q13641752,http://www.wikidata.org/entity/Q56367199,0,468,,51.268416666667,67.217694444444
KAZ,Cazaquistão,Q13641758,http://www.wikidata.org/entity/Q56367189,0,520,,51.831952,67.914174
KAZ,Cazaquistão,Q13641756,http://www.wikidata.org/entity/Q25505458,0,1149,,51.841226,67.377382
KAZ,Cazaquistão,Q13641762,http://www.wikidata.org/entity/Q2605063,0,127,,51.544958,67.717205
KAZ,Cazaquistão,Q13641760,http://www.wikidata.org/entity/Q56367195,0,1395,,51.584483333333,67.560188888889
KAZ,Cazaquistão,Q13641766,http://www.wikidata.org/entity/Q56367193,0,30,,51.495,67.221102777778
KAZ,Cazaquistão,Q13641764,http://www.wikidata.org/entity/Q56367193,0,739,,51.579402777778,67.287702777778
KAZ,Cazaquistão,Q13641770,http://www.wikidata.org/entity/Q2605063,0,83,,51.362074,67.268325
KAZ,Cazaquistão,Q13641768,http://www.wikidata.org/entity/Q2605063,0,63,,51.585569,67.31971
KAZ,Cazaquistão,Q13641772,http://www.wikidata.org/entity/Q2605063,0,219,,51.4467,67.171597222222
KAZ,Cazaquistão,Q13641773,http://www.wikidata.org/entity/Q56367196,0,125,,52.411135,67.510297
KAZ,Cazaquistão,Q13641778,http://www.wikidata.org/entity/Q2605063,0,347,,51.878424,67.808123
KAZ,Cazaquistão,Q13641776,http://www.wikidata.org/entity/Q56367196,0,361,,52.305937,67.541826
KAZ,Cazaquistão,Q13641782,http://www.wikidata.org/entity/Q56367198,0,141,,51.984487,67.20515
KAZ,Cazaquistão,Q13641780,http://www.wikidata.org/entity/Q2605063,0,70,,51.850666,67.857869
KAZ,Cazaquistão,Q13641786,http://www.wikidata.org/entity/Q56367201,0,723,,52.102062,67.462979
KAZ,Cazaquistão,Q13641784,http://www.wikidata.org/entity/Q2605063,0,607,,52.076453,67.23019
KAZ,Cazaquistão,Q13641790,http://www.wikidata.org/entity/Q56367200,0,461,,51.9446,67.702
KAZ,Cazaquistão,Q13641788,http://www.wikidata.org/entity/Q2605063,0,137,,52.157257,67.54287
KAZ,Cazaquistão,Q13641794,http://www.wikidata.org/entity/Q2605063,0,42,,51.212447,67.140773
KAZ,Cazaquistão,Q13641795,http://www.wikidata.org/entity/Q56367207,0,526,,51.786342,67.048942
KAZ,Cazaquistão,Q13641792,http://www.wikidata.org/entity/Q56367200,0,126,,51.840432,67.669089
KAZ,Cazaquistão,Q13641802,http://www.wikidata.org/entity/Q56367243,0,266,,51.329202777778,66.376802777778
KAZ,Cazaquistão,Q13641801,http://www.wikidata.org/entity/Q56367243,0,474,,51.374179,66.487047
KAZ,Cazaquistão,Q13641806,http://www.wikidata.org/entity/Q56367245,0,365,,51.210549,66.761994
KAZ,Cazaquistão,Q13641804,http://www.wikidata.org/entity/Q16432758,0,770,,51.149602777778,66.331897222222
KAZ,Cazaquistão,Q13641810,http://www.wikidata.org/entity/Q56367239,0,692,,50.717936111111,66.626327777778
KAZ,Cazaquistão,Q13641814,http://www.wikidata.org/entity/Q56367240,0,237,,51.312237,66.058329
KAZ,Cazaquistão,Q13641813,http://www.wikidata.org/entity/Q56367240,0,478,,51.2828,66.043097222222
KAZ,Cazaquistão,Q13308390,http://www.wikidata.org/entity/Q2550398,0,543,,44.89225,78.13125
KAZ,Cazaquistão,Q13308685,http://www.wikidata.org/entity/Q2550398,0,650,,44.964166666667,77.989444444444
KAZ,Cazaquistão,Q13308952,http://www.wikidata.org/entity/Q2550435,0,967,,44.877702777778,78.535852777778
KAZ,Cazaquistão,Q13308961,http://www.wikidata.org/entity/Q2556173,0,683,,45.481111111111,80.084166666667
KAZ,Cazaquistão,Q13359466,http://www.wikidata.org/entity/Q2556261,0,495,,44.179444444444,80.152222222222
KAZ,Cazaquistão,Q13359464,http://www.wikidata.org/entity/Q2556173,0,292,,45.643055555556,80.428333333333
KAZ,Cazaquistão,Q13359465,http://www.wikidata.org/entity/Q2556049,0,225,,43.169444444444,76.981111111111
KAZ,Cazaquistão,Q13359470,http://www.wikidata.org/entity/Q22203874,0,119,,48.857777777778,53.630277777778
KAZ,Cazaquistão,Q13359469,http://www.wikidata.org/entity/Q16691536,0,583,,45.019002,75.667374
KAZ,Cazaquistão,Q13359476,http://www.wikidata.org/entity/Q2550398,0,2777,,44.860902777778,78.172402777778
KAZ,Cazaquistão,Q13359477,http://www.wikidata.org/entity/Q2550435,0,1069,,45.24,78.655277777778
KAZ,Cazaquistão,Q13359482,http://www.wikidata.org/entity/Q2556249,0,52,,46.350369444444,81.293975
KAZ,Cazaquistão,Q13359480,http://www.wikidata.org/entity/Q30972934,0,297,,54.110691,68.235312
KAZ,Cazaquistão,Q13359481,http://www.wikidata.org/entity/Q2737272,0,309,,45.438838,78.410814
KAZ,Cazaquistão,Q13359485,http://www.wikidata.org/entity/Q16431962,0,1972,,46.609444444444,49.436666666667
KAZ,Cazaquistão,Q13359525,http://www.wikidata.org/entity/Q2556049,0,2256,,43.384248,77.078226
KAZ,Cazaquistão,Q13416211,http://www.wikidata.org/entity/Q2736634,0,12,,51.389405,52.349239
KAZ,Cazaquistão,Q13551311,http://www.wikidata.org/entity/Q2029854,0,1310,,53.309545,68.439489
KAZ,Cazaquistão,Q13552092,http://www.wikidata.org/entity/Q2565681,0,45,,52.704722222222,71.503055555556
KAZ,Cazaquistão,Q13552123,http://www.wikidata.org/entity/Q28668683,0,158,,50.638302777778,72.155297222222
KAZ,Cazaquistão,Q13552857,http://www.wikidata.org/entity/Q20078491,0,1562,,50.923258333333,51.15495
KAZ,Cazaquistão,Q13552864,http://www.wikidata.org/entity/Q56366852,0,1084,,51.891088888889,68.533333333333
KAZ,Cazaquistão,Q13552891,http://www.wikidata.org/entity/Q56367043,0,239,,52.650076,70.475899
KAZ,Cazaquistão,Q13553680,http://www.wikidata.org/entity/Q20076750,0,1248,,50.315555555556,51.0725
KAZ,Cazaquistão,Q13640632,http://www.wikidata.org/entity/Q28668662,0,414,,52.177674,70.677703
KAZ,Cazaquistão,Q13640642,http://www.wikidata.org/entity/Q30973969,0,72,,52.382502777778,71.247002777778
KAZ,Cazaquistão,Q13640731,http://www.wikidata.org/entity/Q2466344,0,4,,51.6117,69.301402777778
KAZ,Cazaquistão,Q13640728,http://www.wikidata.org/entity/Q2466344,0,28,,51.708802777778,69.065002777778
KAZ,Cazaquistão,Q13640729,http://www.wikidata.org/entity/Q56366859,0,148,,52.0474,68.647
KAZ,Cazaquistão,Q13640735,http://www.wikidata.org/entity/Q56366796,0,340,,51.273,70.317117
KAZ,Cazaquistão,Q13640733,http://www.wikidata.org/entity/Q56366863,0,1158,,51.658702777778,68.190097222222
KAZ,Cazaquistão,Q13640738,http://www.wikidata.org/entity/Q56366863,0,430,,51.6056,68.0337
KAZ,Cazaquistão,Q13640742,http://www.wikidata.org/entity/Q56366796,0,168,,51.3045,70.205397222222
KAZ,Cazaquistão,Q13640741,http://www.wikidata.org/entity/Q4812946,0,880,,50.998097222222,68.1589
KAZ,Cazaquistão,Q13640746,http://www.wikidata.org/entity/Q56366845,0,306,,51.7401,68.6491
KAZ,Cazaquistão,Q13640744,http://www.wikidata.org/entity/Q56366803,0,464,,51.3661,69.989702777778
KAZ,Cazaquistão,Q13640751,http://www.wikidata.org/entity/Q56366784,0,231,,51.843,69.511997222222
KAZ,Cazaquistão,Q13640748,http://www.wikidata.org/entity/Q56366803,0,209,,51.347702777778,69.940402777778
KAZ,Cazaquistão,Q13640749,http://www.wikidata.org/entity/Q56375281,0,306,,51.692502777778,68.5303
KAZ,Cazaquistão,Q13640755,http://www.wikidata.org/entity/Q2466344,0,135,,51.757897222222,69.455097222222
KAZ,Cazaquistão,Q13640753,http://www.wikidata.org/entity/Q56375281,0,96,,51.69,68.512297222222
KAZ,Cazaquistão,Q13640757,http://www.wikidata.org/entity/Q56366805,0,291,,51.798597222222,69.304997222222
KAZ,Cazaquistão,Q13640761,http://www.wikidata.org/entity/Q56366805,0,172,,51.8057,69.3549
KAZ,Cazaquistão,Q13640766,http://www.wikidata.org/entity/Q56366795,0,101,,51.636902777778,69.4768
KAZ,Cazaquistão,Q13640767,http://www.wikidata.org/entity/Q2466344,0,1,,51.68465,69.61617
KAZ,Cazaquistão,Q13640806,http://www.wikidata.org/entity/Q56367016,0,227,,51.0207,69.852097222222
KAZ,Cazaquistão,Q13640804,http://www.wikidata.org/entity/Q2565628,0,0,,51.141126,68.631008
KAZ,Cazaquistão,Q13640810,http://www.wikidata.org/entity/Q2565628,0,44,,50.894802777778,69.181702777778
KAZ,Cazaquistão,Q13640811,http://www.wikidata.org/entity/Q56367012,0,432,,51.1134,68.966402777778
KAZ,Cazaquistão,Q13640808,http://www.wikidata.org/entity/Q56367007,0,50,,50.8829,69.154197222222
KAZ,Cazaquistão,Q13640818,http://www.wikidata.org/entity/Q56367010,0,244,,50.872668,70.093137
KAZ,Cazaquistão,Q13640816,http://www.wikidata.org/entity/Q56367010,0,396,,50.939711,69.917331
KAZ,Cazaquistão,Q13640822,http://www.wikidata.org/entity/Q56367048,0,145,,52.812697222222,70.729097222222
KAZ,Cazaquistão,Q13640829,http://www.wikidata.org/entity/Q2565681,0,264,,52.604702777778,72.115997222222
KAZ,Cazaquistão,Q13640835,http://www.wikidata.org/entity/Q2565681,0,512,,53.0201,70.758202777778
KAZ,Cazaquistão,Q13640833,http://www.wikidata.org/entity/Q56367033,0,387,,52.7388,70.711102777778
KAZ,Cazaquistão,Q13640838,http://www.wikidata.org/entity/Q56367037,0,514,,52.765505,71.509154
KAZ,Cazaquistão,Q13640837,http://www.wikidata.org/entity/Q2565681,0,1,,52.717122,70.595808
KAZ,Cazaquistão,Q13640843,http://www.wikidata.org/entity/Q56367042,0,386,,52.909162,71.068629
KAZ,Cazaquistão,Q13640841,http://www.wikidata.org/entity/Q56367041,0,378,,52.676397222222,70.694
KAZ,Cazaquistão,Q13640844,http://www.wikidata.org/entity/Q2565681,0,0,,53.000311111111,70.84975
KAZ,Cazaquistão,Q13640858,http://www.wikidata.org/entity/Q2565681,0,27,,52.7274,71.784797222222
KAZ,Cazaquistão,Q13640862,http://www.wikidata.org/entity/Q2565681,0,4,,52.8505,71.866697222222
KAZ,Cazaquistão,Q13640863,http://www.wikidata.org/entity/Q2565681,0,6,,52.940002,72.3968
KAZ,Cazaquistão,Q13640867,http://www.wikidata.org/entity/Q2565681,0,95,,52.607324,71.751036
KAZ,Cazaquistão,Q13641619,http://www.wikidata.org/entity/Q56366932,0,404,,52.715177777778,70.354030555556
KAZ,Cazaquistão,Q13641622,http://www.wikidata.org/entity/Q56366932,0,211,,52.671338,70.439715
KAZ,Cazaquistão,Q13641626,http://www.wikidata.org/entity/Q56366936,0,53,,52.919357,70.305545
KAZ,Cazaquistão,Q13641625,http://www.wikidata.org/entity/Q56366936,0,51,,52.944411,70.496349
KAZ,Cazaquistão,Q13641631,http://www.wikidata.org/entity/Q2556214,0,744,,53.272651,70.491044
KAZ,Cazaquistão,Q13641629,http://www.wikidata.org/entity/Q56366936,0,198,,52.872193,70.439516
KAZ,Cazaquistão,Q13641678,http://www.wikidata.org/entity/Q56367098,0,147,,51.035297222222,73.069602777778
KAZ,Cazaquistão,Q13641676,http://www.wikidata.org/entity/Q56367098,0,725,,51.133,73.088297222222
KAZ,Cazaquistão,Q13641683,http://www.wikidata.org/entity/Q56367106,0,130,,51.5845,73.416702777778
KAZ,Cazaquistão,Q13641680,http://www.wikidata.org/entity/Q56367098,0,278,,51.111141,73.146597
KAZ,Cazaquistão,Q13641681,http://www.wikidata.org/entity/Q56367099,0,169,,51.801433,73.796813
KAZ,Cazaquistão,Q13641712,http://www.wikidata.org/entity/Q2565577,0,5,,51.832481,66.896862
KAZ,Cazaquistão,Q13641818,http://www.wikidata.org/entity/Q56367242,0,685,,51.059648,66.319562
KAZ,Cazaquistão,Q13641817,http://www.wikidata.org/entity/Q2556274,0,4,,51.2503,65.5969
KAZ,Cazaquistão,Q13641822,http://www.wikidata.org/entity/Q56367254,0,551,,51.464399,66.394757
KAZ,Cazaquistão,Q13641823,http://www.wikidata.org/entity/Q56367247,0,344,,51.360057,66.565045
KAZ,Cazaquistão,Q13641820,http://www.wikidata.org/entity/Q56367242,0,30,,51.080145,65.682735
KAZ,Cazaquistão,Q13641827,http://www.wikidata.org/entity/Q56367237,0,659,,50.922051,66.468764
KAZ,Cazaquistão,Q13641825,http://www.wikidata.org/entity/Q56367261,0,376,,51.142075,66.665495
KAZ,Cazaquistão,Q13641858,http://www.wikidata.org/entity/Q2556291,0,544,,53.380436111111,69.440111111111
KAZ,Cazaquistão,Q13641874,http://www.wikidata.org/entity/Q56367288,0,388,,52.698534,69.028077
KAZ,Cazaquistão,Q13641872,http://www.wikidata.org/entity/Q2556291,0,27,,52.698766,69.17391
KAZ,Cazaquistão,Q13641876,http://www.wikidata.org/entity/Q2556291,0,1265,,53.571469,69.587239
KAZ,Cazaquistão,Q13641877,http://www.wikidata.org/entity/Q2556291,0,617,,53.604897222222,69.624897222222
KAZ,Cazaquistão,Q13641880,http://www.wikidata.org/entity/Q56367305,0,114,,53.513135,69.71518
KAZ,Cazaquistão,Q13641881,http://www.wikidata.org/entity/Q56367305,0,69,,53.657802777778,69.6609
KAZ,Cazaquistão,Q13641886,http://www.wikidata.org/entity/Q56367304,0,503,,53.4439,69.3685
KAZ,Cazaquistão,Q13641884,http://www.wikidata.org/entity/Q56367304,0,791,,53.410797,69.289991
KAZ,Cazaquistão,Q13641890,http://www.wikidata.org/entity/Q56367304,0,224,,53.44718,69.163399
KAZ,Cazaquistão,Q13641891,http://www.wikidata.org/entity/Q56367302,0,82,,53.480956,68.935138
KAZ,Cazaquistão,Q13641888,http://www.wikidata.org/entity/Q56367304,0,515,,53.416425,69.394112
KAZ,Cazaquistão,Q13641895,http://www.wikidata.org/entity/Q2556291,0,40,,53.381926,69.726816
KAZ,Cazaquistão,Q13641893,http://www.wikidata.org/entity/Q56367306,0,485,,53.491908,69.94385
KAZ,Cazaquistão,Q13641898,http://www.wikidata.org/entity/Q56367309,0,287,,53.105697222222,69.0138
KAZ,Cazaquistão,Q13641897,http://www.wikidata.org/entity/Q56367309,0,776,,53.141897222222,69.054197222222
KAZ,Cazaquistão,Q13641901,http://www.wikidata.org/entity/Q56367318,0,555,,52.902484,69.498603
KAZ,Cazaquistão,Q13641907,http://www.wikidata.org/entity/Q12551083,0,31,,52.988398,69.441247
KAZ,Cazaquistão,Q13641904,http://www.wikidata.org/entity/Q56367318,0,173,,52.847023,69.585486
KAZ,Cazaquistão,Q13641911,http://www.wikidata.org/entity/Q56367318,0,235,,52.960629,69.29762
KAZ,Cazaquistão,Q13641909,http://www.wikidata.org/entity/Q56367318,0,219,,52.842557,69.543433
KAZ,Cazaquistão,Q13641914,http://www.wikidata.org/entity/Q2556291,0,230,,53.357433,68.95101
KAZ,Cazaquistão,Q13641913,http://www.wikidata.org/entity/Q2556291,0,93,,53.322805,69.852351
KAZ,Cazaquistão,Q13641919,http://www.wikidata.org/entity/Q56367314,0,73,,53.057208,69.364881
KAZ,Cazaquistão,Q13641917,http://www.wikidata.org/entity/Q56367312,0,306,,53.0591,68.999902777778
KAZ,Cazaquistão,Q13641955,http://www.wikidata.org/entity/Q56367308,0,547,,53.2691,69.251197222222
KAZ,Cazaquistão,Q13641959,http://www.wikidata.org/entity/Q56367317,0,177,,53.660996,69.065961
KAZ,Cazaquistão,Q13641957,http://www.wikidata.org/entity/Q56367317,0,117,,53.588024,69.223066
KAZ,Cazaquistão,Q13641962,http://www.wikidata.org/entity/Q56367311,0,176,,53.356502777778,68.578297222222
KAZ,Cazaquistão,Q13641960,http://www.wikidata.org/entity/Q56367317,0,531,,53.534337,69.025035
KAZ,Cazaquistão,Q13642042,http://www.wikidata.org/entity/Q2565597,0,501,,52.532972222222,68.791833333333
KAZ,Cazaquistão,Q13642047,http://www.wikidata.org/entity/Q56367449,0,1690,,51.211597222222,71.1137
KAZ,Cazaquistão,Q13642054,http://www.wikidata.org/entity/Q56367449,0,359,,51.244102777778,71.0396
KAZ,Cazaquistão,Q13642064,http://www.wikidata.org/entity/Q2224859,0,1004,,51.321997222222,70.764102777778
KAZ,Cazaquistão,Q13642072,http://www.wikidata.org/entity/Q56367452,0,295,,51.273897222222,70.4688
KAZ,Cazaquistão,Q13642081,http://www.wikidata.org/entity/Q2224859,0,1202,,51.5328,71.9437
KAZ,Cazaquistão,Q13642088,http://www.wikidata.org/entity/Q56367365,0,1358,,52.369591666667,69.048563888889
KAZ,Cazaquistão,Q13642092,http://www.wikidata.org/entity/Q485056,0,9940,,53.323888888889,69.252666666667
KAZ,Cazaquistão,Q13642101,http://www.wikidata.org/entity/Q56367153,0,65,,53.352658333333,69.335586111111
KAZ,Cazaquistão,Q13642119,http://www.wikidata.org/entity/Q56367386,0,319,,51.6885,70.364497222222
KAZ,Cazaquistão,Q13642134,http://www.wikidata.org/entity/Q56367391,0,1231,,51.6764,70.994397222222
KAZ,Cazaquistão,Q13642138,http://www.wikidata.org/entity/Q56367395,0,860,,51.743,71.649897222222
KAZ,Cazaquistão,Q13642139,http://www.wikidata.org/entity/Q56367394,0,1168,,51.631144444444,70.458783333333
KAZ,Cazaquistão,Q13642136,http://www.wikidata.org/entity/Q56367398,0,574,,51.497602777778,71.4358
KAZ,Cazaquistão,Q13642142,http://www.wikidata.org/entity/Q56367394,0,160,,51.511,70.665297222222
KAZ,Cazaquistão,Q13642147,http://www.wikidata.org/entity/Q56367396,0,215,,51.7248,70.1285
KAZ,Cazaquistão,Q13642144,http://www.wikidata.org/entity/Q56367396,0,933,,51.782291666667,70.250536111111
KAZ,Cazaquistão,Q13642150,http://www.wikidata.org/entity/Q56367397,0,127,,51.733897222222,70.951302777778
KAZ,Cazaquistão,Q13642149,http://www.wikidata.org/entity/Q56367397,0,804,,51.6875,70.813097222222
KAZ,Cazaquistão,Q13642154,http://www.wikidata.org/entity/Q56367344,0,60,,50.5957,70.343
KAZ,Cazaquistão,Q13642152,http://www.wikidata.org/entity/Q56367117,0,1188,,52.3072,71.8135
KAZ,Cazaquistão,Q13642158,http://www.wikidata.org/entity/Q56367390,0,193,,51.742222222222,71.255833333333
KAZ,Cazaquistão,Q13642159,http://www.wikidata.org/entity/Q56367395,0,222,,51.757777777778,71.661111111111
KAZ,Cazaquistão,Q13642156,http://www.wikidata.org/entity/Q56367397,0,364,,51.7825,70.6625
KAZ,Cazaquistão,Q13642163,http://www.wikidata.org/entity/Q56367394,0,363,,51.487777777778,70.347222222222
KAZ,Cazaquistão,Q13642161,http://www.wikidata.org/entity/Q2556281,0,17,,51.652777777778,71.502222222222
KAZ,Cazaquistão,Q13642165,http://www.wikidata.org/entity/Q2224859,0,69,,51.408888888889,71.866666666667
KAZ,Cazaquistão,Q13642171,http://www.wikidata.org/entity/Q56367345,0,105,,50.653333333333,70.331388888889
KAZ,Cazaquistão,Q13642168,http://www.wikidata.org/entity/Q56367345,0,74,,50.458055555556,70.310555555556
KAZ,Cazaquistão,Q13642174,http://www.wikidata.org/entity/Q56367348,0,64,,50.780555555556,70.0475
KAZ,Cazaquistão,Q13642172,http://www.wikidata.org/entity/Q56367341,0,489,,50.585277777778,69.866388888889
KAZ,Cazaquistão,Q13642176,http://www.wikidata.org/entity/Q56367343,0,233,,50.3,70.033333333333
KAZ,Cazaquistão,Q13642183,http://www.wikidata.org/entity/Q56367353,0,475,,52.477222222222,68.722777777778
KAZ,Cazaquistão,Q13642180,http://www.wikidata.org/entity/Q56367374,0,311,,52.493888888889,68.939166666667
KAZ,Cazaquistão,Q13642181,http://www.wikidata.org/entity/Q56367391,0,2186,,51.667083333333,71.036944444444
KAZ,Cazaquistão,Q13642187,http://www.wikidata.org/entity/Q56375499,0,176,,52.235833333333,68.543611111111
KAZ,Cazaquistão,Q13642185,http://www.wikidata.org/entity/Q56367356,0,159,,52.559166666667,69.101944444444
KAZ,Cazaquistão,Q13642190,http://www.wikidata.org/entity/Q56367371,0,100,,52.526666666667,68.518055555556
KAZ,Cazaquistão,Q13642188,http://www.wikidata.org/entity/Q56367373,0,178,,52.676388888889,68.61
KAZ,Cazaquistão,Q13642194,http://www.wikidata.org/entity/Q56367359,0,183,,52.339444444444,69.312222222222
KAZ,Cazaquistão,Q13642192,http://www.wikidata.org/entity/Q56367356,0,197,,52.483888888889,69.233055555556
KAZ,Cazaquistão,Q13642198,http://www.wikidata.org/entity/Q56367359,0,394,,52.267777777778,69.264444444444
KAZ,Cazaquistão,Q13642196,http://www.wikidata.org/entity/Q56367375,0,262,,52.250833333333,68.954444444444
KAZ,Cazaquistão,Q13642202,http://www.wikidata.org/entity/Q56367365,0,62,,52.342777777778,68.788611111111
KAZ,Cazaquistão,Q13642200,http://www.wikidata.org/entity/Q56375499,0,380,,52.155,68.535555555556
KAZ,Cazaquistão,Q13642206,http://www.wikidata.org/entity/Q56367354,0,181,,52.3125,68.044166666667
KAZ,Cazaquistão,Q13642204,http://www.wikidata.org/entity/Q2565597,0,783,,52.348611111111,68.325277777778
KAZ,Cazaquistão,Q13642219,http://www.wikidata.org/entity/Q2565586,0,86,,50.482367,70.542183
KAZ,Cazaquistão,Q13642217,http://www.wikidata.org/entity/Q2565586,0,45,,50.481475,70.474148
KAZ,Cazaquistão,Q13642222,http://www.wikidata.org/entity/Q56367461,0,160,,50.785555555556,71.419722222222
KAZ,Cazaquistão,Q13642220,http://www.wikidata.org/entity/Q56367346,0,54,,50.534594,70.691635
KAZ,Cazaquistão,Q13642224,http://www.wikidata.org/entity/Q2224859,0,170,,50.947777777778,71.173055555556
KAZ,Cazaquistão,Q13642231,http://www.wikidata.org/entity/Q2565597,0,15,,52.450712,69.163487
KAZ,Cazaquistão,Q13642228,http://www.wikidata.org/entity/Q2224859,0,497,,51.217777777778,71.626111111111
KAZ,Cazaquistão,Q13642241,http://www.wikidata.org/entity/Q2565597,0,20,,52.514883,68.05622
KAZ,Cazaquistão,Q13642250,http://www.wikidata.org/entity/Q56367373,0,274,,52.771665,68.751889
KAZ,Cazaquistão,Q13642248,http://www.wikidata.org/entity/Q56367451,0,301,,50.944722222222,70.835555555556
KAZ,Cazaquistão,Q13642254,http://www.wikidata.org/entity/Q2565597,0,17,,52.181753,67.956207
KAZ,Cazaquistão,Q13642256,http://www.wikidata.org/entity/Q56367430,0,432,,51.035833333333,70.914444444444
KAZ,Cazaquistão,Q13642264,http://www.wikidata.org/entity/Q2224859,0,893,,50.703333333333,71.148333333333
KAZ,Cazaquistão,Q13642265,http://www.wikidata.org/entity/Q56367463,0,369,,50.727222222222,71.214444444444
KAZ,Cazaquistão,Q13642271,http://www.wikidata.org/entity/Q56367431,0,345,,51.035076,71.012157
KAZ,Cazaquistão,Q13642269,http://www.wikidata.org/entity/Q4059685,0,20423,,51.119526,71.216822
KAZ,Cazaquistão,Q13642275,http://www.wikidata.org/entity/Q2224859,0,14,,51.448203,70.548425
KAZ,Cazaquistão,Q13642277,http://www.wikidata.org/entity/Q56367456,0,415,,51.411002777778,70.7168
KAZ,Cazaquistão,Q13642283,http://www.wikidata.org/entity/Q56367452,0,394,,51.297186,70.684236
KAZ,Cazaquistão,Q13642281,http://www.wikidata.org/entity/Q56367446,0,421,,51.376725,70.870237
KAZ,Cazaquistão,Q13642284,http://www.wikidata.org/entity/Q56367458,0,683,,51.26662,71.078019
KAZ,Cazaquistão,Q13642290,http://www.wikidata.org/entity/Q56367390,0,102,,51.761275,71.466868
KAZ,Cazaquistão,Q13642288,http://www.wikidata.org/entity/Q56367459,0,765,,50.843419,70.832109
KAZ,Cazaquistão,Q13642294,http://www.wikidata.org/entity/Q56367395,0,192,,51.610924,71.404926
KAZ,Cazaquistão,Q13642292,http://www.wikidata.org/entity/Q56367395,0,65,,51.806833,71.845255
KAZ,Cazaquistão,Q13642298,http://www.wikidata.org/entity/Q2556281,0,18,,51.781038,70.442302
KAZ,Cazaquistão,Q13642297,http://www.wikidata.org/entity/Q2556281,0,30,,51.64671,70.659981
KAZ,Cazaquistão,Q13642372,http://www.wikidata.org/entity/Q22203451,0,366,,49.837179,57.937765
KAZ,Cazaquistão,Q13642373,http://www.wikidata.org/entity/Q22203451,0,185,,49.80386,57.993555
KAZ,Cazaquistão,Q13642386,http://www.wikidata.org/entity/Q2115182,0,119,,48.523888888889,55.860277777778
KAZ,Cazaquistão,Q13642384,http://www.wikidata.org/entity/Q2476548,0,193,,43.611666666667,53.190277777778
KAZ,Cazaquistão,Q13642390,http://www.wikidata.org/entity/Q20098497,0,263,,48.669444444444,56.136666666667
KAZ,Cazaquistão,Q13642395,http://www.wikidata.org/entity/Q20098201,0,1539,,48.435833333333,55.235
KAZ,Cazaquistão,Q13642392,http://www.wikidata.org/entity/Q20098613,0,1319,,43.291111111111,53.015833333333
KAZ,Cazaquistão,Q13642398,http://www.wikidata.org/entity/Q20098580,0,1998,,48.5325,55.591111111111
KAZ,Cazaquistão,Q13642402,http://www.wikidata.org/entity/Q20098589,0,828,,48.090833333333,55.228611111111
KAZ,Cazaquistão,Q13642400,http://www.wikidata.org/entity/Q20098589,0,261,,48.140833333333,55.106388888889
KAZ,Cazaquistão,Q13642407,http://www.wikidata.org/entity/Q22201358,0,260,,48.08,55.572222222222
KAZ,Cazaquistão,Q13642404,http://www.wikidata.org/entity/Q20098589,0,109,,48.068888888889,55.376111111111
KAZ,Cazaquistão,Q13642409,http://www.wikidata.org/entity/Q20098530,0,997,,48.078611111111,56.77
KAZ,Cazaquistão,Q13642414,http://www.wikidata.org/entity/Q20098530,0,577,,47.096944444444,54.380277777778
KAZ,Cazaquistão,Q13642415,http://www.wikidata.org/entity/Q22201358,0,1060,,48.220833333333,55.789722222222
KAZ,Cazaquistão,Q13642412,http://www.wikidata.org/entity/Q20098687,0,549,,47.261388888889,55.564444444444
KAZ,Cazaquistão,Q13642418,http://www.wikidata.org/entity/Q20098497,0,397,,48.542623,56.018272
KAZ,Cazaquistão,Q13642420,http://www.wikidata.org/entity/Q20098364,0,723,,47.259597,55.88979
KAZ,Cazaquistão,Q13642426,http://www.wikidata.org/entity/Q20098580,0,482,,48.443333333333,55.717777777778
KAZ,Cazaquistão,Q13642424,http://www.wikidata.org/entity/Q20098377,0,660,,47.840277777778,56.203611111111
KAZ,Cazaquistão,Q13645621,http://www.wikidata.org/entity/Q2556249,0,100,,46.178244,81.162503
KAZ,Cazaquistão,Q13645646,http://www.wikidata.org/entity/Q2556249,0,200,,46.188372,80.788415
KAZ,Cazaquistão,Q13645651,http://www.wikidata.org/entity/Q2556249,0,1564,,46.018372,81.274924
KAZ,Cazaquistão,Q13645648,http://www.wikidata.org/entity/Q2556249,0,1136,,46.127779,80.882527
KAZ,Cazaquistão,Q13645719,http://www.wikidata.org/entity/Q16692227,0,296,,44.937778,75.85533
KAZ,Cazaquistão,Q13645722,http://www.wikidata.org/entity/Q16691523,0,498,,45.038955555556,75.45135
KAZ,Cazaquistão,Q13645721,http://www.wikidata.org/entity/Q2565663,0,526,,44.936802,75.803145
KAZ,Cazaquistão,Q13645724,http://www.wikidata.org/entity/Q16691536,0,678,,45.108943,75.50094
KAZ,Cazaquistão,Q13645730,http://www.wikidata.org/entity/Q16693825,0,2206,,44.702495,76.72958
KAZ,Cazaquistão,Q13645728,http://www.wikidata.org/entity/Q16692657,0,1199,,45.036317,76.126485
KAZ,Cazaquistão,Q13645735,http://www.wikidata.org/entity/Q16699172,0,36,,45.242307,74.753355
KAZ,Cazaquistão,Q13645733,http://www.wikidata.org/entity/Q16699172,0,1725,,45.063648,75.248938
KAZ,Cazaquistão,Q13645738,http://www.wikidata.org/entity/Q16699215,0,1249,,45.43167,74.319444444444
KAZ,Cazaquistão,Q13645740,http://www.wikidata.org/entity/Q16699215,0,223,,45.337316,74.824406
KAZ,Cazaquistão,Q13645745,http://www.wikidata.org/entity/Q16699215,0,58,,45.347112,74.617494
KAZ,Cazaquistão,Q13645768,http://www.wikidata.org/entity/Q16691642,0,788,,43.545675,77.592442
KAZ,Cazaquistão,Q13645943,http://www.wikidata.org/entity/Q12560855,0,1259,,43.319444444444,76.096666666667
KAZ,Cazaquistão,Q13645940,http://www.wikidata.org/entity/Q13589438,0,558,,43.539530555556,75.484444444444
KAZ,Cazaquistão,Q13645946,http://www.wikidata.org/entity/Q12560855,0,570,,43.522386111111,75.804344444444
KAZ,Cazaquistão,Q13645951,http://www.wikidata.org/entity/Q12561188,0,340,,44.238333333333,75.723055555556
KAZ,Cazaquistão,Q13645959,http://www.wikidata.org/entity/Q16718999,0,893,,43.084166666667,75.984166666667
KAZ,Cazaquistão,Q13645956,http://www.wikidata.org/entity/Q16718999,0,1734,,43.106111111111,76.011388888889
KAZ,Cazaquistão,Q13645966,http://www.wikidata.org/entity/Q12565341,0,4722,,43.590055555556,76.316627777778
KAZ,Cazaquistão,Q13645970,http://www.wikidata.org/entity/Q16721013,0,610,,43.236388888889,75.934722222222
KAZ,Cazaquistão,Q13645968,http://www.wikidata.org/entity/Q2565663,0,1682,,45.205,73.981388888889
KAZ,Cazaquistão,Q13646277,http://www.wikidata.org/entity/Q2550398,0,1164,,44.903888888889,78.054166666667
KAZ,Cazaquistão,Q13646282,http://www.wikidata.org/entity/Q2550398,0,139,,44.951111111111,77.948055555556
KAZ,Cazaquistão,Q13646280,http://www.wikidata.org/entity/Q2550398,0,1991,,44.837802777778,78.281752777778
KAZ,Cazaquistão,Q13646285,http://www.wikidata.org/entity/Q2550398,0,363,,44.888055555556,78.045555555556
KAZ,Cazaquistão,Q13646290,http://www.wikidata.org/entity/Q2550398,0,1488,,44.8,78.403055555556
KAZ,Cazaquistão,Q13646288,http://www.wikidata.org/entity/Q2550398,0,919,,44.841388888889,78.228055555556
KAZ,Cazaquistão,Q13646294,http://www.wikidata.org/entity/Q2550398,0,935,,44.864166666667,78.274722222222
KAZ,Cazaquistão,Q13646292,http://www.wikidata.org/entity/Q2550398,0,873,,45.009166666667,77.905833333333
KAZ,Cazaquistão,Q13646339,http://www.wikidata.org/entity/Q2550342,0,969,,45.055,78.065277777778
KAZ,Cazaquistão,Q13646362,http://www.wikidata.org/entity/Q2550342,0,1485,,45.221944444444,77.931388888889
KAZ,Cazaquistão,Q13646382,http://www.wikidata.org/entity/Q2550342,0,523,,45.183333333333,77.936111111111
KAZ,Cazaquistão,Q13646386,http://www.wikidata.org/entity/Q2550342,0,293,,45.075833333333,78.0725
KAZ,Cazaquistão,Q13646384,http://www.wikidata.org/entity/Q2550342,0,216,,45.225555555556,77.8725
KAZ,Cazaquistão,Q13646390,http://www.wikidata.org/entity/Q2550342,0,501,,45.228611111111,78.124444444444
KAZ,Cazaquistão,Q13646392,http://www.wikidata.org/entity/Q2550342,0,128,,45.206944444444,78.086388888889
KAZ,Cazaquistão,Q13646393,http://www.wikidata.org/entity/Q2550342,0,273,,46.243611111111,77.296111111111
KAZ,Cazaquistão,Q13646396,http://www.wikidata.org/entity/Q2550342,0,684,,45.128611111111,77.936944444444
KAZ,Cazaquistão,Q13646487,http://www.wikidata.org/entity/Q65252902,0,178,,43.200833333333,76.595555555556
KAZ,Cazaquistão,Q13646491,http://www.wikidata.org/entity/Q2550378,0,15163,,43.375094444444,76.623077777778
KAZ,Cazaquistão,Q13646494,http://www.wikidata.org/entity/Q16709327,0,2615,,43.355833333333,76.609444444444
KAZ,Cazaquistão,Q13646492,http://www.wikidata.org/entity/Q2550378,0,278,,43.535752777778,76.421136111111
KAZ,Cazaquistão,Q13646499,http://www.wikidata.org/entity/Q16709327,0,34,,43.468055555556,76.543888888889
KAZ,Cazaquistão,Q13646497,http://www.wikidata.org/entity/Q2550378,0,3582,,43.339444444444,76.665555555556
KAZ,Cazaquistão,Q13646502,http://www.wikidata.org/entity/Q2550378,0,1485,,43.274166666667,76.6525
KAZ,Cazaquistão,Q13646503,http://www.wikidata.org/entity/Q16709327,0,2585,,43.315555555556,76.583333333333
KAZ,Cazaquistão,Q13646506,http://www.wikidata.org/entity/Q2550378,0,8591,,43.192222222222,76.830833333333
KAZ,Cazaquistão,Q13646510,http://www.wikidata.org/entity/Q2550378,0,666,,43.172955555556,76.818255555556
KAZ,Cazaquistão,Q13646511,http://www.wikidata.org/entity/Q2550378,0,391,,43.158055555556,76.789166666667
KAZ,Cazaquistão,Q13646508,http://www.wikidata.org/entity/Q2550378,0,2259,,43.183611111111,76.781666666667
KAZ,Cazaquistão,Q13646512,http://www.wikidata.org/entity/Q2550378,0,2489,,43.207222222222,76.801388888889
KAZ,Cazaquistão,Q13646517,http://www.wikidata.org/entity/Q16689468,0,558,,43.375,76.804444444444
KAZ,Cazaquistão,Q13646526,http://www.wikidata.org/entity/Q2550378,0,1540,,43.335555555556,76.702222222222
KAZ,Cazaquistão,Q13646867,http://www.wikidata.org/entity/Q16700618,0,3241,,42.862222222222,79.871944444444
KAZ,Cazaquistão,Q13646947,http://www.wikidata.org/entity/Q2556235,0,810,,43.065277777778,79.12
KAZ,Cazaquistão,Q13646945,http://www.wikidata.org/entity/Q2556235,0,1406,,43.155833333333,79.012222222222
KAZ,Cazaquistão,Q13646951,http://www.wikidata.org/entity/Q16723619,0,1682,,43.1326,79.81914
KAZ,Cazaquistão,Q13646949,http://www.wikidata.org/entity/Q16723619,0,1927,,43.154166666667,79.885555555556
KAZ,Cazaquistão,Q13646954,http://www.wikidata.org/entity/Q16701337,0,418,,43.026666666667,79.246111111111
KAZ,Cazaquistão,Q13646952,http://www.wikidata.org/entity/Q2556235,0,446,,42.983333333333,79.031111111111
KAZ,Cazaquistão,Q13646959,http://www.wikidata.org/entity/Q2556235,0,328,,43.000833333333,78.811666666667
KAZ,Cazaquistão,Q13646957,http://www.wikidata.org/entity/Q84311817,0,763,,43.183888888889,78.538611111111
KAZ,Cazaquistão,Q13646963,http://www.wikidata.org/entity/Q2556235,0,1610,,43.131666666667,78.958611111111
KAZ,Cazaquistão,Q13646967,http://www.wikidata.org/entity/Q2556235,0,452,,43.051388888889,78.938333333333
KAZ,Cazaquistão,Q13643022,http://www.wikidata.org/entity/Q2550358,0,112,,50.60079,58.736278
KAZ,Cazaquistão,Q13643027,http://www.wikidata.org/entity/Q2737287,0,45,,50.553488,55.025618
KAZ,Cazaquistão,Q13643025,http://www.wikidata.org/entity/Q2550358,0,134,,50.728902777778,58.814202777778
KAZ,Cazaquistão,Q13643031,http://www.wikidata.org/entity/Q2737287,0,44,,50.278419,55.865033
KAZ,Cazaquistão,Q13643029,http://www.wikidata.org/entity/Q20098242,0,651,,50.320341,56.015055
KAZ,Cazaquistão,Q13643033,http://www.wikidata.org/entity/Q22201152,0,764,,49.853729,55.73991
KAZ,Cazaquistão,Q13643042,http://www.wikidata.org/entity/Q4454459,0,161,,50.0948,56.114602777778
KAZ,Cazaquistão,Q13643046,http://www.wikidata.org/entity/Q22201754,0,219,,50.134014,55.81266
KAZ,Cazaquistão,Q13643050,http://www.wikidata.org/entity/Q22201754,0,129,,50.105886,55.775625
KAZ,Cazaquistão,Q13643048,http://www.wikidata.org/entity/Q2737287,0,26,,50.108849,55.700963
KAZ,Cazaquistão,Q13643054,http://www.wikidata.org/entity/Q2737287,0,10,,50.323609,55.837523
KAZ,Cazaquistão,Q13643058,http://www.wikidata.org/entity/Q20098376,0,415,,50.445133,55.330733
KAZ,Cazaquistão,Q13643061,http://www.wikidata.org/entity/Q2737287,0,20,,50.422355,55.28956
KAZ,Cazaquistão,Q13643066,http://www.wikidata.org/entity/Q20098376,0,165,,50.515035,55.257032
KAZ,Cazaquistão,Q13643071,http://www.wikidata.org/entity/Q2737287,0,93,,50.827948,54.952431
KAZ,Cazaquistão,Q13643068,http://www.wikidata.org/entity/Q20098376,0,160,,50.578749,55.329748
KAZ,Cazaquistão,Q13643074,http://www.wikidata.org/entity/Q2737287,0,1303,,49.971852777778,55.360763888889
KAZ,Cazaquistão,Q13643078,http://www.wikidata.org/entity/Q20098534,0,245,,50.753929,54.950557
KAZ,Cazaquistão,Q13643076,http://www.wikidata.org/entity/Q20098534,0,637,,50.694945,55.015032
KAZ,Cazaquistão,Q13643083,http://www.wikidata.org/entity/Q2737287,0,334,,50.275982,55.39442
KAZ,Cazaquistão,Q13643080,http://www.wikidata.org/entity/Q22201832,0,466,,49.828293,55.227582
KAZ,Cazaquistão,Q13643081,http://www.wikidata.org/entity/Q22201832,0,183,,49.814996,55.133702
KAZ,Cazaquistão,Q13643087,http://www.wikidata.org/entity/Q22201953,0,513,,50.957074,54.602684
KAZ,Cazaquistão,Q13643085,http://www.wikidata.org/entity/Q20098992,0,517,,50.317333,55.17367
KAZ,Cazaquistão,Q13643088,http://www.wikidata.org/entity/Q22201953,0,231,,50.866681,54.789643
KAZ,Cazaquistão,Q13643098,http://www.wikidata.org/entity/Q20098106,0,1703,,47.093055555556,59.065555555556
KAZ,Cazaquistão,Q13643096,http://www.wikidata.org/entity/Q238931,0,2278,,44.20194444,51.70444444
KAZ,Cazaquistão,Q13643106,http://www.wikidata.org/entity/Q1209360,0,123,,50.461292,60.58144
KAZ,Cazaquistão,Q13643110,http://www.wikidata.org/entity/Q20098585,0,1646,,50.459149,60.336846
KAZ,Cazaquistão,Q13643108,http://www.wikidata.org/entity/Q1209360,0,76,,50.410281,60.635195
KAZ,Cazaquistão,Q13643115,http://www.wikidata.org/entity/Q20098179,0,322,,49.354807,60.321243
KAZ,Cazaquistão,Q13643112,http://www.wikidata.org/entity/Q20098141,0,471,,50.674172,61.705828
KAZ,Cazaquistão,Q13643119,http://www.wikidata.org/entity/Q1209360,0,0,,50.791758,61.478725
KAZ,Cazaquistão,Q13643117,http://www.wikidata.org/entity/Q20098179,0,201,,49.493888888889,60.294444444444
KAZ,Cazaquistão,Q13643126,http://www.wikidata.org/entity/Q20098349,0,863,,50.363699,61.671938
KAZ,Cazaquistão,Q13643124,http://www.wikidata.org/entity/Q20098222,0,232,,49.678503,61.475218
KAZ,Cazaquistão,Q13643131,http://www.wikidata.org/entity/Q1209360,0,285,,50.349939,61.654066
KAZ,Cazaquistão,Q13643133,http://www.wikidata.org/entity/Q20098356,0,838,,50.571187,60.189528
KAZ,Cazaquistão,Q13643138,http://www.wikidata.org/entity/Q20098479,0,268,,50.069034,59.594124
KAZ,Cazaquistão,Q13643142,http://www.wikidata.org/entity/Q20098479,0,327,,49.929734722222,60.13977
KAZ,Cazaquistão,Q13643140,http://www.wikidata.org/entity/Q20098479,0,350,,49.97345,60.044973
KAZ,Cazaquistão,Q13643147,http://www.wikidata.org/entity/Q22202106,0,731,,51.133711,61.863296
KAZ,Cazaquistão,Q13643144,http://www.wikidata.org/entity/Q22201080,0,711,,50.094612,61.044376
KAZ,Cazaquistão,Q13643145,http://www.wikidata.org/entity/Q1209360,0,70,,49.916602,61.231505
KAZ,Cazaquistão,Q13643149,http://www.wikidata.org/entity/Q22204123,0,560,,50.830888,60.167222
KAZ,Cazaquistão,Q13643155,http://www.wikidata.org/entity/Q20098510,0,1266,,48.029722222222,59.190833333333
KAZ,Cazaquistão,Q13643153,http://www.wikidata.org/entity/Q20098667,0,513,,50.767361111111,56.564888888889
KAZ,Cazaquistão,Q13643159,http://www.wikidata.org/entity/Q20098667,0,164,,50.700373,56.611972
KAZ,Cazaquistão,Q13643160,http://www.wikidata.org/entity/Q20098212,0,471,,50.959552,56.784037
KAZ,Cazaquistão,Q13643172,http://www.wikidata.org/entity/Q2550413,0,14,,50.875555555556,57.523055555556
KAZ,Cazaquistão,Q13643178,http://www.wikidata.org/entity/Q2550413,0,0,,50.821927,56.262413
KAZ,Cazaquistão,Q13643176,http://www.wikidata.org/entity/Q2550413,0,42,,50.782396,56.373423
KAZ,Cazaquistão,Q13643180,http://www.wikidata.org/entity/Q2550413,0,16,,50.795295,56.297432
KAZ,Cazaquistão,Q13643187,http://www.wikidata.org/entity/Q2550413,0,16,,50.811215,56.949102
KAZ,Cazaquistão,Q13643185,http://www.wikidata.org/entity/Q20098500,0,511,,50.783894,56.793745
KAZ,Cazaquistão,Q13643188,http://www.wikidata.org/entity/Q2550413,0,24,,50.82715,57.089437
KAZ,Cazaquistão,Q13643194,http://www.wikidata.org/entity/Q20098533,0,289,,50.89738,56.946345
KAZ,Cazaquistão,Q13643199,http://www.wikidata.org/entity/Q20098211,0,469,,50.510745,56.10406
KAZ,Cazaquistão,Q13643197,http://www.wikidata.org/entity/Q22202666,0,607,,50.664002777778,56.5611
KAZ,Cazaquistão,Q13643203,http://www.wikidata.org/entity/Q20098128,0,594,,50.911688,56.403521
KAZ,Cazaquistão,Q13643201,http://www.wikidata.org/entity/Q2550413,0,42,,50.515924,56.205565
KAZ,Cazaquistão,Q13643207,http://www.wikidata.org/entity/Q20098128,0,136,,50.87172,56.550699
KAZ,Cazaquistão,Q13643204,http://www.wikidata.org/entity/Q20098128,0,479,,50.920804,56.575343
KAZ,Cazaquistão,Q13643211,http://www.wikidata.org/entity/Q20098128,0,113,,50.877214,56.341167
KAZ,Cazaquistão,Q13643215,http://www.wikidata.org/entity/Q2550413,0,48,,50.813903,57.198395
KAZ,Cazaquistão,Q13643213,http://www.wikidata.org/entity/Q22200711,0,1814,,50.653888888889,57.173888888889
KAZ,Cazaquistão,Q13643219,http://www.wikidata.org/entity/Q2550413,0,0,,50.781942,57.256543
KAZ,Cazaquistão,Q13643217,http://www.wikidata.org/entity/Q2550413,0,65,,50.55,57.166666666667
KAZ,Cazaquistão,Q13643222,http://www.wikidata.org/entity/Q2550413,0,32,,50.508149,56.473168
KAZ,Cazaquistão,Q13643220,http://www.wikidata.org/entity/Q20098626,0,393,,50.423622,56.484948
KAZ,Cazaquistão,Q13643227,http://www.wikidata.org/entity/Q20098626,0,239,,50.381927,56.206064
KAZ,Cazaquistão,Q13643225,http://www.wikidata.org/entity/Q20098626,0,181,,50.297787,56.347048
KAZ,Cazaquistão,Q13643231,http://www.wikidata.org/entity/Q2550413,0,3531,,50.509697222222,56.918297222222
KAZ,Cazaquistão,Q13643229,http://www.wikidata.org/entity/Q2550413,0,95,,50.436381,56.472145
KAZ,Cazaquistão,Q13643235,http://www.wikidata.org/entity/Q22203920,0,350,,49.052777777778,54.704444444444
KAZ,Cazaquistão,Q13643232,http://www.wikidata.org/entity/Q2550413,0,36,,50.552912,56.864938
KAZ,Cazaquistão,Q13643237,http://www.wikidata.org/entity/Q22203920,0,631,,49.18985,54.530563
KAZ,Cazaquistão,Q13643242,http://www.wikidata.org/entity/Q20098490,0,1383,,49.481661,54.011289
KAZ,Cazaquistão,Q13643240,http://www.wikidata.org/entity/Q20098453,0,485,,49.471513,55.027906
KAZ,Cazaquistão,Q13643246,http://www.wikidata.org/entity/Q20098490,0,122,,49.415266,54.042223
KAZ,Cazaquistão,Q13643244,http://www.wikidata.org/entity/Q2550333,0,35,,49.47459,53.810443
KAZ,Cazaquistão,Q13643251,http://www.wikidata.org/entity/Q22201911,0,550,,49.129313,54.898635
KAZ,Cazaquistão,Q13643248,http://www.wikidata.org/entity/Q22201911,0,1343,,48.940596,54.760535
KAZ,Cazaquistão,Q13643249,http://www.wikidata.org/entity/Q22201911,0,251,,48.873171,54.694203
KAZ,Cazaquistão,Q13643255,http://www.wikidata.org/entity/Q20098592,0,232,,48.832935,54.469791
KAZ,Cazaquistão,Q13643253,http://www.wikidata.org/entity/Q20098592,0,1712,,48.910289,54.40856
KAZ,Cazaquistão,Q13643258,http://www.wikidata.org/entity/Q22201043,0,1045,,49.509533,54.90328
KAZ,Cazaquistão,Q13643256,http://www.wikidata.org/entity/Q20098592,0,332,,48.960226,54.245004
KAZ,Cazaquistão,Q13643262,http://www.wikidata.org/entity/Q22201043,0,87,,49.45604,54.918528
KAZ,Cazaquistão,Q13643263,http://www.wikidata.org/entity/Q22201043,0,260,,49.484224,54.824543
KAZ,Cazaquistão,Q13643260,http://www.wikidata.org/entity/Q22201043,0,200,,49.717207,55.062176
KAZ,Cazaquistão,Q13643266,http://www.wikidata.org/entity/Q22201229,0,1431,,49.265399,53.946528
KAZ,Cazaquistão,Q13643267,http://www.wikidata.org/entity/Q2550333,0,187,,49.322886,53.787336
KAZ,Cazaquistão,Q13643315,http://www.wikidata.org/entity/Q2550391,0,171,,49.188169,56.582802
KAZ,Cazaquistão,Q13643313,http://www.wikidata.org/entity/Q25420041,0,307,,48.994666666667,57.233666666667
KAZ,Cazaquistão,Q13643319,http://www.wikidata.org/entity/Q2550391,0,1813,,49.205502,56.561286
KAZ,Cazaquistão,Q13643317,http://www.wikidata.org/entity/Q2550391,0,175,,48.942222222222,56.226944444444
KAZ,Cazaquistão,Q13643322,http://www.wikidata.org/entity/Q20098170,0,220,,49.19723,56.047391
KAZ,Cazaquistão,Q13643321,http://www.wikidata.org/entity/Q20098170,0,485,,49.352034,56.173285
KAZ,Cazaquistão,Q13643326,http://www.wikidata.org/entity/Q2550391,0,252,,49.649114,56.370164
KAZ,Cazaquistão,Q13643324,http://www.wikidata.org/entity/Q2550391,0,475,,49.61901,56.214296
KAZ,Cazaquistão,Q13643329,http://www.wikidata.org/entity/Q2550391,0,211,,49.495311,56.188413
KAZ,Cazaquistão,Q13643346,http://www.wikidata.org/entity/Q2550391,0,1147,,48.596833,57.183733
KAZ,Cazaquistão,Q13643355,http://www.wikidata.org/entity/Q20098121,0,165,,49.670253,57.608379
KAZ,Cazaquistão,Q13643353,http://www.wikidata.org/entity/Q2550391,0,72,,48.957912,55.641902
KAZ,Cazaquistão,Q13643363,http://www.wikidata.org/entity/Q20098202,0,472,,49.417229,58.292826
KAZ,Cazaquistão,Q13643367,http://www.wikidata.org/entity/Q20098202,0,145,,49.42,58.185833333333
KAZ,Cazaquistão,Q13643365,http://www.wikidata.org/entity/Q2550369,0,50,,49.302452,58.317875
KAZ,Cazaquistão,Q13643370,http://www.wikidata.org/entity/Q20098224,0,133,,48.556323055556,57.655414444444
KAZ,Cazaquistão,Q13643374,http://www.wikidata.org/entity/Q20098224,0,545,,48.490575,57.448683611111
KAZ,Cazaquistão,Q13643375,http://www.wikidata.org/entity/Q20098335,0,678,,49.180917,58.421728
KAZ,Cazaquistão,Q13643372,http://www.wikidata.org/entity/Q20098224,0,337,,48.214429,57.114405
KAZ,Cazaquistão,Q13643379,http://www.wikidata.org/entity/Q20098343,0,1623,,49.338697222222,57.0591
KAZ,Cazaquistão,Q13643377,http://www.wikidata.org/entity/Q20098335,0,87,,49.328535,58.521011
KAZ,Cazaquistão,Q13643381,http://www.wikidata.org/entity/Q20098343,0,778,,49.360077,57.238013
KAZ,Cazaquistão,Q13643386,http://www.wikidata.org/entity/Q22201873,0,813,,49.284359,58.008554
KAZ,Cazaquistão,Q13643384,http://www.wikidata.org/entity/Q20098343,0,275,,49.551892,57.028021
KAZ,Cazaquistão,Q13643391,http://www.wikidata.org/entity/Q2550369,0,0,,49.164793,58.226994
KAZ,Cazaquistão,Q13643389,http://www.wikidata.org/entity/Q22201873,0,192,,49.327091,57.836133
KAZ,Cazaquistão,Q13643395,http://www.wikidata.org/entity/Q20098415,0,114,,49.138757,57.849831
KAZ,Cazaquistão,Q13643393,http://www.wikidata.org/entity/Q20098415,0,1267,,49.253836,57.587115
KAZ,Cazaquistão,Q13643398,http://www.wikidata.org/entity/Q2550369,0,137,,49.247768,57.63827
KAZ,Cazaquistão,Q13643396,http://www.wikidata.org/entity/Q20098415,0,253,,49.339602777778,57.1977
KAZ,Cazaquistão,Q13643400,http://www.wikidata.org/entity/Q20098415,0,126,,49.048865,57.924637
KAZ,Cazaquistão,Q13643407,http://www.wikidata.org/entity/Q20098616,0,794,,48.603869,57.896294
KAZ,Cazaquistão,Q13643404,http://www.wikidata.org/entity/Q20098455,0,723,,48.922183,59.111992
KAZ,Cazaquistão,Q13643409,http://www.wikidata.org/entity/Q20098616,0,170,,48.769593,57.885237
KAZ,Cazaquistão,Q13643414,http://www.wikidata.org/entity/Q2550369,0,413,,48.544164,57.467876
KAZ,Cazaquistão,Q13643413,http://www.wikidata.org/entity/Q20098616,0,296,,48.700114,57.858186
KAZ,Cazaquistão,Q13643419,http://www.wikidata.org/entity/Q2550369,0,88,,49.672714,58.584468
KAZ,Cazaquistão,Q13646964,http://www.wikidata.org/entity/Q2556235,0,114,,43.106388888889,78.807777777778
KAZ,Cazaquistão,Q13646969,http://www.wikidata.org/entity/Q16700627,0,1021,,42.824166666667,79.855555555556
KAZ,Cazaquistão,Q13646974,http://www.wikidata.org/entity/Q2556235,0,85,,42.859722222222,79.335833333333
KAZ,Cazaquistão,Q13646973,http://www.wikidata.org/entity/Q2556235,0,193,,42.895277777778,79.437222222222
KAZ,Cazaquistão,Q13646978,http://www.wikidata.org/entity/Q2556235,0,1495,,42.963333333333,79.0525
KAZ,Cazaquistão,Q13646976,http://www.wikidata.org/entity/Q16719343,0,505,,42.848055555556,80.060833333333
KAZ,Cazaquistão,Q13646982,http://www.wikidata.org/entity/Q2556235,0,504,,42.951388888889,79.065
KAZ,Cazaquistão,Q13646980,http://www.wikidata.org/entity/Q2556235,0,173,,42.995277777778,78.850555555556
KAZ,Cazaquistão,Q13646984,http://www.wikidata.org/entity/Q2556235,0,467,,42.981666666667,78.966666666667
KAZ,Cazaquistão,Q13646999,http://www.wikidata.org/entity/Q2029854,0,2,,52.840417,67.629749
KAZ,Cazaquistão,Q13646996,http://www.wikidata.org/entity/Q2029854,0,1,,52.783921,67.443259
KAZ,Cazaquistão,Q13647295,http://www.wikidata.org/entity/Q2556173,0,542,,45.490585,79.856358
KAZ,Cazaquistão,Q13647299,http://www.wikidata.org/entity/Q2556173,0,60,,45.279416,80.172043
KAZ,Cazaquistão,Q13647297,http://www.wikidata.org/entity/Q2556173,0,510,,45.27936,80.10561
KAZ,Cazaquistão,Q13647302,http://www.wikidata.org/entity/Q2556173,0,630,,45.71086,79.8453
KAZ,Cazaquistão,Q13647300,http://www.wikidata.org/entity/Q2556173,0,743,,45.633126,79.877644
KAZ,Cazaquistão,Q13647315,http://www.wikidata.org/entity/Q2556173,0,872,,46.223611111111,78.821944444444
KAZ,Cazaquistão,Q13647319,http://www.wikidata.org/entity/Q2556173,0,1274,,45.768055555556,80.259722222222
KAZ,Cazaquistão,Q13647317,http://www.wikidata.org/entity/Q2556173,0,791,,46.086944444444,79.473333333333
KAZ,Cazaquistão,Q13647323,http://www.wikidata.org/entity/Q612211,0,192,,46.2725,78.342222222222
KAZ,Cazaquistão,Q13647321,http://www.wikidata.org/entity/Q2556173,0,1000,,46.290277777778,78.324444444444
KAZ,Cazaquistão,Q13647955,http://www.wikidata.org/entity/Q30972484,0,196,,53.603456,68.046299
KAZ,Cazaquistão,Q13647959,http://www.wikidata.org/entity/Q30972484,0,225,,53.444104,68.080888
KAZ,Cazaquistão,Q13647957,http://www.wikidata.org/entity/Q30972484,0,144,,53.565701,68.172813
KAZ,Cazaquistão,Q13647962,http://www.wikidata.org/entity/Q30972484,0,138,,53.472007,68.158308
KAZ,Cazaquistão,Q13647965,http://www.wikidata.org/entity/Q30972484,0,635,,53.481662,67.994886
KAZ,Cazaquistão,Q13647989,http://www.wikidata.org/entity/Q20098389,0,146,,46.979166666667,53.591666666667
KAZ,Cazaquistão,Q13648288,http://www.wikidata.org/entity/Q45708,0,13,,54.143535,72.373209
KAZ,Cazaquistão,Q13648345,http://www.wikidata.org/entity/Q2737298,0,118,,48.340833333333,52.946388888889
KAZ,Cazaquistão,Q13648402,http://www.wikidata.org/entity/Q2737298,0,4307,,48.368055555556,51.5575
KAZ,Cazaquistão,Q13648410,http://www.wikidata.org/entity/Q2550435,0,388,,44.873611111111,78.598055555556
KAZ,Cazaquistão,Q13648411,http://www.wikidata.org/entity/Q2550435,0,1822,,44.939202777778,78.427405555556
KAZ,Cazaquistão,Q13648408,http://www.wikidata.org/entity/Q2550435,0,1121,,44.889722222222,78.485833333333
KAZ,Cazaquistão,Q13648415,http://www.wikidata.org/entity/Q2550435,0,825,,44.911944444444,78.270555555556
KAZ,Cazaquistão,Q13648413,http://www.wikidata.org/entity/Q2550435,0,409,,44.87785,78.285752777778
KAZ,Cazaquistão,Q13648418,http://www.wikidata.org/entity/Q2550435,0,539,,44.964777777778,78.239972222222
KAZ,Cazaquistão,Q13648422,http://www.wikidata.org/entity/Q2550435,0,1161,,44.761755555556,78.555802777778
KAZ,Cazaquistão,Q13648420,http://www.wikidata.org/entity/Q2550435,0,1860,,44.942777777778,78.228333333333
KAZ,Cazaquistão,Q13648426,http://www.wikidata.org/entity/Q2550435,0,202,,44.969166666667,78.653611111111
KAZ,Cazaquistão,Q13648424,http://www.wikidata.org/entity/Q2550435,0,193,,44.734444444444,78.594444444444
KAZ,Cazaquistão,Q13648460,http://www.wikidata.org/entity/Q16691554,0,1086,,43.3725,79.628333333333
KAZ,Cazaquistão,Q13648472,http://www.wikidata.org/entity/Q30513,0,356,,54.759204,70.335331
KAZ,Cazaquistão,Q13648730,http://www.wikidata.org/entity/Q2466404,0,3441,,43.415772,76.969256
KAZ,Cazaquistão,Q13643417,http://www.wikidata.org/entity/Q20098620,0,756,,49.490161,58.513129
KAZ,Cazaquistão,Q13643422,http://www.wikidata.org/entity/Q2550369,0,36,,49.436824,58.453158
KAZ,Cazaquistão,Q13643421,http://www.wikidata.org/entity/Q2550369,0,9,,49.513685,58.591464
KAZ,Cazaquistão,Q13643426,http://www.wikidata.org/entity/Q22202551,0,615,,49.40299,56.719088
KAZ,Cazaquistão,Q13643424,http://www.wikidata.org/entity/Q20098693,0,2118,,48.581682,58.462626
KAZ,Cazaquistão,Q13643430,http://www.wikidata.org/entity/Q20098690,0,1172,,48.163888888889,59.06
KAZ,Cazaquistão,Q13643428,http://www.wikidata.org/entity/Q22202551,0,324,,49.568784,56.73489
KAZ,Cazaquistão,Q13643432,http://www.wikidata.org/entity/Q22203409,0,609,,47.557222222222,60.540833333333
KAZ,Cazaquistão,Q13643440,http://www.wikidata.org/entity/Q2550426,0,47,,50.151583333333,58.385777777778
KAZ,Cazaquistão,Q13643446,http://www.wikidata.org/entity/Q20098092,0,80,,50.277894,58.311627
KAZ,Cazaquistão,Q13643451,http://www.wikidata.org/entity/Q2550426,0,63,,50.171091,59.10721
KAZ,Cazaquistão,Q13643453,http://www.wikidata.org/entity/Q2550426,0,59,,50.054159,59.134323
KAZ,Cazaquistão,Q13643466,http://www.wikidata.org/entity/Q2550426,0,31,,50.275602,58.827845
KAZ,Cazaquistão,Q13643464,http://www.wikidata.org/entity/Q2550426,0,1,,50.500163,59.001816
KAZ,Cazaquistão,Q13643471,http://www.wikidata.org/entity/Q2550426,0,0,,50.614561,59.454265
KAZ,Cazaquistão,Q13643469,http://www.wikidata.org/entity/Q2550426,0,78,,50.329001,59.111746
KAZ,Cazaquistão,Q13643482,http://www.wikidata.org/entity/Q2550426,0,18,,50.585166,58.613444
KAZ,Cazaquistão,Q13643489,http://www.wikidata.org/entity/Q2550426,0,932,,50.399172222222,58.230116666667
KAZ,Cazaquistão,Q13643495,http://www.wikidata.org/entity/Q22202309,0,107,,50.030555555556,57.855555555556
KAZ,Cazaquistão,Q13643493,http://www.wikidata.org/entity/Q2550426,0,117,,50.104326,58.058809
KAZ,Cazaquistão,Q13643498,http://www.wikidata.org/entity/Q22202934,0,534,,50.448674,58.005059
KAZ,Cazaquistão,Q13643496,http://www.wikidata.org/entity/Q22202309,0,91,,50.12972222,57.68444444
KAZ,Cazaquistão,Q13643502,http://www.wikidata.org/entity/Q22202934,0,220,,50.330564,58.125144
KAZ,Cazaquistão,Q13643503,http://www.wikidata.org/entity/Q22202893,0,352,,50.318935,59.62636
KAZ,Cazaquistão,Q13643505,http://www.wikidata.org/entity/Q2550426,0,0,,50.366939,59.791074
KAZ,Cazaquistão,Q13643511,http://www.wikidata.org/entity/Q20098106,0,309,,47.130383,59.171605
KAZ,Cazaquistão,Q13643514,http://www.wikidata.org/entity/Q980931,0,131,,46.290732,58.695338
KAZ,Cazaquistão,Q13643513,http://www.wikidata.org/entity/Q980931,0,173,,46.55101,58.87241
KAZ,Cazaquistão,Q13643518,http://www.wikidata.org/entity/Q20098251,0,405,,48.488537,58.553422
KAZ,Cazaquistão,Q13643516,http://www.wikidata.org/entity/Q980931,0,214,,48.361674,58.756063
KAZ,Cazaquistão,Q13643520,http://www.wikidata.org/entity/Q20098367,0,172,,47.746388888889,59.159722222222
KAZ,Cazaquistão,Q13643521,http://www.wikidata.org/entity/Q20098554,0,114,,47.413166,60.8445
KAZ,Cazaquistão,Q13643524,http://www.wikidata.org/entity/Q980931,0,85,,47.194062,61.048558
KAZ,Cazaquistão,Q13643525,http://www.wikidata.org/entity/Q980931,0,53,,47.496509,60.72288
KAZ,Cazaquistão,Q13643530,http://www.wikidata.org/entity/Q980931,0,59,,47.945937,59.290283
KAZ,Cazaquistão,Q13643528,http://www.wikidata.org/entity/Q20098554,0,319,,47.24512,60.995255
KAZ,Cazaquistão,Q13643534,http://www.wikidata.org/entity/Q20098510,0,307,,48.028112,59.166975
KAZ,Cazaquistão,Q13643532,http://www.wikidata.org/entity/Q980931,0,41,,47.901558,59.489979
KAZ,Cazaquistão,Q13643538,http://www.wikidata.org/entity/Q22203409,0,305,,47.675944,60.290857
KAZ,Cazaquistão,Q13643537,http://www.wikidata.org/entity/Q20098510,0,189,,47.919938,59.418977
KAZ,Cazaquistão,Q13643543,http://www.wikidata.org/entity/Q22203409,0,120,,47.678153,60.056708
KAZ,Cazaquistão,Q13643541,http://www.wikidata.org/entity/Q22203409,0,183,,47.706201,59.946158
KAZ,Cazaquistão,Q13643547,http://www.wikidata.org/entity/Q22203409,0,107,,47.63505,60.403873
KAZ,Cazaquistão,Q13643545,http://www.wikidata.org/entity/Q980931,0,60,,47.735135,59.811575
KAZ,Cazaquistão,Q13643551,http://www.wikidata.org/entity/Q22204427,0,698,,47.897923,59.777516
KAZ,Cazaquistão,Q13643549,http://www.wikidata.org/entity/Q980931,0,47,,47.785,59.707777777778
KAZ,Cazaquistão,Q13643555,http://www.wikidata.org/entity/Q22204936,0,443,,48.709928,59.689106
KAZ,Cazaquistão,Q13643553,http://www.wikidata.org/entity/Q22204427,0,224,,48.217412,59.757926
KAZ,Cazaquistão,Q13643558,http://www.wikidata.org/entity/Q980931,0,69,,48.716063,59.604649
KAZ,Cazaquistão,Q13643556,http://www.wikidata.org/entity/Q22204936,0,292,,48.367095,60.078796
KAZ,Cazaquistão,Q13643563,http://www.wikidata.org/entity/Q20098351,0,535,,48.039166666667,62.5125
KAZ,Cazaquistão,Q13643565,http://www.wikidata.org/entity/Q20098621,0,595,,49.133611111111,60.346944444444
KAZ,Cazaquistão,Q13643595,http://www.wikidata.org/entity/Q20098977,0,681,,48.893888888889,62.308055555556
KAZ,Cazaquistão,Q13643592,http://www.wikidata.org/entity/Q20098532,0,1024,,48.6425,60.743333333333
KAZ,Cazaquistão,Q13643599,http://www.wikidata.org/entity/Q20098977,0,192,,48.779166666667,62.285
KAZ,Cazaquistão,Q13643597,http://www.wikidata.org/entity/Q2550383,0,210,,48.2375,61.989166666667
KAZ,Cazaquistão,Q13643603,http://www.wikidata.org/entity/Q20098532,0,621,,48.716666666667,60.289722222222
KAZ,Cazaquistão,Q13643601,http://www.wikidata.org/entity/Q20098977,0,174,,48.953888888889,62.398055555556
KAZ,Cazaquistão,Q13643819,http://www.wikidata.org/entity/Q2737272,0,892,,45.213435,78.798495
KAZ,Cazaquistão,Q13643817,http://www.wikidata.org/entity/Q2737272,0,900,,45.751302,79.675051
KAZ,Cazaquistão,Q13643823,http://www.wikidata.org/entity/Q2737272,0,599,,45.640061,79.736465
KAZ,Cazaquistão,Q13643821,http://www.wikidata.org/entity/Q2737272,0,204,,45.407281,78.645526
KAZ,Cazaquistão,Q13643827,http://www.wikidata.org/entity/Q2737272,0,661,,45.501926,79.741053
KAZ,Cazaquistão,Q13643825,http://www.wikidata.org/entity/Q2737272,0,340,,45.544128,79.804238
KAZ,Cazaquistão,Q13645575,http://www.wikidata.org/entity/Q2737272,0,330,,45.467392,79.722857
KAZ,Cazaquistão,Q13645578,http://www.wikidata.org/entity/Q2737272,0,901,,45.411619,79.232772
KAZ,Cazaquistão,Q13645577,http://www.wikidata.org/entity/Q2737272,0,325,,45.442987,79.796671
KAZ,Cazaquistão,Q13645583,http://www.wikidata.org/entity/Q2737272,0,565,,45.40775,79.249595
KAZ,Cazaquistão,Q13645580,http://www.wikidata.org/entity/Q2737272,0,681,,45.467109,79.19432
KAZ,Cazaquistão,Q13645586,http://www.wikidata.org/entity/Q2737272,0,72,,45.289378,78.759742
KAZ,Cazaquistão,Q13645585,http://www.wikidata.org/entity/Q2737272,0,461,,46.054166666667,78.270833333333
KAZ,Cazaquistão,Q13645590,http://www.wikidata.org/entity/Q2737272,0,579,,45.600245,79.082103
KAZ,Cazaquistão,Q13645588,http://www.wikidata.org/entity/Q2737272,0,997,,45.551838,79.277404
KAZ,Cazaquistão,Q13645595,http://www.wikidata.org/entity/Q2737272,0,78,,45.355535,78.35916
KAZ,Cazaquistão,Q13645593,http://www.wikidata.org/entity/Q2737272,0,31,,46.105842,78.85398
KAZ,Cazaquistão,Q13645598,http://www.wikidata.org/entity/Q2737272,0,28,,45.446704,78.239213
KAZ,Cazaquistão,Q13645597,http://www.wikidata.org/entity/Q2737272,0,31,,45.419873,78.141366
KAZ,Cazaquistão,Q13645603,http://www.wikidata.org/entity/Q2737272,0,103,,45.777373,78.884078
KAZ,Cazaquistão,Q13645600,http://www.wikidata.org/entity/Q2737272,0,812,,45.76027,79.243232
KAZ,Cazaquistão,Q13645606,http://www.wikidata.org/entity/Q2737272,0,1138,,45.255878,79.415694
KAZ,Cazaquistão,Q13645610,http://www.wikidata.org/entity/Q2556249,0,108,,46.228125,80.917311
KAZ,Cazaquistão,Q13645609,http://www.wikidata.org/entity/Q2556249,0,1166,,46.24549,80.933619
KAZ,Cazaquistão,Q13645613,http://www.wikidata.org/entity/Q2556249,0,754,,45.744633333333,80.782313888889
KAZ,Cazaquistão,Q13645619,http://www.wikidata.org/entity/Q2556249,0,192,,46.549284,80.462149
KAZ,Cazaquistão,Q13645623,http://www.wikidata.org/entity/Q2556249,0,67,,45.954226,81.537447
KAZ,Cazaquistão,Q13359524,http://www.wikidata.org/entity/Q30972482,0,325,,53.064068,68.643594
KAZ,Cazaquistão,Q13360749,http://www.wikidata.org/entity/Q56367455,0,2013,,51.402597222222,71.699402777778
KAZ,Cazaquistão,Q13362651,http://www.wikidata.org/entity/Q30975122,0,469,,54.611597,68.859888
KAZ,Cazaquistão,Q13416199,http://www.wikidata.org/entity/Q20077501,0,723,,49.661111111111,53.965555555556
KAZ,Cazaquistão,Q13416203,http://www.wikidata.org/entity/Q20077501,0,288,,49.646388888889,53.768888888889
KAZ,Cazaquistão,Q13416207,http://www.wikidata.org/entity/Q20073324,0,225,,50.602777777778,53.005277777778
KAZ,Cazaquistão,Q13416209,http://www.wikidata.org/entity/Q20072657,0,1347,,50.664615,52.113684
KAZ,Cazaquistão,Q13419989,http://www.wikidata.org/entity/Q13365609,0,1945,,43.114722222222,71.451666666667
KAZ,Cazaquistão,Q13423094,http://www.wikidata.org/entity/Q16700463,0,2015,,43.169722222222,71.465833333333
KAZ,Cazaquistão,Q13427005,http://www.wikidata.org/entity/Q12570050,0,2332,,42.570833333333,70.646944444444
KAZ,Cazaquistão,Q13534368,http://www.wikidata.org/entity/Q12570550,0,569,,43.8225,74.375833333333
KAZ,Cazaquistão,Q13542946,http://www.wikidata.org/entity/Q12531820,0,2327,,43.434302777778,70.772602777778
KAZ,Cazaquistão,Q13550814,http://www.wikidata.org/entity/Q16690029,0,1026,,49.578611111111,72.577222222222
KAZ,Cazaquistão,Q13551310,http://www.wikidata.org/entity/Q30975051,0,219,,52.999806,67.960725
KAZ,Cazaquistão,Q13551309,http://www.wikidata.org/entity/Q30972473,0,241,,52.742787,67.300344
KAZ,Cazaquistão,Q13552026,http://www.wikidata.org/entity/Q56366893,0,1011,,52.400297222222,70.647197222222
KAZ,Cazaquistão,Q13552124,http://www.wikidata.org/entity/Q56367094,0,265,,51.9605,72.660402777778
KAZ,Cazaquistão,Q13553681,http://www.wikidata.org/entity/Q20098380,0,1887,,48.265277777778,51.596666666667
KAZ,Cazaquistão,Q13553807,http://www.wikidata.org/entity/Q56366935,0,276,,53.13641,70.486501
KAZ,Cazaquistão,Q13553814,http://www.wikidata.org/entity/Q56367046,0,221,,52.862875,70.601161
KAZ,Cazaquistão,Q13553812,http://www.wikidata.org/entity/Q2605063,0,97,,51.987668,67.266599
KAZ,Cazaquistão,Q13553914,http://www.wikidata.org/entity/Q56367104,0,586,,51.6563,73.1389
KAZ,Cazaquistão,Q13554404,http://www.wikidata.org/entity/Q238931,0,2272,,44.32777778,53.5325
KAZ,Cazaquistão,Q13560212,http://www.wikidata.org/entity/Q20098389,0,2846,,47.004166666667,53.865
KAZ,Cazaquistão,Q13560289,http://www.wikidata.org/entity/Q56366807,0,451,,51.500797222222,69.391397222222
KAZ,Cazaquistão,Q13576652,http://www.wikidata.org/entity/Q30972480,0,591,,53.5836,68.35517
KAZ,Cazaquistão,Q13640826,http://www.wikidata.org/entity/Q56367046,0,130,,52.873697222222,70.551697222222
KAZ,Cazaquistão,Q13640827,http://www.wikidata.org/entity/Q56367041,0,169,,52.5787,70.938897222222
KAZ,Cazaquistão,Q13640824,http://www.wikidata.org/entity/Q56367046,0,120,,52.855002777778,70.510302777778
KAZ,Cazaquistão,Q13640831,http://www.wikidata.org/entity/Q56367032,0,150,,53.2728,71.001302777778
KAZ,Cazaquistão,Q13640854,http://www.wikidata.org/entity/Q56367043,0,109,,52.406902777778,70.6765
KAZ,Cazaquistão,Q13640856,http://www.wikidata.org/entity/Q56367043,0,358,,52.4836,70.6454
KAZ,Cazaquistão,Q13640860,http://www.wikidata.org/entity/Q56367043,0,73,,52.641002777778,70.506402777778
KAZ,Cazaquistão,Q13640878,http://www.wikidata.org/entity/Q56367046,0,196,,52.918402777778,70.606397222222
KAZ,Cazaquistão,Q13640881,http://www.wikidata.org/entity/Q56367046,0,122,,52.8053,70.465197222222
KAZ,Cazaquistão,Q13640897,http://www.wikidata.org/entity/Q56366892,0,1377,,52.40215,70.207227777778
KAZ,Cazaquistão,Q13640906,http://www.wikidata.org/entity/Q56366892,0,426,,52.3842,70.395202777778
KAZ,Cazaquistão,Q13640915,http://www.wikidata.org/entity/Q56366893,0,230,,52.368802777778,70.605802777778
KAZ,Cazaquistão,Q13640919,http://www.wikidata.org/entity/Q56366893,0,145,,52.306908,70.619814
KAZ,Cazaquistão,Q13640922,http://www.wikidata.org/entity/Q56366894,0,331,,52.284345,70.081358
KAZ,Cazaquistão,Q13640921,http://www.wikidata.org/entity/Q56366893,0,117,,52.3336,70.784297222222
KAZ,Cazaquistão,Q13640926,http://www.wikidata.org/entity/Q56366896,0,303,,51.904797222222,69.8405
KAZ,Cazaquistão,Q13640924,http://www.wikidata.org/entity/Q56366894,0,260,,52.484002777778,69.949897222222
KAZ,Cazaquistão,Q13640934,http://www.wikidata.org/entity/Q56366896,0,437,,52.0777,69.9815
KAZ,Cazaquistão,Q13640944,http://www.wikidata.org/entity/Q56366896,0,226,,51.9919,69.967497222222
KAZ,Cazaquistão,Q13640950,http://www.wikidata.org/entity/Q56366897,0,983,,52.178102777778,70.129902777778
KAZ,Cazaquistão,Q13640952,http://www.wikidata.org/entity/Q56366897,0,67,,52.215197222222,70.184797222222
KAZ,Cazaquistão,Q13640953,http://www.wikidata.org/entity/Q56366897,0,177,,52.273097222222,70.233297222222
KAZ,Cazaquistão,Q13641710,http://www.wikidata.org/entity/Q56367166,0,274,,51.89421,66.751349
KAZ,Cazaquistão,Q13641715,http://www.wikidata.org/entity/Q56367184,0,495,,52.2437,66.501065
KAZ,Cazaquistão,Q13641718,http://www.wikidata.org/entity/Q56367184,0,325,,52.016674,66.397497
KAZ,Cazaquistão,Q13641721,http://www.wikidata.org/entity/Q56367184,0,647,,52.253498,66.536852
KAZ,Cazaquistão,Q13641828,http://www.wikidata.org/entity/Q56367237,0,177,,50.910278,66.46976
KAZ,Cazaquistão,Q13641839,http://www.wikidata.org/entity/Q56367312,0,196,,52.957338888889,68.814513888889
KAZ,Cazaquistão,Q13641842,http://www.wikidata.org/entity/Q56367285,0,456,,52.914944444444,69.033613888889
KAZ,Cazaquistão,Q13641846,http://www.wikidata.org/entity/Q56367299,0,305,,52.852323,69.298833
KAZ,Cazaquistão,Q13641844,http://www.wikidata.org/entity/Q56367312,0,207,,53.036561111111,69.064997222222
KAZ,Cazaquistão,Q13641854,http://www.wikidata.org/entity/Q56367282,0,214,,53.296938,69.721595
KAZ,Cazaquistão,Q13641852,http://www.wikidata.org/entity/Q56367282,0,244,,53.2407,69.626481
KAZ,Cazaquistão,Q13641862,http://www.wikidata.org/entity/Q56367286,0,1346,,53.2586,68.8879
KAZ,Cazaquistão,Q13641867,http://www.wikidata.org/entity/Q56367286,0,262,,53.311597222222,68.856297222222
KAZ,Cazaquistão,Q13641864,http://www.wikidata.org/entity/Q56367286,0,189,,53.2863,68.933202777778
KAZ,Cazaquistão,Q13641868,http://www.wikidata.org/entity/Q56367286,0,292,,53.121902777778,68.780102777778
KAZ,Cazaquistão,Q13641923,http://www.wikidata.org/entity/Q56367314,0,217,,53.109085,69.53635
KAZ,Cazaquistão,Q13641921,http://www.wikidata.org/entity/Q56367314,0,164,,53.07467,69.356367
KAZ,Cazaquistão,Q13641927,http://www.wikidata.org/entity/Q56367300,0,287,,52.651751,69.278075
KAZ,Cazaquistão,Q13641925,http://www.wikidata.org/entity/Q56367300,0,610,,52.60534,69.333881
KAZ,Cazaquistão,Q13641934,http://www.wikidata.org/entity/Q56367316,0,356,,52.925109,69.603655
KAZ,Cazaquistão,Q13641932,http://www.wikidata.org/entity/Q56367300,0,58,,52.562537,69.374192
KAZ,Cazaquistão,Q13641938,http://www.wikidata.org/entity/Q56367316,0,388,,53.000588,69.814292
KAZ,Cazaquistão,Q13641936,http://www.wikidata.org/entity/Q56367316,0,134,,53.043565,69.749567
KAZ,Cazaquistão,Q13641943,http://www.wikidata.org/entity/Q56367301,0,133,,52.798212,69.468989
KAZ,Cazaquistão,Q13641940,http://www.wikidata.org/entity/Q56367316,0,75,,53.040136,69.52146
KAZ,Cazaquistão,Q13641946,http://www.wikidata.org/entity/Q56367285,0,471,,52.907865,68.947935
KAZ,Cazaquistão,Q13641945,http://www.wikidata.org/entity/Q56367301,0,327,,52.872504,69.42296
KAZ,Cazaquistão,Q13641951,http://www.wikidata.org/entity/Q56367285,0,43,,52.978906,69.025275
KAZ,Cazaquistão,Q13641949,http://www.wikidata.org/entity/Q56367285,0,293,,52.9529,68.732302777778
KAZ,Cazaquistão,Q13641953,http://www.wikidata.org/entity/Q56367285,0,175,,52.868397222222,68.677102777778
KAZ,Cazaquistão,Q13642178,http://www.wikidata.org/entity/Q56367350,0,430,,50.856666666667,70.381666666667
KAZ,Cazaquistão,Q13642207,http://www.wikidata.org/entity/Q56375499,0,272,,52.316944444444,68.591944444444
KAZ,Cazaquistão,Q13642211,http://www.wikidata.org/entity/Q56367461,0,5181,,50.852777777778,71.353611111111
KAZ,Cazaquistão,Q13642209,http://www.wikidata.org/entity/Q2224859,0,684,,51.050833333333,71.569166666667
KAZ,Cazaquistão,Q13642214,http://www.wikidata.org/entity/Q56367461,0,75,,50.841666666667,71.5625
KAZ,Cazaquistão,Q13642215,http://www.wikidata.org/entity/Q56367463,0,145,,50.887777777778,71.318333333333
KAZ,Cazaquistão,Q13642213,http://www.wikidata.org/entity/Q2224859,0,832,,50.984722222222,71.296666666667
KAZ,Cazaquistão,Q13642234,http://www.wikidata.org/entity/Q56367459,0,318,,50.933055555556,70.855
KAZ,Cazaquistão,Q13642232,http://www.wikidata.org/entity/Q56367357,0,570,,52.182784,68.729852
KAZ,Cazaquistão,Q13642238,http://www.wikidata.org/entity/Q56367359,0,484,,52.209568,69.284269
KAZ,Cazaquistão,Q13642239,http://www.wikidata.org/entity/Q25396840,0,675,,52.579431,68.201594
KAZ,Cazaquistão,Q13642236,http://www.wikidata.org/entity/Q56367357,0,291,,52.164715,68.687018
KAZ,Cazaquistão,Q13642243,http://www.wikidata.org/entity/Q56367371,0,178,,52.482055,68.512
KAZ,Cazaquistão,Q13642245,http://www.wikidata.org/entity/Q56367371,0,204,,52.575568,68.524405
KAZ,Cazaquistão,Q13642252,http://www.wikidata.org/entity/Q56367373,0,99,,52.685023,68.628023
KAZ,Cazaquistão,Q13642262,http://www.wikidata.org/entity/Q56367459,0,177,,50.863611111111,71.081388888889
KAZ,Cazaquistão,Q13642267,http://www.wikidata.org/entity/Q56367360,0,198,,52.258896,68.343957
KAZ,Cazaquistão,Q13642273,http://www.wikidata.org/entity/Q56367431,0,579,,51.076291,71.224375
KAZ,Cazaquistão,Q13642279,http://www.wikidata.org/entity/Q56367446,0,140,,51.31092,71.074308
KAZ,Cazaquistão,Q13642300,http://www.wikidata.org/entity/Q56367397,0,189,,51.752748,70.7601
KAZ,Cazaquistão,Q13642307,http://www.wikidata.org/entity/Q2030615,0,134,,52.487916666667,73.191805555556
KAZ,Cazaquistão,Q13642310,http://www.wikidata.org/entity/Q56367398,0,617,,51.446497222222,71.196902777778
KAZ,Cazaquistão,Q13642308,http://www.wikidata.org/entity/Q56367116,0,259,,52.445055555556,68.28175
KAZ,Cazaquistão,Q13642337,http://www.wikidata.org/entity/Q12577495,0,1429,,43.26,75.167777777778
KAZ,Cazaquistão,Q13642342,http://www.wikidata.org/entity/Q20098239,0,1458,,49.874861111111,57.541805555556
KAZ,Cazaquistão,Q13642346,http://www.wikidata.org/entity/Q47508659,0,327,,50.146335,56.543882
KAZ,Cazaquistão,Q13642350,http://www.wikidata.org/entity/Q20098107,0,167,,50.055002777778,56.268197222222
KAZ,Cazaquistão,Q13642348,http://www.wikidata.org/entity/Q47508659,0,369,,50.101287,56.608159
KAZ,Cazaquistão,Q13642355,http://www.wikidata.org/entity/Q20098480,0,435,,50.07245,57.119938
KAZ,Cazaquistão,Q13642353,http://www.wikidata.org/entity/Q22204207,0,200,,50.177632,56.926216
KAZ,Cazaquistão,Q13642358,http://www.wikidata.org/entity/Q279835,0,226,,49.890004,56.84544
KAZ,Cazaquistão,Q13642357,http://www.wikidata.org/entity/Q20098476,0,530,,49.776033,56.85094
KAZ,Cazaquistão,Q13642362,http://www.wikidata.org/entity/Q279835,0,131,,50.306296,56.604898
KAZ,Cazaquistão,Q13642360,http://www.wikidata.org/entity/Q20098662,0,321,,50.250402,56.666794
KAZ,Cazaquistão,Q13642366,http://www.wikidata.org/entity/Q22202626,0,2081,,49.815975,57.344747222222
KAZ,Cazaquistão,Q13642367,http://www.wikidata.org/entity/Q22202626,0,309,,49.809243055556,57.261111111111
KAZ,Cazaquistão,Q13642364,http://www.wikidata.org/entity/Q22201445,0,428,,49.809286,56.446949
KAZ,Cazaquistão,Q13642370,http://www.wikidata.org/entity/Q279835,0,106,,49.829745,58.1063
KAZ,Cazaquistão,Q13642430,http://www.wikidata.org/entity/Q20098530,0,511,,48.225587,56.647555
KAZ,Cazaquistão,Q13642428,http://www.wikidata.org/entity/Q20098580,0,142,,48.660067,55.55239
KAZ,Cazaquistão,Q13642435,http://www.wikidata.org/entity/Q2115182,0,0,,47.212667,55.476595
KAZ,Cazaquistão,Q13642432,http://www.wikidata.org/entity/Q22201358,0,279,,48.039196,55.462391
KAZ,Cazaquistão,Q13642437,http://www.wikidata.org/entity/Q20098687,0,342,,46.697622,56.024395
KAZ,Cazaquistão,Q13642942,http://www.wikidata.org/entity/Q20098200,0,931,,50.803646,58.3076
KAZ,Cazaquistão,Q13642947,http://www.wikidata.org/entity/Q2550358,0,18,,50.942215,58.209747
KAZ,Cazaquistão,Q13642945,http://www.wikidata.org/entity/Q20098200,0,155,,50.800975,58.285543
KAZ,Cazaquistão,Q13642950,http://www.wikidata.org/entity/Q2550358,0,105,,51.015491,58.602534
KAZ,Cazaquistão,Q13642949,http://www.wikidata.org/entity/Q2550358,0,20,,51.131251,58.346813
KAZ,Cazaquistão,Q13642952,http://www.wikidata.org/entity/Q20098275,0,301,,50.803223,58.037753
KAZ,Cazaquistão,Q13642963,http://www.wikidata.org/entity/Q20098386,0,1945,,50.532172222222,57.446472222222
KAZ,Cazaquistão,Q13642972,http://www.wikidata.org/entity/Q2550358,0,1934,,50.578355,57.544831
KAZ,Cazaquistão,Q13642980,http://www.wikidata.org/entity/Q20098518,0,631,,50.654835,58.271537
KAZ,Cazaquistão,Q13642987,http://www.wikidata.org/entity/Q20098518,0,179,,50.613675,58.244805
KAZ,Cazaquistão,Q13642991,http://www.wikidata.org/entity/Q20098598,0,1541,,50.743475,57.890427
KAZ,Cazaquistão,Q13642989,http://www.wikidata.org/entity/Q2550358,0,180,,50.618973,57.968544
KAZ,Cazaquistão,Q13642994,http://www.wikidata.org/entity/Q22202034,0,665,,50.7193,58.676102777778
KAZ,Cazaquistão,Q13642993,http://www.wikidata.org/entity/Q485437,0,190,,50.856596,57.857824
KAZ,Cazaquistão,Q13643013,http://www.wikidata.org/entity/Q2550358,0,301,,50.633423,58.558846
KAZ,Cazaquistão,Q13643044,http://www.wikidata.org/entity/Q22201754,0,636,,50.020082,55.649034
KAZ,Cazaquistão,Q13643055,http://www.wikidata.org/entity/Q20098379,0,535,,50.372567,55.654557
KAZ,Cazaquistão,Q13643057,http://www.wikidata.org/entity/Q20098379,0,164,,50.420712,55.599414
KAZ,Cazaquistão,Q13643062,http://www.wikidata.org/entity/Q20098376,0,92,,50.438997,55.366051
KAZ,Cazaquistão,Q13643073,http://www.wikidata.org/entity/Q2737287,0,282,,50.162425,54.598093
KAZ,Cazaquistão,Q13643128,http://www.wikidata.org/entity/Q22201792,0,809,,47.355277777778,59.236388888889
KAZ,Cazaquistão,Q13643129,http://www.wikidata.org/entity/Q20098349,0,193,,50.237479,61.647861
KAZ,Cazaquistão,Q13643135,http://www.wikidata.org/entity/Q20098458,0,352,,49.075833333333,59.846111111111
KAZ,Cazaquistão,Q13643162,http://www.wikidata.org/entity/Q20098212,0,269,,50.876978,56.687846
KAZ,Cazaquistão,Q13643166,http://www.wikidata.org/entity/Q20098212,0,478,,51.014395,56.955876
KAZ,Cazaquistão,Q13643164,http://www.wikidata.org/entity/Q20098212,0,269,,51.033645,56.780402
KAZ,Cazaquistão,Q13643171,http://www.wikidata.org/entity/Q22204242,0,73,,50.71352,57.501614
KAZ,Cazaquistão,Q13643168,http://www.wikidata.org/entity/Q22204242,0,671,,50.798221,57.476457
KAZ,Cazaquistão,Q13643174,http://www.wikidata.org/entity/Q22205248,0,2304,,50.846838,56.200721
KAZ,Cazaquistão,Q13643183,http://www.wikidata.org/entity/Q20098496,0,1659,,50.6236,56.823697222222
KAZ,Cazaquistão,Q13643181,http://www.wikidata.org/entity/Q22205248,0,203,,50.787183,56.249865
KAZ,Cazaquistão,Q13643192,http://www.wikidata.org/entity/Q20098533,0,618,,50.97254,57.302369
KAZ,Cazaquistão,Q13643196,http://www.wikidata.org/entity/Q22202666,0,796,,50.641763,56.696642
KAZ,Cazaquistão,Q13643330,http://www.wikidata.org/entity/Q20098456,0,675,,49.26327,55.552127
KAZ,Cazaquistão,Q13643334,http://www.wikidata.org/entity/Q20098456,0,196,,49.323899,55.472133
KAZ,Cazaquistão,Q13643332,http://www.wikidata.org/entity/Q20098456,0,413,,49.296513,55.643451
KAZ,Cazaquistão,Q13643339,http://www.wikidata.org/entity/Q20098520,0,211,,48.435558,57.174333
KAZ,Cazaquistão,Q13643337,http://www.wikidata.org/entity/Q20098520,0,4954,,48.606169,57.114039
KAZ,Cazaquistão,Q13643342,http://www.wikidata.org/entity/Q20098519,0,295,,49.202457,56.782272
KAZ,Cazaquistão,Q13643341,http://www.wikidata.org/entity/Q20098519,0,1063,,49.218098,56.634414
KAZ,Cazaquistão,Q13643344,http://www.wikidata.org/entity/Q20098519,0,168,,49.089353,56.602631
KAZ,Cazaquistão,Q13643350,http://www.wikidata.org/entity/Q22201480,0,391,,48.623242,57.199183
KAZ,Cazaquistão,Q13643351,http://www.wikidata.org/entity/Q22202847,0,922,,48.861071,55.591096
KAZ,Cazaquistão,Q13643348,http://www.wikidata.org/entity/Q22201480,0,297,,48.716895,57.172988
KAZ,Cazaquistão,Q13643359,http://www.wikidata.org/entity/Q20098121,0,454,,49.62116,57.363636
KAZ,Cazaquistão,Q13643357,http://www.wikidata.org/entity/Q20098121,0,464,,49.536664,57.553515
KAZ,Cazaquistão,Q13643361,http://www.wikidata.org/entity/Q20098121,0,238,,49.662676,57.500232
KAZ,Cazaquistão,Q13643455,http://www.wikidata.org/entity/Q20098325,0,2529,,50.2563,58.4975
KAZ,Cazaquistão,Q13643459,http://www.wikidata.org/entity/Q20098575,0,426,,50.614841,58.988546
KAZ,Cazaquistão,Q13643457,http://www.wikidata.org/entity/Q20098325,0,387,,50.287409,58.540732
KAZ,Cazaquistão,Q13643460,http://www.wikidata.org/entity/Q20098575,0,113,,50.636898,59.023908
KAZ,Cazaquistão,Q13643467,http://www.wikidata.org/entity/Q20098571,0,1013,,50.4764,59.0818
KAZ,Cazaquistão,Q13643474,http://www.wikidata.org/entity/Q20098590,0,577,,49.930546,59.03853
KAZ,Cazaquistão,Q13643473,http://www.wikidata.org/entity/Q20098590,0,784,,49.93446,59.006772
KAZ,Cazaquistão,Q13643478,http://www.wikidata.org/entity/Q20098545,0,437,,50.385224,58.573203
KAZ,Cazaquistão,Q13643476,http://www.wikidata.org/entity/Q20098610,0,391,,50.02705,58.802545
KAZ,Cazaquistão,Q13643481,http://www.wikidata.org/entity/Q3280801,0,109,,49.973448,58.605252
KAZ,Cazaquistão,Q13643486,http://www.wikidata.org/entity/Q2550426,0,306,,50.2075,58.076388888889
KAZ,Cazaquistão,Q13643484,http://www.wikidata.org/entity/Q20098545,0,489,,50.477963,58.520828
KAZ,Cazaquistão,Q13643491,http://www.wikidata.org/entity/Q22202309,0,502,,50.113378,57.828096
KAZ,Cazaquistão,Q13643638,http://www.wikidata.org/entity/Q2550383,0,131,,48.891088,61.350056
KAZ,Cazaquistão,Q13643636,http://www.wikidata.org/entity/Q20098437,0,311,,49.15162,60.810577
KAZ,Cazaquistão,Q13643643,http://www.wikidata.org/entity/Q20098175,0,902,,48.443011,61.380162
KAZ,Cazaquistão,Q13643641,http://www.wikidata.org/entity/Q2550383,0,706,,48.532538,61.411602
KAZ,Cazaquistão,Q13643647,http://www.wikidata.org/entity/Q20098621,0,266,,49.216403,60.50301
KAZ,Cazaquistão,Q13643645,http://www.wikidata.org/entity/Q20098175,0,284,,48.401863,61.532375
KAZ,Cazaquistão,Q13643651,http://www.wikidata.org/entity/Q20098532,0,607,,48.68327,60.444807
KAZ,Cazaquistão,Q13643649,http://www.wikidata.org/entity/Q20098621,0,244,,49.099147,60.30049
KAZ,Cazaquistão,Q13643653,http://www.wikidata.org/entity/Q20098977,0,163,,48.956208,62.004756
KAZ,Cazaquistão,Q13643685,http://www.wikidata.org/entity/Q20098150,0,67,,43.770277777778,52.7925
KAZ,Cazaquistão,Q13643727,http://www.wikidata.org/entity/Q477232,0,2437,,50.170402777778,57.077597222222
KAZ,Cazaquistão,Q13643730,http://www.wikidata.org/entity/Q477232,0,4092,,50.366051,57.397041
KAZ,Cazaquistão,Q13643734,http://www.wikidata.org/entity/Q477232,0,146,,50.358616,57.561938
KAZ,Cazaquistão,Q13643738,http://www.wikidata.org/entity/Q477232,0,1322,,50.053497222222,57.589
KAZ,Cazaquistão,Q13643736,http://www.wikidata.org/entity/Q477232,0,831,,50.309111,57.565402
KAZ,Cazaquistão,Q13643742,http://www.wikidata.org/entity/Q477232,0,653,,50.425875,57.40773
KAZ,Cazaquistão,Q13643743,http://www.wikidata.org/entity/Q477232,0,341,,50.351759,57.374811
KAZ,Cazaquistão,Q13643740,http://www.wikidata.org/entity/Q477232,0,2102,,50.386471,57.408462
KAZ,Cazaquistão,Q13643745,http://www.wikidata.org/entity/Q477232,0,195,,50.270471,57.542174
KAZ,Cazaquistão,Q13643750,http://www.wikidata.org/entity/Q477232,0,16093,,50.317494444444,57.317141666667
KAZ,Cazaquistão,Q13643748,http://www.wikidata.org/entity/Q477232,0,73,,50.483988,57.463565
KAZ,Cazaquistão,Q13645572,http://www.wikidata.org/entity/Q20098179,0,283,,49.688867,60.165741
KAZ,Cazaquistão,Q13645654,http://www.wikidata.org/entity/Q2556249,0,1427,,45.651091,80.711351
KAZ,Cazaquistão,Q13645658,http://www.wikidata.org/entity/Q2556249,0,102,,45.644108,80.737443
KAZ,Cazaquistão,Q13645656,http://www.wikidata.org/entity/Q2556249,0,183,,45.67223,80.655467
KAZ,Cazaquistão,Q13645663,http://www.wikidata.org/entity/Q2556249,0,56,,45.804407,80.257503
KAZ,Cazaquistão,Q13645660,http://www.wikidata.org/entity/Q2556249,0,250,,45.661264,80.814478
KAZ,Cazaquistão,Q13645667,http://www.wikidata.org/entity/Q2556249,0,133,,45.866639,80.631448
KAZ,Cazaquistão,Q13645669,http://www.wikidata.org/entity/Q2556249,0,905,,46.087065,81.249364
KAZ,Cazaquistão,Q13645672,http://www.wikidata.org/entity/Q2556249,0,1696,,45.998767,80.730764
KAZ,Cazaquistão,Q13645747,http://www.wikidata.org/entity/Q16702050,0,125,,45.549157,74.900611
KAZ,Cazaquistão,Q13645749,http://www.wikidata.org/entity/Q16701000,0,1825,,45.854591,74.789706
KAZ,Cazaquistão,Q13645754,http://www.wikidata.org/entity/Q16701000,0,116,,45.593055555556,74.751698888889
KAZ,Cazaquistão,Q13645755,http://www.wikidata.org/entity/Q16692255,0,1918,,45.0522,74.616305555556
KAZ,Cazaquistão,Q13645752,http://www.wikidata.org/entity/Q16701000,0,177,,45.812544444444,74.875
KAZ,Cazaquistão,Q13645757,http://www.wikidata.org/entity/Q16708440,0,1128,,44.492302,76.707195
KAZ,Cazaquistão,Q13645763,http://www.wikidata.org/entity/Q16703970,0,67,,45.570277777778,74.23888
KAZ,Cazaquistão,Q13645760,http://www.wikidata.org/entity/Q16703970,0,1356,,45.381851,74.148747
KAZ,Cazaquistão,Q13645765,http://www.wikidata.org/entity/Q16720211,0,1305,,45.036634,75.004149
KAZ,Cazaquistão,Q13645771,http://www.wikidata.org/entity/Q16692061,0,3758,,43.5275,78.284166666667
KAZ,Cazaquistão,Q13645774,http://www.wikidata.org/entity/Q16692061,0,628,,43.477763,78.384425
KAZ,Cazaquistão,Q13645772,http://www.wikidata.org/entity/Q16692061,0,516,,43.524956,78.311021
KAZ,Cazaquistão,Q13645780,http://www.wikidata.org/entity/Q16692061,0,66,,43.437331,78.221214
KAZ,Cazaquistão,Q13645817,http://www.wikidata.org/entity/Q16700590,0,2332,,43.531181,77.756848
KAZ,Cazaquistão,Q13645822,http://www.wikidata.org/entity/Q16700969,0,1683,,43.683277,78.22635
KAZ,Cazaquistão,Q13645820,http://www.wikidata.org/entity/Q16700969,0,3728,,43.651836,78.178167
KAZ,Cazaquistão,Q13645825,http://www.wikidata.org/entity/Q16700975,0,288,,43.447703,77.625677
KAZ,Cazaquistão,Q13645828,http://www.wikidata.org/entity/Q16700975,0,1180,,43.445952,77.668249
KAZ,Cazaquistão,Q13645832,http://www.wikidata.org/entity/Q16701035,0,3526,,43.560014,77.973924
KAZ,Cazaquistão,Q13645833,http://www.wikidata.org/entity/Q16701035,0,3091,,43.557328,78.034624
KAZ,Cazaquistão,Q13645839,http://www.wikidata.org/entity/Q16701035,0,1852,,43.497537,78.020701
KAZ,Cazaquistão,Q13645843,http://www.wikidata.org/entity/Q16701437,0,3466,,43.585,77.491111111111
KAZ,Cazaquistão,Q13645841,http://www.wikidata.org/entity/Q16702578,0,5979,,43.540908333333,78.164255555556
KAZ,Cazaquistão,Q13645846,http://www.wikidata.org/entity/Q16701437,0,572,,43.627768,77.565435
KAZ,Cazaquistão,Q13645850,http://www.wikidata.org/entity/Q16706091,0,5198,,43.491361111111,78.406727777778
KAZ,Cazaquistão,Q13645855,http://www.wikidata.org/entity/Q16706465,0,2365,,43.653417,78.519879
KAZ,Cazaquistão,Q13645858,http://www.wikidata.org/entity/Q16692223,0,1996,,43.471802777778,77.195152777778
KAZ,Cazaquistão,Q13645863,http://www.wikidata.org/entity/Q16709875,0,4085,,43.538371,78.369459
KAZ,Cazaquistão,Q13645861,http://www.wikidata.org/entity/Q16709449,0,4102,,43.55535,78.47085
KAZ,Cazaquistão,Q13645866,http://www.wikidata.org/entity/Q16709875,0,3635,,43.574802777778,78.34945
KAZ,Cazaquistão,Q13645869,http://www.wikidata.org/entity/Q16714088,0,6735,,43.365555555556,77.4025
KAZ,Cazaquistão,Q13645917,http://www.wikidata.org/entity/Q16720749,0,1413,,43.167777777778,76.345555555556
KAZ,Cazaquistão,Q13645920,http://www.wikidata.org/entity/Q16691548,0,1390,,43.445277777778,76.27
KAZ,Cazaquistão,Q13645927,http://www.wikidata.org/entity/Q16700971,0,3020,,43.133611111111,76.100277777778
KAZ,Cazaquistão,Q13645924,http://www.wikidata.org/entity/Q16691548,0,87,,43.603611111111,76.157777777778
KAZ,Cazaquistão,Q13645930,http://www.wikidata.org/entity/Q16699091,0,2658,,43.145,76.180277777778
KAZ,Cazaquistão,Q13645933,http://www.wikidata.org/entity/Q16699091,0,574,,43.211388888889,76.132777777778
KAZ,Cazaquistão,Q13645937,http://www.wikidata.org/entity/Q13589438,0,24,,43.534722222222,75.340833333333
KAZ,Cazaquistão,Q13645948,http://www.wikidata.org/entity/Q12560855,0,1151,,43.33185,75.840258333333
KAZ,Cazaquistão,Q13645963,http://www.wikidata.org/entity/Q16719100,0,2078,,43.360555555556,76.274444444444
KAZ,Cazaquistão,Q13645983,http://www.wikidata.org/entity/Q2550363,0,1545,,43.576666666667,75.426944444444
KAZ,Cazaquistão,Q13645998,http://www.wikidata.org/entity/Q16691548,0,297,,43.552777777778,76.289166666667
KAZ,Cazaquistão,Q13645999,http://www.wikidata.org/entity/Q20098143,0,286,,43.234444444444,75.595
KAZ,Cazaquistão,Q13645996,http://www.wikidata.org/entity/Q16697486,0,184,,43.218333333333,75.830555555556
KAZ,Cazaquistão,Q13646003,http://www.wikidata.org/entity/Q16697486,0,432,,43.130833333333,75.756111111111
KAZ,Cazaquistão,Q13646001,http://www.wikidata.org/entity/Q16692909,0,466,,44.160555555556,76.099722222222
KAZ,Cazaquistão,Q13646006,http://www.wikidata.org/entity/Q16701013,0,1648,,43.194722222222,76.23
KAZ,Cazaquistão,Q13646007,http://www.wikidata.org/entity/Q16701013,0,194,,43.257777777778,76.253333333333
KAZ,Cazaquistão,Q13646010,http://www.wikidata.org/entity/Q13589438,0,91,,43.653055555556,75.681944444444
KAZ,Cazaquistão,Q13646014,http://www.wikidata.org/entity/Q16720960,0,1158,,43.426666666667,76.103611111111
KAZ,Cazaquistão,Q13646015,http://www.wikidata.org/entity/Q2550363,0,65,,43.576111111111,75.977222222222
KAZ,Cazaquistão,Q13646012,http://www.wikidata.org/entity/Q13589438,0,151,,43.776388888889,75.585555555556
KAZ,Cazaquistão,Q13646017,http://www.wikidata.org/entity/Q16721013,0,1144,,43.303333333333,76.027777777778
KAZ,Cazaquistão,Q13646022,http://www.wikidata.org/entity/Q16723864,0,528,,43.281111111111,76.340277777778
KAZ,Cazaquistão,Q13646020,http://www.wikidata.org/entity/Q16723864,0,2326,,43.25111111,76.43194444
KAZ,Cazaquistão,Q13646027,http://www.wikidata.org/entity/Q16697486,0,195,,43.125833333333,75.720555555556
KAZ,Cazaquistão,Q13646025,http://www.wikidata.org/entity/Q16701013,0,285,,43.227777777778,76.212222222222
KAZ,Cazaquistão,Q13646031,http://www.wikidata.org/entity/Q4107909,0,1785,,43.238333333333,75.800833333333
KAZ,Cazaquistão,Q13646029,http://www.wikidata.org/entity/Q16697486,0,1204,,43.118055555556,75.680833333333
KAZ,Cazaquistão,Q13646034,http://www.wikidata.org/entity/Q16723825,0,271,,43.137777777778,75.861111111111
KAZ,Cazaquistão,Q13646033,http://www.wikidata.org/entity/Q16692694,0,2231,,43.266666666667,75.71
KAZ,Cazaquistão,Q13646039,http://www.wikidata.org/entity/Q650725,0,266,,45.335,55.9175
KAZ,Cazaquistão,Q13646037,http://www.wikidata.org/entity/Q16723864,0,2687,,43.251666666667,76.361388888889
KAZ,Cazaquistão,Q13646041,http://www.wikidata.org/entity/Q22201678,0,836,,45.206666666667,55.3975
KAZ,Cazaquistão,Q13646046,http://www.wikidata.org/entity/Q22200871,0,451,,45.240277777778,55.865833333333
KAZ,Cazaquistão,Q13646048,http://www.wikidata.org/entity/Q2556317,0,1151,,44.552777777778,78.9875
KAZ,Cazaquistão,Q13646054,http://www.wikidata.org/entity/Q2556317,0,2355,,44.244444444444,78.243333333333
KAZ,Cazaquistão,Q13646071,http://www.wikidata.org/entity/Q2556317,0,29,,44.4175,78.001666666667
KAZ,Cazaquistão,Q13646069,http://www.wikidata.org/entity/Q2556317,0,139,,44.341944444444,77.911111111111
KAZ,Cazaquistão,Q13646074,http://www.wikidata.org/entity/Q2556317,0,27,,44.444444444444,78.009444444444
KAZ,Cazaquistão,Q13646079,http://www.wikidata.org/entity/Q2556317,0,357,,44.3725,78.343055555556
KAZ,Cazaquistão,Q13646080,http://www.wikidata.org/entity/Q2556317,0,160,,44.283888888889,78.405833333333
KAZ,Cazaquistão,Q13646086,http://www.wikidata.org/entity/Q2556317,0,222,,44.292222222222,78.445277777778
KAZ,Cazaquistão,Q13646091,http://www.wikidata.org/entity/Q2556317,0,884,,44.386111111111,78.582777777778
KAZ,Cazaquistão,Q13646094,http://www.wikidata.org/entity/Q2556317,0,1067,,44.401944444444,78.507777777778
KAZ,Cazaquistão,Q13646093,http://www.wikidata.org/entity/Q2556317,0,305,,44.331388888889,78.535555555556
KAZ,Cazaquistão,Q13646099,http://www.wikidata.org/entity/Q2556317,0,1505,,44.263055555556,77.546111111111
KAZ,Cazaquistão,Q13646097,http://www.wikidata.org/entity/Q2556317,0,563,,44.433333333333,78.366111111111
KAZ,Cazaquistão,Q13646101,http://www.wikidata.org/entity/Q2556317,0,43,,44.166666666667,77.475
KAZ,Cazaquistão,Q13646110,http://www.wikidata.org/entity/Q2556317,0,235,,44.221666666667,77.610555555556
KAZ,Cazaquistão,Q13646115,http://www.wikidata.org/entity/Q2556317,0,743,,44.5125,78.788888888889
KAZ,Cazaquistão,Q13646113,http://www.wikidata.org/entity/Q2556317,0,1342,,44.508888888889,78.886111111111
KAZ,Cazaquistão,Q13646119,http://www.wikidata.org/entity/Q2556317,0,923,,44.661352777778,78.921452777778
KAZ,Cazaquistão,Q13646117,http://www.wikidata.org/entity/Q2556317,0,51,,44.536111111111,78.884166666667
KAZ,Cazaquistão,Q13646121,http://www.wikidata.org/entity/Q2556317,0,413,,44.6625,78.791944444444
KAZ,Cazaquistão,Q13646126,http://www.wikidata.org/entity/Q2556317,0,492,,44.619722222222,79.011666666667
KAZ,Cazaquistão,Q13646124,http://www.wikidata.org/entity/Q2556317,0,302,,44.572777777778,78.991388888889
KAZ,Cazaquistão,Q13646131,http://www.wikidata.org/entity/Q2556317,0,334,,44.176388888889,77.917777777778
KAZ,Cazaquistão,Q13646128,http://www.wikidata.org/entity/Q2556317,0,1860,,44.102222222222,77.931388888889
KAZ,Cazaquistão,Q13646132,http://www.wikidata.org/entity/Q2556317,0,994,,44.495,78.266944444444
KAZ,Cazaquistão,Q13646150,http://www.wikidata.org/entity/Q2556317,0,3322,,44.474625,78.662972222222
KAZ,Cazaquistão,Q13646151,http://www.wikidata.org/entity/Q2556317,0,141,,44.485555555556,78.597222222222
KAZ,Cazaquistão,Q13646155,http://www.wikidata.org/entity/Q2556317,0,454,,44.425,78.644444444444
KAZ,Cazaquistão,Q13646158,http://www.wikidata.org/entity/Q2556317,0,1564,,44.435555555556,78.135555555556
KAZ,Cazaquistão,Q13646157,http://www.wikidata.org/entity/Q2556317,0,1015,,44.441488888889,78.574280555556
KAZ,Cazaquistão,Q13646162,http://www.wikidata.org/entity/Q2556317,0,126,,44.439722222222,77.947777777778
KAZ,Cazaquistão,Q13646160,http://www.wikidata.org/entity/Q2556317,0,48,,44.396944444444,78.145833333333
KAZ,Cazaquistão,Q13646166,http://www.wikidata.org/entity/Q2556317,0,677,,44.196666666667,77.882777777778
KAZ,Cazaquistão,Q13646164,http://www.wikidata.org/entity/Q2556317,0,220,,44.263333333333,78.108333333333
KAZ,Cazaquistão,Q13646170,http://www.wikidata.org/entity/Q2556317,0,25,,44.316111111111,77.846944444444
KAZ,Cazaquistão,Q13646168,http://www.wikidata.org/entity/Q2556317,0,180,,44.233611111111,77.808611111111
KAZ,Cazaquistão,Q13646174,http://www.wikidata.org/entity/Q2556317,0,611,,44.278888888889,77.688888888889
KAZ,Cazaquistão,Q13646175,http://www.wikidata.org/entity/Q2556317,0,33,,44.276111111111,77.754166666667
KAZ,Cazaquistão,Q13646172,http://www.wikidata.org/entity/Q2556317,0,214,,44.270555555556,77.674166666667
KAZ,Cazaquistão,Q13646179,http://www.wikidata.org/entity/Q2556317,0,100,,44.429444444444,77.469444444444
KAZ,Cazaquistão,Q13646177,http://www.wikidata.org/entity/Q2556317,0,338,,44.384166666667,77.633888888889
KAZ,Cazaquistão,Q13646181,http://www.wikidata.org/entity/Q2556317,0,208,,44.404722222222,78.810555555556
KAZ,Cazaquistão,Q13646187,http://www.wikidata.org/entity/Q2556317,0,604,,44.576944444444,79.098055555556
KAZ,Cazaquistão,Q13646196,http://www.wikidata.org/entity/Q2550342,0,3316,,45.285277777778,77.965833333333
KAZ,Cazaquistão,Q13646200,http://www.wikidata.org/entity/Q2550342,0,909,,46.443888888889,77.2875
KAZ,Cazaquistão,Q13646206,http://www.wikidata.org/entity/Q2550342,0,1786,,45.093055555556,77.909166666667
KAZ,Cazaquistão,Q13646235,http://www.wikidata.org/entity/Q2550398,0,68,,44.551666666667,78.003611111111
KAZ,Cazaquistão,Q13646232,http://www.wikidata.org/entity/Q2550398,0,24,,44.664166666667,77.931666666667
KAZ,Cazaquistão,Q13646233,http://www.wikidata.org/entity/Q2550398,0,293,,44.64,77.980833333333
KAZ,Cazaquistão,Q13646237,http://www.wikidata.org/entity/Q2550398,0,691,,44.677777777778,78.05
KAZ,Cazaquistão,Q13646240,http://www.wikidata.org/entity/Q2550398,0,828,,44.921297222222,78.135102777778
KAZ,Cazaquistão,Q13646245,http://www.wikidata.org/entity/Q2550398,0,437,,44.938611111111,78.204722222222
KAZ,Cazaquistão,Q13646250,http://www.wikidata.org/entity/Q2550398,0,1102,,44.882222222222,77.959444444444
KAZ,Cazaquistão,Q13646255,http://www.wikidata.org/entity/Q2550398,0,35,,44.818611111111,77.853611111111
KAZ,Cazaquistão,Q13646284,http://www.wikidata.org/entity/Q2550398,0,2007,,44.999058333333,77.933047222222
KAZ,Cazaquistão,Q13646296,http://www.wikidata.org/entity/Q2550342,0,1424,,45.186666666667,78.010833333333
KAZ,Cazaquistão,Q13646388,http://www.wikidata.org/entity/Q2550342,0,1116,,45.188055555556,77.981388888889
KAZ,Cazaquistão,Q13646397,http://www.wikidata.org/entity/Q2550342,0,204,,45.165833333333,77.873888888889
KAZ,Cazaquistão,Q13646403,http://www.wikidata.org/entity/Q2550342,0,322,,45.345555555556,77.928055555556
KAZ,Cazaquistão,Q13646400,http://www.wikidata.org/entity/Q2550342,0,498,,46.539444444444,77.156111111111
KAZ,Cazaquistão,Q13646401,http://www.wikidata.org/entity/Q2550342,0,818,,45.328055555556,78.095277777778
KAZ,Cazaquistão,Q13646407,http://www.wikidata.org/entity/Q2550342,0,1039,,45.284722222222,77.964166666667
KAZ,Cazaquistão,Q13646405,http://www.wikidata.org/entity/Q2550342,0,70,,45.330277777778,78.000555555556
KAZ,Cazaquistão,Q13646411,http://www.wikidata.org/entity/Q2550342,0,520,,45.273333333333,77.885277777778
KAZ,Cazaquistão,Q13646408,http://www.wikidata.org/entity/Q2550342,0,38,,45.39,78.028333333333
KAZ,Cazaquistão,Q13646415,http://www.wikidata.org/entity/Q2550342,0,272,,45.267222222222,77.935833333333
KAZ,Cazaquistão,Q13646412,http://www.wikidata.org/entity/Q2550342,0,438,,45.292222222222,77.821111111111
KAZ,Cazaquistão,Q13646419,http://www.wikidata.org/entity/Q2550342,0,73,,45.014444444444,78.010833333333
KAZ,Cazaquistão,Q13646416,http://www.wikidata.org/entity/Q2550342,0,103,,44.992222222222,78.049444444444
KAZ,Cazaquistão,Q13646421,http://www.wikidata.org/entity/Q2550342,0,293,,45.238888888889,78.041944444444
KAZ,Cazaquistão,Q13646460,http://www.wikidata.org/entity/Q22202346,0,299,,44.892222222222,55.981944444444
KAZ,Cazaquistão,Q13646470,http://www.wikidata.org/entity/Q22203731,0,636,,45.448333333333,56.105833333333
KAZ,Cazaquistão,Q13646475,http://www.wikidata.org/entity/Q16689468,0,1519,,43.348102777778,76.772602777778
KAZ,Cazaquistão,Q13646472,http://www.wikidata.org/entity/Q2556261,0,10360,,44.136111111111,79.811111111111
KAZ,Cazaquistão,Q13646482,http://www.wikidata.org/entity/Q16689468,0,356,,43.366666666667,76.744166666667
KAZ,Cazaquistão,Q13646480,http://www.wikidata.org/entity/Q16689468,0,282,,43.325833333333,76.766944444444
KAZ,Cazaquistão,Q13646485,http://www.wikidata.org/entity/Q65252902,0,5425,,43.169166666667,76.555555555556
KAZ,Cazaquistão,Q13646489,http://www.wikidata.org/entity/Q65252902,0,3089,,43.198055555556,76.563055555556
KAZ,Cazaquistão,Q13646518,http://www.wikidata.org/entity/Q16689468,0,1205,,43.368055555556,76.725
KAZ,Cazaquistão,Q13646522,http://www.wikidata.org/entity/Q2550378,0,2504,,43.269722222222,76.672222222222
KAZ,Cazaquistão,Q13646520,http://www.wikidata.org/entity/Q16689468,0,717,,43.381944444444,76.749166666667
KAZ,Cazaquistão,Q13646527,http://www.wikidata.org/entity/Q2550378,0,1555,,43.294444444444,76.68
KAZ,Cazaquistão,Q13646524,http://www.wikidata.org/entity/Q16433419,0,1531,,43.323888888889,76.708055555556
KAZ,Cazaquistão,Q13646531,http://www.wikidata.org/entity/Q2550378,0,342,,43.162777777778,76.878888888889
KAZ,Cazaquistão,Q13646529,http://www.wikidata.org/entity/Q2550378,0,987,,43.186666666667,76.927777777778
KAZ,Cazaquistão,Q13648833,http://www.wikidata.org/entity/Q30972929,0,169,,54.186347,67.835598
KAZ,Cazaquistão,Q13648843,http://www.wikidata.org/entity/Q30972934,0,68,,54.060798,68.174243
KAZ,Cazaquistão,Q13648845,http://www.wikidata.org/entity/Q30972934,0,413,,54.04599,67.99094
KAZ,Cazaquistão,Q13648891,http://www.wikidata.org/entity/Q186466,0,626,,44.963579,78.305619
KAZ,Cazaquistão,Q13649872,http://www.wikidata.org/entity/Q35902,0,60,,54.353905,67.560768
KAZ,Cazaquistão,Q13649944,http://www.wikidata.org/entity/Q2556162,0,46,,47.1175,51.73
KAZ,Cazaquistão,Q13649948,http://www.wikidata.org/entity/Q2556162,0,1752,,47.724166666667,51.584444444444
KAZ,Cazaquistão,Q13649979,http://www.wikidata.org/entity/Q2556162,0,1078,,47.168055555556,51.918055555556
KAZ,Cazaquistão,Q13650418,http://www.wikidata.org/entity/Q186466,0,4601,,43.981205,77.46563
KAZ,Cazaquistão,Q13650419,http://www.wikidata.org/entity/Q186466,0,1543,,43.935,77.599722222222
KAZ,Cazaquistão,Q13650422,http://www.wikidata.org/entity/Q186466,0,30,,43.946006,77.266091
KAZ,Cazaquistão,Q13652447,http://www.wikidata.org/entity/Q16431878,0,69,,51.479166666667,51.043055555556
KAZ,Cazaquistão,Q13652449,http://www.wikidata.org/entity/Q16431878,0,228,,51.4775,51.1675
KAZ,Cazaquistão,Q13652454,http://www.wikidata.org/entity/Q20093714,0,527,,51.658333333333,52.176944444444
KAZ,Cazaquistão,Q13652459,http://www.wikidata.org/entity/Q12569535,0,91,,51.635833333333,52.026111111111
KAZ,Cazaquistão,Q13652456,http://www.wikidata.org/entity/Q12569535,0,390,,51.6525,51.970277777778
KAZ,Cazaquistão,Q13652523,http://www.wikidata.org/entity/Q20073879,0,1769,,49.62475,48.881755555556
KAZ,Cazaquistão,Q13652521,http://www.wikidata.org/entity/Q16432078,0,352,,50.307222222222,48.882222222222
KAZ,Cazaquistão,Q13652527,http://www.wikidata.org/entity/Q20074267,0,132,,49.658502777778,48.756402777778
KAZ,Cazaquistão,Q13652525,http://www.wikidata.org/entity/Q20073879,0,269,,49.592702777778,48.85335
KAZ,Cazaquistão,Q13652529,http://www.wikidata.org/entity/Q20074267,0,114,,49.225811111111,48.3354
KAZ,Cazaquistão,Q13652538,http://www.wikidata.org/entity/Q20076752,0,383,,49.565,49.430833333333
KAZ,Cazaquistão,Q13652536,http://www.wikidata.org/entity/Q20076752,0,1017,,49.677777777778,49.406111111111
KAZ,Cazaquistão,Q13652540,http://www.wikidata.org/entity/Q20076752,0,102,,49.724722222222,49.396666666667
KAZ,Cazaquistão,Q13652546,http://www.wikidata.org/entity/Q20077841,0,153,,49.35,49.458333333333
KAZ,Cazaquistão,Q13652551,http://www.wikidata.org/entity/Q20077841,0,332,,49.509722222222,49.588611111111
KAZ,Cazaquistão,Q13652548,http://www.wikidata.org/entity/Q20077841,0,337,,49.333888888889,48.908333333333
KAZ,Cazaquistão,Q13667135,http://www.wikidata.org/entity/Q30973878,0,497,,53.922336,73.506432
KAZ,Cazaquistão,Q13667132,http://www.wikidata.org/entity/Q30975230,0,347,,53.127719,72.342911
KAZ,Cazaquistão,Q13646533,http://www.wikidata.org/entity/Q2550378,0,405,,43.113611111111,76.917222222222
KAZ,Cazaquistão,Q13646538,http://www.wikidata.org/entity/Q16701168,0,95,,43.0525,76.609444444444
KAZ,Cazaquistão,Q13646536,http://www.wikidata.org/entity/Q2550378,0,1349,,43.158611111111,76.902777777778
KAZ,Cazaquistão,Q13646543,http://www.wikidata.org/entity/Q2550378,0,2809,,43.234166666667,76.504166666667
KAZ,Cazaquistão,Q13646540,http://www.wikidata.org/entity/Q16689468,0,3511,,43.375833333333,76.709166666667
KAZ,Cazaquistão,Q13646547,http://www.wikidata.org/entity/Q2550378,0,988,,43.239444444444,76.531111111111
KAZ,Cazaquistão,Q13646544,http://www.wikidata.org/entity/Q2550378,0,749,,43.223888888889,76.514444444444
KAZ,Cazaquistão,Q13646551,http://www.wikidata.org/entity/Q2550378,0,2220,,43.175277777778,76.868055555556
KAZ,Cazaquistão,Q13646555,http://www.wikidata.org/entity/Q2550378,0,988,,43.192222222222,76.861666666667
KAZ,Cazaquistão,Q13646553,http://www.wikidata.org/entity/Q2550378,0,1025,,43.179444444444,76.854166666667
KAZ,Cazaquistão,Q13646559,http://www.wikidata.org/entity/Q16714002,0,3642,,43.174722222222,76.7675
KAZ,Cazaquistão,Q13646557,http://www.wikidata.org/entity/Q16714002,0,3799,,43.216388888889,76.745
KAZ,Cazaquistão,Q13646562,http://www.wikidata.org/entity/Q16714002,0,109,,43.214444444444,76.701944444444
KAZ,Cazaquistão,Q13646566,http://www.wikidata.org/entity/Q16714002,0,1571,,43.192352777778,76.686902777778
KAZ,Cazaquistão,Q13646564,http://www.wikidata.org/entity/Q16690319,0,1260,,43.245,76.7475
KAZ,Cazaquistão,Q13646571,http://www.wikidata.org/entity/Q16711234,0,327,,43.160833333333,76.4775
KAZ,Cazaquistão,Q13646568,http://www.wikidata.org/entity/Q16711234,0,3222,,43.1664,76.477505555556
KAZ,Cazaquistão,Q13646576,http://www.wikidata.org/entity/Q16711234,0,1359,,43.157222222222,76.448611111111
KAZ,Cazaquistão,Q13646600,http://www.wikidata.org/entity/Q4346361,0,1781,,49.804166666667,84.120833333333
KAZ,Cazaquistão,Q13646629,http://www.wikidata.org/entity/Q2556261,0,1533,,44.320833333333,79.888888888889
KAZ,Cazaquistão,Q13646637,http://www.wikidata.org/entity/Q2556261,0,2063,,44.293445,79.902363
KAZ,Cazaquistão,Q13646643,http://www.wikidata.org/entity/Q2556261,0,757,,44.258888888889,79.348055555556
KAZ,Cazaquistão,Q13646640,http://www.wikidata.org/entity/Q2556261,0,3031,,44.279444444444,79.303333333333
KAZ,Cazaquistão,Q13646647,http://www.wikidata.org/entity/Q2556261,0,652,,44.324444444444,78.981388888889
KAZ,Cazaquistão,Q13646645,http://www.wikidata.org/entity/Q2556261,0,594,,44.31,79.1825
KAZ,Cazaquistão,Q13646651,http://www.wikidata.org/entity/Q2556261,0,968,,44.190555555556,80.216666666667
KAZ,Cazaquistão,Q13646649,http://www.wikidata.org/entity/Q2556261,0,5081,,44.214166666667,80.207777777778
KAZ,Cazaquistão,Q13646655,http://www.wikidata.org/entity/Q2556261,0,2048,,44.426666666667,80.058611111111
KAZ,Cazaquistão,Q13646659,http://www.wikidata.org/entity/Q2556261,0,1541,,44.336388888889,80.056666666667
KAZ,Cazaquistão,Q13646657,http://www.wikidata.org/entity/Q2556261,0,964,,44.381944444444,80.061388888889
KAZ,Cazaquistão,Q13646663,http://www.wikidata.org/entity/Q2556261,0,2959,,44.225,79.836111111111
KAZ,Cazaquistão,Q13646661,http://www.wikidata.org/entity/Q2556261,0,1446,,44.199722222222,79.981666666667
KAZ,Cazaquistão,Q13646665,http://www.wikidata.org/entity/Q2556261,0,67,,44.331388888889,79.791111111111
KAZ,Cazaquistão,Q13646670,http://www.wikidata.org/entity/Q2556261,0,283,,44.314444444444,79.811388888889
KAZ,Cazaquistão,Q13646674,http://www.wikidata.org/entity/Q2556261,0,1750,,44.171944444444,80.117222222222
KAZ,Cazaquistão,Q13646672,http://www.wikidata.org/entity/Q2556261,0,4682,,44.171111111111,80.085555555556
KAZ,Cazaquistão,Q13646746,http://www.wikidata.org/entity/Q16699093,0,1252,,42.713055555556,80.009166666667
KAZ,Cazaquistão,Q13646744,http://www.wikidata.org/entity/Q16699093,0,1862,,42.723611111111,80.067222222222
KAZ,Cazaquistão,Q13646749,http://www.wikidata.org/entity/Q16719343,0,4406,,42.825555555556,80.048333333333
KAZ,Cazaquistão,Q13646856,http://www.wikidata.org/entity/Q16700627,0,2300,,42.799444444444,79.896111111111
KAZ,Cazaquistão,Q13646878,http://www.wikidata.org/entity/Q16720735,0,3129,,42.979722222222,80.273333333333
KAZ,Cazaquistão,Q13646879,http://www.wikidata.org/entity/Q16701004,0,2250,,43.046111111111,79.881388888889
KAZ,Cazaquistão,Q13646886,http://www.wikidata.org/entity/Q30972471,0,379,,53.340483,68.314483
KAZ,Cazaquistão,Q13646891,http://www.wikidata.org/entity/Q30972471,0,191,,53.504027,68.53004
KAZ,Cazaquistão,Q13646889,http://www.wikidata.org/entity/Q30972471,0,63,,53.321902,68.485923
KAZ,Cazaquistão,Q13646894,http://www.wikidata.org/entity/Q2029854,0,58,,53.553108,68.607975
KAZ,Cazaquistão,Q13646898,http://www.wikidata.org/entity/Q30975051,0,244,,52.903311,68.045011
KAZ,Cazaquistão,Q13646896,http://www.wikidata.org/entity/Q30975051,0,202,,52.929085,68.244653
KAZ,Cazaquistão,Q13646919,http://www.wikidata.org/entity/Q84311817,0,246,,43.158333333333,78.306944444444
KAZ,Cazaquistão,Q13646917,http://www.wikidata.org/entity/Q2556235,0,1451,,43.065277777778,79.12
KAZ,Cazaquistão,Q13646922,http://www.wikidata.org/entity/Q2556235,0,900,,43.068888888889,78.539166666667
KAZ,Cazaquistão,Q13646920,http://www.wikidata.org/entity/Q2556235,0,2288,,43.049444444444,78.611666666667
KAZ,Cazaquistão,Q13646924,http://www.wikidata.org/entity/Q16701004,0,553,,43.081,80.002
KAZ,Cazaquistão,Q13646930,http://www.wikidata.org/entity/Q2556235,0,76,,42.756111111111,79.267777777778
KAZ,Cazaquistão,Q13646928,http://www.wikidata.org/entity/Q2556235,0,2152,,42.891388888889,79.237222222222
KAZ,Cazaquistão,Q13646934,http://www.wikidata.org/entity/Q16715409,0,865,,43.051944444444,79.681944444444
KAZ,Cazaquistão,Q13646932,http://www.wikidata.org/entity/Q16715409,0,4011,,42.913333333333,79.606388888889
KAZ,Cazaquistão,Q13646937,http://www.wikidata.org/entity/Q2556235,0,1369,,43.07115,78.40865
KAZ,Cazaquistão,Q13646941,http://www.wikidata.org/entity/Q2556235,0,671,,42.904444444444,79.455277777778
KAZ,Cazaquistão,Q13646985,http://www.wikidata.org/entity/Q16701337,0,163,,43.1225,79.206111111111
KAZ,Cazaquistão,Q13646988,http://www.wikidata.org/entity/Q30975060,0,936,,53.148333333333,67.789722222222
KAZ,Cazaquistão,Q13646989,http://www.wikidata.org/entity/Q30975060,0,657,,53.096111111111,67.6925
KAZ,Cazaquistão,Q13646994,http://www.wikidata.org/entity/Q30972473,0,564,,52.757334,67.49827
KAZ,Cazaquistão,Q13646992,http://www.wikidata.org/entity/Q30972473,0,812,,52.749074,67.664252
KAZ,Cazaquistão,Q13646997,http://www.wikidata.org/entity/Q30972473,0,186,,52.800063,67.772842
KAZ,Cazaquistão,Q13647004,http://www.wikidata.org/entity/Q30972476,0,414,,53.406206,67.95343
KAZ,Cazaquistão,Q13647304,http://www.wikidata.org/entity/Q2556173,0,592,,45.553727,79.914036
KAZ,Cazaquistão,Q13647305,http://www.wikidata.org/entity/Q2556173,0,1149,,45.69803,80.11326
KAZ,Cazaquistão,Q13647313,http://www.wikidata.org/entity/Q2556173,0,387,,45.427222222222,80.330277777778
KAZ,Cazaquistão,Q13647326,http://www.wikidata.org/entity/Q2556173,0,40,,46.448333333333,79.079166666667
KAZ,Cazaquistão,Q13647325,http://www.wikidata.org/entity/Q2556173,0,270,,46.275833333333,78.316944444444
KAZ,Cazaquistão,Q13647330,http://www.wikidata.org/entity/Q2556173,0,25,,46.723333333333,79.418333333333
KAZ,Cazaquistão,Q13647328,http://www.wikidata.org/entity/Q2556173,0,14,,46.277222222222,78.888888888889
KAZ,Cazaquistão,Q13647332,http://www.wikidata.org/entity/Q2556173,0,94,,46.646111111111,79.316666666667
KAZ,Cazaquistão,Q13647333,http://www.wikidata.org/entity/Q2556173,0,19,,46.339444444444,78.964722222222
KAZ,Cazaquistão,Q13647338,http://www.wikidata.org/entity/Q2556173,0,1278,,45.617591666667,80.479355555556
KAZ,Cazaquistão,Q13647343,http://www.wikidata.org/entity/Q2556173,0,320,,45.618055555556,80.457777777778
KAZ,Cazaquistão,Q13647340,http://www.wikidata.org/entity/Q2556173,0,852,,45.647797222222,80.367705555556
KAZ,Cazaquistão,Q13647341,http://www.wikidata.org/entity/Q2556173,0,74,,45.568055555556,80.353333333333
KAZ,Cazaquistão,Q13647346,http://www.wikidata.org/entity/Q2556173,0,741,,45.517777777778,80.333055555556
KAZ,Cazaquistão,Q13647349,http://www.wikidata.org/entity/Q20098156,0,6582,,43.307502777778,77.191047222222
KAZ,Cazaquistão,Q13647354,http://www.wikidata.org/entity/Q20098156,0,502,,43.282892,77.18899
KAZ,Cazaquistão,Q13647353,http://www.wikidata.org/entity/Q20098156,0,667,,43.295277777778,77.21
KAZ,Cazaquistão,Q13647359,http://www.wikidata.org/entity/Q20098156,0,2979,,43.299697,77.286487
KAZ,Cazaquistão,Q13647357,http://www.wikidata.org/entity/Q20098156,0,121,,43.268816,77.352179
KAZ,Cazaquistão,Q13647361,http://www.wikidata.org/entity/Q20098156,0,481,,43.3,77.158333333333
KAZ,Cazaquistão,Q13647366,http://www.wikidata.org/entity/Q16692532,0,3583,,43.311034,77.155259
KAZ,Cazaquistão,Q13647370,http://www.wikidata.org/entity/Q2556049,0,559,,43.195478,76.927618
KAZ,Cazaquistão,Q13647374,http://www.wikidata.org/entity/Q16692700,0,15458,,43.299852777778,77.048547222222
KAZ,Cazaquistão,Q13647372,http://www.wikidata.org/entity/Q16692705,0,112,,43.233888888889,77.086944444444
KAZ,Cazaquistão,Q13647376,http://www.wikidata.org/entity/Q16720496,0,12577,,43.319755555556,77.06
KAZ,Cazaquistão,Q13647377,http://www.wikidata.org/entity/Q16700620,0,3924,,43.4388,77.038755555556
KAZ,Cazaquistão,Q13647383,http://www.wikidata.org/entity/Q16700620,0,1381,,43.541666666667,77.15071
KAZ,Cazaquistão,Q13647380,http://www.wikidata.org/entity/Q16700620,0,93,,43.476944444444,77.049444444444
KAZ,Cazaquistão,Q13647381,http://www.wikidata.org/entity/Q16700620,0,596,,43.569975,77.166975
KAZ,Cazaquistão,Q13647386,http://www.wikidata.org/entity/Q16700620,0,256,,43.694722222222,77.030277777778
KAZ,Cazaquistão,Q13647388,http://www.wikidata.org/entity/Q16700620,0,1378,,43.577282,77.05543
KAZ,Cazaquistão,Q13647397,http://www.wikidata.org/entity/Q2556049,0,1193,,43.605971,77.105391
KAZ,Cazaquistão,Q13647406,http://www.wikidata.org/entity/Q16697107,0,1721,,43.3325,77.018333333333
KAZ,Cazaquistão,Q13647992,http://www.wikidata.org/entity/Q30975060,0,153,,53.201388888889,67.944166666667
KAZ,Cazaquistão,Q13648088,http://www.wikidata.org/entity/Q2029854,0,59,,53.455042,67.729412
KAZ,Cazaquistão,Q13648092,http://www.wikidata.org/entity/Q2029854,0,37,,52.734992,68.341385
KAZ,Cazaquistão,Q13648093,http://www.wikidata.org/entity/Q2029854,0,397,,52.640668,68.221307
KAZ,Cazaquistão,Q13648099,http://www.wikidata.org/entity/Q30972482,0,696,,53.176412,68.516651
KAZ,Cazaquistão,Q13648096,http://www.wikidata.org/entity/Q2029854,0,868,,52.742112,67.997976
KAZ,Cazaquistão,Q13648101,http://www.wikidata.org/entity/Q30972482,0,236,,53.013905,68.604198
KAZ,Cazaquistão,Q13648150,http://www.wikidata.org/entity/Q30973850,0,500,,53.758759,71.667911
KAZ,Cazaquistão,Q13648152,http://www.wikidata.org/entity/Q30973850,0,125,,53.514644,71.92543
KAZ,Cazaquistão,Q13648160,http://www.wikidata.org/entity/Q30973850,0,423,,53.597242,72.079496
KAZ,Cazaquistão,Q13648206,http://www.wikidata.org/entity/Q16432487,0,1476,,48.397222222222,51.646666666667
KAZ,Cazaquistão,Q13648204,http://www.wikidata.org/entity/Q20098646,0,379,,46.513888888889,54.261944444444
KAZ,Cazaquistão,Q13648209,http://www.wikidata.org/entity/Q30973843,0,406,,54.009166666667,71.77
KAZ,Cazaquistão,Q13648212,http://www.wikidata.org/entity/Q16697413,0,1444,,43.4775,80.068888888889
KAZ,Cazaquistão,Q13648216,http://www.wikidata.org/entity/Q30973846,0,847,,53.949014,71.407356
KAZ,Cazaquistão,Q13648245,http://www.wikidata.org/entity/Q20098338,0,3269,,48.551388888889,51.616111111111
KAZ,Cazaquistão,Q13648250,http://www.wikidata.org/entity/Q30973844,0,613,,54.06163,71.164155
KAZ,Cazaquistão,Q13648248,http://www.wikidata.org/entity/Q30975229,0,969,,54.186666666667,71.938611111111
KAZ,Cazaquistão,Q13648253,http://www.wikidata.org/entity/Q30973844,0,197,,53.989657,71.179118
KAZ,Cazaquistão,Q13648256,http://www.wikidata.org/entity/Q30975225,0,555,,53.718908,71.505632
KAZ,Cazaquistão,Q13648267,http://www.wikidata.org/entity/Q30975229,0,443,,54.188557,71.781321
KAZ,Cazaquistão,Q13648269,http://www.wikidata.org/entity/Q30973839,0,586,,53.59495,71.122227
KAZ,Cazaquistão,Q13648290,http://www.wikidata.org/entity/Q30975222,0,372,,53.779812,72.045507
KAZ,Cazaquistão,Q13648387,http://www.wikidata.org/entity/Q20098380,0,136,,48.481388888889,52.125277777778
KAZ,Cazaquistão,Q13648391,http://www.wikidata.org/entity/Q20098380,0,650,,48.124444444444,51.598888888889
KAZ,Cazaquistão,Q13648406,http://www.wikidata.org/entity/Q2550435,0,1432,,44.8925,78.411388888889
KAZ,Cazaquistão,Q13648417,http://www.wikidata.org/entity/Q2550435,0,5858,,44.933205555556,78.244347222222
KAZ,Cazaquistão,Q13648462,http://www.wikidata.org/entity/Q30975161,0,2407,,54.434444444444,70.941388888889
KAZ,Cazaquistão,Q13648469,http://www.wikidata.org/entity/Q30973162,0,709,,54.833325,70.307693
KAZ,Cazaquistão,Q13648474,http://www.wikidata.org/entity/Q30973163,0,564,,54.528055,70.797529
KAZ,Cazaquistão,Q13648475,http://www.wikidata.org/entity/Q30973163,0,33,,54.596086,70.986271
KAZ,Cazaquistão,Q13648479,http://www.wikidata.org/entity/Q30975161,0,82,,54.502197,70.930052
KAZ,Cazaquistão,Q13648562,http://www.wikidata.org/entity/Q30513,0,74,,54.366958,70.330353
KAZ,Cazaquistão,Q13648572,http://www.wikidata.org/entity/Q30513,0,33,,54.946175,70.568447
KAZ,Cazaquistão,Q13648579,http://www.wikidata.org/entity/Q30513,0,9,,54.986036,70.692043
KAZ,Cazaquistão,Q13648576,http://www.wikidata.org/entity/Q30513,0,75,,55.041942,70.587931
KAZ,Cazaquistão,Q13648585,http://www.wikidata.org/entity/Q30513,0,712,,54.20844,70.873489
KAZ,Cazaquistão,Q13648591,http://www.wikidata.org/entity/Q30513,0,30,,54.803604,70.018015
KAZ,Cazaquistão,Q13648613,http://www.wikidata.org/entity/Q16692455,0,1193,,43.652777777778,79.511944444444
KAZ,Cazaquistão,Q13648618,http://www.wikidata.org/entity/Q16718602,0,732,,43.286111111111,79.325
KAZ,Cazaquistão,Q13648616,http://www.wikidata.org/entity/Q16697413,0,419,,43.491944444444,79.991388888889
KAZ,Cazaquistão,Q13648622,http://www.wikidata.org/entity/Q16697413,0,551,,43.693333333333,80.070833333333
KAZ,Cazaquistão,Q13648627,http://www.wikidata.org/entity/Q2466404,0,6972,,43.45277778,76.72277778
KAZ,Cazaquistão,Q13648634,http://www.wikidata.org/entity/Q16702203,0,2280,,43.509444444444,80.674166666667
KAZ,Cazaquistão,Q13648637,http://www.wikidata.org/entity/Q16701439,0,211,,43.751111111111,79.494444444444
KAZ,Cazaquistão,Q13648646,http://www.wikidata.org/entity/Q30513,0,21,,55.114444444444,70.937777777778
KAZ,Cazaquistão,Q13648779,http://www.wikidata.org/entity/Q30975162,0,212,,54.913133,70.726376
KAZ,Cazaquistão,Q13648776,http://www.wikidata.org/entity/Q30973184,0,183,,54.374708,70.502443
KAZ,Cazaquistão,Q13648777,http://www.wikidata.org/entity/Q30975162,0,1962,,54.90435,70.809631
KAZ,Cazaquistão,Q13648781,http://www.wikidata.org/entity/Q30975162,0,327,,54.877249,70.794868
KAZ,Cazaquistão,Q13648786,http://www.wikidata.org/entity/Q30975166,0,327,,55.174554,69.961912
KAZ,Cazaquistão,Q13648789,http://www.wikidata.org/entity/Q30975166,0,100,,55.067507,70.231733
KAZ,Cazaquistão,Q13648802,http://www.wikidata.org/entity/Q30973186,0,653,,54.869722222222,70.436388888889
KAZ,Cazaquistão,Q13648831,http://www.wikidata.org/entity/Q30972929,0,299,,54.143535,67.789249
KAZ,Cazaquistão,Q13648829,http://www.wikidata.org/entity/Q22203797,0,4108,,47.257777777778,51.069166666667
KAZ,Cazaquistão,Q13648834,http://www.wikidata.org/entity/Q30972929,0,328,,54.052032,67.670116
KAZ,Cazaquistão,Q13552125,http://www.wikidata.org/entity/Q56366901,0,230,,52.547548,70.276134
KAZ,Cazaquistão,Q13552136,http://www.wikidata.org/entity/Q56367103,0,222,,51.630231,72.724699
KAZ,Cazaquistão,Q13552854,http://www.wikidata.org/entity/Q16691554,0,3534,,43.366944444444,79.61
KAZ,Cazaquistão,Q13640846,http://www.wikidata.org/entity/Q56367044,0,352,,53.156447,71.487698
KAZ,Cazaquistão,Q13640850,http://www.wikidata.org/entity/Q2565681,0,0,,53.2083,71.548602777778
KAZ,Cazaquistão,Q13640848,http://www.wikidata.org/entity/Q2565681,0,25,,53.2405,71.585002777778
KAZ,Cazaquistão,Q13640853,http://www.wikidata.org/entity/Q2565681,0,33,,52.643634,70.466671
KAZ,Cazaquistão,Q13641687,http://www.wikidata.org/entity/Q56367097,0,250,,51.417006,72.746871
KAZ,Cazaquistão,Q13641691,http://www.wikidata.org/entity/Q56367103,0,112,,51.780397222222,72.7129
KAZ,Cazaquistão,Q13641689,http://www.wikidata.org/entity/Q55571846,0,998,,52.162702777778,72.7363
KAZ,Cazaquistão,Q13641694,http://www.wikidata.org/entity/Q56367103,0,61,,51.729,72.697602777778
KAZ,Cazaquistão,Q13641698,http://www.wikidata.org/entity/Q2565577,0,357,,51.608777777778,65.713277777778
KAZ,Cazaquistão,Q13641703,http://www.wikidata.org/entity/Q56367163,0,238,,51.586976,66.386486
KAZ,Cazaquistão,Q13641700,http://www.wikidata.org/entity/Q2565577,0,230,,51.547166666667,65.665916666667
KAZ,Cazaquistão,Q13641701,http://www.wikidata.org/entity/Q56367163,0,924,,51.621084,66.423998
KAZ,Cazaquistão,Q13641707,http://www.wikidata.org/entity/Q56367164,0,140,,52.241039,66.371027
KAZ,Cazaquistão,Q13641705,http://www.wikidata.org/entity/Q56367171,0,465,,52.078178,66.068018
KAZ,Cazaquistão,Q13641709,http://www.wikidata.org/entity/Q2565577,0,9,,52.104401,66.219767
KAZ,Cazaquistão,Q13641870,http://www.wikidata.org/entity/Q56367288,0,1419,,52.753371,69.114421
KAZ,Cazaquistão,Q13643122,http://www.wikidata.org/entity/Q20098222,0,1168,,49.987105555556,61.486572222222
KAZ,Cazaquistão,Q13643121,http://www.wikidata.org/entity/Q20098103,0,951,,51.037188,61.659256
KAZ,Cazaquistão,Q13643755,http://www.wikidata.org/entity/Q477232,0,1529,,50.446897,57.042012
KAZ,Cazaquistão,Q13643752,http://www.wikidata.org/entity/Q477232,0,546,,50.273756,57.274574
KAZ,Cazaquistão,Q13643759,http://www.wikidata.org/entity/Q477232,0,188,,50.390361111111,57.071722222222
KAZ,Cazaquistão,Q13643757,http://www.wikidata.org/entity/Q477232,0,1276,,50.366111111111,57.131111111111
KAZ,Cazaquistão,Q13643763,http://www.wikidata.org/entity/Q477232,0,6486,,50.296524,57.075326
KAZ,Cazaquistão,Q13643761,http://www.wikidata.org/entity/Q477232,0,1804,,50.025397222222,58.7924
KAZ,Cazaquistão,Q13643767,http://www.wikidata.org/entity/Q477232,0,1109,,50.279476,56.9564
KAZ,Cazaquistão,Q13643791,http://www.wikidata.org/entity/Q2737272,0,705,,45.437944444444,79.378416666667
KAZ,Cazaquistão,Q13643795,http://www.wikidata.org/entity/Q2737272,0,170,,45.624474,79.484826
KAZ,Cazaquistão,Q13643793,http://www.wikidata.org/entity/Q2737272,0,781,,45.450905,79.489484
KAZ,Cazaquistão,Q13643798,http://www.wikidata.org/entity/Q2737272,0,693,,45.577935,79.559314
KAZ,Cazaquistão,Q13643799,http://www.wikidata.org/entity/Q2737272,0,252,,45.630389,79.440008
KAZ,Cazaquistão,Q13643803,http://www.wikidata.org/entity/Q2737272,0,220,,45.608787,79.564121
KAZ,Cazaquistão,Q13643801,http://www.wikidata.org/entity/Q2737272,0,75,,45.577991,79.392057
KAZ,Cazaquistão,Q13643806,http://www.wikidata.org/entity/Q2737272,0,136,,45.221338,79.421398
KAZ,Cazaquistão,Q13643805,http://www.wikidata.org/entity/Q2737272,0,69,,45.277015,79.364634
KAZ,Cazaquistão,Q13643810,http://www.wikidata.org/entity/Q2737272,0,1329,,45.414405,79.588018
KAZ,Cazaquistão,Q13643808,http://www.wikidata.org/entity/Q2737272,0,19,,45.665375,78.596995
KAZ,Cazaquistão,Q13643814,http://www.wikidata.org/entity/Q2737272,0,211,,45.383888888889,79.538055555556
KAZ,Cazaquistão,Q13643813,http://www.wikidata.org/entity/Q2737272,0,253,,45.479079,79.596628
KAZ,Cazaquistão,Q13645627,http://www.wikidata.org/entity/Q2556249,0,799,,45.799058,80.875749
KAZ,Cazaquistão,Q13645625,http://www.wikidata.org/entity/Q2556249,0,62,,46.41113,80.691469
KAZ,Cazaquistão,Q13645630,http://www.wikidata.org/entity/Q2556249,0,51,,45.592777777778,82.178333333333
KAZ,Cazaquistão,Q13645628,http://www.wikidata.org/entity/Q2556249,0,240,,45.78697,80.987255
KAZ,Cazaquistão,Q13645634,http://www.wikidata.org/entity/Q2556249,0,1355,,45.739446,80.620708
KAZ,Cazaquistão,Q13645635,http://www.wikidata.org/entity/Q2556249,0,506,,45.676803,80.606715
KAZ,Cazaquistão,Q13645632,http://www.wikidata.org/entity/Q2556249,0,70,,45.815723,81.719761
KAZ,Cazaquistão,Q13645639,http://www.wikidata.org/entity/Q2556249,0,1465,,46.165351,80.712502
KAZ,Cazaquistão,Q13645637,http://www.wikidata.org/entity/Q2556249,0,313,,45.680172,80.585429
KAZ,Cazaquistão,Q13645642,http://www.wikidata.org/entity/Q2556249,0,924,,46.215298,80.847289
KAZ,Cazaquistão,Q13645641,http://www.wikidata.org/entity/Q2556249,0,134,,46.304655,81.07287
KAZ,Cazaquistão,Q13645674,http://www.wikidata.org/entity/Q2556249,0,106,,45.645312,80.632043
KAZ,Cazaquistão,Q13645678,http://www.wikidata.org/entity/Q2556249,0,106,,45.589395,80.861338
KAZ,Cazaquistão,Q13645676,http://www.wikidata.org/entity/Q2556249,0,79,,45.576471,80.726209
KAZ,Cazaquistão,Q13645682,http://www.wikidata.org/entity/Q2556249,0,92,,45.844185,80.694125
KAZ,Cazaquistão,Q13645680,http://www.wikidata.org/entity/Q2556249,0,2100,,45.828147222222,80.705569444444
KAZ,Cazaquistão,Q13645685,http://www.wikidata.org/entity/Q2556249,0,2682,,45.815841666667,81.085422222222
KAZ,Cazaquistão,Q13645691,http://www.wikidata.org/entity/Q2556249,0,529,,46.05672,81.041952
KAZ,Cazaquistão,Q13645689,http://www.wikidata.org/entity/Q2556249,0,130,,45.802408,81.335877
KAZ,Cazaquistão,Q13645717,http://www.wikidata.org/entity/Q16692227,0,161,,44.836998,76.195657
KAZ,Cazaquistão,Q13645777,http://www.wikidata.org/entity/Q16692061,0,1717,,43.51792,78.354758
KAZ,Cazaquistão,Q13645782,http://www.wikidata.org/entity/Q16692290,0,3049,,43.504228,77.541736
KAZ,Cazaquistão,Q13645784,http://www.wikidata.org/entity/Q16692290,0,1260,,43.497194,77.517173
KAZ,Cazaquistão,Q13645791,http://www.wikidata.org/entity/Q16692290,0,390,,43.516388888889,77.435555555556
KAZ,Cazaquistão,Q13645788,http://www.wikidata.org/entity/Q16692290,0,1296,,43.48288,77.464498
KAZ,Cazaquistão,Q13645789,http://www.wikidata.org/entity/Q16692290,0,290,,43.581111111111,77.569722222222
KAZ,Cazaquistão,Q13645793,http://www.wikidata.org/entity/Q16692934,0,4355,,43.406527,77.423049
KAZ,Cazaquistão,Q13645799,http://www.wikidata.org/entity/Q16699121,0,1060,,43.54959,77.281624
KAZ,Cazaquistão,Q13645796,http://www.wikidata.org/entity/Q16692934,0,1972,,43.390929,77.486009
KAZ,Cazaquistão,Q13645797,http://www.wikidata.org/entity/Q16699121,0,3561,,43.443018,77.255499
KAZ,Cazaquistão,Q13645802,http://www.wikidata.org/entity/Q16699121,0,2052,,43.498888888889,77.260833333333
KAZ,Cazaquistão,Q13645805,http://www.wikidata.org/entity/Q2556225,0,3709,,43.354987,77.489556
KAZ,Cazaquistão,Q13645810,http://www.wikidata.org/entity/Q16702066,0,3623,,43.364663,77.51311
KAZ,Cazaquistão,Q13645814,http://www.wikidata.org/entity/Q4107909,0,3050,,43.51894,77.774123
KAZ,Cazaquistão,Q13645812,http://www.wikidata.org/entity/Q16702066,0,2562,,43.385826,77.558447
KAZ,Cazaquistão,Q13645836,http://www.wikidata.org/entity/Q2556225,0,209,,43.539237,77.927264
KAZ,Cazaquistão,Q13645852,http://www.wikidata.org/entity/Q2556225,0,2944,,43.62,78.305277777778
KAZ,Cazaquistão,Q13645870,http://www.wikidata.org/entity/Q16714088,0,2391,,43.374722222222,77.360277777778
KAZ,Cazaquistão,Q13645873,http://www.wikidata.org/entity/Q16719235,0,2574,,43.476527,77.403439
KAZ,Cazaquistão,Q13645879,http://www.wikidata.org/entity/Q16719235,0,396,,43.453341,77.40695
KAZ,Cazaquistão,Q13645876,http://www.wikidata.org/entity/Q16719235,0,824,,43.492618,77.413702
KAZ,Cazaquistão,Q13645883,http://www.wikidata.org/entity/Q16719846,0,944,,43.610833333333,77.883611111111
KAZ,Cazaquistão,Q13645881,http://www.wikidata.org/entity/Q16719846,0,4443,,43.548194,77.872049
KAZ,Cazaquistão,Q13645887,http://www.wikidata.org/entity/Q16719846,0,1004,,43.629352,77.894028
KAZ,Cazaquistão,Q13645888,http://www.wikidata.org/entity/Q16720532,0,665,,43.349289,77.618405
KAZ,Cazaquistão,Q13645895,http://www.wikidata.org/entity/Q16723744,0,189,,43.583333333333,78.066666666667
KAZ,Cazaquistão,Q13645892,http://www.wikidata.org/entity/Q16723744,0,883,,43.591009,78.182232
KAZ,Cazaquistão,Q13645898,http://www.wikidata.org/entity/Q20098348,0,897,,45.750277777778,54.83
KAZ,Cazaquistão,Q13645914,http://www.wikidata.org/entity/Q16720749,0,1119,,43.246944444444,76.315277777778
KAZ,Cazaquistão,Q13648449,http://www.wikidata.org/entity/Q2550435,0,438,,44.854166666667,78.639444444444
KAZ,Cazaquistão,Q13648455,http://www.wikidata.org/entity/Q20098345,0,501,,48.505277777778,51.607777777778
KAZ,Cazaquistão,Q13648457,http://www.wikidata.org/entity/Q16691554,0,726,,43.351111111111,79.564722222222
KAZ,Cazaquistão,Q13648483,http://www.wikidata.org/entity/Q30973185,0,1109,,54.897687,70.627756
KAZ,Cazaquistão,Q13648481,http://www.wikidata.org/entity/Q30975161,0,94,,54.415784,70.819502
KAZ,Cazaquistão,Q13648491,http://www.wikidata.org/entity/Q30973185,0,151,,54.86584,70.568619
KAZ,Cazaquistão,Q13648488,http://www.wikidata.org/entity/Q30973185,0,188,,54.818146,70.734186
KAZ,Cazaquistão,Q13648494,http://www.wikidata.org/entity/Q30975168,0,781,,54.90055,70.033808
KAZ,Cazaquistão,Q13648497,http://www.wikidata.org/entity/Q30975168,0,345,,54.939716,70.221519
KAZ,Cazaquistão,Q13648502,http://www.wikidata.org/entity/Q30975168,0,82,,54.97983,70.095177
KAZ,Cazaquistão,Q13648510,http://www.wikidata.org/entity/Q30975165,0,169,,54.437655,70.750408
KAZ,Cazaquistão,Q13648509,http://www.wikidata.org/entity/Q30975165,0,625,,54.462405,70.732126
KAZ,Cazaquistão,Q13648513,http://www.wikidata.org/entity/Q30975165,0,166,,54.430565,70.634279
KAZ,Cazaquistão,Q13648543,http://www.wikidata.org/entity/Q30975167,0,78,,54.703747,70.670242
KAZ,Cazaquistão,Q13648540,http://www.wikidata.org/entity/Q30975167,0,603,,54.7625,70.506906944444
KAZ,Cazaquistão,Q13648546,http://www.wikidata.org/entity/Q30975167,0,114,,54.721497,70.668955
KAZ,Cazaquistão,Q13648551,http://www.wikidata.org/entity/Q30975167,0,162,,54.761977,70.618658
KAZ,Cazaquistão,Q13648549,http://www.wikidata.org/entity/Q30513,0,212,,54.66579,70.360222
KAZ,Cazaquistão,Q13648554,http://www.wikidata.org/entity/Q30973184,0,592,,54.481558,70.512657
KAZ,Cazaquistão,Q13648557,http://www.wikidata.org/entity/Q30973184,0,190,,54.551309,70.420561
KAZ,Cazaquistão,Q13648560,http://www.wikidata.org/entity/Q30973183,0,2078,,54.431613,70.342369
KAZ,Cazaquistão,Q13648567,http://www.wikidata.org/entity/Q30973183,0,500,,54.496913,70.346918
KAZ,Cazaquistão,Q13648569,http://www.wikidata.org/entity/Q30973185,0,428,,54.972983,70.546389
KAZ,Cazaquistão,Q13648582,http://www.wikidata.org/entity/Q30973175,0,809,,54.095644,70.795898
KAZ,Cazaquistão,Q13648587,http://www.wikidata.org/entity/Q30513,0,116,,54.655116,70.558491
KAZ,Cazaquistão,Q13648589,http://www.wikidata.org/entity/Q30973180,0,1492,,54.861641,69.918194
KAZ,Cazaquistão,Q13648595,http://www.wikidata.org/entity/Q30973180,0,221,,54.868161,70.119295
KAZ,Cazaquistão,Q13648597,http://www.wikidata.org/entity/Q30973180,0,165,,54.888802,70.111141
KAZ,Cazaquistão,Q13648625,http://www.wikidata.org/entity/Q16701398,0,579,,43.479722222222,80.432777777778
KAZ,Cazaquistão,Q13648629,http://www.wikidata.org/entity/Q16706140,0,1952,,43.502777777778,80.458611111111
KAZ,Cazaquistão,Q13648632,http://www.wikidata.org/entity/Q16706140,0,992,,43.5,80.533333333333
KAZ,Cazaquistão,Q13648643,http://www.wikidata.org/entity/Q30973177,0,308,,55.04,70.8875
KAZ,Cazaquistão,Q13648640,http://www.wikidata.org/entity/Q30973177,0,650,,55.040555555556,70.844722222222
KAZ,Cazaquistão,Q13648648,http://www.wikidata.org/entity/Q30973172,0,468,,55.130833333333,70.649722222222
KAZ,Cazaquistão,Q13648693,http://www.wikidata.org/entity/Q30973172,0,88,,55.184722222222,70.781944444444
KAZ,Cazaquistão,Q13648697,http://www.wikidata.org/entity/Q30975166,0,585,,55.030833333333,70.423888888889
KAZ,Cazaquistão,Q13648701,http://www.wikidata.org/entity/Q30975166,0,105,,54.996388888889,70.504444444444
KAZ,Cazaquistão,Q13648704,http://www.wikidata.org/entity/Q30975166,0,74,,55.098055555556,70.319722222222
KAZ,Cazaquistão,Q13648783,http://www.wikidata.org/entity/Q30513,0,100,,54.880853,70.927134
KAZ,Cazaquistão,Q13648879,http://www.wikidata.org/entity/Q186466,0,1710,,45.024208,78.264254
KAZ,Cazaquistão,Q13648883,http://www.wikidata.org/entity/Q186466,0,1157,,45.020123,78.161681
KAZ,Cazaquistão,Q13648881,http://www.wikidata.org/entity/Q186466,0,11465,,45.040509,78.434931
KAZ,Cazaquistão,Q13648886,http://www.wikidata.org/entity/Q491102,0,7118,,45.008434,78.320468
KAZ,Cazaquistão,Q13648890,http://www.wikidata.org/entity/Q186466,0,272,,44.979566,78.380035
KAZ,Cazaquistão,Q13649058,http://www.wikidata.org/entity/Q20098700,0,296,,47.041666666667,50.561944444444
KAZ,Cazaquistão,Q13649060,http://www.wikidata.org/entity/Q20098700,0,156,,47.446111111111,49.8875
KAZ,Cazaquistão,Q13649130,http://www.wikidata.org/entity/Q16431962,0,328,,46.705555555556,49.546944444444
KAZ,Cazaquistão,Q13649128,http://www.wikidata.org/entity/Q16431962,0,56,,46.6175,49.456944444444
KAZ,Cazaquistão,Q13649135,http://www.wikidata.org/entity/Q12556673,0,565,,46.546944444444,49.112777777778
KAZ,Cazaquistão,Q13649132,http://www.wikidata.org/entity/Q12556673,0,2065,,46.603611111111,49.136666666667
KAZ,Cazaquistão,Q13649139,http://www.wikidata.org/entity/Q16431488,0,95,,46.558055555556,49.183333333333
KAZ,Cazaquistão,Q13649143,http://www.wikidata.org/entity/Q16431488,0,60,,46.521666666667,49.105277777778
KAZ,Cazaquistão,Q13649141,http://www.wikidata.org/entity/Q16431488,0,123,,46.568611111111,49.217222222222
KAZ,Cazaquistão,Q13649145,http://www.wikidata.org/entity/Q12561372,0,1771,,46.502105555556,48.9135
KAZ,Cazaquistão,Q13649150,http://www.wikidata.org/entity/Q16434395,0,364,,47.9926,47.817852777778
KAZ,Cazaquistão,Q13649148,http://www.wikidata.org/entity/Q16434395,0,2113,,48.132222222222,47.673888888889
KAZ,Cazaquistão,Q13649152,http://www.wikidata.org/entity/Q16434395,0,358,,48.165555555556,47.6325
KAZ,Cazaquistão,Q13649153,http://www.wikidata.org/entity/Q16434395,0,573,,48.096666666667,47.360833333333
KAZ,Cazaquistão,Q13649159,http://www.wikidata.org/entity/Q20098189,0,578,,47.907222222222,48.442777777778
KAZ,Cazaquistão,Q13649157,http://www.wikidata.org/entity/Q12570486,0,351,,46.5649,48.680952777778
KAZ,Cazaquistão,Q13649161,http://www.wikidata.org/entity/Q12527314,0,376,,47.820833333333,47.278611111111
KAZ,Cazaquistão,Q13649286,http://www.wikidata.org/entity/Q30973015,0,465,,54.350555555556,67.722222222222
KAZ,Cazaquistão,Q13649431,http://www.wikidata.org/entity/Q30972933,0,700,,54.354722222222,68.341944444444
KAZ,Cazaquistão,Q13649433,http://www.wikidata.org/entity/Q30973015,0,665,,54.395,67.895277777778
KAZ,Cazaquistão,Q13649438,http://www.wikidata.org/entity/Q30975134,0,138,,54.246572,67.974129
KAZ,Cazaquistão,Q13649442,http://www.wikidata.org/entity/Q30975135,0,276,,54.242159,68.10236
KAZ,Cazaquistão,Q13649441,http://www.wikidata.org/entity/Q30975135,0,163,,54.350704,68.021679
KAZ,Cazaquistão,Q13649444,http://www.wikidata.org/entity/Q30975135,0,42,,54.199497,68.106005
KAZ,Cazaquistão,Q13649578,http://www.wikidata.org/entity/Q22203874,0,2026,,48.948333333333,53.547777777778
KAZ,Cazaquistão,Q13649582,http://www.wikidata.org/entity/Q30972933,0,80,,54.384956,68.423023
KAZ,Cazaquistão,Q13649587,http://www.wikidata.org/entity/Q30972933,0,46,,54.44524,68.524389
KAZ,Cazaquistão,Q13649584,http://www.wikidata.org/entity/Q30972933,0,174,,54.431813,68.358307
KAZ,Cazaquistão,Q13649762,http://www.wikidata.org/entity/Q30975078,0,235,,54.366708,67.170496
KAZ,Cazaquistão,Q13649760,http://www.wikidata.org/entity/Q30975078,0,582,,54.385506,67.379322
KAZ,Cazaquistão,Q13649789,http://www.wikidata.org/entity/Q20098564,0,233,,48.854444444444,53.233333333333
KAZ,Cazaquistão,Q13649852,http://www.wikidata.org/entity/Q22202386,0,866,,48.568055555556,53.4475
KAZ,Cazaquistão,Q13649870,http://www.wikidata.org/entity/Q30975078,0,644,,54.318676,67.464895
KAZ,Cazaquistão,Q13649868,http://www.wikidata.org/entity/Q30972538,0,3106,,54.368611111111,66.978611111111
KAZ,Cazaquistão,Q13649945,http://www.wikidata.org/entity/Q20098230,0,2429,,47.453055555556,51.790277777778
KAZ,Cazaquistão,Q13649951,http://www.wikidata.org/entity/Q16431865,0,662,,47.499166666667,51.739166666667
KAZ,Cazaquistão,Q13649954,http://www.wikidata.org/entity/Q16431865,0,1900,,47.504166666667,51.718611111111
KAZ,Cazaquistão,Q13649959,http://www.wikidata.org/entity/Q12542212,0,761,,47.703333333333,51.636944444444
KAZ,Cazaquistão,Q13649956,http://www.wikidata.org/entity/Q12543053,0,1246,,47.610277777778,51.610277777778
KAZ,Cazaquistão,Q13649962,http://www.wikidata.org/entity/Q12542212,0,272,,47.538611111111,51.734444444444
KAZ,Cazaquistão,Q13649963,http://www.wikidata.org/entity/Q12542212,0,1322,,47.636111111111,51.65
KAZ,Cazaquistão,Q13649965,http://www.wikidata.org/entity/Q16434774,0,114,,47.234722222222,51.434722222222
KAZ,Cazaquistão,Q13649971,http://www.wikidata.org/entity/Q16434774,0,185,,47.587222222222,51.359444444444
KAZ,Cazaquistão,Q13649974,http://www.wikidata.org/entity/Q16434774,0,200,,47.474722222222,51.462222222222
KAZ,Cazaquistão,Q13649977,http://www.wikidata.org/entity/Q16434774,0,1913,,47.549166666667,51.515277777778
KAZ,Cazaquistão,Q13649982,http://www.wikidata.org/entity/Q20098147,0,71,,47.992222222222,51.624444444444
KAZ,Cazaquistão,Q13649985,http://www.wikidata.org/entity/Q20098147,0,57,,47.884722222222,51.589166666667
KAZ,Cazaquistão,Q13649991,http://www.wikidata.org/entity/Q20098230,0,871,,47.341666666667,51.878333333333
KAZ,Cazaquistão,Q13650000,http://www.wikidata.org/entity/Q30972538,0,322,,54.277303,66.796274
KAZ,Cazaquistão,Q13650007,http://www.wikidata.org/entity/Q35902,0,80,,54.33184,67.073014
KAZ,Cazaquistão,Q13650010,http://www.wikidata.org/entity/Q30975079,0,246,,54.141172,66.983728
KAZ,Cazaquistão,Q13650015,http://www.wikidata.org/entity/Q30975079,0,72,,54.226407,66.94253
KAZ,Cazaquistão,Q13645912,http://www.wikidata.org/entity/Q16699091,0,576,,43.139255555556,76.226355555556
KAZ,Cazaquistão,Q13645974,http://www.wikidata.org/entity/Q16723825,0,1869,,43.148333333333,75.921944444444
KAZ,Cazaquistão,Q13645978,http://www.wikidata.org/entity/Q13589438,0,92,,43.552852777778,75.468805555556
KAZ,Cazaquistão,Q13645976,http://www.wikidata.org/entity/Q16721013,0,1884,,43.27,76.024166666667
KAZ,Cazaquistão,Q13645986,http://www.wikidata.org/entity/Q16701013,0,1241,,43.198333333333,76.270555555556
KAZ,Cazaquistão,Q13645985,http://www.wikidata.org/entity/Q13589438,0,1614,,43.566666666667,75.281944444444
KAZ,Cazaquistão,Q13645991,http://www.wikidata.org/entity/Q16700971,0,861,,43.12,76.111388888889
KAZ,Cazaquistão,Q13645988,http://www.wikidata.org/entity/Q16701013,0,599,,43.217777777778,76.253055555556
KAZ,Cazaquistão,Q13645993,http://www.wikidata.org/entity/Q16699091,0,585,,43.200555555556,76.168611111111
KAZ,Cazaquistão,Q13646057,http://www.wikidata.org/entity/Q2556317,0,1181,,44.395277777778,77.661666666667
KAZ,Cazaquistão,Q13646084,http://www.wikidata.org/entity/Q2556317,0,353,,44.320833333333,78.213055555556
KAZ,Cazaquistão,Q13646089,http://www.wikidata.org/entity/Q2556317,0,550,,44.06,78.741388888889
KAZ,Cazaquistão,Q13646102,http://www.wikidata.org/entity/Q2556317,0,38,,44.225277777778,77.522222222222
KAZ,Cazaquistão,Q13646106,http://www.wikidata.org/entity/Q2556317,0,214,,44.275,77.564444444444
KAZ,Cazaquistão,Q13646104,http://www.wikidata.org/entity/Q2556317,0,75,,44.261388888889,77.530277777778
KAZ,Cazaquistão,Q13646111,http://www.wikidata.org/entity/Q2556317,0,48,,44.215277777778,77.703888888889
KAZ,Cazaquistão,Q13646108,http://www.wikidata.org/entity/Q2556317,0,13,,44.278333333333,77.618611111111
KAZ,Cazaquistão,Q13646186,http://www.wikidata.org/entity/Q2556317,0,442,,44.277777777778,78.194166666667
KAZ,Cazaquistão,Q13646198,http://www.wikidata.org/entity/Q2550342,0,917,,45.024722222222,78.017777777778
KAZ,Cazaquistão,Q13646239,http://www.wikidata.org/entity/Q2550398,0,1519,,44.946597222222,78.0923
KAZ,Cazaquistão,Q13646244,http://www.wikidata.org/entity/Q2550398,0,367,,44.973055555556,78.115277777778
KAZ,Cazaquistão,Q13646263,http://www.wikidata.org/entity/Q2550398,0,84,,44.893055555556,77.888333333333
KAZ,Cazaquistão,Q13646265,http://www.wikidata.org/entity/Q2550398,0,371,,44.847777777778,77.878888888889
KAZ,Cazaquistão,Q13646270,http://www.wikidata.org/entity/Q2550398,0,857,,44.893333333333,78.056111111111
KAZ,Cazaquistão,Q13646268,http://www.wikidata.org/entity/Q2550398,0,52,,44.745555555556,77.893611111111
KAZ,Cazaquistão,Q13646274,http://www.wikidata.org/entity/Q2550398,0,348,,44.632139,78.342991
KAZ,Cazaquistão,Q13646675,http://www.wikidata.org/entity/Q2556261,0,2654,,44.170747222222,80.077952777778
KAZ,Cazaquistão,Q13646679,http://www.wikidata.org/entity/Q2556261,0,348,,43.983888888889,79.879722222222
KAZ,Cazaquistão,Q13646677,http://www.wikidata.org/entity/Q2556261,0,4194,,44.111388888889,79.8725
KAZ,Cazaquistão,Q13646682,http://www.wikidata.org/entity/Q2556261,0,700,,44.115277777778,79.950277777778
KAZ,Cazaquistão,Q13646681,http://www.wikidata.org/entity/Q2556261,0,3407,,44.0875,79.966666666667
KAZ,Cazaquistão,Q13646686,http://www.wikidata.org/entity/Q2556261,0,1920,,44.216388888889,80.019444444444
KAZ,Cazaquistão,Q13646684,http://www.wikidata.org/entity/Q2556261,0,83,,44.002777777778,79.993055555556
KAZ,Cazaquistão,Q13646690,http://www.wikidata.org/entity/Q2556261,0,514,,44.384166666667,80.15
KAZ,Cazaquistão,Q13646688,http://www.wikidata.org/entity/Q2556261,0,757,,44.255277777778,80.096666666667
KAZ,Cazaquistão,Q13646693,http://www.wikidata.org/entity/Q2556261,0,1498,,44.263888888889,80.141388888889
KAZ,Cazaquistão,Q13646696,http://www.wikidata.org/entity/Q2556261,0,247,,43.951666666667,79.8075
KAZ,Cazaquistão,Q13646697,http://www.wikidata.org/entity/Q2556261,0,597,,43.988055555556,79.617777777778
KAZ,Cazaquistão,Q13646704,http://www.wikidata.org/entity/Q2556235,0,1377,,42.945277777778,79.124166666667
KAZ,Cazaquistão,Q13646742,http://www.wikidata.org/entity/Q2556235,0,3691,,43.044444444444,78.642222222222
KAZ,Cazaquistão,Q13646747,http://www.wikidata.org/entity/Q2556235,0,277,,42.822777777778,80.234444444444
KAZ,Cazaquistão,Q13646939,http://www.wikidata.org/entity/Q16718600,0,1854,,42.876944444444,80.368055555556
KAZ,Cazaquistão,Q13647307,http://www.wikidata.org/entity/Q2556173,0,194,,45.676322,80.153074
KAZ,Cazaquistão,Q13647311,http://www.wikidata.org/entity/Q2556173,0,2592,,45.382536111111,80.132266666667
KAZ,Cazaquistão,Q13647309,http://www.wikidata.org/entity/Q2556173,0,288,,45.706899,80.134964
KAZ,Cazaquistão,Q13647389,http://www.wikidata.org/entity/Q16700620,0,275,,43.455255555556,77.062452777778
KAZ,Cazaquistão,Q13647394,http://www.wikidata.org/entity/Q16700620,0,504,,43.477552777778,77.078252777778
KAZ,Cazaquistão,Q13647399,http://www.wikidata.org/entity/Q16700620,0,176,,43.512098,77.109012
KAZ,Cazaquistão,Q13647400,http://www.wikidata.org/entity/Q16700620,0,278,,43.50318,77.136379
KAZ,Cazaquistão,Q13647404,http://www.wikidata.org/entity/Q16697107,0,7104,,43.350648,77.053542
KAZ,Cazaquistão,Q13647847,http://www.wikidata.org/entity/Q16701439,0,2157,,43.328888888889,79.478333333333
KAZ,Cazaquistão,Q13647853,http://www.wikidata.org/entity/Q16720629,0,272,,43.643611111111,79.6875
KAZ,Cazaquistão,Q13647856,http://www.wikidata.org/entity/Q16718602,0,3545,,43.321944444444,79.4175
KAZ,Cazaquistão,Q13647857,http://www.wikidata.org/entity/Q30975060,0,304,,53.165277777778,67.967222222222
KAZ,Cazaquistão,Q13647863,http://www.wikidata.org/entity/Q2029854,0,32,,53.095158,68.145004
KAZ,Cazaquistão,Q13647861,http://www.wikidata.org/entity/Q30972474,0,124,,53.171987,68.065353
KAZ,Cazaquistão,Q13647871,http://www.wikidata.org/entity/Q30972474,0,81,,53.340765,68.207145
KAZ,Cazaquistão,Q13647868,http://www.wikidata.org/entity/Q30972474,0,382,,53.270346,68.211179
KAZ,Cazaquistão,Q13647874,http://www.wikidata.org/entity/Q2029854,0,327,,53.2628,67.931371
KAZ,Cazaquistão,Q13647945,http://www.wikidata.org/entity/Q30972484,0,138,,53.526125,67.818933
KAZ,Cazaquistão,Q13647950,http://www.wikidata.org/entity/Q2029854,0,16,,53.544796,67.932573
KAZ,Cazaquistão,Q13647948,http://www.wikidata.org/entity/Q2029854,0,30,,53.530615,67.898326
KAZ,Cazaquistão,Q13647953,http://www.wikidata.org/entity/Q30972484,0,353,,53.698485,68.268858
KAZ,Cazaquistão,Q13647995,http://www.wikidata.org/entity/Q30975060,0,211,,53.006111111111,67.693611111111
KAZ,Cazaquistão,Q13648259,http://www.wikidata.org/entity/Q30975225,0,776,,53.608803,71.47542
KAZ,Cazaquistão,Q13648430,http://www.wikidata.org/entity/Q2550435,0,696,,44.985277777778,78.675555555556
KAZ,Cazaquistão,Q13648428,http://www.wikidata.org/entity/Q2550435,0,186,,44.911944444444,78.650833333333
KAZ,Cazaquistão,Q13648434,http://www.wikidata.org/entity/Q2550435,0,1897,,44.888305555556,78.707905555556
KAZ,Cazaquistão,Q13648432,http://www.wikidata.org/entity/Q2550435,0,288,,45.018402777778,78.807502777778
KAZ,Cazaquistão,Q13648436,http://www.wikidata.org/entity/Q2550435,0,624,,44.933455555556,78.722
KAZ,Cazaquistão,Q13648437,http://www.wikidata.org/entity/Q2550435,0,1216,,45.140277777778,78.716944444444
KAZ,Cazaquistão,Q13648441,http://www.wikidata.org/entity/Q2550435,0,370,,45.099722222222,78.708611111111
KAZ,Cazaquistão,Q13648446,http://www.wikidata.org/entity/Q2550435,0,1576,,44.870452777778,78.621155555556
KAZ,Cazaquistão,Q13648444,http://www.wikidata.org/entity/Q2550435,0,2059,,44.857605555556,78.680508333333
KAZ,Cazaquistão,Q13648451,http://www.wikidata.org/entity/Q2550435,0,159,,44.901944444444,78.650277777778
KAZ,Cazaquistão,Q13650012,http://www.wikidata.org/entity/Q30975079,0,323,,54.112805,66.786575
KAZ,Cazaquistão,Q13650017,http://www.wikidata.org/entity/Q3615618,0,198,,54.282915,67.072906
KAZ,Cazaquistão,Q13650021,http://www.wikidata.org/entity/Q30975079,0,478,,54.20101,66.98287
KAZ,Cazaquistão,Q13650052,http://www.wikidata.org/entity/Q2556261,0,875,,44.222352777778,80.380002777778
KAZ,Cazaquistão,Q13650103,http://www.wikidata.org/entity/Q4361580,0,570,,54.775791,67.337351
KAZ,Cazaquistão,Q13650106,http://www.wikidata.org/entity/Q35902,0,89,,54.81137,67.480688
KAZ,Cazaquistão,Q13650111,http://www.wikidata.org/entity/Q30972539,0,710,,54.737159,67.617674
KAZ,Cazaquistão,Q13650108,http://www.wikidata.org/entity/Q35902,0,58,,54.788017,67.344053
KAZ,Cazaquistão,Q13650115,http://www.wikidata.org/entity/Q30972539,0,115,,54.772573,67.830019
KAZ,Cazaquistão,Q13650425,http://www.wikidata.org/entity/Q186466,0,792,,44.078522,77.411849
KAZ,Cazaquistão,Q13650428,http://www.wikidata.org/entity/Q186466,0,745,,44.429413,77.469982
KAZ,Cazaquistão,Q13650435,http://www.wikidata.org/entity/Q186466,0,55,,44.037288,77.774595
KAZ,Cazaquistão,Q13650432,http://www.wikidata.org/entity/Q186466,0,31,,44.007254,77.319469
KAZ,Cazaquistão,Q13650442,http://www.wikidata.org/entity/Q35902,0,65,,54.574549,66.83773
KAZ,Cazaquistão,Q13650445,http://www.wikidata.org/entity/Q30975081,0,279,,54.592854,66.704521
KAZ,Cazaquistão,Q13650450,http://www.wikidata.org/entity/Q30953476,0,935,,54.037165,66.371241
KAZ,Cazaquistão,Q13650448,http://www.wikidata.org/entity/Q30975081,0,105,,54.585742,66.635084
KAZ,Cazaquistão,Q13650519,http://www.wikidata.org/entity/Q30975084,0,243,,54.59171,67.154274
KAZ,Cazaquistão,Q13650516,http://www.wikidata.org/entity/Q30975084,0,344,,54.49467,66.975231
KAZ,Cazaquistão,Q13650525,http://www.wikidata.org/entity/Q30972539,0,452,,54.661968,67.408676
KAZ,Cazaquistão,Q13650528,http://www.wikidata.org/entity/Q30972539,0,208,,54.695117,67.45554
KAZ,Cazaquistão,Q13650551,http://www.wikidata.org/entity/Q30975089,0,291,,54.234033,66.237602
KAZ,Cazaquistão,Q13650548,http://www.wikidata.org/entity/Q30975089,0,603,,54.27174,66.232452
KAZ,Cazaquistão,Q13650555,http://www.wikidata.org/entity/Q30975089,0,162,,54.254144,66.353989
KAZ,Cazaquistão,Q13651519,http://www.wikidata.org/entity/Q30975086,0,132,,54.661819,66.490017
KAZ,Cazaquistão,Q13651517,http://www.wikidata.org/entity/Q30975086,0,548,,54.621984,66.512762
KAZ,Cazaquistão,Q13651522,http://www.wikidata.org/entity/Q30975086,0,185,,54.509124,66.516967
KAZ,Cazaquistão,Q13651521,http://www.wikidata.org/entity/Q30975086,0,176,,54.592605,66.457744
KAZ,Cazaquistão,Q13651583,http://www.wikidata.org/entity/Q30972542,0,74,,54.631971,66.247631
KAZ,Cazaquistão,Q13651581,http://www.wikidata.org/entity/Q30972542,0,286,,54.554296,66.51459
KAZ,Cazaquistão,Q13651586,http://www.wikidata.org/entity/Q30972542,0,225,,54.500652,66.353288
KAZ,Cazaquistão,Q13651585,http://www.wikidata.org/entity/Q35902,0,25,,54.634356,66.368309
KAZ,Cazaquistão,Q13651590,http://www.wikidata.org/entity/Q30975078,0,296,,54.25615,67.288929
KAZ,Cazaquistão,Q13651588,http://www.wikidata.org/entity/Q30972544,0,215,,54.452377,67.473708
KAZ,Cazaquistão,Q13651592,http://www.wikidata.org/entity/Q35902,0,0,,54.535526,66.242481
KAZ,Cazaquistão,Q13651638,http://www.wikidata.org/entity/Q30972516,0,189,,53.581907,67.30754
KAZ,Cazaquistão,Q13651637,http://www.wikidata.org/entity/Q30975070,0,973,,53.731388888889,67.754722222222
KAZ,Cazaquistão,Q13651702,http://www.wikidata.org/entity/Q20082158,0,181,,50.0625,50.748333333333
KAZ,Cazaquistão,Q13651700,http://www.wikidata.org/entity/Q20092736,0,856,,48.818055555556,51.864444444444
KAZ,Cazaquistão,Q13651706,http://www.wikidata.org/entity/Q20082158,0,1043,,49.934318,51.311288
KAZ,Cazaquistão,Q13651704,http://www.wikidata.org/entity/Q20082158,0,367,,50.091944444444,51.276666666667
KAZ,Cazaquistão,Q13651708,http://www.wikidata.org/entity/Q20078445,0,840,,50.04,52.122222222222
KAZ,Cazaquistão,Q13651712,http://www.wikidata.org/entity/Q20078445,0,1257,,50.158611111111,51.83
KAZ,Cazaquistão,Q13651716,http://www.wikidata.org/entity/Q16431984,0,1992,,49.627222222222,51.603055555556
KAZ,Cazaquistão,Q13651724,http://www.wikidata.org/entity/Q20076749,0,304,,50.043055555556,50.571944444444
KAZ,Cazaquistão,Q13651779,http://www.wikidata.org/entity/Q20072648,0,131,,51.008273,53.096101
KAZ,Cazaquistão,Q13651783,http://www.wikidata.org/entity/Q16433669,0,2,,51.306666666667,53.582222222222
KAZ,Cazaquistão,Q13651787,http://www.wikidata.org/entity/Q16433669,0,439,,51.389722222222,53.507222222222
KAZ,Cazaquistão,Q13651784,http://www.wikidata.org/entity/Q20074174,0,36,,51.371111111111,52.768611111111
KAZ,Cazaquistão,Q13651886,http://www.wikidata.org/entity/Q20098196,0,2605,,46.994444444444,51.812777777778
KAZ,Cazaquistão,Q13651884,http://www.wikidata.org/entity/Q427658,0,3333,,47.021198,51.807997
KAZ,Cazaquistão,Q13651889,http://www.wikidata.org/entity/Q20098196,0,2015,,46.978611111111,51.7875
KAZ,Cazaquistão,Q13651903,http://www.wikidata.org/entity/Q20098303,0,1152,,46.9575,51.746111111111
KAZ,Cazaquistão,Q13651905,http://www.wikidata.org/entity/Q20098303,0,1814,,46.957777777778,51.76
KAZ,Cazaquistão,Q13651916,http://www.wikidata.org/entity/Q20098524,0,2971,,47.03,51.906666666667
KAZ,Cazaquistão,Q13651922,http://www.wikidata.org/entity/Q30975070,0,161,,53.754699,67.956863
KAZ,Cazaquistão,Q13651920,http://www.wikidata.org/entity/Q30975070,0,231,,53.832574,67.885624
KAZ,Cazaquistão,Q13652074,http://www.wikidata.org/entity/Q20078405,0,109,,49.383888888889,47.823055555556
KAZ,Cazaquistão,Q13652072,http://www.wikidata.org/entity/Q20078405,0,111,,49.285555555556,47.796944444444
KAZ,Cazaquistão,Q13652078,http://www.wikidata.org/entity/Q12544045,0,1315,,50.22,47.809722222222
KAZ,Cazaquistão,Q13652076,http://www.wikidata.org/entity/Q20078405,0,754,,49.312222222222,47.675833333333
KAZ,Cazaquistão,Q13652083,http://www.wikidata.org/entity/Q20073857,0,615,,50.115555555556,47.426666666667
KAZ,Cazaquistão,Q13652081,http://www.wikidata.org/entity/Q20073857,0,339,,49.911388888889,47.341388888889
KAZ,Cazaquistão,Q13652114,http://www.wikidata.org/entity/Q30973093,0,465,,54.3439,69.174028
KAZ,Cazaquistão,Q13652116,http://www.wikidata.org/entity/Q30973093,0,91,,54.325684,69.471689
KAZ,Cazaquistão,Q13652214,http://www.wikidata.org/entity/Q30975155,0,1324,,54.469166666667,69.178333333333
KAZ,Cazaquistão,Q13652218,http://www.wikidata.org/entity/Q30973093,0,812,,54.27184,69.136005
KAZ,Cazaquistão,Q13652222,http://www.wikidata.org/entity/Q30975152,0,874,,54.550811,69.483362
KAZ,Cazaquistão,Q13652223,http://www.wikidata.org/entity/Q30975152,0,87,,54.626655,69.545589
KAZ,Cazaquistão,Q13652220,http://www.wikidata.org/entity/Q30973132,0,842,,54.509423,69.228616
KAZ,Cazaquistão,Q13652225,http://www.wikidata.org/entity/Q30975152,0,223,,54.490383,69.460617
KAZ,Cazaquistão,Q13652230,http://www.wikidata.org/entity/Q30973134,0,771,,54.199353,69.605928
KAZ,Cazaquistão,Q13652228,http://www.wikidata.org/entity/Q45705,0,127,,54.540804,69.563871
KAZ,Cazaquistão,Q13652451,http://www.wikidata.org/entity/Q2737304,0,390,,51.5756,52.08175
KAZ,Cazaquistão,Q13652453,http://www.wikidata.org/entity/Q2737304,0,214,,51.526388888889,52.064444444444
KAZ,Cazaquistão,Q13652462,http://www.wikidata.org/entity/Q2737304,0,585,,51.427222222222,51.538611111111
KAZ,Cazaquistão,Q13652463,http://www.wikidata.org/entity/Q2737304,0,99,,51.472777777778,51.4975
KAZ,Cazaquistão,Q13652471,http://www.wikidata.org/entity/Q20097579,0,87,,50.6675,51.105833333333
KAZ,Cazaquistão,Q13652475,http://www.wikidata.org/entity/Q12572263,0,435,,51.4525,52.466111111111
KAZ,Cazaquistão,Q13652473,http://www.wikidata.org/entity/Q20097579,0,166,,50.782777777778,51.110277777778
KAZ,Cazaquistão,Q16434331,http://www.wikidata.org/entity/Q2605432,0,3851,,41.797168,67.988412
KAZ,Cazaquistão,Q13652478,http://www.wikidata.org/entity/Q12572263,0,360,,51.54285,52.237205555556
KAZ,Cazaquistão,Q13652480,http://www.wikidata.org/entity/Q12572263,0,288,,51.562222222222,52.470555555556
KAZ,Cazaquistão,Q13652498,http://www.wikidata.org/entity/Q20077371,0,242,,49.848611111111,48.763888888889
KAZ,Cazaquistão,Q13652502,http://www.wikidata.org/entity/Q20077371,0,220,,49.780555555556,48.515555555556
KAZ,Cazaquistão,Q13652500,http://www.wikidata.org/entity/Q20077371,0,386,,49.707102777778,48.886605555556
KAZ,Cazaquistão,Q13652507,http://www.wikidata.org/entity/Q2736676,0,64,,49.902777777778,49.520833333333
KAZ,Cazaquistão,Q13652504,http://www.wikidata.org/entity/Q20072641,0,117,,49.900833333333,49.783055555556
KAZ,Cazaquistão,Q13652518,http://www.wikidata.org/entity/Q16432078,0,300,,50.577777777778,48.868333333333
KAZ,Cazaquistão,Q13652532,http://www.wikidata.org/entity/Q2736676,0,368,,49.637777777778,48.478888888889
KAZ,Cazaquistão,Q13652544,http://www.wikidata.org/entity/Q2736676,0,152,,49.284166666667,49.005277777778
KAZ,Cazaquistão,Q13652552,http://www.wikidata.org/entity/Q20077506,0,163,,50.130555555556,47.886388888889
KAZ,Cazaquistão,Q13652558,http://www.wikidata.org/entity/Q20077513,0,381,,49.507777777778,49.792222222222
KAZ,Cazaquistão,Q13652557,http://www.wikidata.org/entity/Q20077506,0,109,,49.966702777778,48.025452777778
KAZ,Cazaquistão,Q13652562,http://www.wikidata.org/entity/Q20077513,0,149,,49.698055555556,49.650555555556
KAZ,Cazaquistão,Q13652560,http://www.wikidata.org/entity/Q2736676,0,270,,49.637777777778,49.478888888889
KAZ,Cazaquistão,Q13652565,http://www.wikidata.org/entity/Q20077511,0,189,,49.960555555556,49.0775
KAZ,Cazaquistão,Q13653393,http://www.wikidata.org/entity/Q20097536,0,515,,50.828005,52.030893
KAZ,Cazaquistão,Q13653399,http://www.wikidata.org/entity/Q20097536,0,304,,50.83386,52.00523
KAZ,Cazaquistão,Q13653403,http://www.wikidata.org/entity/Q20097536,0,365,,50.798991,52.052523
KAZ,Cazaquistão,Q13653400,http://www.wikidata.org/entity/Q20097536,0,214,,50.705645,52.149254
KAZ,Cazaquistão,Q13653406,http://www.wikidata.org/entity/Q20097536,0,39,,50.833345,52.193978
KAZ,Cazaquistão,Q13653503,http://www.wikidata.org/entity/Q20077356,0,936,,50.816666666667,49.974444444444
KAZ,Cazaquistão,Q13653506,http://www.wikidata.org/entity/Q20093871,0,329,,51.128888888889,50.200277777778
KAZ,Cazaquistão,Q13653511,http://www.wikidata.org/entity/Q20091888,0,761,,51.056944444444,52.420555555556
KAZ,Cazaquistão,Q13653517,http://www.wikidata.org/entity/Q12570132,0,129,,50.784722222222,49.642777777778
KAZ,Cazaquistão,Q13653521,http://www.wikidata.org/entity/Q2736622,0,41,,50.975751,49.589575
KAZ,Cazaquistão,Q13653526,http://www.wikidata.org/entity/Q20093871,0,52,,51.218611111111,50.310277777778
KAZ,Cazaquistão,Q13653524,http://www.wikidata.org/entity/Q16432129,0,240,,50.915277777778,50.548333333333
KAZ,Cazaquistão,Q13653529,http://www.wikidata.org/entity/Q16432129,0,165,,51.022222222222,50.598888888889
KAZ,Cazaquistão,Q13653533,http://www.wikidata.org/entity/Q2736622,0,69,,51.047852777778,49.955905555556
KAZ,Cazaquistão,Q13653536,http://www.wikidata.org/entity/Q20072650,0,38,,51.071666666667,50.063888888889
KAZ,Cazaquistão,Q13653555,http://www.wikidata.org/entity/Q387436,0,18,,50.749803,49.214605
KAZ,Cazaquistão,Q13653558,http://www.wikidata.org/entity/Q20076477,0,128,,51.180555555556,50.143333333333
KAZ,Cazaquistão,Q13653561,http://www.wikidata.org/entity/Q387436,0,10,,50.649166666667,49.399722222222
KAZ,Cazaquistão,Q13653564,http://www.wikidata.org/entity/Q20076477,0,208,,51.122777777778,50.008611111111
KAZ,Cazaquistão,Q13653569,http://www.wikidata.org/entity/Q20082162,0,730,,50.767082,49.336932
KAZ,Cazaquistão,Q13653573,http://www.wikidata.org/entity/Q387436,0,25,,50.541022,50.269786
KAZ,Cazaquistão,Q13653577,http://www.wikidata.org/entity/Q20077356,0,69,,50.618611111111,49.909444444444
KAZ,Cazaquistão,Q13653582,http://www.wikidata.org/entity/Q387436,0,8,,50.513055555556,49.788611111111
KAZ,Cazaquistão,Q13653580,http://www.wikidata.org/entity/Q12576035,0,104,,50.848611111111,50.2925
KAZ,Cazaquistão,Q13653585,http://www.wikidata.org/entity/Q20077356,0,57,,50.868888888889,50.023333333333
KAZ,Cazaquistão,Q13653588,http://www.wikidata.org/entity/Q2736622,0,134,,50.773611111111,49.925
KAZ,Cazaquistão,Q13653594,http://www.wikidata.org/entity/Q20092156,0,6461,,51.1475,51.488055555556
KAZ,Cazaquistão,Q13653597,http://www.wikidata.org/entity/Q30973267,0,393,,53.795555555556,69.715555555556
KAZ,Cazaquistão,Q13653609,http://www.wikidata.org/entity/Q30975181,0,780,,53.631,70.114904
KAZ,Cazaquistão,Q13655702,http://www.wikidata.org/entity/Q2360606,0,1720,,43.478055555556,80.165833333333
KAZ,Cazaquistão,Q13655705,http://www.wikidata.org/entity/Q2466404,0,6532,,43.403495,77.007391
KAZ,Cazaquistão,Q13655711,http://www.wikidata.org/entity/Q12555435,0,362,,47.927222222222,54.218888888889
KAZ,Cazaquistão,Q13655708,http://www.wikidata.org/entity/Q41229,0,14,,54.149115,68.540182
KAZ,Cazaquistão,Q13655721,http://www.wikidata.org/entity/Q30973141,0,141,,54.101684,69.633222
KAZ,Cazaquistão,Q13655770,http://www.wikidata.org/entity/Q30973291,0,3274,,53.625277777778,70.430555555556
KAZ,Cazaquistão,Q13662941,http://www.wikidata.org/entity/Q2549636,0,1098,,43.193333333333,71.622777777778
KAZ,Cazaquistão,Q13663013,http://www.wikidata.org/entity/Q486545,0,6475,,42.83,71.303611111111
KAZ,Cazaquistão,Q13663016,http://www.wikidata.org/entity/Q2549654,0,1443,,43.081944444444,71.2025
KAZ,Cazaquistão,Q13663119,http://www.wikidata.org/entity/Q2549660,0,3646,,42.684722222222,70.836388888889
KAZ,Cazaquistão,Q13663186,http://www.wikidata.org/entity/Q486545,0,182,,42.824444444444,71.353611111111
KAZ,Cazaquistão,Q13663184,http://www.wikidata.org/entity/Q2549654,0,4500,,42.846666666667,71.408055555556
KAZ,Cazaquistão,Q13663188,http://www.wikidata.org/entity/Q486545,0,260,,42.811388888889,71.2825
KAZ,Cazaquistão,Q13663350,http://www.wikidata.org/entity/Q486545,0,638,,42.833552777778,71.208402777778
KAZ,Cazaquistão,Q13663354,http://www.wikidata.org/entity/Q486545,0,3197,,42.791388888889,71.276111111111
KAZ,Cazaquistão,Q13663352,http://www.wikidata.org/entity/Q486545,0,569,,42.850277777778,71.368055555556
KAZ,Cazaquistão,Q13663379,http://www.wikidata.org/entity/Q30973289,0,642,,53.935273,70.801021
KAZ,Cazaquistão,Q13663381,http://www.wikidata.org/entity/Q30973289,0,403,,53.867004,70.846683
KAZ,Cazaquistão,Q13663388,http://www.wikidata.org/entity/Q30973289,0,176,,53.798522,70.969764
KAZ,Cazaquistão,Q13663389,http://www.wikidata.org/entity/Q30975185,0,280,,54.2325,68.898333333333
KAZ,Cazaquistão,Q13663466,http://www.wikidata.org/entity/Q30975185,0,487,,54.052222222222,68.9475
KAZ,Cazaquistão,Q13663464,http://www.wikidata.org/entity/Q30975185,0,108,,54.1,68.905833333333
KAZ,Cazaquistão,Q13663482,http://www.wikidata.org/entity/Q30974972,0,943,,53.315833333333,66.095
KAZ,Cazaquistão,Q13663960,http://www.wikidata.org/entity/Q13377804,0,2092,,42.603831,70.762081
KAZ,Cazaquistão,Q13663970,http://www.wikidata.org/entity/Q13382426,0,568,,42.673888888889,70.56
KAZ,Cazaquistão,Q13663968,http://www.wikidata.org/entity/Q13382596,0,657,,42.591111111111,70.8575
KAZ,Cazaquistão,Q13663975,http://www.wikidata.org/entity/Q12576392,0,404,,42.656388888889,70.977222222222
KAZ,Cazaquistão,Q13663972,http://www.wikidata.org/entity/Q12576392,0,164,,42.664444444444,70.961666666667
KAZ,Cazaquistão,Q13663973,http://www.wikidata.org/entity/Q13382426,0,809,,42.708863888889,70.656647222222
KAZ,Cazaquistão,Q13663978,http://www.wikidata.org/entity/Q12550905,0,907,,42.664444444444,70.828055555556
KAZ,Cazaquistão,Q13663979,http://www.wikidata.org/entity/Q12576392,0,391,,42.595555555556,70.948333333333
KAZ,Cazaquistão,Q13663981,http://www.wikidata.org/entity/Q12550905,0,505,,42.670555555556,70.851111111111
KAZ,Cazaquistão,Q13663986,http://www.wikidata.org/entity/Q12550905,0,979,,42.630833333333,70.796111111111
KAZ,Cazaquistão,Q13663984,http://www.wikidata.org/entity/Q12576392,0,839,,42.663888888889,71.018888888889
KAZ,Cazaquistão,Q13663991,http://www.wikidata.org/entity/Q12550905,0,690,,42.6375,70.819722222222
KAZ,Cazaquistão,Q13663988,http://www.wikidata.org/entity/Q12576392,0,499,,42.652427777778,70.975594444444
KAZ,Cazaquistão,Q13663994,http://www.wikidata.org/entity/Q12550612,0,1933,,42.727777777778,70.512222222222
KAZ,Cazaquistão,Q13663993,http://www.wikidata.org/entity/Q12570050,0,438,,42.586944444444,70.628611111111
KAZ,Cazaquistão,Q13663997,http://www.wikidata.org/entity/Q12570050,0,92,,42.62,70.573055555556
KAZ,Cazaquistão,Q13664003,http://www.wikidata.org/entity/Q12574646,0,1983,,42.632,70.684997222222
KAZ,Cazaquistão,Q13664001,http://www.wikidata.org/entity/Q12570050,0,158,,42.552222222222,70.640833333333
KAZ,Cazaquistão,Q13664007,http://www.wikidata.org/entity/Q12574646,0,657,,42.648333333333,70.756944444444
KAZ,Cazaquistão,Q13664005,http://www.wikidata.org/entity/Q12570050,0,868,,42.53,70.668888888889
KAZ,Cazaquistão,Q13664010,http://www.wikidata.org/entity/Q12576103,0,275,,42.881666666667,70.333055555556
KAZ,Cazaquistão,Q13664009,http://www.wikidata.org/entity/Q12574646,0,357,,42.649166666667,70.670555555556
KAZ,Cazaquistão,Q13664014,http://www.wikidata.org/entity/Q12576103,0,305,,42.831944444444,70.365833333333
KAZ,Cazaquistão,Q13664012,http://www.wikidata.org/entity/Q12574646,0,138,,42.658055555556,70.715833333333
KAZ,Cazaquistão,Q13664018,http://www.wikidata.org/entity/Q12576103,0,1091,,42.845555555556,70.330555555556
KAZ,Cazaquistão,Q13664016,http://www.wikidata.org/entity/Q2549660,0,175,,42.667222222222,70.7275
KAZ,Cazaquistão,Q13664020,http://www.wikidata.org/entity/Q13382426,0,137,,42.714166666667,70.665833333333
KAZ,Cazaquistão,Q13664067,http://www.wikidata.org/entity/Q30975184,0,48,,53.856475,69.043651
KAZ,Cazaquistão,Q13664070,http://www.wikidata.org/entity/Q35899,0,33,,53.913945,69.221321
KAZ,Cazaquistão,Q13664069,http://www.wikidata.org/entity/Q35899,0,0,,53.951843,70.576158
KAZ,Cazaquistão,Q13664111,http://www.wikidata.org/entity/Q12553004,0,13606,,42.928888888889,75.301944444444
KAZ,Cazaquistão,Q13664155,http://www.wikidata.org/entity/Q35899,0,41,,54.026478,70.049844
KAZ,Cazaquistão,Q13664153,http://www.wikidata.org/entity/Q30973288,0,482,,53.993794,69.859729
KAZ,Cazaquistão,Q13664157,http://www.wikidata.org/entity/Q35899,0,5,,53.954116,69.907194
KAZ,Cazaquistão,Q13664170,http://www.wikidata.org/entity/Q12535345,0,388,,43.441944444444,74.614166666667
KAZ,Cazaquistão,Q13664168,http://www.wikidata.org/entity/Q12531028,0,337,,42.916388888889,75.080277777778
KAZ,Cazaquistão,Q13664174,http://www.wikidata.org/entity/Q12531028,0,1020,,42.9675,75.187777777778
KAZ,Cazaquistão,Q13664172,http://www.wikidata.org/entity/Q12543156,0,1228,,43.211388888889,74.561944444444
KAZ,Cazaquistão,Q13664178,http://www.wikidata.org/entity/Q16691674,0,169,,43.304722222222,74.726388888889
KAZ,Cazaquistão,Q13664176,http://www.wikidata.org/entity/Q16691674,0,605,,43.234722222222,74.7575
KAZ,Cazaquistão,Q13664182,http://www.wikidata.org/entity/Q13399094,0,2496,,43.423055555556,75.069444444444
KAZ,Cazaquistão,Q13664180,http://www.wikidata.org/entity/Q16691674,0,184,,43.314444444444,74.946388888889
KAZ,Cazaquistão,Q13664186,http://www.wikidata.org/entity/Q12575364,0,1208,,43.2763,74.388608333333
KAZ,Cazaquistão,Q13664187,http://www.wikidata.org/entity/Q12574616,0,2982,,42.916944444444,75.323333333333
KAZ,Cazaquistão,Q13664184,http://www.wikidata.org/entity/Q12575364,0,1485,,43.226111111111,74.395555555556
KAZ,Cazaquistão,Q13664190,http://www.wikidata.org/entity/Q13391501,0,3474,,42.836666666667,75.690833333333
KAZ,Cazaquistão,Q13664188,http://www.wikidata.org/entity/Q12574616,0,304,,42.924444444444,75.504166666667
KAZ,Cazaquistão,Q13664298,http://www.wikidata.org/entity/Q13415451,0,862,,42.909377777778,72.915219444444
KAZ,Cazaquistão,Q13664296,http://www.wikidata.org/entity/Q13415451,0,577,,42.933333333333,72.885555555556
KAZ,Cazaquistão,Q13664302,http://www.wikidata.org/entity/Q13415451,0,2454,,42.913466666667,72.857925
KAZ,Cazaquistão,Q13664300,http://www.wikidata.org/entity/Q13415451,0,430,,42.945833333333,72.853055555556
KAZ,Cazaquistão,Q13664307,http://www.wikidata.org/entity/Q12532446,0,514,,42.99,72.3225
KAZ,Cazaquistão,Q13664304,http://www.wikidata.org/entity/Q12544192,0,2446,,42.896944444444,72.991111111111
KAZ,Cazaquistão,Q13664311,http://www.wikidata.org/entity/Q13409209,0,867,,42.912216666667,72.805355555556
KAZ,Cazaquistão,Q13664309,http://www.wikidata.org/entity/Q12532446,0,2678,,42.991119444444,72.101211111111
KAZ,Cazaquistão,Q13664315,http://www.wikidata.org/entity/Q12576791,0,173,,42.885555555556,72.677777777778
KAZ,Cazaquistão,Q13664313,http://www.wikidata.org/entity/Q13409209,0,960,,42.912152777778,72.777255555556
KAZ,Cazaquistão,Q13664318,http://www.wikidata.org/entity/Q12543154,0,6633,,42.869444444444,73.152222222222
KAZ,Cazaquistão,Q13664322,http://www.wikidata.org/entity/Q30975185,0,25,,54.036666666667,69.177288333333
KAZ,Cazaquistão,Q13664323,http://www.wikidata.org/entity/Q30975185,0,89,,54.051075,68.990265
KAZ,Cazaquistão,Q13664374,http://www.wikidata.org/entity/Q12531722,0,82,,43.143611111111,73.377222222222
KAZ,Cazaquistão,Q13665022,http://www.wikidata.org/entity/Q30975027,0,66,,53.803692,66.52874
KAZ,Cazaquistão,Q13665026,http://www.wikidata.org/entity/Q30975023,0,541,,53.397046,66.622038
KAZ,Cazaquistão,Q13665031,http://www.wikidata.org/entity/Q32417,0,11,,53.470934,66.765289
KAZ,Cazaquistão,Q13665029,http://www.wikidata.org/entity/Q30972325,0,431,,53.46511,66.632338
KAZ,Cazaquistão,Q13665034,http://www.wikidata.org/entity/Q56734868,0,339,,53.613437,66.435013
KAZ,Cazaquistão,Q13665038,http://www.wikidata.org/entity/Q30972326,0,175,,53.94174,67.08312
KAZ,Cazaquistão,Q13665036,http://www.wikidata.org/entity/Q30972326,0,709,,53.897157,66.99995
KAZ,Cazaquistão,Q13665042,http://www.wikidata.org/entity/Q30975021,0,769,,53.914753,66.484795
KAZ,Cazaquistão,Q13665040,http://www.wikidata.org/entity/Q30972326,0,526,,54.0365,67.057
KAZ,Cazaquistão,Q13665047,http://www.wikidata.org/entity/Q30972329,0,319,,53.5815,66.804771
KAZ,Cazaquistão,Q13665044,http://www.wikidata.org/entity/Q30975021,0,42,,53.999899,66.53286
KAZ,Cazaquistão,Q13665050,http://www.wikidata.org/entity/Q30972330,0,372,,53.844881,66.927681
KAZ,Cazaquistão,Q13665049,http://www.wikidata.org/entity/Q32417,0,55,,53.559328,66.812582
KAZ,Cazaquistão,Q13665052,http://www.wikidata.org/entity/Q30975022,0,567,,53.753887,66.403599
KAZ,Cazaquistão,Q13665058,http://www.wikidata.org/entity/Q30975025,0,477,,53.374444444444,66.361666666667
KAZ,Cazaquistão,Q13665059,http://www.wikidata.org/entity/Q30972331,0,682,,53.679722222222,66.363611111111
KAZ,Cazaquistão,Q13665063,http://www.wikidata.org/entity/Q30972327,0,73,,53.749444444444,66.562222222222
KAZ,Cazaquistão,Q13665061,http://www.wikidata.org/entity/Q30972327,0,438,,53.800277777778,66.698333333333
KAZ,Cazaquistão,Q13665075,http://www.wikidata.org/entity/Q30975024,0,91,,53.931111111111,66.821944444444
KAZ,Cazaquistão,Q13665072,http://www.wikidata.org/entity/Q30975024,0,687,,53.897777777778,66.852222222222
KAZ,Cazaquistão,Q13666755,http://www.wikidata.org/entity/Q30516,0,7,,53.746579,73.234606
KAZ,Cazaquistão,Q13666759,http://www.wikidata.org/entity/Q30975233,0,381,,53.729674,73.270655
KAZ,Cazaquistão,Q13666775,http://www.wikidata.org/entity/Q30973873,0,472,,53.978452,72.892828
KAZ,Cazaquistão,Q13666777,http://www.wikidata.org/entity/Q30973873,0,112,,53.97184,72.961836
KAZ,Cazaquistão,Q13666859,http://www.wikidata.org/entity/Q16702041,0,607,,49.483333333333,72.635
KAZ,Cazaquistão,Q13666899,http://www.wikidata.org/entity/Q16702041,0,254,,49.506666666667,72.598055555556
KAZ,Cazaquistão,Q13666901,http://www.wikidata.org/entity/Q16702041,0,632,,49.496111111111,72.618055555556
KAZ,Cazaquistão,Q13667499,http://www.wikidata.org/entity/Q30975034,0,840,,52.606388888889,66.49
KAZ,Cazaquistão,Q13667497,http://www.wikidata.org/entity/Q30975036,0,1409,,52.999722222222,67.385555555556
KAZ,Cazaquistão,Q13667509,http://www.wikidata.org/entity/Q30975036,0,850,,52.918891,67.467728
KAZ,Cazaquistão,Q15617546,http://www.wikidata.org/entity/Q2554567,0,156,,40.959722222222,68.181944444444
KAZ,Cazaquistão,Q15617547,http://www.wikidata.org/entity/Q27351090,0,515,,41.026388888889,68.158333333333
KAZ,Cazaquistão,Q15617545,http://www.wikidata.org/entity/Q2554567,0,509,,41.023611111111,68.169444444444
KAZ,Cazaquistão,Q15617550,http://www.wikidata.org/entity/Q2554567,0,278,,41.008333333333,68.220833333333
KAZ,Cazaquistão,Q15617551,http://www.wikidata.org/entity/Q2554567,0,365,,41.011111111111,68.209722222222
KAZ,Cazaquistão,Q15617548,http://www.wikidata.org/entity/Q2554567,0,204,,41.023611111111,68.155555555556
KAZ,Cazaquistão,Q15617549,http://www.wikidata.org/entity/Q2554567,0,438,,41.018055555556,68.175
KAZ,Cazaquistão,Q15617554,http://www.wikidata.org/entity/Q2554567,0,477,,40.952777777778,68.204166666667
KAZ,Cazaquistão,Q15617555,http://www.wikidata.org/entity/Q2554567,0,1471,,40.84611111,68.23027778
KAZ,Cazaquistão,Q15617552,http://www.wikidata.org/entity/Q2554567,0,457,,41.020833333333,68.165277777778
KAZ,Cazaquistão,Q15617553,http://www.wikidata.org/entity/Q2554567,0,628,,41.011111111111,68.197222222222
KAZ,Cazaquistão,Q15617558,http://www.wikidata.org/entity/Q2554567,0,3190,,40.81993611,68.26422778
KAZ,Cazaquistão,Q15617559,http://www.wikidata.org/entity/Q2554567,0,52,,40.87166667,68.18972222
KAZ,Cazaquistão,Q15617556,http://www.wikidata.org/entity/Q2554567,0,1690,,40.86222222,68.18388889
KAZ,Cazaquistão,Q15617562,http://www.wikidata.org/entity/Q2554567,0,1032,,40.84916667,68.12472222
KAZ,Cazaquistão,Q15617563,http://www.wikidata.org/entity/Q2554567,0,12,,40.8875,68.03361111
KAZ,Cazaquistão,Q15617560,http://www.wikidata.org/entity/Q2554567,0,281,,40.865,68.033333333333
KAZ,Cazaquistão,Q15617566,http://www.wikidata.org/entity/Q2554567,0,39,,40.83888889,68.11388889
KAZ,Cazaquistão,Q15617564,http://www.wikidata.org/entity/Q2554567,0,924,,40.9025,68.0875
KAZ,Cazaquistão,Q15617565,http://www.wikidata.org/entity/Q2554567,0,1247,,40.84305556,67.99555556
KAZ,Cazaquistão,Q15845727,http://www.wikidata.org/entity/Q2554452,0,1933,,41.038441,68.636482
KAZ,Cazaquistão,Q15845730,http://www.wikidata.org/entity/Q2554452,0,631,,40.982509,68.68009
KAZ,Cazaquistão,Q15845728,http://www.wikidata.org/entity/Q2554452,0,1603,,40.972234,68.694388
KAZ,Cazaquistão,Q15845729,http://www.wikidata.org/entity/Q2554452,0,3918,,41.091419,68.696017
KAZ,Cazaquistão,Q15845734,http://www.wikidata.org/entity/Q2554452,0,695,,41.42805556,69.15027778
KAZ,Cazaquistão,Q15845735,http://www.wikidata.org/entity/Q2554452,0,2894,,41.44948889,69.15276944
KAZ,Cazaquistão,Q15845732,http://www.wikidata.org/entity/Q2554452,0,1904,,41.47035556,69.26236389
KAZ,Cazaquistão,Q15845733,http://www.wikidata.org/entity/Q2554452,0,4084,,41.46576111,69.13173889
KAZ,Cazaquistão,Q15845738,http://www.wikidata.org/entity/Q2554452,0,544,,41.63980833,68.33852778
KAZ,Cazaquistão,Q15845739,http://www.wikidata.org/entity/Q2554452,0,1431,,41.59271389,68.32533889
KAZ,Cazaquistão,Q15845737,http://www.wikidata.org/entity/Q2554452,0,11234,,41.56088333,69.33798333
KAZ,Cazaquistão,Q15845830,http://www.wikidata.org/entity/Q2554498,0,551,,52.711547,77.788253
KAZ,Cazaquistão,Q15845831,http://www.wikidata.org/entity/Q2554498,0,33,,52.657956,78.214574
KAZ,Cazaquistão,Q15845893,http://www.wikidata.org/entity/Q2554498,0,356,,52.337227,77.872539
KAZ,Cazaquistão,Q15845902,http://www.wikidata.org/entity/Q2554498,0,65,,52.373765,78.081108
KAZ,Cazaquistão,Q15845919,http://www.wikidata.org/entity/Q2554498,0,41,,52.308898,78.390871
KAZ,Cazaquistão,Q15845916,http://www.wikidata.org/entity/Q56368546,0,1023,,52.240993,78.31122
KAZ,Cazaquistão,Q15918852,http://www.wikidata.org/entity/Q75318,0,640,,42.015277777778,69.55
KAZ,Cazaquistão,Q15918904,http://www.wikidata.org/entity/Q75318,0,2436,,42.197423,69.803635
KAZ,Cazaquistão,Q16272094,http://www.wikidata.org/entity/Q30974377,0,110,,50.24555556,65.28833333
KAZ,Cazaquistão,Q16272105,http://www.wikidata.org/entity/Q56367646,0,733,,53.454123,74.241431
KAZ,Cazaquistão,Q16272112,http://www.wikidata.org/entity/Q522660,0,1244,,43.16669,69.64249
KAZ,Cazaquistão,Q16272130,http://www.wikidata.org/entity/Q20098538,0,304,,44.74777778,61.77083333
KAZ,Cazaquistão,Q16272144,http://www.wikidata.org/entity/Q2554452,0,972,,41.37726,68.936894
KAZ,Cazaquistão,Q16272154,http://www.wikidata.org/entity/Q12567933,0,191,,48.71916667,72.85305556
KAZ,Cazaquistão,Q16272152,http://www.wikidata.org/entity/Q2554556,0,151,,44.012849,69.062326
KAZ,Cazaquistão,Q16272166,http://www.wikidata.org/entity/Q20098102,0,1892,,44.46740556,65.765975
KAZ,Cazaquistão,Q16272173,http://www.wikidata.org/entity/Q12526208,0,644,,49.92316,77.00489
KAZ,Cazaquistão,Q16272185,http://www.wikidata.org/entity/Q12565363,0,88,,48.661943,76.474153
KAZ,Cazaquistão,Q16272191,http://www.wikidata.org/entity/Q20098542,0,394,,45.0125,65.3275
KAZ,Cazaquistão,Q16272197,http://www.wikidata.org/entity/Q1370228,0,1449,,41.92527778,69.73638889
KAZ,Cazaquistão,Q16272203,http://www.wikidata.org/entity/Q1370228,0,1366,,41.685638,69.379936
KAZ,Cazaquistão,Q16272207,http://www.wikidata.org/entity/Q13476313,0,590,,50.472966,76.81725
KAZ,Cazaquistão,Q16272217,http://www.wikidata.org/entity/Q12576897,0,88,,50.08084722,64.66493056
KAZ,Cazaquistão,Q16272227,http://www.wikidata.org/entity/Q2550358,0,0,,50.83833333,58.06944444
KAZ,Cazaquistão,Q16272233,http://www.wikidata.org/entity/Q2726480,0,106,,47.728514,71.604871
KAZ,Cazaquistão,Q16272264,http://www.wikidata.org/entity/Q574486,0,1520,,42.59774444,69.57142778
KAZ,Cazaquistão,Q16272337,http://www.wikidata.org/entity/Q522660,0,162,,43.17527778,69.0775
KAZ,Cazaquistão,Q16272340,http://www.wikidata.org/entity/Q1249579,0,167,,51.234945,63.780584
KAZ,Cazaquistão,Q16272344,http://www.wikidata.org/entity/Q2554428,0,1755,,42.38189722,69.3283
KAZ,Cazaquistão,Q16272356,http://www.wikidata.org/entity/Q12554254,0,49,,47.497778,73.325365
KAZ,Cazaquistão,Q16272360,http://www.wikidata.org/entity/Q20098596,0,255,,46.783664,60.504878
KAZ,Cazaquistão,Q16272366,http://www.wikidata.org/entity/Q12557595,0,206,,46.83166,75.935801
KAZ,Cazaquistão,Q16272369,http://www.wikidata.org/entity/Q2554452,0,753,,41.069166666667,68.692777777778
KAZ,Cazaquistão,Q16272377,http://www.wikidata.org/entity/Q1370228,0,1112,,42.12988889,69.13472222
KAZ,Cazaquistão,Q16272382,http://www.wikidata.org/entity/Q12549871,0,338,,50.258949,74.493899
KAZ,Cazaquistão,Q16272386,http://www.wikidata.org/entity/Q20098115,0,2231,,45.08048611,64.08537222
KAZ,Cazaquistão,Q16272395,http://www.wikidata.org/entity/Q491123,0,1345,,44.857147,65.357194
KAZ,Cazaquistão,Q16272404,http://www.wikidata.org/entity/Q13515550,0,478,,47.649316,74.047501
KAZ,Cazaquistão,Q16272411,http://www.wikidata.org/entity/Q20098431,0,1020,,43.78944444,67.18555556
KAZ,Cazaquistão,Q16272409,http://www.wikidata.org/entity/Q16706383,0,892,,49.692842,75.585065
KAZ,Cazaquistão,Q16272413,http://www.wikidata.org/entity/Q2554428,0,729,,42.46527778,68.99083333
KAZ,Cazaquistão,Q16272682,http://www.wikidata.org/entity/Q13477899,0,110,,50.221621,69.473197
KAZ,Cazaquistão,Q16272691,http://www.wikidata.org/entity/Q12561193,0,64,,48.002777777778,75.441388888889
KAZ,Cazaquistão,Q16272706,http://www.wikidata.org/entity/Q1249595,0,26,,53.91666667,65.88305556
KAZ,Cazaquistão,Q16272710,http://www.wikidata.org/entity/Q20098176,0,184,,46.00722222,61.59305556
KAZ,Cazaquistão,Q16272718,http://www.wikidata.org/entity/Q12548582,0,330,,48.677531,74.191954
KAZ,Cazaquistão,Q16272720,http://www.wikidata.org/entity/Q13419755,0,51,,48.017616,75.963528
KAZ,Cazaquistão,Q16272725,http://www.wikidata.org/entity/Q2554487,0,119,,42.899875,68.39500278
KAZ,Cazaquistão,Q16272731,http://www.wikidata.org/entity/Q12531679,0,78,,50.381392,73.804647
KAZ,Cazaquistão,Q16272728,http://www.wikidata.org/entity/Q13476083,0,154,,49.154373,75.210328
KAZ,Cazaquistão,Q16272741,http://www.wikidata.org/entity/Q12570550,0,227,,43.829666,74.449149
KAZ,Cazaquistão,Q16272745,http://www.wikidata.org/entity/Q2476619,0,24,,49.9528,64.94796944
KAZ,Cazaquistão,Q16272749,http://www.wikidata.org/entity/Q1510481,0,40,,52.815625,61.04142222
KAZ,Cazaquistão,Q16272754,http://www.wikidata.org/entity/Q56368452,0,776,,54.019268,75.929762
KAZ,Cazaquistão,Q16272772,http://www.wikidata.org/entity/Q12549871,0,362,,50.180911,74.126458
KAZ,Cazaquistão,Q16272777,http://www.wikidata.org/entity/Q2726480,0,97,,48.75138889,71.54333333
KAZ,Cazaquistão,Q16272785,http://www.wikidata.org/entity/Q2554452,0,816,,41.491209,69.137337
KAZ,Cazaquistão,Q16272790,http://www.wikidata.org/entity/Q2632718,0,2803,,44.28526667,66.72268333
KAZ,Cazaquistão,Q16272795,http://www.wikidata.org/entity/Q13476991,0,466,,49.90447778,71.61344167
KAZ,Cazaquistão,Q16273148,http://www.wikidata.org/entity/Q1249595,0,55,,53.82527778,65.98805556
KAZ,Cazaquistão,Q16273170,http://www.wikidata.org/entity/Q30974408,0,1047,,52.46681667,61.75951667
KAZ,Cazaquistão,Q16273683,http://www.wikidata.org/entity/Q20098374,0,875,,44.14196944,66.70045833
KAZ,Cazaquistão,Q16273691,http://www.wikidata.org/entity/Q2554487,0,900,,41.91083333,68.13972222
KAZ,Cazaquistão,Q16273695,http://www.wikidata.org/entity/Q13476474,0,1052,,50.36361111,71.44861111
KAZ,Cazaquistão,Q16273700,http://www.wikidata.org/entity/Q1370228,0,236,,41.95111111,69.00583333
KAZ,Cazaquistão,Q16273712,http://www.wikidata.org/entity/Q13476147,0,967,,49.33095,76.24363889
KAZ,Cazaquistão,Q16273724,http://www.wikidata.org/entity/Q2554511,0,644,,42.521047,70.338757
KAZ,Cazaquistão,Q16273731,http://www.wikidata.org/entity/Q2554452,0,261,,41.312128,68.708243
KAZ,Cazaquistão,Q16273728,http://www.wikidata.org/entity/Q2554556,0,1154,,44.36298,67.767913
KAZ,Cazaquistão,Q16273738,http://www.wikidata.org/entity/Q740832,0,35,,48.418321,68.056133
KAZ,Cazaquistão,Q16273763,http://www.wikidata.org/entity/Q2554556,0,311,,43.692142,68.990657
KAZ,Cazaquistão,Q16273770,http://www.wikidata.org/entity/Q56367632,0,217,,52.716331,74.281297
KAZ,Cazaquistão,Q16273774,http://www.wikidata.org/entity/Q2556274,0,0,,50.87694444,67.14222222
KAZ,Cazaquistão,Q16273783,http://www.wikidata.org/entity/Q30969842,0,297,,52.93426389,63.09822222
KAZ,Cazaquistão,Q16273791,http://www.wikidata.org/entity/Q4112900,0,184,,54.10137778,63.49924722
KAZ,Cazaquistão,Q16273788,http://www.wikidata.org/entity/Q12549976,0,180,,54.26194444,64.71527778
KAZ,Cazaquistão,Q16273799,http://www.wikidata.org/entity/Q12533398,0,219,,49.390446,71.634672
KAZ,Cazaquistão,Q16273820,http://www.wikidata.org/entity/Q12533509,0,1061,,53.73769722,62.94667778
KAZ,Cazaquistão,Q16273856,http://www.wikidata.org/entity/Q30972179,0,1400,,53.43123056,65.71236389
KAZ,Cazaquistão,Q16273875,http://www.wikidata.org/entity/Q2476575,0,299,,52.91677,75.06958
KAZ,Cazaquistão,Q16274191,http://www.wikidata.org/entity/Q12575823,0,191,,53.23,62.68416667
KAZ,Cazaquistão,Q16274325,http://www.wikidata.org/entity/Q2476619,0,2,,50.52910278,65.26497778
KAZ,Cazaquistão,Q16434319,http://www.wikidata.org/entity/Q2466416,0,709,,50.89483611,78.32500833
KAZ,Cazaquistão,Q13646139,http://www.wikidata.org/entity/Q2556317,0,218,,44.508611111111,78.232777777778
KAZ,Cazaquistão,Q13646140,http://www.wikidata.org/entity/Q2556317,0,281,,44.423333333333,78.287222222222
KAZ,Cazaquistão,Q13646147,http://www.wikidata.org/entity/Q2556317,0,97,,44.5375,78.325277777778
KAZ,Cazaquistão,Q13646144,http://www.wikidata.org/entity/Q2556317,0,152,,44.452777777778,78.224166666667
KAZ,Cazaquistão,Q13646189,http://www.wikidata.org/entity/Q2556317,0,404,,44.518888888889,79.042777777778
KAZ,Cazaquistão,Q13646570,http://www.wikidata.org/entity/Q16714002,0,3572,,43.208152777778,76.74895
KAZ,Cazaquistão,Q13647409,http://www.wikidata.org/entity/Q16697107,0,1130,,43.489545,77.055602
KAZ,Cazaquistão,Q13647413,http://www.wikidata.org/entity/Q16710911,0,797,,43.4173,77.092752777778
KAZ,Cazaquistão,Q13647417,http://www.wikidata.org/entity/Q16710911,0,1787,,43.471155555556,77.137102777778
KAZ,Cazaquistão,Q13647420,http://www.wikidata.org/entity/Q16710911,0,281,,43.364602777778,77.12245
KAZ,Cazaquistão,Q13647421,http://www.wikidata.org/entity/Q16701362,0,8474,,43.34734,77.231898
KAZ,Cazaquistão,Q13647427,http://www.wikidata.org/entity/Q120278789,0,324,,43.677494,77.301593
KAZ,Cazaquistão,Q13647425,http://www.wikidata.org/entity/Q16701362,0,1559,,43.396552777778,77.181947222222
KAZ,Cazaquistão,Q13647434,http://www.wikidata.org/entity/Q2029854,0,275,,53.191944444444,67.855833333333
KAZ,Cazaquistão,Q13647439,http://www.wikidata.org/entity/Q30975058,0,304,,52.836269,67.811466
KAZ,Cazaquistão,Q13647437,http://www.wikidata.org/entity/Q30975058,0,1024,,52.835492,67.861333
KAZ,Cazaquistão,Q13647442,http://www.wikidata.org/entity/Q30972478,0,357,,52.839069,68.303962
KAZ,Cazaquistão,Q13647440,http://www.wikidata.org/entity/Q30975058,0,53,,52.596218,67.909656
KAZ,Cazaquistão,Q13647444,http://www.wikidata.org/entity/Q2029854,0,15,,52.835025,68.621622
KAZ,Cazaquistão,Q13647499,http://www.wikidata.org/entity/Q30972471,0,107,,53.517777777778,68.531388888889
KAZ,Cazaquistão,Q13647502,http://www.wikidata.org/entity/Q30975051,0,446,,53.124444444444,68.033333333333
KAZ,Cazaquistão,Q13647507,http://www.wikidata.org/entity/Q2029854,0,31,,53.352447,68.020206
KAZ,Cazaquistão,Q13647505,http://www.wikidata.org/entity/Q30972476,0,73,,53.361872,67.956348
KAZ,Cazaquistão,Q13647510,http://www.wikidata.org/entity/Q30972476,0,52,,53.450034,67.952571
KAZ,Cazaquistão,Q13647844,http://www.wikidata.org/entity/Q16720629,0,2344,,43.397777777778,79.711111111111
KAZ,Cazaquistão,Q13647997,http://www.wikidata.org/entity/Q2029854,0,150,,53.0825,67.732777777778
KAZ,Cazaquistão,Q13648003,http://www.wikidata.org/entity/Q2029854,0,498,,53.578391,68.461462
KAZ,Cazaquistão,Q13648000,http://www.wikidata.org/entity/Q30975060,0,149,,53.02,67.792777777778
KAZ,Cazaquistão,Q13648008,http://www.wikidata.org/entity/Q30972480,0,476,,53.796646,68.210064
KAZ,Cazaquistão,Q13648015,http://www.wikidata.org/entity/Q30972480,0,117,,53.812105,68.541542
KAZ,Cazaquistão,Q13648013,http://www.wikidata.org/entity/Q30972480,0,441,,53.763579,68.575874
KAZ,Cazaquistão,Q13648707,http://www.wikidata.org/entity/Q16698967,0,291,,43.448303,77.047881
KAZ,Cazaquistão,Q13648711,http://www.wikidata.org/entity/Q16692124,0,2540,,43.446666666667,76.947777777778
KAZ,Cazaquistão,Q13648719,http://www.wikidata.org/entity/Q2466404,0,2249,,43.391746,76.940456
KAZ,Cazaquistão,Q13648716,http://www.wikidata.org/entity/Q2466404,0,7307,,43.473352,76.807995
KAZ,Cazaquistão,Q13648726,http://www.wikidata.org/entity/Q129880708,0,2012,,43.382158,76.655853
KAZ,Cazaquistão,Q13648724,http://www.wikidata.org/entity/Q129880708,0,1006,,43.406918,76.698203
KAZ,Cazaquistão,Q13648734,http://www.wikidata.org/entity/Q2466404,0,892,,43.473851,76.96641
KAZ,Cazaquistão,Q13648732,http://www.wikidata.org/entity/Q16692219,0,566,,43.493655,77.010126
KAZ,Cazaquistão,Q13648738,http://www.wikidata.org/entity/Q16704207,0,246,,43.889966,76.329731
KAZ,Cazaquistão,Q13648736,http://www.wikidata.org/entity/Q2466404,0,1599,,43.439023,76.957326
KAZ,Cazaquistão,Q13648742,http://www.wikidata.org/entity/Q16700998,0,2663,,43.562233,76.916478
KAZ,Cazaquistão,Q13648740,http://www.wikidata.org/entity/Q2466404,0,1644,,43.515093,76.894091
KAZ,Cazaquistão,Q13648746,http://www.wikidata.org/entity/Q2466404,0,1826,,43.430796,76.851583
KAZ,Cazaquistão,Q13648750,http://www.wikidata.org/entity/Q2466404,0,880,,43.722079,77.082388
KAZ,Cazaquistão,Q13648749,http://www.wikidata.org/entity/Q2466404,0,7704,,43.380879,76.853521
KAZ,Cazaquistão,Q13648754,http://www.wikidata.org/entity/Q2466404,0,206,,43.586666666667,77.090277777778
KAZ,Cazaquistão,Q13648758,http://www.wikidata.org/entity/Q2466404,0,440,,43.670759,77.065437
KAZ,Cazaquistão,Q13648756,http://www.wikidata.org/entity/Q2466404,0,750,,43.610384,77.023594
KAZ,Cazaquistão,Q13648770,http://www.wikidata.org/entity/Q30513,0,381,,54.567036,70.21225
KAZ,Cazaquistão,Q13648769,http://www.wikidata.org/entity/Q30513,0,286,,54.820866,70.881815
KAZ,Cazaquistão,Q13648894,http://www.wikidata.org/entity/Q186466,0,273,,44.990707,78.289092
KAZ,Cazaquistão,Q13648907,http://www.wikidata.org/entity/Q12547600,0,1501,,46.798055555556,50.068611111111
KAZ,Cazaquistão,Q13648905,http://www.wikidata.org/entity/Q20098462,0,3451,,47.352777777778,51.200833333333
KAZ,Cazaquistão,Q13648911,http://www.wikidata.org/entity/Q30973018,0,274,,53.99006,68.327751
KAZ,Cazaquistão,Q13648909,http://www.wikidata.org/entity/Q30972934,0,500,,54.049966,68.085537
KAZ,Cazaquistão,Q13648915,http://www.wikidata.org/entity/Q30973011,0,228,,53.920718,67.878685
KAZ,Cazaquistão,Q13648913,http://www.wikidata.org/entity/Q30973011,0,680,,53.887952,67.977905
KAZ,Cazaquistão,Q13648917,http://www.wikidata.org/entity/Q30973011,0,355,,53.923347,67.989836
KAZ,Cazaquistão,Q13648922,http://www.wikidata.org/entity/Q59208958,0,204,,54.040492,68.652878
KAZ,Cazaquistão,Q13648920,http://www.wikidata.org/entity/Q59208958,0,305,,54.046489,68.413839
KAZ,Cazaquistão,Q13648924,http://www.wikidata.org/entity/Q59208958,0,170,,54.076563,68.696136
KAZ,Cazaquistão,Q13648951,http://www.wikidata.org/entity/Q20098389,0,106,,47.002785,53.679081
KAZ,Cazaquistão,Q13648958,http://www.wikidata.org/entity/Q2550349,0,126,,46.546666666667,53.9
KAZ,Cazaquistão,Q13648956,http://www.wikidata.org/entity/Q20098380,0,108,,48.206666666667,51.595277777778
KAZ,Cazaquistão,Q13648967,http://www.wikidata.org/entity/Q30975137,0,1790,,54.296592,68.349981
KAZ,Cazaquistão,Q13648969,http://www.wikidata.org/entity/Q30975137,0,244,,54.264723,68.307152
KAZ,Cazaquistão,Q13648975,http://www.wikidata.org/entity/Q30973009,0,1000,,53.846248,68.610134
KAZ,Cazaquistão,Q13648972,http://www.wikidata.org/entity/Q30975137,0,205,,54.249631,68.249645
KAZ,Cazaquistão,Q13648973,http://www.wikidata.org/entity/Q41229,0,155,,54.25625,68.21909
KAZ,Cazaquistão,Q13649062,http://www.wikidata.org/entity/Q20098462,0,304,,47.688888888889,51.013055555556
KAZ,Cazaquistão,Q13649076,http://www.wikidata.org/entity/Q30975135,0,1281,,54.303055555556,68.225555555556
KAZ,Cazaquistão,Q13649083,http://www.wikidata.org/entity/Q12541087,0,611,,46.6325,48.885833333333
KAZ,Cazaquistão,Q13649080,http://www.wikidata.org/entity/Q20098987,0,1838,,46.59875,49.196802777778
KAZ,Cazaquistão,Q13649091,http://www.wikidata.org/entity/Q12541087,0,1876,,46.622205555556,48.64415
KAZ,Cazaquistão,Q13649088,http://www.wikidata.org/entity/Q20098248,0,1697,,46.491388888889,48.996944444444
KAZ,Cazaquistão,Q13649089,http://www.wikidata.org/entity/Q20098189,0,760,,47.902777777778,48.794166666667
KAZ,Cazaquistão,Q13649095,http://www.wikidata.org/entity/Q20484889,0,1414,,46.620277777778,49.349444444444
KAZ,Cazaquistão,Q13649093,http://www.wikidata.org/entity/Q20484889,0,634,,46.624444444444,49.358055555556
KAZ,Cazaquistão,Q13649099,http://www.wikidata.org/entity/Q20484889,0,329,,47.353611111111,49.021944444444
KAZ,Cazaquistão,Q13649097,http://www.wikidata.org/entity/Q20484889,0,452,,46.619444444444,49.332222222222
KAZ,Cazaquistão,Q13649101,http://www.wikidata.org/entity/Q20098987,0,275,,46.550277777778,49.294444444444
KAZ,Cazaquistão,Q13649104,http://www.wikidata.org/entity/Q20098987,0,198,,46.583055555556,49.291388888889
KAZ,Cazaquistão,Q13650123,http://www.wikidata.org/entity/Q30972539,0,74,,54.731386,67.804184
KAZ,Cazaquistão,Q13650120,http://www.wikidata.org/entity/Q35902,0,14,,54.836588,67.657757
KAZ,Cazaquistão,Q13650246,http://www.wikidata.org/entity/Q186466,0,25,,43.898526,77.210258
KAZ,Cazaquistão,Q13650282,http://www.wikidata.org/entity/Q30975081,0,648,,54.718523,66.954632
KAZ,Cazaquistão,Q13650285,http://www.wikidata.org/entity/Q35902,0,52,,54.685393,66.715765
KAZ,Cazaquistão,Q13650414,http://www.wikidata.org/entity/Q186466,0,768,,43.77661,77.097931
KAZ,Cazaquistão,Q13650412,http://www.wikidata.org/entity/Q186466,0,3477,,43.716651,77.039366
KAZ,Cazaquistão,Q13650455,http://www.wikidata.org/entity/Q30953476,0,724,,54.116779,66.657143
KAZ,Cazaquistão,Q13650453,http://www.wikidata.org/entity/Q30953476,0,199,,54.091013,66.539984
KAZ,Cazaquistão,Q13650458,http://www.wikidata.org/entity/Q4361580,0,516,,54.484998,66.78606
KAZ,Cazaquistão,Q13650461,http://www.wikidata.org/entity/Q30975082,0,155,,54.494371,66.636715
KAZ,Cazaquistão,Q13650467,http://www.wikidata.org/entity/Q30975082,0,236,,54.364158,66.622467
KAZ,Cazaquistão,Q13650464,http://www.wikidata.org/entity/Q30975082,0,484,,54.391103,66.486683
KAZ,Cazaquistão,Q13650469,http://www.wikidata.org/entity/Q35902,0,45,,54.336244,66.37476
KAZ,Cazaquistão,Q13650511,http://www.wikidata.org/entity/Q30975084,0,575,,54.574649,67.311859
KAZ,Cazaquistão,Q13650514,http://www.wikidata.org/entity/Q30975084,0,177,,54.471684,67.20912
KAZ,Cazaquistão,Q13651791,http://www.wikidata.org/entity/Q16433669,0,442,,51.272978,53.602953
KAZ,Cazaquistão,Q13651789,http://www.wikidata.org/entity/Q20074160,0,714,,51.4413,52.821308333333
KAZ,Cazaquistão,Q13651794,http://www.wikidata.org/entity/Q20074160,0,157,,51.461788,52.794363
KAZ,Cazaquistão,Q13651793,http://www.wikidata.org/entity/Q20074160,0,287,,51.460745,52.96654
KAZ,Cazaquistão,Q13651799,http://www.wikidata.org/entity/Q12559345,0,71,,51.10336,52.692389
KAZ,Cazaquistão,Q13651810,http://www.wikidata.org/entity/Q20076759,0,191,,51.475529,53.339045
KAZ,Cazaquistão,Q13651809,http://www.wikidata.org/entity/Q12559345,0,2070,,51.200902777778,52.901302777778
KAZ,Cazaquistão,Q13651815,http://www.wikidata.org/entity/Q20076759,0,248,,51.451226,53.386638
KAZ,Cazaquistão,Q13651823,http://www.wikidata.org/entity/Q16431534,0,181,,49.519762,50.573176
KAZ,Cazaquistão,Q13651821,http://www.wikidata.org/entity/Q20077468,0,66,,51.365,52.501944444444
KAZ,Cazaquistão,Q13651826,http://www.wikidata.org/entity/Q16431534,0,336,,49.561388888889,50.349166666667
KAZ,Cazaquistão,Q13651828,http://www.wikidata.org/entity/Q16431534,0,1337,,49.496898,50.513921
KAZ,Cazaquistão,Q13652062,http://www.wikidata.org/entity/Q20093839,0,133,,50.401666666667,47.671111111111
KAZ,Cazaquistão,Q13652350,http://www.wikidata.org/entity/Q12558546,0,268,,51.1625,50.761944444444
KAZ,Cazaquistão,Q13652352,http://www.wikidata.org/entity/Q20076121,0,717,,51.363611111111,51.834444444444
KAZ,Cazaquistão,Q13652353,http://www.wikidata.org/entity/Q2737304,0,6,,51.355,51.799444444444
KAZ,Cazaquistão,Q13652358,http://www.wikidata.org/entity/Q20076767,0,65,,51.365833333333,50.929444444444
KAZ,Cazaquistão,Q13652362,http://www.wikidata.org/entity/Q20077159,0,1603,,51.155352777778,50.690655555556
KAZ,Cazaquistão,Q13652363,http://www.wikidata.org/entity/Q2737304,0,8,,51.169444444444,50.524444444444
KAZ,Cazaquistão,Q13652360,http://www.wikidata.org/entity/Q2737304,0,11,,51.352,50.5127
KAZ,Cazaquistão,Q13652365,http://www.wikidata.org/entity/Q2737304,0,109,,51.435652777778,52.081902777778
KAZ,Cazaquistão,Q13652370,http://www.wikidata.org/entity/Q2737304,0,232,,51.613502777778,51.128055555556
KAZ,Cazaquistão,Q13652369,http://www.wikidata.org/entity/Q20078253,0,60,,51.591388888889,51.258055555556
KAZ,Cazaquistão,Q13652375,http://www.wikidata.org/entity/Q2737304,0,22,,51.691111111111,50.818055555556
KAZ,Cazaquistão,Q13652372,http://www.wikidata.org/entity/Q20078253,0,63,,51.572777777778,50.999444444444
KAZ,Cazaquistão,Q13652378,http://www.wikidata.org/entity/Q2737304,0,342,,50.967222222222,51.163888888889
KAZ,Cazaquistão,Q13652383,http://www.wikidata.org/entity/Q20078491,0,80,,50.889166666667,51.145555555556
KAZ,Cazaquistão,Q13652380,http://www.wikidata.org/entity/Q2737304,0,246,,50.846388888889,51.136666666667
KAZ,Cazaquistão,Q13652381,http://www.wikidata.org/entity/Q20078491,0,613,,50.916111111111,51.153333333333
KAZ,Cazaquistão,Q13652390,http://www.wikidata.org/entity/Q20081894,0,204,,51.411111111111,51.482222222222
KAZ,Cazaquistão,Q13661814,http://www.wikidata.org/entity/Q487439,0,148,,51.019722222222,54.0175
KAZ,Cazaquistão,Q13661812,http://www.wikidata.org/entity/Q2737280,0,22,,50.888611111111,54.321666666667
KAZ,Cazaquistão,Q13661818,http://www.wikidata.org/entity/Q487439,0,314,,51.009444444444,54.103611111111
KAZ,Cazaquistão,Q13661816,http://www.wikidata.org/entity/Q487439,0,85,,51.074722222222,54.105833333333
KAZ,Cazaquistão,Q13661858,http://www.wikidata.org/entity/Q30973276,0,129,,53.831944444444,69.332222222222
KAZ,Cazaquistão,Q13661861,http://www.wikidata.org/entity/Q30973276,0,228,,53.8975,69.266111111111
KAZ,Cazaquistão,Q13662891,http://www.wikidata.org/entity/Q13365609,0,626,,43.124444444444,71.435277777778
KAZ,Cazaquistão,Q13662899,http://www.wikidata.org/entity/Q16699119,0,863,,43.045277777778,71.728055555556
KAZ,Cazaquistão,Q13662897,http://www.wikidata.org/entity/Q16699119,0,295,,43.005833333333,71.801666666667
KAZ,Cazaquistão,Q13662913,http://www.wikidata.org/entity/Q12551030,0,2520,,42.996388888889,71.435
KAZ,Cazaquistão,Q13662918,http://www.wikidata.org/entity/Q12576024,0,1553,,42.967461111111,71.465966666667
KAZ,Cazaquistão,Q13662917,http://www.wikidata.org/entity/Q12576024,0,2921,,42.937777777778,71.469722222222
KAZ,Cazaquistão,Q13662922,http://www.wikidata.org/entity/Q12554698,0,613,,43.090036111111,71.465263888889
KAZ,Cazaquistão,Q13662920,http://www.wikidata.org/entity/Q12554698,0,1917,,43.079722222222,71.451388888889
KAZ,Cazaquistão,Q13662926,http://www.wikidata.org/entity/Q12563463,0,774,,43.171944444444,71.665
KAZ,Cazaquistão,Q13662924,http://www.wikidata.org/entity/Q12563463,0,640,,43.1025,71.656666666667
KAZ,Cazaquistão,Q13662931,http://www.wikidata.org/entity/Q13365748,0,359,,43.105833333333,71.376111111111
KAZ,Cazaquistão,Q13662929,http://www.wikidata.org/entity/Q13365748,0,941,,43.075477777778,71.340822222222
KAZ,Cazaquistão,Q13662935,http://www.wikidata.org/entity/Q12565328,0,738,,43.343888888889,71.450555555556
KAZ,Cazaquistão,Q13662933,http://www.wikidata.org/entity/Q13365748,0,202,,43.073888888889,71.3725
KAZ,Cazaquistão,Q13662939,http://www.wikidata.org/entity/Q12565328,0,794,,43.405,71.448333333333
KAZ,Cazaquistão,Q13662937,http://www.wikidata.org/entity/Q12565328,0,581,,43.381388888889,71.471666666667
KAZ,Cazaquistão,Q13663006,http://www.wikidata.org/entity/Q30973280,0,722,,53.734444444444,68.982777777778
KAZ,Cazaquistão,Q13663010,http://www.wikidata.org/entity/Q30973280,0,363,,53.714166666667,68.989444444444
KAZ,Cazaquistão,Q13663008,http://www.wikidata.org/entity/Q30973280,0,573,,53.630277777778,69.152222222222
KAZ,Cazaquistão,Q13663019,http://www.wikidata.org/entity/Q30973291,0,190,,53.692336,70.326133
KAZ,Cazaquistão,Q13663023,http://www.wikidata.org/entity/Q30973290,0,25,,54.006407,69.738107
KAZ,Cazaquistão,Q13663021,http://www.wikidata.org/entity/Q30973290,0,824,,53.953863,69.778534
KAZ,Cazaquistão,Q13663027,http://www.wikidata.org/entity/Q30973290,0,630,,53.966892,69.531084
KAZ,Cazaquistão,Q13663025,http://www.wikidata.org/entity/Q30973290,0,248,,53.955934,69.655881
KAZ,Cazaquistão,Q13663030,http://www.wikidata.org/entity/Q30973290,0,435,,53.884663,69.541383
KAZ,Cazaquistão,Q13663029,http://www.wikidata.org/entity/Q30973290,0,278,,53.961186,69.412208
KAZ,Cazaquistão,Q13663032,http://www.wikidata.org/entity/Q30973290,0,215,,53.88269,69.694334
KAZ,Cazaquistão,Q13663046,http://www.wikidata.org/entity/Q13382596,0,3434,,42.6075,70.784166666667
KAZ,Cazaquistão,Q13663122,http://www.wikidata.org/entity/Q30973281,0,573,,53.839722222222,69.836111111111
KAZ,Cazaquistão,Q13663126,http://www.wikidata.org/entity/Q30973281,0,352,,53.771111111111,69.764166666667
KAZ,Cazaquistão,Q13663124,http://www.wikidata.org/entity/Q30973281,0,235,,53.851666666667,69.885555555556
KAZ,Cazaquistão,Q13663128,http://www.wikidata.org/entity/Q30973281,0,150,,53.9125,69.860555555556
KAZ,Cazaquistão,Q13663142,http://www.wikidata.org/entity/Q13375043,0,635,,42.710833333333,71.239444444444
KAZ,Cazaquistão,Q13663140,http://www.wikidata.org/entity/Q13375166,0,408,,43.036111111111,71.185
KAZ,Cazaquistão,Q13663146,http://www.wikidata.org/entity/Q16691511,0,1219,,42.999444444444,71.115277777778
KAZ,Cazaquistão,Q13663149,http://www.wikidata.org/entity/Q12531706,0,3084,,42.912222222222,71.478611111111
KAZ,Cazaquistão,Q13663154,http://www.wikidata.org/entity/Q12535179,0,3516,,42.829444444444,71.394444444444
KAZ,Cazaquistão,Q13663152,http://www.wikidata.org/entity/Q12535179,0,2496,,42.811111111111,71.433611111111
KAZ,Cazaquistão,Q13663158,http://www.wikidata.org/entity/Q12558880,0,8394,,42.850555555556,71.458333333333
KAZ,Cazaquistão,Q13663156,http://www.wikidata.org/entity/Q12539620,0,2082,,42.834444444444,71.487777777778
KAZ,Cazaquistão,Q13663162,http://www.wikidata.org/entity/Q12543153,0,581,,42.971388888889,71.328888888889
KAZ,Cazaquistão,Q13663160,http://www.wikidata.org/entity/Q12542101,0,1633,,43.132222222222,70.838888888889
KAZ,Cazaquistão,Q13663166,http://www.wikidata.org/entity/Q12543153,0,179,,42.953333333333,71.348611111111
KAZ,Cazaquistão,Q13663167,http://www.wikidata.org/entity/Q13377627,0,1257,,43.063391666667,71.233869444444
KAZ,Cazaquistão,Q13663164,http://www.wikidata.org/entity/Q12543153,0,437,,42.959444444444,71.349722222222
KAZ,Cazaquistão,Q13663169,http://www.wikidata.org/entity/Q13377627,0,599,,43.025277777778,71.211944444444
KAZ,Cazaquistão,Q13663174,http://www.wikidata.org/entity/Q13377627,0,90,,43.108333333333,71.318888888889
KAZ,Cazaquistão,Q13663175,http://www.wikidata.org/entity/Q13377627,0,402,,42.981388888889,71.248888888889
KAZ,Cazaquistão,Q13663172,http://www.wikidata.org/entity/Q13377627,0,646,,42.990833333333,71.2025
KAZ,Cazaquistão,Q13663179,http://www.wikidata.org/entity/Q12574615,0,738,,43.047222222222,71.091111111111
KAZ,Cazaquistão,Q13663177,http://www.wikidata.org/entity/Q12574615,0,1540,,43.083025,71.072769444444
KAZ,Cazaquistão,Q13663182,http://www.wikidata.org/entity/Q12574615,0,126,,43.146666666667,71.158333333333
KAZ,Cazaquistão,Q13663191,http://www.wikidata.org/entity/Q12576463,0,1202,,42.805833333333,71.563611111111
KAZ,Cazaquistão,Q13663189,http://www.wikidata.org/entity/Q12576463,0,3732,,42.836666666667,71.519166666667
KAZ,Cazaquistão,Q13663193,http://www.wikidata.org/entity/Q12579694,0,284,,43.080277777778,70.916111111111
KAZ,Cazaquistão,Q13663198,http://www.wikidata.org/entity/Q13377661,0,962,,42.838888888889,71.242222222222
KAZ,Cazaquistão,Q13663196,http://www.wikidata.org/entity/Q13377661,0,2507,,42.883333333333,71.286388888889
KAZ,Cazaquistão,Q13663334,http://www.wikidata.org/entity/Q30975184,0,696,,53.943333333333,68.984166666667
KAZ,Cazaquistão,Q13663346,http://www.wikidata.org/entity/Q12577401,0,1783,,42.990833333333,71.473611111111
KAZ,Cazaquistão,Q13663348,http://www.wikidata.org/entity/Q13377661,0,634,,42.885555555556,71.255
KAZ,Cazaquistão,Q13664194,http://www.wikidata.org/entity/Q13399140,0,3504,,42.997758333333,74.914994444444
KAZ,Cazaquistão,Q13664192,http://www.wikidata.org/entity/Q13391501,0,939,,42.837525,75.6262
KAZ,Cazaquistão,Q13664198,http://www.wikidata.org/entity/Q13399050,0,317,,43.1575,75.258055555556
KAZ,Cazaquistão,Q13664196,http://www.wikidata.org/entity/Q13399140,0,1220,,42.960277777778,74.98
KAZ,Cazaquistão,Q13664202,http://www.wikidata.org/entity/Q12563105,0,1003,,43.1475,74.553055555556
KAZ,Cazaquistão,Q13664200,http://www.wikidata.org/entity/Q13399050,0,966,,43.246111111111,75.205
KAZ,Cazaquistão,Q13664206,http://www.wikidata.org/entity/Q12562766,0,2537,,42.879444444444,75.180277777778
KAZ,Cazaquistão,Q13664207,http://www.wikidata.org/entity/Q4107909,0,2966,,43.294852777778,74.193386111111
KAZ,Cazaquistão,Q13664204,http://www.wikidata.org/entity/Q12563105,0,686,,43.166666666667,74.606388888889
KAZ,Cazaquistão,Q13664256,http://www.wikidata.org/entity/Q731355,0,813,,43.109722222222,72.448611111111
KAZ,Cazaquistão,Q13664387,http://www.wikidata.org/entity/Q16699117,0,2099,,42.835277777778,73.391666666667
KAZ,Cazaquistão,Q13664391,http://www.wikidata.org/entity/Q16699117,0,1019,,42.842694444444,73.422058333333
KAZ,Cazaquistão,Q13664389,http://www.wikidata.org/entity/Q16699117,0,391,,42.777222222222,73.451111111111
KAZ,Cazaquistão,Q13664393,http://www.wikidata.org/entity/Q16701364,0,2332,,42.961502777778,73.493833333333
KAZ,Cazaquistão,Q13664402,http://www.wikidata.org/entity/Q12556408,0,932,,42.856111111111,73.474444444444
KAZ,Cazaquistão,Q13664400,http://www.wikidata.org/entity/Q12556408,0,463,,42.865,73.502222222222
KAZ,Cazaquistão,Q13664406,http://www.wikidata.org/entity/Q12557001,0,14594,,42.9072,73.2736
KAZ,Cazaquistão,Q13664404,http://www.wikidata.org/entity/Q12556408,0,442,,42.843125,73.471491666667
KAZ,Cazaquistão,Q13664442,http://www.wikidata.org/entity/Q13403309,0,256,,43.106944444444,73.323611111111
KAZ,Cazaquistão,Q13664444,http://www.wikidata.org/entity/Q13403309,0,288,,43.191944444444,73.200833333333
KAZ,Cazaquistão,Q13652392,http://www.wikidata.org/entity/Q20081894,0,347,,51.287002777778,51.431252777778
KAZ,Cazaquistão,Q13652398,http://www.wikidata.org/entity/Q20082621,0,4924,,51.265833333333,51.389722222222
KAZ,Cazaquistão,Q13652402,http://www.wikidata.org/entity/Q20082621,0,349,,51.280833333333,51.372777777778
KAZ,Cazaquistão,Q13652400,http://www.wikidata.org/entity/Q20082621,0,660,,51.281666666667,51.298888888889
KAZ,Cazaquistão,Q13652404,http://www.wikidata.org/entity/Q2737304,0,946,,51.275555555556,51.418333333333
KAZ,Cazaquistão,Q13652567,http://www.wikidata.org/entity/Q20077511,0,146,,49.438333333333,49.694166666667
KAZ,Cazaquistão,Q13652569,http://www.wikidata.org/entity/Q20077511,0,696,,49.274402777778,49.484102777778
KAZ,Cazaquistão,Q13652574,http://www.wikidata.org/entity/Q20078173,0,1473,,49.906802777778,48.17585
KAZ,Cazaquistão,Q13652572,http://www.wikidata.org/entity/Q2736676,0,96,,49.218333333333,49.805833333333
KAZ,Cazaquistão,Q13652579,http://www.wikidata.org/entity/Q20093835,0,830,,49.728611111111,50.233611111111
KAZ,Cazaquistão,Q13652576,http://www.wikidata.org/entity/Q20078173,0,251,,49.83535,48.26665
KAZ,Cazaquistão,Q13652581,http://www.wikidata.org/entity/Q20093835,0,156,,49.914722222222,50.017222222222
KAZ,Cazaquistão,Q13652585,http://www.wikidata.org/entity/Q20093835,0,195,,49.782777777778,50.214444444444
KAZ,Cazaquistão,Q13652591,http://www.wikidata.org/entity/Q20093835,0,342,,49.767777777778,49.986666666667
KAZ,Cazaquistão,Q13652588,http://www.wikidata.org/entity/Q20093835,0,194,,49.791944444444,50.454166666667
KAZ,Cazaquistão,Q13652594,http://www.wikidata.org/entity/Q2736676,0,63,,50.262702777778,49.382052777778
KAZ,Cazaquistão,Q13652598,http://www.wikidata.org/entity/Q20093837,0,212,,50.411388888889,49.101666666667
KAZ,Cazaquistão,Q13652596,http://www.wikidata.org/entity/Q2736676,0,63,,50.105555555556,49.745
KAZ,Cazaquistão,Q13652603,http://www.wikidata.org/entity/Q20093962,0,159,,49.7271,48.393105555556
KAZ,Cazaquistão,Q13652601,http://www.wikidata.org/entity/Q20093962,0,229,,49.726388888889,48.606666666667
KAZ,Cazaquistão,Q13652690,http://www.wikidata.org/entity/Q30973141,0,1283,,54.178261,69.525161
KAZ,Cazaquistão,Q13652694,http://www.wikidata.org/entity/Q30973141,0,256,,54.229216,69.529796
KAZ,Cazaquistão,Q13652697,http://www.wikidata.org/entity/Q30973134,0,16,,54.084418,69.541555
KAZ,Cazaquistão,Q13652826,http://www.wikidata.org/entity/Q20072639,0,204,,49.738924,53.39586
KAZ,Cazaquistão,Q13652831,http://www.wikidata.org/entity/Q20093711,0,696,,49.451944444444,52.953333333333
KAZ,Cazaquistão,Q13652828,http://www.wikidata.org/entity/Q20072639,0,100,,49.438611111111,53.604166666667
KAZ,Cazaquistão,Q13652834,http://www.wikidata.org/entity/Q20073307,0,1437,,50.04325,54.040174
KAZ,Cazaquistão,Q13652841,http://www.wikidata.org/entity/Q20093711,0,346,,49.463888888889,52.692777777778
KAZ,Cazaquistão,Q13652847,http://www.wikidata.org/entity/Q20093711,0,90,,49.730277777778,52.901388888889
KAZ,Cazaquistão,Q13652844,http://www.wikidata.org/entity/Q20076866,0,874,,49.875915,53.414962
KAZ,Cazaquistão,Q13652851,http://www.wikidata.org/entity/Q20092731,0,335,,49.38,53.190555555556
KAZ,Cazaquistão,Q13652854,http://www.wikidata.org/entity/Q20078065,0,1128,,50.087355,53.832357
KAZ,Cazaquistão,Q13653328,http://www.wikidata.org/entity/Q20072657,0,329,,50.42,52.113611111111
KAZ,Cazaquistão,Q13653335,http://www.wikidata.org/entity/Q20072794,0,306,,50.56379,52.343327
KAZ,Cazaquistão,Q13653332,http://www.wikidata.org/entity/Q20072794,0,1037,,50.506986,52.646299
KAZ,Cazaquistão,Q13653338,http://www.wikidata.org/entity/Q20074153,0,377,,50.341111111111,52.4025
KAZ,Cazaquistão,Q13653343,http://www.wikidata.org/entity/Q20074156,0,62,,50.057777777778,53.123888888889
KAZ,Cazaquistão,Q13653347,http://www.wikidata.org/entity/Q2736622,0,328,,50.258888888889,53.089722222222
KAZ,Cazaquistão,Q13653351,http://www.wikidata.org/entity/Q20073324,0,517,,50.734444444444,52.929166666667
KAZ,Cazaquistão,Q13653349,http://www.wikidata.org/entity/Q20074156,0,139,,50.2325,53.308611111111
KAZ,Cazaquistão,Q13653353,http://www.wikidata.org/entity/Q20076778,0,288,,49.895277777778,52.586111111111
KAZ,Cazaquistão,Q13653359,http://www.wikidata.org/entity/Q20076843,0,4,,50.463333333333,53.628055555556
KAZ,Cazaquistão,Q13653356,http://www.wikidata.org/entity/Q20076778,0,88,,49.763611111111,52.773888888889
KAZ,Cazaquistão,Q13653365,http://www.wikidata.org/entity/Q20076843,0,6,,50.507777777778,53.3125
KAZ,Cazaquistão,Q13653369,http://www.wikidata.org/entity/Q20076843,0,216,,50.369444444444,53.356111111111
KAZ,Cazaquistão,Q13653374,http://www.wikidata.org/entity/Q20092741,0,643,,50.085179,52.722174
KAZ,Cazaquistão,Q13653372,http://www.wikidata.org/entity/Q20078069,0,678,,50.099722222222,52.345833333333
KAZ,Cazaquistão,Q13653378,http://www.wikidata.org/entity/Q20092741,0,84,,51.008381,53.096062
KAZ,Cazaquistão,Q13653381,http://www.wikidata.org/entity/Q20092741,0,333,,50.014444444444,53.051388888889
KAZ,Cazaquistão,Q13653387,http://www.wikidata.org/entity/Q20093836,0,794,,50.703888888889,52.780277777778
KAZ,Cazaquistão,Q13653384,http://www.wikidata.org/entity/Q20092741,0,26,,50.011666666667,52.699444444444
KAZ,Cazaquistão,Q13653390,http://www.wikidata.org/entity/Q20093836,0,278,,50.8,52.710555555556
KAZ,Cazaquistão,Q13653542,http://www.wikidata.org/entity/Q2736622,0,59,,50.991111111111,50.284166666667
KAZ,Cazaquistão,Q13653547,http://www.wikidata.org/entity/Q20072699,0,213,,50.936282,49.959891
KAZ,Cazaquistão,Q13653544,http://www.wikidata.org/entity/Q16432129,0,864,,50.996111111111,50.503333333333
KAZ,Cazaquistão,Q13653550,http://www.wikidata.org/entity/Q20082162,0,71,,50.753482,49.326078
KAZ,Cazaquistão,Q13653552,http://www.wikidata.org/entity/Q20076477,0,718,,51.196666666667,50.057222222222
KAZ,Cazaquistão,Q13655903,http://www.wikidata.org/entity/Q12577741,0,891,,51.010505555556,51.7563
KAZ,Cazaquistão,Q13655906,http://www.wikidata.org/entity/Q20097340,0,3044,,51.059577,51.566978
KAZ,Cazaquistão,Q13655911,http://www.wikidata.org/entity/Q2736634,0,151,,51.274444444444,52.409722222222
KAZ,Cazaquistão,Q13655909,http://www.wikidata.org/entity/Q2736634,0,342,,51.174652777778,52.352
KAZ,Cazaquistão,Q13655915,http://www.wikidata.org/entity/Q2736634,0,656,,51.314305,51.874817
KAZ,Cazaquistão,Q13655919,http://www.wikidata.org/entity/Q2736634,0,141,,51.153697,52.359202
KAZ,Cazaquistão,Q13655922,http://www.wikidata.org/entity/Q2736634,0,118,,51.057689,52.273622
KAZ,Cazaquistão,Q13655925,http://www.wikidata.org/entity/Q20092156,0,177,,51.171388888889,51.526944444444
KAZ,Cazaquistão,Q13655931,http://www.wikidata.org/entity/Q20092156,0,474,,51.086666666667,51.602222222222
KAZ,Cazaquistão,Q13655928,http://www.wikidata.org/entity/Q20092156,0,637,,51.064166666667,51.543611111111
KAZ,Cazaquistão,Q13655935,http://www.wikidata.org/entity/Q2736634,0,245,,50.175,51.339722222222
KAZ,Cazaquistão,Q13655937,http://www.wikidata.org/entity/Q2736634,0,949,,50.102222222222,51.393055555556
KAZ,Cazaquistão,Q13655943,http://www.wikidata.org/entity/Q2736634,0,55,,50.848888888889,51.777222222222
KAZ,Cazaquistão,Q13655940,http://www.wikidata.org/entity/Q2736634,0,3,,51.369444444444,52.231944444444
KAZ,Cazaquistão,Q13655946,http://www.wikidata.org/entity/Q20072751,0,158,,50.651111111111,51.482777777778
KAZ,Cazaquistão,Q13655949,http://www.wikidata.org/entity/Q20072751,0,62,,50.728611111111,51.448611111111
KAZ,Cazaquistão,Q13655955,http://www.wikidata.org/entity/Q20072751,0,138,,50.727709,51.843611
KAZ,Cazaquistão,Q13655952,http://www.wikidata.org/entity/Q20072751,0,257,,50.75902,51.678308
KAZ,Cazaquistão,Q13661787,http://www.wikidata.org/entity/Q20072880,0,282,,51.167222222222,53.519444444444
KAZ,Cazaquistão,Q13661785,http://www.wikidata.org/entity/Q20072880,0,698,,51.158888888889,53.764444444444
KAZ,Cazaquistão,Q13661790,http://www.wikidata.org/entity/Q20072880,0,79,,51.178055555556,53.748055555556
KAZ,Cazaquistão,Q13661788,http://www.wikidata.org/entity/Q20072880,0,93,,51.077777777778,53.715
KAZ,Cazaquistão,Q13661794,http://www.wikidata.org/entity/Q20081669,0,41,,50.480022222222,54.279219444444
KAZ,Cazaquistão,Q13661792,http://www.wikidata.org/entity/Q20072880,0,127,,51.255833333333,53.650833333333
KAZ,Cazaquistão,Q13661798,http://www.wikidata.org/entity/Q20081669,0,6,,50.353333333333,54.183611111111
KAZ,Cazaquistão,Q13661799,http://www.wikidata.org/entity/Q16431721,0,628,,50.411111111111,53.865833333333
KAZ,Cazaquistão,Q13661796,http://www.wikidata.org/entity/Q20074211,0,132,,50.625833333333,53.779722222222
KAZ,Cazaquistão,Q13661801,http://www.wikidata.org/entity/Q2737280,0,0,,50.568611111111,54.413611111111
KAZ,Cazaquistão,Q13661806,http://www.wikidata.org/entity/Q16431721,0,264,,50.520833333333,54.056111111111
KAZ,Cazaquistão,Q13661804,http://www.wikidata.org/entity/Q16431721,0,289,,50.326666666667,53.593611111111
KAZ,Cazaquistão,Q13661810,http://www.wikidata.org/entity/Q16431721,0,44,,50.3975,53.766388888889
KAZ,Cazaquistão,Q13661808,http://www.wikidata.org/entity/Q487439,0,359,,51.170277777778,53.937777777778
KAZ,Cazaquistão,Q13664453,http://www.wikidata.org/entity/Q20078350,0,1339,,51.045117,51.239963
KAZ,Cazaquistão,Q13664458,http://www.wikidata.org/entity/Q20076766,0,2084,,51.255738,51.493592
KAZ,Cazaquistão,Q13664456,http://www.wikidata.org/entity/Q20077092,0,771,,51.13407,51.353352
KAZ,Cazaquistão,Q13664471,http://www.wikidata.org/entity/Q30975182,0,31,,54.066388888889,70.3025
KAZ,Cazaquistão,Q13664469,http://www.wikidata.org/entity/Q30975182,0,19,,54.143611111111,70.269166666667
KAZ,Cazaquistão,Q13664511,http://www.wikidata.org/entity/Q12543155,0,1234,,44.2925,73.035555555556
KAZ,Cazaquistão,Q13664515,http://www.wikidata.org/entity/Q97188591,0,1473,,45.0,72.783333333333
KAZ,Cazaquistão,Q13664512,http://www.wikidata.org/entity/Q12568915,0,978,,44.2275,73.795555555556
KAZ,Cazaquistão,Q13664513,http://www.wikidata.org/entity/Q13403971,0,690,,45.447222222222,73.651111111111
KAZ,Cazaquistão,Q13664519,http://www.wikidata.org/entity/Q13403958,0,315,,45.051388888889,74.042222222222
KAZ,Cazaquistão,Q13664517,http://www.wikidata.org/entity/Q13403958,0,336,,44.935,74.018
KAZ,Cazaquistão,Q13664521,http://www.wikidata.org/entity/Q12568915,0,365,,44.5675,73.861666666667
KAZ,Cazaquistão,Q13664712,http://www.wikidata.org/entity/Q13405665,0,71,,44.149166666667,70.241111111111
KAZ,Cazaquistão,Q13664713,http://www.wikidata.org/entity/Q13405665,0,401,,44.064523,70.327249
KAZ,Cazaquistão,Q13664719,http://www.wikidata.org/entity/Q12566974,0,222,,43.406981,69.691851
KAZ,Cazaquistão,Q13664717,http://www.wikidata.org/entity/Q16720149,0,436,,43.947413888889,70.372788888889
KAZ,Cazaquistão,Q13664723,http://www.wikidata.org/entity/Q12566974,0,885,,43.442326,69.627907
KAZ,Cazaquistão,Q13664721,http://www.wikidata.org/entity/Q12566974,0,468,,43.333544,69.571066
KAZ,Cazaquistão,Q13664725,http://www.wikidata.org/entity/Q13406620,0,258,,44.843866666667,70.167686111111
KAZ,Cazaquistão,Q13664730,http://www.wikidata.org/entity/Q13406620,0,436,,44.828543,70.005383
KAZ,Cazaquistão,Q13664728,http://www.wikidata.org/entity/Q13406620,0,464,,44.83956,70.443292
KAZ,Cazaquistão,Q13664734,http://www.wikidata.org/entity/Q12546900,0,1326,,43.740486111111,69.918097222222
KAZ,Cazaquistão,Q13664732,http://www.wikidata.org/entity/Q12546900,0,1301,,43.783013888889,69.929630555556
KAZ,Cazaquistão,Q13664877,http://www.wikidata.org/entity/Q16699101,0,781,,43.448702777778,69.882955555556
KAZ,Cazaquistão,Q13664882,http://www.wikidata.org/entity/Q16699111,0,645,,43.725833333333,69.941944444444
KAZ,Cazaquistão,Q13664880,http://www.wikidata.org/entity/Q16699101,0,878,,43.511398,69.786515
KAZ,Cazaquistão,Q13664886,http://www.wikidata.org/entity/Q16699070,0,419,,43.730277777778,69.780277777778
KAZ,Cazaquistão,Q13664884,http://www.wikidata.org/entity/Q16699111,0,844,,43.765639,69.959021
KAZ,Cazaquistão,Q13664888,http://www.wikidata.org/entity/Q16699070,0,428,,43.693888888889,69.670833333333
KAZ,Cazaquistão,Q13665079,http://www.wikidata.org/entity/Q30972335,0,576,,53.823888888889,66.062222222222
KAZ,Cazaquistão,Q13665085,http://www.wikidata.org/entity/Q30975029,0,332,,53.99,66.071944444444
KAZ,Cazaquistão,Q13665089,http://www.wikidata.org/entity/Q32417,0,0,,53.765761,66.36446
KAZ,Cazaquistão,Q13665126,http://www.wikidata.org/entity/Q30973858,0,885,,53.918646,72.656794
KAZ,Cazaquistão,Q13665130,http://www.wikidata.org/entity/Q30973858,0,579,,53.746427,72.513628
KAZ,Cazaquistão,Q13665128,http://www.wikidata.org/entity/Q30973858,0,167,,53.85202,72.695332
KAZ,Cazaquistão,Q13665132,http://www.wikidata.org/entity/Q30975233,0,681,,53.825938,73.337431
KAZ,Cazaquistão,Q13665157,http://www.wikidata.org/entity/Q16719057,0,1603,,43.144519444444,70.595875
KAZ,Cazaquistão,Q13665162,http://www.wikidata.org/entity/Q12574685,0,407,,43.283475,70.087852777778
KAZ,Cazaquistão,Q13665160,http://www.wikidata.org/entity/Q16701413,0,1094,,43.408544444444,70.437161111111
KAZ,Cazaquistão,Q13665164,http://www.wikidata.org/entity/Q16691540,0,1417,,43.644180555556,71.291944444444
KAZ,Cazaquistão,Q13665174,http://www.wikidata.org/entity/Q30973873,0,279,,53.889444444444,73.108333333333
KAZ,Cazaquistão,Q13666723,http://www.wikidata.org/entity/Q13416813,0,1358,,43.829225,73.950938888889
KAZ,Cazaquistão,Q13666721,http://www.wikidata.org/entity/Q13416756,0,296,,43.620044444444,73.717944444444
KAZ,Cazaquistão,Q13666727,http://www.wikidata.org/entity/Q12541025,0,334,,43.786666666667,73.803902777778
KAZ,Cazaquistão,Q13666725,http://www.wikidata.org/entity/Q16691557,0,1955,,43.254066666667,74.026730555556
KAZ,Cazaquistão,Q13666731,http://www.wikidata.org/entity/Q12542356,0,2473,,43.476544444444,73.843069444444
KAZ,Cazaquistão,Q13666729,http://www.wikidata.org/entity/Q12536715,0,1971,,43.547822222222,73.857425
KAZ,Cazaquistão,Q13666735,http://www.wikidata.org/entity/Q12579600,0,1518,,43.686338888889,73.63785
KAZ,Cazaquistão,Q13666733,http://www.wikidata.org/entity/Q12532268,0,1181,,43.839863888889,73.541758333333
KAZ,Cazaquistão,Q13666738,http://www.wikidata.org/entity/Q12575803,0,1700,,43.80275,73.682111111111
KAZ,Cazaquistão,Q13666737,http://www.wikidata.org/entity/Q12541139,0,5371,,43.633333333333,73.810555555556
KAZ,Cazaquistão,Q13666742,http://www.wikidata.org/entity/Q13416815,0,2567,,43.687369444444,73.802933333333
KAZ,Cazaquistão,Q13666740,http://www.wikidata.org/entity/Q12551100,0,1413,,43.350286111111,74.088033333333
KAZ,Cazaquistão,Q13666905,http://www.wikidata.org/entity/Q12540442,0,877,,49.670277777778,72.381111111111
KAZ,Cazaquistão,Q13666919,http://www.wikidata.org/entity/Q30516,0,461,,53.419722222222,72.7575
KAZ,Cazaquistão,Q13666931,http://www.wikidata.org/entity/Q30975232,0,321,,53.468329,73.197355
KAZ,Cazaquistão,Q13666978,http://www.wikidata.org/entity/Q30975232,0,85,,53.423088,73.090925
KAZ,Cazaquistão,Q13666976,http://www.wikidata.org/entity/Q30975232,0,595,,53.562285,72.932825
KAZ,Cazaquistão,Q13666982,http://www.wikidata.org/entity/Q30973877,0,239,,53.076909,73.552179
KAZ,Cazaquistão,Q13666980,http://www.wikidata.org/entity/Q30973877,0,378,,52.913664,73.550205
KAZ,Cazaquistão,Q13666984,http://www.wikidata.org/entity/Q30516,0,37,,52.975263,73.613892
KAZ,Cazaquistão,Q13667014,http://www.wikidata.org/entity/Q12554186,0,200,,49.661388888889,72.693888888889
KAZ,Cazaquistão,Q13667013,http://www.wikidata.org/entity/Q12554186,0,198,,49.648611111111,72.711666666667
KAZ,Cazaquistão,Q13667016,http://www.wikidata.org/entity/Q12554186,0,936,,49.643611111111,72.740277777778
KAZ,Cazaquistão,Q13667022,http://www.wikidata.org/entity/Q13419189,0,73,,49.537777777778,73.278333333333
KAZ,Cazaquistão,Q13667024,http://www.wikidata.org/entity/Q30975230,0,155,,52.963478,71.943026
KAZ,Cazaquistão,Q13792807,http://www.wikidata.org/entity/Q13423389,0,1428,,50.17833333,72.73888889
KAZ,Cazaquistão,Q14102921,http://www.wikidata.org/entity/Q12558023,0,697,,43.88555556,52.08111111
KAZ,Cazaquistão,Q14105521,http://www.wikidata.org/entity/Q28671098,0,889,,51.9959,71.0827
KAZ,Cazaquistão,Q14107750,http://www.wikidata.org/entity/Q56367166,0,201,,51.96279,66.706658
KAZ,Cazaquistão,Q14139753,http://www.wikidata.org/entity/Q2668108,0,962,,48.75861111,67.51361111
KAZ,Cazaquistão,Q14200832,http://www.wikidata.org/entity/Q12558023,0,118,,43.85416667,52.495
KAZ,Cazaquistão,Q14558614,http://www.wikidata.org/entity/Q613774,0,6396,,47.57803333,83.68352222
KAZ,Cazaquistão,Q15617570,http://www.wikidata.org/entity/Q2554567,0,32,,40.869722222222,68.083333333333
KAZ,Cazaquistão,Q15617571,http://www.wikidata.org/entity/Q2554567,0,44,,40.895833333333,68.091666666667
KAZ,Cazaquistão,Q15617574,http://www.wikidata.org/entity/Q2554567,0,239,,40.7325,68.54027778
KAZ,Cazaquistão,Q15617575,http://www.wikidata.org/entity/Q2554567,0,1473,,40.79916667,68.18666667
KAZ,Cazaquistão,Q15617572,http://www.wikidata.org/entity/Q2554567,0,1367,,40.72638889,68.56444444
KAZ,Cazaquistão,Q15617573,http://www.wikidata.org/entity/Q2554567,0,359,,40.69305556,68.56972222
KAZ,Cazaquistão,Q15617578,http://www.wikidata.org/entity/Q2554567,0,2255,,40.78222222,68.13277778
KAZ,Cazaquistão,Q15617577,http://www.wikidata.org/entity/Q2554567,0,1160,,40.8125,68.06694444
KAZ,Cazaquistão,Q15617582,http://www.wikidata.org/entity/Q2554567,0,848,,40.60694444,68.42333333
KAZ,Cazaquistão,Q15617583,http://www.wikidata.org/entity/Q2554567,0,2004,,40.66694444,68.52416667
KAZ,Cazaquistão,Q15617580,http://www.wikidata.org/entity/Q2554567,0,2397,,40.75666667,68.16805556
KAZ,Cazaquistão,Q15617581,http://www.wikidata.org/entity/Q2554567,0,1237,,40.764444444444,68.182780555556
KAZ,Cazaquistão,Q15617586,http://www.wikidata.org/entity/Q2554567,0,1505,,40.63611111,68.44027778
KAZ,Cazaquistão,Q15617587,http://www.wikidata.org/entity/Q2554567,0,83,,40.65388889,68.48722222
KAZ,Cazaquistão,Q15617585,http://www.wikidata.org/entity/Q2554567,0,379,,40.59972222,68.49833333
KAZ,Cazaquistão,Q15617591,http://www.wikidata.org/entity/Q2554567,0,2192,,40.7275,68.24888889
KAZ,Cazaquistão,Q15617588,http://www.wikidata.org/entity/Q2554567,0,883,,40.67388889,68.47583333
KAZ,Cazaquistão,Q15617594,http://www.wikidata.org/entity/Q2554567,0,1454,,40.73777778,68.29444444
KAZ,Cazaquistão,Q15617595,http://www.wikidata.org/entity/Q2554567,0,2513,,40.71055556,68.22611111
KAZ,Cazaquistão,Q15617592,http://www.wikidata.org/entity/Q2554567,0,1165,,40.72972222,68.20333333
KAZ,Cazaquistão,Q15617593,http://www.wikidata.org/entity/Q2554567,0,1672,,40.74805556,68.26583333
KAZ,Cazaquistão,Q15617618,http://www.wikidata.org/entity/Q2554567,0,1203,,41.026388888889,68.247222222222
KAZ,Cazaquistão,Q15617619,http://www.wikidata.org/entity/Q2554567,0,1682,,40.988888888889,68.266666666667
KAZ,Cazaquistão,Q15617621,http://www.wikidata.org/entity/Q2554567,0,3035,,40.997222222222,68.272222222222
KAZ,Cazaquistão,Q15617638,http://www.wikidata.org/entity/Q2554567,0,918,,40.927777777778,68.408333333333
KAZ,Cazaquistão,Q15617646,http://www.wikidata.org/entity/Q2554567,0,194,,40.933333333333,68.2075
KAZ,Cazaquistão,Q15617647,http://www.wikidata.org/entity/Q2554567,0,664,,41.015277777778,68.2
KAZ,Cazaquistão,Q15617644,http://www.wikidata.org/entity/Q2554567,0,85,,40.82166667,68.18
KAZ,Cazaquistão,Q15617645,http://www.wikidata.org/entity/Q2554567,0,679,,41.005555555556,68.208333333333
KAZ,Cazaquistão,Q15617648,http://www.wikidata.org/entity/Q2554567,0,886,,40.68638889,68.39777778
KAZ,Cazaquistão,Q15617649,http://www.wikidata.org/entity/Q2554567,0,1005,,40.66305556,68.44055556
KAZ,Cazaquistão,Q15617654,http://www.wikidata.org/entity/Q2554567,0,2061,,40.81861111,68.55166667
KAZ,Cazaquistão,Q15617655,http://www.wikidata.org/entity/Q2554567,0,1226,,40.79694444,68.48777778
KAZ,Cazaquistão,Q15617652,http://www.wikidata.org/entity/Q2554567,0,1493,,40.80333333,68.54416667
KAZ,Cazaquistão,Q15617653,http://www.wikidata.org/entity/Q2554567,0,1567,,40.80611111,68.535
KAZ,Cazaquistão,Q15617658,http://www.wikidata.org/entity/Q2554567,0,1687,,40.93444444,68.49138889
KAZ,Cazaquistão,Q15617659,http://www.wikidata.org/entity/Q2554567,0,754,,40.9025,68.454722222222
KAZ,Cazaquistão,Q15617657,http://www.wikidata.org/entity/Q2554567,0,1319,,40.82638889,68.48277778
KAZ,Cazaquistão,Q15617662,http://www.wikidata.org/entity/Q2554567,0,757,,40.888888888889,68.465277777778
KAZ,Cazaquistão,Q15617660,http://www.wikidata.org/entity/Q2554567,0,335,,40.888888888889,68.448055555556
KAZ,Cazaquistão,Q15617661,http://www.wikidata.org/entity/Q2554567,0,2301,,40.89638889,68.49305556
KAZ,Cazaquistão,Q15617728,http://www.wikidata.org/entity/Q2554567,0,459,,40.977777777778,68.368055555556
KAZ,Cazaquistão,Q15918855,http://www.wikidata.org/entity/Q75318,0,1411,,42.198639,69.95646
KAZ,Cazaquistão,Q15918853,http://www.wikidata.org/entity/Q75318,0,616,,42.15211111,69.93170556
KAZ,Cazaquistão,Q15918858,http://www.wikidata.org/entity/Q75318,0,1874,,42.146075,70.01746944
KAZ,Cazaquistão,Q15918859,http://www.wikidata.org/entity/Q75318,0,1263,,42.114619,69.947927
KAZ,Cazaquistão,Q15918856,http://www.wikidata.org/entity/Q75318,0,1495,,42.17389167,69.94502778
KAZ,Cazaquistão,Q15918862,http://www.wikidata.org/entity/Q75318,0,1407,,42.16004444,70.04688056
KAZ,Cazaquistão,Q15918863,http://www.wikidata.org/entity/Q75318,0,499,,42.120431,69.970284
KAZ,Cazaquistão,Q15918860,http://www.wikidata.org/entity/Q75318,0,378,,42.194983,70.046074
KAZ,Cazaquistão,Q15918866,http://www.wikidata.org/entity/Q75318,0,234,,42.100833,69.996979
KAZ,Cazaquistão,Q15918864,http://www.wikidata.org/entity/Q75318,0,583,,42.128434,69.975994
KAZ,Cazaquistão,Q15918865,http://www.wikidata.org/entity/Q75318,0,588,,42.17698056,70.07338889
KAZ,Cazaquistão,Q15918870,http://www.wikidata.org/entity/Q75318,0,340,,42.133893,70.020286
KAZ,Cazaquistão,Q15918871,http://www.wikidata.org/entity/Q75318,0,6057,,42.09475278,69.89362778
KAZ,Cazaquistão,Q15918869,http://www.wikidata.org/entity/Q75318,0,336,,42.14638889,70.04416667
KAZ,Cazaquistão,Q15918875,http://www.wikidata.org/entity/Q75318,0,1999,,42.05656,69.89278
KAZ,Cazaquistão,Q15918872,http://www.wikidata.org/entity/Q75318,0,1251,,42.091981,69.816027
KAZ,Cazaquistão,Q15918873,http://www.wikidata.org/entity/Q75318,0,934,,42.082076,69.938014
KAZ,Cazaquistão,Q15918876,http://www.wikidata.org/entity/Q75318,0,4723,,42.084233333333,69.871802777778
KAZ,Cazaquistão,Q15918877,http://www.wikidata.org/entity/Q75318,0,1133,,42.11083333,69.86333333
KAZ,Cazaquistão,Q15918910,http://www.wikidata.org/entity/Q75318,0,541,,42.309949,70.23711
KAZ,Cazaquistão,Q15918911,http://www.wikidata.org/entity/Q75318,0,1047,,42.261081,70.204904
KAZ,Cazaquistão,Q15918909,http://www.wikidata.org/entity/Q75318,0,841,,42.279834,70.359799
KAZ,Cazaquistão,Q15918914,http://www.wikidata.org/entity/Q75318,0,2065,,42.28647778,70.23435
KAZ,Cazaquistão,Q15918915,http://www.wikidata.org/entity/Q75318,0,609,,42.27080278,70.36537778
KAZ,Cazaquistão,Q15918918,http://www.wikidata.org/entity/Q75318,0,2113,,42.225152777778,70.172369444444
KAZ,Cazaquistão,Q15918919,http://www.wikidata.org/entity/Q75318,0,666,,42.19599444,70.16296111
KAZ,Cazaquistão,Q15918916,http://www.wikidata.org/entity/Q75318,0,625,,42.205555555556,70.198611111111
KAZ,Cazaquistão,Q15918922,http://www.wikidata.org/entity/Q75318,0,544,,42.22191,70.07337
KAZ,Cazaquistão,Q15918923,http://www.wikidata.org/entity/Q75318,0,1713,,42.193611111111,70.119166666667
KAZ,Cazaquistão,Q15918921,http://www.wikidata.org/entity/Q75318,0,1094,,42.234968,70.190742
KAZ,Cazaquistão,Q15918927,http://www.wikidata.org/entity/Q75318,0,759,,42.269444444444,70.186388888889
KAZ,Cazaquistão,Q15918925,http://www.wikidata.org/entity/Q75318,0,1556,,42.242222222222,70.135833333333
KAZ,Cazaquistão,Q15918928,http://www.wikidata.org/entity/Q75318,0,453,,42.257015,70.101521
KAZ,Cazaquistão,Q15918929,http://www.wikidata.org/entity/Q75318,0,1160,,42.29574444,70.15448056
KAZ,Cazaquistão,Q15918940,http://www.wikidata.org/entity/Q75318,0,3191,,42.22829444,69.49481111
KAZ,Cazaquistão,Q16071059,http://www.wikidata.org/entity/Q30973132,0,293,,54.50243,69.217973
KAZ,Cazaquistão,Q16271862,http://www.wikidata.org/entity/Q2554467,0,103,,43.979769,51.750237
KAZ,Cazaquistão,Q16271864,http://www.wikidata.org/entity/Q30972379,0,306,,53.210505,67.350998
KAZ,Cazaquistão,Q16272027,http://www.wikidata.org/entity/Q30974454,0,470,,53.11070833,63.79498333
KAZ,Cazaquistão,Q16272032,http://www.wikidata.org/entity/Q20098604,0,2228,,44.94916667,65.54361111
KAZ,Cazaquistão,Q16272423,http://www.wikidata.org/entity/Q619361,0,44,,53.19916667,63.28583333
KAZ,Cazaquistão,Q16272426,http://www.wikidata.org/entity/Q56368464,0,164,,53.550864,75.517259
KAZ,Cazaquistão,Q16272429,http://www.wikidata.org/entity/Q574486,0,1961,,42.38503889,69.97315556
KAZ,Cazaquistão,Q16272433,http://www.wikidata.org/entity/Q1378355,0,750,,51.44858611,61.33842222
KAZ,Cazaquistão,Q16272436,http://www.wikidata.org/entity/Q2668108,0,205,,46.80666667,68.31583333
KAZ,Cazaquistão,Q16272798,http://www.wikidata.org/entity/Q2554511,0,929,,42.492226,70.320261
KAZ,Cazaquistão,Q16272815,http://www.wikidata.org/entity/Q30974451,0,1753,,53.54773889,63.87875
KAZ,Cazaquistão,Q16272829,http://www.wikidata.org/entity/Q56368534,0,853,,52.33916667,78.67722222
KAZ,Cazaquistão,Q16272849,http://www.wikidata.org/entity/Q29583140,0,271,,53.68091111,62.64525556
KAZ,Cazaquistão,Q16272861,http://www.wikidata.org/entity/Q2736634,0,0,,50.96277778,52.42222222
KAZ,Cazaquistão,Q16272878,http://www.wikidata.org/entity/Q2554498,0,671,,52.52944444,78.50444444
KAZ,Cazaquistão,Q16272918,http://www.wikidata.org/entity/Q12528366,0,162,,53.62166667,63.91888889
KAZ,Cazaquistão,Q16272924,http://www.wikidata.org/entity/Q2283566,0,0,,49.57138889,72.67333333
KAZ,Cazaquistão,Q16272928,http://www.wikidata.org/entity/Q522660,0,661,,43.03749444,69.89025833
KAZ,Cazaquistão,Q16272940,http://www.wikidata.org/entity/Q2554567,0,617,,40.911111111111,68.398611111111
KAZ,Cazaquistão,Q16272950,http://www.wikidata.org/entity/Q976752,0,67,,45.84555556,62.23138889
KAZ,Cazaquistão,Q16272954,http://www.wikidata.org/entity/Q12543158,0,883,,53.36358611,63.81851944
KAZ,Cazaquistão,Q16272964,http://www.wikidata.org/entity/Q16434333,0,1537,,51.73583333,62.34833333
KAZ,Cazaquistão,Q16272968,http://www.wikidata.org/entity/Q30974455,0,1019,,53.14277778,63.61833333
KAZ,Cazaquistão,Q16272974,http://www.wikidata.org/entity/Q1370228,0,1194,,41.86488889,69.68045833
KAZ,Cazaquistão,Q16272979,http://www.wikidata.org/entity/Q2554428,0,998,,42.394495,69.422765
KAZ,Cazaquistão,Q16272982,http://www.wikidata.org/entity/Q698941,0,158,,50.00722222,66.21555556
KAZ,Cazaquistão,Q16272988,http://www.wikidata.org/entity/Q1010136,0,115,,52.7875,65.51833333
KAZ,Cazaquistão,Q16273000,http://www.wikidata.org/entity/Q16723612,0,843,,43.710727,71.100032
KAZ,Cazaquistão,Q16273518,http://www.wikidata.org/entity/Q2554556,0,941,,43.582629,69.337463
KAZ,Cazaquistão,Q16273526,http://www.wikidata.org/entity/Q30973995,0,301,,50.96980278,71.96199722
KAZ,Cazaquistão,Q16273545,http://www.wikidata.org/entity/Q2605432,0,68,,41.244318,68.068799
KAZ,Cazaquistão,Q16273556,http://www.wikidata.org/entity/Q2554452,0,1143,,41.554662,69.488033
KAZ,Cazaquistão,Q16273560,http://www.wikidata.org/entity/Q574486,0,1677,,42.274359,69.599714
KAZ,Cazaquistão,Q16676429,http://www.wikidata.org/entity/Q12575103,0,195,,48.906621,75.234883
KAZ,Cazaquistão,Q16676445,http://www.wikidata.org/entity/Q793969,0,69,,54.09777778,63.83472222
KAZ,Cazaquistão,Q16676619,http://www.wikidata.org/entity/Q1249595,0,0,,53.52166667,65.76861111
KAZ,Cazaquistão,Q16676686,http://www.wikidata.org/entity/Q698941,0,217,,50.53694444,66.23472222
KAZ,Cazaquistão,Q16676687,http://www.wikidata.org/entity/Q16707080,0,634,,50.43277778,73.24722222
KAZ,Cazaquistão,Q16676691,http://www.wikidata.org/entity/Q1650873,0,706,,53.79019444,63.37173333
KAZ,Cazaquistão,Q16676689,http://www.wikidata.org/entity/Q30969552,0,111,,52.63416667,62.76944444
KAZ,Cazaquistão,Q16677137,http://www.wikidata.org/entity/Q25563,0,0,,52.402105,67.971382
KAZ,Cazaquistão,Q16678541,http://www.wikidata.org/entity/Q30975037,0,218,,53.293028,67.065182
KAZ,Cazaquistão,Q16680250,http://www.wikidata.org/entity/Q431619,0,26,,52.39364722,63.07308889
KAZ,Cazaquistão,Q16680439,http://www.wikidata.org/entity/Q75318,0,322,,42.153924,69.817987
KAZ,Cazaquistão,Q16680513,http://www.wikidata.org/entity/Q2565654,0,0,,51.98111111,72.46222222
KAZ,Cazaquistão,Q16680535,http://www.wikidata.org/entity/Q30974457,0,688,,53.35634722,63.96559167
KAZ,Cazaquistão,Q16680623,http://www.wikidata.org/entity/Q16709058,0,787,,48.45333333,73.21222222
KAZ,Cazaquistão,Q16680664,http://www.wikidata.org/entity/Q574486,0,2156,,42.33820556,69.97139444
KAZ,Cazaquistão,Q16680772,http://www.wikidata.org/entity/Q793969,0,235,,53.71643611,64.40598889
KAZ,Cazaquistão,Q16680780,http://www.wikidata.org/entity/Q58179,0,0,,52.977126,74.525284
KAZ,Cazaquistão,Q16680863,http://www.wikidata.org/entity/Q30969519,0,447,,52.88159444,62.40116667
KAZ,Cazaquistão,Q16680865,http://www.wikidata.org/entity/Q2554498,0,157,,52.44416667,78.6375
KAZ,Cazaquistão,Q16681134,http://www.wikidata.org/entity/Q44486,0,0,,54.35361111,76.74416667
KAZ,Cazaquistão,Q16681570,http://www.wikidata.org/entity/Q30975037,0,1085,,53.19944444,67.03611111
KAZ,Cazaquistão,Q16688205,http://www.wikidata.org/entity/Q30975037,0,938,,53.21916667,66.91944444
KAZ,Cazaquistão,Q16694762,http://www.wikidata.org/entity/Q1520,0,346243,,51.1833,71.4167
KAZ,Cazaquistão,Q16701578,http://www.wikidata.org/entity/Q30975035,0,666,,52.83684,66.560326
KAZ,Cazaquistão,Q16702087,http://www.wikidata.org/entity/Q30975035,0,75,,52.75555556,66.41916667
KAZ,Cazaquistão,Q16702121,http://www.wikidata.org/entity/Q30975033,0,74,,52.772291,66.555948
KAZ,Cazaquistão,Q16710371,http://www.wikidata.org/entity/Q30975035,0,828,,52.771875,66.50136
KAZ,Cazaquistão,Q16717966,http://www.wikidata.org/entity/Q30975033,0,506,,52.697245,66.62899
KAZ,Cazaquistão,Q16720838,http://www.wikidata.org/entity/Q30972374,0,777,,52.430792,66.750784
KAZ,Cazaquistão,Q21103615,http://www.wikidata.org/entity/Q25563,0,0,,53.00363,66.96836
KAZ,Cazaquistão,Q21103630,http://www.wikidata.org/entity/Q25563,0,0,,52.48194,66.35742
KAZ,Cazaquistão,Q21103799,http://www.wikidata.org/entity/Q25563,0,0,,52.42964,66.72752
KAZ,Cazaquistão,Q16273566,http://www.wikidata.org/entity/Q574486,0,3387,,42.251938,69.735614
KAZ,Cazaquistão,Q16273577,http://www.wikidata.org/entity/Q574486,0,3046,,42.257745,69.703325
KAZ,Cazaquistão,Q16273605,http://www.wikidata.org/entity/Q2554452,0,266,,41.301944444444,68.463333333333
KAZ,Cazaquistão,Q16273609,http://www.wikidata.org/entity/Q1010136,0,9,,53.041832,65.460563
KAZ,Cazaquistão,Q16273624,http://www.wikidata.org/entity/Q2726480,0,256,,48.291331,70.940695
KAZ,Cazaquistão,Q16273630,http://www.wikidata.org/entity/Q522660,0,1638,,42.993897222222,69.908333333333
KAZ,Cazaquistão,Q16273647,http://www.wikidata.org/entity/Q491123,0,144,,44.90472222,65.40138889
KAZ,Cazaquistão,Q16273654,http://www.wikidata.org/entity/Q1650873,0,72,,54.18333333,63.32222222
KAZ,Cazaquistão,Q16273669,http://www.wikidata.org/entity/Q56368482,0,919,,52.955981,76.422859
KAZ,Cazaquistão,Q16273673,http://www.wikidata.org/entity/Q16692215,0,1916,,50.21965556,72.899975
KAZ,Cazaquistão,Q16273994,http://www.wikidata.org/entity/Q20098232,0,879,,45.97833333,61.94055556
KAZ,Cazaquistão,Q16273998,http://www.wikidata.org/entity/Q12549975,0,288,,49.205486,73.152366
KAZ,Cazaquistão,Q16274010,http://www.wikidata.org/entity/Q13422872,0,645,,50.07444444,74.2975
KAZ,Cazaquistão,Q16274027,http://www.wikidata.org/entity/Q30969598,0,710,,53.88784167,62.13522778
KAZ,Cazaquistão,Q16274024,http://www.wikidata.org/entity/Q12528966,0,198,,49.058992,76.237729
KAZ,Cazaquistão,Q16274070,http://www.wikidata.org/entity/Q30972169,0,240,,52.590639,65.433526
KAZ,Cazaquistão,Q16274073,http://www.wikidata.org/entity/Q30969842,0,783,,52.80478333,63.27721111
KAZ,Cazaquistão,Q16274146,http://www.wikidata.org/entity/Q56368453,0,284,,53.588888,75.217968
KAZ,Cazaquistão,Q16274207,http://www.wikidata.org/entity/Q56368746,0,248,,52.501385,76.931577
KAZ,Cazaquistão,Q16274236,http://www.wikidata.org/entity/Q30972367,0,421,,52.90583333,66.91805556
KAZ,Cazaquistão,Q16274410,http://www.wikidata.org/entity/Q56368742,0,426,,52.08188,77.118688
KAZ,Cazaquistão,Q16274413,http://www.wikidata.org/entity/Q2554452,0,2447,,41.22805556,68.61777778
KAZ,Cazaquistão,Q16274418,http://www.wikidata.org/entity/Q30972358,0,915,,53.04138889,66.72361111
KAZ,Cazaquistão,Q16274417,http://www.wikidata.org/entity/Q16693829,0,5049,,43.663339,73.808627
KAZ,Cazaquistão,Q16274428,http://www.wikidata.org/entity/Q2554452,0,1342,,41.365277777778,68.931944444444
KAZ,Cazaquistão,Q16274442,http://www.wikidata.org/entity/Q2476538,0,138,,53.13948889,64.407625
KAZ,Cazaquistão,Q16274454,http://www.wikidata.org/entity/Q75251,0,205,,53.363512,76.12597
KAZ,Cazaquistão,Q16274460,http://www.wikidata.org/entity/Q44486,0,55,,53.86417,76.680952
KAZ,Cazaquistão,Q16274485,http://www.wikidata.org/entity/Q75251,0,27,,53.224998,75.692182
KAZ,Cazaquistão,Q16274494,http://www.wikidata.org/entity/Q2554534,0,339,,53.444002,77.576595
KAZ,Cazaquistão,Q16274498,http://www.wikidata.org/entity/Q56368745,0,403,,52.618579,77.210441
KAZ,Cazaquistão,Q16274496,http://www.wikidata.org/entity/Q703004,0,71,,51.81777778,61.55527778
KAZ,Cazaquistão,Q16274502,http://www.wikidata.org/entity/Q20098254,0,984,,46.14093333,61.223375
KAZ,Cazaquistão,Q16274507,http://www.wikidata.org/entity/Q30969552,0,192,,52.63096944,62.73786389
KAZ,Cazaquistão,Q16274519,http://www.wikidata.org/entity/Q2668108,0,64,,48.26557,66.563237
KAZ,Cazaquistão,Q16274522,http://www.wikidata.org/entity/Q2605432,0,84,,41.349105,68.033537
KAZ,Cazaquistão,Q16274520,http://www.wikidata.org/entity/Q20098991,0,305,,44.15833282,52.94499969
KAZ,Cazaquistão,Q16274534,http://www.wikidata.org/entity/Q12549139,0,1179,,43.94141667,70.81280556
KAZ,Cazaquistão,Q16274571,http://www.wikidata.org/entity/Q30974977,0,790,,53.61435,66.02939722
KAZ,Cazaquistão,Q16274575,http://www.wikidata.org/entity/Q16431402,0,116,,53.85555556,62.3375
KAZ,Cazaquistão,Q16274589,http://www.wikidata.org/entity/Q30972374,0,18,,52.470652,66.762114
KAZ,Cazaquistão,Q16274638,http://www.wikidata.org/entity/Q30975033,0,51,,52.76767,66.71907
KAZ,Cazaquistão,Q16431147,http://www.wikidata.org/entity/Q2554556,0,717,,44.137039,68.425977
KAZ,Cazaquistão,Q16431818,http://www.wikidata.org/entity/Q2550775,0,666,,48.943044,83.046216
KAZ,Cazaquistão,Q16432023,http://www.wikidata.org/entity/Q2554428,0,16350,,42.487922,69.420276
KAZ,Cazaquistão,Q16432594,http://www.wikidata.org/entity/Q2554452,0,1770,,41.411932,68.797367
KAZ,Cazaquistão,Q16432759,http://www.wikidata.org/entity/Q2550803,0,3421,,46.99965833,81.74812778
KAZ,Cazaquistão,Q16433371,http://www.wikidata.org/entity/Q2554511,0,1579,,42.58395,69.97878889
KAZ,Cazaquistão,Q16433504,http://www.wikidata.org/entity/Q1315785,0,5242,,43.42999,68.27556
KAZ,Cazaquistão,Q16433586,http://www.wikidata.org/entity/Q30975231,0,425,,54.290845,72.262487
KAZ,Cazaquistão,Q16433630,http://www.wikidata.org/entity/Q61366512,0,566,,51.99434,74.916587
KAZ,Cazaquistão,Q16433637,http://www.wikidata.org/entity/Q2554452,0,1977,,41.41037,69.157239
KAZ,Cazaquistão,Q16433850,http://www.wikidata.org/entity/Q2605432,0,6125,,41.47664444,68.02590278
KAZ,Cazaquistão,Q16434130,http://www.wikidata.org/entity/Q20098342,0,1979,,44.89223889,64.57494444
KAZ,Cazaquistão,Q16434227,http://www.wikidata.org/entity/Q20098371,0,1992,,43.82777778,67.17083333
KAZ,Cazaquistão,Q16434274,http://www.wikidata.org/entity/Q2554452,0,3397,,41.56833333,69.08305556
KAZ,Cazaquistão,Q16434405,http://www.wikidata.org/entity/Q2556249,0,878,,46.470578,81.533605
KAZ,Cazaquistão,Q16434417,http://www.wikidata.org/entity/Q20098679,0,1344,,44.85361111,64.45277778
KAZ,Cazaquistão,Q16434712,http://www.wikidata.org/entity/Q2554428,0,2031,,42.433783,69.294963
KAZ,Cazaquistão,Q16630059,http://www.wikidata.org/entity/Q30972181,0,1068,,53.52289167,65.93435556
KAZ,Cazaquistão,Q16630288,http://www.wikidata.org/entity/Q431619,0,0,,52.44277778,62.97305556
KAZ,Cazaquistão,Q16630557,http://www.wikidata.org/entity/Q1249595,0,241,,53.109638,65.960441
KAZ,Cazaquistão,Q16630566,http://www.wikidata.org/entity/Q1377553,0,0,,53.34611111,62.04444444
KAZ,Cazaquistão,Q16630613,http://www.wikidata.org/entity/Q30969853,0,2677,,53.45872778,64.03413333
KAZ,Cazaquistão,Q16630639,http://www.wikidata.org/entity/Q1650873,0,458,,53.53194444,62.71972222
KAZ,Cazaquistão,Q16630824,http://www.wikidata.org/entity/Q2726397,0,69,,46.05861111,61.70361111
KAZ,Cazaquistão,Q16630828,http://www.wikidata.org/entity/Q976752,0,81,,45.77174722,62.18928889
KAZ,Cazaquistão,Q16631101,http://www.wikidata.org/entity/Q30975033,0,408,,52.797416,66.753359
KAZ,Cazaquistão,Q16631141,http://www.wikidata.org/entity/Q2554534,0,301,,52.822319,77.85975
KAZ,Cazaquistão,Q16631356,http://www.wikidata.org/entity/Q1378355,0,720,,51.63055556,60.93222222
KAZ,Cazaquistão,Q16631407,http://www.wikidata.org/entity/Q16433550,0,187,,53.86472222,62.65666667
KAZ,Cazaquistão,Q16631416,http://www.wikidata.org/entity/Q12574554,0,212,,49.882496,72.463024
KAZ,Cazaquistão,Q16631488,http://www.wikidata.org/entity/Q12559095,0,189,,54.590019,65.588372
KAZ,Cazaquistão,Q16631534,http://www.wikidata.org/entity/Q30975034,0,786,,52.66119,66.59684
KAZ,Cazaquistão,Q16631719,http://www.wikidata.org/entity/Q20098318,0,314,,53.43222222,64.4175
KAZ,Cazaquistão,Q16631758,http://www.wikidata.org/entity/Q431619,0,84,,52.82777778,62.67305556
KAZ,Cazaquistão,Q16631817,http://www.wikidata.org/entity/Q56368500,0,75,,53.360029,76.246391
KAZ,Cazaquistão,Q16631853,http://www.wikidata.org/entity/Q2737283,0,0,,50.88111111,53.14527778
KAZ,Cazaquistão,Q16631856,http://www.wikidata.org/entity/Q1377553,0,498,,53.80935833,62.07715278
KAZ,Cazaquistão,Q16639802,http://www.wikidata.org/entity/Q30975033,0,62,,52.803384,66.823053
KAZ,Cazaquistão,Q16646516,http://www.wikidata.org/entity/Q30975034,0,834,,52.58555556,66.49361111
KAZ,Cazaquistão,Q16646613,http://www.wikidata.org/entity/Q30972190,0,181,,53.18333333,65.63361111
KAZ,Cazaquistão,Q16646660,http://www.wikidata.org/entity/Q2726463,0,3993,,49.73285278,72.91954722
KAZ,Cazaquistão,Q16648877,http://www.wikidata.org/entity/Q1520,0,102200,,51.1333,71.4167
KAZ,Cazaquistão,Q16651109,http://www.wikidata.org/entity/Q30975036,0,107,,53.105619,67.450634
KAZ,Cazaquistão,Q16651237,http://www.wikidata.org/entity/Q1427082,0,70,,52.44235556,64.39326111
KAZ,Cazaquistão,Q16651243,http://www.wikidata.org/entity/Q793969,0,207,,54.18722222,64.3375
KAZ,Cazaquistão,Q16651256,http://www.wikidata.org/entity/Q1650873,0,790,,53.64583333,62.71888889
KAZ,Cazaquistão,Q16651263,http://www.wikidata.org/entity/Q30975034,0,0,,52.574785,66.398607
KAZ,Cazaquistão,Q16651260,http://www.wikidata.org/entity/Q30972374,0,201,,52.510423,66.700315
KAZ,Cazaquistão,Q16651266,http://www.wikidata.org/entity/Q13476251,0,337,,49.47972222,75.10472222
KAZ,Cazaquistão,Q16651337,http://www.wikidata.org/entity/Q12574799,0,1483,,49.65630556,72.6788
KAZ,Cazaquistão,Q16651342,http://www.wikidata.org/entity/Q483322,0,30,,49.81305556,64.15166667
KAZ,Cazaquistão,Q16651341,http://www.wikidata.org/entity/Q16702041,0,357,,49.522972222222,72.678805555556
KAZ,Cazaquistão,Q16651345,http://www.wikidata.org/entity/Q2554556,0,1364,,43.58320556,69.25065833
KAZ,Cazaquistão,Q16653504,http://www.wikidata.org/entity/Q2554452,0,348,,41.452961111111,69.313888888889
KAZ,Cazaquistão,Q16661517,http://www.wikidata.org/entity/Q30972379,0,151,,53.043122,67.153072
KAZ,Cazaquistão,Q16661706,http://www.wikidata.org/entity/Q1510481,0,160,,52.94,61.37777778
KAZ,Cazaquistão,Q16661710,http://www.wikidata.org/entity/Q1249595,0,435,,53.28888889,65.09444444
KAZ,Cazaquistão,Q16661708,http://www.wikidata.org/entity/Q25397000,0,730,,52.686269,76.491438
KAZ,Cazaquistão,Q16661715,http://www.wikidata.org/entity/Q20098542,0,575,,44.99944444,65.27694444
KAZ,Cazaquistão,Q16661712,http://www.wikidata.org/entity/Q20098542,0,1997,,45.04111111,65.27472222
KAZ,Cazaquistão,Q16661719,http://www.wikidata.org/entity/Q25396986,0,69,,53.192716,75.649181
KAZ,Cazaquistão,Q16661717,http://www.wikidata.org/entity/Q56367635,0,164,,53.087529,75.760503
KAZ,Cazaquistão,Q16661731,http://www.wikidata.org/entity/Q431619,0,0,,52.38361111,62.46416667
KAZ,Cazaquistão,Q16661733,http://www.wikidata.org/entity/Q12574513,0,227,,47.441876,75.583527
KAZ,Cazaquistão,Q16661736,http://www.wikidata.org/entity/Q30974377,0,1076,,50.28527778,65.375
KAZ,Cazaquistão,Q16661994,http://www.wikidata.org/entity/Q964566,0,36,,54.331415,65.638497
KAZ,Cazaquistão,Q16661996,http://www.wikidata.org/entity/Q2554452,0,2586,,41.197257,68.803053
KAZ,Cazaquistão,Q16662036,http://www.wikidata.org/entity/Q1315249,0,10246,,43.510781,68.345918
KAZ,Cazaquistão,Q16662056,http://www.wikidata.org/entity/Q12574636,0,586,,50.253818,71.479189
KAZ,Cazaquistão,Q16664435,http://www.wikidata.org/entity/Q20098563,0,897,,44.06527778,67.02833333
KAZ,Cazaquistão,Q16664440,http://www.wikidata.org/entity/Q1370228,0,735,,41.908857,69.586802
KAZ,Cazaquistão,Q16665640,http://www.wikidata.org/entity/Q30972374,0,50,,52.355736,66.716537
KAZ,Cazaquistão,Q16665820,http://www.wikidata.org/entity/Q431619,0,38,,52.580757,62.906764
KAZ,Cazaquistão,Q16665840,http://www.wikidata.org/entity/Q20098409,0,202,,45.62361111,63.91083333
KAZ,Cazaquistão,Q16665871,http://www.wikidata.org/entity/Q12549871,0,1387,,50.21790833,74.28036111
KAZ,Cazaquistão,Q16665894,http://www.wikidata.org/entity/Q12552101,0,267,,52.407498,65.324264
KAZ,Cazaquistão,Q16665896,http://www.wikidata.org/entity/Q58179,0,0,,53.12166667,74.65972222
KAZ,Cazaquistão,Q16666009,http://www.wikidata.org/entity/Q964566,0,212,,54.00305556,65.76833333
KAZ,Cazaquistão,Q16666189,http://www.wikidata.org/entity/Q56368741,0,176,,52.408807,77.146497
KAZ,Cazaquistão,Q16666202,http://www.wikidata.org/entity/Q58179,0,831,,53.11629,74.86289
KAZ,Cazaquistão,Q16666200,http://www.wikidata.org/entity/Q1370228,0,1234,,41.87143611,69.64413889
KAZ,Cazaquistão,Q16666206,http://www.wikidata.org/entity/Q20098596,0,379,,46.932213,60.572762
KAZ,Cazaquistão,Q16666218,http://www.wikidata.org/entity/Q574486,0,2247,,42.566561111111,69.715394444444
KAZ,Cazaquistão,Q16666216,http://www.wikidata.org/entity/Q522660,0,480,,43.23166667,68.95638889
KAZ,Cazaquistão,Q16666223,http://www.wikidata.org/entity/Q12577566,0,174,,50.08222222,65.20027778
KAZ,Cazaquistão,Q16666225,http://www.wikidata.org/entity/Q20098597,0,470,,46.151446,61.761653
KAZ,Cazaquistão,Q16666235,http://www.wikidata.org/entity/Q30972141,0,116,,51.97,63.51638889
KAZ,Cazaquistão,Q16667506,http://www.wikidata.org/entity/Q2565597,0,0,,52.5825,68.64194444
KAZ,Cazaquistão,Q16667504,http://www.wikidata.org/entity/Q12559095,0,114,,54.47944444,65.54861111
KAZ,Cazaquistão,Q16667566,http://www.wikidata.org/entity/Q30972189,0,781,,53.32707222,65.10313611
KAZ,Cazaquistão,Q16667599,http://www.wikidata.org/entity/Q12576603,0,774,,52.68892222,62.04301667
KAZ,Cazaquistão,Q16667652,http://www.wikidata.org/entity/Q30974531,0,139,,54.26849167,65.24682222
KAZ,Cazaquistão,Q16667666,http://www.wikidata.org/entity/Q2605432,0,332,,41.193054,67.884011
KAZ,Cazaquistão,Q16667677,http://www.wikidata.org/entity/Q491123,0,91,,44.89416667,65.36694444
KAZ,Cazaquistão,Q16667687,http://www.wikidata.org/entity/Q2476538,0,137,,52.82138889,64.38555556
KAZ,Cazaquistão,Q16667685,http://www.wikidata.org/entity/Q20098501,0,104,,45.84673333,62.41965278
KAZ,Cazaquistão,Q16667689,http://www.wikidata.org/entity/Q703004,0,0,,52.06555556,61.79166667
KAZ,Cazaquistão,Q16668504,http://www.wikidata.org/entity/Q56368453,0,175,,53.704735,75.285259
KAZ,Cazaquistão,Q16668522,http://www.wikidata.org/entity/Q2605432,0,243,,41.216711,68.200796
KAZ,Cazaquistão,Q16668520,http://www.wikidata.org/entity/Q30975033,0,61,,52.759723,66.836443
KAZ,Cazaquistão,Q16668619,http://www.wikidata.org/entity/Q2476619,0,21,,50.05083333,65.72222222
KAZ,Cazaquistão,Q16668657,http://www.wikidata.org/entity/Q2554452,0,347,,41.415277777778,69.087863888889
KAZ,Cazaquistão,Q16668716,http://www.wikidata.org/entity/Q25504818,0,308,,54.33638889,64.55527778
KAZ,Cazaquistão,Q16668732,http://www.wikidata.org/entity/Q1315785,0,939,,43.53934,68.23402
KAZ,Cazaquistão,Q16668742,http://www.wikidata.org/entity/Q20098232,0,528,,45.971555,61.856496
KAZ,Cazaquistão,Q16668754,http://www.wikidata.org/entity/Q12576897,0,802,,50.11944444,64.79055556
KAZ,Cazaquistão,Q16668753,http://www.wikidata.org/entity/Q2554556,0,2063,,43.76903333,69.61406389
KAZ,Cazaquistão,Q16668756,http://www.wikidata.org/entity/Q12564788,0,220,,43.50027778,73.67027778
KAZ,Cazaquistão,Q16668762,http://www.wikidata.org/entity/Q47982,0,48,,51.70448,77.5415
KAZ,Cazaquistão,Q16668764,http://www.wikidata.org/entity/Q1315785,0,1038,,43.36463,68.22818
KAZ,Cazaquistão,Q16668770,http://www.wikidata.org/entity/Q483322,0,51,,50.30555556,64.20166667
KAZ,Cazaquistão,Q16668774,http://www.wikidata.org/entity/Q2554511,0,498,,42.444678,70.423
KAZ,Cazaquistão,Q16668790,http://www.wikidata.org/entity/Q1010136,0,62,,52.79182,65.16827
KAZ,Cazaquistão,Q16668817,http://www.wikidata.org/entity/Q1249595,0,182,,53.64479,65.23535
KAZ,Cazaquistão,Q16668871,http://www.wikidata.org/entity/Q30972366,0,58,,53.221863,66.504192
KAZ,Cazaquistão,Q16668894,http://www.wikidata.org/entity/Q2737287,0,0,,50.08222222,55.50138889
KAZ,Cazaquistão,Q16668907,http://www.wikidata.org/entity/Q12531679,0,177,,50.260321,73.911502
KAZ,Cazaquistão,Q16668909,http://www.wikidata.org/entity/Q2554452,0,1967,,41.404444444444,69.138611111111
KAZ,Cazaquistão,Q16669443,http://www.wikidata.org/entity/Q20098531,0,5484,,44.89083333,65.46777778
KAZ,Cazaquistão,Q16670739,http://www.wikidata.org/entity/Q2726480,0,714,,48.833933,71.393523
KAZ,Cazaquistão,Q16670743,http://www.wikidata.org/entity/Q58179,0,568,,53.550813,74.075904
KAZ,Cazaquistão,Q16670741,http://www.wikidata.org/entity/Q30972169,0,1041,,52.52333333,65.42361111
KAZ,Cazaquistão,Q16670745,http://www.wikidata.org/entity/Q25505435,0,751,,53.98388889,63.27083333
KAZ,Cazaquistão,Q16672058,http://www.wikidata.org/entity/Q30975035,0,859,,52.80388889,66.46805556
KAZ,Cazaquistão,Q16676260,http://www.wikidata.org/entity/Q1427082,0,80,,52.54777778,64.32555556
KAZ,Cazaquistão,Q16676431,http://www.wikidata.org/entity/Q483322,0,388,,50.65555556,62.675
KAZ,Cazaquistão,Q13648499,http://www.wikidata.org/entity/Q30513,0,214,,54.942256,69.884892
KAZ,Cazaquistão,Q13648535,http://www.wikidata.org/entity/Q30513,0,525,,54.631944444444,70.734722222222
KAZ,Cazaquistão,Q13648532,http://www.wikidata.org/entity/Q30513,0,1077,,54.665,71.056944444444
KAZ,Cazaquistão,Q13648538,http://www.wikidata.org/entity/Q30513,0,302,,54.578333333333,70.596944444444
KAZ,Cazaquistão,Q13648763,http://www.wikidata.org/entity/Q30973176,0,807,,54.742777777778,71.014166666667
KAZ,Cazaquistão,Q13648761,http://www.wikidata.org/entity/Q30975166,0,241,,54.962981,70.463648
KAZ,Cazaquistão,Q13648767,http://www.wikidata.org/entity/Q30973176,0,231,,54.725265,70.906706
KAZ,Cazaquistão,Q13648765,http://www.wikidata.org/entity/Q30973176,0,218,,54.756282,70.886536
KAZ,Cazaquistão,Q13648774,http://www.wikidata.org/entity/Q30973184,0,411,,54.296242,70.51034
KAZ,Cazaquistão,Q13648772,http://www.wikidata.org/entity/Q30975164,0,279,,54.638032,70.162039
KAZ,Cazaquistão,Q13649003,http://www.wikidata.org/entity/Q41229,0,129,,54.294889,68.67219
KAZ,Cazaquistão,Q13649001,http://www.wikidata.org/entity/Q41229,0,85,,54.252139,68.640776
KAZ,Cazaquistão,Q13649016,http://www.wikidata.org/entity/Q41229,0,23,,54.149793,68.622966
KAZ,Cazaquistão,Q13649050,http://www.wikidata.org/entity/Q2737292,0,1104,,46.733333333333,50.133333333333
KAZ,Cazaquistão,Q13649052,http://www.wikidata.org/entity/Q20098124,0,388,,47.247543,51.553602
KAZ,Cazaquistão,Q13649056,http://www.wikidata.org/entity/Q20098416,0,145,,46.820833333333,50.298611111111
KAZ,Cazaquistão,Q13649106,http://www.wikidata.org/entity/Q12551351,0,836,,46.60065,48.6256
KAZ,Cazaquistão,Q13649111,http://www.wikidata.org/entity/Q12541449,0,242,,46.5675,48.867777777778
KAZ,Cazaquistão,Q13649108,http://www.wikidata.org/entity/Q12551351,0,450,,46.606666666667,48.645555555556
KAZ,Cazaquistão,Q13649109,http://www.wikidata.org/entity/Q2737276,0,3009,,46.610902777778,49.058605555556
KAZ,Cazaquistão,Q13649115,http://www.wikidata.org/entity/Q12541449,0,297,,46.58095,49.011202777778
KAZ,Cazaquistão,Q13649113,http://www.wikidata.org/entity/Q12541449,0,145,,46.570555555556,49.019444444444
KAZ,Cazaquistão,Q13649118,http://www.wikidata.org/entity/Q12550153,0,451,,46.49,48.8225
KAZ,Cazaquistão,Q13649116,http://www.wikidata.org/entity/Q12550153,0,1071,,46.521111111111,48.796666666667
KAZ,Cazaquistão,Q13649120,http://www.wikidata.org/entity/Q12550153,0,803,,46.503888888889,48.811111111111
KAZ,Cazaquistão,Q13649126,http://www.wikidata.org/entity/Q16431962,0,100,,46.633055555556,49.520833333333
KAZ,Cazaquistão,Q13649136,http://www.wikidata.org/entity/Q2737276,0,1333,,46.549444444444,49.207777777778
KAZ,Cazaquistão,Q13649285,http://www.wikidata.org/entity/Q1099244,0,1954,,48.758333333333,79.336388888889
KAZ,Cazaquistão,Q13649437,http://www.wikidata.org/entity/Q41229,0,103,,54.310114,67.821951
KAZ,Cazaquistão,Q13649450,http://www.wikidata.org/entity/Q41229,0,9,,54.103949,67.941685
KAZ,Cazaquistão,Q13649452,http://www.wikidata.org/entity/Q41229,0,4,,54.138456,67.955246
KAZ,Cazaquistão,Q13649758,http://www.wikidata.org/entity/Q35902,0,97,,54.641112,66.952229
KAZ,Cazaquistão,Q13649796,http://www.wikidata.org/entity/Q2550214,0,89,,48.637222222222,52.689166666667
KAZ,Cazaquistão,Q13649817,http://www.wikidata.org/entity/Q12555435,0,151,,48.47,54.450555555556
KAZ,Cazaquistão,Q13649822,http://www.wikidata.org/entity/Q2550214,0,153,,48.834444444444,53.383611111111
KAZ,Cazaquistão,Q13649820,http://www.wikidata.org/entity/Q12555435,0,206,,47.789444444444,54.501944444444
KAZ,Cazaquistão,Q13649831,http://www.wikidata.org/entity/Q22200742,0,167,,47.729166666667,53.9875
KAZ,Cazaquistão,Q13649828,http://www.wikidata.org/entity/Q22200742,0,143,,48.435833333333,54.817777777778
KAZ,Cazaquistão,Q13649835,http://www.wikidata.org/entity/Q22200742,0,142,,47.949444444444,54.522777777778
KAZ,Cazaquistão,Q13649838,http://www.wikidata.org/entity/Q2550214,0,110,,48.4,54.710277777778
KAZ,Cazaquistão,Q13649841,http://www.wikidata.org/entity/Q22203047,0,1682,,48.875,52.970833333333
KAZ,Cazaquistão,Q13649844,http://www.wikidata.org/entity/Q22203047,0,311,,48.774722222222,52.985555555556
KAZ,Cazaquistão,Q13649850,http://www.wikidata.org/entity/Q22203047,0,112,,48.940277777778,52.973611111111
KAZ,Cazaquistão,Q13649989,http://www.wikidata.org/entity/Q20098147,0,54,,47.8425,51.6175
KAZ,Cazaquistão,Q13651643,http://www.wikidata.org/entity/Q30972516,0,218,,53.43756,67.332702
KAZ,Cazaquistão,Q13651641,http://www.wikidata.org/entity/Q30972516,0,139,,53.446967,67.208419
KAZ,Cazaquistão,Q13651645,http://www.wikidata.org/entity/Q30972515,0,573,,53.862145,67.468387
KAZ,Cazaquistão,Q13651651,http://www.wikidata.org/entity/Q30972515,0,711,,53.933555,67.582198
KAZ,Cazaquistão,Q13651649,http://www.wikidata.org/entity/Q32421,0,405,,53.882184,67.198707
KAZ,Cazaquistão,Q13651654,http://www.wikidata.org/entity/Q30972519,0,585,,53.739422,67.103878
KAZ,Cazaquistão,Q13651652,http://www.wikidata.org/entity/Q30972515,0,168,,53.962802,67.679544
KAZ,Cazaquistão,Q13651659,http://www.wikidata.org/entity/Q30972519,0,176,,53.646775,67.195287
KAZ,Cazaquistão,Q13651673,http://www.wikidata.org/entity/Q20072638,0,1525,,49.791416666667,51.391236111111
KAZ,Cazaquistão,Q13651677,http://www.wikidata.org/entity/Q2550287,0,75,,49.532966,50.440739
KAZ,Cazaquistão,Q13651682,http://www.wikidata.org/entity/Q20072656,0,415,,49.094946,49.792778
KAZ,Cazaquistão,Q13651684,http://www.wikidata.org/entity/Q20072905,0,402,,50.268592,51.219803
KAZ,Cazaquistão,Q13651691,http://www.wikidata.org/entity/Q2550287,0,15,,50.169353,50.213374
KAZ,Cazaquistão,Q13651688,http://www.wikidata.org/entity/Q2550287,0,363,,50.043967,50.304977
KAZ,Cazaquistão,Q13651694,http://www.wikidata.org/entity/Q12564353,0,299,,48.908611111111,51.805555555556
KAZ,Cazaquistão,Q13651692,http://www.wikidata.org/entity/Q20076749,0,269,,50.144319,50.494487
KAZ,Cazaquistão,Q13651697,http://www.wikidata.org/entity/Q20092736,0,281,,48.731111111111,51.893333333333
KAZ,Cazaquistão,Q13651710,http://www.wikidata.org/entity/Q2550287,0,121,,50.113888888889,51.837777777778
KAZ,Cazaquistão,Q13651714,http://www.wikidata.org/entity/Q2550287,0,145,,49.845555555556,51.889722222222
KAZ,Cazaquistão,Q13651718,http://www.wikidata.org/entity/Q2550287,0,9,,50.4625,50.367777777778
KAZ,Cazaquistão,Q13651720,http://www.wikidata.org/entity/Q2550287,0,1069,,50.195,50.652222222222
KAZ,Cazaquistão,Q13651721,http://www.wikidata.org/entity/Q2550287,0,65,,50.321111111111,50.425555555556
KAZ,Cazaquistão,Q13651726,http://www.wikidata.org/entity/Q2550287,0,614,,50.155277777778,51.206111111111
KAZ,Cazaquistão,Q13651727,http://www.wikidata.org/entity/Q12542266,0,199,,49.854722222222,51.466666666667
KAZ,Cazaquistão,Q13651731,http://www.wikidata.org/entity/Q20073968,0,256,,50.591944444444,51.111388888889
KAZ,Cazaquistão,Q13651729,http://www.wikidata.org/entity/Q12542266,0,503,,49.991388888889,51.423888888889
KAZ,Cazaquistão,Q13651733,http://www.wikidata.org/entity/Q20073968,0,319,,50.424722222222,51.028611111111
KAZ,Cazaquistão,Q13651739,http://www.wikidata.org/entity/Q12532765,0,137,,49.257222222222,52.606666666667
KAZ,Cazaquistão,Q13651736,http://www.wikidata.org/entity/Q12532765,0,148,,49.089166666667,51.966944444444
KAZ,Cazaquistão,Q13651743,http://www.wikidata.org/entity/Q20072905,0,341,,49.324444444444,51.941388888889
KAZ,Cazaquistão,Q13651741,http://www.wikidata.org/entity/Q12532765,0,244,,49.003611111111,51.895277777778
KAZ,Cazaquistão,Q13651746,http://www.wikidata.org/entity/Q20072687,0,580,,49.373611111111,51.767222222222
KAZ,Cazaquistão,Q13651750,http://www.wikidata.org/entity/Q20072656,0,249,,50.650555555556,50.896388888889
KAZ,Cazaquistão,Q13651754,http://www.wikidata.org/entity/Q20072638,0,307,,49.711666666667,51.429166666667
KAZ,Cazaquistão,Q13653145,http://www.wikidata.org/entity/Q20097136,0,267,,48.908285,48.939879
KAZ,Cazaquistão,Q13653148,http://www.wikidata.org/entity/Q2736647,0,18,,48.525089,48.708762
KAZ,Cazaquistão,Q13653153,http://www.wikidata.org/entity/Q20073453,0,1277,,48.866944444444,48.528888888889
KAZ,Cazaquistão,Q13653159,http://www.wikidata.org/entity/Q20092729,0,1320,,49.165555555556,48.908888888889
KAZ,Cazaquistão,Q13653156,http://www.wikidata.org/entity/Q2736647,0,17,,48.394722222222,48.339166666667
KAZ,Cazaquistão,Q13653162,http://www.wikidata.org/entity/Q20073453,0,94,,48.899992,48.664277
KAZ,Cazaquistão,Q13653165,http://www.wikidata.org/entity/Q20083354,0,284,,48.897735,47.558907
KAZ,Cazaquistão,Q13653169,http://www.wikidata.org/entity/Q2736647,0,11,,48.541898,48.169617
KAZ,Cazaquistão,Q13653184,http://www.wikidata.org/entity/Q2736647,0,201,,48.476388888889,47.780277777778
KAZ,Cazaquistão,Q13653188,http://www.wikidata.org/entity/Q2736647,0,83,,49.1575,48.631666666667
KAZ,Cazaquistão,Q13653322,http://www.wikidata.org/entity/Q2736622,0,115,,50.139783333333,52.636541666667
KAZ,Cazaquistão,Q13655776,http://www.wikidata.org/entity/Q2736634,0,648,,51.108611111111,51.702777777778
KAZ,Cazaquistão,Q13655797,http://www.wikidata.org/entity/Q35899,0,65,,53.501015,70.944715
KAZ,Cazaquistão,Q13655886,http://www.wikidata.org/entity/Q2736634,0,242,,50.434166666667,51.4175
KAZ,Cazaquistão,Q13655893,http://www.wikidata.org/entity/Q2736634,0,529,,51.028548,51.416517
KAZ,Cazaquistão,Q13655958,http://www.wikidata.org/entity/Q2736634,0,129,,50.584722222222,51.794166666667
KAZ,Cazaquistão,Q13655982,http://www.wikidata.org/entity/Q2736634,0,194,,50.824444444444,51.499722222222
KAZ,Cazaquistão,Q13655986,http://www.wikidata.org/entity/Q2736634,0,112,,50.933333333333,51.279444444444
KAZ,Cazaquistão,Q13655994,http://www.wikidata.org/entity/Q2736634,0,188,,51.203092,52.083772
KAZ,Cazaquistão,Q13655998,http://www.wikidata.org/entity/Q12568183,0,6,,51.371388888889,51.963055555556
KAZ,Cazaquistão,Q13656022,http://www.wikidata.org/entity/Q2737280,0,543,,50.725,53.460277777778
KAZ,Cazaquistão,Q13656029,http://www.wikidata.org/entity/Q487439,0,550,,50.895,53.688611111111
KAZ,Cazaquistão,Q13656035,http://www.wikidata.org/entity/Q30973269,0,291,,53.789722222222,69.180833333333
KAZ,Cazaquistão,Q13656032,http://www.wikidata.org/entity/Q30973269,0,524,,53.752222222222,69.371944444444
KAZ,Cazaquistão,Q13656037,http://www.wikidata.org/entity/Q30973269,0,425,,53.678611111111,69.399166666667
KAZ,Cazaquistão,Q13656043,http://www.wikidata.org/entity/Q30973266,0,84,,53.400577,70.47977
KAZ,Cazaquistão,Q13656040,http://www.wikidata.org/entity/Q30973266,0,533,,53.466285,70.39693
KAZ,Cazaquistão,Q13656046,http://www.wikidata.org/entity/Q30973266,0,527,,53.502393,70.386987
KAZ,Cazaquistão,Q13656049,http://www.wikidata.org/entity/Q30973268,0,302,,53.783717,70.241848
KAZ,Cazaquistão,Q13656052,http://www.wikidata.org/entity/Q30973268,0,643,,53.828319,70.077825
KAZ,Cazaquistão,Q13656057,http://www.wikidata.org/entity/Q35899,0,1347,,53.719568,69.630476
KAZ,Cazaquistão,Q13656063,http://www.wikidata.org/entity/Q35899,0,22,,53.590212,69.927879
KAZ,Cazaquistão,Q13656060,http://www.wikidata.org/entity/Q30973267,0,96,,53.702906,69.625583
KAZ,Cazaquistão,Q13656065,http://www.wikidata.org/entity/Q35899,0,52,,53.633341,69.930111
KAZ,Cazaquistão,Q13656068,http://www.wikidata.org/entity/Q30973267,0,98,,53.712965,69.667868
KAZ,Cazaquistão,Q13656159,http://www.wikidata.org/entity/Q30973271,0,1484,,53.938611111111,70.407222222222
KAZ,Cazaquistão,Q13656157,http://www.wikidata.org/entity/Q12536447,0,6689,,42.971944444444,71.418888888889
KAZ,Cazaquistão,Q13656162,http://www.wikidata.org/entity/Q30973271,0,598,,53.862222222222,70.425555555556
KAZ,Cazaquistão,Q13656165,http://www.wikidata.org/entity/Q30973288,0,336,,54.143611111111,70.076944444444
KAZ,Cazaquistão,Q13657563,http://www.wikidata.org/entity/Q30973288,0,203,,54.297222222222,70.101944444444
KAZ,Cazaquistão,Q13657568,http://www.wikidata.org/entity/Q30975182,0,680,,54.149115,70.324503
KAZ,Cazaquistão,Q13657574,http://www.wikidata.org/entity/Q30975182,0,172,,54.189612,70.534187
KAZ,Cazaquistão,Q13657580,http://www.wikidata.org/entity/Q30975182,0,511,,54.144188,70.542856
KAZ,Cazaquistão,Q13659936,http://www.wikidata.org/entity/Q30973268,0,512,,53.745259,70.225111
KAZ,Cazaquistão,Q13661184,http://www.wikidata.org/entity/Q12576389,0,696,,48.572777777778,75.485555555556
KAZ,Cazaquistão,Q13661778,http://www.wikidata.org/entity/Q20072635,0,35,,50.783888888889,54.077777777778
KAZ,Cazaquistão,Q13661782,http://www.wikidata.org/entity/Q20072684,0,202,,50.409166666667,54.348333333333
KAZ,Cazaquistão,Q13661780,http://www.wikidata.org/entity/Q20072635,0,128,,50.696666666667,54.151666666667
KAZ,Cazaquistão,Q13661784,http://www.wikidata.org/entity/Q20072684,0,177,,50.146388888889,54.122777777778
KAZ,Cazaquistão,Q13662708,http://www.wikidata.org/entity/Q35899,0,488,,53.733055555556,68.887222222222
KAZ,Cazaquistão,Q13662879,http://www.wikidata.org/entity/Q2549636,0,682,,43.026388888889,71.490555555556
KAZ,Cazaquistão,Q13662877,http://www.wikidata.org/entity/Q2549636,0,275,,43.031111111111,71.6125
KAZ,Cazaquistão,Q13662886,http://www.wikidata.org/entity/Q2549636,0,239,,43.139444444444,71.406666666667
KAZ,Cazaquistão,Q13662884,http://www.wikidata.org/entity/Q16700971,0,294,,43.17,76.124722222222
KAZ,Cazaquistão,Q13662895,http://www.wikidata.org/entity/Q2549636,0,1618,,43.058333333333,71.642777777778
KAZ,Cazaquistão,Q13662893,http://www.wikidata.org/entity/Q2549636,0,698,,43.078333333333,71.427777777778
KAZ,Cazaquistão,Q13662903,http://www.wikidata.org/entity/Q2549636,0,329,,43.030555555556,71.656111111111
KAZ,Cazaquistão,Q13662907,http://www.wikidata.org/entity/Q2549636,0,94,,43.040833333333,71.653333333333
KAZ,Cazaquistão,Q13662905,http://www.wikidata.org/entity/Q2549636,0,319,,43.072777777778,71.613611111111
KAZ,Cazaquistão,Q13662911,http://www.wikidata.org/entity/Q2549636,0,5070,,42.924722222222,71.434166666667
KAZ,Cazaquistão,Q13662928,http://www.wikidata.org/entity/Q2549636,0,650,,43.131044444444,71.667063888889
KAZ,Cazaquistão,Q13663147,http://www.wikidata.org/entity/Q2549654,0,645,,43.031944444444,71.058611111111
KAZ,Cazaquistão,Q13663144,http://www.wikidata.org/entity/Q2549654,0,172,,42.8525,71.074166666667
KAZ,Cazaquistão,Q13663151,http://www.wikidata.org/entity/Q2549654,0,1147,,42.937777777778,71.469722222222
KAZ,Cazaquistão,Q13664022,http://www.wikidata.org/entity/Q13382426,0,164,,42.697777777778,70.679444444444
KAZ,Cazaquistão,Q13664027,http://www.wikidata.org/entity/Q13377804,0,841,,42.602222222222,70.736666666667
KAZ,Cazaquistão,Q13664024,http://www.wikidata.org/entity/Q13382426,0,613,,42.690833333333,70.466666666667
KAZ,Cazaquistão,Q13664031,http://www.wikidata.org/entity/Q16691614,0,1484,,42.608333333333,71.095833333333
KAZ,Cazaquistão,Q13664029,http://www.wikidata.org/entity/Q13382426,0,581,,42.6875,70.56
KAZ,Cazaquistão,Q13664034,http://www.wikidata.org/entity/Q16691614,0,990,,42.633888888889,71.095
KAZ,Cazaquistão,Q13664032,http://www.wikidata.org/entity/Q12536440,0,705,,42.659444444444,70.892777777778
KAZ,Cazaquistão,Q13664039,http://www.wikidata.org/entity/Q16691614,0,122,,42.6625,71.09
KAZ,Cazaquistão,Q13664037,http://www.wikidata.org/entity/Q2549660,0,62,,42.650555555556,70.885833333333
KAZ,Cazaquistão,Q13664043,http://www.wikidata.org/entity/Q16692979,0,473,,42.829722222222,70.408333333333
KAZ,Cazaquistão,Q13664041,http://www.wikidata.org/entity/Q2549660,0,97,,42.637222222222,71.068888888889
KAZ,Cazaquistão,Q13664047,http://www.wikidata.org/entity/Q13382279,0,174,,42.948611111111,70.840277777778
KAZ,Cazaquistão,Q13664045,http://www.wikidata.org/entity/Q13382279,0,1045,,42.930688888889,70.809063888889
KAZ,Cazaquistão,Q13664051,http://www.wikidata.org/entity/Q13382279,0,301,,42.958055555556,70.868611111111
KAZ,Cazaquistão,Q13664049,http://www.wikidata.org/entity/Q16692979,0,723,,42.744722222222,70.380833333333
KAZ,Cazaquistão,Q13664055,http://www.wikidata.org/entity/Q13382279,0,313,,42.963611111111,70.674722222222
KAZ,Cazaquistão,Q13664053,http://www.wikidata.org/entity/Q16692979,0,1495,,42.740416666667,70.334941666667
KAZ,Cazaquistão,Q13664058,http://www.wikidata.org/entity/Q12543156,0,3313,,43.165555555556,74.595277777778
KAZ,Cazaquistão,Q13664062,http://www.wikidata.org/entity/Q30975185,0,70,,54.076944444444,69.459444444444
KAZ,Cazaquistão,Q13664060,http://www.wikidata.org/entity/Q12563105,0,2795,,43.143888888889,74.621111111111
KAZ,Cazaquistão,Q13664209,http://www.wikidata.org/entity/Q12561152,0,2953,,43.250369444444,74.294427777778
KAZ,Cazaquistão,Q13664212,http://www.wikidata.org/entity/Q12557816,0,492,,43.743888888889,74.695277777778
KAZ,Cazaquistão,Q13664217,http://www.wikidata.org/entity/Q4107909,0,331,,43.165,74.966666666667
KAZ,Cazaquistão,Q13664221,http://www.wikidata.org/entity/Q12556494,0,1845,,43.131111111111,74.846944444444
KAZ,Cazaquistão,Q13664250,http://www.wikidata.org/entity/Q12579696,0,533,,42.940277777778,72.207222222222
KAZ,Cazaquistão,Q13664248,http://www.wikidata.org/entity/Q12579696,0,1260,,42.925513888889,72.27515
KAZ,Cazaquistão,Q13664254,http://www.wikidata.org/entity/Q12556431,0,414,,43.0875,72.491944444444
KAZ,Cazaquistão,Q13664252,http://www.wikidata.org/entity/Q12579696,0,1610,,43.083372222222,70.878422222222
KAZ,Cazaquistão,Q13664258,http://www.wikidata.org/entity/Q731355,0,88,,42.981388888889,72.812222222222
KAZ,Cazaquistão,Q13664262,http://www.wikidata.org/entity/Q12551755,0,695,,43.077222222222,72.898055555556
KAZ,Cazaquistão,Q13664260,http://www.wikidata.org/entity/Q12551755,0,1235,,43.011111111111,72.834444444444
KAZ,Cazaquistão,Q13664267,http://www.wikidata.org/entity/Q12576880,0,838,,42.945,72.441944444444
KAZ,Cazaquistão,Q13664264,http://www.wikidata.org/entity/Q12551755,0,1535,,42.976944444444,72.7975
KAZ,Cazaquistão,Q13664269,http://www.wikidata.org/entity/Q12576880,0,565,,42.966111111111,72.410833333333
KAZ,Cazaquistão,Q13664275,http://www.wikidata.org/entity/Q731355,0,365,,42.953333333333,71.892222222222
KAZ,Cazaquistão,Q13664273,http://www.wikidata.org/entity/Q13409216,0,217,,42.952222222222,72.016388888889
KAZ,Cazaquistão,Q13664279,http://www.wikidata.org/entity/Q12550847,0,93,,43.171111111111,72.1275
KAZ,Cazaquistão,Q13664277,http://www.wikidata.org/entity/Q13409216,0,1080,,42.936741666667,71.946233333333
KAZ,Cazaquistão,Q13664283,http://www.wikidata.org/entity/Q12575802,0,186,,43.046666666667,73.167222222222
KAZ,Cazaquistão,Q13664281,http://www.wikidata.org/entity/Q12550847,0,3238,,42.87505,72.518566666667
KAZ,Cazaquistão,Q13664286,http://www.wikidata.org/entity/Q12575802,0,149,,43.104444444444,73.066388888889
KAZ,Cazaquistão,Q13664284,http://www.wikidata.org/entity/Q12575802,0,524,,43.100555555556,72.989722222222
KAZ,Cazaquistão,Q13664290,http://www.wikidata.org/entity/Q12550922,0,102,,42.965555555556,72.611944444444
KAZ,Cazaquistão,Q13664288,http://www.wikidata.org/entity/Q12575802,0,618,,43.115833333333,72.976666666667
KAZ,Cazaquistão,Q13664295,http://www.wikidata.org/entity/Q12550922,0,2063,,42.918013888889,72.575483333333
KAZ,Cazaquistão,Q13664293,http://www.wikidata.org/entity/Q12550922,0,1570,,42.910277777778,72.6375
KAZ,Cazaquistão,Q13664327,http://www.wikidata.org/entity/Q35899,0,218,,53.625859,68.720327
KAZ,Cazaquistão,Q13664325,http://www.wikidata.org/entity/Q35899,0,227,,53.684407,68.797317
KAZ,Cazaquistão,Q13664370,http://www.wikidata.org/entity/Q16706858,0,256,,42.776277777778,73.22775
KAZ,Cazaquistão,Q13664375,http://www.wikidata.org/entity/Q12531722,0,475,,43.071583333333,73.427222222222
KAZ,Cazaquistão,Q13664379,http://www.wikidata.org/entity/Q16433768,0,507,,42.898361111111,73.127833333333
KAZ,Cazaquistão,Q13664377,http://www.wikidata.org/entity/Q16433768,0,2885,,42.869177777778,73.108086111111
KAZ,Cazaquistão,Q13664383,http://www.wikidata.org/entity/Q2549670,0,1918,,42.845166666667,73.169888888889
KAZ,Cazaquistão,Q13664381,http://www.wikidata.org/entity/Q2549670,0,309,,42.975194444444,73.166166666667
KAZ,Cazaquistão,Q13664385,http://www.wikidata.org/entity/Q2549670,0,828,,42.805833333333,73.151944444444
KAZ,Cazaquistão,Q13664395,http://www.wikidata.org/entity/Q2549670,0,656,,43.060555555556,73.491944444444
KAZ,Cazaquistão,Q13664397,http://www.wikidata.org/entity/Q2549670,0,5225,,42.828055555556,73.491111111111
KAZ,Cazaquistão,Q13664411,http://www.wikidata.org/entity/Q12557001,0,5597,,42.870833333333,73.2225
KAZ,Cazaquistão,Q13664408,http://www.wikidata.org/entity/Q12530237,0,1086,,43.045056,73.559818
KAZ,Cazaquistão,Q13664409,http://www.wikidata.org/entity/Q12557001,0,83,,42.887222222222,73.418888888889
KAZ,Cazaquistão,Q13664415,http://www.wikidata.org/entity/Q12560409,0,1162,,42.951388888889,73.238888888889
KAZ,Cazaquistão,Q13664413,http://www.wikidata.org/entity/Q12531637,0,1112,,42.848611111111,73.321111111111
KAZ,Cazaquistão,Q13664419,http://www.wikidata.org/entity/Q12560409,0,1944,,42.903055555556,73.244166666667
KAZ,Cazaquistão,Q13664417,http://www.wikidata.org/entity/Q12531637,0,2206,,42.855555555556,73.286388888889
KAZ,Cazaquistão,Q13664422,http://www.wikidata.org/entity/Q12561169,0,8422,,42.871944444444,73.236666666667
KAZ,Cazaquistão,Q13664423,http://www.wikidata.org/entity/Q12561169,0,1087,,42.861111111111,73.250833333333
KAZ,Cazaquistão,Q13664425,http://www.wikidata.org/entity/Q13403309,0,284,,43.216786111111,73.302733333333
KAZ,Cazaquistão,Q13664430,http://www.wikidata.org/entity/Q13403144,0,1585,,42.819983333333,73.359147222222
KAZ,Cazaquistão,Q13664428,http://www.wikidata.org/entity/Q12561169,0,977,,42.889444444444,73.236666666667
KAZ,Cazaquistão,Q13664434,http://www.wikidata.org/entity/Q13403144,0,404,,42.809722222222,73.331388888889
KAZ,Cazaquistão,Q13664432,http://www.wikidata.org/entity/Q13403309,0,365,,43.280277777778,73.483888888889
KAZ,Cazaquistão,Q13664438,http://www.wikidata.org/entity/Q13403309,0,224,,43.2475,73.463888888889
KAZ,Cazaquistão,Q13664436,http://www.wikidata.org/entity/Q13403144,0,511,,42.811944444444,73.2925
KAZ,Cazaquistão,Q13664440,http://www.wikidata.org/entity/Q13403309,0,1174,,43.216786111111,73.302733333333
KAZ,Cazaquistão,Q13664463,http://www.wikidata.org/entity/Q487439,0,10,,51.372305555556,51.069055555556
KAZ,Cazaquistão,Q13664460,http://www.wikidata.org/entity/Q487439,0,354,,51.289835,51.267672
KAZ,Cazaquistão,Q13664527,http://www.wikidata.org/entity/Q12536705,0,3157,,44.063008333333,73.513488888889
KAZ,Cazaquistão,Q13664525,http://www.wikidata.org/entity/Q12532938,0,1377,,44.064166666667,73.573055555556
KAZ,Cazaquistão,Q13664530,http://www.wikidata.org/entity/Q12574525,0,491,,44.557852777778,72.263113888889
KAZ,Cazaquistão,Q13664533,http://www.wikidata.org/entity/Q12577776,0,1047,,44.825,71.1375
KAZ,Cazaquistão,Q13664538,http://www.wikidata.org/entity/Q13403971,0,190,,45.796666666667,73.395555555556
KAZ,Cazaquistão,Q13664542,http://www.wikidata.org/entity/Q12574525,0,382,,44.591111111111,72.163333333333
KAZ,Cazaquistão,Q13664544,http://www.wikidata.org/entity/Q13403971,0,659,,45.422777777778,73.682222222222
KAZ,Cazaquistão,Q13664548,http://www.wikidata.org/entity/Q12576432,0,576,,44.246111111111,73.333333333333
KAZ,Cazaquistão,Q13664549,http://www.wikidata.org/entity/Q13404124,0,876,,44.25,73.185833333333
KAZ,Cazaquistão,Q13664554,http://www.wikidata.org/entity/Q13404124,0,395,,44.159444444444,73.405
KAZ,Cazaquistão,Q13664552,http://www.wikidata.org/entity/Q2549644,0,23,,44.661111111111,73.796944444444
KAZ,Cazaquistão,Q13664558,http://www.wikidata.org/entity/Q97189320,0,841,,44.664411111111,73.853211111111
KAZ,Cazaquistão,Q13664556,http://www.wikidata.org/entity/Q12576537,0,919,,44.283888888889,72.800555555556
KAZ,Cazaquistão,Q13664706,http://www.wikidata.org/entity/Q16699070,0,2695,,43.758980555556,69.785605555556
KAZ,Cazaquistão,Q13664711,http://www.wikidata.org/entity/Q13405665,0,68,,44.185277777778,70.163055555556
KAZ,Cazaquistão,Q13664709,http://www.wikidata.org/entity/Q13405665,0,264,,44.068333333333,70.204722222222
KAZ,Cazaquistão,Q13664892,http://www.wikidata.org/entity/Q2321974,0,237,,43.935833333333,70.098611111111
KAZ,Cazaquistão,Q13667026,http://www.wikidata.org/entity/Q30516,0,7,,52.975987,71.814108
KAZ,Cazaquistão,Q13667030,http://www.wikidata.org/entity/Q30516,0,21,,53.129496,71.93028
KAZ,Cazaquistão,Q13667028,http://www.wikidata.org/entity/Q30516,0,7,,53.076006,71.738234
KAZ,Cazaquistão,Q13667123,http://www.wikidata.org/entity/Q13419189,0,1238,,49.611388888889,73.207777777778
KAZ,Cazaquistão,Q13667138,http://www.wikidata.org/entity/Q30516,0,25,,53.922235,73.657494
KAZ,Cazaquistão,Q13667140,http://www.wikidata.org/entity/Q30973878,0,127,,53.952146,73.585911
KAZ,Cazaquistão,Q13667203,http://www.wikidata.org/entity/Q13419175,0,33,,49.498611111111,72.890277777778
KAZ,Cazaquistão,Q13667200,http://www.wikidata.org/entity/Q12560832,0,968,,49.718055555556,72.0325
KAZ,Cazaquistão,Q13667230,http://www.wikidata.org/entity/Q30975236,0,947,,52.777224,73.751993
KAZ,Cazaquistão,Q13667234,http://www.wikidata.org/entity/Q30975236,0,311,,52.741696,73.702126
KAZ,Cazaquistão,Q13667304,http://www.wikidata.org/entity/Q30975236,0,287,,52.743878,73.593893
KAZ,Cazaquistão,Q13667370,http://www.wikidata.org/entity/Q30975238,0,207,,53.425901,72.545557
KAZ,Cazaquistão,Q13667368,http://www.wikidata.org/entity/Q30975238,0,639,,53.408304,72.423077
KAZ,Cazaquistão,Q13667506,http://www.wikidata.org/entity/Q25563,0,100,,53.108505,67.508068
KAZ,Cazaquistão,Q15111266,http://www.wikidata.org/entity/Q703004,0,746,,51.80333333,62.02944444
KAZ,Cazaquistão,Q15111329,http://www.wikidata.org/entity/Q30974960,0,723,,52.18534167,65.26891944
KAZ,Cazaquistão,Q15111367,http://www.wikidata.org/entity/Q12528366,0,991,,53.81520278,63.79934722
KAZ,Cazaquistão,Q15111737,http://www.wikidata.org/entity/Q25505256,0,1573,,51.09801111,63.58978889
KAZ,Cazaquistão,Q15121245,http://www.wikidata.org/entity/Q56368806,0,1223,,51.88972222,77.37805556
KAZ,Cazaquistão,Q15617519,http://www.wikidata.org/entity/Q2554567,0,456,,41.041666666667,68.138888888889
KAZ,Cazaquistão,Q15617523,http://www.wikidata.org/entity/Q2554567,0,1031,,40.81222222,68.44416667
KAZ,Cazaquistão,Q15617521,http://www.wikidata.org/entity/Q2554567,0,47,,40.85583333,68.20361111
KAZ,Cazaquistão,Q15617526,http://www.wikidata.org/entity/Q2554567,0,102,,40.81138889,68.48527778
KAZ,Cazaquistão,Q15617524,http://www.wikidata.org/entity/Q2554567,0,354,,40.977777777778,68.083333333333
KAZ,Cazaquistão,Q15617525,http://www.wikidata.org/entity/Q20098656,0,1472,,40.947222222222,68.166666666667
KAZ,Cazaquistão,Q15617528,http://www.wikidata.org/entity/Q2554567,0,1290,,40.75277778,68.47472222
KAZ,Cazaquistão,Q15617538,http://www.wikidata.org/entity/Q2554567,0,1357,,40.84111111,68.49027778
KAZ,Cazaquistão,Q15617539,http://www.wikidata.org/entity/Q2554567,0,393,,40.95472222,68.50305556
KAZ,Cazaquistão,Q15617537,http://www.wikidata.org/entity/Q2554567,0,218,,40.78,68.48138889
KAZ,Cazaquistão,Q15617540,http://www.wikidata.org/entity/Q2554567,0,86,,40.9475,68.511666666667
KAZ,Cazaquistão,Q15617567,http://www.wikidata.org/entity/Q2554567,0,1610,,40.88388889,68.13833333
KAZ,Cazaquistão,Q15617568,http://www.wikidata.org/entity/Q2554567,0,4,,40.86833333,68.12083333
KAZ,Cazaquistão,Q15617569,http://www.wikidata.org/entity/Q2554567,0,1246,,40.8475,68.06388889
KAZ,Cazaquistão,Q15617598,http://www.wikidata.org/entity/Q2554567,0,690,,40.934722222222,68.404166666667
KAZ,Cazaquistão,Q15617596,http://www.wikidata.org/entity/Q2554567,0,1012,,40.948611111111,68.413888888889
KAZ,Cazaquistão,Q15617597,http://www.wikidata.org/entity/Q2554567,0,1193,,40.947222222222,68.422222222222
KAZ,Cazaquistão,Q15617602,http://www.wikidata.org/entity/Q2554567,0,1063,,40.60805556,68.59194444
KAZ,Cazaquistão,Q15617603,http://www.wikidata.org/entity/Q2554567,0,2691,,40.6275,68.57388889
KAZ,Cazaquistão,Q15617600,http://www.wikidata.org/entity/Q2554567,0,185,,40.970833333333,68.425
KAZ,Cazaquistão,Q15617601,http://www.wikidata.org/entity/Q27351090,0,346,,41.023611111111,68.080555555556
KAZ,Cazaquistão,Q15617606,http://www.wikidata.org/entity/Q2554567,0,665,,40.63277778,68.54166667
KAZ,Cazaquistão,Q15617604,http://www.wikidata.org/entity/Q2554567,0,1136,,40.62805556,68.62333333
KAZ,Cazaquistão,Q15617605,http://www.wikidata.org/entity/Q2554567,0,311,,40.60361111,68.55361111
KAZ,Cazaquistão,Q15617610,http://www.wikidata.org/entity/Q2554567,0,2514,,40.70444444,68.36111111
KAZ,Cazaquistão,Q15617608,http://www.wikidata.org/entity/Q2554567,0,1577,,40.938888888889,68.25
KAZ,Cazaquistão,Q15617609,http://www.wikidata.org/entity/Q2554567,0,2108,,40.955555555556,68.291666666667
KAZ,Cazaquistão,Q15617614,http://www.wikidata.org/entity/Q2554567,0,2594,,40.71388889,68.32583333
KAZ,Cazaquistão,Q15617615,http://www.wikidata.org/entity/Q2554567,0,131,,40.994444444444,68.256944444444
KAZ,Cazaquistão,Q15617612,http://www.wikidata.org/entity/Q2554567,0,1740,,40.67166667,68.32277778
KAZ,Cazaquistão,Q15617613,http://www.wikidata.org/entity/Q2554567,0,2615,,40.68722222,68.285
KAZ,Cazaquistão,Q15617616,http://www.wikidata.org/entity/Q2554567,0,984,,41.002777777778,68.244444444444
KAZ,Cazaquistão,Q15617617,http://www.wikidata.org/entity/Q2554567,0,1711,,40.997222222222,68.243055555556
KAZ,Cazaquistão,Q15617663,http://www.wikidata.org/entity/Q2554567,0,1712,,40.73595556,68.47063333
KAZ,Cazaquistão,Q15617666,http://www.wikidata.org/entity/Q2554567,0,273,,40.947222222222,68.072222222222
KAZ,Cazaquistão,Q15617667,http://www.wikidata.org/entity/Q2554567,0,321,,40.945833333333,68.105555555556
KAZ,Cazaquistão,Q15617665,http://www.wikidata.org/entity/Q2554567,0,826,,40.980555555556,68.138888888889
KAZ,Cazaquistão,Q15617670,http://www.wikidata.org/entity/Q2554567,0,1109,,40.969444444444,68.094444444444
KAZ,Cazaquistão,Q15617669,http://www.wikidata.org/entity/Q2554567,0,458,,40.922222222222,68.113888888889
KAZ,Cazaquistão,Q15617674,http://www.wikidata.org/entity/Q2554567,0,361,,40.906944444444,68.225
KAZ,Cazaquistão,Q15617675,http://www.wikidata.org/entity/Q2554567,0,1422,,40.95,68.155555555556
KAZ,Cazaquistão,Q15617672,http://www.wikidata.org/entity/Q2554567,0,124,,40.933333333333,68.2
KAZ,Cazaquistão,Q15617673,http://www.wikidata.org/entity/Q2554567,0,699,,40.879166666667,68.240277777778
KAZ,Cazaquistão,Q15617678,http://www.wikidata.org/entity/Q2554567,0,1506,,40.79027778,68.42666667
KAZ,Cazaquistão,Q15617676,http://www.wikidata.org/entity/Q2554567,0,2197,,40.76822778,68.42227778
KAZ,Cazaquistão,Q15617677,http://www.wikidata.org/entity/Q2554567,0,800,,40.78055556,68.40444444
KAZ,Cazaquistão,Q15617682,http://www.wikidata.org/entity/Q2554567,0,405,,40.741944444444,68.429444444444
KAZ,Cazaquistão,Q15617683,http://www.wikidata.org/entity/Q2554567,0,557,,40.773611111111,68.418055555556
KAZ,Cazaquistão,Q15617681,http://www.wikidata.org/entity/Q2554567,0,1104,,40.75333333,68.4025
KAZ,Cazaquistão,Q15617686,http://www.wikidata.org/entity/Q2554567,0,1518,,40.90444444,68.35527778
KAZ,Cazaquistão,Q15617687,http://www.wikidata.org/entity/Q2554567,0,546,,40.88638889,68.35555556
KAZ,Cazaquistão,Q15617684,http://www.wikidata.org/entity/Q2554567,0,1390,,40.85333333,68.30361111
KAZ,Cazaquistão,Q15617685,http://www.wikidata.org/entity/Q2554567,0,243,,40.84111111,68.28694444
KAZ,Cazaquistão,Q15617690,http://www.wikidata.org/entity/Q2554567,0,1784,,40.87166667,68.32916667
KAZ,Cazaquistão,Q15617688,http://www.wikidata.org/entity/Q2554567,0,2717,,40.88638889,68.35555556
KAZ,Cazaquistão,Q15617695,http://www.wikidata.org/entity/Q2554567,0,4747,,40.795,68.34694444
KAZ,Cazaquistão,Q15617692,http://www.wikidata.org/entity/Q2554567,0,1400,,40.88027778,68.32416667
KAZ,Cazaquistão,Q15617693,http://www.wikidata.org/entity/Q2554567,0,1550,,40.792502777778,68.35
KAZ,Cazaquistão,Q15617698,http://www.wikidata.org/entity/Q2554567,0,1506,,40.84972222,68.4025
KAZ,Cazaquistão,Q15617696,http://www.wikidata.org/entity/Q2554567,0,1129,,40.806944444444,68.363888888889
KAZ,Cazaquistão,Q15617697,http://www.wikidata.org/entity/Q2554567,0,2073,,40.83034167,68.37411667
KAZ,Cazaquistão,Q15617703,http://www.wikidata.org/entity/Q2554567,0,1535,,40.82388889,68.23222222
KAZ,Cazaquistão,Q15617706,http://www.wikidata.org/entity/Q2554567,0,1644,,40.69305556,68.59333333
KAZ,Cazaquistão,Q15617704,http://www.wikidata.org/entity/Q2554567,0,64,,40.83111111,68.17666667
KAZ,Cazaquistão,Q15617705,http://www.wikidata.org/entity/Q2554567,0,57,,40.82194444,68.17833333
KAZ,Cazaquistão,Q15617710,http://www.wikidata.org/entity/Q2554567,0,1641,,40.76333333,68.53944444
KAZ,Cazaquistão,Q15617709,http://www.wikidata.org/entity/Q2554567,0,923,,40.66194444,68.58277778
KAZ,Cazaquistão,Q15617714,http://www.wikidata.org/entity/Q2554567,0,268,,40.68083333,68.61527778
KAZ,Cazaquistão,Q15617715,http://www.wikidata.org/entity/Q2554567,0,2611,,40.869166666667,68.138055555556
KAZ,Cazaquistão,Q15617712,http://www.wikidata.org/entity/Q2554567,0,2607,,40.66222222,68.62305556
KAZ,Cazaquistão,Q15617713,http://www.wikidata.org/entity/Q2554567,0,1117,,40.6925,68.54222222
KAZ,Cazaquistão,Q15617718,http://www.wikidata.org/entity/Q2554567,0,1371,,40.87083333,68.54611111
KAZ,Cazaquistão,Q15617719,http://www.wikidata.org/entity/Q2554567,0,1320,,40.92888889,68.53722222
KAZ,Cazaquistão,Q15617717,http://www.wikidata.org/entity/Q2554567,0,4159,,40.89583333,68.54222222
KAZ,Cazaquistão,Q15617722,http://www.wikidata.org/entity/Q2554567,0,1037,,40.975,68.373611111111
KAZ,Cazaquistão,Q15617723,http://www.wikidata.org/entity/Q2554567,0,888,,40.938888888889,68.416666666667
KAZ,Cazaquistão,Q15617721,http://www.wikidata.org/entity/Q2554567,0,384,,40.973611111111,68.388888888889
KAZ,Cazaquistão,Q15617726,http://www.wikidata.org/entity/Q2554567,0,852,,40.930555555556,68.4
KAZ,Cazaquistão,Q15617724,http://www.wikidata.org/entity/Q2554567,0,916,,40.911111111111,68.383333333333
KAZ,Cazaquistão,Q15617725,http://www.wikidata.org/entity/Q2554567,0,1713,,40.944444444444,68.35
KAZ,Cazaquistão,Q15617730,http://www.wikidata.org/entity/Q2554567,0,1366,,40.947222222222,68.290277777778
KAZ,Cazaquistão,Q15617731,http://www.wikidata.org/entity/Q2554567,0,173,,40.9875,68.279166666667
KAZ,Cazaquistão,Q15617729,http://www.wikidata.org/entity/Q2554567,0,1789,,40.77972222,68.53416667
KAZ,Cazaquistão,Q15617734,http://www.wikidata.org/entity/Q2554567,0,229,,41.011111111111,68.306944444444
KAZ,Cazaquistão,Q15617732,http://www.wikidata.org/entity/Q2554567,0,162,,40.870833333333,68.255555555556
KAZ,Cazaquistão,Q15617733,http://www.wikidata.org/entity/Q2554567,0,271,,40.911111111111,68.247222222222
KAZ,Cazaquistão,Q15617738,http://www.wikidata.org/entity/Q2554567,0,788,,40.745,68.53333333
KAZ,Cazaquistão,Q15617739,http://www.wikidata.org/entity/Q2554567,0,1878,,40.70972222,68.53083333
KAZ,Cazaquistão,Q15617736,http://www.wikidata.org/entity/Q2554567,0,1135,,40.988888888889,68.304166666667
KAZ,Cazaquistão,Q15617740,http://www.wikidata.org/entity/Q2554567,0,3566,,40.725,68.29138889
KAZ,Cazaquistão,Q15617741,http://www.wikidata.org/entity/Q2554567,0,296,,40.73888889,68.32083333
KAZ,Cazaquistão,Q15748312,http://www.wikidata.org/entity/Q41229,0,0,,53.90131,68.16913
KAZ,Cazaquistão,Q16272012,http://www.wikidata.org/entity/Q2554511,0,340,,42.487606,70.4757
KAZ,Cazaquistão,Q16272269,http://www.wikidata.org/entity/Q20098120,0,817,,46.1425,62.0787
KAZ,Cazaquistão,Q16272277,http://www.wikidata.org/entity/Q12528966,0,341,,49.051567,76.024225
KAZ,Cazaquistão,Q16651062,http://www.wikidata.org/entity/Q2554511,0,1247,,42.587846,69.83918
KAZ,Cazaquistão,Q16651074,http://www.wikidata.org/entity/Q2554452,0,844,,41.280525,68.864528
KAZ,Cazaquistão,Q16651090,http://www.wikidata.org/entity/Q2554452,0,771,,41.474702,69.299379
KAZ,Cazaquistão,Q16651093,http://www.wikidata.org/entity/Q2726421,0,151,,49.476908,75.513918
KAZ,Cazaquistão,Q16651881,http://www.wikidata.org/entity/Q574486,0,3346,,42.47083056,69.93387222
KAZ,Cazaquistão,Q16651948,http://www.wikidata.org/entity/Q1370228,0,1155,,41.918075,69.72594722
KAZ,Cazaquistão,Q16651953,http://www.wikidata.org/entity/Q12556685,0,57,,47.811569,74.773504
KAZ,Cazaquistão,Q16651959,http://www.wikidata.org/entity/Q20098398,0,1673,,42.16468,68.11969
KAZ,Cazaquistão,Q16651956,http://www.wikidata.org/entity/Q2554452,0,1194,,41.289323,68.659924
KAZ,Cazaquistão,Q16651964,http://www.wikidata.org/entity/Q20098399,0,905,,44.24833333,66.79111111
KAZ,Cazaquistão,Q16651973,http://www.wikidata.org/entity/Q12575803,0,442,,43.782497,73.697391
KAZ,Cazaquistão,Q16651976,http://www.wikidata.org/entity/Q522660,0,827,,42.85916667,69.05333333
KAZ,Cazaquistão,Q16652045,http://www.wikidata.org/entity/Q2554452,0,4196,,41.7175,69.01333333
KAZ,Cazaquistão,Q16652048,http://www.wikidata.org/entity/Q1427082,0,35,,52.37744444,64.06365
KAZ,Cazaquistão,Q16652127,http://www.wikidata.org/entity/Q1370228,0,1364,,41.904449,69.461575
KAZ,Cazaquistão,Q16652130,http://www.wikidata.org/entity/Q20098194,0,303,,47.110794,63.25583
KAZ,Cazaquistão,Q16652231,http://www.wikidata.org/entity/Q2554511,0,888,,42.48277778,70.00611111
KAZ,Cazaquistão,Q16652264,http://www.wikidata.org/entity/Q522660,0,928,,42.78444444,69.65138889
KAZ,Cazaquistão,Q16652275,http://www.wikidata.org/entity/Q2605432,0,281,,41.681532,67.917881
KAZ,Cazaquistão,Q16652273,http://www.wikidata.org/entity/Q2476575,0,227,,52.967355,76.095465
KAZ,Cazaquistão,Q16652284,http://www.wikidata.org/entity/Q522660,0,393,,42.893333333333,69.479166666667
KAZ,Cazaquistão,Q16652288,http://www.wikidata.org/entity/Q56368450,0,133,,53.719974,76.616922
KAZ,Cazaquistão,Q16652294,http://www.wikidata.org/entity/Q2726480,0,199,,48.46305556,70.22722222
KAZ,Cazaquistão,Q16652300,http://www.wikidata.org/entity/Q16690029,0,159,,49.569175,72.473924
KAZ,Cazaquistão,Q16652530,http://www.wikidata.org/entity/Q2668108,0,972,,48.0066139,69.1320444
KAZ,Cazaquistão,Q16652528,http://www.wikidata.org/entity/Q2554511,0,481,,42.600523,70.227994
KAZ,Cazaquistão,Q16652535,http://www.wikidata.org/entity/Q2554452,0,514,,41.459717,69.068309
KAZ,Cazaquistão,Q16653142,http://www.wikidata.org/entity/Q25505435,0,411,,53.98638889,63.26111111
KAZ,Cazaquistão,Q16653145,http://www.wikidata.org/entity/Q56368752,0,184,,52.31456,77.30564
KAZ,Cazaquistão,Q16653182,http://www.wikidata.org/entity/Q16431090,0,85,,52.93833333,66.10083333
KAZ,Cazaquistão,Q16653211,http://www.wikidata.org/entity/Q16433550,0,167,,53.87472222,62.41388889
KAZ,Cazaquistão,Q16653306,http://www.wikidata.org/entity/Q1010136,0,293,,52.36972222,65.265
KAZ,Cazaquistão,Q16653315,http://www.wikidata.org/entity/Q16721250,0,789,,49.675,73.24888889
KAZ,Cazaquistão,Q16653319,http://www.wikidata.org/entity/Q12546259,0,1255,,50.1575,71.44611111
KAZ,Cazaquistão,Q16653317,http://www.wikidata.org/entity/Q30974454,0,6894,,53.23518056,63.73412222
KAZ,Cazaquistão,Q16661861,http://www.wikidata.org/entity/Q1249595,0,210,,53.169698,65.980833
KAZ,Cazaquistão,Q16661866,http://www.wikidata.org/entity/Q61366290,0,143,,50.998779,74.994262
KAZ,Cazaquistão,Q16661864,http://www.wikidata.org/entity/Q13476153,0,97,,49.483517,74.506652
KAZ,Cazaquistão,Q16661891,http://www.wikidata.org/entity/Q483322,0,108,,49.35416667,63.08111111
KAZ,Cazaquistão,Q16661888,http://www.wikidata.org/entity/Q12532338,0,113,,48.334229,74.227016
KAZ,Cazaquistão,Q16661950,http://www.wikidata.org/entity/Q1370228,0,4454,,41.82845,69.71336111
KAZ,Cazaquistão,Q16661948,http://www.wikidata.org/entity/Q793969,0,21,,54.09972222,63.66777778
KAZ,Cazaquistão,Q16661958,http://www.wikidata.org/entity/Q12575868,0,1015,,50.061933,71.509395
KAZ,Cazaquistão,Q16664384,http://www.wikidata.org/entity/Q2554487,0,1258,,42.82786667,68.28135833
KAZ,Cazaquistão,Q16664396,http://www.wikidata.org/entity/Q2554452,0,553,,41.110833333333,68.703888888889
KAZ,Cazaquistão,Q16664422,http://www.wikidata.org/entity/Q12555968,0,826,,51.33231389,64.76253889
KAZ,Cazaquistão,Q16664426,http://www.wikidata.org/entity/Q12535152,0,1117,,43.04595,70.562092
KAZ,Cazaquistão,Q16664428,http://www.wikidata.org/entity/Q20098617,0,64,,46.272222222222,62.733333333333
KAZ,Cazaquistão,Q16664433,http://www.wikidata.org/entity/Q574486,0,5619,,42.562269444444,69.761597222222
KAZ,Cazaquistão,Q16664442,http://www.wikidata.org/entity/Q2554511,0,784,,42.503585,70.223401
KAZ,Cazaquistão,Q16664448,http://www.wikidata.org/entity/Q718108,0,580,,42.03259,68.20432
KAZ,Cazaquistão,Q16664542,http://www.wikidata.org/entity/Q2554556,0,1402,,43.948833,68.58377
KAZ,Cazaquistão,Q16664549,http://www.wikidata.org/entity/Q1010136,0,81,,52.76694444,65.84888889
KAZ,Cazaquistão,Q16664552,http://www.wikidata.org/entity/Q56368522,0,647,,53.095983,77.442442
KAZ,Cazaquistão,Q16664556,http://www.wikidata.org/entity/Q30969552,0,161,,52.60482,62.614489
KAZ,Cazaquistão,Q16664578,http://www.wikidata.org/entity/Q12540442,0,117,,49.783398,72.224329
KAZ,Cazaquistão,Q16664586,http://www.wikidata.org/entity/Q61366346,0,23,,50.333004,75.713272
KAZ,Cazaquistão,Q16664584,http://www.wikidata.org/entity/Q12565032,0,89,,48.54388889,73.26888889
KAZ,Cazaquistão,Q16664590,http://www.wikidata.org/entity/Q2554428,0,627,,42.961666666667,68.895277777778
KAZ,Cazaquistão,Q16664588,http://www.wikidata.org/entity/Q12528108,0,540,,49.792236,64.134393
KAZ,Cazaquistão,Q16664594,http://www.wikidata.org/entity/Q2554428,0,1436,,42.37301667,69.374025
KAZ,Cazaquistão,Q16664592,http://www.wikidata.org/entity/Q2726397,0,34,,47.28972222,62.475
KAZ,Cazaquistão,Q16664598,http://www.wikidata.org/entity/Q61366399,0,229,,50.793024,74.989243
KAZ,Cazaquistão,Q16664596,http://www.wikidata.org/entity/Q2554511,0,674,,42.608822,70.053971
KAZ,Cazaquistão,Q16664600,http://www.wikidata.org/entity/Q1370228,0,1775,,41.957785,69.729085
KAZ,Cazaquistão,Q16664607,http://www.wikidata.org/entity/Q20098207,0,864,,42.15825,68.12913
KAZ,Cazaquistão,Q16664628,http://www.wikidata.org/entity/Q2476619,0,19,,50.136275,65.02457778
KAZ,Cazaquistão,Q16664634,http://www.wikidata.org/entity/Q1427082,0,554,,51.99754167,64.66153333
KAZ,Cazaquistão,Q16664633,http://www.wikidata.org/entity/Q2554511,0,984,,42.524346,70.277451
KAZ,Cazaquistão,Q16672062,http://www.wikidata.org/entity/Q25563,0,32,,52.834999,66.426816
KAZ,Cazaquistão,Q16673348,http://www.wikidata.org/entity/Q75251,0,0,,53.32298,76.94789
KAZ,Cazaquistão,Q16673360,http://www.wikidata.org/entity/Q2726443,0,1189,,50.58083333,71.37361111
KAZ,Cazaquistão,Q16673375,http://www.wikidata.org/entity/Q30974411,0,2152,,52.82916667,62.64416667
KAZ,Cazaquistão,Q16673372,http://www.wikidata.org/entity/Q1010136,0,315,,52.85200556,65.77953056
KAZ,Cazaquistão,Q16674401,http://www.wikidata.org/entity/Q622780,0,0,,52.19888889,76.09805556
KAZ,Cazaquistão,Q16674570,http://www.wikidata.org/entity/Q30972169,0,176,,52.56055556,65.46638889
KAZ,Cazaquistão,Q16674699,http://www.wikidata.org/entity/Q12578032,0,518,,49.69345278,74.66849722
KAZ,Cazaquistão,Q16674805,http://www.wikidata.org/entity/Q698941,0,245,,50.24416667,67.61416667
KAZ,Cazaquistão,Q16675020,http://www.wikidata.org/entity/Q2554511,0,1300,,42.586677,69.94149
KAZ,Cazaquistão,Q16675115,http://www.wikidata.org/entity/Q30972185,0,954,,53.524697,65.507326
KAZ,Cazaquistão,Q16675131,http://www.wikidata.org/entity/Q30969313,0,6,,49.35583333,66.455
KAZ,Cazaquistão,Q16675918,http://www.wikidata.org/entity/Q56368799,0,508,,51.78292,78.66794
KAZ,Cazaquistão,Q13651755,http://www.wikidata.org/entity/Q20072638,0,455,,49.8375,51.352777777778
KAZ,Cazaquistão,Q13651752,http://www.wikidata.org/entity/Q20072656,0,228,,50.4975,50.555833333333
KAZ,Cazaquistão,Q13651759,http://www.wikidata.org/entity/Q30975068,0,152,,53.969568,67.549682
KAZ,Cazaquistão,Q13651757,http://www.wikidata.org/entity/Q30975068,0,285,,54.047648,67.597833
KAZ,Cazaquistão,Q13651762,http://www.wikidata.org/entity/Q30975068,0,493,,53.983146,67.60942
KAZ,Cazaquistão,Q13651763,http://www.wikidata.org/entity/Q32421,0,956,,53.754547,67.548223
KAZ,Cazaquistão,Q13651765,http://www.wikidata.org/entity/Q30972517,0,154,,53.770073055556,67.610441944444
KAZ,Cazaquistão,Q13651771,http://www.wikidata.org/entity/Q32421,0,68,,53.656339,67.408062
KAZ,Cazaquistão,Q13651772,http://www.wikidata.org/entity/Q30972517,0,225,,53.687355,67.305065
KAZ,Cazaquistão,Q13651777,http://www.wikidata.org/entity/Q2737283,0,21,,51.068888888889,53.071388888889
KAZ,Cazaquistão,Q13651781,http://www.wikidata.org/entity/Q2737283,0,54,,51.159166666667,53.276944444444
KAZ,Cazaquistão,Q13651796,http://www.wikidata.org/entity/Q2737283,0,356,,50.935985,52.585788
KAZ,Cazaquistão,Q13651802,http://www.wikidata.org/entity/Q2737283,0,94,,51.118333333333,52.9275
KAZ,Cazaquistão,Q13651806,http://www.wikidata.org/entity/Q2737283,0,9,,51.056666666667,52.758888888889
KAZ,Cazaquistão,Q13651804,http://www.wikidata.org/entity/Q2737283,0,475,,51.188489,52.917445
KAZ,Cazaquistão,Q13651813,http://www.wikidata.org/entity/Q2737283,0,118,,51.272494,53.052793
KAZ,Cazaquistão,Q13651817,http://www.wikidata.org/entity/Q2737283,0,3068,,51.138333333333,53.067222222222
KAZ,Cazaquistão,Q13651830,http://www.wikidata.org/entity/Q2736638,0,156,,49.323055555556,50.238055555556
KAZ,Cazaquistão,Q13651831,http://www.wikidata.org/entity/Q2736638,0,91,,49.269444444444,50.062222222222
KAZ,Cazaquistão,Q13651835,http://www.wikidata.org/entity/Q12555714,0,615,,48.999166666667,50.038333333333
KAZ,Cazaquistão,Q13651833,http://www.wikidata.org/entity/Q12553905,0,902,,49.385055,50.347245
KAZ,Cazaquistão,Q13651837,http://www.wikidata.org/entity/Q12555714,0,1756,,49.045833333333,49.951111111111
KAZ,Cazaquistão,Q13651855,http://www.wikidata.org/entity/Q2736638,0,59,,49.15572,49.261401
KAZ,Cazaquistão,Q13651856,http://www.wikidata.org/entity/Q2736638,0,90,,49.300418,49.942685
KAZ,Cazaquistão,Q13651891,http://www.wikidata.org/entity/Q486913,0,629,,47.059722222222,51.896666666667
KAZ,Cazaquistão,Q13651895,http://www.wikidata.org/entity/Q486913,0,211,,47.157777777778,52.020555555556
KAZ,Cazaquistão,Q13651893,http://www.wikidata.org/entity/Q486913,0,135,,47.249873,52.474422
KAZ,Cazaquistão,Q13651898,http://www.wikidata.org/entity/Q486913,0,183,,47.1475,52.045833333333
KAZ,Cazaquistão,Q13651897,http://www.wikidata.org/entity/Q486913,0,92,,47.211111111111,52.168055555556
KAZ,Cazaquistão,Q13651900,http://www.wikidata.org/entity/Q486913,0,77,,46.908333333333,51.675555555556
KAZ,Cazaquistão,Q13651907,http://www.wikidata.org/entity/Q486913,0,2839,,47.14,51.988888888889
KAZ,Cazaquistão,Q13651947,http://www.wikidata.org/entity/Q30972518,0,346,,54.015277777778,67.377777777778
KAZ,Cazaquistão,Q13651991,http://www.wikidata.org/entity/Q32421,0,200,,54.114667,67.408748
KAZ,Cazaquistão,Q13651995,http://www.wikidata.org/entity/Q30972519,0,294,,53.962852,67.20214
KAZ,Cazaquistão,Q13651993,http://www.wikidata.org/entity/Q30972518,0,295,,54.208089,67.163187
KAZ,Cazaquistão,Q13651997,http://www.wikidata.org/entity/Q32421,0,77,,53.616747,67.715765
KAZ,Cazaquistão,Q13652305,http://www.wikidata.org/entity/Q45705,0,6,,54.416982,69.027944
KAZ,Cazaquistão,Q13652309,http://www.wikidata.org/entity/Q45705,0,70,,54.626755,69.754072
KAZ,Cazaquistão,Q13652337,http://www.wikidata.org/entity/Q2737304,0,767,,51.241111111111,50.915555555556
KAZ,Cazaquistão,Q13652342,http://www.wikidata.org/entity/Q12558546,0,1305,,51.191666666667,50.86
KAZ,Cazaquistão,Q13652347,http://www.wikidata.org/entity/Q2737304,0,51,,51.108888888889,50.736666666667
KAZ,Cazaquistão,Q13652344,http://www.wikidata.org/entity/Q2737304,0,370,,51.13,51.020277777778
KAZ,Cazaquistão,Q13652345,http://www.wikidata.org/entity/Q12558546,0,87,,51.1875,50.8075
KAZ,Cazaquistão,Q13652406,http://www.wikidata.org/entity/Q20082621,0,540,,51.256666666667,51.341944444444
KAZ,Cazaquistão,Q13652411,http://www.wikidata.org/entity/Q2737304,0,11,,51.509952777778,50.8196
KAZ,Cazaquistão,Q13652408,http://www.wikidata.org/entity/Q2737304,0,48,,51.271111111111,51.3525
KAZ,Cazaquistão,Q13652409,http://www.wikidata.org/entity/Q20097494,0,947,,51.429722222222,50.744722222222
KAZ,Cazaquistão,Q13652413,http://www.wikidata.org/entity/Q2737304,0,105,,51.4631,50.573955555556
KAZ,Cazaquistão,Q13652416,http://www.wikidata.org/entity/Q20097494,0,49,,51.560552777778,50.593152777778
KAZ,Cazaquistão,Q13652423,http://www.wikidata.org/entity/Q2737304,0,169,,51.516944444444,51.893055555556
KAZ,Cazaquistão,Q13652420,http://www.wikidata.org/entity/Q56370338,0,582,,51.572002777778,51.837255555556
KAZ,Cazaquistão,Q13652425,http://www.wikidata.org/entity/Q20073053,0,1495,,51.268352777778,51.045705555556
KAZ,Cazaquistão,Q13652430,http://www.wikidata.org/entity/Q20073308,0,546,,51.264722222222,50.463888888889
KAZ,Cazaquistão,Q13652428,http://www.wikidata.org/entity/Q2737304,0,21,,51.388055555556,51.903333333333
KAZ,Cazaquistão,Q13652435,http://www.wikidata.org/entity/Q12566299,0,1175,,51.312152777778,51.669802777778
KAZ,Cazaquistão,Q13652433,http://www.wikidata.org/entity/Q2737304,0,85,,51.155833333333,50.456111111111
KAZ,Cazaquistão,Q13652437,http://www.wikidata.org/entity/Q12566299,0,274,,51.266666666667,51.527777777778
KAZ,Cazaquistão,Q13652442,http://www.wikidata.org/entity/Q2737304,0,326,,51.391666666667,51.502222222222
KAZ,Cazaquistão,Q13652440,http://www.wikidata.org/entity/Q20076476,0,3588,,51.359852777778,51.514805555556
KAZ,Cazaquistão,Q13652592,http://www.wikidata.org/entity/Q20093837,0,633,,50.125277777778,49.561666666667
KAZ,Cazaquistão,Q13652600,http://www.wikidata.org/entity/Q20093962,0,740,,49.590805555556,48.35775
KAZ,Cazaquistão,Q13652661,http://www.wikidata.org/entity/Q30975157,0,1197,,54.368611111111,69.765555555556
KAZ,Cazaquistão,Q13652664,http://www.wikidata.org/entity/Q30975157,0,380,,54.401111111111,69.57
KAZ,Cazaquistão,Q13652673,http://www.wikidata.org/entity/Q30975157,0,253,,54.371388888889,69.9275
KAZ,Cazaquistão,Q13652687,http://www.wikidata.org/entity/Q20093711,0,1446,,49.585,53.101388888889
KAZ,Cazaquistão,Q13652818,http://www.wikidata.org/entity/Q595124,0,579,,49.652222222222,53.275833333333
KAZ,Cazaquistão,Q13652822,http://www.wikidata.org/entity/Q595124,0,669,,49.655277777778,53.179166666667
KAZ,Cazaquistão,Q13652837,http://www.wikidata.org/entity/Q595124,0,44,,49.872845,53.925569
KAZ,Cazaquistão,Q13652848,http://www.wikidata.org/entity/Q595124,0,271,,49.808538,53.829871
KAZ,Cazaquistão,Q13652856,http://www.wikidata.org/entity/Q20078065,0,343,,50.295555555556,53.826388888889
KAZ,Cazaquistão,Q13653115,http://www.wikidata.org/entity/Q20082517,0,860,,49.061202777778,47.263402777778
KAZ,Cazaquistão,Q13653116,http://www.wikidata.org/entity/Q2736647,0,276,,48.854722222222,46.833333333333
KAZ,Cazaquistão,Q13653123,http://www.wikidata.org/entity/Q20092683,0,363,,48.934444444444,47.036666666667
KAZ,Cazaquistão,Q13653128,http://www.wikidata.org/entity/Q20092683,0,365,,48.537777777778,46.760277777778
KAZ,Cazaquistão,Q13653135,http://www.wikidata.org/entity/Q4476930,0,547,,48.879957,47.872446
KAZ,Cazaquistão,Q13653132,http://www.wikidata.org/entity/Q2736647,0,354,,48.909583,48.06844
KAZ,Cazaquistão,Q13653139,http://www.wikidata.org/entity/Q20074268,0,520,,48.955143,47.614561
KAZ,Cazaquistão,Q13653142,http://www.wikidata.org/entity/Q20097136,0,1259,,48.963888888889,49.061111111111
KAZ,Cazaquistão,Q13648030,http://www.wikidata.org/entity/Q2029854,0,0,,53.288565,67.558609
KAZ,Cazaquistão,Q16274313,http://www.wikidata.org/entity/Q2554452,0,83,,41.433128,69.10453
KAZ,Cazaquistão,Q16274328,http://www.wikidata.org/entity/Q522660,0,395,,43.24694444,69.16944444
KAZ,Cazaquistão,Q16274332,http://www.wikidata.org/entity/Q2554487,0,208,,42.694078,68.452306
KAZ,Cazaquistão,Q16274342,http://www.wikidata.org/entity/Q2668108,0,565,,48.87055556,68.06472222
KAZ,Cazaquistão,Q16274355,http://www.wikidata.org/entity/Q2726480,0,988,,48.72527778,71.945
KAZ,Cazaquistão,Q16274359,http://www.wikidata.org/entity/Q483322,0,161,,50.60055556,63.74055556
KAZ,Cazaquistão,Q16274365,http://www.wikidata.org/entity/Q2726480,0,185,,48.64758333,71.81300278
KAZ,Cazaquistão,Q16274374,http://www.wikidata.org/entity/Q2605432,0,142,,41.341583,67.337145
KAZ,Cazaquistão,Q16274383,http://www.wikidata.org/entity/Q2632718,0,293,,44.68626667,66.08406944
KAZ,Cazaquistão,Q16274380,http://www.wikidata.org/entity/Q20098234,0,215,,44.767555,65.749135
KAZ,Cazaquistão,Q16274386,http://www.wikidata.org/entity/Q2554452,0,63,,41.237418,68.855078
KAZ,Cazaquistão,Q16274391,http://www.wikidata.org/entity/Q20098247,0,733,,45.67689167,61.90242222
KAZ,Cazaquistão,Q16274388,http://www.wikidata.org/entity/Q522660,0,534,,42.99777778,69.52833333
KAZ,Cazaquistão,Q16274394,http://www.wikidata.org/entity/Q20098130,0,2422,,43.85741111,67.44347222
KAZ,Cazaquistão,Q16274397,http://www.wikidata.org/entity/Q2632749,0,0,,45.22333333,64.135
KAZ,Cazaquistão,Q16274403,http://www.wikidata.org/entity/Q20098546,0,830,,43.6975,51.35083333
KAZ,Cazaquistão,Q16274400,http://www.wikidata.org/entity/Q20098647,0,9,,45.745833333333,62.658333333333
KAZ,Cazaquistão,Q16274407,http://www.wikidata.org/entity/Q2554428,0,633,,42.482795,69.148879
KAZ,Cazaquistão,Q16431139,http://www.wikidata.org/entity/Q20098989,0,981,,44.20452778,66.498975
KAZ,Cazaquistão,Q16431423,http://www.wikidata.org/entity/Q61368186,0,1357,,47.171481,84.531384
KAZ,Cazaquistão,Q16431649,http://www.wikidata.org/entity/Q30975228,0,556,,53.894527,72.271328
KAZ,Cazaquistão,Q16431882,http://www.wikidata.org/entity/Q20098138,0,3780,,44.76222222,65.4825
KAZ,Cazaquistão,Q16433386,http://www.wikidata.org/entity/Q12531701,0,1203,,50.73305556,73.53
KAZ,Cazaquistão,Q16433452,http://www.wikidata.org/entity/Q20098306,0,2240,,45.07361111,63.93583333
KAZ,Cazaquistão,Q16434494,http://www.wikidata.org/entity/Q2550754,0,2122,,47.804726638889,81.27312225
KAZ,Cazaquistão,Q16533371,http://www.wikidata.org/entity/Q12548083,0,167,,53.83861111,63.09333333
KAZ,Cazaquistão,Q16533408,http://www.wikidata.org/entity/Q35493,0,158300,,43.25,76.95
KAZ,Cazaquistão,Q16533431,http://www.wikidata.org/entity/Q2554452,0,643,,41.231997,68.813401
KAZ,Cazaquistão,Q16533476,http://www.wikidata.org/entity/Q61366398,0,123,,50.967941,75.630569
KAZ,Cazaquistão,Q16533513,http://www.wikidata.org/entity/Q12528366,0,378,,53.86374722,63.75056111
KAZ,Cazaquistão,Q16533528,http://www.wikidata.org/entity/Q12551064,0,293,,48.74115278,72.30609722
KAZ,Cazaquistão,Q16533574,http://www.wikidata.org/entity/Q35493,0,200408,,43.25,76.9
KAZ,Cazaquistão,Q16533637,http://www.wikidata.org/entity/Q30974408,0,458,,52.48,61.80027778
KAZ,Cazaquistão,Q16533736,http://www.wikidata.org/entity/Q1370228,0,595,,41.97444444,69.23361111
KAZ,Cazaquistão,Q16534199,http://www.wikidata.org/entity/Q20098181,0,430,,45.59138889,61.64583333
KAZ,Cazaquistão,Q16534357,http://www.wikidata.org/entity/Q25505507,0,681,,53.51683611,64.20121944
KAZ,Cazaquistão,Q16534515,http://www.wikidata.org/entity/Q12574554,0,341,,49.88634,72.57529
KAZ,Cazaquistão,Q16534658,http://www.wikidata.org/entity/Q35493,0,309478,,43.25,76.95
KAZ,Cazaquistão,Q16534837,http://www.wikidata.org/entity/Q1315785,0,3481,,43.39008,68.01395
KAZ,Cazaquistão,Q16535045,http://www.wikidata.org/entity/Q30972140,0,503,,52.40006667,63.63327778
KAZ,Cazaquistão,Q16535157,http://www.wikidata.org/entity/Q12541025,0,653,,43.803067,73.720493
KAZ,Cazaquistão,Q16535674,http://www.wikidata.org/entity/Q30972248,0,111,,53.18638889,64.05416667
KAZ,Cazaquistão,Q16536084,http://www.wikidata.org/entity/Q61366342,0,91,,50.298606,75.326042
KAZ,Cazaquistão,Q16536345,http://www.wikidata.org/entity/Q2554452,0,396,,41.49007,69.104126
KAZ,Cazaquistão,Q16536713,http://www.wikidata.org/entity/Q1315785,0,863,,43.29445,68.44877
KAZ,Cazaquistão,Q16537062,http://www.wikidata.org/entity/Q20098209,0,539,,43.89444444,66.98305556
KAZ,Cazaquistão,Q16537138,http://www.wikidata.org/entity/Q61366350,0,66,,50.821553,75.325956
KAZ,Cazaquistão,Q16537146,http://www.wikidata.org/entity/Q61366285,0,946,,51.138755,75.738544
KAZ,Cazaquistão,Q16631878,http://www.wikidata.org/entity/Q75251,0,477,,53.355982,76.70806
KAZ,Cazaquistão,Q16631886,http://www.wikidata.org/entity/Q619361,0,505,,53.73379444,63.55540278
KAZ,Cazaquistão,Q16631892,http://www.wikidata.org/entity/Q485437,0,347,,53.80666667,65.4175
KAZ,Cazaquistão,Q16631953,http://www.wikidata.org/entity/Q1010136,0,1421,,52.6675,65.51916667
KAZ,Cazaquistão,Q16632017,http://www.wikidata.org/entity/Q30974360,0,1225,,50.55861111,66.75111111
KAZ,Cazaquistão,Q16632039,http://www.wikidata.org/entity/Q12574799,0,110,,49.580139,72.667
KAZ,Cazaquistão,Q16632048,http://www.wikidata.org/entity/Q2283566,0,55,,49.52752,71.868045
KAZ,Cazaquistão,Q16635357,http://www.wikidata.org/entity/Q703004,0,0,,51.75333333,62.27333333
KAZ,Cazaquistão,Q16635361,http://www.wikidata.org/entity/Q2554567,0,115,,41.016666666667,68.123611111111
KAZ,Cazaquistão,Q16635369,http://www.wikidata.org/entity/Q16695922,0,758,,50.14230278,72.80220278
KAZ,Cazaquistão,Q16635610,http://www.wikidata.org/entity/Q56368528,0,1192,,53.004166666667,78.133888888889
KAZ,Cazaquistão,Q16635822,http://www.wikidata.org/entity/Q30972373,0,428,,52.553916,67.044754
KAZ,Cazaquistão,Q16635825,http://www.wikidata.org/entity/Q2554567,0,88,,40.84444444,68.14611111
KAZ,Cazaquistão,Q16636185,http://www.wikidata.org/entity/Q12574554,0,341,,49.850685,72.586191
KAZ,Cazaquistão,Q16636195,http://www.wikidata.org/entity/Q12530028,0,244,,52.68938611,61.08481111
KAZ,Cazaquistão,Q16636557,http://www.wikidata.org/entity/Q30974960,0,316,,52.20859167,64.87992222
KAZ,Cazaquistão,Q16637003,http://www.wikidata.org/entity/Q619361,0,1169,,52.91668611,63.79334722
KAZ,Cazaquistão,Q16637015,http://www.wikidata.org/entity/Q2605063,0,0,,52.21833333,67.53083333
KAZ,Cazaquistão,Q16637017,http://www.wikidata.org/entity/Q12565785,0,712,,52.21916389,61.51330556
KAZ,Cazaquistão,Q16637799,http://www.wikidata.org/entity/Q56367647,0,985,,53.123599,74.189802
KAZ,Cazaquistão,Q16638403,http://www.wikidata.org/entity/Q58179,0,0,,53.50611111,74.53472222
KAZ,Cazaquistão,Q16638435,http://www.wikidata.org/entity/Q2476619,0,121,,50.710175,65.86072222
KAZ,Cazaquistão,Q16641370,http://www.wikidata.org/entity/Q1650873,0,0,,53.68194444,62.16722222
KAZ,Cazaquistão,Q16646713,http://www.wikidata.org/entity/Q1650873,0,118,,53.02,62.2825
KAZ,Cazaquistão,Q16648419,http://www.wikidata.org/entity/Q1370228,0,1216,,42.04042222,69.41553611
KAZ,Cazaquistão,Q16648422,http://www.wikidata.org/entity/Q20098341,0,1532,,44.23674444,66.84028889
KAZ,Cazaquistão,Q16648425,http://www.wikidata.org/entity/Q2554428,0,625,,42.96305556,68.89111111
KAZ,Cazaquistão,Q16648431,http://www.wikidata.org/entity/Q2554511,0,442,,42.542549,69.881941
KAZ,Cazaquistão,Q16648428,http://www.wikidata.org/entity/Q2554452,0,1422,,41.369444444444,68.980555555556
KAZ,Cazaquistão,Q16648434,http://www.wikidata.org/entity/Q1315785,0,1859,,43.36213,68.36105
KAZ,Cazaquistão,Q16648437,http://www.wikidata.org/entity/Q2946879,0,177,,48.681384,73.781193
KAZ,Cazaquistão,Q16648479,http://www.wikidata.org/entity/Q2554452,0,3920,,41.427025,69.11376
KAZ,Cazaquistão,Q16648543,http://www.wikidata.org/entity/Q2726480,0,1328,,48.64722222,70.37111111
KAZ,Cazaquistão,Q16648544,http://www.wikidata.org/entity/Q12556969,0,134,,50.663336,72.483745
KAZ,Cazaquistão,Q16648575,http://www.wikidata.org/entity/Q2554452,0,666,,41.534958,69.124045
KAZ,Cazaquistão,Q16648607,http://www.wikidata.org/entity/Q2556235,0,133,,42.82444444,79.25333333
KAZ,Cazaquistão,Q16648619,http://www.wikidata.org/entity/Q2556173,0,134,,45.72277778,80.27805556
KAZ,Cazaquistão,Q16648616,http://www.wikidata.org/entity/Q20098485,0,343,,47.0625,62.19333333
KAZ,Cazaquistão,Q16648669,http://www.wikidata.org/entity/Q4361580,0,163,,53.34805556,65.65
KAZ,Cazaquistão,Q16648819,http://www.wikidata.org/entity/Q16433662,0,1363,,54.050823,65.07268
KAZ,Cazaquistão,Q16648854,http://www.wikidata.org/entity/Q12574685,0,1081,,43.18825,70.238296
KAZ,Cazaquistão,Q16651038,http://www.wikidata.org/entity/Q2554452,0,1958,,41.12735556,68.73022778
KAZ,Cazaquistão,Q16651047,http://www.wikidata.org/entity/Q2448467,0,371,,51.011973,75.011044
KAZ,Cazaquistão,Q16651044,http://www.wikidata.org/entity/Q1370228,0,792,,41.941297,69.682159
KAZ,Cazaquistão,Q16651059,http://www.wikidata.org/entity/Q698941,0,411,,49.79333333,66.14055556
KAZ,Cazaquistão,Q16676197,http://www.wikidata.org/entity/Q30974389,0,327,,51.97833333,61.55638889
KAZ,Cazaquistão,Q16690618,http://www.wikidata.org/entity/Q25563,0,468,,52.397103,66.679802
KAZ,Cazaquistão,Q16693839,http://www.wikidata.org/entity/Q25563,0,6,,52.63973,67.67355
KAZ,Cazaquistão,Q16719135,http://www.wikidata.org/entity/Q25563,0,77,,52.421633,66.967936
KAZ,Cazaquistão,Q16723234,http://www.wikidata.org/entity/Q30972373,0,579,,52.46055556,67.19166667
KAZ,Cazaquistão,Q17057133,http://www.wikidata.org/entity/Q30975106,0,19,,54.90928,68.66352
KAZ,Cazaquistão,Q21103606,http://www.wikidata.org/entity/Q32417,0,0,,53.63436,66.46762
KAZ,Cazaquistão,Q16272440,http://www.wikidata.org/entity/Q2476619,0,127,,50.15861111,65.45277778
KAZ,Cazaquistão,Q16272444,http://www.wikidata.org/entity/Q3274281,0,60,,49.065923,73.700985
KAZ,Cazaquistão,Q16272449,http://www.wikidata.org/entity/Q2554428,0,344,,42.595649,69.493797
KAZ,Cazaquistão,Q16272452,http://www.wikidata.org/entity/Q12574882,0,131,,49.832737,68.655363
KAZ,Cazaquistão,Q16272456,http://www.wikidata.org/entity/Q2554556,0,977,,43.56075833,69.21468056
KAZ,Cazaquistão,Q16272460,http://www.wikidata.org/entity/Q12531819,0,608,,48.93416667,63.90972222
KAZ,Cazaquistão,Q16272467,http://www.wikidata.org/entity/Q698941,0,629,,49.933975,66.56943889
KAZ,Cazaquistão,Q16272465,http://www.wikidata.org/entity/Q12528966,0,153,,48.823876,75.92406
KAZ,Cazaquistão,Q16272474,http://www.wikidata.org/entity/Q30974947,0,362,,52.22624444,64.17458333
KAZ,Cazaquistão,Q16272478,http://www.wikidata.org/entity/Q30969617,0,163,,53.81238056,61.37964722
KAZ,Cazaquistão,Q16272482,http://www.wikidata.org/entity/Q56368745,0,153,,52.649885,77.025219
KAZ,Cazaquistão,Q16272486,http://www.wikidata.org/entity/Q20098176,0,290,,46.07361111,61.33888889
KAZ,Cazaquistão,Q16272499,http://www.wikidata.org/entity/Q20098512,0,463,,43.64527778,67.52833333
KAZ,Cazaquistão,Q16272503,http://www.wikidata.org/entity/Q1370228,0,365,,41.77638889,69.68055556
KAZ,Cazaquistão,Q16272512,http://www.wikidata.org/entity/Q20098122,0,1113,,44.76444444,64.03138889
KAZ,Cazaquistão,Q16272518,http://www.wikidata.org/entity/Q483322,0,20,,49.40805556,62.61555556
KAZ,Cazaquistão,Q16272522,http://www.wikidata.org/entity/Q13477087,0,684,,49.74521111,71.72788056
KAZ,Cazaquistão,Q16272526,http://www.wikidata.org/entity/Q2554452,0,1041,,41.455555555556,69.277777777778
KAZ,Cazaquistão,Q16272530,http://www.wikidata.org/entity/Q12531890,0,715,,49.023293,72.555807
KAZ,Cazaquistão,Q16272533,http://www.wikidata.org/entity/Q12534008,0,272,,50.266192,72.672143
KAZ,Cazaquistão,Q16272570,http://www.wikidata.org/entity/Q1510481,0,149,,52.98185556,61.17772222
KAZ,Cazaquistão,Q16272573,http://www.wikidata.org/entity/Q1510481,0,2,,52.98185556,61.17772222
KAZ,Cazaquistão,Q16273007,http://www.wikidata.org/entity/Q1010136,0,1383,,52.35749444,65.04742222
KAZ,Cazaquistão,Q16273183,http://www.wikidata.org/entity/Q2726410,0,44,,43.49916667,67.20194444
KAZ,Cazaquistão,Q16273187,http://www.wikidata.org/entity/Q30974415,0,540,,52.54350833,63.19723611
KAZ,Cazaquistão,Q16273207,http://www.wikidata.org/entity/Q16700609,0,1054,,48.956974,75.537436
KAZ,Cazaquistão,Q16273223,http://www.wikidata.org/entity/Q12577625,0,711,,43.95915278,70.48171389
KAZ,Cazaquistão,Q16273233,http://www.wikidata.org/entity/Q30969406,0,658,,49.77222222,64.00972222
KAZ,Cazaquistão,Q16273236,http://www.wikidata.org/entity/Q12535219,0,430,,51.08333333,62.68972222
KAZ,Cazaquistão,Q16273241,http://www.wikidata.org/entity/Q20098178,0,1130,,46.500519,61.890399
KAZ,Cazaquistão,Q16273246,http://www.wikidata.org/entity/Q1650873,0,0,,53.89527778,63.33555556
KAZ,Cazaquistão,Q16273254,http://www.wikidata.org/entity/Q2554498,0,390,,52.07919,78.543134
KAZ,Cazaquistão,Q16273291,http://www.wikidata.org/entity/Q703004,0,1585,,52.04722222,62.40083333
KAZ,Cazaquistão,Q16273296,http://www.wikidata.org/entity/Q30969859,0,297,,53.31555556,63.55111111
KAZ,Cazaquistão,Q16273332,http://www.wikidata.org/entity/Q12529990,0,446,,52.86174444,61.85759444
KAZ,Cazaquistão,Q16273340,http://www.wikidata.org/entity/Q12530028,0,499,,52.72748056,61.148025
KAZ,Cazaquistão,Q16273344,http://www.wikidata.org/entity/Q2554428,0,587,,42.91944444,68.86388889
KAZ,Cazaquistão,Q16273349,http://www.wikidata.org/entity/Q2554487,0,386,,42.60916667,68.57388889
KAZ,Cazaquistão,Q16273354,http://www.wikidata.org/entity/Q2554487,0,2984,,42.782644,68.391073
KAZ,Cazaquistão,Q16273364,http://www.wikidata.org/entity/Q30969519,0,1039,,52.91535556,62.29501111
KAZ,Cazaquistão,Q16273369,http://www.wikidata.org/entity/Q574486,0,1287,,42.466136,69.611674
KAZ,Cazaquistão,Q16273376,http://www.wikidata.org/entity/Q12564788,0,251,,43.377511,73.611782
KAZ,Cazaquistão,Q16273613,http://www.wikidata.org/entity/Q20098208,0,2652,,44.31296111,66.478825
KAZ,Cazaquistão,Q16273619,http://www.wikidata.org/entity/Q25504818,0,151,,54.31861111,64.42833333
KAZ,Cazaquistão,Q16273643,http://www.wikidata.org/entity/Q12550982,0,815,,50.013775,73.38516389
KAZ,Cazaquistão,Q16273661,http://www.wikidata.org/entity/Q20098209,0,763,,43.88910833,66.91812778
KAZ,Cazaquistão,Q16273664,http://www.wikidata.org/entity/Q20098647,0,271,,45.73166667,62.93361111
KAZ,Cazaquistão,Q16273878,http://www.wikidata.org/entity/Q431619,0,48,,52.46608056,63.20647778
KAZ,Cazaquistão,Q16273883,http://www.wikidata.org/entity/Q1249595,0,24,,53.43444444,65.44166667
KAZ,Cazaquistão,Q16273890,http://www.wikidata.org/entity/Q2476575,0,214,,52.510945,75.290838
KAZ,Cazaquistão,Q16273897,http://www.wikidata.org/entity/Q2605432,0,225,,41.617103,67.940608
KAZ,Cazaquistão,Q16273901,http://www.wikidata.org/entity/Q20098494,0,1756,,43.36,67.57111111
KAZ,Cazaquistão,Q16273904,http://www.wikidata.org/entity/Q16709048,0,163,,49.804148,76.548822
KAZ,Cazaquistão,Q16273908,http://www.wikidata.org/entity/Q20098221,0,1159,,45.765906,62.32981
KAZ,Cazaquistão,Q16273913,http://www.wikidata.org/entity/Q30969519,0,418,,52.840725,62.01612222
KAZ,Cazaquistão,Q16273917,http://www.wikidata.org/entity/Q1377553,0,95,,53.57921944,62.29564167
KAZ,Cazaquistão,Q16273923,http://www.wikidata.org/entity/Q12534130,0,799,,48.898017,72.4719
KAZ,Cazaquistão,Q16273920,http://www.wikidata.org/entity/Q12534008,0,1000,,50.46244444,72.69276944
KAZ,Cazaquistão,Q16273927,http://www.wikidata.org/entity/Q25505231,0,628,,54.05816389,65.97848056
KAZ,Cazaquistão,Q16273939,http://www.wikidata.org/entity/Q12569573,0,81,,48.266998,75.35526
KAZ,Cazaquistão,Q16273942,http://www.wikidata.org/entity/Q2456359,0,0,,51.90444444,70.35
KAZ,Cazaquistão,Q16273946,http://www.wikidata.org/entity/Q30969876,0,314,,53.10305556,62.62861111
KAZ,Cazaquistão,Q16273959,http://www.wikidata.org/entity/Q44486,0,75,,53.815045,75.476754
KAZ,Cazaquistão,Q16273978,http://www.wikidata.org/entity/Q1249595,0,0,,53.48916667,65.46222222
KAZ,Cazaquistão,Q16273982,http://www.wikidata.org/entity/Q2554428,0,337,,42.49111111,69.01944444
KAZ,Cazaquistão,Q16273986,http://www.wikidata.org/entity/Q20098645,0,2642,,45.783333333333,61.583333333333
KAZ,Cazaquistão,Q16273990,http://www.wikidata.org/entity/Q522660,0,1110,,42.81694444,69.25361111
KAZ,Cazaquistão,Q16274031,http://www.wikidata.org/entity/Q964566,0,490,,54.61722222,65.86611111
KAZ,Cazaquistão,Q16274088,http://www.wikidata.org/entity/Q2554534,0,320,,52.936121,77.309061
KAZ,Cazaquistão,Q16274096,http://www.wikidata.org/entity/Q1378355,0,0,,51.83027778,60.96055556
KAZ,Cazaquistão,Q16274112,http://www.wikidata.org/entity/Q2476538,0,0,,53.45916667,64.76916667
KAZ,Cazaquistão,Q16274129,http://www.wikidata.org/entity/Q2554428,0,1410,,42.54583333,69.11611111
KAZ,Cazaquistão,Q16274142,http://www.wikidata.org/entity/Q2726397,0,42,,46.96705,60.77318611
KAZ,Cazaquistão,Q16274150,http://www.wikidata.org/entity/Q56368484,0,1096,,53.13189,75.877748
KAZ,Cazaquistão,Q16274154,http://www.wikidata.org/entity/Q30969544,0,1495,,52.88026389,63.06618889
KAZ,Cazaquistão,Q16274187,http://www.wikidata.org/entity/Q75251,0,433,,53.43485,76.835704
KAZ,Cazaquistão,Q16274243,http://www.wikidata.org/entity/Q964566,0,90,,54.41444444,64.96805556
KAZ,Cazaquistão,Q16274254,http://www.wikidata.org/entity/Q1377553,0,29,,53.34640833,62.14639444
KAZ,Cazaquistão,Q16274262,http://www.wikidata.org/entity/Q2554428,0,1172,,42.589075,69.36987222
KAZ,Cazaquistão,Q16274267,http://www.wikidata.org/entity/Q2554452,0,1877,,41.374985,68.79674
KAZ,Cazaquistão,Q16274264,http://www.wikidata.org/entity/Q574486,0,65,,42.474166666667,69.729166666667
KAZ,Cazaquistão,Q16274269,http://www.wikidata.org/entity/Q20098156,0,419,,43.291864,77.317051
KAZ,Cazaquistão,Q16274274,http://www.wikidata.org/entity/Q3180939,0,101,,49.252512,73.650452
KAZ,Cazaquistão,Q16274272,http://www.wikidata.org/entity/Q2554452,0,309,,41.154166666667,68.774166666667
KAZ,Cazaquistão,Q16274294,http://www.wikidata.org/entity/Q22202428,0,1038,,43.58777778,67.64277778
KAZ,Cazaquistão,Q16274297,http://www.wikidata.org/entity/Q2554452,0,344,,41.260122,68.880702
KAZ,Cazaquistão,Q16274303,http://www.wikidata.org/entity/Q58179,0,87,,53.392082,74.369875
KAZ,Cazaquistão,Q16274307,http://www.wikidata.org/entity/Q574486,0,346,,42.430629,69.776483
KAZ,Cazaquistão,Q16274310,http://www.wikidata.org/entity/Q2554452,0,2149,,41.322785,68.898318
KAZ,Cazaquistão,Q13663964,http://www.wikidata.org/entity/Q2549660,0,275,,43.125,70.726111111111
KAZ,Cazaquistão,Q13663999,http://www.wikidata.org/entity/Q2549660,0,194,,42.775555555556,70.517222222222
KAZ,Cazaquistão,Q13664466,http://www.wikidata.org/entity/Q487439,0,37,,51.297618,51.181905
KAZ,Cazaquistão,Q13664477,http://www.wikidata.org/entity/Q35899,0,12,,54.175555555556,70.148611111111
KAZ,Cazaquistão,Q13664523,http://www.wikidata.org/entity/Q2549644,0,217,,43.965555555556,73.837222222222
KAZ,Cazaquistão,Q13664715,http://www.wikidata.org/entity/Q2321974,0,0,,43.921962,70.470511
KAZ,Cazaquistão,Q13667125,http://www.wikidata.org/entity/Q13419189,0,196,,49.5975,73.220277777778
KAZ,Cazaquistão,Q15992662,http://www.wikidata.org/entity/Q509303,0,0,,52.476405,76.878633
KAZ,Cazaquistão,Q16272034,http://www.wikidata.org/entity/Q56368453,0,85,,53.720228,75.456319
KAZ,Cazaquistão,Q16272041,http://www.wikidata.org/entity/Q2554452,0,2572,,41.409506,69.013839
KAZ,Cazaquistão,Q16272044,http://www.wikidata.org/entity/Q2554511,0,1431,,42.63879167,70.13938056
KAZ,Cazaquistão,Q16272049,http://www.wikidata.org/entity/Q964566,0,242,,53.90361111,64.9075
KAZ,Cazaquistão,Q16272056,http://www.wikidata.org/entity/Q574486,0,2043,,42.26994,69.85673
KAZ,Cazaquistão,Q16272074,http://www.wikidata.org/entity/Q13476147,0,351,,49.44944444,76.44111111
KAZ,Cazaquistão,Q16272077,http://www.wikidata.org/entity/Q20098507,0,1107,,45.38468611,64.25746111
KAZ,Cazaquistão,Q16272284,http://www.wikidata.org/entity/Q12531668,0,579,,49.41788889,73.59388889
KAZ,Cazaquistão,Q16272291,http://www.wikidata.org/entity/Q522660,0,3300,,42.901975,69.66935278
KAZ,Cazaquistão,Q16272298,http://www.wikidata.org/entity/Q2726480,0,168,,48.49668,70.410689
KAZ,Cazaquistão,Q16272306,http://www.wikidata.org/entity/Q574486,0,839,,42.385366,69.842666
KAZ,Cazaquistão,Q16272313,http://www.wikidata.org/entity/Q12532368,0,219,,49.046364,74.16775
KAZ,Cazaquistão,Q16272325,http://www.wikidata.org/entity/Q2605432,0,260,,41.394873,67.965538
KAZ,Cazaquistão,Q16272329,http://www.wikidata.org/entity/Q58179,0,25,,53.481866,75.260282
KAZ,Cazaquistão,Q16272333,http://www.wikidata.org/entity/Q2554511,0,1707,,42.52298056,70.43191667
KAZ,Cazaquistão,Q16273384,http://www.wikidata.org/entity/Q16692215,0,296,,50.261638,73.031173
KAZ,Cazaquistão,Q16274590,http://www.wikidata.org/entity/Q522660,0,2967,,42.78162222,69.64531389
KAZ,Cazaquistão,Q16274591,http://www.wikidata.org/entity/Q2554428,0,408,,42.70805556,69.53805556
KAZ,Cazaquistão,Q16274594,http://www.wikidata.org/entity/Q2554498,0,86,,52.57322,78.438078
KAZ,Cazaquistão,Q16274595,http://www.wikidata.org/entity/Q619361,0,719,,53.62194444,63.86638889
KAZ,Cazaquistão,Q16274596,http://www.wikidata.org/entity/Q1377553,0,0,,53.74222222,61.48694444
KAZ,Cazaquistão,Q16274602,http://www.wikidata.org/entity/Q793969,0,1098,,53.66883056,64.52086667
KAZ,Cazaquistão,Q16274604,http://www.wikidata.org/entity/Q964566,0,61,,54.55944444,66.01805556
KAZ,Cazaquistão,Q16274605,http://www.wikidata.org/entity/Q12576632,0,244,,49.319695,75.699828
KAZ,Cazaquistão,Q16274619,http://www.wikidata.org/entity/Q2283566,0,45,,49.576132,71.985118
KAZ,Cazaquistão,Q16274622,http://www.wikidata.org/entity/Q2668108,0,648,,47.90416667,68.57472222
KAZ,Cazaquistão,Q16274626,http://www.wikidata.org/entity/Q2554556,0,291,,43.95093,68.59691
KAZ,Cazaquistão,Q16274627,http://www.wikidata.org/entity/Q30969597,0,1874,,53.72215833,61.27737222
KAZ,Cazaquistão,Q16274625,http://www.wikidata.org/entity/Q13512809,0,118,,48.369444444444,72.495833333333
KAZ,Cazaquistão,Q16274630,http://www.wikidata.org/entity/Q2554452,0,2687,,41.396256,69.11058
KAZ,Cazaquistão,Q16274629,http://www.wikidata.org/entity/Q13406989,0,605,,43.616784,71.221354
KAZ,Cazaquistão,Q16274634,http://www.wikidata.org/entity/Q13423440,0,51,,50.021486,73.688432
KAZ,Cazaquistão,Q16274632,http://www.wikidata.org/entity/Q56368546,0,100,,52.076077,78.383833
KAZ,Cazaquistão,Q16274633,http://www.wikidata.org/entity/Q13423418,0,890,,50.096385,73.634999
KAZ,Cazaquistão,Q16274637,http://www.wikidata.org/entity/Q1010136,0,122,,51.99388889,65.0975
KAZ,Cazaquistão,Q16274654,http://www.wikidata.org/entity/Q30972366,0,808,,53.182584,66.553373
KAZ,Cazaquistão,Q16434516,http://www.wikidata.org/entity/Q2466416,0,1461,,50.725,79.686111111111
KAZ,Cazaquistão,Q16434686,http://www.wikidata.org/entity/Q622780,0,1519,,52.01722,76.80439
KAZ,Cazaquistão,Q16533066,http://www.wikidata.org/entity/Q2726480,0,381,,49.2075,70.88861111
KAZ,Cazaquistão,Q16533071,http://www.wikidata.org/entity/Q12533440,0,278,,49.573683,76.194427
KAZ,Cazaquistão,Q16533079,http://www.wikidata.org/entity/Q12567933,0,166,,48.527121,72.627776
KAZ,Cazaquistão,Q16533085,http://www.wikidata.org/entity/Q56368743,0,346,,51.937651,77.288204
KAZ,Cazaquistão,Q16533095,http://www.wikidata.org/entity/Q13476306,0,94,,50.133839,76.181681
KAZ,Cazaquistão,Q16533099,http://www.wikidata.org/entity/Q2668108,0,81,,48.539341,67.189708
KAZ,Cazaquistão,Q16533129,http://www.wikidata.org/entity/Q20098108,0,3853,,45.61194444,63.27138889
KAZ,Cazaquistão,Q16533147,http://www.wikidata.org/entity/Q1370228,0,742,,41.822517,69.492557
KAZ,Cazaquistão,Q16533182,http://www.wikidata.org/entity/Q31195919,0,2822,,42.46754,68.90127
KAZ,Cazaquistão,Q16533187,http://www.wikidata.org/entity/Q522660,0,267,,42.74805556,69.58055556
KAZ,Cazaquistão,Q16533198,http://www.wikidata.org/entity/Q20098398,0,888,,42.23652,68.16484
KAZ,Cazaquistão,Q16533215,http://www.wikidata.org/entity/Q61366285,0,149,,51.050621,75.900722
KAZ,Cazaquistão,Q16533235,http://www.wikidata.org/entity/Q27351834,0,652,,41.181682,68.912971
KAZ,Cazaquistão,Q16533247,http://www.wikidata.org/entity/Q20098981,0,565,,43.76638889,67.23333333
KAZ,Cazaquistão,Q16533244,http://www.wikidata.org/entity/Q574486,0,3572,,42.488325,69.74353611
KAZ,Cazaquistão,Q16533254,http://www.wikidata.org/entity/Q30969552,0,397,,52.64277778,62.77083333
KAZ,Cazaquistão,Q16533267,http://www.wikidata.org/entity/Q58179,0,19,,53.37816,74.560055
KAZ,Cazaquistão,Q16533271,http://www.wikidata.org/entity/Q20098691,0,141,,42.21231,68.93817
KAZ,Cazaquistão,Q16533357,http://www.wikidata.org/entity/Q61366341,0,180,,50.509606,76.704826
KAZ,Cazaquistão,Q16533362,http://www.wikidata.org/entity/Q61366400,0,290,,50.724166,74.189849
KAZ,Cazaquistão,Q16625825,http://www.wikidata.org/entity/Q2554556,0,529,,43.824465,68.883626
KAZ,Cazaquistão,Q16625967,http://www.wikidata.org/entity/Q574486,0,600,,42.44638889,69.78222222
KAZ,Cazaquistão,Q16625965,http://www.wikidata.org/entity/Q47982,0,331,,51.58006,77.61978
KAZ,Cazaquistão,Q16625973,http://www.wikidata.org/entity/Q20098612,0,491,,46.26444444,60.09861111
KAZ,Cazaquistão,Q16625983,http://www.wikidata.org/entity/Q2554452,0,1962,,41.338888888889,68.917719444444
KAZ,Cazaquistão,Q16625990,http://www.wikidata.org/entity/Q1249595,0,44,,53.599067,66.070407
KAZ,Cazaquistão,Q16626546,http://www.wikidata.org/entity/Q47982,0,37,,51.8309,79.21897
KAZ,Cazaquistão,Q16626575,http://www.wikidata.org/entity/Q20098691,0,120,,42.17619,68.83998
KAZ,Cazaquistão,Q16627508,http://www.wikidata.org/entity/Q61366346,0,280,,50.456965,75.806386
KAZ,Cazaquistão,Q16627787,http://www.wikidata.org/entity/Q1315785,0,1171,,43.44513,68.44988
KAZ,Cazaquistão,Q16627789,http://www.wikidata.org/entity/Q35493,0,289200,,43.2,76.9
KAZ,Cazaquistão,Q16628226,http://www.wikidata.org/entity/Q56367662,0,93,,52.99041,74.11471
KAZ,Cazaquistão,Q16628354,http://www.wikidata.org/entity/Q1315249,0,1356,,43.51109,68.47795
KAZ,Cazaquistão,Q16639575,http://www.wikidata.org/entity/Q964566,0,145,,54.611771,65.574939
KAZ,Cazaquistão,Q16640175,http://www.wikidata.org/entity/Q56368476,0,65,,53.816109,75.550809
KAZ,Cazaquistão,Q16640922,http://www.wikidata.org/entity/Q1377553,0,470,,53.76305556,62.10527778
KAZ,Cazaquistão,Q16641323,http://www.wikidata.org/entity/Q619361,0,490,,53.41976389,63.85561111
KAZ,Cazaquistão,Q16641476,http://www.wikidata.org/entity/Q20098482,0,391,,45.195284,64.419358
KAZ,Cazaquistão,Q16641523,http://www.wikidata.org/entity/Q737748,0,191,,51.11166667,73.61055556
KAZ,Cazaquistão,Q16641526,http://www.wikidata.org/entity/Q1377553,0,59,,53.907625,61.76426111
KAZ,Cazaquistão,Q16641589,http://www.wikidata.org/entity/Q12541305,0,726,,51.20694444,65.0225
KAZ,Cazaquistão,Q16641633,http://www.wikidata.org/entity/Q30972140,0,138,,52.62297222,63.686825
KAZ,Cazaquistão,Q16641691,http://www.wikidata.org/entity/Q56368738,0,40,,52.519093,77.443815
KAZ,Cazaquistão,Q16641795,http://www.wikidata.org/entity/Q20098305,0,1188,,42.52481,68.7872
KAZ,Cazaquistão,Q16641812,http://www.wikidata.org/entity/Q2554567,0,1358,,40.904166666667,68.209722222222
KAZ,Cazaquistão,Q16641836,http://www.wikidata.org/entity/Q2554452,0,615,,41.476689,69.109225
KAZ,Cazaquistão,Q16641853,http://www.wikidata.org/entity/Q2554511,0,118,,42.446958,70.105902
KAZ,Cazaquistão,Q16641876,http://www.wikidata.org/entity/Q20098307,0,4800,,43.7025,51.31333333
KAZ,Cazaquistão,Q16642807,http://www.wikidata.org/entity/Q486282,0,0,,52.16916667,77.43361111
KAZ,Cazaquistão,Q16643154,http://www.wikidata.org/entity/Q12549975,0,88,,49.227772,73.260047
KAZ,Cazaquistão,Q16643397,http://www.wikidata.org/entity/Q2554511,0,1985,,42.43695,70.47776
KAZ,Cazaquistão,Q16643506,http://www.wikidata.org/entity/Q2554428,0,1118,,42.465386,69.150338
KAZ,Cazaquistão,Q16643509,http://www.wikidata.org/entity/Q2554452,0,1206,,41.287546,68.872075
KAZ,Cazaquistão,Q16644266,http://www.wikidata.org/entity/Q2554452,0,1641,,41.377777777778,69.0
KAZ,Cazaquistão,Q16644443,http://www.wikidata.org/entity/Q20098409,0,135,,45.740289,63.634808
KAZ,Cazaquistão,Q16644619,http://www.wikidata.org/entity/Q2554428,0,219,,42.84777778,68.85805556
KAZ,Cazaquistão,Q16644622,http://www.wikidata.org/entity/Q2554452,0,257,,41.120283333333,68.783333333333
KAZ,Cazaquistão,Q16644787,http://www.wikidata.org/entity/Q1650873,0,0,,53.04583333,62.42138889
KAZ,Cazaquistão,Q16644789,http://www.wikidata.org/entity/Q56368523,0,246,,52.981258,77.97957
KAZ,Cazaquistão,Q16645135,http://www.wikidata.org/entity/Q2476538,0,885,,53.32485833,64.76333056
KAZ,Cazaquistão,Q16645141,http://www.wikidata.org/entity/Q30974532,0,463,,53.894925,64.10750556
KAZ,Cazaquistão,Q16645291,http://www.wikidata.org/entity/Q964566,0,41,,54.00611,65.1275
KAZ,Cazaquistão,Q16645669,http://www.wikidata.org/entity/Q1650873,0,0,,53.02972222,62.29194444
KAZ,Cazaquistão,Q16645969,http://www.wikidata.org/entity/Q1650873,0,222,,53.77754167,63.34609444
KAZ,Cazaquistão,Q16646037,http://www.wikidata.org/entity/Q20098604,0,357,,44.89583333,65.56555556
KAZ,Cazaquistão,Q16646043,http://www.wikidata.org/entity/Q20098149,0,1094,,44.23846389,66.65246111
KAZ,Cazaquistão,Q16646072,http://www.wikidata.org/entity/Q431619,0,23,,52.12194444,62.99
KAZ,Cazaquistão,Q16646095,http://www.wikidata.org/entity/Q56368749,0,510,,52.782052,76.649194
KAZ,Cazaquistão,Q16646098,http://www.wikidata.org/entity/Q574486,0,1351,,42.358427,69.727325
KAZ,Cazaquistão,Q16646101,http://www.wikidata.org/entity/Q2554452,0,1559,,41.243844444444,69.001363888889
KAZ,Cazaquistão,Q16646206,http://www.wikidata.org/entity/Q2550413,0,0,,50.57888889,57.085
KAZ,Cazaquistão,Q16646502,http://www.wikidata.org/entity/Q25505292,0,462,,51.44444444,62.90138889
KAZ,Cazaquistão,Q16646506,http://www.wikidata.org/entity/Q30974960,0,278,,52.24083333,65.23527778
KAZ,Cazaquistão,Q16646509,http://www.wikidata.org/entity/Q1650873,0,0,,53.4315,62.55678
KAZ,Cazaquistão,Q16646583,http://www.wikidata.org/entity/Q12574513,0,52,,47.775,75.54194444
KAZ,Cazaquistão,Q16646719,http://www.wikidata.org/entity/Q30972373,0,81,,52.60444444,67.12888889
KAZ,Cazaquistão,Q16646815,http://www.wikidata.org/entity/Q1249595,0,63,,53.23777778,65.76833333
KAZ,Cazaquistão,Q16646849,http://www.wikidata.org/entity/Q1427082,0,131,,52.33611111,64.55333333
KAZ,Cazaquistão,Q16646977,http://www.wikidata.org/entity/Q20098365,0,1726,,45.26222222,64.21277778
KAZ,Cazaquistão,Q16647396,http://www.wikidata.org/entity/Q56368456,0,128,,53.784477,76.139103
KAZ,Cazaquistão,Q16647548,http://www.wikidata.org/entity/Q431619,0,336,,52.61812222,63.28689444
KAZ,Cazaquistão,Q16647553,http://www.wikidata.org/entity/Q61366765,0,1950,,51.96111111,76.76666667
KAZ,Cazaquistão,Q16647778,http://www.wikidata.org/entity/Q1315785,0,101,,43.89277778,68.00305556
KAZ,Cazaquistão,Q16647783,http://www.wikidata.org/entity/Q2668108,0,309,,49.05611111,67.75083333
KAZ,Cazaquistão,Q16647781,http://www.wikidata.org/entity/Q2605432,0,1614,,42.093166,68.015588
KAZ,Cazaquistão,Q16647786,http://www.wikidata.org/entity/Q61366350,0,492,,50.732978,75.308776
KAZ,Cazaquistão,Q16647963,http://www.wikidata.org/entity/Q12544183,0,124,,49.090703,75.061208
KAZ,Cazaquistão,Q16648038,http://www.wikidata.org/entity/Q2554534,0,9,,53.233835,77.849022
KAZ,Cazaquistão,Q16648857,http://www.wikidata.org/entity/Q30974377,0,75,,50.32861111,65.41638889
KAZ,Cazaquistão,Q16648862,http://www.wikidata.org/entity/Q16689582,0,909,,49.664406,71.816068
KAZ,Cazaquistão,Q16648865,http://www.wikidata.org/entity/Q1377553,0,10,,53.17966389,62.19935833
KAZ,Cazaquistão,Q16648872,http://www.wikidata.org/entity/Q2476575,0,83,,52.771512,76.406723
KAZ,Cazaquistão,Q16648888,http://www.wikidata.org/entity/Q2476619,0,731,,50.2,65.21777778
KAZ,Cazaquistão,Q16648896,http://www.wikidata.org/entity/Q2554452,0,1079,,40.973339,68.728429
KAZ,Cazaquistão,Q16648901,http://www.wikidata.org/entity/Q20098391,0,166,,46.04638889,61.76777778
KAZ,Cazaquistão,Q16648920,http://www.wikidata.org/entity/Q56367637,0,125,,52.877056,76.293684
KAZ,Cazaquistão,Q16650736,http://www.wikidata.org/entity/Q30972366,0,405,,53.152175,66.771984
KAZ,Cazaquistão,Q16650784,http://www.wikidata.org/entity/Q2554487,0,35,,42.95972222,67.99527778
KAZ,Cazaquistão,Q16650803,http://www.wikidata.org/entity/Q2554452,0,571,,41.402777777778,68.863888888889
KAZ,Cazaquistão,Q16650801,http://www.wikidata.org/entity/Q56368803,0,262,,51.49357,78.84441
KAZ,Cazaquistão,Q16651003,http://www.wikidata.org/entity/Q56368534,0,802,,52.250348,78.649908
KAZ,Cazaquistão,Q16651001,http://www.wikidata.org/entity/Q1377553,0,126,,53.97159722,61.53963611
KAZ,Cazaquistão,Q16651007,http://www.wikidata.org/entity/Q2554452,0,1121,,41.56722222,69.09194444
KAZ,Cazaquistão,Q16651014,http://www.wikidata.org/entity/Q485429,0,261,,50.015,73.211667
KAZ,Cazaquistão,Q16651017,http://www.wikidata.org/entity/Q56367637,0,404,,52.843009,76.345869
KAZ,Cazaquistão,Q16651020,http://www.wikidata.org/entity/Q44486,0,147,,54.325084,76.34338
KAZ,Cazaquistão,Q16651030,http://www.wikidata.org/entity/Q56368456,0,114,,53.951035,76.178671
KAZ,Cazaquistão,Q16651032,http://www.wikidata.org/entity/Q20098363,0,691,,44.688274,64.724615
KAZ,Cazaquistão,Q16651041,http://www.wikidata.org/entity/Q12544164,0,2710,,43.503243,73.834448
KAZ,Cazaquistão,Q16651050,http://www.wikidata.org/entity/Q3180939,0,72,,49.130734,73.950473
KAZ,Cazaquistão,Q16651056,http://www.wikidata.org/entity/Q12558653,0,373,,50.223927,73.757472
KAZ,Cazaquistão,Q16651065,http://www.wikidata.org/entity/Q25505435,0,214,,53.95054167,63.35060556
KAZ,Cazaquistão,Q16651070,http://www.wikidata.org/entity/Q22202693,0,178,,45.049012,64.409083
KAZ,Cazaquistão,Q16651078,http://www.wikidata.org/entity/Q56368492,0,148,,53.552649,77.12976
KAZ,Cazaquistão,Q16651087,http://www.wikidata.org/entity/Q20098369,0,890,,46.01083333,61.31166667
KAZ,Cazaquistão,Q16651084,http://www.wikidata.org/entity/Q13476474,0,245,,50.281771,71.356702
KAZ,Cazaquistão,Q16651105,http://www.wikidata.org/entity/Q30972214,0,265,,53.27104444,64.93961667
KAZ,Cazaquistão,Q16651117,http://www.wikidata.org/entity/Q1370228,0,1315,,41.985398,69.691944
KAZ,Cazaquistão,Q16651122,http://www.wikidata.org/entity/Q1370228,0,166,,42.078337,69.602425
KAZ,Cazaquistão,Q16651120,http://www.wikidata.org/entity/Q20098372,0,891,,44.87871111,64.24003611
KAZ,Cazaquistão,Q16651125,http://www.wikidata.org/entity/Q2554452,0,1225,,41.472613,69.092226
KAZ,Cazaquistão,Q16651128,http://www.wikidata.org/entity/Q2554511,0,457,,42.60729444,70.2719
KAZ,Cazaquistão,Q16651135,http://www.wikidata.org/entity/Q56367637,0,278,,52.80162,76.388441
KAZ,Cazaquistão,Q16651132,http://www.wikidata.org/entity/Q25396912,0,352,,51.540944,77.636505
KAZ,Cazaquistão,Q16651141,http://www.wikidata.org/entity/Q2554452,0,1435,,41.25222222,68.64111111
KAZ,Cazaquistão,Q16651147,http://www.wikidata.org/entity/Q574486,0,456,,42.430947,69.753567
KAZ,Cazaquistão,Q16651144,http://www.wikidata.org/entity/Q12544183,0,694,,48.971541,74.853358
KAZ,Cazaquistão,Q16651149,http://www.wikidata.org/entity/Q574486,0,477,,42.57555556,69.72305556
KAZ,Cazaquistão,Q16651152,http://www.wikidata.org/entity/Q12533041,0,73,,50.16392778,65.14225
KAZ,Cazaquistão,Q16651159,http://www.wikidata.org/entity/Q2554452,0,1800,,41.49329,69.313455
KAZ,Cazaquistão,Q16651156,http://www.wikidata.org/entity/Q2554428,0,211,,42.45194444,68.99416667
KAZ,Cazaquistão,Q16651162,http://www.wikidata.org/entity/Q12574882,0,416,,49.86939722,68.85945
KAZ,Cazaquistão,Q16651165,http://www.wikidata.org/entity/Q1650873,0,0,,53.7,63.16277778
KAZ,Cazaquistão,Q16651175,http://www.wikidata.org/entity/Q2554511,0,185,,42.614317,70.186322
KAZ,Cazaquistão,Q16651181,http://www.wikidata.org/entity/Q12576632,0,96,,49.526685,75.93745
KAZ,Cazaquistão,Q16651184,http://www.wikidata.org/entity/Q2554487,0,248,,42.51583333,68.14666667
KAZ,Cazaquistão,Q16651193,http://www.wikidata.org/entity/Q20098440,0,419,,44.20806944,66.61130833
KAZ,Cazaquistão,Q16651211,http://www.wikidata.org/entity/Q30972168,0,396,,52.08754,65.84686
KAZ,Cazaquistão,Q16651232,http://www.wikidata.org/entity/Q12543521,0,599,,50.153971,70.83262
KAZ,Cazaquistão,Q16651466,http://www.wikidata.org/entity/Q30969858,0,529,,53.157425,63.39069722
KAZ,Cazaquistão,Q16651464,http://www.wikidata.org/entity/Q1510481,0,0,,52.30638889,61.55444444
KAZ,Cazaquistão,Q16651494,http://www.wikidata.org/entity/Q13476083,0,101,,49.126691,75.291059
KAZ,Cazaquistão,Q16651497,http://www.wikidata.org/entity/Q1010136,0,100,,51.86761389,65.29677778
KAZ,Cazaquistão,Q16651622,http://www.wikidata.org/entity/Q2448467,0,21,,50.247754,75.731936
KAZ,Cazaquistão,Q16651649,http://www.wikidata.org/entity/Q2554452,0,2272,,41.529604,69.353584
KAZ,Cazaquistão,Q16651675,http://www.wikidata.org/entity/Q1370228,0,292,,41.835997,69.799155
KAZ,Cazaquistão,Q16651678,http://www.wikidata.org/entity/Q2554428,0,2168,,42.8125,68.9675
KAZ,Cazaquistão,Q16651813,http://www.wikidata.org/entity/Q56368742,0,234,,52.051277,77.137142
KAZ,Cazaquistão,Q16651835,http://www.wikidata.org/entity/Q12533041,0,104,,50.11858611,64.91046667
KAZ,Cazaquistão,Q16652309,http://www.wikidata.org/entity/Q20098207,0,301,,42.236666666667,68.175833333333
KAZ,Cazaquistão,Q16652322,http://www.wikidata.org/entity/Q12539912,0,99,,51.166159,73.669581
KAZ,Cazaquistão,Q16652327,http://www.wikidata.org/entity/Q2554452,0,825,,41.167777777778,68.765555555556
KAZ,Cazaquistão,Q16652325,http://www.wikidata.org/entity/Q20098408,0,159,,44.26789167,66.31140556
KAZ,Cazaquistão,Q16652330,http://www.wikidata.org/entity/Q22201314,0,125,,45.64083333,62.15361111
KAZ,Cazaquistão,Q16652336,http://www.wikidata.org/entity/Q522660,0,590,,43.07222222,69.13888889
KAZ,Cazaquistão,Q16652351,http://www.wikidata.org/entity/Q13477894,0,24,,49.426551,69.334195
KAZ,Cazaquistão,Q16652387,http://www.wikidata.org/entity/Q619361,0,257,,53.50233611,63.87984722
KAZ,Cazaquistão,Q16652407,http://www.wikidata.org/entity/Q574486,0,2774,,42.231443,69.632314
KAZ,Cazaquistão,Q16652410,http://www.wikidata.org/entity/Q522660,0,467,,43.18416667,69.60527778
KAZ,Cazaquistão,Q16652412,http://www.wikidata.org/entity/Q2554428,0,227,,42.43361111,68.97361111
KAZ,Cazaquistão,Q16652424,http://www.wikidata.org/entity/Q1010136,0,129,,52.72388889,65.6275
KAZ,Cazaquistão,Q16652433,http://www.wikidata.org/entity/Q12565032,0,788,,48.44916667,73.23472222
KAZ,Cazaquistão,Q16652436,http://www.wikidata.org/entity/Q1370228,0,1018,,41.879563,69.495349
KAZ,Cazaquistão,Q16652484,http://www.wikidata.org/entity/Q431619,0,108,,52.85406667,62.47597778
KAZ,Cazaquistão,Q16652513,http://www.wikidata.org/entity/Q793969,0,97,,53.86944444,64.40972222
KAZ,Cazaquistão,Q16652519,http://www.wikidata.org/entity/Q2448467,0,847,,50.552108,76.267176
KAZ,Cazaquistão,Q16652516,http://www.wikidata.org/entity/Q2554428,0,719,,42.59361111,69.45972222
KAZ,Cazaquistão,Q16652523,http://www.wikidata.org/entity/Q522660,0,795,,42.72361111,69.67138889
KAZ,Cazaquistão,Q16652524,http://www.wikidata.org/entity/Q16432480,0,158,,54.11361111,63.14333333
KAZ,Cazaquistão,Q16652533,http://www.wikidata.org/entity/Q12551064,0,103,,48.53527778,72.40861111
KAZ,Cazaquistão,Q16652633,http://www.wikidata.org/entity/Q16717324,0,172,,52.853333333333,78.007777777778
KAZ,Cazaquistão,Q16652774,http://www.wikidata.org/entity/Q16434162,0,196,,54.12342778,63.82138333
KAZ,Cazaquistão,Q16653126,http://www.wikidata.org/entity/Q56368741,0,529,,52.486125,77.189241
KAZ,Cazaquistão,Q16653335,http://www.wikidata.org/entity/Q1650873,0,0,,53.98222222,63.14
KAZ,Cazaquistão,Q16653382,http://www.wikidata.org/entity/Q56368742,0,1367,,52.100126,77.100835
KAZ,Cazaquistão,Q16653380,http://www.wikidata.org/entity/Q30972167,0,251,,51.52722222,65.35027778
KAZ,Cazaquistão,Q16653482,http://www.wikidata.org/entity/Q1650873,0,89,,53.75027778,62.71472222
KAZ,Cazaquistão,Q16653559,http://www.wikidata.org/entity/Q56368464,0,278,,53.574518,75.592361
KAZ,Cazaquistão,Q16653688,http://www.wikidata.org/entity/Q2422652,0,287,,43.63777778,73.78333333
KAZ,Cazaquistão,Q16653722,http://www.wikidata.org/entity/Q737748,0,308,,50.478783,73.234255
KAZ,Cazaquistão,Q16653846,http://www.wikidata.org/entity/Q30972169,0,273,,52.51666667,65.42305556
KAZ,Cazaquistão,Q16653864,http://www.wikidata.org/entity/Q2283566,0,49,,49.471638,72.568116
KAZ,Cazaquistão,Q16653877,http://www.wikidata.org/entity/Q56368484,0,211,,53.232037,75.921608
KAZ,Cazaquistão,Q16654033,http://www.wikidata.org/entity/Q2556281,0,0,,51.70111111,71.60111111
KAZ,Cazaquistão,Q16654183,http://www.wikidata.org/entity/Q30972183,0,1080,,53.56710278,65.27726667
KAZ,Cazaquistão,Q16654381,http://www.wikidata.org/entity/Q30972367,0,132,,52.82583333,67.17
KAZ,Cazaquistão,Q16654966,http://www.wikidata.org/entity/Q2554452,0,886,,41.391866,68.889902
KAZ,Cazaquistão,Q16654964,http://www.wikidata.org/entity/Q574486,0,3157,,42.350755,69.470813
KAZ,Cazaquistão,Q16655184,http://www.wikidata.org/entity/Q12549159,0,652,,49.90666944,70.94231111
KAZ,Cazaquistão,Q16655427,http://www.wikidata.org/entity/Q16431962,0,274,,46.635,49.37222222
KAZ,Cazaquistão,Q16655425,http://www.wikidata.org/entity/Q1510481,0,0,,52.30611111,62.38
KAZ,Cazaquistão,Q16655445,http://www.wikidata.org/entity/Q2554511,0,1857,,42.522629,70.382917
KAZ,Cazaquistão,Q16655613,http://www.wikidata.org/entity/Q20098435,0,1059,,44.664624,64.785519
KAZ,Cazaquistão,Q16655776,http://www.wikidata.org/entity/Q2726480,0,1106,,48.89055556,70.91694444
KAZ,Cazaquistão,Q16655835,http://www.wikidata.org/entity/Q12532267,0,439,,49.83035278,72.25500278
KAZ,Cazaquistão,Q16655838,http://www.wikidata.org/entity/Q2726480,0,863,,49.78597,72.08593
KAZ,Cazaquistão,Q16655839,http://www.wikidata.org/entity/Q2554428,0,326,,42.42111111,69.26083333
KAZ,Cazaquistão,Q16656150,http://www.wikidata.org/entity/Q25448161,0,112,,44.68333333,65.75555556
KAZ,Cazaquistão,Q16656152,http://www.wikidata.org/entity/Q20098439,0,912,,45.36583333,64.12527778
KAZ,Cazaquistão,Q16656179,http://www.wikidata.org/entity/Q2554511,0,148,,42.377222222222,70.369166666667
KAZ,Cazaquistão,Q16656186,http://www.wikidata.org/entity/Q12542144,0,268,,50.330834,73.257937
KAZ,Cazaquistão,Q16656274,http://www.wikidata.org/entity/Q1510481,0,0,,52.5975,60.96277778
KAZ,Cazaquistão,Q16656480,http://www.wikidata.org/entity/Q574486,0,5443,,42.322124,69.708161
KAZ,Cazaquistão,Q16661539,http://www.wikidata.org/entity/Q1370228,0,796,,41.84228889,69.54378611
KAZ,Cazaquistão,Q16661537,http://www.wikidata.org/entity/Q1370228,0,63,,41.84228889,69.54378611
KAZ,Cazaquistão,Q16661542,http://www.wikidata.org/entity/Q2554452,0,890,,41.480528,69.305295
KAZ,Cazaquistão,Q16661546,http://www.wikidata.org/entity/Q2476575,0,139,,52.992109,76.037222
KAZ,Cazaquistão,Q16661550,http://www.wikidata.org/entity/Q2448467,0,9,,50.89134,74.56197
KAZ,Cazaquistão,Q16661548,http://www.wikidata.org/entity/Q12533440,0,772,,49.706443,76.102023
KAZ,Cazaquistão,Q16661554,http://www.wikidata.org/entity/Q980931,0,60,,48.51722222,58.54083333
KAZ,Cazaquistão,Q16661552,http://www.wikidata.org/entity/Q2554556,0,199,,43.724684,68.97283
KAZ,Cazaquistão,Q16661556,http://www.wikidata.org/entity/Q740832,0,36,,48.59138889,68.20444444
KAZ,Cazaquistão,Q16661560,http://www.wikidata.org/entity/Q2554452,0,623,,41.270633,68.857144
KAZ,Cazaquistão,Q16661578,http://www.wikidata.org/entity/Q13489700,0,562,,50.79752222,72.91188611
KAZ,Cazaquistão,Q16661588,http://www.wikidata.org/entity/Q1427082,0,22,,52.13055556,64.68833333
KAZ,Cazaquistão,Q16661599,http://www.wikidata.org/entity/Q2476619,0,42,,50.47055556,65.72361111
KAZ,Cazaquistão,Q16661596,http://www.wikidata.org/entity/Q20098305,0,495,,42.61009,68.95234
KAZ,Cazaquistão,Q16661603,http://www.wikidata.org/entity/Q793969,0,371,,54.29277778,64.07666667
KAZ,Cazaquistão,Q16661601,http://www.wikidata.org/entity/Q12574554,0,1067,,49.85850278,72.5819
KAZ,Cazaquistão,Q16661607,http://www.wikidata.org/entity/Q1315785,0,749,,43.67433,67.88074
KAZ,Cazaquistão,Q16661605,http://www.wikidata.org/entity/Q61366283,0,328,,50.720591,75.53813
KAZ,Cazaquistão,Q16661611,http://www.wikidata.org/entity/Q30972140,0,173,,52.46553889,63.70129722
KAZ,Cazaquistão,Q16662170,http://www.wikidata.org/entity/Q2476619,0,168,,50.77157222,66.04029444
KAZ,Cazaquistão,Q16662189,http://www.wikidata.org/entity/Q12569573,0,132,,48.364518,75.177112
KAZ,Cazaquistão,Q16664042,http://www.wikidata.org/entity/Q12549462,0,522,,51.66991389,62.04173056
KAZ,Cazaquistão,Q16664078,http://www.wikidata.org/entity/Q2726480,0,56,,47.974611,71.054456
KAZ,Cazaquistão,Q16664103,http://www.wikidata.org/entity/Q2565597,0,0,,52.33444444,69.04166667
KAZ,Cazaquistão,Q13648018,http://www.wikidata.org/entity/Q30972480,0,245,,53.707631,68.59407
KAZ,Cazaquistão,Q13648023,http://www.wikidata.org/entity/Q30975053,0,744,,53.321441,67.450719
KAZ,Cazaquistão,Q13648026,http://www.wikidata.org/entity/Q30975053,0,8,,53.376161,67.412696
KAZ,Cazaquistão,Q13648028,http://www.wikidata.org/entity/Q30975053,0,143,,53.334667,67.477842
KAZ,Cazaquistão,Q13648035,http://www.wikidata.org/entity/Q30975053,0,195,,53.232807,67.517667
KAZ,Cazaquistão,Q13648032,http://www.wikidata.org/entity/Q30975053,0,400,,53.213486,67.636629
KAZ,Cazaquistão,Q13648038,http://www.wikidata.org/entity/Q30975053,0,306,,53.438429,67.423168
KAZ,Cazaquistão,Q13648061,http://www.wikidata.org/entity/Q20098603,0,226,,47.001388888889,54.1275
KAZ,Cazaquistão,Q13648073,http://www.wikidata.org/entity/Q30975056,0,473,,53.390649,67.643238
KAZ,Cazaquistão,Q13648078,http://www.wikidata.org/entity/Q30975056,0,235,,53.271476,67.788978
KAZ,Cazaquistão,Q13648076,http://www.wikidata.org/entity/Q30975056,0,74,,53.34056,67.81962
KAZ,Cazaquistão,Q13648083,http://www.wikidata.org/entity/Q30975056,0,145,,53.276967,67.678428
KAZ,Cazaquistão,Q13648977,http://www.wikidata.org/entity/Q30973009,0,102,,53.748812,68.747463
KAZ,Cazaquistão,Q13648983,http://www.wikidata.org/entity/Q30975133,0,1034,,54.400048,68.613567
KAZ,Cazaquistão,Q13648980,http://www.wikidata.org/entity/Q30973009,0,259,,53.903327,68.684034
KAZ,Cazaquistão,Q13648986,http://www.wikidata.org/entity/Q30975133,0,78,,54.385806,68.589792
KAZ,Cazaquistão,Q13648989,http://www.wikidata.org/entity/Q30975133,0,34,,54.365308,68.731585
KAZ,Cazaquistão,Q13648992,http://www.wikidata.org/entity/Q30975133,0,311,,54.323432,68.898783
KAZ,Cazaquistão,Q13649006,http://www.wikidata.org/entity/Q30973016,0,487,,54.16972,68.426714
KAZ,Cazaquistão,Q13649012,http://www.wikidata.org/entity/Q30973016,0,357,,54.145847,68.401566
KAZ,Cazaquistão,Q13649018,http://www.wikidata.org/entity/Q30975131,0,577,,53.86999,68.391266
KAZ,Cazaquistão,Q13649030,http://www.wikidata.org/entity/Q30975131,0,231,,53.888812,68.298483
KAZ,Cazaquistão,Q13649034,http://www.wikidata.org/entity/Q20098124,0,546,,47.245833333333,51.012777777778
KAZ,Cazaquistão,Q13649039,http://www.wikidata.org/entity/Q22203797,0,347,,47.377777777778,50.719722222222
KAZ,Cazaquistão,Q13649037,http://www.wikidata.org/entity/Q20098462,0,140,,47.240833333333,51.131111111111
KAZ,Cazaquistão,Q13649048,http://www.wikidata.org/entity/Q20098700,0,842,,47.040833333333,50.525555555556
KAZ,Cazaquistão,Q13649122,http://www.wikidata.org/entity/Q20098551,0,604,,46.67,48.525555555556
KAZ,Cazaquistão,Q13649793,http://www.wikidata.org/entity/Q20098314,0,1547,,48.780555555556,52.876666666667
KAZ,Cazaquistão,Q13649799,http://www.wikidata.org/entity/Q20098315,0,1583,,48.954444444444,53.736388888889
KAZ,Cazaquistão,Q13649803,http://www.wikidata.org/entity/Q20098564,0,175,,48.934722222222,53.34
KAZ,Cazaquistão,Q13649801,http://www.wikidata.org/entity/Q20098564,0,1561,,48.841111111111,53.345555555556
KAZ,Cazaquistão,Q13649807,http://www.wikidata.org/entity/Q12555435,0,443,,47.786666666667,53.79
KAZ,Cazaquistão,Q13649811,http://www.wikidata.org/entity/Q12555435,0,160,,47.868611111111,54.033333333333
KAZ,Cazaquistão,Q13649814,http://www.wikidata.org/entity/Q12555435,0,155,,48.339166666667,54.640833333333
KAZ,Cazaquistão,Q13651656,http://www.wikidata.org/entity/Q32421,0,93,,53.725662,67.225156
KAZ,Cazaquistão,Q13651675,http://www.wikidata.org/entity/Q20072638,0,272,,49.882194444444,50.789222222222
KAZ,Cazaquistão,Q13651678,http://www.wikidata.org/entity/Q20072656,0,291,,50.698061,50.646905
KAZ,Cazaquistão,Q13651909,http://www.wikidata.org/entity/Q486913,0,8256,,47.152777777778,51.942777777778
KAZ,Cazaquistão,Q13651914,http://www.wikidata.org/entity/Q486913,0,2534,,47.056388888889,51.862777777778
KAZ,Cazaquistão,Q13651912,http://www.wikidata.org/entity/Q486913,0,3062,,47.066936,51.891339
KAZ,Cazaquistão,Q13651918,http://www.wikidata.org/entity/Q486913,0,2202,,46.978333333333,51.786388888889
KAZ,Cazaquistão,Q13651924,http://www.wikidata.org/entity/Q30975070,0,145,,53.677137,67.82683
KAZ,Cazaquistão,Q13652066,http://www.wikidata.org/entity/Q20093839,0,24,,50.339722222222,47.411111111111
KAZ,Cazaquistão,Q13652070,http://www.wikidata.org/entity/Q20078405,0,272,,49.254166666667,47.4025
KAZ,Cazaquistão,Q13652068,http://www.wikidata.org/entity/Q20093839,0,45,,50.391944444444,47.513333333333
KAZ,Cazaquistão,Q13652235,http://www.wikidata.org/entity/Q30975154,0,975,,54.628394,69.979377
KAZ,Cazaquistão,Q13652233,http://www.wikidata.org/entity/Q30973134,0,190,,54.127795,69.454265
KAZ,Cazaquistão,Q13652237,http://www.wikidata.org/entity/Q30975154,0,132,,54.533135,69.989505
KAZ,Cazaquistão,Q13652247,http://www.wikidata.org/entity/Q30973138,0,2214,,54.199755,69.649101
KAZ,Cazaquistão,Q13652251,http://www.wikidata.org/entity/Q30973138,0,131,,54.176251,69.964271
KAZ,Cazaquistão,Q13652249,http://www.wikidata.org/entity/Q30973138,0,145,,54.143886,69.781023
KAZ,Cazaquistão,Q13652303,http://www.wikidata.org/entity/Q30975155,0,182,,54.502496,69.064336
KAZ,Cazaquistão,Q13652307,http://www.wikidata.org/entity/Q30975156,0,799,,54.504888,69.7751
KAZ,Cazaquistão,Q13652310,http://www.wikidata.org/entity/Q30975156,0,95,,54.458215,69.874578
KAZ,Cazaquistão,Q13652312,http://www.wikidata.org/entity/Q30973140,0,1900,,54.867865,69.711156
KAZ,Cazaquistão,Q13652334,http://www.wikidata.org/entity/Q30973140,0,366,,54.885988,69.779564
KAZ,Cazaquistão,Q13652333,http://www.wikidata.org/entity/Q30973140,0,339,,54.782524,69.673048
KAZ,Cazaquistão,Q13652340,http://www.wikidata.org/entity/Q12558546,0,121,,51.049722222222,50.891388888889
KAZ,Cazaquistão,Q13652443,http://www.wikidata.org/entity/Q16431878,0,1859,,51.389722222222,51.300277777778
KAZ,Cazaquistão,Q13652445,http://www.wikidata.org/entity/Q16431878,0,123,,51.443333333333,51.210277777778
KAZ,Cazaquistão,Q13662110,http://www.wikidata.org/entity/Q30975184,0,299,,53.955277777778,68.826666666667
KAZ,Cazaquistão,Q13662108,http://www.wikidata.org/entity/Q30975184,0,174,,53.9675,69.050833333333
KAZ,Cazaquistão,Q13662112,http://www.wikidata.org/entity/Q30975184,0,194,,53.901111111111,69.007222222222
KAZ,Cazaquistão,Q13662436,http://www.wikidata.org/entity/Q12529990,0,772,,52.831606,61.823706
KAZ,Cazaquistão,Q13662499,http://www.wikidata.org/entity/Q30975182,0,110,,54.070833333333,70.3775
KAZ,Cazaquistão,Q13662497,http://www.wikidata.org/entity/Q30975184,0,221,,53.973888888889,68.733611111111
KAZ,Cazaquistão,Q13662501,http://www.wikidata.org/entity/Q30973269,0,279,,53.773827,69.323459
KAZ,Cazaquistão,Q13662801,http://www.wikidata.org/entity/Q30973292,0,1449,,53.949116,70.280557
KAZ,Cazaquistão,Q13662804,http://www.wikidata.org/entity/Q30973292,0,707,,53.927087,70.113788
KAZ,Cazaquistão,Q13662810,http://www.wikidata.org/entity/Q30973292,0,349,,53.848881,70.31137
KAZ,Cazaquistão,Q13662808,http://www.wikidata.org/entity/Q30973292,0,518,,53.92835,70.339866
KAZ,Cazaquistão,Q13662883,http://www.wikidata.org/entity/Q12536176,0,485,,42.946388888889,71.508611111111
KAZ,Cazaquistão,Q13662881,http://www.wikidata.org/entity/Q12540708,0,844,,43.085616666667,71.530841666667
KAZ,Cazaquistão,Q13662887,http://www.wikidata.org/entity/Q12540708,0,1437,,43.106783333333,71.583925
KAZ,Cazaquistão,Q13662889,http://www.wikidata.org/entity/Q12540708,0,560,,43.155833333333,71.540833333333
KAZ,Cazaquistão,Q13663356,http://www.wikidata.org/entity/Q13377689,0,470,,43.103333333333,71.179166666667
KAZ,Cazaquistão,Q13663377,http://www.wikidata.org/entity/Q30975185,0,531,,54.060833333333,69.145
KAZ,Cazaquistão,Q13663962,http://www.wikidata.org/entity/Q2549660,0,143,,43.0675,70.839166666667
KAZ,Cazaquistão,Q13663966,http://www.wikidata.org/entity/Q2549660,0,451,,43.096388888889,70.789722222222
KAZ,Cazaquistão,Q16664199,http://www.wikidata.org/entity/Q30972373,0,121,,52.72916667,67.1525
KAZ,Cazaquistão,Q16664222,http://www.wikidata.org/entity/Q16723294,0,1203,,50.47533333,71.44748056
KAZ,Cazaquistão,Q16664235,http://www.wikidata.org/entity/Q703004,0,0,,51.75777778,62.56722222
KAZ,Cazaquistão,Q16664247,http://www.wikidata.org/entity/Q2726443,0,0,,49.83527778,71.89527778
KAZ,Cazaquistão,Q16664319,http://www.wikidata.org/entity/Q1249595,0,12,,53.78111111,65.93777778
KAZ,Cazaquistão,Q16664317,http://www.wikidata.org/entity/Q2556214,0,0,,52.52888889,69.94944444
KAZ,Cazaquistão,Q16664321,http://www.wikidata.org/entity/Q2554534,0,538,,53.137091,77.681995
KAZ,Cazaquistão,Q16664373,http://www.wikidata.org/entity/Q30972370,0,379,,52.575,67.68972222
KAZ,Cazaquistão,Q16664377,http://www.wikidata.org/entity/Q2554511,0,144,,42.476813,70.021055
KAZ,Cazaquistão,Q16664382,http://www.wikidata.org/entity/Q20098558,0,2774,,44.772275,65.18751389
KAZ,Cazaquistão,Q16664380,http://www.wikidata.org/entity/Q2476619,0,117,,50.18319167,65.31548889
KAZ,Cazaquistão,Q16665326,http://www.wikidata.org/entity/Q1378355,0,60,,51.81286111,60.78595
KAZ,Cazaquistão,Q16665332,http://www.wikidata.org/entity/Q2726397,0,100,,46.1825,61.24583333
KAZ,Cazaquistão,Q16665407,http://www.wikidata.org/entity/Q30972169,0,156,,52.58555556,65.46055556
KAZ,Cazaquistão,Q16665448,http://www.wikidata.org/entity/Q2554556,0,278,,44.72564,68.70368
KAZ,Cazaquistão,Q16665571,http://www.wikidata.org/entity/Q75251,0,271,,53.456269,76.448694
KAZ,Cazaquistão,Q16665737,http://www.wikidata.org/entity/Q1650873,0,260,,53.71745833,62.69122222
KAZ,Cazaquistão,Q16665756,http://www.wikidata.org/entity/Q2554452,0,648,,41.263888888889,68.966666666667
KAZ,Cazaquistão,Q16665762,http://www.wikidata.org/entity/Q2726410,0,1,,43.75666667,66.91444444
KAZ,Cazaquistão,Q16665774,http://www.wikidata.org/entity/Q740832,0,105,,48.005555555556,67.784166666667
KAZ,Cazaquistão,Q16666239,http://www.wikidata.org/entity/Q619361,0,0,,53.37555556,63.14055556
KAZ,Cazaquistão,Q16666237,http://www.wikidata.org/entity/Q2668108,0,412,,47.58277778,64.55583333
KAZ,Cazaquistão,Q16666243,http://www.wikidata.org/entity/Q30974972,0,315,,53.260695,66.04713
KAZ,Cazaquistão,Q16666245,http://www.wikidata.org/entity/Q2668108,0,85,,49.514176,67.069724
KAZ,Cazaquistão,Q16666789,http://www.wikidata.org/entity/Q2476575,0,60,,52.67034,76.48475
KAZ,Cazaquistão,Q16666985,http://www.wikidata.org/entity/Q964566,0,62,,54.57611111,66.03166667
KAZ,Cazaquistão,Q16667479,http://www.wikidata.org/entity/Q2556214,0,0,,52.43555556,69.3575
KAZ,Cazaquistão,Q16667483,http://www.wikidata.org/entity/Q2554534,0,0,,52.79805556,77.6175
KAZ,Cazaquistão,Q16667481,http://www.wikidata.org/entity/Q56368468,0,198,,53.894527,75.488334
KAZ,Cazaquistão,Q16669447,http://www.wikidata.org/entity/Q30974364,0,283,,50.00722222,65.92611111
KAZ,Cazaquistão,Q16669448,http://www.wikidata.org/entity/Q2726443,0,11,,50.396509,71.485069
KAZ,Cazaquistão,Q16669458,http://www.wikidata.org/entity/Q58179,0,280,,53.123599,74.189802
KAZ,Cazaquistão,Q16669456,http://www.wikidata.org/entity/Q12535087,0,1015,,49.997423,72.69026
KAZ,Cazaquistão,Q16669460,http://www.wikidata.org/entity/Q2554556,0,538,,43.77103,69.60079
KAZ,Cazaquistão,Q16669464,http://www.wikidata.org/entity/Q56368806,0,397,,51.753656,77.508188
KAZ,Cazaquistão,Q16669470,http://www.wikidata.org/entity/Q2554556,0,732,,43.7625,69.565277777778
KAZ,Cazaquistão,Q16669468,http://www.wikidata.org/entity/Q3274281,0,389,,49.2139,73.39410278
KAZ,Cazaquistão,Q16669478,http://www.wikidata.org/entity/Q574486,0,858,,42.351998,69.713249
KAZ,Cazaquistão,Q16669476,http://www.wikidata.org/entity/Q20098548,0,881,,43.83138889,67.49277778
KAZ,Cazaquistão,Q16669482,http://www.wikidata.org/entity/Q1370228,0,1394,,41.66868,69.45625
KAZ,Cazaquistão,Q16669486,http://www.wikidata.org/entity/Q2476548,0,57,,43.54722222,53.39277778
KAZ,Cazaquistão,Q16669487,http://www.wikidata.org/entity/Q574486,0,2099,,42.345856,69.808447
KAZ,Cazaquistão,Q16669484,http://www.wikidata.org/entity/Q2554428,0,296,,42.67694444,69.48027778
KAZ,Cazaquistão,Q16669494,http://www.wikidata.org/entity/Q20098507,0,210,,45.31555556,64.34638889
KAZ,Cazaquistão,Q16669518,http://www.wikidata.org/entity/Q2668108,0,77,,48.114623,66.994132
KAZ,Cazaquistão,Q16669528,http://www.wikidata.org/entity/Q2554556,0,223,,44.77184,69.19567
KAZ,Cazaquistão,Q16669551,http://www.wikidata.org/entity/Q30972360,0,291,,52.459932,67.762384
KAZ,Cazaquistão,Q16669548,http://www.wikidata.org/entity/Q1370228,0,1,,41.78888889,69.75055556
KAZ,Cazaquistão,Q16669549,http://www.wikidata.org/entity/Q2476575,0,49,,52.67669,74.07978
KAZ,Cazaquistão,Q16669730,http://www.wikidata.org/entity/Q1427082,0,230,,52.7,63.95111111
KAZ,Cazaquistão,Q16669887,http://www.wikidata.org/entity/Q22202772,0,339,,45.50055556,61.97944444
KAZ,Cazaquistão,Q16670612,http://www.wikidata.org/entity/Q2448467,0,331,,50.704612,76.051054
KAZ,Cazaquistão,Q16670722,http://www.wikidata.org/entity/Q1249595,0,355,,53.16644444,66.266375
KAZ,Cazaquistão,Q16670733,http://www.wikidata.org/entity/Q2554452,0,2885,,41.337011,69.034143
KAZ,Cazaquistão,Q16670737,http://www.wikidata.org/entity/Q2283566,0,0,,49.41472222,73.64916667
KAZ,Cazaquistão,Q16671588,http://www.wikidata.org/entity/Q30972370,0,294,,52.58388889,67.49416667
KAZ,Cazaquistão,Q16673211,http://www.wikidata.org/entity/Q522660,0,532,,43.18472222,68.95027778
KAZ,Cazaquistão,Q16673214,http://www.wikidata.org/entity/Q2554452,0,115,,41.181944444444,68.283888888889
KAZ,Cazaquistão,Q16673218,http://www.wikidata.org/entity/Q20098617,0,161,,45.712222222222,62.295561111111
KAZ,Cazaquistão,Q16673222,http://www.wikidata.org/entity/Q2554452,0,988,,41.425277777778,68.986111111111
KAZ,Cazaquistão,Q16673220,http://www.wikidata.org/entity/Q2554428,0,346,,42.43472222,68.96194444
KAZ,Cazaquistão,Q16673224,http://www.wikidata.org/entity/Q30972359,0,61,,53.00083333,67.21722222
KAZ,Cazaquistão,Q16673291,http://www.wikidata.org/entity/Q30969868,0,65,,53.717625,63.79237778
KAZ,Cazaquistão,Q16673295,http://www.wikidata.org/entity/Q1370228,0,1238,,41.94980278,69.77183333
KAZ,Cazaquistão,Q16673299,http://www.wikidata.org/entity/Q2554452,0,317,,41.527601,68.308083
KAZ,Cazaquistão,Q16673318,http://www.wikidata.org/entity/Q56368799,0,423,,51.753031,78.75088
KAZ,Cazaquistão,Q16673327,http://www.wikidata.org/entity/Q30969859,0,1210,,53.28561944,63.34621111
KAZ,Cazaquistão,Q16673331,http://www.wikidata.org/entity/Q56367658,0,612,,53.58823,74.52507
KAZ,Cazaquistão,Q16673335,http://www.wikidata.org/entity/Q2554511,0,192,,42.48259,70.398885
KAZ,Cazaquistão,Q16673339,http://www.wikidata.org/entity/Q20098647,0,159,,45.82083333,62.62777778
KAZ,Cazaquistão,Q16673337,http://www.wikidata.org/entity/Q30969519,0,61,,52.90527778,62.3475
KAZ,Cazaquistão,Q16673341,http://www.wikidata.org/entity/Q1370228,0,822,,41.828674,69.408188
KAZ,Cazaquistão,Q16675022,http://www.wikidata.org/entity/Q2554452,0,890,,41.255033,68.843071
KAZ,Cazaquistão,Q16675083,http://www.wikidata.org/entity/Q574486,0,777,,42.492647,69.963275
KAZ,Cazaquistão,Q16675659,http://www.wikidata.org/entity/Q1249595,0,169,,53.272707,65.415931
KAZ,Cazaquistão,Q16675928,http://www.wikidata.org/entity/Q1249579,0,448,,50.87451111,64.83695556
KAZ,Cazaquistão,Q16676724,http://www.wikidata.org/entity/Q964566,0,618,,53.9813,65.02070833
KAZ,Cazaquistão,Q16676999,http://www.wikidata.org/entity/Q56368469,0,1376,,53.833992,76.543365
KAZ,Cazaquistão,Q16676996,http://www.wikidata.org/entity/Q25505507,0,1165,,53.62058611,64.25566667
KAZ,Cazaquistão,Q16677113,http://www.wikidata.org/entity/Q30974455,0,2209,,53.17931944,63.66221944
KAZ,Cazaquistão,Q16677353,http://www.wikidata.org/entity/Q56368464,0,337,,53.449574,75.464559
KAZ,Cazaquistão,Q16677373,http://www.wikidata.org/entity/Q20098178,0,92,,46.60222222,62.00055556
KAZ,Cazaquistão,Q16677489,http://www.wikidata.org/entity/Q2726463,0,1140,,49.953098,72.524257
KAZ,Cazaquistão,Q16679824,http://www.wikidata.org/entity/Q1249579,0,48,,51.516808,64.506812
KAZ,Cazaquistão,Q16681287,http://www.wikidata.org/entity/Q4249291,0,1034,,52.91,64.67277778
KAZ,Cazaquistão,Q16681293,http://www.wikidata.org/entity/Q1249595,0,132,,53.52166667,65.68055556
KAZ,Cazaquistão,Q16681298,http://www.wikidata.org/entity/Q1650873,0,0,,53.80166667,62.49388889
KAZ,Cazaquistão,Q16681302,http://www.wikidata.org/entity/Q964566,0,29,,53.70472222,65.28972222
KAZ,Cazaquistão,Q16681300,http://www.wikidata.org/entity/Q793969,0,37,,53.64361111,64.44305556
KAZ,Cazaquistão,Q16681334,http://www.wikidata.org/entity/Q1249595,0,7,,53.27611111,65.77611111
KAZ,Cazaquistão,Q16681336,http://www.wikidata.org/entity/Q1249595,0,368,,53.212355,65.236373
KAZ,Cazaquistão,Q16681482,http://www.wikidata.org/entity/Q2556281,0,0,,51.68722222,70.18638889
KAZ,Cazaquistão,Q16681486,http://www.wikidata.org/entity/Q58179,0,0,,53.38194444,74.67861111
KAZ,Cazaquistão,Q16681508,http://www.wikidata.org/entity/Q1249595,0,0,,53.62722222,65.78944444
KAZ,Cazaquistão,Q16681535,http://www.wikidata.org/entity/Q56368494,0,106,,53.271732,76.179337
KAZ,Cazaquistão,Q16681550,http://www.wikidata.org/entity/Q2726463,0,478,,50.1276,73.2608
KAZ,Cazaquistão,Q16681554,http://www.wikidata.org/entity/Q1249579,0,38,,51.773045,64.437665
KAZ,Cazaquistão,Q16681566,http://www.wikidata.org/entity/Q1010136,0,596,,52.78312778,65.18108333
KAZ,Cazaquistão,Q16681568,http://www.wikidata.org/entity/Q619361,0,305,,53.12027778,63.86972222
KAZ,Cazaquistão,Q16681582,http://www.wikidata.org/entity/Q1650873,0,4,,54.31666667,62.36666667
KAZ,Cazaquistão,Q16681580,http://www.wikidata.org/entity/Q2726463,0,1625,,49.877712,72.999072
KAZ,Cazaquistão,Q16681602,http://www.wikidata.org/entity/Q56368743,0,1718,,51.918491,77.321849
KAZ,Cazaquistão,Q16681630,http://www.wikidata.org/entity/Q1378355,0,0,,52.33527778,61.09722222
KAZ,Cazaquistão,Q16681632,http://www.wikidata.org/entity/Q2726421,0,209,,49.715434,74.915078
KAZ,Cazaquistão,Q16681804,http://www.wikidata.org/entity/Q1010136,0,189,,52.44267,65.351043
KAZ,Cazaquistão,Q16681871,http://www.wikidata.org/entity/Q522660,0,160,,43.06305556,68.94305556
KAZ,Cazaquistão,Q16681873,http://www.wikidata.org/entity/Q2554428,0,225,,43.021394444444,68.897777777778
KAZ,Cazaquistão,Q16681878,http://www.wikidata.org/entity/Q2554452,0,295,,41.573859,68.843817
KAZ,Cazaquistão,Q16681886,http://www.wikidata.org/entity/Q574486,0,2221,,42.571905555556,69.788302777778
KAZ,Cazaquistão,Q16681890,http://www.wikidata.org/entity/Q12556685,0,414,,48.107231,74.561198
KAZ,Cazaquistão,Q16681894,http://www.wikidata.org/entity/Q2554452,0,1308,,41.453611111111,69.119166666667
KAZ,Cazaquistão,Q16681904,http://www.wikidata.org/entity/Q1315785,0,1585,,43.2467,67.96142
KAZ,Cazaquistão,Q16681910,http://www.wikidata.org/entity/Q30972542,0,131,,54.45522,66.10156
KAZ,Cazaquistão,Q16681916,http://www.wikidata.org/entity/Q13477899,0,102,,50.323491,69.425433
KAZ,Cazaquistão,Q16682104,http://www.wikidata.org/entity/Q44486,0,51,,53.750639,75.687461
KAZ,Cazaquistão,Q16682465,http://www.wikidata.org/entity/Q12560832,0,86,,49.739652,72.048547
KAZ,Cazaquistão,Q16682477,http://www.wikidata.org/entity/Q964566,0,13,,54.278706,65.748231
KAZ,Cazaquistão,Q16682616,http://www.wikidata.org/entity/Q20098981,0,1140,,43.74638889,67.24444444
KAZ,Cazaquistão,Q16682659,http://www.wikidata.org/entity/Q1510481,0,197,,52.65098611,61.93995278
KAZ,Cazaquistão,Q16682657,http://www.wikidata.org/entity/Q30972135,0,128,,52.51007778,64.06873611
KAZ,Cazaquistão,Q16682663,http://www.wikidata.org/entity/Q2556291,0,0,,53.37666667,69.05
KAZ,Cazaquistão,Q16682661,http://www.wikidata.org/entity/Q30973268,0,187,,53.50643,70.28057
KAZ,Cazaquistão,Q16682667,http://www.wikidata.org/entity/Q30974459,0,2044,,53.45215833,63.29831389
KAZ,Cazaquistão,Q16682665,http://www.wikidata.org/entity/Q12556969,0,895,,50.66861111,72.52111111
KAZ,Cazaquistão,Q16682779,http://www.wikidata.org/entity/Q61366283,0,318,,50.703253,75.691767
KAZ,Cazaquistão,Q16682777,http://www.wikidata.org/entity/Q1249579,0,0,,51.54583333,63.70944444
KAZ,Cazaquistão,Q16682799,http://www.wikidata.org/entity/Q30972140,0,592,,52.47935,63.63205556
KAZ,Cazaquistão,Q16682803,http://www.wikidata.org/entity/Q44486,0,144,,53.929361,75.559488
KAZ,Cazaquistão,Q16682801,http://www.wikidata.org/entity/Q1510481,0,0,,52.5975,60.96277778
KAZ,Cazaquistão,Q16682810,http://www.wikidata.org/entity/Q30974966,0,3034,,52.10641667,65.66930833
KAZ,Cazaquistão,Q16682808,http://www.wikidata.org/entity/Q1377553,0,179,,53.30777778,61.84472222
KAZ,Cazaquistão,Q16682814,http://www.wikidata.org/entity/Q964566,0,97,,54.49861111,65.45944444
KAZ,Cazaquistão,Q16682812,http://www.wikidata.org/entity/Q56368496,0,744,,53.301031,75.897918
KAZ,Cazaquistão,Q16682965,http://www.wikidata.org/entity/Q2554534,0,335,,52.887363,77.03157
KAZ,Cazaquistão,Q16682990,http://www.wikidata.org/entity/Q56368518,0,99,,52.959859,77.105556
KAZ,Cazaquistão,Q16683055,http://www.wikidata.org/entity/Q16723294,0,179,,50.243061,71.722648
KAZ,Cazaquistão,Q16683069,http://www.wikidata.org/entity/Q2554567,0,1208,,40.70444444,68.45861111
KAZ,Cazaquistão,Q16683102,http://www.wikidata.org/entity/Q718108,0,429,,42.44062,68.88221
KAZ,Cazaquistão,Q16683104,http://www.wikidata.org/entity/Q2554452,0,192,,41.212077,68.826764
KAZ,Cazaquistão,Q16683191,http://www.wikidata.org/entity/Q574486,0,443,,42.347732,69.709901
KAZ,Cazaquistão,Q16683192,http://www.wikidata.org/entity/Q2550342,0,311,,45.235402,77.967811
KAZ,Cazaquistão,Q16683206,http://www.wikidata.org/entity/Q2726443,0,13,,50.067194,70.601853
KAZ,Cazaquistão,Q16683208,http://www.wikidata.org/entity/Q703004,0,47,,51.83861111,61.88861111
KAZ,Cazaquistão,Q16683263,http://www.wikidata.org/entity/Q20098409,0,20,,45.54694444,64.01638889
KAZ,Cazaquistão,Q16683261,http://www.wikidata.org/entity/Q2554428,0,1129,,42.29998333,69.20672222
KAZ,Cazaquistão,Q16683320,http://www.wikidata.org/entity/Q2554452,0,1834,,41.336944444444,68.708055555556
KAZ,Cazaquistão,Q16683339,http://www.wikidata.org/entity/Q431619,0,301,,52.83923611,62.46105556
KAZ,Cazaquistão,Q16683455,http://www.wikidata.org/entity/Q574486,0,1056,,41.747,69.703
KAZ,Cazaquistão,Q16683453,http://www.wikidata.org/entity/Q20098305,0,226,,42.49944,68.81484
KAZ,Cazaquistão,Q16683457,http://www.wikidata.org/entity/Q2668108,0,21,,47.981592,66.865268
KAZ,Cazaquistão,Q16683467,http://www.wikidata.org/entity/Q12557595,0,388,,46.75139,75.39444
KAZ,Cazaquistão,Q16683937,http://www.wikidata.org/entity/Q740832,0,45,,48.18583333,67.85777778
KAZ,Cazaquistão,Q16683941,http://www.wikidata.org/entity/Q737748,0,0,,50.42416667,73.55666667
KAZ,Cazaquistão,Q16683991,http://www.wikidata.org/entity/Q2554487,0,1354,,42.913535,68.344867
KAZ,Cazaquistão,Q16684034,http://www.wikidata.org/entity/Q16433662,0,193,,54.03666667,65.19083333
KAZ,Cazaquistão,Q16684126,http://www.wikidata.org/entity/Q16432055,0,99,,50.44916667,64.245
KAZ,Cazaquistão,Q16684124,http://www.wikidata.org/entity/Q12534008,0,394,,50.311544,72.731624
KAZ,Cazaquistão,Q16684130,http://www.wikidata.org/entity/Q2554452,0,2238,,41.368564,68.843665
KAZ,Cazaquistão,Q16684128,http://www.wikidata.org/entity/Q574486,0,531,,42.468854,69.655211
KAZ,Cazaquistão,Q16684262,http://www.wikidata.org/entity/Q964566,0,357,,53.89944444,65.33555556
KAZ,Cazaquistão,Q16684260,http://www.wikidata.org/entity/Q30974415,0,277,,52.52292778,63.11148056
KAZ,Cazaquistão,Q16708443,http://www.wikidata.org/entity/Q1427082,0,14,,52.39607778,64.2203
KAZ,Cazaquistão,Q16708445,http://www.wikidata.org/entity/Q2632749,0,5,,45.2625,63.77305556
KAZ,Cazaquistão,Q16708458,http://www.wikidata.org/entity/Q574486,0,2205,,,
KAZ,Cazaquistão,Q16709490,http://www.wikidata.org/entity/Q30972371,0,155,,53.275838,66.669416
KAZ,Cazaquistão,Q16717756,http://www.wikidata.org/entity/Q30972371,0,1111,,53.27944444,66.72555556
KAZ,Cazaquistão,Q16717925,http://www.wikidata.org/entity/Q30972367,0,349,,52.87888889,67.015
KAZ,Cazaquistão,Q17057134,http://www.wikidata.org/entity/Q32419,0,6,,54.97488,68.36465
KAZ,Cazaquistão,Q17057136,http://www.wikidata.org/entity/Q32419,0,0,,54.96234,68.42276
KAZ,Cazaquistão,Q18405246,http://www.wikidata.org/entity/Q32419,0,0,,54.90208,68.61803
KAZ,Cazaquistão,Q18408481,http://www.wikidata.org/entity/Q32419,0,0,,54.76118,68.45478
KAZ,Cazaquistão,Q30897562,http://www.wikidata.org/entity/Q25577,0,0,,54.657295,68.927066
KAZ,Cazaquistão,Q30897565,http://www.wikidata.org/entity/Q25577,0,0,,54.884431,69.602697
KAZ,Cazaquistão,Q16684282,http://www.wikidata.org/entity/Q16431090,0,1247,,53.01055556,65.96277778
KAZ,Cazaquistão,Q16684728,http://www.wikidata.org/entity/Q30972167,0,273,,51.44530278,65.19520556
KAZ,Cazaquistão,Q16684777,http://www.wikidata.org/entity/Q2549670,0,0,,43.13118,73.88031
KAZ,Cazaquistão,Q16685180,http://www.wikidata.org/entity/Q75251,0,3,,53.551086,76.806522
KAZ,Cazaquistão,Q16685190,http://www.wikidata.org/entity/Q16689582,0,61,,49.588375,71.845858
KAZ,Cazaquistão,Q16685562,http://www.wikidata.org/entity/Q16723294,0,141,,50.337134,71.494288
KAZ,Cazaquistão,Q16685560,http://www.wikidata.org/entity/Q12567080,0,279,,50.11527778,73.21583333
KAZ,Cazaquistão,Q16685965,http://www.wikidata.org/entity/Q30972371,0,698,,53.25055556,66.91805556
KAZ,Cazaquistão,Q16686362,http://www.wikidata.org/entity/Q20098617,0,1213,,45.79277778,62.30166667
KAZ,Cazaquistão,Q16686541,http://www.wikidata.org/entity/Q2726463,0,0,,50.05277778,73.65388889
KAZ,Cazaquistão,Q16686586,http://www.wikidata.org/entity/Q30969624,0,906,,54.07639167,61.39576111
KAZ,Cazaquistão,Q16688210,http://www.wikidata.org/entity/Q30972370,0,28,,52.60091,67.828804
KAZ,Cazaquistão,Q16692026,http://www.wikidata.org/entity/Q1427082,0,50,,52.44166667,64.39472222
KAZ,Cazaquistão,Q16692299,http://www.wikidata.org/entity/Q2283566,0,0,,49.64361111,72.39222222
KAZ,Cazaquistão,Q16692392,http://www.wikidata.org/entity/Q2737304,0,0,,51.66333333,52.30472222
KAZ,Cazaquistão,Q16692751,http://www.wikidata.org/entity/Q58179,0,0,,52.95972222,74.64722222
KAZ,Cazaquistão,Q16692894,http://www.wikidata.org/entity/Q30972367,0,4420,,52.822734,66.951456
KAZ,Cazaquistão,Q16693176,http://www.wikidata.org/entity/Q30972370,0,115,,52.70138889,67.6425
KAZ,Cazaquistão,Q16693976,http://www.wikidata.org/entity/Q30972368,0,469,,52.561273,67.429018
KAZ,Cazaquistão,Q16694757,,0,364,,45.30011,56.22529
KAZ,Cazaquistão,Q16694760,http://www.wikidata.org/entity/Q30972367,0,202,,52.789372,67.063036
KAZ,Cazaquistão,Q16694766,http://www.wikidata.org/entity/Q2554428,0,1158,,42.46805556,68.96666667
KAZ,Cazaquistão,Q16694939,http://www.wikidata.org/entity/Q1315785,0,1526,,43.43759,67.92451
KAZ,Cazaquistão,Q16694951,http://www.wikidata.org/entity/Q13416756,0,292,,43.600688,73.664525
KAZ,Cazaquistão,Q16694949,http://www.wikidata.org/entity/Q2550378,0,294,,43.26638889,76.54972222
KAZ,Cazaquistão,Q16695049,http://www.wikidata.org/entity/Q703004,0,39,,51.61222222,61.85194444
KAZ,Cazaquistão,Q16695215,http://www.wikidata.org/entity/Q30974992,0,1020,,53.13055556,64.66194444
KAZ,Cazaquistão,Q16695217,http://www.wikidata.org/entity/Q30974407,0,860,,52.92291944,61.54806389
KAZ,Cazaquistão,Q16695254,http://www.wikidata.org/entity/Q1377553,0,96,,53.72106667,61.71055
KAZ,Cazaquistão,Q16697436,http://www.wikidata.org/entity/Q30972367,0,469,,52.84944444,66.98111111
KAZ,Cazaquistão,Q16697758,http://www.wikidata.org/entity/Q30972373,0,93,,52.64638889,66.92138889
KAZ,Cazaquistão,Q16697836,http://www.wikidata.org/entity/Q1510481,0,91,,52.79956111,61.40531111
KAZ,Cazaquistão,Q16698123,http://www.wikidata.org/entity/Q574486,0,978,,42.441291,69.917437
KAZ,Cazaquistão,Q16698451,http://www.wikidata.org/entity/Q1377553,0,595,,53.34793056,62.04586389
KAZ,Cazaquistão,Q16698486,http://www.wikidata.org/entity/Q1377553,0,47,,53.07015,62.23061944
KAZ,Cazaquistão,Q16698674,http://www.wikidata.org/entity/Q2448467,0,281,,51.32804,75.53976
KAZ,Cazaquistão,Q16699300,http://www.wikidata.org/entity/Q30972360,0,465,,52.508542,67.871304
KAZ,Cazaquistão,Q16701702,http://www.wikidata.org/entity/Q30969635,0,1344,,53.88910833,61.87533611
KAZ,Cazaquistão,Q16701743,http://www.wikidata.org/entity/Q2726463,0,70,,50.13166667,73.31222222
KAZ,Cazaquistão,Q16701767,http://www.wikidata.org/entity/Q30972358,0,277,,52.98277778,66.82916667
KAZ,Cazaquistão,Q16701797,http://www.wikidata.org/entity/Q2726443,0,155,,49.452531,69.888403
KAZ,Cazaquistão,Q16701846,http://www.wikidata.org/entity/Q1650873,0,102,,53.90666667,62.86388889
KAZ,Cazaquistão,Q16701902,http://www.wikidata.org/entity/Q1370228,0,400,,41.965872,69.057226
KAZ,Cazaquistão,Q16701900,http://www.wikidata.org/entity/Q740832,0,36,,47.609982,67.7294
KAZ,Cazaquistão,Q16702042,http://www.wikidata.org/entity/Q25505507,0,1227,,53.60944444,64.16498056
KAZ,Cazaquistão,Q16702067,http://www.wikidata.org/entity/Q2476538,0,7,,53.25264722,64.83593333
KAZ,Cazaquistão,Q16702085,http://www.wikidata.org/entity/Q1650873,0,0,,53.87583333,63.01222222
KAZ,Cazaquistão,Q16702099,http://www.wikidata.org/entity/Q485056,0,0,,51.12111111,69.26166667
KAZ,Cazaquistão,Q16702848,http://www.wikidata.org/entity/Q964566,0,628,,54.30867222,65.88095278
KAZ,Cazaquistão,Q16702912,http://www.wikidata.org/entity/Q12563371,0,509,,49.78944444,63.66416667
KAZ,Cazaquistão,Q16702919,http://www.wikidata.org/entity/Q1010136,0,87,,52.596583,65.666821
KAZ,Cazaquistão,Q16703171,http://www.wikidata.org/entity/Q848638,0,636,,43.17489,68.0706
KAZ,Cazaquistão,Q16703195,http://www.wikidata.org/entity/Q22202143,0,2403,,44.6325,66.04
KAZ,Cazaquistão,Q16703299,http://www.wikidata.org/entity/Q22202187,0,1799,,44.13833333,66.97694444
KAZ,Cazaquistão,Q16703328,http://www.wikidata.org/entity/Q12563986,0,618,,50.38167778,72.21968889
KAZ,Cazaquistão,Q16704995,http://www.wikidata.org/entity/Q30972368,0,128,,52.569151,67.407131
KAZ,Cazaquistão,Q16705395,http://www.wikidata.org/entity/Q2448467,0,695,,50.634928,74.76976
KAZ,Cazaquistão,Q16705408,http://www.wikidata.org/entity/Q12565628,0,843,,54.0975,64.42388889
KAZ,Cazaquistão,Q16705421,http://www.wikidata.org/entity/Q25505353,0,80,,49.97277778,64.16083333
KAZ,Cazaquistão,Q16705615,http://www.wikidata.org/entity/Q13476306,0,639,,50.010442,76.170774
KAZ,Cazaquistão,Q16705619,http://www.wikidata.org/entity/Q1010136,0,396,,51.86347222,65.19261667
KAZ,Cazaquistão,Q16705617,http://www.wikidata.org/entity/Q2550398,0,1034,,44.895,78.20888889
KAZ,Cazaquistão,Q16705623,http://www.wikidata.org/entity/Q740832,0,428,,48.06592,68.543501
KAZ,Cazaquistão,Q16705620,http://www.wikidata.org/entity/Q522660,0,850,,42.83444444,69.77305556
KAZ,Cazaquistão,Q16705634,http://www.wikidata.org/entity/Q47982,0,56,,51.951288,77.986375
KAZ,Cazaquistão,Q16705651,http://www.wikidata.org/entity/Q25505505,0,235,,53.70333333,61.82972222
KAZ,Cazaquistão,Q16706004,http://www.wikidata.org/entity/Q619361,0,0,,53.52972222,63.4625
KAZ,Cazaquistão,Q16706063,http://www.wikidata.org/entity/Q30972146,0,1730,,52.29674722,63.52633333
KAZ,Cazaquistão,Q16706065,http://www.wikidata.org/entity/Q75251,0,55,,53.340918,76.515127
KAZ,Cazaquistão,Q16706342,http://www.wikidata.org/entity/Q75251,0,33,,53.290719,76.036621
KAZ,Cazaquistão,Q16706363,http://www.wikidata.org/entity/Q2283566,0,109,,49.385,73.59055556
KAZ,Cazaquistão,Q16706365,http://www.wikidata.org/entity/Q58179,0,0,,52.95083333,74.58916667
KAZ,Cazaquistão,Q16706449,http://www.wikidata.org/entity/Q13477894,0,228,,49.096801,69.382854
KAZ,Cazaquistão,Q16706460,http://www.wikidata.org/entity/Q56368806,0,224,,51.808562,77.457033
KAZ,Cazaquistão,Q16706464,http://www.wikidata.org/entity/Q56368482,0,264,,53.03337,76.66053
KAZ,Cazaquistão,Q16706473,http://www.wikidata.org/entity/Q58179,0,41,,53.57335,74.74754
KAZ,Cazaquistão,Q16706525,http://www.wikidata.org/entity/Q574486,0,180,,42.507315,69.575873
KAZ,Cazaquistão,Q16706529,http://www.wikidata.org/entity/Q20098691,0,68,,42.22694444,69.00694444
KAZ,Cazaquistão,Q16706539,http://www.wikidata.org/entity/Q12566144,0,944,,53.80055556,62.19916667
KAZ,Cazaquistão,Q16706541,http://www.wikidata.org/entity/Q56367652,0,137,,53.457547,75.360962
KAZ,Cazaquistão,Q16706633,http://www.wikidata.org/entity/Q30972366,0,797,,52.959755,66.619377
KAZ,Cazaquistão,Q16708239,http://www.wikidata.org/entity/Q1370228,0,224,,41.682784,69.501057
KAZ,Cazaquistão,Q16708259,http://www.wikidata.org/entity/Q740832,0,140,,48.181511,69.108331
KAZ,Cazaquistão,Q16708263,http://www.wikidata.org/entity/Q522660,0,660,,42.62116667,69.70910556
KAZ,Cazaquistão,Q16708301,http://www.wikidata.org/entity/Q793969,0,0,,53.65305556,63.87
KAZ,Cazaquistão,Q16708418,http://www.wikidata.org/entity/Q1650873,0,97,,54.025,62.90861111
KAZ,Cazaquistão,Q16708426,http://www.wikidata.org/entity/Q522660,0,569,,42.85805556,69.72555556
KAZ,Cazaquistão,Q13651846,http://www.wikidata.org/entity/Q20077976,0,124,,49.003364,50.404058
KAZ,Cazaquistão,Q13651844,http://www.wikidata.org/entity/Q20077976,0,129,,48.948611111111,50.514722222222
KAZ,Cazaquistão,Q13651849,http://www.wikidata.org/entity/Q20077976,0,1752,,49.1718,50.44934
KAZ,Cazaquistão,Q13651853,http://www.wikidata.org/entity/Q20076753,0,626,,48.885037,49.322426
KAZ,Cazaquistão,Q13651859,http://www.wikidata.org/entity/Q20076751,0,553,,48.932777,49.938844
KAZ,Cazaquistão,Q13651867,http://www.wikidata.org/entity/Q20074266,0,268,,49.220582,50.690614
KAZ,Cazaquistão,Q13651864,http://www.wikidata.org/entity/Q20076751,0,252,,49.213333333333,49.833055555556
KAZ,Cazaquistão,Q13651865,http://www.wikidata.org/entity/Q20076751,0,1128,,49.09385,49.792736
KAZ,Cazaquistão,Q13651869,http://www.wikidata.org/entity/Q20074266,0,1256,,49.38,50.636111111111
KAZ,Cazaquistão,Q13651878,http://www.wikidata.org/entity/Q20098454,0,1021,,47.284722222222,51.9275
KAZ,Cazaquistão,Q13651876,http://www.wikidata.org/entity/Q20098454,0,935,,47.235555555556,51.946666666667
KAZ,Cazaquistão,Q13651883,http://www.wikidata.org/entity/Q20098344,0,1805,,47.055973,51.834769
KAZ,Cazaquistão,Q13651880,http://www.wikidata.org/entity/Q20098454,0,5036,,47.165,51.95
KAZ,Cazaquistão,Q13651926,http://www.wikidata.org/entity/Q30975072,0,573,,53.538114,67.083107
KAZ,Cazaquistão,Q13651931,http://www.wikidata.org/entity/Q30975072,0,129,,53.639244,66.970068
KAZ,Cazaquistão,Q13651928,http://www.wikidata.org/entity/Q30975072,0,93,,53.567128,66.942859
KAZ,Cazaquistão,Q13651945,http://www.wikidata.org/entity/Q30975071,0,787,,54.243333333333,67.537777777778
KAZ,Cazaquistão,Q13651977,http://www.wikidata.org/entity/Q20093839,0,853,,50.401666666667,47.594722222222
KAZ,Cazaquistão,Q13651986,http://www.wikidata.org/entity/Q30975071,0,356,,54.141423,67.682105
KAZ,Cazaquistão,Q13651990,http://www.wikidata.org/entity/Q30975071,0,168,,54.141423,67.682105
KAZ,Cazaquistão,Q13651988,http://www.wikidata.org/entity/Q30975071,0,65,,54.229969,67.477327
KAZ,Cazaquistão,Q13651998,http://www.wikidata.org/entity/Q30975072,0,157,,53.493663,66.998206
KAZ,Cazaquistão,Q13652000,http://www.wikidata.org/entity/Q30975072,0,254,,53.336665,66.957193
KAZ,Cazaquistão,Q13652053,http://www.wikidata.org/entity/Q20097061,0,205,,49.396202777778,46.98445
KAZ,Cazaquistão,Q13652058,http://www.wikidata.org/entity/Q12564837,0,117,,49.563055555556,46.936111111111
KAZ,Cazaquistão,Q13652056,http://www.wikidata.org/entity/Q20097061,0,827,,49.331388888889,47.082777777778
KAZ,Cazaquistão,Q13652060,http://www.wikidata.org/entity/Q12564837,0,65,,49.692777777778,47.056111111111
KAZ,Cazaquistão,Q13653173,http://www.wikidata.org/entity/Q20083354,0,479,,48.747163,47.67864
KAZ,Cazaquistão,Q13653176,http://www.wikidata.org/entity/Q20082517,0,182,,49.163691,47.483891
KAZ,Cazaquistão,Q13653180,http://www.wikidata.org/entity/Q20083354,0,462,,48.824073,47.404325
KAZ,Cazaquistão,Q13653324,http://www.wikidata.org/entity/Q20072657,0,278,,50.560833333333,52.087222222222
KAZ,Cazaquistão,Q13655773,http://www.wikidata.org/entity/Q30973291,0,1505,,53.615277777778,70.463611111111
KAZ,Cazaquistão,Q13655780,http://www.wikidata.org/entity/Q20076432,0,935,,51.271666666667,52.16
KAZ,Cazaquistão,Q13655786,http://www.wikidata.org/entity/Q30975181,0,509,,53.723631,70.079284
KAZ,Cazaquistão,Q13655784,http://www.wikidata.org/entity/Q20073789,0,507,,51.066111111111,52.135833333333
KAZ,Cazaquistão,Q13655791,http://www.wikidata.org/entity/Q30975181,0,83,,53.572836,70.037742
KAZ,Cazaquistão,Q13655789,http://www.wikidata.org/entity/Q30975181,0,330,,53.692133,70.147434
KAZ,Cazaquistão,Q13655794,http://www.wikidata.org/entity/Q30973265,0,112,,53.573448,70.766359
KAZ,Cazaquistão,Q13655802,http://www.wikidata.org/entity/Q30973265,0,190,,53.557595,70.708681
KAZ,Cazaquistão,Q13655800,http://www.wikidata.org/entity/Q30973265,0,48,,53.499841,70.714775
KAZ,Cazaquistão,Q13655867,http://www.wikidata.org/entity/Q12569726,0,186,,50.523888888889,51.798611111111
KAZ,Cazaquistão,Q13655871,http://www.wikidata.org/entity/Q12569726,0,344,,50.287777777778,51.525277777778
KAZ,Cazaquistão,Q13655874,http://www.wikidata.org/entity/Q12569726,0,1252,,50.468978,51.719585
KAZ,Cazaquistão,Q13655877,http://www.wikidata.org/entity/Q20097493,0,439,,50.2691,51.218592
KAZ,Cazaquistão,Q13655880,http://www.wikidata.org/entity/Q20097493,0,394,,50.434001,51.222025
KAZ,Cazaquistão,Q13655884,http://www.wikidata.org/entity/Q20097493,0,314,,50.321666666667,51.2275
KAZ,Cazaquistão,Q13655896,http://www.wikidata.org/entity/Q20097340,0,113,,50.9575,51.777222222222
KAZ,Cazaquistão,Q13655963,http://www.wikidata.org/entity/Q20072647,0,775,,51.204087,51.616846
KAZ,Cazaquistão,Q13655966,http://www.wikidata.org/entity/Q20072647,0,632,,51.207222222222,51.578055555556
KAZ,Cazaquistão,Q13655969,http://www.wikidata.org/entity/Q20072645,0,541,,50.668994,51.238125
KAZ,Cazaquistão,Q13655974,http://www.wikidata.org/entity/Q20072645,0,95,,50.752966,51.235035
KAZ,Cazaquistão,Q13655978,http://www.wikidata.org/entity/Q20072637,0,632,,50.788032,51.660191
KAZ,Cazaquistão,Q13655977,http://www.wikidata.org/entity/Q20072645,0,232,,50.543163,51.539734
KAZ,Cazaquistão,Q13655991,http://www.wikidata.org/entity/Q12568183,0,574,,51.1929,51.874641
KAZ,Cazaquistão,Q13655989,http://www.wikidata.org/entity/Q12568183,0,84,,51.314444444444,51.875555555556
KAZ,Cazaquistão,Q13664372,http://www.wikidata.org/entity/Q12531722,0,1064,,43.041808333333,73.487275
KAZ,Cazaquistão,Q13664529,http://www.wikidata.org/entity/Q2549644,0,73,,44.738055555556,71.511111111111
KAZ,Cazaquistão,Q13664535,http://www.wikidata.org/entity/Q2549644,0,0,,44.433888888889,72.440833333333
KAZ,Cazaquistão,Q13664537,http://www.wikidata.org/entity/Q2549644,0,1,,44.622222222222,72.131666666667
KAZ,Cazaquistão,Q13664546,http://www.wikidata.org/entity/Q2549644,0,1907,,43.952236111111,73.575894444444
KAZ,Cazaquistão,Q15063050,http://www.wikidata.org/entity/Q238931,0,2604,,44.34027778,51.35083333
KAZ,Cazaquistão,Q15617542,http://www.wikidata.org/entity/Q2554567,0,459,,40.656663888889,68.377780555556
KAZ,Cazaquistão,Q15617543,http://www.wikidata.org/entity/Q2554567,0,843,,40.66388889,68.39555556
KAZ,Cazaquistão,Q15617541,http://www.wikidata.org/entity/Q2554567,0,799,,40.86138889,68.46333333
KAZ,Cazaquistão,Q15617544,http://www.wikidata.org/entity/Q2554567,0,1944,,40.7025,68.42472222
KAZ,Cazaquistão,Q15617689,http://www.wikidata.org/entity/Q2554567,0,1471,,40.903333333333,68.357777777778
KAZ,Cazaquistão,Q15617716,http://www.wikidata.org/entity/Q2554567,0,2845,,40.8525,68.54277778
KAZ,Cazaquistão,Q15648248,http://www.wikidata.org/entity/Q1370228,0,4196,,41.75218611,69.59030278
KAZ,Cazaquistão,Q15714542,http://www.wikidata.org/entity/Q2554487,0,3896,,42.64823611,68.15321389
KAZ,Cazaquistão,Q15714543,http://www.wikidata.org/entity/Q2554487,0,405,,43.1675,67.80555556
KAZ,Cazaquistão,Q15714541,http://www.wikidata.org/entity/Q2554487,0,200,,43.041026,68.310496
KAZ,Cazaquistão,Q15714544,http://www.wikidata.org/entity/Q2554487,0,1759,,42.37805556,68.20277778
KAZ,Cazaquistão,Q15728827,http://www.wikidata.org/entity/Q574486,0,1224,,42.35222222,69.46388889
KAZ,Cazaquistão,Q15732183,http://www.wikidata.org/entity/Q56368561,0,1474,,51.92421,78.81643
KAZ,Cazaquistão,Q15732427,http://www.wikidata.org/entity/Q574486,0,10294,,42.39903611,69.809625
KAZ,Cazaquistão,Q15779389,http://www.wikidata.org/entity/Q574486,0,25058,,42.429663888889,69.862472222222
KAZ,Cazaquistão,Q15845718,http://www.wikidata.org/entity/Q2554452,0,92,,41.489996,68.088103
KAZ,Cazaquistão,Q15845719,http://www.wikidata.org/entity/Q2554452,0,275,,41.754947,68.267217
KAZ,Cazaquistão,Q15845723,http://www.wikidata.org/entity/Q2554452,0,1087,,41.700679,68.411913
KAZ,Cazaquistão,Q15845720,http://www.wikidata.org/entity/Q2554452,0,157,,41.788915,68.096236
KAZ,Cazaquistão,Q15845721,http://www.wikidata.org/entity/Q2554452,0,186,,41.650283,68.562766
KAZ,Cazaquistão,Q15845726,http://www.wikidata.org/entity/Q2554452,0,806,,40.968188,68.672279
KAZ,Cazaquistão,Q15845724,http://www.wikidata.org/entity/Q2554452,0,2350,,41.105,68.760555555556
KAZ,Cazaquistão,Q15845725,http://www.wikidata.org/entity/Q2554452,0,1507,,41.056388888889,68.656388888889
KAZ,Cazaquistão,Q15918878,http://www.wikidata.org/entity/Q75318,0,1065,,42.12423056,69.90358889
KAZ,Cazaquistão,Q12544723,http://www.wikidata.org/entity/Q509303,0,3125,,52.321386,77.126327
KAZ,Cazaquistão,Q12557054,http://www.wikidata.org/entity/Q484706,0,221600,,49.83333,73.16667
KAZ,Cazaquistão,Q12574771,,0,800000,,49.9,73.05
KAZ,Cazaquistão,Q13359363,http://www.wikidata.org/entity/Q2550342,0,138,,45.101666666667,77.946944444444
KAZ,Cazaquistão,Q13651842,http://www.wikidata.org/entity/Q2736638,0,60,,49.157502,50.488461
KAZ,Cazaquistão,Q13651840,http://www.wikidata.org/entity/Q20077647,0,218,,49.715323,50.691726
KAZ,Cazaquistão,Q15918882,http://www.wikidata.org/entity/Q75318,0,305,,42.043317,69.555877
KAZ,Cazaquistão,Q15918883,http://www.wikidata.org/entity/Q75318,0,1294,,42.331388888889,70.066944444444
KAZ,Cazaquistão,Q15918881,http://www.wikidata.org/entity/Q75318,0,253,,42.222559,69.883803
KAZ,Cazaquistão,Q15918887,http://www.wikidata.org/entity/Q75318,0,1491,,42.119166666667,69.756780555556
KAZ,Cazaquistão,Q15918884,http://www.wikidata.org/entity/Q75318,0,1011,,42.364722222222,70.000277777778
KAZ,Cazaquistão,Q15918885,http://www.wikidata.org/entity/Q75318,0,1529,,42.12242,69.67426
KAZ,Cazaquistão,Q15918890,http://www.wikidata.org/entity/Q75318,0,647,,42.091202,69.653531
KAZ,Cazaquistão,Q15918891,http://www.wikidata.org/entity/Q75318,0,11053,,42.253055555556,69.996388888889
KAZ,Cazaquistão,Q15918888,http://www.wikidata.org/entity/Q75318,0,951,,42.12165,69.70224
KAZ,Cazaquistão,Q15918889,http://www.wikidata.org/entity/Q75318,0,697,,42.167539,69.637563
KAZ,Cazaquistão,Q15918894,http://www.wikidata.org/entity/Q75318,0,570,,42.22928333,70.02355
KAZ,Cazaquistão,Q15918895,http://www.wikidata.org/entity/Q75318,0,2211,,42.259842,70.022728
KAZ,Cazaquistão,Q15918893,http://www.wikidata.org/entity/Q75318,0,282,,42.091726,69.528644
KAZ,Cazaquistão,Q15918899,http://www.wikidata.org/entity/Q75318,0,2006,,42.153924,69.817987
KAZ,Cazaquistão,Q15918897,http://www.wikidata.org/entity/Q75318,0,1142,,42.151361111111,69.849722222222
KAZ,Cazaquistão,Q15918903,http://www.wikidata.org/entity/Q75318,0,1915,,42.236588,69.805741
KAZ,Cazaquistão,Q15918900,http://www.wikidata.org/entity/Q75318,0,4732,,42.182222222222,69.831944444444
KAZ,Cazaquistão,Q15918901,http://www.wikidata.org/entity/Q75318,0,6018,,42.227325,69.802576
KAZ,Cazaquistão,Q16272537,http://www.wikidata.org/entity/Q12532038,0,459,,51.09768333,65.29999444
KAZ,Cazaquistão,Q16272540,http://www.wikidata.org/entity/Q2554511,0,52,,42.414982,70.193966
KAZ,Cazaquistão,Q16272549,http://www.wikidata.org/entity/Q61366283,0,329,,50.712385,75.668163
KAZ,Cazaquistão,Q16272553,http://www.wikidata.org/entity/Q12556685,0,106,,47.981017,74.581618
KAZ,Cazaquistão,Q16272563,http://www.wikidata.org/entity/Q2554428,0,208,,42.919438888889,68.863888888889
KAZ,Cazaquistão,Q16272566,http://www.wikidata.org/entity/Q2946879,0,108,,48.743696,73.718773
KAZ,Cazaquistão,Q16272580,http://www.wikidata.org/entity/Q3274281,0,358,,49.020591,73.537667
KAZ,Cazaquistão,Q16272595,http://www.wikidata.org/entity/Q20098647,0,1044,,45.741113,62.866681
KAZ,Cazaquistão,Q16272598,http://www.wikidata.org/entity/Q793969,0,217,,53.89388889,64.68638889
KAZ,Cazaquistão,Q16272603,http://www.wikidata.org/entity/Q2554556,0,380,,44.452776,67.546942
KAZ,Cazaquistão,Q16272607,http://www.wikidata.org/entity/Q2726480,0,389,,48.72111111,71.75972222
KAZ,Cazaquistão,Q16272611,http://www.wikidata.org/entity/Q20098289,0,88,,43.98444444,66.72083333
KAZ,Cazaquistão,Q16272615,http://www.wikidata.org/entity/Q12574613,0,275,,48.627037,75.031979
KAZ,Cazaquistão,Q16272619,http://www.wikidata.org/entity/Q574486,0,524,,42.210999,69.522974
KAZ,Cazaquistão,Q16272623,http://www.wikidata.org/entity/Q522660,0,1105,,42.92472222,70.03444444
KAZ,Cazaquistão,Q16272626,http://www.wikidata.org/entity/Q574486,0,82,,42.2075,69.52
KAZ,Cazaquistão,Q16272631,http://www.wikidata.org/entity/Q2668108,0,161,,48.058865,66.375096
KAZ,Cazaquistão,Q16272634,http://www.wikidata.org/entity/Q2422652,0,206,,43.79588,73.77843
KAZ,Cazaquistão,Q16272638,http://www.wikidata.org/entity/Q2726480,0,218,,48.833707,71.594081
KAZ,Cazaquistão,Q16272646,http://www.wikidata.org/entity/Q2726480,0,638,,47.74,71.44222222
KAZ,Cazaquistão,Q16272650,http://www.wikidata.org/entity/Q56368450,0,415,,53.700009,76.390758
KAZ,Cazaquistão,Q16272651,http://www.wikidata.org/entity/Q2726421,0,250,,49.239485,75.525849
KAZ,Cazaquistão,Q16272658,http://www.wikidata.org/entity/Q12532267,0,764,,49.88999722,72.41402222
KAZ,Cazaquistão,Q16272662,http://www.wikidata.org/entity/Q20098145,0,2214,,45.146775,64.14631389
KAZ,Cazaquistão,Q16272665,http://www.wikidata.org/entity/Q2554487,0,1807,,42.79905,68.71500278
KAZ,Cazaquistão,Q16272670,http://www.wikidata.org/entity/Q16701413,0,1057,,43.465379,70.403903
KAZ,Cazaquistão,Q16272674,http://www.wikidata.org/entity/Q2946879,0,157,,48.870968,73.791965
KAZ,Cazaquistão,Q16272678,http://www.wikidata.org/entity/Q2726480,0,781,,48.58343333,71.11523611
KAZ,Cazaquistão,Q16273011,http://www.wikidata.org/entity/Q20098174,0,2839,,45.067883,64.893408
KAZ,Cazaquistão,Q16273017,http://www.wikidata.org/entity/Q2554428,0,1161,,42.56694444,69.21583333
KAZ,Cazaquistão,Q16273023,http://www.wikidata.org/entity/Q2554452,0,1147,,41.374585,68.917844
KAZ,Cazaquistão,Q16273020,http://www.wikidata.org/entity/Q58179,0,362,,53.560297,73.847423
KAZ,Cazaquistão,Q16273024,http://www.wikidata.org/entity/Q2554511,0,727,,42.55738,70.19567
KAZ,Cazaquistão,Q16273028,http://www.wikidata.org/entity/Q964566,0,0,,53.91972222,65.55222222
KAZ,Cazaquistão,Q16273032,http://www.wikidata.org/entity/Q2554452,0,648,,41.244035,68.828762
KAZ,Cazaquistão,Q16273039,http://www.wikidata.org/entity/Q522660,0,798,,42.67003611,69.76622778
KAZ,Cazaquistão,Q16273036,http://www.wikidata.org/entity/Q30972135,0,8817,,52.40281944,64.08753611
KAZ,Cazaquistão,Q16273043,http://www.wikidata.org/entity/Q2726443,0,27,,49.504924,70.859628
KAZ,Cazaquistão,Q16273063,http://www.wikidata.org/entity/Q964566,0,57,,54.123092,65.762608
KAZ,Cazaquistão,Q16273073,http://www.wikidata.org/entity/Q20098507,0,26,,45.45055556,64.16472222
KAZ,Cazaquistão,Q16273084,http://www.wikidata.org/entity/Q30972181,0,258,,53.44386389,65.95724444
KAZ,Cazaquistão,Q16273095,http://www.wikidata.org/entity/Q16433950,0,455,,50.21611111,66.68555556
KAZ,Cazaquistão,Q16273100,http://www.wikidata.org/entity/Q1650873,0,117,,53.46918611,62.86105833
KAZ,Cazaquistão,Q16273117,http://www.wikidata.org/entity/Q2476575,0,652,,52.808832,75.135828
KAZ,Cazaquistão,Q16273143,http://www.wikidata.org/entity/Q2476538,0,45,,53.00111111,64.81222222
KAZ,Cazaquistão,Q16273398,http://www.wikidata.org/entity/Q2554452,0,678,,41.304353,68.67954
KAZ,Cazaquistão,Q16273400,http://www.wikidata.org/entity/Q20098193,0,40900,,43.66583333,51.21777778
KAZ,Cazaquistão,Q16273407,http://www.wikidata.org/entity/Q12576129,0,37,,49.82520278,76.14445556
KAZ,Cazaquistão,Q16273404,http://www.wikidata.org/entity/Q2554452,0,934,,41.561111111111,69.403055555556
KAZ,Cazaquistão,Q16273410,http://www.wikidata.org/entity/Q2726397,0,353,,47.53694,63.68333
KAZ,Cazaquistão,Q16273415,http://www.wikidata.org/entity/Q2726480,0,450,,48.499886,71.077459
KAZ,Cazaquistão,Q16273419,http://www.wikidata.org/entity/Q2726480,0,887,,48.639488,71.382329
KAZ,Cazaquistão,Q16273421,http://www.wikidata.org/entity/Q1370228,0,1809,,42.07422222,69.57446389
KAZ,Cazaquistão,Q16273429,http://www.wikidata.org/entity/Q2476575,0,800,,52.664151,76.514783
KAZ,Cazaquistão,Q16273433,http://www.wikidata.org/entity/Q2726480,0,731,,48.655621,71.635126
KAZ,Cazaquistão,Q16273437,http://www.wikidata.org/entity/Q12549139,0,617,,43.94668611,70.69253611
KAZ,Cazaquistão,Q16273455,http://www.wikidata.org/entity/Q12571901,0,1396,,50.63613611,71.46036944
KAZ,Cazaquistão,Q16273479,http://www.wikidata.org/entity/Q2554452,0,891,,41.422156,68.152493
KAZ,Cazaquistão,Q16273483,http://www.wikidata.org/entity/Q13423406,0,108,,49.917022,74.126337
KAZ,Cazaquistão,Q16273487,http://www.wikidata.org/entity/Q30969309,0,1914,,50.11694444,66.57611111
KAZ,Cazaquistão,Q16273492,http://www.wikidata.org/entity/Q1370228,0,1207,,41.799663,69.399519
KAZ,Cazaquistão,Q16273500,http://www.wikidata.org/entity/Q13422872,0,72,,49.98083333,74.27277778
KAZ,Cazaquistão,Q16273504,http://www.wikidata.org/entity/Q16433260,0,908,,52.86508889,61.52526389
KAZ,Cazaquistão,Q16273509,http://www.wikidata.org/entity/Q431619,0,60,,52.826313,62.577682
KAZ,Cazaquistão,Q16431349,http://www.wikidata.org/entity/Q2664367,0,912,,49.71782222,83.85149722
KAZ,Cazaquistão,Q16431467,http://www.wikidata.org/entity/Q2550775,0,1618,,48.838048,82.744073
KAZ,Cazaquistão,Q16431482,http://www.wikidata.org/entity/Q522660,0,1307,,42.82055556,69.24888889
KAZ,Cazaquistão,Q16433177,http://www.wikidata.org/entity/Q2550784,0,3489,,48.42306389,85.73325278
KAZ,Cazaquistão,Q16433183,http://www.wikidata.org/entity/Q2550775,0,959,,48.580752,83.098354
KAZ,Cazaquistão,Q16533035,http://www.wikidata.org/entity/Q698941,0,67,,50.27527778,66.80305556
KAZ,Cazaquistão,Q16648309,http://www.wikidata.org/entity/Q1377553,0,235,,53.79694444,61.94805556
KAZ,Cazaquistão,Q16648394,http://www.wikidata.org/entity/Q22202187,0,640,,44.135555555556,66.945555555556
KAZ,Cazaquistão,Q16648397,http://www.wikidata.org/entity/Q1370228,0,659,,41.786289,69.581909
KAZ,Cazaquistão,Q16648400,http://www.wikidata.org/entity/Q1249595,0,23,,53.66777778,65.95444444
KAZ,Cazaquistão,Q16648405,http://www.wikidata.org/entity/Q2554511,0,821,,42.58418,69.882438
KAZ,Cazaquistão,Q16648411,http://www.wikidata.org/entity/Q12542356,0,648,,43.452078,73.843138
KAZ,Cazaquistão,Q16648408,http://www.wikidata.org/entity/Q12575803,0,383,,43.738825,73.697698
KAZ,Cazaquistão,Q16648413,http://www.wikidata.org/entity/Q2556261,0,1294,,,
KAZ,Cazaquistão,Q16648416,http://www.wikidata.org/entity/Q56368462,0,471,,53.871508,75.802732
KAZ,Cazaquistão,Q16650841,http://www.wikidata.org/entity/Q703004,0,291,,51.53833333,61.62777778
KAZ,Cazaquistão,Q16650845,http://www.wikidata.org/entity/Q13416756,0,340,,43.546075,73.75862
KAZ,Cazaquistão,Q16650851,http://www.wikidata.org/entity/Q2554428,0,345,,42.969444444444,68.867222222222
KAZ,Cazaquistão,Q16650849,http://www.wikidata.org/entity/Q20098350,0,1242,,44.04194444,67.26888889
KAZ,Cazaquistão,Q16650862,http://www.wikidata.org/entity/Q619361,0,21,,52.683375,63.60809722
KAZ,Cazaquistão,Q16650866,http://www.wikidata.org/entity/Q12544848,0,215,,48.588872,74.52605
KAZ,Cazaquistão,Q16650870,http://www.wikidata.org/entity/Q12556685,0,123,,48.018406,74.918489
KAZ,Cazaquistão,Q16650868,http://www.wikidata.org/entity/Q20098675,0,681,,46.656859,61.137013
KAZ,Cazaquistão,Q16650875,http://www.wikidata.org/entity/Q20098501,0,1050,,45.81518889,62.25613333
KAZ,Cazaquistão,Q16650872,http://www.wikidata.org/entity/Q1315785,0,277,,43.15461,67.90855
KAZ,Cazaquistão,Q16650877,http://www.wikidata.org/entity/Q56367632,0,532,,52.766527,74.592863
KAZ,Cazaquistão,Q16650882,http://www.wikidata.org/entity/Q12543072,0,386,,49.98555556,67.24888889
KAZ,Cazaquistão,Q16650884,http://www.wikidata.org/entity/Q30972161,0,780,,52.9934,65.116968
KAZ,Cazaquistão,Q16650934,http://www.wikidata.org/entity/Q1377553,0,105,,53.91611111,61.14222222
KAZ,Cazaquistão,Q16651114,http://www.wikidata.org/entity/Q522660,0,372,,43.09138889,69.74722222
KAZ,Cazaquistão,Q16651838,http://www.wikidata.org/entity/Q20098394,0,794,,44.557665,65.641294
KAZ,Cazaquistão,Q16651841,http://www.wikidata.org/entity/Q2554567,0,88,,40.880555555556,68.266666666667
KAZ,Cazaquistão,Q16651845,http://www.wikidata.org/entity/Q2554556,0,461,,43.784154,69.160563
KAZ,Cazaquistão,Q16651860,http://www.wikidata.org/entity/Q2554567,0,967,,40.919444444444,68.319444444444
KAZ,Cazaquistão,Q16651864,http://www.wikidata.org/entity/Q12561193,0,108,,48.192755,75.178131
KAZ,Cazaquistão,Q16651870,http://www.wikidata.org/entity/Q35493,0,141900,,43.311666666667,76.928888888889
KAZ,Cazaquistão,Q16654463,http://www.wikidata.org/entity/Q2554452,0,1576,,41.474529,69.335018
KAZ,Cazaquistão,Q16654579,http://www.wikidata.org/entity/Q2476538,0,452,,53.21888889,64.56666667
KAZ,Cazaquistão,Q16654744,http://www.wikidata.org/entity/Q1650873,0,88,,53.93666667,62.56361111
KAZ,Cazaquistão,Q16654862,http://www.wikidata.org/entity/Q56368494,0,726,,53.220938,76.24682
KAZ,Cazaquistão,Q16654864,http://www.wikidata.org/entity/Q30974532,0,169,,53.69009444,64.19337778
KAZ,Cazaquistão,Q16654902,http://www.wikidata.org/entity/Q30974531,0,148,,54.20076944,65.19029167
KAZ,Cazaquistão,Q16657044,http://www.wikidata.org/entity/Q484706,0,192700,,49.8,73.1
KAZ,Cazaquistão,Q16661613,http://www.wikidata.org/entity/Q2554452,0,953,,41.573859,68.843817
KAZ,Cazaquistão,Q16661619,http://www.wikidata.org/entity/Q20098482,0,1265,,45.190445,64.515102
KAZ,Cazaquistão,Q16661617,http://www.wikidata.org/entity/Q12533657,0,121,,49.306098,69.859471
KAZ,Cazaquistão,Q16661623,http://www.wikidata.org/entity/Q2476575,0,79,,52.432519,75.0736
KAZ,Cazaquistão,Q16661621,http://www.wikidata.org/entity/Q2283566,0,57,,49.643457,72.557988
KAZ,Cazaquistão,Q16661630,http://www.wikidata.org/entity/Q12544848,0,137,,48.57161,74.767667
KAZ,Cazaquistão,Q16661634,http://www.wikidata.org/entity/Q56368749,0,296,,52.845394,76.595207
KAZ,Cazaquistão,Q16661632,http://www.wikidata.org/entity/Q16700985,0,515,,49.706165,76.224468
KAZ,Cazaquistão,Q16661639,http://www.wikidata.org/entity/Q1377553,0,113,,53.41555556,61.3325
KAZ,Cazaquistão,Q16661637,http://www.wikidata.org/entity/Q2554487,0,232,,42.59472222,68.60722222
KAZ,Cazaquistão,Q16661643,http://www.wikidata.org/entity/Q12529007,0,53,,50.40020556,65.54894444
KAZ,Cazaquistão,Q16661641,http://www.wikidata.org/entity/Q12533509,0,338,,53.70536111,63.01128333
KAZ,Cazaquistão,Q16661645,http://www.wikidata.org/entity/Q16700988,0,861,,49.788136,73.480067
KAZ,Cazaquistão,Q16661648,http://www.wikidata.org/entity/Q25396986,0,492,,53.214463,75.431085
KAZ,Cazaquistão,Q16661655,http://www.wikidata.org/entity/Q2554556,0,2114,,44.144399,68.113332
KAZ,Cazaquistão,Q16661652,http://www.wikidata.org/entity/Q2554428,0,3114,,42.87861111,68.92055556
KAZ,Cazaquistão,Q16661666,http://www.wikidata.org/entity/Q793969,0,107,,54.06638889,64.13416667
KAZ,Cazaquistão,Q16661678,http://www.wikidata.org/entity/Q12549975,0,301,,49.253325,72.975304
KAZ,Cazaquistão,Q16661676,http://www.wikidata.org/entity/Q2726480,0,49,,48.75361111,71.87972222
KAZ,Cazaquistão,Q16661682,http://www.wikidata.org/entity/Q12570277,0,209,,48.912135,73.337921
KAZ,Cazaquistão,Q16661680,http://www.wikidata.org/entity/Q30972163,0,916,,52.54754444,65.81911944
KAZ,Cazaquistão,Q16661739,http://www.wikidata.org/entity/Q13488960,0,126,,51.05251,73.951535
KAZ,Cazaquistão,Q16661737,http://www.wikidata.org/entity/Q483322,0,871,,48.854166666667,63.911944444444
KAZ,Cazaquistão,Q16661743,http://www.wikidata.org/entity/Q56368498,0,254,,53.021438888889,76.25085
KAZ,Cazaquistão,Q16661741,http://www.wikidata.org/entity/Q56367632,0,131,,52.755776,74.352794
KAZ,Cazaquistão,Q16661775,http://www.wikidata.org/entity/Q2554534,0,415,,53.515103,77.394205
KAZ,Cazaquistão,Q16661779,http://www.wikidata.org/entity/Q964566,0,35,,53.81056,65.00639
KAZ,Cazaquistão,Q16661777,http://www.wikidata.org/entity/Q12556685,0,120,,48.31337,74.51103
KAZ,Cazaquistão,Q16661783,http://www.wikidata.org/entity/Q980931,0,30,,47.6825,60.17277778
KAZ,Cazaquistão,Q16661781,http://www.wikidata.org/entity/Q75251,0,46,,53.43531,76.219183
KAZ,Cazaquistão,Q16661787,http://www.wikidata.org/entity/Q522660,0,529,,42.83222222,69.74222222
KAZ,Cazaquistão,Q16661785,http://www.wikidata.org/entity/Q2554452,0,293,,41.328611111111,68.733333333333
KAZ,Cazaquistão,Q16661798,http://www.wikidata.org/entity/Q20098493,0,140,,45.97,61.018333333333
KAZ,Cazaquistão,Q16661796,http://www.wikidata.org/entity/Q964566,0,1,,54.02,65.53027778
KAZ,Cazaquistão,Q16661803,http://www.wikidata.org/entity/Q2554452,0,1901,,41.079175,68.676199
KAZ,Cazaquistão,Q16661800,http://www.wikidata.org/entity/Q574486,0,6011,,42.28138889,69.64527778
KAZ,Cazaquistão,Q16661807,http://www.wikidata.org/entity/Q56368743,0,244,,52.007777777778,77.188888888889
KAZ,Cazaquistão,Q16661805,http://www.wikidata.org/entity/Q1315785,0,349,,43.0734,67.94769
KAZ,Cazaquistão,Q16661811,http://www.wikidata.org/entity/Q61366342,0,433,,50.162,75.20245
KAZ,Cazaquistão,Q16661809,http://www.wikidata.org/entity/Q964566,0,8,,54.14611111,66.10361111
KAZ,Cazaquistão,Q16661821,http://www.wikidata.org/entity/Q20098498,0,1322,,44.90638889,65.52277778
KAZ,Cazaquistão,Q16661835,http://www.wikidata.org/entity/Q2550413,0,0,,50.86555556,56.8075
KAZ,Cazaquistão,Q16661839,http://www.wikidata.org/entity/Q1377553,0,76,,53.41666667,62.25944444
KAZ,Cazaquistão,Q16661855,http://www.wikidata.org/entity/Q12577566,0,88,,50.15636944,65.30646111
KAZ,Cazaquistão,Q16661853,http://www.wikidata.org/entity/Q20098254,0,541,,46.0725,61.08916667
KAZ,Cazaquistão,Q16661859,http://www.wikidata.org/entity/Q1315785,0,6880,,43.37061,68.28105
KAZ,Cazaquistão,Q16661857,http://www.wikidata.org/entity/Q2448467,0,589,,50.556361,74.673286
KAZ,Cazaquistão,Q16662211,http://www.wikidata.org/entity/Q12575168,0,950,,43.128864,70.344636
KAZ,Cazaquistão,Q16662219,http://www.wikidata.org/entity/Q25505487,0,1468,,54.13333333,64.12472222
KAZ,Cazaquistão,Q16662265,http://www.wikidata.org/entity/Q574486,0,4342,,42.479021,69.635127
KAZ,Cazaquistão,Q16662707,http://www.wikidata.org/entity/Q20098538,0,1220,,45.26363056,61.75607778
KAZ,Cazaquistão,Q16662726,http://www.wikidata.org/entity/Q2726410,0,64,,43.67111111,67.41777778
KAZ,Cazaquistão,Q16662728,http://www.wikidata.org/entity/Q2554452,0,1735,,41.262466,69.022976
KAZ,Cazaquistão,Q16662769,http://www.wikidata.org/entity/Q2565597,0,0,,52.58527778,68.41722222
KAZ,Cazaquistão,Q16662842,http://www.wikidata.org/entity/Q20098467,0,185,,43.28944444,67.64055556
KAZ,Cazaquistão,Q16663010,http://www.wikidata.org/entity/Q1370228,0,1039,,41.728537,69.390678
KAZ,Cazaquistão,Q16663008,http://www.wikidata.org/entity/Q2726480,0,122,,48.57841,70.219885
KAZ,Cazaquistão,Q16663018,http://www.wikidata.org/entity/Q20098512,0,860,,43.83055556,67.27138889
KAZ,Cazaquistão,Q16663039,http://www.wikidata.org/entity/Q20098581,0,79,,43.91277778,62.59777778
KAZ,Cazaquistão,Q16663070,http://www.wikidata.org/entity/Q2554511,0,555,,42.46958,70.027024
KAZ,Cazaquistão,Q16663078,http://www.wikidata.org/entity/Q2476619,0,187,,50.23326111,65.26125833
KAZ,Cazaquistão,Q16663080,http://www.wikidata.org/entity/Q2554428,0,198,,42.81111111,68.9375
KAZ,Cazaquistão,Q16663088,http://www.wikidata.org/entity/Q2632749,0,17,,45.75805556,63.74805556
KAZ,Cazaquistão,Q16663112,http://www.wikidata.org/entity/Q12561193,0,122,,47.764498,75.161802
KAZ,Cazaquistão,Q16663118,http://www.wikidata.org/entity/Q20098237,0,1383,,43.67611111,67.78638889
KAZ,Cazaquistão,Q16663116,http://www.wikidata.org/entity/Q16432480,0,982,,54.09972222,63.07583333
KAZ,Cazaquistão,Q16663123,http://www.wikidata.org/entity/Q522660,0,783,,42.92388889,69.52888889
KAZ,Cazaquistão,Q16663120,http://www.wikidata.org/entity/Q25396986,0,55,,53.232191,75.557943
KAZ,Cazaquistão,Q16663125,http://www.wikidata.org/entity/Q522660,0,1777,,43.03143056,69.60702778
KAZ,Cazaquistão,Q16663135,http://www.wikidata.org/entity/Q2726480,0,316,,47.918212,69.875615
KAZ,Cazaquistão,Q16663133,http://www.wikidata.org/entity/Q12549159,0,95,,49.910279,70.755801
KAZ,Cazaquistão,Q16663160,http://www.wikidata.org/entity/Q522660,0,662,,42.8875,70.14555556
KAZ,Cazaquistão,Q16663164,http://www.wikidata.org/entity/Q12576632,0,137,,49.232171,75.862298
KAZ,Cazaquistão,Q16663185,http://www.wikidata.org/entity/Q2554452,0,1531,,41.372222222222,69.001388888889
KAZ,Cazaquistão,Q16663205,http://www.wikidata.org/entity/Q2556261,0,206,,43.97944444,79.82
KAZ,Cazaquistão,Q16663225,http://www.wikidata.org/entity/Q13476991,0,1020,,49.956853,71.580634
KAZ,Cazaquistão,Q16663231,http://www.wikidata.org/entity/Q2554511,0,1765,,42.49539722,69.98180556
KAZ,Cazaquistão,Q16663259,http://www.wikidata.org/entity/Q2554511,0,721,,42.561823,69.992222
KAZ,Cazaquistão,Q16663294,http://www.wikidata.org/entity/Q1249579,0,16,,51.72027778,64.32416667
KAZ,Cazaquistão,Q16663616,http://www.wikidata.org/entity/Q1427082,0,232,,52.54371667,64.80265833
KAZ,Cazaquistão,Q16666356,http://www.wikidata.org/entity/Q58179,0,71,,53.594695,75.071111
KAZ,Cazaquistão,Q16671675,http://www.wikidata.org/entity/Q2476538,0,0,,53.15694444,64.82777778
KAZ,Cazaquistão,Q16671796,http://www.wikidata.org/entity/Q12549976,0,135,,54.20055556,64.70805556
KAZ,Cazaquistão,Q16671970,http://www.wikidata.org/entity/Q56368524,0,831,,53.294003,77.767568
KAZ,Cazaquistão,Q16672056,http://www.wikidata.org/entity/Q619361,0,0,,53.06805556,62.93305556
KAZ,Cazaquistão,Q16672291,http://www.wikidata.org/entity/Q56368484,0,59,,53.086498,75.962291
KAZ,Cazaquistão,Q16672293,http://www.wikidata.org/entity/Q793969,0,0,,53.65305556,63.87
KAZ,Cazaquistão,Q16672297,http://www.wikidata.org/entity/Q431619,0,0,,52.70527778,63.15555556
KAZ,Cazaquistão,Q16672592,http://www.wikidata.org/entity/Q2550358,0,0,,50.9425,58.20916667
KAZ,Cazaquistão,Q16672644,http://www.wikidata.org/entity/Q12538364,0,227,,53.50861111,63.10361111
KAZ,Cazaquistão,Q16672695,http://www.wikidata.org/entity/Q56368486,0,577,,53.245701,76.501566
KAZ,Cazaquistão,Q16672693,http://www.wikidata.org/entity/Q30969500,0,244,,52.16861111,61.47972222
KAZ,Cazaquistão,Q16672774,http://www.wikidata.org/entity/Q12552101,0,1226,,52.46688056,65.36122222
KAZ,Cazaquistão,Q16674242,http://www.wikidata.org/entity/Q509303,0,570,,52.235632,77.598653
KAZ,Cazaquistão,Q16683881,http://www.wikidata.org/entity/Q509303,0,0,,52.379931,77.350185
KAZ,Cazaquistão,Q16685580,http://www.wikidata.org/entity/Q12559095,0,170,,54.590815,65.537553
KAZ,Cazaquistão,Q16685584,http://www.wikidata.org/entity/Q2030615,0,0,,52.16611111,71.83166667
KAZ,Cazaquistão,Q16685603,http://www.wikidata.org/entity/Q30974949,0,965,,52.75114722,64.26676944
KAZ,Cazaquistão,Q16685601,http://www.wikidata.org/entity/Q30972245,0,571,,52.98805556,64.11
KAZ,Cazaquistão,Q16685607,http://www.wikidata.org/entity/Q1377553,0,99,,53.45213889,61.39912222
KAZ,Cazaquistão,Q16685605,http://www.wikidata.org/entity/Q1510481,0,41,,52.68072222,60.95101667
KAZ,Cazaquistão,Q16685611,http://www.wikidata.org/entity/Q30974532,0,2217,,53.80555556,64.15111111
KAZ,Cazaquistão,Q16685609,http://www.wikidata.org/entity/Q737748,0,0,,50.41083333,73.27027778
KAZ,Cazaquistão,Q16685615,http://www.wikidata.org/entity/Q29583137,0,889,,53.37041944,62.48172778
KAZ,Cazaquistão,Q16685613,http://www.wikidata.org/entity/Q56368496,0,198,,53.447222,75.768743
KAZ,Cazaquistão,Q16685627,http://www.wikidata.org/entity/Q22202143,0,704,,44.61777778,66.09444444
KAZ,Cazaquistão,Q16685725,http://www.wikidata.org/entity/Q12558544,0,1706,,52.54016944,62.08246111
KAZ,Cazaquistão,Q16685932,http://www.wikidata.org/entity/Q30969363,0,502,,53.00083333,63.30972222
KAZ,Cazaquistão,Q16686005,http://www.wikidata.org/entity/Q12559095,0,214,,54.45916667,65.39722222
KAZ,Cazaquistão,Q16686010,http://www.wikidata.org/entity/Q1377553,0,41,,53.47879167,61.88628611
KAZ,Cazaquistão,Q16686014,http://www.wikidata.org/entity/Q75251,0,1240,,53.000277777778,76.285
KAZ,Cazaquistão,Q16686012,http://www.wikidata.org/entity/Q56368498,0,1586,,52.997327,76.305858
KAZ,Cazaquistão,Q16686121,http://www.wikidata.org/entity/Q12558653,0,1931,,50.09972222,73.50555556
KAZ,Cazaquistão,Q16686177,http://www.wikidata.org/entity/Q56368469,0,330,,53.959873,76.571003
KAZ,Cazaquistão,Q16686654,http://www.wikidata.org/entity/Q30974407,0,103,,52.94953611,61.56136667
KAZ,Cazaquistão,Q16686659,http://www.wikidata.org/entity/Q30969617,0,163,,54.01138889,61.6875
KAZ,Cazaquistão,Q16686656,http://www.wikidata.org/entity/Q1650873,0,0,,53.85111111,62.835
KAZ,Cazaquistão,Q16686671,http://www.wikidata.org/entity/Q2556291,0,0,,52.73638889,68.89611111
KAZ,Cazaquistão,Q16686709,http://www.wikidata.org/entity/Q56368742,0,274,,52.10608,77.09466
KAZ,Cazaquistão,Q16686713,http://www.wikidata.org/entity/Q2726493,0,53,,48.383191,72.863638
KAZ,Cazaquistão,Q16686778,http://www.wikidata.org/entity/Q26218162,0,527,,52.27845833,62.29201111
KAZ,Cazaquistão,Q16686779,http://www.wikidata.org/entity/Q56368492,0,163,,53.623772,77.1464
KAZ,Cazaquistão,Q16686784,http://www.wikidata.org/entity/Q431619,0,0,,52.69527778,63.35527778
KAZ,Cazaquistão,Q16686844,http://www.wikidata.org/entity/Q12574799,0,86,,49.606205,72.702785
KAZ,Cazaquistão,Q16686886,http://www.wikidata.org/entity/Q619361,0,785,,52.86995833,63.62511944
KAZ,Cazaquistão,Q16686904,http://www.wikidata.org/entity/Q16431402,0,162,,53.6725,62.31472222
KAZ,Cazaquistão,Q16686918,http://www.wikidata.org/entity/Q2632718,0,132,,44.10166667,66.87194444
KAZ,Cazaquistão,Q16689892,http://www.wikidata.org/entity/Q2605432,0,34,,41.283773,67.907743
KAZ,Cazaquistão,Q16690033,http://www.wikidata.org/entity/Q56368464,0,205,,53.368223,75.547214
KAZ,Cazaquistão,Q16690349,http://www.wikidata.org/entity/Q56368527,0,384,,52.784337,77.258335
KAZ,Cazaquistão,Q16690630,http://www.wikidata.org/entity/Q56368468,0,104,,53.84007,75.248008
KAZ,Cazaquistão,Q16690635,http://www.wikidata.org/entity/Q26161249,0,1175,,51.46521389,63.18784722
KAZ,Cazaquistão,Q16690728,http://www.wikidata.org/entity/Q56367639,0,103,,52.764658,75.451255
KAZ,Cazaquistão,Q16690814,http://www.wikidata.org/entity/Q740832,0,9,,48.181311,68.94639
KAZ,Cazaquistão,Q16690819,http://www.wikidata.org/entity/Q740832,0,18,,48.140547,68.800993
KAZ,Cazaquistão,Q16690821,http://www.wikidata.org/entity/Q740832,0,5,,48.096999,68.651991
KAZ,Cazaquistão,Q16690824,http://www.wikidata.org/entity/Q740832,0,4,,48.009444444444,68.349722222222
KAZ,Cazaquistão,Q16690836,http://www.wikidata.org/entity/Q740832,0,30,,47.966594,68.210235
KAZ,Cazaquistão,Q16693090,http://www.wikidata.org/entity/Q793969,0,74,,53.73046944,63.97128611
KAZ,Cazaquistão,Q16693222,http://www.wikidata.org/entity/Q30974457,0,279,,53.25361111,63.89277778
KAZ,Cazaquistão,Q16693220,http://www.wikidata.org/entity/Q31195831,0,235,,53.64833333,62.00194444
KAZ,Cazaquistão,Q16693238,http://www.wikidata.org/entity/Q740832,0,4,,47.984579,67.713153
KAZ,Cazaquistão,Q16693314,http://www.wikidata.org/entity/Q2554511,0,999,,42.519456,70.196918
KAZ,Cazaquistão,Q16693318,http://www.wikidata.org/entity/Q619361,0,486,,52.98518333,63.62368333
KAZ,Cazaquistão,Q16693427,http://www.wikidata.org/entity/Q12560421,0,870,,54.06331111,65.55491667
KAZ,Cazaquistão,Q16693431,http://www.wikidata.org/entity/Q30969859,0,312,,53.33516667,63.42367222
KAZ,Cazaquistão,Q16693758,http://www.wikidata.org/entity/Q16432055,0,505,,50.47722222,64.26166667
KAZ,Cazaquistão,Q16693803,http://www.wikidata.org/entity/Q16695922,0,391,,50.02844722,73.55482778
KAZ,Cazaquistão,Q16693804,http://www.wikidata.org/entity/Q30974455,0,1986,,53.10376111,63.60045278
KAZ,Cazaquistão,Q16693813,http://www.wikidata.org/entity/Q30969873,0,2947,,53.023375,63.46880556
KAZ,Cazaquistão,Q16693835,http://www.wikidata.org/entity/Q20098150,0,182,,43.78777778,53.05611111
KAZ,Cazaquistão,Q16693843,http://www.wikidata.org/entity/Q16691642,0,76,,43.56027778,77.64777778
KAZ,Cazaquistão,Q16694083,http://www.wikidata.org/entity/Q1377553,0,87,,53.57035833,61.26909167
KAZ,Cazaquistão,Q16698711,http://www.wikidata.org/entity/Q431619,0,303,,52.130538,62.703066
KAZ,Cazaquistão,Q16698708,http://www.wikidata.org/entity/Q2632749,0,35,,45.22333333,64.135
KAZ,Cazaquistão,Q16698819,http://www.wikidata.org/entity/Q4812946,0,0,,51.93722222,68.33361111
KAZ,Cazaquistão,Q16698821,http://www.wikidata.org/entity/Q31195831,0,1071,,53.61008056,62.185975
KAZ,Cazaquistão,Q16698954,http://www.wikidata.org/entity/Q1010136,0,0,,52.97111111,65.865
KAZ,Cazaquistão,Q16699713,http://www.wikidata.org/entity/Q976752,0,25,,45.70972222,62.86611111
KAZ,Cazaquistão,Q16699981,http://www.wikidata.org/entity/Q2476575,0,20,,52.70156,76.45248
KAZ,Cazaquistão,Q16700049,http://www.wikidata.org/entity/Q2554428,0,1144,,42.89972222,68.99916667
KAZ,Cazaquistão,Q16701643,http://www.wikidata.org/entity/Q2726463,0,66,,49.890681,72.928208
KAZ,Cazaquistão,Q16703470,http://www.wikidata.org/entity/Q619361,0,243,,53.61055556,63.45222222
KAZ,Cazaquistão,Q16703723,http://www.wikidata.org/entity/Q2554556,0,697,,43.976912,68.543136
KAZ,Cazaquistão,Q16703750,http://www.wikidata.org/entity/Q1370228,0,2324,,41.890458,69.566803
KAZ,Cazaquistão,Q16703767,http://www.wikidata.org/entity/Q22201714,0,3861,,42.41611,68.7811
KAZ,Cazaquistão,Q16703765,http://www.wikidata.org/entity/Q2554487,0,342,,42.508333333333,68.238888888889
KAZ,Cazaquistão,Q16703901,http://www.wikidata.org/entity/Q2605432,0,2744,,41.943085,68.093934
KAZ,Cazaquistão,Q16704013,http://www.wikidata.org/entity/Q61366341,0,84,,50.543311,76.277755
KAZ,Cazaquistão,Q16704083,http://www.wikidata.org/entity/Q2554534,0,569,,52.712535,77.454801
KAZ,Cazaquistão,Q16704091,http://www.wikidata.org/entity/Q1510481,0,70,,52.62083333,61.52111111
KAZ,Cazaquistão,Q16704135,http://www.wikidata.org/entity/Q30972193,0,845,,53.27696389,65.65115278
KAZ,Cazaquistão,Q16704187,http://www.wikidata.org/entity/Q2476575,0,0,,52.72444,75.83518
KAZ,Cazaquistão,Q16704191,http://www.wikidata.org/entity/Q12575802,0,81,,43.07166667,73.12027778
KAZ,Cazaquistão,Q16704189,http://www.wikidata.org/entity/Q2554556,0,608,,45.208922,67.534481
KAZ,Cazaquistão,Q16704224,http://www.wikidata.org/entity/Q793969,0,714,,54.305,64.97722222
KAZ,Cazaquistão,Q16704268,http://www.wikidata.org/entity/Q56368778,0,310,,52.091742,78.063083
KAZ,Cazaquistão,Q16704274,http://www.wikidata.org/entity/Q22202228,0,2143,,44.05555556,67.0675
KAZ,Cazaquistão,Q16704298,http://www.wikidata.org/entity/Q740832,0,797,,47.671803,67.862964
KAZ,Cazaquistão,Q16704302,http://www.wikidata.org/entity/Q522660,0,623,,42.70222222,69.79444444
KAZ,Cazaquistão,Q16704300,http://www.wikidata.org/entity/Q20098659,0,311,,43.64527778,67.52888889
KAZ,Cazaquistão,Q16704306,http://www.wikidata.org/entity/Q1377553,0,128,,53.63881667,61.33697778
KAZ,Cazaquistão,Q16704310,http://www.wikidata.org/entity/Q793969,0,47,,54.17055556,64.57666667
KAZ,Cazaquistão,Q16704308,http://www.wikidata.org/entity/Q30974454,0,346,,53.05426111,63.72844444
KAZ,Cazaquistão,Q16704622,http://www.wikidata.org/entity/Q2736634,0,0,,51.05694444,51.86611111
KAZ,Cazaquistão,Q16704790,http://www.wikidata.org/entity/Q12535087,0,272,,50.024891,72.752831
KAZ,Cazaquistão,Q16704788,http://www.wikidata.org/entity/Q22202772,0,548,,45.356307,61.879156
KAZ,Cazaquistão,Q16704797,http://www.wikidata.org/entity/Q16690029,0,79,,49.543611111111,72.626666666667
KAZ,Cazaquistão,Q16704812,http://www.wikidata.org/entity/Q2554556,0,23,,43.444663,69.281795
KAZ,Cazaquistão,Q16704818,http://www.wikidata.org/entity/Q522660,0,489,,42.90277778,69.17694444
KAZ,Cazaquistão,Q16704820,http://www.wikidata.org/entity/Q2554452,0,656,,41.555328,68.903968
KAZ,Cazaquistão,Q16704869,http://www.wikidata.org/entity/Q1377553,0,177,,53.39833333,61.83694444
KAZ,Cazaquistão,Q16705333,http://www.wikidata.org/entity/Q1650873,0,0,,53.72583333,62.20888889
KAZ,Cazaquistão,Q16706543,http://www.wikidata.org/entity/Q1650873,0,51,,53.93766389,62.459825
KAZ,Cazaquistão,Q16706549,http://www.wikidata.org/entity/Q2726480,0,1882,,48.37222222,69.99388889
KAZ,Cazaquistão,Q16706555,http://www.wikidata.org/entity/Q12566148,0,1113,,49.879067,73.578308
KAZ,Cazaquistão,Q16706587,http://www.wikidata.org/entity/Q20098403,0,868,,46.821625,62.30005278
KAZ,Cazaquistão,Q16708855,http://www.wikidata.org/entity/Q2554452,0,1001,,41.51895,69.333455555556
KAZ,Cazaquistão,Q16708862,http://www.wikidata.org/entity/Q2554452,0,245,,41.495277777778,69.316666666667
KAZ,Cazaquistão,Q16708932,http://www.wikidata.org/entity/Q2668108,0,127,,47.858152,69.06013
KAZ,Cazaquistão,Q16708944,http://www.wikidata.org/entity/Q2554511,0,10802,,42.49016667,70.29002778
KAZ,Cazaquistão,Q16708998,http://www.wikidata.org/entity/Q1010136,0,2,,52.18305556,65.44694444
KAZ,Cazaquistão,Q16708996,http://www.wikidata.org/entity/Q1010136,0,158,,52.726676,65.805259
KAZ,Cazaquistão,Q16709219,http://www.wikidata.org/entity/Q30969552,0,132,,52.679036,62.779641
KAZ,Cazaquistão,Q16709248,http://www.wikidata.org/entity/Q1370228,0,121,,41.91388889,70.01638889
KAZ,Cazaquistão,Q16709475,http://www.wikidata.org/entity/Q61366400,0,720,,50.807725,74.264574
KAZ,Cazaquistão,Q16709481,http://www.wikidata.org/entity/Q25504818,0,1019,,54.32319444,64.30010556
KAZ,Cazaquistão,Q16709486,http://www.wikidata.org/entity/Q16432055,0,174,,50.46694444,64.25694444
KAZ,Cazaquistão,Q16709494,http://www.wikidata.org/entity/Q58179,0,686,,53.306775,74.688306
KAZ,Cazaquistão,Q16709492,http://www.wikidata.org/entity/Q2554487,0,26,,42.969586,68.35187
KAZ,Cazaquistão,Q16709524,http://www.wikidata.org/entity/Q964566,0,42,,53.81972222,65.56527778
KAZ,Cazaquistão,Q16709532,http://www.wikidata.org/entity/Q20098501,0,144,,45.79416667,62.24
KAZ,Cazaquistão,Q16709549,http://www.wikidata.org/entity/Q27490453,0,181,,54.173639,65.489066
KAZ,Cazaquistão,Q16709661,http://www.wikidata.org/entity/Q1370228,0,2869,,41.93,69.63
KAZ,Cazaquistão,Q16709667,http://www.wikidata.org/entity/Q30969426,0,766,,51.541744,63.693895
KAZ,Cazaquistão,Q16709886,http://www.wikidata.org/entity/Q12577526,0,250,,50.324615,74.094107
KAZ,Cazaquistão,Q16709892,http://www.wikidata.org/entity/Q1315785,0,619,,43.5376,68.13377
KAZ,Cazaquistão,Q16711371,http://www.wikidata.org/entity/Q75251,0,873,,53.371142,76.312996
KAZ,Cazaquistão,Q16712710,http://www.wikidata.org/entity/Q75251,0,512,,53.261054,76.714855
KAZ,Cazaquistão,Q16713186,http://www.wikidata.org/entity/Q431619,0,38,,52.84444444,62.88916667
KAZ,Cazaquistão,Q16713597,http://www.wikidata.org/entity/Q2476575,0,526,,52.79944444,75.96388889
KAZ,Cazaquistão,Q16715321,http://www.wikidata.org/entity/Q1010136,0,1123,,52.18672778,65.72563333
KAZ,Cazaquistão,Q16715439,http://www.wikidata.org/entity/Q13483984,0,488,,50.64111111,72.84944444
KAZ,Cazaquistão,Q16715537,http://www.wikidata.org/entity/Q12556416,0,495,,53.602896,75.916887
KAZ,Cazaquistão,Q16716177,http://www.wikidata.org/entity/Q12569428,0,1676,,52.38166667,61.10722222
KAZ,Cazaquistão,Q16718206,http://www.wikidata.org/entity/Q12533509,0,676,,53.725278,62.967778
KAZ,Cazaquistão,Q16718286,http://www.wikidata.org/entity/Q2554498,0,538,,52.01361111,78.31972222
KAZ,Cazaquistão,Q16718329,http://www.wikidata.org/entity/Q30974953,0,199,,52.21945833,64.42756667
KAZ,Cazaquistão,Q16718337,http://www.wikidata.org/entity/Q2565654,0,0,,52.04055556,72.99416667
KAZ,Cazaquistão,Q16718372,http://www.wikidata.org/entity/Q1315785,0,1990,,43.40629,68.26423
KAZ,Cazaquistão,Q16718400,http://www.wikidata.org/entity/Q574486,0,1613,,42.47988611,69.68271111
KAZ,Cazaquistão,Q16718446,http://www.wikidata.org/entity/Q2554534,0,43,,52.844565,77.808509
KAZ,Cazaquistão,Q16718461,http://www.wikidata.org/entity/Q1650873,0,509,,53.76308889,63.15149167
KAZ,Cazaquistão,Q16718501,http://www.wikidata.org/entity/Q2554452,0,2942,,41.466785,69.232736
KAZ,Cazaquistão,Q16718509,http://www.wikidata.org/entity/Q12560834,0,353,,50.09960278,72.87390556
KAZ,Cazaquistão,Q16718601,http://www.wikidata.org/entity/Q2554428,0,3539,,42.58611111,69.35388889
KAZ,Cazaquistão,Q16718916,http://www.wikidata.org/entity/Q47982,0,1100,,51.721818,77.531019
KAZ,Cazaquistão,Q16718967,http://www.wikidata.org/entity/Q12569573,0,563,,48.40233056,75.39375
KAZ,Cazaquistão,Q16718977,http://www.wikidata.org/entity/Q65252717,0,285,,51.647424,77.574621
KAZ,Cazaquistão,Q16718998,http://www.wikidata.org/entity/Q2605432,0,29,,41.882392,67.839472
KAZ,Cazaquistão,Q16719025,http://www.wikidata.org/entity/Q2554556,0,412,,44.13922,68.18664
KAZ,Cazaquistão,Q16719035,http://www.wikidata.org/entity/Q1427082,0,18,,52.05651667,64.71323056
KAZ,Cazaquistão,Q16719050,http://www.wikidata.org/entity/Q20098691,0,879,,42.16786,68.97233
KAZ,Cazaquistão,Q16719074,http://www.wikidata.org/entity/Q30969635,0,357,,54.03149167,62.03454444
KAZ,Cazaquistão,Q16719273,http://www.wikidata.org/entity/Q1370228,0,1365,,42.10136944,69.21945
KAZ,Cazaquistão,Q16719370,http://www.wikidata.org/entity/Q574486,0,468,,42.489118,69.71506
KAZ,Cazaquistão,Q16719368,http://www.wikidata.org/entity/Q574486,0,3800,,42.293726,69.915489
KAZ,Cazaquistão,Q16719395,http://www.wikidata.org/entity/Q2554511,0,734,,42.581388888889,70.116111111111
KAZ,Cazaquistão,Q16719393,http://www.wikidata.org/entity/Q1370228,0,3901,,41.87378,69.44046
KAZ,Cazaquistão,Q16719400,http://www.wikidata.org/entity/Q56368803,0,1089,,51.38978,78.28994
KAZ,Cazaquistão,Q16720234,http://www.wikidata.org/entity/Q30974380,0,466,,50.461657,62.797995
KAZ,Cazaquistão,Q16720232,http://www.wikidata.org/entity/Q30974382,0,697,,51.58993333,64.74283889
KAZ,Cazaquistão,Q16720236,http://www.wikidata.org/entity/Q22204639,0,247,,46.62222222,62.72944444
KAZ,Cazaquistão,Q16720246,http://www.wikidata.org/entity/Q56367633,0,126,,52.872083,74.645649
KAZ,Cazaquistão,Q16720285,http://www.wikidata.org/entity/Q1377553,0,5,,53.25611111,61.77305556
KAZ,Cazaquistão,Q16720309,http://www.wikidata.org/entity/Q44486,0,0,,54.04276,75.846677
KAZ,Cazaquistão,Q16720746,http://www.wikidata.org/entity/Q12561227,0,134,,50.49978,72.989459
KAZ,Cazaquistão,Q16720756,http://www.wikidata.org/entity/Q30974457,0,171,,53.24731667,64.09045556
KAZ,Cazaquistão,Q16720762,http://www.wikidata.org/entity/Q12570550,0,1128,,43.82078,74.37501
KAZ,Cazaquistão,Q16720760,http://www.wikidata.org/entity/Q2476575,0,59,,52.92567,76.23344
KAZ,Cazaquistão,Q16720766,http://www.wikidata.org/entity/Q1315785,0,299,,43.40929,68.60446
KAZ,Cazaquistão,Q16720764,http://www.wikidata.org/entity/Q56368801,0,223,,51.797947,78.98833
KAZ,Cazaquistão,Q16720772,http://www.wikidata.org/entity/Q13476147,0,101,,49.234189,76.286952
KAZ,Cazaquistão,Q16720778,http://www.wikidata.org/entity/Q2476575,0,502,,52.70968,73.72375
KAZ,Cazaquistão,Q16720783,http://www.wikidata.org/entity/Q22204639,0,142,,46.372222222222,62.283333333333
KAZ,Cazaquistão,Q16720780,http://www.wikidata.org/entity/Q2554452,0,82,,41.653234,68.265704
KAZ,Cazaquistão,Q16720798,http://www.wikidata.org/entity/Q20098178,0,407,,46.408984,61.876359
KAZ,Cazaquistão,Q16720800,http://www.wikidata.org/entity/Q22200646,0,607,,45.92,61.67972222
KAZ,Cazaquistão,Q16720810,http://www.wikidata.org/entity/Q30972536,0,178,,50.806043,75.752792
KAZ,Cazaquistão,Q16720826,http://www.wikidata.org/entity/Q3274281,0,182,,49.11166667,73.46083333
KAZ,Cazaquistão,Q16721026,http://www.wikidata.org/entity/Q2554556,0,681,,44.81156,69.42398
KAZ,Cazaquistão,Q16721038,http://www.wikidata.org/entity/Q12573979,0,234,,49.74222222,63.57333333
KAZ,Cazaquistão,Q16721044,http://www.wikidata.org/entity/Q58179,0,17,,53.517451,74.90151
KAZ,Cazaquistão,Q16721099,http://www.wikidata.org/entity/Q56367633,0,291,,52.510005,75.019699
KAZ,Cazaquistão,Q16721117,http://www.wikidata.org/entity/Q1510481,0,98,,52.295,61.59
KAZ,Cazaquistão,Q16721125,http://www.wikidata.org/entity/Q522660,0,101,,42.94527778,69.98027778
KAZ,Cazaquistão,Q16721217,http://www.wikidata.org/entity/Q12576934,0,587,,50.266082,71.853755
KAZ,Cazaquistão,Q16721221,http://www.wikidata.org/entity/Q1510481,0,36,,52.26580556,61.90038333
KAZ,Cazaquistão,Q16721294,http://www.wikidata.org/entity/Q522660,0,453,,42.98833333,69.34388889
KAZ,Cazaquistão,Q16721297,http://www.wikidata.org/entity/Q485429,0,4044,,47.011513,75.127602
KAZ,Cazaquistão,Q16722375,http://www.wikidata.org/entity/Q12570550,0,271,,43.872297,74.140288
KAZ,Cazaquistão,Q16722557,http://www.wikidata.org/entity/Q56368499,0,142,,53.0765,76.05251
KAZ,Cazaquistão,Q16722693,http://www.wikidata.org/entity/Q30974953,0,1190,,52.11444722,64.26668889
KAZ,Cazaquistão,Q17125108,http://www.wikidata.org/entity/Q622780,0,0,,52.402,75.86093
KAZ,Cazaquistão,Q17450458,http://www.wikidata.org/entity/Q12564788,0,530,,43.35277778,73.58777778
KAZ,Cazaquistão,Q17458237,http://www.wikidata.org/entity/Q12574525,0,729,,44.450788888889,72.368538888889
KAZ,Cazaquistão,Q17485230,http://www.wikidata.org/entity/Q61367392,0,1656,,50.32980556,82.59069444
KAZ,Cazaquistão,Q17486757,http://www.wikidata.org/entity/Q2726381,0,2618,,49.71641667,81.58939722
KAZ,Cazaquistão,Q17517454,http://www.wikidata.org/entity/Q12536176,0,210,,42.97083333,71.565
KAZ,Cazaquistão,Q17531697,http://www.wikidata.org/entity/Q2550775,0,592,,48.638496,82.010515
KAZ,Cazaquistão,Q17532409,http://www.wikidata.org/entity/Q2550784,0,1506,,48.00916667,85.20472222
KAZ,Cazaquistão,Q17532529,http://www.wikidata.org/entity/Q61368060,0,749,,48.67515,83.49884
KAZ,Cazaquistão,Q17562675,http://www.wikidata.org/entity/Q61368186,0,24,,47.287624,84.492379
KAZ,Cazaquistão,Q17562678,http://www.wikidata.org/entity/Q61368186,0,136,,47.06217,84.72793
KAZ,Cazaquistão,Q17562676,http://www.wikidata.org/entity/Q61368186,0,491,,47.219932,84.550867
KAZ,Cazaquistão,Q17562680,http://www.wikidata.org/entity/Q61368186,0,115,,47.054167,84.48173
KAZ,Cazaquistão,Q17562686,http://www.wikidata.org/entity/Q61368145,0,507,,47.65799,84.93598
KAZ,Cazaquistão,Q17562687,http://www.wikidata.org/entity/Q61368145,0,459,,47.58,85.01166667
KAZ,Cazaquistão,Q17562689,http://www.wikidata.org/entity/Q61368145,0,1951,,47.623404,84.988131
KAZ,Cazaquistão,Q18396252,http://www.wikidata.org/entity/Q61944,0,638,,49.26467,77.63488
KAZ,Cazaquistão,Q18396271,http://www.wikidata.org/entity/Q58179,0,0,,53.004973,73.937958
KAZ,Cazaquistão,Q18396282,http://www.wikidata.org/entity/Q893317,0,93,,50.38638889,82.12829444
KAZ,Cazaquistão,Q18396314,http://www.wikidata.org/entity/Q2554567,0,737,,40.95638889,68.45694444
KAZ,Cazaquistão,Q18396319,http://www.wikidata.org/entity/Q12527274,0,215,,50.21981,81.76681
KAZ,Cazaquistão,Q18396322,http://www.wikidata.org/entity/Q2550754,0,758,,47.55869,80.82401
KAZ,Cazaquistão,Q18396323,http://www.wikidata.org/entity/Q2550754,0,99,,47.48798,80.60694
KAZ,Cazaquistão,Q18402062,http://www.wikidata.org/entity/Q16693901,0,746,,50.67403333,81.71035278
KAZ,Cazaquistão,Q18404787,http://www.wikidata.org/entity/Q61368751,0,49,,50.13642,82.26923
KAZ,Cazaquistão,Q18404797,http://www.wikidata.org/entity/Q2550775,0,681,,49.024784,83.57274
KAZ,Cazaquistão,Q18404804,http://www.wikidata.org/entity/Q703004,0,2,,51.79598056,62.38533611
KAZ,Cazaquistão,Q18405525,http://www.wikidata.org/entity/Q45708,0,0,,54.011628,72.369016
KAZ,Cazaquistão,Q18406208,http://www.wikidata.org/entity/Q75251,0,0,,53.38804,76.17782
KAZ,Cazaquistão,Q18407135,http://www.wikidata.org/entity/Q61368744,0,527,,49.98540833,82.25508333
KAZ,Cazaquistão,Q18407194,http://www.wikidata.org/entity/Q2550784,0,512,,48.574492,83.638122
KAZ,Cazaquistão,Q18407215,http://www.wikidata.org/entity/Q56368561,0,92,,52.0188,78.97642
KAZ,Cazaquistão,Q18407279,http://www.wikidata.org/entity/Q2550784,0,126,,48.69946,86.48489
KAZ,Cazaquistão,Q18407283,http://www.wikidata.org/entity/Q2550754,0,77,,47.771246,79.103201
KAZ,Cazaquistão,Q18407285,http://www.wikidata.org/entity/Q36156,0,104,,48.09161,80.45562
KAZ,Cazaquistão,Q18407291,http://www.wikidata.org/entity/Q2550775,0,186,,48.677658,81.78061
KAZ,Cazaquistão,Q18407288,http://www.wikidata.org/entity/Q2726381,0,144,,48.677658,81.78061
KAZ,Cazaquistão,Q18407294,http://www.wikidata.org/entity/Q613774,0,74,,47.894751,81.918622
KAZ,Cazaquistão,Q18407299,http://www.wikidata.org/entity/Q2550754,0,32,,48.26714,78.36805
KAZ,Cazaquistão,Q18407297,http://www.wikidata.org/entity/Q2550792,0,232,,49.248282,84.895563
KAZ,Cazaquistão,Q18407302,http://www.wikidata.org/entity/Q61368056,0,89,,48.39433,84.67403
KAZ,Cazaquistão,Q18407305,http://www.wikidata.org/entity/Q2550803,0,770,,46.956413,81.469163
KAZ,Cazaquistão,Q18407315,http://www.wikidata.org/entity/Q2726381,0,1104,,49.69978,81.507075
KAZ,Cazaquistão,Q18407343,http://www.wikidata.org/entity/Q13476313,0,86,,50.180704,77.254311
KAZ,Cazaquistão,Q18407357,http://www.wikidata.org/entity/Q25505448,0,159,,52.332874,77.251211
KAZ,Cazaquistão,Q18407368,http://www.wikidata.org/entity/Q431619,0,0,,52.6825,62.32916667
KAZ,Cazaquistão,Q18407377,http://www.wikidata.org/entity/Q613774,0,1581,,47.781407,82.738579
KAZ,Cazaquistão,Q18407405,http://www.wikidata.org/entity/Q2550775,0,344,,48.78108,82.43453
KAZ,Cazaquistão,Q18407420,http://www.wikidata.org/entity/Q75251,0,0,,53.34379,76.01697
KAZ,Cazaquistão,Q18407540,http://www.wikidata.org/entity/Q75251,0,0,,53.38333,76.797
KAZ,Cazaquistão,Q18408545,http://www.wikidata.org/entity/Q25577,0,0,,54.84104,69.56731
KAZ,Cazaquistão,Q18408790,http://www.wikidata.org/entity/Q61368060,0,195,,48.811555,83.809547
KAZ,Cazaquistão,Q18408789,http://www.wikidata.org/entity/Q2550775,0,131,,48.37108,82.88188
KAZ,Cazaquistão,Q18408795,http://www.wikidata.org/entity/Q61944,0,1888,,49.20055,77.384777
KAZ,Cazaquistão,Q18408797,http://www.wikidata.org/entity/Q2550775,0,125,,49.18462,83.28975
KAZ,Cazaquistão,Q18408857,http://www.wikidata.org/entity/Q21644875,0,769,,49.92391944,81.87560833
KAZ,Cazaquistão,Q18408873,http://www.wikidata.org/entity/Q61367398,0,331,,50.00611111,82.81694444
KAZ,Cazaquistão,Q18409042,http://www.wikidata.org/entity/Q509303,0,0,,52.843874,76.913822
KAZ,Cazaquistão,Q18409541,http://www.wikidata.org/entity/Q613774,0,129,,47.293071,83.032919
KAZ,Cazaquistão,Q18409550,http://www.wikidata.org/entity/Q12535774,0,52,,50.19444444,83.00555556
KAZ,Cazaquistão,Q18409549,http://www.wikidata.org/entity/Q2550754,0,75,,48.267248,80.503482
KAZ,Cazaquistão,Q18409560,http://www.wikidata.org/entity/Q61368062,0,391,,48.592917,83.621035
KAZ,Cazaquistão,Q18409566,http://www.wikidata.org/entity/Q61366620,0,735,,51.710943,74.183464
KAZ,Cazaquistão,Q18409567,http://www.wikidata.org/entity/Q61366727,0,104,,52.03064,76.24752
KAZ,Cazaquistão,Q18409569,http://www.wikidata.org/entity/Q2550784,0,430,,48.872619,86.282845
KAZ,Cazaquistão,Q18409572,http://www.wikidata.org/entity/Q58179,0,0,,53.19945,74.85774
KAZ,Cazaquistão,Q18409618,http://www.wikidata.org/entity/Q61368741,0,351,,49.93576,81.75235
KAZ,Cazaquistão,Q18409635,http://www.wikidata.org/entity/Q61368433,0,4744,,47.72845833,84.20470556
KAZ,Cazaquistão,Q18409660,http://www.wikidata.org/entity/Q703004,0,2,,51.61833333,61.61888889
KAZ,Cazaquistão,Q18409686,http://www.wikidata.org/entity/Q16700151,0,851,,50.31976944,81.73476944
KAZ,Cazaquistão,Q18409702,http://www.wikidata.org/entity/Q2550775,0,263,,48.623288,82.35692
KAZ,Cazaquistão,Q18409706,http://www.wikidata.org/entity/Q2726381,0,221,,49.56553,81.3256
KAZ,Cazaquistão,Q18409707,http://www.wikidata.org/entity/Q2550775,0,294,,48.89181,82.68877
KAZ,Cazaquistão,Q18409704,http://www.wikidata.org/entity/Q2726381,0,239,,49.98368,80.74539
KAZ,Cazaquistão,Q18409716,http://www.wikidata.org/entity/Q61368714,0,1147,,49.74134,82.22236
KAZ,Cazaquistão,Q18409823,http://www.wikidata.org/entity/Q12535774,0,68,,50.0255,82.84532
KAZ,Cazaquistão,Q19953196,http://www.wikidata.org/entity/Q509303,0,0,,52.183611111111,77.603888888889
KAZ,Cazaquistão,Q22343761,http://www.wikidata.org/entity/Q509303,0,0,,52.611349,77.339042
KAZ,Cazaquistão,Q18396334,http://www.wikidata.org/entity/Q622780,0,855,,52.224198,76.808681
KAZ,Cazaquistão,Q18396346,http://www.wikidata.org/entity/Q2550754,0,48,,47.41856,80.01926
KAZ,Cazaquistão,Q18396347,http://www.wikidata.org/entity/Q2550784,0,363,,48.46908,84.99989
KAZ,Cazaquistão,Q18396350,http://www.wikidata.org/entity/Q2726381,0,5463,,49.21499444,81.43215556
KAZ,Cazaquistão,Q18396348,http://www.wikidata.org/entity/Q61944,0,421,,49.165683,77.948599
KAZ,Cazaquistão,Q18396349,http://www.wikidata.org/entity/Q2550784,0,363,,48.597287,85.969015
KAZ,Cazaquistão,Q18396476,http://www.wikidata.org/entity/Q75251,0,0,,53.3197,75.77442
KAZ,Cazaquistão,Q18398763,http://www.wikidata.org/entity/Q56368947,0,1071,,51.508609,77.486007
KAZ,Cazaquistão,Q18398764,http://www.wikidata.org/entity/Q976752,0,0,,45.88166667,62.08583333
KAZ,Cazaquistão,Q18398765,http://www.wikidata.org/entity/Q16693901,0,439,,50.643473,81.696396
KAZ,Cazaquistão,Q18398770,http://www.wikidata.org/entity/Q2726381,0,46,,49.32949,81.27333
KAZ,Cazaquistão,Q18398984,http://www.wikidata.org/entity/Q2726381,0,611,,49.965577,81.124978
KAZ,Cazaquistão,Q18399030,http://www.wikidata.org/entity/Q61944,0,308,,50.26345,80.92941
KAZ,Cazaquistão,Q18399173,http://www.wikidata.org/entity/Q613774,0,190,,48.00833333,82.51388889
KAZ,Cazaquistão,Q18399183,http://www.wikidata.org/entity/Q61367348,0,1085,,50.196915,82.292361
KAZ,Cazaquistão,Q18399221,http://www.wikidata.org/entity/Q2726381,0,31,,49.48039,81.98581
KAZ,Cazaquistão,Q18399226,http://www.wikidata.org/entity/Q12526209,0,347,,48.68008056,84.34611944
KAZ,Cazaquistão,Q18399224,http://www.wikidata.org/entity/Q2550775,0,190,,48.781844,82.834675
KAZ,Cazaquistão,Q18399235,http://www.wikidata.org/entity/Q613774,0,120,,47.460315,82.838846
KAZ,Cazaquistão,Q18399232,http://www.wikidata.org/entity/Q2550792,0,302,,49.201784,84.661503
KAZ,Cazaquistão,Q18399274,http://www.wikidata.org/entity/Q613774,0,474,,47.8574,82.72499
KAZ,Cazaquistão,Q18399291,http://www.wikidata.org/entity/Q2550754,0,96,,48.15177,79.93669
KAZ,Cazaquistão,Q18399294,http://www.wikidata.org/entity/Q2550803,0,1478,,47.12388,81.94496
KAZ,Cazaquistão,Q18399342,http://www.wikidata.org/entity/Q2550754,0,64,,47.6315,81.45572
KAZ,Cazaquistão,Q18399355,http://www.wikidata.org/entity/Q16700784,0,1083,,50.490277777778,81.986666666667
KAZ,Cazaquistão,Q18399357,http://www.wikidata.org/entity/Q16700784,0,114,,50.49252222,81.95606944
KAZ,Cazaquistão,Q18399372,http://www.wikidata.org/entity/Q2550775,0,268,,48.64153,82.56637
KAZ,Cazaquistão,Q18399389,http://www.wikidata.org/entity/Q61368386,0,366,,47.845523,83.433352
KAZ,Cazaquistão,Q18399694,http://www.wikidata.org/entity/Q509303,0,0,,52.13686,77.60501
KAZ,Cazaquistão,Q18399995,http://www.wikidata.org/entity/Q75251,0,0,,53.38241,76.51874
KAZ,Cazaquistão,Q18400063,http://www.wikidata.org/entity/Q2466416,0,505,,51.126616,78.171748
KAZ,Cazaquistão,Q18400074,http://www.wikidata.org/entity/Q30516,0,0,,53.00466,73.022
KAZ,Cazaquistão,Q18400072,http://www.wikidata.org/entity/Q2550792,0,416,,49.147276,84.567297
KAZ,Cazaquistão,Q18400091,http://www.wikidata.org/entity/Q2726381,0,78,,49.066725,81.027088
KAZ,Cazaquistão,Q18400089,http://www.wikidata.org/entity/Q2726381,0,59,,49.15623,80.88855
KAZ,Cazaquistão,Q18400112,http://www.wikidata.org/entity/Q986100,0,42,,50.41399,83.50845
KAZ,Cazaquistão,Q18400117,http://www.wikidata.org/entity/Q16711225,0,597,,50.22574722,81.97876944
KAZ,Cazaquistão,Q18400126,http://www.wikidata.org/entity/Q2550803,0,1110,,47.193037,81.515722
KAZ,Cazaquistão,Q18400128,http://www.wikidata.org/entity/Q2550803,0,164,,46.1074,82.3118
KAZ,Cazaquistão,Q18400137,http://www.wikidata.org/entity/Q2550803,0,1295,,47.281878,81.157522
KAZ,Cazaquistão,Q18400173,http://www.wikidata.org/entity/Q56368942,0,1108,,51.7357,77.3248
KAZ,Cazaquistão,Q18400178,http://www.wikidata.org/entity/Q16694906,0,146,,50.557287,82.166383
KAZ,Cazaquistão,Q18400199,http://www.wikidata.org/entity/Q75251,0,0,,53.13112,76.28837
KAZ,Cazaquistão,Q18400341,http://www.wikidata.org/entity/Q509303,0,0,,52.18646,77.73256
KAZ,Cazaquistão,Q18400438,http://www.wikidata.org/entity/Q25577,0,0,,55.24449,69.00512
KAZ,Cazaquistão,Q18400463,http://www.wikidata.org/entity/Q2550792,0,0,,49.50699,85.24875
KAZ,Cazaquistão,Q18400467,http://www.wikidata.org/entity/Q2466416,0,310,,50.55877778,79.60151389
KAZ,Cazaquistão,Q18400470,http://www.wikidata.org/entity/Q2550784,0,109,,48.28,84.81582
KAZ,Cazaquistão,Q18400469,http://www.wikidata.org/entity/Q893317,0,502,,50.18126111,82.58613889
KAZ,Cazaquistão,Q18400486,http://www.wikidata.org/entity/Q16713990,0,289,,50.70146389,81.96834167
KAZ,Cazaquistão,Q18400556,http://www.wikidata.org/entity/Q2550784,0,296,,48.6740872,84.5166635
KAZ,Cazaquistão,Q18400566,http://www.wikidata.org/entity/Q2550746,0,0,,50.63237,81.2638
KAZ,Cazaquistão,Q18400573,http://www.wikidata.org/entity/Q4346361,0,69,,49.894357,84.07558
KAZ,Cazaquistão,Q18400615,http://www.wikidata.org/entity/Q61944,0,250,,50.14523,79.67388
KAZ,Cazaquistão,Q18400612,http://www.wikidata.org/entity/Q613774,0,243,,47.602222222222,82.166944444444
KAZ,Cazaquistão,Q18400626,http://www.wikidata.org/entity/Q2726381,0,611,,48.615247,81.215001
KAZ,Cazaquistão,Q18400627,http://www.wikidata.org/entity/Q16694906,0,274,,50.59163,82.11851
KAZ,Cazaquistão,Q18400630,http://www.wikidata.org/entity/Q61367342,0,1291,,50.235566,82.125657
KAZ,Cazaquistão,Q18400631,http://www.wikidata.org/entity/Q56368943,0,332,,51.22129,77.95589
KAZ,Cazaquistão,Q18400629,http://www.wikidata.org/entity/Q2550803,0,367,,47.01901389,82.24954167
KAZ,Cazaquistão,Q18400634,http://www.wikidata.org/entity/Q16721190,0,352,,50.60176,81.88762
KAZ,Cazaquistão,Q18400635,http://www.wikidata.org/entity/Q61366766,0,2030,,52.46176,76.66019
KAZ,Cazaquistão,Q18400633,http://www.wikidata.org/entity/Q61944,0,46,,49.2501,77.26976
KAZ,Cazaquistão,Q18400638,http://www.wikidata.org/entity/Q2726381,0,195,,48.915703,80.870554
KAZ,Cazaquistão,Q18400667,http://www.wikidata.org/entity/Q75251,0,0,,53.31816,76.36081
KAZ,Cazaquistão,Q18400682,http://www.wikidata.org/entity/Q12527274,0,324,,50.25483611,81.48589167
KAZ,Cazaquistão,Q18400861,http://www.wikidata.org/entity/Q4277624,0,171,,49.78785556,84.42438889
KAZ,Cazaquistão,Q18400890,http://www.wikidata.org/entity/Q61368777,0,53,,49.71227,83.02179
KAZ,Cazaquistão,Q18400907,http://www.wikidata.org/entity/Q4507215,0,347,,49.751894,84.072425
KAZ,Cazaquistão,Q18400946,http://www.wikidata.org/entity/Q509303,0,0,,52.772557,76.857221
KAZ,Cazaquistão,Q18401651,http://www.wikidata.org/entity/Q25577,0,0,,55.18431,69.69846
KAZ,Cazaquistão,Q18401781,http://www.wikidata.org/entity/Q75251,0,0,,53.2035,76.351584
KAZ,Cazaquistão,Q18401848,http://www.wikidata.org/entity/Q61368719,0,625,,49.44093056,83.05501389
KAZ,Cazaquistão,Q18401862,http://www.wikidata.org/entity/Q986100,0,108,,50.30393,83.52458
KAZ,Cazaquistão,Q18401868,http://www.wikidata.org/entity/Q2550792,0,28,,49.40874,85.2079
KAZ,Cazaquistão,Q18401875,http://www.wikidata.org/entity/Q58179,0,0,,53.231664,74.116756
KAZ,Cazaquistão,Q18401877,http://www.wikidata.org/entity/Q61367398,0,903,,49.976723,82.68351
KAZ,Cazaquistão,Q18401885,http://www.wikidata.org/entity/Q1010136,0,433,,52.28470556,65.36205833
KAZ,Cazaquistão,Q18401893,http://www.wikidata.org/entity/Q122969751,0,1129,,50.30683333,82.331
KAZ,Cazaquistão,Q18401909,http://www.wikidata.org/entity/Q2554498,0,29,,52.15956,78.24153
KAZ,Cazaquistão,Q18401921,http://www.wikidata.org/entity/Q12535774,0,56,,50.096027,82.835798
KAZ,Cazaquistão,Q18401980,http://www.wikidata.org/entity/Q61367386,0,31,,50.50087,82.67263
KAZ,Cazaquistão,Q18401998,http://www.wikidata.org/entity/Q2664367,0,608,,49.685875,84.34015278
KAZ,Cazaquistão,Q18402012,http://www.wikidata.org/entity/Q12535774,0,1426,,50.05541944,82.83227778
KAZ,Cazaquistão,Q18402034,http://www.wikidata.org/entity/Q622780,0,147,,52.52426,76.60388
KAZ,Cazaquistão,Q18402044,http://www.wikidata.org/entity/Q16713990,0,500,,50.67182222,82.06451389
KAZ,Cazaquistão,Q18402053,http://www.wikidata.org/entity/Q1099244,0,494,,49.25078,78.87187
KAZ,Cazaquistão,Q16274318,http://www.wikidata.org/entity/Q2632718,0,1788,,44.223055555556,66.735555555556
KAZ,Cazaquistão,Q16274316,http://www.wikidata.org/entity/Q13476153,0,1062,,49.344175,74.47047222
KAZ,Cazaquistão,Q16274322,http://www.wikidata.org/entity/Q12533657,0,89,,49.59921,69.764618
KAZ,Cazaquistão,Q16274320,http://www.wikidata.org/entity/Q2554487,0,148,,42.836593,68.04941
KAZ,Cazaquistão,Q16274649,http://www.wikidata.org/entity/Q2554428,0,4117,,42.73944444,68.97777778
KAZ,Cazaquistão,Q16274653,http://www.wikidata.org/entity/Q12536358,0,1051,,53.93753611,63.80462222
KAZ,Cazaquistão,Q16274658,http://www.wikidata.org/entity/Q1427082,0,23,,52.10838056,63.57655833
KAZ,Cazaquistão,Q16274659,http://www.wikidata.org/entity/Q20098504,0,1342,,43.89990556,66.60845278
KAZ,Cazaquistão,Q16274657,http://www.wikidata.org/entity/Q2554487,0,118,,42.300197,68.268623
KAZ,Cazaquistão,Q16274663,http://www.wikidata.org/entity/Q16692657,0,603,,44.93527778,76.0175
KAZ,Cazaquistão,Q16274666,http://www.wikidata.org/entity/Q12576632,0,206,,49.47953611,75.88142778
KAZ,Cazaquistão,Q16274667,http://www.wikidata.org/entity/Q12576632,0,1311,,49.47702,75.872991
KAZ,Cazaquistão,Q16274671,http://www.wikidata.org/entity/Q13511847,0,1218,,48.93838056,72.83718056
KAZ,Cazaquistão,Q16274669,http://www.wikidata.org/entity/Q30969602,0,1176,,53.60076389,61.90648056
KAZ,Cazaquistão,Q16334573,http://www.wikidata.org/entity/Q574486,0,4020,,42.37779444,69.88744722
KAZ,Cazaquistão,Q16334598,http://www.wikidata.org/entity/Q30972168,0,1805,,52.137703,65.649805
KAZ,Cazaquistão,Q16334597,http://www.wikidata.org/entity/Q13483200,0,966,,50.28222222,72.1
KAZ,Cazaquistão,Q16431079,http://www.wikidata.org/entity/Q20098207,0,2622,,42.117644,68.145189
KAZ,Cazaquistão,Q16431266,http://www.wikidata.org/entity/Q20098182,0,1831,,45.75916667,61.81611111
KAZ,Cazaquistão,Q16432432,http://www.wikidata.org/entity/Q2550754,0,1029,,46.96549,79.60556
KAZ,Cazaquistão,Q16432491,http://www.wikidata.org/entity/Q2550754,0,981,,48.00861111,78.60527778
KAZ,Cazaquistão,Q16433210,http://www.wikidata.org/entity/Q2550775,0,1698,,48.781524,82.693791
KAZ,Cazaquistão,Q16433216,http://www.wikidata.org/entity/Q2554511,0,831,,42.478807,70.339744
KAZ,Cazaquistão,Q16433234,http://www.wikidata.org/entity/Q2554452,0,3130,,41.382362,69.099486
KAZ,Cazaquistão,Q16434631,http://www.wikidata.org/entity/Q16700784,0,867,,50.485405,81.905069
KAZ,Cazaquistão,Q16434682,http://www.wikidata.org/entity/Q61368150,0,874,,47.62376667,85.23440833
KAZ,Cazaquistão,Q16487889,http://www.wikidata.org/entity/Q12532529,0,519,,50.149791,74.570804
KAZ,Cazaquistão,Q16524906,http://www.wikidata.org/entity/Q2554452,0,856,,41.137513888889,68.811111111111
KAZ,Cazaquistão,Q16524926,http://www.wikidata.org/entity/Q1315785,0,6334,,43.26046,68.38851
KAZ,Cazaquistão,Q16532213,http://www.wikidata.org/entity/Q1315785,0,1513,,43.6239,68.14647
KAZ,Cazaquistão,Q16532237,http://www.wikidata.org/entity/Q20098549,0,2012,,43.79833333,67.12472222
KAZ,Cazaquistão,Q16532249,http://www.wikidata.org/entity/Q56367637,0,270,,52.94326,76.13662
KAZ,Cazaquistão,Q16532636,http://www.wikidata.org/entity/Q12577566,0,177,,50.10618889,65.35400833
KAZ,Cazaquistão,Q16533040,http://www.wikidata.org/entity/Q20098570,0,463,,41.484766,67.941877
KAZ,Cazaquistão,Q16533057,http://www.wikidata.org/entity/Q574486,0,239,,42.250328,69.376529
KAZ,Cazaquistão,Q16638857,http://www.wikidata.org/entity/Q2554452,0,601,,41.158888888889,68.753611111111
KAZ,Cazaquistão,Q16638930,http://www.wikidata.org/entity/Q2224859,0,372,,50.993055555556,71.358333333333
KAZ,Cazaquistão,Q16638933,http://www.wikidata.org/entity/Q56368746,0,1308,,52.499765,76.812015
KAZ,Cazaquistão,Q16639475,http://www.wikidata.org/entity/Q1650873,0,107,,54.05861111,62.58833333
KAZ,Cazaquistão,Q16656542,http://www.wikidata.org/entity/Q1249595,0,11,,53.1753,65.9972
KAZ,Cazaquistão,Q16656719,http://www.wikidata.org/entity/Q2554511,0,257,,42.54173,70.261166
KAZ,Cazaquistão,Q16656775,http://www.wikidata.org/entity/Q12830553,0,230,,49.90165556,64.84831944
KAZ,Cazaquistão,Q16656773,http://www.wikidata.org/entity/Q20098691,0,486,,42.26461,68.90092
KAZ,Cazaquistão,Q16656849,http://www.wikidata.org/entity/Q1377553,0,57,,53.99141667,61.69999444
KAZ,Cazaquistão,Q16656857,http://www.wikidata.org/entity/Q2554428,0,1697,,42.60239722,69.3176
KAZ,Cazaquistão,Q16656899,http://www.wikidata.org/entity/Q964566,0,70,,54.40861111,65.97527778
KAZ,Cazaquistão,Q16656926,http://www.wikidata.org/entity/Q1249579,0,1,,51.8625,64.79638889
KAZ,Cazaquistão,Q16656930,http://www.wikidata.org/entity/Q47982,0,268,,51.636531,78.55289
KAZ,Cazaquistão,Q16656951,http://www.wikidata.org/entity/Q483322,0,48,,49.21305556,62.65111111
KAZ,Cazaquistão,Q16656953,http://www.wikidata.org/entity/Q522660,0,1088,,43.09694444,69.50555556
KAZ,Cazaquistão,Q16656970,http://www.wikidata.org/entity/Q2476538,0,0,,52.99583333,64.56638889
KAZ,Cazaquistão,Q16656974,http://www.wikidata.org/entity/Q2605432,0,4393,,41.806829,67.987597
KAZ,Cazaquistão,Q16656972,http://www.wikidata.org/entity/Q2554452,0,2453,,41.175425,68.790823
KAZ,Cazaquistão,Q16657039,http://www.wikidata.org/entity/Q47982,0,696,,51.734258,78.072439
KAZ,Cazaquistão,Q16657048,http://www.wikidata.org/entity/Q2726443,0,0,,49.58388889,70.36444444
KAZ,Cazaquistão,Q16657366,http://www.wikidata.org/entity/Q2283566,0,0,,49.405,73.53361111
KAZ,Cazaquistão,Q16661531,http://www.wikidata.org/entity/Q574486,0,5177,,42.266004,69.620042
KAZ,Cazaquistão,Q16661535,http://www.wikidata.org/entity/Q30969454,0,1025,,52.13558611,62.14557778
KAZ,Cazaquistão,Q16661533,http://www.wikidata.org/entity/Q2554511,0,148,,42.607843,70.261896
KAZ,Cazaquistão,Q16664639,http://www.wikidata.org/entity/Q12551043,0,272,,50.21916667,66.50611111
KAZ,Cazaquistão,Q16664641,http://www.wikidata.org/entity/Q22200952,0,247,,46.48888889,61.57555556
KAZ,Cazaquistão,Q16664647,http://www.wikidata.org/entity/Q2554511,0,646,,42.49222778,70.24760833
KAZ,Cazaquistão,Q16664644,http://www.wikidata.org/entity/Q25505487,0,402,,53.97111111,64.23222222
KAZ,Cazaquistão,Q16664651,http://www.wikidata.org/entity/Q20098574,0,586,,43.20111111,67.78361111
KAZ,Cazaquistão,Q16664655,http://www.wikidata.org/entity/Q56368752,0,83,,52.35453,77.46305
KAZ,Cazaquistão,Q16664653,http://www.wikidata.org/entity/Q2554428,0,1682,,42.647975,69.431605
KAZ,Cazaquistão,Q16664657,http://www.wikidata.org/entity/Q2554452,0,1432,,41.425,68.9775
KAZ,Cazaquistão,Q16664675,http://www.wikidata.org/entity/Q16709048,0,50,,49.910307,76.291888
KAZ,Cazaquistão,Q16664736,http://www.wikidata.org/entity/Q2726397,0,459,,45.98305556,61.04805556
KAZ,Cazaquistão,Q16664750,http://www.wikidata.org/entity/Q2554487,0,982,,43.023975,67.810069
KAZ,Cazaquistão,Q16664748,http://www.wikidata.org/entity/Q12528108,0,180,,49.846064,64.291792
KAZ,Cazaquistão,Q16664763,http://www.wikidata.org/entity/Q13489700,0,183,,50.747047,73.044047
KAZ,Cazaquistão,Q16664815,http://www.wikidata.org/entity/Q1378355,0,0,,52.02194444,61.585
KAZ,Cazaquistão,Q16665505,http://www.wikidata.org/entity/Q30969873,0,1023,,52.96779444,63.28886389
KAZ,Cazaquistão,Q16665509,http://www.wikidata.org/entity/Q56368527,0,1097,,52.78722222,77.21944444
KAZ,Cazaquistão,Q16665586,http://www.wikidata.org/entity/Q22200840,0,173,,47.03658611,61.24573333
KAZ,Cazaquistão,Q16665638,http://www.wikidata.org/entity/Q56368523,0,766,,52.90621,77.853485
KAZ,Cazaquistão,Q16666247,http://www.wikidata.org/entity/Q964566,0,105,,53.91194444,64.82277778
KAZ,Cazaquistão,Q16666249,http://www.wikidata.org/entity/Q30972248,0,225,,53.18722222,64.20277778
KAZ,Cazaquistão,Q16666258,http://www.wikidata.org/entity/Q1315785,0,4569,,43.38846,68.0639
KAZ,Cazaquistão,Q16666278,http://www.wikidata.org/entity/Q1377553,0,351,,53.30944444,62.22055556
KAZ,Cazaquistão,Q16666294,http://www.wikidata.org/entity/Q2554452,0,204,,41.213888888889,68.630555555556
KAZ,Cazaquistão,Q16666296,http://www.wikidata.org/entity/Q2605432,0,4657,,41.39444444,67.99944444
KAZ,Cazaquistão,Q16666311,http://www.wikidata.org/entity/Q2554487,0,697,,42.80361111,68.07444444
KAZ,Cazaquistão,Q16666375,http://www.wikidata.org/entity/Q2554487,0,213,,42.55004,68.685637
KAZ,Cazaquistão,Q16666373,http://www.wikidata.org/entity/Q16433550,0,1108,,53.82146944,62.61783056
KAZ,Cazaquistão,Q16666387,http://www.wikidata.org/entity/Q1650873,0,32,,53.33331667,62.67398333
KAZ,Cazaquistão,Q16666395,http://www.wikidata.org/entity/Q20098341,0,209,,44.32777778,67.01944444
KAZ,Cazaquistão,Q16666393,http://www.wikidata.org/entity/Q20098602,0,940,,43.79916667,67.65444444
KAZ,Cazaquistão,Q16666450,http://www.wikidata.org/entity/Q1377553,0,202,,53.82222222,61.80277778
KAZ,Cazaquistão,Q16666565,http://www.wikidata.org/entity/Q30952385,0,179,,52.87055556,61.66111111
KAZ,Cazaquistão,Q16666594,http://www.wikidata.org/entity/Q30972163,0,304,,52.39178056,65.78132778
KAZ,Cazaquistão,Q16666622,http://www.wikidata.org/entity/Q13422675,0,630,,48.20821111,76.21264722
KAZ,Cazaquistão,Q16666626,http://www.wikidata.org/entity/Q522660,0,947,,42.89855556,70.11293333
KAZ,Cazaquistão,Q16666635,http://www.wikidata.org/entity/Q1315785,0,1209,,43.37411,68.49048
KAZ,Cazaquistão,Q16666659,http://www.wikidata.org/entity/Q12540442,0,252,,49.66185,72.235093
KAZ,Cazaquistão,Q16666663,http://www.wikidata.org/entity/Q12563986,0,50,,50.466847,72.329078
KAZ,Cazaquistão,Q16666661,http://www.wikidata.org/entity/Q12576129,0,479,,49.86815,75.67444722
KAZ,Cazaquistão,Q16666685,http://www.wikidata.org/entity/Q16431402,0,280,,53.67888889,62.52277778
KAZ,Cazaquistão,Q16666739,http://www.wikidata.org/entity/Q1650873,0,106,,53.69,63.34194444
KAZ,Cazaquistão,Q16666787,http://www.wikidata.org/entity/Q12560270,0,354,,50.061822,72.488387
KAZ,Cazaquistão,Q16666793,http://www.wikidata.org/entity/Q12549976,0,1221,,54.09497222,64.78459444
KAZ,Cazaquistão,Q16666854,http://www.wikidata.org/entity/Q30952385,0,399,,52.80151111,61.56729444
KAZ,Cazaquistão,Q16666852,http://www.wikidata.org/entity/Q25505448,0,2444,,52.355841,77.271209
KAZ,Cazaquistão,Q16666865,http://www.wikidata.org/entity/Q56368469,0,165,,53.73663,76.945825
KAZ,Cazaquistão,Q16666879,http://www.wikidata.org/entity/Q657052,0,345,,51.98448611,62.34940278
KAZ,Cazaquistão,Q16666939,http://www.wikidata.org/entity/Q793969,0,83,,53.66646667,64.06541111
KAZ,Cazaquistão,Q16666941,http://www.wikidata.org/entity/Q431619,0,1341,,52.849825,62.55651944
KAZ,Cazaquistão,Q16666991,http://www.wikidata.org/entity/Q2476538,0,976,,53.28036667,64.19332222
KAZ,Cazaquistão,Q16667186,http://www.wikidata.org/entity/Q13489700,0,160,,50.657188,73.103492
KAZ,Cazaquistão,Q16668574,http://www.wikidata.org/entity/Q12570550,0,281,,43.787748,74.603773
KAZ,Cazaquistão,Q16668576,http://www.wikidata.org/entity/Q2554511,0,1488,,42.58659167,70.3636
KAZ,Cazaquistão,Q16668580,http://www.wikidata.org/entity/Q2726397,0,217,,47.16277778,61.28333333
KAZ,Cazaquistão,Q16668587,http://www.wikidata.org/entity/Q12540844,0,450,,50.10381389,70.56175833
KAZ,Cazaquistão,Q16668589,http://www.wikidata.org/entity/Q13477899,0,236,,50.155621,69.528687
KAZ,Cazaquistão,Q16668601,http://www.wikidata.org/entity/Q1010136,0,62,,51.86694444,65.16111111
KAZ,Cazaquistão,Q16668605,http://www.wikidata.org/entity/Q2668108,0,109,,47.4125,63.86222222
KAZ,Cazaquistão,Q16669117,http://www.wikidata.org/entity/Q16433550,0,242,,53.90444444,62.50361111
KAZ,Cazaquistão,Q16669131,http://www.wikidata.org/entity/Q2554452,0,187,,41.499631,68.970414
KAZ,Cazaquistão,Q16669159,http://www.wikidata.org/entity/Q16721250,0,640,,49.70027778,73.32083333
KAZ,Cazaquistão,Q16669157,http://www.wikidata.org/entity/Q20098983,0,142,,47.10861111,61.74111111
KAZ,Cazaquistão,Q16669162,http://www.wikidata.org/entity/Q2554452,0,782,,41.345314,68.968406
KAZ,Cazaquistão,Q16669174,http://www.wikidata.org/entity/Q12535972,0,288,,52.06861111,60.71972222
KAZ,Cazaquistão,Q16669186,http://www.wikidata.org/entity/Q2476619,0,29,,50.06166667,64.82416667
KAZ,Cazaquistão,Q16669210,http://www.wikidata.org/entity/Q574486,0,2642,,42.60043056,69.62955
KAZ,Cazaquistão,Q16669402,http://www.wikidata.org/entity/Q30972162,0,158,,52.91888889,65.36333333
KAZ,Cazaquistão,Q16669406,http://www.wikidata.org/entity/Q56367662,0,252,,52.8812,73.639799
KAZ,Cazaquistão,Q16669404,http://www.wikidata.org/entity/Q2476538,0,70,,53.03129444,63.97651389
KAZ,Cazaquistão,Q16669410,http://www.wikidata.org/entity/Q1370228,0,599,,41.969382,69.7752
KAZ,Cazaquistão,Q16669408,http://www.wikidata.org/entity/Q2554452,0,179,,41.626638888889,68.670833333333
KAZ,Cazaquistão,Q16669414,http://www.wikidata.org/entity/Q1370228,0,363,,41.868666,69.791379
KAZ,Cazaquistão,Q16669412,http://www.wikidata.org/entity/Q2554511,0,391,,42.564966,69.860963
KAZ,Cazaquistão,Q16669418,http://www.wikidata.org/entity/Q56368493,0,171,,53.510561,76.239868
KAZ,Cazaquistão,Q16669417,http://www.wikidata.org/entity/Q1370228,0,909,,42.155355,69.40999
KAZ,Cazaquistão,Q16669422,http://www.wikidata.org/entity/Q522660,0,80,,42.95388889,69.0225
KAZ,Cazaquistão,Q16669420,http://www.wikidata.org/entity/Q1370228,0,1415,,41.735487,69.585801
KAZ,Cazaquistão,Q16669426,http://www.wikidata.org/entity/Q574486,0,2788,,42.339062,69.506236
KAZ,Cazaquistão,Q16669424,http://www.wikidata.org/entity/Q12560270,0,773,,49.982137,72.607684
KAZ,Cazaquistão,Q16669430,http://www.wikidata.org/entity/Q574486,0,323,,42.589565,69.605472
KAZ,Cazaquistão,Q16669428,http://www.wikidata.org/entity/Q30969519,0,411,,52.95222222,62.22555556
KAZ,Cazaquistão,Q16669434,http://www.wikidata.org/entity/Q2554428,0,1665,,42.95861111,68.97944444
KAZ,Cazaquistão,Q16669432,http://www.wikidata.org/entity/Q22200646,0,1080,,46.00472222,61.73333333
KAZ,Cazaquistão,Q16669438,http://www.wikidata.org/entity/Q2556235,0,46,,42.95138889,79.065
KAZ,Cazaquistão,Q16669436,http://www.wikidata.org/entity/Q56367652,0,1443,,53.386656,75.419069
KAZ,Cazaquistão,Q16669441,http://www.wikidata.org/entity/Q2554452,0,5089,,41.513888888889,69.277777777778
KAZ,Cazaquistão,Q16669502,http://www.wikidata.org/entity/Q12532368,0,454,,49.001111111111,74.154444444444
KAZ,Cazaquistão,Q16669504,http://www.wikidata.org/entity/Q16701159,0,352,,47.961135,72.281871
KAZ,Cazaquistão,Q16669511,http://www.wikidata.org/entity/Q12536358,0,213,,53.90222222,63.78194444
KAZ,Cazaquistão,Q16669509,http://www.wikidata.org/entity/Q13476153,0,399,,49.34467,74.231569
KAZ,Cazaquistão,Q16669515,http://www.wikidata.org/entity/Q2668108,0,199,,48.122158,65.336502
KAZ,Cazaquistão,Q16669513,http://www.wikidata.org/entity/Q12565032,0,132,,48.581633,73.138855
KAZ,Cazaquistão,Q16669522,http://www.wikidata.org/entity/Q61366398,0,330,,50.882568,75.615892
KAZ,Cazaquistão,Q16669520,http://www.wikidata.org/entity/Q13476306,0,193,,50.163237,76.111647
KAZ,Cazaquistão,Q16670755,http://www.wikidata.org/entity/Q1377553,0,0,,53.1825,61.88944444
KAZ,Cazaquistão,Q16670757,http://www.wikidata.org/entity/Q30974972,0,200,,53.27583333,66.03222222
KAZ,Cazaquistão,Q16670760,http://www.wikidata.org/entity/Q431619,0,28,,52.795,62.82333333
KAZ,Cazaquistão,Q16670962,http://www.wikidata.org/entity/Q30969608,0,791,,53.1625,62.274444
KAZ,Cazaquistão,Q16670961,http://www.wikidata.org/entity/Q30972135,0,338,,52.42530278,64.19668333
KAZ,Cazaquistão,Q16670966,http://www.wikidata.org/entity/Q75251,0,70,,53.468942,75.88985
KAZ,Cazaquistão,Q16670964,http://www.wikidata.org/entity/Q56368468,0,464,,53.942548,75.457264
KAZ,Cazaquistão,Q16670971,http://www.wikidata.org/entity/Q25505505,0,277,,53.62369444,61.61430556
KAZ,Cazaquistão,Q16670968,http://www.wikidata.org/entity/Q30974532,0,424,,53.76666667,64.26861111
KAZ,Cazaquistão,Q16670973,http://www.wikidata.org/entity/Q12575823,0,676,,53.25,62.70222222
KAZ,Cazaquistão,Q16671018,http://www.wikidata.org/entity/Q2632718,0,91,,44.241388888889,66.575280555556
KAZ,Cazaquistão,Q16672798,http://www.wikidata.org/entity/Q58179,0,0,,52.918052,74.612455
KAZ,Cazaquistão,Q16673166,http://www.wikidata.org/entity/Q1377553,0,110,,53.88694444,61.30555556
KAZ,Cazaquistão,Q16673164,http://www.wikidata.org/entity/Q30969617,0,353,,53.88361111,61.39222222
KAZ,Cazaquistão,Q16673382,http://www.wikidata.org/entity/Q12535152,0,1105,,43.012555,70.58007
KAZ,Cazaquistão,Q16673534,http://www.wikidata.org/entity/Q793969,0,20,,53.9543306,64.0058444
KAZ,Cazaquistão,Q16673587,http://www.wikidata.org/entity/Q56368748,0,175,,52.49992,77.5978
KAZ,Cazaquistão,Q16673599,http://www.wikidata.org/entity/Q431619,0,420,,52.167375,62.99932778
KAZ,Cazaquistão,Q16673603,http://www.wikidata.org/entity/Q2554428,0,852,,42.47694444,68.99583333
KAZ,Cazaquistão,Q16673708,http://www.wikidata.org/entity/Q2476538,0,552,,53.09694444,64.28472222
KAZ,Cazaquistão,Q16673838,http://www.wikidata.org/entity/Q1650873,0,388,,53.181575,62.45228056
KAZ,Cazaquistão,Q16673855,http://www.wikidata.org/entity/Q56368800,0,541,,51.642391,78.34136
KAZ,Cazaquistão,Q16673852,http://www.wikidata.org/entity/Q740832,0,266,,48.391598,67.859273
KAZ,Cazaquistão,Q16673859,http://www.wikidata.org/entity/Q75251,0,39,,53.496879,77.206665
KAZ,Cazaquistão,Q16674071,http://www.wikidata.org/entity/Q2554428,0,1021,,42.373447,69.257541
KAZ,Cazaquistão,Q16674145,http://www.wikidata.org/entity/Q574486,0,1802,,42.459035,69.806853
KAZ,Cazaquistão,Q16674180,http://www.wikidata.org/entity/Q2554511,0,994,,42.499065,70.295362
KAZ,Cazaquistão,Q16674357,http://www.wikidata.org/entity/Q44486,0,26,,53.739828,76.018732
KAZ,Cazaquistão,Q16677531,http://www.wikidata.org/entity/Q58179,0,0,,53.28388889,74.58555556
KAZ,Cazaquistão,Q16677558,http://www.wikidata.org/entity/Q30974457,0,462,,53.29134722,63.8571
KAZ,Cazaquistão,Q16677607,http://www.wikidata.org/entity/Q2554487,0,1105,,42.762756,68.398101
KAZ,Cazaquistão,Q16677605,http://www.wikidata.org/entity/Q574486,0,890,,42.5004,69.660204
KAZ,Cazaquistão,Q16677749,http://www.wikidata.org/entity/Q20098691,0,3248,,42.08931,68.97731
KAZ,Cazaquistão,Q16677993,http://www.wikidata.org/entity/Q30972143,0,825,,52.20496111,63.38210833
KAZ,Cazaquistão,Q16678195,http://www.wikidata.org/entity/Q75251,0,45,,53.389625,75.874229
KAZ,Cazaquistão,Q16678237,http://www.wikidata.org/entity/Q30974531,0,98,,54.25166667,65.26694444
KAZ,Cazaquistão,Q16678527,http://www.wikidata.org/entity/Q2550398,0,267,,44.971958,77.944534
KAZ,Cazaquistão,Q16678535,http://www.wikidata.org/entity/Q12554862,0,427,,51.79718333,60.91213611
KAZ,Cazaquistão,Q16678539,http://www.wikidata.org/entity/Q2476619,0,21,,50.55950833,64.80911667
KAZ,Cazaquistão,Q16678647,http://www.wikidata.org/entity/Q20098695,0,1640,,45.82403889,62.07008333
KAZ,Cazaquistão,Q16678651,http://www.wikidata.org/entity/Q2554567,0,1135,,40.955555555556,68.302777777778
KAZ,Cazaquistão,Q16678727,http://www.wikidata.org/entity/Q12544187,0,125,,50.356523,75.097389
KAZ,Cazaquistão,Q16678882,http://www.wikidata.org/entity/Q13511847,0,252,,48.851614,72.732532
KAZ,Cazaquistão,Q16678923,http://www.wikidata.org/entity/Q2668108,0,698,,46.95055556,68.28472222
KAZ,Cazaquistão,Q16678929,http://www.wikidata.org/entity/Q2726480,0,695,,48.55333333,70.62055556
KAZ,Cazaquistão,Q16679825,http://www.wikidata.org/entity/Q2550378,0,380,,,
KAZ,Cazaquistão,Q16679859,http://www.wikidata.org/entity/Q30969598,0,629,,53.85175556,62.10398611
KAZ,Cazaquistão,Q16680223,http://www.wikidata.org/entity/Q1510481,0,674,,52.43225556,61.75163056
KAZ,Cazaquistão,Q16681338,http://www.wikidata.org/entity/Q1650873,0,0,,53.95833333,63.53416667
KAZ,Cazaquistão,Q16681359,http://www.wikidata.org/entity/Q2556291,0,0,,53.05027778,68.81527778
KAZ,Cazaquistão,Q16681375,http://www.wikidata.org/entity/Q30969552,0,1470,,52.63555556,62.6975
KAZ,Cazaquistão,Q16681424,http://www.wikidata.org/entity/Q4249291,0,2305,,52.53472222,64.03272222
KAZ,Cazaquistão,Q16681432,http://www.wikidata.org/entity/Q20098274,0,177,,53.01111111,64.38416667
KAZ,Cazaquistão,Q16681433,http://www.wikidata.org/entity/Q793969,0,98,,53.98166667,64.34166667
KAZ,Cazaquistão,Q16681462,http://www.wikidata.org/entity/Q2550413,0,0,,50.76861111,57.57888889
KAZ,Cazaquistão,Q16681466,http://www.wikidata.org/entity/Q4361580,0,1230,,53.80271389,65.31547222
KAZ,Cazaquistão,Q16681468,http://www.wikidata.org/entity/Q56368528,0,424,,52.907246,78.065535
KAZ,Cazaquistão,Q16681558,http://www.wikidata.org/entity/Q1650873,0,0,,54.10388889,62.915
KAZ,Cazaquistão,Q16681564,http://www.wikidata.org/entity/Q30974947,0,700,,52.31301944,64.09033889
KAZ,Cazaquistão,Q16682722,http://www.wikidata.org/entity/Q13489700,0,373,,50.799751,72.923198
KAZ,Cazaquistão,Q16682736,http://www.wikidata.org/entity/Q30974404,0,423,,52.63956944,61.37271944
KAZ,Cazaquistão,Q16682773,http://www.wikidata.org/entity/Q2549654,0,216,,42.82472222,71.37444444
KAZ,Cazaquistão,Q16683469,http://www.wikidata.org/entity/Q12557595,0,149,,46.827321,75.218915
KAZ,Cazaquistão,Q16683475,http://www.wikidata.org/entity/Q4056540,0,312,,48.25111111,72.35361111
KAZ,Cazaquistão,Q16683473,http://www.wikidata.org/entity/Q2554452,0,354,,41.41694444,69.09111111
KAZ,Cazaquistão,Q16683500,http://www.wikidata.org/entity/Q2726480,0,520,,48.56453056,71.79386944
KAZ,Cazaquistão,Q16683585,http://www.wikidata.org/entity/Q16709048,0,462,,49.88470556,76.62905278
KAZ,Cazaquistão,Q16683595,http://www.wikidata.org/entity/Q30974454,0,314,,53.12972222,63.72916667
KAZ,Cazaquistão,Q16683643,http://www.wikidata.org/entity/Q20098274,0,253,,53.04722222,64.48638889
KAZ,Cazaquistão,Q16683818,http://www.wikidata.org/entity/Q2224859,0,0,,51.28805556,70.90361111
KAZ,Cazaquistão,Q16683820,http://www.wikidata.org/entity/Q1249595,0,244,,53.34388889,65.47666667
KAZ,Cazaquistão,Q16683852,http://www.wikidata.org/entity/Q56368484,0,247,,53.117057,75.918346
KAZ,Cazaquistão,Q16683871,http://www.wikidata.org/entity/Q976752,0,46,,45.41166667,61.97638889
KAZ,Cazaquistão,Q16683911,http://www.wikidata.org/entity/Q574486,0,1459,,42.31858056,69.878275
KAZ,Cazaquistão,Q16685564,http://www.wikidata.org/entity/Q27351834,0,2786,,41.319765,68.91198
KAZ,Cazaquistão,Q16686324,http://www.wikidata.org/entity/Q964566,0,99,,54.39666667,65.90722222
KAZ,Cazaquistão,Q16686348,http://www.wikidata.org/entity/Q2668108,0,172,,47.87833333,66.35416667
KAZ,Cazaquistão,Q16686353,http://www.wikidata.org/entity/Q13483984,0,984,,50.61702778,72.89083889
KAZ,Cazaquistão,Q16690742,http://www.wikidata.org/entity/Q20098647,0,44,,45.71027778,63.03055556
KAZ,Cazaquistão,Q16690749,http://www.wikidata.org/entity/Q20098647,0,31,,45.6875,63.12083333
KAZ,Cazaquistão,Q16690754,http://www.wikidata.org/entity/Q2554511,0,233,,42.490978,70.569601
KAZ,Cazaquistão,Q16690752,http://www.wikidata.org/entity/Q976752,0,95,,45.665,63.21972222
KAZ,Cazaquistão,Q16690757,http://www.wikidata.org/entity/Q2554511,0,111,,42.493334,70.447633
KAZ,Cazaquistão,Q16690763,http://www.wikidata.org/entity/Q2726480,0,78,,48.579361,71.358383
KAZ,Cazaquistão,Q16690766,http://www.wikidata.org/entity/Q491123,0,36,,44.90472222,65.40138889
KAZ,Cazaquistão,Q16690772,http://www.wikidata.org/entity/Q2632718,0,0,,44.56361111,66.12944444
KAZ,Cazaquistão,Q16690782,http://www.wikidata.org/entity/Q2726480,0,243,,48.5425,70.4375
KAZ,Cazaquistão,Q16690785,http://www.wikidata.org/entity/Q22202731,0,29,,44.4075,66.32666667
KAZ,Cazaquistão,Q16690790,http://www.wikidata.org/entity/Q2632718,0,0,,44.355,66.40611111
KAZ,Cazaquistão,Q16690793,http://www.wikidata.org/entity/Q20098168,0,40,,44.27472222,66.56027778
KAZ,Cazaquistão,Q16690803,http://www.wikidata.org/entity/Q20098168,0,559,,44.21972222,66.63472222
KAZ,Cazaquistão,Q16690806,http://www.wikidata.org/entity/Q20098289,0,141,,44.13138889,66.81611111
KAZ,Cazaquistão,Q16690812,http://www.wikidata.org/entity/Q1315785,0,679,,43.48519,67.83594
KAZ,Cazaquistão,Q16690830,http://www.wikidata.org/entity/Q740832,0,32,,47.978159,68.27022
KAZ,Cazaquistão,Q16690853,http://www.wikidata.org/entity/Q2554452,0,14,,41.573859,68.843817
KAZ,Cazaquistão,Q16690858,http://www.wikidata.org/entity/Q2554452,0,186,,41.62963,69.070406
KAZ,Cazaquistão,Q16690856,http://www.wikidata.org/entity/Q2554452,0,37,,41.674454,69.054288
KAZ,Cazaquistão,Q16690862,http://www.wikidata.org/entity/Q740832,0,51,,47.904778,68.055739
KAZ,Cazaquistão,Q16690861,http://www.wikidata.org/entity/Q2550369,0,39,,48.76305556,58.2275
KAZ,Cazaquistão,Q16690871,http://www.wikidata.org/entity/Q2422603,0,14,,45.03361111,65.09444444
KAZ,Cazaquistão,Q16690868,http://www.wikidata.org/entity/Q2726480,0,180,,48.71083333,71.94694444
KAZ,Cazaquistão,Q16690874,http://www.wikidata.org/entity/Q22200840,0,87,,47.1175,61.07194444
KAZ,Cazaquistão,Q16690879,http://www.wikidata.org/entity/Q22200840,0,54,,47.035,61.24388889
KAZ,Cazaquistão,Q16690882,http://www.wikidata.org/entity/Q22200840,0,34,,46.98694444,61.34611111
KAZ,Cazaquistão,Q16690886,http://www.wikidata.org/entity/Q22200840,0,171,,46.84361111,61.61333333
KAZ,Cazaquistão,Q16690885,http://www.wikidata.org/entity/Q22200840,0,60,,46.8975,61.53
KAZ,Cazaquistão,Q16690889,http://www.wikidata.org/entity/Q22200952,0,55,,46.75833333,61.72861111
KAZ,Cazaquistão,Q16690895,http://www.wikidata.org/entity/Q2422603,0,34,,45.03472222,65.20277778
KAZ,Cazaquistão,Q16690892,http://www.wikidata.org/entity/Q22200952,0,125,,46.67888889,61.77055556
KAZ,Cazaquistão,Q16690898,http://www.wikidata.org/entity/Q2726397,0,46,,46.33972222,61.91888889
KAZ,Cazaquistão,Q16690901,http://www.wikidata.org/entity/Q20098463,0,152,,46.28055556,61.94027778
KAZ,Cazaquistão,Q16690904,http://www.wikidata.org/entity/Q20098232,0,223,,46.09777778,61.92027778
KAZ,Cazaquistão,Q16690913,http://www.wikidata.org/entity/Q20098647,0,53,,45.785,62.71583333
KAZ,Cazaquistão,Q16691115,http://www.wikidata.org/entity/Q2554556,0,434,,44.19476,67.96348
KAZ,Cazaquistão,Q16691333,http://www.wikidata.org/entity/Q2550378,0,650,,43.34,76.814444444444
KAZ,Cazaquistão,Q16691840,http://www.wikidata.org/entity/Q486913,0,2625,,47.08638889,51.86555556
KAZ,Cazaquistão,Q16692028,http://www.wikidata.org/entity/Q964566,0,350,,54.21888889,65.87138889
KAZ,Cazaquistão,Q16692315,http://www.wikidata.org/entity/Q12531701,0,50,,50.73694444,73.54944444
KAZ,Cazaquistão,Q16692371,http://www.wikidata.org/entity/Q56368748,0,717,,52.665296,77.516342
KAZ,Cazaquistão,Q16692438,http://www.wikidata.org/entity/Q56368748,0,1556,,52.610762,77.429653
KAZ,Cazaquistão,Q16693008,http://www.wikidata.org/entity/Q12561227,0,180,,50.318778,73.077779
KAZ,Cazaquistão,Q16693824,http://www.wikidata.org/entity/Q16700609,0,158,,48.999507,75.627387
KAZ,Cazaquistão,Q16693832,http://www.wikidata.org/entity/Q22200807,0,564,,47.34083333,61.76888889
KAZ,Cazaquistão,Q16694095,http://www.wikidata.org/entity/Q12560834,0,1302,,50.10935,72.81100556
KAZ,Cazaquistão,Q16694152,http://www.wikidata.org/entity/Q12543158,0,188,,53.33972222,63.62861111
KAZ,Cazaquistão,Q16694342,http://www.wikidata.org/entity/Q20098305,0,841,,42.68344,68.98881
KAZ,Cazaquistão,Q16694533,http://www.wikidata.org/entity/Q2554452,0,381,,41.380555555556,68.824166666667
KAZ,Cazaquistão,Q16694543,http://www.wikidata.org/entity/Q22200952,0,494,,46.61873,61.795256
KAZ,Cazaquistão,Q16694633,http://www.wikidata.org/entity/Q12535087,0,137,,49.985517,72.879778
KAZ,Cazaquistão,Q16694663,http://www.wikidata.org/entity/Q22201113,0,379,,45.195829,62.817407
KAZ,Cazaquistão,Q16694718,http://www.wikidata.org/entity/Q2554452,0,874,,41.464582,69.433946
KAZ,Cazaquistão,Q16694716,http://www.wikidata.org/entity/Q522660,0,727,,42.85111111,69.40722222
KAZ,Cazaquistão,Q16694768,http://www.wikidata.org/entity/Q574486,0,358,,42.536601,69.517175
KAZ,Cazaquistão,Q16694783,http://www.wikidata.org/entity/Q522660,0,762,,42.67194444,69.84111111
KAZ,Cazaquistão,Q16694781,http://www.wikidata.org/entity/Q13512809,0,167,,48.307176,72.257116
KAZ,Cazaquistão,Q16694785,http://www.wikidata.org/entity/Q30972359,0,312,,52.880527,67.314262
KAZ,Cazaquistão,Q16694791,http://www.wikidata.org/entity/Q2554556,0,267,,44.326504,67.835573
KAZ,Cazaquistão,Q16694795,http://www.wikidata.org/entity/Q2554452,0,300,,41.4,68.778055555556
KAZ,Cazaquistão,Q16694802,http://www.wikidata.org/entity/Q1377553,0,341,,53.81899167,61.73881111
KAZ,Cazaquistão,Q16694804,http://www.wikidata.org/entity/Q2554487,0,443,,42.63277778,68.295
KAZ,Cazaquistão,Q16694808,http://www.wikidata.org/entity/Q12528966,0,380,,48.731512,76.133616
KAZ,Cazaquistão,Q16694815,http://www.wikidata.org/entity/Q12534008,0,273,,50.309132,72.920201
KAZ,Cazaquistão,Q16694813,http://www.wikidata.org/entity/Q12561227,0,1228,,50.39674722,73.07144444
KAZ,Cazaquistão,Q16694823,http://www.wikidata.org/entity/Q2554452,0,427,,41.502664,68.771653
KAZ,Cazaquistão,Q16694821,http://www.wikidata.org/entity/Q25505353,0,338,,49.87472222,63.76916667
KAZ,Cazaquistão,Q16694825,http://www.wikidata.org/entity/Q16692061,0,64,,43.22,78.28555556
KAZ,Cazaquistão,Q16694831,http://www.wikidata.org/entity/Q12550982,0,639,,50.07185,73.54178
KAZ,Cazaquistão,Q16694835,http://www.wikidata.org/entity/Q20098409,0,5,,45.70277778,63.52055556
KAZ,Cazaquistão,Q16694837,http://www.wikidata.org/entity/Q2554428,0,289,,42.598619,69.417021
KAZ,Cazaquistão,Q16694840,http://www.wikidata.org/entity/Q2554511,0,356,,42.557459,70.405421
KAZ,Cazaquistão,Q16694847,http://www.wikidata.org/entity/Q12531610,0,471,,48.05444444,72.90777778
KAZ,Cazaquistão,Q16694880,http://www.wikidata.org/entity/Q30972248,0,324,,53.27968889,64.30172222
KAZ,Cazaquistão,Q16694888,http://www.wikidata.org/entity/Q2726452,0,191,,44.60361111,64.29972222
KAZ,Cazaquistão,Q16694907,http://www.wikidata.org/entity/Q485429,0,248,,48.15722222,67.51166667
KAZ,Cazaquistão,Q16694917,http://www.wikidata.org/entity/Q2726410,0,35,,44.027125,67.01042222
KAZ,Cazaquistão,Q16694931,http://www.wikidata.org/entity/Q12544848,0,725,,48.42916667,74.82055556
KAZ,Cazaquistão,Q16694935,http://www.wikidata.org/entity/Q13476164,0,59,,50.04780556,75.99055556
KAZ,Cazaquistão,Q16695621,http://www.wikidata.org/entity/Q30972190,0,850,,53.13191389,65.79055556
KAZ,Cazaquistão,Q16695691,http://www.wikidata.org/entity/Q1650873,0,92,,53.88805556,63.1675
KAZ,Cazaquistão,Q16695693,http://www.wikidata.org/entity/Q56367661,0,806,,53.733736,74.964595
KAZ,Cazaquistão,Q16695873,http://www.wikidata.org/entity/Q12557018,0,880,,43.752745,70.998366
KAZ,Cazaquistão,Q16695897,http://www.wikidata.org/entity/Q22201565,0,1600,,45.076425,64.94398056
KAZ,Cazaquistão,Q16695983,http://www.wikidata.org/entity/Q1377553,0,0,,53.825,62.08638889
KAZ,Cazaquistão,Q16696007,http://www.wikidata.org/entity/Q56367662,0,360,,52.965222222222,73.900333333333
KAZ,Cazaquistão,Q16696067,http://www.wikidata.org/entity/Q491123,0,476,,44.92194444,65.37305556
KAZ,Cazaquistão,Q16696075,http://www.wikidata.org/entity/Q522660,0,1233,,42.73972222,69.59611111
KAZ,Cazaquistão,Q16696073,http://www.wikidata.org/entity/Q61375060,0,1366,,43.83583333,51.03083333
KAZ,Cazaquistão,Q16696081,http://www.wikidata.org/entity/Q22203572,0,2742,,44.17138889,66.815
KAZ,Cazaquistão,Q16697089,http://www.wikidata.org/entity/Q30969842,0,541,,52.95473333,63.19570833
KAZ,Cazaquistão,Q16697298,http://www.wikidata.org/entity/Q2554511,0,611,,42.44395,70.189583
KAZ,Cazaquistão,Q16697774,http://www.wikidata.org/entity/Q12552101,0,353,,52.433827,65.366321
KAZ,Cazaquistão,Q16698494,http://www.wikidata.org/entity/Q56368456,0,119,,53.925267,76.304548
KAZ,Cazaquistão,Q16699132,http://www.wikidata.org/entity/Q1378355,0,0,,51.9175,60.20222222
KAZ,Cazaquistão,Q16699206,http://www.wikidata.org/entity/Q2554452,0,14,,,
KAZ,Cazaquistão,Q16699224,http://www.wikidata.org/entity/Q964566,0,775,,54.379458,65.529642
KAZ,Cazaquistão,Q16699230,http://www.wikidata.org/entity/Q58179,0,0,,53.32638889,74.51583333
KAZ,Cazaquistão,Q16699325,http://www.wikidata.org/entity/Q16721250,0,265,,49.795,73.25305556
KAZ,Cazaquistão,Q16699571,http://www.wikidata.org/entity/Q12569573,0,106,,48.31845,75.673006
KAZ,Cazaquistão,Q16699578,http://www.wikidata.org/entity/Q30972193,0,274,,53.269961,65.894659
KAZ,Cazaquistão,Q16699576,http://www.wikidata.org/entity/Q12562735,0,219,,49.94521667,70.27347222
KAZ,Cazaquistão,Q16699666,http://www.wikidata.org/entity/Q30969853,0,451,,53.52222222,64.07416667
KAZ,Cazaquistão,Q16699693,http://www.wikidata.org/entity/Q30972189,0,752,,53.33448333,65.37984444
KAZ,Cazaquistão,Q16699725,http://www.wikidata.org/entity/Q12562792,0,309,,53.812475,64.57439722
KAZ,Cazaquistão,Q16699749,http://www.wikidata.org/entity/Q30974947,0,500,,52.34530556,63.89536111
KAZ,Cazaquistão,Q16702071,http://www.wikidata.org/entity/Q30974402,0,1090,,51.74825833,61.35639722
KAZ,Cazaquistão,Q16702069,http://www.wikidata.org/entity/Q44486,0,53,,53.748762,75.257021
KAZ,Cazaquistão,Q16702073,http://www.wikidata.org/entity/Q12566365,0,255,,50.50555556,73.39277778
KAZ,Cazaquistão,Q16702079,http://www.wikidata.org/entity/Q56367661,0,127,,53.68247,74.7599
KAZ,Cazaquistão,Q16702077,http://www.wikidata.org/entity/Q30969854,0,77,,52.97188889,63.88521944
KAZ,Cazaquistão,Q16702083,http://www.wikidata.org/entity/Q30975184,0,149,,53.826127,68.745919
KAZ,Cazaquistão,Q16702101,http://www.wikidata.org/entity/Q2476619,0,272,,50.77722222,65.06722222
KAZ,Cazaquistão,Q16703676,http://www.wikidata.org/entity/Q13423427,0,378,,49.496256,73.716538
KAZ,Cazaquistão,Q16704315,http://www.wikidata.org/entity/Q2554487,0,1213,,42.86011111,68.29211111
KAZ,Cazaquistão,Q16704317,http://www.wikidata.org/entity/Q13406989,0,1379,,43.58527778,71.23888889
KAZ,Cazaquistão,Q16704331,http://www.wikidata.org/entity/Q12528966,0,940,,49.108152,75.859208
KAZ,Cazaquistão,Q16704333,http://www.wikidata.org/entity/Q1377553,0,33,,53.335425,61.69250278
KAZ,Cazaquistão,Q16704336,http://www.wikidata.org/entity/Q20098113,0,635,,44.90444444,65.34638889
KAZ,Cazaquistão,Q16704340,http://www.wikidata.org/entity/Q1370228,0,404,,41.8895,69.38158
KAZ,Cazaquistão,Q16704344,http://www.wikidata.org/entity/Q703004,0,415,,51.39320278,61.98441944
KAZ,Cazaquistão,Q16704350,http://www.wikidata.org/entity/Q2668108,0,74,,48.441259,65.673562
KAZ,Cazaquistão,Q16704358,http://www.wikidata.org/entity/Q2668108,0,75,,48.214551,67.022645
KAZ,Cazaquistão,Q16704356,http://www.wikidata.org/entity/Q13477889,0,201,,49.47946944,69.09579722
KAZ,Cazaquistão,Q16704394,http://www.wikidata.org/entity/Q22202584,0,677,,44.92416667,65.36222222
KAZ,Cazaquistão,Q16704507,http://www.wikidata.org/entity/Q20098318,0,699,,53.34538611,64.57715556
KAZ,Cazaquistão,Q16704505,http://www.wikidata.org/entity/Q22202693,0,1186,,45.068475,64.42086667
KAZ,Cazaquistão,Q16704524,http://www.wikidata.org/entity/Q522660,0,893,,43.06,69.42166667
KAZ,Cazaquistão,Q16704577,http://www.wikidata.org/entity/Q12543153,0,530,,42.945,71.325
KAZ,Cazaquistão,Q16704583,http://www.wikidata.org/entity/Q2632749,0,62,,45.09777778,64.19805556
KAZ,Cazaquistão,Q16704591,http://www.wikidata.org/entity/Q20098617,0,363,,46.47944444,62.64777778
KAZ,Cazaquistão,Q16704822,http://www.wikidata.org/entity/Q58179,0,20,,53.07299,74.76333
KAZ,Cazaquistão,Q16704834,http://www.wikidata.org/entity/Q12542356,0,288,,43.406263,73.867385
KAZ,Cazaquistão,Q16704839,http://www.wikidata.org/entity/Q574486,0,4786,,42.356199,69.696082
KAZ,Cazaquistão,Q16704845,http://www.wikidata.org/entity/Q20098493,0,176,,45.99722222,61.09055556
KAZ,Cazaquistão,Q16704851,http://www.wikidata.org/entity/Q2554511,0,2065,,42.556115,70.244493
KAZ,Cazaquistão,Q16704849,http://www.wikidata.org/entity/Q20098675,0,90,,46.604182,60.824171
KAZ,Cazaquistão,Q16704855,http://www.wikidata.org/entity/Q25504823,0,508,,50.46416389,65.97350556
KAZ,Cazaquistão,Q16704858,http://www.wikidata.org/entity/Q2554556,0,1187,,44.800505,69.1697
KAZ,Cazaquistão,Q16704863,http://www.wikidata.org/entity/Q2554511,0,295,,42.52222,70.291141
KAZ,Cazaquistão,Q16704865,http://www.wikidata.org/entity/Q1510481,0,65,,52.863175,61.38075278
KAZ,Cazaquistão,Q16704873,http://www.wikidata.org/entity/Q12566148,0,304,,49.954119,73.602641
KAZ,Cazaquistão,Q16704877,http://www.wikidata.org/entity/Q12535972,0,28,,51.85472222,60.3675
KAZ,Cazaquistão,Q16704887,http://www.wikidata.org/entity/Q12565363,0,866,,48.70518,76.69615
KAZ,Cazaquistão,Q16704935,http://www.wikidata.org/entity/Q793969,0,233,,53.51737222,64.65255
KAZ,Cazaquistão,Q16704951,http://www.wikidata.org/entity/Q2554556,0,6551,,43.86374722,68.75700556
KAZ,Cazaquistão,Q16704953,http://www.wikidata.org/entity/Q703004,0,10,,51.329646,62.338214
KAZ,Cazaquistão,Q16704967,http://www.wikidata.org/entity/Q2554511,0,912,,42.549502,70.240324
KAZ,Cazaquistão,Q16704980,http://www.wikidata.org/entity/Q25505353,0,1177,,49.98472222,63.94222222
KAZ,Cazaquistão,Q16705183,http://www.wikidata.org/entity/Q12560834,0,249,,50.083307,72.72588
KAZ,Cazaquistão,Q16705187,http://www.wikidata.org/entity/Q56368492,0,264,,53.60478,76.995864
KAZ,Cazaquistão,Q16705191,http://www.wikidata.org/entity/Q2554452,0,1265,,41.44776,69.032284
KAZ,Cazaquistão,Q16705189,http://www.wikidata.org/entity/Q13476251,0,1034,,49.411923,75.127759
KAZ,Cazaquistão,Q16705335,http://www.wikidata.org/entity/Q44486,0,0,,53.776704,75.888343
KAZ,Cazaquistão,Q16705341,http://www.wikidata.org/entity/Q737748,0,552,,50.82765278,73.29821389
KAZ,Cazaquistão,Q16705353,http://www.wikidata.org/entity/Q30972245,0,135,,53.063,64.08149167
KAZ,Cazaquistão,Q16705370,http://www.wikidata.org/entity/Q20098305,0,433,,42.50916667,68.79166667
KAZ,Cazaquistão,Q16705684,http://www.wikidata.org/entity/Q2554556,0,4536,,43.78405,69.16048
KAZ,Cazaquistão,Q16705758,http://www.wikidata.org/entity/Q2668108,0,300,,49.730138,67.443323
KAZ,Cazaquistão,Q16705782,http://www.wikidata.org/entity/Q1370228,0,1209,,41.905279,69.77859
KAZ,Cazaquistão,Q16705786,http://www.wikidata.org/entity/Q2554428,0,586,,42.457407,69.194455
KAZ,Cazaquistão,Q16705788,http://www.wikidata.org/entity/Q574486,0,611,,42.534561,69.615337
KAZ,Cazaquistão,Q16705978,http://www.wikidata.org/entity/Q1370228,0,705,,41.964758333333,69.641111111111
KAZ,Cazaquistão,Q16706010,http://www.wikidata.org/entity/Q30974976,0,872,,53.69765833,65.55937222
KAZ,Cazaquistão,Q16706014,http://www.wikidata.org/entity/Q2554534,0,364,,53.071237,76.975337
KAZ,Cazaquistão,Q16706012,http://www.wikidata.org/entity/Q1378355,0,586,,51.74388889,61.03222222
KAZ,Cazaquistão,Q16706591,http://www.wikidata.org/entity/Q25505353,0,137,,50.06972222,64.46916667
KAZ,Cazaquistão,Q16706637,http://www.wikidata.org/entity/Q2554428,0,855,,42.539928,69.374857
KAZ,Cazaquistão,Q16706674,http://www.wikidata.org/entity/Q2476548,0,33,,44.836395,54.548135
KAZ,Cazaquistão,Q16706749,http://www.wikidata.org/entity/Q56368752,0,139,,52.29126,77.44262
KAZ,Cazaquistão,Q16706771,http://www.wikidata.org/entity/Q13476134,0,955,,48.909357,76.51685
KAZ,Cazaquistão,Q16706909,http://www.wikidata.org/entity/Q12556219,0,49,,50.345734,72.361522
KAZ,Cazaquistão,Q16706913,http://www.wikidata.org/entity/Q12549159,0,59,,49.760781,70.594661
KAZ,Cazaquistão,Q16706949,http://www.wikidata.org/entity/Q2283566,0,0,,49.38583333,73.39
KAZ,Cazaquistão,Q16706983,http://www.wikidata.org/entity/Q612211,0,485,,46.7725,74.83111111
KAZ,Cazaquistão,Q16706981,http://www.wikidata.org/entity/Q61366398,0,632,,50.862203,75.631857
KAZ,Cazaquistão,Q16722571,http://www.wikidata.org/entity/Q737748,0,88,,51.35027778,73.53277778
KAZ,Cazaquistão,Q16723360,http://www.wikidata.org/entity/Q619361,0,128,,53.33228889,64.37245556
KAZ,Cazaquistão,Q17494737,http://www.wikidata.org/entity/Q2550746,0,142,,50.43640278,81.62455556
KAZ,Cazaquistão,Q17494774,http://www.wikidata.org/entity/Q2550746,0,70,,50.50376389,81.37319722
KAZ,Cazaquistão,Q17494772,http://www.wikidata.org/entity/Q2550746,0,49,,50.556674,81.449118
KAZ,Cazaquistão,Q17494779,http://www.wikidata.org/entity/Q2550746,0,345,,50.875426,81.045725
KAZ,Cazaquistão,Q17494776,http://www.wikidata.org/entity/Q2550746,0,3073,,50.53635556,81.34290833
KAZ,Cazaquistão,Q17494777,http://www.wikidata.org/entity/Q2550746,0,198,,50.68525278,80.5325
KAZ,Cazaquistão,Q17494783,http://www.wikidata.org/entity/Q2550746,0,226,,50.841666666667,81.015277777778
KAZ,Cazaquistão,Q17494781,http://www.wikidata.org/entity/Q2550746,0,171,,50.852849,80.991163
KAZ,Cazaquistão,Q17494786,http://www.wikidata.org/entity/Q2550746,0,1031,,50.898187,81.050863
KAZ,Cazaquistão,Q17494789,http://www.wikidata.org/entity/Q2550746,0,40,,50.461192,81.41942
KAZ,Cazaquistão,Q17749614,http://www.wikidata.org/entity/Q2550792,0,1084,,49.25764167,84.34558056
KAZ,Cazaquistão,Q17749612,http://www.wikidata.org/entity/Q2550792,0,11,,49.413654,84.939637
KAZ,Cazaquistão,Q17749616,http://www.wikidata.org/entity/Q2550792,0,118,,49.262819,84.239624
KAZ,Cazaquistão,Q18399791,http://www.wikidata.org/entity/Q162548,0,451,,49.83012,82.64757
KAZ,Cazaquistão,Q18399794,http://www.wikidata.org/entity/Q2029854,0,0,,53.375204,67.403764
KAZ,Cazaquistão,Q18399810,http://www.wikidata.org/entity/Q2550775,0,25,,48.401111111111,82.836388888889
KAZ,Cazaquistão,Q18399819,http://www.wikidata.org/entity/Q2726381,0,272,,49.43008056,81.24315833
KAZ,Cazaquistão,Q18399831,http://www.wikidata.org/entity/Q162548,0,1930,,49.95663,82.53032
KAZ,Cazaquistão,Q18399828,http://www.wikidata.org/entity/Q61368429,0,336,,47.046148,84.189112
KAZ,Cazaquistão,Q18399829,http://www.wikidata.org/entity/Q36156,0,133,,47.884514,80.414625
KAZ,Cazaquistão,Q18399833,http://www.wikidata.org/entity/Q2466416,0,765,,51.57907778,79.30831389
KAZ,Cazaquistão,Q18399837,http://www.wikidata.org/entity/Q496442,0,465,,51.728769,75.151334
KAZ,Cazaquistão,Q18399858,http://www.wikidata.org/entity/Q986100,0,38,,50.31522,83.56149
KAZ,Cazaquistão,Q18399857,http://www.wikidata.org/entity/Q61368744,0,1045,,50.05843056,82.3219
KAZ,Cazaquistão,Q18399882,http://www.wikidata.org/entity/Q2726381,0,204,,49.56352,81.05798
KAZ,Cazaquistão,Q18399884,http://www.wikidata.org/entity/Q893317,0,69,,50.27482222,82.13520278
KAZ,Cazaquistão,Q18399885,http://www.wikidata.org/entity/Q61366520,0,348,,52.247825,75.464652
KAZ,Cazaquistão,Q18399894,http://www.wikidata.org/entity/Q2550803,0,149,,47.46501,80.48841
KAZ,Cazaquistão,Q18399892,http://www.wikidata.org/entity/Q61368429,0,221,,47.28203,84.08901
KAZ,Cazaquistão,Q18399898,http://www.wikidata.org/entity/Q2550775,0,2,,48.32476,83.10024
KAZ,Cazaquistão,Q18399934,http://www.wikidata.org/entity/Q30516,0,0,,52.89233,73.15761
KAZ,Cazaquistão,Q18401691,http://www.wikidata.org/entity/Q2550754,0,283,,47.78987,81.31942
KAZ,Cazaquistão,Q18401729,http://www.wikidata.org/entity/Q2550775,0,381,,48.589709,82.941846
KAZ,Cazaquistão,Q18401747,http://www.wikidata.org/entity/Q2466416,0,125,,50.495985,80.090375
KAZ,Cazaquistão,Q18401758,http://www.wikidata.org/entity/Q61368719,0,199,,49.43956,83.43086
KAZ,Cazaquistão,Q18401785,http://www.wikidata.org/entity/Q2550754,0,186,,47.9413,80.46524
KAZ,Cazaquistão,Q18401814,http://www.wikidata.org/entity/Q61368430,0,1338,,47.429566,83.862505
KAZ,Cazaquistão,Q18401815,http://www.wikidata.org/entity/Q4086560,0,2315,,50.47621667,82.41526111
KAZ,Cazaquistão,Q18401831,http://www.wikidata.org/entity/Q61368067,0,833,,48.76977,84.70115
KAZ,Cazaquistão,Q18401828,http://www.wikidata.org/entity/Q2550792,0,65,,49.336644,86.220412
KAZ,Cazaquistão,Q18401835,http://www.wikidata.org/entity/Q2554498,0,441,,52.42326,77.76483
KAZ,Cazaquistão,Q18401838,http://www.wikidata.org/entity/Q61944,0,195,,50.509128,79.634382
KAZ,Cazaquistão,Q18401837,http://www.wikidata.org/entity/Q2466416,0,474,,50.49701944,79.93491389
KAZ,Cazaquistão,Q18401840,http://www.wikidata.org/entity/Q2550746,0,0,,50.63988,81.33539
KAZ,Cazaquistão,Q18405618,http://www.wikidata.org/entity/Q35493,0,157000,,43.166667,76.833333
KAZ,Cazaquistão,Q18405635,http://www.wikidata.org/entity/Q2550792,0,0,,49.52153,85.08979
KAZ,Cazaquistão,Q18405649,http://www.wikidata.org/entity/Q2565654,0,0,,51.27758,72.56662
KAZ,Cazaquistão,Q18405655,http://www.wikidata.org/entity/Q58179,0,0,,53.314702,75.222633
KAZ,Cazaquistão,Q18405657,http://www.wikidata.org/entity/Q622780,0,0,,51.63933,76.73881
KAZ,Cazaquistão,Q18405719,http://www.wikidata.org/entity/Q2550803,0,594,,47.24154167,81.40578889
KAZ,Cazaquistão,Q18406708,http://www.wikidata.org/entity/Q16709877,0,1102,,50.64890833,81.86601389
KAZ,Cazaquistão,Q18406801,http://www.wikidata.org/entity/Q2466416,0,811,,50.95476944,79.18713889
KAZ,Cazaquistão,Q18406859,http://www.wikidata.org/entity/Q1099244,0,317,,49.170555555556,79.620277777778
KAZ,Cazaquistão,Q18406886,http://www.wikidata.org/entity/Q61366857,0,274,,52.11947,77.07681
KAZ,Cazaquistão,Q18406902,http://www.wikidata.org/entity/Q2550784,0,49,,48.67722222,84.35111111
KAZ,Cazaquistão,Q18406921,http://www.wikidata.org/entity/Q893317,0,28,,50.369021,82.979479
KAZ,Cazaquistão,Q18406927,http://www.wikidata.org/entity/Q47982,0,0,,51.83069,78.96818
KAZ,Cazaquistão,Q18406924,http://www.wikidata.org/entity/Q4507215,0,232,,49.63585,84.12200833
KAZ,Cazaquistão,Q18406934,http://www.wikidata.org/entity/Q986100,0,254,,50.24413,83.24606
KAZ,Cazaquistão,Q18406938,http://www.wikidata.org/entity/Q2565654,0,0,,51.143406,72.863216
KAZ,Cazaquistão,Q18406941,http://www.wikidata.org/entity/Q2550775,0,51,,48.731313,82.821393
KAZ,Cazaquistão,Q18406951,http://www.wikidata.org/entity/Q2554498,0,0,,52.8291135,78.0552864
KAZ,Cazaquistão,Q18406953,http://www.wikidata.org/entity/Q2550754,0,151,,47.67926,81.37298
KAZ,Cazaquistão,Q18407807,http://www.wikidata.org/entity/Q2550792,0,406,,49.17807778,84.58286944
KAZ,Cazaquistão,Q18407810,http://www.wikidata.org/entity/Q25395442,0,360,,49.01378,82.80017
KAZ,Cazaquistão,Q18407811,http://www.wikidata.org/entity/Q2550775,0,20,,48.644394,82.848526
KAZ,Cazaquistão,Q18407813,http://www.wikidata.org/entity/Q56368943,0,623,,51.261786111111,77.867861111111
KAZ,Cazaquistão,Q18407837,http://www.wikidata.org/entity/Q2550784,0,61,,48.4878705,84.3808579
KAZ,Cazaquistão,Q18407844,http://www.wikidata.org/entity/Q2550754,0,40,,48.20763,81.29161
KAZ,Cazaquistão,Q18407852,http://www.wikidata.org/entity/Q2550775,0,592,,48.67634,82.960424
KAZ,Cazaquistão,Q18407878,http://www.wikidata.org/entity/Q61367710,0,116,,49.676285,83.825029
KAZ,Cazaquistão,Q18407909,http://www.wikidata.org/entity/Q2726381,0,56,,49.49734,81.88865
KAZ,Cazaquistão,Q18407920,http://www.wikidata.org/entity/Q2556214,0,0,,52.64098,69.59426
KAZ,Cazaquistão,Q18407949,http://www.wikidata.org/entity/Q893317,0,117,,50.1813,82.5674
KAZ,Cazaquistão,Q18408002,http://www.wikidata.org/entity/Q122969751,0,310,,50.515145,81.755469
KAZ,Cazaquistão,Q18408007,http://www.wikidata.org/entity/Q16721190,0,87,,50.515725,81.75519722
KAZ,Cazaquistão,Q18408050,http://www.wikidata.org/entity/Q2466428,0,34,,50.495692,82.424133
KAZ,Cazaquistão,Q18408092,http://www.wikidata.org/entity/Q622780,0,994,,52.1082,76.40544
KAZ,Cazaquistão,Q18408104,http://www.wikidata.org/entity/Q16700151,0,1336,,50.22475,81.85688611
KAZ,Cazaquistão,Q18408110,http://www.wikidata.org/entity/Q2550775,0,335,,49.254585,83.798647
KAZ,Cazaquistão,Q16707073,http://www.wikidata.org/entity/Q2476575,0,58,,52.992109,76.037222
KAZ,Cazaquistão,Q16707079,http://www.wikidata.org/entity/Q2554428,0,6762,,42.93027778,68.94722222
KAZ,Cazaquistão,Q16707077,http://www.wikidata.org/entity/Q12577526,0,141,,50.443773,74.403015
KAZ,Cazaquistão,Q16707098,http://www.wikidata.org/entity/Q2554556,0,8,,44.78817,69.64233
KAZ,Cazaquistão,Q16707101,http://www.wikidata.org/entity/Q56368803,0,341,,51.317665,78.696574
KAZ,Cazaquistão,Q16707123,http://www.wikidata.org/entity/Q58179,0,356,,53.109896,74.443345
KAZ,Cazaquistão,Q16707129,http://www.wikidata.org/entity/Q30969500,0,818,,52.11305556,61.55777778
KAZ,Cazaquistão,Q16707167,http://www.wikidata.org/entity/Q2554534,0,92,,52.994124,77.278126
KAZ,Cazaquistão,Q16707190,http://www.wikidata.org/entity/Q29583137,0,244,,53.47748333,62.50335
KAZ,Cazaquistão,Q16707654,http://www.wikidata.org/entity/Q56368492,0,548,,53.516328,76.941791
KAZ,Cazaquistão,Q16708126,http://www.wikidata.org/entity/Q12546417,0,321,,49.8312,73.23455278
KAZ,Cazaquistão,Q16708128,http://www.wikidata.org/entity/Q12566365,0,761,,50.45944444,73.31888889
KAZ,Cazaquistão,Q16708226,http://www.wikidata.org/entity/Q20098127,0,3766,,43.59277222,67.41121389
KAZ,Cazaquistão,Q16708243,http://www.wikidata.org/entity/Q12567080,0,735,,50.127236111111,73.261947222222
KAZ,Cazaquistão,Q16708261,http://www.wikidata.org/entity/Q16272715,0,183,,49.30805556,62.91444444
KAZ,Cazaquistão,Q16708283,http://www.wikidata.org/entity/Q20098161,0,1803,,45.72359722,61.49286111
KAZ,Cazaquistão,Q16708303,http://www.wikidata.org/entity/Q25504818,0,194,,54.32611111,64.50555556
KAZ,Cazaquistão,Q16708367,http://www.wikidata.org/entity/Q12570277,0,144,,48.90527778,73.48111111
KAZ,Cazaquistão,Q16708449,http://www.wikidata.org/entity/Q12535972,0,848,,52.14777778,61.09805556
KAZ,Cazaquistão,Q16708670,http://www.wikidata.org/entity/Q12557018,0,292,,43.841523,70.982745
KAZ,Cazaquistão,Q16708745,http://www.wikidata.org/entity/Q30972169,0,256,,52.51222222,65.40611111
KAZ,Cazaquistão,Q16709896,http://www.wikidata.org/entity/Q56367650,0,257,,53.658627,75.010601
KAZ,Cazaquistão,Q16709945,http://www.wikidata.org/entity/Q30969876,0,586,,53.10746389,62.89170833
KAZ,Cazaquistão,Q16710001,http://www.wikidata.org/entity/Q12577526,0,864,,50.366598,74.279065
KAZ,Cazaquistão,Q16710020,http://www.wikidata.org/entity/Q2668108,0,24,,49.354343,67.030284
KAZ,Cazaquistão,Q16710106,http://www.wikidata.org/entity/Q12570277,0,541,,48.83611111,72.97944444
KAZ,Cazaquistão,Q16710222,http://www.wikidata.org/entity/Q793969,0,0,,54.09694444,63.85888889
KAZ,Cazaquistão,Q16710264,http://www.wikidata.org/entity/Q1315785,0,4549,,43.40206,68.37959
KAZ,Cazaquistão,Q16710279,http://www.wikidata.org/entity/Q2554511,0,983,,42.58072,70.091933
KAZ,Cazaquistão,Q16710326,http://www.wikidata.org/entity/Q703004,0,150,,51.34166667,62.325
KAZ,Cazaquistão,Q16710329,http://www.wikidata.org/entity/Q2726480,0,64,,48.68222222,70.94666667
KAZ,Cazaquistão,Q16710339,http://www.wikidata.org/entity/Q44486,0,124,,53.731705,75.028196
KAZ,Cazaquistão,Q16710350,http://www.wikidata.org/entity/Q34266,0,190,,53.32722222,61.52361111
KAZ,Cazaquistão,Q16710364,http://www.wikidata.org/entity/Q13423389,0,421,,50.143906,72.756822
KAZ,Cazaquistão,Q16710365,http://www.wikidata.org/entity/Q1249579,0,0,,51.54583333,63.70944444
KAZ,Cazaquistão,Q16710369,http://www.wikidata.org/entity/Q31195790,0,697,,53.777681,65.741143
KAZ,Cazaquistão,Q16710466,http://www.wikidata.org/entity/Q4112900,0,135,,54.11103611,63.48781389
KAZ,Cazaquistão,Q16710497,http://www.wikidata.org/entity/Q522660,0,54,,43.33222222,69.44138889
KAZ,Cazaquistão,Q16710562,http://www.wikidata.org/entity/Q12538364,0,782,,53.56193056,62.97906944
KAZ,Cazaquistão,Q16710586,http://www.wikidata.org/entity/Q2726493,0,7357,,48.67027778,72.70861111
KAZ,Cazaquistão,Q16710737,http://www.wikidata.org/entity/Q2476575,0,209,,52.626655,76.545425
KAZ,Cazaquistão,Q16710832,http://www.wikidata.org/entity/Q2554452,0,301,,41.332777777778,68.673333333333
KAZ,Cazaquistão,Q16710855,http://www.wikidata.org/entity/Q30972167,0,339,,51.48958333,65.23400278
KAZ,Cazaquistão,Q16710870,http://www.wikidata.org/entity/Q12544848,0,291,,48.475852,74.758308
KAZ,Cazaquistão,Q16710879,http://www.wikidata.org/entity/Q1370228,0,1425,,41.90819722,69.56488056
KAZ,Cazaquistão,Q16710892,http://www.wikidata.org/entity/Q30972141,0,458,,52.01444444,63.90577222
KAZ,Cazaquistão,Q16710898,http://www.wikidata.org/entity/Q61366410,0,339,,51.449845,75.707973
KAZ,Cazaquistão,Q16710906,http://www.wikidata.org/entity/Q2554452,0,2804,,41.244333,68.982314
KAZ,Cazaquistão,Q16710904,http://www.wikidata.org/entity/Q2554452,0,435,,41.287257,68.915952
KAZ,Cazaquistão,Q16710908,http://www.wikidata.org/entity/Q431619,0,8,,52.06638889,62.54916667
KAZ,Cazaquistão,Q16710914,http://www.wikidata.org/entity/Q30974366,0,602,,50.55472222,66.64083333
KAZ,Cazaquistão,Q16710916,http://www.wikidata.org/entity/Q30969395,0,291,,50.83472222,65.16972222
KAZ,Cazaquistão,Q16710928,http://www.wikidata.org/entity/Q737748,0,545,,50.380721,71.954598
KAZ,Cazaquistão,Q16711062,http://www.wikidata.org/entity/Q30969635,0,108,,53.93780556,61.91798889
KAZ,Cazaquistão,Q16711385,http://www.wikidata.org/entity/Q30974953,0,545,,52.04361389,64.185175
KAZ,Cazaquistão,Q16711562,http://www.wikidata.org/entity/Q22202731,0,198,,44.45,66.21666667
KAZ,Cazaquistão,Q16712718,http://www.wikidata.org/entity/Q75318,0,920,,42.27007,69.8521
KAZ,Cazaquistão,Q16712722,http://www.wikidata.org/entity/Q30952385,0,1617,,51.70983333,61.59299722
KAZ,Cazaquistão,Q16712818,http://www.wikidata.org/entity/Q16434276,0,1530,,50.49611111,66.78111111
KAZ,Cazaquistão,Q16712962,http://www.wikidata.org/entity/Q27490453,0,972,,54.23055556,65.49944444
KAZ,Cazaquistão,Q16713327,http://www.wikidata.org/entity/Q20098176,0,90,,46.11416667,61.47638889
KAZ,Cazaquistão,Q16713368,http://www.wikidata.org/entity/Q574486,0,831,,42.580166666667,69.695833333333
KAZ,Cazaquistão,Q16713595,http://www.wikidata.org/entity/Q30974950,0,272,,52.28579722,64.37115278
KAZ,Cazaquistão,Q16713619,http://www.wikidata.org/entity/Q12562792,0,842,,53.80583333,64.54444444
KAZ,Cazaquistão,Q16718077,http://www.wikidata.org/entity/Q30972169,0,288,,52.53444444,65.44138889
KAZ,Cazaquistão,Q16719113,http://www.wikidata.org/entity/Q56368752,0,774,,52.329832,77.307687
KAZ,Cazaquistão,Q16719121,http://www.wikidata.org/entity/Q22204639,0,298,,46.62194444,62.47
KAZ,Cazaquistão,Q16719127,http://www.wikidata.org/entity/Q1427082,0,0,,51.89111111,63.4325
KAZ,Cazaquistão,Q16719133,http://www.wikidata.org/entity/Q12529007,0,89,,50.35456944,65.61001944
KAZ,Cazaquistão,Q16719182,http://www.wikidata.org/entity/Q12537131,0,197,,50.249922,74.893534
KAZ,Cazaquistão,Q16719180,http://www.wikidata.org/entity/Q16701437,0,277,,43.71583333,77.36861111
KAZ,Cazaquistão,Q16719184,http://www.wikidata.org/entity/Q2632749,0,5,,45.29611111,64.085
KAZ,Cazaquistão,Q16719223,http://www.wikidata.org/entity/Q22204715,0,1193,,45.11430278,64.47854722
KAZ,Cazaquistão,Q16719261,http://www.wikidata.org/entity/Q65252717,0,204,,51.669255,77.552219
KAZ,Cazaquistão,Q16719690,http://www.wikidata.org/entity/Q1315249,0,1236,,43.54481,68.35659
KAZ,Cazaquistão,Q16719855,http://www.wikidata.org/entity/Q1378355,0,527,,51.92330278,60.80931389
KAZ,Cazaquistão,Q16719903,http://www.wikidata.org/entity/Q848638,0,1414,,43.46912,68.3147
KAZ,Cazaquistão,Q16719969,http://www.wikidata.org/entity/Q2554487,0,561,,42.76337778,68.14293611
KAZ,Cazaquistão,Q16721559,http://www.wikidata.org/entity/Q1315785,0,2435,,43.646944,67.953889
KAZ,Cazaquistão,Q16722119,http://www.wikidata.org/entity/Q964566,0,0,,54.30555556,65.4425
KAZ,Cazaquistão,Q16722555,http://www.wikidata.org/entity/Q431619,0,1019,,52.93608333,63.05049444
KAZ,Cazaquistão,Q18408113,http://www.wikidata.org/entity/Q2550803,0,63,,47.08251,82.75451
KAZ,Cazaquistão,Q18408125,http://www.wikidata.org/entity/Q61366515,0,347,,52.20287,75.08502
KAZ,Cazaquistão,Q18408691,http://www.wikidata.org/entity/Q2550803,0,4396,,46.07418,82.08469
KAZ,Cazaquistão,Q18408695,http://www.wikidata.org/entity/Q2550775,0,0,,48.50637,82.68585
KAZ,Cazaquistão,Q18408693,http://www.wikidata.org/entity/Q61368391,0,1210,,47.868809,83.57105
KAZ,Cazaquistão,Q18408704,http://www.wikidata.org/entity/Q16693901,0,384,,50.643147,81.747723
KAZ,Cazaquistão,Q18408716,http://www.wikidata.org/entity/Q162548,0,218,,49.97673,82.47436
KAZ,Cazaquistão,Q18408986,http://www.wikidata.org/entity/Q2726381,0,65,,48.63314,80.8192
KAZ,Cazaquistão,Q18408991,http://www.wikidata.org/entity/Q61944,0,139,,50.0686,80.02853
KAZ,Cazaquistão,Q18408988,http://www.wikidata.org/entity/Q2550775,0,384,,49.366725,83.656425
KAZ,Cazaquistão,Q18408989,http://www.wikidata.org/entity/Q2550803,0,1160,,46.93878,80.74813
KAZ,Cazaquistão,Q18408994,http://www.wikidata.org/entity/Q2550754,0,85,,46.813792,79.571221
KAZ,Cazaquistão,Q18408999,http://www.wikidata.org/entity/Q2550803,0,167,,47.10285,81.54378
KAZ,Cazaquistão,Q18408997,http://www.wikidata.org/entity/Q2550775,0,286,,48.74442,82.69512
KAZ,Cazaquistão,Q18409001,http://www.wikidata.org/entity/Q2466416,0,362,,50.67383,79.667321
KAZ,Cazaquistão,Q18409004,http://www.wikidata.org/entity/Q2550784,0,341,,48.38453,85.38024
KAZ,Cazaquistão,Q18409005,http://www.wikidata.org/entity/Q61368386,0,133,,47.9836,83.05217
KAZ,Cazaquistão,Q18409194,http://www.wikidata.org/entity/Q2554498,0,357,,52.67222,78.3823
KAZ,Cazaquistão,Q18409198,http://www.wikidata.org/entity/Q61366775,0,190,,51.85423,77.12694
KAZ,Cazaquistão,Q18409196,http://www.wikidata.org/entity/Q622780,0,153,,52.19793,76.83786
KAZ,Cazaquistão,Q19560456,http://www.wikidata.org/entity/Q20098513,0,3569,,43.4675,67.45777778
KAZ,Cazaquistão,Q19611570,http://www.wikidata.org/entity/Q20078491,0,338,,50.775,50.98277778
KAZ,Cazaquistão,Q19613159,http://www.wikidata.org/entity/Q485496,0,219000,,42.31,69.6
KAZ,Cazaquistão,Q19614078,http://www.wikidata.org/entity/Q30516,0,0,,46.58333,79.05
KAZ,Cazaquistão,Q19615602,http://www.wikidata.org/entity/Q2554534,0,0,,53.049067,77.992381
KAZ,Cazaquistão,Q19616116,http://www.wikidata.org/entity/Q2554498,0,0,,52.257973,78.149242
KAZ,Cazaquistão,Q19616474,http://www.wikidata.org/entity/Q2550784,0,240,,48.43854,85.50521
KAZ,Cazaquistão,Q19908136,http://www.wikidata.org/entity/Q2664367,0,144,,49.7236,84.8192
KAZ,Cazaquistão,Q19910043,http://www.wikidata.org/entity/Q4412412,0,67,,49.8897,83.0547
KAZ,Cazaquistão,Q19910127,http://www.wikidata.org/entity/Q2664367,0,21,,49.93,84.4039
KAZ,Cazaquistão,Q19910441,http://www.wikidata.org/entity/Q2664367,0,50,,49.7236,84.8192
KAZ,Cazaquistão,Q19910772,http://www.wikidata.org/entity/Q2550803,0,0,,46.9355,82.89424
KAZ,Cazaquistão,Q19911030,http://www.wikidata.org/entity/Q61944,0,268,,50.371361,80.620787
KAZ,Cazaquistão,Q19911057,http://www.wikidata.org/entity/Q61944,0,373,,50.43877,80.13402
KAZ,Cazaquistão,Q19911110,http://www.wikidata.org/entity/Q2664367,0,10,,49.8808,83.5136
KAZ,Cazaquistão,Q19915344,http://www.wikidata.org/entity/Q2664367,0,4,,49.8503,83.4133
KAZ,Cazaquistão,Q19952770,http://www.wikidata.org/entity/Q793969,0,24,,53.949722222222,63.823611111111
KAZ,Cazaquistão,Q19953146,http://www.wikidata.org/entity/Q58179,0,384,,53.3575,74.980277777778
KAZ,Cazaquistão,Q19953531,http://www.wikidata.org/entity/Q509303,0,0,,52.030277777778,77.165277777778
KAZ,Cazaquistão,Q19953537,http://www.wikidata.org/entity/Q509303,0,0,,52.7725,76.857222222222
KAZ,Cazaquistão,Q19953547,http://www.wikidata.org/entity/Q2554534,0,0,,53.179722222222,77.292222222222
KAZ,Cazaquistão,Q19953578,http://www.wikidata.org/entity/Q35899,0,16,,53.738333333333,69.71
KAZ,Cazaquistão,Q19973643,http://www.wikidata.org/entity/Q2556317,0,346,,44.5225,78.7008
KAZ,Cazaquistão,Q19984064,http://www.wikidata.org/entity/Q12551064,0,249,,48.7278,72.2011
KAZ,Cazaquistão,Q21103498,http://www.wikidata.org/entity/Q25563,0,0,,53.00363,66.96836
KAZ,Cazaquistão,Q25390592,,0,0,,53.102219,74.512795
KAZ,Cazaquistão,Q25396979,http://www.wikidata.org/entity/Q35899,0,0,,53.5744,69.4619
KAZ,Cazaquistão,Q25397131,,0,0,,53.367055,74.815245
KAZ,Cazaquistão,Q25397133,,0,0,,53.341394,74.897817
KAZ,Cazaquistão,Q27353792,http://www.wikidata.org/entity/Q485496,0,289387,,42.3,69.6
KAZ,Cazaquistão,Q57782659,http://www.wikidata.org/entity/Q1520,0,233351,,51.15,71.5
KAZ,Cazaquistão,Q16628418,http://www.wikidata.org/entity/Q61366290,0,69,,50.922554,74.996493
KAZ,Cazaquistão,Q16628538,http://www.wikidata.org/entity/Q12537131,0,273,,50.24522778,74.77159722
KAZ,Cazaquistão,Q16628969,http://www.wikidata.org/entity/Q30972143,0,0,,52.46194444,63.43166667
KAZ,Cazaquistão,Q16629009,http://www.wikidata.org/entity/Q44486,0,602,,53.816768,75.807968
KAZ,Cazaquistão,Q16629170,http://www.wikidata.org/entity/Q30969519,0,316,,52.970456,62.191687
KAZ,Cazaquistão,Q16629173,http://www.wikidata.org/entity/Q964566,0,701,,53.76777778,65.18944444
KAZ,Cazaquistão,Q16629751,http://www.wikidata.org/entity/Q2736634,0,0,,51.17916667,52.0375
KAZ,Cazaquistão,Q16629786,http://www.wikidata.org/entity/Q1377553,0,278,,53.79468889,62.175725
KAZ,Cazaquistão,Q16629904,http://www.wikidata.org/entity/Q1370228,0,674,,41.94805556,69.67888889
KAZ,Cazaquistão,Q16629959,http://www.wikidata.org/entity/Q964566,0,113,,53.94694444,65.33722222
KAZ,Cazaquistão,Q16630039,http://www.wikidata.org/entity/Q56368456,0,837,,53.791373,76.351362
KAZ,Cazaquistão,Q16648044,http://www.wikidata.org/entity/Q30969313,0,468,,49.51972222,66.14583333
KAZ,Cazaquistão,Q16648052,http://www.wikidata.org/entity/Q56368467,0,167,,54.100476,76.108633
KAZ,Cazaquistão,Q16648061,http://www.wikidata.org/entity/Q522660,0,1250,,42.79833333,69.19833333
KAZ,Cazaquistão,Q16648178,http://www.wikidata.org/entity/Q431619,0,1027,,52.88331667,62.84106111
KAZ,Cazaquistão,Q16648274,http://www.wikidata.org/entity/Q2554428,0,676,,42.88583333,68.97138889
KAZ,Cazaquistão,Q16648289,http://www.wikidata.org/entity/Q2556261,0,5087,,44.13916,80.06097
KAZ,Cazaquistão,Q16648292,http://www.wikidata.org/entity/Q2554511,0,657,,42.463708,70.385578
KAZ,Cazaquistão,Q16650888,http://www.wikidata.org/entity/Q12529007,0,436,,50.4458,65.64915833
KAZ,Cazaquistão,Q16650901,http://www.wikidata.org/entity/Q16700609,0,152,,49.146654,75.585269
KAZ,Cazaquistão,Q16650907,http://www.wikidata.org/entity/Q30972143,0,205,,52.33198889,63.3904
KAZ,Cazaquistão,Q16650917,http://www.wikidata.org/entity/Q13419175,0,168,,49.447593,73.030658
KAZ,Cazaquistão,Q16650923,http://www.wikidata.org/entity/Q431619,0,32,,52.38833333,62.59388889
KAZ,Cazaquistão,Q16650925,http://www.wikidata.org/entity/Q56367635,0,196,,53.074511,75.772963
KAZ,Cazaquistão,Q16650931,http://www.wikidata.org/entity/Q44486,0,83,,54.307811,76.754165
KAZ,Cazaquistão,Q16650928,http://www.wikidata.org/entity/Q522660,0,1444,,42.98694444,69.32305556
KAZ,Cazaquistão,Q16650937,http://www.wikidata.org/entity/Q16431090,0,1210,,52.84866111,66.07392778
KAZ,Cazaquistão,Q16650943,http://www.wikidata.org/entity/Q25396912,0,755,,51.501316,77.690492
KAZ,Cazaquistão,Q16650946,http://www.wikidata.org/entity/Q30969421,0,154,,53.321425,63.74478611
KAZ,Cazaquistão,Q16650979,http://www.wikidata.org/entity/Q44486,0,921,,54.18474,76.403804
KAZ,Cazaquistão,Q16650987,http://www.wikidata.org/entity/Q2554452,0,1595,,41.480555555556,69.269444444444
KAZ,Cazaquistão,Q16650984,http://www.wikidata.org/entity/Q56368736,0,649,,52.629052,76.732364
KAZ,Cazaquistão,Q16650990,http://www.wikidata.org/entity/Q2554452,0,1935,,41.441315,69.13626
KAZ,Cazaquistão,Q16650995,http://www.wikidata.org/entity/Q25397000,0,122,,52.712587,76.469122
KAZ,Cazaquistão,Q16651351,http://www.wikidata.org/entity/Q522660,0,648,,43.04444444,69.85305556
KAZ,Cazaquistão,Q16651353,http://www.wikidata.org/entity/Q61366346,0,200,,50.430447,75.579329
KAZ,Cazaquistão,Q16651358,http://www.wikidata.org/entity/Q56368488,0,172,,53.166379,75.800157
KAZ,Cazaquistão,Q16651356,http://www.wikidata.org/entity/Q12532338,0,391,,48.117001,74.190488
KAZ,Cazaquistão,Q16651362,http://www.wikidata.org/entity/Q2554452,0,1140,,41.535555555556,69.279444444444
KAZ,Cazaquistão,Q16651367,http://www.wikidata.org/entity/Q12558653,0,148,,50.170357,73.808634
KAZ,Cazaquistão,Q16651364,http://www.wikidata.org/entity/Q2554511,0,4561,,42.55616944,70.17268889
KAZ,Cazaquistão,Q16651375,http://www.wikidata.org/entity/Q16701364,0,114,,43.136111111111,73.883333333333
KAZ,Cazaquistão,Q16651381,http://www.wikidata.org/entity/Q2605432,0,1486,,41.292221,68.0742
KAZ,Cazaquistão,Q16651461,http://www.wikidata.org/entity/Q4812946,0,0,,51.65888889,68.55333333
KAZ,Cazaquistão,Q16657061,http://www.wikidata.org/entity/Q1249579,0,71,,50.936093,64.710917
KAZ,Cazaquistão,Q16657078,http://www.wikidata.org/entity/Q2554428,0,3264,,42.427448,69.352469
KAZ,Cazaquistão,Q16657076,http://www.wikidata.org/entity/Q16699119,0,135,,42.99944444,71.63333333
KAZ,Cazaquistão,Q16657080,http://www.wikidata.org/entity/Q2554556,0,986,,44.098897,68.546612
KAZ,Cazaquistão,Q16657086,http://www.wikidata.org/entity/Q574486,0,1781,,42.46829,69.530804
KAZ,Cazaquistão,Q16657084,http://www.wikidata.org/entity/Q522660,0,956,,43.31388889,69.04888889
KAZ,Cazaquistão,Q16657099,http://www.wikidata.org/entity/Q56367635,0,144,,53.062933,75.808654
KAZ,Cazaquistão,Q16657123,http://www.wikidata.org/entity/Q30969539,0,551,,52.29551389,62.67529444
KAZ,Cazaquistão,Q16657120,http://www.wikidata.org/entity/Q30974364,0,496,,50.01361111,66.0825
KAZ,Cazaquistão,Q16657130,http://www.wikidata.org/entity/Q2549670,0,576,,43.05666667,73.55361111
KAZ,Cazaquistão,Q16657133,http://www.wikidata.org/entity/Q12577625,0,342,,43.92672222,70.556925
KAZ,Cazaquistão,Q16657137,http://www.wikidata.org/entity/Q2554511,0,31,,42.660117,70.015731
KAZ,Cazaquistão,Q16657159,http://www.wikidata.org/entity/Q1370228,0,5833,,41.61972,69.52889
KAZ,Cazaquistão,Q16657163,http://www.wikidata.org/entity/Q2554556,0,97,,44.861192,68.626526
KAZ,Cazaquistão,Q16657196,http://www.wikidata.org/entity/Q12573979,0,402,,49.70888889,63.63777778
KAZ,Cazaquistão,Q16657232,http://www.wikidata.org/entity/Q2554428,0,222,,42.39078611,69.05267778
KAZ,Cazaquistão,Q16657262,http://www.wikidata.org/entity/Q491123,0,154,,44.89583333,65.35305556
KAZ,Cazaquistão,Q16657265,http://www.wikidata.org/entity/Q2726410,0,0,,43.31555556,67.77972222
KAZ,Cazaquistão,Q16657268,http://www.wikidata.org/entity/Q2554452,0,760,,41.357478,68.12609
KAZ,Cazaquistão,Q16657272,http://www.wikidata.org/entity/Q2605432,0,44,,41.216692,68.199489
KAZ,Cazaquistão,Q16657339,http://www.wikidata.org/entity/Q30972144,0,287,,52.50421667,64.23578611
KAZ,Cazaquistão,Q16657371,http://www.wikidata.org/entity/Q13476251,0,217,,49.518076,75.049446
KAZ,Cazaquistão,Q16657431,http://www.wikidata.org/entity/Q1510481,0,99,,52.50307222,61.45764722
KAZ,Cazaquistão,Q16657435,http://www.wikidata.org/entity/Q56368493,0,620,,53.546428,76.302438
KAZ,Cazaquistão,Q16657443,http://www.wikidata.org/entity/Q4249290,0,217,,53.60305556,62.48888889
KAZ,Cazaquistão,Q16657603,http://www.wikidata.org/entity/Q2476575,0,22,,53.006111111111,75.9169
KAZ,Cazaquistão,Q16657646,http://www.wikidata.org/entity/Q793969,0,118,,54.23671111,63.66531944
KAZ,Cazaquistão,Q16657695,http://www.wikidata.org/entity/Q793969,0,852,,53.88407778,64.39590278
KAZ,Cazaquistão,Q16657791,http://www.wikidata.org/entity/Q20098463,0,1769,,46.19462222,61.95482778
KAZ,Cazaquistão,Q16657807,http://www.wikidata.org/entity/Q964566,0,78,,54.52055556,65.97972222
KAZ,Cazaquistão,Q16657814,http://www.wikidata.org/entity/Q12548083,0,226,,53.76308889,63.15149167
KAZ,Cazaquistão,Q16661335,http://www.wikidata.org/entity/Q20098467,0,1149,,43.28527778,67.66972222
KAZ,Cazaquistão,Q16661407,http://www.wikidata.org/entity/Q13477087,0,276,,49.677348,71.876664
KAZ,Cazaquistão,Q16661432,http://www.wikidata.org/entity/Q2554452,0,91,,41.76833333,69.00555556
KAZ,Cazaquistão,Q16661447,http://www.wikidata.org/entity/Q2554452,0,5450,,41.493278,69.281058
KAZ,Cazaquistão,Q16661510,http://www.wikidata.org/entity/Q2726480,0,108,,48.91444444,70.91611111
KAZ,Cazaquistão,Q16661515,http://www.wikidata.org/entity/Q56367661,0,360,,53.794313,74.955927
KAZ,Cazaquistão,Q16661513,http://www.wikidata.org/entity/Q12565363,0,375,,48.783908,76.450632
KAZ,Cazaquistão,Q16661523,http://www.wikidata.org/entity/Q2554428,0,262,,42.419166666667,68.946666666667
KAZ,Cazaquistão,Q16661527,http://www.wikidata.org/entity/Q1370228,0,934,,41.910773,69.673791
KAZ,Cazaquistão,Q16661529,http://www.wikidata.org/entity/Q2554428,0,265,,42.35722222,69.29861111
KAZ,Cazaquistão,Q16663622,http://www.wikidata.org/entity/Q30969858,0,296,,53.11163333,63.31149167
KAZ,Cazaquistão,Q16663626,http://www.wikidata.org/entity/Q2726480,0,135,,48.866183,71.988595
KAZ,Cazaquistão,Q16663635,http://www.wikidata.org/entity/Q30974531,0,392,,54.26138889,65.27055556
KAZ,Cazaquistão,Q16663639,http://www.wikidata.org/entity/Q22202731,0,411,,44.42444444,66.21861111
KAZ,Cazaquistão,Q16663637,http://www.wikidata.org/entity/Q75318,0,299,,42.26321,69.94308
KAZ,Cazaquistão,Q16664895,http://www.wikidata.org/entity/Q16689593,0,447,,50.73194444,72.80055556
KAZ,Cazaquistão,Q16664926,http://www.wikidata.org/entity/Q2554498,0,132,,52.384296,77.786108
KAZ,Cazaquistão,Q16664935,http://www.wikidata.org/entity/Q2554428,0,1299,,42.52405,69.10455556
KAZ,Cazaquistão,Q16665048,http://www.wikidata.org/entity/Q1510481,0,524,,52.65341111,60.85948611
KAZ,Cazaquistão,Q16665075,http://www.wikidata.org/entity/Q964566,0,108,,54.61944444,65.89861111
KAZ,Cazaquistão,Q16665133,http://www.wikidata.org/entity/Q2554452,0,311,,41.188611111111,68.555833333333
KAZ,Cazaquistão,Q16665230,http://www.wikidata.org/entity/Q30972162,0,649,,52.909491,65.371346
KAZ,Cazaquistão,Q16665228,http://www.wikidata.org/entity/Q737748,0,177,,50.398014,72.494473
KAZ,Cazaquistão,Q16665316,http://www.wikidata.org/entity/Q737748,0,0,,50.36138889,72.74
KAZ,Cazaquistão,Q16666657,http://www.wikidata.org/entity/Q703004,0,0,,51.98416667,62.16833333
KAZ,Cazaquistão,Q16668973,http://www.wikidata.org/entity/Q30974947,0,151,,52.17138889,63.87833333
KAZ,Cazaquistão,Q16669016,http://www.wikidata.org/entity/Q2448467,0,861,,50.406767,75.751762
KAZ,Cazaquistão,Q16669021,http://www.wikidata.org/entity/Q12552907,0,73,,50.323546,71.870964
KAZ,Cazaquistão,Q16669030,http://www.wikidata.org/entity/Q574486,0,881,,42.447793,69.703173
KAZ,Cazaquistão,Q16669064,http://www.wikidata.org/entity/Q2554452,0,298,,41.114856,68.547561
KAZ,Cazaquistão,Q16669237,http://www.wikidata.org/entity/Q12570277,0,74,,48.882018,73.147784
KAZ,Cazaquistão,Q16669240,http://www.wikidata.org/entity/Q12558563,0,630,,43.94138889,67.4475
KAZ,Cazaquistão,Q16669256,http://www.wikidata.org/entity/Q16719476,0,146,,50.830662,73.22412
KAZ,Cazaquistão,Q16669319,http://www.wikidata.org/entity/Q1315249,0,1457,,43.44619,68.45529
KAZ,Cazaquistão,Q16669397,http://www.wikidata.org/entity/Q1370228,0,1343,,41.98074,69.500198
KAZ,Cazaquistão,Q16669400,http://www.wikidata.org/entity/Q2554556,0,4200,,45.266943,68.925984
KAZ,Cazaquistão,Q16669498,http://www.wikidata.org/entity/Q56368482,0,252,,52.920392,76.504312
KAZ,Cazaquistão,Q16669500,http://www.wikidata.org/entity/Q12539912,0,197,,51.224195,73.644261
KAZ,Cazaquistão,Q16669506,http://www.wikidata.org/entity/Q20098546,0,15157,,43.68333333,51.34083333
KAZ,Cazaquistão,Q16671307,http://www.wikidata.org/entity/Q30974457,0,375,,53.22573889,63.87183333
KAZ,Cazaquistão,Q16671305,http://www.wikidata.org/entity/Q12539912,0,90,,51.155097,73.595688
KAZ,Cazaquistão,Q16671311,http://www.wikidata.org/entity/Q1010136,0,0,,53.00917,65.87167
KAZ,Cazaquistão,Q16671634,http://www.wikidata.org/entity/Q2224859,0,0,,51.27861111,70.85722222
KAZ,Cazaquistão,Q16672826,http://www.wikidata.org/entity/Q4812946,0,0,,52.00417,68.33583
KAZ,Cazaquistão,Q16672873,http://www.wikidata.org/entity/Q793969,0,66,,54.20416667,63.9975
KAZ,Cazaquistão,Q16673585,http://www.wikidata.org/entity/Q1378355,0,0,,52.10928889,61.54436944
KAZ,Cazaquistão,Q16674310,http://www.wikidata.org/entity/Q431619,0,0,,52.43388889,63.11361111
KAZ,Cazaquistão,Q16677527,http://www.wikidata.org/entity/Q1010136,0,79,,52.39251667,65.80826944
KAZ,Cazaquistão,Q16677525,http://www.wikidata.org/entity/Q30974365,0,499,,50.17666667,67.44861111
KAZ,Cazaquistão,Q16677529,http://www.wikidata.org/entity/Q12549976,0,91,,54.135555555556,64.771666666667
KAZ,Cazaquistão,Q16678935,http://www.wikidata.org/entity/Q2554487,0,558,,42.80903889,68.31026667
KAZ,Cazaquistão,Q16678933,http://www.wikidata.org/entity/Q56368469,0,418,,53.754344,76.612373
KAZ,Cazaquistão,Q16678937,http://www.wikidata.org/entity/Q12526208,0,85,,50.059977,77.291729
KAZ,Cazaquistão,Q16679059,http://www.wikidata.org/entity/Q2476538,0,0,,52.99583333,64.56638889
KAZ,Cazaquistão,Q16679235,http://www.wikidata.org/entity/Q12530028,0,242,,52.75525833,61.18967222
KAZ,Cazaquistão,Q16679233,http://www.wikidata.org/entity/Q2605063,0,0,,51.88805556,67.78388889
KAZ,Cazaquistão,Q16679239,http://www.wikidata.org/entity/Q30969550,0,279,,52.862549,62.800763
KAZ,Cazaquistão,Q16679237,http://www.wikidata.org/entity/Q56368736,0,1552,,52.675497,76.708761
KAZ,Cazaquistão,Q16679313,http://www.wikidata.org/entity/Q30969544,0,536,,52.84388889,62.9625
KAZ,Cazaquistão,Q16679348,http://www.wikidata.org/entity/Q2554534,0,176,,52.800997,77.763376
KAZ,Cazaquistão,Q16679367,http://www.wikidata.org/entity/Q1377553,0,570,,53.72265278,61.93030556
KAZ,Cazaquistão,Q16679414,http://www.wikidata.org/entity/Q1377553,0,2,,53.49785278,62.25395833
KAZ,Cazaquistão,Q16679416,http://www.wikidata.org/entity/Q2554498,0,197,,52.529956,78.352075
KAZ,Cazaquistão,Q16679582,http://www.wikidata.org/entity/Q12574513,0,663,,47.599797,75.665488
KAZ,Cazaquistão,Q16679626,http://www.wikidata.org/entity/Q2668108,0,88,,47.401428,64.920956
KAZ,Cazaquistão,Q16679628,http://www.wikidata.org/entity/Q2476619,0,0,,50.959983,64.891314
KAZ,Cazaquistão,Q16679769,http://www.wikidata.org/entity/Q431619,0,0,,52.60555556,63.18611111
KAZ,Cazaquistão,Q16679779,http://www.wikidata.org/entity/Q2554534,0,0,,52.90944444,76.97305556
KAZ,Cazaquistão,Q16679818,http://www.wikidata.org/entity/Q1510481,0,0,,52.31,61.61138889
KAZ,Cazaquistão,Q16682669,http://www.wikidata.org/entity/Q56368477,0,218,,54.251336,76.594263
KAZ,Cazaquistão,Q16682672,http://www.wikidata.org/entity/Q1650873,0,0,,53.87583333,63.01222222
KAZ,Cazaquistão,Q16682680,http://www.wikidata.org/entity/Q574486,0,642,,42.614916,69.544594
KAZ,Cazaquistão,Q16682690,http://www.wikidata.org/entity/Q1315785,0,210,,43.43298,68.80874
KAZ,Cazaquistão,Q16682692,http://www.wikidata.org/entity/Q976752,0,106,,45.85,62.30388889
KAZ,Cazaquistão,Q16684300,http://www.wikidata.org/entity/Q1249595,0,126,,53.65083333,65.58694444
KAZ,Cazaquistão,Q16687196,http://www.wikidata.org/entity/Q703004,0,46,,51.485,62.56861111
KAZ,Cazaquistão,Q16687200,http://www.wikidata.org/entity/Q75318,0,137,,42.25101,69.9448
KAZ,Cazaquistão,Q16687643,http://www.wikidata.org/entity/Q964566,0,29,,54.65916667,65.86527778
KAZ,Cazaquistão,Q16688130,http://www.wikidata.org/entity/Q2726443,0,762,,50.47944444,71.09277778
KAZ,Cazaquistão,Q16688219,http://www.wikidata.org/entity/Q4812946,0,0,,51.90722222,68.3425
KAZ,Cazaquistão,Q16688243,http://www.wikidata.org/entity/Q12538364,0,709,,53.51083333,63.08083333
KAZ,Cazaquistão,Q16688276,http://www.wikidata.org/entity/Q56368476,0,796,,53.70951,75.093513
KAZ,Cazaquistão,Q16688281,http://www.wikidata.org/entity/Q13483984,0,536,,50.61198611,73.01531667
KAZ,Cazaquistão,Q16688394,http://www.wikidata.org/entity/Q2476538,0,464,,52.85944444,64.54583333
KAZ,Cazaquistão,Q16688398,http://www.wikidata.org/entity/Q1377553,0,71,,53.62944167,62.26632778
KAZ,Cazaquistão,Q16688401,http://www.wikidata.org/entity/Q12562792,0,160,,53.79527778,64.55805556
KAZ,Cazaquistão,Q16688407,http://www.wikidata.org/entity/Q1650873,0,403,,53.62027778,62.70777778
KAZ,Cazaquistão,Q16688404,http://www.wikidata.org/entity/Q431619,0,590,,52.64550556,62.31904167
KAZ,Cazaquistão,Q16688419,http://www.wikidata.org/entity/Q30974404,0,761,,52.639575,61.28676111
KAZ,Cazaquistão,Q16688423,http://www.wikidata.org/entity/Q30974411,0,176,,52.821801,62.612615
KAZ,Cazaquistão,Q16688426,http://www.wikidata.org/entity/Q2476575,0,719,,53.01891,75.92651
KAZ,Cazaquistão,Q16688431,http://www.wikidata.org/entity/Q30974399,0,1215,,51.92916667,61.52944444
KAZ,Cazaquistão,Q16688428,http://www.wikidata.org/entity/Q30974407,0,57,,53.01638889,61.20138889
KAZ,Cazaquistão,Q16688438,http://www.wikidata.org/entity/Q30969619,0,637,,53.50174167,61.28504444
KAZ,Cazaquistão,Q16688440,http://www.wikidata.org/entity/Q35899,0,0,,53.709385,69.619146
KAZ,Cazaquistão,Q16688497,http://www.wikidata.org/entity/Q30969552,0,238,,52.6275,62.77388889
KAZ,Cazaquistão,Q16688515,http://www.wikidata.org/entity/Q30969635,0,250,,53.88190278,61.95157778
KAZ,Cazaquistão,Q16688831,http://www.wikidata.org/entity/Q75318,0,1275,,42.21123,69.80421
KAZ,Cazaquistão,Q16688904,http://www.wikidata.org/entity/Q2029854,0,0,,52.839145,67.709079
KAZ,Cazaquistão,Q16689107,http://www.wikidata.org/entity/Q2565597,0,0,,52.58638889,69.1525
KAZ,Cazaquistão,Q17562724,http://www.wikidata.org/entity/Q61368144,0,38,,47.48728,84.48726
KAZ,Cazaquistão,Q17562728,http://www.wikidata.org/entity/Q61368181,0,251,,47.599645,84.893181
KAZ,Cazaquistão,Q17562729,http://www.wikidata.org/entity/Q2726370,0,99,,47.39347,84.62253
KAZ,Cazaquistão,Q17562743,http://www.wikidata.org/entity/Q2726370,0,27,,47.47052,84.7899
KAZ,Cazaquistão,Q17562754,http://www.wikidata.org/entity/Q61368181,0,891,,47.477217,84.772068
KAZ,Cazaquistão,Q17749574,http://www.wikidata.org/entity/Q61367830,0,53,,49.534456,86.507506
KAZ,Cazaquistão,Q17749578,http://www.wikidata.org/entity/Q2550792,0,444,,49.176654,85.771809
KAZ,Cazaquistão,Q17749576,http://www.wikidata.org/entity/Q61367830,0,59,,49.36918,86.32061
KAZ,Cazaquistão,Q17749582,http://www.wikidata.org/entity/Q2550792,0,145,,49.220568,85.677395
KAZ,Cazaquistão,Q17749580,http://www.wikidata.org/entity/Q2550792,0,246,,49.159032,85.703831
KAZ,Cazaquistão,Q17749586,http://www.wikidata.org/entity/Q16434604,0,552,,49.46208889,85.05844722
KAZ,Cazaquistão,Q17749590,http://www.wikidata.org/entity/Q16434604,0,397,,49.335819,85.165007
KAZ,Cazaquistão,Q17749588,http://www.wikidata.org/entity/Q16434604,0,28,,49.520166,85.041497
KAZ,Cazaquistão,Q17749594,http://www.wikidata.org/entity/Q61367825,0,608,,49.183442,85.302637
KAZ,Cazaquistão,Q17749592,http://www.wikidata.org/entity/Q16434604,0,214,,49.398308,85.21878
KAZ,Cazaquistão,Q17749599,http://www.wikidata.org/entity/Q2550792,0,569,,49.179964,84.97191
KAZ,Cazaquistão,Q17749596,http://www.wikidata.org/entity/Q61367825,0,171,,49.211738,85.369928
KAZ,Cazaquistão,Q17749603,http://www.wikidata.org/entity/Q2550792,0,552,,49.483822,84.701285
KAZ,Cazaquistão,Q17749601,http://www.wikidata.org/entity/Q2550792,0,208,,49.184167,84.826389
KAZ,Cazaquistão,Q17749605,http://www.wikidata.org/entity/Q2550792,0,161,,49.450983,84.656117
KAZ,Cazaquistão,Q17749610,http://www.wikidata.org/entity/Q2550792,0,60,,49.387932,84.965515
KAZ,Cazaquistão,Q17749608,http://www.wikidata.org/entity/Q2550792,0,285,,49.580097,84.79115
KAZ,Cazaquistão,Q17749635,http://www.wikidata.org/entity/Q31195963,0,328,,49.22417,86.203001
KAZ,Cazaquistão,Q17749633,http://www.wikidata.org/entity/Q31195963,0,1076,,49.222502,85.886693
KAZ,Cazaquistão,Q18396326,http://www.wikidata.org/entity/Q36156,0,188,,48.2614,80.4631
KAZ,Cazaquistão,Q18396325,http://www.wikidata.org/entity/Q2550754,0,1500,,47.71543,79.483964
KAZ,Cazaquistão,Q18396332,http://www.wikidata.org/entity/Q613774,0,95,,47.318385,83.101648
KAZ,Cazaquistão,Q18396333,http://www.wikidata.org/entity/Q61944,0,231,,49.40832,78.34754
KAZ,Cazaquistão,Q18396351,http://www.wikidata.org/entity/Q2550803,0,1370,,47.0776,81.58962
KAZ,Cazaquistão,Q18396354,http://www.wikidata.org/entity/Q613774,0,74,,47.316944444444,82.877777777778
KAZ,Cazaquistão,Q18396355,http://www.wikidata.org/entity/Q622780,0,736,,51.95569,75.97011
KAZ,Cazaquistão,Q18396358,http://www.wikidata.org/entity/Q613774,0,214,,47.78894,82.67177
KAZ,Cazaquistão,Q18396359,http://www.wikidata.org/entity/Q2550754,0,159,,48.1654,80.12123
KAZ,Cazaquistão,Q18396397,http://www.wikidata.org/entity/Q2550803,0,1034,,46.93409,82.86025
KAZ,Cazaquistão,Q18398729,http://www.wikidata.org/entity/Q2550803,0,1973,,47.03269,82.14855
KAZ,Cazaquistão,Q18398744,http://www.wikidata.org/entity/Q2726381,0,52,,48.70988,80.90761
KAZ,Cazaquistão,Q18398767,http://www.wikidata.org/entity/Q976752,0,18,,45.84055556,62.525
KAZ,Cazaquistão,Q18398843,http://www.wikidata.org/entity/Q613774,0,570,,48.336839,81.656957
KAZ,Cazaquistão,Q18398852,http://www.wikidata.org/entity/Q622780,0,0,,51.97431,75.87535
KAZ,Cazaquistão,Q18398892,http://www.wikidata.org/entity/Q893317,0,0,,49.9993,83.1489
KAZ,Cazaquistão,Q18398898,http://www.wikidata.org/entity/Q2550757,0,3,,50.18838889,81.88829167
KAZ,Cazaquistão,Q18399621,http://www.wikidata.org/entity/Q2554534,0,0,,53.123244,77.311166
KAZ,Cazaquistão,Q18399625,http://www.wikidata.org/entity/Q47982,0,0,,51.73564,79.0631
KAZ,Cazaquistão,Q18399665,http://www.wikidata.org/entity/Q2466428,0,51,,50.67356389,81.83449167
KAZ,Cazaquistão,Q18399993,http://www.wikidata.org/entity/Q61366857,0,521,,52.13928,77.05415
KAZ,Cazaquistão,Q18400007,http://www.wikidata.org/entity/Q2550754,0,628,,48.393728,78.753326
KAZ,Cazaquistão,Q18400014,http://www.wikidata.org/entity/Q2550792,0,130,,49.08903889,84.19928889
KAZ,Cazaquistão,Q18400020,http://www.wikidata.org/entity/Q61368433,0,562,,47.883853,83.823643
KAZ,Cazaquistão,Q18400031,http://www.wikidata.org/entity/Q4320920,0,231,,49.483161,83.884606
KAZ,Cazaquistão,Q18400184,http://www.wikidata.org/entity/Q61368097,0,788,,48.5775012,83.7824464
KAZ,Cazaquistão,Q18400190,http://www.wikidata.org/entity/Q2550803,0,1003,,47.15833333,81.00277778
KAZ,Cazaquistão,Q18400194,http://www.wikidata.org/entity/Q61366775,0,1192,,51.91981,77.05759
KAZ,Cazaquistão,Q18400195,http://www.wikidata.org/entity/Q2550754,0,61,,47.876411,80.063278
KAZ,Cazaquistão,Q18400192,http://www.wikidata.org/entity/Q61366669,0,505,,51.19408,74.03841
KAZ,Cazaquistão,Q18400193,http://www.wikidata.org/entity/Q12574613,0,290,,48.454709,74.973264
KAZ,Cazaquistão,Q18400201,http://www.wikidata.org/entity/Q2550803,0,278,,47.24638,81.48147
KAZ,Cazaquistão,Q18400217,http://www.wikidata.org/entity/Q2726381,0,455,,49.36114,81.60678
KAZ,Cazaquistão,Q18400307,http://www.wikidata.org/entity/Q4346361,0,222,,49.78885,84.16164167
KAZ,Cazaquistão,Q18400310,http://www.wikidata.org/entity/Q12528475,0,416,,49.67674,82.50698
KAZ,Cazaquistão,Q18400317,http://www.wikidata.org/entity/Q2466416,0,101,,51.191286,78.997879
KAZ,Cazaquistão,Q18400343,http://www.wikidata.org/entity/Q496442,0,481,,51.916426,76.097317
KAZ,Cazaquistão,Q18400366,http://www.wikidata.org/entity/Q61367817,0,103,,49.356215,85.57796
KAZ,Cazaquistão,Q18400368,http://www.wikidata.org/entity/Q2550803,0,394,,46.755555555556,82.080555555556
KAZ,Cazaquistão,Q18400390,http://www.wikidata.org/entity/Q488379,0,239,,54.830394,69.12616
KAZ,Cazaquistão,Q18400394,http://www.wikidata.org/entity/Q2554520,0,0,,43.3027,75.12743
KAZ,Cazaquistão,Q18400392,http://www.wikidata.org/entity/Q61368424,0,1497,,47.451912,83.534174
KAZ,Cazaquistão,Q18400412,http://www.wikidata.org/entity/Q61420667,0,483,,51.80949,75.655739
KAZ,Cazaquistão,Q18400434,http://www.wikidata.org/entity/Q2550775,0,823,,48.885225,83.33481389
KAZ,Cazaquistão,Q18400446,http://www.wikidata.org/entity/Q2550757,0,273,,49.47772,83.14556
KAZ,Cazaquistão,Q18400449,http://www.wikidata.org/entity/Q56368948,0,140,,51.54736944,77.44558333
KAZ,Cazaquistão,Q18400456,http://www.wikidata.org/entity/Q2550775,0,961,,48.856378,82.976371
KAZ,Cazaquistão,Q18400461,http://www.wikidata.org/entity/Q613774,0,1210,,47.57021,82.93767
KAZ,Cazaquistão,Q18400641,http://www.wikidata.org/entity/Q2550803,0,176,,47.06615,82.16709
KAZ,Cazaquistão,Q18400646,http://www.wikidata.org/entity/Q613774,0,195,,47.76772,82.94317
KAZ,Cazaquistão,Q18400644,http://www.wikidata.org/entity/Q2550775,0,69,,48.756457,82.802124
KAZ,Cazaquistão,Q18400652,http://www.wikidata.org/entity/Q613774,0,1792,,47.878715329373,82.010303048492
KAZ,Cazaquistão,Q18400658,http://www.wikidata.org/entity/Q2664367,0,509,,49.709025,84.23495278
KAZ,Cazaquistão,Q18400657,http://www.wikidata.org/entity/Q2554476,0,207,,51.318566666667,77.747222222222
KAZ,Cazaquistão,Q18400660,http://www.wikidata.org/entity/Q2550757,0,70,,49.45183,82.13516
KAZ,Cazaquistão,Q18400665,http://www.wikidata.org/entity/Q2550803,0,826,,47.140387,81.750816
KAZ,Cazaquistão,Q18400670,http://www.wikidata.org/entity/Q2726381,0,10,,49.58173333,81.05135833
KAZ,Cazaquistão,Q18400671,http://www.wikidata.org/entity/Q2550803,0,1811,,47.16603,81.61932
KAZ,Cazaquistão,Q18400669,http://www.wikidata.org/entity/Q2550757,0,475,,49.64184,82.68447
KAZ,Cazaquistão,Q18400678,http://www.wikidata.org/entity/Q986100,0,5,,50.58945,83.35756
KAZ,Cazaquistão,Q18400704,http://www.wikidata.org/entity/Q2550754,0,93,,48.14898,81.137696
KAZ,Cazaquistão,Q18400724,http://www.wikidata.org/entity/Q2466416,0,206,,50.51580556,79.71235833
KAZ,Cazaquistão,Q18407779,http://www.wikidata.org/entity/Q61368016,0,333,,48.1331,83.958807
KAZ,Cazaquistão,Q18407782,http://www.wikidata.org/entity/Q2550754,0,132,,48.262184,77.247963
KAZ,Cazaquistão,Q18407784,http://www.wikidata.org/entity/Q2550775,0,134,,49.144464,83.75586
KAZ,Cazaquistão,Q18408786,http://www.wikidata.org/entity/Q703004,0,237,,51.46208889,61.56995556
KAZ,Cazaquistão,Q18408800,http://www.wikidata.org/entity/Q2550803,0,534,,46.96327,82.26888
KAZ,Cazaquistão,Q18408813,http://www.wikidata.org/entity/Q2550784,0,1576,,48.1383406,85.1708222
KAZ,Cazaquistão,Q18408821,http://www.wikidata.org/entity/Q893317,0,57,,50.24285,82.35683611
KAZ,Cazaquistão,Q18408828,http://www.wikidata.org/entity/Q2554498,0,0,,52.8315767,78.0049896
KAZ,Cazaquistão,Q18408833,http://www.wikidata.org/entity/Q2550746,0,0,,50.71255,81.09729
KAZ,Cazaquistão,Q18408839,http://www.wikidata.org/entity/Q2726381,0,23,,49.53824,81.10382
KAZ,Cazaquistão,Q18408837,http://www.wikidata.org/entity/Q2726381,0,23,,48.98675,80.95842
KAZ,Cazaquistão,Q18408851,http://www.wikidata.org/entity/Q622780,0,190,,52.39561,76.70654
KAZ,Cazaquistão,Q18408856,http://www.wikidata.org/entity/Q2550775,0,72,,48.865342,82.799023
KAZ,Cazaquistão,Q18408902,http://www.wikidata.org/entity/Q61368390,0,257,,47.356276,83.664633
KAZ,Cazaquistão,Q18408904,http://www.wikidata.org/entity/Q16693901,0,1129,,50.569425,81.80325833
KAZ,Cazaquistão,Q18408923,http://www.wikidata.org/entity/Q16694906,0,130,,50.567224,82.238481
KAZ,Cazaquistão,Q18408932,http://www.wikidata.org/entity/Q2726381,0,364,,48.911564,80.900492
KAZ,Cazaquistão,Q18408933,http://www.wikidata.org/entity/Q2726381,0,194,,48.928872,80.889673
KAZ,Cazaquistão,Q18408951,http://www.wikidata.org/entity/Q2550754,0,873,,47.994143,80.85695
KAZ,Cazaquistão,Q18408954,http://www.wikidata.org/entity/Q2550754,0,101,,47.831156,80.487202
KAZ,Cazaquistão,Q18408955,http://www.wikidata.org/entity/Q622780,0,137,,52.16309,76.85331
KAZ,Cazaquistão,Q18408952,http://www.wikidata.org/entity/Q61367830,0,24,,49.44564,86.348827
KAZ,Cazaquistão,Q18408957,http://www.wikidata.org/entity/Q613774,0,19,,48.14776,81.80179
KAZ,Cazaquistão,Q18408962,http://www.wikidata.org/entity/Q2550754,0,211,,47.511404,80.876713
KAZ,Cazaquistão,Q18408963,http://www.wikidata.org/entity/Q2550754,0,34,,48.29381,77.78251
KAZ,Cazaquistão,Q18408960,http://www.wikidata.org/entity/Q2550803,0,463,,47.345205,81.189451
KAZ,Cazaquistão,Q18408965,http://www.wikidata.org/entity/Q2550784,0,131,,48.87533,83.8734
KAZ,Cazaquistão,Q18409129,http://www.wikidata.org/entity/Q613774,0,202,,47.57305,82.49822
KAZ,Cazaquistão,Q18409142,http://www.wikidata.org/entity/Q613774,0,126,,47.96648,82.89871
KAZ,Cazaquistão,Q19916298,http://www.wikidata.org/entity/Q36156,0,40,,49.3344,82.115
KAZ,Cazaquistão,Q19916740,http://www.wikidata.org/entity/Q36156,0,0,,50.6425,81.4358
KAZ,Cazaquistão,Q19952441,http://www.wikidata.org/entity/Q703004,0,2,,51.602222222222,62.168611111111
KAZ,Cazaquistão,Q21103509,http://www.wikidata.org/entity/Q2550784,0,0,,48.80686,85.08705
KAZ,Cazaquistão,Q21103540,,0,0,,50.075,67.30833
KAZ,Cazaquistão,Q21103583,http://www.wikidata.org/entity/Q2550784,0,0,,48.83083333,85.77388889
KAZ,Cazaquistão,Q21103716,http://www.wikidata.org/entity/Q964566,0,0,,54.13348,65.02532
KAZ,Cazaquistão,Q21103751,,0,0,,52.56639,62.57555
KAZ,Cazaquistão,Q21103886,http://www.wikidata.org/entity/Q2550784,0,0,,48.81111111,85.08527778
KAZ,Cazaquistão,Q21104040,http://www.wikidata.org/entity/Q2556274,0,0,,50.72603,67.7877
KAZ,Cazaquistão,Q21104049,http://www.wikidata.org/entity/Q2550358,0,0,,50.88361,57.7675
KAZ,Cazaquistão,Q21821278,http://www.wikidata.org/entity/Q703004,0,0,,51.69789,62.47169
KAZ,Cazaquistão,Q27351176,http://www.wikidata.org/entity/Q485496,0,325000,,42.3,69.6
KAZ,Cazaquistão,Q16689215,http://www.wikidata.org/entity/Q2283566,0,42,,49.762168,72.095411
KAZ,Cazaquistão,Q16689327,http://www.wikidata.org/entity/Q2554511,0,166,,42.648733,70.197676
KAZ,Cazaquistão,Q16690842,http://www.wikidata.org/entity/Q2554487,0,64,,42.90111111,68.39277778
KAZ,Cazaquistão,Q16690845,http://www.wikidata.org/entity/Q20098305,0,83,,42.37155,68.83878
KAZ,Cazaquistão,Q16690851,http://www.wikidata.org/entity/Q20098691,0,61,,42.3187,68.90582
KAZ,Cazaquistão,Q16695267,http://www.wikidata.org/entity/Q619361,0,295,,53.35305556,63.20666667
KAZ,Cazaquistão,Q16695404,http://www.wikidata.org/entity/Q703004,0,365,,51.63155278,62.56476667
KAZ,Cazaquistão,Q16695495,http://www.wikidata.org/entity/Q1010136,0,0,,52.85972222,65.235
KAZ,Cazaquistão,Q16695497,http://www.wikidata.org/entity/Q13489700,0,101,,50.78852,73.084989
KAZ,Cazaquistão,Q16695555,http://www.wikidata.org/entity/Q30969598,0,535,,53.92356111,62.19260278
KAZ,Cazaquistão,Q16695617,http://www.wikidata.org/entity/Q2726463,0,95,,49.926306,72.969682
KAZ,Cazaquistão,Q16696083,http://www.wikidata.org/entity/Q2554487,0,2048,,42.593047,68.606726
KAZ,Cazaquistão,Q16696087,http://www.wikidata.org/entity/Q30974377,0,79,,50.25176111,65.41599167
KAZ,Cazaquistão,Q16696089,http://www.wikidata.org/entity/Q56368778,0,455,,52.10355,77.97546
KAZ,Cazaquistão,Q16696093,http://www.wikidata.org/entity/Q20098428,0,927,,45.01805556,63.82666667
KAZ,Cazaquistão,Q16696099,http://www.wikidata.org/entity/Q2605063,0,0,,52.21833333,67.53083333
KAZ,Cazaquistão,Q16696097,http://www.wikidata.org/entity/Q12533343,0,1590,,43.834774,73.761678
KAZ,Cazaquistão,Q16696107,http://www.wikidata.org/entity/Q30972214,0,562,,53.20653611,65.02018611
KAZ,Cazaquistão,Q16696109,http://www.wikidata.org/entity/Q1427082,0,376,,51.93888889,63.06833333
KAZ,Cazaquistão,Q16696113,http://www.wikidata.org/entity/Q1370228,0,1384,,41.860444,69.427756
KAZ,Cazaquistão,Q16696119,http://www.wikidata.org/entity/Q16691557,0,419,,43.281767,74.134183
KAZ,Cazaquistão,Q16696117,http://www.wikidata.org/entity/Q20098432,0,2217,,44.910967,65.101848
KAZ,Cazaquistão,Q16696620,http://www.wikidata.org/entity/Q12563986,0,185,,50.436899,72.354741
KAZ,Cazaquistão,Q16696700,http://www.wikidata.org/entity/Q12537131,0,136,,50.1963083,74.8290889
KAZ,Cazaquistão,Q16696704,http://www.wikidata.org/entity/Q30969858,0,157,,53.03433889,63.37046667
KAZ,Cazaquistão,Q16696791,http://www.wikidata.org/entity/Q619361,0,833,,52.82222222,63.90277778
KAZ,Cazaquistão,Q16696930,http://www.wikidata.org/entity/Q737748,0,730,,50.1175,73.43666667
KAZ,Cazaquistão,Q16713902,http://www.wikidata.org/entity/Q2554534,0,0,,52.89972222,77.77722222
KAZ,Cazaquistão,Q16714103,http://www.wikidata.org/entity/Q2456359,0,44,,52.10388889,72.3525
KAZ,Cazaquistão,Q16715309,http://www.wikidata.org/entity/Q703004,0,21,,51.7675,62.09861111
KAZ,Cazaquistão,Q16716194,http://www.wikidata.org/entity/Q2554452,0,298,,41.613888888889,68.913888888889
KAZ,Cazaquistão,Q16716238,http://www.wikidata.org/entity/Q1370228,0,158,,41.977869,69.038365
KAZ,Cazaquistão,Q16716267,http://www.wikidata.org/entity/Q737748,0,66,,50.060831,72.057509
KAZ,Cazaquistão,Q16716265,http://www.wikidata.org/entity/Q30974972,0,156,,53.388038,66.092534
KAZ,Cazaquistão,Q16716269,http://www.wikidata.org/entity/Q574486,0,3221,,42.430555555556,69.846666666667
KAZ,Cazaquistão,Q16716414,http://www.wikidata.org/entity/Q1510481,0,84,,52.2235,61.95033611
KAZ,Cazaquistão,Q16716543,http://www.wikidata.org/entity/Q13403309,0,39,,43.17888889,73.17888889
KAZ,Cazaquistão,Q16717705,http://www.wikidata.org/entity/Q2554452,0,1864,,41.573859,68.843817
KAZ,Cazaquistão,Q16717891,http://www.wikidata.org/entity/Q30974950,0,1047,,52.40546111,64.383325
KAZ,Cazaquistão,Q16717997,http://www.wikidata.org/entity/Q56368749,0,1499,,52.749957,76.650825
KAZ,Cazaquistão,Q16718012,http://www.wikidata.org/entity/Q56368751,0,653,,52.520921,76.808153
KAZ,Cazaquistão,Q16718037,http://www.wikidata.org/entity/Q30974532,0,223,,53.68916667,64.09438333
KAZ,Cazaquistão,Q16719682,http://www.wikidata.org/entity/Q13476470,0,1211,,50.48,71.40027778
KAZ,Cazaquistão,Q16719867,http://www.wikidata.org/entity/Q12528936,0,657,,49.49861111,63.35527778
KAZ,Cazaquistão,Q16719954,http://www.wikidata.org/entity/Q30969859,0,654,,53.39973333,63.44638333
KAZ,Cazaquistão,Q16720152,http://www.wikidata.org/entity/Q13423406,0,983,,49.964638,74.03321
KAZ,Cazaquistão,Q16720188,http://www.wikidata.org/entity/Q13484580,0,209,,50.64507778,73.619075
KAZ,Cazaquistão,Q16720208,http://www.wikidata.org/entity/Q25505487,0,213,,54.01194444,64.18472222
KAZ,Cazaquistão,Q16720212,http://www.wikidata.org/entity/Q20098983,0,2198,,46.94476111,61.61708889
KAZ,Cazaquistão,Q16720230,http://www.wikidata.org/entity/Q16719208,0,75,,49.966571,76.649888
KAZ,Cazaquistão,Q16720338,http://www.wikidata.org/entity/Q22205116,0,2638,,44.82800833,65.11856944
KAZ,Cazaquistão,Q16720350,http://www.wikidata.org/entity/Q47982,0,54,,51.482973,77.720804
KAZ,Cazaquistão,Q16720433,http://www.wikidata.org/entity/Q619361,0,434,,53.62782778,63.38261111
KAZ,Cazaquistão,Q16720727,http://www.wikidata.org/entity/Q20098581,0,483,,43.61638889,61.92694444
KAZ,Cazaquistão,Q16720725,http://www.wikidata.org/entity/Q483322,0,0,,50.22194444,63.98805556
KAZ,Cazaquistão,Q16720729,http://www.wikidata.org/entity/Q22204277,0,879,,42.13286,68.22938
KAZ,Cazaquistão,Q16720738,http://www.wikidata.org/entity/Q1315785,0,589,,43.21194,68.25187
KAZ,Cazaquistão,Q16720744,http://www.wikidata.org/entity/Q2476538,0,796,,53.36362778,64.88337222
KAZ,Cazaquistão,Q16720836,http://www.wikidata.org/entity/Q13476306,0,179,,50.130703,75.70133
KAZ,Cazaquistão,Q16721299,http://www.wikidata.org/entity/Q2554452,0,743,,41.676638888889,68.820833333333
KAZ,Cazaquistão,Q16721303,http://www.wikidata.org/entity/Q2554452,0,1052,,41.412019444444,68.918163888889
KAZ,Cazaquistão,Q16721301,http://www.wikidata.org/entity/Q2554452,0,545,,41.293036,68.849562
KAZ,Cazaquistão,Q16721305,http://www.wikidata.org/entity/Q2554487,0,1425,,42.746389,68.365283
KAZ,Cazaquistão,Q16721462,http://www.wikidata.org/entity/Q431619,0,166,,52.98651111,62.59885
KAZ,Cazaquistão,Q16721529,http://www.wikidata.org/entity/Q2554556,0,694,,44.2575,68.54061
KAZ,Cazaquistão,Q16721535,http://www.wikidata.org/entity/Q2554487,0,257,,42.647777777778,68.186111111111
KAZ,Cazaquistão,Q16721533,http://www.wikidata.org/entity/Q1370228,0,179,,42.02194444,69.03055556
KAZ,Cazaquistão,Q16721539,http://www.wikidata.org/entity/Q2554428,0,853,,42.444995,69.237542
KAZ,Cazaquistão,Q16721547,http://www.wikidata.org/entity/Q1370228,0,1384,,41.635588,69.371796
KAZ,Cazaquistão,Q16721549,http://www.wikidata.org/entity/Q12571220,0,801,,49.693175,74.370475
KAZ,Cazaquistão,Q16721555,http://www.wikidata.org/entity/Q56368499,0,213,,53.017971,76.199906
KAZ,Cazaquistão,Q16721553,http://www.wikidata.org/entity/Q2554487,0,791,,42.789917,68.341949
KAZ,Cazaquistão,Q16721557,http://www.wikidata.org/entity/Q2554452,0,54,,41.36,68.769722222222
KAZ,Cazaquistão,Q16721561,http://www.wikidata.org/entity/Q522660,0,470,,43.00916667,69.46222222
KAZ,Cazaquistão,Q16721566,http://www.wikidata.org/entity/Q25396986,0,174,,53.209939,75.609098
KAZ,Cazaquistão,Q16721570,http://www.wikidata.org/entity/Q574486,0,1101,,42.462796,69.751478
KAZ,Cazaquistão,Q16721571,http://www.wikidata.org/entity/Q2554511,0,1598,,42.53992222,69.92734167
KAZ,Cazaquistão,Q16721568,http://www.wikidata.org/entity/Q2554428,0,153,,42.42222222,68.9525
KAZ,Cazaquistão,Q16721573,http://www.wikidata.org/entity/Q12571243,0,706,,52.25793056,61.46500556
KAZ,Cazaquistão,Q17494792,http://www.wikidata.org/entity/Q2550746,0,196,,50.480555555556,81.507777777778
KAZ,Cazaquistão,Q17494799,http://www.wikidata.org/entity/Q2550746,0,70,,50.75557,80.33374
KAZ,Cazaquistão,Q17494801,http://www.wikidata.org/entity/Q2550746,0,144,,50.847478,80.196612
KAZ,Cazaquistão,Q17494806,http://www.wikidata.org/entity/Q2550746,0,216,,50.502153,81.22879
KAZ,Cazaquistão,Q17494804,http://www.wikidata.org/entity/Q2550746,0,352,,50.811273,80.297914
KAZ,Cazaquistão,Q17494810,http://www.wikidata.org/entity/Q2550746,0,893,,50.52070833,81.12065556
KAZ,Cazaquistão,Q17494808,http://www.wikidata.org/entity/Q2550746,0,226,,50.483333333333,81.233333333333
KAZ,Cazaquistão,Q17562714,http://www.wikidata.org/entity/Q61368182,0,1210,,47.498937,85.174448
KAZ,Cazaquistão,Q17562719,http://www.wikidata.org/entity/Q61368144,0,56,,47.578762,84.732184
KAZ,Cazaquistão,Q17562716,http://www.wikidata.org/entity/Q61368144,0,46,,47.60362,84.60828
KAZ,Cazaquistão,Q17562721,http://www.wikidata.org/entity/Q61368144,0,32,,47.54363,84.46048
KAZ,Cazaquistão,Q17562726,http://www.wikidata.org/entity/Q61368144,0,1953,,47.549912,84.683733
KAZ,Cazaquistão,Q18400866,http://www.wikidata.org/entity/Q893317,0,69,,50.23337,82.32124
KAZ,Cazaquistão,Q18400903,http://www.wikidata.org/entity/Q2466416,0,578,,50.61744722,79.10895
KAZ,Cazaquistão,Q18400911,http://www.wikidata.org/entity/Q986100,0,276,,50.31752,83.40991
KAZ,Cazaquistão,Q18400912,http://www.wikidata.org/entity/Q2466416,0,402,,51.05046,79.66838
KAZ,Cazaquistão,Q18401073,http://www.wikidata.org/entity/Q61366765,0,209,,52.0149,76.50827
KAZ,Cazaquistão,Q18401113,http://www.wikidata.org/entity/Q2554534,0,0,,52.87944,76.97768
KAZ,Cazaquistão,Q18401127,http://www.wikidata.org/entity/Q2550754,0,11,,47.947728,79.297763
KAZ,Cazaquistão,Q18401125,http://www.wikidata.org/entity/Q1099244,0,83,,49.65972222,80.01027778
KAZ,Cazaquistão,Q18401141,http://www.wikidata.org/entity/Q16717324,0,505,,52.72132,78.07957
KAZ,Cazaquistão,Q18401150,http://www.wikidata.org/entity/Q4320920,0,645,,49.49411,84.094505
KAZ,Cazaquistão,Q18401163,http://www.wikidata.org/entity/Q2554498,0,72,,52.85545,78.0558
KAZ,Cazaquistão,Q18401178,http://www.wikidata.org/entity/Q61366766,0,250,,52.50285,76.61865
KAZ,Cazaquistão,Q18401641,http://www.wikidata.org/entity/Q41229,0,0,,53.90212,68.82247
KAZ,Cazaquistão,Q18401679,http://www.wikidata.org/entity/Q58179,0,0,,52.912599,74.558696
KAZ,Cazaquistão,Q18401920,http://www.wikidata.org/entity/Q2550746,0,0,,50.93972,81.15583
KAZ,Cazaquistão,Q18401925,http://www.wikidata.org/entity/Q2554534,0,0,,53.278788,77.890856
KAZ,Cazaquistão,Q18402056,http://www.wikidata.org/entity/Q58179,0,0,,52.93698,74.535776
KAZ,Cazaquistão,Q18402085,http://www.wikidata.org/entity/Q2550775,0,169,,48.58297,83.14968
KAZ,Cazaquistão,Q18402088,http://www.wikidata.org/entity/Q2726381,0,456,,49.506875,81.812332
KAZ,Cazaquistão,Q18404506,http://www.wikidata.org/entity/Q2726381,0,58,,49.38777778,81.37233611
KAZ,Cazaquistão,Q18404530,http://www.wikidata.org/entity/Q2550784,0,109,,48.84529,86.53278
KAZ,Cazaquistão,Q18404538,http://www.wikidata.org/entity/Q2466416,0,500,,51.188054,79.300929
KAZ,Cazaquistão,Q18404536,http://www.wikidata.org/entity/Q2550803,0,2511,,46.656534,82.721901
KAZ,Cazaquistão,Q18404817,http://www.wikidata.org/entity/Q61368720,0,423,,50.05119,81.60575
KAZ,Cazaquistão,Q18404843,http://www.wikidata.org/entity/Q16700784,0,99,,50.48187,81.96298
KAZ,Cazaquistão,Q18404859,http://www.wikidata.org/entity/Q893317,0,55,,50.552605,82.776532
KAZ,Cazaquistão,Q18404857,http://www.wikidata.org/entity/Q16694906,0,1006,,50.56910556,82.14268611
KAZ,Cazaquistão,Q18404871,http://www.wikidata.org/entity/Q56368746,0,1204,,52.482937,76.817079
KAZ,Cazaquistão,Q18404896,http://www.wikidata.org/entity/Q2556214,0,0,,52.82466,69.72507
KAZ,Cazaquistão,Q18404924,http://www.wikidata.org/entity/Q2565681,0,0,,52.86312,72.7458
KAZ,Cazaquistão,Q18406091,http://www.wikidata.org/entity/Q2466428,0,470,,50.33611111,82.00888889
KAZ,Cazaquistão,Q18406094,http://www.wikidata.org/entity/Q893317,0,0,,50.0578,82.89716
KAZ,Cazaquistão,Q18406108,http://www.wikidata.org/entity/Q61368744,0,619,,50.02098,82.3106
KAZ,Cazaquistão,Q18406122,http://www.wikidata.org/entity/Q162548,0,872,,49.97187,82.49187
KAZ,Cazaquistão,Q18406139,http://www.wikidata.org/entity/Q986100,0,8,,50.28298,83.51669
KAZ,Cazaquistão,Q18406221,http://www.wikidata.org/entity/Q893317,0,256,,50.22854,82.61306
KAZ,Cazaquistão,Q18406233,http://www.wikidata.org/entity/Q488379,0,141,,54.954702,69.123917
KAZ,Cazaquistão,Q18406236,http://www.wikidata.org/entity/Q2554534,0,0,,52.923726,77.798988
KAZ,Cazaquistão,Q18406297,http://www.wikidata.org/entity/Q2550775,0,190,,49.063561,83.867704
KAZ,Cazaquistão,Q18406315,http://www.wikidata.org/entity/Q61368430,0,459,,47.33906,83.95133
KAZ,Cazaquistão,Q18406312,http://www.wikidata.org/entity/Q2550775,0,23,,48.64289,83.13903
KAZ,Cazaquistão,Q18406424,http://www.wikidata.org/entity/Q2550775,0,137,,48.59137,83.01063
KAZ,Cazaquistão,Q18406442,http://www.wikidata.org/entity/Q2726381,0,137,,50.0479,80.68152222
KAZ,Cazaquistão,Q18406975,http://www.wikidata.org/entity/Q61366775,0,175,,51.89122,77.08608
KAZ,Cazaquistão,Q18406973,http://www.wikidata.org/entity/Q2550754,0,863,,48.149102777778,80.038888888889
KAZ,Cazaquistão,Q18406978,http://www.wikidata.org/entity/Q61368751,0,960,,50.0845,82.266025
KAZ,Cazaquistão,Q18406988,http://www.wikidata.org/entity/Q61367346,0,222,,50.135723,82.454572
KAZ,Cazaquistão,Q18406998,http://www.wikidata.org/entity/Q2550775,0,147,,48.832202,82.707895
KAZ,Cazaquistão,Q18407003,http://www.wikidata.org/entity/Q4349576,0,213,,49.750163,83.769164
KAZ,Cazaquistão,Q18407007,http://www.wikidata.org/entity/Q2554534,0,0,,53.026433,77.684247
KAZ,Cazaquistão,Q18407028,http://www.wikidata.org/entity/Q26218162,0,232,,52.38361111,62.08305556
KAZ,Cazaquistão,Q18407034,http://www.wikidata.org/entity/Q61944,0,413,,50.451814,79.819025
KAZ,Cazaquistão,Q18407033,http://www.wikidata.org/entity/Q2466416,0,161,,50.64411667,79.05856389
KAZ,Cazaquistão,Q18407037,http://www.wikidata.org/entity/Q61366727,0,655,,51.99905,76.12117
KAZ,Cazaquistão,Q18407045,http://www.wikidata.org/entity/Q488379,0,450,,54.85598,69.21236
KAZ,Cazaquistão,Q18407048,http://www.wikidata.org/entity/Q488379,0,122,,54.85631,69.26111
KAZ,Cazaquistão,Q18407082,http://www.wikidata.org/entity/Q4438467,0,367,,49.431804,84.285027
KAZ,Cazaquistão,Q18407087,http://www.wikidata.org/entity/Q2554534,0,0,,52.955688,77.910426
KAZ,Cazaquistão,Q18407103,http://www.wikidata.org/entity/Q61420667,0,126,,51.80161,75.67022
KAZ,Cazaquistão,Q18407106,http://www.wikidata.org/entity/Q2554476,0,72,,51.08174167,78.06901389
KAZ,Cazaquistão,Q18407110,http://www.wikidata.org/entity/Q61366727,0,50,,52.06326,76.14881
KAZ,Cazaquistão,Q18407115,http://www.wikidata.org/entity/Q613774,0,195,,47.87088,83.42605
KAZ,Cazaquistão,Q18407113,http://www.wikidata.org/entity/Q2550746,0,0,,50.55031,81.55151
KAZ,Cazaquistão,Q18407607,http://www.wikidata.org/entity/Q61368714,0,314,,49.68596,82.17447
KAZ,Cazaquistão,Q18407609,http://www.wikidata.org/entity/Q58179,0,0,,53.602362,74.882716
KAZ,Cazaquistão,Q18407618,http://www.wikidata.org/entity/Q61944,0,653,,50.31127,80.28568
KAZ,Cazaquistão,Q18407621,http://www.wikidata.org/entity/Q496442,0,15,,52.139494,74.499425
KAZ,Cazaquistão,Q18407624,http://www.wikidata.org/entity/Q2726381,0,908,,48.815862,81.536683
KAZ,Cazaquistão,Q18407642,http://www.wikidata.org/entity/Q2550757,0,225,,49.7908,82.67177
KAZ,Cazaquistão,Q18407640,http://www.wikidata.org/entity/Q2726381,0,83,,48.79126,80.8568
KAZ,Cazaquistão,Q18407648,http://www.wikidata.org/entity/Q2550754,0,235,,47.519852,81.088547
KAZ,Cazaquistão,Q18407670,http://www.wikidata.org/entity/Q61367354,0,1285,,50.239166666667,82.285833333333
KAZ,Cazaquistão,Q18407675,http://www.wikidata.org/entity/Q2726381,0,64,,47.845005,81.853713
KAZ,Cazaquistão,Q18407702,http://www.wikidata.org/entity/Q61368390,0,1391,,47.48579,83.732576
KAZ,Cazaquistão,Q18407700,http://www.wikidata.org/entity/Q58179,0,0,,53.286282,73.800368
KAZ,Cazaquistão,Q18407723,http://www.wikidata.org/entity/Q2550784,0,327,,48.02564,85.3054
KAZ,Cazaquistão,Q18407733,http://www.wikidata.org/entity/Q36156,0,222,,47.68989,80.27709
KAZ,Cazaquistão,Q18407770,http://www.wikidata.org/entity/Q2550803,0,1323,,47.022016,81.394844
KAZ,Cazaquistão,Q18407775,http://www.wikidata.org/entity/Q61368386,0,81,,47.85556,83.45386
KAZ,Cazaquistão,Q18399678,http://www.wikidata.org/entity/Q56368561,0,213,,52.03776,78.79755
KAZ,Cazaquistão,Q18399681,http://www.wikidata.org/entity/Q61367707,0,72,,49.62398611,83.63816667
KAZ,Cazaquistão,Q18399685,http://www.wikidata.org/entity/Q2726381,0,487,,48.67094722,80.80628889
KAZ,Cazaquistão,Q18399702,http://www.wikidata.org/entity/Q2726381,0,209,,50.056267,81.070501
KAZ,Cazaquistão,Q18399711,http://www.wikidata.org/entity/Q2726381,0,470,,49.5244,81.2283
KAZ,Cazaquistão,Q18399735,http://www.wikidata.org/entity/Q61944,0,152,,49.422315,78.240352
KAZ,Cazaquistão,Q18400187,http://www.wikidata.org/entity/Q2550757,0,1447,,49.76375,82.60963
KAZ,Cazaquistão,Q18400733,http://www.wikidata.org/entity/Q2726381,0,708,,49.406785,81.444998
KAZ,Cazaquistão,Q18400737,http://www.wikidata.org/entity/Q61368097,0,471,,48.58877222,83.82986667
KAZ,Cazaquistão,Q18400781,http://www.wikidata.org/entity/Q2550803,0,575,,47.135746,81.160269
KAZ,Cazaquistão,Q18400794,http://www.wikidata.org/entity/Q2664367,0,35,,49.76328333,84.33043333
KAZ,Cazaquistão,Q18400793,http://www.wikidata.org/entity/Q2550803,0,283,,47.26001,81.32165
KAZ,Cazaquistão,Q18400829,http://www.wikidata.org/entity/Q61367310,0,2096,,50.16466111,82.71760833
KAZ,Cazaquistão,Q18400915,http://www.wikidata.org/entity/Q56368942,0,102,,51.698942,77.373265
KAZ,Cazaquistão,Q18400913,http://www.wikidata.org/entity/Q4427969,0,109,,49.583422,84.400406
KAZ,Cazaquistão,Q18400941,http://www.wikidata.org/entity/Q2726381,0,101,,49.06028,81.64528
KAZ,Cazaquistão,Q18400972,http://www.wikidata.org/entity/Q2466416,0,303,,50.89141111,78.44389167
KAZ,Cazaquistão,Q18401005,http://www.wikidata.org/entity/Q16694906,0,543,,50.6374,82.36076944
KAZ,Cazaquistão,Q18401026,http://www.wikidata.org/entity/Q2726381,0,216,,49.70072,81.59889
KAZ,Cazaquistão,Q18401028,http://www.wikidata.org/entity/Q61367310,0,1065,,50.043314,82.726261
KAZ,Cazaquistão,Q18401055,http://www.wikidata.org/entity/Q56368940,0,615,,50.79464722,78.46314167
KAZ,Cazaquistão,Q18401185,http://www.wikidata.org/entity/Q61944,0,91,,49.0229,78.17064
KAZ,Cazaquistão,Q18401216,http://www.wikidata.org/entity/Q2554534,0,0,,53.1101,77.91503
KAZ,Cazaquistão,Q18401268,http://www.wikidata.org/entity/Q16709877,0,341,,50.74497778,81.81583333
KAZ,Cazaquistão,Q18401297,http://www.wikidata.org/entity/Q2550803,0,224,,46.71468,82.56311
KAZ,Cazaquistão,Q18401301,http://www.wikidata.org/entity/Q2550784,0,112,,48.84823,86.18499
KAZ,Cazaquistão,Q18401337,http://www.wikidata.org/entity/Q2466416,0,345,,51.051782,79.472276
KAZ,Cazaquistão,Q18401376,http://www.wikidata.org/entity/Q2554534,0,0,,52.65456,77.720461
KAZ,Cazaquistão,Q18401389,http://www.wikidata.org/entity/Q2550784,0,124,,48.29142,85.52478
KAZ,Cazaquistão,Q18401438,http://www.wikidata.org/entity/Q2726381,0,68,,49.28035,81.5158
KAZ,Cazaquistão,Q18401444,http://www.wikidata.org/entity/Q61368714,0,209,,49.70983,81.82067
KAZ,Cazaquistão,Q18401602,http://www.wikidata.org/entity/Q2466416,0,1268,,50.95272778,79.41098889
KAZ,Cazaquistão,Q18401670,http://www.wikidata.org/entity/Q4349576,0,220,,49.740637,83.652627
KAZ,Cazaquistão,Q18401677,http://www.wikidata.org/entity/Q30969858,0,197,,53.07722222,63.19916667
KAZ,Cazaquistão,Q18401683,http://www.wikidata.org/entity/Q2550792,0,867,,49.258968,84.74596
KAZ,Cazaquistão,Q18404559,http://www.wikidata.org/entity/Q496442,0,468,,51.282024,74.979908
KAZ,Cazaquistão,Q18404572,http://www.wikidata.org/entity/Q2554498,0,0,,52.733004,77.861158
KAZ,Cazaquistão,Q18404576,http://www.wikidata.org/entity/Q16694431,0,211,,50.57588333,82.01545833
KAZ,Cazaquistão,Q18404613,http://www.wikidata.org/entity/Q61367398,0,1525,,49.965535,82.740033
KAZ,Cazaquistão,Q18404616,http://www.wikidata.org/entity/Q61368067,0,538,,48.77373,84.95281
KAZ,Cazaquistão,Q18404631,http://www.wikidata.org/entity/Q2550775,0,218,,48.33002,82.960278
KAZ,Cazaquistão,Q18404633,http://www.wikidata.org/entity/Q613774,0,783,,47.60402,81.86204
KAZ,Cazaquistão,Q18404672,http://www.wikidata.org/entity/Q893317,0,3545,,50.277695,82.212902
KAZ,Cazaquistão,Q18404733,http://www.wikidata.org/entity/Q2554534,0,0,,52.83954,77.75625
KAZ,Cazaquistão,Q18404747,http://www.wikidata.org/entity/Q56368947,0,48,,51.49528,77.50305
KAZ,Cazaquistão,Q18404750,http://www.wikidata.org/entity/Q56368951,0,146,,51.39128,77.60639
KAZ,Cazaquistão,Q18404755,http://www.wikidata.org/entity/Q56368951,0,71,,51.3128,77.2871
KAZ,Cazaquistão,Q18404752,http://www.wikidata.org/entity/Q2550803,0,201,,46.909,80.77526
KAZ,Cazaquistão,Q18404758,http://www.wikidata.org/entity/Q2550803,0,581,,46.83624,80.73921
KAZ,Cazaquistão,Q18404761,http://www.wikidata.org/entity/Q56368947,0,22,,51.49143,77.51129
KAZ,Cazaquistão,Q18404774,http://www.wikidata.org/entity/Q2466428,0,45,,50.380181,82.02252
KAZ,Cazaquistão,Q18404940,http://www.wikidata.org/entity/Q2466428,0,21,,50.624419,82.170138
KAZ,Cazaquistão,Q18404946,http://www.wikidata.org/entity/Q2550775,0,232,,48.93423,83.16341
KAZ,Cazaquistão,Q18404949,http://www.wikidata.org/entity/Q2550784,0,101,,48.43011,85.84201
KAZ,Cazaquistão,Q18404954,http://www.wikidata.org/entity/Q2565654,0,0,,52.542041,73.409921
KAZ,Cazaquistão,Q18404959,http://www.wikidata.org/entity/Q2664367,0,172,,49.705624,84.172697
KAZ,Cazaquistão,Q18404963,http://www.wikidata.org/entity/Q61368751,0,401,,50.13677778,82.20121944
KAZ,Cazaquistão,Q18405051,http://www.wikidata.org/entity/Q2466416,0,408,,51.43396111,79.49856667
KAZ,Cazaquistão,Q18405135,http://www.wikidata.org/entity/Q2466416,0,434,,50.6876,79.11231944
KAZ,Cazaquistão,Q18405227,http://www.wikidata.org/entity/Q61944,0,1258,,50.441081,80.071321
KAZ,Cazaquistão,Q18405232,http://www.wikidata.org/entity/Q2550757,0,921,,50.14555278,81.84949444
KAZ,Cazaquistão,Q18405311,http://www.wikidata.org/entity/Q2550792,0,0,,49.47498,85.13631
KAZ,Cazaquistão,Q18405386,http://www.wikidata.org/entity/Q61366512,0,148,,52.11273,75.01688
KAZ,Cazaquistão,Q18405397,http://www.wikidata.org/entity/Q2554498,0,0,,52.755,78.205
KAZ,Cazaquistão,Q18405409,http://www.wikidata.org/entity/Q61368749,0,1328,,49.97057778,82.429825
KAZ,Cazaquistão,Q18405542,http://www.wikidata.org/entity/Q2550775,0,17,,48.95763,83.144599
KAZ,Cazaquistão,Q18405567,http://www.wikidata.org/entity/Q2466416,0,1300,,50.49488333,79.87146667
KAZ,Cazaquistão,Q18405735,http://www.wikidata.org/entity/Q16693901,0,284,,50.711705,81.703563
KAZ,Cazaquistão,Q18405750,http://www.wikidata.org/entity/Q12535774,0,121,,49.987025,82.91711389
KAZ,Cazaquistão,Q18405757,http://www.wikidata.org/entity/Q30973009,0,428,,53.84119,68.53889
KAZ,Cazaquistão,Q18405827,http://www.wikidata.org/entity/Q2554534,0,0,,53.111148,77.851175
KAZ,Cazaquistão,Q18405839,http://www.wikidata.org/entity/Q2550757,0,23,,49.4554,83.06453
KAZ,Cazaquistão,Q18405893,http://www.wikidata.org/entity/Q61944,0,1306,,50.454963,79.850607
KAZ,Cazaquistão,Q18405929,http://www.wikidata.org/entity/Q4320920,0,654,,49.575213,83.950261
KAZ,Cazaquistão,Q18406026,http://www.wikidata.org/entity/Q986100,0,17,,50.57321,83.66174
KAZ,Cazaquistão,Q18406024,http://www.wikidata.org/entity/Q2550757,0,657,,49.87207,82.09156
KAZ,Cazaquistão,Q18406039,http://www.wikidata.org/entity/Q2466428,0,152,,50.256875,81.99583889
KAZ,Cazaquistão,Q18406048,http://www.wikidata.org/entity/Q61944,0,298,,50.349349,80.476656
KAZ,Cazaquistão,Q18406076,http://www.wikidata.org/entity/Q12527274,0,542,,50.19998,81.72489
KAZ,Cazaquistão,Q18406080,http://www.wikidata.org/entity/Q162548,0,2448,,49.92835,82.49565
KAZ,Cazaquistão,Q18406093,http://www.wikidata.org/entity/Q4277624,0,44,,49.838306,84.353805
KAZ,Cazaquistão,Q18406097,http://www.wikidata.org/entity/Q4427969,0,376,,49.631617,84.430661
KAZ,Cazaquistão,Q18406107,http://www.wikidata.org/entity/Q1510481,0,447,,52.38663056,61.68978056
KAZ,Cazaquistão,Q18406583,http://www.wikidata.org/entity/Q2466416,0,450,,50.64946,79.8706
KAZ,Cazaquistão,Q18407409,http://www.wikidata.org/entity/Q2550775,0,218,,49.156513,83.262877
KAZ,Cazaquistão,Q16715315,http://www.wikidata.org/entity/Q793969,0,37,,54.07416667,64.73722222
KAZ,Cazaquistão,Q16715319,http://www.wikidata.org/entity/Q1650873,0,0,,53.42944444,62.70722222
KAZ,Cazaquistão,Q17494787,http://www.wikidata.org/entity/Q2550746,0,3,,50.580443,81.568519
KAZ,Cazaquistão,Q17494794,http://www.wikidata.org/entity/Q2550746,0,46,,50.46198,81.46842
KAZ,Cazaquistão,Q17494796,http://www.wikidata.org/entity/Q2550746,0,116,,50.472583,81.667231
KAZ,Cazaquistão,Q17494797,http://www.wikidata.org/entity/Q2550746,0,478,,50.50104167,81.67520278
KAZ,Cazaquistão,Q18396352,http://www.wikidata.org/entity/Q2550757,0,73,,49.54081,82.13928
KAZ,Cazaquistão,Q18396395,http://www.wikidata.org/entity/Q2550754,0,16,,47.22284,79.63714
KAZ,Cazaquistão,Q18396396,http://www.wikidata.org/entity/Q2550754,0,265,,47.55961,81.4595
KAZ,Cazaquistão,Q18396403,http://www.wikidata.org/entity/Q61368062,0,809,,48.46677,83.63651
KAZ,Cazaquistão,Q18396406,http://www.wikidata.org/entity/Q61368717,0,520,,49.44983,82.55058
KAZ,Cazaquistão,Q18396407,http://www.wikidata.org/entity/Q61944,0,999,,49.35733,76.97776
KAZ,Cazaquistão,Q18396404,http://www.wikidata.org/entity/Q25505155,0,1079,,52.29924,76.77143
KAZ,Cazaquistão,Q18396405,http://www.wikidata.org/entity/Q613774,0,124,,48.349861,81.66275
KAZ,Cazaquistão,Q18396420,http://www.wikidata.org/entity/Q893317,0,0,,50.47318,82.92549
KAZ,Cazaquistão,Q18396424,http://www.wikidata.org/entity/Q4438467,0,192,,49.50738056,84.53565556
KAZ,Cazaquistão,Q18396447,http://www.wikidata.org/entity/Q12528475,0,962,,49.79102,82.4438
KAZ,Cazaquistão,Q18396450,http://www.wikidata.org/entity/Q4320920,0,51,,49.49763056,83.804175
KAZ,Cazaquistão,Q18396449,http://www.wikidata.org/entity/Q2550784,0,120,,48.431023,85.139923
KAZ,Cazaquistão,Q18396454,http://www.wikidata.org/entity/Q2550803,0,1463,,47.173823,81.065437
KAZ,Cazaquistão,Q18396453,http://www.wikidata.org/entity/Q2550792,0,1200,,49.20839722,84.85625278
KAZ,Cazaquistão,Q18396474,http://www.wikidata.org/entity/Q61368016,0,372,,47.999941,84.415514
KAZ,Cazaquistão,Q18398665,http://www.wikidata.org/entity/Q2554498,0,59,,52.52572,78.3041
KAZ,Cazaquistão,Q18398708,http://www.wikidata.org/entity/Q2550746,0,0,,50.51692,81.50825
KAZ,Cazaquistão,Q18398714,http://www.wikidata.org/entity/Q2554534,0,0,,52.778309,77.777335
KAZ,Cazaquistão,Q18398728,http://www.wikidata.org/entity/Q2550775,0,388,,49.05857,83.51257
KAZ,Cazaquistão,Q18398738,http://www.wikidata.org/entity/Q2726381,0,57,,49.14534,81.13463
KAZ,Cazaquistão,Q18398742,http://www.wikidata.org/entity/Q1099244,0,1039,,48.90039,79.24232
KAZ,Cazaquistão,Q18398741,http://www.wikidata.org/entity/Q2726381,0,13,,48.87059,80.82195
KAZ,Cazaquistão,Q18398747,http://www.wikidata.org/entity/Q2726381,0,28,,48.56536,80.65526
KAZ,Cazaquistão,Q18398750,http://www.wikidata.org/entity/Q2726381,0,61,,48.3542,80.46129
KAZ,Cazaquistão,Q18398753,http://www.wikidata.org/entity/Q61367346,0,293,,50.06199,82.46749
KAZ,Cazaquistão,Q18398758,http://www.wikidata.org/entity/Q2726381,0,28,,49.70206,80.92151
KAZ,Cazaquistão,Q18398759,http://www.wikidata.org/entity/Q2726381,0,381,,49.16509,81.97105
KAZ,Cazaquistão,Q18398756,http://www.wikidata.org/entity/Q1315785,0,66,,43.33361111,68.12388889
KAZ,Cazaquistão,Q18398761,http://www.wikidata.org/entity/Q986100,0,50,,50.24304,83.2295
KAZ,Cazaquistão,Q18399450,http://www.wikidata.org/entity/Q2550775,0,122,,48.74396,81.94324
KAZ,Cazaquistão,Q18399480,http://www.wikidata.org/entity/Q16700784,0,332,,50.51018056,81.87151111
KAZ,Cazaquistão,Q18399504,http://www.wikidata.org/entity/Q986100,0,251,,50.32629,83.56561
KAZ,Cazaquistão,Q18399581,http://www.wikidata.org/entity/Q2550754,0,174,,48.31437,79.75112
KAZ,Cazaquistão,Q18399593,http://www.wikidata.org/entity/Q2550754,0,172,,47.1498,79.57603
KAZ,Cazaquistão,Q18399607,http://www.wikidata.org/entity/Q613774,0,39,,48.236712,81.923026
KAZ,Cazaquistão,Q18399651,http://www.wikidata.org/entity/Q2550757,0,1852,,49.716302,82.665055
KAZ,Cazaquistão,Q18399648,http://www.wikidata.org/entity/Q613774,0,48,,47.47277778,84.00111111
KAZ,Cazaquistão,Q18399666,http://www.wikidata.org/entity/Q1099244,0,816,,49.033253,80.063896
KAZ,Cazaquistão,Q18407506,http://www.wikidata.org/entity/Q613774,0,157,,47.90392,82.96325
KAZ,Cazaquistão,Q18407545,http://www.wikidata.org/entity/Q613774,0,53,,47.36861111,84.00611111
KAZ,Cazaquistão,Q18407558,http://www.wikidata.org/entity/Q30973009,0,103,,53.83814,68.53219
KAZ,Cazaquistão,Q18407561,http://www.wikidata.org/entity/Q61368424,0,494,,47.56124,83.50364
KAZ,Cazaquistão,Q18407565,http://www.wikidata.org/entity/Q56368941,0,476,,50.79118,76.74053
KAZ,Cazaquistão,Q18407570,http://www.wikidata.org/entity/Q613774,0,135,,48.02116,81.70463
KAZ,Cazaquistão,Q18407577,http://www.wikidata.org/entity/Q61368429,0,1017,,47.220063,84.113195
KAZ,Cazaquistão,Q18407582,http://www.wikidata.org/entity/Q613774,0,929,,47.518664,83.804237
KAZ,Cazaquistão,Q18407587,http://www.wikidata.org/entity/Q12830553,0,104,,50.02252778,65.13570833
KAZ,Cazaquistão,Q18407590,http://www.wikidata.org/entity/Q61366625,0,520,,51.596694,74.465439
KAZ,Cazaquistão,Q18407589,http://www.wikidata.org/entity/Q61368429,0,369,,47.112301,84.050958
KAZ,Cazaquistão,Q18407595,http://www.wikidata.org/entity/Q56368942,0,115,,50.48833333,75.21166667
KAZ,Cazaquistão,Q18407592,http://www.wikidata.org/entity/Q613774,0,362,,47.607182,83.678366
KAZ,Cazaquistão,Q18407599,http://www.wikidata.org/entity/Q61368390,0,216,,47.54479,83.60698
KAZ,Cazaquistão,Q18407602,http://www.wikidata.org/entity/Q61368719,0,173,,49.57555,82.98694
KAZ,Cazaquistão,Q18407604,http://www.wikidata.org/entity/Q613774,0,933,,48.08496,82.70988
KAZ,Cazaquistão,Q18407786,http://www.wikidata.org/entity/Q61368391,0,479,,47.922813,83.570981
KAZ,Cazaquistão,Q18408142,http://www.wikidata.org/entity/Q2664367,0,315,,49.635063,84.232993
KAZ,Cazaquistão,Q18408162,http://www.wikidata.org/entity/Q31195521,0,257,,50.303265,82.858629
KAZ,Cazaquistão,Q18408172,http://www.wikidata.org/entity/Q2554534,0,0,,53.388045,77.553391
KAZ,Cazaquistão,Q18408190,http://www.wikidata.org/entity/Q61944,0,1518,,50.078294,79.582128
KAZ,Cazaquistão,Q18408215,http://www.wikidata.org/entity/Q61944,0,403,,50.39057,80.65011
KAZ,Cazaquistão,Q18408213,http://www.wikidata.org/entity/Q16721190,0,181,,50.58258611,81.86818889
KAZ,Cazaquistão,Q18408243,http://www.wikidata.org/entity/Q2466416,0,19,,51.497242,79.458092
KAZ,Cazaquistão,Q18408290,http://www.wikidata.org/entity/Q986100,0,261,,50.41136,83.81812
KAZ,Cazaquistão,Q18408308,http://www.wikidata.org/entity/Q2550784,0,247,,47.89103,84.72965
KAZ,Cazaquistão,Q18408350,http://www.wikidata.org/entity/Q61368719,0,689,,49.57866,82.71366
KAZ,Cazaquistão,Q18408448,http://www.wikidata.org/entity/Q2550784,0,407,,48.0106,85.17356
KAZ,Cazaquistão,Q18408510,http://www.wikidata.org/entity/Q61368720,0,1421,,50.10415,81.54889167
KAZ,Cazaquistão,Q18408514,http://www.wikidata.org/entity/Q986100,0,1093,,50.3207,83.52064
KAZ,Cazaquistão,Q18408519,http://www.wikidata.org/entity/Q2554498,0,0,,52.39638889,78.35777778
KAZ,Cazaquistão,Q18408521,http://www.wikidata.org/entity/Q61944,0,1023,,50.443631,79.925503
KAZ,Cazaquistão,Q18408594,http://www.wikidata.org/entity/Q61367348,0,1478,,50.14276944,82.39061111
KAZ,Cazaquistão,Q18408597,http://www.wikidata.org/entity/Q1010136,0,194,,52.16222222,65.63888889
KAZ,Cazaquistão,Q18408620,http://www.wikidata.org/entity/Q61368746,0,492,,50.06889167,82.06124444
KAZ,Cazaquistão,Q18408688,http://www.wikidata.org/entity/Q58179,0,0,,53.508517,74.533066
KAZ,Cazaquistão,Q18408967,http://www.wikidata.org/entity/Q2550754,0,17,,48.20546,80.55347
KAZ,Cazaquistão,Q18408969,http://www.wikidata.org/entity/Q2550803,0,1615,,46.866769,82.578879
KAZ,Cazaquistão,Q18408974,http://www.wikidata.org/entity/Q2550784,0,35,,48.808093,85.660593
KAZ,Cazaquistão,Q18408975,http://www.wikidata.org/entity/Q2550775,0,406,,48.47137,82.949442
KAZ,Cazaquistão,Q18408973,http://www.wikidata.org/entity/Q2550746,0,94,,50.59719,80.38627
KAZ,Cazaquistão,Q18408978,http://www.wikidata.org/entity/Q2726381,0,285,,49.43018,81.398692
KAZ,Cazaquistão,Q18408977,http://www.wikidata.org/entity/Q2550754,0,182,,47.982547,80.703617
KAZ,Cazaquistão,Q18408982,http://www.wikidata.org/entity/Q61367707,0,72,,49.66797778,83.49944722
KAZ,Cazaquistão,Q18408980,http://www.wikidata.org/entity/Q2550792,0,145,,49.433151,84.846983
KAZ,Cazaquistão,Q18408984,http://www.wikidata.org/entity/Q2726381,0,57,,48.73585278,80.81181389
KAZ,Cazaquistão,Q18408985,http://www.wikidata.org/entity/Q56368945,0,75,,51.21968,77.958641
KAZ,Cazaquistão,Q18409007,http://www.wikidata.org/entity/Q61944,0,141,,49.35532,77.42168
KAZ,Cazaquistão,Q18409011,http://www.wikidata.org/entity/Q2726381,0,159,,48.67532,81.46602
KAZ,Cazaquistão,Q18409008,http://www.wikidata.org/entity/Q496442,0,318,,51.876491,75.845683
KAZ,Cazaquistão,Q18409009,http://www.wikidata.org/entity/Q2550754,0,51,,46.93854,79.59731
KAZ,Cazaquistão,Q18409013,http://www.wikidata.org/entity/Q61368386,0,951,,47.741519,83.431349
KAZ,Cazaquistão,Q18409017,http://www.wikidata.org/entity/Q2550803,0,957,,46.7488,82.08812
KAZ,Cazaquistão,Q18409023,http://www.wikidata.org/entity/Q2726381,0,598,,49.253633,81.904449
KAZ,Cazaquistão,Q18409020,http://www.wikidata.org/entity/Q56368945,0,920,,51.083888888889,78.068055555556
KAZ,Cazaquistão,Q18409021,http://www.wikidata.org/entity/Q2550775,0,202,,48.65786,83.12427
KAZ,Cazaquistão,Q18409025,http://www.wikidata.org/entity/Q61368056,0,678,,48.394618,84.483404
KAZ,Cazaquistão,Q18409047,http://www.wikidata.org/entity/Q613774,0,796,,47.737678,82.836099
KAZ,Cazaquistão,Q18409185,http://www.wikidata.org/entity/Q2726381,0,62,,49.44106944,81.21426667
KAZ,Cazaquistão,Q18409193,http://www.wikidata.org/entity/Q61944,0,40,,50.26323,79.60384
KAZ,Cazaquistão,Q18409333,http://www.wikidata.org/entity/Q613774,0,546,,47.842628,82.891459
KAZ,Cazaquistão,Q18409366,http://www.wikidata.org/entity/Q2550784,0,143,,48.7804,84.20402
KAZ,Cazaquistão,Q18409370,http://www.wikidata.org/entity/Q2550775,0,985,,48.35762,82.9066
KAZ,Cazaquistão,Q18409368,http://www.wikidata.org/entity/Q622780,0,41,,52.10134,76.42742
KAZ,Cazaquistão,Q18409382,http://www.wikidata.org/entity/Q2554498,0,361,,52.42305,78.2369
KAZ,Cazaquistão,Q18409395,http://www.wikidata.org/entity/Q61368391,0,266,,47.847856,83.522401
KAZ,Cazaquistão,Q18409393,http://www.wikidata.org/entity/Q2554498,0,107,,52.43634,78.30814
KAZ,Cazaquistão,Q18409426,http://www.wikidata.org/entity/Q2550803,0,226,,47.171241,81.027822
KAZ,Cazaquistão,Q18409437,http://www.wikidata.org/entity/Q61366624,0,120,,51.73949,75.141742
KAZ,Cazaquistão,Q18409442,http://www.wikidata.org/entity/Q2550784,0,64,,48.48054,85.68082
KAZ,Cazaquistão,Q18409441,http://www.wikidata.org/entity/Q2550775,0,11,,48.748804,82.777459
KAZ,Cazaquistão,Q18409455,http://www.wikidata.org/entity/Q2550775,0,801,,48.79443,82.76275
KAZ,Cazaquistão,Q18409458,http://www.wikidata.org/entity/Q58179,0,0,,53.333125,74.342992
KAZ,Cazaquistão,Q18409456,http://www.wikidata.org/entity/Q12526209,0,652,,48.66805556,84.03281389
KAZ,Cazaquistão,Q18409464,http://www.wikidata.org/entity/Q2726381,0,220,,50.093019,80.808036
KAZ,Cazaquistão,Q18409472,http://www.wikidata.org/entity/Q2550784,0,115,,48.33115,84.73342
KAZ,Cazaquistão,Q18409509,http://www.wikidata.org/entity/Q986100,0,35,,50.30656,83.37284
KAZ,Cazaquistão,Q18409527,http://www.wikidata.org/entity/Q2565654,0,0,,51.133882,72.812733
KAZ,Cazaquistão,Q18409530,http://www.wikidata.org/entity/Q2550775,0,228,,48.89068,82.44209
KAZ,Cazaquistão,Q18409529,http://www.wikidata.org/entity/Q1099244,0,777,,49.22163,78.33938
KAZ,Cazaquistão,Q18409533,http://www.wikidata.org/entity/Q2550754,0,61,,47.740297,80.801743
KAZ,Cazaquistão,Q18409827,http://www.wikidata.org/entity/Q2554534,0,0,,52.79815,77.61892
KAZ,Cazaquistão,Q19613376,http://www.wikidata.org/entity/Q2550426,0,0,,49.82315,58.75814
KAZ,Cazaquistão,Q19613857,http://www.wikidata.org/entity/Q2554498,0,0,,52.730519,78.37573
KAZ,Cazaquistão,Q19614348,http://www.wikidata.org/entity/Q16694431,0,2378,,50.518325,82.17292222
KAZ,Cazaquistão,Q19615056,http://www.wikidata.org/entity/Q2550775,0,16,,49.00527778,83.2375
KAZ,Cazaquistão,Q19615106,http://www.wikidata.org/entity/Q2664367,0,57,,49.63027778,83.44305556
KAZ,Cazaquistão,Q19615374,http://www.wikidata.org/entity/Q2554498,0,0,,52.252401,78.066664
KAZ,Cazaquistão,Q19615409,http://www.wikidata.org/entity/Q2554498,0,0,,52.654065,77.903323
KAZ,Cazaquistão,Q19615416,http://www.wikidata.org/entity/Q2726381,0,103,,48.52661,80.38902
KAZ,Cazaquistão,Q19615442,http://www.wikidata.org/entity/Q12567933,0,654,,48.77722222,72.63555556
KAZ,Cazaquistão,Q19615496,http://www.wikidata.org/entity/Q2726381,0,463,,49.760369,80.590015
KAZ,Cazaquistão,Q19615504,http://www.wikidata.org/entity/Q622780,0,154,,52.611388888889,76.56
KAZ,Cazaquistão,Q19615517,http://www.wikidata.org/entity/Q2726381,0,94,,48.86706389,80.47754167
KAZ,Cazaquistão,Q19615586,http://www.wikidata.org/entity/Q2550754,0,62,,47.0817,79.72846
KAZ,Cazaquistão,Q19617415,http://www.wikidata.org/entity/Q61366512,0,76,,52.205634,74.715078
KAZ,Cazaquistão,Q19617424,http://www.wikidata.org/entity/Q622780,0,86,,52.43676,76.69332
KAZ,Cazaquistão,Q19617647,http://www.wikidata.org/entity/Q2554498,0,0,,52.7372,77.896769
KAZ,Cazaquistão,Q19617856,http://www.wikidata.org/entity/Q2550754,0,198,,47.64966,80.82469
KAZ,Cazaquistão,Q19618709,http://www.wikidata.org/entity/Q61366624,0,175,,51.600648,75.451035
KAZ,Cazaquistão,Q19618744,http://www.wikidata.org/entity/Q2726381,0,81,,48.796588,81.724849
KAZ,Cazaquistão,Q19618859,http://www.wikidata.org/entity/Q2554498,0,0,,52.43759,78.349727
KAZ,Cazaquistão,Q19741854,http://www.wikidata.org/entity/Q387436,0,0,,51.06449,49.53804
KAZ,Cazaquistão,Q19742063,http://www.wikidata.org/entity/Q387436,0,0,,50.86805,49.46937
KAZ,Cazaquistão,Q19742629,http://www.wikidata.org/entity/Q387436,0,0,,50.64369,49.58799
KAZ,Cazaquistão,Q19907976,http://www.wikidata.org/entity/Q2664367,0,10,,49.7736,83.7661
KAZ,Cazaquistão,Q19908029,http://www.wikidata.org/entity/Q2726381,0,0,,49.55729,81.70875
KAZ,Cazaquistão,Q19908067,http://www.wikidata.org/entity/Q2664367,0,14,,49.8986,84.2539
KAZ,Cazaquistão,Q19915655,http://www.wikidata.org/entity/Q893317,0,334,,50.0156,82.8711
KAZ,Cazaquistão,Q19916278,http://www.wikidata.org/entity/Q2550803,0,384,,46.694277,80.765775
KAZ,Cazaquistão,Q19916463,http://www.wikidata.org/entity/Q893317,0,0,,50.02456,83.08264
KAZ,Cazaquistão,Q19916468,http://www.wikidata.org/entity/Q613774,0,205,,47.836853,82.53406
KAZ,Cazaquistão,Q19916707,http://www.wikidata.org/entity/Q2664367,0,2,,49.9764,84.4769
KAZ,Cazaquistão,Q19916731,http://www.wikidata.org/entity/Q58179,0,0,,52.996011,74.5141
KAZ,Cazaquistão,Q19916759,http://www.wikidata.org/entity/Q2664367,0,3,,49.8111,84.47
KAZ,Cazaquistão,Q19916888,http://www.wikidata.org/entity/Q2664367,0,38,,49.8019,84.1911
KAZ,Cazaquistão,Q19916915,http://www.wikidata.org/entity/Q613774,0,17,,48.28091,81.94032
KAZ,Cazaquistão,Q19916917,http://www.wikidata.org/entity/Q4507215,0,987,,49.69,84.05
KAZ,Cazaquistão,Q19917019,http://www.wikidata.org/entity/Q2466428,0,54,,50.661241,82.169495
KAZ,Cazaquistão,Q19917033,http://www.wikidata.org/entity/Q2664367,0,1,,49.8458,83.2753
KAZ,Cazaquistão,Q19917153,http://www.wikidata.org/entity/Q986100,0,192,,50.25741,83.30537
KAZ,Cazaquistão,Q19917322,http://www.wikidata.org/entity/Q4085501,0,49,,49.6461,84.3306
KAZ,Cazaquistão,Q19951889,http://www.wikidata.org/entity/Q2476538,0,22,,52.928888888889,64.557777777778
KAZ,Cazaquistão,Q19952457,http://www.wikidata.org/entity/Q793969,0,53,,54.071666666667,64.5975
KAZ,Cazaquistão,Q19952655,http://www.wikidata.org/entity/Q793969,0,44,,53.865833333333,64.666388888889
KAZ,Cazaquistão,Q19979859,http://www.wikidata.org/entity/Q613774,0,97,,47.475555555556,82.243055555556
KAZ,Cazaquistão,Q19979911,http://www.wikidata.org/entity/Q61368390,0,557,,47.2558,83.755
KAZ,Cazaquistão,Q19981401,http://www.wikidata.org/entity/Q986100,0,182,,50.3828,83.6158
KAZ,Cazaquistão,Q19981513,http://www.wikidata.org/entity/Q2550803,0,1608,,47.0647,80.7317
KAZ,Cazaquistão,Q19981647,http://www.wikidata.org/entity/Q2550803,0,298,,47.1803,81.8642
KAZ,Cazaquistão,Q19981799,http://www.wikidata.org/entity/Q2550757,0,55,,50.0222,82.0144
KAZ,Cazaquistão,Q19981850,http://www.wikidata.org/entity/Q61368186,0,767,,47.1528,84.4728
KAZ,Cazaquistão,Q19981964,http://www.wikidata.org/entity/Q2726381,0,772,,49.2175,80.7314
KAZ,Cazaquistão,Q19982046,http://www.wikidata.org/entity/Q2466416,0,874,,50.6592,79.3069
KAZ,Cazaquistão,Q19984068,http://www.wikidata.org/entity/Q12551064,0,759,,48.5664,72.2036
KAZ,Cazaquistão,Q19985906,http://www.wikidata.org/entity/Q496442,0,390,,52.1286,74.4725
KAZ,Cazaquistão,Q19985947,http://www.wikidata.org/entity/Q496442,0,129,,52.3306,75.0744
KAZ,Cazaquistão,Q19991750,http://www.wikidata.org/entity/Q2029854,0,33,,53.1969,67.8875
KAZ,Cazaquistão,Q21103864,http://www.wikidata.org/entity/Q2550369,0,0,,49.43476,58.31989
KAZ,Cazaquistão,Q21125410,http://www.wikidata.org/entity/Q2550803,0,1015,,47.049539,81.530285
KAZ,Cazaquistão,Q27348071,http://www.wikidata.org/entity/Q2550349,0,2417,,46.435277777778,53.486388888889
KAZ,Cazaquistão,Q30897531,http://www.wikidata.org/entity/Q619361,0,768,,53.154965,63.550199
KAZ,Cazaquistão,Q47351180,http://www.wikidata.org/entity/Q2224859,0,1680,,50.821111111111,71.333055555556
KAZ,Cazaquistão,Q135037903,http://www.wikidata.org/entity/Q486007,0,347,,51.658333333333,52.176944444444
KAZ,Cazaquistão,Q16715307,http://www.wikidata.org/entity/Q1510481,0,91,,52.49735278,61.665975
KAZ,Cazaquistão,Q16715317,http://www.wikidata.org/entity/Q1249595,0,10,,53.76333333,63.57
KAZ,Cazaquistão,Q17057350,http://www.wikidata.org/entity/Q35902,0,0,,54.18093,66.54315
KAZ,Cazaquistão,Q17057351,http://www.wikidata.org/entity/Q35902,0,0,,54.24376,66.5023
KAZ,Cazaquistão,Q17057348,http://www.wikidata.org/entity/Q35902,0,0,,54.45263,67.38472
KAZ,Cazaquistão,Q17494739,http://www.wikidata.org/entity/Q2550746,0,269,,50.33929722,81.64387778
KAZ,Cazaquistão,Q17494743,http://www.wikidata.org/entity/Q2550746,0,0,,50.667307,81.404421
KAZ,Cazaquistão,Q17494741,http://www.wikidata.org/entity/Q2550746,0,294,,50.63574,81.60678
KAZ,Cazaquistão,Q17494746,http://www.wikidata.org/entity/Q2550746,0,778,,50.741872,81.524928
KAZ,Cazaquistão,Q17494747,http://www.wikidata.org/entity/Q2550746,0,17,,50.77685,80.399675
KAZ,Cazaquistão,Q17494744,http://www.wikidata.org/entity/Q2550746,0,13,,50.73426667,81.48368333
KAZ,Cazaquistão,Q17494751,http://www.wikidata.org/entity/Q2550746,0,58,,50.87968889,80.54368611
KAZ,Cazaquistão,Q17494749,http://www.wikidata.org/entity/Q2550746,0,156,,50.825555555556,80.558611111111
KAZ,Cazaquistão,Q17494754,http://www.wikidata.org/entity/Q2550746,0,44,,50.64499722,80.60808611
KAZ,Cazaquistão,Q17494752,http://www.wikidata.org/entity/Q2550746,0,289,,50.80061944,80.49498611
KAZ,Cazaquistão,Q18409295,http://www.wikidata.org/entity/Q61944,0,482,,50.374557,80.810838
KAZ,Cazaquistão,Q18409334,http://www.wikidata.org/entity/Q61944,0,155,,49.07777778,78.10194444
KAZ,Cazaquistão,Q18409339,http://www.wikidata.org/entity/Q2550754,0,115,,47.288075,79.814326
KAZ,Cazaquistão,Q18409349,http://www.wikidata.org/entity/Q61368719,0,1215,,49.49488611,82.84216944
KAZ,Cazaquistão,Q18409352,http://www.wikidata.org/entity/Q2550754,0,1928,,47.316006,79.742689
KAZ,Cazaquistão,Q18409357,http://www.wikidata.org/entity/Q22202731,0,1803,,44.4475,66.24944444
KAZ,Cazaquistão,Q18409364,http://www.wikidata.org/entity/Q2550803,0,470,,47.104762,81.296911
KAZ,Cazaquistão,Q18642243,http://www.wikidata.org/entity/Q20484407,0,279,,43.02111111,78.2925
KAZ,Cazaquistão,Q18674733,http://www.wikidata.org/entity/Q20098989,0,229,,44.14222222,66.42027778
KAZ,Cazaquistão,Q19616483,http://www.wikidata.org/entity/Q61368060,0,338,,48.850992,83.530211
KAZ,Cazaquistão,Q19617397,http://www.wikidata.org/entity/Q2550803,0,1623,,46.14274,82.16777
KAZ,Cazaquistão,Q19977383,http://www.wikidata.org/entity/Q613774,0,96,,48.1086,82.8058
KAZ,Cazaquistão,Q19986041,http://www.wikidata.org/entity/Q61366520,0,129,,52.2033,75.4347
KAZ,Cazaquistão,Q19986082,http://www.wikidata.org/entity/Q2554498,0,0,,52.4561,78.2394
KAZ,Cazaquistão,Q19986158,http://www.wikidata.org/entity/Q2554498,0,0,,52.7833,78.0667
KAZ,Cazaquistão,Q19986253,http://www.wikidata.org/entity/Q2554498,0,0,,52.5408,78.1025
KAZ,Cazaquistão,Q19991686,http://www.wikidata.org/entity/Q485088,0,57,,54.8628,69.2536
KAZ,Cazaquistão,Q19992043,http://www.wikidata.org/entity/Q2554498,0,0,,52.7214,77.8794
KAZ,Cazaquistão,Q19992118,http://www.wikidata.org/entity/Q2554498,0,0,,52.45977,78.08223
KAZ,Cazaquistão,Q19992172,http://www.wikidata.org/entity/Q2554498,0,0,,52.4561,78.2394
KAZ,Cazaquistão,Q19992225,http://www.wikidata.org/entity/Q2554498,0,85,,52.0492,78.9411
KAZ,Cazaquistão,Q19993500,http://www.wikidata.org/entity/Q20098305,0,505,,42.788888888889,69.1975
KAZ,Cazaquistão,Q20021024,http://www.wikidata.org/entity/Q2550746,0,0,,50.64696,81.62944
KAZ,Cazaquistão,Q20098473,,0,1182,,42.49472,69.06639
KAZ,Cazaquistão,Q20463670,http://www.wikidata.org/entity/Q16720603,0,1296,,43.09638889,79.39805556
KAZ,Cazaquistão,Q28520305,http://www.wikidata.org/entity/Q2448467,0,0,,,
KAZ,Cazaquistão,Q30897560,http://www.wikidata.org/entity/Q2550426,0,0,,50.372939,58.554568
KAZ,Cazaquistão,Q65253494,http://www.wikidata.org/entity/Q815330,0,1439,,40.855,68.29278
KAZ,Cazaquistão,Q65253507,http://www.wikidata.org/entity/Q815330,0,1226,,40.905555555556,68.291666666667
KAZ,Cazaquistão,Q121287838,http://www.wikidata.org/entity/Q486144,0,3678,,51.516666666667,77.466666666667
KAZ,Cazaquistão,Q17494759,http://www.wikidata.org/entity/Q2550746,0,59,,50.734635,80.088851
KAZ,Cazaquistão,Q17494756,http://www.wikidata.org/entity/Q2550746,0,93,,50.68451,80.672487
KAZ,Cazaquistão,Q17494757,http://www.wikidata.org/entity/Q2550746,0,104,,50.837302,80.070763
KAZ,Cazaquistão,Q17494762,http://www.wikidata.org/entity/Q2550746,0,89,,50.899323,81.296983
KAZ,Cazaquistão,Q17494760,http://www.wikidata.org/entity/Q2550746,0,20,,50.602443,80.274052
KAZ,Cazaquistão,Q17494766,http://www.wikidata.org/entity/Q2550746,0,478,,50.81071111,81.26542778
KAZ,Cazaquistão,Q17494767,http://www.wikidata.org/entity/Q2550746,0,758,,50.84646,81.27707
KAZ,Cazaquistão,Q17494764,http://www.wikidata.org/entity/Q2550746,0,941,,50.95273333,81.40461111
KAZ,Cazaquistão,Q17494771,http://www.wikidata.org/entity/Q2550746,0,219,,50.40995278,81.27080833
KAZ,Cazaquistão,Q17494769,http://www.wikidata.org/entity/Q2550746,0,139,,50.525175,81.40349722
KAZ,Cazaquistão,Q17494812,http://www.wikidata.org/entity/Q2550746,0,129,,50.855263,80.914049
KAZ,Cazaquistão,Q17494813,http://www.wikidata.org/entity/Q2550746,0,1188,,50.75944722,80.83118056
KAZ,Cazaquistão,Q17494820,http://www.wikidata.org/entity/Q2550746,0,21,,50.804144,80.645485
KAZ,Cazaquistão,Q17494838,http://www.wikidata.org/entity/Q2550746,0,94,,50.800555555556,80.995
KAZ,Cazaquistão,Q17494845,http://www.wikidata.org/entity/Q2550746,0,254,,50.60015278,80.92076944
KAZ,Cazaquistão,Q17562690,http://www.wikidata.org/entity/Q2726370,0,130,,47.31666667,84.82305556
KAZ,Cazaquistão,Q17562691,http://www.wikidata.org/entity/Q2726370,0,71,,47.28861111,84.74833333
KAZ,Cazaquistão,Q17562695,http://www.wikidata.org/entity/Q2726370,0,71,,47.44527778,85.00388889
KAZ,Cazaquistão,Q17562703,http://www.wikidata.org/entity/Q2726370,0,4,,,
KAZ,Cazaquistão,Q17562704,http://www.wikidata.org/entity/Q2726370,0,27,,47.695555555556,84.808888888889
KAZ,Cazaquistão,Q17562712,http://www.wikidata.org/entity/Q2726370,0,12,,47.27877,85.15142
KAZ,Cazaquistão,Q17749619,http://www.wikidata.org/entity/Q2550792,0,117,,49.408369,84.515204
KAZ,Cazaquistão,Q17749621,http://www.wikidata.org/entity/Q2550792,0,199,,49.202527,84.340925
KAZ,Cazaquistão,Q17749626,http://www.wikidata.org/entity/Q61367863,0,440,,49.192797,86.131375
KAZ,Cazaquistão,Q17749628,http://www.wikidata.org/entity/Q2550792,0,931,,49.215648,85.071881
KAZ,Cazaquistão,Q17749629,http://www.wikidata.org/entity/Q2550792,0,1177,,49.30263611,84.74744167
KAZ,Cazaquistão,Q18395268,http://www.wikidata.org/entity/Q986100,0,17,,50.5937,83.61745
KAZ,Cazaquistão,Q18396378,http://www.wikidata.org/entity/Q2550775,0,151,,48.85862,82.45685
KAZ,Cazaquistão,Q18396477,http://www.wikidata.org/entity/Q2550803,0,197,,47.01818,81.54842
KAZ,Cazaquistão,Q18396506,http://www.wikidata.org/entity/Q4438467,0,200,,49.52510278,84.46698611
KAZ,Cazaquistão,Q18399239,http://www.wikidata.org/entity/Q2550775,0,1060,,48.55081389,82.79659722
KAZ,Cazaquistão,Q18399243,http://www.wikidata.org/entity/Q2550775,0,716,,48.92471944,83.38545278
KAZ,Cazaquistão,Q18399904,http://www.wikidata.org/entity/Q2466428,0,752,,50.68091111,81.91714722
KAZ,Cazaquistão,Q18399924,http://www.wikidata.org/entity/Q2550754,0,66,,47.778076,78.743234
KAZ,Cazaquistão,Q18401354,http://www.wikidata.org/entity/Q61944,0,675,,50.32376,80.86418
KAZ,Cazaquistão,Q18401458,http://www.wikidata.org/entity/Q986100,0,269,,50.25972,83.23345
KAZ,Cazaquistão,Q18401478,http://www.wikidata.org/entity/Q61367707,0,175,,49.621248,83.613617
KAZ,Cazaquistão,Q18401495,http://www.wikidata.org/entity/Q4277624,0,374,,49.71457778,84.57135278
KAZ,Cazaquistão,Q18401504,http://www.wikidata.org/entity/Q2726381,0,337,,49.22276,82.17361
KAZ,Cazaquistão,Q18401585,http://www.wikidata.org/entity/Q2550803,0,635,,47.013993,81.726719
KAZ,Cazaquistão,Q18401599,http://www.wikidata.org/entity/Q2550775,0,96,,48.876627,82.555132
KAZ,Cazaquistão,Q18401663,http://www.wikidata.org/entity/Q893317,0,982,,50.452065,82.665553
KAZ,Cazaquistão,Q18401668,http://www.wikidata.org/entity/Q2550746,0,0,,50.94134,80.75397
KAZ,Cazaquistão,Q18404602,http://www.wikidata.org/entity/Q2550775,0,154,,48.656698,83.019319
KAZ,Cazaquistão,Q18404618,http://www.wikidata.org/entity/Q2550803,0,109,,47.22563,80.8798
KAZ,Cazaquistão,Q18406500,http://www.wikidata.org/entity/Q2554534,0,0,,52.89244,77.61446
KAZ,Cazaquistão,Q18406641,http://www.wikidata.org/entity/Q61944,0,2082,,50.378669,80.486827
KAZ,Cazaquistão,Q18406956,http://www.wikidata.org/entity/Q2726381,0,134,,49.296234,81.813966
KAZ,Cazaquistão,Q18407489,http://www.wikidata.org/entity/Q986100,0,30,,50.60345,83.61162
KAZ,Cazaquistão,Q18408690,http://www.wikidata.org/entity/Q2550803,0,591,,47.17431,81.67785
KAZ,Cazaquistão,Q18408723,http://www.wikidata.org/entity/Q2726381,0,40,,49.55796,81.77192
KAZ,Cazaquistão,Q18408751,http://www.wikidata.org/entity/Q61368391,0,225,,47.858597,83.705032
KAZ,Cazaquistão,Q18408749,http://www.wikidata.org/entity/Q2550784,0,379,,48.169166666667,85.265555555556
KAZ,Cazaquistão,Q18408755,http://www.wikidata.org/entity/Q2466428,0,12,,50.74151389,81.91566389
KAZ,Cazaquistão,Q18408764,http://www.wikidata.org/entity/Q61368749,0,359,,49.98056,82.41917
KAZ,Cazaquistão,Q18408768,http://www.wikidata.org/entity/Q2550746,0,0,,51.13305,81.03172
KAZ,Cazaquistão,Q18408775,http://www.wikidata.org/entity/Q2550803,0,636,,47.249071,81.554221
KAZ,Cazaquistão,Q18408773,http://www.wikidata.org/entity/Q622780,0,1217,,51.9504,76.97656
KAZ,Cazaquistão,Q18409027,http://www.wikidata.org/entity/Q2726381,0,53,,48.49909,81.22261
KAZ,Cazaquistão,Q18409028,http://www.wikidata.org/entity/Q2550803,0,1590,,47.10303889,82.01034722
KAZ,Cazaquistão,Q18409043,http://www.wikidata.org/entity/Q2726381,0,80,,49.29625,80.97267
KAZ,Cazaquistão,Q18409040,http://www.wikidata.org/entity/Q2550784,0,346,,48.205,85.51963
KAZ,Cazaquistão,Q18409045,http://www.wikidata.org/entity/Q2550775,0,110,,48.753642,81.948996
KAZ,Cazaquistão,Q18409075,http://www.wikidata.org/entity/Q2726381,0,1220,,49.20549,81.17797
KAZ,Cazaquistão,Q18409078,http://www.wikidata.org/entity/Q2726381,0,313,,49.654738,80.891476
KAZ,Cazaquistão,Q18409131,http://www.wikidata.org/entity/Q2550775,0,362,,48.8306,83.29215
KAZ,Cazaquistão,Q18409135,http://www.wikidata.org/entity/Q2550803,0,1413,,47.14363056,81.89212778
KAZ,Cazaquistão,Q18409137,http://www.wikidata.org/entity/Q2550803,0,769,,46.45867,81.84745
KAZ,Cazaquistão,Q18409182,http://www.wikidata.org/entity/Q2726381,0,50,,49.707372,81.047387
KAZ,Cazaquistão,Q18409183,http://www.wikidata.org/entity/Q496442,0,32,,52.25471,75.45358
KAZ,Cazaquistão,Q18409202,http://www.wikidata.org/entity/Q61944,0,57,,49.8703,79.59148
KAZ,Cazaquistão,Q18409216,http://www.wikidata.org/entity/Q4507215,0,279,,49.71384444,84.01144167
KAZ,Cazaquistão,Q18409240,http://www.wikidata.org/entity/Q2550746,0,0,,50.6759,81.47048
KAZ,Cazaquistão,Q18409273,http://www.wikidata.org/entity/Q31195963,0,346,,49.21388889,86.00638889
KAZ,Cazaquistão,Q18409278,http://www.wikidata.org/entity/Q2550784,0,287,,48.1495108,84.9721667
KAZ,Cazaquistão,Q18409281,http://www.wikidata.org/entity/Q2550775,0,21,,48.63177,82.91416
KAZ,Cazaquistão,Q18409290,http://www.wikidata.org/entity/Q496442,0,41,,52.21129,74.57828
KAZ,Cazaquistão,Q18409291,http://www.wikidata.org/entity/Q61944,0,29,,50.23996,80.81062
KAZ,Cazaquistão,Q18409288,http://www.wikidata.org/entity/Q2550792,0,35,,49.393127,85.38866
KAZ,Cazaquistão,Q26736542,http://www.wikidata.org/entity/Q12543158,0,1912,,53.32138889,63.74611111
KAZ,Cazaquistão,Q28520315,http://www.wikidata.org/entity/Q2466428,0,0,,50.484896,82.014284
KAZ,Cazaquistão,Q28520318,http://www.wikidata.org/entity/Q2466428,0,0,,50.462974,81.875715
KAZ,Cazaquistão,Q28520317,http://www.wikidata.org/entity/Q2466428,0,0,,50.420769,81.725002
KAZ,Cazaquistão,Q28520322,http://www.wikidata.org/entity/Q2466428,0,0,,50.658087,82.205977
KAZ,Cazaquistão,Q28520320,http://www.wikidata.org/entity/Q2466428,0,0,,50.445933,81.914165
KAZ,Cazaquistão,Q28520321,http://www.wikidata.org/entity/Q2466428,0,0,,50.445933,81.914165
KAZ,Cazaquistão,Q28520324,http://www.wikidata.org/entity/Q2466428,0,0,,50.269423,81.745601
KAZ,Cazaquistão,Q28520325,http://www.wikidata.org/entity/Q2466428,0,0,,50.662137,81.869739
KAZ,Cazaquistão,Q47045253,http://www.wikidata.org/entity/Q2737272,0,0,,45.267151,78.93126
KAZ,Cazaquistão,Q16714245,http://www.wikidata.org/entity/Q12535972,0,121,,51.97333333,60.46055556
KAZ,Cazaquistão,Q16715125,http://www.wikidata.org/entity/Q2448467,0,283,,51.29633,75.782661
KAZ,Cazaquistão,Q16715131,http://www.wikidata.org/entity/Q12533509,0,370,,53.69166667,62.89722222
KAZ,Cazaquistão,Q16715303,http://www.wikidata.org/entity/Q30974373,0,315,,50.11583333,67.3225
KAZ,Cazaquistão,Q16715305,http://www.wikidata.org/entity/Q1010136,0,66,,52.3942828,64.9533109
KAZ,Cazaquistão,Q16715311,http://www.wikidata.org/entity/Q1377553,0,262,,53.76590833,61.70721667
KAZ,Cazaquistão,Q16715313,http://www.wikidata.org/entity/Q12551064,0,57,,48.66027778,72.02611111
KAZ,Cazaquistão,Q17494815,http://www.wikidata.org/entity/Q2550746,0,67,,51.15458,81.03446
KAZ,Cazaquistão,Q17494818,http://www.wikidata.org/entity/Q2550746,0,609,,51.04626111,80.99797222
KAZ,Cazaquistão,Q17494817,http://www.wikidata.org/entity/Q2550746,0,803,,51.050221,81.042602
KAZ,Cazaquistão,Q17494822,http://www.wikidata.org/entity/Q2550746,0,46,,50.901172,80.793189
KAZ,Cazaquistão,Q17494823,http://www.wikidata.org/entity/Q2550746,0,1092,,50.78795556,80.62539444
KAZ,Cazaquistão,Q17494827,http://www.wikidata.org/entity/Q2550746,0,122,,50.845066,80.735929
KAZ,Cazaquistão,Q17494825,http://www.wikidata.org/entity/Q2550746,0,64,,50.597986,80.435876
KAZ,Cazaquistão,Q17494830,http://www.wikidata.org/entity/Q2550746,0,88,,50.849103,80.75552
KAZ,Cazaquistão,Q17494831,http://www.wikidata.org/entity/Q2550746,0,1033,,50.76327222,80.66640278
KAZ,Cazaquistão,Q17494834,http://www.wikidata.org/entity/Q2550746,0,703,,50.643175,81.13606944
KAZ,Cazaquistão,Q17494833,http://www.wikidata.org/entity/Q2550746,0,17,,50.66155278,81.04222222
KAZ,Cazaquistão,Q17494836,http://www.wikidata.org/entity/Q2550746,0,56,,50.650766,80.92186
KAZ,Cazaquistão,Q17494840,http://www.wikidata.org/entity/Q2550746,0,57,,50.554179,80.945184
KAZ,Cazaquistão,Q17562693,http://www.wikidata.org/entity/Q16431529,0,364,,47.54711,84.956213
KAZ,Cazaquistão,Q17562698,http://www.wikidata.org/entity/Q16431529,0,284,,47.372627,84.869651
KAZ,Cazaquistão,Q17562701,http://www.wikidata.org/entity/Q16431529,0,1519,,47.50406111,84.99319444
KAZ,Cazaquistão,Q18335843,http://www.wikidata.org/entity/Q2554452,0,1793,,41.39388889,68.97805556
KAZ,Cazaquistão,Q18343407,http://www.wikidata.org/entity/Q2554452,0,360,,41.39722222,68.86583333
KAZ,Cazaquistão,Q18343729,http://www.wikidata.org/entity/Q2554452,0,943,,41.37388889,68.85527778
KAZ,Cazaquistão,Q18396363,http://www.wikidata.org/entity/Q31195963,0,228,,49.268953,86.030824
KAZ,Cazaquistão,Q18396361,http://www.wikidata.org/entity/Q2466416,0,14,,50.68022,79.833634
KAZ,Cazaquistão,Q18396364,http://www.wikidata.org/entity/Q2550775,0,282,,48.717185,82.703769
KAZ,Cazaquistão,Q18396371,http://www.wikidata.org/entity/Q61367817,0,834,,49.36488,85.411449
KAZ,Cazaquistão,Q18396372,http://www.wikidata.org/entity/Q2550775,0,133,,48.30489,83.01063
KAZ,Cazaquistão,Q18396377,http://www.wikidata.org/entity/Q2550754,0,89,,47.53945,81.03618
KAZ,Cazaquistão,Q18396381,http://www.wikidata.org/entity/Q61368746,0,199,,50.21404,82.2155
KAZ,Cazaquistão,Q18396386,http://www.wikidata.org/entity/Q2550792,0,0,,49.37131,85.06937
KAZ,Cazaquistão,Q18396384,http://www.wikidata.org/entity/Q2550754,0,162,,47.830126,81.096439
KAZ,Cazaquistão,Q18396390,http://www.wikidata.org/entity/Q61368056,0,260,,48.35328,84.37191
KAZ,Cazaquistão,Q18396391,http://www.wikidata.org/entity/Q61367817,0,136,,49.535054,85.516548
KAZ,Cazaquistão,Q18396394,http://www.wikidata.org/entity/Q61366512,0,56,,52.14508,74.95697
KAZ,Cazaquistão,Q18396392,http://www.wikidata.org/entity/Q2550754,0,1127,,47.465642,80.905809
KAZ,Cazaquistão,Q18396393,http://www.wikidata.org/entity/Q2550754,0,914,,47.91906,80.928823
KAZ,Cazaquistão,Q18399246,http://www.wikidata.org/entity/Q613774,0,1796,,47.819927,82.604399
KAZ,Cazaquistão,Q18399930,http://www.wikidata.org/entity/Q613774,0,632,,47.892614,82.604939
KAZ,Cazaquistão,Q18399947,http://www.wikidata.org/entity/Q2554498,0,329,,52.26458,77.99554
KAZ,Cazaquistão,Q18399973,http://www.wikidata.org/entity/Q613774,0,70,,47.9359,82.43625
KAZ,Cazaquistão,Q18401512,http://www.wikidata.org/entity/Q31195521,0,1434,,50.37466389,82.72242222
KAZ,Cazaquistão,Q18401546,http://www.wikidata.org/entity/Q2550784,0,31,,48.55684,84.81033
KAZ,Cazaquistão,Q18401550,http://www.wikidata.org/entity/Q56368952,0,635,,51.122222222222,78.052777777778
KAZ,Cazaquistão,Q18401556,http://www.wikidata.org/entity/Q61368751,0,389,,50.13907,82.24502
KAZ,Cazaquistão,Q18401579,http://www.wikidata.org/entity/Q2726381,0,245,,49.01986,81.36062
KAZ,Cazaquistão,Q18401582,http://www.wikidata.org/entity/Q56368951,0,692,,51.43083333,77.5475
KAZ,Cazaquistão,Q18401640,http://www.wikidata.org/entity/Q2554498,0,63,,52.79591,78.16429
KAZ,Cazaquistão,Q18402065,http://www.wikidata.org/entity/Q2554498,0,58,,52.16061,78.77497
KAZ,Cazaquistão,Q18406578,http://www.wikidata.org/entity/Q61368777,0,498,,49.683825,83.01812222
KAZ,Cazaquistão,Q18406660,http://www.wikidata.org/entity/Q613774,0,1441,,47.542777777778,83.001111111111
KAZ,Cazaquistão,Q18407425,http://www.wikidata.org/entity/Q2550803,0,1753,,46.89445,81.59305
KAZ,Cazaquistão,Q18407431,http://www.wikidata.org/entity/Q2550754,0,606,,47.72593,77.46391
KAZ,Cazaquistão,Q18407451,http://www.wikidata.org/entity/Q56368949,0,50,,50.98027778,78.18788889
KAZ,Cazaquistão,Q18407448,http://www.wikidata.org/entity/Q622780,0,135,,51.96109,77.0157
KAZ,Cazaquistão,Q18407481,http://www.wikidata.org/entity/Q4412412,0,45,,49.81695556,82.91486111
KAZ,Cazaquistão,Q18407502,http://www.wikidata.org/entity/Q2554498,0,853,,51.96896,78.45064
KAZ,Cazaquistão,Q18407500,http://www.wikidata.org/entity/Q16689593,0,1683,,50.68333333,72.71666667
KAZ,Cazaquistão,Q18407507,http://www.wikidata.org/entity/Q56368467,0,241,,54.001111111111,76.378333333333
KAZ,Cazaquistão,Q18407510,http://www.wikidata.org/entity/Q2550754,0,113,,47.602,80.91894
KAZ,Cazaquistão,Q18407531,http://www.wikidata.org/entity/Q61944,0,371,,50.10496,79.312023
KAZ,Cazaquistão,Q18407534,http://www.wikidata.org/entity/Q2550784,0,273,,47.90207,84.6318
KAZ,Cazaquistão,Q18407536,http://www.wikidata.org/entity/Q61368391,0,281,,47.853629,83.655078
KAZ,Cazaquistão,Q18407537,http://www.wikidata.org/entity/Q61366515,0,107,,52.28349,75.10717
KAZ,Cazaquistão,Q18407543,http://www.wikidata.org/entity/Q61368424,0,271,,47.32928,83.28821
KAZ,Cazaquistão,Q18407548,http://www.wikidata.org/entity/Q2550775,0,159,,48.76298,82.53204
KAZ,Cazaquistão,Q21843259,http://www.wikidata.org/entity/Q20098144,0,3280,,50.209167,57.283889
KAZ,Cazaquistão,Q21843260,http://www.wikidata.org/entity/Q477232,0,0,,50.14918,57.2113
KAZ,Cazaquistão,Q21843266,http://www.wikidata.org/entity/Q2550391,0,233,,49.24417,56.32389
KAZ,Cazaquistão,Q25509023,http://www.wikidata.org/entity/Q1427082,0,425,,51.88583333,63.31944444
KAZ,Cazaquistão,Q25530316,http://www.wikidata.org/entity/Q2550378,0,9643,,43.168611111111,76.850277777778
KAZ,Cazaquistão,Q25530322,http://www.wikidata.org/entity/Q4415516,0,1407,,49.17979167,75.21248889
KAZ,Cazaquistão,Q26160845,http://www.wikidata.org/entity/Q16272715,0,1299,,49.29111111,62.70972222
KAZ,Cazaquistão,Q17562705,http://www.wikidata.org/entity/Q61368182,0,450,,47.587294,85.063384
KAZ,Cazaquistão,Q17562710,http://www.wikidata.org/entity/Q61368182,0,43,,47.29553,85.42144
KAZ,Cazaquistão,Q17562708,http://www.wikidata.org/entity/Q61368182,0,334,,47.597424,85.120075
KAZ,Cazaquistão,Q17562730,http://www.wikidata.org/entity/Q61368181,0,706,,47.555502,84.780421
KAZ,Cazaquistão,Q17562734,http://www.wikidata.org/entity/Q61368150,0,73,,47.29786,85.63087
KAZ,Cazaquistão,Q17562735,http://www.wikidata.org/entity/Q61368150,0,76,,47.72685,85.27948
KAZ,Cazaquistão,Q17562732,http://www.wikidata.org/entity/Q61368181,0,260,,47.577669,84.838775
KAZ,Cazaquistão,Q17562738,http://www.wikidata.org/entity/Q61368150,0,2790,,47.61278611,85.17329722
KAZ,Cazaquistão,Q17562739,http://www.wikidata.org/entity/Q61368142,0,430,,47.67502222,84.95743056
KAZ,Cazaquistão,Q17562737,http://www.wikidata.org/entity/Q61368150,0,46,,47.63786,85.10971
KAZ,Cazaquistão,Q17562740,http://www.wikidata.org/entity/Q61368142,0,172,,47.768709,84.785108
KAZ,Cazaquistão,Q17562741,http://www.wikidata.org/entity/Q61368142,0,1075,,47.722551,84.935861
KAZ,Cazaquistão,Q18204155,http://www.wikidata.org/entity/Q2554487,0,128,,42.00222222,68.66805556
KAZ,Cazaquistão,Q18212087,http://www.wikidata.org/entity/Q2554452,0,995,,41.44694444,68.25222222
KAZ,Cazaquistão,Q18334651,http://www.wikidata.org/entity/Q2554452,0,1975,,41.39972222,69.05555556
KAZ,Cazaquistão,Q18395265,http://www.wikidata.org/entity/Q2726381,0,224,,49.06305556,81.00888889
KAZ,Cazaquistão,Q18399251,http://www.wikidata.org/entity/Q2550792,0,0,,49.58634,84.92637
KAZ,Cazaquistão,Q18399254,http://www.wikidata.org/entity/Q2550754,0,310,,47.894175,79.05449
KAZ,Cazaquistão,Q18399256,http://www.wikidata.org/entity/Q496442,0,81,,52.171681,74.643474
KAZ,Cazaquistão,Q18399261,http://www.wikidata.org/entity/Q2550754,0,27,,48.05726,78.2981
KAZ,Cazaquistão,Q18399267,http://www.wikidata.org/entity/Q2550792,0,455,,49.112253,84.471388
KAZ,Cazaquistão,Q18399264,http://www.wikidata.org/entity/Q622780,0,35,,52.21644,76.82859
KAZ,Cazaquistão,Q18399269,http://www.wikidata.org/entity/Q61366775,0,70,,51.87479,77.10308
KAZ,Cazaquistão,Q18399272,http://www.wikidata.org/entity/Q2550803,0,1503,,46.9022,82.27352
KAZ,Cazaquistão,Q18399900,http://www.wikidata.org/entity/Q622780,0,652,,52.55934,76.5838
KAZ,Cazaquistão,Q18399920,http://www.wikidata.org/entity/Q25505448,0,175,,52.34488,77.2586
KAZ,Cazaquistão,Q18399933,http://www.wikidata.org/entity/Q56368953,0,523,,51.352144444444,77.666666666667
KAZ,Cazaquistão,Q18399951,http://www.wikidata.org/entity/Q893317,0,24,,50.15455,82.56483
KAZ,Cazaquistão,Q18399962,http://www.wikidata.org/entity/Q61944,0,321,,50.38598,80.99241
KAZ,Cazaquistão,Q18401598,http://www.wikidata.org/entity/Q622780,0,323,,52.18183,76.62036
KAZ,Cazaquistão,Q18404540,http://www.wikidata.org/entity/Q2664367,0,51,,49.603131,84.226491
KAZ,Cazaquistão,Q18404577,http://www.wikidata.org/entity/Q2550754,0,435,,47.87675,80.17684
KAZ,Cazaquistão,Q18407552,http://www.wikidata.org/entity/Q1378355,0,321,,51.69665,60.60789444
KAZ,Cazaquistão,Q18407571,http://www.wikidata.org/entity/Q2726381,0,85,,49.62272,81.57932
KAZ,Cazaquistão,Q18407568,http://www.wikidata.org/entity/Q2550803,0,1357,,47.12224,81.2693
KAZ,Cazaquistão,Q18407574,http://www.wikidata.org/entity/Q2550784,0,442,,48.142608,85.196872
KAZ,Cazaquistão,Q18407579,http://www.wikidata.org/entity/Q2550775,0,207,,48.839943,83.03799
KAZ,Cazaquistão,Q18407585,http://www.wikidata.org/entity/Q2726381,0,1423,,49.321722,81.469653
KAZ,Cazaquistão,Q19915425,http://www.wikidata.org/entity/Q61368386,0,328,,47.687579,83.416593
KAZ,Cazaquistão,Q19915429,http://www.wikidata.org/entity/Q61944,0,103,,50.230468,80.455858
KAZ,Cazaquistão,Q19915448,http://www.wikidata.org/entity/Q2664367,0,6,,49.8867,84.4011
KAZ,Cazaquistão,Q19915661,http://www.wikidata.org/entity/Q162548,0,444,,49.82957,82.8927
KAZ,Cazaquistão,Q19915667,http://www.wikidata.org/entity/Q2550746,0,0,,50.87878,81.16596
KAZ,Cazaquistão,Q19915782,http://www.wikidata.org/entity/Q4465836,0,280,,49.8986,84.2539
KAZ,Cazaquistão,Q19915818,http://www.wikidata.org/entity/Q25395442,0,1122,,49.1389,83.7211
KAZ,Cazaquistão,Q19916051,http://www.wikidata.org/entity/Q4507215,0,189,,49.6225,84.0469
KAZ,Cazaquistão,Q20486294,http://www.wikidata.org/entity/Q2554498,0,244,,52.526196,78.53611
KAZ,Cazaquistão,Q28520307,http://www.wikidata.org/entity/Q2448467,0,6,,,
KAZ,Cazaquistão,Q28520304,http://www.wikidata.org/entity/Q2448467,0,0,,50.729119,75.38408
KAZ,Cazaquistão,Q47045563,http://www.wikidata.org/entity/Q2668108,0,71,,48.519972,66.755563
KAZ,Cazaquistão,Q59626034,http://www.wikidata.org/entity/Q2554511,0,34,,42.488381,70.371249
