iso3,country,city_qid,admin_q,is_cap,pop,yr,lat,lon
LVA,Letônia,Q80021,http://www.wikidata.org/entity/Q211,0,129000,,55.871388888889,26.516111111111
LVA,Letônia,Q104036,http://www.wikidata.org/entity/Q211,0,50646,,57.389722222222,21.564444444444
LVA,Letônia,Q107582,http://www.wikidata.org/entity/Q97230394,0,22100,,57.313055555556,25.274722222222
LVA,Letônia,Q108037,http://www.wikidata.org/entity/Q97233086,0,25093,,57.538055555556,25.423055555556
LVA,Letônia,Q124349,http://www.wikidata.org/entity/Q3760491,0,584,,57.351666666667,24.952222222222
LVA,Letônia,Q155281,http://www.wikidata.org/entity/Q97231583,0,14400,,56.967222222222,21.97
LVA,Letônia,Q166684,http://www.wikidata.org/entity/Q97231916,0,9997,,57.514722222222,24.713055555556
LVA,Letônia,Q167668,http://www.wikidata.org/entity/Q211,0,114900,,56.508333333333,21.011111111111
LVA,Letônia,Q178382,http://www.wikidata.org/entity/Q211,0,66500,,56.972222222222,23.796944444444
LVA,Letônia,Q179830,http://www.wikidata.org/entity/Q211,0,74105,,56.652222222222,23.724444444444
LVA,Letônia,Q180379,http://www.wikidata.org/entity/Q211,0,41464,,56.506666666667,27.330833333333
LVA,Letônia,Q191120,http://www.wikidata.org/entity/Q97231194,0,31435,,56.4975,25.866388888889
LVA,Letônia,Q60044,http://www.wikidata.org/entity/Q97230083,0,2103,,56.003611111111,25.905555555556
LVA,Letônia,Q203375,http://www.wikidata.org/entity/Q97231943,0,3724,,56.385555555556,28.1225
LVA,Letônia,Q218402,http://www.wikidata.org/entity/Q97230143,0,9600,,57.129166666667,27.266666666667
LVA,Letônia,Q1773,http://www.wikidata.org/entity/Q211,1,701977,,56.9475,24.106944444444
LVA,Letônia,Q26441,http://www.wikidata.org/entity/Q97230143,0,2949,,57.184166666667,27.672222222222
LVA,Letônia,Q249715,http://www.wikidata.org/entity/Q2451375,0,14608,,56.784444444444,23.936944444444
LVA,Letônia,Q291333,http://www.wikidata.org/entity/Q3393445,0,10897,,57.423888888889,27.050277777778
LVA,Letônia,Q323774,http://www.wikidata.org/entity/Q1945263,0,8268,,57.775277777778,26.021388888889
LVA,Letônia,Q465698,http://www.wikidata.org/entity/Q97232700,0,14757,,57.153888888889,24.854444444444
LVA,Letônia,Q120761,http://www.wikidata.org/entity/Q110446086,0,1803,,56.971816666667,24.631763888889
LVA,Letônia,Q177490,http://www.wikidata.org/entity/Q3192261,0,770,,56.68888889,25.97138889
LVA,Letônia,Q209850,http://www.wikidata.org/entity/Q8079993,0,321,,57.81666667,25.81666667
LVA,Letônia,Q267871,http://www.wikidata.org/entity/Q97231583,0,2232,,56.675555555556,22.016388888889
LVA,Letônia,Q279004,http://www.wikidata.org/entity/Q211,0,9758,,56.7225,24.805
LVA,Letônia,Q344621,http://www.wikidata.org/entity/Q97232220,0,2539,,56.744444444444,24.721388888889
LVA,Letônia,Q344628,http://www.wikidata.org/entity/Q3218596,0,578,,56.7,26.18333333
LVA,Letônia,Q372999,http://www.wikidata.org/entity/Q2605088,0,964,,56.123333333333,27.016666666667
LVA,Letônia,Q405931,http://www.wikidata.org/entity/Q97231916,0,835,,57.863611111111,24.358611111111
LVA,Letônia,Q420333,http://www.wikidata.org/entity/Q97231194,0,3019,,56.162222222222,25.741111111111
LVA,Letônia,Q428381,http://www.wikidata.org/entity/Q110276346,0,217,,57.15277778,24.64444444
LVA,Letônia,Q432596,http://www.wikidata.org/entity/Q211,0,3216,,56.6,26.75
LVA,Letônia,Q432829,http://www.wikidata.org/entity/Q4735890,0,789,,56.980277777778,21.566666666667
LVA,Letônia,Q488301,http://www.wikidata.org/entity/Q2851477,0,75,,56.672222222222,23.093055555556
LVA,Letônia,Q498256,http://www.wikidata.org/entity/Q97230156,0,9886,,56.406666666667,24.1875
LVA,Letônia,Q504681,http://www.wikidata.org/entity/Q97229842,0,3120,,56.65,25.433333333333
LVA,Letônia,Q506671,http://www.wikidata.org/entity/Q3800864,0,519,,56.58333333,27.25
LVA,Letônia,Q511151,http://www.wikidata.org/entity/Q211,0,2397,,56.4183,21.8522
LVA,Letônia,Q519580,http://www.wikidata.org/entity/Q211,0,20080,,56.65,23.23333333
LVA,Letônia,Q520405,http://www.wikidata.org/entity/Q97232890,0,13200,,57.244722222222,22.588888888889
LVA,Letônia,Q567747,http://www.wikidata.org/entity/Q97229842,0,4434,,56.616111111111,25.721666666667
LVA,Letônia,Q578527,http://www.wikidata.org/entity/Q97233086,0,2322,,57.650555555556,25.751111111111
LVA,Letônia,Q580373,http://www.wikidata.org/entity/Q97230083,0,3652,,55.978055555556,26.296666666667
LVA,Letônia,Q580746,http://www.wikidata.org/entity/Q4907460,0,243,,56.67,22.970833333333
LVA,Letônia,Q586048,http://www.wikidata.org/entity/Q97231990,0,10300,,56.854166666667,26.220555555556
LVA,Letônia,Q597346,http://www.wikidata.org/entity/Q97232220,0,6882,,56.7175,24.810555555556
LVA,Letônia,Q618119,http://www.wikidata.org/entity/Q97232760,0,2530,,57.539166666667,26.692777777778
LVA,Letônia,Q622691,http://www.wikidata.org/entity/Q4992830,0,263,,57.06083333,23.30694444
LVA,Letônia,Q765976,http://www.wikidata.org/entity/Q97233086,0,4830,,57.896944444444,25.326111111111
LVA,Letônia,Q1023764,http://www.wikidata.org/entity/Q97230156,0,6400,,56.6,24.2
LVA,Letônia,Q1027009,http://www.wikidata.org/entity/Q4539648,0,1289,,57.179722222222,26.054444444444
LVA,Letônia,Q1027029,http://www.wikidata.org/entity/Q110098714,0,5893,,56.940833333333,24.286111111111
LVA,Letônia,Q1027033,http://www.wikidata.org/entity/Q4400115,0,862,,56.42,24.009722222222
LVA,Letônia,Q1027053,http://www.wikidata.org/entity/Q4993630,0,2487,,56.606388888889,24.522222222222
LVA,Letônia,Q1044023,http://www.wikidata.org/entity/Q110082781,0,5183,,57.133333333333,24.283333333333
LVA,Letônia,Q773027,http://www.wikidata.org/entity/Q211,0,2387,,57.88388889,25.45555556
LVA,Letônia,Q789351,http://www.wikidata.org/entity/Q97233440,0,3801,,56.7425,24.390833333333
LVA,Letônia,Q805759,http://www.wikidata.org/entity/Q4852990,0,721,,56.944722222222,27.644722222222
LVA,Letônia,Q835771,http://www.wikidata.org/entity/Q97229842,0,7300,,56.6175,25.081388888889
LVA,Letônia,Q836513,http://www.wikidata.org/entity/Q97232589,0,4727,,56.552777777778,26.925277777778
LVA,Letônia,Q840717,http://www.wikidata.org/entity/Q97230452,0,1320,,56.887777777778,21.184166666667
LVA,Letônia,Q987208,http://www.wikidata.org/entity/Q11113584,0,949,,57.521388888889,25.338055555556
LVA,Letônia,Q1006029,http://www.wikidata.org/entity/Q4992613,0,596,,57.061944444444,25.810833333333
LVA,Letônia,Q1006622,http://www.wikidata.org/entity/Q110445984,0,2139,,57.045833333333,24.418611111111
LVA,Letônia,Q1018485,http://www.wikidata.org/entity/Q3800981,0,287,,56.55,27.883888888889
LVA,Letônia,Q1023733,http://www.wikidata.org/entity/Q4992830,0,1572,,57.160555555556,23.224444444444
LVA,Letônia,Q1023736,http://www.wikidata.org/entity/Q211,0,3314,,57.236388888889,25.038055555556
LVA,Letônia,Q1023743,http://www.wikidata.org/entity/Q110446036,0,2168,,57.01,24.958055555556
LVA,Letônia,Q1023747,http://www.wikidata.org/entity/Q4332240,0,4323,,56.690277777778,23.795
LVA,Letônia,Q1023755,http://www.wikidata.org/entity/Q16890081,0,2879,,56.646666666667,25.122222222222
LVA,Letônia,Q1023757,http://www.wikidata.org/entity/Q211,0,1931,,56.275,26.658333333333
LVA,Letônia,Q336006,http://www.wikidata.org/entity/Q97233421,0,7580,,57.076944444444,24.323611111111
LVA,Letônia,Q342622,http://www.wikidata.org/entity/Q3801642,0,2168,,56.8975,25.6375
LVA,Letônia,Q344608,http://www.wikidata.org/entity/Q8080295,0,7523,,56.82662,24.23
LVA,Letônia,Q344625,http://www.wikidata.org/entity/Q2451571,0,817,,56.956111111111,24.081111111111
LVA,Letônia,Q369007,http://www.wikidata.org/entity/Q211,0,28221,,56.9667,23.15
LVA,Letônia,Q371429,http://www.wikidata.org/entity/Q211,0,7079,,57.25,24.41666667
LVA,Letônia,Q411715,http://www.wikidata.org/entity/Q97229842,0,8606,,56.600833333333,25.255
LVA,Letônia,Q411723,http://www.wikidata.org/entity/Q97230452,0,6300,,56.721111111111,21.601666666667
LVA,Letônia,Q636935,http://www.wikidata.org/entity/Q97232977,0,21800,,56.966888888889,23.153
LVA,Letônia,Q638592,http://www.wikidata.org/entity/Q97231555,0,12800,,55.895555555556,27.164444444444
LVA,Letônia,Q641220,http://www.wikidata.org/entity/Q97231194,0,2513,,56.345277777778,25.556944444444
LVA,Letônia,Q648259,http://www.wikidata.org/entity/Q402334,0,640,,56.591111111111,21.137222222222
LVA,Letônia,Q650475,http://www.wikidata.org/entity/Q97232890,0,3345,,57.045833333333,22.572777777778
LVA,Letônia,Q659019,http://www.wikidata.org/entity/Q97231916,0,1626,,57.766944444444,24.882777777778
LVA,Letônia,Q659665,http://www.wikidata.org/entity/Q97231916,0,4456,,57.749444444444,24.358611111111
LVA,Letônia,Q729447,http://www.wikidata.org/entity/Q97230466,0,15173,,56.625833333333,23.281111111111
LVA,Letônia,Q797994,http://www.wikidata.org/entity/Q4074382,0,1279,,56.956666666667,23.947222222222
LVA,Letônia,Q807670,http://www.wikidata.org/entity/Q4992805,0,0,,56.726388888889,21.992222222222
LVA,Letônia,Q838491,http://www.wikidata.org/entity/Q1345325,0,1509,,57.225555555556,21.676111111111
LVA,Letônia,Q840801,http://www.wikidata.org/entity/Q97230452,0,648,,56.588333333333,21.368888888889
LVA,Letônia,Q2072154,http://www.wikidata.org/entity/Q211,0,2280,,56.73333333,23.0175
LVA,Letônia,Q2072165,http://www.wikidata.org/entity/Q211,0,2851,,56.9,26.716666666667
LVA,Letônia,Q2072209,http://www.wikidata.org/entity/Q211,0,5427,,56.733333333333,24.7
LVA,Letônia,Q2077609,http://www.wikidata.org/entity/Q4992791,0,9,,57.7299,22.4773
LVA,Letônia,Q840823,http://www.wikidata.org/entity/Q97232692,0,3795,,57.263611111111,24.416388888889
LVA,Letônia,Q840836,http://www.wikidata.org/entity/Q97232673,0,3134,,56.683333333333,22.566388888889
LVA,Letônia,Q844464,http://www.wikidata.org/entity/Q97231916,0,2689,,57.835555555556,24.7475
LVA,Letônia,Q844468,http://www.wikidata.org/entity/Q97233086,0,3126,,57.866666666667,25.05
LVA,Letônia,Q844477,http://www.wikidata.org/entity/Q97231990,0,3113,,56.901666666667,26.722777777778
LVA,Letônia,Q846341,http://www.wikidata.org/entity/Q97232890,0,2057,,57.370555555556,22.591944444444
LVA,Letônia,Q849141,http://www.wikidata.org/entity/Q432596,0,2804,,56.607777777778,26.755
LVA,Letônia,Q849147,http://www.wikidata.org/entity/Q97231943,0,3992,,56.786666666667,27.673888888889
LVA,Letônia,Q849152,http://www.wikidata.org/entity/Q97232977,0,5148,,57.036388888889,22.776111111111
LVA,Letônia,Q1023741,http://www.wikidata.org/entity/Q7908915,0,1944,,56.418472222222,21.852308333333
LVA,Letônia,Q1023753,http://www.wikidata.org/entity/Q7359909,0,2715,,57.503055555556,22.810555555556
LVA,Letônia,Q1172924,http://www.wikidata.org/entity/Q2451571,0,9015,,57.041666666667,24.026388888889
LVA,Letônia,Q1240381,http://www.wikidata.org/entity/Q3801254,0,2532,,57.314166666667,25.359722222222
LVA,Letônia,Q1266291,http://www.wikidata.org/entity/Q6544206,0,68,,57.4,24.41666667
LVA,Letônia,Q1493534,http://www.wikidata.org/entity/Q282893,0,1584,,57.331944444444,25.609722222222
LVA,Letônia,Q1518841,http://www.wikidata.org/entity/Q211,0,25937,,56.483333333333,27.216666666667
LVA,Letônia,Q1579101,http://www.wikidata.org/entity/Q211,0,4548,,56.310555555556,25.925277777778
LVA,Letônia,Q1579113,http://www.wikidata.org/entity/Q211,0,22443,,56.6525,23.72277778
LVA,Letônia,Q1626641,http://www.wikidata.org/entity/Q4992791,0,874,,57.7425,22.584444444444
LVA,Letônia,Q1679681,http://www.wikidata.org/entity/Q6531775,0,269,,56.77388889,23.14416667
LVA,Letônia,Q1989164,http://www.wikidata.org/entity/Q211,0,16628,,57.26666667,25.38333333
LVA,Letônia,Q1995769,http://www.wikidata.org/entity/Q211,0,1620,,56.981666666667,21.566944444444
LVA,Letônia,Q1998978,http://www.wikidata.org/entity/Q2000529,0,271,,56.266666666667,27.833333333333
LVA,Letônia,Q1999379,http://www.wikidata.org/entity/Q2340245,0,251,,56.05,26.783333333333
LVA,Letônia,Q2045124,http://www.wikidata.org/entity/Q3801020,0,163,,56.33194444,26.17777778
LVA,Letônia,Q2045300,http://www.wikidata.org/entity/Q211,0,4476,,56.126132,27.014265
LVA,Letônia,Q731915,http://www.wikidata.org/entity/Q97232220,0,25380,,56.816944444444,24.604722222222
LVA,Letônia,Q732986,http://www.wikidata.org/entity/Q2140753,0,18121,,56.861388888889,24.35
LVA,Letônia,Q744247,http://www.wikidata.org/entity/Q97232673,0,12707,,56.666666666667,22.493611111111
LVA,Letônia,Q744259,http://www.wikidata.org/entity/Q97231943,0,8718,,56.543888888889,27.721111111111
LVA,Letônia,Q753010,http://www.wikidata.org/entity/Q209187,0,10602,,57.175,26.756388888889
LVA,Letônia,Q753029,http://www.wikidata.org/entity/Q97232220,0,7558,,56.836666666667,24.496388888889
LVA,Letônia,Q757043,http://www.wikidata.org/entity/Q97233440,0,6878,,56.875,24.119444444444
LVA,Letônia,Q757050,http://www.wikidata.org/entity/Q97231990,0,2412,,56.968333333333,26.306666666667
LVA,Letônia,Q757049,http://www.wikidata.org/entity/Q97230452,0,4600,,56.5375,21.1675
LVA,Letônia,Q757101,http://www.wikidata.org/entity/Q97231555,0,3506,,56.094722222222,27.536944444444
LVA,Letônia,Q758578,http://www.wikidata.org/entity/Q97230466,0,4821,,56.461111111111,22.894166666667
LVA,Letônia,Q840806,http://www.wikidata.org/entity/Q97232760,0,5768,,57.424166666667,25.906388888889
LVA,Letônia,Q849156,http://www.wikidata.org/entity/Q2277489,0,8208,,56.353888888889,26.176111111111
LVA,Letônia,Q849832,http://www.wikidata.org/entity/Q97232560,0,4401,,57.091944444444,24.548611111111
LVA,Letônia,Q851399,http://www.wikidata.org/entity/Q97233086,0,2840,,57.627222222222,25.685
LVA,Letônia,Q853761,http://www.wikidata.org/entity/Q97230394,0,2169,,57.233611111111,25.039722222222
LVA,Letônia,Q858476,http://www.wikidata.org/entity/Q97232413,0,9900,,56.294166666667,26.724722222222
LVA,Letônia,Q897503,http://www.wikidata.org/entity/Q4413950,0,12,,56.52722222,25.61388889
LVA,Letônia,Q908683,http://www.wikidata.org/entity/Q97230452,0,4133,,56.447222222222,21.593333333333
LVA,Letônia,Q909654,http://www.wikidata.org/entity/Q97232890,0,2672,,57.145,22.534722222222
LVA,Letônia,Q933875,http://www.wikidata.org/entity/Q4210270,0,2137,,56.800555555556,23.609722222222
LVA,Letônia,Q1532385,http://www.wikidata.org/entity/Q4423170,0,20,,56.87833333,23.21916667
LVA,Letônia,Q1579076,http://www.wikidata.org/entity/Q211,0,16744,,57.51666667,24.71666667
LVA,Letônia,Q1684136,http://www.wikidata.org/entity/Q4539650,0,1029,,56.731388888889,23.0125
LVA,Letônia,Q1712746,http://www.wikidata.org/entity/Q6981217,0,869,,57.883611111111,25.452777777778
LVA,Letônia,Q1831695,http://www.wikidata.org/entity/Q211,0,14963,,55.9,27.16666667
LVA,Letônia,Q1837354,http://www.wikidata.org/entity/Q211,0,2212,,57.00083333,27.12972222
LVA,Letônia,Q1869075,http://www.wikidata.org/entity/Q211,0,4873,,57.1667,27.6667
LVA,Letônia,Q1892063,http://www.wikidata.org/entity/Q211,0,5163,,57.2,25.15
LVA,Letônia,Q2563626,http://www.wikidata.org/entity/Q4992595,0,5,,57.633333333333,22.15
LVA,Letônia,Q2563638,http://www.wikidata.org/entity/Q4992595,0,6,,57.616666666667,22.116666666667
LVA,Letônia,Q2563657,http://www.wikidata.org/entity/Q4992791,0,44,,57.70546,22.387111
LVA,Letônia,Q2817277,http://www.wikidata.org/entity/Q3801007,0,20,,56.12583333,25.83083333
LVA,Letônia,Q2880128,http://www.wikidata.org/entity/Q211,0,6543,,56.514806,25.30426
LVA,Letônia,Q4156587,http://www.wikidata.org/entity/Q2340245,0,2,,56.116944444444,26.816388888889
LVA,Letônia,Q4171505,http://www.wikidata.org/entity/Q3801209,0,40,,56.580277777778,27.334444444444
LVA,Letônia,Q1920815,http://www.wikidata.org/entity/Q211,0,4776,,57.0619,25.8108
LVA,Letônia,Q1926512,http://www.wikidata.org/entity/Q4992275,0,449,,56.441111111111,24.053888888889
LVA,Letônia,Q1926523,http://www.wikidata.org/entity/Q2563668,0,4165,,57.001085538832,24.161900125751
LVA,Letônia,Q1934932,http://www.wikidata.org/entity/Q211,0,6413,,56.5,22.95
LVA,Letônia,Q1942469,http://www.wikidata.org/entity/Q211,0,2616,,56.88333333,21.16666667
LVA,Letônia,Q1950456,http://www.wikidata.org/entity/Q211,0,3918,,56.34611111,21.06222222
LVA,Letônia,Q1955102,http://www.wikidata.org/entity/Q211,0,2568,,56.55,27.883333333333
LVA,Letônia,Q1959984,http://www.wikidata.org/entity/Q211,0,12290,,57.43333333,25.9
LVA,Letônia,Q1962356,http://www.wikidata.org/entity/Q211,0,2729,,56.61666667,21.36666667
LVA,Letônia,Q1973559,http://www.wikidata.org/entity/Q4993828,0,420,,56.479347,23.390697
LVA,Letônia,Q1978424,http://www.wikidata.org/entity/Q1773,0,33016,,56.95,24.0
LVA,Letônia,Q1986090,http://www.wikidata.org/entity/Q178382,0,3070,,56.98333333,23.85611111
LVA,Letônia,Q1993731,http://www.wikidata.org/entity/Q2451571,0,26131,,56.966666666667,24.066666666667
LVA,Letônia,Q2018672,http://www.wikidata.org/entity/Q211,0,12342,,57.13333333,27.25
LVA,Letônia,Q2018681,http://www.wikidata.org/entity/Q211,0,5779,,56.6667,26.9167
LVA,Letônia,Q2018692,http://www.wikidata.org/entity/Q211,0,3051,,57.5,25.45
LVA,Letônia,Q2024643,http://www.wikidata.org/entity/Q211,0,8085,,57.041388888889,22.773055555556
LVA,Letônia,Q2025473,http://www.wikidata.org/entity/Q211,0,7022,,55.98333333,26.3
LVA,Letônia,Q2025603,http://www.wikidata.org/entity/Q3801020,0,117,,56.254166666667,26.2025
LVA,Letônia,Q2030886,http://www.wikidata.org/entity/Q211,0,5811,,56.73333333,24.38333333
LVA,Letônia,Q2035921,http://www.wikidata.org/entity/Q2615106,0,670,,55.784008333333,26.353705555556
LVA,Letônia,Q2039951,http://www.wikidata.org/entity/Q2615041,0,557,,55.904166666667,26.376666666667
LVA,Letônia,Q2041303,http://www.wikidata.org/entity/Q3801676,0,1655,,57.278611111111,26.575277777778
LVA,Letônia,Q2077631,http://www.wikidata.org/entity/Q7359909,0,190,,57.651111111111,22.573888888889
LVA,Letônia,Q2077650,http://www.wikidata.org/entity/Q4992791,0,17,,57.716666666667,22.429444444444
LVA,Letônia,Q2079353,http://www.wikidata.org/entity/Q211,0,11247,,56.888888888889,23.766111111111
LVA,Letônia,Q2079406,http://www.wikidata.org/entity/Q211,0,2804,,56.8975,25.6375
LVA,Letônia,Q2079428,http://www.wikidata.org/entity/Q211,0,7977,,57.694722222222,25.275
LVA,Letônia,Q2079455,http://www.wikidata.org/entity/Q211,0,7225,,56.955,23.33805556
LVA,Letônia,Q2082531,http://www.wikidata.org/entity/Q3801562,0,895,,57.33055556,24.44194444
LVA,Letônia,Q2089604,http://www.wikidata.org/entity/Q4992830,0,281,,57.08,23.260277777778
LVA,Letônia,Q2093996,http://www.wikidata.org/entity/Q211,0,3701,,56.35,25.55
LVA,Letônia,Q2106159,http://www.wikidata.org/entity/Q211,0,4911,,56.341388888889,26.801111111111
LVA,Letônia,Q2122124,http://www.wikidata.org/entity/Q211,0,3421,,56.42,24.00972222
LVA,Letônia,Q2124808,http://www.wikidata.org/entity/Q211,0,3125,,57.33222222,25.60972222
LVA,Letônia,Q2124995,http://www.wikidata.org/entity/Q211,0,1626,,56.15916667,21.16194444
LVA,Letônia,Q2127204,http://www.wikidata.org/entity/Q6437057,0,1179,,57.179722222222,24.703333333333
LVA,Letônia,Q2252820,http://www.wikidata.org/entity/Q211,0,7640,,57.083333333333,24.683333333333
LVA,Letônia,Q2268947,http://www.wikidata.org/entity/Q211,0,24631,,56.798055555556,24.226388888889
LVA,Letônia,Q2269685,http://www.wikidata.org/entity/Q211,0,4751,,56.479444444444,23.389722222222
LVA,Letônia,Q2274832,http://www.wikidata.org/entity/Q211,0,3846,,57.51666667,22.35
LVA,Letônia,Q2277469,http://www.wikidata.org/entity/Q211,0,9561,,56.3,26.716666666667
LVA,Letônia,Q2277478,http://www.wikidata.org/entity/Q211,0,5747,,56.544166666667,26.096111111111
LVA,Letônia,Q2283334,http://www.wikidata.org/entity/Q211,0,3030,,57.86666667,25.05
LVA,Letônia,Q2286864,http://www.wikidata.org/entity/Q211,0,3417,,56.64666667,25.12222222
LVA,Letônia,Q2299214,http://www.wikidata.org/entity/Q211,0,12201,,56.940833333333,24.286111111111
LVA,Letônia,Q2485015,http://www.wikidata.org/entity/Q211,0,10368,,56.716667,21.6
LVA,Letônia,Q2509239,http://www.wikidata.org/entity/Q4993607,0,420,,56.51805556,24.72944444
LVA,Letônia,Q2560938,http://www.wikidata.org/entity/Q4992791,0,11,,57.697871982933,22.360349088438
LVA,Letônia,Q4306110,http://www.wikidata.org/entity/Q2112862,0,550,,57.237222222222,27.495833333333
LVA,Letônia,Q4306146,http://www.wikidata.org/entity/Q2895716,0,1203,,56.483055555556,23.062222222222
LVA,Letônia,Q865649,http://www.wikidata.org/entity/Q211,0,5165,,56.6,25.71666667
LVA,Letônia,Q865658,http://www.wikidata.org/entity/Q211,0,3303,,56.160555555556,25.798055555556
LVA,Letônia,Q865676,http://www.wikidata.org/entity/Q211,0,10043,,56.604166666667,25.253888888889
LVA,Letônia,Q865682,http://www.wikidata.org/entity/Q211,0,5099,,56.65,25.43333333
LVA,Letônia,Q865717,http://www.wikidata.org/entity/Q211,0,5672,,56.73333333,22.65
LVA,Letônia,Q932445,http://www.wikidata.org/entity/Q211,0,15667,,56.55,27.71666667
LVA,Letônia,Q942401,http://www.wikidata.org/entity/Q4392341,0,951,,56.339444444444,26.7975
LVA,Letônia,Q960572,http://www.wikidata.org/entity/Q211,0,21301,,55.883333333333,26.7
LVA,Letônia,Q962653,http://www.wikidata.org/entity/Q4993645,0,1682,,57.516666666667,22.35
LVA,Letônia,Q985242,http://www.wikidata.org/entity/Q2340111,0,248,,55.9875,26.401944444444
LVA,Letônia,Q985240,http://www.wikidata.org/entity/Q2606940,0,450,,57.070277777778,25.192222222222
LVA,Letônia,Q985245,http://www.wikidata.org/entity/Q3801627,0,451,,57.694722222222,25.275
LVA,Letônia,Q985288,http://www.wikidata.org/entity/Q3801100,0,497,,57.473055555556,25.491666666667
LVA,Letônia,Q987161,http://www.wikidata.org/entity/Q3801269,0,1282,,56.204444444444,25.307777777778
LVA,Letônia,Q987165,http://www.wikidata.org/entity/Q7071596,0,992,,56.345833333333,21.064444444444
LVA,Letônia,Q987170,http://www.wikidata.org/entity/Q3736484,0,2179,,57.096388888889,24.6875
LVA,Letônia,Q987175,http://www.wikidata.org/entity/Q97232200,0,17796,,56.906944444444,24.0575
LVA,Letônia,Q987180,http://www.wikidata.org/entity/Q4401268,0,700,,56.159166666667,21.161944444444
LVA,Letônia,Q987202,http://www.wikidata.org/entity/Q110446067,0,1576,,57.33333333,23.125
LVA,Letônia,Q2161795,http://www.wikidata.org/entity/Q211,0,3507,,56.20444444,25.30777778
LVA,Letônia,Q2171669,http://www.wikidata.org/entity/Q211,0,9425,,57.0475,24.420555555556
LVA,Letônia,Q2174949,http://www.wikidata.org/entity/Q7378637,0,547,,56.999444444444,27.126944444444
LVA,Letônia,Q2198472,http://www.wikidata.org/entity/Q211,0,22945,,56.85,26.21666667
LVA,Letônia,Q2213753,http://www.wikidata.org/entity/Q1107346,0,1691,,56.50666667,25.76388889
LVA,Letônia,Q2232018,http://www.wikidata.org/entity/Q211,0,21577,,56.90694444,24.05833333
LVA,Letônia,Q2251931,http://www.wikidata.org/entity/Q211,0,7574,,57.768055555556,24.363055555556
LVA,Letônia,Q2299231,http://www.wikidata.org/entity/Q211,0,7870,,57.31416667,25.35972222
LVA,Letônia,Q2299436,http://www.wikidata.org/entity/Q211,0,7999,,56.6064,24.5222
LVA,Letônia,Q2299447,http://www.wikidata.org/entity/Q211,0,2185,,57.152777777778,24.644444444444
LVA,Letônia,Q2302964,http://www.wikidata.org/entity/Q211,0,31954,,57.25,22.6
LVA,Letônia,Q2302998,http://www.wikidata.org/entity/Q211,0,4969,,57.21472222,24.77055556
LVA,Letônia,Q2304831,http://www.wikidata.org/entity/Q211,0,3728,,57.37083333,25.03083333
LVA,Letônia,Q2304840,http://www.wikidata.org/entity/Q211,0,5980,,57.52027778,25.33805556
LVA,Letônia,Q2304893,http://www.wikidata.org/entity/Q211,0,5336,,56.45,21.58333333
LVA,Letônia,Q2304902,http://www.wikidata.org/entity/Q211,0,3411,,57.01055556,24.95972222
LVA,Letônia,Q2304926,http://www.wikidata.org/entity/Q211,0,10019,,56.690833333333,23.788055555556
LVA,Letônia,Q2306846,http://www.wikidata.org/entity/Q211,0,2139,,57.17666667,26.03527778
LVA,Letônia,Q2320320,http://www.wikidata.org/entity/Q211,0,8615,,56.533333333333,21.15
LVA,Letônia,Q2321579,http://www.wikidata.org/entity/Q211,0,38861,,56.846111111111,25.0525
LVA,Letônia,Q2327041,http://www.wikidata.org/entity/Q211,0,2497,,56.9706,26.3054
LVA,Letônia,Q2361012,http://www.wikidata.org/entity/Q211,0,1036,,56.95,27.65
LVA,Letônia,Q2361131,http://www.wikidata.org/entity/Q211,0,7253,,56.166666666667,27.666666666667
LVA,Letônia,Q2365998,http://www.wikidata.org/entity/Q211,0,23387,,56.41666667,24.28333333
LVA,Letônia,Q2375848,http://www.wikidata.org/entity/Q211,0,3496,,56.50416667,25.76222222
LVA,Letônia,Q2395952,http://www.wikidata.org/entity/Q211,0,5532,,56.78388889,27.68472222
LVA,Letônia,Q2416186,http://www.wikidata.org/entity/Q211,0,1521,,57.333333333333,23.116666666667
LVA,Letônia,Q2453125,http://www.wikidata.org/entity/Q211,0,9310,,57.11666667,24.23333333
LVA,Letônia,Q2989420,http://www.wikidata.org/entity/Q211,0,4785,,57.782222222222,24.83
LVA,Letônia,Q3625542,http://www.wikidata.org/entity/Q1773,0,19776,,56.94,24.17861111
LVA,Letônia,Q3658439,http://www.wikidata.org/entity/Q1773,0,2497,,56.9175,24.206944444444
LVA,Letônia,Q3716937,http://www.wikidata.org/entity/Q110098714,0,1287,,56.941111111111,24.3275
LVA,Letônia,Q4210254,http://www.wikidata.org/entity/Q110082781,0,1158,,57.0819,24.1599
LVA,Letônia,Q4306091,http://www.wikidata.org/entity/Q499965,0,822,,57.265555555556,27.666388888889
LVA,Letônia,Q4306101,http://www.wikidata.org/entity/Q8071878,0,874,,57.559166666667,25.209444444444
LVA,Letônia,Q4992561,http://www.wikidata.org/entity/Q1588169,0,448,,56.06694444,26.13083333
LVA,Letônia,Q5769007,http://www.wikidata.org/entity/Q2340111,0,37,,55.97027778,26.43555556
LVA,Letônia,Q2299223,http://www.wikidata.org/entity/Q211,0,3077,,57.6167,25.6833
LVA,Letônia,Q2299239,http://www.wikidata.org/entity/Q211,0,4802,,56.66666667,22.0
LVA,Letônia,Q2299251,http://www.wikidata.org/entity/Q211,0,18081,,57.15,24.86666667
LVA,Letônia,Q2299261,http://www.wikidata.org/entity/Q211,0,23005,,56.66666667,22.5
LVA,Letônia,Q2299415,http://www.wikidata.org/entity/Q211,0,5056,,57.88333333,25.33333333
LVA,Letônia,Q2302986,http://www.wikidata.org/entity/Q211,0,3638,,57.5,22.8
LVA,Letônia,Q2337188,http://www.wikidata.org/entity/Q211,0,22989,,56.96666667,21.96666667
LVA,Letônia,Q2337266,http://www.wikidata.org/entity/Q211,0,8455,,56.58333333,24.18333333
LVA,Letônia,Q2337298,http://www.wikidata.org/entity/Q211,0,9967,,56.833333333333,24.483333333333
LVA,Letônia,Q2340056,http://www.wikidata.org/entity/Q97230083,0,556,,55.8115588,26.8924436
LVA,Letônia,Q2343837,http://www.wikidata.org/entity/Q211,0,4138,,57.4667,26.6167
LVA,Letônia,Q2637768,http://www.wikidata.org/entity/Q178382,0,6013,,56.943611111111,23.619722222222
LVA,Letônia,Q2667969,http://www.wikidata.org/entity/Q4992595,0,2,,57.593888888889,21.873055555556
LVA,Letônia,Q2667982,http://www.wikidata.org/entity/Q4992791,0,134,,57.680833333333,22.317777777778
LVA,Letônia,Q2667994,http://www.wikidata.org/entity/Q4992595,0,28,,57.583333333333,21.966666666667
LVA,Letônia,Q2668001,http://www.wikidata.org/entity/Q4992791,0,10,,57.66,22.226388888889
LVA,Letônia,Q2995672,http://www.wikidata.org/entity/Q7071596,0,139,,56.416666666667,21.0
LVA,Letônia,Q3019837,http://www.wikidata.org/entity/Q211,0,11824,,57.066666666667,24.333333333333
LVA,Letônia,Q3050149,http://www.wikidata.org/entity/Q3743294,0,632,,57.517222222222,26.399722222222
LVA,Letônia,Q3163074,http://www.wikidata.org/entity/Q2340056,0,27,,55.86027778,26.925
LVA,Letônia,Q3274762,http://www.wikidata.org/entity/Q211,0,3747,,56.3873,28.1212
LVA,Letônia,Q3519139,http://www.wikidata.org/entity/Q4503922,0,370,,56.640094444444,23.831933333333
LVA,Letônia,Q3545425,http://www.wikidata.org/entity/Q4278495,0,2459,,56.347222222222,27.164444444444
LVA,Letônia,Q3741139,http://www.wikidata.org/entity/Q110446086,0,1037,,56.96666667,24.48333333
LVA,Letônia,Q4084015,http://www.wikidata.org/entity/Q1773,0,2942,,56.98333333,24.3
LVA,Letônia,Q4087029,http://www.wikidata.org/entity/Q2987076,0,58,,55.818611111111,26.453611111111
LVA,Letônia,Q4102437,http://www.wikidata.org/entity/Q178382,0,697,,56.95805556,23.67
LVA,Letônia,Q4102737,http://www.wikidata.org/entity/Q8080295,0,1709,,56.903888888889,24.149166666667
LVA,Letônia,Q4106149,http://www.wikidata.org/entity/Q3801715,0,120,,57.240833333333,26.400555555556
LVA,Letônia,Q4110153,http://www.wikidata.org/entity/Q1773,0,1745,,57.075555555556,24.107777777778
LVA,Letônia,Q4149523,http://www.wikidata.org/entity/Q1773,0,12947,,56.958888888889,24.15
LVA,Letônia,Q4219795,http://www.wikidata.org/entity/Q4992830,0,241,,57.11111111,23.23055556
LVA,Letônia,Q4224243,http://www.wikidata.org/entity/Q2000529,0,6,,56.306944444444,27.797222222222
LVA,Letônia,Q4251428,http://www.wikidata.org/entity/Q7855569,0,4,,56.82861111,21.74361111
LVA,Letônia,Q4375155,http://www.wikidata.org/entity/Q4149939,0,64,,56.4824,27.3552
LVA,Letônia,Q4383860,http://www.wikidata.org/entity/Q7265234,0,760,,57.035833333333,22.906944444444
LVA,Letônia,Q4526512,http://www.wikidata.org/entity/Q2340245,0,306,,56.074722222222,26.732777777778
LVA,Letônia,Q4531175,http://www.wikidata.org/entity/Q4530789,0,1574,,56.406666666667,23.6875
LVA,Letônia,Q4539646,http://www.wikidata.org/entity/Q110029686,0,3612,,56.876388888889,23.935833333333
LVA,Letônia,Q4699440,http://www.wikidata.org/entity/Q4992616,0,245,,56.6875,23.2125
LVA,Letônia,Q4702103,http://www.wikidata.org/entity/Q4992599,0,174,,56.55,23.41666667
LVA,Letônia,Q4734040,http://www.wikidata.org/entity/Q4735890,0,56,,56.981111111111,21.635833333333
LVA,Letônia,Q4741395,http://www.wikidata.org/entity/Q2988487,0,300,,56.033333333333,26.833333333333
LVA,Letônia,Q4752542,http://www.wikidata.org/entity/Q4752545,0,410,,57.51277778,22.02277778
LVA,Letônia,Q4779455,http://www.wikidata.org/entity/Q4992619,0,134,,56.53333333,23.23333333
LVA,Letônia,Q4782356,http://www.wikidata.org/entity/Q4992604,0,59,,56.779722222222,23.355555555556
LVA,Letônia,Q4812819,http://www.wikidata.org/entity/Q109238738,0,126,,57.0675,24.2694
LVA,Letônia,Q4820212,http://www.wikidata.org/entity/Q110897074,0,103,,56.57416667,24.24805556
LVA,Letônia,Q4822320,http://www.wikidata.org/entity/Q2871887,0,302,,56.564722222222,23.293888888889
LVA,Letônia,Q4852645,http://www.wikidata.org/entity/Q109238738,0,974,,57.040555555556,24.315277777778
LVA,Letônia,Q6711673,http://www.wikidata.org/entity/Q4992619,0,45,,56.58333333,22.4
LVA,Letônia,Q6711695,http://www.wikidata.org/entity/Q4907460,0,44,,56.69305556,22.96666667
LVA,Letônia,Q6861888,http://www.wikidata.org/entity/Q4424216,0,689,,56.977222222222,23.226111111111
LVA,Letônia,Q7319926,http://www.wikidata.org/entity/Q4735890,0,84,,56.995,21.621388888889
LVA,Letônia,Q7369083,http://www.wikidata.org/entity/Q110897074,0,181,,56.53694444,24.19694444
LVA,Letônia,Q7673552,http://www.wikidata.org/entity/Q2340152,0,314,,55.867777777778,26.653055555556
LVA,Letônia,Q7711668,http://www.wikidata.org/entity/Q7544780,0,174,,57.45472222,25.88861111
LVA,Letônia,Q7730521,http://www.wikidata.org/entity/Q4348140,0,2215,,57.276944444444,22.021666666667
LVA,Letônia,Q7778431,http://www.wikidata.org/entity/Q7205927,0,204,,57.57777778,25.77583333
LVA,Letônia,Q3801365,http://www.wikidata.org/entity/Q3801201,0,562,,56.33222222,27.54777778
LVA,Letônia,Q4133984,http://www.wikidata.org/entity/Q110082781,0,1468,,57.102777777778,24.205277777778
LVA,Letônia,Q4288064,http://www.wikidata.org/entity/Q12302779,0,423,,56.744444444444,24.354166666667
LVA,Letônia,Q4362480,http://www.wikidata.org/entity/Q2361027,0,148,,55.796666666667,27.445555555556
LVA,Letônia,Q4362677,http://www.wikidata.org/entity/Q3801650,0,376,,56.4075,27.74583333
LVA,Letônia,Q4363090,http://www.wikidata.org/entity/Q4074382,0,4012,,56.944444444444,23.910833333333
LVA,Letônia,Q4424057,http://www.wikidata.org/entity/Q2615046,0,10,,55.913333333333,26.883888888889
LVA,Letônia,Q4431201,http://www.wikidata.org/entity/Q4074382,0,1590,,56.964166666667,23.9625
LVA,Letônia,Q4825817,http://www.wikidata.org/entity/Q2851477,0,17,,56.65,23.15
LVA,Letônia,Q4829378,http://www.wikidata.org/entity/Q1773,0,22095,,56.95,24.138888888889
LVA,Letônia,Q4850013,http://www.wikidata.org/entity/Q4735890,0,21,,56.9975,21.58027778
LVA,Letônia,Q4850452,http://www.wikidata.org/entity/Q544998,0,43,,56.51083333,23.25416667
LVA,Letônia,Q4907458,http://www.wikidata.org/entity/Q4907460,0,46,,56.69083333,22.97972222
LVA,Letônia,Q4918844,http://www.wikidata.org/entity/Q4992616,0,12,,56.67,23.257222222222
LVA,Letônia,Q4919474,http://www.wikidata.org/entity/Q2615114,0,176,,55.9742,26.82
LVA,Letônia,Q4956044,http://www.wikidata.org/entity/Q6798669,0,310,,56.896666666667,25.419722222222
LVA,Letônia,Q4957454,http://www.wikidata.org/entity/Q4503922,0,1092,,56.682713888889,23.837169444444
LVA,Letônia,Q4971758,http://www.wikidata.org/entity/Q4971760,0,320,,56.42055556,28.06694444
LVA,Letônia,Q4993616,http://www.wikidata.org/entity/Q2451571,0,11273,,56.956111111111,24.063333333333
LVA,Letônia,Q5005518,http://www.wikidata.org/entity/Q4992616,0,29,,56.66666667,23.23333333
LVA,Letônia,Q5005519,http://www.wikidata.org/entity/Q2930205,0,263,,56.685555555556,23.439166666667
LVA,Letônia,Q5005523,http://www.wikidata.org/entity/Q2851477,0,80,,56.68793056,23.10037222
LVA,Letônia,Q5005520,http://www.wikidata.org/entity/Q4735890,0,10,,56.95138889,21.5
LVA,Letônia,Q5057404,http://www.wikidata.org/entity/Q110098714,0,226,,56.92388889,24.40916667
LVA,Letônia,Q5058773,http://www.wikidata.org/entity/Q4503922,0,106,,56.718666666667,23.832527777778
LVA,Letônia,Q5064499,http://www.wikidata.org/entity/Q4992599,0,130,,56.6125,23.3
LVA,Letônia,Q5120120,http://www.wikidata.org/entity/Q609656,0,288,,56.525277777778,21.094444444444
LVA,Letônia,Q5210240,http://www.wikidata.org/entity/Q4503922,0,216,,56.7425,23.892222222222
LVA,Letônia,Q5251863,http://www.wikidata.org/entity/Q4992599,0,10,,56.53333333,23.45
LVA,Letônia,Q5255141,http://www.wikidata.org/entity/Q2986692,0,247,,55.731388888889,26.541666666667
LVA,Letônia,Q5274959,http://www.wikidata.org/entity/Q4735890,0,14,,56.968497,21.5495833
LVA,Letônia,Q5306895,http://www.wikidata.org/entity/Q110098714,0,3184,,56.9375,24.245833333333
LVA,Letônia,Q5317806,http://www.wikidata.org/entity/Q3801081,0,220,,56.056388888889,26.288333333333
LVA,Letônia,Q5319634,http://www.wikidata.org/entity/Q3042190,0,380,,57.0,26.43333333
LVA,Letônia,Q5319636,http://www.wikidata.org/entity/Q110897074,0,45,,56.66666667,24.35
LVA,Letônia,Q5319929,http://www.wikidata.org/entity/Q110897074,0,52,,56.681944444444,24.246111111111
LVA,Letônia,Q5348044,http://www.wikidata.org/entity/Q3801599,0,479,,55.95,26.133333333333
LVA,Letônia,Q5349572,http://www.wikidata.org/entity/Q109238738,0,39,,57.0878,24.2875
LVA,Letônia,Q5370276,http://www.wikidata.org/entity/Q4405763,0,333,,56.56565,23.98113333
LVA,Letônia,Q5370280,http://www.wikidata.org/entity/Q5370283,0,21,,56.506,21.819
LVA,Letônia,Q5423251,http://www.wikidata.org/entity/Q544998,0,45,,56.91666667,24.66666667
LVA,Letônia,Q5522441,http://www.wikidata.org/entity/Q2871887,0,1508,,56.648888888889,23.215833333333
LVA,Letônia,Q5523764,http://www.wikidata.org/entity/Q4405763,0,335,,56.626944444444,23.939444444444
LVA,Letônia,Q5613076,http://www.wikidata.org/entity/Q7071596,0,240,,56.46,21.00694444
LVA,Letônia,Q5619771,http://www.wikidata.org/entity/Q2340295,0,230,,55.824388888889,26.771916666667
LVA,Letônia,Q6111684,http://www.wikidata.org/entity/Q2340073,0,385,,56.290277777778,28.161388888889
LVA,Letônia,Q6111903,http://www.wikidata.org/entity/Q2340182,0,186,,55.815,26.713888888889
LVA,Letônia,Q6112194,http://www.wikidata.org/entity/Q4992807,0,692,,56.38083333,24.64611111
LVA,Letônia,Q6113234,http://www.wikidata.org/entity/Q4992830,0,252,,57.24472222,23.17388889
LVA,Letônia,Q6164821,http://www.wikidata.org/entity/Q4992604,0,684,,56.737777777778,23.391944444444
LVA,Letônia,Q6164858,http://www.wikidata.org/entity/Q4503922,0,70,,56.730283333333,23.923227777778
LVA,Letônia,Q6164867,http://www.wikidata.org/entity/Q4907460,0,18,,56.701111111111,22.947777777778
LVA,Letônia,Q6437058,http://www.wikidata.org/entity/Q4992599,0,500,,56.569166666667,23.376111111111
LVA,Letônia,Q6580641,http://www.wikidata.org/entity/Q6469474,0,783,,57.22444444,22.52111111
LVA,Letônia,Q6582612,http://www.wikidata.org/entity/Q4992787,0,338,,56.34416667,24.10583333
LVA,Letônia,Q6582794,http://www.wikidata.org/entity/Q7652735,0,449,,56.37805556,23.93111111
LVA,Letônia,Q6699747,http://www.wikidata.org/entity/Q3739156,0,302,,57.767777777778,25.946944444444
LVA,Letônia,Q5277811,http://www.wikidata.org/entity/Q110897074,0,272,,56.66222222,24.23861111
LVA,Letônia,Q5283987,http://www.wikidata.org/entity/Q109238738,0,58,,57.13805556,24.36194444
LVA,Letônia,Q5619814,http://www.wikidata.org/entity/Q110098714,0,1292,,56.923611111111,24.377777777778
LVA,Letônia,Q5619823,http://www.wikidata.org/entity/Q4503922,0,1780,,56.647088888889,23.812338888889
LVA,Letônia,Q5620273,http://www.wikidata.org/entity/Q2615046,0,1320,,55.93916667,26.64777778
LVA,Letônia,Q5734017,http://www.wikidata.org/entity/Q2987076,0,1046,,55.85,26.45
LVA,Letônia,Q5764580,http://www.wikidata.org/entity/Q178382,0,677,,56.96638889,23.75555556
LVA,Letônia,Q5764708,http://www.wikidata.org/entity/Q4993828,0,347,,56.45194444,23.35388889
LVA,Letônia,Q5766227,http://www.wikidata.org/entity/Q2340056,0,302,,55.825,26.879166666667
LVA,Letônia,Q6103379,http://www.wikidata.org/entity/Q109238738,0,79,,57.08333333,24.46666667
LVA,Letônia,Q6344961,http://www.wikidata.org/entity/Q97233421,0,2518,,57.094444444444,24.365
LVA,Letônia,Q6354624,http://www.wikidata.org/entity/Q2330640,0,684,,56.1,26.55
LVA,Letônia,Q6378701,http://www.wikidata.org/entity/Q178382,0,20585,,56.95944444,23.60888889
LVA,Letônia,Q6381693,http://www.wikidata.org/entity/Q4992604,0,57,,56.7612,23.3825
LVA,Letônia,Q6381867,http://www.wikidata.org/entity/Q2851477,0,595,,56.666944444444,23.037777777778
LVA,Letônia,Q6383269,http://www.wikidata.org/entity/Q4401268,0,8,,56.07661,21.06482
LVA,Letônia,Q6418486,http://www.wikidata.org/entity/Q4401268,0,0,,56.08559,21.19061
LVA,Letônia,Q6419700,http://www.wikidata.org/entity/Q4992830,0,259,,57.03972222,23.36305556
LVA,Letônia,Q6420387,http://www.wikidata.org/entity/Q1773,0,269,,56.995,24.010277777778
LVA,Letônia,Q6447727,http://www.wikidata.org/entity/Q2362741,0,686,,56.89793889,26.12698889
LVA,Letônia,Q6469340,http://www.wikidata.org/entity/Q11122143,0,11,,57.77805556,25.70111111
LVA,Letônia,Q6497877,http://www.wikidata.org/entity/Q2340195,0,214,,56.33527778,27.985
LVA,Letônia,Q6520501,http://www.wikidata.org/entity/Q4992616,0,495,,56.66055556,23.31222222
LVA,Letônia,Q6544139,http://www.wikidata.org/entity/Q2871887,0,252,,56.64472222,23.24222222
LVA,Letônia,Q6544208,http://www.wikidata.org/entity/Q2871887,0,176,,56.625,23.26305556
LVA,Letônia,Q6544506,http://www.wikidata.org/entity/Q4993647,0,557,,56.58277778,21.33305556
LVA,Letônia,Q6647549,http://www.wikidata.org/entity/Q3801669,0,689,,57.19,27.025277777778
LVA,Letônia,Q6711708,http://www.wikidata.org/entity/Q110098714,0,1057,,56.94916667,24.35638889
LVA,Letônia,Q6711715,http://www.wikidata.org/entity/Q4268331,0,434,,56.366666666667,27.266666666667
LVA,Letônia,Q6798309,http://www.wikidata.org/entity/Q4907460,0,67,,56.68277778,22.95527778
LVA,Letônia,Q6799193,http://www.wikidata.org/entity/Q2340209,0,479,,55.99,26.69111111
LVA,Letônia,Q6826769,http://www.wikidata.org/entity/Q4992604,0,38,,56.76666667,23.46666667
LVA,Letônia,Q6974960,http://www.wikidata.org/entity/Q5227972,0,727,,56.81666667,24.41666667
LVA,Letônia,Q7071595,http://www.wikidata.org/entity/Q4321687,0,561,,56.135,26.364444444444
LVA,Letônia,Q7141465,http://www.wikidata.org/entity/Q4992599,0,72,,56.605,23.30111111
LVA,Letônia,Q7379207,http://www.wikidata.org/entity/Q110098714,0,474,,56.895555555556,24.235833333333
LVA,Letônia,Q7427554,http://www.wikidata.org/entity/Q110098714,0,1837,,56.919444444444,24.365
LVA,Letônia,Q7480472,http://www.wikidata.org/entity/Q4333407,0,3707,,56.800555555556,23.981388888889
LVA,Letônia,Q7491606,http://www.wikidata.org/entity/Q3743294,0,56,,57.53333333,26.36666667
LVA,Letônia,Q7546838,http://www.wikidata.org/entity/Q4424216,0,684,,56.955,23.33805556
LVA,Letônia,Q7583192,http://www.wikidata.org/entity/Q4913600,0,262,,57.49083333,25.99361111
LVA,Letônia,Q7584253,http://www.wikidata.org/entity/Q3739156,0,35,,57.70305556,26.04583333
LVA,Letônia,Q7597217,http://www.wikidata.org/entity/Q7597219,0,456,,57.37111111,25.03222222
LVA,Letônia,Q7667086,http://www.wikidata.org/entity/Q4992604,0,87,,56.71444444,23.34444444
LVA,Letônia,Q7779566,http://www.wikidata.org/entity/Q109238738,0,416,,57.05,24.35
LVA,Letônia,Q7886085,http://www.wikidata.org/entity/Q1708310,0,27,,57.31638889,26.07833333
LVA,Letônia,Q7907854,http://www.wikidata.org/entity/Q2340266,0,161,,56.028055555556,26.462777777778
LVA,Letônia,Q7908913,http://www.wikidata.org/entity/Q1023741,0,31,,56.41611111,21.89611111
LVA,Letônia,Q7914565,http://www.wikidata.org/entity/Q7914568,0,601,,57.311862761335,22.774743164555
LVA,Letônia,Q7917870,http://www.wikidata.org/entity/Q15710316,0,247,,56.19833333,26.50833333
LVA,Letônia,Q7944892,http://www.wikidata.org/entity/Q110098714,0,966,,56.929444444444,24.316111111111
LVA,Letônia,Q8067162,http://www.wikidata.org/entity/Q2607012,0,430,,56.996389,25.261111
LVA,Letônia,Q8067641,http://www.wikidata.org/entity/Q4185230,0,103,,56.33722222,28.14166667
LVA,Letônia,Q8071502,http://www.wikidata.org/entity/Q4735890,0,20,,56.9875,21.5586
LVA,Letônia,Q8081409,http://www.wikidata.org/entity/Q4971760,0,16,,56.4333,28.05
LVA,Letônia,Q8082935,http://www.wikidata.org/entity/Q2930205,0,399,,56.623888888889,23.408611111111
LVA,Letônia,Q8082939,http://www.wikidata.org/entity/Q402334,0,115,,56.612777777778,21.047222222222
LVA,Letônia,Q8270756,http://www.wikidata.org/entity/Q4992620,0,632,,57.39666667,21.85388889
LVA,Letônia,Q9138359,http://www.wikidata.org/entity/Q4992830,0,19,,57.20277778,23.20305556
LVA,Letônia,Q9171974,http://www.wikidata.org/entity/Q109238738,0,89,,57.10444444,24.30083333
LVA,Letônia,Q9174289,http://www.wikidata.org/entity/Q4852990,0,3,,56.9064,27.5192
LVA,Letônia,Q9174672,http://www.wikidata.org/entity/Q4992622,0,463,,57.35555556,22.06388889
LVA,Letônia,Q9177295,http://www.wikidata.org/entity/Q4852990,0,7,,56.8597,27.6342
LVA,Letônia,Q9177341,http://www.wikidata.org/entity/Q3801245,0,5,,56.82361111,27.06166667
LVA,Letônia,Q9181907,http://www.wikidata.org/entity/Q4852990,0,8,,56.9369,27.54
LVA,Letônia,Q9183714,http://www.wikidata.org/entity/Q4735890,0,10,,56.9825,21.58888889
LVA,Letônia,Q9205798,http://www.wikidata.org/entity/Q4852990,0,31,,56.9692,27.6947
LVA,Letônia,Q9210571,http://www.wikidata.org/entity/Q2606952,0,119,,57.2425,25.2825
LVA,Letônia,Q9212467,http://www.wikidata.org/entity/Q4168243,0,429,,56.65222222,27.18388889
LVA,Letônia,Q9248556,http://www.wikidata.org/entity/Q4852990,0,24,,56.8753,27.6403
LVA,Letônia,Q9276360,http://www.wikidata.org/entity/Q4852990,0,5,,56.9539,27.6872
LVA,Letônia,Q9282430,http://www.wikidata.org/entity/Q4735890,0,15,,56.93833333,21.60583333
LVA,Letônia,Q9310595,http://www.wikidata.org/entity/Q4852990,0,5,,56.9208,27.5542
LVA,Letônia,Q9336884,http://www.wikidata.org/entity/Q2340182,0,821,,55.75055556,26.78055556
LVA,Letônia,Q9338560,http://www.wikidata.org/entity/Q4852990,0,55,,56.9586,27.6764
LVA,Letônia,Q9347623,http://www.wikidata.org/entity/Q3801321,0,202,,57.23777778,26.88305556
LVA,Letônia,Q9348368,http://www.wikidata.org/entity/Q4852990,0,27,,56.9294,27.5717
LVA,Letônia,Q9348555,http://www.wikidata.org/entity/Q4852990,0,13,,56.9897,27.6667
LVA,Letônia,Q9348563,http://www.wikidata.org/entity/Q4852990,0,10,,56.8978,27.5431
LVA,Letônia,Q9361591,http://www.wikidata.org/entity/Q1840703,0,311,,57.54666667,25.70888889
LVA,Letônia,Q9363114,http://www.wikidata.org/entity/Q4852990,0,3,,56.9117,27.6811
LVA,Letônia,Q9393843,http://www.wikidata.org/entity/Q4852990,0,43,,56.9331,27.6431
LVA,Letônia,Q9393864,http://www.wikidata.org/entity/Q3800958,0,41,,57.7125,25.60277778
LVA,Letônia,Q9398011,http://www.wikidata.org/entity/Q4852990,0,39,,56.9594,27.6625
LVA,Letônia,Q9406666,http://www.wikidata.org/entity/Q3801171,0,17,,56.69138889,27.32638889
LVA,Letônia,Q10599522,http://www.wikidata.org/entity/Q156038,0,380,,56.80416667,21.50555556
LVA,Letônia,Q10667392,http://www.wikidata.org/entity/Q110446036,0,466,,56.96138889,24.91777778
LVA,Letônia,Q10949542,http://www.wikidata.org/entity/Q3801171,0,153,,56.715,27.37694444
LVA,Letônia,Q10954946,http://www.wikidata.org/entity/Q3800923,0,7,,56.56444444,27.97277778
LVA,Letônia,Q10959206,http://www.wikidata.org/entity/Q3801171,0,99,,56.74305556,27.46027778
LVA,Letônia,Q10966429,http://www.wikidata.org/entity/Q2988487,0,7,,56.08388889,26.88972222
LVA,Letônia,Q11214824,http://www.wikidata.org/entity/Q4978851,0,47,,56.35638889,24.38861111
LVA,Letônia,Q11216025,http://www.wikidata.org/entity/Q4405531,0,220,,56.49194444,27.13527778
LVA,Letônia,Q11274421,http://www.wikidata.org/entity/Q10950816,0,8,,55.86722222,26.26777778
LVA,Letônia,Q11815435,http://www.wikidata.org/entity/Q4852990,0,5,,56.9192,27.5997
LVA,Letônia,Q11819666,http://www.wikidata.org/entity/Q4852990,0,15,,56.9311,27.5992
LVA,Letônia,Q11819726,http://www.wikidata.org/entity/Q4852990,0,29,,56.9525,27.5925
LVA,Letônia,Q11831735,http://www.wikidata.org/entity/Q4852990,0,13,,56.9039,27.6269
LVA,Letônia,Q11831738,http://www.wikidata.org/entity/Q4852990,0,16,,56.9736,27.7439
LVA,Letônia,Q11925894,http://www.wikidata.org/entity/Q3801321,0,249,,57.215269,26.896076
LVA,Letônia,Q11971954,http://www.wikidata.org/entity/Q3800994,0,580,,57.7,25.15
LVA,Letônia,Q12304128,http://www.wikidata.org/entity/Q4364707,0,434,,56.539444444444,23.696111111111
LVA,Letônia,Q12364069,http://www.wikidata.org/entity/Q8079993,0,37,,57.88416667,25.74222222
LVA,Letônia,Q12364321,http://www.wikidata.org/entity/Q2606952,0,461,,57.2,25.16666667
LVA,Letônia,Q12364370,http://www.wikidata.org/entity/Q2340182,0,3,,55.691388888889,26.785277777778
LVA,Letônia,Q12372879,http://www.wikidata.org/entity/Q2607079,0,259,,57.69,24.885277777778
LVA,Letônia,Q12373844,http://www.wikidata.org/entity/Q3800986,0,715,,57.725,25.425
LVA,Letônia,Q12656756,http://www.wikidata.org/entity/Q2361117,0,860,,55.87694444,27.53638889
LVA,Letônia,Q12659413,http://www.wikidata.org/entity/Q5764529,0,362,,56.3606,21.4761
LVA,Letônia,Q12660513,http://www.wikidata.org/entity/Q4992281,0,198,,56.4433,22.9189
LVA,Letônia,Q12661497,http://www.wikidata.org/entity/Q4993828,0,638,,56.51277778,23.33722222
LVA,Letônia,Q12677293,http://www.wikidata.org/entity/Q4111289,0,329,,56.42194444,23.54583333
LVA,Letônia,Q12678600,http://www.wikidata.org/entity/Q4992281,0,299,,56.443333333333,22.918888888889
LVA,Letônia,Q14917196,http://www.wikidata.org/entity/Q10950816,0,62,,55.85611111,26.25083333
LVA,Letônia,Q14917203,http://www.wikidata.org/entity/Q110029686,0,1635,,56.88777778,24.06944444
LVA,Letônia,Q14917200,http://www.wikidata.org/entity/Q4333407,0,1255,,56.85027778,24.04916667
LVA,Letônia,Q14933807,http://www.wikidata.org/entity/Q7161830,0,439,,56.91666667,21.96666667
LVA,Letônia,Q14934041,http://www.wikidata.org/entity/Q8079988,0,414,,57.01969,21.690085
LVA,Letônia,Q15218767,http://www.wikidata.org/entity/Q3801245,0,229,,56.84833333,27.08444444
LVA,Letônia,Q15218765,http://www.wikidata.org/entity/Q4992782,0,20,,56.6125,21.94916667
LVA,Letônia,Q15218768,http://www.wikidata.org/entity/Q3801245,0,7,,56.82972222,27.06944444
LVA,Letônia,Q15218990,http://www.wikidata.org/entity/Q4199242,0,361,,56.64194444,27.39222222
LVA,Letônia,Q15218995,http://www.wikidata.org/entity/Q4242334,0,34,,56.55777778,25.9
LVA,Letônia,Q15218992,http://www.wikidata.org/entity/Q6437057,0,611,,57.25694444,24.87916667
LVA,Letônia,Q15218999,http://www.wikidata.org/entity/Q13638499,0,45,,56.51416667,27.74916667
LVA,Letônia,Q15218997,http://www.wikidata.org/entity/Q6071987,0,560,,56.87555556,22.99361111
LVA,Letônia,Q15219000,http://www.wikidata.org/entity/Q13638499,0,198,,56.49555556,27.84416667
LVA,Letônia,Q15219075,http://www.wikidata.org/entity/Q7071596,0,205,,56.22111111,21.10194444
LVA,Letônia,Q15219079,http://www.wikidata.org/entity/Q4111289,0,56,,56.37277778,23.54638889
LVA,Letônia,Q15219076,http://www.wikidata.org/entity/Q7379156,0,49,,56.98388889,21.97138889
LVA,Letônia,Q15219077,http://www.wikidata.org/entity/Q8080016,0,22,,57.4475,22.49
LVA,Letônia,Q15219080,http://www.wikidata.org/entity/Q4242334,0,10,,56.60638889,25.78361111
LVA,Letônia,Q15219086,http://www.wikidata.org/entity/Q4209192,0,275,,56.60638889,21.73694444
LVA,Letônia,Q15219084,http://www.wikidata.org/entity/Q7359909,0,415,,57.45472222,22.88888889
LVA,Letônia,Q15219314,http://www.wikidata.org/entity/Q2606952,0,663,,57.28,25.24916667
LVA,Letônia,Q15219312,http://www.wikidata.org/entity/Q6112294,0,1049,,56.68861111,23.4975
LVA,Letônia,Q15219319,http://www.wikidata.org/entity/Q6469474,0,35,,57.17916667,22.41777778
LVA,Letônia,Q15219316,http://www.wikidata.org/entity/Q3800969,0,74,,57.47666667,26.52583333
LVA,Letônia,Q15219317,http://www.wikidata.org/entity/Q16890081,0,82,,56.65861111,25.095
LVA,Letônia,Q15219322,http://www.wikidata.org/entity/Q3801137,0,120,,56.41666667,26.39944444
LVA,Letônia,Q15219326,http://www.wikidata.org/entity/Q11113226,0,1051,,56.84527778,25.155
LVA,Letônia,Q15219330,http://www.wikidata.org/entity/Q3801201,0,0,,56.25416667,27.69472222
LVA,Letônia,Q15219329,http://www.wikidata.org/entity/Q110445984,0,225,,57.01638889,24.39277778
LVA,Letônia,Q14940882,http://www.wikidata.org/entity/Q4208263,0,537,,56.7295,21.7329
LVA,Letônia,Q14942095,http://www.wikidata.org/entity/Q4505837,0,620,,56.73333333,21.38333333
LVA,Letônia,Q14942755,http://www.wikidata.org/entity/Q4992771,0,478,,56.63333333,21.88333333
LVA,Letônia,Q14943159,http://www.wikidata.org/entity/Q4992766,0,330,,56.38333333,22.63333333
LVA,Letônia,Q14947370,http://www.wikidata.org/entity/Q6497766,0,727,,57.22805556,22.74805556
LVA,Letônia,Q14956782,http://www.wikidata.org/entity/Q2605165,0,130,,56.11694444,25.88916667
LVA,Letônia,Q15218477,http://www.wikidata.org/entity/Q4401369,0,147,,56.1775,26.89222222
LVA,Letônia,Q15218595,http://www.wikidata.org/entity/Q3801016,0,426,,56.54611111,26.40027778
LVA,Letônia,Q15218604,http://www.wikidata.org/entity/Q7285180,0,358,,57.33611111,25.14166667
LVA,Letônia,Q15218609,http://www.wikidata.org/entity/Q4469557,0,496,,55.91166667,27.15444444
LVA,Letônia,Q15218614,http://www.wikidata.org/entity/Q4072422,0,258,,56.0575,27.28083333
LVA,Letônia,Q15218613,http://www.wikidata.org/entity/Q4992601,0,1802,,57.18694444,25.03611111
LVA,Letônia,Q15218623,http://www.wikidata.org/entity/Q3800923,0,13,,56.545,27.97416667
LVA,Letônia,Q15218626,http://www.wikidata.org/entity/Q4401268,0,63,,56.16583333,21.17611111
LVA,Letônia,Q15218629,http://www.wikidata.org/entity/Q4332229,0,100,,56.45,27.265
LVA,Letônia,Q15218633,http://www.wikidata.org/entity/Q4850775,0,61,,57.17527778,22.89027778
LVA,Letônia,Q15218637,http://www.wikidata.org/entity/Q110445984,0,739,,57.02222222,24.31472222
LVA,Letônia,Q15218641,http://www.wikidata.org/entity/Q10949585,0,28,,56.05583333,25.92111111
LVA,Letônia,Q15218698,http://www.wikidata.org/entity/Q4242334,0,17,,56.52166667,25.8375
LVA,Letônia,Q15218699,http://www.wikidata.org/entity/Q4213049,0,0,,55.86222222,27.0775
LVA,Letônia,Q15218697,http://www.wikidata.org/entity/Q156038,0,450,,56.64944444,22.795
LVA,Letônia,Q15218703,http://www.wikidata.org/entity/Q3800923,0,0,,56.65138889,27.91916667
LVA,Letônia,Q15218701,http://www.wikidata.org/entity/Q4469557,0,154,,55.91638889,26.98777778
LVA,Letônia,Q15218756,http://www.wikidata.org/entity/Q3800923,0,31,,56.59555556,27.97805556
LVA,Letônia,Q15218761,http://www.wikidata.org/entity/Q2605088,0,3,,56.15916667,27.085
LVA,Letônia,Q15218766,http://www.wikidata.org/entity/Q3801181,0,220,,57.28027778,25.49555556
LVA,Letônia,Q6497768,http://www.wikidata.org/entity/Q4992599,0,140,,56.62,23.29611111
LVA,Letônia,Q7536880,http://www.wikidata.org/entity/Q544998,0,78,,56.45,23.23333333
LVA,Letônia,Q7538507,http://www.wikidata.org/entity/Q2851477,0,10,,56.61666667,23.06666667
LVA,Letônia,Q8074541,http://www.wikidata.org/entity/Q110897074,0,196,,56.56444444,24.1675
LVA,Letônia,Q8076091,http://www.wikidata.org/entity/Q110897074,0,380,,56.61638889,24.08194444
LVA,Letônia,Q8079612,http://www.wikidata.org/entity/Q109238738,0,94,,57.0833,24.4667
LVA,Letônia,Q8080299,http://www.wikidata.org/entity/Q2851477,0,40,,56.6524,23.0951
LVA,Letônia,Q8080297,http://www.wikidata.org/entity/Q2871887,0,394,,56.53055556,23.32277778
LVA,Letônia,Q11068461,http://www.wikidata.org/entity/Q211,0,6836,,56.971944444444,24.631666666667
LVA,Letônia,Q11106611,http://www.wikidata.org/entity/Q3801685,0,236,,57.015277777778,26.585555555556
LVA,Letônia,Q11111890,http://www.wikidata.org/entity/Q3801530,0,690,,57.061944444444,26.5975
LVA,Letônia,Q11584731,http://www.wikidata.org/entity/Q11254180,0,92,,57.85944444,24.50638889
LVA,Letônia,Q11593624,http://www.wikidata.org/entity/Q3801293,0,251,,57.2431,24.6676
LVA,Letônia,Q11738595,http://www.wikidata.org/entity/Q4852990,0,17,,56.9414,27.5919
LVA,Letônia,Q11738660,http://www.wikidata.org/entity/Q4852990,0,18,,56.9536,27.6164
LVA,Letônia,Q11741201,http://www.wikidata.org/entity/Q4852990,0,3,,56.8956,27.57
LVA,Letônia,Q12339880,http://www.wikidata.org/entity/Q6437057,0,214,,57.18638889,24.84666667
LVA,Letônia,Q12360364,http://www.wikidata.org/entity/Q4111289,0,36,,56.34527778,23.54805556
LVA,Letônia,Q12360694,http://www.wikidata.org/entity/Q7336706,0,253,,56.2,25.5
LVA,Letônia,Q13099111,http://www.wikidata.org/entity/Q4084855,0,325,,56.61666667,27.51666667
LVA,Letônia,Q13099108,http://www.wikidata.org/entity/Q6089022,0,405,,56.25,27.98333333
LVA,Letônia,Q13099114,http://www.wikidata.org/entity/Q4131928,0,277,,56.73333333,27.06666667
LVA,Letônia,Q13114346,http://www.wikidata.org/entity/Q4992595,0,10,,57.56944444,21.72138889
LVA,Letônia,Q13231285,http://www.wikidata.org/entity/Q5321298,0,470,,56.791388888889,23.244166666667
LVA,Letônia,Q13403085,http://www.wikidata.org/entity/Q3801617,0,755,,57.211666666667,26.186388888889
LVA,Letônia,Q13403091,http://www.wikidata.org/entity/Q3801715,0,708,,57.1922,26.3699
LVA,Letônia,Q13651550,http://www.wikidata.org/entity/Q3801530,0,91,,57.077222222222,26.628888888889
LVA,Letônia,Q13652944,http://www.wikidata.org/entity/Q3801591,0,178,,57.254444444444,26.770277777778
LVA,Letônia,Q13653037,http://www.wikidata.org/entity/Q3801609,0,184,,57.165555555556,26.550555555556
LVA,Letônia,Q13653673,http://www.wikidata.org/entity/Q4992266,0,151,,56.340833333333,23.058055555556
LVA,Letônia,Q13663921,http://www.wikidata.org/entity/Q4992615,0,271,,56.603333333333,22.886666666667
LVA,Letônia,Q13664119,http://www.wikidata.org/entity/Q4992619,0,303,,56.535555555556,23.195277777778
LVA,Letônia,Q13664121,http://www.wikidata.org/entity/Q544998,0,319,,56.485555555556,23.184166666667
LVA,Letônia,Q14111196,http://www.wikidata.org/entity/Q3801237,0,266,,56.13555556,25.98638889
LVA,Letônia,Q14474702,http://www.wikidata.org/entity/Q7312781,0,500,,57.06666667,22.28333333
LVA,Letônia,Q14481556,http://www.wikidata.org/entity/Q3801526,0,308,,56.51444444,25.94333333
LVA,Letônia,Q14917177,http://www.wikidata.org/entity/Q2615046,0,1079,,55.90805556,26.65361111
LVA,Letônia,Q15010938,http://www.wikidata.org/entity/Q4400115,0,495,,56.39388889,24.12666667
LVA,Letônia,Q15020878,http://www.wikidata.org/entity/Q386371,0,724,,56.52666667,23.50777778
LVA,Letônia,Q15020879,http://www.wikidata.org/entity/Q4992754,0,6,,56.46777778,24.43527778
LVA,Letônia,Q15058278,http://www.wikidata.org/entity/Q3801306,0,61,,56.71194444,25.68861111
LVA,Letônia,Q15145719,http://www.wikidata.org/entity/Q6711684,0,550,,57.19111111,22.5525
LVA,Letônia,Q15149531,http://www.wikidata.org/entity/Q4410575,0,900,,56.59305556,23.67388889
LVA,Letônia,Q15156826,http://www.wikidata.org/entity/Q4112128,0,401,,56.55916667,23.77222222
LVA,Letônia,Q15179147,http://www.wikidata.org/entity/Q148172,0,450,,56.29222222,25.98083333
LVA,Letônia,Q15179370,http://www.wikidata.org/entity/Q4110820,0,30,,56.41444444,25.55027778
LVA,Letônia,Q15207669,http://www.wikidata.org/entity/Q2340182,0,42,,55.75361111,26.74611111
LVA,Letônia,Q15211017,http://www.wikidata.org/entity/Q3801575,0,223,,55.975,26.26416667
LVA,Letônia,Q15218482,http://www.wikidata.org/entity/Q4993647,0,29,,56.64333333,21.30694444
LVA,Letônia,Q15218490,http://www.wikidata.org/entity/Q4993647,0,11,,56.63805556,21.31944444
LVA,Letônia,Q15218492,http://www.wikidata.org/entity/Q15710271,0,207,,56.19972222,26.77777778
LVA,Letônia,Q15218493,http://www.wikidata.org/entity/Q2828835,0,434,,56.61388889,25.22583333
LVA,Letônia,Q15218498,http://www.wikidata.org/entity/Q2828835,0,103,,56.62194444,25.27694444
LVA,Letônia,Q15218499,http://www.wikidata.org/entity/Q3473633,0,44,,56.94222222,26.40027778
LVA,Letônia,Q15218506,http://www.wikidata.org/entity/Q6469474,0,57,,57.19083333,22.37638889
LVA,Letônia,Q15218505,http://www.wikidata.org/entity/Q4103436,0,55,,56.92111111,22.58916667
LVA,Letônia,Q15218508,http://www.wikidata.org/entity/Q4168243,0,6,,56.67027778,27.195
LVA,Letônia,Q15218523,http://www.wikidata.org/entity/Q2361027,0,175,,55.79722222,27.43277778
LVA,Letônia,Q15218526,http://www.wikidata.org/entity/Q4731193,0,705,,57.06194444,24.84472222
LVA,Letônia,Q15218527,http://www.wikidata.org/entity/Q4731193,0,130,,57.02694444,24.81722222
LVA,Letônia,Q15218536,http://www.wikidata.org/entity/Q4992782,0,16,,56.54333333,21.92333333
LVA,Letônia,Q15218543,http://www.wikidata.org/entity/Q4992823,0,27,,57.38111111,22.56972222
LVA,Letônia,Q15218541,http://www.wikidata.org/entity/Q110445984,0,242,,56.96916667,24.34722222
LVA,Letônia,Q15218545,http://www.wikidata.org/entity/Q4992622,0,123,,57.37527778,22.23
LVA,Letônia,Q15218549,http://www.wikidata.org/entity/Q4242334,0,8,,56.59694444,25.77916667
LVA,Letônia,Q15218555,http://www.wikidata.org/entity/Q4065325,0,349,,56.16916667,27.55305556
LVA,Letônia,Q15218552,http://www.wikidata.org/entity/Q4332229,0,30,,56.43166667,27.235
LVA,Letônia,Q15218553,http://www.wikidata.org/entity/Q4066096,0,385,,56.1825,27.39194444
LVA,Letônia,Q15218618,http://www.wikidata.org/entity/Q12302779,0,1120,,56.73861111,24.38611111
LVA,Letônia,Q15218622,http://www.wikidata.org/entity/Q2359260,0,73,,56.61638889,26.845
LVA,Letônia,Q15218646,http://www.wikidata.org/entity/Q4111289,0,87,,56.36666667,23.49166667
LVA,Letônia,Q15218647,http://www.wikidata.org/entity/Q4213049,0,9,,55.83166667,27.06916667
LVA,Letônia,Q15218686,http://www.wikidata.org/entity/Q2361051,0,914,,56.63138889,24.75277778
LVA,Letônia,Q15218688,http://www.wikidata.org/entity/Q1107346,0,630,,56.40638889,25.7725
LVA,Letônia,Q15218694,http://www.wikidata.org/entity/Q4927412,0,260,,57.436944444444,25.778888888889
LVA,Letônia,Q15218695,http://www.wikidata.org/entity/Q3800938,0,297,,56.61333333,27.775
LVA,Letônia,Q15218692,http://www.wikidata.org/entity/Q4258011,0,24,,56.53888889,27.51361111
LVA,Letônia,Q15218693,http://www.wikidata.org/entity/Q3801171,0,66,,56.71527778,27.47361111
LVA,Letônia,Q15218696,http://www.wikidata.org/entity/Q6531775,0,55,,56.77944444,23.0925
LVA,Letônia,Q15218707,http://www.wikidata.org/entity/Q3801230,0,250,,57.54666667,25.54583333
LVA,Letônia,Q15219868,http://www.wikidata.org/entity/Q6469474,0,170,,57.25166667,22.55111111
LVA,Letônia,Q15219915,http://www.wikidata.org/entity/Q4332229,0,51,,56.48694444,27.28666667
LVA,Letônia,Q15219916,http://www.wikidata.org/entity/Q4332236,0,56,,56.48555556,27.29277778
LVA,Letônia,Q15219917,http://www.wikidata.org/entity/Q11008651,0,720,,56.86833333,24.56833333
LVA,Letônia,Q15219922,http://www.wikidata.org/entity/Q6544206,0,135,,57.50222222,24.50305556
LVA,Letônia,Q15219923,http://www.wikidata.org/entity/Q3801209,0,71,,56.58111111,27.38694444
LVA,Letônia,Q15219920,http://www.wikidata.org/entity/Q4261362,0,150,,56.42,23.62527778
LVA,Letônia,Q15219921,http://www.wikidata.org/entity/Q6544206,0,324,,57.4925,24.38861111
LVA,Letônia,Q15219927,http://www.wikidata.org/entity/Q14475618,0,79,,56.93611111,21.27638889
LVA,Letônia,Q15218710,http://www.wikidata.org/entity/Q4992610,0,27,,57.00472222,25.88444444
LVA,Letônia,Q15218714,http://www.wikidata.org/entity/Q3801650,0,18,,56.32083333,27.76611111
LVA,Letônia,Q15218717,http://www.wikidata.org/entity/Q3801011,0,450,,56.46888889,25.87472222
LVA,Letônia,Q15218722,http://www.wikidata.org/entity/Q2340182,0,36,,55.79055556,26.67861111
LVA,Letônia,Q15218726,http://www.wikidata.org/entity/Q4993630,0,29,,56.60944444,24.59361111
LVA,Letônia,Q15218727,http://www.wikidata.org/entity/Q14479217,0,63,,57.13138889,22.63222222
LVA,Letônia,Q15218725,http://www.wikidata.org/entity/Q4074382,0,239,,56.92555556,23.915
LVA,Letônia,Q15218730,http://www.wikidata.org/entity/Q2340152,0,5,,55.85583333,26.74166667
LVA,Letônia,Q15218752,http://www.wikidata.org/entity/Q4993642,0,428,,56.45083333,24.59833333
LVA,Letônia,Q15218753,http://www.wikidata.org/entity/Q402339,0,251,,56.35083333,21.3225
LVA,Letônia,Q15218760,http://www.wikidata.org/entity/Q3739156,0,0,,57.81305556,25.88055556
LVA,Letônia,Q15218764,http://www.wikidata.org/entity/Q4992787,0,847,,56.39777778,24.19388889
LVA,Letônia,Q15218791,http://www.wikidata.org/entity/Q4992756,0,679,,56.46916667,24.17361111
LVA,Letônia,Q15218788,http://www.wikidata.org/entity/Q15710216,0,1083,,56.775,24.65
LVA,Letônia,Q15218793,http://www.wikidata.org/entity/Q7909413,0,113,,57.37416667,22.47694444
LVA,Letônia,Q15218801,http://www.wikidata.org/entity/Q4992622,0,47,,57.36,22.03083333
LVA,Letônia,Q15218806,http://www.wikidata.org/entity/Q2605082,0,90,,56.47916667,25.21972222
LVA,Letônia,Q15218807,http://www.wikidata.org/entity/Q2605082,0,800,,56.50638889,25.24111111
LVA,Letônia,Q15218804,http://www.wikidata.org/entity/Q97230156,0,108,,56.58444444,24.19666667
LVA,Letônia,Q15218805,http://www.wikidata.org/entity/Q4242334,0,16,,56.55888889,25.88527778
LVA,Letônia,Q15218813,http://www.wikidata.org/entity/Q5276592,0,281,,57.51916667,25.07472222
LVA,Letônia,Q15218819,http://www.wikidata.org/entity/Q3801171,0,13,,56.72944444,27.44388889
LVA,Letônia,Q15218816,http://www.wikidata.org/entity/Q2359260,0,290,,56.57194444,26.80388889
LVA,Letônia,Q15218827,http://www.wikidata.org/entity/Q4199242,0,12,,56.61305556,27.32972222
LVA,Letônia,Q15218824,http://www.wikidata.org/entity/Q3801129,0,36,,56.29555556,26.17111111
LVA,Letônia,Q15218825,http://www.wikidata.org/entity/Q5276592,0,454,,57.5975,25.09444444
LVA,Letônia,Q15218862,http://www.wikidata.org/entity/Q4850775,0,396,,57.19138889,22.87444444
LVA,Letônia,Q15218860,http://www.wikidata.org/entity/Q4170804,0,55,,56.27694444,21.32666667
LVA,Letônia,Q15218861,http://www.wikidata.org/entity/Q4993618,0,10,,56.64277778,21.42388889
LVA,Letônia,Q15218867,http://www.wikidata.org/entity/Q4213049,0,7,,55.85527778,27.16388889
LVA,Letônia,Q15218959,http://www.wikidata.org/entity/Q8080016,0,4,,57.41194444,22.48222222
LVA,Letônia,Q15218956,http://www.wikidata.org/entity/Q3801209,0,25,,56.59055556,27.36944444
LVA,Letônia,Q15218962,http://www.wikidata.org/entity/Q5612119,0,400,,57.45666667,26.26166667
LVA,Letônia,Q15218963,http://www.wikidata.org/entity/Q2605137,0,170,,56.0625,27.13638889
LVA,Letônia,Q15218971,http://www.wikidata.org/entity/Q110445984,0,32,,57.07527778,24.54944444
LVA,Letônia,Q15218968,http://www.wikidata.org/entity/Q4992622,0,15,,57.37611111,22.18805556
LVA,Letônia,Q15218973,http://www.wikidata.org/entity/Q3800923,0,22,,56.55388889,27.97666667
LVA,Letônia,Q15218978,http://www.wikidata.org/entity/Q14476263,0,28,,57.90305556,25.16638889
LVA,Letônia,Q15218982,http://www.wikidata.org/entity/Q110897074,0,43,,56.62861111,24.23194444
LVA,Letônia,Q15218987,http://www.wikidata.org/entity/Q6469474,0,16,,57.26611111,22.33583333
LVA,Letônia,Q15218984,http://www.wikidata.org/entity/Q3801293,0,87,,57.37972222,24.68861111
LVA,Letônia,Q15219003,http://www.wikidata.org/entity/Q3801209,0,53,,56.58777778,27.31611111
LVA,Letônia,Q15219007,http://www.wikidata.org/entity/Q4149939,0,196,,56.46222222,27.37888889
LVA,Letônia,Q15219004,http://www.wikidata.org/entity/Q4199242,0,1,,56.59555556,27.31555556
LVA,Letônia,Q15219005,http://www.wikidata.org/entity/Q2584153,0,321,,55.95583333,27.02027778
LVA,Letônia,Q15219012,http://www.wikidata.org/entity/Q3801209,0,13,,56.54916667,27.41111111
LVA,Letônia,Q15219018,http://www.wikidata.org/entity/Q4992756,0,845,,56.41805556,24.195
LVA,Letônia,Q15219017,http://www.wikidata.org/entity/Q4992823,0,56,,57.39027778,22.75361111
LVA,Letônia,Q15219023,http://www.wikidata.org/entity/Q14479217,0,525,,57.12888889,22.64277778
LVA,Letônia,Q15219027,http://www.wikidata.org/entity/Q3801201,0,77,,56.33027778,27.56055556
LVA,Letônia,Q15219025,http://www.wikidata.org/entity/Q14481671,0,14,,57.21166667,23.0475
LVA,Letônia,Q15219030,http://www.wikidata.org/entity/Q6344165,0,30,,56.94916667,22.36888889
LVA,Letônia,Q15219031,http://www.wikidata.org/entity/Q3801526,0,362,,56.52361111,25.96861111
LVA,Letônia,Q15219028,http://www.wikidata.org/entity/Q4332236,0,8,,56.51611111,27.22944444
LVA,Letônia,Q15219029,http://www.wikidata.org/entity/Q4103436,0,15,,56.86305556,22.59777778
LVA,Letônia,Q15219034,http://www.wikidata.org/entity/Q3801476,0,394,,57.87777778,25.36888889
LVA,Letônia,Q15219033,http://www.wikidata.org/entity/Q6544206,0,111,,57.47194444,24.44027778
LVA,Letônia,Q15219039,http://www.wikidata.org/entity/Q7641679,0,146,,56.89638889,24.81777778
LVA,Letônia,Q15219043,http://www.wikidata.org/entity/Q4149939,0,131,,56.51916667,27.37
LVA,Letônia,Q15219041,http://www.wikidata.org/entity/Q6311354,0,1500,,56.67555556,24.9725
LVA,Letônia,Q15219048,http://www.wikidata.org/entity/Q3801254,0,710,,57.35222222,25.33166667
LVA,Letônia,Q15219094,http://www.wikidata.org/entity/Q110446086,0,216,,56.94027778,24.61277778
LVA,Letônia,Q15219096,http://www.wikidata.org/entity/Q3801171,0,8,,56.78583333,27.285
LVA,Letônia,Q15219097,http://www.wikidata.org/entity/Q4213049,0,234,,55.85694444,27.03888889
LVA,Letônia,Q15219123,http://www.wikidata.org/entity/Q4242334,0,20,,56.5725,25.84555556
LVA,Letônia,Q15219124,http://www.wikidata.org/entity/Q3800923,0,0,,56.58916667,27.97222222
LVA,Letônia,Q15219125,http://www.wikidata.org/entity/Q4210270,0,110,,56.83444444,23.55277778
LVA,Letônia,Q15219128,http://www.wikidata.org/entity/Q12302779,0,8,,56.71638889,24.23611111
LVA,Letônia,Q15219138,http://www.wikidata.org/entity/Q3801209,0,42,,56.5325,27.34972222
LVA,Letônia,Q15219139,http://www.wikidata.org/entity/Q16890081,0,96,,56.62472222,25.08527778
LVA,Letônia,Q15219137,http://www.wikidata.org/entity/Q7071596,0,67,,56.35611111,21.01083333
LVA,Letônia,Q15219143,http://www.wikidata.org/entity/Q3801209,0,47,,56.54916667,27.33305556
LVA,Letônia,Q15219140,http://www.wikidata.org/entity/Q4993630,0,35,,56.54972222,24.61111111
LVA,Letônia,Q15219146,http://www.wikidata.org/entity/Q2361089,0,347,,55.97805556,27.17805556
LVA,Letônia,Q15219144,http://www.wikidata.org/entity/Q4394624,0,36,,56.63305556,27.02944444
LVA,Letônia,Q15219148,http://www.wikidata.org/entity/Q2361078,0,227,,56.06055556,27.43694444
LVA,Letônia,Q15219181,http://www.wikidata.org/entity/Q402339,0,30,,56.38055556,21.42555556
LVA,Letônia,Q15219186,http://www.wikidata.org/entity/Q6164866,0,99,,56.97722222,22.85972222
LVA,Letônia,Q15219185,http://www.wikidata.org/entity/Q3800923,0,13,,56.52805556,27.99611111
LVA,Letônia,Q15219194,http://www.wikidata.org/entity/Q3800923,0,2,,56.5225,27.99027778
LVA,Letônia,Q15219193,http://www.wikidata.org/entity/Q4993610,0,31,,57.2325,27.46388889
LVA,Letônia,Q15219223,http://www.wikidata.org/entity/Q110445984,0,856,,57.00972222,24.32694444
LVA,Letônia,Q15219220,http://www.wikidata.org/entity/Q4992754,0,60,,56.52138889,24.35
LVA,Letônia,Q15219226,http://www.wikidata.org/entity/Q8225934,0,1340,,56.999444444444,23.516111111111
LVA,Letônia,Q15219229,http://www.wikidata.org/entity/Q4290789,0,50,,56.6975,27.66388889
LVA,Letônia,Q15219242,http://www.wikidata.org/entity/Q4992784,0,112,,56.70583333,22.29472222
LVA,Letônia,Q15219247,http://www.wikidata.org/entity/Q4258011,0,257,,56.58222222,27.50805556
LVA,Letônia,Q15219245,http://www.wikidata.org/entity/Q3801209,0,92,,56.54111111,27.34805556
LVA,Letônia,Q15219256,http://www.wikidata.org/entity/Q4261362,0,370,,56.43666667,23.63833333
LVA,Letônia,Q15219257,http://www.wikidata.org/entity/Q7909413,0,79,,57.37166667,22.36694444
LVA,Letônia,Q15219261,http://www.wikidata.org/entity/Q4170804,0,13,,56.31527778,21.24416667
LVA,Letônia,Q15219331,http://www.wikidata.org/entity/Q3800889,0,400,,56.77388889,27.71833333
LVA,Letônia,Q15219579,http://www.wikidata.org/entity/Q4992807,0,106,,56.35444444,24.62027778
LVA,Letônia,Q15219582,http://www.wikidata.org/entity/Q4992622,0,77,,57.3225,22.04083333
LVA,Letônia,Q15219584,http://www.wikidata.org/entity/Q4992622,0,53,,57.32694444,22.01805556
LVA,Letônia,Q15219585,http://www.wikidata.org/entity/Q4384854,0,239,,56.24111111,27.21388889
LVA,Letônia,Q15219590,http://www.wikidata.org/entity/Q3801146,0,312,,57.70305556,24.665
LVA,Letônia,Q15219588,http://www.wikidata.org/entity/Q4993629,0,328,,56.64472222,27.71972222
LVA,Letônia,Q7600499,http://www.wikidata.org/entity/Q109238738,0,548,,57.081388888889,24.31
LVA,Letônia,Q11010060,http://www.wikidata.org/entity/Q4993601,0,750,,56.40833333,22.36277778
LVA,Letônia,Q11025419,http://www.wikidata.org/entity/Q2605129,0,272,,56.10055556,25.80972222
LVA,Letônia,Q11025470,http://www.wikidata.org/entity/Q6711660,0,737,,57.32138889,24.73944444
LVA,Letônia,Q11042922,http://www.wikidata.org/entity/Q2930205,0,568,,56.627777777778,23.3525
LVA,Letônia,Q11056934,http://www.wikidata.org/entity/Q4419275,0,131,,56.40138889,27.13333333
LVA,Letônia,Q11127219,http://www.wikidata.org/entity/Q7641679,0,1000,,56.9,24.93333333
LVA,Letônia,Q11155017,http://www.wikidata.org/entity/Q3473633,0,22,,56.90166667,26.29805556
LVA,Letônia,Q11692838,http://www.wikidata.org/entity/Q4852990,0,36,,56.9,27.6531
LVA,Letônia,Q11697500,http://www.wikidata.org/entity/Q4992830,0,67,,57.17083333,23.12472222
LVA,Letônia,Q11697770,http://www.wikidata.org/entity/Q4482402,0,388,,56.27416667,27.04472222
LVA,Letônia,Q11728289,http://www.wikidata.org/entity/Q4852990,0,5,,56.8825,27.54
LVA,Letônia,Q11736535,http://www.wikidata.org/entity/Q4852990,0,6,,56.9217,27.65
LVA,Letônia,Q11753301,http://www.wikidata.org/entity/Q4852990,0,3,,56.9825,27.7133
LVA,Letônia,Q11753802,http://www.wikidata.org/entity/Q4852990,0,4,,56.9114,27.5419
LVA,Letônia,Q11754075,http://www.wikidata.org/entity/Q4852990,0,4,,56.895,27.5858
LVA,Letônia,Q11756787,http://www.wikidata.org/entity/Q110082781,0,164,,57.186666666667,24.343055555556
LVA,Letônia,Q11766355,http://www.wikidata.org/entity/Q4852990,0,17,,56.9261,27.6222
LVA,Letônia,Q11766586,http://www.wikidata.org/entity/Q4852990,0,2,,56.9472,27.7292
LVA,Letônia,Q11785566,http://www.wikidata.org/entity/Q4852990,0,4,,56.9361,27.5306
LVA,Letônia,Q11794665,http://www.wikidata.org/entity/Q4852990,0,24,,56.9019,27.5642
LVA,Letônia,Q11814707,http://www.wikidata.org/entity/Q4852990,0,5,,56.8942,27.6208
LVA,Letônia,Q12651523,http://www.wikidata.org/entity/Q4978851,0,74,,56.31416667,24.51166667
LVA,Letônia,Q13414880,http://www.wikidata.org/entity/Q13414836,0,443,,56.4675,22.890277777778
LVA,Letônia,Q13416642,http://www.wikidata.org/entity/Q4992273,0,290,,56.541388888889,22.998611111111
LVA,Letônia,Q13553847,http://www.wikidata.org/entity/Q4261386,0,2275,,57.386388888889,25.423055555556
LVA,Letônia,Q13557571,http://www.wikidata.org/entity/Q4423170,0,914,,56.850277777778,23.2975
LVA,Letônia,Q13560131,http://www.wikidata.org/entity/Q3801026,0,422,,57.141111111111,26.425555555556
LVA,Letônia,Q13561108,http://www.wikidata.org/entity/Q4978851,0,209,,56.34,24.413333333333
LVA,Letônia,Q15077383,http://www.wikidata.org/entity/Q3290004,0,860,,56.77472222,26.09777778
LVA,Letônia,Q15093370,http://www.wikidata.org/entity/Q2607067,0,295,,57.0925,25.47583333
LVA,Letônia,Q15118724,http://www.wikidata.org/entity/Q4417925,0,610,,56.40305556,23.74777778
LVA,Letônia,Q15211205,http://www.wikidata.org/entity/Q3801090,0,199,,56.32638889,25.24638889
LVA,Letônia,Q15214575,http://www.wikidata.org/entity/Q2340056,0,18,,55.86527778,26.97222222
LVA,Letônia,Q15218053,http://www.wikidata.org/entity/Q3801599,0,49,,55.95833333,26.11666667
LVA,Letônia,Q15218454,http://www.wikidata.org/entity/Q4539648,0,80,,57.14416667,25.985
LVA,Letônia,Q15218453,http://www.wikidata.org/entity/Q4967119,0,14,,56.97361111,27.61777778
LVA,Letônia,Q15218459,http://www.wikidata.org/entity/Q3801209,0,138,,56.56166667,27.36972222
LVA,Letônia,Q15218456,http://www.wikidata.org/entity/Q12334371,0,731,,56.91416667,24.27083333
LVA,Letônia,Q15218510,http://www.wikidata.org/entity/Q3800923,0,5,,56.51638889,28.02333333
LVA,Letônia,Q15218525,http://www.wikidata.org/entity/Q3739156,0,1,,57.79305556,26.00277778
LVA,Letônia,Q15218566,http://www.wikidata.org/entity/Q3800923,0,4,,56.53666667,28.00888889
LVA,Letônia,Q15218650,http://www.wikidata.org/entity/Q2884591,0,817,,56.72361111,26.61055556
LVA,Letônia,Q15218648,http://www.wikidata.org/entity/Q4992622,0,17,,57.34416667,22.07694444
LVA,Letônia,Q15218667,http://www.wikidata.org/entity/Q2361142,0,1,,56.11972222,27.80805556
LVA,Letônia,Q15218664,http://www.wikidata.org/entity/Q4993630,0,263,,56.58777778,24.44611111
LVA,Letônia,Q15218665,http://www.wikidata.org/entity/Q4332229,0,398,,56.4125,27.23361111
LVA,Letônia,Q15218670,http://www.wikidata.org/entity/Q3800923,0,1,,56.62027778,27.92277778
LVA,Letônia,Q15218668,http://www.wikidata.org/entity/Q7071596,0,303,,56.37916667,20.98805556
LVA,Letônia,Q15218735,http://www.wikidata.org/entity/Q110445984,0,1283,,57.02083333,24.25888889
LVA,Letônia,Q15218732,http://www.wikidata.org/entity/Q4321687,0,22,,56.134444444444,26.343055555556
LVA,Letônia,Q15218739,http://www.wikidata.org/entity/Q6531775,0,26,,56.79388889,23.06972222
LVA,Letônia,Q15218742,http://www.wikidata.org/entity/Q3801209,0,48,,56.58972222,27.33833333
LVA,Letônia,Q15218748,http://www.wikidata.org/entity/Q110445984,0,25,,57.01277778,24.46138889
LVA,Letônia,Q15218749,http://www.wikidata.org/entity/Q4993630,0,75,,56.59111111,24.48527778
LVA,Letônia,Q15218786,http://www.wikidata.org/entity/Q4993640,0,99,,56.67916667,22.0625
LVA,Letônia,Q15218822,http://www.wikidata.org/entity/Q3801171,0,0,,56.77555556,27.25361111
LVA,Letônia,Q15218871,http://www.wikidata.org/entity/Q6311354,0,200,,56.64194444,24.91638889
LVA,Letônia,Q15218868,http://www.wikidata.org/entity/Q14481671,0,94,,57.24666667,23.0325
LVA,Letônia,Q15218869,http://www.wikidata.org/entity/Q4992782,0,380,,56.56888889,21.90083333
LVA,Letônia,Q15218873,http://www.wikidata.org/entity/Q4242334,0,23,,56.53527778,25.80083333
LVA,Letônia,Q15218876,http://www.wikidata.org/entity/Q4074382,0,426,,56.92055556,23.87166667
LVA,Letônia,Q15218883,http://www.wikidata.org/entity/Q14479217,0,31,,57.14194444,22.65472222
LVA,Letônia,Q15218880,http://www.wikidata.org/entity/Q4992625,0,610,,57.19138889,25.67611111
LVA,Letônia,Q15218881,http://www.wikidata.org/entity/Q8080295,0,801,,56.72583333,24.20583333
LVA,Letônia,Q15218906,http://www.wikidata.org/entity/Q4110820,0,50,,56.33527778,25.51805556
LVA,Letônia,Q15218907,http://www.wikidata.org/entity/Q14479217,0,6,,57.14972222,22.62722222
LVA,Letônia,Q15218910,http://www.wikidata.org/entity/Q3801209,0,21,,56.56972222,27.33861111
LVA,Letônia,Q15218915,http://www.wikidata.org/entity/Q4149939,0,7,,56.52444444,27.41305556
LVA,Letônia,Q15218912,http://www.wikidata.org/entity/Q10951083,0,11,,56.34833333,26.38694444
LVA,Letônia,Q15218913,http://www.wikidata.org/entity/Q4213049,0,4,,55.86277778,27.15
LVA,Letônia,Q15218918,http://www.wikidata.org/entity/Q6344165,0,40,,56.98305556,22.445
LVA,Letônia,Q15218916,http://www.wikidata.org/entity/Q3801209,0,16,,56.53111111,27.41777778
LVA,Letônia,Q15218922,http://www.wikidata.org/entity/Q7909413,0,20,,57.32222222,22.44583333
LVA,Letônia,Q15218923,http://www.wikidata.org/entity/Q4213049,0,5,,55.87222222,27.16333333
LVA,Letônia,Q15218920,http://www.wikidata.org/entity/Q4850775,0,38,,57.16027778,22.85388889
LVA,Letônia,Q15218921,http://www.wikidata.org/entity/Q4132339,0,343,,56.47694444,26.83833333
LVA,Letônia,Q15218926,http://www.wikidata.org/entity/Q4405531,0,28,,56.53083333,27.20888889
LVA,Letônia,Q15218924,http://www.wikidata.org/entity/Q4242334,0,10,,56.57888889,25.77944444
LVA,Letônia,Q15218935,http://www.wikidata.org/entity/Q110082781,0,1304,,57.14027778,24.28583333
LVA,Letônia,Q15218932,http://www.wikidata.org/entity/Q110082781,0,641,,57.116944444444,24.232777777778
LVA,Letônia,Q15218933,http://www.wikidata.org/entity/Q4213049,0,10,,55.825,27.31277778
LVA,Letônia,Q15218936,http://www.wikidata.org/entity/Q12318549,0,987,,57.12888889,24.70361111
LVA,Letônia,Q15218937,http://www.wikidata.org/entity/Q6469474,0,16,,57.18944444,22.34388889
LVA,Letônia,Q15218940,http://www.wikidata.org/entity/Q4242334,0,32,,56.60916667,25.8125
LVA,Letônia,Q15218941,http://www.wikidata.org/entity/Q4242334,0,14,,56.60416667,25.81583333
LVA,Letônia,Q15218945,http://www.wikidata.org/entity/Q3800923,0,0,,56.58638889,28.04611111
LVA,Letônia,Q15218951,http://www.wikidata.org/entity/Q3800864,0,65,,56.54333333,27.29666667
LVA,Letônia,Q15218952,http://www.wikidata.org/entity/Q3801209,0,32,,56.54333333,27.29666667
LVA,Letônia,Q15218953,http://www.wikidata.org/entity/Q4978851,0,302,,56.31277778,24.345
LVA,Letônia,Q15219010,http://www.wikidata.org/entity/Q3800923,0,12,,56.59972222,27.94972222
LVA,Letônia,Q15219009,http://www.wikidata.org/entity/Q3800923,0,13,,56.545,27.98833333
LVA,Letônia,Q15219022,http://www.wikidata.org/entity/Q2607105,0,229,,57.52722222,26.87083333
LVA,Letônia,Q15219038,http://www.wikidata.org/entity/Q3800923,0,3,,56.55166667,28.00166667
LVA,Letônia,Q15219036,http://www.wikidata.org/entity/Q4170804,0,27,,56.28861111,21.20555556
LVA,Letônia,Q15219047,http://www.wikidata.org/entity/Q14481671,0,25,,57.24666667,23.0325
LVA,Letônia,Q15219045,http://www.wikidata.org/entity/Q3801209,0,52,,56.55194444,27.30777778
LVA,Letônia,Q15219160,http://www.wikidata.org/entity/Q6469474,0,26,,57.23722222,22.42694444
LVA,Letônia,Q15219161,http://www.wikidata.org/entity/Q14481671,0,49,,57.28638889,23.05833333
LVA,Letônia,Q15219165,http://www.wikidata.org/entity/Q3801109,0,156,,56.80722222,27.2875
LVA,Letônia,Q15219170,http://www.wikidata.org/entity/Q12318549,0,372,,57.12222222,24.65472222
LVA,Letônia,Q15219168,http://www.wikidata.org/entity/Q4992823,0,25,,57.37694444,22.62083333
LVA,Letônia,Q15219197,http://www.wikidata.org/entity/Q6469474,0,53,,57.22361111,22.49777778
LVA,Letônia,Q15219208,http://www.wikidata.org/entity/Q6344165,0,20,,56.8925,22.425
LVA,Letônia,Q15219212,http://www.wikidata.org/entity/Q3801526,0,259,,56.54416667,26.09611111
LVA,Letônia,Q15219369,http://www.wikidata.org/entity/Q110082781,0,48,,57.10361111,24.23305556
LVA,Letônia,Q15219374,http://www.wikidata.org/entity/Q4242334,0,9,,56.58527778,25.84416667
LVA,Letônia,Q15219375,http://www.wikidata.org/entity/Q3801594,0,448,,56.53861111,26.2425
LVA,Letônia,Q15219372,http://www.wikidata.org/entity/Q3801219,0,212,,56.69555556,27.535
LVA,Letônia,Q15219376,http://www.wikidata.org/entity/Q3800864,0,36,,56.5625,27.24472222
LVA,Letônia,Q15219377,http://www.wikidata.org/entity/Q4074382,0,1700,,56.9754,23.9685
LVA,Letônia,Q15219418,http://www.wikidata.org/entity/Q4992784,0,393,,56.71833333,22.39555556
LVA,Letônia,Q15219419,http://www.wikidata.org/entity/Q2584153,0,441,,55.93666667,26.71861111
LVA,Letônia,Q15219427,http://www.wikidata.org/entity/Q3800889,0,45,,56.83055556,27.77555556
LVA,Letônia,Q15219439,http://www.wikidata.org/entity/Q12335255,0,108,,57.19944444,24.9475
LVA,Letônia,Q15219444,http://www.wikidata.org/entity/Q4992622,0,61,,57.40416667,22.03416667
LVA,Letônia,Q15219476,http://www.wikidata.org/entity/Q4423170,0,213,,56.92055556,23.21722222
LVA,Letônia,Q15219477,http://www.wikidata.org/entity/Q4424216,0,49,,56.92138889,23.26166667
LVA,Letônia,Q15219526,http://www.wikidata.org/entity/Q4332236,0,2,,56.51888889,27.28222222
LVA,Letônia,Q15219531,http://www.wikidata.org/entity/Q8080295,0,250,,56.77222222,24.11138889
LVA,Letônia,Q15219529,http://www.wikidata.org/entity/Q14476263,0,23,,57.90416667,25.14777778
LVA,Letônia,Q15219535,http://www.wikidata.org/entity/Q4332229,0,810,,56.485,27.3225
LVA,Letônia,Q15219532,http://www.wikidata.org/entity/Q3800923,0,1,,56.55777778,28.035
LVA,Letônia,Q15219538,http://www.wikidata.org/entity/Q402339,0,35,,56.33416667,21.30888889
LVA,Letônia,Q15219539,http://www.wikidata.org/entity/Q7622321,0,179,,57.36361111,24.98277778
LVA,Letônia,Q15219536,http://www.wikidata.org/entity/Q3801209,0,38,,56.5675,27.40222222
LVA,Letônia,Q15219537,http://www.wikidata.org/entity/Q4185230,0,106,,56.33722222,28.14166667
LVA,Letônia,Q15219543,http://www.wikidata.org/entity/Q3801192,0,298,,57.59666667,24.85166667
LVA,Letônia,Q15219540,http://www.wikidata.org/entity/Q4731193,0,26,,57.03055556,24.68611111
LVA,Letônia,Q15219541,http://www.wikidata.org/entity/Q7205927,0,446,,57.53777778,25.86555556
LVA,Letônia,Q15219547,http://www.wikidata.org/entity/Q6695170,0,20,,57.40777778,22.57833333
LVA,Letônia,Q15219545,http://www.wikidata.org/entity/Q110446086,0,261,,57.00916667,24.54916667
LVA,Letônia,Q15219562,http://www.wikidata.org/entity/Q4242334,0,73,,56.52722222,25.80916667
LVA,Letônia,Q15219572,http://www.wikidata.org/entity/Q12302779,0,65,,56.78111111,24.28194444
LVA,Letônia,Q15219576,http://www.wikidata.org/entity/Q4242334,0,9,,56.57583333,25.85694444
LVA,Letônia,Q15219577,http://www.wikidata.org/entity/Q6344165,0,10,,56.98111111,22.30194444
LVA,Letônia,Q15219613,http://www.wikidata.org/entity/Q7285180,0,307,,57.31277778,25.15694444
LVA,Letônia,Q15219230,http://www.wikidata.org/entity/Q6497701,0,500,,56.85861111,25.02111111
LVA,Letônia,Q15219235,http://www.wikidata.org/entity/Q4992823,0,18,,57.37916667,22.71222222
LVA,Letônia,Q15219239,http://www.wikidata.org/entity/Q110082781,0,17,,57.11277778,24.27194444
LVA,Letônia,Q15219236,http://www.wikidata.org/entity/Q6498518,0,199,,57.32694444,25.85527778
LVA,Letônia,Q15219240,http://www.wikidata.org/entity/Q3220048,0,655,,56.82444444,26.24722222
LVA,Letônia,Q15219244,http://www.wikidata.org/entity/Q3800883,0,4,,56.775,27.63333333
LVA,Letônia,Q15219265,http://www.wikidata.org/entity/Q3800923,0,3,,56.53805556,28.0775
LVA,Letônia,Q15219275,http://www.wikidata.org/entity/Q4275966,0,330,,56.28972222,27.43888889
LVA,Letônia,Q15219273,http://www.wikidata.org/entity/Q3800923,0,0,,56.62638889,27.93222222
LVA,Letônia,Q15219279,http://www.wikidata.org/entity/Q3801209,0,16,,56.57361111,27.42166667
LVA,Letônia,Q15219277,http://www.wikidata.org/entity/Q4212657,0,332,,56.57277778,27.11527778
LVA,Letônia,Q15219283,http://www.wikidata.org/entity/Q7427254,0,586,,56.28388889,25.41138889
LVA,Letônia,Q15219281,http://www.wikidata.org/entity/Q4992627,0,8,,57.13027778,25.6425
LVA,Letônia,Q15219286,http://www.wikidata.org/entity/Q4421441,0,2,,56.0325,27.43222222
LVA,Letônia,Q15219284,http://www.wikidata.org/entity/Q4242334,0,48,,56.54527778,25.84583333
LVA,Letônia,Q15219285,http://www.wikidata.org/entity/Q4992823,0,276,,57.41416667,22.62055556
LVA,Letônia,Q15219291,http://www.wikidata.org/entity/Q4405531,0,11,,56.48472222,27.14138889
LVA,Letônia,Q15219294,http://www.wikidata.org/entity/Q4992784,0,579,,56.72972222,22.39694444
LVA,Letônia,Q15219295,http://www.wikidata.org/entity/Q6548977,0,111,,57.46333333,24.62083333
LVA,Letônia,Q15219293,http://www.wikidata.org/entity/Q4170804,0,15,,56.24472222,21.42
LVA,Letônia,Q15219297,http://www.wikidata.org/entity/Q6548977,0,393,,57.42166667,24.69833333
LVA,Letônia,Q15219302,http://www.wikidata.org/entity/Q4992782,0,60,,56.60916667,21.97888889
LVA,Letônia,Q15219300,http://www.wikidata.org/entity/Q14479217,0,101,,57.135,22.66944444
LVA,Letônia,Q15219301,http://www.wikidata.org/entity/Q6711654,0,643,,56.7675,25.0
LVA,Letônia,Q15219306,http://www.wikidata.org/entity/Q3800923,0,106,,56.59277778,27.99472222
LVA,Letônia,Q15219304,http://www.wikidata.org/entity/Q4992782,0,20,,56.59888889,21.99888889
LVA,Letônia,Q15219305,http://www.wikidata.org/entity/Q4992622,0,13,,57.35583333,22.255
LVA,Letônia,Q15219311,http://www.wikidata.org/entity/Q4401268,0,0,,56.09361111,21.19555556
LVA,Letônia,Q15219353,http://www.wikidata.org/entity/Q4333407,0,1876,,56.85944444,24.07166667
LVA,Letônia,Q15219358,http://www.wikidata.org/entity/Q4242334,0,20,,56.56833333,25.74388889
LVA,Letônia,Q15219367,http://www.wikidata.org/entity/Q3801209,0,58,,56.53527778,27.3775
LVA,Letônia,Q15219364,http://www.wikidata.org/entity/Q12302779,0,132,,56.76555556,24.43111111
LVA,Letônia,Q15219370,http://www.wikidata.org/entity/Q4103436,0,30,,56.93583333,22.67472222
LVA,Letônia,Q15219368,http://www.wikidata.org/entity/Q4539649,0,604,,56.62027778,23.77138889
LVA,Letônia,Q15219862,http://www.wikidata.org/entity/Q3739156,0,330,,57.74305556,26.05583333
LVA,Letônia,Q15219863,http://www.wikidata.org/entity/Q7071596,0,46,,56.31805556,21.09722222
LVA,Letônia,Q15219860,http://www.wikidata.org/entity/Q7667013,0,429,,57.04222222,23.1275
LVA,Letônia,Q15219861,http://www.wikidata.org/entity/Q14476263,0,205,,57.85055556,25.21444444
LVA,Letônia,Q15219864,http://www.wikidata.org/entity/Q402339,0,40,,56.35166667,21.3375
LVA,Letônia,Q15219865,http://www.wikidata.org/entity/Q12302779,0,52,,56.77527778,24.31555556
LVA,Letônia,Q15219930,http://www.wikidata.org/entity/Q4993630,0,15,,56.55666667,24.64916667
LVA,Letônia,Q15219931,http://www.wikidata.org/entity/Q3801565,0,1181,,57.51916667,24.80777778
LVA,Letônia,Q15219934,http://www.wikidata.org/entity/Q8080298,0,29,,57.96777778,25.43305556
LVA,Letônia,Q15219932,http://www.wikidata.org/entity/Q8545069,0,19,,57.87333333,25.10527778
LVA,Letônia,Q15219933,http://www.wikidata.org/entity/Q7285180,0,69,,57.35861111,25.08861111
LVA,Letônia,Q15219938,http://www.wikidata.org/entity/Q14481671,0,29,,57.24666667,23.0325
LVA,Letônia,Q15219939,http://www.wikidata.org/entity/Q110445984,0,1276,,56.98194444,24.3375
LVA,Letônia,Q15219937,http://www.wikidata.org/entity/Q3801020,0,249,,56.29083333,26.21111111
LVA,Letônia,Q15219968,http://www.wikidata.org/entity/Q3801129,0,265,,56.33361111,26.15972222
LVA,Letônia,Q15220051,http://www.wikidata.org/entity/Q4992782,0,10,,56.54388889,21.94527778
LVA,Letônia,Q15220049,http://www.wikidata.org/entity/Q3800923,0,2,,56.65555556,27.97444444
LVA,Letônia,Q15220055,http://www.wikidata.org/entity/Q4103436,0,360,,56.9225,22.56027778
LVA,Letônia,Q15220053,http://www.wikidata.org/entity/Q3800923,0,13,,56.53333333,28.03916667
LVA,Letônia,Q15219619,http://www.wikidata.org/entity/Q3801209,0,12,,56.53111111,27.35777778
LVA,Letônia,Q15219616,http://www.wikidata.org/entity/Q3801171,0,40,,56.74888889,27.48666667
LVA,Letônia,Q15219623,http://www.wikidata.org/entity/Q2605174,0,5,,56.15166667,27.28972222
LVA,Letônia,Q15219621,http://www.wikidata.org/entity/Q4513320,0,340,,56.43222222,27.46194444
LVA,Letônia,Q15219626,http://www.wikidata.org/entity/Q110897074,0,50,,56.62444444,24.16305556
LVA,Letônia,Q15219624,http://www.wikidata.org/entity/Q4850775,0,24,,57.20472222,22.85972222
LVA,Letônia,Q15219630,http://www.wikidata.org/entity/Q3801447,0,908,,56.75638889,24.78194444
LVA,Letônia,Q15219629,http://www.wikidata.org/entity/Q3801278,0,212,,57.04194444,27.61694444
LVA,Letônia,Q15219639,http://www.wikidata.org/entity/Q4394624,0,432,,56.61944444,27.04194444
LVA,Letônia,Q15219641,http://www.wikidata.org/entity/Q15710292,0,99,,56.20944444,26.4425
LVA,Letônia,Q15219662,http://www.wikidata.org/entity/Q3801137,0,399,,56.41722222,26.45277778
LVA,Letônia,Q15219660,http://www.wikidata.org/entity/Q7359909,0,728,,57.49194444,22.72722222
LVA,Letônia,Q15219661,http://www.wikidata.org/entity/Q3800923,0,4,,56.59944444,27.93361111
LVA,Letônia,Q15219671,http://www.wikidata.org/entity/Q6469474,0,15,,57.16305556,22.39611111
LVA,Letônia,Q15219675,http://www.wikidata.org/entity/Q8080295,0,1438,,56.8875,24.15777778
LVA,Letônia,Q15219677,http://www.wikidata.org/entity/Q4993618,0,38,,56.64194444,21.34722222
LVA,Letônia,Q15219695,http://www.wikidata.org/entity/Q3801209,0,16,,56.5583,27.4208
LVA,Letônia,Q15219692,http://www.wikidata.org/entity/Q4992787,0,1417,,56.38138889,24.17083333
LVA,Letônia,Q15219696,http://www.wikidata.org/entity/Q4992622,0,9,,57.38666667,22.08833333
LVA,Letônia,Q15219703,http://www.wikidata.org/entity/Q14475618,0,293,,56.85333333,21.21083333
LVA,Letônia,Q15219700,http://www.wikidata.org/entity/Q3401435,0,60,,56.75972222,26.39111111
LVA,Letônia,Q15219705,http://www.wikidata.org/entity/Q4392341,0,262,,56.53527778,27.14361111
LVA,Letônia,Q15219714,http://www.wikidata.org/entity/Q3473633,0,69,,56.90166667,26.29805556
LVA,Letônia,Q15219712,http://www.wikidata.org/entity/Q4242334,0,39,,56.54472222,25.87333333
LVA,Letônia,Q15219713,http://www.wikidata.org/entity/Q2340073,0,5,,56.28722222,28.23472222
LVA,Letônia,Q15219735,http://www.wikidata.org/entity/Q4261362,0,150,,56.43666667,23.63833333
LVA,Letônia,Q15219738,http://www.wikidata.org/entity/Q4242334,0,9,,56.55583333,25.88055556
LVA,Letônia,Q15219743,http://www.wikidata.org/entity/Q110446086,0,1262,,56.96388889,24.42916667
LVA,Letônia,Q15219740,http://www.wikidata.org/entity/Q110082781,0,394,,57.12527778,24.32055556
LVA,Letônia,Q15219741,http://www.wikidata.org/entity/Q4170804,0,252,,56.26305556,21.25277778
LVA,Letônia,Q15219747,http://www.wikidata.org/entity/Q3800864,0,8,,56.57388889,27.26166667
LVA,Letônia,Q15219744,http://www.wikidata.org/entity/Q8080016,0,12,,57.38555556,22.53444444
LVA,Letônia,Q15219748,http://www.wikidata.org/entity/Q3801209,0,6,,56.575,27.27388889
LVA,Letônia,Q15219851,http://www.wikidata.org/entity/Q3801209,0,13,,56.60333333,27.39166667
LVA,Letônia,Q15219849,http://www.wikidata.org/entity/Q3801171,0,17,,56.73777778,27.32472222
LVA,Letônia,Q15219853,http://www.wikidata.org/entity/Q15709815,0,473,,57.70222222,24.37361111
LVA,Letônia,Q15219858,http://www.wikidata.org/entity/Q4413950,0,105,,56.52777778,25.61666667
LVA,Letônia,Q15219857,http://www.wikidata.org/entity/Q110276346,0,258,,57.2,24.595
LVA,Letônia,Q11009745,http://www.wikidata.org/entity/Q12302779,0,47,,56.77472222,24.40944444
LVA,Letônia,Q11199401,http://www.wikidata.org/entity/Q4993835,0,602,,56.4,23.33333333
LVA,Letônia,Q12670925,http://www.wikidata.org/entity/Q2987076,0,524,,55.85194444,26.43777778
LVA,Letônia,Q12679309,http://www.wikidata.org/entity/Q15218710,0,1,,57.01,25.879166666667
LVA,Letônia,Q13407134,http://www.wikidata.org/entity/Q3800969,0,472,,57.449444444444,26.589722222222
LVA,Letônia,Q13407734,http://www.wikidata.org/entity/Q3800919,0,400,,57.454722222222,26.371944444444
LVA,Letônia,Q13585916,http://www.wikidata.org/entity/Q2615046,0,27,,55.92916667,26.71583333
LVA,Letônia,Q15218448,http://www.wikidata.org/entity/Q6164866,0,170,,56.97333333,22.93138889
LVA,Letônia,Q15218559,http://www.wikidata.org/entity/Q2607051,0,155,,57.33583333,27.02944444
LVA,Letônia,Q15218560,http://www.wikidata.org/entity/Q7622607,0,24,,57.13111111,22.7725
LVA,Letônia,Q15218564,http://www.wikidata.org/entity/Q8225934,0,21,,56.9775,23.46138889
LVA,Letônia,Q15218671,http://www.wikidata.org/entity/Q110445984,0,1427,,56.99166667,24.30305556
LVA,Letônia,Q15218674,http://www.wikidata.org/entity/Q4131928,0,77,,56.7375,27.06694444
LVA,Letônia,Q15218673,http://www.wikidata.org/entity/Q8225934,0,461,,56.98583333,23.53694444
LVA,Letônia,Q15218679,http://www.wikidata.org/entity/Q3801209,0,29,,56.56916667,27.38361111
LVA,Letônia,Q15218680,http://www.wikidata.org/entity/Q3473633,0,518,,56.92083333,26.31305556
LVA,Letônia,Q15218775,http://www.wikidata.org/entity/Q3801137,0,49,,56.42861111,26.4575
LVA,Letônia,Q15218777,http://www.wikidata.org/entity/Q4993626,0,327,,56.66472222,22.42611111
LVA,Letônia,Q15218783,http://www.wikidata.org/entity/Q4993613,0,411,,56.36027778,24.28944444
LVA,Letônia,Q15218780,http://www.wikidata.org/entity/Q3801230,0,154,,57.50416667,25.56138889
LVA,Letônia,Q15218887,http://www.wikidata.org/entity/Q4992754,0,407,,56.48305556,24.3475
LVA,Letônia,Q15218888,http://www.wikidata.org/entity/Q2615046,0,8,,55.92944444,26.67
LVA,Letônia,Q15218889,http://www.wikidata.org/entity/Q8080016,0,60,,57.40861111,22.51444444
LVA,Letônia,Q15218901,http://www.wikidata.org/entity/Q3801476,0,403,,57.85833333,25.36777778
LVA,Letônia,Q15218904,http://www.wikidata.org/entity/Q14479217,0,33,,57.12166667,22.63444444
LVA,Letônia,Q15218905,http://www.wikidata.org/entity/Q4529949,0,440,,56.18527778,27.65666667
LVA,Letônia,Q15218946,http://www.wikidata.org/entity/Q4419275,0,335,,56.37472222,27.13305556
LVA,Letônia,Q15218947,http://www.wikidata.org/entity/Q3801020,0,23,,56.21833333,26.23972222
LVA,Letônia,Q15218950,http://www.wikidata.org/entity/Q3800889,0,10,,56.85833333,27.81416667
LVA,Letônia,Q15218949,http://www.wikidata.org/entity/Q3801293,0,68,,57.33083333,24.64277778
LVA,Letônia,Q15219054,http://www.wikidata.org/entity/Q11160910,0,202,,57.69138889,25.65166667
LVA,Letônia,Q15219059,http://www.wikidata.org/entity/Q7071596,0,203,,56.30111111,20.99194444
LVA,Letônia,Q15219057,http://www.wikidata.org/entity/Q12335255,0,250,,57.10805556,24.93833333
LVA,Letônia,Q15219063,http://www.wikidata.org/entity/Q6548977,0,138,,57.435,24.81222222
LVA,Letônia,Q15219067,http://www.wikidata.org/entity/Q6469474,0,22,,57.095,22.40472222
LVA,Letônia,Q15219070,http://www.wikidata.org/entity/Q6344165,0,25,,56.90833333,22.39972222
LVA,Letônia,Q15219069,http://www.wikidata.org/entity/Q7544780,0,570,,57.43,25.91166667
LVA,Letônia,Q15219074,http://www.wikidata.org/entity/Q4210261,0,235,,55.86944444,27.37638889
LVA,Letônia,Q15219072,http://www.wikidata.org/entity/Q4992777,0,691,,56.44361111,22.1275
LVA,Letônia,Q15219098,http://www.wikidata.org/entity/Q4111289,0,33,,56.40138889,23.50416667
LVA,Letônia,Q15219100,http://www.wikidata.org/entity/Q6505943,0,52,,56.96138889,27.06666667
LVA,Letônia,Q15219151,http://www.wikidata.org/entity/Q15709815,0,298,,57.76916667,24.53916667
LVA,Letônia,Q15219155,http://www.wikidata.org/entity/Q3800923,0,1,,56.62694444,27.97777778
LVA,Letônia,Q15219152,http://www.wikidata.org/entity/Q2607067,0,10,,57.08722222,25.415
LVA,Letônia,Q15219156,http://www.wikidata.org/entity/Q3801209,0,1,,56.57916667,27.36444444
LVA,Letônia,Q15219157,http://www.wikidata.org/entity/Q11008651,0,27,,56.87805556,24.62972222
LVA,Letônia,Q15219163,http://www.wikidata.org/entity/Q3801171,0,27,,56.75916667,27.28888889
LVA,Letônia,Q15219164,http://www.wikidata.org/entity/Q3800923,0,40,,56.54222222,28.04666667
LVA,Letônia,Q15219169,http://www.wikidata.org/entity/Q3800923,0,3,,56.50055556,28.10166667
LVA,Letônia,Q15219198,http://www.wikidata.org/entity/Q3800923,0,24,,56.57555556,27.98444444
LVA,Letônia,Q15219203,http://www.wikidata.org/entity/Q11122143,0,360,,57.82,25.61
LVA,Letônia,Q15219206,http://www.wikidata.org/entity/Q7622607,0,78,,57.14666667,22.78833333
LVA,Letônia,Q15219207,http://www.wikidata.org/entity/Q6469474,0,11,,57.15861111,22.29277778
LVA,Letônia,Q15219204,http://www.wikidata.org/entity/Q2606952,0,92,,57.24194444,25.21083333
LVA,Letônia,Q15219209,http://www.wikidata.org/entity/Q3800923,0,1,,56.63777778,27.97805556
LVA,Letônia,Q15219214,http://www.wikidata.org/entity/Q6473796,0,735,,57.28694444,22.66305556
LVA,Letônia,Q15219213,http://www.wikidata.org/entity/Q3800923,0,0,,56.55027778,28.03666667
LVA,Letônia,Q15219218,http://www.wikidata.org/entity/Q12302779,0,70,,56.73666667,24.405
LVA,Letônia,Q15219217,http://www.wikidata.org/entity/Q3801171,0,60,,56.73277778,27.3325
LVA,Letônia,Q15219263,http://www.wikidata.org/entity/Q2606978,0,640,,57.34333333,27.47722222
LVA,Letônia,Q15219335,http://www.wikidata.org/entity/Q4132339,0,90,,56.44861111,26.91666667
LVA,Letônia,Q15219333,http://www.wikidata.org/entity/Q4993643,0,77,,56.57083333,26.91583333
LVA,Letônia,Q15219338,http://www.wikidata.org/entity/Q3801562,0,397,,57.33083333,24.49333333
LVA,Letônia,Q15219339,http://www.wikidata.org/entity/Q6531775,0,15,,56.78194444,23.16138889
LVA,Letônia,Q15219337,http://www.wikidata.org/entity/Q4275966,0,10,,56.28111111,27.49777778
LVA,Letônia,Q15219340,http://www.wikidata.org/entity/Q13638499,0,373,,56.52277778,27.73611111
LVA,Letônia,Q15219341,http://www.wikidata.org/entity/Q4213049,0,17,,55.83194444,27.03222222
LVA,Letônia,Q15219346,http://www.wikidata.org/entity/Q4992782,0,10,,56.54972222,21.83888889
LVA,Letônia,Q15219350,http://www.wikidata.org/entity/Q4850775,0,26,,57.20194444,22.85111111
LVA,Letônia,Q15219351,http://www.wikidata.org/entity/Q3801171,0,8,,56.75194444,27.3975
LVA,Letônia,Q15219348,http://www.wikidata.org/entity/Q6469474,0,11,,57.20361111,22.31638889
LVA,Letônia,Q15219349,http://www.wikidata.org/entity/Q7622607,0,7,,57.14027778,22.70777778
LVA,Letônia,Q15219352,http://www.wikidata.org/entity/Q4111289,0,12,,56.44277778,23.58861111
LVA,Letônia,Q15219379,http://www.wikidata.org/entity/Q3801171,0,34,,56.74,27.41944444
LVA,Letônia,Q15219383,http://www.wikidata.org/entity/Q3800923,0,2,,56.51222222,28.08638889
LVA,Letônia,Q15219386,http://www.wikidata.org/entity/Q12302779,0,24,,56.68555556,24.27305556
LVA,Letônia,Q15219385,http://www.wikidata.org/entity/Q2615101,0,520,,55.8225,26.59583333
LVA,Letônia,Q15219388,http://www.wikidata.org/entity/Q4993630,0,797,,56.59027778,24.39916667
LVA,Letônia,Q15219395,http://www.wikidata.org/entity/Q6469474,0,16,,57.15111111,22.27722222
LVA,Letônia,Q15219392,http://www.wikidata.org/entity/Q8080016,0,6,,57.43388889,22.48
LVA,Letônia,Q15219398,http://www.wikidata.org/entity/Q110446086,0,907,,56.95833333,24.38138889
LVA,Letônia,Q15219402,http://www.wikidata.org/entity/Q110276346,0,260,,57.13305556,24.66416667
LVA,Letônia,Q15219401,http://www.wikidata.org/entity/Q6711684,0,468,,57.21611111,22.60138889
LVA,Letônia,Q15219405,http://www.wikidata.org/entity/Q6544206,0,96,,57.43444444,24.44194444
LVA,Letônia,Q15219410,http://www.wikidata.org/entity/Q4290789,0,383,,56.68416667,27.74888889
LVA,Letônia,Q15219441,http://www.wikidata.org/entity/Q4140206,0,960,,56.61944444,23.44222222
LVA,Letônia,Q15219447,http://www.wikidata.org/entity/Q7161831,0,30,,56.12472222,26.71333333
LVA,Letônia,Q15219450,http://www.wikidata.org/entity/Q4992782,0,30,,56.53527778,21.93916667
LVA,Letônia,Q15219451,http://www.wikidata.org/entity/Q3801209,0,30,,56.53527778,27.40083333
LVA,Letônia,Q15219449,http://www.wikidata.org/entity/Q4992777,0,539,,56.48527778,22.09027778
LVA,Letônia,Q15219453,http://www.wikidata.org/entity/Q8080295,0,1000,,56.82194444,24.25472222
LVA,Letônia,Q15219457,http://www.wikidata.org/entity/Q15710216,0,1528,,56.80611111,24.74361111
LVA,Letônia,Q15219462,http://www.wikidata.org/entity/Q2607105,0,10,,57.55027778,26.89916667
LVA,Letônia,Q15219460,http://www.wikidata.org/entity/Q3801476,0,42,,57.80305556,25.40194444
LVA,Letônia,Q15219464,http://www.wikidata.org/entity/Q4311585,0,2,,56.69916667,26.98972222
LVA,Letônia,Q15219470,http://www.wikidata.org/entity/Q6548977,0,711,,57.51916667,24.68638889
LVA,Letônia,Q15219468,http://www.wikidata.org/entity/Q4442884,0,7,,56.40333333,27.56138889
LVA,Letônia,Q15219474,http://www.wikidata.org/entity/Q8080016,0,4,,57.40138889,22.48583333
LVA,Letônia,Q15219472,http://www.wikidata.org/entity/Q2607079,0,29,,57.68583333,24.88166667
LVA,Letônia,Q15219473,http://www.wikidata.org/entity/Q4332229,0,317,,56.49222222,27.22277778
LVA,Letônia,Q15219486,http://www.wikidata.org/entity/Q3801526,0,14,,56.52472222,25.92833333
LVA,Letônia,Q15219485,http://www.wikidata.org/entity/Q4401268,0,50,,56.17555556,21.24305556
LVA,Letônia,Q15219491,http://www.wikidata.org/entity/Q14476263,0,21,,57.865,25.20694444
LVA,Letônia,Q15219488,http://www.wikidata.org/entity/Q1764500,0,727,,57.38944444,26.18138889
LVA,Letônia,Q15219489,http://www.wikidata.org/entity/Q4993631,0,534,,56.54083333,22.21416667
LVA,Letônia,Q15219493,http://www.wikidata.org/entity/Q4401268,0,34,,56.15638889,21.02972222
LVA,Letônia,Q15219503,http://www.wikidata.org/entity/Q3739156,0,32,,57.81583333,25.92472222
LVA,Letônia,Q15219505,http://www.wikidata.org/entity/Q2605096,0,39,,56.03166667,27.04833333
LVA,Letônia,Q15219510,http://www.wikidata.org/entity/Q7161831,0,240,,56.14944444,26.71861111
LVA,Letônia,Q15219511,http://www.wikidata.org/entity/Q2615101,0,80,,55.82777778,26.52527778
LVA,Letônia,Q15219509,http://www.wikidata.org/entity/Q12335255,0,1916,,57.14916667,24.89166667
LVA,Letônia,Q15219515,http://www.wikidata.org/entity/Q4242334,0,17,,56.59222222,25.76388889
LVA,Letônia,Q15219512,http://www.wikidata.org/entity/Q3801209,0,8,,56.58972222,27.395
LVA,Letônia,Q15219513,http://www.wikidata.org/entity/Q3800923,0,18,,56.59027778,28.01555556
LVA,Letônia,Q15219516,http://www.wikidata.org/entity/Q4401268,0,10,,56.21277778,21.13611111
LVA,Letônia,Q15219563,http://www.wikidata.org/entity/Q4242334,0,27,,56.57555556,25.77
LVA,Letônia,Q15219561,http://www.wikidata.org/entity/Q2605174,0,282,,56.15083333,27.2125
LVA,Letônia,Q15219595,http://www.wikidata.org/entity/Q4992774,0,74,,57.15666667,27.31694444
LVA,Letônia,Q15219597,http://www.wikidata.org/entity/Q4333407,0,260,,56.76222222,23.93444444
LVA,Letônia,Q15219602,http://www.wikidata.org/entity/Q4103436,0,40,,56.96194444,22.61722222
LVA,Letônia,Q15219606,http://www.wikidata.org/entity/Q7909413,0,545,,57.34388889,22.49361111
LVA,Letônia,Q15219610,http://www.wikidata.org/entity/Q4992622,0,19,,57.36611111,22.01888889
LVA,Letônia,Q15219609,http://www.wikidata.org/entity/Q8225934,0,724,,57.02416667,23.49166667
LVA,Letônia,Q15219687,http://www.wikidata.org/entity/Q4992801,0,412,,57.26194444,25.42694444
LVA,Letônia,Q15219716,http://www.wikidata.org/entity/Q12302779,0,22,,56.68611111,24.28888889
LVA,Letônia,Q15219722,http://www.wikidata.org/entity/Q2899814,0,800,,56.80722222,26.06916667
LVA,Letônia,Q15219723,http://www.wikidata.org/entity/Q12334371,0,1257,,56.84444444,24.4325
LVA,Letônia,Q15219720,http://www.wikidata.org/entity/Q7427254,0,168,,56.2775,25.81277778
LVA,Letônia,Q15219724,http://www.wikidata.org/entity/Q4213049,0,14,,55.87638889,27.12027778
LVA,Letônia,Q15219725,http://www.wikidata.org/entity/Q7622607,0,9,,57.13305556,22.75472222
LVA,Letônia,Q15219728,http://www.wikidata.org/entity/Q2605157,0,500,,56.55944444,25.39805556
LVA,Letônia,Q15219750,http://www.wikidata.org/entity/Q8080016,0,22,,57.40861111,22.51444444
LVA,Letônia,Q15219751,http://www.wikidata.org/entity/Q6498518,0,437,,57.40833333,25.93888889
LVA,Letônia,Q15219749,http://www.wikidata.org/entity/Q4419275,0,89,,56.39777778,27.09583333
LVA,Letônia,Q15219755,http://www.wikidata.org/entity/Q4421441,0,225,,55.965,27.37138889
LVA,Letônia,Q15219759,http://www.wikidata.org/entity/Q4149939,0,23,,56.5325,27.46361111
LVA,Letônia,Q15219763,http://www.wikidata.org/entity/Q14479217,0,3,,57.12194444,22.68027778
LVA,Letônia,Q15219760,http://www.wikidata.org/entity/Q4258011,0,30,,56.53583333,27.45833333
LVA,Letônia,Q15219766,http://www.wikidata.org/entity/Q6505943,0,138,,56.91583333,27.16555556
LVA,Letônia,Q15219764,http://www.wikidata.org/entity/Q3801209,0,19,,56.53861111,27.42111111
LVA,Letônia,Q15219770,http://www.wikidata.org/entity/Q12302779,0,15,,56.74333333,24.47555556
LVA,Letônia,Q15219771,http://www.wikidata.org/entity/Q110445984,0,248,,57.00583333,24.49138889
LVA,Letônia,Q15219768,http://www.wikidata.org/entity/Q110029686,0,1729,,56.91861111,23.94888889
LVA,Letônia,Q15219775,http://www.wikidata.org/entity/Q4210261,0,11,,55.84833333,27.32611111
LVA,Letônia,Q15219773,http://www.wikidata.org/entity/Q4170804,0,3,,56.32555556,21.20611111
LVA,Letônia,Q15219818,http://www.wikidata.org/entity/Q4442884,0,465,,56.43194444,27.55166667
LVA,Letônia,Q15219827,http://www.wikidata.org/entity/Q4444299,0,895,,56.69722222,27.23555556
LVA,Letônia,Q15219843,http://www.wikidata.org/entity/Q3801557,0,219,,56.31111111,26.53
LVA,Letônia,Q15219847,http://www.wikidata.org/entity/Q2361142,0,300,,56.12611111,27.75
LVA,Letônia,Q15219844,http://www.wikidata.org/entity/Q3800883,0,2,,56.77805556,27.58972222
LVA,Letônia,Q15219845,http://www.wikidata.org/entity/Q97232560,0,345,,57.01916667,24.215
LVA,Letônia,Q15219878,http://www.wikidata.org/entity/Q4332236,0,5,,56.5375,27.21722222
LVA,Letônia,Q15219877,http://www.wikidata.org/entity/Q4992627,0,580,,57.15944444,25.66472222
LVA,Letônia,Q15219883,http://www.wikidata.org/entity/Q7649870,0,64,,57.21805556,27.62666667
LVA,Letônia,Q15219880,http://www.wikidata.org/entity/Q7688911,0,300,,56.8825,25.33888889
LVA,Letônia,Q15219886,http://www.wikidata.org/entity/Q4213049,0,5,,55.84,27.17666667
LVA,Letônia,Q15219887,http://www.wikidata.org/entity/Q3801192,0,145,,57.57361111,24.76833333
LVA,Letônia,Q15219885,http://www.wikidata.org/entity/Q4185230,0,18,,56.35305556,28.185
LVA,Letônia,Q15219890,http://www.wikidata.org/entity/Q4242334,0,11,,56.5575,25.78861111
LVA,Letônia,Q15219889,http://www.wikidata.org/entity/Q4850775,0,35,,57.19916667,22.89027778
LVA,Letônia,Q15219895,http://www.wikidata.org/entity/Q4419275,0,244,,56.45055556,27.05138889
LVA,Letônia,Q15219898,http://www.wikidata.org/entity/Q8080016,0,269,,57.44888889,22.52722222
LVA,Letônia,Q15219899,http://www.wikidata.org/entity/Q3801470,0,155,,56.75361111,24.64166667
LVA,Letônia,Q15219902,http://www.wikidata.org/entity/Q4992622,0,35,,57.345,22.02111111
LVA,Letônia,Q15219901,http://www.wikidata.org/entity/Q4513320,0,45,,56.41222222,27.40333333
LVA,Letônia,Q15219906,http://www.wikidata.org/entity/Q110446086,0,462,,57.01888889,24.62305556
LVA,Letônia,Q15219904,http://www.wikidata.org/entity/Q4992782,0,20,,56.555,21.98833333
LVA,Letônia,Q15219905,http://www.wikidata.org/entity/Q7852609,0,744,,56.93694444,23.0875
LVA,Letônia,Q15219910,http://www.wikidata.org/entity/Q5121934,0,370,,56.53888889,27.6325
LVA,Letônia,Q15219908,http://www.wikidata.org/entity/Q11008651,0,184,,56.85611111,24.69722222
LVA,Letônia,Q20902224,http://www.wikidata.org/entity/Q8545069,0,40,,57.915,25.04138889
LVA,Letônia,Q20902225,http://www.wikidata.org/entity/Q7534242,0,28,,57.80583333,25.11805556
LVA,Letônia,Q20902230,http://www.wikidata.org/entity/Q3556376,0,27,,56.8726,25.8445
LVA,Letônia,Q20902232,http://www.wikidata.org/entity/Q8080298,0,10,,57.95416667,25.34083333
LVA,Letônia,Q20902238,http://www.wikidata.org/entity/Q110446067,0,93,,57.385277777778,23.015555555556
LVA,Letônia,Q20902239,http://www.wikidata.org/entity/Q2899814,0,30,,56.81833333,26.05166667
LVA,Letônia,Q20902237,http://www.wikidata.org/entity/Q7289105,0,87,,57.96555556,25.11611111
LVA,Letônia,Q15219909,http://www.wikidata.org/entity/Q6469474,0,52,,57.23611111,22.54888889
LVA,Letônia,Q15219912,http://www.wikidata.org/entity/Q7917869,0,19,,57.26805556,27.85416667
LVA,Letônia,Q15219942,http://www.wikidata.org/entity/Q4213049,0,9,,55.84888889,27.11472222
LVA,Letônia,Q15219943,http://www.wikidata.org/entity/Q4213049,0,30,,55.85361111,27.18083333
LVA,Letônia,Q15219940,http://www.wikidata.org/entity/Q110446036,0,167,,56.99472222,24.90888889
LVA,Letônia,Q15219947,http://www.wikidata.org/entity/Q3801119,0,83,,56.48388889,26.96944444
LVA,Letônia,Q15219944,http://www.wikidata.org/entity/Q2607032,0,101,,57.7325,24.96277778
LVA,Letônia,Q15219945,http://www.wikidata.org/entity/Q4992606,0,296,,57.21777778,22.15333333
LVA,Letônia,Q15219951,http://www.wikidata.org/entity/Q4992603,0,280,,57.23027778,21.4575
LVA,Letônia,Q15219948,http://www.wikidata.org/entity/Q4993633,0,1284,,56.31833333,24.25611111
LVA,Letônia,Q15219949,http://www.wikidata.org/entity/Q4405531,0,333,,56.54805556,27.06055556
LVA,Letônia,Q15219953,http://www.wikidata.org/entity/Q7908698,0,520,,57.42944444,25.28555556
LVA,Letônia,Q15219969,http://www.wikidata.org/entity/Q110897074,0,22,,56.62472222,24.14222222
LVA,Letônia,Q15219974,http://www.wikidata.org/entity/Q1708310,0,540,,57.32111111,26.17027778
LVA,Letônia,Q15219975,http://www.wikidata.org/entity/Q4213049,0,70,,55.83055556,27.29444444
LVA,Letônia,Q15219972,http://www.wikidata.org/entity/Q4103436,0,50,,56.86611111,22.58055556
LVA,Letônia,Q15219973,http://www.wikidata.org/entity/Q3801538,0,283,,56.56583333,25.97638889
LVA,Letônia,Q15219976,http://www.wikidata.org/entity/Q2340209,0,44,,56.01555556,26.69916667
LVA,Letônia,Q15219994,http://www.wikidata.org/entity/Q4419275,0,458,,56.44444444,27.08805556
LVA,Letônia,Q15219995,http://www.wikidata.org/entity/Q3401435,0,159,,56.76666667,26.42916667
LVA,Letônia,Q15219996,http://www.wikidata.org/entity/Q15709815,0,239,,57.75722222,24.41055556
LVA,Letônia,Q15219997,http://www.wikidata.org/entity/Q2615046,0,1751,,55.8995,26.6101
LVA,Letônia,Q15220008,http://www.wikidata.org/entity/Q3801181,0,70,,57.28944444,25.47805556
LVA,Letônia,Q15220012,http://www.wikidata.org/entity/Q3800923,0,0,,56.50444444,28.11361111
LVA,Letônia,Q15220013,http://www.wikidata.org/entity/Q3801293,0,313,,57.345,24.66222222
LVA,Letônia,Q15220025,http://www.wikidata.org/entity/Q3801287,0,253,,57.9625,25.23694444
LVA,Letônia,Q15220047,http://www.wikidata.org/entity/Q2340245,0,536,,56.06305556,26.76055556
LVA,Letônia,Q15220048,http://www.wikidata.org/entity/Q6344165,0,20,,57.00805556,22.48861111
LVA,Letônia,Q15220058,http://www.wikidata.org/entity/Q7944897,0,500,,56.87138889,22.23583333
LVA,Letônia,Q15220059,http://www.wikidata.org/entity/Q12302779,0,164,,56.70638889,24.35194444
LVA,Letônia,Q15220056,http://www.wikidata.org/entity/Q2584153,0,222,,56.24666667,26.56638889
LVA,Letônia,Q15220063,http://www.wikidata.org/entity/Q3801090,0,31,,56.33944444,25.20833333
LVA,Letônia,Q15220066,http://www.wikidata.org/entity/Q2340245,0,170,,56.10833333,26.83305556
LVA,Letônia,Q15220070,http://www.wikidata.org/entity/Q4102725,0,512,,56.69972222,23.70388889
LVA,Letônia,Q15220071,http://www.wikidata.org/entity/Q4419275,0,83,,56.43416667,27.01277778
LVA,Letônia,Q15220068,http://www.wikidata.org/entity/Q4993610,0,238,,57.21555556,27.325
LVA,Letônia,Q15220091,http://www.wikidata.org/entity/Q4111289,0,230,,56.43361111,23.47972222
LVA,Letônia,Q15220092,http://www.wikidata.org/entity/Q4400115,0,129,,56.41277778,24.10444444
LVA,Letônia,Q15220093,http://www.wikidata.org/entity/Q2606990,0,66,,57.53333333,27.06527778
LVA,Letônia,Q15220154,http://www.wikidata.org/entity/Q4992787,0,171,,56.31916667,24.06361111
LVA,Letônia,Q15220160,http://www.wikidata.org/entity/Q7161831,0,120,,56.14083333,26.82555556
LVA,Letônia,Q15220173,http://www.wikidata.org/entity/Q3800923,0,6,,56.54722222,28.01388889
LVA,Letônia,Q15220178,http://www.wikidata.org/entity/Q3800923,0,14,,56.56,27.99416667
LVA,Letônia,Q15220179,http://www.wikidata.org/entity/Q3800923,0,8,,56.53083333,27.96694444
LVA,Letônia,Q15220176,http://www.wikidata.org/entity/Q8225934,0,6,,57.00305556,23.41833333
LVA,Letônia,Q15220177,http://www.wikidata.org/entity/Q3800923,0,0,,56.565,28.01222222
LVA,Letônia,Q15220182,http://www.wikidata.org/entity/Q3801162,0,376,,56.37027778,25.01944444
LVA,Letônia,Q15220180,http://www.wikidata.org/entity/Q4513320,0,337,,56.38416667,27.415
LVA,Letônia,Q15220181,http://www.wikidata.org/entity/Q3801171,0,1,,56.78527778,27.25305556
LVA,Letônia,Q15220184,http://www.wikidata.org/entity/Q2615106,0,39,,55.74638889,26.31194444
LVA,Letônia,Q15220185,http://www.wikidata.org/entity/Q4401268,0,30,,56.09944444,21.15333333
LVA,Letônia,Q15220206,http://www.wikidata.org/entity/Q14481671,0,298,,57.27027778,23.03333333
LVA,Letônia,Q15229937,http://www.wikidata.org/entity/Q4992618,0,238,,57.0,21.38333333
LVA,Letônia,Q15279418,http://www.wikidata.org/entity/Q3556376,0,380,,56.86416667,25.8675
LVA,Letônia,Q16349001,http://www.wikidata.org/entity/Q4992263,0,84,,56.91472222,23.60833333
LVA,Letônia,Q16351990,http://www.wikidata.org/entity/Q4258011,0,36,,56.5636,27.5628
LVA,Letônia,Q16352813,http://www.wikidata.org/entity/Q3801470,0,50,,56.80333333,24.57694444
LVA,Letônia,Q16352949,http://www.wikidata.org/entity/Q3801552,0,650,,57.1186,26.7289
LVA,Letônia,Q16353768,http://www.wikidata.org/entity/Q180379,0,13452,,56.51385,27.335681
LVA,Letônia,Q16353781,http://www.wikidata.org/entity/Q4992275,0,115,,56.42138889,24.07777778
LVA,Letônia,Q16356542,http://www.wikidata.org/entity/Q3801580,0,201,,56.46611111,26.09055556
LVA,Letônia,Q16356888,http://www.wikidata.org/entity/Q180379,0,5803,,56.533051,27.344504
LVA,Letônia,Q16359852,http://www.wikidata.org/entity/Q2340245,0,18,,56.10611111,26.78138889
LVA,Letônia,Q16362661,http://www.wikidata.org/entity/Q6436136,0,70,,56.7425,25.17333333
LVA,Letônia,Q16362982,http://www.wikidata.org/entity/Q3401435,0,65,,56.84555556,26.37055556
LVA,Letônia,Q20573814,http://www.wikidata.org/entity/Q4993622,0,193,,57.1047,27.3494
LVA,Letônia,Q20573975,http://www.wikidata.org/entity/Q4967119,0,102,,56.9639,27.5925
LVA,Letônia,Q20574028,http://www.wikidata.org/entity/Q3042190,0,39,,57.00722222,26.40805556
LVA,Letônia,Q20579924,http://www.wikidata.org/entity/Q4993639,0,315,,56.4317,24.3333
LVA,Letônia,Q20754873,http://www.wikidata.org/entity/Q5764507,0,75,,56.47833252,21.41833305
LVA,Letônia,Q20754878,http://www.wikidata.org/entity/Q3801591,0,116,,57.28972244,26.7891674
LVA,Letônia,Q20754880,http://www.wikidata.org/entity/Q3801591,0,226,,57.19444444,26.69388889
LVA,Letônia,Q20754886,http://www.wikidata.org/entity/Q3801591,0,55,,57.185,26.73388889
LVA,Letônia,Q20754885,http://www.wikidata.org/entity/Q3801591,0,73,,57.30166667,26.84944444
LVA,Letônia,Q20754889,http://www.wikidata.org/entity/Q3801552,0,322,,57.07444382,26.7658329
LVA,Letônia,Q20754893,http://www.wikidata.org/entity/Q3801552,0,314,,57.12861111,26.65694444
LVA,Letônia,Q20754899,http://www.wikidata.org/entity/Q3801609,0,78,,57.144444444444,26.605805555556
LVA,Letônia,Q20754896,http://www.wikidata.org/entity/Q3801571,0,210,,57.11472222,26.29611111
LVA,Letônia,Q20754901,http://www.wikidata.org/entity/Q4992620,0,96,,57.49944444,21.84166667
LVA,Letônia,Q20754919,http://www.wikidata.org/entity/Q2605116,0,179,,56.45916667,25.48111111
LVA,Letônia,Q20754923,http://www.wikidata.org/entity/Q2605108,0,116,,56.57027778,25.4975
LVA,Letônia,Q20754927,http://www.wikidata.org/entity/Q4992595,0,176,,57.36027778,21.62444444
LVA,Letônia,Q20754929,http://www.wikidata.org/entity/Q4992594,0,350,,57.30611111,21.5575
LVA,Letônia,Q20754936,http://www.wikidata.org/entity/Q4110821,0,177,,56.79638889,22.84833333
LVA,Letônia,Q20754947,http://www.wikidata.org/entity/Q4539650,0,154,,56.79666667,23.00638889
LVA,Letônia,Q20754950,http://www.wikidata.org/entity/Q4539650,0,55,,56.74555556,23.065
LVA,Letônia,Q20754952,http://www.wikidata.org/entity/Q4539650,0,101,,56.7175,23.05527778
LVA,Letônia,Q20754953,http://www.wikidata.org/entity/Q4539650,0,366,,56.725,22.97833333
LVA,Letônia,Q20754959,http://www.wikidata.org/entity/Q4992594,0,441,,57.22888889,21.61222222
LVA,Letônia,Q20754956,http://www.wikidata.org/entity/Q4539650,0,145,,56.72833252,22.86972237
LVA,Letônia,Q20754963,http://www.wikidata.org/entity/Q3801072,0,66,,56.31138889,25.77055556
LVA,Letônia,Q20754961,http://www.wikidata.org/entity/Q3801072,0,109,,56.34305573,25.86055565
LVA,Letônia,Q20754967,http://www.wikidata.org/entity/Q3801061,0,83,,56.31083298,25.92527771
LVA,Letônia,Q20754964,http://www.wikidata.org/entity/Q3801061,0,61,,56.27888889,25.85805556
LVA,Letônia,Q20754965,http://www.wikidata.org/entity/Q3801061,0,24,,56.30833333,25.88055556
LVA,Letônia,Q20754975,http://www.wikidata.org/entity/Q4417925,0,311,,56.42583333,23.81861111
LVA,Letônia,Q20754980,http://www.wikidata.org/entity/Q4417925,0,25,,56.36027778,23.81361111
LVA,Letônia,Q20754981,http://www.wikidata.org/entity/Q4417925,0,30,,56.43555556,23.78361111
LVA,Letônia,Q20803845,http://www.wikidata.org/entity/Q5764529,0,107,,56.33166667,21.53472222
LVA,Letônia,Q20803851,http://www.wikidata.org/entity/Q4993637,0,343,,56.74111111,22.69166667
LVA,Letônia,Q20803855,http://www.wikidata.org/entity/Q4992815,0,298,,56.80611111,22.52722222
LVA,Letônia,Q20803859,http://www.wikidata.org/entity/Q4992967,0,61,,56.57361111,27.68222222
LVA,Letônia,Q20803856,http://www.wikidata.org/entity/Q4997737,0,129,,56.52916718,21.41777802
LVA,Letônia,Q20803857,http://www.wikidata.org/entity/Q4992815,0,43,,56.78416667,22.56611111
LVA,Letônia,Q20803998,http://www.wikidata.org/entity/Q14479458,0,130,,56.68305588,21.14805603
LVA,Letônia,Q20804006,http://www.wikidata.org/entity/Q4997737,0,202,,56.50027847,21.49861145
LVA,Letônia,Q20804024,http://www.wikidata.org/entity/Q4084862,0,189,,56.09722222,27.8775
LVA,Letônia,Q20804032,http://www.wikidata.org/entity/Q2361051,0,60,,56.7,24.84166667
LVA,Letônia,Q20902223,http://www.wikidata.org/entity/Q4505837,0,73,,56.75027847,21.44888878
LVA,Letônia,Q20902226,http://www.wikidata.org/entity/Q3359311,0,82,,56.85222222,26.73888889
LVA,Letônia,Q20902227,http://www.wikidata.org/entity/Q8545069,0,224,,57.87055588,25.05111122
LVA,Letônia,Q15218567,http://www.wikidata.org/entity/Q4419275,0,8,,56.36694444,27.14194444
LVA,Letônia,Q15218569,http://www.wikidata.org/entity/Q6695170,0,263,,57.42416667,22.60194444
LVA,Letônia,Q15218583,http://www.wikidata.org/entity/Q6469474,0,27,,57.25333333,22.52361111
LVA,Letônia,Q15218581,http://www.wikidata.org/entity/Q15710292,0,28,,56.15083333,26.61111111
LVA,Letônia,Q15218587,http://www.wikidata.org/entity/Q3800923,0,6,,56.50416667,28.09583333
LVA,Letônia,Q15218591,http://www.wikidata.org/entity/Q2361105,0,357,,56.02611111,27.62138889
LVA,Letônia,Q15218829,http://www.wikidata.org/entity/Q4850775,0,35,,57.21527778,22.85833333
LVA,Letônia,Q15218834,http://www.wikidata.org/entity/Q3800923,0,14,,56.57888889,27.99472222
LVA,Letônia,Q15218838,http://www.wikidata.org/entity/Q4242334,0,17,,56.55444444,25.79833333
LVA,Letônia,Q15218847,http://www.wikidata.org/entity/Q4992828,0,1225,,56.69527778,22.44888889
LVA,Letônia,Q15218844,http://www.wikidata.org/entity/Q4168940,0,274,,57.23111111,25.85611111
LVA,Letônia,Q15218850,http://www.wikidata.org/entity/Q2340085,0,458,,56.07722222,26.68111111
LVA,Letônia,Q15218849,http://www.wikidata.org/entity/Q609656,0,489,,56.47638889,21.2025
LVA,Letônia,Q15218854,http://www.wikidata.org/entity/Q4993618,0,253,,56.68333333,21.32944444
LVA,Letônia,Q15218855,http://www.wikidata.org/entity/Q3801462,0,144,,56.215,26.20333333
LVA,Letônia,Q15218948,http://www.wikidata.org/entity/Q7622607,0,12,,57.15083333,22.80416667
LVA,Letônia,Q15219106,http://www.wikidata.org/entity/Q2584153,0,282,,56.21166667,26.87111111
LVA,Letônia,Q15219108,http://www.wikidata.org/entity/Q8080295,0,2584,,56.87444444,24.18083333
LVA,Letônia,Q15219109,http://www.wikidata.org/entity/Q499965,0,128,,57.33611111,27.73277778
LVA,Letônia,Q15219113,http://www.wikidata.org/entity/Q3801100,0,86,,57.49305556,25.44833333
LVA,Letônia,Q15219118,http://www.wikidata.org/entity/Q3801575,0,45,,55.99611111,26.33527778
LVA,Letônia,Q15219122,http://www.wikidata.org/entity/Q4242334,0,14,,56.53361111,25.85083333
LVA,Letônia,Q15219120,http://www.wikidata.org/entity/Q3801599,0,10,,55.99944444,25.95333333
LVA,Letônia,Q15219158,http://www.wikidata.org/entity/Q3801162,0,41,,56.43888889,24.91666667
LVA,Letônia,Q15219159,http://www.wikidata.org/entity/Q2605129,0,475,,56.12611111,25.78888889
LVA,Letônia,Q15219414,http://www.wikidata.org/entity/Q4111289,0,225,,56.43444444,23.52527778
LVA,Letônia,Q15219415,http://www.wikidata.org/entity/Q4993613,0,519,,56.39611111,24.23361111
LVA,Letônia,Q15219412,http://www.wikidata.org/entity/Q3307424,0,450,,56.67666667,26.3225
LVA,Letônia,Q15219416,http://www.wikidata.org/entity/Q4311585,0,396,,56.66666667,26.93222222
LVA,Letônia,Q15219430,http://www.wikidata.org/entity/Q3801680,0,207,,56.40444444,27.93111111
LVA,Letônia,Q15219428,http://www.wikidata.org/entity/Q3801002,0,41,,57.75138889,24.88138889
LVA,Letônia,Q15219433,http://www.wikidata.org/entity/Q3800864,0,15,,56.61333333,27.15805556
LVA,Letônia,Q15219437,http://www.wikidata.org/entity/Q4529949,0,18,,56.1425,27.62611111
LVA,Letônia,Q15219494,http://www.wikidata.org/entity/Q4401268,0,12,,56.17416667,21.01944444
LVA,Letônia,Q15219497,http://www.wikidata.org/entity/Q4401268,0,8,,56.14277778,21.03833333
LVA,Letônia,Q15219501,http://www.wikidata.org/entity/Q2361027,0,20,,55.81666667,27.59027778
LVA,Letônia,Q15219518,http://www.wikidata.org/entity/Q4993630,0,167,,56.67555556,24.4125
LVA,Letônia,Q15219548,http://www.wikidata.org/entity/Q3401435,0,530,,56.82444444,26.305
LVA,Letônia,Q15219558,http://www.wikidata.org/entity/Q110445984,0,277,,57.01361111,24.27361111
LVA,Letônia,Q15219556,http://www.wikidata.org/entity/Q6446195,0,1100,,56.96527778,21.91944444
LVA,Letônia,Q15219560,http://www.wikidata.org/entity/Q110445984,0,46,,57.05805556,24.16583333
LVA,Letônia,Q15219568,http://www.wikidata.org/entity/Q4290789,0,105,,56.71138889,27.72666667
LVA,Letônia,Q15219633,http://www.wikidata.org/entity/Q3800923,0,0,,56.66777778,27.95027778
LVA,Letônia,Q15219643,http://www.wikidata.org/entity/Q2361064,0,367,,55.97388889,27.60277778
LVA,Letônia,Q15219644,http://www.wikidata.org/entity/Q4992782,0,16,,56.53083333,21.8775
LVA,Letônia,Q15219645,http://www.wikidata.org/entity/Q3801171,0,330,,56.70861111,27.41472222
LVA,Letônia,Q15219651,http://www.wikidata.org/entity/Q4442884,0,41,,56.44305556,27.49694444
LVA,Letônia,Q15219648,http://www.wikidata.org/entity/Q4058848,0,280,,56.71361111,21.56638889
LVA,Letônia,Q15219649,http://www.wikidata.org/entity/Q4278495,0,19,,56.34,27.18027778
LVA,Letônia,Q15219730,http://www.wikidata.org/entity/Q4170804,0,25,,56.28638889,21.46777778
LVA,Letônia,Q15219731,http://www.wikidata.org/entity/Q4444299,0,40,,56.70083333,27.25694444
LVA,Letônia,Q15219806,http://www.wikidata.org/entity/Q4539649,0,500,,56.57027778,23.96083333
LVA,Letônia,Q15219804,http://www.wikidata.org/entity/Q3800864,0,3,,56.58944444,27.1925
LVA,Letônia,Q15219805,http://www.wikidata.org/entity/Q4212657,0,5,,56.59222222,27.185
LVA,Letônia,Q15219808,http://www.wikidata.org/entity/Q1445317,0,181,,57.54722222,26.29472222
LVA,Letônia,Q15219809,http://www.wikidata.org/entity/Q4275966,0,6,,56.24666667,27.30388889
LVA,Letônia,Q15219814,http://www.wikidata.org/entity/Q4992273,0,12,,56.53444444,22.93055556
LVA,Letônia,Q15219815,http://www.wikidata.org/entity/Q7915421,0,53,,56.56611111,26.64166667
LVA,Letônia,Q15219812,http://www.wikidata.org/entity/Q4992622,0,120,,57.32666667,22.25833333
LVA,Letônia,Q15219813,http://www.wikidata.org/entity/Q4213049,0,14,,55.8725,27.13166667
LVA,Letônia,Q15219822,http://www.wikidata.org/entity/Q7622607,0,147,,57.13111111,22.7225
LVA,Letônia,Q15219823,http://www.wikidata.org/entity/Q4278495,0,20,,56.2775,27.15416667
LVA,Letônia,Q15219820,http://www.wikidata.org/entity/Q3801033,0,296,,57.14,26.79305556
LVA,Letônia,Q15219825,http://www.wikidata.org/entity/Q3801119,0,295,,56.51361111,26.98944444
LVA,Letônia,Q15219874,http://www.wikidata.org/entity/Q4258011,0,4,,56.53777778,27.44444444
LVA,Letônia,Q15219875,http://www.wikidata.org/entity/Q3801209,0,9,,56.53583333,27.4375
LVA,Letônia,Q15219873,http://www.wikidata.org/entity/Q4469557,0,112,,55.88416667,26.97916667
LVA,Letônia,Q15219891,http://www.wikidata.org/entity/Q3801051,0,662,,56.90416667,27.3675
LVA,Letônia,Q15219913,http://www.wikidata.org/entity/Q4992595,0,681,,57.332777777778,21.635
LVA,Letônia,Q15219955,http://www.wikidata.org/entity/Q2340111,0,117,,56.00527778,26.39444444
LVA,Letônia,Q15219957,http://www.wikidata.org/entity/Q4992801,0,31,,57.25777778,25.36888889
LVA,Letônia,Q15219963,http://www.wikidata.org/entity/Q3800966,0,2406,,57.55638889,25.43138889
LVA,Letônia,Q15219960,http://www.wikidata.org/entity/Q7909413,0,151,,57.28416667,22.56972222
LVA,Letônia,Q15219961,http://www.wikidata.org/entity/Q4102725,0,348,,56.74805556,23.68138889
LVA,Letônia,Q15219964,http://www.wikidata.org/entity/Q15710316,0,146,,56.28888889,26.37638889
LVA,Letônia,Q15219965,http://www.wikidata.org/entity/Q3800966,0,245,,57.56555556,25.43555556
LVA,Letônia,Q15219979,http://www.wikidata.org/entity/Q3801026,0,132,,57.08944444,26.40888889
LVA,Letônia,Q15219982,http://www.wikidata.org/entity/Q3801300,0,637,,56.72333333,25.48722222
LVA,Letônia,Q15219983,http://www.wikidata.org/entity/Q3801209,0,64,,56.55305556,27.38222222
LVA,Letônia,Q15219981,http://www.wikidata.org/entity/Q3800949,0,298,,57.79361111,25.13305556
LVA,Letônia,Q15219986,http://www.wikidata.org/entity/Q3192261,0,21,,56.75138889,26.02166667
LVA,Letônia,Q15219987,http://www.wikidata.org/entity/Q4213049,0,10,,55.86611111,27.00166667
LVA,Letônia,Q15219984,http://www.wikidata.org/entity/Q4213049,0,15,,55.86138889,27.00916667
LVA,Letônia,Q15219990,http://www.wikidata.org/entity/Q7852609,0,41,,56.99861111,23.08083333
LVA,Letônia,Q15219989,http://www.wikidata.org/entity/Q11122143,0,30,,57.80916667,25.635
LVA,Letônia,Q15219992,http://www.wikidata.org/entity/Q4066096,0,74,,56.12388889,27.285
LVA,Letônia,Q15220003,http://www.wikidata.org/entity/Q3801209,0,18,,56.58666667,27.40166667
LVA,Letônia,Q15220000,http://www.wikidata.org/entity/Q6344165,0,36,,56.96194444,22.42222222
LVA,Letônia,Q15220006,http://www.wikidata.org/entity/Q2000529,0,9,,56.21888889,27.73111111
LVA,Letônia,Q15220019,http://www.wikidata.org/entity/Q3800966,0,930,,57.55027778,25.43583333
LVA,Letônia,Q15220017,http://www.wikidata.org/entity/Q4992622,0,15,,57.38583333,22.03666667
LVA,Letônia,Q15220022,http://www.wikidata.org/entity/Q7929329,0,326,,57.585,25.95527778
LVA,Letônia,Q15220023,http://www.wikidata.org/entity/Q6446195,0,300,,56.88222222,21.82138889
LVA,Letônia,Q15220026,http://www.wikidata.org/entity/Q2607032,0,149,,57.72055556,25.01833333
LVA,Letônia,Q15220028,http://www.wikidata.org/entity/Q8080295,0,741,,56.84166667,24.2175
LVA,Letônia,Q15220029,http://www.wikidata.org/entity/Q3800923,0,0,,56.55722222,28.10888889
LVA,Letônia,Q15220034,http://www.wikidata.org/entity/Q3801026,0,40,,57.0475,26.37944444
LVA,Letônia,Q15220035,http://www.wikidata.org/entity/Q3801287,0,174,,57.92027778,25.25277778
LVA,Letônia,Q15220076,http://www.wikidata.org/entity/Q3801171,0,69,,56.73444444,27.38611111
LVA,Letônia,Q15220082,http://www.wikidata.org/entity/Q3800864,0,20,,56.55472222,27.28333333
LVA,Letônia,Q15220083,http://www.wikidata.org/entity/Q3801209,0,35,,56.55472222,27.29138889
LVA,Letônia,Q15220081,http://www.wikidata.org/entity/Q374345,0,154,,57.35888889,26.78166667
LVA,Letônia,Q15220084,http://www.wikidata.org/entity/Q2986692,0,52,,55.71638889,26.47138889
LVA,Letônia,Q15220090,http://www.wikidata.org/entity/Q3801311,0,29,,56.26694444,26.6
LVA,Letônia,Q15220089,http://www.wikidata.org/entity/Q4242334,0,33,,56.53222222,25.7675
LVA,Letônia,Q15220094,http://www.wikidata.org/entity/Q110897074,0,66,,56.68222222,24.21638889
LVA,Letônia,Q15220106,http://www.wikidata.org/entity/Q2000529,0,9,,56.2575,27.79166667
LVA,Letônia,Q15220105,http://www.wikidata.org/entity/Q4213049,0,8,,55.85055556,27.25305556
LVA,Letônia,Q15220111,http://www.wikidata.org/entity/Q3801171,0,22,,56.72,27.45305556
LVA,Letônia,Q15220108,http://www.wikidata.org/entity/Q4993626,0,330,,56.67611111,22.22
LVA,Letônia,Q15220109,http://www.wikidata.org/entity/Q3801557,0,37,,56.28472222,26.57027778
LVA,Letônia,Q15220115,http://www.wikidata.org/entity/Q4268331,0,83,,56.36027778,27.26111111
LVA,Letônia,Q15220112,http://www.wikidata.org/entity/Q4401369,0,7,,56.21916667,26.99027778
LVA,Letônia,Q15220122,http://www.wikidata.org/entity/Q4194083,0,34,,57.13527778,25.905
LVA,Letônia,Q15220120,http://www.wikidata.org/entity/Q3801245,0,25,,56.82527778,27.19555556
LVA,Letônia,Q15220126,http://www.wikidata.org/entity/Q12334694,0,2101,,57.31694444,24.41555556
LVA,Letônia,Q15220208,http://www.wikidata.org/entity/Q3801209,0,144,,56.575,27.36305556
LVA,Letônia,Q15220209,http://www.wikidata.org/entity/Q3800923,0,3,,56.55805556,28.02
LVA,Letônia,Q16356061,http://www.wikidata.org/entity/Q180379,0,3270,,56.5016,27.3639
LVA,Letônia,Q16358383,http://www.wikidata.org/entity/Q3042190,0,33,,57.0375,26.4725
LVA,Letônia,Q16358412,http://www.wikidata.org/entity/Q3801254,0,32,,57.32888889,25.47027778
LVA,Letônia,Q16363613,http://www.wikidata.org/entity/Q6826756,0,264,,56.80666733,25.41222191
LVA,Letônia,Q16444478,http://www.wikidata.org/entity/Q2615041,0,16,,55.9375,26.41555556
LVA,Letônia,Q16458603,http://www.wikidata.org/entity/Q4210261,0,9,,55.85861111,27.31666667
LVA,Letônia,Q16458601,http://www.wikidata.org/entity/Q4992271,0,287,,56.521944444444,22.895
LVA,Letônia,Q16469223,http://www.wikidata.org/entity/Q10950816,0,193,,55.94277778,26.24361111
LVA,Letônia,Q19252430,http://www.wikidata.org/entity/Q6344165,0,400,,56.95,22.4
LVA,Letônia,Q20400030,http://www.wikidata.org/entity/Q2607056,0,165,,57.3619,27.1622
LVA,Letônia,Q20401285,http://www.wikidata.org/entity/Q2359747,0,280,,56.5036,21.2836
LVA,Letônia,Q20401528,http://www.wikidata.org/entity/Q455528,0,305,,57.1717,25.3253
LVA,Letônia,Q20401651,http://www.wikidata.org/entity/Q609656,0,421,,56.5339,21.2206
LVA,Letônia,Q23009131,http://www.wikidata.org/entity/Q3801119,0,54,,56.53694444,26.99416667
LVA,Letônia,Q23009128,http://www.wikidata.org/entity/Q3801119,0,1,,56.52083333,27.01638889
LVA,Letônia,Q23009129,http://www.wikidata.org/entity/Q3801119,0,89,,56.47416667,26.99055556
LVA,Letônia,Q23009134,http://www.wikidata.org/entity/Q3801119,0,46,,56.52027778,26.97138889
LVA,Letônia,Q23009135,http://www.wikidata.org/entity/Q3801119,0,1,,56.45888889,26.95583333
LVA,Letônia,Q23009132,http://www.wikidata.org/entity/Q3801119,0,1,,56.47333333,27.01972222
LVA,Letônia,Q23009133,http://www.wikidata.org/entity/Q7914568,0,150,,57.32583333,22.80027778
LVA,Letônia,Q23009136,http://www.wikidata.org/entity/Q3801119,0,37,,56.485,27.0225
LVA,Letônia,Q23009755,http://www.wikidata.org/entity/Q7914568,0,39,,57.34861111,22.79194444
LVA,Letônia,Q23009760,http://www.wikidata.org/entity/Q7914568,0,53,,57.29916667,22.82666667
LVA,Letônia,Q23011445,http://www.wikidata.org/entity/Q2605174,0,2,,56.14888889,27.31527778
LVA,Letônia,Q20401819,http://www.wikidata.org/entity/Q2606968,0,380,,57.2839,27.0686
LVA,Letônia,Q20401848,http://www.wikidata.org/entity/Q2606946,0,144,,57.3711,26.6747
LVA,Letônia,Q20401938,http://www.wikidata.org/entity/Q3801209,0,26,,56.5678,27.3178
LVA,Letônia,Q20401967,http://www.wikidata.org/entity/Q2606998,0,71,,57.3222,26.885
LVA,Letônia,Q20402299,http://www.wikidata.org/entity/Q2606984,0,286,,57.4383,27.1167
LVA,Letônia,Q20402363,http://www.wikidata.org/entity/Q2607074,0,117,,57.5919,26.9489
LVA,Letônia,Q20403102,http://www.wikidata.org/entity/Q2607113,0,234,,57.3383,27.2347
LVA,Letônia,Q20405464,http://www.wikidata.org/entity/Q3801462,0,18,,56.275,26.125
LVA,Letônia,Q20575912,http://www.wikidata.org/entity/Q4993639,0,82,,56.3464,24.4536
LVA,Letônia,Q20577167,http://www.wikidata.org/entity/Q6544206,0,367,,57.46333313,24.4711113
LVA,Letônia,Q20577353,http://www.wikidata.org/entity/Q3150551,0,103,,56.82888889,26.61583333
LVA,Letônia,Q20577791,http://www.wikidata.org/entity/Q4993639,0,186,,56.4317,24.4703
LVA,Letônia,Q20644746,http://www.wikidata.org/entity/Q2606952,0,72,,57.220555555556,25.301388888889
LVA,Letônia,Q20652577,http://www.wikidata.org/entity/Q5364443,0,199,,56.2153,25.5794
LVA,Letônia,Q20671935,http://www.wikidata.org/entity/Q10950816,0,181,,55.9308,26.1722
LVA,Letônia,Q20672048,http://www.wikidata.org/entity/Q2605144,0,251,,56.5797,25.2019
LVA,Letônia,Q20726391,http://www.wikidata.org/entity/Q4539650,0,27,,56.7911,22.92
LVA,Letônia,Q20754938,http://www.wikidata.org/entity/Q4110821,0,44,,56.84583282,22.86111069
LVA,Letônia,Q20755727,http://www.wikidata.org/entity/Q4992612,0,260,,57.17305556,21.57638889
LVA,Letônia,Q20755728,http://www.wikidata.org/entity/Q4212267,0,48,,57.005,22.74916667
LVA,Letônia,Q20755729,http://www.wikidata.org/entity/Q4212267,0,19,,57.01166667,22.65972222
LVA,Letônia,Q20755735,http://www.wikidata.org/entity/Q4992597,0,284,,57.12333298,21.82222176
LVA,Letônia,Q20755732,http://www.wikidata.org/entity/Q4212267,0,75,,57.05944444,22.72555556
LVA,Letônia,Q20755755,http://www.wikidata.org/entity/Q3800889,0,136,,56.81361111,27.69527778
LVA,Letônia,Q20755756,http://www.wikidata.org/entity/Q5005517,0,267,,57.596388888889,25.215278055556
LVA,Letônia,Q20755763,http://www.wikidata.org/entity/Q5005517,0,35,,57.62694444,25.20527778
LVA,Letônia,Q20755761,http://www.wikidata.org/entity/Q5005517,0,30,,57.62138889,25.19222222
LVA,Letônia,Q20755770,http://www.wikidata.org/entity/Q3801042,0,294,,56.79111099,25.59166718
LVA,Letônia,Q20755768,http://www.wikidata.org/entity/Q3801300,0,56,,56.74027778,25.58694444
LVA,Letônia,Q20803834,http://www.wikidata.org/entity/Q4992967,0,49,,56.56666667,27.79305556
LVA,Letônia,Q20803835,http://www.wikidata.org/entity/Q4992815,0,53,,56.77277778,22.53611111
LVA,Letônia,Q20803838,http://www.wikidata.org/entity/Q4997737,0,191,,56.54194444,21.545
LVA,Letônia,Q20803836,http://www.wikidata.org/entity/Q5593965,0,276,,56.36666667,21.60277778
LVA,Letônia,Q20803837,http://www.wikidata.org/entity/Q4212267,0,181,,57.08388889,22.82138889
LVA,Letônia,Q20803840,http://www.wikidata.org/entity/Q4992967,0,196,,56.56694412,27.75555611
LVA,Letônia,Q20804091,http://www.wikidata.org/entity/Q4992774,0,180,,57.14833333,27.205
LVA,Letônia,Q20819145,http://www.wikidata.org/entity/Q13635538,0,50,,56.90361111,21.69861111
LVA,Letônia,Q20828819,http://www.wikidata.org/entity/Q4992601,0,55,,57.22388889,24.96111111
LVA,Letônia,Q20830902,http://www.wikidata.org/entity/Q7379156,0,396,,56.98583333,22.01888889
LVA,Letônia,Q20830900,http://www.wikidata.org/entity/Q7379156,0,22,,56.93416667,22.15611111
LVA,Letônia,Q20830901,http://www.wikidata.org/entity/Q7379156,0,52,,56.97194444,22.05944444
LVA,Letônia,Q20830907,http://www.wikidata.org/entity/Q3801306,0,160,,56.7375,25.76805556
LVA,Letônia,Q20830904,http://www.wikidata.org/entity/Q7379156,0,361,,56.9663887,22.00305557
LVA,Letônia,Q20855898,http://www.wikidata.org/entity/Q7379156,0,53,,56.88166667,22.11388889
LVA,Letônia,Q20855899,http://www.wikidata.org/entity/Q7548952,0,17,,56.865,22.02277778
LVA,Letônia,Q20855897,http://www.wikidata.org/entity/Q7548952,0,46,,56.80638889,21.90666667
LVA,Letônia,Q20855900,http://www.wikidata.org/entity/Q7548952,0,42,,56.87972222,21.92277778
LVA,Letônia,Q20855901,http://www.wikidata.org/entity/Q7548952,0,330,,56.84027778,21.94333333
LVA,Letônia,Q20870047,http://www.wikidata.org/entity/Q3801562,0,339,,57.38527778,24.40388889
LVA,Letônia,Q20876364,http://www.wikidata.org/entity/Q3801701,0,49,,56.47,27.60055556
LVA,Letônia,Q20876373,http://www.wikidata.org/entity/Q7379156,0,10,,56.88305556,22.0775
LVA,Letônia,Q20876388,http://www.wikidata.org/entity/Q7855569,0,15,,56.79833333,21.78972222
LVA,Letônia,Q20876394,http://www.wikidata.org/entity/Q10970334,0,123,,56.39333344,26.16027832
LVA,Letônia,Q20876397,http://www.wikidata.org/entity/Q7855569,0,14,,56.83555603,21.67555618
LVA,Letônia,Q20876403,http://www.wikidata.org/entity/Q3801701,0,73,,56.45527778,27.66055556
LVA,Letônia,Q20876400,http://www.wikidata.org/entity/Q7855569,0,29,,56.82083333,21.77388889
LVA,Letônia,Q20876406,http://www.wikidata.org/entity/Q7855569,0,11,,56.82472222,21.64194444
LVA,Letônia,Q20876409,http://www.wikidata.org/entity/Q7855569,0,0,,56.8775,21.76722222
LVA,Letônia,Q20876412,http://www.wikidata.org/entity/Q10951083,0,271,,56.33361111,26.35694444
LVA,Letônia,Q20876418,http://www.wikidata.org/entity/Q10970334,0,65,,56.45333333,26.27111111
LVA,Letônia,Q20876421,http://www.wikidata.org/entity/Q7855569,0,288,,56.83611111,21.77
LVA,Letônia,Q20902251,http://www.wikidata.org/entity/Q3220048,0,60,,56.84555556,26.18611111
LVA,Letônia,Q20902252,http://www.wikidata.org/entity/Q3238352,0,294,,56.98333333,26.05416667
LVA,Letônia,Q20902253,http://www.wikidata.org/entity/Q3359311,0,260,,56.79944444,26.74777778
LVA,Letônia,Q20902258,http://www.wikidata.org/entity/Q2362741,0,102,,56.91944444,26.06416667
LVA,Letônia,Q20902259,http://www.wikidata.org/entity/Q3218596,0,50,,56.66916656,26.10333252
LVA,Letônia,Q20902256,http://www.wikidata.org/entity/Q3238352,0,239,,57.01527786,26.06555557
LVA,Letônia,Q20902257,http://www.wikidata.org/entity/Q3192261,0,54,,56.74777778,25.89638889
LVA,Letônia,Q20902262,http://www.wikidata.org/entity/Q2899814,0,380,,56.80833333,26.0325
LVA,Letônia,Q20902261,http://www.wikidata.org/entity/Q7534242,0,364,,57.85166667,25.0325
LVA,Letônia,Q20968452,http://www.wikidata.org/entity/Q11113226,0,141,,56.83388901,25.21694374
LVA,Letônia,Q20972023,http://www.wikidata.org/entity/Q7641679,0,63,,56.92083333,24.98916667
LVA,Letônia,Q21002142,http://www.wikidata.org/entity/Q6473796,0,249,,57.25277778,22.6025
LVA,Letônia,Q21002146,http://www.wikidata.org/entity/Q4993645,0,103,,57.49527778,22.36138889
LVA,Letônia,Q21002144,http://www.wikidata.org/entity/Q6473796,0,181,,57.24972222,22.61083333
LVA,Letônia,Q21002151,http://www.wikidata.org/entity/Q4993645,0,121,,57.47,22.32194444
LVA,Letônia,Q21002148,http://www.wikidata.org/entity/Q4993645,0,233,,57.52722222,22.33861111
LVA,Letônia,Q21002154,http://www.wikidata.org/entity/Q5370283,0,264,,56.4875,21.8925
LVA,Letônia,Q21002155,http://www.wikidata.org/entity/Q4993645,0,111,,57.60722222,22.44833333
LVA,Letônia,Q21002157,http://www.wikidata.org/entity/Q4993645,0,162,,57.54805556,22.4625
LVA,Letônia,Q21002164,http://www.wikidata.org/entity/Q6497701,0,10,,56.81194444,25.01777778
LVA,Letônia,Q21002174,http://www.wikidata.org/entity/Q7641679,0,26,,56.88277817,24.9841671
LVA,Letônia,Q21002175,http://www.wikidata.org/entity/Q6497701,0,50,,56.79888889,25.04833333
LVA,Letônia,Q21002183,http://www.wikidata.org/entity/Q6981217,0,43,,57.89027778,25.58694444
LVA,Letônia,Q21002180,http://www.wikidata.org/entity/Q8080293,0,50,,56.92166667,25.05694444
LVA,Letônia,Q21002186,http://www.wikidata.org/entity/Q3800930,0,15,,56.23666667,25.23694444
LVA,Letônia,Q21002184,http://www.wikidata.org/entity/Q6436136,0,20,,56.74527778,25.10527778
LVA,Letônia,Q21002185,http://www.wikidata.org/entity/Q6798669,0,14,,56.92527771,25.47027779
LVA,Letônia,Q21002188,http://www.wikidata.org/entity/Q7641679,0,69,,56.92944444,25.01166667
LVA,Letônia,Q21002228,http://www.wikidata.org/entity/Q3800930,0,10,,56.22222222,25.10944444
LVA,Letônia,Q21002229,http://www.wikidata.org/entity/Q3801162,0,40,,56.27722168,25.03111076
LVA,Letônia,Q21002237,http://www.wikidata.org/entity/Q3800930,0,193,,56.1925,25.17111111
LVA,Letônia,Q21002240,http://www.wikidata.org/entity/Q11113226,0,37,,56.79055556,25.26888889
LVA,Letônia,Q21011139,http://www.wikidata.org/entity/Q6711684,0,73,,57.17194444,22.59805556
LVA,Letônia,Q21086544,http://www.wikidata.org/entity/Q4993606,0,124,,56.46666667,22.20472222
LVA,Letônia,Q21086550,http://www.wikidata.org/entity/Q4992763,0,441,,56.63888931,22.47249985
LVA,Letônia,Q21086551,http://www.wikidata.org/entity/Q110082781,0,24,,57.07583333,24.23111111
LVA,Letônia,Q21086549,http://www.wikidata.org/entity/Q4424216,0,116,,57.02861111,23.2525
LVA,Letônia,Q21086554,http://www.wikidata.org/entity/Q12319137,0,434,,56.82916667,22.40722222
LVA,Letônia,Q21086553,http://www.wikidata.org/entity/Q4992759,0,209,,56.44472222,22.69333333
LVA,Letônia,Q21086560,http://www.wikidata.org/entity/Q4993640,0,184,,56.68305556,22.05305556
LVA,Letônia,Q21086561,http://www.wikidata.org/entity/Q5321298,0,262,,56.8125,23.34944444
LVA,Letônia,Q21086566,http://www.wikidata.org/entity/Q4992763,0,344,,56.65055556,22.46527778
LVA,Letônia,Q21086564,http://www.wikidata.org/entity/Q4992766,0,119,,56.42305556,22.53027778
LVA,Letônia,Q21086570,http://www.wikidata.org/entity/Q4424216,0,273,,57.008888888889,23.181944444444
LVA,Letônia,Q21086571,http://www.wikidata.org/entity/Q4992805,0,160,,56.78111111,21.99611111
LVA,Letônia,Q21086568,http://www.wikidata.org/entity/Q7312781,0,46,,57.04249954,22.13083267
LVA,Letônia,Q21086574,http://www.wikidata.org/entity/Q4992763,0,174,,56.64305556,22.38583333
LVA,Letônia,Q21086575,http://www.wikidata.org/entity/Q4993615,0,85,,56.59805556,22.5125
LVA,Letônia,Q21086577,http://www.wikidata.org/entity/Q6071987,0,306,,56.90916667,22.97611111
LVA,Letônia,Q21086587,http://www.wikidata.org/entity/Q4992763,0,162,,56.59222222,22.42111111
LVA,Letônia,Q21086588,http://www.wikidata.org/entity/Q7359909,0,100,,57.57,22.65277778
LVA,Letônia,Q21091407,http://www.wikidata.org/entity/Q7265234,0,173,,57.06361111,22.90666667
LVA,Letônia,Q21091411,http://www.wikidata.org/entity/Q6071987,0,180,,56.83944444,23.03861111
LVA,Letônia,Q21130291,http://www.wikidata.org/entity/Q6164866,0,200,,56.93555556,22.97138889
LVA,Letônia,Q21130320,http://www.wikidata.org/entity/Q7265234,0,104,,57.09833333,22.96138889
LVA,Letônia,Q21130337,http://www.wikidata.org/entity/Q11002708,0,267,,57.13444444,22.9775
LVA,Letônia,Q21150295,http://www.wikidata.org/entity/Q4993835,0,113,,56.41305556,23.41055556
LVA,Letônia,Q21150292,http://www.wikidata.org/entity/Q12304622,0,283,,56.40027778,23.25222222
LVA,Letônia,Q21481080,http://www.wikidata.org/entity/Q12334371,0,202,,56.87805556,24.50166667
LVA,Letônia,Q21481087,http://www.wikidata.org/entity/Q4210270,0,119,,56.77111111,23.63805556
LVA,Letônia,Q21481084,http://www.wikidata.org/entity/Q4364707,0,163,,56.50555556,23.68694444
LVA,Letônia,Q21481085,http://www.wikidata.org/entity/Q3801562,0,316,,57.38527778,24.40388889
LVA,Letônia,Q21481088,http://www.wikidata.org/entity/Q4992275,0,213,,56.41305556,24.11472222
LVA,Letônia,Q21481202,http://www.wikidata.org/entity/Q4333407,0,374,,56.80333333,23.96638889
LVA,Letônia,Q21481203,http://www.wikidata.org/entity/Q4993633,0,119,,56.35361111,24.23222222
LVA,Letônia,Q21481210,http://www.wikidata.org/entity/Q4364707,0,301,,56.51638889,23.75138889
LVA,Letônia,Q21481214,http://www.wikidata.org/entity/Q8080295,0,850,,56.89111111,24.1325
LVA,Letônia,Q21481219,http://www.wikidata.org/entity/Q4333407,0,254,,56.71055556,24.13277778
LVA,Letônia,Q21481224,http://www.wikidata.org/entity/Q8080295,0,635,,56.85277778,24.18805556
LVA,Letônia,Q21481237,http://www.wikidata.org/entity/Q6112294,0,465,,56.65361111,23.63027778
LVA,Letônia,Q21481242,http://www.wikidata.org/entity/Q4112128,0,221,,56.51972222,23.85027778
LVA,Letônia,Q21532263,http://www.wikidata.org/entity/Q7379156,0,71,,56.99111111,22.04583333
LVA,Letônia,Q21532966,http://www.wikidata.org/entity/Q3801562,0,74,,57.37138889,24.49277778
LVA,Letônia,Q21663701,http://www.wikidata.org/entity/Q110446086,0,135,,56.9275,24.645
LVA,Letônia,Q21663710,http://www.wikidata.org/entity/Q6711660,0,147,,57.27166667,24.76388889
LVA,Letônia,Q21663712,http://www.wikidata.org/entity/Q15219457,0,170,,56.82305556,24.6625
LVA,Letônia,Q21663719,http://www.wikidata.org/entity/Q4992807,0,91,,56.32611111,24.55861111
LVA,Letônia,Q21663870,http://www.wikidata.org/entity/Q3801637,0,112,,56.65777778,25.40388889
LVA,Letônia,Q21663868,http://www.wikidata.org/entity/Q3801192,0,69,,57.5575,24.74194444
LVA,Letônia,Q21663879,http://www.wikidata.org/entity/Q4992812,0,294,,56.53666667,24.52472222
LVA,Letônia,Q21663880,http://www.wikidata.org/entity/Q4731193,0,187,,57.10277778,24.82472222
LVA,Letônia,Q21772592,http://www.wikidata.org/entity/Q4992283,0,297,,56.41944444,24.82722222
LVA,Letônia,Q21772596,http://www.wikidata.org/entity/Q12342598,0,187,,57.08222222,25.08861111
LVA,Letônia,Q21772618,http://www.wikidata.org/entity/Q5364443,0,107,,56.28805556,25.58305556
LVA,Letônia,Q21772620,http://www.wikidata.org/entity/Q2607079,0,206,,57.63638889,25.0475
LVA,Letônia,Q21772627,http://www.wikidata.org/entity/Q3743286,0,94,,58.01138889,25.17888889
LVA,Letônia,Q21772634,http://www.wikidata.org/entity/Q3801585,0,150,,58.00833333,25.38083333
LVA,Letônia,Q21772651,http://www.wikidata.org/entity/Q3800986,0,206,,57.69166667,25.41916667
LVA,Letônia,Q21772652,http://www.wikidata.org/entity/Q3800966,0,154,,57.57638889,25.48416667
LVA,Letônia,Q21773163,http://www.wikidata.org/entity/Q11113584,0,208,,57.51777778,25.36222222
LVA,Letônia,Q21774008,http://www.wikidata.org/entity/Q4913600,0,112,,57.53138889,26.08638889
LVA,Letônia,Q21774018,http://www.wikidata.org/entity/Q3800919,0,212,,57.42416667,26.35277778
LVA,Letônia,Q21774027,http://www.wikidata.org/entity/Q7285180,0,79,,57.37888889,25.11666667
LVA,Letônia,Q21794385,http://www.wikidata.org/entity/Q4913600,0,221,,57.44416667,26.09138889
LVA,Letônia,Q21794473,http://www.wikidata.org/entity/Q11122280,0,189,,57.40888889,25.87694444
LVA,Letônia,Q22284898,http://www.wikidata.org/entity/Q3800981,0,322,,56.53638889,27.8675
LVA,Letônia,Q22284902,http://www.wikidata.org/entity/Q2605088,0,1,,56.15055556,27.05388889
LVA,Letônia,Q22284906,http://www.wikidata.org/entity/Q3801470,0,26,,56.7525,24.62611111
LVA,Letônia,Q22284913,http://www.wikidata.org/entity/Q2361051,0,43,,56.57694444,24.79388889
LVA,Letônia,Q22305100,http://www.wikidata.org/entity/Q2361051,0,35,,56.64527778,24.88194444
LVA,Letônia,Q22305107,http://www.wikidata.org/entity/Q3801447,0,80,,56.72444444,24.77166667
LVA,Letônia,Q22305104,http://www.wikidata.org/entity/Q2361051,0,50,,56.68194444,24.79111111
LVA,Letônia,Q22305117,http://www.wikidata.org/entity/Q4149939,0,159,,56.48861111,27.35527778
LVA,Letônia,Q22912246,http://www.wikidata.org/entity/Q4993645,0,5,,57.44055556,22.19694444
LVA,Letônia,Q22912247,http://www.wikidata.org/entity/Q4992791,0,20,,57.70138889,22.56861111
LVA,Letônia,Q22912245,http://www.wikidata.org/entity/Q4993645,0,12,,57.62444444,22.29472222
LVA,Letônia,Q22915566,http://www.wikidata.org/entity/Q2605174,0,13,,56.17722222,27.10944444
LVA,Letônia,Q22916117,http://www.wikidata.org/entity/Q2605174,0,10,,56.17888889,27.15416667
LVA,Letônia,Q22917654,http://www.wikidata.org/entity/Q4993645,0,83,,57.42722222,22.38833333
LVA,Letônia,Q22918070,http://www.wikidata.org/entity/Q2605174,0,21,,56.18611111,27.13638889
LVA,Letônia,Q22919752,http://www.wikidata.org/entity/Q2605174,0,10,,56.12888889,27.15388889
LVA,Letônia,Q22920233,http://www.wikidata.org/entity/Q2605174,0,165,,56.15916667,27.13222222
LVA,Letônia,Q22920324,http://www.wikidata.org/entity/Q2340195,0,1,,56.33416667,27.96833333
LVA,Letônia,Q22927246,http://www.wikidata.org/entity/Q7359909,0,31,,57.66583333,22.57138889
LVA,Letônia,Q22927247,http://www.wikidata.org/entity/Q2340195,0,3,,56.35194444,28.02222222
LVA,Letônia,Q23009130,http://www.wikidata.org/entity/Q3801119,0,10,,56.50055556,27.01638889
LVA,Letônia,Q15219520,http://www.wikidata.org/entity/Q4394501,0,101,,56.36305556,26.72222222
LVA,Letônia,Q15219652,http://www.wikidata.org/entity/Q7597219,0,137,,57.40694444,24.97666667
LVA,Letônia,Q15219653,http://www.wikidata.org/entity/Q3800999,0,120,,57.88916667,24.65111111
LVA,Letônia,Q15219656,http://www.wikidata.org/entity/Q4213049,0,13,,55.845,27.22861111
LVA,Letônia,Q15219657,http://www.wikidata.org/entity/Q11113584,0,412,,57.46833333,25.25638889
LVA,Letônia,Q15219786,http://www.wikidata.org/entity/Q12302779,0,15,,56.71666667,24.45722222
LVA,Letônia,Q15219787,http://www.wikidata.org/entity/Q4992622,0,6,,57.39166667,22.01361111
LVA,Letônia,Q15219784,http://www.wikidata.org/entity/Q3801209,0,521,,56.57444444,27.37222222
LVA,Letônia,Q15219788,http://www.wikidata.org/entity/Q3800923,0,11,,56.63861111,27.93944444
LVA,Letônia,Q15219795,http://www.wikidata.org/entity/Q4149939,0,442,,56.48972222,27.42944444
LVA,Letônia,Q15219793,http://www.wikidata.org/entity/Q3801090,0,189,,56.27277778,25.17277778
LVA,Letônia,Q15219798,http://www.wikidata.org/entity/Q6469474,0,355,,57.21972222,22.26444444
LVA,Letônia,Q15219796,http://www.wikidata.org/entity/Q4992263,0,624,,56.93027778,23.69972222
LVA,Letônia,Q15219797,http://www.wikidata.org/entity/Q4242334,0,276,,56.5425,25.81722222
LVA,Letônia,Q15219828,http://www.wikidata.org/entity/Q4131928,0,113,,56.74583333,27.18083333
LVA,Letônia,Q15219833,http://www.wikidata.org/entity/Q3801209,0,14,,56.53166667,27.32944444
LVA,Letônia,Q15219839,http://www.wikidata.org/entity/Q4170804,0,20,,56.2153,21.2561
LVA,Letônia,Q15219836,http://www.wikidata.org/entity/Q3801033,0,547,,57.13388889,26.73333333
LVA,Letônia,Q15219837,http://www.wikidata.org/entity/Q12302779,0,23,,56.68472222,24.31111111
LVA,Letônia,Q15219842,http://www.wikidata.org/entity/Q3801090,0,12,,56.30555556,25.1675
LVA,Letônia,Q15219841,http://www.wikidata.org/entity/Q110445984,0,923,,56.97666667,24.37166667
LVA,Letônia,Q15220044,http://www.wikidata.org/entity/Q3801547,0,583,,57.60888889,24.6075
LVA,Letônia,Q15220074,http://www.wikidata.org/entity/Q1445317,0,57,,57.56944444,26.24111111
LVA,Letônia,Q15220073,http://www.wikidata.org/entity/Q4110820,0,15,,56.38416667,25.66666667
LVA,Letônia,Q15220131,http://www.wikidata.org/entity/Q4993630,0,42,,56.64277778,24.445
LVA,Letônia,Q15220129,http://www.wikidata.org/entity/Q4242334,0,70,,56.5275,25.83055556
LVA,Letônia,Q15220186,http://www.wikidata.org/entity/Q6469474,0,33,,57.205,22.43277778
LVA,Letônia,Q15220190,http://www.wikidata.org/entity/Q4992273,0,132,,56.55194444,23.0175
LVA,Letônia,Q15220195,http://www.wikidata.org/entity/Q8080293,0,523,,56.89083333,25.18083333
LVA,Letônia,Q15220193,http://www.wikidata.org/entity/Q8080016,0,36,,57.42388889,22.52722222
LVA,Letônia,Q15220202,http://www.wikidata.org/entity/Q8080016,0,19,,57.49111111,22.52694444
LVA,Letônia,Q15220200,http://www.wikidata.org/entity/Q8080298,0,85,,57.93527778,25.35194444
LVA,Letônia,Q15220204,http://www.wikidata.org/entity/Q4401268,0,145,,56.18944444,21.19
LVA,Letônia,Q15220205,http://www.wikidata.org/entity/Q402339,0,42,,56.395,21.24333333
LVA,Letônia,Q15220210,http://www.wikidata.org/entity/Q3800923,0,1,,56.55166667,28.06777778
LVA,Letônia,Q15220211,http://www.wikidata.org/entity/Q4170804,0,25,,56.25722222,21.29305556
LVA,Letônia,Q15220214,http://www.wikidata.org/entity/Q3801033,0,456,,57.14138889,26.73722222
LVA,Letônia,Q15220212,http://www.wikidata.org/entity/Q2361036,0,393,,56.135,28.00222222
LVA,Letônia,Q15220213,http://www.wikidata.org/entity/Q2605096,0,216,,56.02361111,27.00944444
LVA,Letônia,Q15220218,http://www.wikidata.org/entity/Q3801171,0,27,,56.71972222,27.36666667
LVA,Letônia,Q16350300,http://www.wikidata.org/entity/Q7688911,0,15,,56.85361099,25.33361053
LVA,Letônia,Q16350314,http://www.wikidata.org/entity/Q3801530,0,128,,57.07583333,26.52111111
LVA,Letônia,Q16350572,http://www.wikidata.org/entity/Q3042190,0,260,,56.97861099,26.42388916
LVA,Letônia,Q16354405,http://www.wikidata.org/entity/Q180379,0,3501,,56.49617,27.325717
LVA,Letônia,Q16357250,http://www.wikidata.org/entity/Q4993645,0,21,,57.55944444,22.35833333
LVA,Letônia,Q16357728,http://www.wikidata.org/entity/Q3801278,0,257,,57.058055555556,27.634722222222
LVA,Letônia,Q20405994,http://www.wikidata.org/entity/Q4992822,0,198,,56.625,21.4936
LVA,Letônia,Q20406085,http://www.wikidata.org/entity/Q499959,0,129,,57.1258,27.2964
LVA,Letônia,Q20504374,http://www.wikidata.org/entity/Q4752545,0,7,,57.56444444,21.86555556
LVA,Letônia,Q20529637,http://www.wikidata.org/entity/Q3800958,0,202,,57.69833333,25.56833333
LVA,Letônia,Q20737383,http://www.wikidata.org/entity/Q5321298,0,277,,56.74,23.2536
LVA,Letônia,Q20741250,http://www.wikidata.org/entity/Q4186262,0,327,,56.83638889,22.73888889
LVA,Letônia,Q20750431,http://www.wikidata.org/entity/Q14479458,0,386,,56.69805556,21.19722222
LVA,Letônia,Q20754603,http://www.wikidata.org/entity/Q5764507,0,143,,56.45138931,21.4533329
LVA,Letônia,Q20754600,http://www.wikidata.org/entity/Q6112176,0,108,,56.45,21.57277778
LVA,Letônia,Q20754635,http://www.wikidata.org/entity/Q5764507,0,144,,56.40555556,21.52472222
LVA,Letônia,Q20754844,http://www.wikidata.org/entity/Q3189971,0,76,,56.94472222,25.73722222
LVA,Letônia,Q20754944,http://www.wikidata.org/entity/Q4539650,0,50,,56.76305556,22.98277778
LVA,Letônia,Q20754945,http://www.wikidata.org/entity/Q4539650,0,104,,56.74694444,22.95444444
LVA,Letônia,Q20755030,http://www.wikidata.org/entity/Q4417925,0,50,,56.41222222,23.82361111
LVA,Letônia,Q20755065,http://www.wikidata.org/entity/Q4417925,0,30,,56.39055556,23.8
LVA,Letônia,Q20755149,http://www.wikidata.org/entity/Q4505333,0,144,,57.10722222,22.86944444
LVA,Letônia,Q20755181,http://www.wikidata.org/entity/Q4505333,0,33,,57.13361111,22.82833333
LVA,Letônia,Q20755257,http://www.wikidata.org/entity/Q3800864,0,25,,56.545,27.20888889
LVA,Letônia,Q20755341,http://www.wikidata.org/entity/Q4284868,0,270,,56.98305556,22.59666667
LVA,Letônia,Q20755489,http://www.wikidata.org/entity/Q4186262,0,26,,56.83722222,22.8075
LVA,Letônia,Q20755513,http://www.wikidata.org/entity/Q4186262,0,12,,56.8725,22.73472222
LVA,Letônia,Q20755627,http://www.wikidata.org/entity/Q4992594,0,356,,57.25638889,21.60777778
LVA,Letônia,Q20803842,http://www.wikidata.org/entity/Q302136,0,45,,56.03222222,27.75083333
LVA,Letônia,Q20819313,http://www.wikidata.org/entity/Q13635538,0,20,,56.87916667,21.68583333
LVA,Letônia,Q20820567,http://www.wikidata.org/entity/Q8080014,0,88,,56.994166666667,21.761944444444
LVA,Letônia,Q20828719,http://www.wikidata.org/entity/Q4058848,0,135,,56.72861111,21.57305556
LVA,Letônia,Q20828723,http://www.wikidata.org/entity/Q7124015,0,38,,57.01277778,21.885
LVA,Letônia,Q20828728,http://www.wikidata.org/entity/Q7124015,0,15,,57.02555556,21.87555556
LVA,Letônia,Q20828733,http://www.wikidata.org/entity/Q7124015,0,15,,57.056666666667,21.77
LVA,Letônia,Q20828737,http://www.wikidata.org/entity/Q6473770,0,80,,56.78277778,21.75777778
LVA,Letônia,Q20828742,http://www.wikidata.org/entity/Q7124015,0,20,,57.04611111,21.86888889
LVA,Letônia,Q20876385,http://www.wikidata.org/entity/Q3801656,0,34,,56.40555573,27.66833305
LVA,Letônia,Q20876426,http://www.wikidata.org/entity/Q10970334,0,29,,56.42361111,26.21444444
LVA,Letônia,Q20876424,http://www.wikidata.org/entity/Q7855569,0,14,,56.84361111,21.76
LVA,Letônia,Q20876428,http://www.wikidata.org/entity/Q7855569,0,151,,56.80222222,21.66527778
LVA,Letônia,Q20876458,http://www.wikidata.org/entity/Q7855569,0,14,,56.86277771,21.67194366
LVA,Letônia,Q20882343,http://www.wikidata.org/entity/Q3801002,0,300,,57.77222222,24.81277778
LVA,Letônia,Q20902218,http://www.wikidata.org/entity/Q110446067,0,27,,57.31305556,23.03083333
LVA,Letônia,Q20902219,http://www.wikidata.org/entity/Q110446067,0,56,,57.33361053,23.06083298
LVA,Letônia,Q20902220,http://www.wikidata.org/entity/Q4252748,0,220,,56.73694444,21.60583333
LVA,Letônia,Q20902221,http://www.wikidata.org/entity/Q4252748,0,176,,56.75111111,21.58138889
LVA,Letônia,Q20902242,http://www.wikidata.org/entity/Q3238352,0,75,,57.04222222,25.95888889
LVA,Letônia,Q20902243,http://www.wikidata.org/entity/Q3238352,0,10,,57.02361111,25.94416667
LVA,Letônia,Q20902240,http://www.wikidata.org/entity/Q2362741,0,6,,56.9125,26.09888889
LVA,Letônia,Q20902241,http://www.wikidata.org/entity/Q2362741,0,16,,56.94583333,26.04194444
LVA,Letônia,Q21002166,http://www.wikidata.org/entity/Q6497766,0,163,,57.25638889,22.90027778
LVA,Letônia,Q21002168,http://www.wikidata.org/entity/Q4663591,0,65,,57.05222222,22.47527778
LVA,Letônia,Q21002169,http://www.wikidata.org/entity/Q6711684,0,65,,57.17083333,22.65861111
LVA,Letônia,Q21002173,http://www.wikidata.org/entity/Q6497766,0,258,,57.21361111,22.76055556
LVA,Letônia,Q21002190,http://www.wikidata.org/entity/Q4663591,0,205,,57.085,22.46694444
LVA,Letônia,Q21002203,http://www.wikidata.org/entity/Q3801269,0,57,,56.16083333,25.29527778
LVA,Letônia,Q21002200,http://www.wikidata.org/entity/Q11113226,0,40,,56.82527778,25.18638889
LVA,Letônia,Q21002206,http://www.wikidata.org/entity/Q6798669,0,10,,56.86916733,25.47999954
LVA,Letônia,Q21002210,http://www.wikidata.org/entity/Q11113226,0,86,,56.79611111,25.11472222
LVA,Letônia,Q21002211,http://www.wikidata.org/entity/Q8080293,0,25,,56.905,25.12666667
LVA,Letônia,Q21002213,http://www.wikidata.org/entity/Q3800930,0,16,,56.19194412,25.24083328
LVA,Letônia,Q21011142,http://www.wikidata.org/entity/Q7914568,0,103,,57.3775,22.95722222
LVA,Letônia,Q21011140,http://www.wikidata.org/entity/Q7312781,0,100,,57.04833333,22.3025
LVA,Letônia,Q21030013,http://www.wikidata.org/entity/Q544998,0,86,,56.48444444,23.21583333
LVA,Letônia,Q21061295,http://www.wikidata.org/entity/Q109238738,0,536,,57.07277778,24.42472222
LVA,Letônia,Q21086555,http://www.wikidata.org/entity/Q4993640,0,291,,56.61527778,22.07194444
LVA,Letônia,Q21086559,http://www.wikidata.org/entity/Q4993624,0,392,,56.51194382,22.40611076
LVA,Letônia,Q21086557,http://www.wikidata.org/entity/Q4993606,0,202,,56.47527778,22.23194444
LVA,Letônia,Q21086578,http://www.wikidata.org/entity/Q544998,0,9,,56.49305556,23.17972222
LVA,Letônia,Q21086579,http://www.wikidata.org/entity/Q4992769,0,225,,56.37638889,22.7475
LVA,Letônia,Q21086583,http://www.wikidata.org/entity/Q544998,0,32,,56.47861111,23.26055556
LVA,Letônia,Q21086580,http://www.wikidata.org/entity/Q7359909,0,140,,57.41,22.94694444
LVA,Letônia,Q21086581,http://www.wikidata.org/entity/Q5251802,0,272,,56.902221944444,23.127778055556
LVA,Letônia,Q21086585,http://www.wikidata.org/entity/Q544998,0,30,,56.5025,23.21416667
LVA,Letônia,Q21150298,http://www.wikidata.org/entity/Q12306369,0,271,,56.67527771,22.52972221
LVA,Letônia,Q21150296,http://www.wikidata.org/entity/Q11002708,0,160,,57.12027778,23.01222222
LVA,Letônia,Q21150300,http://www.wikidata.org/entity/Q4993828,0,155,,56.45388889,23.24138889
LVA,Letônia,Q21150307,http://www.wikidata.org/entity/Q12306369,0,359,,56.66833333,22.51861111
LVA,Letônia,Q21150310,http://www.wikidata.org/entity/Q4930966,0,37,,56.585,22.75805556
LVA,Letônia,Q21150312,http://www.wikidata.org/entity/Q4907460,0,103,,56.65805556,22.90055556
LVA,Letônia,Q21185490,http://www.wikidata.org/entity/Q4539649,0,280,,56.61138889,23.79027778
LVA,Letônia,Q21185494,http://www.wikidata.org/entity/Q4140206,0,109,,56.57916667,23.59166667
LVA,Letônia,Q21185500,http://www.wikidata.org/entity/Q4140206,0,248,,56.62361111,23.54388889
LVA,Letônia,Q21185504,http://www.wikidata.org/entity/Q4539649,0,258,,56.56194444,23.87527778
LVA,Letônia,Q21185508,http://www.wikidata.org/entity/Q4992263,0,161,,56.91694444,23.62944444
LVA,Letônia,Q21185513,http://www.wikidata.org/entity/Q4074382,0,495,,56.94888889,23.93166667
LVA,Letônia,Q21185524,http://www.wikidata.org/entity/Q4074382,0,458,,56.93222222,23.88916667
LVA,Letônia,Q21185530,http://www.wikidata.org/entity/Q4140206,0,237,,56.58305556,23.55555556
LVA,Letônia,Q21481093,http://www.wikidata.org/entity/Q7928433,0,324,,56.43722222,23.91972222
LVA,Letônia,Q21481098,http://www.wikidata.org/entity/Q12334371,0,166,,56.89083333,24.33888889
LVA,Letônia,Q21481099,http://www.wikidata.org/entity/Q4333407,0,1018,,56.69944444,24.0725
LVA,Letônia,Q21481104,http://www.wikidata.org/entity/Q12334371,0,164,,56.91194444,24.31222222
LVA,Letônia,Q21481105,http://www.wikidata.org/entity/Q4333407,0,229,,56.71555556,24.07
LVA,Letônia,Q21481109,http://www.wikidata.org/entity/Q4992756,0,191,,56.41361111,24.17444444
LVA,Letônia,Q21481114,http://www.wikidata.org/entity/Q12334371,0,152,,56.90333333,24.3925
LVA,Letônia,Q21481115,http://www.wikidata.org/entity/Q4410575,0,229,,56.53166667,23.59777778
LVA,Letônia,Q21481126,http://www.wikidata.org/entity/Q4992787,0,156,,56.31694444,24.09916667
LVA,Letônia,Q21481138,http://www.wikidata.org/entity/Q4333407,0,343,,56.8275,24.09111111
LVA,Letônia,Q21481137,http://www.wikidata.org/entity/Q4992275,0,195,,56.50833333,24.09944444
LVA,Letônia,Q21540382,http://www.wikidata.org/entity/Q7379156,0,67,,56.90055556,22.07416667
LVA,Letônia,Q21540477,http://www.wikidata.org/entity/Q7379156,0,14,,56.9075,22.11277778
LVA,Letônia,Q21541808,http://www.wikidata.org/entity/Q7379156,0,10,,57.03916667,22.00361111
LVA,Letônia,Q21552741,http://www.wikidata.org/entity/Q6437057,0,304,,57.15833333,24.70166667
LVA,Letônia,Q21552767,http://www.wikidata.org/entity/Q8080014,0,13,,57.029722222222,21.799722222222
LVA,Letônia,Q21595677,http://www.wikidata.org/entity/Q110276346,0,669,,57.26111111,24.59333333
LVA,Letônia,Q21601078,http://www.wikidata.org/entity/Q8080014,0,14,,56.946666666667,21.705277777778
LVA,Letônia,Q21601387,http://www.wikidata.org/entity/Q8080014,0,29,,56.95277778,21.78861111
LVA,Letônia,Q21663497,http://www.wikidata.org/entity/Q6711660,0,116,,57.380833333333,24.744722222222
LVA,Letônia,Q21663881,http://www.wikidata.org/entity/Q4993607,0,145,,56.56472222,24.92833333
LVA,Letônia,Q21663889,http://www.wikidata.org/entity/Q110446086,0,254,,56.95944444,24.69277778
LVA,Letônia,Q21663893,http://www.wikidata.org/entity/Q16890081,0,406,,56.62472222,25.12777778
LVA,Letônia,Q21806495,http://www.wikidata.org/entity/Q3801100,0,67,,57.46222222,25.40388889
LVA,Letônia,Q21806499,http://www.wikidata.org/entity/Q4261386,0,107,,57.40111111,25.47027778
LVA,Letônia,Q21806497,http://www.wikidata.org/entity/Q282893,0,189,,57.38083333,25.64166667
LVA,Letônia,Q21848492,http://www.wikidata.org/entity/Q3800897,0,175,,57.42166667,25.58083333
LVA,Letônia,Q21848493,http://www.wikidata.org/entity/Q3801254,0,210,,57.32694444,25.29527778
LVA,Letônia,Q21882778,http://www.wikidata.org/entity/Q2606952,0,157,,57.29472222,25.22777778
LVA,Letônia,Q22054954,http://www.wikidata.org/entity/Q4413950,0,172,,56.55805556,25.63583333
LVA,Letônia,Q22054955,http://www.wikidata.org/entity/Q2605088,0,26,,56.14944444,26.99916667
LVA,Letônia,Q22054958,http://www.wikidata.org/entity/Q3801462,0,107,,56.25138889,26.17333333
LVA,Letônia,Q22054956,http://www.wikidata.org/entity/Q3801549,0,171,,56.59916667,25.63777778
LVA,Letônia,Q22061783,http://www.wikidata.org/entity/Q6711684,0,46,,57.175,22.53888889
LVA,Letônia,Q22071415,http://www.wikidata.org/entity/Q2605088,0,5,,56.10333333,26.98333333
LVA,Letônia,Q22071416,http://www.wikidata.org/entity/Q2605088,0,3,,56.08888889,26.91611111
LVA,Letônia,Q22071417,http://www.wikidata.org/entity/Q6711684,0,45,,57.15916667,22.68194444
LVA,Letônia,Q22074438,http://www.wikidata.org/entity/Q6711684,0,24,,57.22305556,22.56916667
LVA,Letônia,Q22074441,http://www.wikidata.org/entity/Q2605088,0,20,,56.0975,27.0825
LVA,Letônia,Q22076135,http://www.wikidata.org/entity/Q6473796,0,180,,57.24416667,22.65416667
LVA,Letônia,Q22082958,http://www.wikidata.org/entity/Q2605088,0,1,,56.06055556,26.94472222
LVA,Letônia,Q22082959,http://www.wikidata.org/entity/Q2605088,0,1,,56.07527778,26.96444444
LVA,Letônia,Q22082956,http://www.wikidata.org/entity/Q2605165,0,209,,56.1025,25.96166667
LVA,Letônia,Q22082957,http://www.wikidata.org/entity/Q2605088,0,15,,56.14694444,26.96416667
LVA,Letônia,Q22082960,http://www.wikidata.org/entity/Q2605088,0,46,,56.09555556,26.9425
LVA,Letônia,Q22114911,http://www.wikidata.org/entity/Q4992606,0,14,,57.1625,22.14916667
LVA,Letônia,Q22114914,http://www.wikidata.org/entity/Q3801538,0,83,,56.61416667,25.93666667
LVA,Letônia,Q22114918,http://www.wikidata.org/entity/Q2605088,0,15,,56.14388889,27.03
LVA,Letônia,Q22114916,http://www.wikidata.org/entity/Q2605088,0,0,,56.12805556,26.90444444
LVA,Letônia,Q22114920,http://www.wikidata.org/entity/Q2605088,0,1,,56.15138889,27.02861111
LVA,Letônia,Q22114937,http://www.wikidata.org/entity/Q2605088,0,6,,56.13388889,27.02777778
LVA,Letônia,Q22114945,http://www.wikidata.org/entity/Q7915421,0,129,,56.61805556,26.73638889
LVA,Letônia,Q22114950,http://www.wikidata.org/entity/Q2605088,0,4,,56.11277778,27.05944444
LVA,Letônia,Q22114948,http://www.wikidata.org/entity/Q2605088,0,14,,56.16166667,27.06444444
LVA,Letônia,Q22114955,http://www.wikidata.org/entity/Q2605088,0,6,,56.16666667,27.04777778
LVA,Letônia,Q22114957,http://www.wikidata.org/entity/Q2605088,0,6,,56.13666667,27.0725
LVA,Letônia,Q22114961,http://www.wikidata.org/entity/Q4992606,0,44,,57.2525,22.17333333
LVA,Letônia,Q22114964,http://www.wikidata.org/entity/Q2605088,0,25,,56.15611111,26.96583333
LVA,Letônia,Q22117467,http://www.wikidata.org/entity/Q2605088,0,2,,56.11277778,26.95305556
LVA,Letônia,Q22117551,http://www.wikidata.org/entity/Q4663591,0,32,,57.03444444,22.53555556
LVA,Letônia,Q22117554,http://www.wikidata.org/entity/Q4663591,0,22,,57.03305556,22.56722222
LVA,Letônia,Q22117555,http://www.wikidata.org/entity/Q5132212,0,237,,57.13444444,27.64277778
LVA,Letônia,Q22117553,http://www.wikidata.org/entity/Q4663591,0,37,,57.06583333,22.57138889
LVA,Letônia,Q22117557,http://www.wikidata.org/entity/Q2605088,0,28,,56.14277778,27.09444444
LVA,Letônia,Q22117591,http://www.wikidata.org/entity/Q4663591,0,56,,57.08555556,22.54861111
LVA,Letônia,Q22117589,http://www.wikidata.org/entity/Q2605088,0,12,,56.12388889,27.06611111
LVA,Letônia,Q22117650,http://www.wikidata.org/entity/Q4663591,0,51,,57.04972222,22.62083333
LVA,Letônia,Q22138442,http://www.wikidata.org/entity/Q8080295,0,89,,56.79277778,24.25694444
LVA,Letônia,Q22138443,http://www.wikidata.org/entity/Q8080295,0,96,,56.79472222,24.30833333
LVA,Letônia,Q22138440,http://www.wikidata.org/entity/Q8080295,0,7,,56.83,24.16333333
LVA,Letônia,Q22138448,http://www.wikidata.org/entity/Q8080295,0,26,,56.79972222,24.2425
LVA,Letônia,Q22138788,http://www.wikidata.org/entity/Q2605088,0,6,,56.09388889,27.05611111
LVA,Letônia,Q22138922,http://www.wikidata.org/entity/Q2605088,0,3,,56.12666667,27.09444444
LVA,Letônia,Q22139010,http://www.wikidata.org/entity/Q2605088,0,1,,56.14194444,26.92
LVA,Letônia,Q22222615,http://www.wikidata.org/entity/Q4333407,0,18,,56.74055556,24.00138889
LVA,Letônia,Q22222617,http://www.wikidata.org/entity/Q4333407,0,14,,56.81583333,24.06277778
LVA,Letônia,Q22222626,http://www.wikidata.org/entity/Q4333407,0,16,,56.77361111,24.01972222
LVA,Letônia,Q22222627,http://www.wikidata.org/entity/Q4333407,0,4,,56.66888889,24.14444444
LVA,Letônia,Q22222625,http://www.wikidata.org/entity/Q4333407,0,52,,56.78111111,24.09972222
LVA,Letônia,Q22222630,http://www.wikidata.org/entity/Q2605088,0,9,,56.13527778,27.05916667
LVA,Letônia,Q22222631,http://www.wikidata.org/entity/Q2605088,0,1,,56.13027778,27.08333333
LVA,Letônia,Q22222629,http://www.wikidata.org/entity/Q6505943,0,108,,56.89138889,27.10555556
LVA,Letônia,Q22222632,http://www.wikidata.org/entity/Q4333407,0,115,,56.7075,24.03694444
LVA,Letônia,Q22222636,http://www.wikidata.org/entity/Q2605088,0,13,,56.11694444,26.92805556
LVA,Letônia,Q22338358,http://www.wikidata.org/entity/Q2605088,0,16,,56.14194444,27.01083333
LVA,Letônia,Q22338356,http://www.wikidata.org/entity/Q2605088,0,9,,56.09194444,27.03888889
LVA,Letônia,Q22338357,http://www.wikidata.org/entity/Q2605088,0,2,,56.10611111,27.05666667
LVA,Letônia,Q22338362,http://www.wikidata.org/entity/Q2605088,0,5,,56.1025,27.04861111
LVA,Letônia,Q22338363,http://www.wikidata.org/entity/Q4149939,0,157,,56.47305556,27.36805556
LVA,Letônia,Q22338361,http://www.wikidata.org/entity/Q2605088,0,17,,56.13583333,27.09611111
LVA,Letônia,Q22580900,http://www.wikidata.org/entity/Q4993607,0,1,,56.54166667,24.70805556
LVA,Letônia,Q22580907,http://www.wikidata.org/entity/Q4419275,0,7,,56.36166667,27.00388889
LVA,Letônia,Q22580904,http://www.wikidata.org/entity/Q4993607,0,20,,56.5475,24.86416667
LVA,Letônia,Q22580911,http://www.wikidata.org/entity/Q4993607,0,12,,56.52888889,24.65527778
LVA,Letônia,Q22580917,http://www.wikidata.org/entity/Q2605088,0,23,,56.08722222,27.00777778
LVA,Letônia,Q22580921,http://www.wikidata.org/entity/Q4419275,0,311,,56.37333333,27.01833333
LVA,Letônia,Q22580925,http://www.wikidata.org/entity/Q4993607,0,7,,56.53333333,24.95
LVA,Letônia,Q22674375,http://www.wikidata.org/entity/Q4993643,0,293,,56.5167,26.9
LVA,Letônia,Q22674378,http://www.wikidata.org/entity/Q2361105,0,94,,56.01583333,27.57305556
LVA,Letônia,Q22674377,http://www.wikidata.org/entity/Q4066096,0,133,,56.16055556,27.38944444
LVA,Letônia,Q22674380,http://www.wikidata.org/entity/Q4153918,0,264,,56.11027778,27.55666667
LVA,Letônia,Q22674381,http://www.wikidata.org/entity/Q4992807,0,8,,56.32222222,24.51166667
LVA,Letônia,Q22674766,http://www.wikidata.org/entity/Q4992283,0,70,,56.40666667,24.70305556
LVA,Letônia,Q22674771,http://www.wikidata.org/entity/Q4503922,0,235,,56.68555556,23.81555556
LVA,Letônia,Q22674775,http://www.wikidata.org/entity/Q4503922,0,58,,56.66277778,23.79666667
LVA,Letônia,Q22674778,http://www.wikidata.org/entity/Q2330640,0,81,,56.10027778,26.52416667
LVA,Letônia,Q22690116,http://www.wikidata.org/entity/Q2615046,0,164,,55.91888889,26.62833333
LVA,Letônia,Q22760513,http://www.wikidata.org/entity/Q4074382,0,44,,56.94055556,23.94694444
LVA,Letônia,Q22912232,http://www.wikidata.org/entity/Q4993645,0,79,,57.53777778,22.38138889
LVA,Letônia,Q22912233,http://www.wikidata.org/entity/Q4993645,0,13,,57.684722222222,22.323611111111
LVA,Letônia,Q22912239,http://www.wikidata.org/entity/Q4993645,0,18,,57.52222222,22.43833333
LVA,Letônia,Q22912242,http://www.wikidata.org/entity/Q3801498,0,108,,56.34277778,26.93638889
LVA,Letônia,Q22912240,http://www.wikidata.org/entity/Q4993645,0,33,,57.54694444,22.53
LVA,Letônia,Q22912241,http://www.wikidata.org/entity/Q2340152,0,94,,55.876388888889,26.700833333333
LVA,Letônia,Q22912244,http://www.wikidata.org/entity/Q4993645,0,6,,57.43111111,22.30555556
LVA,Letônia,Q22916610,http://www.wikidata.org/entity/Q4993645,0,59,,57.46305556,22.37166667
LVA,Letônia,Q22917643,http://www.wikidata.org/entity/Q2605174,0,0,,56.18583333,27.27916667
LVA,Letônia,Q22917646,http://www.wikidata.org/entity/Q4993645,0,11,,57.49222222,22.39555556
LVA,Letônia,Q22917647,http://www.wikidata.org/entity/Q4993645,0,114,,57.50555556,22.38444444
LVA,Letônia,Q22917644,http://www.wikidata.org/entity/Q2605174,0,1,,56.1475,27.24444444
LVA,Letônia,Q22956763,http://www.wikidata.org/entity/Q2340195,0,8,,56.28861111,27.92361111
LVA,Letônia,Q22956766,http://www.wikidata.org/entity/Q2340195,0,1,,56.27888889,27.88916667
LVA,Letônia,Q22956767,http://www.wikidata.org/entity/Q2340195,0,2,,56.33777778,28.01972222
LVA,Letônia,Q22956764,http://www.wikidata.org/entity/Q2340195,0,4,,56.33055556,27.97083333
LVA,Letônia,Q22956770,http://www.wikidata.org/entity/Q2340195,0,4,,56.33916667,27.93166667
LVA,Letônia,Q22956771,http://www.wikidata.org/entity/Q2340195,0,1,,56.31361111,27.96027778
LVA,Letônia,Q22956775,http://www.wikidata.org/entity/Q2340195,0,1,,56.32694444,27.92805556
LVA,Letônia,Q22956772,http://www.wikidata.org/entity/Q2340195,0,6,,56.34388889,27.95083333
LVA,Letônia,Q22956773,http://www.wikidata.org/entity/Q2340195,0,3,,56.27972222,27.90722222
LVA,Letônia,Q22956778,http://www.wikidata.org/entity/Q2340195,0,3,,56.32222222,27.95916667
LVA,Letônia,Q22956776,http://www.wikidata.org/entity/Q2340195,0,8,,56.3575,28.01611111
LVA,Letônia,Q22956783,http://www.wikidata.org/entity/Q2340195,0,2,,56.32638889,28.07055556
LVA,Letônia,Q22956780,http://www.wikidata.org/entity/Q2340195,0,10,,56.32694444,28.05277778
LVA,Letônia,Q22956781,http://www.wikidata.org/entity/Q2340195,0,12,,56.33694444,28.03916667
LVA,Letônia,Q22956786,http://www.wikidata.org/entity/Q2340195,0,3,,56.30722222,27.85388889
LVA,Letônia,Q22956787,http://www.wikidata.org/entity/Q2340195,0,2,,56.29833333,27.91861111
LVA,Letônia,Q22956784,http://www.wikidata.org/entity/Q2340195,0,14,,56.32055556,27.94555556
LVA,Letônia,Q22978337,http://www.wikidata.org/entity/Q2605174,0,8,,56.2,27.15916667
LVA,Letônia,Q22979176,http://www.wikidata.org/entity/Q4185230,0,7,,56.39777778,28.16333333
LVA,Letônia,Q22979177,http://www.wikidata.org/entity/Q4185230,0,19,,56.31194444,28.07694444
LVA,Letônia,Q22979186,http://www.wikidata.org/entity/Q4185230,0,10,,56.34777778,28.07305556
LVA,Letônia,Q22979187,http://www.wikidata.org/entity/Q4185230,0,11,,56.33833333,28.19333333
LVA,Letônia,Q22979188,http://www.wikidata.org/entity/Q4185230,0,18,,56.32583333,28.19222222
LVA,Letônia,Q22979189,http://www.wikidata.org/entity/Q6497766,0,4,,57.2275,22.66
LVA,Letônia,Q23000886,http://www.wikidata.org/entity/Q2359260,0,4,,56.645,26.8225
LVA,Letônia,Q23000887,http://www.wikidata.org/entity/Q2359260,0,7,,56.58527778,26.7825
LVA,Letônia,Q23000890,http://www.wikidata.org/entity/Q2359260,0,42,,56.60333333,26.79
LVA,Letônia,Q23000888,http://www.wikidata.org/entity/Q2359260,0,6,,56.61777778,26.86194444
LVA,Letônia,Q23007538,http://www.wikidata.org/entity/Q2359260,0,52,,56.5775,26.79583333
LVA,Letônia,Q23007536,http://www.wikidata.org/entity/Q2359260,0,25,,56.62,26.81305556
LVA,Letônia,Q23007537,http://www.wikidata.org/entity/Q2359260,0,1,,56.57,26.83833333
LVA,Letônia,Q23011571,http://www.wikidata.org/entity/Q4993643,0,19,,56.49333333,26.92555556
LVA,Letônia,Q23011574,http://www.wikidata.org/entity/Q4993643,0,8,,56.49055556,26.93666667
LVA,Letônia,Q23011575,http://www.wikidata.org/entity/Q4993643,0,11,,56.60472222,26.92944444
LVA,Letônia,Q23011572,http://www.wikidata.org/entity/Q4993643,0,1,,56.48555556,26.95083333
LVA,Letônia,Q23011573,http://www.wikidata.org/entity/Q4993643,0,3,,56.48166667,26.93277778
LVA,Letônia,Q23011576,http://www.wikidata.org/entity/Q4993643,0,1,,56.56694444,26.99222222
LVA,Letônia,Q23014166,http://www.wikidata.org/entity/Q4993643,0,32,,56.50222222,26.89166667
LVA,Letônia,Q23014167,http://www.wikidata.org/entity/Q4993643,0,28,,56.58027778,26.94
LVA,Letônia,Q23014165,http://www.wikidata.org/entity/Q4993643,0,55,,56.52666667,26.89861111
LVA,Letônia,Q23014168,http://www.wikidata.org/entity/Q4993643,0,10,,56.57305556,27.01416667
LVA,Letônia,Q23014169,http://www.wikidata.org/entity/Q2605174,0,2,,56.14305556,27.13166667
LVA,Letônia,Q23035543,http://www.wikidata.org/entity/Q4993643,0,24,,56.55333333,26.87333333
LVA,Letônia,Q23035546,http://www.wikidata.org/entity/Q4993643,0,19,,56.48694444,26.86472222
LVA,Letônia,Q23035547,http://www.wikidata.org/entity/Q4993643,0,47,,56.56666667,26.95138889
LVA,Letônia,Q23035545,http://www.wikidata.org/entity/Q4993643,0,2,,56.49444444,26.88694444
LVA,Letônia,Q23035550,http://www.wikidata.org/entity/Q4993643,0,36,,56.53388889,26.92527778
LVA,Letônia,Q23035548,http://www.wikidata.org/entity/Q4993643,0,45,,56.58111111,26.93
LVA,Letônia,Q23035549,http://www.wikidata.org/entity/Q4993643,0,32,,56.55416667,26.89666667
LVA,Letônia,Q23048713,http://www.wikidata.org/entity/Q2340073,0,1,,56.25916667,28.13138889
LVA,Letônia,Q23052217,http://www.wikidata.org/entity/Q2605174,0,9,,56.15555556,27.16972222
LVA,Letônia,Q23054939,http://www.wikidata.org/entity/Q2605174,0,9,,56.18361111,27.18083333
LVA,Letônia,Q23054943,http://www.wikidata.org/entity/Q2605174,0,0,,56.15888889,27.11055556
LVA,Letônia,Q23054940,http://www.wikidata.org/entity/Q2605174,0,2,,56.17388889,27.13222222
LVA,Letônia,Q23054941,http://www.wikidata.org/entity/Q2605174,0,2,,56.18527778,27.21722222
LVA,Letônia,Q23054946,http://www.wikidata.org/entity/Q2605174,0,1,,56.14055556,27.19944444
LVA,Letônia,Q23054944,http://www.wikidata.org/entity/Q2605174,0,1,,56.2,27.2
LVA,Letônia,Q23054945,http://www.wikidata.org/entity/Q2605174,0,2,,56.155,27.22611111
LVA,Letônia,Q23059098,http://www.wikidata.org/entity/Q2605096,0,7,,56.04833333,27.05666667
LVA,Letônia,Q23059099,http://www.wikidata.org/entity/Q2605096,0,6,,56.02,27.04083333
LVA,Letônia,Q23059102,http://www.wikidata.org/entity/Q5132212,0,14,,57.145,27.70333333
LVA,Letônia,Q23059100,http://www.wikidata.org/entity/Q5132212,0,21,,57.13777778,27.64555556
LVA,Letônia,Q23059101,http://www.wikidata.org/entity/Q5132212,0,22,,57.14916667,27.63833333
LVA,Letônia,Q23059104,http://www.wikidata.org/entity/Q5132212,0,2,,57.08777778,27.61888889
LVA,Letônia,Q23301978,http://www.wikidata.org/entity/Q7649870,0,3,,57.20083333,27.475
LVA,Letônia,Q23301979,http://www.wikidata.org/entity/Q7649870,0,8,,57.21694444,27.66833333
LVA,Letônia,Q23301977,http://www.wikidata.org/entity/Q2605096,0,6,,56.07972222,27.06638889
LVA,Letônia,Q23301982,http://www.wikidata.org/entity/Q7649870,0,2,,57.25194444,27.65555556
LVA,Letônia,Q23301983,http://www.wikidata.org/entity/Q2605096,0,3,,56.01583333,27.06194444
LVA,Letônia,Q23301980,http://www.wikidata.org/entity/Q2605096,0,10,,56.06833333,27.09194444
LVA,Letônia,Q23301981,http://www.wikidata.org/entity/Q2605096,0,8,,56.09166667,27.07472222
LVA,Letônia,Q23301986,http://www.wikidata.org/entity/Q7649870,0,41,,57.2125,27.56694444
LVA,Letônia,Q23301987,http://www.wikidata.org/entity/Q7649870,0,31,,57.17805556,27.64416667
LVA,Letônia,Q23301984,http://www.wikidata.org/entity/Q2605096,0,6,,56.07666667,27.08611111
LVA,Letônia,Q23301985,http://www.wikidata.org/entity/Q7649870,0,36,,57.18944444,27.63583333
LVA,Letônia,Q23301991,http://www.wikidata.org/entity/Q7649870,0,9,,57.18944444,27.65861111
LVA,Letônia,Q23301988,http://www.wikidata.org/entity/Q7649870,0,25,,57.22,27.53222222
LVA,Letônia,Q23301989,http://www.wikidata.org/entity/Q7649870,0,10,,57.19027778,27.51777778
LVA,Letônia,Q23301994,http://www.wikidata.org/entity/Q7649870,0,6,,57.16138889,27.55111111
LVA,Letônia,Q23301995,http://www.wikidata.org/entity/Q7649870,0,2,,57.19638889,27.55527778
LVA,Letônia,Q23301992,http://www.wikidata.org/entity/Q7649870,0,23,,57.20694444,27.68861111
LVA,Letônia,Q23301993,http://www.wikidata.org/entity/Q7649870,0,9,,57.15833333,27.57666667
LVA,Letônia,Q23307934,http://www.wikidata.org/entity/Q7649870,0,14,,57.24861111,27.68
LVA,Letônia,Q23307933,http://www.wikidata.org/entity/Q7649870,0,1,,57.19583333,27.57444444
LVA,Letônia,Q23419031,http://www.wikidata.org/entity/Q3801278,0,13,,57.06638889,27.62861111
LVA,Letônia,Q23419034,http://www.wikidata.org/entity/Q3801278,0,7,,57.07888889,27.59361111
LVA,Letônia,Q23419035,http://www.wikidata.org/entity/Q3801278,0,6,,57.05361111,27.60027778
LVA,Letônia,Q23419032,http://www.wikidata.org/entity/Q3801278,0,1,,57.06472222,27.71583333
LVA,Letônia,Q23419036,http://www.wikidata.org/entity/Q3801278,0,15,,57.07777778,27.575
LVA,Letônia,Q23419037,http://www.wikidata.org/entity/Q3801278,0,8,,57.02416667,27.71
LVA,Letônia,Q23641226,http://www.wikidata.org/entity/Q2605096,0,16,,56.01,27.0825
LVA,Letônia,Q23641227,http://www.wikidata.org/entity/Q2605096,0,2,,56.01944444,27.07472222
LVA,Letônia,Q23641231,http://www.wikidata.org/entity/Q2605096,0,2,,56.065,27.0125
LVA,Letônia,Q23641228,http://www.wikidata.org/entity/Q2605096,0,5,,56.03722222,26.96777778
LVA,Letônia,Q23641229,http://www.wikidata.org/entity/Q2605096,0,15,,56.05638889,27.09361111
LVA,Letônia,Q23641232,http://www.wikidata.org/entity/Q3801278,0,8,,57.06638889,27.65861111
LVA,Letônia,Q23641233,http://www.wikidata.org/entity/Q3801278,0,3,,57.01777778,27.67138889
LVA,Letônia,Q24248499,http://www.wikidata.org/entity/Q7265234,0,15,,57.08333333,22.89972222
LVA,Letônia,Q24248500,http://www.wikidata.org/entity/Q7265234,0,33,,57.05333333,22.95027778
LVA,Letônia,Q24529626,http://www.wikidata.org/entity/Q15710292,0,28,,56.13916667,26.63611111
LVA,Letônia,Q24529627,http://www.wikidata.org/entity/Q15710292,0,3,,56.18333333,26.54972222
LVA,Letônia,Q24529628,http://www.wikidata.org/entity/Q2361027,0,29,,55.78805556,27.56083333
LVA,Letônia,Q24529629,http://www.wikidata.org/entity/Q2361027,0,49,,55.82638889,27.45111111
LVA,Letônia,Q24544418,http://www.wikidata.org/entity/Q2607051,0,11,,57.325,26.9725
LVA,Letônia,Q24629164,http://www.wikidata.org/entity/Q15710316,0,1,,56.23138889,26.51861111
LVA,Letônia,Q24629165,http://www.wikidata.org/entity/Q15710316,0,0,,56.22222222,26.46666667
LVA,Letônia,Q24629174,http://www.wikidata.org/entity/Q15710316,0,6,,56.24555556,26.51472222
LVA,Letônia,Q24629175,http://www.wikidata.org/entity/Q2607051,0,16,,57.35972222,27.02555556
LVA,Letônia,Q24629172,http://www.wikidata.org/entity/Q15710316,0,13,,56.18833333,26.57333333
LVA,Letônia,Q24629173,http://www.wikidata.org/entity/Q15710316,0,3,,56.22305556,26.44583333
LVA,Letônia,Q16352341,http://www.wikidata.org/entity/Q3401435,0,19,,56.82444444,26.34416667
LVA,Letônia,Q16352405,http://www.wikidata.org/entity/Q3801676,0,212,,57.25222222,26.49527778
LVA,Letônia,Q16359829,http://www.wikidata.org/entity/Q4469557,0,51,,55.94388889,27.15555556
LVA,Letônia,Q16360197,http://www.wikidata.org/entity/Q6436136,0,180,,56.73694444,25.11833333
LVA,Letônia,Q16360516,http://www.wikidata.org/entity/Q2986692,0,240,,55.7436,26.6478
LVA,Letônia,Q20403464,http://www.wikidata.org/entity/Q499959,0,187,,57.0883,27.2456
LVA,Letônia,Q20403781,http://www.wikidata.org/entity/Q2607006,0,95,,57.48,27.4467
LVA,Letônia,Q20404029,http://www.wikidata.org/entity/Q7161830,0,25,,56.9344,22.0108
LVA,Letônia,Q20404403,http://www.wikidata.org/entity/Q14475618,0,104,,56.9081,21.4022
LVA,Letônia,Q20404458,http://www.wikidata.org/entity/Q609656,0,242,,56.5397,21.1886
LVA,Letônia,Q20404517,http://www.wikidata.org/entity/Q7108488,0,280,,56.3753,21.0919
LVA,Letônia,Q20404663,http://www.wikidata.org/entity/Q14479458,0,240,,56.6619,21.075
LVA,Letônia,Q20574561,http://www.wikidata.org/entity/Q4993618,0,19,,56.70222222,21.31805556
LVA,Letônia,Q20574712,http://www.wikidata.org/entity/Q4993638,0,127,,57.0453,27.4975
LVA,Letônia,Q20754848,http://www.wikidata.org/entity/Q3189971,0,38,,56.92833328,25.88249969
LVA,Letônia,Q20755671,http://www.wikidata.org/entity/Q4191020,0,278,,56.92833333,22.79444444
LVA,Letônia,Q20828747,http://www.wikidata.org/entity/Q6473770,0,280,,56.73305556,21.78222222
LVA,Letônia,Q20828752,http://www.wikidata.org/entity/Q6473770,0,5,,56.75055556,21.7975
LVA,Letônia,Q20828757,http://www.wikidata.org/entity/Q7124015,0,241,,57.01777778,21.90805556
LVA,Letônia,Q20828762,http://www.wikidata.org/entity/Q7124015,0,32,,57.00666667,21.93583333
LVA,Letônia,Q20828766,http://www.wikidata.org/entity/Q7124015,0,88,,57.0225,21.85444444
LVA,Letônia,Q20828771,http://www.wikidata.org/entity/Q7124015,0,79,,56.99777778,21.89111111
LVA,Letônia,Q20828775,http://www.wikidata.org/entity/Q13635538,0,141,,56.8846,21.6053
LVA,Letônia,Q20828779,http://www.wikidata.org/entity/Q6473770,0,230,,56.74555588,21.88083267
LVA,Letônia,Q20828784,http://www.wikidata.org/entity/Q6473770,0,53,,56.69777778,21.80416667
LVA,Letônia,Q20902234,http://www.wikidata.org/entity/Q344628,0,86,,56.71638889,26.21194444
LVA,Letônia,Q20902233,http://www.wikidata.org/entity/Q4208263,0,247,,56.7211113,21.72472191
LVA,Letônia,Q20902244,http://www.wikidata.org/entity/Q3192261,0,290,,56.64722222,25.94388889
LVA,Letônia,Q21185532,http://www.wikidata.org/entity/Q4140206,0,143,,56.60055556,23.49305556
LVA,Letônia,Q21281042,http://www.wikidata.org/entity/Q4112128,0,179,,56.49277778,23.82583333
LVA,Letônia,Q21281475,http://www.wikidata.org/entity/Q4333407,0,169,,56.77805556,23.9675
LVA,Letônia,Q21294550,http://www.wikidata.org/entity/Q2828835,0,32,,56.63416667,25.20666667
LVA,Letônia,Q21327201,http://www.wikidata.org/entity/Q2828835,0,76,,56.62194444,25.17833333
LVA,Letônia,Q21334526,http://www.wikidata.org/entity/Q2828835,0,55,,56.60611111,25.18722222
LVA,Letônia,Q21452603,http://www.wikidata.org/entity/Q7161830,0,10,,56.89694444,22.06611111
LVA,Letônia,Q21452605,http://www.wikidata.org/entity/Q7161830,0,15,,56.91277778,22.04472222
LVA,Letônia,Q21452634,http://www.wikidata.org/entity/Q7161830,0,14,,56.89111111,21.97055556
LVA,Letônia,Q21461727,http://www.wikidata.org/entity/Q7161830,0,27,,56.89111111,21.97055556
LVA,Letônia,Q21468475,http://www.wikidata.org/entity/Q7161830,0,141,,56.94638889,22.00583333
LVA,Letônia,Q21469132,http://www.wikidata.org/entity/Q4992275,0,270,,56.50138889,24.08305556
LVA,Letônia,Q21481110,http://www.wikidata.org/entity/Q12334694,0,342,,57.24083333,24.46833333
LVA,Letônia,Q21481144,http://www.wikidata.org/entity/Q12334371,0,938,,56.86111111,24.31416667
LVA,Letônia,Q21481149,http://www.wikidata.org/entity/Q12334371,0,232,,56.88083333,24.32416667
LVA,Letônia,Q21481155,http://www.wikidata.org/entity/Q4992756,0,92,,56.43916667,24.20222222
LVA,Letônia,Q21481178,http://www.wikidata.org/entity/Q4539649,0,258,,56.6325,23.78638889
LVA,Letônia,Q21663531,http://www.wikidata.org/entity/Q6711654,0,125,,56.78111111,25.00972222
LVA,Letônia,Q21663552,http://www.wikidata.org/entity/Q3801637,0,298,,56.67694444,25.48083333
LVA,Letônia,Q21663612,http://www.wikidata.org/entity/Q11008651,0,115,,56.88111111,24.54472222
LVA,Letônia,Q21663894,http://www.wikidata.org/entity/Q16890081,0,31,,56.6225,25.06916667
LVA,Letônia,Q21663895,http://www.wikidata.org/entity/Q12335255,0,560,,57.1625,24.888055555556
LVA,Letônia,Q21772588,http://www.wikidata.org/entity/Q110446086,0,112,,56.97027778,24.79027778
LVA,Letônia,Q21848523,http://www.wikidata.org/entity/Q4992601,0,162,,57.25583333,25.07638889
LVA,Letônia,Q21848521,http://www.wikidata.org/entity/Q3801254,0,115,,57.34,25.36333333
LVA,Letônia,Q21848526,http://www.wikidata.org/entity/Q2606952,0,225,,57.20972222,25.30416667
LVA,Letônia,Q21882779,http://www.wikidata.org/entity/Q2607067,0,130,,57.12333333,25.51333333
LVA,Letônia,Q21901363,http://www.wikidata.org/entity/Q4992610,0,214,,57.01861111,25.83305556
LVA,Letônia,Q21923580,http://www.wikidata.org/entity/Q2606952,0,179,,57.21972222,25.24027778
LVA,Letônia,Q21955120,http://www.wikidata.org/entity/Q4992624,0,112,,57.05333333,25.62361111
LVA,Letônia,Q21955183,http://www.wikidata.org/entity/Q2606961,0,224,,57.40611111,26.89055556
LVA,Letônia,Q21974467,http://www.wikidata.org/entity/Q3801617,0,177,,57.22194444,26.135
LVA,Letônia,Q21974470,http://www.wikidata.org/entity/Q3801321,0,169,,57.27555556,26.92638889
LVA,Letônia,Q21974473,http://www.wikidata.org/entity/Q3801617,0,115,,57.23944444,26.13138889
LVA,Letônia,Q22019670,http://www.wikidata.org/entity/Q2884591,0,99,,56.76611111,26.54333333
LVA,Letônia,Q22071418,http://www.wikidata.org/entity/Q2605088,0,6,,56.10305556,27.09944444
LVA,Letônia,Q22071419,http://www.wikidata.org/entity/Q6711684,0,14,,57.21,22.5675
LVA,Letônia,Q22071423,http://www.wikidata.org/entity/Q2605088,0,5,,56.08861111,26.93333333
LVA,Letônia,Q22071420,http://www.wikidata.org/entity/Q2605088,0,10,,56.14583333,26.93
LVA,Letônia,Q22071421,http://www.wikidata.org/entity/Q6711684,0,77,,57.15694444,22.52944444
LVA,Letônia,Q22071426,http://www.wikidata.org/entity/Q2605088,0,210,,56.16111111,27.0075
LVA,Letônia,Q22071424,http://www.wikidata.org/entity/Q2605088,0,1,,56.12222222,26.92222222
LVA,Letônia,Q22071425,http://www.wikidata.org/entity/Q6711684,0,28,,57.14916667,22.69111111
LVA,Letônia,Q22071428,http://www.wikidata.org/entity/Q6711684,0,15,,57.16916667,22.62833333
LVA,Letônia,Q22082966,http://www.wikidata.org/entity/Q6473796,0,53,,57.26527778,22.60138889
LVA,Letônia,Q22082964,http://www.wikidata.org/entity/Q2605088,0,26,,56.15305556,27.08611111
LVA,Letônia,Q22082971,http://www.wikidata.org/entity/Q6473796,0,23,,57.24111111,22.62694444
LVA,Letônia,Q22082968,http://www.wikidata.org/entity/Q7909413,0,59,,57.36638889,22.44194444
LVA,Letônia,Q22082969,http://www.wikidata.org/entity/Q6473796,0,87,,57.28916667,22.63416667
LVA,Letônia,Q22082973,http://www.wikidata.org/entity/Q6473796,0,32,,57.29666667,22.57916667
LVA,Letônia,Q22114926,http://www.wikidata.org/entity/Q4992606,0,20,,57.24333333,22.08694444
LVA,Letônia,Q22114930,http://www.wikidata.org/entity/Q7312781,0,30,,57.12111111,22.27333333
LVA,Letônia,Q22117468,http://www.wikidata.org/entity/Q4663591,0,43,,57.08638889,22.57694444
LVA,Letônia,Q22117469,http://www.wikidata.org/entity/Q4663591,0,5,,57.04111111,22.59361111
LVA,Letônia,Q22138446,http://www.wikidata.org/entity/Q8080295,0,137,,56.82638889,24.31805556
LVA,Letônia,Q22138447,http://www.wikidata.org/entity/Q8080295,0,148,,56.73666667,24.10888889
LVA,Letônia,Q22138444,http://www.wikidata.org/entity/Q8080295,0,21,,56.75638889,24.14111111
LVA,Letônia,Q22222618,http://www.wikidata.org/entity/Q3801245,0,66,,56.84444444,27.10888889
LVA,Letônia,Q22222619,http://www.wikidata.org/entity/Q4333407,0,3,,56.76972222,24.02972222
LVA,Letônia,Q22222623,http://www.wikidata.org/entity/Q4333407,0,158,,56.71694444,24.10833333
LVA,Letônia,Q22222620,http://www.wikidata.org/entity/Q4333407,0,42,,56.78944444,24.0125
LVA,Letônia,Q22222621,http://www.wikidata.org/entity/Q4333407,0,34,,56.74416667,23.82638889
LVA,Letônia,Q22671086,http://www.wikidata.org/entity/Q4066096,0,129,,56.12833333,27.37416667
LVA,Letônia,Q22671085,http://www.wikidata.org/entity/Q302136,0,80,,55.99472222,27.75333333
LVA,Letônia,Q22671088,http://www.wikidata.org/entity/Q4237879,0,161,,55.91472222,27.20694444
LVA,Letônia,Q22673738,http://www.wikidata.org/entity/Q2605088,0,10,,56.13222222,26.95416667
LVA,Letônia,Q22673739,http://www.wikidata.org/entity/Q2605088,0,1,,56.15472222,26.93111111
LVA,Letônia,Q22673737,http://www.wikidata.org/entity/Q2605088,0,42,,56.14083333,27.11222222
LVA,Letônia,Q22673740,http://www.wikidata.org/entity/Q2605088,0,11,,56.10944444,27.04388889
LVA,Letônia,Q22674891,http://www.wikidata.org/entity/Q2361027,0,18,,55.81194444,27.46305556
LVA,Letônia,Q22681398,http://www.wikidata.org/entity/Q2605137,0,19,,56.03638889,27.16444444
LVA,Letônia,Q22681399,http://www.wikidata.org/entity/Q2605137,0,15,,56.06055556,27.11638889
LVA,Letônia,Q22681402,http://www.wikidata.org/entity/Q2605137,0,19,,56.06416667,27.14861111
LVA,Letônia,Q22681400,http://www.wikidata.org/entity/Q2605137,0,2,,56.00611111,27.1125
LVA,Letônia,Q22681401,http://www.wikidata.org/entity/Q2605137,0,22,,56.04,27.09722222
LVA,Letônia,Q22681406,http://www.wikidata.org/entity/Q2615101,0,94,,55.85694444,26.56638889
LVA,Letônia,Q22681404,http://www.wikidata.org/entity/Q2330640,0,113,,56.11583333,26.54666667
LVA,Letônia,Q22681405,http://www.wikidata.org/entity/Q2615101,0,193,,55.81055556,26.52472222
LVA,Letônia,Q22681410,http://www.wikidata.org/entity/Q2605137,0,40,,56.04305556,27.13833333
LVA,Letônia,Q22681409,http://www.wikidata.org/entity/Q4405763,0,37,,56.5275,24.035
LVA,Letônia,Q22684109,http://www.wikidata.org/entity/Q4074382,0,6,,56.90916667,23.74777778
LVA,Letônia,Q22689231,http://www.wikidata.org/entity/Q4074382,0,35,,56.82166667,23.75694444
LVA,Letônia,Q22689493,http://www.wikidata.org/entity/Q4074382,0,85,,56.89777778,23.73333333
LVA,Letônia,Q22689547,http://www.wikidata.org/entity/Q4074382,0,81,,56.91,23.76888889
LVA,Letônia,Q22689554,http://www.wikidata.org/entity/Q4074382,0,36,,56.91861111,23.80194444
LVA,Letônia,Q22760516,http://www.wikidata.org/entity/Q4074382,0,70,,56.96194444,23.86388889
LVA,Letônia,Q22760525,http://www.wikidata.org/entity/Q4992263,0,79,,56.88388889,23.64277778
LVA,Letônia,Q22760531,http://www.wikidata.org/entity/Q2605137,0,13,,56.03833333,27.11138889
LVA,Letônia,Q22760536,http://www.wikidata.org/entity/Q2605137,0,4,,56.04527778,27.1725
LVA,Letônia,Q22760543,http://www.wikidata.org/entity/Q2605137,0,18,,56.04638889,27.10222222
LVA,Letônia,Q24660115,http://www.wikidata.org/entity/Q15710316,0,11,,56.26333333,26.40027778
LVA,Letônia,Q24660116,http://www.wikidata.org/entity/Q15710316,0,11,,56.215,26.46333333
LVA,Letônia,Q24717590,http://www.wikidata.org/entity/Q15710316,0,4,,56.24666667,26.45416667
LVA,Letônia,Q24717591,http://www.wikidata.org/entity/Q15710316,0,6,,56.26805556,26.41861111
LVA,Letônia,Q24717589,http://www.wikidata.org/entity/Q15710316,0,17,,56.31194444,26.37388889
LVA,Letônia,Q22760548,http://www.wikidata.org/entity/Q2605137,0,5,,56.07166667,27.17444444
LVA,Letônia,Q22760572,http://www.wikidata.org/entity/Q4992263,0,66,,56.92638889,23.53944444
LVA,Letônia,Q22760578,http://www.wikidata.org/entity/Q2605137,0,8,,56.07805556,27.22361111
LVA,Letônia,Q22760589,http://www.wikidata.org/entity/Q4992263,0,39,,56.93194444,23.73527778
LVA,Letônia,Q22760597,http://www.wikidata.org/entity/Q4992263,0,43,,56.94277778,23.77138889
LVA,Letônia,Q22760608,http://www.wikidata.org/entity/Q4074382,0,109,,56.925,23.85222222
LVA,Letônia,Q22760623,http://www.wikidata.org/entity/Q4992263,0,142,,56.95277778,23.80555556
LVA,Letônia,Q22760625,http://www.wikidata.org/entity/Q4074382,0,299,,56.93944444,23.86861111
LVA,Letônia,Q22761158,http://www.wikidata.org/entity/Q2605137,0,3,,56.0425,27.16
LVA,Letônia,Q22761164,http://www.wikidata.org/entity/Q4074382,0,25,,56.93416667,23.93388889
LVA,Letônia,Q22810474,http://www.wikidata.org/entity/Q2605137,0,21,,56.00222222,27.12583333
LVA,Letônia,Q22810475,http://www.wikidata.org/entity/Q2605137,0,6,,56.10416667,27.19111111
LVA,Letônia,Q22810478,http://www.wikidata.org/entity/Q2605137,0,10,,56.07666667,27.20222222
LVA,Letônia,Q22810479,http://www.wikidata.org/entity/Q2605137,0,8,,56.05416667,27.17222222
LVA,Letônia,Q22810476,http://www.wikidata.org/entity/Q2605137,0,5,,56.03388889,27.12888889
LVA,Letônia,Q22810477,http://www.wikidata.org/entity/Q2605137,0,8,,56.0275,27.10638889
LVA,Letônia,Q22811335,http://www.wikidata.org/entity/Q2605137,0,33,,56.02361111,27.14111111
LVA,Letônia,Q22811868,http://www.wikidata.org/entity/Q2605137,0,13,,56.05472222,27.15527778
LVA,Letônia,Q22812036,http://www.wikidata.org/entity/Q2605137,0,3,,56.08694444,27.23777778
LVA,Letônia,Q22815185,http://www.wikidata.org/entity/Q2605137,0,6,,56.09805556,27.21305556
LVA,Letônia,Q22833387,http://www.wikidata.org/entity/Q2605137,0,2,,56.01944444,27.15972222
LVA,Letônia,Q22833388,http://www.wikidata.org/entity/Q2605137,0,35,,56.08166667,27.18277778
LVA,Letônia,Q22833389,http://www.wikidata.org/entity/Q2605137,0,5,,56.08666667,27.16666667
LVA,Letônia,Q22912227,http://www.wikidata.org/entity/Q4993645,0,20,,57.60527778,22.28222222
LVA,Letônia,Q22912230,http://www.wikidata.org/entity/Q4993645,0,46,,57.57277778,22.46
LVA,Letônia,Q22912231,http://www.wikidata.org/entity/Q4132339,0,111,,56.43777778,26.87944444
LVA,Letônia,Q22912228,http://www.wikidata.org/entity/Q4993645,0,4,,57.44611111,22.29083333
LVA,Letônia,Q22912229,http://www.wikidata.org/entity/Q4993645,0,6,,57.62111111,22.35583333
LVA,Letônia,Q22912234,http://www.wikidata.org/entity/Q4993645,0,5,,57.58055556,22.265
LVA,Letônia,Q22912243,http://www.wikidata.org/entity/Q4419443,0,91,,56.52166667,26.75305556
LVA,Letônia,Q22927250,http://www.wikidata.org/entity/Q2605174,0,9,,56.11805556,27.13916667
LVA,Letônia,Q22927248,http://www.wikidata.org/entity/Q2340195,0,2,,56.35555556,27.97611111
LVA,Letônia,Q22927249,http://www.wikidata.org/entity/Q2605174,0,10,,56.17388889,27.20722222
LVA,Letônia,Q22927254,http://www.wikidata.org/entity/Q7427430,0,247,,56.35944444,26.59972222
LVA,Letônia,Q22927252,http://www.wikidata.org/entity/Q2361027,0,3,,55.82416667,27.58833333
LVA,Letônia,Q22927256,http://www.wikidata.org/entity/Q7427430,0,174,,56.41194444,26.66305556
LVA,Letônia,Q22927257,http://www.wikidata.org/entity/Q4132339,0,26,,56.45388889,26.815
LVA,Letônia,Q22945594,http://www.wikidata.org/entity/Q6469474,0,16,,57.09944444,22.38222222
LVA,Letônia,Q22945593,http://www.wikidata.org/entity/Q6469474,0,77,,57.23083333,22.57833333
LVA,Letônia,Q22949346,http://www.wikidata.org/entity/Q2605174,0,7,,56.18194444,27.26583333
LVA,Letônia,Q22952843,http://www.wikidata.org/entity/Q2340195,0,1,,56.32083333,27.98222222
LVA,Letônia,Q22952846,http://www.wikidata.org/entity/Q2340195,0,1,,56.34666667,27.97722222
LVA,Letônia,Q22952844,http://www.wikidata.org/entity/Q2340195,0,3,,56.3175,27.92388889
LVA,Letônia,Q22952845,http://www.wikidata.org/entity/Q2340195,0,4,,56.2975,27.87305556
LVA,Letônia,Q22952848,http://www.wikidata.org/entity/Q2361027,0,19,,55.79666667,27.475
LVA,Letônia,Q22956759,http://www.wikidata.org/entity/Q2340195,0,4,,56.335,27.95
LVA,Letônia,Q22956761,http://www.wikidata.org/entity/Q2340195,0,1,,56.34972222,28.06138889
LVA,Letônia,Q22967579,http://www.wikidata.org/entity/Q2340073,0,29,,56.29361111,28.13444444
LVA,Letônia,Q22967583,http://www.wikidata.org/entity/Q2340073,0,1,,56.30722222,28.19194444
LVA,Letônia,Q22967581,http://www.wikidata.org/entity/Q2340073,0,10,,56.26583333,28.21361111
LVA,Letônia,Q22979178,http://www.wikidata.org/entity/Q4185230,0,8,,56.41361111,28.04888889
LVA,Letônia,Q22979179,http://www.wikidata.org/entity/Q4185230,0,2,,56.28972222,28.08583333
LVA,Letônia,Q22979182,http://www.wikidata.org/entity/Q4185230,0,10,,56.31805556,28.05583333
LVA,Letônia,Q22979183,http://www.wikidata.org/entity/Q4185230,0,1,,56.36944444,28.16138889
LVA,Letônia,Q22979180,http://www.wikidata.org/entity/Q4185230,0,8,,56.39583333,28.06888889
LVA,Letônia,Q22979181,http://www.wikidata.org/entity/Q6497766,0,44,,57.21916667,22.77166667
LVA,Letônia,Q22979184,http://www.wikidata.org/entity/Q4185230,0,42,,56.3225,28.13416667
LVA,Letônia,Q22979206,http://www.wikidata.org/entity/Q4185230,0,40,,56.38805556,28.08777778
LVA,Letônia,Q22979207,http://www.wikidata.org/entity/Q4185230,0,1,,56.41194444,28.02583333
LVA,Letônia,Q22979211,http://www.wikidata.org/entity/Q4185230,0,68,,56.38666667,28.1375
LVA,Letônia,Q22979213,http://www.wikidata.org/entity/Q2340073,0,75,,56.21277778,28.11027778
LVA,Letônia,Q22986227,http://www.wikidata.org/entity/Q2359260,0,33,,56.605,26.84111111
LVA,Letônia,Q22986229,http://www.wikidata.org/entity/Q2359260,0,12,,56.59555556,26.74361111
LVA,Letônia,Q22986234,http://www.wikidata.org/entity/Q2359260,0,19,,56.63722222,26.82027778
LVA,Letônia,Q22986232,http://www.wikidata.org/entity/Q2359260,0,47,,56.58944444,26.80722222
LVA,Letônia,Q22986233,http://www.wikidata.org/entity/Q2359260,0,20,,56.63388889,26.78194444
LVA,Letônia,Q22986236,http://www.wikidata.org/entity/Q2359260,0,4,,56.64944444,26.78833333
LVA,Letônia,Q22986240,http://www.wikidata.org/entity/Q2605174,0,19,,56.13416667,27.23277778
LVA,Letônia,Q22998337,http://www.wikidata.org/entity/Q2605174,0,1,,56.10916667,27.15638889
LVA,Letônia,Q23000885,http://www.wikidata.org/entity/Q6497766,0,26,,57.26138889,22.80333333
LVA,Letônia,Q23000891,http://www.wikidata.org/entity/Q2359260,0,84,,56.62416667,26.84694444
LVA,Letônia,Q23007542,http://www.wikidata.org/entity/Q2359260,0,22,,56.57638889,26.83666667
LVA,Letônia,Q23007543,http://www.wikidata.org/entity/Q2359260,0,4,,56.57638889,26.85472222
LVA,Letônia,Q23007540,http://www.wikidata.org/entity/Q2359260,0,3,,56.62055556,26.77888889
LVA,Letônia,Q23007541,http://www.wikidata.org/entity/Q6497766,0,21,,57.26527778,22.87166667
LVA,Letônia,Q23015552,http://www.wikidata.org/entity/Q4993643,0,137,,56.51527778,26.92555556
LVA,Letônia,Q23035532,http://www.wikidata.org/entity/Q4993643,0,13,,56.59472222,26.965
LVA,Letônia,Q23035533,http://www.wikidata.org/entity/Q4993643,0,64,,56.59083333,26.95277778
LVA,Letônia,Q23054935,http://www.wikidata.org/entity/Q5132212,0,14,,57.11916667,27.59555556
LVA,Letônia,Q23054938,http://www.wikidata.org/entity/Q2605174,0,1,,56.18861111,27.24277778
LVA,Letônia,Q23054936,http://www.wikidata.org/entity/Q5132212,0,42,,57.11694444,27.64277778
LVA,Letônia,Q23054937,http://www.wikidata.org/entity/Q2112862,0,2,,57.21222222,27.46083333
LVA,Letônia,Q23419026,http://www.wikidata.org/entity/Q3801278,0,1,,57.07583333,27.71
LVA,Letônia,Q23419027,http://www.wikidata.org/entity/Q3801278,0,10,,57.04,27.6775
LVA,Letônia,Q23419024,http://www.wikidata.org/entity/Q3801278,0,5,,57.02222222,27.68694444
LVA,Letônia,Q23419025,http://www.wikidata.org/entity/Q3801278,0,2,,57.04888889,27.56111111
LVA,Letônia,Q23419030,http://www.wikidata.org/entity/Q3801278,0,10,,57.03472222,27.66583333
LVA,Letônia,Q23419028,http://www.wikidata.org/entity/Q3801278,0,2,,57.08416667,27.605
LVA,Letônia,Q23419029,http://www.wikidata.org/entity/Q2605096,0,1,,55.99555556,27.02388889
LVA,Letônia,Q23661602,http://www.wikidata.org/entity/Q3801081,0,6,,56.06416667,26.25055556
LVA,Letônia,Q23749885,http://www.wikidata.org/entity/Q4058848,0,5,,56.65666667,21.46333333
LVA,Letônia,Q23891007,http://www.wikidata.org/entity/Q4208263,0,10,,56.66888889,21.69083333
LVA,Letônia,Q23891008,http://www.wikidata.org/entity/Q4208263,0,30,,56.68111111,21.655
LVA,Letônia,Q23891012,http://www.wikidata.org/entity/Q4992618,0,88,,56.98138889,21.36027778
LVA,Letônia,Q23892337,http://www.wikidata.org/entity/Q4992618,0,21,,57.05722222,21.42277778
LVA,Letônia,Q23892998,http://www.wikidata.org/entity/Q4208263,0,23,,56.69,21.70527778
LVA,Letônia,Q23892997,http://www.wikidata.org/entity/Q4208263,0,17,,56.76722222,21.70944444
LVA,Letônia,Q23893979,http://www.wikidata.org/entity/Q4208263,0,81,,56.73361111,21.66
LVA,Letônia,Q23893980,http://www.wikidata.org/entity/Q4208263,0,9,,56.66083333,21.64333333
LVA,Letônia,Q23935762,http://www.wikidata.org/entity/Q4252748,0,4,,56.74361111,21.57388889
LVA,Letônia,Q23935761,http://www.wikidata.org/entity/Q4992595,0,31,,57.38583333,21.66194444
LVA,Letônia,Q24033815,http://www.wikidata.org/entity/Q4992594,0,58,,57.35638889,21.52722222
LVA,Letônia,Q24033818,http://www.wikidata.org/entity/Q4992594,0,50,,57.2775,21.58611111
LVA,Letônia,Q24033819,http://www.wikidata.org/entity/Q4992594,0,20,,57.29833333,21.52805556
LVA,Letônia,Q24033816,http://www.wikidata.org/entity/Q4992594,0,40,,57.34111111,21.58944444
LVA,Letônia,Q24033817,http://www.wikidata.org/entity/Q4992594,0,58,,57.26527778,21.59111111
LVA,Letônia,Q24033820,http://www.wikidata.org/entity/Q3801007,0,11,,56.18583333,25.72222222
LVA,Letônia,Q24036254,http://www.wikidata.org/entity/Q4992612,0,9,,57.12472222,21.55138889
LVA,Letônia,Q24036252,http://www.wikidata.org/entity/Q4992612,0,31,,57.09416667,21.58277778
LVA,Letônia,Q24036253,http://www.wikidata.org/entity/Q4992612,0,18,,57.1175,21.57305556
LVA,Letônia,Q24038998,http://www.wikidata.org/entity/Q4992612,0,44,,57.17888889,21.67527778
LVA,Letônia,Q24038999,http://www.wikidata.org/entity/Q4992597,0,8,,57.10027778,21.90861111
LVA,Letônia,Q24039000,http://www.wikidata.org/entity/Q3801007,0,17,,56.18083333,25.74138889
LVA,Letônia,Q24040518,http://www.wikidata.org/entity/Q4992597,0,13,,57.12916667,21.76
LVA,Letônia,Q24040519,http://www.wikidata.org/entity/Q4992597,0,40,,57.12722222,21.88305556
LVA,Letônia,Q24040517,http://www.wikidata.org/entity/Q4992597,0,13,,57.16083333,21.87222222
LVA,Letônia,Q24040520,http://www.wikidata.org/entity/Q4992597,0,30,,57.11861111,21.78027778
LVA,Letônia,Q24040521,http://www.wikidata.org/entity/Q4992597,0,10,,57.15305556,21.77277778
LVA,Letônia,Q24041916,http://www.wikidata.org/entity/Q3801201,0,39,,56.29222222,27.51444444
LVA,Letônia,Q24042013,http://www.wikidata.org/entity/Q3328156,0,36,,56.65555556,26.51444444
LVA,Letônia,Q24049955,http://www.wikidata.org/entity/Q3801007,0,11,,56.190277777778,25.779722222222
LVA,Letônia,Q24049952,http://www.wikidata.org/entity/Q3801007,0,15,,56.22555556,25.68722222
LVA,Letônia,Q24049953,http://www.wikidata.org/entity/Q3801007,0,13,,56.19333333,25.70972222
LVA,Letônia,Q24049958,http://www.wikidata.org/entity/Q3801007,0,23,,56.20611111,25.74166667
LVA,Letônia,Q24049956,http://www.wikidata.org/entity/Q3801007,0,8,,56.16944444,25.68083333
LVA,Letônia,Q24058771,http://www.wikidata.org/entity/Q3801007,0,3,,56.2,25.77416667
LVA,Letônia,Q24058772,http://www.wikidata.org/entity/Q3801007,0,23,,56.18888889,25.68277778
LVA,Letônia,Q24067674,http://www.wikidata.org/entity/Q3801007,0,7,,56.18694444,25.76638889
LVA,Letônia,Q24170199,http://www.wikidata.org/entity/Q4992625,0,68,,57.22194444,25.58472222
LVA,Letônia,Q24170202,http://www.wikidata.org/entity/Q4992625,0,7,,57.16416667,25.71277778
LVA,Letônia,Q24170200,http://www.wikidata.org/entity/Q3801007,0,20,,56.17472222,25.70638889
LVA,Letônia,Q24170201,http://www.wikidata.org/entity/Q3801007,0,41,,56.15194444,25.805
LVA,Letônia,Q24232578,http://www.wikidata.org/entity/Q4992610,0,7,,57.02972222,25.75138889
LVA,Letônia,Q24232579,http://www.wikidata.org/entity/Q4992610,0,23,,57.02666667,25.73861111
LVA,Letônia,Q24232577,http://www.wikidata.org/entity/Q4992610,0,11,,57.01527778,25.77916667
LVA,Letônia,Q24232580,http://www.wikidata.org/entity/Q4992610,0,4,,57.04472222,25.77305556
LVA,Letônia,Q24275091,http://www.wikidata.org/entity/Q4992799,0,39,,56.91361111,22.51777778
LVA,Letônia,Q24275094,http://www.wikidata.org/entity/Q3801002,0,32,,57.78111111,24.89861111
LVA,Letônia,Q24275092,http://www.wikidata.org/entity/Q4992799,0,17,,56.86277778,22.45694444
LVA,Letônia,Q24275093,http://www.wikidata.org/entity/Q4992799,0,15,,56.89611111,22.32138889
LVA,Letônia,Q24275099,http://www.wikidata.org/entity/Q3801002,0,14,,57.81805556,24.85416667
LVA,Letônia,Q24451374,http://www.wikidata.org/entity/Q15710292,0,5,,56.16027778,26.60083333
LVA,Letônia,Q24451375,http://www.wikidata.org/entity/Q15710292,0,40,,56.26611111,26.36555556
LVA,Letônia,Q24451372,http://www.wikidata.org/entity/Q15710292,0,24,,56.16833333,26.51861111
LVA,Letônia,Q24451376,http://www.wikidata.org/entity/Q2606961,0,70,,57.41527778,26.84111111
LVA,Letônia,Q24451569,http://www.wikidata.org/entity/Q2606961,0,17,,57.41694444,26.96666667
LVA,Letônia,Q24463900,http://www.wikidata.org/entity/Q2607051,0,4,,57.33083333,26.97611111
LVA,Letônia,Q24471053,http://www.wikidata.org/entity/Q2607051,0,6,,57.32444444,26.99527778
LVA,Letônia,Q24514435,http://www.wikidata.org/entity/Q2607051,0,13,,57.31861111,26.95527778
LVA,Letônia,Q24515040,http://www.wikidata.org/entity/Q2607051,0,3,,57.35666667,27.06527778
LVA,Letônia,Q24629176,http://www.wikidata.org/entity/Q15710316,0,8,,56.21166667,26.53444444
LVA,Letônia,Q24629182,http://www.wikidata.org/entity/Q2607051,0,10,,57.36944444,27.02055556
LVA,Letônia,Q24629180,http://www.wikidata.org/entity/Q15710316,0,18,,56.19638889,26.5925
LVA,Letônia,Q24629181,http://www.wikidata.org/entity/Q15710316,0,8,,56.21888889,26.55083333
LVA,Letônia,Q24629361,http://www.wikidata.org/entity/Q2607051,0,28,,57.34944444,27.06861111
LVA,Letônia,Q19754442,http://www.wikidata.org/entity/Q4992799,0,457,,56.8561,22.3844
LVA,Letônia,Q19912151,http://www.wikidata.org/entity/Q4992823,0,55,,57.3719,22.7336
LVA,Letônia,Q20399244,http://www.wikidata.org/entity/Q2606961,0,342,,57.4444,26.9378
LVA,Letônia,Q20403159,http://www.wikidata.org/entity/Q2606990,0,226,,57.4875,26.9767
LVA,Letônia,Q20403187,http://www.wikidata.org/entity/Q2607038,0,105,,57.4911,27.1944
LVA,Letônia,Q20405965,http://www.wikidata.org/entity/Q2359747,0,148,,56.4892,21.3703
LVA,Letônia,Q20754854,http://www.wikidata.org/entity/Q3474271,0,81,,56.79888916,25.71333313
LVA,Letônia,Q20754853,http://www.wikidata.org/entity/Q3474271,0,103,,56.81888889,25.65083333
LVA,Letônia,Q20755710,http://www.wikidata.org/entity/Q4191020,0,70,,56.89694444,22.875
LVA,Letônia,Q20755726,http://www.wikidata.org/entity/Q4212267,0,177,,56.99861145,22.77499962
LVA,Letônia,Q20755725,http://www.wikidata.org/entity/Q4212267,0,57,,56.99583333,22.73111111
LVA,Letônia,Q20902245,http://www.wikidata.org/entity/Q8080298,0,163,,57.90222168,25.3591671
LVA,Letônia,Q20902248,http://www.wikidata.org/entity/Q7289105,0,215,,57.94972222,25.01027778
LVA,Letônia,Q20902249,http://www.wikidata.org/entity/Q2362741,0,17,,56.86166667,26.11361111
LVA,Letônia,Q21481156,http://www.wikidata.org/entity/Q4410575,0,359,,56.61777778,23.68055556
LVA,Letônia,Q21481162,http://www.wikidata.org/entity/Q8080295,0,444,,56.85833333,24.19694444
LVA,Letônia,Q21481198,http://www.wikidata.org/entity/Q12334371,0,205,,56.900278055556,24.365
LVA,Letônia,Q21663500,http://www.wikidata.org/entity/Q11008651,0,104,,56.8275,24.60083333
LVA,Letônia,Q21663529,http://www.wikidata.org/entity/Q4992812,0,82,,56.51333333,24.5625
LVA,Letônia,Q21663620,http://www.wikidata.org/entity/Q6437057,0,124,,57.23361111,24.80722222
LVA,Letônia,Q21663630,http://www.wikidata.org/entity/Q110446086,0,344,,56.94833333,24.45194444
LVA,Letônia,Q21663639,http://www.wikidata.org/entity/Q12318549,0,349,,57.08805556,24.57333333
LVA,Letônia,Q21663637,http://www.wikidata.org/entity/Q3801447,0,66,,56.79861111,24.86861111
LVA,Letônia,Q21663650,http://www.wikidata.org/entity/Q12318549,0,133,,57.12222222,24.68694444
LVA,Letônia,Q21663666,http://www.wikidata.org/entity/Q12335255,0,340,,57.13194444,24.84
LVA,Letônia,Q21663664,http://www.wikidata.org/entity/Q15710267,0,419,,56.70055556,24.87361111
LVA,Letônia,Q21663680,http://www.wikidata.org/entity/Q110446086,0,409,,56.915,24.6025
LVA,Letônia,Q22054916,http://www.wikidata.org/entity/Q3801520,0,387,,56.4175,26.78722222
LVA,Letônia,Q22054942,http://www.wikidata.org/entity/Q2605088,0,14,,56.1225,27.04305556
LVA,Letônia,Q22054943,http://www.wikidata.org/entity/Q2605088,0,6,,56.08527778,27.04416667
LVA,Letônia,Q22054941,http://www.wikidata.org/entity/Q6711684,0,70,,57.23166667,22.61388889
LVA,Letônia,Q22054946,http://www.wikidata.org/entity/Q2605088,0,5,,56.12972222,27.11138889
LVA,Letônia,Q22054944,http://www.wikidata.org/entity/Q6711684,0,26,,57.18805556,22.65861111
LVA,Letônia,Q22054945,http://www.wikidata.org/entity/Q2605088,0,7,,56.1625,26.95472222
LVA,Letônia,Q22054950,http://www.wikidata.org/entity/Q4413950,0,104,,56.61083333,25.7325
LVA,Letônia,Q22054951,http://www.wikidata.org/entity/Q1107346,0,186,,56.45666667,25.78666667
LVA,Letônia,Q22054948,http://www.wikidata.org/entity/Q3801263,0,167,,56.62472222,25.72
LVA,Letônia,Q22054952,http://www.wikidata.org/entity/Q2930205,0,20,,56.64555556,23.29694444
LVA,Letônia,Q22082962,http://www.wikidata.org/entity/Q2605088,0,18,,56.09305556,26.96194444
LVA,Letônia,Q22082961,http://www.wikidata.org/entity/Q7909413,0,35,,57.39972222,22.30527778
LVA,Letônia,Q22082965,http://www.wikidata.org/entity/Q2605088,0,1,,56.15083333,27.04166667
LVA,Letônia,Q22082970,http://www.wikidata.org/entity/Q2605088,0,11,,56.07833333,27.02638889
LVA,Letônia,Q22082974,http://www.wikidata.org/entity/Q2605088,0,16,,56.11444444,27.03277778
LVA,Letônia,Q22082975,http://www.wikidata.org/entity/Q2605088,0,5,,56.07305556,26.9425
LVA,Letônia,Q22114923,http://www.wikidata.org/entity/Q2605088,0,1,,56.14083333,27.03861111
LVA,Letônia,Q22114925,http://www.wikidata.org/entity/Q2605088,0,5,,56.15555556,26.99027778
LVA,Letônia,Q22114928,http://www.wikidata.org/entity/Q2605088,0,19,,56.16638889,27.03805556
LVA,Letônia,Q22114966,http://www.wikidata.org/entity/Q4992606,0,19,,57.21833333,22.08416667
LVA,Letônia,Q22114995,http://www.wikidata.org/entity/Q3801237,0,86,,56.20083333,25.99861111
LVA,Letônia,Q22114992,http://www.wikidata.org/entity/Q3328156,0,288,,56.66888889,26.56388889
LVA,Letônia,Q22117463,http://www.wikidata.org/entity/Q4663591,0,17,,57.03111111,22.53111111
LVA,Letônia,Q22117461,http://www.wikidata.org/entity/Q7917869,0,186,,57.21805556,27.73611111
LVA,Letônia,Q22117466,http://www.wikidata.org/entity/Q4663591,0,38,,57.08222222,22.58166667
LVA,Letônia,Q22117465,http://www.wikidata.org/entity/Q4663591,0,42,,57.03277778,22.515
LVA,Letônia,Q22117651,http://www.wikidata.org/entity/Q4663591,0,5,,57.07694444,22.51111111
LVA,Letônia,Q22117654,http://www.wikidata.org/entity/Q4663591,0,45,,57.03,22.60944444
LVA,Letônia,Q22117653,http://www.wikidata.org/entity/Q2605088,0,5,,56.09888889,27.00166667
LVA,Letônia,Q22132394,http://www.wikidata.org/entity/Q5227972,0,249,,56.82638889,24.34611111
LVA,Letônia,Q22132392,http://www.wikidata.org/entity/Q6505943,0,150,,56.92333333,27.08
LVA,Letônia,Q22132397,http://www.wikidata.org/entity/Q8080295,0,267,,56.79361111,24.15055556
LVA,Letônia,Q22137374,http://www.wikidata.org/entity/Q2605088,0,9,,56.10583333,26.995
LVA,Letônia,Q22137373,http://www.wikidata.org/entity/Q8080295,0,551,,56.873022,24.152226
LVA,Letônia,Q22137376,http://www.wikidata.org/entity/Q2605088,0,12,,56.1675,26.97916667
LVA,Letônia,Q22137377,http://www.wikidata.org/entity/Q2605088,0,8,,56.08583333,26.97694444
LVA,Letônia,Q22280910,http://www.wikidata.org/entity/Q2361051,0,35,,56.56583333,24.73361111
LVA,Letônia,Q22284880,http://www.wikidata.org/entity/Q3801470,0,59,,56.74472222,24.66694444
LVA,Letônia,Q22284886,http://www.wikidata.org/entity/Q4992774,0,460,,57.16305556,27.20666667
LVA,Letônia,Q22284890,http://www.wikidata.org/entity/Q4992774,0,153,,57.13388889,27.20222222
LVA,Letônia,Q22284896,http://www.wikidata.org/entity/Q4992774,0,113,,57.15416667,27.21722222
LVA,Letônia,Q22338366,http://www.wikidata.org/entity/Q2605088,0,4,,56.09972222,27.12027778
LVA,Letônia,Q22338364,http://www.wikidata.org/entity/Q4992812,0,47,,56.53055556,24.50277778
LVA,Letônia,Q22338365,http://www.wikidata.org/entity/Q4993642,0,25,,56.46138889,24.61638889
LVA,Letônia,Q22580839,http://www.wikidata.org/entity/Q4278495,0,101,,56.28416667,27.15694444
LVA,Letônia,Q22580843,http://www.wikidata.org/entity/Q3801201,0,213,,56.25888889,27.61444444
LVA,Letônia,Q22580852,http://www.wikidata.org/entity/Q2605088,0,1,,56.14388889,27.055
LVA,Letônia,Q22580856,http://www.wikidata.org/entity/Q4993607,0,20,,56.48944444,24.67888889
LVA,Letônia,Q22580865,http://www.wikidata.org/entity/Q4332236,0,107,,56.5025,27.30222222
LVA,Letônia,Q22580870,http://www.wikidata.org/entity/Q4993607,0,14,,56.50277778,24.71194444
LVA,Letônia,Q22580875,http://www.wikidata.org/entity/Q2605088,0,3,,56.1125,26.90194444
LVA,Letônia,Q22580879,http://www.wikidata.org/entity/Q8080014,0,23,,57.010555555556,21.7775
LVA,Letônia,Q22580887,http://www.wikidata.org/entity/Q4993607,0,16,,56.46583333,24.7525
LVA,Letônia,Q22580884,http://www.wikidata.org/entity/Q4993607,0,6,,56.50166667,24.68277778
LVA,Letônia,Q22580892,http://www.wikidata.org/entity/Q2605088,0,21,,56.15138889,27.01722222
LVA,Letônia,Q22580896,http://www.wikidata.org/entity/Q2605088,0,2,,56.1225,26.97527778
LVA,Letônia,Q22673743,http://www.wikidata.org/entity/Q2605088,0,14,,56.10611111,27.01916667
LVA,Letônia,Q22673744,http://www.wikidata.org/entity/Q2605088,0,9,,56.09916667,27.04916667
LVA,Letônia,Q22673745,http://www.wikidata.org/entity/Q2605088,0,3,,56.11083333,27.09888889
LVA,Letônia,Q22673749,http://www.wikidata.org/entity/Q2605088,0,5,,56.15472222,26.9325
LVA,Letônia,Q22674365,http://www.wikidata.org/entity/Q2605088,0,8,,56.07083333,26.93166667
LVA,Letônia,Q22674370,http://www.wikidata.org/entity/Q4993643,0,356,,56.56888889,26.93138889
LVA,Letônia,Q22674368,http://www.wikidata.org/entity/Q4442884,0,121,,56.40583333,27.58166667
LVA,Letônia,Q22674372,http://www.wikidata.org/entity/Q4993643,0,115,,56.59111111,26.885
LVA,Letônia,Q22760616,http://www.wikidata.org/entity/Q4992263,0,91,,56.91444444,23.65194444
LVA,Letônia,Q22833390,http://www.wikidata.org/entity/Q2605137,0,3,,56.09138889,27.1275
LVA,Letônia,Q22833391,http://www.wikidata.org/entity/Q2605137,0,10,,56.01555556,27.14111111
LVA,Letônia,Q22833394,http://www.wikidata.org/entity/Q2605137,0,2,,56.07694444,27.15777778
LVA,Letônia,Q22833395,http://www.wikidata.org/entity/Q2605137,0,7,,56.09055556,27.20138889
LVA,Letônia,Q22833393,http://www.wikidata.org/entity/Q2605137,0,4,,56.09555556,27.2325
LVA,Letônia,Q22912215,http://www.wikidata.org/entity/Q4993645,0,16,,57.54527778,22.41972222
LVA,Letônia,Q22912219,http://www.wikidata.org/entity/Q2605174,0,0,,56.12722222,27.19527778
LVA,Letônia,Q22912216,http://www.wikidata.org/entity/Q2605174,0,2,,56.12444444,27.13666667
LVA,Letônia,Q22912217,http://www.wikidata.org/entity/Q4993645,0,36,,57.50472222,22.30611111
LVA,Letônia,Q22912222,http://www.wikidata.org/entity/Q4993645,0,43,,57.62333333,22.40472222
LVA,Letônia,Q22912223,http://www.wikidata.org/entity/Q4993645,0,11,,57.6625,22.47333333
LVA,Letônia,Q22912220,http://www.wikidata.org/entity/Q2605174,0,6,,56.1775,27.29694444
LVA,Letônia,Q22912221,http://www.wikidata.org/entity/Q4401369,0,124,,56.18666667,26.87888889
LVA,Letônia,Q22912226,http://www.wikidata.org/entity/Q4993645,0,32,,57.54444444,22.32388889
LVA,Letônia,Q22912224,http://www.wikidata.org/entity/Q4993645,0,14,,57.62833333,22.54888889
LVA,Letônia,Q22912225,http://www.wikidata.org/entity/Q4401369,0,154,,56.28527778,26.85861111
LVA,Letônia,Q22917648,http://www.wikidata.org/entity/Q4993645,0,7,,57.50333333,22.43833333
LVA,Letônia,Q22979210,http://www.wikidata.org/entity/Q4185230,0,2,,56.38916667,28.0175
LVA,Letônia,Q22979208,http://www.wikidata.org/entity/Q4185230,0,5,,56.38333333,28.10055556
LVA,Letônia,Q22979209,http://www.wikidata.org/entity/Q4185230,0,15,,56.35305556,28.09
LVA,Letônia,Q22979214,http://www.wikidata.org/entity/Q2340073,0,10,,56.27694444,28.12222222
LVA,Letônia,Q22979215,http://www.wikidata.org/entity/Q2340073,0,3,,56.19305556,28.08333333
LVA,Letônia,Q22979212,http://www.wikidata.org/entity/Q4185230,0,1,,56.37444444,28.12972222
LVA,Letônia,Q22979218,http://www.wikidata.org/entity/Q2340073,0,1,,56.17722222,28.12833333
LVA,Letônia,Q22979219,http://www.wikidata.org/entity/Q2340073,0,10,,56.19611111,28.0925
LVA,Letônia,Q22979216,http://www.wikidata.org/entity/Q2340073,0,4,,56.29277778,28.22333333
LVA,Letônia,Q22980038,http://www.wikidata.org/entity/Q4185230,0,9,,56.36277778,28.13444444
LVA,Letônia,Q22980037,http://www.wikidata.org/entity/Q2605174,0,13,,56.14055556,27.24055556
LVA,Letônia,Q22980043,http://www.wikidata.org/entity/Q4185230,0,37,,56.36138889,28.08972222
LVA,Letônia,Q22980040,http://www.wikidata.org/entity/Q4185230,0,39,,56.35055556,28.12861111
LVA,Letônia,Q22980044,http://www.wikidata.org/entity/Q4185230,0,2,,56.33861111,28.09472222
LVA,Letônia,Q22980874,http://www.wikidata.org/entity/Q4185230,0,11,,56.39027778,28.05666667
LVA,Letônia,Q22980873,http://www.wikidata.org/entity/Q4185230,0,7,,56.35888889,28.04277778
LVA,Letônia,Q22980876,http://www.wikidata.org/entity/Q4185230,0,1,,56.35555556,28.06444444
LVA,Letônia,Q23000895,http://www.wikidata.org/entity/Q2359260,0,10,,56.56277778,26.76583333
LVA,Letônia,Q23000896,http://www.wikidata.org/entity/Q2359260,0,16,,56.55055556,26.79277778
LVA,Letônia,Q23000916,http://www.wikidata.org/entity/Q2359260,0,7,,56.610555555556,26.811111111111
LVA,Letônia,Q23007518,http://www.wikidata.org/entity/Q3801119,0,28,,56.53027778,27.01305556
LVA,Letônia,Q23007519,http://www.wikidata.org/entity/Q3801119,0,33,,56.49861111,27.02888889
LVA,Letônia,Q23007517,http://www.wikidata.org/entity/Q3801119,0,7,,56.46916667,26.97194444
LVA,Letônia,Q23007522,http://www.wikidata.org/entity/Q3801119,0,1,,56.46361111,26.97805556
LVA,Letônia,Q23007523,http://www.wikidata.org/entity/Q3801119,0,2,,56.46555556,27.03972222
LVA,Letônia,Q23007521,http://www.wikidata.org/entity/Q6497766,0,36,,57.22833333,22.89472222
LVA,Letônia,Q23007524,http://www.wikidata.org/entity/Q6695170,0,20,,57.43694444,22.66027778
LVA,Letônia,Q23007525,http://www.wikidata.org/entity/Q2605174,0,1,,56.20583333,27.15555556
LVA,Letônia,Q23015546,http://www.wikidata.org/entity/Q4993643,0,4,,56.61222222,26.91694444
LVA,Letônia,Q23015547,http://www.wikidata.org/entity/Q4993643,0,29,,56.6025,26.91472222
LVA,Letônia,Q23015550,http://www.wikidata.org/entity/Q4993643,0,11,,56.60666667,26.89861111
LVA,Letônia,Q23015551,http://www.wikidata.org/entity/Q4993643,0,13,,56.56416667,27.00055556
LVA,Letônia,Q23015548,http://www.wikidata.org/entity/Q4993643,0,18,,56.59944444,26.99277778
LVA,Letônia,Q23015549,http://www.wikidata.org/entity/Q4993643,0,38,,56.57694444,26.89305556
LVA,Letônia,Q23015592,http://www.wikidata.org/entity/Q2605174,0,17,,56.13277778,27.27944444
LVA,Letônia,Q23015625,http://www.wikidata.org/entity/Q2605174,0,11,,56.19694444,27.21638889
LVA,Letônia,Q23035535,http://www.wikidata.org/entity/Q4993643,0,23,,56.59222222,26.91833333
LVA,Letônia,Q23035538,http://www.wikidata.org/entity/Q4993643,0,43,,56.50083333,26.93833333
LVA,Letônia,Q23035536,http://www.wikidata.org/entity/Q4993643,0,34,,56.565,26.89472222
LVA,Letônia,Q23035537,http://www.wikidata.org/entity/Q4993643,0,32,,56.59055556,26.9975
LVA,Letônia,Q23035542,http://www.wikidata.org/entity/Q2605174,0,16,,56.13638889,27.18388889
LVA,Letônia,Q23035540,http://www.wikidata.org/entity/Q2605174,0,16,,56.16194444,27.21888889
LVA,Letônia,Q23035541,http://www.wikidata.org/entity/Q2605174,0,11,,56.1375,27.12611111
LVA,Letônia,Q23197550,http://www.wikidata.org/entity/Q2605096,0,7,,56.04777778,27.04666667
LVA,Letônia,Q23197551,http://www.wikidata.org/entity/Q2605096,0,29,,56.03194444,27.01666667
LVA,Letônia,Q23197549,http://www.wikidata.org/entity/Q7649870,0,5,,57.22361111,27.69416667
LVA,Letônia,Q23197554,http://www.wikidata.org/entity/Q7649870,0,5,,57.19694444,27.66444444
LVA,Letônia,Q23197555,http://www.wikidata.org/entity/Q2605096,0,1,,56.03444444,26.99361111
LVA,Letônia,Q23197552,http://www.wikidata.org/entity/Q7649870,0,9,,57.2225,27.68111111
LVA,Letônia,Q23197553,http://www.wikidata.org/entity/Q7649870,0,14,,57.17277778,27.5625
LVA,Letônia,Q23197558,http://www.wikidata.org/entity/Q5132212,0,10,,57.11638889,27.62222222
LVA,Letônia,Q23197556,http://www.wikidata.org/entity/Q5132212,0,67,,57.13111111,27.60444444
LVA,Letônia,Q23197557,http://www.wikidata.org/entity/Q5132212,0,4,,57.13944444,27.61333333
LVA,Letônia,Q23211365,http://www.wikidata.org/entity/Q2605096,0,9,,56.00555556,27.02861111
LVA,Letônia,Q23301970,http://www.wikidata.org/entity/Q7649870,0,23,,57.14361111,27.42861111
LVA,Letônia,Q23301971,http://www.wikidata.org/entity/Q7649870,0,10,,57.2,27.71944444
LVA,Letônia,Q23301969,http://www.wikidata.org/entity/Q7649870,0,2,,57.20666667,27.45166667
LVA,Letônia,Q23301974,http://www.wikidata.org/entity/Q7649870,0,16,,57.22916667,27.6175
LVA,Letônia,Q23301975,http://www.wikidata.org/entity/Q7649870,0,6,,57.20138889,27.64472222
LVA,Letônia,Q23301972,http://www.wikidata.org/entity/Q7641679,0,47,,56.87222222,24.77722222
LVA,Letônia,Q23301973,http://www.wikidata.org/entity/Q7649870,0,1,,57.26555556,27.72611111
LVA,Letônia,Q23301976,http://www.wikidata.org/entity/Q7649870,0,36,,57.17055556,27.65527778
LVA,Letônia,Q23307935,http://www.wikidata.org/entity/Q7649870,0,12,,57.16888889,27.60666667
LVA,Letônia,Q23307938,http://www.wikidata.org/entity/Q7649870,0,3,,57.20083333,27.62333333
LVA,Letônia,Q23307936,http://www.wikidata.org/entity/Q7649870,0,7,,57.20444444,27.65444444
LVA,Letônia,Q23307937,http://www.wikidata.org/entity/Q7649870,0,22,,57.25194444,27.71055556
LVA,Letônia,Q23641250,http://www.wikidata.org/entity/Q3801278,0,22,,57.03472222,27.57222222
LVA,Letônia,Q23641251,http://www.wikidata.org/entity/Q3801278,0,2,,57.05194444,27.67972222
LVA,Letônia,Q23641248,http://www.wikidata.org/entity/Q3801278,0,4,,57.055,27.585
LVA,Letônia,Q23641249,http://www.wikidata.org/entity/Q3801278,0,45,,57.02416667,27.65027778
LVA,Letônia,Q23641254,http://www.wikidata.org/entity/Q3801278,0,10,,57.10083333,27.70361111
LVA,Letônia,Q23641255,http://www.wikidata.org/entity/Q3801278,0,105,,57.02666667,27.67694444
LVA,Letônia,Q23641252,http://www.wikidata.org/entity/Q3801278,0,2,,57.08583333,27.69944444
LVA,Letônia,Q23641253,http://www.wikidata.org/entity/Q3801278,0,10,,57.05638889,27.6175
LVA,Letônia,Q23666579,http://www.wikidata.org/entity/Q7917869,0,8,,57.249444444444,27.759444444444
LVA,Letônia,Q23666582,http://www.wikidata.org/entity/Q7917869,0,29,,57.174444444444,27.717777777778
LVA,Letônia,Q23666580,http://www.wikidata.org/entity/Q7917869,0,8,,57.202222222222,27.739722222222
LVA,Letônia,Q23666581,http://www.wikidata.org/entity/Q7917869,0,5,,57.276666666667,27.771666666667
LVA,Letônia,Q23666586,http://www.wikidata.org/entity/Q7917869,0,21,,57.274444444444,27.813888888889
LVA,Letônia,Q23666587,http://www.wikidata.org/entity/Q7917869,0,1,,57.255277777778,27.763611111111
LVA,Letônia,Q23666584,http://www.wikidata.org/entity/Q7917869,0,6,,57.230555555556,27.738055555556
LVA,Letônia,Q23666585,http://www.wikidata.org/entity/Q7917869,0,18,,57.171666666667,27.733333333333
LVA,Letônia,Q23666590,http://www.wikidata.org/entity/Q2605096,0,1,,56.024722222222,27.062777777778
LVA,Letônia,Q23666591,http://www.wikidata.org/entity/Q2605096,0,24,,56.047222222222,27.036666666667
LVA,Letônia,Q23666588,http://www.wikidata.org/entity/Q7917869,0,6,,57.290277777778,27.848055555556
LVA,Letônia,Q23666589,http://www.wikidata.org/entity/Q7917869,0,5,,57.151666666667,27.814166666667
LVA,Letônia,Q23666595,http://www.wikidata.org/entity/Q2605096,0,2,,56.033055555556,27.081111111111
LVA,Letônia,Q23666592,http://www.wikidata.org/entity/Q2605096,0,6,,56.082777777778,27.093611111111
LVA,Letônia,Q23666593,http://www.wikidata.org/entity/Q2605096,0,2,,56.050833333333,27.070277777778
LVA,Letônia,Q23666598,http://www.wikidata.org/entity/Q2605096,0,8,,56.084166666667,27.063333333333
LVA,Letônia,Q23666599,http://www.wikidata.org/entity/Q7917869,0,7,,57.289722222222,27.7875
LVA,Letônia,Q23666596,http://www.wikidata.org/entity/Q7917869,0,20,,57.286388888889,27.829722222222
LVA,Letônia,Q23666597,http://www.wikidata.org/entity/Q2605096,0,17,,56.012222222222,27.041666666667
LVA,Letônia,Q23666602,http://www.wikidata.org/entity/Q7917869,0,173,,57.186944444444,27.712777777778
LVA,Letônia,Q23666600,http://www.wikidata.org/entity/Q7917869,0,19,,57.283611111111,27.803333333333
LVA,Letônia,Q23666601,http://www.wikidata.org/entity/Q7917869,0,16,,57.243611111111,27.855277777778
LVA,Letônia,Q23666607,http://www.wikidata.org/entity/Q7917869,0,4,,57.136944444444,27.768611111111
LVA,Letônia,Q23666608,http://www.wikidata.org/entity/Q7917869,0,71,,57.207222222222,27.7775
LVA,Letônia,Q23666609,http://www.wikidata.org/entity/Q7917869,0,2,,57.243611111111,27.776388888889
LVA,Letônia,Q23680697,http://www.wikidata.org/entity/Q2605096,0,24,,56.0675,27.061111111111
LVA,Letônia,Q23680702,http://www.wikidata.org/entity/Q2605096,0,2,,56.075,27.043611111111
LVA,Letônia,Q23680960,http://www.wikidata.org/entity/Q499965,0,3,,57.278055555556,27.703888888889
LVA,Letônia,Q23681081,http://www.wikidata.org/entity/Q499965,0,6,,57.293611111111,27.745555555556
LVA,Letônia,Q23681084,http://www.wikidata.org/entity/Q499965,0,2,,57.261944444444,27.7525
LVA,Letônia,Q23683375,http://www.wikidata.org/entity/Q499965,0,2,,57.271666666667,27.568333333333
LVA,Letônia,Q23683378,http://www.wikidata.org/entity/Q499965,0,1,,57.278611111111,27.736666666667
LVA,Letônia,Q23683377,http://www.wikidata.org/entity/Q499965,0,2,,57.268055555556,27.745
LVA,Letônia,Q23709279,http://www.wikidata.org/entity/Q2605096,0,22,,56.019722222222,26.97
LVA,Letônia,Q23719042,http://www.wikidata.org/entity/Q2605096,0,27,,55.998333333333,27.009722222222
LVA,Letônia,Q23747217,http://www.wikidata.org/entity/Q2605096,0,7,,56.01277778,27.01444444
LVA,Letônia,Q23747223,http://www.wikidata.org/entity/Q5364443,0,36,,56.20416667,25.60166667
LVA,Letônia,Q23747221,http://www.wikidata.org/entity/Q5364443,0,17,,56.14555556,25.5875
LVA,Letônia,Q23747224,http://www.wikidata.org/entity/Q2605096,0,3,,56.03055556,27.06166667
LVA,Letônia,Q23783739,http://www.wikidata.org/entity/Q7336706,0,13,,56.15833333,25.49583333
LVA,Letônia,Q23783742,http://www.wikidata.org/entity/Q4058848,0,10,,56.68805556,21.52916667
LVA,Letônia,Q23783740,http://www.wikidata.org/entity/Q7427254,0,6,,56.30666667,25.41611111
LVA,Letônia,Q23783741,http://www.wikidata.org/entity/Q7336706,0,15,,56.19777778,25.45444444
LVA,Letônia,Q23796164,http://www.wikidata.org/entity/Q4058848,0,30,,56.70972222,21.51638889
LVA,Letônia,Q23832727,http://www.wikidata.org/entity/Q4752545,0,92,,57.50222222,22.07916667
LVA,Letônia,Q23856371,http://www.wikidata.org/entity/Q4209192,0,15,,56.65277778,21.82944444
LVA,Letônia,Q23864462,http://www.wikidata.org/entity/Q4752545,0,59,,57.51972222,21.89555556
LVA,Letônia,Q23864463,http://www.wikidata.org/entity/Q4209192,0,43,,56.62111111,21.69166667
LVA,Letônia,Q23886919,http://www.wikidata.org/entity/Q4752545,0,75,,57.47916667,22.0175
LVA,Letônia,Q23900686,http://www.wikidata.org/entity/Q4992623,0,70,,57.23888889,21.62611111
LVA,Letônia,Q23900684,http://www.wikidata.org/entity/Q4992623,0,28,,57.30916667,21.65694444
LVA,Letônia,Q23900685,http://www.wikidata.org/entity/Q4992623,0,13,,57.17611111,21.73527778
LVA,Letônia,Q23935746,http://www.wikidata.org/entity/Q4992595,0,76,,57.37972222,21.61555556
LVA,Letônia,Q23935747,http://www.wikidata.org/entity/Q4992595,0,26,,57.48694444,21.64888889
LVA,Letônia,Q23935750,http://www.wikidata.org/entity/Q4252748,0,12,,56.68777778,21.64166667
LVA,Letônia,Q23935748,http://www.wikidata.org/entity/Q4992595,0,77,,57.31916667,21.6425
LVA,Letônia,Q23954814,http://www.wikidata.org/entity/Q4348140,0,28,,57.27,21.96555556
LVA,Letônia,Q23954815,http://www.wikidata.org/entity/Q4348140,0,10,,57.23916667,21.88527778
LVA,Letônia,Q23954818,http://www.wikidata.org/entity/Q4348140,0,17,,57.30277778,22.04472222
LVA,Letônia,Q23954816,http://www.wikidata.org/entity/Q4348140,0,15,,57.20694444,21.91916667
LVA,Letônia,Q23954817,http://www.wikidata.org/entity/Q4348140,0,18,,57.21888889,22.04083333
LVA,Letônia,Q24013754,http://www.wikidata.org/entity/Q4992603,0,6,,57.27277778,21.455
LVA,Letônia,Q24013755,http://www.wikidata.org/entity/Q4992603,0,30,,57.20361111,21.44472222
LVA,Letônia,Q24013753,http://www.wikidata.org/entity/Q4992606,0,21,,57.25416667,22.16194444
LVA,Letônia,Q24013758,http://www.wikidata.org/entity/Q4992603,0,15,,57.16027778,21.43861111
LVA,Letônia,Q24013756,http://www.wikidata.org/entity/Q4992603,0,1,,57.22305556,21.53444444
LVA,Letônia,Q24013757,http://www.wikidata.org/entity/Q4992603,0,44,,57.12,21.425
LVA,Letônia,Q24033814,http://www.wikidata.org/entity/Q3801007,0,10,,56.15,25.73027778
LVA,Letônia,Q24058773,http://www.wikidata.org/entity/Q3801007,0,16,,56.19611111,25.77055556
LVA,Letônia,Q24083291,http://www.wikidata.org/entity/Q4058848,0,10,,56.67666667,21.60861111
LVA,Letônia,Q24170203,http://www.wikidata.org/entity/Q2605165,0,9,,56.1075,25.92
LVA,Letônia,Q24170206,http://www.wikidata.org/entity/Q2605165,0,3,,56.09222222,25.90777778
LVA,Letônia,Q24170204,http://www.wikidata.org/entity/Q3801007,0,10,,56.1825,25.69111111
LVA,Letônia,Q24170205,http://www.wikidata.org/entity/Q2605165,0,3,,56.16027778,25.87694444
LVA,Letônia,Q24208658,http://www.wikidata.org/entity/Q4992610,0,13,,57.00722222,25.77027778
LVA,Letônia,Q24208659,http://www.wikidata.org/entity/Q4992610,0,10,,57.00888889,25.81861111
LVA,Letônia,Q24232574,http://www.wikidata.org/entity/Q2605129,0,5,,56.09611111,25.76888889
LVA,Letônia,Q24232575,http://www.wikidata.org/entity/Q4992610,0,42,,56.98194444,25.77472222
LVA,Letônia,Q24232576,http://www.wikidata.org/entity/Q2605129,0,5,,56.11888889,25.80722222
LVA,Letônia,Q24232582,http://www.wikidata.org/entity/Q4992610,0,7,,57.03333333,25.83833333
LVA,Letônia,Q24232583,http://www.wikidata.org/entity/Q4992610,0,16,,57.02,25.84972222
LVA,Letônia,Q24232581,http://www.wikidata.org/entity/Q4992610,0,11,,57.03805556,25.86361111
LVA,Letônia,Q24232586,http://www.wikidata.org/entity/Q4992610,0,7,,57.00916667,25.78527778
LVA,Letônia,Q24232587,http://www.wikidata.org/entity/Q4992610,0,8,,57.03638889,25.81222222
LVA,Letônia,Q24232584,http://www.wikidata.org/entity/Q4992613,0,8,,57.03027778,25.73611111
LVA,Letônia,Q24232585,http://www.wikidata.org/entity/Q4992610,0,5,,57.04611111,25.88833333
LVA,Letônia,Q24232590,http://www.wikidata.org/entity/Q2605129,0,8,,56.12222222,25.80027778
LVA,Letônia,Q24232591,http://www.wikidata.org/entity/Q4992610,0,25,,57.03333333,25.83083333
LVA,Letônia,Q24232588,http://www.wikidata.org/entity/Q4992610,0,4,,57.04055556,25.88277778
LVA,Letônia,Q24232589,http://www.wikidata.org/entity/Q2605129,0,3,,56.07888889,25.80111111
LVA,Letônia,Q24232594,http://www.wikidata.org/entity/Q4992610,0,12,,57.02138889,25.76694444
LVA,Letônia,Q24232596,http://www.wikidata.org/entity/Q4992610,0,4,,57.04444444,25.88861111
LVA,Letônia,Q24232597,http://www.wikidata.org/entity/Q4992610,0,16,,57.00861111,25.79277778
LVA,Letônia,Q24238619,http://www.wikidata.org/entity/Q4992610,0,2,,57.03694444,25.85222222
LVA,Letônia,Q24238620,http://www.wikidata.org/entity/Q2605129,0,25,,56.12027778,25.7675
LVA,Letônia,Q24255458,http://www.wikidata.org/entity/Q7265234,0,12,,56.98833333,22.94138889
LVA,Letônia,Q24255457,http://www.wikidata.org/entity/Q4992624,0,10,,57.06722222,25.64305556
LVA,Letônia,Q24255460,http://www.wikidata.org/entity/Q4992624,0,16,,57.07833333,25.6175
LVA,Letônia,Q24255461,http://www.wikidata.org/entity/Q2605129,0,9,,56.10944444,25.75472222
LVA,Letônia,Q24255467,http://www.wikidata.org/entity/Q2605129,0,6,,56.1325,25.76138889
LVA,Letônia,Q24255464,http://www.wikidata.org/entity/Q4992624,0,4,,57.00694444,25.68444444
LVA,Letônia,Q24255468,http://www.wikidata.org/entity/Q4212267,0,37,,57.06611111,22.80805556
LVA,Letônia,Q24275115,http://www.wikidata.org/entity/Q4992627,0,20,,57.17694444,25.62194444
LVA,Letônia,Q24275113,http://www.wikidata.org/entity/Q4992627,0,10,,57.12833333,25.79055556
LVA,Letônia,Q24275118,http://www.wikidata.org/entity/Q2607079,0,71,,57.65527778,24.89388889
LVA,Letônia,Q24275117,http://www.wikidata.org/entity/Q2607079,0,76,,57.65166667,25.00166667
LVA,Letônia,Q24275122,http://www.wikidata.org/entity/Q4992627,0,13,,57.1425,25.75861111
LVA,Letônia,Q24275120,http://www.wikidata.org/entity/Q4992627,0,7,,57.10611111,25.71277778
LVA,Letônia,Q24275126,http://www.wikidata.org/entity/Q4992627,0,12,,57.12305556,25.74583333
LVA,Letônia,Q24275127,http://www.wikidata.org/entity/Q3800999,0,23,,57.81472222,24.78583333
LVA,Letônia,Q24275125,http://www.wikidata.org/entity/Q4992627,0,12,,57.13777778,25.66722222
LVA,Letônia,Q24285978,http://www.wikidata.org/entity/Q3800999,0,11,,57.88083333,24.79916667
LVA,Letônia,Q24285979,http://www.wikidata.org/entity/Q3800999,0,94,,57.86111111,24.80222222
LVA,Letônia,Q24285977,http://www.wikidata.org/entity/Q3800999,0,25,,57.86,24.67638889
LVA,Letônia,Q24285982,http://www.wikidata.org/entity/Q4992613,0,7,,57.05194444,25.72611111
LVA,Letônia,Q24285983,http://www.wikidata.org/entity/Q2606961,0,72,,57.43611111,27.02
LVA,Letônia,Q24285980,http://www.wikidata.org/entity/Q3800999,0,2,,57.90194444,24.85694444
LVA,Letônia,Q24285981,http://www.wikidata.org/entity/Q3800999,0,11,,57.87138889,24.68166667
LVA,Letônia,Q24285986,http://www.wikidata.org/entity/Q4992613,0,9,,57.06777778,25.82972222
LVA,Letônia,Q24285987,http://www.wikidata.org/entity/Q4992613,0,7,,57.06361111,25.86527778
LVA,Letônia,Q24285984,http://www.wikidata.org/entity/Q4992613,0,5,,57.08694444,25.89805556
LVA,Letônia,Q24285985,http://www.wikidata.org/entity/Q4992613,0,8,,57.06055556,25.75361111
LVA,Letônia,Q24285988,http://www.wikidata.org/entity/Q4992613,0,14,,57.09333333,25.9075
LVA,Letônia,Q24285989,http://www.wikidata.org/entity/Q4992613,0,2,,57.05305556,25.83416667
LVA,Letônia,Q24451342,http://www.wikidata.org/entity/Q4992613,0,5,,57.11,25.78805556
LVA,Letônia,Q24451348,http://www.wikidata.org/entity/Q4992613,0,8,,57.10666667,25.7775
LVA,Letônia,Q24451349,http://www.wikidata.org/entity/Q4992613,0,18,,57.05972222,25.86694444
LVA,Letônia,Q24451356,http://www.wikidata.org/entity/Q4992613,0,10,,57.07666667,25.79722222
LVA,Letônia,Q24451362,http://www.wikidata.org/entity/Q4992613,0,12,,57.05555556,25.85805556
LVA,Letônia,Q24451363,http://www.wikidata.org/entity/Q4992613,0,10,,57.06666667,25.7375
LVA,Letônia,Q24451360,http://www.wikidata.org/entity/Q3801081,0,1,,56.02472222,26.34944444
LVA,Letônia,Q24451361,http://www.wikidata.org/entity/Q4992613,0,25,,57.08444444,25.74
LVA,Letônia,Q24451366,http://www.wikidata.org/entity/Q4992613,0,5,,57.09111111,25.83555556
LVA,Letônia,Q24451367,http://www.wikidata.org/entity/Q4992613,0,4,,57.11888889,25.8175
LVA,Letônia,Q24451364,http://www.wikidata.org/entity/Q4992613,0,4,,57.07555556,25.71166667
LVA,Letônia,Q24451370,http://www.wikidata.org/entity/Q2606961,0,12,,57.44,26.83222222
LVA,Letônia,Q24451371,http://www.wikidata.org/entity/Q15710292,0,11,,56.14277778,26.59777778
LVA,Letônia,Q24451368,http://www.wikidata.org/entity/Q4992613,0,3,,57.06555556,25.83944444
LVA,Letônia,Q24451369,http://www.wikidata.org/entity/Q4992613,0,6,,57.11416667,25.845
LVA,Letônia,Q24529625,http://www.wikidata.org/entity/Q15710292,0,17,,56.22944444,26.37777778
LVA,Letônia,Q24574686,http://www.wikidata.org/entity/Q2607051,0,2,,57.31361111,26.96805556
LVA,Letônia,Q24575473,http://www.wikidata.org/entity/Q2607051,0,15,,57.33027778,26.94277778
LVA,Letônia,Q24578399,http://www.wikidata.org/entity/Q15710292,0,23,,56.20611111,26.46444444
LVA,Letônia,Q24578396,http://www.wikidata.org/entity/Q15710292,0,16,,56.155,26.52694444
LVA,Letônia,Q24578397,http://www.wikidata.org/entity/Q15710316,0,6,,56.21944444,26.48305556
LVA,Letônia,Q24620033,http://www.wikidata.org/entity/Q2607051,0,3,,57.32805556,26.98166667
LVA,Letônia,Q24629162,http://www.wikidata.org/entity/Q15710316,0,20,,56.18361111,26.58444444
LVA,Letônia,Q24629163,http://www.wikidata.org/entity/Q15710316,0,2,,56.24833333,26.43722222
LVA,Letônia,Q24629161,http://www.wikidata.org/entity/Q15710316,0,17,,56.205,26.55638889
LVA,Letônia,Q24660117,http://www.wikidata.org/entity/Q15710316,0,3,,56.21805556,26.49638889
LVA,Letônia,Q24702142,http://www.wikidata.org/entity/Q15710316,0,9,,56.23333333,26.54388889
LVA,Letônia,Q24702143,http://www.wikidata.org/entity/Q15710316,0,7,,56.2,26.57305556
LVA,Letônia,Q24702140,http://www.wikidata.org/entity/Q15710316,0,7,,56.30277778,26.38777778
LVA,Letônia,Q24702141,http://www.wikidata.org/entity/Q15710316,0,6,,56.24416667,26.40444444
LVA,Letônia,Q24702167,http://www.wikidata.org/entity/Q15710316,0,12,,56.19416667,26.55583333
LVA,Letônia,Q24702168,http://www.wikidata.org/entity/Q15710316,0,7,,56.17916667,26.59111111
LVA,Letônia,Q24702169,http://www.wikidata.org/entity/Q15710316,0,15,,56.21833333,26.52916667
LVA,Letônia,Q24717592,http://www.wikidata.org/entity/Q15710316,0,22,,56.22861111,26.475
LVA,Letônia,Q24717593,http://www.wikidata.org/entity/Q15710316,0,1,,56.21805556,26.56222222
LVA,Letônia,Q24767666,http://www.wikidata.org/entity/Q3801311,0,50,,56.27861111,26.62194444
LVA,Letônia,Q24767667,http://www.wikidata.org/entity/Q3801311,0,1,,56.25694444,26.5925
LVA,Letônia,Q24767670,http://www.wikidata.org/entity/Q3801311,0,22,,56.27388889,26.65555556
LVA,Letônia,Q24767668,http://www.wikidata.org/entity/Q3801311,0,6,,56.25805556,26.63277778
LVA,Letônia,Q24767669,http://www.wikidata.org/entity/Q3801311,0,1,,56.24666667,26.62555556
LVA,Letônia,Q24767674,http://www.wikidata.org/entity/Q3801311,0,7,,56.21416667,26.64777778
LVA,Letônia,Q24767676,http://www.wikidata.org/entity/Q3801311,0,5,,56.23888889,26.665
LVA,Letônia,Q24767677,http://www.wikidata.org/entity/Q3801311,0,13,,56.2775,26.60166667
LVA,Letônia,Q25175990,http://www.wikidata.org/entity/Q3801311,0,1,,56.21555556,26.61472222
LVA,Letônia,Q25175991,http://www.wikidata.org/entity/Q3801311,0,11,,56.22972222,26.67694444
LVA,Letônia,Q25175989,http://www.wikidata.org/entity/Q3801311,0,7,,56.19277778,26.60555556
LVA,Letônia,Q25175993,http://www.wikidata.org/entity/Q3801311,0,6,,56.20194444,26.63222222
LVA,Letônia,Q25175998,http://www.wikidata.org/entity/Q3801311,0,19,,56.26666667,26.63444444
LVA,Letônia,Q25176018,http://www.wikidata.org/entity/Q3801311,0,27,,56.23666667,26.56277778
LVA,Letônia,Q25176025,http://www.wikidata.org/entity/Q3801311,0,10,,56.2425,26.55916667
LVA,Letônia,Q25288724,http://www.wikidata.org/entity/Q3328156,0,22,,56.65694444,26.55777778
LVA,Letônia,Q25288738,http://www.wikidata.org/entity/Q3328156,0,2,,56.65388889,26.53527778
LVA,Letônia,Q25541737,http://www.wikidata.org/entity/Q2606946,0,22,,57.39138889,26.665
LVA,Letônia,Q25553899,http://www.wikidata.org/entity/Q3328156,0,7,,56.65861111,26.54416667
LVA,Letônia,Q25553902,http://www.wikidata.org/entity/Q3328156,0,35,,56.64555556,26.64166667
LVA,Letônia,Q25553901,http://www.wikidata.org/entity/Q3328156,0,12,,56.6725,26.71444444
LVA,Letônia,Q25553905,http://www.wikidata.org/entity/Q3328156,0,4,,56.65583333,26.71666667
LVA,Letônia,Q25553962,http://www.wikidata.org/entity/Q3328156,0,30,,56.65361111,26.64861111
LVA,Letônia,Q25553963,http://www.wikidata.org/entity/Q3328156,0,18,,56.65833333,26.59777778
LVA,Letônia,Q25597409,http://www.wikidata.org/entity/Q3328156,0,5,,56.64972222,26.41194444
LVA,Letônia,Q25707115,http://www.wikidata.org/entity/Q7915421,0,8,,56.59833333,26.69305556
LVA,Letônia,Q25707118,http://www.wikidata.org/entity/Q7915421,0,6,,56.60277778,26.64777778
LVA,Letônia,Q25707116,http://www.wikidata.org/entity/Q7915421,0,12,,56.5625,26.59611111
LVA,Letônia,Q25707117,http://www.wikidata.org/entity/Q7915421,0,55,,56.56638889,26.62555556
LVA,Letônia,Q25707120,http://www.wikidata.org/entity/Q2606946,0,11,,57.40055556,26.64472222
LVA,Letônia,Q25707121,http://www.wikidata.org/entity/Q2606946,0,27,,57.37972222,26.72638889
LVA,Letônia,Q25839714,http://www.wikidata.org/entity/Q7915421,0,16,,56.60833333,26.65472222
LVA,Letônia,Q25839721,http://www.wikidata.org/entity/Q7915421,0,18,,56.58916667,26.645
LVA,Letônia,Q25839773,http://www.wikidata.org/entity/Q7915421,0,8,,56.65694444,26.75111111
LVA,Letônia,Q25839793,http://www.wikidata.org/entity/Q7915421,0,52,,56.61444444,26.7275
LVA,Letônia,Q25839814,http://www.wikidata.org/entity/Q7915421,0,23,,56.57583333,26.63472222
LVA,Letônia,Q25974555,http://www.wikidata.org/entity/Q2606984,0,8,,57.40361111,27.17194444
LVA,Letônia,Q25974553,http://www.wikidata.org/entity/Q2606984,0,6,,57.4175,27.18888889
LVA,Letônia,Q26472949,http://www.wikidata.org/entity/Q7908915,0,98,,56.42222222,21.75944444
LVA,Letônia,Q26702034,http://www.wikidata.org/entity/Q5251802,0,25,,56.91083333,23.13694444
LVA,Letônia,Q26702035,http://www.wikidata.org/entity/Q2606978,0,16,,57.34388889,27.44388889
LVA,Letônia,Q26702036,http://www.wikidata.org/entity/Q5251802,0,46,,56.8864,23.07239
LVA,Letônia,Q26706782,http://www.wikidata.org/entity/Q5321298,0,20,,56.79305556,23.25444444
LVA,Letônia,Q26709268,http://www.wikidata.org/entity/Q5321298,0,20,,56.79527778,23.32638889
LVA,Letônia,Q26709269,http://www.wikidata.org/entity/Q5321298,0,30,,56.81694444,23.38138889
LVA,Letônia,Q26722280,http://www.wikidata.org/entity/Q5321298,0,10,,56.78583333,23.22888889
LVA,Letônia,Q26722281,http://www.wikidata.org/entity/Q5321298,0,20,,56.73833333,23.31861111
LVA,Letônia,Q26724166,http://www.wikidata.org/entity/Q2606978,0,18,,57.36222222,27.58527778
LVA,Letônia,Q26737737,http://www.wikidata.org/entity/Q2606978,0,32,,57.34944444,27.44861111
LVA,Letônia,Q26753611,http://www.wikidata.org/entity/Q6071987,0,25,,56.86222222,23.03861111
LVA,Letônia,Q26758648,http://www.wikidata.org/entity/Q2606978,0,29,,57.36194444,27.55777778
LVA,Letônia,Q26758649,http://www.wikidata.org/entity/Q2606978,0,11,,57.39138889,27.41472222
LVA,Letônia,Q26776967,http://www.wikidata.org/entity/Q6071987,0,15,,56.88027778,22.9475
LVA,Letônia,Q26776968,http://www.wikidata.org/entity/Q6071987,0,73,,56.81861111,23.01888889
LVA,Letônia,Q26827862,http://www.wikidata.org/entity/Q2606978,0,15,,57.34916667,27.51138889
LVA,Letônia,Q26827861,http://www.wikidata.org/entity/Q2606978,0,42,,57.35694444,27.46777778
LVA,Letônia,Q26882414,http://www.wikidata.org/entity/Q2606978,0,5,,57.36833333,27.45916667
LVA,Letônia,Q28466004,http://www.wikidata.org/entity/Q3801621,0,20,,57.52611111,26.77277778
LVA,Letônia,Q28520118,,0,1,,,
LVA,Letônia,Q28520116,http://www.wikidata.org/entity/Q7928433,0,49,,56.45333333,23.94722222
LVA,Letônia,Q28520196,http://www.wikidata.org/entity/Q2615046,0,32,,55.9468,26.7172
LVA,Letônia,Q28531418,http://www.wikidata.org/entity/Q7205927,0,24,,57.62388889,25.84222222
LVA,Letônia,Q28531419,http://www.wikidata.org/entity/Q7205927,0,50,,57.63166667,25.72111111
LVA,Letônia,Q28531417,http://www.wikidata.org/entity/Q7205927,0,40,,57.56055556,25.82638889
LVA,Letônia,Q28531420,http://www.wikidata.org/entity/Q7205927,0,35,,57.60194444,25.80944444
LVA,Letônia,Q28531421,http://www.wikidata.org/entity/Q7205927,0,61,,57.54388889,25.80138889
LVA,Letônia,Q28604119,http://www.wikidata.org/entity/Q4913600,0,91,,57.456944444444,25.999722222222
LVA,Letônia,Q28732451,http://www.wikidata.org/entity/Q4927412,0,35,,57.47472222,25.70916667
LVA,Letônia,Q28732482,http://www.wikidata.org/entity/Q4927412,0,25,,57.47333333,25.76972222
LVA,Letônia,Q28732485,http://www.wikidata.org/entity/Q4927412,0,20,,57.44388889,25.72694444
LVA,Letônia,Q28732490,http://www.wikidata.org/entity/Q3743294,0,11,,57.54166667,26.4375
LVA,Letônia,Q28732488,http://www.wikidata.org/entity/Q3743294,0,66,,57.4825,26.44277778
LVA,Letônia,Q28732495,http://www.wikidata.org/entity/Q3800969,0,12,,57.43444444,26.67
LVA,Letônia,Q28732499,http://www.wikidata.org/entity/Q3800969,0,23,,57.47194444,26.54722222
LVA,Letônia,Q28732497,http://www.wikidata.org/entity/Q3800969,0,6,,57.48416667,26.55416667
LVA,Letônia,Q28732501,http://www.wikidata.org/entity/Q3800969,0,14,,57.43194444,26.57222222
LVA,Letônia,Q28739164,http://www.wikidata.org/entity/Q3800919,0,25,,57.38583333,26.47
LVA,Letônia,Q28764339,http://www.wikidata.org/entity/Q4927412,0,35,,57.46194444,25.78916667
LVA,Letônia,Q28764348,http://www.wikidata.org/entity/Q4927412,0,8,,57.45916667,25.69222222
LVA,Letônia,Q28764353,http://www.wikidata.org/entity/Q3800919,0,15,,57.44666667,26.34916667
LVA,Letônia,Q28764359,http://www.wikidata.org/entity/Q3800919,0,10,,57.46305556,26.35805556
LVA,Letônia,Q28764363,http://www.wikidata.org/entity/Q3800919,0,20,,57.395,26.41083333
LVA,Letônia,Q28764369,http://www.wikidata.org/entity/Q3800919,0,50,,57.40472222,26.38944444
LVA,Letônia,Q28764372,http://www.wikidata.org/entity/Q3800919,0,8,,57.45805556,26.34416667
LVA,Letônia,Q28790526,http://www.wikidata.org/entity/Q11122280,0,19,,57.39194444,25.86
LVA,Letônia,Q28790524,http://www.wikidata.org/entity/Q11122280,0,27,,57.36027778,25.73972222
LVA,Letônia,Q28792189,http://www.wikidata.org/entity/Q2895716,0,8,,56.40611111,23.04138889
LVA,Letônia,Q28962127,http://www.wikidata.org/entity/Q1764500,0,25,,57.35472222,26.23666667
LVA,Letônia,Q28962133,http://www.wikidata.org/entity/Q1764500,0,15,,57.37555556,26.14138889
LVA,Letônia,Q28962139,http://www.wikidata.org/entity/Q1764500,0,10,,57.41361111,26.20472222
LVA,Letônia,Q28962167,http://www.wikidata.org/entity/Q4852990,0,0,,56.9275,27.68944444
LVA,Letônia,Q28962173,http://www.wikidata.org/entity/Q1764500,0,43,,57.39333333,26.14472222
LVA,Letônia,Q28962180,http://www.wikidata.org/entity/Q1764500,0,30,,57.36527778,26.16861111
LVA,Letônia,Q28966959,http://www.wikidata.org/entity/Q1764500,0,30,,57.40722222,26.11611111
LVA,Letônia,Q29869989,http://www.wikidata.org/entity/Q1708310,0,41,,57.34722222,26.18194444
LVA,Letônia,Q29936897,http://www.wikidata.org/entity/Q499959,0,63,,57.11638889,27.25888889
LVA,Letônia,Q26882415,http://www.wikidata.org/entity/Q2606978,0,17,,57.37666667,27.42222222
LVA,Letônia,Q26884316,http://www.wikidata.org/entity/Q7265234,0,28,,57.00833333,22.90777778
LVA,Letônia,Q26905858,http://www.wikidata.org/entity/Q7265234,0,28,,57.06,22.89416667
LVA,Letônia,Q26905860,http://www.wikidata.org/entity/Q2606978,0,17,,57.37166667,27.43694444
LVA,Letônia,Q26905861,http://www.wikidata.org/entity/Q2606978,0,6,,57.39,27.40222222
LVA,Letônia,Q26921703,http://www.wikidata.org/entity/Q7667013,0,30,,57.02388889,23.14583333
LVA,Letônia,Q26921705,http://www.wikidata.org/entity/Q7667013,0,45,,57.09083333,23.0925
LVA,Letônia,Q26945206,http://www.wikidata.org/entity/Q7667013,0,231,,57.060277777778,23.028333333333
LVA,Letônia,Q26970767,http://www.wikidata.org/entity/Q7667013,0,98,,57.06888889,23.20166667
LVA,Letônia,Q26970772,http://www.wikidata.org/entity/Q2607056,0,1,,57.37611111,27.13416667
LVA,Letônia,Q26970783,http://www.wikidata.org/entity/Q2607056,0,5,,57.36694444,27.13611111
LVA,Letônia,Q26970785,http://www.wikidata.org/entity/Q2607056,0,10,,57.34583333,27.10861111
LVA,Letônia,Q27042325,http://www.wikidata.org/entity/Q2607113,0,7,,57.33777778,27.36277778
LVA,Letônia,Q27048519,http://www.wikidata.org/entity/Q2607113,0,16,,57.31777778,27.29861111
LVA,Letônia,Q27048516,http://www.wikidata.org/entity/Q4423170,0,24,,56.86805556,23.31805556
LVA,Letônia,Q27055674,http://www.wikidata.org/entity/Q7852609,0,34,,56.945586,23.128227
LVA,Letônia,Q27055672,http://www.wikidata.org/entity/Q7852609,0,7,,56.91277778,23.05388889
LVA,Letônia,Q27055673,http://www.wikidata.org/entity/Q7852609,0,1,,56.99138889,23.13611111
LVA,Letônia,Q27089523,http://www.wikidata.org/entity/Q7852609,0,37,,56.94583333,23.10972222
LVA,Letônia,Q27089527,http://www.wikidata.org/entity/Q7852609,0,22,,56.95111111,23.10972222
LVA,Letônia,Q27089530,http://www.wikidata.org/entity/Q7852609,0,18,,56.96027778,23.02194444
LVA,Letônia,Q27089529,http://www.wikidata.org/entity/Q7852609,0,13,,56.95305556,23.07916667
LVA,Letônia,Q27149738,http://www.wikidata.org/entity/Q4993835,0,20,,56.40888889,23.38388889
LVA,Letônia,Q27149740,http://www.wikidata.org/entity/Q4993835,0,24,,56.40666667,23.36222222
LVA,Letônia,Q27149753,http://www.wikidata.org/entity/Q12304622,0,49,,56.41138889,23.21222222
LVA,Letônia,Q27149761,http://www.wikidata.org/entity/Q12304622,0,16,,56.4275,23.17638889
LVA,Letônia,Q27149765,http://www.wikidata.org/entity/Q12304622,0,15,,56.44611111,23.18722222
LVA,Letônia,Q27149777,http://www.wikidata.org/entity/Q12304622,0,11,,56.43111111,23.22416667
LVA,Letônia,Q27233126,http://www.wikidata.org/entity/Q4993828,0,88,,56.47416667,23.3225
LVA,Letônia,Q27486331,http://www.wikidata.org/entity/Q4102725,0,257,,56.84166667,23.58722222
LVA,Letônia,Q28017135,http://www.wikidata.org/entity/Q374345,0,3,,57.35583333,26.79305556
LVA,Letônia,Q28017136,http://www.wikidata.org/entity/Q374345,0,19,,57.36611111,26.81611111
LVA,Letônia,Q28017137,http://www.wikidata.org/entity/Q374345,0,5,,57.32,26.72888889
LVA,Letônia,Q28017142,http://www.wikidata.org/entity/Q374345,0,5,,57.32416667,26.79083333
LVA,Letônia,Q28017143,http://www.wikidata.org/entity/Q374345,0,4,,57.35444444,26.82916667
LVA,Letônia,Q28058297,http://www.wikidata.org/entity/Q455528,0,43,,57.19361111,25.22583333
LVA,Letônia,Q28154787,http://www.wikidata.org/entity/Q2606940,0,14,,57.11083333,25.31611111
LVA,Letônia,Q28154790,http://www.wikidata.org/entity/Q2606940,0,25,,57.02527778,25.17333333
LVA,Letônia,Q28154791,http://www.wikidata.org/entity/Q2606940,0,18,,57.04722222,25.23861111
LVA,Letônia,Q28154789,http://www.wikidata.org/entity/Q2606940,0,40,,57.06472222,25.29694444
LVA,Letônia,Q28154793,http://www.wikidata.org/entity/Q2607067,0,34,,57.08722222,25.37944444
LVA,Letônia,Q28363223,http://www.wikidata.org/entity/Q3801621,0,30,,57.54861111,26.71555556
LVA,Letônia,Q28381026,http://www.wikidata.org/entity/Q2607012,0,1,,56.98666667,25.35194444
LVA,Letônia,Q28381027,http://www.wikidata.org/entity/Q2607012,0,21,,56.95861111,25.20638889
LVA,Letônia,Q28381025,http://www.wikidata.org/entity/Q2607012,0,15,,57.03777778,25.3625
LVA,Letônia,Q28381030,http://www.wikidata.org/entity/Q3801621,0,9,,57.57722222,26.83027778
LVA,Letônia,Q28381031,http://www.wikidata.org/entity/Q3801621,0,10,,57.52222222,26.79305556
LVA,Letônia,Q28381028,http://www.wikidata.org/entity/Q2607012,0,14,,57.00388889,25.345
LVA,Letônia,Q28381029,http://www.wikidata.org/entity/Q2607012,0,15,,56.98611111,25.20527778
LVA,Letônia,Q28381034,http://www.wikidata.org/entity/Q3801621,0,10,,57.55722222,26.80333333
LVA,Letônia,Q28381035,http://www.wikidata.org/entity/Q3801621,0,10,,57.53,26.72361111
LVA,Letônia,Q28381032,http://www.wikidata.org/entity/Q3801621,0,30,,57.53083333,26.68666667
LVA,Letônia,Q28381033,http://www.wikidata.org/entity/Q3801621,0,10,,57.47805556,26.64916667
LVA,Letônia,Q28381038,http://www.wikidata.org/entity/Q3801621,0,10,,57.51555556,26.67666667
LVA,Letônia,Q28381036,http://www.wikidata.org/entity/Q3801621,0,10,,57.53472222,26.81611111
LVA,Letônia,Q21481168,http://www.wikidata.org/entity/Q4993613,0,183,,56.41833333,24.23333333
LVA,Letônia,Q21481174,http://www.wikidata.org/entity/Q4364707,0,140,,56.54277778,23.72222222
LVA,Letônia,Q21481173,http://www.wikidata.org/entity/Q7928433,0,202,,56.48,24.02777778
LVA,Letônia,Q21481184,http://www.wikidata.org/entity/Q4333407,0,481,,56.78166667,23.94416667
LVA,Letônia,Q21481185,http://www.wikidata.org/entity/Q4993633,0,117,,56.33416667,24.24333333
LVA,Letônia,Q21481197,http://www.wikidata.org/entity/Q4993639,0,125,,56.40083333,24.3725
LVA,Letônia,Q21663682,http://www.wikidata.org/entity/Q12318549,0,100,,57.12888889,24.63055556
LVA,Letônia,Q22054949,http://www.wikidata.org/entity/Q2605088,0,18,,56.09555556,27.02
LVA,Letônia,Q22071431,http://www.wikidata.org/entity/Q6711684,0,13,,57.19694444,22.64138889
LVA,Letônia,Q22071434,http://www.wikidata.org/entity/Q6711684,0,25,,57.17916667,22.55916667
LVA,Letônia,Q22071433,http://www.wikidata.org/entity/Q6711684,0,93,,57.18916667,22.57444444
LVA,Letônia,Q22074434,http://www.wikidata.org/entity/Q6711684,0,9,,57.1925,22.68138889
LVA,Letônia,Q22074436,http://www.wikidata.org/entity/Q6711684,0,30,,57.24138889,22.62694444
LVA,Letônia,Q22132399,http://www.wikidata.org/entity/Q2605088,0,12,,56.11444444,27.00416667
LVA,Letônia,Q22132403,http://www.wikidata.org/entity/Q2605088,0,9,,56.11138889,27.11194444
LVA,Letônia,Q22132401,http://www.wikidata.org/entity/Q2605088,0,1,,56.06972222,26.98861111
LVA,Letônia,Q22137371,http://www.wikidata.org/entity/Q8080295,0,75,,56.74638889,24.27222222
LVA,Letônia,Q22222642,http://www.wikidata.org/entity/Q4333407,0,20,,56.76805556,23.87777778
LVA,Letônia,Q22222641,http://www.wikidata.org/entity/Q7378637,0,124,,56.94555556,27.19222222
LVA,Letônia,Q22580929,http://www.wikidata.org/entity/Q2605088,0,19,,56.07277778,27.00833333
LVA,Letônia,Q22580937,http://www.wikidata.org/entity/Q4268331,0,103,,56.33472222,27.30361111
LVA,Letônia,Q22581011,http://www.wikidata.org/entity/Q2605088,0,4,,56.15472222,26.95
LVA,Letônia,Q22581014,http://www.wikidata.org/entity/Q4419275,0,338,,56.40972222,26.99638889
LVA,Letônia,Q22581016,http://www.wikidata.org/entity/Q4993607,0,2,,56.48333333,24.78333333
LVA,Letônia,Q22689561,http://www.wikidata.org/entity/Q4074382,0,52,,56.89472222,23.80333333
LVA,Letônia,Q22689565,http://www.wikidata.org/entity/Q4074382,0,453,,56.90527778,23.83333333
LVA,Letônia,Q22689575,http://www.wikidata.org/entity/Q4074382,0,21,,56.90277778,23.87166667
LVA,Letônia,Q22689596,http://www.wikidata.org/entity/Q2605137,0,3,,56.0175,27.09638889
LVA,Letônia,Q22689606,http://www.wikidata.org/entity/Q2605137,0,1,,56.0475,27.15527778
LVA,Letônia,Q22689611,http://www.wikidata.org/entity/Q2605137,0,2,,56.06472222,27.16
LVA,Letônia,Q22689615,http://www.wikidata.org/entity/Q2605137,0,3,,56.0875,27.13694444
LVA,Letônia,Q22689622,http://www.wikidata.org/entity/Q2605137,0,1,,56.08805556,27.20611111
LVA,Letônia,Q22912235,http://www.wikidata.org/entity/Q4993645,0,48,,57.52027778,22.39722222
LVA,Letônia,Q22912238,http://www.wikidata.org/entity/Q4993645,0,12,,57.56416667,22.27472222
LVA,Letônia,Q22912236,http://www.wikidata.org/entity/Q4993645,0,61,,57.58416667,22.40388889
LVA,Letônia,Q22912237,http://www.wikidata.org/entity/Q4993645,0,86,,57.58611111,22.3
LVA,Letônia,Q22917650,http://www.wikidata.org/entity/Q7427430,0,137,,56.38333333,26.64222222
LVA,Letônia,Q22917651,http://www.wikidata.org/entity/Q4993645,0,55,,57.44055556,22.40472222
LVA,Letônia,Q22917649,http://www.wikidata.org/entity/Q12332326,0,320,,56.30444444,26.69277778
LVA,Letônia,Q22917652,http://www.wikidata.org/entity/Q3801520,0,100,,56.43694444,26.75972222
LVA,Letônia,Q22979195,http://www.wikidata.org/entity/Q6497766,0,0,,57.22305556,22.67055556
LVA,Letônia,Q22979201,http://www.wikidata.org/entity/Q6497766,0,3,,57.22388889,22.65861111
LVA,Letônia,Q23000892,http://www.wikidata.org/entity/Q2605174,0,10,,56.13,27.21638889
LVA,Letônia,Q23000893,http://www.wikidata.org/entity/Q2605174,0,3,,56.16638889,27.30444444
LVA,Letônia,Q23000898,http://www.wikidata.org/entity/Q6497766,0,8,,57.28416667,22.86027778
LVA,Letônia,Q23000899,http://www.wikidata.org/entity/Q6497766,0,22,,57.26944444,22.84916667
LVA,Letônia,Q23000902,http://www.wikidata.org/entity/Q2359260,0,6,,56.62222222,26.80111111
LVA,Letônia,Q23000900,http://www.wikidata.org/entity/Q2359260,0,13,,56.595,26.76138889
LVA,Letônia,Q23007544,http://www.wikidata.org/entity/Q6497766,0,19,,57.24472222,22.87361111
LVA,Letônia,Q23007545,http://www.wikidata.org/entity/Q6695170,0,44,,57.45277778,22.60694444
LVA,Letônia,Q23009118,http://www.wikidata.org/entity/Q3801119,0,6,,56.49361111,26.96916667
LVA,Letônia,Q23009119,http://www.wikidata.org/entity/Q3801119,0,14,,56.47138889,27.04611111
LVA,Letônia,Q23009117,http://www.wikidata.org/entity/Q3801119,0,20,,56.465,27.00194444
LVA,Letônia,Q23009120,http://www.wikidata.org/entity/Q7914568,0,6,,57.285,22.70722222
LVA,Letônia,Q23011579,http://www.wikidata.org/entity/Q6473796,0,45,,57.29027778,22.69111111
LVA,Letônia,Q23011580,http://www.wikidata.org/entity/Q6497766,0,8,,57.24194444,22.65138889
LVA,Letônia,Q23072691,http://www.wikidata.org/entity/Q2605096,0,1,,56.00416667,27.04361111
LVA,Letônia,Q23072695,http://www.wikidata.org/entity/Q5132212,0,12,,57.16722222,27.67472222
LVA,Letônia,Q23072692,http://www.wikidata.org/entity/Q2605096,0,2,,56.09972222,27.09611111
LVA,Letônia,Q23072693,http://www.wikidata.org/entity/Q2605096,0,37,,56.04472222,27.00277778
LVA,Letônia,Q23307942,http://www.wikidata.org/entity/Q7649870,0,5,,57.15361111,27.49444444
LVA,Letônia,Q23307943,http://www.wikidata.org/entity/Q7649870,0,4,,57.23055556,27.69111111
LVA,Letônia,Q23307940,http://www.wikidata.org/entity/Q7649870,0,9,,57.24611111,27.73166667
LVA,Letônia,Q23307941,http://www.wikidata.org/entity/Q7649870,0,10,,57.27277778,27.73388889
LVA,Letônia,Q23307944,http://www.wikidata.org/entity/Q7649870,0,27,,57.17305556,27.59472222
LVA,Letônia,Q23307945,http://www.wikidata.org/entity/Q7649870,0,36,,57.18111111,27.61777778
LVA,Letônia,Q23313430,http://www.wikidata.org/entity/Q3801278,0,58,,57.02888889,27.61194444
LVA,Letônia,Q23641234,http://www.wikidata.org/entity/Q3801278,0,8,,57.05111111,27.69638889
LVA,Letônia,Q23641235,http://www.wikidata.org/entity/Q3801278,0,18,,57.02888889,27.65805556
LVA,Letônia,Q23641238,http://www.wikidata.org/entity/Q3801278,0,29,,57.0275,27.56472222
LVA,Letônia,Q23641239,http://www.wikidata.org/entity/Q3801278,0,19,,57.02972222,27.58611111
LVA,Letônia,Q23641236,http://www.wikidata.org/entity/Q3801278,0,19,,57.04083333,27.63666667
LVA,Letônia,Q23641237,http://www.wikidata.org/entity/Q3801278,0,3,,57.06416667,27.69777778
LVA,Letônia,Q23641242,http://www.wikidata.org/entity/Q3801278,0,3,,57.03194444,27.68333333
LVA,Letônia,Q23641243,http://www.wikidata.org/entity/Q3801278,0,3,,57.07138889,27.67055556
LVA,Letônia,Q23641240,http://www.wikidata.org/entity/Q3801278,0,2,,57.04472222,27.685
LVA,Letônia,Q23641241,http://www.wikidata.org/entity/Q3801278,0,17,,57.06055556,27.66083333
LVA,Letônia,Q23641246,http://www.wikidata.org/entity/Q3801278,0,7,,57.06666667,27.68583333
LVA,Letônia,Q23641247,http://www.wikidata.org/entity/Q3801278,0,20,,57.04861111,27.58472222
LVA,Letônia,Q23641244,http://www.wikidata.org/entity/Q3801278,0,4,,57.08722222,27.71444444
LVA,Letônia,Q23641245,http://www.wikidata.org/entity/Q3801278,0,7,,57.05222222,27.66416667
LVA,Letônia,Q23747243,http://www.wikidata.org/entity/Q5364443,0,12,,56.2025,25.66333333
LVA,Letônia,Q23747256,http://www.wikidata.org/entity/Q499965,0,0,,57.265,27.71277778
LVA,Letônia,Q23748861,http://www.wikidata.org/entity/Q4058848,0,51,,56.7,21.45277778
LVA,Letônia,Q23815655,http://www.wikidata.org/entity/Q4058848,0,23,,56.71222222,21.48
LVA,Letônia,Q23815656,http://www.wikidata.org/entity/Q4505837,0,10,,56.72388889,21.45777778
LVA,Letônia,Q23818822,http://www.wikidata.org/entity/Q4505837,0,38,,56.75027778,21.405
LVA,Letônia,Q23818821,http://www.wikidata.org/entity/Q4505837,0,56,,56.71388889,21.37527778
LVA,Letônia,Q23823174,http://www.wikidata.org/entity/Q4752545,0,17,,57.48722222,22.05222222
LVA,Letônia,Q23823562,http://www.wikidata.org/entity/Q4505837,0,15,,56.72972222,21.48694444
LVA,Letônia,Q23832726,http://www.wikidata.org/entity/Q4752545,0,46,,57.48138889,22.13583333
LVA,Letônia,Q23832725,http://www.wikidata.org/entity/Q4752545,0,4,,57.46,22.12027778
LVA,Letônia,Q23900682,http://www.wikidata.org/entity/Q4992623,0,8,,57.1875,21.68833333
LVA,Letônia,Q23900680,http://www.wikidata.org/entity/Q4992623,0,36,,57.28861111,21.71361111
LVA,Letônia,Q23900687,http://www.wikidata.org/entity/Q4208263,0,7,,56.70638889,21.7075
LVA,Letônia,Q23900690,http://www.wikidata.org/entity/Q4992623,0,108,,57.28277778,21.64777778
LVA,Letônia,Q23900691,http://www.wikidata.org/entity/Q4208263,0,15,,56.74222222,21.72194444
LVA,Letônia,Q23900689,http://www.wikidata.org/entity/Q4992623,0,19,,57.26666667,21.65527778
LVA,Letônia,Q23900692,http://www.wikidata.org/entity/Q4992620,0,106,,57.40722222,21.9075
LVA,Letônia,Q23906598,http://www.wikidata.org/entity/Q4992620,0,41,,57.44583333,21.87333333
LVA,Letônia,Q23906597,http://www.wikidata.org/entity/Q4992620,0,95,,57.415,21.91861111
LVA,Letônia,Q23906600,http://www.wikidata.org/entity/Q4992620,0,17,,57.39472222,21.94972222
LVA,Letônia,Q23926782,http://www.wikidata.org/entity/Q4992595,0,38,,57.43444444,21.65805556
LVA,Letônia,Q23926783,http://www.wikidata.org/entity/Q4992595,0,70,,57.34611111,21.74805556
LVA,Letônia,Q23926781,http://www.wikidata.org/entity/Q4992595,0,51,,57.34083333,21.62527778
LVA,Letônia,Q23926784,http://www.wikidata.org/entity/Q4992595,0,33,,57.48,21.68777778
LVA,Letônia,Q23926785,http://www.wikidata.org/entity/Q4992595,0,116,,57.35194444,21.62472222
LVA,Letônia,Q23935744,http://www.wikidata.org/entity/Q4992595,0,7,,57.52444444,21.68333333
LVA,Letônia,Q23935745,http://www.wikidata.org/entity/Q4992595,0,80,,57.32388889,21.68944444
LVA,Letônia,Q23935751,http://www.wikidata.org/entity/Q4252748,0,10,,56.79333333,21.59555556
LVA,Letônia,Q23935754,http://www.wikidata.org/entity/Q4992595,0,74,,57.36583333,21.63111111
LVA,Letônia,Q23935755,http://www.wikidata.org/entity/Q4992595,0,18,,57.39861111,21.69277778
LVA,Letônia,Q23935752,http://www.wikidata.org/entity/Q4992595,0,20,,57.48194444,21.76277778
LVA,Letônia,Q23935753,http://www.wikidata.org/entity/Q4992595,0,28,,57.39722222,21.76
LVA,Letônia,Q23935758,http://www.wikidata.org/entity/Q4252748,0,8,,56.7725,21.48972222
LVA,Letônia,Q23935759,http://www.wikidata.org/entity/Q4992595,0,56,,57.39305556,21.62833333
LVA,Letônia,Q23935756,http://www.wikidata.org/entity/Q4992595,0,71,,57.39583333,21.66638889
LVA,Letônia,Q23935757,http://www.wikidata.org/entity/Q4992595,0,42,,57.31333333,21.60055556
LVA,Letônia,Q24083282,http://www.wikidata.org/entity/Q3801007,0,13,,56.1475,25.78805556
LVA,Letônia,Q24083283,http://www.wikidata.org/entity/Q3801007,0,9,,56.20666667,25.69916667
LVA,Letônia,Q24083286,http://www.wikidata.org/entity/Q2361027,0,4,,55.82555556,27.57888889
LVA,Letônia,Q24083287,http://www.wikidata.org/entity/Q2605165,0,0,,56.18527778,25.88027778
LVA,Letônia,Q24083284,http://www.wikidata.org/entity/Q4208263,0,75,,56.68611111,21.63777778
LVA,Letônia,Q24083285,http://www.wikidata.org/entity/Q2361027,0,3,,55.84138889,27.41555556
LVA,Letônia,Q24083290,http://www.wikidata.org/entity/Q4208263,0,22,,56.70166667,21.75194444
LVA,Letônia,Q24083288,http://www.wikidata.org/entity/Q4992625,0,24,,57.26888889,25.64222222
LVA,Letônia,Q24083289,http://www.wikidata.org/entity/Q4992625,0,28,,57.2025,25.64555556
LVA,Letônia,Q24170207,http://www.wikidata.org/entity/Q2605165,0,3,,56.14972222,25.91527778
LVA,Letônia,Q24170210,http://www.wikidata.org/entity/Q2605165,0,5,,56.1175,25.85638889
LVA,Letônia,Q24170209,http://www.wikidata.org/entity/Q4992625,0,12,,57.21611111,25.57805556
LVA,Letônia,Q24175164,http://www.wikidata.org/entity/Q4992625,0,8,,57.20361111,25.61916667
LVA,Letônia,Q24175165,http://www.wikidata.org/entity/Q2605165,0,27,,56.07888889,25.94
LVA,Letônia,Q24205532,http://www.wikidata.org/entity/Q2605129,0,24,,56.09138889,25.72972222
LVA,Letônia,Q24208656,http://www.wikidata.org/entity/Q4992610,0,10,,57.03583333,25.75138889
LVA,Letônia,Q24208657,http://www.wikidata.org/entity/Q4992610,0,5,,57.01138889,25.72166667
LVA,Letônia,Q24248491,http://www.wikidata.org/entity/Q2605129,0,0,,56.0725,25.80777778
LVA,Letônia,Q24255478,http://www.wikidata.org/entity/Q4992624,0,62,,57.02361111,25.63777778
LVA,Letônia,Q24255479,http://www.wikidata.org/entity/Q3801002,0,19,,57.75361111,24.85055556
LVA,Letônia,Q24255476,http://www.wikidata.org/entity/Q4992624,0,30,,57.09472222,25.65138889
LVA,Letônia,Q24255477,http://www.wikidata.org/entity/Q4992624,0,9,,57.00916667,25.71166667
LVA,Letônia,Q24255480,http://www.wikidata.org/entity/Q4186262,0,1,,56.82861111,22.70916667
LVA,Letônia,Q24255481,http://www.wikidata.org/entity/Q4992624,0,10,,57.09333333,25.61305556
LVA,Letônia,Q24275102,http://www.wikidata.org/entity/Q4992627,0,15,,57.11194444,25.70361111
LVA,Letônia,Q24275103,http://www.wikidata.org/entity/Q4212267,0,8,,57.02583333,22.67194444
LVA,Letônia,Q24275100,http://www.wikidata.org/entity/Q4992627,0,4,,57.11083333,25.67888889
LVA,Letônia,Q24275101,http://www.wikidata.org/entity/Q4992627,0,5,,57.15722222,25.58277778
LVA,Letônia,Q24275107,http://www.wikidata.org/entity/Q2607032,0,53,,57.7575,25.04055556
LVA,Letônia,Q24275110,http://www.wikidata.org/entity/Q2607032,0,40,,57.7025,25.00666667
LVA,Letônia,Q24275108,http://www.wikidata.org/entity/Q2607032,0,23,,57.76666667,25.02583333
LVA,Letônia,Q24285990,http://www.wikidata.org/entity/Q4992613,0,6,,57.09277778,25.73527778
LVA,Letônia,Q24285991,http://www.wikidata.org/entity/Q2606961,0,23,,57.42666667,27.00916667
LVA,Letônia,Q24285994,http://www.wikidata.org/entity/Q2606961,0,6,,57.40083333,26.99611111
LVA,Letônia,Q24285992,http://www.wikidata.org/entity/Q2606961,0,6,,57.35805556,26.95583333
LVA,Letônia,Q24292142,http://www.wikidata.org/entity/Q4992613,0,1,,57.03666667,25.73777778
LVA,Letônia,Q24660118,http://www.wikidata.org/entity/Q15710316,0,4,,56.28083333,26.40472222
LVA,Letônia,Q24662765,http://www.wikidata.org/entity/Q2606946,0,15,,57.37611111,26.65416667
LVA,Letônia,Q24663376,http://www.wikidata.org/entity/Q2606946,0,13,,57.40222222,26.71027778
LVA,Letônia,Q24665776,http://www.wikidata.org/entity/Q15710316,0,22,,56.20055556,26.53527778
LVA,Letônia,Q24702139,http://www.wikidata.org/entity/Q15710316,0,20,,56.21111111,26.48888889
LVA,Letônia,Q24702158,http://www.wikidata.org/entity/Q15710316,0,2,,56.19222222,26.53722222
LVA,Letônia,Q25176019,http://www.wikidata.org/entity/Q3801311,0,14,,56.22638889,26.63833333
LVA,Letônia,Q25176022,http://www.wikidata.org/entity/Q3801311,0,3,,56.17638889,26.62777778
LVA,Letônia,Q25176020,http://www.wikidata.org/entity/Q3801311,0,23,,56.28527778,26.64027778
LVA,Letônia,Q25176021,http://www.wikidata.org/entity/Q3801311,0,6,,56.23472222,26.64888889
LVA,Letônia,Q25176024,http://www.wikidata.org/entity/Q3801311,0,12,,56.19305556,26.66138889
LVA,Letônia,Q25288726,http://www.wikidata.org/entity/Q3328156,0,27,,56.6675,26.53472222
LVA,Letônia,Q25288727,http://www.wikidata.org/entity/Q3328156,0,11,,56.66111111,26.50027778
LVA,Letônia,Q25288725,http://www.wikidata.org/entity/Q3328156,0,3,,56.64166667,26.7025
LVA,Letônia,Q25288728,http://www.wikidata.org/entity/Q3328156,0,28,,56.63583333,26.65527778
LVA,Letônia,Q25288729,http://www.wikidata.org/entity/Q3328156,0,57,,56.6675,26.60861111
LVA,Letônia,Q25288739,http://www.wikidata.org/entity/Q3328156,0,4,,56.64527778,26.68222222
LVA,Letônia,Q25288744,http://www.wikidata.org/entity/Q3328156,0,22,,56.66888889,26.74472222
LVA,Letônia,Q25553908,http://www.wikidata.org/entity/Q3328156,0,42,,56.67333333,26.67666667
LVA,Letônia,Q25553915,http://www.wikidata.org/entity/Q3328156,0,5,,56.6575,26.68361111
LVA,Letônia,Q25553916,http://www.wikidata.org/entity/Q3328156,0,12,,56.68722222,26.66305556
LVA,Letônia,Q25553922,http://www.wikidata.org/entity/Q3328156,0,15,,56.64083333,26.59305556
LVA,Letônia,Q25553929,http://www.wikidata.org/entity/Q3328156,0,0,,56.63222222,26.48416667
LVA,Letônia,Q25553933,http://www.wikidata.org/entity/Q3328156,0,7,,56.66555556,26.69972222
LVA,Letônia,Q25553960,http://www.wikidata.org/entity/Q3328156,0,67,,56.65305556,26.48833333
LVA,Letônia,Q25553961,http://www.wikidata.org/entity/Q3328156,0,25,,56.63361111,26.63166667
LVA,Letônia,Q25707119,http://www.wikidata.org/entity/Q7915421,0,1,,56.54361111,26.63694444
LVA,Letônia,Q25707122,http://www.wikidata.org/entity/Q2606984,0,8,,57.39055556,27.19
LVA,Letônia,Q25839522,http://www.wikidata.org/entity/Q7915421,0,5,,56.65777778,26.74583333
LVA,Letônia,Q25839653,http://www.wikidata.org/entity/Q7915421,0,1,,56.64,26.73416667
LVA,Letônia,Q25839707,http://www.wikidata.org/entity/Q7915421,0,21,,56.5675,26.64361111
LVA,Letônia,Q25839748,http://www.wikidata.org/entity/Q7915421,0,1,,56.63277778,26.72611111
LVA,Letônia,Q25839822,http://www.wikidata.org/entity/Q7915421,0,31,,56.62388889,26.7525
LVA,Letônia,Q25839842,http://www.wikidata.org/entity/Q7915421,0,6,,56.56888889,26.67055556
LVA,Letônia,Q25839866,http://www.wikidata.org/entity/Q7915421,0,16,,56.62,26.6325
LVA,Letônia,Q25839864,http://www.wikidata.org/entity/Q7915421,0,59,,56.55472222,26.66694444
LVA,Letônia,Q25839870,http://www.wikidata.org/entity/Q7915421,0,30,,56.54833333,26.67388889
LVA,Letônia,Q25839868,http://www.wikidata.org/entity/Q7915421,0,21,,56.59805556,26.70833333
LVA,Letônia,Q25854134,http://www.wikidata.org/entity/Q2606984,0,10,,57.38638889,27.28361111
LVA,Letônia,Q25854136,http://www.wikidata.org/entity/Q2606984,0,60,,57.44166667,27.16444444
LVA,Letônia,Q25894612,http://www.wikidata.org/entity/Q2606984,0,3,,57.40638889,27.35138889
LVA,Letônia,Q25894635,http://www.wikidata.org/entity/Q2606984,0,9,,57.46472222,27.11972222
LVA,Letônia,Q25915416,http://www.wikidata.org/entity/Q2340056,0,7,,55.8475,26.97055556
LVA,Letônia,Q25997963,http://www.wikidata.org/entity/Q2606984,0,19,,57.41333333,27.10416667
LVA,Letônia,Q25997961,http://www.wikidata.org/entity/Q2606984,0,3,,57.395,27.0525
LVA,Letônia,Q25997974,http://www.wikidata.org/entity/Q2606984,0,7,,57.46277778,27.15472222
LVA,Letônia,Q25997989,http://www.wikidata.org/entity/Q3739156,0,16,,57.81305556,25.97388889
LVA,Letônia,Q26000812,http://www.wikidata.org/entity/Q3739156,0,32,,57.69222222,25.89916667
LVA,Letônia,Q26059296,http://www.wikidata.org/entity/Q3739156,0,33,,57.74055556,26.12472222
LVA,Letônia,Q26059302,http://www.wikidata.org/entity/Q3739156,0,14,,57.73388889,26.13722222
LVA,Letônia,Q26059348,http://www.wikidata.org/entity/Q2606968,0,25,,57.32694444,27.07027778
LVA,Letônia,Q26133289,http://www.wikidata.org/entity/Q7929329,0,27,,57.57305556,25.96583333
LVA,Letônia,Q26161350,http://www.wikidata.org/entity/Q2606968,0,40,,57.25527778,27.09833333
LVA,Letônia,Q26161351,http://www.wikidata.org/entity/Q7929329,0,18,,57.60111111,25.95083333
LVA,Letônia,Q26161354,http://www.wikidata.org/entity/Q2606968,0,4,,57.31333333,27.06638889
LVA,Letônia,Q26161352,http://www.wikidata.org/entity/Q7929329,0,17,,57.54722222,25.89444444
LVA,Letônia,Q26161353,http://www.wikidata.org/entity/Q2606968,0,7,,57.26888889,27.08944444
LVA,Letônia,Q51155364,http://www.wikidata.org/entity/Q2361089,0,9,,55.99305556,27.17472222
LVA,Letônia,Q51155485,http://www.wikidata.org/entity/Q2361089,0,4,,55.98361111,27.285
LVA,Letônia,Q51155663,http://www.wikidata.org/entity/Q2361089,0,19,,56.00444444,27.24916667
LVA,Letônia,Q51260427,http://www.wikidata.org/entity/Q2361089,0,1,,56.02055556,27.19083333
LVA,Letônia,Q51260662,http://www.wikidata.org/entity/Q2361089,0,2,,56.00333333,27.29638889
LVA,Letônia,Q51261110,http://www.wikidata.org/entity/Q4237879,0,16,,55.92138889,27.20111111
LVA,Letônia,Q51261318,http://www.wikidata.org/entity/Q4237879,0,14,,55.86138889,27.18972222
LVA,Letônia,Q51267197,http://www.wikidata.org/entity/Q4469557,0,16,,55.91888889,27.02527778
LVA,Letônia,Q51267427,http://www.wikidata.org/entity/Q4469557,0,24,,55.89777778,27.1075
LVA,Letônia,Q51267559,http://www.wikidata.org/entity/Q4469557,0,2,,55.87722222,27.10333333
LVA,Letônia,Q51372854,http://www.wikidata.org/entity/Q7378637,0,31,,57.01166667,27.0575
LVA,Letônia,Q51457016,http://www.wikidata.org/entity/Q13638499,0,19,,56.47861111,27.7975
LVA,Letônia,Q51458744,http://www.wikidata.org/entity/Q3801680,0,1,,56.42,27.97666667
LVA,Letônia,Q51482215,http://www.wikidata.org/entity/Q3801656,0,0,,56.42444444,27.70277778
LVA,Letônia,Q51483599,http://www.wikidata.org/entity/Q3801656,0,1,,56.46333333,27.79694444
LVA,Letônia,Q51536503,http://www.wikidata.org/entity/Q7378637,0,14,,57.0325,27.09055556
LVA,Letônia,Q51536520,http://www.wikidata.org/entity/Q7378637,0,21,,57.05361111,27.21388889
LVA,Letônia,Q51536533,http://www.wikidata.org/entity/Q7378637,0,6,,57.03638889,26.9075
LVA,Letônia,Q51536543,http://www.wikidata.org/entity/Q7378637,0,11,,57.01777778,27.08722222
LVA,Letônia,Q51880155,http://www.wikidata.org/entity/Q3801549,0,30,,56.58527778,25.59722222
LVA,Letônia,Q51880885,http://www.wikidata.org/entity/Q12332326,0,20,,56.305,26.6525
LVA,Letônia,Q51885790,http://www.wikidata.org/entity/Q6112176,0,7,,56.48027778,21.72638889
LVA,Letônia,Q51886100,http://www.wikidata.org/entity/Q3801254,0,19,,57.36194444,25.36555556
LVA,Letônia,Q51954659,http://www.wikidata.org/entity/Q4168940,0,24,,57.21472222,25.89805556
LVA,Letônia,Q52725325,http://www.wikidata.org/entity/Q4513320,0,15,,56.42166667,27.40833333
LVA,Letônia,Q52725459,http://www.wikidata.org/entity/Q4513320,0,11,,56.42416667,27.48
LVA,Letônia,Q52730915,http://www.wikidata.org/entity/Q4199242,0,7,,56.66027778,27.37277778
LVA,Letônia,Q26208268,http://www.wikidata.org/entity/Q1445317,0,32,,57.56388889,26.18805556
LVA,Letônia,Q26213444,http://www.wikidata.org/entity/Q2606998,0,5,,57.31861111,26.80555556
LVA,Letônia,Q26214850,http://www.wikidata.org/entity/Q2606998,0,1,,57.30444444,26.86638889
LVA,Letônia,Q26232738,http://www.wikidata.org/entity/Q4258011,0,35,,56.56555556,27.46194444
LVA,Letônia,Q26970778,http://www.wikidata.org/entity/Q2607056,0,8,,57.37555556,27.16222222
LVA,Letônia,Q26970786,http://www.wikidata.org/entity/Q2607056,0,17,,57.36944444,27.16083333
LVA,Letônia,Q27149742,http://www.wikidata.org/entity/Q2607038,0,24,,57.49972222,27.29805556
LVA,Letônia,Q27149747,http://www.wikidata.org/entity/Q2607038,0,20,,57.47916667,27.21861111
LVA,Letônia,Q27149770,http://www.wikidata.org/entity/Q2607038,0,10,,57.49027778,27.20694444
LVA,Letônia,Q27217254,http://www.wikidata.org/entity/Q2607038,0,18,,57.50611111,27.22555556
LVA,Letônia,Q27217271,http://www.wikidata.org/entity/Q2607038,0,14,,57.48,27.17805556
LVA,Letônia,Q27233246,http://www.wikidata.org/entity/Q2607006,0,2,,57.51472222,27.55055556
LVA,Letônia,Q27256437,http://www.wikidata.org/entity/Q2607006,0,11,,57.49833333,27.42666667
LVA,Letônia,Q27256449,http://www.wikidata.org/entity/Q2607006,0,34,,57.53083333,27.47583333
LVA,Letônia,Q27468298,http://www.wikidata.org/entity/Q2607006,0,16,,57.48138889,27.35027778
LVA,Letônia,Q27511012,http://www.wikidata.org/entity/Q2607006,0,15,,57.4975,27.40722222
LVA,Letônia,Q27511013,http://www.wikidata.org/entity/Q2607006,0,26,,57.47694444,27.45194444
LVA,Letônia,Q27531585,http://www.wikidata.org/entity/Q2607006,0,15,,57.48444444,27.52833333
LVA,Letônia,Q27531588,http://www.wikidata.org/entity/Q2607006,0,1,,57.48916667,27.50861111
LVA,Letônia,Q27554760,http://www.wikidata.org/entity/Q2607006,0,5,,57.523611111111,27.430555555556
LVA,Letônia,Q27572100,http://www.wikidata.org/entity/Q2607006,0,17,,57.509166666667,27.5475
LVA,Letônia,Q27580200,http://www.wikidata.org/entity/Q2607006,0,12,,57.46777778,27.38444444
LVA,Letônia,Q27915610,http://www.wikidata.org/entity/Q2607006,0,25,,57.474444444444,27.458055555556
LVA,Letônia,Q27915609,http://www.wikidata.org/entity/Q2607006,0,52,,57.517222222222,27.412777777778
LVA,Letônia,Q27920146,http://www.wikidata.org/entity/Q2607006,0,15,,57.4925,27.41222222
LVA,Letônia,Q27949019,http://www.wikidata.org/entity/Q2607006,0,20,,57.4875,27.4275
LVA,Letônia,Q27949022,http://www.wikidata.org/entity/Q2607006,0,34,,57.44861111,27.43333333
LVA,Letônia,Q27949021,http://www.wikidata.org/entity/Q2607006,0,32,,57.51305556,27.46277778
LVA,Letônia,Q28154796,http://www.wikidata.org/entity/Q11160910,0,23,,57.65333333,25.60027778
LVA,Letônia,Q28164934,http://www.wikidata.org/entity/Q2607067,0,22,,57.03888889,25.45944444
LVA,Letônia,Q28164937,http://www.wikidata.org/entity/Q2607067,0,30,,57.07888889,25.57694444
LVA,Letônia,Q28164945,http://www.wikidata.org/entity/Q11160910,0,20,,57.62833333,25.54972222
LVA,Letônia,Q28520206,http://www.wikidata.org/entity/Q2330640,0,35,,56.0564,26.5336
LVA,Letônia,Q28604451,http://www.wikidata.org/entity/Q4421441,0,2,,55.983333333333,27.469166666667
LVA,Letônia,Q28854894,http://www.wikidata.org/entity/Q5612119,0,13,,57.46611111,26.20416667
LVA,Letônia,Q28854895,http://www.wikidata.org/entity/Q5612119,0,18,,57.49555556,26.26972222
LVA,Letônia,Q28854893,http://www.wikidata.org/entity/Q5612119,0,15,,57.535,26.18916667
LVA,Letônia,Q28858933,http://www.wikidata.org/entity/Q4852990,0,2,,56.96027778,27.70916667
LVA,Letônia,Q28858936,http://www.wikidata.org/entity/Q4852990,0,3,,56.9,27.5825
LVA,Letônia,Q28924738,,0,3,,56.88138889,27.66305556
LVA,Letônia,Q28924740,,0,1,,56.9925,27.71527778
LVA,Letônia,Q28962147,,0,9,,56.93666667,27.62805556
LVA,Letônia,Q28962144,,0,2,,56.90361111,27.54444444
LVA,Letônia,Q28962154,,0,2,,56.84861111,27.64361111
LVA,Letônia,Q28962158,,0,8,,56.93611111,27.65416667
LVA,Letônia,Q29883108,http://www.wikidata.org/entity/Q499959,0,26,,57.09527778,27.24888889
LVA,Letônia,Q29883118,http://www.wikidata.org/entity/Q499959,0,8,,57.08138889,27.14027778
LVA,Letônia,Q30113502,http://www.wikidata.org/entity/Q4993622,0,27,,57.16972222,27.41222222
LVA,Letônia,Q30113504,http://www.wikidata.org/entity/Q4993622,0,12,,57.1525,27.3575
LVA,Letônia,Q30148923,http://www.wikidata.org/entity/Q4993622,0,33,,57.13861111,27.39583333
LVA,Letônia,Q30148920,http://www.wikidata.org/entity/Q4993622,0,6,,57.09888889,27.36027778
LVA,Letônia,Q30148925,http://www.wikidata.org/entity/Q4993622,0,8,,57.08111111,27.38555556
LVA,Letônia,Q30148929,http://www.wikidata.org/entity/Q4993622,0,5,,57.13277778,27.34972222
LVA,Letônia,Q30167171,http://www.wikidata.org/entity/Q4993622,0,24,,57.11611111,27.33777778
LVA,Letônia,Q30167178,http://www.wikidata.org/entity/Q4993622,0,22,,57.14555556,27.32277778
LVA,Letônia,Q30223142,http://www.wikidata.org/entity/Q4993622,0,1,,57.12222222,27.35388889
LVA,Letônia,Q30278223,http://www.wikidata.org/entity/Q4993622,0,2,,57.16194444,27.37916667
LVA,Letônia,Q30337393,http://www.wikidata.org/entity/Q4993622,0,14,,57.15722222,27.41138889
LVA,Letônia,Q30891231,http://www.wikidata.org/entity/Q2605174,0,25,,56.13416667,27.30277778
LVA,Letônia,Q31150586,http://www.wikidata.org/entity/Q4993622,0,13,,57.10722222,27.36416667
LVA,Letônia,Q31150604,http://www.wikidata.org/entity/Q4993622,0,8,,57.11472222,27.40333333
LVA,Letônia,Q31150625,http://www.wikidata.org/entity/Q4993622,0,8,,57.17277778,27.3825
LVA,Letônia,Q31150642,http://www.wikidata.org/entity/Q4993622,0,5,,57.08888889,27.34388889
LVA,Letônia,Q31150708,http://www.wikidata.org/entity/Q4993622,0,13,,57.1275,27.40083333
LVA,Letônia,Q31150733,http://www.wikidata.org/entity/Q4993622,0,3,,57.07444444,27.33805556
LVA,Letônia,Q31298024,http://www.wikidata.org/entity/Q3801245,0,32,,56.86722222,27.09138889
LVA,Letônia,Q31781311,http://www.wikidata.org/entity/Q3801245,0,8,,56.86027778,27.08305556
LVA,Letônia,Q32520276,http://www.wikidata.org/entity/Q3801245,0,6,,56.83416667,27.21555556
LVA,Letônia,Q33062177,http://www.wikidata.org/entity/Q4992771,0,48,,56.62694444,21.90305556
LVA,Letônia,Q33062187,http://www.wikidata.org/entity/Q3801245,0,26,,56.82666667,27.09444444
LVA,Letônia,Q33062196,http://www.wikidata.org/entity/Q3801245,0,27,,56.81666667,27.09527778
LVA,Letônia,Q33308824,http://www.wikidata.org/entity/Q4992771,0,17,,56.70194444,21.89722222
LVA,Letônia,Q33308840,http://www.wikidata.org/entity/Q4992771,0,14,,56.66333333,21.85722222
LVA,Letônia,Q33308857,http://www.wikidata.org/entity/Q3801245,0,12,,56.82277778,27.14416667
LVA,Letônia,Q33308871,http://www.wikidata.org/entity/Q3801245,0,19,,56.81277778,27.13555556
LVA,Letônia,Q33308887,http://www.wikidata.org/entity/Q3801245,0,12,,56.82861111,27.15777778
LVA,Letônia,Q33308901,http://www.wikidata.org/entity/Q3801245,0,3,,56.83416667,27.13583333
LVA,Letônia,Q33308915,http://www.wikidata.org/entity/Q3801245,0,2,,56.83805556,27.14333333
LVA,Letônia,Q33308929,http://www.wikidata.org/entity/Q4992771,0,12,,56.68555556,21.87222222
LVA,Letônia,Q33308943,http://www.wikidata.org/entity/Q3801245,0,20,,56.82555556,27.21611111
LVA,Letônia,Q33308973,http://www.wikidata.org/entity/Q3801245,0,15,,56.81083333,27.04194444
LVA,Letônia,Q33308981,http://www.wikidata.org/entity/Q3801245,0,1,,56.82888889,27.07166667
LVA,Letônia,Q33308992,http://www.wikidata.org/entity/Q3801245,0,45,,56.83777778,27.0775
LVA,Letônia,Q33309002,http://www.wikidata.org/entity/Q4992771,0,12,,56.6025,21.87
LVA,Letônia,Q33309010,http://www.wikidata.org/entity/Q3801245,0,6,,56.85083333,27.06833333
LVA,Letônia,Q34903193,http://www.wikidata.org/entity/Q4967119,0,141,,56.95555556,27.58972222
LVA,Letônia,Q34903266,http://www.wikidata.org/entity/Q4992771,0,59,,56.69666667,21.83333333
LVA,Letônia,Q34903327,http://www.wikidata.org/entity/Q4967119,0,26,,57.0125,27.57833333
LVA,Letônia,Q34903392,http://www.wikidata.org/entity/Q4967119,0,24,,56.94722222,27.50555556
LVA,Letônia,Q34903456,http://www.wikidata.org/entity/Q4967119,0,11,,56.9475,27.49694444
LVA,Letônia,Q34903520,http://www.wikidata.org/entity/Q4967119,0,8,,56.96944444,27.63888889
LVA,Letônia,Q34903576,http://www.wikidata.org/entity/Q4967119,0,26,,56.98277778,27.63194444
LVA,Letônia,Q34903640,http://www.wikidata.org/entity/Q4967119,0,37,,57.00305556,27.59805556
LVA,Letônia,Q34903701,http://www.wikidata.org/entity/Q4992771,0,7,,56.615,21.79527778
LVA,Letônia,Q42531035,http://www.wikidata.org/entity/Q4967119,0,3,,56.99611111,27.53555556
LVA,Letônia,Q42531046,http://www.wikidata.org/entity/Q4967119,0,6,,56.98194444,27.61333333
LVA,Letônia,Q42531056,http://www.wikidata.org/entity/Q4967119,0,1,,57.01444444,27.64138889
LVA,Letônia,Q42531065,http://www.wikidata.org/entity/Q4967119,0,18,,56.97416667,27.65
LVA,Letônia,Q42531077,http://www.wikidata.org/entity/Q4967119,0,3,,57.01888889,27.60388889
LVA,Letônia,Q42531088,http://www.wikidata.org/entity/Q4967119,0,19,,56.99777778,27.6425
LVA,Letônia,Q47509974,http://www.wikidata.org/entity/Q12334694,0,47,,57.23,24.40361111
LVA,Letônia,Q47509975,http://www.wikidata.org/entity/Q12334694,0,97,,57.24611111,24.45555556
LVA,Letônia,Q47509973,http://www.wikidata.org/entity/Q12334694,0,39,,57.23888889,24.44833333
LVA,Letônia,Q47509978,http://www.wikidata.org/entity/Q4993601,0,39,,56.43166667,22.31472222
LVA,Letônia,Q47509979,http://www.wikidata.org/entity/Q4993601,0,95,,56.42083333,22.25888889
LVA,Letônia,Q47509976,http://www.wikidata.org/entity/Q12334694,0,87,,57.29,24.4475
LVA,Letônia,Q47509977,http://www.wikidata.org/entity/Q4993601,0,11,,56.44611111,22.375
LVA,Letônia,Q47509986,http://www.wikidata.org/entity/Q4992759,0,13,,56.4475,22.66277778
LVA,Letônia,Q47509987,http://www.wikidata.org/entity/Q4992759,0,28,,56.45833333,22.65861111
LVA,Letônia,Q47509990,http://www.wikidata.org/entity/Q12319137,0,57,,56.80888889,22.28638889
LVA,Letônia,Q47509988,http://www.wikidata.org/entity/Q4992759,0,25,,56.44305556,22.6175
LVA,Letônia,Q47509989,http://www.wikidata.org/entity/Q4992759,0,7,,56.47861111,22.67694444
LVA,Letônia,Q47509994,http://www.wikidata.org/entity/Q4993624,0,20,,56.50888889,22.34194444
LVA,Letônia,Q47509995,http://www.wikidata.org/entity/Q4993624,0,28,,56.54694444,22.45444444
LVA,Letônia,Q47509992,http://www.wikidata.org/entity/Q4993624,0,16,,56.56222222,22.32194444
LVA,Letônia,Q47509993,http://www.wikidata.org/entity/Q4993624,0,51,,56.46916667,22.43305556
LVA,Letônia,Q47510003,http://www.wikidata.org/entity/Q4992777,0,67,,56.46,22.03777778
LVA,Letônia,Q47510001,http://www.wikidata.org/entity/Q4992777,0,57,,56.44916667,22.10055556
LVA,Letônia,Q47510006,http://www.wikidata.org/entity/Q4992763,0,25,,56.64055556,22.51
LVA,Letônia,Q47510004,http://www.wikidata.org/entity/Q4992777,0,36,,56.485,21.97694444
LVA,Letônia,Q47510005,http://www.wikidata.org/entity/Q4992777,0,13,,56.43694444,22.10083333
LVA,Letônia,Q47510010,http://www.wikidata.org/entity/Q4993631,0,56,,56.56805556,22.19666667
LVA,Letônia,Q47510011,http://www.wikidata.org/entity/Q4993631,0,19,,56.50388889,22.08277778
LVA,Letônia,Q47510008,http://www.wikidata.org/entity/Q4992763,0,71,,56.6475,22.44472222
LVA,Letônia,Q47510009,http://www.wikidata.org/entity/Q4992763,0,15,,56.60222222,22.46805556
LVA,Letônia,Q47510014,http://www.wikidata.org/entity/Q4993631,0,37,,56.58166667,22.24305556
LVA,Letônia,Q47510015,http://www.wikidata.org/entity/Q4992766,0,36,,56.36166667,22.66944444
LVA,Letônia,Q47510012,http://www.wikidata.org/entity/Q4993631,0,18,,56.52138889,22.09472222
LVA,Letônia,Q47510013,http://www.wikidata.org/entity/Q4993631,0,35,,56.52777778,22.17361111
LVA,Letônia,Q50649279,http://www.wikidata.org/entity/Q1107346,0,18,,56.39666667,25.80222222
LVA,Letônia,Q50649282,http://www.wikidata.org/entity/Q1107346,0,1,,56.435,25.78
LVA,Letônia,Q50649283,http://www.wikidata.org/entity/Q1107346,0,57,,56.50083333,25.80694444
LVA,Letônia,Q50649286,http://www.wikidata.org/entity/Q1107346,0,8,,56.5225,25.76277778
LVA,Letônia,Q50649284,http://www.wikidata.org/entity/Q1107346,0,10,,56.50444444,25.70666667
LVA,Letônia,Q50649285,http://www.wikidata.org/entity/Q15710271,0,1,,56.23638889,26.79972222
LVA,Letônia,Q50649293,http://www.wikidata.org/entity/Q1107346,0,10,,56.39527778,25.76027778
LVA,Letônia,Q50649314,http://www.wikidata.org/entity/Q4400115,0,52,,56.355,23.99
LVA,Letônia,Q50649315,http://www.wikidata.org/entity/Q4400115,0,1,,56.42722222,24.04805556
LVA,Letônia,Q50649318,http://www.wikidata.org/entity/Q4400115,0,14,,56.37388889,24.07055556
LVA,Letônia,Q50649316,http://www.wikidata.org/entity/Q4400115,0,45,,56.41805556,24.08222222
LVA,Letônia,Q50649317,http://www.wikidata.org/entity/Q4400115,0,33,,56.45805556,24.04972222
LVA,Letônia,Q50649323,http://www.wikidata.org/entity/Q7652735,0,18,,56.37694444,23.90361111
LVA,Letônia,Q50649321,http://www.wikidata.org/entity/Q4400115,0,26,,56.35777778,24.01916667
LVA,Letônia,Q50649326,http://www.wikidata.org/entity/Q7928433,0,14,,56.48583333,24.035
LVA,Letônia,Q50649324,http://www.wikidata.org/entity/Q7652735,0,9,,56.34583333,23.91416667
LVA,Letônia,Q50649325,http://www.wikidata.org/entity/Q7928433,0,18,,56.4375,23.95527778
LVA,Letônia,Q51042520,http://www.wikidata.org/entity/Q6505943,0,15,,56.90583333,27.10277778
LVA,Letônia,Q51042538,http://www.wikidata.org/entity/Q6505943,0,14,,56.98,27.05777778
LVA,Letônia,Q51078150,http://www.wikidata.org/entity/Q6505943,0,12,,56.905,27.14666667
LVA,Letônia,Q51078151,http://www.wikidata.org/entity/Q6505943,0,31,,56.97388889,27.10638889
LVA,Letônia,Q51078149,http://www.wikidata.org/entity/Q6505943,0,14,,56.94111111,27.3025
LVA,Letônia,Q51078154,http://www.wikidata.org/entity/Q6505943,0,34,,56.97694444,27.11111111
LVA,Letônia,Q51078152,http://www.wikidata.org/entity/Q6505943,0,11,,56.91805556,27.22888889
LVA,Letônia,Q51078153,http://www.wikidata.org/entity/Q6505943,0,5,,56.86111111,27.15444444
LVA,Letônia,Q51098647,http://www.wikidata.org/entity/Q6505943,0,9,,56.95166667,27.04888889
LVA,Letônia,Q51098645,http://www.wikidata.org/entity/Q6505943,0,7,,56.92861111,27.22833333
LVA,Letônia,Q51098654,http://www.wikidata.org/entity/Q6505943,0,17,,56.98694444,27.02138889
LVA,Letônia,Q51098661,http://www.wikidata.org/entity/Q6505943,0,17,,56.88805556,27.09833333
LVA,Letônia,Q51098665,http://www.wikidata.org/entity/Q6505943,0,24,,56.87722222,27.16138889
LVA,Letônia,Q51114338,http://www.wikidata.org/entity/Q6505943,0,17,,56.91972222,27.11111111
LVA,Letônia,Q51114349,http://www.wikidata.org/entity/Q6505943,0,4,,56.95305556,27.06777778
LVA,Letônia,Q51114358,http://www.wikidata.org/entity/Q6505943,0,25,,56.87583333,27.09222222
LVA,Letônia,Q51114366,http://www.wikidata.org/entity/Q6505943,0,1,,56.90638889,27.11611111
LVA,Letônia,Q51114371,http://www.wikidata.org/entity/Q6505943,0,3,,56.93,27.03333333
LVA,Letônia,Q51114379,http://www.wikidata.org/entity/Q6505943,0,11,,56.93111111,27.05722222
LVA,Letônia,Q51114384,http://www.wikidata.org/entity/Q6505943,0,10,,56.9,27.0675
LVA,Letônia,Q51114394,http://www.wikidata.org/entity/Q6505943,0,29,,56.88027778,27.0625
LVA,Letônia,Q51114403,http://www.wikidata.org/entity/Q6505943,0,8,,56.865,27.14027778
LVA,Letônia,Q51114420,http://www.wikidata.org/entity/Q6505943,0,18,,56.94055556,27.06083333
LVA,Letônia,Q51114428,http://www.wikidata.org/entity/Q6505943,0,23,,56.93638889,27.08388889
LVA,Letônia,Q51114435,http://www.wikidata.org/entity/Q6505943,0,8,,56.89083333,27.09722222
LVA,Letônia,Q51114448,http://www.wikidata.org/entity/Q6505943,0,2,,56.91222222,27.14194444
LVA,Letônia,Q51114460,http://www.wikidata.org/entity/Q6505943,0,18,,56.92166667,27.10416667
LVA,Letônia,Q51114476,http://www.wikidata.org/entity/Q6505943,0,13,,56.92055556,27.19111111
LVA,Letônia,Q51114484,http://www.wikidata.org/entity/Q6505943,0,8,,56.91666667,27.11611111
LVA,Letônia,Q51114491,http://www.wikidata.org/entity/Q6505943,0,7,,56.93972222,27.26222222
LVA,Letônia,Q51114508,http://www.wikidata.org/entity/Q6505943,0,37,,56.91055556,27.0475
LVA,Letônia,Q51114518,http://www.wikidata.org/entity/Q6505943,0,5,,56.91583333,27.09861111
LVA,Letônia,Q51114526,http://www.wikidata.org/entity/Q6505943,0,13,,56.91083333,27.13
LVA,Letônia,Q51114535,http://www.wikidata.org/entity/Q6505943,0,8,,56.89638889,27.13666667
LVA,Letônia,Q51114539,http://www.wikidata.org/entity/Q6505943,0,12,,56.91416667,27.02694444
LVA,Letônia,Q51114550,http://www.wikidata.org/entity/Q6505943,0,17,,56.89388889,27.06916667
LVA,Letônia,Q51114567,http://www.wikidata.org/entity/Q6505943,0,16,,56.91527778,27.18694444
LVA,Letônia,Q51114577,http://www.wikidata.org/entity/Q6505943,0,15,,56.98805556,27.08388889
LVA,Letônia,Q51114586,http://www.wikidata.org/entity/Q6505943,0,4,,56.93277778,27.30305556
LVA,Letônia,Q51114596,http://www.wikidata.org/entity/Q6505943,0,7,,56.96361111,27.11194444
LVA,Letônia,Q51132320,http://www.wikidata.org/entity/Q4072422,0,15,,56.05166667,27.33916667
LVA,Letônia,Q51132474,http://www.wikidata.org/entity/Q4072422,0,11,,56.02972222,27.26222222
LVA,Letônia,Q51133462,http://www.wikidata.org/entity/Q4072422,0,4,,56.02361111,27.25861111
LVA,Letônia,Q51134099,http://www.wikidata.org/entity/Q4072422,0,4,,56.05333333,27.21833333
LVA,Letônia,Q51135193,http://www.wikidata.org/entity/Q4198368,0,10,,55.975,27.08222222
LVA,Letônia,Q51136187,http://www.wikidata.org/entity/Q4198368,0,8,,55.96416667,27.01416667
LVA,Letônia,Q51136796,http://www.wikidata.org/entity/Q4210261,0,17,,55.87861111,27.36416667
LVA,Letônia,Q51155170,http://www.wikidata.org/entity/Q2361089,0,8,,55.92833333,27.19416667
LVA,Letônia,Q22071432,http://www.wikidata.org/entity/Q2605088,0,2,,56.13138889,27.02027778
LVA,Letônia,Q22071438,http://www.wikidata.org/entity/Q2605088,0,1,,56.08333333,26.92083333
LVA,Letônia,Q22071436,http://www.wikidata.org/entity/Q2605088,0,36,,56.10527778,26.97166667
LVA,Letônia,Q22071437,http://www.wikidata.org/entity/Q2605088,0,10,,56.10111111,27.03305556
LVA,Letônia,Q22137372,http://www.wikidata.org/entity/Q8080295,0,9,,56.78555556,24.18916667
LVA,Letônia,Q22284921,http://www.wikidata.org/entity/Q3801470,0,30,,56.72333333,24.71777778
LVA,Letônia,Q22284943,http://www.wikidata.org/entity/Q3801470,0,59,,56.74388889,24.69055556
LVA,Letônia,Q22284958,http://www.wikidata.org/entity/Q3801470,0,61,,56.75027778,24.6475
LVA,Letônia,Q22284975,http://www.wikidata.org/entity/Q3801470,0,16,,56.72777778,24.66444444
LVA,Letônia,Q22284991,http://www.wikidata.org/entity/Q2605088,0,1,,56.08833333,26.94638889
LVA,Letônia,Q22338355,http://www.wikidata.org/entity/Q4149939,0,202,,56.51277778,27.42805556
LVA,Letônia,Q22338353,http://www.wikidata.org/entity/Q4993642,0,61,,56.49333333,24.55694444
LVA,Letônia,Q22338359,http://www.wikidata.org/entity/Q4992812,0,60,,56.52833333,24.47222222
LVA,Letônia,Q22674756,http://www.wikidata.org/entity/Q2361027,0,96,,55.7925,27.53722222
LVA,Letônia,Q22674762,http://www.wikidata.org/entity/Q2987076,0,121,,55.86361111,26.46416667
LVA,Letônia,Q22674763,http://www.wikidata.org/entity/Q4992807,0,15,,56.36277778,24.56861111
LVA,Letônia,Q22674760,http://www.wikidata.org/entity/Q2361064,0,156,,55.93472222,27.56666667
LVA,Letônia,Q22674764,http://www.wikidata.org/entity/Q4992807,0,6,,56.345,24.60222222
LVA,Letônia,Q22927258,http://www.wikidata.org/entity/Q7359909,0,29,,57.54111111,22.71
LVA,Letônia,Q22945082,http://www.wikidata.org/entity/Q2605174,0,10,,56.16833333,27.18361111
LVA,Letônia,Q22945582,http://www.wikidata.org/entity/Q2340195,0,11,,56.29027778,27.90111111
LVA,Letônia,Q22945584,http://www.wikidata.org/entity/Q2340195,0,4,,56.32305556,28.04888889
LVA,Letônia,Q22945585,http://www.wikidata.org/entity/Q2340195,0,2,,56.31333333,27.89888889
LVA,Letônia,Q22945590,http://www.wikidata.org/entity/Q2340195,0,1,,56.34805556,28.03916667
LVA,Letônia,Q22945588,http://www.wikidata.org/entity/Q2340195,0,1,,56.30472222,27.91138889
LVA,Letônia,Q22945589,http://www.wikidata.org/entity/Q2340195,0,2,,56.36194444,28.00388889
LVA,Letônia,Q22967586,http://www.wikidata.org/entity/Q2340073,0,17,,56.25444444,28.205
LVA,Letônia,Q22967587,http://www.wikidata.org/entity/Q2340073,0,9,,56.15333333,28.07
LVA,Letônia,Q22967584,http://www.wikidata.org/entity/Q2340073,0,9,,56.23861111,28.15333333
LVA,Letônia,Q22967585,http://www.wikidata.org/entity/Q2340073,0,4,,56.26361111,28.15527778
LVA,Letônia,Q22967590,http://www.wikidata.org/entity/Q2340073,0,6,,56.17805556,28.08
LVA,Letônia,Q22967591,http://www.wikidata.org/entity/Q2340073,0,3,,56.30027778,28.20222222
LVA,Letônia,Q22967588,http://www.wikidata.org/entity/Q2340073,0,18,,56.2525,28.1475
LVA,Letônia,Q22967589,http://www.wikidata.org/entity/Q2340073,0,1,,56.24333333,28.19527778
LVA,Letônia,Q22967594,http://www.wikidata.org/entity/Q2340073,0,1,,56.16611111,28.07222222
LVA,Letônia,Q22967595,http://www.wikidata.org/entity/Q2340073,0,2,,56.20722222,28.10388889
LVA,Letônia,Q22967592,http://www.wikidata.org/entity/Q2340073,0,6,,56.27138889,28.2275
LVA,Letônia,Q22967599,http://www.wikidata.org/entity/Q2340073,0,4,,56.17472222,28.09444444
LVA,Letônia,Q22967596,http://www.wikidata.org/entity/Q2340073,0,3,,56.15416667,28.06027778
LVA,Letônia,Q22967600,http://www.wikidata.org/entity/Q2340073,0,7,,56.29277778,28.20166667
LVA,Letônia,Q22967607,http://www.wikidata.org/entity/Q2340073,0,3,,56.24194444,28.17722222
LVA,Letônia,Q22967608,http://www.wikidata.org/entity/Q2340073,0,4,,56.26388889,28.11194444
LVA,Letônia,Q22979199,http://www.wikidata.org/entity/Q6497766,0,54,,57.22972222,22.70416667
LVA,Letônia,Q22979200,http://www.wikidata.org/entity/Q6497766,0,4,,57.18388889,22.70888889
LVA,Letônia,Q23007526,http://www.wikidata.org/entity/Q2605174,0,27,,56.17138889,27.25305556
LVA,Letônia,Q23007530,http://www.wikidata.org/entity/Q6695170,0,18,,57.43861111,22.6275
LVA,Letônia,Q23007531,http://www.wikidata.org/entity/Q6695170,0,15,,57.44916667,22.65305556
LVA,Letônia,Q23007528,http://www.wikidata.org/entity/Q6695170,0,15,,57.4275,22.67416667
LVA,Letônia,Q23009122,http://www.wikidata.org/entity/Q2605174,0,6,,56.16083333,27.2475
LVA,Letônia,Q23009123,http://www.wikidata.org/entity/Q2605174,0,6,,56.11361111,27.2025
LVA,Letônia,Q23009121,http://www.wikidata.org/entity/Q7914568,0,115,,57.29611111,22.72722222
LVA,Letônia,Q23009126,http://www.wikidata.org/entity/Q3801119,0,12,,56.53055556,26.94805556
LVA,Letônia,Q23009127,http://www.wikidata.org/entity/Q3801119,0,7,,56.49805556,26.98472222
LVA,Letônia,Q23009124,http://www.wikidata.org/entity/Q3801119,0,64,,56.54722222,26.99111111
LVA,Letônia,Q23009125,http://www.wikidata.org/entity/Q3801119,0,9,,56.55083333,26.96972222
LVA,Letônia,Q23011582,http://www.wikidata.org/entity/Q7914568,0,36,,57.38555556,23.00916667
LVA,Letônia,Q23011583,http://www.wikidata.org/entity/Q7909413,0,82,,57.34638889,22.50916667
LVA,Letônia,Q23011581,http://www.wikidata.org/entity/Q6497766,0,39,,57.25583333,22.73222222
LVA,Letônia,Q23011584,http://www.wikidata.org/entity/Q7914568,0,25,,57.36833333,22.78638889
LVA,Letônia,Q23011703,http://www.wikidata.org/entity/Q2605174,0,1,,56.18416667,27.12111111
LVA,Letônia,Q23013294,http://www.wikidata.org/entity/Q2605174,0,4,,56.1725,27.18694444
LVA,Letônia,Q23013313,http://www.wikidata.org/entity/Q2605174,0,4,,56.14666667,27.18555556
LVA,Letônia,Q23013317,http://www.wikidata.org/entity/Q2605174,0,23,,56.14666667,27.17138889
LVA,Letônia,Q23014163,http://www.wikidata.org/entity/Q4993643,0,3,,56.56444444,26.97444444
LVA,Letônia,Q23014164,http://www.wikidata.org/entity/Q4993643,0,8,,56.60916667,26.92416667
LVA,Letônia,Q23072698,http://www.wikidata.org/entity/Q5132212,0,9,,57.15805556,27.645
LVA,Letônia,Q23072699,http://www.wikidata.org/entity/Q5132212,0,8,,57.09,27.58111111
LVA,Letônia,Q23072696,http://www.wikidata.org/entity/Q5132212,0,24,,57.14555556,27.66777778
LVA,Letônia,Q23072697,http://www.wikidata.org/entity/Q5132212,0,10,,57.09194444,27.59472222
LVA,Letônia,Q23072702,http://www.wikidata.org/entity/Q5132212,0,7,,57.1625,27.61805556
LVA,Letônia,Q23072700,http://www.wikidata.org/entity/Q5132212,0,8,,57.10583333,27.62055556
LVA,Letônia,Q23072701,http://www.wikidata.org/entity/Q5132212,0,31,,57.1125,27.65861111
LVA,Letônia,Q23072706,http://www.wikidata.org/entity/Q5132212,0,45,,57.15916667,27.67111111
LVA,Letônia,Q23072707,http://www.wikidata.org/entity/Q5132212,0,12,,57.10222222,27.62333333
LVA,Letônia,Q23072704,http://www.wikidata.org/entity/Q5132212,0,15,,57.12472222,27.67527778
LVA,Letônia,Q23072705,http://www.wikidata.org/entity/Q5132212,0,7,,57.0975,27.59583333
LVA,Letônia,Q23072710,http://www.wikidata.org/entity/Q5132212,0,25,,57.16,27.68888889
LVA,Letônia,Q23072711,http://www.wikidata.org/entity/Q5132212,0,8,,57.10722222,27.60777778
LVA,Letônia,Q23072708,http://www.wikidata.org/entity/Q5132212,0,18,,57.14944444,27.61611111
LVA,Letônia,Q23072709,http://www.wikidata.org/entity/Q5132212,0,13,,57.105,27.56638889
LVA,Letônia,Q23197548,http://www.wikidata.org/entity/Q7649870,0,11,,57.21222222,27.72833333
LVA,Letônia,Q23826359,http://www.wikidata.org/entity/Q4209192,0,12,,56.57111111,21.61083333
LVA,Letônia,Q23826362,http://www.wikidata.org/entity/Q4209192,0,18,,56.63916667,21.80138889
LVA,Letônia,Q23826360,http://www.wikidata.org/entity/Q4209192,0,27,,56.65472222,21.78111111
LVA,Letônia,Q23826361,http://www.wikidata.org/entity/Q4505837,0,34,,56.72444444,21.42972222
LVA,Letônia,Q24238622,http://www.wikidata.org/entity/Q4992610,0,6,,57.03861111,25.80916667
LVA,Letônia,Q24238621,http://www.wikidata.org/entity/Q2605129,0,17,,56.08555556,25.82527778
LVA,Letônia,Q24255475,http://www.wikidata.org/entity/Q2605129,0,13,,56.09666667,25.82777778
LVA,Letônia,Q24255472,http://www.wikidata.org/entity/Q4212267,0,12,,57.09444444,22.67611111
LVA,Letônia,Q24285995,http://www.wikidata.org/entity/Q2606961,0,29,,57.39166667,26.95027778
LVA,Letônia,Q24285998,http://www.wikidata.org/entity/Q4992613,0,16,,57.08972222,25.7325
LVA,Letônia,Q24285999,http://www.wikidata.org/entity/Q4992613,0,12,,57.06972222,25.7075
LVA,Letônia,Q24285996,http://www.wikidata.org/entity/Q2606961,0,53,,57.49333333,26.8325
LVA,Letônia,Q24285997,http://www.wikidata.org/entity/Q4992613,0,91,,57.10277778,25.80916667
LVA,Letônia,Q24286002,http://www.wikidata.org/entity/Q4992613,0,3,,57.0775,25.84083333
LVA,Letônia,Q24286000,http://www.wikidata.org/entity/Q4992613,0,6,,57.07166667,25.84055556
LVA,Letônia,Q24286001,http://www.wikidata.org/entity/Q4992613,0,7,,57.07694444,25.85916667
LVA,Letônia,Q24292146,http://www.wikidata.org/entity/Q4992613,0,11,,57.08333333,25.84333333
LVA,Letônia,Q24292147,http://www.wikidata.org/entity/Q4992613,0,12,,57.09416667,25.81305556
LVA,Letônia,Q24292144,http://www.wikidata.org/entity/Q2606961,0,39,,57.40388889,27.035
LVA,Letônia,Q24292145,http://www.wikidata.org/entity/Q4992613,0,12,,57.06305556,25.73583333
LVA,Letônia,Q24292148,http://www.wikidata.org/entity/Q4992613,0,5,,57.11444444,25.78472222
LVA,Letônia,Q24522470,http://www.wikidata.org/entity/Q2361027,0,1,,55.80861111,27.57638889
LVA,Letônia,Q24529610,http://www.wikidata.org/entity/Q15710292,0,17,,56.17694444,26.58083333
LVA,Letônia,Q24529611,http://www.wikidata.org/entity/Q15710292,0,28,,56.19055556,26.5175
LVA,Letônia,Q24529608,http://www.wikidata.org/entity/Q15710292,0,6,,56.21361111,26.40555556
LVA,Letônia,Q24529609,http://www.wikidata.org/entity/Q15710292,0,8,,56.16805556,26.59333333
LVA,Letônia,Q24529614,http://www.wikidata.org/entity/Q15710292,0,18,,56.19027778,26.50027778
LVA,Letônia,Q24529615,http://www.wikidata.org/entity/Q15710292,0,2,,56.18722222,26.47194444
LVA,Letônia,Q24529612,http://www.wikidata.org/entity/Q15710292,0,5,,56.20833333,26.38083333
LVA,Letônia,Q24529613,http://www.wikidata.org/entity/Q15710292,0,6,,56.14611111,26.53083333
LVA,Letônia,Q24529622,http://www.wikidata.org/entity/Q15710292,0,19,,56.23638889,26.34194444
LVA,Letônia,Q24529621,http://www.wikidata.org/entity/Q15710292,0,0,,56.22416667,26.40833333
LVA,Letônia,Q24529624,http://www.wikidata.org/entity/Q15710292,0,48,,56.17111111,26.52388889
LVA,Letônia,Q26232739,http://www.wikidata.org/entity/Q1445317,0,7,,57.58111111,26.31277778
LVA,Letônia,Q26832631,http://www.wikidata.org/entity/Q2606978,0,12,,57.35722222,27.51388889
LVA,Letônia,Q26832633,http://www.wikidata.org/entity/Q2606978,0,10,,57.37166667,27.38777778
LVA,Letônia,Q26836490,http://www.wikidata.org/entity/Q2606978,0,16,,57.33777778,27.47944444
LVA,Letônia,Q26837094,http://www.wikidata.org/entity/Q6164866,0,23,,56.92833333,22.92694444
LVA,Letônia,Q26837097,http://www.wikidata.org/entity/Q6164866,0,47,,56.94361111,22.885
LVA,Letônia,Q27468295,http://www.wikidata.org/entity/Q110446086,0,21,,56.95444444,24.56027778
LVA,Letônia,Q27468297,http://www.wikidata.org/entity/Q2607006,0,66,,57.50305556,27.46027778
LVA,Letônia,Q28154795,http://www.wikidata.org/entity/Q2607067,0,10,,57.08916667,25.60194444
LVA,Letônia,Q28164932,http://www.wikidata.org/entity/Q5612119,0,37,,57.5225,26.20361111
LVA,Letônia,Q28792190,http://www.wikidata.org/entity/Q2895716,0,65,,56.45833333,23.06361111
LVA,Letônia,Q28792191,http://www.wikidata.org/entity/Q2895716,0,45,,56.45861111,23.11
LVA,Letônia,Q28792195,http://www.wikidata.org/entity/Q4992271,0,32,,56.54027778,22.82638889
LVA,Letônia,Q28792193,http://www.wikidata.org/entity/Q4992271,0,64,,56.51361111,22.86611111
LVA,Letônia,Q28792198,http://www.wikidata.org/entity/Q4992266,0,10,,56.34333333,23.15277778
LVA,Letônia,Q28792199,http://www.wikidata.org/entity/Q4992281,0,41,,56.42583333,22.84472222
LVA,Letônia,Q28792196,http://www.wikidata.org/entity/Q4992266,0,114,,56.39833333,23.11222222
LVA,Letônia,Q28792419,http://www.wikidata.org/entity/Q4992281,0,54,,56.43194444,22.86944444
LVA,Letônia,Q28792420,http://www.wikidata.org/entity/Q4992281,0,24,,56.49638889,22.73638889
LVA,Letônia,Q28797306,http://www.wikidata.org/entity/Q4992281,0,56,,56.40611111,22.90111111
LVA,Letônia,Q28822082,http://www.wikidata.org/entity/Q5612119,0,12,,57.52194444,26.15666667
LVA,Letônia,Q28843247,http://www.wikidata.org/entity/Q5612119,0,9,,57.47527778,26.23916667
LVA,Letônia,Q28843250,http://www.wikidata.org/entity/Q5612119,0,10,,57.46666667,26.29861111
LVA,Letônia,Q28843251,http://www.wikidata.org/entity/Q5612119,0,1,,57.43333333,26.26305556
LVA,Letônia,Q28843248,http://www.wikidata.org/entity/Q5612119,0,14,,57.42916667,26.2075
LVA,Letônia,Q28843249,http://www.wikidata.org/entity/Q5612119,0,7,,57.47305556,26.2175
LVA,Letônia,Q28854897,http://www.wikidata.org/entity/Q5612119,0,34,,57.42583333,26.28222222
LVA,Letônia,Q28854902,http://www.wikidata.org/entity/Q4852990,0,1,,56.93194444,27.66416667
LVA,Letônia,Q28854901,http://www.wikidata.org/entity/Q4852990,0,14,,56.91722222,27.64611111
LVA,Letônia,Q28855091,http://www.wikidata.org/entity/Q2361012,0,12,,56.99361111,27.65222222
LVA,Letônia,Q28855088,http://www.wikidata.org/entity/Q4852990,0,6,,56.93583333,27.67305556
LVA,Letônia,Q28855089,http://www.wikidata.org/entity/Q4852990,0,1,,56.94,27.68
LVA,Letônia,Q28858938,http://www.wikidata.org/entity/Q4852990,0,6,,56.92138889,27.53305556
LVA,Letônia,Q28858942,http://www.wikidata.org/entity/Q97230143,0,19,,56.92138889,27.63388889
LVA,Letônia,Q28858946,http://www.wikidata.org/entity/Q97230143,0,7,,56.98611111,27.69638889
LVA,Letônia,Q28868835,http://www.wikidata.org/entity/Q4852990,0,4,,56.925,27.62472222
LVA,Letônia,Q28868838,http://www.wikidata.org/entity/Q97230143,0,5,,56.95861111,27.63527778
LVA,Letônia,Q28868839,http://www.wikidata.org/entity/Q97230143,0,6,,56.86222222,27.64972222
LVA,Letônia,Q28868837,http://www.wikidata.org/entity/Q97230143,0,1,,56.92666667,27.54333333
LVA,Letônia,Q28868843,http://www.wikidata.org/entity/Q97230143,0,2,,56.96444444,27.63583333
LVA,Letônia,Q28868841,http://www.wikidata.org/entity/Q97230143,0,1,,56.915,27.6275
LVA,Letônia,Q28868846,http://www.wikidata.org/entity/Q97230143,0,1,,56.94944444,27.63666667
LVA,Letônia,Q28868847,http://www.wikidata.org/entity/Q97230143,0,10,,56.94222222,27.66583333
LVA,Letônia,Q28868844,http://www.wikidata.org/entity/Q6498518,0,10,,57.39833333,26.02111111
LVA,Letônia,Q28868845,http://www.wikidata.org/entity/Q97230143,0,9,,56.92305556,27.66638889
LVA,Letônia,Q28868848,http://www.wikidata.org/entity/Q97230143,0,6,,56.96194444,27.62166667
LVA,Letônia,Q28868849,http://www.wikidata.org/entity/Q97230143,0,5,,56.86388889,27.60944444
LVA,Letônia,Q28880121,http://www.wikidata.org/entity/Q6498518,0,58,,57.42055556,25.93611111
LVA,Letônia,Q28880136,http://www.wikidata.org/entity/Q97230143,0,7,,56.95972222,27.63583333
LVA,Letônia,Q28880159,http://www.wikidata.org/entity/Q97230143,0,2,,56.96027778,27.64638889
LVA,Letônia,Q28880171,http://www.wikidata.org/entity/Q97230143,0,11,,56.95,27.66166667
LVA,Letônia,Q28912447,,0,5,,56.91444444,27.60194444
LVA,Letônia,Q28912448,,0,2,,56.95361111,27.73277778
LVA,Letônia,Q28924668,http://www.wikidata.org/entity/Q4275966,0,1,,56.2519,27.348
LVA,Letônia,Q28924736,,0,3,,56.84166667,27.64888889
LVA,Letônia,Q28924737,,0,3,,56.91138889,27.64138889
LVA,Letônia,Q29401041,http://www.wikidata.org/entity/Q7544780,0,15,,57.44027778,25.93861111
LVA,Letônia,Q29401051,http://www.wikidata.org/entity/Q7544780,0,27,,57.46472222,25.85416667
LVA,Letônia,Q29401048,http://www.wikidata.org/entity/Q7544780,0,13,,57.485,25.84388889
LVA,Letônia,Q29401055,http://www.wikidata.org/entity/Q7544780,0,43,,57.42472222,25.875
LVA,Letônia,Q29401059,http://www.wikidata.org/entity/Q7544780,0,44,,57.45611111,25.9575
LVA,Letônia,Q29570217,http://www.wikidata.org/entity/Q4852990,0,0,,56.84777778,27.62138889
LVA,Letônia,Q29869984,,0,1,,56.835,27.64916667
LVA,Letônia,Q30890266,,0,22,,,
LVA,Letônia,Q31150666,http://www.wikidata.org/entity/Q4992805,0,51,,56.69611111,22.00944444
LVA,Letônia,Q31273050,http://www.wikidata.org/entity/Q7285180,0,38,,57.390277777778,25.198055555556
LVA,Letônia,Q31273049,http://www.wikidata.org/entity/Q3801565,0,10,,57.459722222222,24.913333333333
LVA,Letônia,Q31273117,http://www.wikidata.org/entity/Q6826756,0,12,,56.81944444,25.39222222
LVA,Letônia,Q41152956,http://www.wikidata.org/entity/Q4993640,0,68,,56.65166667,22.05222222
LVA,Letônia,Q41152982,http://www.wikidata.org/entity/Q4993640,0,39,,56.68583333,21.9975
LVA,Letônia,Q41153002,http://www.wikidata.org/entity/Q4993640,0,6,,56.79861111,22.06083333
LVA,Letônia,Q41153020,http://www.wikidata.org/entity/Q4967119,0,5,,56.99638889,27.59888889
LVA,Letônia,Q41153037,http://www.wikidata.org/entity/Q4993640,0,24,,56.66805556,22.03611111
LVA,Letônia,Q41153056,http://www.wikidata.org/entity/Q4993640,0,19,,56.785,22.01416667
LVA,Letônia,Q46381404,http://www.wikidata.org/entity/Q3800986,0,20,,57.7475,25.52138889
LVA,Letônia,Q47509982,http://www.wikidata.org/entity/Q4993601,0,45,,56.44277778,22.32861111
LVA,Letônia,Q47509981,http://www.wikidata.org/entity/Q4993601,0,34,,56.42416667,22.43305556
LVA,Letônia,Q47509984,http://www.wikidata.org/entity/Q4993606,0,17,,56.45222222,22.30222222
LVA,Letônia,Q47509985,http://www.wikidata.org/entity/Q4993601,0,23,,56.43388889,22.44416667
LVA,Letônia,Q47509998,http://www.wikidata.org/entity/Q4993624,0,10,,56.53527778,22.40305556
LVA,Letônia,Q47509999,http://www.wikidata.org/entity/Q4993624,0,10,,56.49222222,22.29555556
LVA,Letônia,Q47509996,http://www.wikidata.org/entity/Q4993624,0,35,,56.51638889,22.29305556
LVA,Letônia,Q47509997,http://www.wikidata.org/entity/Q4993624,0,22,,56.53194444,22.37055556
LVA,Letônia,Q47510000,http://www.wikidata.org/entity/Q4992777,0,95,,56.49611111,22.06194444
LVA,Letônia,Q47510018,http://www.wikidata.org/entity/Q4992766,0,59,,56.38527778,22.59861111
LVA,Letônia,Q47510019,http://www.wikidata.org/entity/Q4992828,0,30,,56.66555556,22.47361111
LVA,Letônia,Q47510016,http://www.wikidata.org/entity/Q4992766,0,28,,56.39027778,22.61416667
LVA,Letônia,Q47510017,http://www.wikidata.org/entity/Q4992766,0,18,,56.40861111,22.51555556
LVA,Letônia,Q47510022,http://www.wikidata.org/entity/Q4992828,0,20,,56.70611111,22.47472222
LVA,Letônia,Q47510023,http://www.wikidata.org/entity/Q4992828,0,8,,56.68333333,22.49222222
LVA,Letônia,Q47510020,http://www.wikidata.org/entity/Q4992828,0,29,,56.6875,22.50694444
LVA,Letônia,Q47510021,http://www.wikidata.org/entity/Q4992828,0,94,,56.68833333,22.47555556
LVA,Letônia,Q47510026,http://www.wikidata.org/entity/Q4992769,0,19,,56.38027778,22.79055556
LVA,Letônia,Q47510027,http://www.wikidata.org/entity/Q4992769,0,57,,56.38666667,22.89638889
LVA,Letônia,Q47510024,http://www.wikidata.org/entity/Q4992799,0,10,,56.85027778,22.36194444
LVA,Letônia,Q47510030,http://www.wikidata.org/entity/Q4993606,0,36,,56.4725,22.15972222
LVA,Letônia,Q47510031,http://www.wikidata.org/entity/Q4993606,0,19,,56.48916667,22.27638889
LVA,Letônia,Q47510028,http://www.wikidata.org/entity/Q4992769,0,77,,56.36861111,22.82694444
LVA,Letônia,Q47510029,http://www.wikidata.org/entity/Q4993606,0,29,,56.5025,22.23916667
LVA,Letônia,Q47510034,http://www.wikidata.org/entity/Q4993626,0,11,,56.675,22.18222222
LVA,Letônia,Q47510035,http://www.wikidata.org/entity/Q4993626,0,43,,56.66944444,22.32472222
LVA,Letônia,Q47510032,http://www.wikidata.org/entity/Q4993606,0,46,,56.47861111,22.14583333
LVA,Letônia,Q47510036,http://www.wikidata.org/entity/Q4993626,0,31,,56.68194444,22.43111111
LVA,Letônia,Q47510042,http://www.wikidata.org/entity/Q4993615,0,11,,56.59222222,22.47527778
LVA,Letônia,Q47510043,http://www.wikidata.org/entity/Q4993615,0,55,,56.61388889,22.53166667
LVA,Letônia,Q48804856,http://www.wikidata.org/entity/Q3801109,0,32,,56.79638889,27.22694444
LVA,Letônia,Q48804906,http://www.wikidata.org/entity/Q3801109,0,26,,56.79888889,27.26472222
LVA,Letônia,Q48804947,http://www.wikidata.org/entity/Q3801109,0,7,,56.82,27.28111111
LVA,Letônia,Q48954616,http://www.wikidata.org/entity/Q4971760,0,3,,56.4584,27.9601
LVA,Letônia,Q50649299,http://www.wikidata.org/entity/Q1107346,0,1,,56.52944444,25.76055556
LVA,Letônia,Q50649296,http://www.wikidata.org/entity/Q1107346,0,8,,56.40833333,25.79472222
LVA,Letônia,Q50649300,http://www.wikidata.org/entity/Q1107346,0,4,,56.40777778,25.70888889
LVA,Letônia,Q50649306,http://www.wikidata.org/entity/Q1107346,0,29,,56.3875,25.77944444
LVA,Letônia,Q50649307,http://www.wikidata.org/entity/Q1107346,0,19,,56.44166667,25.76444444
LVA,Letônia,Q60667781,http://www.wikidata.org/entity/Q3801642,0,31,,56.97333333,25.55444444
LVA,Letônia,Q60667786,http://www.wikidata.org/entity/Q3189971,0,6,,56.93083333,25.92944444
LVA,Letônia,Q60667785,http://www.wikidata.org/entity/Q3189971,0,2,,56.93611111,25.89527778
LVA,Letônia,Q60667788,http://www.wikidata.org/entity/Q3474271,0,4,,56.80972222,25.74527778
LVA,Letônia,Q60667789,http://www.wikidata.org/entity/Q3474271,0,12,,56.79166667,25.68666667
LVA,Letônia,Q60836481,,0,29,,,
LVA,Letônia,Q61122413,http://www.wikidata.org/entity/Q609656,0,40,,56.52083333,21.19805556
LVA,Letônia,Q61122429,http://www.wikidata.org/entity/Q609656,0,68,,56.56555556,21.14555556
LVA,Letônia,Q61122436,http://www.wikidata.org/entity/Q609656,0,56,,56.56111111,21.22611111
LVA,Letônia,Q61122488,http://www.wikidata.org/entity/Q609656,0,30,,56.42805556,21.21972222
LVA,Letônia,Q61122494,http://www.wikidata.org/entity/Q609656,0,41,,56.495,21.10194444
LVA,Letônia,Q61356572,http://www.wikidata.org/entity/Q11008651,0,58,,56.84416667,24.58666667
LVA,Letônia,Q61356667,http://www.wikidata.org/entity/Q11008651,0,0,,56.87611111,24.51888889
LVA,Letônia,Q61885824,http://www.wikidata.org/entity/Q4992606,0,1,,57.175555555556,22.1125
LVA,Letônia,Q50649313,http://www.wikidata.org/entity/Q4400115,0,24,,56.43,23.95805556
LVA,Letônia,Q50812873,http://www.wikidata.org/entity/Q3743286,0,14,,58.04888889,25.18416667
LVA,Letônia,Q50812878,http://www.wikidata.org/entity/Q3743286,0,24,,58.00611111,25.23583333
LVA,Letônia,Q50812883,http://www.wikidata.org/entity/Q3801585,0,13,,58.02527778,25.33472222
LVA,Letônia,Q50812887,http://www.wikidata.org/entity/Q3801585,0,12,,57.98416667,25.40555556
LVA,Letônia,Q50812889,http://www.wikidata.org/entity/Q3801585,0,8,,58.00444444,25.33972222
LVA,Letônia,Q51114467,http://www.wikidata.org/entity/Q6505943,0,61,,56.91416667,27.06833333
LVA,Letônia,Q51114559,http://www.wikidata.org/entity/Q6505943,0,14,,56.98611111,27.06444444
LVA,Letônia,Q51125379,http://www.wikidata.org/entity/Q4290789,0,7,,56.69194444,27.71555556
LVA,Letônia,Q51127264,http://www.wikidata.org/entity/Q11113584,0,20,,57.52444444,25.28
LVA,Letônia,Q51372870,http://www.wikidata.org/entity/Q7378637,0,30,,57.02083333,26.97722222
LVA,Letônia,Q51372881,http://www.wikidata.org/entity/Q7378637,0,13,,56.93666667,27.17527778
LVA,Letônia,Q51388608,http://www.wikidata.org/entity/Q3801020,0,12,,56.21833333,26.25222222
LVA,Letônia,Q51389427,http://www.wikidata.org/entity/Q3801020,0,12,,56.22222222,26.21833333
LVA,Letônia,Q51389848,http://www.wikidata.org/entity/Q10951083,0,47,,56.345,26.32166667
LVA,Letônia,Q51390338,http://www.wikidata.org/entity/Q10951083,0,3,,56.39555556,26.43444444
LVA,Letônia,Q51390775,http://www.wikidata.org/entity/Q3801557,0,17,,56.30333333,26.41
LVA,Letônia,Q51391316,http://www.wikidata.org/entity/Q10970334,0,0,,56.45,26.36277778
LVA,Letônia,Q51391575,http://www.wikidata.org/entity/Q10970334,0,68,,56.40472222,26.10833333
LVA,Letônia,Q51391953,http://www.wikidata.org/entity/Q10970334,0,24,,56.40555556,26.18444444
LVA,Letônia,Q51456700,http://www.wikidata.org/entity/Q5121934,0,20,,56.54638889,27.68666667
LVA,Letônia,Q51536553,http://www.wikidata.org/entity/Q7378637,0,6,,56.98722222,27.21138889
LVA,Letônia,Q51536570,http://www.wikidata.org/entity/Q7378637,0,34,,56.99472222,27.12027778
LVA,Letônia,Q51845418,http://www.wikidata.org/entity/Q3238352,0,5,,56.93861111,25.96194444
LVA,Letônia,Q51845427,http://www.wikidata.org/entity/Q3359311,0,45,,56.80333333,26.64777778
LVA,Letônia,Q52734216,http://www.wikidata.org/entity/Q3801201,0,7,,56.35083333,27.56333333
LVA,Letônia,Q52734759,http://www.wikidata.org/entity/Q4268331,0,5,,56.38666667,27.32777778
LVA,Letônia,Q54166043,http://www.wikidata.org/entity/Q4275966,0,17,,56.29444444,27.34916667
LVA,Letônia,Q54806946,http://www.wikidata.org/entity/Q7378637,0,16,,57.02527778,27.15916667
LVA,Letônia,Q55153285,http://www.wikidata.org/entity/Q3801171,0,4,,56.70916667,27.28416667
LVA,Letônia,Q55162457,http://www.wikidata.org/entity/Q4332229,0,12,,56.43527778,27.30416667
LVA,Letônia,Q55163151,http://www.wikidata.org/entity/Q4332236,0,0,,56.53111111,27.2225
LVA,Letônia,Q55163193,http://www.wikidata.org/entity/Q4384854,0,10,,56.23805556,27.19861111
LVA,Letônia,Q55163386,http://www.wikidata.org/entity/Q4419275,0,1,,56.42138889,27.155
LVA,Letônia,Q55163617,http://www.wikidata.org/entity/Q4442884,0,2,,56.43833333,27.50694444
LVA,Letônia,Q55183134,http://www.wikidata.org/entity/Q7378637,0,4,,56.98222222,26.90583333
LVA,Letônia,Q55184122,http://www.wikidata.org/entity/Q7378637,0,16,,56.98805556,26.96805556
LVA,Letônia,Q55518888,http://www.wikidata.org/entity/Q3801011,0,10,,56.46666667,25.91194444
LVA,Letônia,Q55518901,http://www.wikidata.org/entity/Q3801011,0,30,,56.43388889,26.06277778
LVA,Letônia,Q55518919,http://www.wikidata.org/entity/Q3801011,0,20,,56.46722222,25.89333333
LVA,Letônia,Q56487002,http://www.wikidata.org/entity/Q3801565,0,15,,57.504444444444,25.0
LVA,Letônia,Q59769069,http://www.wikidata.org/entity/Q13635538,0,9,,56.847222222222,21.538333333333
LVA,Letônia,Q60152717,http://www.wikidata.org/entity/Q3801109,0,6,,56.83361111,27.35527778
LVA,Letônia,Q60152729,http://www.wikidata.org/entity/Q3801263,0,15,,56.65638889,25.78722222
LVA,Letônia,Q60152774,http://www.wikidata.org/entity/Q3801263,0,30,,56.61111111,25.79972222
LVA,Letônia,Q60152775,http://www.wikidata.org/entity/Q3801263,0,2,,56.65444444,25.64416667
LVA,Letônia,Q60152778,http://www.wikidata.org/entity/Q3801263,0,27,,56.64777778,25.68333333
LVA,Letônia,Q60152780,http://www.wikidata.org/entity/Q3801263,0,15,,56.63777778,25.74055556
LVA,Letônia,Q60152781,http://www.wikidata.org/entity/Q3801263,0,12,,56.62916667,25.8875
LVA,Letônia,Q60152786,http://www.wikidata.org/entity/Q3801263,0,40,,56.62583333,25.77472222
LVA,Letônia,Q60152787,http://www.wikidata.org/entity/Q3801263,0,42,,56.62222222,25.775
LVA,Letônia,Q60152784,http://www.wikidata.org/entity/Q3801263,0,76,,56.64166667,25.79666667
LVA,Letônia,Q60152790,http://www.wikidata.org/entity/Q7427430,0,2,,56.40305556,26.62527778
LVA,Letônia,Q60152791,http://www.wikidata.org/entity/Q3801263,0,8,,56.66083333,25.71527778
LVA,Letônia,Q60152789,http://www.wikidata.org/entity/Q3801263,0,14,,56.64305556,25.83555556
LVA,Letônia,Q60152793,http://www.wikidata.org/entity/Q3801263,0,3,,56.63638889,25.67777778
LVA,Letônia,Q60152798,http://www.wikidata.org/entity/Q7944897,0,20,,56.865,22.06944444
LVA,Letônia,Q60155813,http://www.wikidata.org/entity/Q7944897,0,30,,56.84638889,22.22166667
LVA,Letônia,Q60155824,http://www.wikidata.org/entity/Q7944897,0,60,,56.82055556,22.21277778
LVA,Letônia,Q60155838,http://www.wikidata.org/entity/Q7855569,0,19,,56.84972222,21.76138889
LVA,Letônia,Q60155848,http://www.wikidata.org/entity/Q7855569,0,3,,56.77916667,21.80083333
LVA,Letônia,Q60155855,http://www.wikidata.org/entity/Q13635538,0,13,,56.91277778,21.65694444
LVA,Letônia,Q60155852,http://www.wikidata.org/entity/Q7855569,0,6,,56.80194444,21.80416667
LVA,Letônia,Q60155853,http://www.wikidata.org/entity/Q13635538,0,16,,56.91861111,21.64194444
LVA,Letônia,Q60155857,http://www.wikidata.org/entity/Q13635538,0,40,,56.87111111,21.58638889
LVA,Letônia,Q60155863,http://www.wikidata.org/entity/Q6446195,0,20,,56.90777778,21.77055556
LVA,Letônia,Q60155860,http://www.wikidata.org/entity/Q6446195,0,50,,56.93666667,21.82555556
LVA,Letônia,Q60311552,http://www.wikidata.org/entity/Q6446195,0,30,,56.95555556,21.905
LVA,Letônia,Q60311559,http://www.wikidata.org/entity/Q6446195,0,65,,56.94055556,21.92777778
LVA,Letônia,Q60313145,http://www.wikidata.org/entity/Q6446195,0,50,,56.8625,21.81416667
LVA,Letônia,Q60320146,http://www.wikidata.org/entity/Q8079988,0,50,,57.033888888889,21.657222222222
LVA,Letônia,Q60320144,http://www.wikidata.org/entity/Q6446195,0,10,,56.86805556,21.8425
LVA,Letônia,Q60433443,http://www.wikidata.org/entity/Q14475618,0,10,,56.80805556,21.22583333
LVA,Letônia,Q60434103,http://www.wikidata.org/entity/Q14475618,0,16,,56.78861111,21.24722222
LVA,Letônia,Q60434106,http://www.wikidata.org/entity/Q14475618,0,0,,56.84083333,21.36805556
LVA,Letônia,Q60434104,http://www.wikidata.org/entity/Q14475618,0,23,,56.78861111,21.24722222
LVA,Letônia,Q60434105,http://www.wikidata.org/entity/Q14475618,0,1,,56.751944444444,21.276666666667
LVA,Letônia,Q60434110,http://www.wikidata.org/entity/Q4992819,0,27,,56.60694444,21.36555556
LVA,Letônia,Q60434111,http://www.wikidata.org/entity/Q4992819,0,15,,56.5725,21.43027778
LVA,Letônia,Q60434108,http://www.wikidata.org/entity/Q4993645,0,38,,57.53444444,22.31138889
LVA,Letônia,Q60434109,http://www.wikidata.org/entity/Q4993645,0,10,,57.41305556,22.3425
LVA,Letônia,Q60434114,http://www.wikidata.org/entity/Q4993647,0,31,,56.55611111,21.26194444
LVA,Letônia,Q60434115,http://www.wikidata.org/entity/Q4993647,0,22,,56.55416667,21.37388889
LVA,Letônia,Q60434112,http://www.wikidata.org/entity/Q4992819,0,12,,56.57222222,21.4425
LVA,Letônia,Q60434113,http://www.wikidata.org/entity/Q4992819,0,3,,56.555,21.46416667
LVA,Letônia,Q60434118,http://www.wikidata.org/entity/Q4992822,0,20,,56.63055556,21.56361111
LVA,Letônia,Q60434119,http://www.wikidata.org/entity/Q4992822,0,18,,56.61305556,21.54722222
LVA,Letônia,Q60434116,http://www.wikidata.org/entity/Q4992822,0,42,,56.59194444,21.53388889
LVA,Letônia,Q60434117,http://www.wikidata.org/entity/Q4992822,0,26,,56.5925,21.58527778
LVA,Letônia,Q60434120,http://www.wikidata.org/entity/Q4992822,0,36,,56.64083333,21.52694444
LVA,Letônia,Q60667774,http://www.wikidata.org/entity/Q4424216,0,30,,56.94611111,23.29194444
LVA,Letônia,Q60667778,http://www.wikidata.org/entity/Q4424216,0,34,,57.01027778,23.27916667
LVA,Letônia,Q60667779,http://www.wikidata.org/entity/Q4424216,0,24,,56.98333333,23.25861111
LVA,Letônia,Q60667776,http://www.wikidata.org/entity/Q4424216,0,20,,56.938857,23.343319
LVA,Letônia,Q60667777,http://www.wikidata.org/entity/Q4424216,0,30,,56.96833333,23.35722222
LVA,Letônia,Q60667780,http://www.wikidata.org/entity/Q4424216,0,20,,56.94388889,23.18555556
LVA,Letônia,Q22338360,http://www.wikidata.org/entity/Q3801447,0,42,,56.73722222,24.82194444
LVA,Letônia,Q22967602,http://www.wikidata.org/entity/Q2340073,0,2,,56.21694444,28.14916667
LVA,Letônia,Q22967603,http://www.wikidata.org/entity/Q2340073,0,3,,56.18972222,28.10916667
LVA,Letônia,Q22967610,http://www.wikidata.org/entity/Q2340073,0,6,,56.18527778,28.14722222
LVA,Letônia,Q22967609,http://www.wikidata.org/entity/Q2340073,0,4,,56.15805556,28.05666667
LVA,Letônia,Q22967612,http://www.wikidata.org/entity/Q2340073,0,9,,56.21777778,28.13166667
LVA,Letônia,Q22967613,http://www.wikidata.org/entity/Q2340073,0,6,,56.23777778,28.12805556
LVA,Letônia,Q22979190,http://www.wikidata.org/entity/Q4185230,0,16,,56.40833333,28.03666667
LVA,Letônia,Q22979191,http://www.wikidata.org/entity/Q4185230,0,5,,56.32222222,28.09611111
LVA,Letônia,Q22979192,http://www.wikidata.org/entity/Q4185230,0,4,,56.37388889,28.06138889
LVA,Letônia,Q22979193,http://www.wikidata.org/entity/Q4185230,0,2,,56.30277778,28.10333333
LVA,Letônia,Q22979198,http://www.wikidata.org/entity/Q4185230,0,16,,56.34277778,28.11388889
LVA,Letônia,Q22979196,http://www.wikidata.org/entity/Q4185230,0,8,,56.36111111,28.14972222
LVA,Letônia,Q22979197,http://www.wikidata.org/entity/Q4185230,0,7,,56.37083333,28.10194444
LVA,Letônia,Q22979202,http://www.wikidata.org/entity/Q4185230,0,7,,56.31222222,28.13416667
LVA,Letônia,Q22979203,http://www.wikidata.org/entity/Q4185230,0,25,,56.37111111,28.11944444
LVA,Letônia,Q22979204,http://www.wikidata.org/entity/Q4185230,0,3,,56.38916667,28.07138889
LVA,Letônia,Q22979205,http://www.wikidata.org/entity/Q4185230,0,3,,56.38222222,28.03388889
LVA,Letônia,Q22980877,http://www.wikidata.org/entity/Q4185230,0,9,,56.4,28.14222222
LVA,Letônia,Q22980883,http://www.wikidata.org/entity/Q4185230,0,10,,56.37305556,28.14194444
LVA,Letônia,Q22980880,http://www.wikidata.org/entity/Q4185230,0,2,,56.29694444,28.07944444
LVA,Letônia,Q22980881,http://www.wikidata.org/entity/Q4185230,0,3,,56.36444444,28.02305556
LVA,Letônia,Q23000897,http://www.wikidata.org/entity/Q2359260,0,50,,56.55888889,26.85611111
LVA,Letônia,Q23000903,http://www.wikidata.org/entity/Q2359260,0,10,,56.54888889,26.81472222
LVA,Letônia,Q23000901,http://www.wikidata.org/entity/Q2359260,0,9,,56.55444444,26.82472222
LVA,Letônia,Q23007534,http://www.wikidata.org/entity/Q6695170,0,26,,57.45194444,22.56222222
LVA,Letônia,Q23007535,http://www.wikidata.org/entity/Q6497766,0,5,,57.24388889,22.91055556
LVA,Letônia,Q23007532,http://www.wikidata.org/entity/Q6695170,0,12,,57.43611111,22.72222222
LVA,Letônia,Q23007533,http://www.wikidata.org/entity/Q6497766,0,23,,57.25194444,22.86833333
LVA,Letônia,Q23307947,http://www.wikidata.org/entity/Q7649870,0,11,,57.26083333,27.675
LVA,Letônia,Q23307950,http://www.wikidata.org/entity/Q7649870,0,9,,57.16888889,27.58222222
LVA,Letônia,Q23307951,http://www.wikidata.org/entity/Q7649870,0,3,,57.26416667,27.71472222
LVA,Letônia,Q23307948,http://www.wikidata.org/entity/Q7649870,0,16,,57.21083333,27.69222222
LVA,Letônia,Q23307949,http://www.wikidata.org/entity/Q7649870,0,33,,57.23972222,27.66555556
LVA,Letônia,Q23313385,http://www.wikidata.org/entity/Q3801278,0,14,,57.04194444,27.72888889
LVA,Letônia,Q23313394,http://www.wikidata.org/entity/Q3801278,0,16,,57.02388889,27.63083333
LVA,Letônia,Q23313400,http://www.wikidata.org/entity/Q3801278,0,34,,57.07138889,27.73527778
LVA,Letônia,Q23313409,http://www.wikidata.org/entity/Q3801278,0,5,,57.04472222,27.66944444
LVA,Letônia,Q23313417,http://www.wikidata.org/entity/Q3801278,0,1,,57.06305556,27.73916667
LVA,Letônia,Q23313423,http://www.wikidata.org/entity/Q3801278,0,13,,57.03555556,27.65444444
LVA,Letônia,Q23313420,http://www.wikidata.org/entity/Q3801278,0,18,,57.01166667,27.68472222
LVA,Letônia,Q23313433,http://www.wikidata.org/entity/Q3801278,0,18,,57.07805556,27.61388889
LVA,Letônia,Q23313439,http://www.wikidata.org/entity/Q3801278,0,18,,57.07166667,27.5675
LVA,Letônia,Q23313436,http://www.wikidata.org/entity/Q3801278,0,10,,57.01333333,27.64888889
LVA,Letônia,Q23313442,http://www.wikidata.org/entity/Q3801278,0,2,,57.07444444,27.62888889
LVA,Letônia,Q23313447,http://www.wikidata.org/entity/Q3801278,0,5,,57.07333333,27.54222222
LVA,Letônia,Q23313444,http://www.wikidata.org/entity/Q3801278,0,25,,57.08666667,27.63138889
LVA,Letônia,Q23641258,http://www.wikidata.org/entity/Q3801278,0,17,,57.07833333,27.68472222
LVA,Letônia,Q23641259,http://www.wikidata.org/entity/Q3801278,0,9,,57.08138889,27.66861111
LVA,Letônia,Q23641257,http://www.wikidata.org/entity/Q3801278,0,27,,57.06833333,27.59805556
LVA,Letônia,Q23649142,http://www.wikidata.org/entity/Q7917869,0,15,,57.18916667,27.70361111
LVA,Letônia,Q23649143,http://www.wikidata.org/entity/Q3801278,0,1,,57.01055556,27.71277778
LVA,Letônia,Q23649141,http://www.wikidata.org/entity/Q7917869,0,3,,57.21861111,27.80472222
LVA,Letônia,Q23649144,http://www.wikidata.org/entity/Q3801278,0,2,,57.05055556,27.71694444
LVA,Letônia,Q23747227,http://www.wikidata.org/entity/Q2605096,0,17,,56.01666667,27.02805556
LVA,Letônia,Q23747246,http://www.wikidata.org/entity/Q2605096,0,6,,56.06777778,27.08055556
LVA,Letônia,Q23747247,http://www.wikidata.org/entity/Q2605096,0,26,,56.03944444,26.99416667
LVA,Letônia,Q23747250,http://www.wikidata.org/entity/Q499965,0,1,,57.26194444,27.6775
LVA,Letônia,Q23747251,http://www.wikidata.org/entity/Q2605096,0,9,,56.00694444,27.07277778
LVA,Letônia,Q23747249,http://www.wikidata.org/entity/Q2605096,0,30,,56.00611111,27.00333333
LVA,Letônia,Q23747254,http://www.wikidata.org/entity/Q2605096,0,2,,56.06027778,27.02888889
LVA,Letônia,Q23747255,http://www.wikidata.org/entity/Q2605096,0,5,,56.06972222,27.01027778
LVA,Letônia,Q23747252,http://www.wikidata.org/entity/Q2605096,0,14,,56.03555556,27.04333333
LVA,Letônia,Q23747253,http://www.wikidata.org/entity/Q2605096,0,2,,56.07333333,27.03111111
LVA,Letônia,Q23935760,http://www.wikidata.org/entity/Q4992595,0,94,,57.33055556,21.60777778
LVA,Letônia,Q23954810,http://www.wikidata.org/entity/Q4348140,0,32,,57.24333333,22.08333333
LVA,Letônia,Q23954811,http://www.wikidata.org/entity/Q4348140,0,10,,57.34916667,21.93222222
LVA,Letônia,Q23954808,http://www.wikidata.org/entity/Q4348140,0,16,,57.15916667,22.0175
LVA,Letônia,Q23954812,http://www.wikidata.org/entity/Q3801547,0,14,,57.65,24.49138889
LVA,Letônia,Q24238623,http://www.wikidata.org/entity/Q2605129,0,12,,56.09694444,25.75111111
LVA,Letônia,Q24238624,http://www.wikidata.org/entity/Q2605129,0,10,,56.105,25.77833333
LVA,Letônia,Q24248494,http://www.wikidata.org/entity/Q4992610,0,4,,57.04138889,25.85861111
LVA,Letônia,Q24248495,http://www.wikidata.org/entity/Q7265234,0,19,,57.04333333,22.87
LVA,Letônia,Q24248492,http://www.wikidata.org/entity/Q4992610,0,96,,57.02388889,25.84722222
LVA,Letônia,Q24248493,http://www.wikidata.org/entity/Q2605129,0,7,,56.11527778,25.77611111
LVA,Letônia,Q24248498,http://www.wikidata.org/entity/Q7265234,0,20,,57.0825,22.99972222
LVA,Letônia,Q24248496,http://www.wikidata.org/entity/Q7265234,0,29,,57.01944444,22.92222222
LVA,Letônia,Q24248497,http://www.wikidata.org/entity/Q7265234,0,25,,57.0775,22.93888889
LVA,Letônia,Q24255482,http://www.wikidata.org/entity/Q4992624,0,15,,57.07055556,25.62416667
LVA,Letônia,Q24255483,http://www.wikidata.org/entity/Q4992624,0,19,,56.99,25.645
LVA,Letônia,Q24255484,http://www.wikidata.org/entity/Q4992624,0,31,,57.00583333,25.645
LVA,Letônia,Q24275078,http://www.wikidata.org/entity/Q4992624,0,34,,57.03888889,25.61972222
LVA,Letônia,Q24275079,http://www.wikidata.org/entity/Q4992624,0,20,,57.04416667,25.65861111
LVA,Letônia,Q24275077,http://www.wikidata.org/entity/Q7667013,0,25,,57.13722222,23.10027778
LVA,Letônia,Q24275082,http://www.wikidata.org/entity/Q4992624,0,7,,57.04444444,25.57527778
LVA,Letônia,Q24275080,http://www.wikidata.org/entity/Q11002708,0,97,,57.14083333,23.04916667
LVA,Letônia,Q24451335,http://www.wikidata.org/entity/Q4992613,0,3,,57.08944444,25.73305556
LVA,Letônia,Q24451338,http://www.wikidata.org/entity/Q4992613,0,1,,57.03916667,25.73888889
LVA,Letônia,Q24451339,http://www.wikidata.org/entity/Q4992613,0,17,,57.06888889,25.78611111
LVA,Letônia,Q24451336,http://www.wikidata.org/entity/Q4992613,0,17,,57.03583333,25.73305556
LVA,Letônia,Q24451337,http://www.wikidata.org/entity/Q4992613,0,13,,57.03888889,25.73083333
LVA,Letônia,Q24451340,http://www.wikidata.org/entity/Q4992613,0,10,,57.08833333,25.81444444
LVA,Letônia,Q24451341,http://www.wikidata.org/entity/Q4992613,0,3,,57.08416667,25.68
LVA,Letônia,Q24572458,http://www.wikidata.org/entity/Q15710292,0,12,,56.17722222,26.56527778
LVA,Letônia,Q24572459,http://www.wikidata.org/entity/Q15710292,0,18,,56.27277778,26.36444444
LVA,Letônia,Q24572462,http://www.wikidata.org/entity/Q15710292,0,14,,56.18027778,26.51055556
LVA,Letônia,Q24572460,http://www.wikidata.org/entity/Q15710292,0,4,,56.18916667,26.40555556
LVA,Letônia,Q24660119,http://www.wikidata.org/entity/Q15710316,0,22,,56.21388889,26.58111111
LVA,Letônia,Q24702144,http://www.wikidata.org/entity/Q15710316,0,4,,56.24777778,26.46722222
LVA,Letônia,Q24702145,http://www.wikidata.org/entity/Q15710316,0,13,,56.23194444,26.45388889
LVA,Letônia,Q24702155,http://www.wikidata.org/entity/Q15710316,0,6,,56.20527778,26.52805556
LVA,Letônia,Q24702156,http://www.wikidata.org/entity/Q15710316,0,1,,56.24638889,26.46944444
LVA,Letônia,Q24702162,http://www.wikidata.org/entity/Q15710316,0,3,,56.22777778,26.53777778
LVA,Letônia,Q24702160,http://www.wikidata.org/entity/Q15710316,0,29,,56.28138889,26.38222222
LVA,Letônia,Q24702161,http://www.wikidata.org/entity/Q15710316,0,12,,56.21194444,26.56611111
LVA,Letônia,Q24702164,http://www.wikidata.org/entity/Q15710316,0,1,,56.265,26.43
LVA,Letônia,Q24702165,http://www.wikidata.org/entity/Q15710316,0,43,,56.27222222,26.38694444
LVA,Letônia,Q25176002,http://www.wikidata.org/entity/Q3801311,0,3,,56.24722222,26.54111111
LVA,Letônia,Q25176000,http://www.wikidata.org/entity/Q3801311,0,8,,56.27055556,26.58222222
LVA,Letônia,Q25176011,http://www.wikidata.org/entity/Q3801311,0,69,,56.21527778,26.65694444
LVA,Letônia,Q25176008,http://www.wikidata.org/entity/Q3801311,0,2,,56.23638889,26.5425
LVA,Letônia,Q25176009,http://www.wikidata.org/entity/Q3801311,0,23,,56.25722222,26.55583333
LVA,Letônia,Q25176012,http://www.wikidata.org/entity/Q3801311,0,11,,56.265,26.57416667
LVA,Letônia,Q25176016,http://www.wikidata.org/entity/Q3801311,0,13,,56.23055556,26.55333333
LVA,Letônia,Q25288730,http://www.wikidata.org/entity/Q3328156,0,8,,56.64722222,26.72611111
LVA,Letônia,Q25288731,http://www.wikidata.org/entity/Q3328156,0,11,,56.65527778,26.59055556
LVA,Letônia,Q25288732,http://www.wikidata.org/entity/Q3328156,0,10,,56.66222222,26.57361111
LVA,Letônia,Q25707131,http://www.wikidata.org/entity/Q7915421,0,16,,56.55361111,26.59527778
LVA,Letônia,Q25831907,http://www.wikidata.org/entity/Q2606984,0,25,,57.40277778,27.10194444
LVA,Letônia,Q25839516,http://www.wikidata.org/entity/Q7915421,0,61,,56.58222222,26.665
LVA,Letônia,Q25839531,http://www.wikidata.org/entity/Q7915421,0,28,,56.59361111,26.72055556
LVA,Letônia,Q25839611,http://www.wikidata.org/entity/Q7915421,0,2,,56.64611111,26.77694444
LVA,Letônia,Q25839643,http://www.wikidata.org/entity/Q7915421,0,7,,56.60833333,26.62027778
LVA,Letônia,Q25839641,http://www.wikidata.org/entity/Q7915421,0,8,,56.61,26.70833333
LVA,Letônia,Q25839646,http://www.wikidata.org/entity/Q7915421,0,49,,56.60527778,26.72166667
LVA,Letônia,Q25839651,http://www.wikidata.org/entity/Q7915421,0,6,,56.63888889,26.74916667
LVA,Letônia,Q25839657,http://www.wikidata.org/entity/Q7915421,0,8,,56.58722222,26.69055556
LVA,Letônia,Q25839660,http://www.wikidata.org/entity/Q7915421,0,2,,56.59277778,26.62444444
LVA,Letônia,Q25839686,http://www.wikidata.org/entity/Q7915421,0,12,,56.58527778,26.68166667
LVA,Letônia,Q25915424,http://www.wikidata.org/entity/Q2340056,0,1,,55.75861111,26.79277778
LVA,Letônia,Q25915441,http://www.wikidata.org/entity/Q4394501,0,12,,56.31666667,26.74138889
LVA,Letônia,Q25931619,http://www.wikidata.org/entity/Q8079993,0,94,,57.75444444,25.78361111
LVA,Letônia,Q25997970,http://www.wikidata.org/entity/Q2606984,0,21,,57.38388889,27.19666667
LVA,Letônia,Q25997972,http://www.wikidata.org/entity/Q2606984,0,4,,57.42638889,27.24222222
LVA,Letônia,Q26037342,http://www.wikidata.org/entity/Q2606984,0,20,,57.45166667,27.25888889
LVA,Letônia,Q26041386,http://www.wikidata.org/entity/Q2606968,0,5,,57.31833333,27.09888889
LVA,Letônia,Q26161355,http://www.wikidata.org/entity/Q7929329,0,10,,57.59277778,26.04138889
LVA,Letônia,Q26161356,http://www.wikidata.org/entity/Q7929329,0,26,,57.56222222,25.935
LVA,Letônia,Q26161357,http://www.wikidata.org/entity/Q7929329,0,22,,57.56166667,25.96777778
LVA,Letônia,Q26232742,http://www.wikidata.org/entity/Q2606998,0,3,,57.31583333,26.89555556
LVA,Letônia,Q26232743,http://www.wikidata.org/entity/Q2606998,0,7,,57.35083333,26.88833333
LVA,Letônia,Q26232740,http://www.wikidata.org/entity/Q1445317,0,15,,57.60388889,26.2275
LVA,Letônia,Q26232741,http://www.wikidata.org/entity/Q1445317,0,15,,57.57194444,26.34777778
LVA,Letônia,Q26232746,http://www.wikidata.org/entity/Q2606998,0,2,,57.32305556,26.85027778
LVA,Letônia,Q26232747,http://www.wikidata.org/entity/Q2606998,0,1,,57.33638889,26.93888889
LVA,Letônia,Q26232744,http://www.wikidata.org/entity/Q2606998,0,2,,57.34305556,26.83583333
LVA,Letônia,Q26232745,http://www.wikidata.org/entity/Q4258011,0,0,,56.57861111,27.52888889
LVA,Letônia,Q26232748,http://www.wikidata.org/entity/Q1445317,0,16,,57.54722222,26.17444444
LVA,Letônia,Q26827863,http://www.wikidata.org/entity/Q6071987,0,75,,56.84833333,22.98583333
LVA,Letônia,Q26827866,http://www.wikidata.org/entity/Q6164866,0,15,,56.96888889,22.96166667
LVA,Letônia,Q26827864,http://www.wikidata.org/entity/Q6164866,0,57,,56.98166667,22.98972222
LVA,Letônia,Q26827865,http://www.wikidata.org/entity/Q6164866,0,23,,56.95638889,22.93861111
LVA,Letônia,Q26832630,http://www.wikidata.org/entity/Q2606978,0,29,,57.39583333,27.44527778
LVA,Letônia,Q26996295,http://www.wikidata.org/entity/Q2607056,0,6,,57.36444444,27.10833333
LVA,Letônia,Q28058299,http://www.wikidata.org/entity/Q455528,0,11,,57.16694444,25.29722222
LVA,Letônia,Q28058302,http://www.wikidata.org/entity/Q455528,0,5,,57.16666667,25.27944444
LVA,Letônia,Q28058300,http://www.wikidata.org/entity/Q455528,0,18,,57.1875,25.32861111
LVA,Letônia,Q28058301,http://www.wikidata.org/entity/Q455528,0,3,,57.18,25.42638889
LVA,Letônia,Q28058307,http://www.wikidata.org/entity/Q2606952,0,35,,57.25305556,25.27777778
LVA,Letônia,Q28058890,http://www.wikidata.org/entity/Q110446036,0,53,,56.96388889,24.98861111
LVA,Letônia,Q28113452,http://www.wikidata.org/entity/Q2606952,0,21,,57.23972222,25.19138889
LVA,Letônia,Q28113453,http://www.wikidata.org/entity/Q4852990,0,15,,56.94,27.61305556
LVA,Letônia,Q28113459,http://www.wikidata.org/entity/Q2606952,0,30,,57.22111111,25.22944444
LVA,Letônia,Q28854898,http://www.wikidata.org/entity/Q4992263,0,31,,56.92111111,23.67583333
LVA,Letônia,Q29114367,http://www.wikidata.org/entity/Q14475618,0,32,,56.91444444,21.24388889
LVA,Letônia,Q29350155,http://www.wikidata.org/entity/Q3801594,0,68,,56.5328,26.3161
LVA,Letônia,Q29350411,http://www.wikidata.org/entity/Q4210261,0,24,,55.91916667,27.33166667
LVA,Letônia,Q61962618,http://www.wikidata.org/entity/Q12318549,0,139,,57.10833333,24.63861111
LVA,Letônia,Q61962616,http://www.wikidata.org/entity/Q2605157,0,3,,56.62777778,25.40861111
LVA,Letônia,Q61962622,http://www.wikidata.org/entity/Q2605157,0,2,,56.60027778,25.34694444
LVA,Letônia,Q64903389,http://www.wikidata.org/entity/Q2361064,0,21,,55.9964,27.5444
LVA,Letônia,Q64903393,http://www.wikidata.org/entity/Q2340111,0,17,,56.0061,26.4324
LVA,Letônia,Q64903396,http://www.wikidata.org/entity/Q4992789,0,12,,57.0216,27.3311
LVA,Letônia,Q64903622,http://www.wikidata.org/entity/Q4210261,0,8,,55.902,27.3078
LVA,Letônia,Q64903621,http://www.wikidata.org/entity/Q4237879,0,2,,55.8597,27.237
LVA,Letônia,Q64903647,http://www.wikidata.org/entity/Q4237879,0,15,,55.8821,27.186
LVA,Letônia,Q64903650,http://www.wikidata.org/entity/Q7427430,0,3,,56.3502,26.6256
LVA,Letônia,Q64903649,http://www.wikidata.org/entity/Q3801599,0,62,,55.965,26.0843
LVA,Letônia,Q64903671,http://www.wikidata.org/entity/Q4513320,0,14,,56.3956,27.4427
LVA,Letônia,Q64903684,http://www.wikidata.org/entity/Q4394624,0,34,,56.6397,27.0252
LVA,Letônia,Q64903685,http://www.wikidata.org/entity/Q4419275,0,31,,56.3805,27.1228
LVA,Letônia,Q64903690,http://www.wikidata.org/entity/Q4469557,0,33,,55.9165,27.0819
LVA,Letônia,Q64903689,http://www.wikidata.org/entity/Q3801680,0,11,,56.383,27.9657
LVA,Letônia,Q64903692,http://www.wikidata.org/entity/Q4212657,0,13,,56.5736,27.172
LVA,Letônia,Q64903693,http://www.wikidata.org/entity/Q3801219,0,1,,56.6881,27.5813
LVA,Letônia,Q61962620,http://www.wikidata.org/entity/Q12318549,0,184,,57.075,24.59194444
LVA,Letônia,Q62604126,http://www.wikidata.org/entity/Q2605157,0,1,,56.62,25.37833333
LVA,Letônia,Q62604127,http://www.wikidata.org/entity/Q2605157,0,2,,56.58861111,25.44944444
LVA,Letônia,Q62604124,http://www.wikidata.org/entity/Q2605157,0,4,,56.61083333,25.36055556
LVA,Letônia,Q62604125,http://www.wikidata.org/entity/Q2605157,0,15,,56.53583333,25.37111111
LVA,Letônia,Q62604131,http://www.wikidata.org/entity/Q2605157,0,25,,56.56972222,25.41833333
LVA,Letônia,Q62604128,http://www.wikidata.org/entity/Q2605157,0,6,,56.52805556,25.35527778
LVA,Letônia,Q62604132,http://www.wikidata.org/entity/Q2605157,0,2,,56.59944444,25.40722222
LVA,Letônia,Q62604133,http://www.wikidata.org/entity/Q2605157,0,37,,56.50833333,25.37472222
LVA,Letônia,Q62604138,http://www.wikidata.org/entity/Q2605157,0,1,,56.55944444,25.3275
LVA,Letônia,Q62604139,http://www.wikidata.org/entity/Q2605157,0,1,,56.55888889,25.36888889
LVA,Letônia,Q62604136,http://www.wikidata.org/entity/Q2605157,0,1,,56.53583333,25.32722222
LVA,Letônia,Q62604142,http://www.wikidata.org/entity/Q2605144,0,42,,56.57861111,25.29416667
LVA,Letônia,Q62604143,http://www.wikidata.org/entity/Q2605144,0,8,,56.54611111,25.31222222
LVA,Letônia,Q62604140,http://www.wikidata.org/entity/Q2605082,0,13,,56.43111111,25.17527778
LVA,Letônia,Q62604141,http://www.wikidata.org/entity/Q2605144,0,52,,56.57055556,25.26944444
LVA,Letônia,Q62604146,http://www.wikidata.org/entity/Q2605108,0,10,,56.57083333,25.525
LVA,Letônia,Q62604144,http://www.wikidata.org/entity/Q2605144,0,69,,56.575,25.23388889
LVA,Letônia,Q62604148,http://www.wikidata.org/entity/Q2605108,0,18,,56.565,25.56305556
LVA,Letônia,Q63615035,http://www.wikidata.org/entity/Q2605116,0,24,,56.46472222,25.4625
LVA,Letônia,Q63615038,http://www.wikidata.org/entity/Q2605116,0,10,,56.47222222,25.55833333
LVA,Letônia,Q63615039,http://www.wikidata.org/entity/Q2605116,0,25,,56.47638889,25.54416667
LVA,Letônia,Q63615036,http://www.wikidata.org/entity/Q2605116,0,14,,56.44555556,25.50527778
LVA,Letônia,Q63615041,http://www.wikidata.org/entity/Q4539650,0,4,,56.70194444,22.83666667
LVA,Letônia,Q64224498,http://www.wikidata.org/entity/Q4530789,0,51,,56.435833,23.695833
LVA,Letônia,Q64224499,http://www.wikidata.org/entity/Q4530789,0,23,,56.450278,23.69
LVA,Letônia,Q64224496,http://www.wikidata.org/entity/Q4140206,0,39,,56.573056,23.562778
LVA,Letônia,Q64224497,http://www.wikidata.org/entity/Q4530789,0,23,,56.458056,23.691667
LVA,Letônia,Q64224502,http://www.wikidata.org/entity/Q4530789,0,40,,56.391944,23.701389
LVA,Letônia,Q64224503,http://www.wikidata.org/entity/Q4530789,0,81,,56.451667,23.742222
LVA,Letônia,Q64224500,http://www.wikidata.org/entity/Q4530789,0,13,,56.409722,23.726111
LVA,Letônia,Q64224506,http://www.wikidata.org/entity/Q4140206,0,632,,56.635833,23.611667
LVA,Letônia,Q64224507,http://www.wikidata.org/entity/Q4140206,0,80,,56.626389,23.476111
LVA,Letônia,Q64224504,http://www.wikidata.org/entity/Q4140206,0,66,,56.586944,23.61
LVA,Letônia,Q64224510,http://www.wikidata.org/entity/Q4539649,0,25,,56.52,23.979167
LVA,Letônia,Q64224511,http://www.wikidata.org/entity/Q4539649,0,50,,56.628611,23.829722
LVA,Letônia,Q64224509,http://www.wikidata.org/entity/Q4539649,0,30,,56.556944,23.854167
LVA,Letônia,Q64224513,http://www.wikidata.org/entity/Q4539649,0,90,,56.583056,23.814444
LVA,Letônia,Q64224517,http://www.wikidata.org/entity/Q4539649,0,20,,56.568611,23.9075
LVA,Letônia,Q64224522,http://www.wikidata.org/entity/Q4210270,0,52,,56.761667,23.610833
LVA,Letônia,Q64224523,http://www.wikidata.org/entity/Q4210270,0,57,,56.776667,23.623889
LVA,Letônia,Q64224520,http://www.wikidata.org/entity/Q4210270,0,67,,56.794167,23.572222
LVA,Letônia,Q64224521,http://www.wikidata.org/entity/Q4210270,0,19,,56.759167,23.640833
LVA,Letônia,Q64902767,http://www.wikidata.org/entity/Q5593965,0,98,,56.3283,21.728
LVA,Letônia,Q64902765,http://www.wikidata.org/entity/Q4993638,0,6,,57.0504,27.4819
LVA,Letônia,Q64902789,http://www.wikidata.org/entity/Q3801051,0,36,,56.9184,27.3671
LVA,Letônia,Q64902795,http://www.wikidata.org/entity/Q4482402,0,0,,56.2601,27.0271
LVA,Letônia,Q64902889,http://www.wikidata.org/entity/Q3801680,0,2,,56.36,27.8623
LVA,Letônia,Q64902894,http://www.wikidata.org/entity/Q4084862,0,11,,56.1117,27.9449
LVA,Letônia,Q64902893,http://www.wikidata.org/entity/Q4066096,0,7,,56.1822,27.4124
LVA,Letônia,Q64902897,http://www.wikidata.org/entity/Q4529949,0,1,,56.2045,27.6373
LVA,Letônia,Q64902900,http://www.wikidata.org/entity/Q7427430,0,1,,56.4374,26.6193
LVA,Letônia,Q64902901,http://www.wikidata.org/entity/Q4993610,0,14,,57.1885,27.313
LVA,Letônia,Q64902912,http://www.wikidata.org/entity/Q3801599,0,14,,55.95,26.0721
LVA,Letônia,Q64902918,http://www.wikidata.org/entity/Q12332326,0,46,,56.267,26.76
LVA,Letônia,Q64902917,http://www.wikidata.org/entity/Q3801219,0,29,,56.7073,27.5161
LVA,Letônia,Q64902923,http://www.wikidata.org/entity/Q2340245,0,4,,56.0931,26.8562
LVA,Letônia,Q64902928,http://www.wikidata.org/entity/Q5121934,0,7,,56.5126,27.5582
LVA,Letônia,Q64902929,http://www.wikidata.org/entity/Q3801498,0,23,,56.3578,26.9026
LVA,Letônia,Q64902970,http://www.wikidata.org/entity/Q4401369,0,19,,56.2782,26.9516
LVA,Letônia,Q64902994,http://www.wikidata.org/entity/Q3800872,0,22,,56.7371,27.8584
LVA,Letônia,Q64902995,http://www.wikidata.org/entity/Q3801201,0,2,,56.2814,27.5472
LVA,Letônia,Q64903008,http://www.wikidata.org/entity/Q2361078,0,38,,56.0821,27.4277
LVA,Letônia,Q64903028,http://www.wikidata.org/entity/Q4405531,0,12,,56.5291,27.1097
LVA,Letônia,Q64903029,http://www.wikidata.org/entity/Q4168243,0,4,,56.6497,27.3218
LVA,Letônia,Q64903047,http://www.wikidata.org/entity/Q4131928,0,15,,56.7445,27.1372
LVA,Letônia,Q64903066,http://www.wikidata.org/entity/Q2340152,0,4,,55.8526,26.6236
LVA,Letônia,Q64903065,http://www.wikidata.org/entity/Q4993610,0,5,,57.221,27.3522
LVA,Letônia,Q64903083,http://www.wikidata.org/entity/Q3801498,0,5,,56.3702,26.9126
LVA,Letônia,Q64903127,http://www.wikidata.org/entity/Q3801701,0,3,,56.4924,27.6629
LVA,Letônia,Q64903128,http://www.wikidata.org/entity/Q4065325,0,14,,56.1809,27.5906
LVA,Letônia,Q64903138,http://www.wikidata.org/entity/Q4065325,0,7,,56.1335,27.5329
LVA,Letônia,Q64903139,http://www.wikidata.org/entity/Q3800864,0,22,,56.5908,27.2383
LVA,Letônia,Q64903144,http://www.wikidata.org/entity/Q4442884,0,21,,56.3769,27.591
LVA,Letônia,Q64903174,http://www.wikidata.org/entity/Q4401369,0,2,,56.202,26.94
LVA,Letônia,Q64903175,http://www.wikidata.org/entity/Q4168243,0,19,,56.6426,27.1312
LVA,Letônia,Q64903182,http://www.wikidata.org/entity/Q4401369,0,2,,56.2384,26.9604
LVA,Letônia,Q64903180,http://www.wikidata.org/entity/Q4394624,0,22,,56.6607,26.9157
LVA,Letônia,Q64903181,http://www.wikidata.org/entity/Q4268331,0,21,,56.3878,27.2033
LVA,Letônia,Q64903185,http://www.wikidata.org/entity/Q2361089,0,5,,55.9776,27.1466
LVA,Letônia,Q64903243,http://www.wikidata.org/entity/Q2340245,0,1,,56.0495,26.7031
LVA,Letônia,Q64903245,http://www.wikidata.org/entity/Q2340085,0,54,,56.1017,26.676
LVA,Letônia,Q64903275,http://www.wikidata.org/entity/Q3801219,0,2,,56.7046,27.6314
LVA,Letônia,Q64903291,http://www.wikidata.org/entity/Q4993610,0,7,,57.2576,27.4953
LVA,Letônia,Q64903292,http://www.wikidata.org/entity/Q4210261,0,5,,55.9172,27.4052
LVA,Letônia,Q64903356,http://www.wikidata.org/entity/Q4131928,0,4,,56.7186,27.1334
LVA,Letônia,Q64903378,http://www.wikidata.org/entity/Q3801637,0,26,,56.6532,25.3924
LVA,Letônia,Q64903379,http://www.wikidata.org/entity/Q2330640,0,3,,56.0529,26.606
LVA,Letônia,Q64903376,http://www.wikidata.org/entity/Q2615041,0,7,,55.844,26.4076
LVA,Letônia,Q64903382,http://www.wikidata.org/entity/Q4993610,0,5,,57.1811,27.3574
LVA,Letônia,Q64903383,http://www.wikidata.org/entity/Q4084855,0,1,,56.6579,27.4771
LVA,Letônia,Q64903385,http://www.wikidata.org/entity/Q2361117,0,4,,55.8824,27.4635
LVA,Letônia,Q64903391,http://www.wikidata.org/entity/Q7427430,0,6,,56.4296,26.6025
LVA,Letônia,Q24292151,http://www.wikidata.org/entity/Q4992613,0,6,,57.09055556,25.85222222
LVA,Letônia,Q24292149,http://www.wikidata.org/entity/Q4992613,0,11,,57.08111111,25.71027778
LVA,Letônia,Q24292154,http://www.wikidata.org/entity/Q4992613,0,8,,57.05944444,25.88805556
LVA,Letônia,Q24292152,http://www.wikidata.org/entity/Q4992613,0,7,,57.09194444,25.66666667
LVA,Letônia,Q24292153,http://www.wikidata.org/entity/Q4992613,0,8,,57.0775,25.82777778
LVA,Letônia,Q24572461,http://www.wikidata.org/entity/Q15710292,0,13,,56.13388889,26.61166667
LVA,Letônia,Q24572469,http://www.wikidata.org/entity/Q15710292,0,12,,56.20166667,26.48416667
LVA,Letônia,Q24572475,http://www.wikidata.org/entity/Q15710292,0,25,,56.1775,26.5175
LVA,Letônia,Q24572479,http://www.wikidata.org/entity/Q15710292,0,9,,56.24361111,26.35333333
LVA,Letônia,Q24572477,http://www.wikidata.org/entity/Q15710292,0,14,,56.23972222,26.38694444
LVA,Letônia,Q24572482,http://www.wikidata.org/entity/Q15710292,0,19,,56.22416667,26.425
LVA,Letônia,Q24572480,http://www.wikidata.org/entity/Q15710292,0,9,,56.13333333,26.5325
LVA,Letônia,Q24702146,http://www.wikidata.org/entity/Q15710316,0,1,,56.26055556,26.44305556
LVA,Letônia,Q24702147,http://www.wikidata.org/entity/Q15710316,0,16,,56.25305556,26.40027778
LVA,Letônia,Q24702148,http://www.wikidata.org/entity/Q15710316,0,17,,56.23444444,26.43444444
LVA,Letônia,Q24702154,http://www.wikidata.org/entity/Q15710316,0,6,,56.27138889,26.4475
LVA,Letônia,Q24702159,http://www.wikidata.org/entity/Q15710316,0,3,,56.17027778,26.6
LVA,Letônia,Q24702163,http://www.wikidata.org/entity/Q15710316,0,1,,56.22916667,26.55
LVA,Letônia,Q25176001,http://www.wikidata.org/entity/Q3801311,0,1,,56.22055556,26.59722222
LVA,Letônia,Q25176007,http://www.wikidata.org/entity/Q3801311,0,5,,56.18694444,26.635
LVA,Letônia,Q25176010,http://www.wikidata.org/entity/Q3801311,0,10,,56.24166667,26.58333333
LVA,Letônia,Q25176014,http://www.wikidata.org/entity/Q3801311,0,1,,56.22555556,26.57166667
LVA,Letônia,Q25176013,http://www.wikidata.org/entity/Q3801311,0,7,,56.18944444,26.64472222
LVA,Letônia,Q25176017,http://www.wikidata.org/entity/Q3801311,0,17,,56.21444444,26.63555556
LVA,Letônia,Q25825074,http://www.wikidata.org/entity/Q2606984,0,7,,57.44694444,27.22444444
LVA,Letônia,Q25915418,http://www.wikidata.org/entity/Q2606984,0,7,,57.40694444,27.06222222
LVA,Letônia,Q25915419,http://www.wikidata.org/entity/Q2606984,0,6,,57.39194444,27.235
LVA,Letônia,Q25915417,http://www.wikidata.org/entity/Q2340056,0,85,,55.85861111,26.94722222
LVA,Letônia,Q25915422,http://www.wikidata.org/entity/Q2340056,0,2,,55.77888889,26.83833333
LVA,Letônia,Q25915423,http://www.wikidata.org/entity/Q2340056,0,10,,55.87583333,26.91083333
LVA,Letônia,Q25915420,http://www.wikidata.org/entity/Q2340056,0,7,,55.78833333,26.84944444
LVA,Letônia,Q25915421,http://www.wikidata.org/entity/Q2340056,0,4,,55.82527778,26.91916667
LVA,Letônia,Q25915426,http://www.wikidata.org/entity/Q2340056,0,19,,55.80333333,26.9225
LVA,Letônia,Q25915427,http://www.wikidata.org/entity/Q2340056,0,6,,55.77861111,26.89111111
LVA,Letônia,Q25915428,http://www.wikidata.org/entity/Q2340056,0,54,,55.80333333,26.88611111
LVA,Letônia,Q25931618,http://www.wikidata.org/entity/Q2330640,0,1,,56.11972222,26.52194444
LVA,Letônia,Q25931620,http://www.wikidata.org/entity/Q2606984,0,7,,57.38305556,27.10722222
LVA,Letônia,Q25936375,http://www.wikidata.org/entity/Q2606984,0,10,,57.39777778,27.08972222
LVA,Letônia,Q25938109,http://www.wikidata.org/entity/Q2606984,0,110,,57.40027778,27.20916667
LVA,Letônia,Q25942671,http://www.wikidata.org/entity/Q2606984,0,12,,57.39361111,27.15527778
LVA,Letônia,Q25953209,http://www.wikidata.org/entity/Q2606984,0,15,,57.41111111,27.12888889
LVA,Letônia,Q25974551,http://www.wikidata.org/entity/Q2606984,0,5,,57.41527778,27.15583333
LVA,Letônia,Q26161358,http://www.wikidata.org/entity/Q7929329,0,23,,57.53,25.89722222
LVA,Letônia,Q26161359,http://www.wikidata.org/entity/Q7929329,0,9,,57.5375,25.94694444
LVA,Letônia,Q26161362,http://www.wikidata.org/entity/Q2606968,0,28,,57.3275,27.08638889
LVA,Letônia,Q26161363,http://www.wikidata.org/entity/Q2607105,0,8,,57.55583333,26.86972222
LVA,Letônia,Q26161360,http://www.wikidata.org/entity/Q2606968,0,15,,57.31027778,27.10638889
LVA,Letônia,Q26161366,http://www.wikidata.org/entity/Q2607105,0,6,,57.505,26.91611111
LVA,Letônia,Q26161367,http://www.wikidata.org/entity/Q2607105,0,6,,57.50888889,26.90583333
LVA,Letônia,Q26161370,http://www.wikidata.org/entity/Q2607105,0,9,,57.54833333,26.85944444
LVA,Letônia,Q26161369,http://www.wikidata.org/entity/Q2607105,0,10,,57.56055556,26.89444444
LVA,Letônia,Q26161374,http://www.wikidata.org/entity/Q2607105,0,7,,57.56611111,26.86777778
LVA,Letônia,Q26161375,http://www.wikidata.org/entity/Q2607105,0,12,,57.53722222,26.93333333
LVA,Letônia,Q26161373,http://www.wikidata.org/entity/Q4258011,0,9,,56.575,27.46055556
LVA,Letônia,Q23666603,http://www.wikidata.org/entity/Q7917869,0,2,,57.243055555556,27.75
LVA,Letônia,Q23666606,http://www.wikidata.org/entity/Q7917869,0,12,,57.233333333333,27.764444444444
LVA,Letônia,Q23666604,http://www.wikidata.org/entity/Q7917869,0,5,,57.266388888889,27.790277777778
LVA,Letônia,Q23666605,http://www.wikidata.org/entity/Q7917869,0,18,,57.186944444444,27.746944444444
LVA,Letônia,Q24292150,http://www.wikidata.org/entity/Q4992613,0,21,,57.08305556,25.83555556
LVA,Letônia,Q26161376,http://www.wikidata.org/entity/Q2607105,0,12,,57.555,26.89166667
LVA,Letônia,Q26232750,http://www.wikidata.org/entity/Q1445317,0,10,,57.61194444,26.18055556
LVA,Letônia,Q26232749,http://www.wikidata.org/entity/Q2606998,0,8,,57.34472222,26.84805556
LVA,Letônia,Q26232756,http://www.wikidata.org/entity/Q2606998,0,2,,57.34666667,26.92888889
LVA,Letônia,Q26232757,http://www.wikidata.org/entity/Q2606998,0,5,,57.33416667,26.88277778
LVA,Letônia,Q26472914,http://www.wikidata.org/entity/Q2606978,0,36,,57.34916667,27.48638889
LVA,Letônia,Q26472915,http://www.wikidata.org/entity/Q5370283,0,14,,56.51694444,21.75666667
LVA,Letônia,Q26472913,http://www.wikidata.org/entity/Q2606978,0,4,,57.36333333,27.50527778
LVA,Letônia,Q26472916,http://www.wikidata.org/entity/Q5370283,0,14,,56.49027778,21.91611111
LVA,Letônia,Q26472917,http://www.wikidata.org/entity/Q2606978,0,25,,57.35722222,27.41944444
LVA,Letônia,Q26697890,http://www.wikidata.org/entity/Q2606978,0,4,,57.34138889,27.50638889
LVA,Letônia,Q26702022,http://www.wikidata.org/entity/Q2606978,0,10,,57.41972222,27.43638889
LVA,Letônia,Q26702026,http://www.wikidata.org/entity/Q7908915,0,2,,56.44416667,21.75555556
LVA,Letônia,Q26702025,http://www.wikidata.org/entity/Q2606978,0,3,,57.39027778,27.35805556
LVA,Letônia,Q26702032,http://www.wikidata.org/entity/Q7908915,0,18,,56.44027778,21.87527778
LVA,Letônia,Q26702033,http://www.wikidata.org/entity/Q2606978,0,15,,57.41,27.44083333
LVA,Letônia,Q26877106,http://www.wikidata.org/entity/Q2606978,0,10,,57.32583333,27.55666667
LVA,Letônia,Q26877104,http://www.wikidata.org/entity/Q6164866,0,32,,56.92472222,22.94861111
LVA,Letônia,Q26877105,http://www.wikidata.org/entity/Q6164866,0,20,,56.96527778,22.95638889
LVA,Letônia,Q26996287,http://www.wikidata.org/entity/Q2607056,0,7,,57.33,27.125
LVA,Letônia,Q26996292,http://www.wikidata.org/entity/Q2607056,0,4,,57.34972222,27.15777778
LVA,Letônia,Q26996297,http://www.wikidata.org/entity/Q2607056,0,3,,57.34944444,27.1875
LVA,Letônia,Q27021601,http://www.wikidata.org/entity/Q7667013,0,60,,57.03222222,23.01166667
LVA,Letônia,Q27089534,http://www.wikidata.org/entity/Q11002708,0,6,,57.18694444,23.10694444
LVA,Letônia,Q27089535,http://www.wikidata.org/entity/Q11002708,0,11,,57.16472222,23.00583333
LVA,Letônia,Q27089533,http://www.wikidata.org/entity/Q7852609,0,2,,56.98444444,23.13861111
LVA,Letônia,Q27089539,http://www.wikidata.org/entity/Q2607113,0,106,,57.32666667,27.31277778
LVA,Letônia,Q27089536,http://www.wikidata.org/entity/Q11002708,0,50,,57.20527778,23.05527778
LVA,Letônia,Q27102426,http://www.wikidata.org/entity/Q4993835,0,22,,56.41611111,23.34027778
LVA,Letônia,Q27149736,http://www.wikidata.org/entity/Q2607038,0,14,,57.48805556,27.12111111
LVA,Letônia,Q27987453,http://www.wikidata.org/entity/Q2607074,0,12,,57.57277778,26.96416667
LVA,Letônia,Q27987459,http://www.wikidata.org/entity/Q2607074,0,16,,57.59194444,26.90666667
LVA,Letônia,Q27987464,http://www.wikidata.org/entity/Q2607074,0,3,,57.585,27.02083333
LVA,Letônia,Q27987470,http://www.wikidata.org/entity/Q2607074,0,3,,57.55916667,26.91861111
LVA,Letônia,Q27987474,http://www.wikidata.org/entity/Q2607074,0,8,,57.5625,26.91027778
LVA,Letônia,Q27987483,http://www.wikidata.org/entity/Q2607074,0,2,,57.555,27.02194444
LVA,Letônia,Q27987480,http://www.wikidata.org/entity/Q2607074,0,5,,57.5975,27.01722222
LVA,Letônia,Q28017145,http://www.wikidata.org/entity/Q374345,0,6,,57.36111111,26.84944444
LVA,Letônia,Q28018923,http://www.wikidata.org/entity/Q2606990,0,7,,57.48305556,26.95277778
LVA,Letônia,Q28030334,http://www.wikidata.org/entity/Q2606990,0,13,,57.54555556,26.95805556
LVA,Letônia,Q28030335,http://www.wikidata.org/entity/Q2606990,0,15,,57.52555556,26.98083333
LVA,Letônia,Q28030332,http://www.wikidata.org/entity/Q2606990,0,11,,57.43944444,27.02361111
LVA,Letônia,Q28045458,http://www.wikidata.org/entity/Q2606990,0,21,,57.44083333,27.03694444
LVA,Letônia,Q28045463,http://www.wikidata.org/entity/Q2606990,0,5,,57.46666667,27.06194444
LVA,Letônia,Q28045460,http://www.wikidata.org/entity/Q2606990,0,8,,57.46666667,27.02638889
LVA,Letônia,Q28045461,http://www.wikidata.org/entity/Q2606990,0,26,,57.54305556,27.04944444
LVA,Letônia,Q28113482,http://www.wikidata.org/entity/Q2606952,0,55,,57.23888889,25.24361111
LVA,Letônia,Q28113496,http://www.wikidata.org/entity/Q2606952,0,22,,57.25083333,25.19111111
LVA,Letônia,Q28113507,http://www.wikidata.org/entity/Q2606952,0,10,,57.28805556,25.21944444
LVA,Letônia,Q28113524,http://www.wikidata.org/entity/Q2606940,0,40,,57.08694444,25.23888889
LVA,Letônia,Q29174075,http://www.wikidata.org/entity/Q7544780,0,24,,57.45666667,25.92833333
LVA,Letônia,Q29570230,http://www.wikidata.org/entity/Q1708310,0,30,,57.30083333,26.16222222
LVA,Letônia,Q29994775,http://www.wikidata.org/entity/Q499959,0,22,,57.06388889,27.24611111
LVA,Letônia,Q29994780,http://www.wikidata.org/entity/Q1708310,0,13,,57.27805556,26.13972222
LVA,Letônia,Q30278231,http://www.wikidata.org/entity/Q4992275,0,31,,56.49444444,24.12527778
LVA,Letônia,Q30278228,http://www.wikidata.org/entity/Q4993622,0,1,,57.11138889,27.32388889
LVA,Letônia,Q30278234,http://www.wikidata.org/entity/Q4993622,0,4,,57.15888889,27.35833333
LVA,Letônia,Q30316321,http://www.wikidata.org/entity/Q4993622,0,8,,57.18361111,27.41805556
LVA,Letônia,Q30316381,http://www.wikidata.org/entity/Q4993622,0,1,,57.10388889,27.31833333
LVA,Letônia,Q30316386,http://www.wikidata.org/entity/Q4993622,0,4,,57.06527778,27.35083333
LVA,Letônia,Q33062119,http://www.wikidata.org/entity/Q4992771,0,21,,56.63166667,21.87888889
LVA,Letônia,Q33309047,http://www.wikidata.org/entity/Q6544206,0,10,,57.45333333,24.42666667
LVA,Letônia,Q33309055,http://www.wikidata.org/entity/Q6544206,0,12,,57.43916667,24.42861111
LVA,Letônia,Q33309296,http://www.wikidata.org/entity/Q4992771,0,6,,56.65138889,21.88972222
LVA,Letônia,Q36187845,http://www.wikidata.org/entity/Q4992771,0,42,,56.69083333,21.88777778
LVA,Letônia,Q37878509,http://www.wikidata.org/entity/Q4992771,0,7,,56.61444444,21.87111111
LVA,Letônia,Q38191439,http://www.wikidata.org/entity/Q4992771,0,15,,56.64666667,21.8425
LVA,Letônia,Q38191515,http://www.wikidata.org/entity/Q3801254,0,71,,57.35083333,25.25805556
LVA,Letônia,Q38191757,http://www.wikidata.org/entity/Q4992771,0,12,,56.7125,21.88833333
LVA,Letônia,Q38192238,http://www.wikidata.org/entity/Q4993640,0,12,,56.60388889,22.10722222
LVA,Letônia,Q38192292,http://www.wikidata.org/entity/Q4993640,0,20,,56.72972222,22.12527778
LVA,Letônia,Q38192354,http://www.wikidata.org/entity/Q4993640,0,36,,56.7725,22.00361111
LVA,Letônia,Q41153072,http://www.wikidata.org/entity/Q4967119,0,31,,56.95694444,27.53388889
LVA,Letônia,Q41153089,http://www.wikidata.org/entity/Q4967119,0,2,,57.01833333,27.63888889
LVA,Letônia,Q42175936,http://www.wikidata.org/entity/Q4967119,0,17,,56.98055556,27.54416667
LVA,Letônia,Q42175944,http://www.wikidata.org/entity/Q4967119,0,30,,57.00777778,27.61916667
LVA,Letônia,Q42175952,http://www.wikidata.org/entity/Q4967119,0,29,,56.98111111,27.5675
LVA,Letônia,Q42175963,http://www.wikidata.org/entity/Q4967119,0,4,,57.00611111,27.56722222
LVA,Letônia,Q42175972,http://www.wikidata.org/entity/Q4967119,0,8,,56.97555556,27.59194444
LVA,Letônia,Q42175981,http://www.wikidata.org/entity/Q4967119,0,12,,57.02472222,27.59277778
LVA,Letônia,Q42175987,http://www.wikidata.org/entity/Q4967119,0,5,,56.98416667,27.58027778
LVA,Letônia,Q42175991,http://www.wikidata.org/entity/Q4967119,0,8,,57.01777778,27.62083333
LVA,Letônia,Q42176000,http://www.wikidata.org/entity/Q4967119,0,19,,56.97027778,27.59527778
LVA,Letônia,Q42176009,http://www.wikidata.org/entity/Q4967119,0,2,,57.01611111,27.60916667
LVA,Letônia,Q42531017,http://www.wikidata.org/entity/Q4967119,0,3,,56.95944444,27.50638889
LVA,Letônia,Q46136594,http://www.wikidata.org/entity/Q4993610,0,6,,57.23777778,27.38916667
LVA,Letônia,Q46736704,http://www.wikidata.org/entity/Q3800981,0,34,,56.56166667,27.87333333
LVA,Letônia,Q46736709,http://www.wikidata.org/entity/Q3800981,0,5,,56.54194444,27.90111111
LVA,Letônia,Q46736715,http://www.wikidata.org/entity/Q3800981,0,13,,56.5225,27.90027778
LVA,Letônia,Q46738582,http://www.wikidata.org/entity/Q4992967,0,5,,56.57861111,27.60694444
LVA,Letônia,Q46738586,http://www.wikidata.org/entity/Q4992967,0,0,,56.53694444,27.78888889
LVA,Letônia,Q46738592,http://www.wikidata.org/entity/Q4992967,0,24,,56.58027778,27.62583333
LVA,Letônia,Q46750380,http://www.wikidata.org/entity/Q4066096,0,21,,56.14305556,27.42527778
LVA,Letônia,Q46750386,http://www.wikidata.org/entity/Q4066096,0,8,,56.19083333,27.42611111
LVA,Letônia,Q46750520,http://www.wikidata.org/entity/Q4065325,0,4,,56.18944444,27.49388889
LVA,Letônia,Q46783675,http://www.wikidata.org/entity/Q4967119,0,17,,57.00388889,27.53888889
LVA,Letônia,Q46783704,http://www.wikidata.org/entity/Q4967119,0,8,,57.00138889,27.60833333
LVA,Letônia,Q46783733,http://www.wikidata.org/entity/Q4967119,0,4,,57.0125,27.64166667
LVA,Letônia,Q46809815,http://www.wikidata.org/entity/Q2361105,0,0,,56.07666667,27.56972222
LVA,Letônia,Q46809884,http://www.wikidata.org/entity/Q4153918,0,55,,56.09222222,27.57472222
LVA,Letônia,Q46810406,http://www.wikidata.org/entity/Q4529949,0,6,,56.16888889,27.65666667
LVA,Letônia,Q46819999,http://www.wikidata.org/entity/Q2361078,0,0,,56.04222222,27.50583333
LVA,Letônia,Q46833249,http://www.wikidata.org/entity/Q2988487,0,4,,56.05166667,26.85055556
LVA,Letônia,Q46906144,http://www.wikidata.org/entity/Q2615114,0,4,,55.96527778,26.93277778
LVA,Letônia,Q46906290,http://www.wikidata.org/entity/Q2340111,0,12,,55.93666667,26.44055556
LVA,Letônia,Q46906301,http://www.wikidata.org/entity/Q2340111,0,24,,55.96138889,26.40611111
LVA,Letônia,Q46906445,http://www.wikidata.org/entity/Q2615046,0,0,,55.89305556,26.73472222
LVA,Letônia,Q46906459,http://www.wikidata.org/entity/Q2615046,0,64,,55.92333333,26.73694444
LVA,Letônia,Q46908766,http://www.wikidata.org/entity/Q4321687,0,12,,56.17583333,26.31555556
LVA,Letônia,Q46908809,http://www.wikidata.org/entity/Q2615041,0,23,,55.8975,26.39333333
LVA,Letônia,Q46908854,http://www.wikidata.org/entity/Q2340152,0,12,,55.89444444,26.71444444
LVA,Letônia,Q46908863,http://www.wikidata.org/entity/Q2340152,0,41,,55.85444444,26.5875
LVA,Letônia,Q46908902,http://www.wikidata.org/entity/Q2340266,0,18,,55.99138889,26.46111111
LVA,Letônia,Q47005727,http://www.wikidata.org/entity/Q3801676,0,10,,57.31027778,26.45416667
LVA,Letônia,Q47007652,http://www.wikidata.org/entity/Q3801575,0,11,,56.01888889,26.29444444
LVA,Letônia,Q47509942,http://www.wikidata.org/entity/Q12342598,0,42,,57.07194444,25.04666667
LVA,Letônia,Q47509943,http://www.wikidata.org/entity/Q12342598,0,38,,57.105,25.09722222
LVA,Letônia,Q47509941,http://www.wikidata.org/entity/Q4731193,0,83,,57.09861111,24.75388889
LVA,Letônia,Q47509946,http://www.wikidata.org/entity/Q110276346,0,24,,57.28861111,24.55527778
LVA,Letônia,Q47509947,http://www.wikidata.org/entity/Q12335255,0,85,,57.14888889,24.92222222
LVA,Letônia,Q47509945,http://www.wikidata.org/entity/Q12342598,0,44,,57.02666667,25.10555556
LVA,Letônia,Q47509951,http://www.wikidata.org/entity/Q12334694,0,21,,57.24055556,24.43888889
LVA,Letônia,Q49640234,http://www.wikidata.org/entity/Q3801109,0,19,,56.83583333,27.3275
LVA,Letônia,Q49640261,http://www.wikidata.org/entity/Q3801109,0,51,,56.81861111,27.30583333
LVA,Letônia,Q49640291,http://www.wikidata.org/entity/Q3801109,0,9,,56.825,27.39
LVA,Letônia,Q49640315,http://www.wikidata.org/entity/Q3801109,0,55,,56.83916667,27.36916667
LVA,Letônia,Q49640343,http://www.wikidata.org/entity/Q3801109,0,23,,56.84555556,27.29166667
LVA,Letônia,Q50080591,http://www.wikidata.org/entity/Q12334371,0,111,,56.86777778,24.41611111
LVA,Letônia,Q50080615,http://www.wikidata.org/entity/Q12334371,0,51,,56.90333333,24.42166667
LVA,Letônia,Q64767644,http://www.wikidata.org/entity/Q2607113,0,15,,57.330277777778,27.323611111111
LVA,Letônia,Q64902551,http://www.wikidata.org/entity/Q6112294,0,43,,56.676111,23.559722
LVA,Letônia,Q64902552,http://www.wikidata.org/entity/Q6112294,0,67,,56.706667,23.497778
LVA,Letônia,Q64902574,http://www.wikidata.org/entity/Q6112294,0,18,,56.721389,23.486667
LVA,Letônia,Q64902572,http://www.wikidata.org/entity/Q6112294,0,28,,56.705556,23.474722
LVA,Letônia,Q64902590,http://www.wikidata.org/entity/Q6112294,0,27,,56.701667,23.463333
LVA,Letônia,Q64902589,http://www.wikidata.org/entity/Q6112294,0,26,,56.715556,23.498889
LVA,Letônia,Q64902602,http://www.wikidata.org/entity/Q4364707,0,41,,56.570556,23.717222
LVA,Letônia,Q64902601,http://www.wikidata.org/entity/Q6112294,0,76,,56.679722,23.666944
LVA,Letônia,Q64902611,http://www.wikidata.org/entity/Q3801462,0,4,,56.1862,26.232
LVA,Letônia,Q64902818,http://www.wikidata.org/entity/Q3801201,0,7,,56.3004,27.538
LVA,Letônia,Q64902826,http://www.wikidata.org/entity/Q4132339,0,9,,56.4701,26.8274
LVA,Letônia,Q64902825,http://www.wikidata.org/entity/Q2340085,0,7,,56.1008,26.7291
LVA,Letônia,Q64902832,http://www.wikidata.org/entity/Q12332326,0,1,,56.2451,26.7447
LVA,Letônia,Q64902847,http://www.wikidata.org/entity/Q3801137,0,4,,56.4086,26.4558
LVA,Letônia,Q64902844,http://www.wikidata.org/entity/Q7427430,0,4,,56.3942,26.6701
LVA,Letônia,Q64902845,http://www.wikidata.org/entity/Q4529949,0,10,,56.1949,27.6873
LVA,Letônia,Q64902856,http://www.wikidata.org/entity/Q4405531,0,9,,56.4848,27.1599
LVA,Letônia,Q64902857,http://www.wikidata.org/entity/Q4529949,0,15,,56.1578,27.6476
LVA,Letônia,Q64902864,http://www.wikidata.org/entity/Q3801137,0,12,,56.3915,26.5341
LVA,Letônia,Q64902873,http://www.wikidata.org/entity/Q3801676,0,6,,57.2423,26.4913
LVA,Letônia,Q64902876,http://www.wikidata.org/entity/Q3800889,0,2,,56.8362,27.809
LVA,Letônia,Q64902882,http://www.wikidata.org/entity/Q4072422,0,9,,56.0753,27.2957
LVA,Letônia,Q64902883,http://www.wikidata.org/entity/Q4513320,0,3,,56.4381,27.4733
LVA,Letônia,Q64903399,http://www.wikidata.org/entity/Q2615041,0,2,,55.9054,26.2967
LVA,Letônia,Q64903397,http://www.wikidata.org/entity/Q3801637,0,60,,56.6221,25.3438
LVA,Letônia,Q64903402,http://www.wikidata.org/entity/Q6711654,0,28,,56.785,24.9163
LVA,Letônia,Q64903403,http://www.wikidata.org/entity/Q2340111,0,66,,55.9797,26.4134
LVA,Letônia,Q64903405,http://www.wikidata.org/entity/Q4993629,0,6,,56.6526,27.7623
LVA,Letônia,Q64903418,http://www.wikidata.org/entity/Q4405531,0,5,,56.4959,27.1807
LVA,Letônia,Q64903419,http://www.wikidata.org/entity/Q4072422,0,11,,56.0514,27.2392
LVA,Letônia,Q64903417,http://www.wikidata.org/entity/Q3801146,0,45,,57.6602,24.7742
LVA,Letônia,Q64903430,http://www.wikidata.org/entity/Q3801557,0,3,,56.3143,26.5017
LVA,Letônia,Q64903428,http://www.wikidata.org/entity/Q3801020,0,13,,56.2343,26.2097
LVA,Letônia,Q64903429,http://www.wikidata.org/entity/Q3801547,0,24,,57.6119,24.734
LVA,Letônia,Q64903450,http://www.wikidata.org/entity/Q15710271,0,13,,56.2202,26.7177
LVA,Letônia,Q64903451,http://www.wikidata.org/entity/Q10951083,0,21,,56.3493,26.3552
LVA,Letônia,Q64903452,http://www.wikidata.org/entity/Q4394501,0,2,,56.3236,26.6868
LVA,Letônia,Q64903458,http://www.wikidata.org/entity/Q4199242,0,7,,56.668,27.3383
LVA,Letônia,Q64903459,http://www.wikidata.org/entity/Q4394624,0,3,,56.5885,27.0289
LVA,Letônia,Q64903457,http://www.wikidata.org/entity/Q4401369,0,12,,56.2897,26.939
LVA,Letônia,Q64903482,http://www.wikidata.org/entity/Q3800981,0,2,,56.5434,27.9386
LVA,Letônia,Q64903481,http://www.wikidata.org/entity/Q2340085,0,4,,56.0964,26.7204
LVA,Letônia,Q64903502,http://www.wikidata.org/entity/Q2340245,0,11,,56.1138,26.8691
LVA,Letônia,Q64903503,http://www.wikidata.org/entity/Q3801701,0,1,,56.4698,27.587
LVA,Letônia,Q64903504,http://www.wikidata.org/entity/Q4513320,0,18,,56.4029,27.4326
LVA,Letônia,Q64903527,http://www.wikidata.org/entity/Q4210261,0,2,,55.886,27.3732
LVA,Letônia,Q64903525,http://www.wikidata.org/entity/Q4384854,0,6,,56.2767,27.2128
LVA,Letônia,Q64903528,http://www.wikidata.org/entity/Q4278495,0,0,,56.2824,27.2095
LVA,Letônia,Q64903602,http://www.wikidata.org/entity/Q3801051,0,29,,56.9013,27.3911
LVA,Letônia,Q64903603,http://www.wikidata.org/entity/Q2361117,0,28,,55.8561,27.4982
LVA,Letônia,Q64903600,http://www.wikidata.org/entity/Q2340085,0,10,,56.1177,26.6866
LVA,Letônia,Q64903620,http://www.wikidata.org/entity/Q4210261,0,3,,55.8768,27.2686
LVA,Letônia,Q64903696,http://www.wikidata.org/entity/Q4290789,0,2,,56.7119,27.7718
LVA,Letônia,Q64903697,http://www.wikidata.org/entity/Q3800872,0,1,,56.7353,27.8508
LVA,Letônia,Q64903703,http://www.wikidata.org/entity/Q4278495,0,5,,56.3175,27.2918
LVA,Letônia,Q64903706,http://www.wikidata.org/entity/Q3801051,0,14,,56.8633,27.3464
LVA,Letônia,Q64903707,http://www.wikidata.org/entity/Q4992967,0,12,,56.5451,27.7468
LVA,Letônia,Q64903711,http://www.wikidata.org/entity/Q302136,0,1,,56.0358,27.7268
LVA,Letônia,Q64903718,http://www.wikidata.org/entity/Q3800889,0,14,,56.8279,27.7242
LVA,Letônia,Q64903716,http://www.wikidata.org/entity/Q3800981,0,10,,56.4806,27.962
LVA,Letônia,Q64903722,http://www.wikidata.org/entity/Q4149939,0,5,,56.4667,27.4495
LVA,Letônia,Q64903726,http://www.wikidata.org/entity/Q3801656,0,1,,56.4593,27.7221
LVA,Letônia,Q64903725,http://www.wikidata.org/entity/Q4469557,0,35,,55.9379,27.1406
LVA,Letônia,Q64903728,http://www.wikidata.org/entity/Q4168243,0,10,,56.6686,27.2626
LVA,Letônia,Q64903729,http://www.wikidata.org/entity/Q4442884,0,4,,56.3776,27.5768
LVA,Letônia,Q64903735,http://www.wikidata.org/entity/Q2361117,0,14,,55.872,27.4794
LVA,Letônia,Q64903732,http://www.wikidata.org/entity/Q2361089,0,7,,55.9945,27.2105
LVA,Letônia,Q64903738,http://www.wikidata.org/entity/Q7161831,0,14,,56.1395,26.668
LVA,Letônia,Q64903739,http://www.wikidata.org/entity/Q4421441,0,19,,55.9695,27.3746
LVA,Letônia,Q64903742,http://www.wikidata.org/entity/Q10970334,0,11,,56.4641,26.2705
LVA,Letônia,Q64903746,http://www.wikidata.org/entity/Q4168243,0,4,,56.6626,27.3157
LVA,Letônia,Q64903744,http://www.wikidata.org/entity/Q4153918,0,4,,56.1275,27.5722
LVA,Letônia,Q64903748,http://www.wikidata.org/entity/Q3801656,0,4,,56.3842,27.6621
LVA,Letônia,Q64903844,http://www.wikidata.org/entity/Q3801650,0,1,,56.3492,27.7078
LVA,Letônia,Q64903845,http://www.wikidata.org/entity/Q4419275,0,39,,56.3994,26.9442
LVA,Letônia,Q64903850,http://www.wikidata.org/entity/Q4419275,0,33,,56.4589,27.0982
LVA,Letônia,Q64903856,http://www.wikidata.org/entity/Q3801219,0,6,,56.7188,27.547
LVA,Letônia,Q64903857,http://www.wikidata.org/entity/Q6089022,0,15,,56.2486,28.099
LVA,Letônia,Q64903860,http://www.wikidata.org/entity/Q4332229,0,1,,56.4176,27.1788
LVA,Letônia,Q64903955,http://www.wikidata.org/entity/Q4275966,0,7,,56.3101,27.3897
LVA,Letônia,Q64903956,http://www.wikidata.org/entity/Q3801656,0,1,,56.4284,27.6702
LVA,Letônia,Q64903961,http://www.wikidata.org/entity/Q4993610,0,7,,57.2014,27.3351
LVA,Letônia,Q64903967,http://www.wikidata.org/entity/Q4401369,0,7,,56.2879,26.9102
LVA,Letônia,Q64903968,http://www.wikidata.org/entity/Q2361027,0,2,,55.8386,27.4262
LVA,Letônia,Q64904002,http://www.wikidata.org/entity/Q4198368,0,4,,55.9841,27.0157
LVA,Letônia,Q64904000,http://www.wikidata.org/entity/Q3801656,0,5,,56.467,27.7215
LVA,Letônia,Q64904007,http://www.wikidata.org/entity/Q3800889,0,11,,56.7718,27.8322
LVA,Letônia,Q64904014,http://www.wikidata.org/entity/Q3801656,0,11,,56.4518,27.7279
LVA,Letônia,Q64904018,http://www.wikidata.org/entity/Q7427430,0,32,,56.4027,26.6548
LVA,Letônia,Q64904017,http://www.wikidata.org/entity/Q4513320,0,4,,56.4231,27.4433
LVA,Letônia,Q64904123,http://www.wikidata.org/entity/Q4185182,0,24,,56.5504,23.5814
LVA,Letônia,Q64904124,http://www.wikidata.org/entity/Q4278495,0,5,,56.3018,27.1716
LVA,Letônia,Q64904125,http://www.wikidata.org/entity/Q7285180,0,33,,57.3401,25.1085
LVA,Letônia,Q64904150,http://www.wikidata.org/entity/Q3800883,0,13,,56.8089,27.6152
LVA,Letônia,Q64904148,http://www.wikidata.org/entity/Q3801201,0,5,,56.3423,27.6406
LVA,Letônia,Q64904149,http://www.wikidata.org/entity/Q12332326,0,4,,56.2458,26.728
LVA,Letônia,Q64904207,http://www.wikidata.org/entity/Q4419443,0,5,,56.4608,26.5804
LVA,Letônia,Q64904673,http://www.wikidata.org/entity/Q2340266,0,5,,56.0672,26.5172
LVA,Letônia,Q64904707,http://www.wikidata.org/entity/Q2361089,0,10,,55.947,27.2107
LVA,Letônia,Q64904708,http://www.wikidata.org/entity/Q3307424,0,18,,56.7436,26.3513
LVA,Letônia,Q64904709,http://www.wikidata.org/entity/Q4290789,0,0,,56.6833,27.6684
LVA,Letônia,Q64904739,http://www.wikidata.org/entity/Q4992967,0,4,,56.5946,27.723
LVA,Letônia,Q64904742,http://www.wikidata.org/entity/Q2340245,0,3,,56.0304,26.7507
LVA,Letônia,Q64904741,http://www.wikidata.org/entity/Q4405531,0,16,,56.5471,27.0411
LVA,Letônia,Q64904763,http://www.wikidata.org/entity/Q4419275,0,0,,56.3505,27.1179
LVA,Letônia,Q64904764,http://www.wikidata.org/entity/Q4513320,0,1,,56.4396,27.3587
LVA,Letônia,Q64904768,http://www.wikidata.org/entity/Q4065325,0,11,,56.1811,27.5713
LVA,Letônia,Q64904802,http://www.wikidata.org/entity/Q4405531,0,21,,56.5288,27.1309
LVA,Letônia,Q64904800,http://www.wikidata.org/entity/Q7908698,0,30,,57.4189,25.2042
LVA,Letônia,Q64904801,http://www.wikidata.org/entity/Q7161831,0,3,,56.136,26.8093
LVA,Letônia,Q64904834,http://www.wikidata.org/entity/Q2361064,0,5,,55.9973,27.6756
LVA,Letônia,Q64904832,http://www.wikidata.org/entity/Q4132339,0,2,,56.4008,26.8452
LVA,Letônia,Q64904833,http://www.wikidata.org/entity/Q7427430,0,6,,56.3709,26.6526
LVA,Letônia,Q64904858,http://www.wikidata.org/entity/Q4419275,0,13,,56.3863,27.009
LVA,Letônia,Q64904859,http://www.wikidata.org/entity/Q3801016,0,15,,56.5583,26.4083
LVA,Letônia,Q64904860,http://www.wikidata.org/entity/Q2361036,0,19,,56.1513,28.0411
LVA,Letônia,Q64904890,http://www.wikidata.org/entity/Q3801650,0,9,,56.4065,27.7708
LVA,Letônia,Q64904888,http://www.wikidata.org/entity/Q4212657,0,1,,56.5837,27.0975
LVA,Letônia,Q64904889,http://www.wikidata.org/entity/Q2361064,0,4,,55.9738,27.5517
LVA,Letônia,Q64904914,http://www.wikidata.org/entity/Q3801137,0,16,,56.4096,26.495
LVA,Letônia,Q64904912,http://www.wikidata.org/entity/Q2361089,0,2,,55.9391,27.1776
LVA,Letônia,Q64904913,http://www.wikidata.org/entity/Q4210261,0,7,,55.8969,27.2795
LVA,Letônia,Q64904935,http://www.wikidata.org/entity/Q4513320,0,24,,56.4012,27.3836
LVA,Letônia,Q64904936,http://www.wikidata.org/entity/Q7161831,0,21,,56.131,26.7233
LVA,Letônia,Q64905647,http://www.wikidata.org/entity/Q10970334,0,4,,56.4677,26.2818
LVA,Letônia,Q64905670,http://www.wikidata.org/entity/Q3801637,0,66,,56.6725,25.347
LVA,Letônia,Q64905671,http://www.wikidata.org/entity/Q2615046,0,13,,55.9316,26.8518
LVA,Letônia,Q64905669,http://www.wikidata.org/entity/Q2340209,0,10,,55.9684,26.653
LVA,Letônia,Q64905702,http://www.wikidata.org/entity/Q4401369,0,30,,56.2869,26.8219
LVA,Letônia,Q64905700,http://www.wikidata.org/entity/Q13638499,0,12,,56.5219,27.7116
LVA,Letônia,Q64905701,http://www.wikidata.org/entity/Q4198368,0,1,,55.9782,26.9547
LVA,Letônia,Q64905738,http://www.wikidata.org/entity/Q2340245,0,8,,56.0506,26.7211
LVA,Letônia,Q64905736,http://www.wikidata.org/entity/Q4993638,0,1,,57.0356,27.4939
LVA,Letônia,Q64905737,http://www.wikidata.org/entity/Q4401369,0,5,,56.2717,26.9361
LVA,Letônia,Q64905762,http://www.wikidata.org/entity/Q3801137,0,2,,56.4106,26.4892
LVA,Letônia,Q64905763,http://www.wikidata.org/entity/Q2340085,0,24,,56.0666,26.692
LVA,Letônia,Q64905761,http://www.wikidata.org/entity/Q7908698,0,12,,57.4197,25.3051
LVA,Letônia,Q64905792,http://www.wikidata.org/entity/Q4401369,0,17,,56.1851,26.9277
LVA,Letônia,Q64905793,http://www.wikidata.org/entity/Q2340085,0,2,,56.0358,26.6481
LVA,Letônia,Q64905796,http://www.wikidata.org/entity/Q3801171,0,2,,56.6979,27.2987
LVA,Letônia,Q64905834,http://www.wikidata.org/entity/Q4469557,0,10,,55.9138,27.112
LVA,Letônia,Q64905838,http://www.wikidata.org/entity/Q4210261,0,9,,55.8807,27.3786
LVA,Letônia,Q64905836,http://www.wikidata.org/entity/Q2330640,0,3,,56.1113,26.5174
LVA,Letônia,Q64905882,http://www.wikidata.org/entity/Q2340266,0,8,,56.013,26.4912
LVA,Letônia,Q64905880,http://www.wikidata.org/entity/Q6089022,0,3,,56.2563,27.8812
LVA,Letônia,Q64905910,http://www.wikidata.org/entity/Q4992774,0,30,,57.1763,27.191
LVA,Letônia,Q64905911,http://www.wikidata.org/entity/Q4198368,0,7,,55.9534,27.0342
LVA,Letônia,Q64905909,http://www.wikidata.org/entity/Q5121934,0,4,,56.5298,27.5584
LVA,Letônia,Q64905943,http://www.wikidata.org/entity/Q3801557,0,21,,56.3023,26.4574
LVA,Letônia,Q64905940,http://www.wikidata.org/entity/Q2340245,0,5,,56.0353,26.7368
LVA,Letônia,Q64905941,http://www.wikidata.org/entity/Q3801462,0,22,,56.1569,26.1286
LVA,Letônia,Q64905970,http://www.wikidata.org/entity/Q3801033,0,100,,57.1691,26.7938
LVA,Letônia,Q64905969,http://www.wikidata.org/entity/Q4132339,0,4,,56.4309,26.8462
LVA,Letônia,Q64905972,http://www.wikidata.org/entity/Q3801520,0,13,,56.4168,26.8249
LVA,Letônia,Q64906012,http://www.wikidata.org/entity/Q6112294,0,40,,56.687222,23.640278
LVA,Letônia,Q64906022,http://www.wikidata.org/entity/Q2340085,0,14,,56.0951,26.7351
LVA,Letônia,Q64906020,http://www.wikidata.org/entity/Q6112294,0,18,,56.707222,23.642778
LVA,Letônia,Q64906030,http://www.wikidata.org/entity/Q4084862,0,2,,56.0978,27.9439
LVA,Letônia,Q64906032,http://www.wikidata.org/entity/Q4237879,0,5,,55.8776,27.2191
LVA,Letônia,Q64906038,http://www.wikidata.org/entity/Q2340152,0,52,,55.8593,26.6139
LVA,Letônia,Q64906036,http://www.wikidata.org/entity/Q4971760,0,1,,56.4017,28.077
LVA,Letônia,Q64906042,http://www.wikidata.org/entity/Q4072422,0,7,,56.0779,27.2714
LVA,Letônia,Q64906041,http://www.wikidata.org/entity/Q2988487,0,6,,56.027,26.9145
LVA,Letônia,Q64906218,http://www.wikidata.org/entity/Q2340111,0,2,,55.9895,26.4463
LVA,Letônia,Q64906219,http://www.wikidata.org/entity/Q2340111,0,8,,56.017,26.3688
LVA,Letônia,Q64906225,http://www.wikidata.org/entity/Q2340245,0,9,,56.0811,26.7784
LVA,Letônia,Q64906229,http://www.wikidata.org/entity/Q4258011,0,1,,56.5678,27.533
LVA,Letônia,Q64906248,http://www.wikidata.org/entity/Q2361036,0,4,,56.1597,27.9229
LVA,Letônia,Q64906253,http://www.wikidata.org/entity/Q3800864,0,15,,56.6154,27.1774
LVA,Letônia,Q64906257,http://www.wikidata.org/entity/Q4992756,0,41,,56.5026,24.176
LVA,Letônia,Q64906266,http://www.wikidata.org/entity/Q6089022,0,0,,56.2899,28.0347
LVA,Letônia,Q64906267,http://www.wikidata.org/entity/Q3801520,0,3,,56.4724,26.6995
LVA,Letônia,Q64906271,http://www.wikidata.org/entity/Q2340209,0,21,,55.9917,26.7603
LVA,Letônia,Q64906280,http://www.wikidata.org/entity/Q4084862,0,4,,56.1138,27.9003
LVA,Letônia,Q64906285,http://www.wikidata.org/entity/Q4405531,0,48,,56.5251,27.1657
LVA,Letônia,Q64906290,http://www.wikidata.org/entity/Q2340245,0,14,,56.1061,26.8254
LVA,Letônia,Q64906291,http://www.wikidata.org/entity/Q4332229,0,14,,56.3974,27.2493
LVA,Letônia,Q64906293,http://www.wikidata.org/entity/Q2615114,0,2,,55.9976,26.8684
LVA,Letônia,Q64906299,http://www.wikidata.org/entity/Q4258011,0,3,,56.5864,27.4438
LVA,Letônia,Q64906308,http://www.wikidata.org/entity/Q4992774,0,0,,57.1579,27.2695
LVA,Letônia,Q64906477,http://www.wikidata.org/entity/Q4321687,0,13,,56.1818,26.3012
LVA,Letônia,Q64906483,http://www.wikidata.org/entity/Q10970334,0,85,,56.3721,26.178
LVA,Letônia,Q64906491,http://www.wikidata.org/entity/Q7427430,0,4,,56.3715,26.5655
LVA,Letônia,Q64906505,http://www.wikidata.org/entity/Q733450,0,5,,55.8875,27.537
LVA,Letônia,Q64906512,http://www.wikidata.org/entity/Q4321687,0,21,,56.1608,26.3578
LVA,Letônia,Q64906529,http://www.wikidata.org/entity/Q2615041,0,5,,55.9416,26.3989
LVA,Letônia,Q64906535,http://www.wikidata.org/entity/Q2615041,0,6,,55.8816,26.2975
LVA,Letônia,Q64906532,http://www.wikidata.org/entity/Q2615041,0,5,,55.875,26.3941
LVA,Letônia,Q64906537,http://www.wikidata.org/entity/Q2615041,0,17,,55.9107,26.411
LVA,Letônia,Q64906655,http://www.wikidata.org/entity/Q4992774,0,19,,57.1564,27.1592
LVA,Letônia,Q64906653,http://www.wikidata.org/entity/Q10951083,0,23,,56.379,26.4159
LVA,Letônia,Q64906667,http://www.wikidata.org/entity/Q3800981,0,13,,56.5509,27.87
LVA,Letônia,Q64906669,http://www.wikidata.org/entity/Q4421441,0,8,,55.9632,27.3173
LVA,Letônia,Q64906673,http://www.wikidata.org/entity/Q3801219,0,2,,56.6797,27.6251
LVA,Letônia,Q64906679,http://www.wikidata.org/entity/Q3801656,0,4,,56.4754,27.7556
LVA,Letônia,Q64908677,http://www.wikidata.org/entity/Q4149939,0,7,,56.4636,27.4693
LVA,Letônia,Q64908799,http://www.wikidata.org/entity/Q2340111,0,24,,56.0545,26.3973
LVA,Letônia,Q64908802,http://www.wikidata.org/entity/Q10951083,0,16,,56.3926,26.3525
LVA,Letônia,Q64908806,http://www.wikidata.org/entity/Q4405531,0,3,,56.5229,27.2146
LVA,Letônia,Q64908807,http://www.wikidata.org/entity/Q13638499,0,13,,56.5038,27.7909
LVA,Letônia,Q64908810,http://www.wikidata.org/entity/Q2453125,0,54,,57.1083,24.1969
LVA,Letônia,Q64908811,http://www.wikidata.org/entity/Q3801594,0,7,,56.5913,26.2159
LVA,Letônia,Q64908813,http://www.wikidata.org/entity/Q4419443,0,9,,56.5105,26.6427
LVA,Letônia,Q64908818,http://www.wikidata.org/entity/Q4212267,0,18,,57.0208,22.8518
LVA,Letônia,Q64908817,http://www.wikidata.org/entity/Q4992801,0,41,,57.2802,25.4074
LVA,Letônia,Q64908890,http://www.wikidata.org/entity/Q3800864,0,9,,56.6166,27.2373
LVA,Letônia,Q64908889,http://www.wikidata.org/entity/Q10951083,0,27,,56.3467,26.2896
LVA,Letônia,Q64908892,http://www.wikidata.org/entity/Q4992967,0,7,,56.5789,27.6467
LVA,Letônia,Q64908893,http://www.wikidata.org/entity/Q4992815,0,17,,56.772,22.4794
LVA,Letônia,Q64908898,http://www.wikidata.org/entity/Q5121934,0,3,,56.5189,27.6243
LVA,Letônia,Q64908903,http://www.wikidata.org/entity/Q6437057,0,11,,57.1333,24.6726
LVA,Letônia,Q64908907,http://www.wikidata.org/entity/Q13638499,0,1,,56.5225,27.8117
LVA,Letônia,Q64908904,http://www.wikidata.org/entity/Q4993633,0,172,,56.3659,24.244
LVA,Letônia,Q64908905,http://www.wikidata.org/entity/Q3801137,0,14,,56.4132,26.4822
LVA,Letônia,Q64908908,http://www.wikidata.org/entity/Q4198368,0,2,,55.9662,26.9915
LVA,Letônia,Q64908914,http://www.wikidata.org/entity/Q4237879,0,6,,55.8575,27.2083
LVA,Letônia,Q64908917,http://www.wikidata.org/entity/Q110446086,0,42,,56.985,24.4447
LVA,Letônia,Q64908923,http://www.wikidata.org/entity/Q2987076,0,11,,55.8741,26.4197
LVA,Letônia,Q64908920,http://www.wikidata.org/entity/Q4321687,0,20,,56.1446,26.3459
LVA,Letônia,Q64908921,http://www.wikidata.org/entity/Q3801137,0,15,,56.4172,26.4187
LVA,Letônia,Q64908927,http://www.wikidata.org/entity/Q4149939,0,13,,56.5077,27.4578
LVA,Letônia,Q64908931,http://www.wikidata.org/entity/Q2615041,0,10,,55.9827,26.3823
LVA,Letônia,Q64908934,http://www.wikidata.org/entity/Q4149939,0,9,,56.5017,27.4648
LVA,Letônia,Q64908932,http://www.wikidata.org/entity/Q3801701,0,10,,56.4817,27.6703
LVA,Letônia,Q64908942,http://www.wikidata.org/entity/Q12332326,0,5,,56.3062,26.6692
LVA,Letônia,Q64909180,http://www.wikidata.org/entity/Q2615101,0,58,,55.8434,26.5248
LVA,Letônia,Q64909187,http://www.wikidata.org/entity/Q4421441,0,1,,55.9743,27.3665
LVA,Letônia,Q64909184,http://www.wikidata.org/entity/Q4237879,0,8,,55.924,27.2198
LVA,Letônia,Q64909185,http://www.wikidata.org/entity/Q2340266,0,1,,56.055,26.4665
LVA,Letônia,Q64909190,http://www.wikidata.org/entity/Q3801701,0,3,,56.4589,27.688
LVA,Letônia,Q64909191,http://www.wikidata.org/entity/Q4405531,0,5,,56.5288,27.1918
LVA,Letônia,Q64909194,http://www.wikidata.org/entity/Q2615041,0,1,,55.8568,26.3852
LVA,Letônia,Q64909192,http://www.wikidata.org/entity/Q4394501,0,5,,56.3258,26.7699
LVA,Letônia,Q64909196,http://www.wikidata.org/entity/Q2361089,0,2,,55.9787,27.2149
LVA,Letônia,Q64909203,http://www.wikidata.org/entity/Q12332326,0,10,,56.257,26.7166
LVA,Letônia,Q64909200,http://www.wikidata.org/entity/Q2361089,0,1,,55.9796,27.2567
LVA,Letônia,Q64909207,http://www.wikidata.org/entity/Q2361089,0,6,,55.9963,27.2219
LVA,Letônia,Q64909208,http://www.wikidata.org/entity/Q4332236,0,32,,56.5206,27.2733
LVA,Letônia,Q64909209,http://www.wikidata.org/entity/Q3801650,0,7,,56.2997,27.7527
LVA,Letônia,Q64909221,http://www.wikidata.org/entity/Q2615041,0,5,,55.9628,26.3832
LVA,Letônia,Q64909426,http://www.wikidata.org/entity/Q10970334,0,2,,56.4927,26.2294
LVA,Letônia,Q64909430,http://www.wikidata.org/entity/Q3801557,0,7,,56.286,26.5203
LVA,Letônia,Q64909429,http://www.wikidata.org/entity/Q4539648,0,18,,57.1127,26.1091
LVA,Letônia,Q64909435,http://www.wikidata.org/entity/Q13638499,0,38,,56.4942,27.7196
LVA,Letônia,Q64909438,http://www.wikidata.org/entity/Q2615041,0,19,,55.8842,26.3553
LVA,Letônia,Q64909437,http://www.wikidata.org/entity/Q3800949,0,11,,57.7934,25.0282
LVA,Letônia,Q64909442,http://www.wikidata.org/entity/Q2340111,0,12,,55.9757,26.4551
LVA,Letônia,Q64909440,http://www.wikidata.org/entity/Q4198368,0,10,,55.9798,27.1013
LVA,Letônia,Q64909441,http://www.wikidata.org/entity/Q4469557,0,10,,55.9455,27.0878
LVA,Letônia,Q64909448,http://www.wikidata.org/entity/Q4210261,0,5,,55.9326,27.3548
LVA,Letônia,Q64909449,http://www.wikidata.org/entity/Q3801237,0,7,,56.1619,26.0696
LVA,Letônia,Q64909699,http://www.wikidata.org/entity/Q3801565,0,10,,57.5139,25.0105
LVA,Letônia,Q64909696,http://www.wikidata.org/entity/Q4992801,0,38,,57.2436,25.3709
LVA,Letônia,Q64909697,http://www.wikidata.org/entity/Q7427430,0,10,,56.3813,26.6147
LVA,Letônia,Q64909703,http://www.wikidata.org/entity/Q4290789,0,3,,56.7047,27.6856
LVA,Letônia,Q64909704,http://www.wikidata.org/entity/Q3801650,0,5,,56.3207,27.7516
LVA,Letônia,Q64909708,http://www.wikidata.org/entity/Q4993629,0,13,,56.6459,27.7405
LVA,Letônia,Q64909709,http://www.wikidata.org/entity/Q4149939,0,21,,56.4608,27.3943
LVA,Letônia,Q64909715,http://www.wikidata.org/entity/Q4993637,0,10,,56.7294,22.8008
LVA,Letônia,Q64909712,http://www.wikidata.org/entity/Q10970334,0,20,,56.4358,26.203
LVA,Letônia,Q64909719,http://www.wikidata.org/entity/Q4993629,0,11,,56.6264,27.7014
LVA,Letônia,Q64909716,http://www.wikidata.org/entity/Q3801254,0,11,,57.3202,25.5229
LVA,Letônia,Q64909717,http://www.wikidata.org/entity/Q4149939,0,83,,56.5197,27.3886
LVA,Letônia,Q64909726,http://www.wikidata.org/entity/Q3801081,0,3,,56.1015,26.2303
LVA,Letônia,Q64909806,http://www.wikidata.org/entity/Q4419443,0,26,,56.5275,26.7612
LVA,Letônia,Q64909805,http://www.wikidata.org/entity/Q10970334,0,6,,56.5193,26.2666
LVA,Letônia,Q64909810,http://www.wikidata.org/entity/Q4210261,0,0,,55.9278,27.3666
LVA,Letônia,Q64909811,http://www.wikidata.org/entity/Q4992774,0,5,,57.1708,27.1665
LVA,Letônia,Q64909809,http://www.wikidata.org/entity/Q4405531,0,28,,56.5275,27.1783
LVA,Letônia,Q64909817,http://www.wikidata.org/entity/Q4149939,0,9,,56.5128,27.488
LVA,Letônia,Q64909820,http://www.wikidata.org/entity/Q4469557,0,5,,55.9721,27.1234
LVA,Letônia,Q64906681,http://www.wikidata.org/entity/Q4992774,0,23,,57.165,27.191
LVA,Letônia,Q64906690,http://www.wikidata.org/entity/Q3801656,0,6,,56.4246,27.6835
LVA,Letônia,Q64906704,http://www.wikidata.org/entity/Q3800864,0,9,,56.5813,27.2444
LVA,Letônia,Q64906712,http://www.wikidata.org/entity/Q4992967,0,24,,56.5658,27.8039
LVA,Letônia,Q64906970,http://www.wikidata.org/entity/Q2361089,0,1,,55.9446,27.1957
LVA,Letônia,Q64906972,http://www.wikidata.org/entity/Q4237879,0,10,,55.9361,27.296
LVA,Letônia,Q64906982,http://www.wikidata.org/entity/Q4419443,0,11,,56.4514,26.5666
LVA,Letônia,Q64906980,http://www.wikidata.org/entity/Q2615046,0,28,,55.9419,26.6875
LVA,Letônia,Q64907008,http://www.wikidata.org/entity/Q4992774,0,2,,57.1295,27.1845
LVA,Letônia,Q64907014,http://www.wikidata.org/entity/Q4332229,0,18,,56.4545,27.2072
LVA,Letônia,Q64907024,http://www.wikidata.org/entity/Q4419443,0,18,,56.5111,26.7325
LVA,Letônia,Q64907036,http://www.wikidata.org/entity/Q2615046,0,11,,55.9234,26.7728
LVA,Letônia,Q64907066,http://www.wikidata.org/entity/Q10951083,0,25,,56.3576,26.3596
LVA,Letônia,Q64907068,http://www.wikidata.org/entity/Q3801020,0,49,,56.2768,26.2136
LVA,Letônia,Q64907722,http://www.wikidata.org/entity/Q4321687,0,0,,56.1193,26.3618
LVA,Letônia,Q64907735,http://www.wikidata.org/entity/Q10951083,0,37,,56.346,26.2742
LVA,Letônia,Q64907733,http://www.wikidata.org/entity/Q2361117,0,8,,55.8803,27.5938
LVA,Letônia,Q64907738,http://www.wikidata.org/entity/Q10951083,0,13,,56.3384,26.271
LVA,Letônia,Q64907742,http://www.wikidata.org/entity/Q2361117,0,5,,55.8867,27.5732
LVA,Letônia,Q64907746,http://www.wikidata.org/entity/Q2361117,0,0,,55.916,27.4939
LVA,Letônia,Q64907750,http://www.wikidata.org/entity/Q2340111,0,36,,56.0282,26.382
LVA,Letônia,Q64907749,http://www.wikidata.org/entity/Q4384854,0,5,,56.2051,27.0932
LVA,Letônia,Q64907754,http://www.wikidata.org/entity/Q2361036,0,2,,56.1429,27.8689
LVA,Letônia,Q64907758,http://www.wikidata.org/entity/Q4278495,0,12,,56.3125,27.1134
LVA,Letônia,Q64907985,http://www.wikidata.org/entity/Q7908698,0,2,,57.39,25.3693
LVA,Letônia,Q64907988,http://www.wikidata.org/entity/Q4149939,0,17,,56.5215,27.4745
LVA,Letônia,Q64908009,http://www.wikidata.org/entity/Q4513320,0,7,,56.4076,27.4474
LVA,Letônia,Q64908013,http://www.wikidata.org/entity/Q13638499,0,14,,56.4999,27.7643
LVA,Letônia,Q64908025,http://www.wikidata.org/entity/Q4237879,0,2,,55.9134,27.2794
LVA,Letônia,Q64908028,http://www.wikidata.org/entity/Q4992774,0,5,,57.1788,27.1696
LVA,Letônia,Q64908039,http://www.wikidata.org/entity/Q4332236,0,27,,56.5124,27.2513
LVA,Letônia,Q64908043,http://www.wikidata.org/entity/Q4290789,0,4,,56.6787,27.6499
LVA,Letônia,Q64908071,http://www.wikidata.org/entity/Q12332326,0,7,,56.2715,26.7916
LVA,Letônia,Q64908068,http://www.wikidata.org/entity/Q3801676,0,8,,57.2796,26.4225
LVA,Letônia,Q64908072,http://www.wikidata.org/entity/Q12332326,0,1,,56.2668,26.7858
LVA,Letônia,Q64908076,http://www.wikidata.org/entity/Q3801650,0,1,,56.3433,27.7494
LVA,Letônia,Q64908087,http://www.wikidata.org/entity/Q4237879,0,21,,55.9084,27.2522
LVA,Letônia,Q64908099,http://www.wikidata.org/entity/Q4131928,0,30,,56.7237,27.0546
LVA,Letônia,Q64908101,http://www.wikidata.org/entity/Q12305629,0,104,,57.0021,26.3139
LVA,Letônia,Q64908116,http://www.wikidata.org/entity/Q13638499,0,9,,56.4748,27.8295
LVA,Letônia,Q64908126,http://www.wikidata.org/entity/Q4469557,0,63,,55.925,27.1445
LVA,Letônia,Q64908130,http://www.wikidata.org/entity/Q13638499,0,23,,56.5254,27.7667
LVA,Letônia,Q64908137,http://www.wikidata.org/entity/Q4394501,0,7,,56.3273,26.7451
LVA,Letônia,Q64908155,http://www.wikidata.org/entity/Q4993633,0,30,,56.2742,24.1961
LVA,Letônia,Q64908152,http://www.wikidata.org/entity/Q3359311,0,15,,56.7684,26.7077
LVA,Letônia,Q64908192,http://www.wikidata.org/entity/Q4332236,0,29,,56.4849,27.2026
LVA,Letônia,Q64908201,http://www.wikidata.org/entity/Q3801557,0,6,,56.3014,26.441
LVA,Letônia,Q64908207,http://www.wikidata.org/entity/Q3801656,0,5,,56.434,27.7014
LVA,Letônia,Q64908205,http://www.wikidata.org/entity/Q3801201,0,3,,56.361,27.6784
LVA,Letônia,Q64908210,http://www.wikidata.org/entity/Q4237879,0,14,,55.9386,27.231
LVA,Letônia,Q64908211,http://www.wikidata.org/entity/Q3800864,0,43,,56.5585,27.2576
LVA,Letônia,Q64908209,http://www.wikidata.org/entity/Q2361089,0,8,,55.9421,27.2281
LVA,Letônia,Q64908218,http://www.wikidata.org/entity/Q2340266,0,13,,56.0304,26.4562
LVA,Letônia,Q64908250,http://www.wikidata.org/entity/Q3801656,0,3,,56.4139,27.6445
LVA,Letônia,Q64908251,http://www.wikidata.org/entity/Q2340209,0,9,,56.0083,26.7503
LVA,Letônia,Q64908262,http://www.wikidata.org/entity/Q4992967,0,10,,56.5726,27.6956
LVA,Letônia,Q64908260,http://www.wikidata.org/entity/Q3801020,0,10,,56.1905,26.2902
LVA,Letônia,Q64908261,http://www.wikidata.org/entity/Q2361089,0,1,,56.0041,27.2774
LVA,Letônia,Q64908264,http://www.wikidata.org/entity/Q2340245,0,8,,56.0217,26.7568
LVA,Letônia,Q64908270,http://www.wikidata.org/entity/Q2361089,0,3,,55.9577,27.2226
LVA,Letônia,Q64908271,http://www.wikidata.org/entity/Q4993639,0,65,,56.4407,24.4037
LVA,Letônia,Q64908278,http://www.wikidata.org/entity/Q4198368,0,8,,55.9387,26.9796
LVA,Letônia,Q64908280,http://www.wikidata.org/entity/Q2361089,0,8,,55.986,27.304
LVA,Letônia,Q64908281,http://www.wikidata.org/entity/Q4992601,0,54,,57.2204,25.0683
LVA,Letônia,Q64908284,http://www.wikidata.org/entity/Q3307424,0,6,,56.741,26.4255
LVA,Letônia,Q64908285,http://www.wikidata.org/entity/Q4199242,0,10,,56.6343,27.3066
LVA,Letônia,Q64908291,http://www.wikidata.org/entity/Q10951083,0,7,,56.3306,26.3261
LVA,Letônia,Q64908288,http://www.wikidata.org/entity/Q4149939,0,8,,56.4705,27.4668
LVA,Letônia,Q64908293,http://www.wikidata.org/entity/Q4332229,0,47,,56.4205,27.2156
LVA,Letônia,Q64908296,http://www.wikidata.org/entity/Q7427430,0,33,,56.375,26.5973
LVA,Letônia,Q64908297,http://www.wikidata.org/entity/Q7359909,0,4,,57.4634,22.6908
LVA,Letônia,Q64908300,http://www.wikidata.org/entity/Q4332236,0,20,,56.529,27.2366
LVA,Letônia,Q64908308,http://www.wikidata.org/entity/Q4992774,0,4,,57.1857,27.1693
LVA,Letônia,Q64908314,http://www.wikidata.org/entity/Q4993629,0,23,,56.6379,27.7054
LVA,Letônia,Q64908313,http://www.wikidata.org/entity/Q2340111,0,6,,55.9353,26.5396
LVA,Letônia,Q64908319,http://www.wikidata.org/entity/Q2615101,0,16,,55.8395,26.5032
LVA,Letônia,Q64908316,http://www.wikidata.org/entity/Q4332236,0,10,,56.481,27.2217
LVA,Letônia,Q64908322,http://www.wikidata.org/entity/Q3801526,0,24,,56.4931,25.9904
LVA,Letônia,Q64908323,http://www.wikidata.org/entity/Q4185182,0,7,,56.5625,23.4738
LVA,Letônia,Q64908325,http://www.wikidata.org/entity/Q2615046,0,39,,55.9207,26.648
LVA,Letônia,Q64908328,http://www.wikidata.org/entity/Q3801020,0,26,,56.2069,26.276
LVA,Letônia,Q64908335,http://www.wikidata.org/entity/Q3401435,0,68,,56.818,26.2428
LVA,Letônia,Q64908670,http://www.wikidata.org/entity/Q13638499,0,20,,56.4684,27.8131
LVA,Letônia,Q64908674,http://www.wikidata.org/entity/Q2340152,0,34,,55.8589,26.5671
LVA,Letônia,Q64908673,http://www.wikidata.org/entity/Q2340266,0,6,,56.0225,26.5048
LVA,Letônia,Q64908678,http://www.wikidata.org/entity/Q4332229,0,11,,56.4575,27.313
LVA,Letônia,Q23954813,http://www.wikidata.org/entity/Q4348140,0,40,,57.23472222,21.95
LVA,Letônia,Q24451353,http://www.wikidata.org/entity/Q1006029,0,6,,57.06666667,25.81555556
LVA,Letônia,Q24702166,http://www.wikidata.org/entity/Q15710316,0,7,,56.20611111,26.58222222
LVA,Letônia,Q25707123,http://www.wikidata.org/entity/Q7915421,0,61,,56.595,26.675
LVA,Letônia,Q25707126,http://www.wikidata.org/entity/Q7915421,0,5,,56.64055556,26.76527778
LVA,Letônia,Q25707127,http://www.wikidata.org/entity/Q7915421,0,3,,56.64638889,26.7475
LVA,Letônia,Q25707124,http://www.wikidata.org/entity/Q7915421,0,8,,56.55055556,26.63222222
LVA,Letônia,Q25707125,http://www.wikidata.org/entity/Q7915421,0,14,,56.61805556,26.695
LVA,Letônia,Q25707130,http://www.wikidata.org/entity/Q7915421,0,0,,56.61111111,26.67305556
LVA,Letônia,Q25707128,http://www.wikidata.org/entity/Q7915421,0,5,,56.55472222,26.64277778
LVA,Letônia,Q25839820,http://www.wikidata.org/entity/Q7915421,0,2,,56.61416667,26.66277778
LVA,Letônia,Q25931642,http://www.wikidata.org/entity/Q2330640,0,25,,56.08027778,26.53833333
LVA,Letônia,Q25935361,http://www.wikidata.org/entity/Q2606984,0,4,,57.37194444,27.24861111
LVA,Letônia,Q25936380,http://www.wikidata.org/entity/Q2606984,0,5,,57.46472222,27.28305556
LVA,Letônia,Q25938105,http://www.wikidata.org/entity/Q2606984,0,18,,57.38416667,27.17055556
LVA,Letônia,Q25938108,http://www.wikidata.org/entity/Q2606984,0,7,,57.46277778,27.29944444
LVA,Letônia,Q26161371,http://www.wikidata.org/entity/Q4258011,0,12,,56.58361111,27.53833333
LVA,Letônia,Q26161368,http://www.wikidata.org/entity/Q4258011,0,12,,56.54333333,27.52805556
LVA,Letônia,Q26161372,http://www.wikidata.org/entity/Q4258011,0,3,,56.59555556,27.49666667
LVA,Letônia,Q26996300,http://www.wikidata.org/entity/Q2607056,0,12,,57.38388889,27.15194444
LVA,Letônia,Q27021609,http://www.wikidata.org/entity/Q4423170,0,76,,56.90888889,23.21694444
LVA,Letônia,Q27042310,http://www.wikidata.org/entity/Q4423170,0,30,,56.896111111111,23.226111111111
LVA,Letônia,Q27042316,http://www.wikidata.org/entity/Q2607113,0,17,,57.30916667,27.335
LVA,Letônia,Q27042321,http://www.wikidata.org/entity/Q4423170,0,43,,56.84527778,23.21388889
LVA,Letônia,Q27089532,http://www.wikidata.org/entity/Q7852609,0,62,,56.96805556,23.09555556
LVA,Letônia,Q27089538,http://www.wikidata.org/entity/Q2607113,0,24,,57.29805556,27.22888889
LVA,Letônia,Q27102423,http://www.wikidata.org/entity/Q2607038,0,8,,57.5125,27.19277778
LVA,Letônia,Q27102421,http://www.wikidata.org/entity/Q2607113,0,32,,57.35805556,27.24611111
LVA,Letônia,Q27613098,http://www.wikidata.org/entity/Q2607006,0,63,,57.463888888889,27.436666666667
LVA,Letônia,Q27949023,http://www.wikidata.org/entity/Q2607006,0,1,,57.51888889,27.38722222
LVA,Letônia,Q27949024,http://www.wikidata.org/entity/Q2607006,0,11,,57.47027778,27.44
LVA,Letônia,Q27950016,http://www.wikidata.org/entity/Q2607006,0,48,,57.50777778,27.46333333
LVA,Letônia,Q28045467,http://www.wikidata.org/entity/Q2606990,0,7,,57.53611111,27.00944444
LVA,Letônia,Q28045471,http://www.wikidata.org/entity/Q2606990,0,11,,57.44861111,27.03083333
LVA,Letônia,Q28045468,http://www.wikidata.org/entity/Q2606990,0,9,,57.45444444,27.03722222
LVA,Letônia,Q28045472,http://www.wikidata.org/entity/Q2606990,0,9,,57.49333333,27.04666667
LVA,Letônia,Q28045473,http://www.wikidata.org/entity/Q2606990,0,2,,57.45888889,27.01444444
LVA,Letônia,Q28045478,http://www.wikidata.org/entity/Q455528,0,9,,57.13972222,25.39333333
LVA,Letônia,Q28045479,http://www.wikidata.org/entity/Q455528,0,31,,57.14694444,25.35722222
LVA,Letônia,Q28045476,http://www.wikidata.org/entity/Q455528,0,20,,57.17972222,25.28083333
LVA,Letônia,Q28045483,http://www.wikidata.org/entity/Q455528,0,8,,57.18083333,25.19916667
LVA,Letônia,Q28045481,http://www.wikidata.org/entity/Q455528,0,5,,57.19277778,25.35194444
LVA,Letônia,Q28045484,http://www.wikidata.org/entity/Q455528,0,4,,57.16305556,25.20944444
LVA,Letônia,Q29052167,http://www.wikidata.org/entity/Q7544780,0,54,,57.43611111,25.88305556
LVA,Letônia,Q29058212,http://www.wikidata.org/entity/Q7544780,0,14,,57.41527778,25.84777778
LVA,Letônia,Q29076259,http://www.wikidata.org/entity/Q14479458,0,169,,56.74833333,21.07694444
LVA,Letônia,Q29101210,http://www.wikidata.org/entity/Q402334,0,52,,56.59861111,21.22555556
LVA,Letônia,Q29101234,http://www.wikidata.org/entity/Q402334,0,15,,56.65555556,21.12944444
LVA,Letônia,Q29101350,http://www.wikidata.org/entity/Q402334,0,46,,56.62694444,21.12805556
LVA,Letônia,Q29101375,http://www.wikidata.org/entity/Q14479458,0,50,,56.67361111,21.23472222
LVA,Letônia,Q29114355,http://www.wikidata.org/entity/Q14475618,0,54,,56.875,21.19861111
LVA,Letônia,Q29114361,http://www.wikidata.org/entity/Q14475618,0,56,,56.85166667,21.42611111
LVA,Letônia,Q29994778,http://www.wikidata.org/entity/Q499959,0,5,,57.09111111,27.12277778
LVA,Letônia,Q29994779,http://www.wikidata.org/entity/Q499959,0,22,,57.12527778,27.32027778
LVA,Letônia,Q29994777,http://www.wikidata.org/entity/Q499959,0,12,,57.08,27.22416667
LVA,Letônia,Q29994782,http://www.wikidata.org/entity/Q499959,0,1,,57.07777778,27.18916667
LVA,Letônia,Q29994783,http://www.wikidata.org/entity/Q499959,0,25,,57.12138889,27.3125
LVA,Letônia,Q29994786,http://www.wikidata.org/entity/Q499959,0,21,,57.10583333,27.20277778
LVA,Letônia,Q29994784,http://www.wikidata.org/entity/Q499959,0,19,,57.12444444,27.2275
LVA,Letônia,Q29994785,http://www.wikidata.org/entity/Q499959,0,26,,57.10722222,27.29305556
LVA,Letônia,Q30034666,http://www.wikidata.org/entity/Q499959,0,9,,57.1125,27.21833333
LVA,Letônia,Q30034664,http://www.wikidata.org/entity/Q499959,0,13,,57.06194444,27.30388889
LVA,Letônia,Q30066234,http://www.wikidata.org/entity/Q499959,0,18,,57.075,27.20055556
LVA,Letônia,Q30066235,http://www.wikidata.org/entity/Q499959,0,18,,57.09694444,27.17944444
LVA,Letônia,Q30075605,http://www.wikidata.org/entity/Q499959,0,12,,57.08944444,27.14722222
LVA,Letônia,Q30090674,http://www.wikidata.org/entity/Q499959,0,28,,57.07666667,27.28222222
LVA,Letônia,Q30102341,http://www.wikidata.org/entity/Q499959,0,27,,57.06694444,27.23055556
LVA,Letônia,Q30113498,http://www.wikidata.org/entity/Q499959,0,21,,57.08194444,27.12833333
LVA,Letônia,Q30113500,http://www.wikidata.org/entity/Q499959,0,24,,57.12333333,27.28444444
LVA,Letônia,Q32520360,http://www.wikidata.org/entity/Q3801245,0,5,,56.83694444,27.2125
LVA,Letônia,Q32520433,http://www.wikidata.org/entity/Q3801245,0,6,,56.875,27.24388889
LVA,Letônia,Q32520505,http://www.wikidata.org/entity/Q3801245,0,1,,56.88166667,27.23083333
LVA,Letônia,Q32520580,http://www.wikidata.org/entity/Q3801245,0,11,,56.8925,27.23777778
LVA,Letônia,Q32930006,http://www.wikidata.org/entity/Q3801245,0,1,,56.85027778,27.22388889
LVA,Letônia,Q32930010,http://www.wikidata.org/entity/Q3801245,0,7,,56.84111111,27.23972222
LVA,Letônia,Q33062121,http://www.wikidata.org/entity/Q3801245,0,41,,56.86361111,27.24166667
LVA,Letônia,Q33062126,http://www.wikidata.org/entity/Q3801245,0,3,,56.87611111,27.26777778
LVA,Letônia,Q33062125,http://www.wikidata.org/entity/Q3801245,0,7,,56.86805556,27.26194444
LVA,Letônia,Q33062129,http://www.wikidata.org/entity/Q3801245,0,4,,56.85666667,27.23638889
LVA,Letônia,Q33062139,http://www.wikidata.org/entity/Q3801245,0,2,,56.8525,27.23055556
LVA,Letônia,Q33309020,http://www.wikidata.org/entity/Q3801245,0,26,,56.86194444,27.06361111
LVA,Letônia,Q33309028,http://www.wikidata.org/entity/Q3801245,0,3,,56.85222222,27.10138889
LVA,Letônia,Q33309037,http://www.wikidata.org/entity/Q3801245,0,1,,56.85138889,27.08388889
LVA,Letônia,Q33309323,http://www.wikidata.org/entity/Q4992771,0,23,,56.61861111,21.825
LVA,Letônia,Q33519301,http://www.wikidata.org/entity/Q11254180,0,10,,57.82361111,24.58194444
LVA,Letônia,Q47509954,http://www.wikidata.org/entity/Q12334694,0,70,,57.26111111,24.43861111
LVA,Letônia,Q47509955,http://www.wikidata.org/entity/Q12334694,0,26,,57.1975,24.36166667
LVA,Letônia,Q47509952,http://www.wikidata.org/entity/Q12334694,0,27,,57.24916667,24.4375
LVA,Letônia,Q47509953,http://www.wikidata.org/entity/Q12334694,0,68,,57.27944444,24.45777778
LVA,Letônia,Q47509959,http://www.wikidata.org/entity/Q12334694,0,46,,57.27472222,24.4475
LVA,Letônia,Q47509956,http://www.wikidata.org/entity/Q12334694,0,119,,57.28527778,24.4475
LVA,Letônia,Q47509957,http://www.wikidata.org/entity/Q12334694,0,137,,57.25611111,24.44638889
LVA,Letônia,Q47509962,http://www.wikidata.org/entity/Q12334694,0,87,,57.18972222,24.35111111
LVA,Letônia,Q47509963,http://www.wikidata.org/entity/Q12334694,0,27,,57.25333333,24.43805556
LVA,Letônia,Q47509960,http://www.wikidata.org/entity/Q12334694,0,94,,57.27805556,24.45388889
LVA,Letônia,Q47509961,http://www.wikidata.org/entity/Q12334694,0,31,,57.29388889,24.44111111
LVA,Letônia,Q47509966,http://www.wikidata.org/entity/Q12334694,0,42,,57.25611111,24.43944444
LVA,Letônia,Q47509967,http://www.wikidata.org/entity/Q12334694,0,122,,57.24472222,24.44861111
LVA,Letônia,Q47509964,http://www.wikidata.org/entity/Q12334694,0,70,,57.28777778,24.45305556
LVA,Letônia,Q47509965,http://www.wikidata.org/entity/Q12334694,0,111,,57.23277778,24.4125
LVA,Letônia,Q47509970,http://www.wikidata.org/entity/Q12334694,0,91,,57.27138889,24.45388889
LVA,Letônia,Q47509971,http://www.wikidata.org/entity/Q12334694,0,57,,57.25777778,24.435
LVA,Letônia,Q47509968,http://www.wikidata.org/entity/Q12334694,0,122,,57.24638889,24.44527778
LVA,Letônia,Q47509969,http://www.wikidata.org/entity/Q12334694,0,39,,57.26055556,24.43333333
LVA,Letônia,Q47509972,http://www.wikidata.org/entity/Q12334694,0,118,,57.26555556,24.45166667
LVA,Letônia,Q50080764,http://www.wikidata.org/entity/Q12334371,0,1,,56.89887,24.46913
LVA,Letônia,Q50080790,http://www.wikidata.org/entity/Q12334371,0,469,,56.89666667,24.36611111
LVA,Letônia,Q50086411,http://www.wikidata.org/entity/Q12334371,0,68,,56.85194444,24.36888889
LVA,Letônia,Q50301371,http://www.wikidata.org/entity/Q12334371,0,262,,56.87666667,24.29166667
LVA,Letônia,Q50301382,http://www.wikidata.org/entity/Q12334371,0,21,,56.85305556,24.42944444
LVA,Letônia,Q50301417,http://www.wikidata.org/entity/Q11254180,0,23,,57.875,24.50583333
LVA,Letônia,Q50301424,http://www.wikidata.org/entity/Q11254180,0,32,,57.88305556,24.56333333
LVA,Letônia,Q50301430,http://www.wikidata.org/entity/Q6544206,0,66,,57.50222222,24.445
LVA,Letônia,Q50301434,http://www.wikidata.org/entity/Q6544206,0,3,,57.53694444,24.37
LVA,Letônia,Q50301440,http://www.wikidata.org/entity/Q6544206,0,6,,57.46583333,24.38777778
LVA,Letônia,Q50301441,http://www.wikidata.org/entity/Q6544206,0,14,,57.54277778,24.46444444
LVA,Letônia,Q50301447,http://www.wikidata.org/entity/Q6544206,0,63,,57.51944444,24.51972222
LVA,Letônia,Q50301452,http://www.wikidata.org/entity/Q6544206,0,32,,57.46361111,24.49916667
LVA,Letônia,Q50301457,http://www.wikidata.org/entity/Q6544206,0,49,,57.46138889,24.51972222
LVA,Letônia,Q50301464,http://www.wikidata.org/entity/Q6544206,0,19,,57.50111111,24.42611111
LVA,Letônia,Q50301469,http://www.wikidata.org/entity/Q15709815,0,16,,57.715,24.44722222
LVA,Letônia,Q50301474,http://www.wikidata.org/entity/Q15709815,0,2,,57.72138889,24.36305556
LVA,Letônia,Q50301478,http://www.wikidata.org/entity/Q15709815,0,12,,57.71666667,24.49444444
LVA,Letônia,Q50301484,http://www.wikidata.org/entity/Q15709815,0,44,,57.70388889,24.54972222
LVA,Letônia,Q50301491,http://www.wikidata.org/entity/Q15709815,0,15,,57.67305556,24.36861111
LVA,Letônia,Q50301498,http://www.wikidata.org/entity/Q15709815,0,15,,57.64861111,24.37027778
LVA,Letônia,Q50301505,http://www.wikidata.org/entity/Q15709815,0,6,,57.65861111,24.37222222
LVA,Letônia,Q50301512,http://www.wikidata.org/entity/Q15709815,0,6,,57.64,24.38444444
LVA,Letônia,Q50301518,http://www.wikidata.org/entity/Q15709815,0,22,,57.78277778,24.60333333
LVA,Letônia,Q50378443,http://www.wikidata.org/entity/Q4413950,0,10,,56.48166667,25.61722222
LVA,Letônia,Q50378446,http://www.wikidata.org/entity/Q4413950,0,0,,56.55972222,25.71277778
LVA,Letônia,Q50378447,http://www.wikidata.org/entity/Q4413950,0,14,,56.52027778,25.62027778
LVA,Letônia,Q50378450,http://www.wikidata.org/entity/Q4413950,0,10,,56.55583333,25.6525
LVA,Letônia,Q50378449,http://www.wikidata.org/entity/Q4413950,0,20,,56.55111111,25.71055556
LVA,Letônia,Q51267818,http://www.wikidata.org/entity/Q4469557,0,37,,55.90333333,27.08861111
LVA,Letônia,Q51268345,http://www.wikidata.org/entity/Q7378637,0,19,,57.00666667,27.15277778
LVA,Letônia,Q51268372,http://www.wikidata.org/entity/Q7378637,0,5,,57.00916667,27.14027778
LVA,Letônia,Q51268397,http://www.wikidata.org/entity/Q7378637,0,24,,56.94583333,27.15
LVA,Letônia,Q51268419,http://www.wikidata.org/entity/Q7378637,0,46,,57.00333333,27.035
LVA,Letônia,Q51268441,http://www.wikidata.org/entity/Q7378637,0,1,,56.99583333,27.06694444
LVA,Letônia,Q51268467,http://www.wikidata.org/entity/Q7378637,0,5,,57.06222222,27.16777778
LVA,Letônia,Q51268484,http://www.wikidata.org/entity/Q7378637,0,2,,57.01777778,26.97916667
LVA,Letônia,Q51268506,http://www.wikidata.org/entity/Q7378637,0,7,,56.98944444,27.05444444
LVA,Letônia,Q51268529,http://www.wikidata.org/entity/Q7378637,0,41,,57.0325,27.26444444
LVA,Letônia,Q51268551,http://www.wikidata.org/entity/Q7378637,0,5,,57.005,27.22055556
LVA,Letônia,Q51278156,http://www.wikidata.org/entity/Q3801526,0,8,,56.51361111,26.02416667
LVA,Letônia,Q51278405,http://www.wikidata.org/entity/Q3801538,0,13,,56.61583333,26.12361111
LVA,Letônia,Q51336504,http://www.wikidata.org/entity/Q3801192,0,30,,57.55666667,24.8025
LVA,Letônia,Q51361092,http://www.wikidata.org/entity/Q6548977,0,35,,57.43027778,24.66638889
LVA,Letônia,Q64902612,http://www.wikidata.org/entity/Q4168243,0,4,,56.6468,27.2424
LVA,Letônia,Q64902613,http://www.wikidata.org/entity/Q4482402,0,0,,56.2769,27.0998
LVA,Letônia,Q64902622,http://www.wikidata.org/entity/Q4992787,0,44,,56.3313,24.0821
LVA,Letônia,Q64902620,http://www.wikidata.org/entity/Q4469557,0,27,,55.896,27.1225
LVA,Letônia,Q64902621,http://www.wikidata.org/entity/Q4419275,0,8,,56.389,27.1073
LVA,Letônia,Q64902634,http://www.wikidata.org/entity/Q6711654,0,34,,56.7854,24.916
LVA,Letônia,Q64902633,http://www.wikidata.org/entity/Q4469557,0,14,,55.9599,27.1628
LVA,Letônia,Q64902638,http://www.wikidata.org/entity/Q2340266,0,15,,56.0661,26.4737
LVA,Letônia,Q64902658,http://www.wikidata.org/entity/Q4199242,0,11,,56.618,27.2928
LVA,Letônia,Q64902657,http://www.wikidata.org/entity/Q3800883,0,32,,56.7971,27.6462
LVA,Letônia,Q64902662,http://www.wikidata.org/entity/Q10970334,0,32,,56.39,26.1851
LVA,Letônia,Q64902743,http://www.wikidata.org/entity/Q3800883,0,5,,56.8161,27.6048
LVA,Letônia,Q64902740,http://www.wikidata.org/entity/Q4419443,0,11,,56.4728,26.6086
LVA,Letônia,Q64902744,http://www.wikidata.org/entity/Q4394501,0,7,,56.3663,26.7918
LVA,Letônia,Q64902764,http://www.wikidata.org/entity/Q7427430,0,13,,56.3708,26.6124
LVA,Letônia,Q64904208,http://www.wikidata.org/entity/Q3801557,0,1,,56.2862,26.6034
LVA,Letônia,Q64904209,http://www.wikidata.org/entity/Q4311585,0,20,,56.6791,26.9567
LVA,Letônia,Q64904243,http://www.wikidata.org/entity/Q4421441,0,10,,55.9515,27.4451
LVA,Letônia,Q64904244,http://www.wikidata.org/entity/Q4992967,0,11,,56.5736,27.7635
LVA,Letônia,Q64904245,http://www.wikidata.org/entity/Q3801171,0,6,,56.7281,27.3161
LVA,Letônia,Q64904282,http://www.wikidata.org/entity/Q4278495,0,3,,56.3378,27.0944
LVA,Letônia,Q64904283,http://www.wikidata.org/entity/Q4419275,0,3,,56.3826,27.1711
LVA,Letônia,Q64904284,http://www.wikidata.org/entity/Q3801137,0,7,,56.4047,26.392
LVA,Letônia,Q64904302,http://www.wikidata.org/entity/Q3801637,0,39,,56.6397,25.4093
LVA,Letônia,Q64904303,http://www.wikidata.org/entity/Q4066096,0,8,,56.1253,27.3963
LVA,Letônia,Q64904304,http://www.wikidata.org/entity/Q3801498,0,38,,56.3804,26.9037
LVA,Letônia,Q64904330,http://www.wikidata.org/entity/Q7427430,0,8,,56.4071,26.706
LVA,Letônia,Q64904331,http://www.wikidata.org/entity/Q4210261,0,17,,55.8824,27.3245
LVA,Letônia,Q64904332,http://www.wikidata.org/entity/Q4992967,0,2,,56.6178,27.6211
LVA,Letônia,Q64904362,http://www.wikidata.org/entity/Q4993633,0,29,,56.2849,24.2227
LVA,Letônia,Q64904360,http://www.wikidata.org/entity/Q2987076,0,11,,55.7891,26.4362
LVA,Letônia,Q64904361,http://www.wikidata.org/entity/Q3801020,0,3,,56.3092,26.2721
LVA,Letônia,Q64904390,http://www.wikidata.org/entity/Q7359909,0,38,,57.502,22.7021
LVA,Letônia,Q64904391,http://www.wikidata.org/entity/Q3801637,0,9,,56.6988,25.4638
LVA,Letônia,Q64904392,http://www.wikidata.org/entity/Q2330640,0,6,,56.0909,26.57
LVA,Letônia,Q64904418,http://www.wikidata.org/entity/Q4066096,0,30,,56.1566,27.3637
LVA,Letônia,Q64904416,http://www.wikidata.org/entity/Q6089022,0,24,,56.2181,27.957
LVA,Letônia,Q64904417,http://www.wikidata.org/entity/Q15710271,0,3,,56.216,26.7687
LVA,Letônia,Q64904450,http://www.wikidata.org/entity/Q5121934,0,2,,56.5354,27.5131
LVA,Letônia,Q64904451,http://www.wikidata.org/entity/Q3801300,0,77,,56.7247,25.5352
LVA,Letônia,Q64904449,http://www.wikidata.org/entity/Q2330640,0,44,,56.1037,26.4987
LVA,Letônia,Q64904474,http://www.wikidata.org/entity/Q4971760,0,7,,56.4479,27.9645
LVA,Letônia,Q64904475,http://www.wikidata.org/entity/Q4394501,0,1,,56.3548,26.767
LVA,Letônia,Q64904476,http://www.wikidata.org/entity/Q4199242,0,1,,56.6695,27.4585
LVA,Letônia,Q64904507,http://www.wikidata.org/entity/Q2361064,0,1,,55.9389,27.5461
LVA,Letônia,Q64904505,http://www.wikidata.org/entity/Q4992967,0,4,,56.5354,27.8237
LVA,Letônia,Q64904508,http://www.wikidata.org/entity/Q302136,0,1,,56.0222,27.7919
LVA,Letônia,Q64904529,http://www.wikidata.org/entity/Q3800883,0,24,,56.7964,27.6573
LVA,Letônia,Q64904532,http://www.wikidata.org/entity/Q2000529,0,1,,56.2794,27.7113
LVA,Letônia,Q64904533,http://www.wikidata.org/entity/Q13638499,0,17,,56.4798,27.9152
LVA,Letônia,Q64904558,http://www.wikidata.org/entity/Q4421441,0,20,,55.9462,27.356
LVA,Letônia,Q64904556,http://www.wikidata.org/entity/Q4419275,0,20,,56.4188,26.9299
LVA,Letônia,Q64904557,http://www.wikidata.org/entity/Q4513320,0,16,,56.4024,27.5109
LVA,Letônia,Q64904582,http://www.wikidata.org/entity/Q4153918,0,25,,56.1363,27.6055
LVA,Letônia,Q64904583,http://www.wikidata.org/entity/Q3801520,0,47,,56.4265,26.7948
LVA,Letônia,Q64904581,http://www.wikidata.org/entity/Q3801680,0,3,,56.3508,27.8938
LVA,Letônia,Q64904610,http://www.wikidata.org/entity/Q3801219,0,12,,56.7067,27.552
LVA,Letônia,Q64904609,http://www.wikidata.org/entity/Q4419443,0,6,,56.5353,26.6329
LVA,Letônia,Q64904613,http://www.wikidata.org/entity/Q4405531,0,16,,56.4945,27.0739
LVA,Letônia,Q64904642,http://www.wikidata.org/entity/Q3801650,0,5,,56.3764,27.7706
LVA,Letônia,Q64904643,http://www.wikidata.org/entity/Q3801650,0,7,,56.3483,27.7717
LVA,Letônia,Q64904644,http://www.wikidata.org/entity/Q4513320,0,17,,56.3721,27.4381
LVA,Letônia,Q64904671,http://www.wikidata.org/entity/Q3307424,0,29,,56.6645,26.3201
LVA,Letônia,Q64904672,http://www.wikidata.org/entity/Q2330640,0,8,,56.0685,26.526
LVA,Letônia,Q64904937,http://www.wikidata.org/entity/Q7908698,0,5,,57.3941,25.3631
LVA,Letônia,Q64904959,http://www.wikidata.org/entity/Q4401369,0,6,,56.1723,26.948
LVA,Letônia,Q64904962,http://www.wikidata.org/entity/Q3801300,0,31,,56.7096,25.4939
LVA,Letônia,Q64904961,http://www.wikidata.org/entity/Q4421441,0,8,,56.0003,27.433
LVA,Letônia,Q64904986,http://www.wikidata.org/entity/Q6711654,0,17,,56.7403,25.0089
LVA,Letônia,Q64904987,http://www.wikidata.org/entity/Q3801219,0,12,,56.6503,27.5896
LVA,Letônia,Q64904988,http://www.wikidata.org/entity/Q12332326,0,3,,56.2778,26.6673
LVA,Letônia,Q64905019,http://www.wikidata.org/entity/Q4132339,0,19,,56.4622,26.9087
LVA,Letônia,Q64905020,http://www.wikidata.org/entity/Q4394501,0,9,,56.3651,26.7369
LVA,Letônia,Q64905021,http://www.wikidata.org/entity/Q3801520,0,37,,56.4313,26.7754
LVA,Letônia,Q64905058,http://www.wikidata.org/entity/Q3801201,0,2,,56.2879,27.5732
LVA,Letônia,Q64905056,http://www.wikidata.org/entity/Q4992774,0,21,,57.1924,27.1691
LVA,Letônia,Q64905057,http://www.wikidata.org/entity/Q3801137,0,12,,56.386,26.5434
LVA,Letônia,Q64905273,http://www.wikidata.org/entity/Q4111289,0,20,,56.3432,23.5303
LVA,Letônia,Q64905342,http://www.wikidata.org/entity/Q4332236,0,37,,56.4789,27.2768
LVA,Letônia,Q64905341,http://www.wikidata.org/entity/Q2361142,0,10,,56.0707,27.7067
LVA,Letônia,Q64905351,http://www.wikidata.org/entity/Q3801701,0,14,,56.4713,27.6637
LVA,Letônia,Q64905352,http://www.wikidata.org/entity/Q2615041,0,8,,55.8636,26.3344
LVA,Letônia,Q64905353,http://www.wikidata.org/entity/Q4072422,0,8,,56.0441,27.2985
LVA,Letônia,Q64905391,http://www.wikidata.org/entity/Q7917869,0,5,,57.2905,27.848
LVA,Letônia,Q64905394,http://www.wikidata.org/entity/Q4066096,0,2,,56.1515,27.3997
LVA,Letônia,Q64905395,http://www.wikidata.org/entity/Q4513320,0,5,,56.426,27.4899
LVA,Letônia,Q64905486,http://www.wikidata.org/entity/Q2361117,0,7,,55.8922,27.5547
LVA,Letônia,Q64905487,http://www.wikidata.org/entity/Q2361105,0,3,,56.0405,27.6318
LVA,Letônia,Q64905485,http://www.wikidata.org/entity/Q2615046,0,22,,55.9035,26.7457
LVA,Letônia,Q64905583,http://www.wikidata.org/entity/Q7161831,0,24,,56.1591,26.7008
LVA,Letônia,Q64905584,http://www.wikidata.org/entity/Q3801219,0,6,,56.7009,27.5837
LVA,Letônia,Q64905585,http://www.wikidata.org/entity/Q4384854,0,1,,56.2703,27.2014
LVA,Letônia,Q64905614,http://www.wikidata.org/entity/Q3800889,0,2,,56.7959,27.7801
LVA,Letônia,Q64905615,http://www.wikidata.org/entity/Q4394501,0,4,,56.2976,26.7597
LVA,Letônia,Q64905617,http://www.wikidata.org/entity/Q3800938,0,1,,56.5955,27.7713
LVA,Letônia,Q64906047,http://www.wikidata.org/entity/Q2987076,0,33,,55.8197,26.4718
LVA,Letônia,Q64906045,http://www.wikidata.org/entity/Q2361089,0,2,,55.9481,27.2513
LVA,Letônia,Q64906052,http://www.wikidata.org/entity/Q4237879,0,19,,55.9184,27.1846
LVA,Letônia,Q64906056,http://www.wikidata.org/entity/Q3801020,0,65,,56.3013,26.1873
LVA,Letônia,Q64906064,http://www.wikidata.org/entity/Q4212657,0,5,,56.5965,27.1546
LVA,Letônia,Q64906070,http://www.wikidata.org/entity/Q2330640,0,27,,56.0866,26.5346
LVA,Letônia,Q64906068,http://www.wikidata.org/entity/Q2330640,0,1,,56.0664,26.5525
LVA,Letônia,Q64906075,http://www.wikidata.org/entity/Q4401369,0,13,,56.2971,26.8735
LVA,Letônia,Q64906073,http://www.wikidata.org/entity/Q4394501,0,8,,56.2901,26.7674
LVA,Letônia,Q64906086,http://www.wikidata.org/entity/Q3801219,0,12,,56.6595,27.4835
LVA,Letônia,Q64906098,http://www.wikidata.org/entity/Q4149939,0,19,,56.4783,27.4239
LVA,Letônia,Q64906102,http://www.wikidata.org/entity/Q4419443,0,11,,56.5422,26.6813
LVA,Letônia,Q64906110,http://www.wikidata.org/entity/Q2361089,0,16,,55.9512,27.2384
LVA,Letônia,Q64906137,http://www.wikidata.org/entity/Q4332229,0,32,,56.4716,27.2812
LVA,Letônia,Q64906151,http://www.wikidata.org/entity/Q4405531,0,7,,56.5245,27.1111
LVA,Letônia,Q64906148,http://www.wikidata.org/entity/Q13638499,0,8,,56.5132,27.8673
LVA,Letônia,Q64906155,http://www.wikidata.org/entity/Q3801557,0,5,,56.2856,26.4722
LVA,Letônia,Q64906156,http://www.wikidata.org/entity/Q3801701,0,7,,56.4374,27.5918
LVA,Letônia,Q64906163,http://www.wikidata.org/entity/Q3801137,0,6,,56.4627,26.4167
LVA,Letônia,Q64906165,http://www.wikidata.org/entity/Q3800938,0,32,,56.5906,27.7937
LVA,Letônia,Q64906186,http://www.wikidata.org/entity/Q10970334,0,6,,56.4445,26.2708
LVA,Letônia,Q64906191,http://www.wikidata.org/entity/Q2361131,0,37,,56.101,27.5111
LVA,Letônia,Q64906194,http://www.wikidata.org/entity/Q3801051,0,13,,56.9092,27.3443
LVA,Letônia,Q64906193,http://www.wikidata.org/entity/Q2361131,0,10,,56.1189,27.4732
LVA,Letônia,Q64906202,http://www.wikidata.org/entity/Q4394624,0,7,,56.6454,26.962
LVA,Letônia,Q64906207,http://www.wikidata.org/entity/Q7597219,0,31,,57.4526,25.0741
LVA,Letônia,Q64906205,http://www.wikidata.org/entity/Q3800889,0,2,,56.8287,27.8353
LVA,Letônia,Q64906209,http://www.wikidata.org/entity/Q3800958,0,43,,57.752,25.6426
LVA,Letônia,Q64906215,http://www.wikidata.org/entity/Q4993610,0,8,,57.2455,27.3262
LVA,Letônia,Q64906213,http://www.wikidata.org/entity/Q4992789,0,20,,56.933,27.348
LVA,Letônia,Q64906310,http://www.wikidata.org/entity/Q4421441,0,5,,55.9567,27.3879
LVA,Letônia,Q64908712,http://www.wikidata.org/entity/Q2340266,0,6,,56.0063,26.4689
LVA,Letônia,Q64908713,http://www.wikidata.org/entity/Q6112176,0,59,,56.3972,21.6435
LVA,Letônia,Q64908716,http://www.wikidata.org/entity/Q4332236,0,59,,56.5084,27.3133
LVA,Letônia,Q64908945,http://www.wikidata.org/entity/Q10951083,0,5,,56.373,26.4116
LVA,Letônia,Q64908950,http://www.wikidata.org/entity/Q4258011,0,2,,56.5717,27.4866
LVA,Letônia,Q64908954,http://www.wikidata.org/entity/Q4993629,0,31,,56.6374,27.7369
LVA,Letônia,Q64908958,http://www.wikidata.org/entity/Q2340209,0,11,,55.9795,26.5518
LVA,Letônia,Q64908962,http://www.wikidata.org/entity/Q2884591,0,25,,56.7611,26.5597
LVA,Letônia,Q64908963,http://www.wikidata.org/entity/Q4993629,0,11,,56.631,27.7325
LVA,Letônia,Q64908967,http://www.wikidata.org/entity/Q4405531,0,8,,56.515,27.204
LVA,Letônia,Q64908964,http://www.wikidata.org/entity/Q4261386,0,13,,57.3768,25.4871
LVA,Letônia,Q64908965,http://www.wikidata.org/entity/Q4992967,0,2,,56.6039,27.6609
LVA,Letônia,Q64908973,http://www.wikidata.org/entity/Q3801209,0,7,,56.5856,27.2939
LVA,Letônia,Q64908977,http://www.wikidata.org/entity/Q4394501,0,19,,56.319,26.769
LVA,Letônia,Q64908982,http://www.wikidata.org/entity/Q3307424,0,2,,56.7263,26.3259
LVA,Letônia,Q64908980,http://www.wikidata.org/entity/Q4419443,0,28,,56.5066,26.7194
LVA,Letônia,Q64908984,http://www.wikidata.org/entity/Q3801557,0,15,,56.3187,26.4571
LVA,Letônia,Q64909009,http://www.wikidata.org/entity/Q4419275,0,41,,56.3685,27.1395
LVA,Letônia,Q64909015,http://www.wikidata.org/entity/Q4199242,0,16,,56.6117,27.3031
LVA,Letônia,Q64909016,http://www.wikidata.org/entity/Q4421441,0,1,,55.9447,27.3059
LVA,Letônia,Q64909022,http://www.wikidata.org/entity/Q4469557,0,3,,55.9491,27.1181
LVA,Letônia,Q64909028,http://www.wikidata.org/entity/Q4199242,0,4,,56.6007,27.34
LVA,Letônia,Q64909029,http://www.wikidata.org/entity/Q4237879,0,5,,55.947,27.2829
LVA,Letônia,Q64909034,http://www.wikidata.org/entity/Q3801300,0,56,,56.7336,25.3909
LVA,Letônia,Q64909038,http://www.wikidata.org/entity/Q3800938,0,5,,56.6295,27.765
LVA,Letônia,Q64909039,http://www.wikidata.org/entity/Q2615106,0,3,,55.7762,26.3047
LVA,Letônia,Q64909036,http://www.wikidata.org/entity/Q3307424,0,8,,56.6548,26.3087
LVA,Letônia,Q64909040,http://www.wikidata.org/entity/Q5121934,0,12,,56.532,27.6283
LVA,Letônia,Q64909047,http://www.wikidata.org/entity/Q3801701,0,0,,56.4562,27.7031
LVA,Letônia,Q64909103,http://www.wikidata.org/entity/Q10951083,0,26,,56.366,26.406
LVA,Letônia,Q64909107,http://www.wikidata.org/entity/Q3801137,0,13,,56.4695,26.4592
LVA,Letônia,Q64909104,http://www.wikidata.org/entity/Q13638499,0,0,,56.5131,27.8766
LVA,Letônia,Q64909105,http://www.wikidata.org/entity/Q3800981,0,1,,56.5159,27.8793
LVA,Letônia,Q64909110,http://www.wikidata.org/entity/Q12332326,0,9,,56.278,26.7739
LVA,Letônia,Q64909111,http://www.wikidata.org/entity/Q3801137,0,20,,56.4465,26.4728
LVA,Letônia,Q64909109,http://www.wikidata.org/entity/Q3801701,0,7,,56.4865,27.7066
LVA,Letônia,Q64909289,http://www.wikidata.org/entity/Q2340266,0,41,,56.001,26.4748
LVA,Letônia,Q64909294,http://www.wikidata.org/entity/Q4469557,0,12,,55.9183,27.1602
LVA,Letônia,Q64909295,http://www.wikidata.org/entity/Q3801575,0,12,,55.9933,26.3655
LVA,Letônia,Q64909299,http://www.wikidata.org/entity/Q2340266,0,13,,56.0112,26.487
LVA,Letônia,Q64909296,http://www.wikidata.org/entity/Q2615046,0,39,,55.946,26.7551
LVA,Letônia,Q64909302,http://www.wikidata.org/entity/Q3801557,0,18,,56.3218,26.4214
LVA,Letônia,Q64909300,http://www.wikidata.org/entity/Q7427430,0,5,,56.3526,26.575
LVA,Letônia,Q64909308,http://www.wikidata.org/entity/Q4469557,0,10,,55.9291,27.1447
LVA,Letônia,Q64909309,http://www.wikidata.org/entity/Q4469557,0,6,,55.9412,27.1163
LVA,Letônia,Q64909315,http://www.wikidata.org/entity/Q4421441,0,19,,55.9689,27.3889
LVA,Letônia,Q64909313,http://www.wikidata.org/entity/Q7427430,0,12,,56.3649,26.6319
LVA,Letônia,Q64909318,http://www.wikidata.org/entity/Q4149939,0,24,,56.4787,27.4519
LVA,Letônia,Q64909320,http://www.wikidata.org/entity/Q7427430,0,2,,56.363,26.6506
LVA,Letônia,Q64909326,http://www.wikidata.org/entity/Q4199242,0,1,,56.6162,27.3043
LVA,Letônia,Q64909330,http://www.wikidata.org/entity/Q3801656,0,3,,56.4802,27.7334
LVA,Letônia,Q64909331,http://www.wikidata.org/entity/Q3800864,0,8,,56.6256,27.2269
LVA,Letônia,Q64909329,http://www.wikidata.org/entity/Q3801209,0,9,,56.5771,27.3088
LVA,Letônia,Q64909332,http://www.wikidata.org/entity/Q4268331,0,10,,56.3876,27.2222
LVA,Letônia,Q64909451,http://www.wikidata.org/entity/Q2340266,0,19,,56.044,26.4598
LVA,Letônia,Q64909455,http://www.wikidata.org/entity/Q4513320,0,1,,56.4325,27.4952
LVA,Letônia,Q64909452,http://www.wikidata.org/entity/Q4332229,0,100,,56.4724,27.3089
LVA,Letônia,Q64909453,http://www.wikidata.org/entity/Q3801462,0,13,,56.1801,26.2814
LVA,Letônia,Q64909458,http://www.wikidata.org/entity/Q3801549,0,83,,56.6017,25.5136
LVA,Letônia,Q64909457,http://www.wikidata.org/entity/Q6711654,0,79,,56.7634,24.9815
LVA,Letônia,Q64909462,http://www.wikidata.org/entity/Q2615101,0,25,,55.8099,26.6263
LVA,Letônia,Q64909466,http://www.wikidata.org/entity/Q3801650,0,7,,56.3501,27.7321
LVA,Letônia,Q64909474,http://www.wikidata.org/entity/Q2987076,0,47,,55.8603,26.4412
LVA,Letônia,Q64909473,http://www.wikidata.org/entity/Q13638499,0,49,,56.5112,27.7325
LVA,Letônia,Q64909479,http://www.wikidata.org/entity/Q2361089,0,0,,55.9818,27.1544
LVA,Letônia,Q64909482,http://www.wikidata.org/entity/Q3801656,0,0,,56.419,27.6357
LVA,Letônia,Q64909483,http://www.wikidata.org/entity/Q110446086,0,17,,56.9822,24.4033
LVA,Letônia,Q64909481,http://www.wikidata.org/entity/Q3801565,0,10,,57.4873,24.8463
LVA,Letônia,Q64909487,http://www.wikidata.org/entity/Q6711654,0,25,,56.7717,24.9473
LVA,Letônia,Q64909490,http://www.wikidata.org/entity/Q12332326,0,2,,56.2572,26.7608
LVA,Letônia,Q64909491,http://www.wikidata.org/entity/Q10951083,0,27,,56.3324,26.3921
LVA,Letônia,Q64909489,http://www.wikidata.org/entity/Q2340209,0,34,,56.0148,26.664
LVA,Letônia,Q64909494,http://www.wikidata.org/entity/Q3801209,0,4,,56.5741,27.2796
LVA,Letônia,Q64909493,http://www.wikidata.org/entity/Q10951083,0,5,,56.3507,26.4099
LVA,Letônia,Q64909511,http://www.wikidata.org/entity/Q3801701,0,2,,56.4604,27.6516
LVA,Letônia,Q64909508,http://www.wikidata.org/entity/Q2340266,0,8,,56.0403,26.4807
LVA,Letônia,Q64909515,http://www.wikidata.org/entity/Q12332326,0,4,,56.3143,26.6741
LVA,Letônia,Q64909519,http://www.wikidata.org/entity/Q12332326,0,4,,56.2604,26.7226
LVA,Letônia,Q64909522,http://www.wikidata.org/entity/Q13638499,0,9,,56.521,27.693
LVA,Letônia,Q64909523,http://www.wikidata.org/entity/Q3359311,0,68,,56.8628,26.7242
LVA,Letônia,Q64909520,http://www.wikidata.org/entity/Q4332229,0,18,,56.4331,27.2685
LVA,Letônia,Q64909526,http://www.wikidata.org/entity/Q10951083,0,22,,56.3238,26.3566
LVA,Letônia,Q64909563,http://www.wikidata.org/entity/Q3307424,0,17,,56.6788,26.2989
LVA,Letônia,Q64909567,http://www.wikidata.org/entity/Q4419443,0,13,,56.502,26.687
LVA,Letônia,Q64909571,http://www.wikidata.org/entity/Q3800864,0,11,,56.6075,27.1764
LVA,Letônia,Q64909569,http://www.wikidata.org/entity/Q10970334,0,15,,56.5069,26.2707
LVA,Letônia,Q64909572,http://www.wikidata.org/entity/Q2987076,0,0,,55.8881,26.4212
LVA,Letônia,Q64909595,http://www.wikidata.org/entity/Q2340152,0,21,,55.863,26.7063
LVA,Letônia,Q64909599,http://www.wikidata.org/entity/Q4421441,0,7,,55.9516,27.3363
LVA,Letônia,Q64909602,http://www.wikidata.org/entity/Q4419443,0,5,,56.5386,26.7855
LVA,Letônia,Q64909603,http://www.wikidata.org/entity/Q3800864,0,1,,56.5716,27.2243
LVA,Letônia,Q64909601,http://www.wikidata.org/entity/Q2340266,0,2,,56.0197,26.5277
LVA,Letônia,Q64909609,http://www.wikidata.org/entity/Q4992967,0,21,,56.571,27.7326
LVA,Letônia,Q64906315,http://www.wikidata.org/entity/Q2361064,0,6,,55.9839,27.6722
LVA,Letônia,Q64906313,http://www.wikidata.org/entity/Q4419275,0,37,,56.4753,27.0889
LVA,Letônia,Q64906326,http://www.wikidata.org/entity/Q3801656,0,2,,56.4736,27.7168
LVA,Letônia,Q64906324,http://www.wikidata.org/entity/Q4419275,0,15,,56.3479,26.9976
LVA,Letônia,Q64906329,http://www.wikidata.org/entity/Q4513320,0,14,,56.4406,27.4218
LVA,Letônia,Q64906334,http://www.wikidata.org/entity/Q3307424,0,11,,56.7062,26.3408
LVA,Letônia,Q64906339,http://www.wikidata.org/entity/Q3801201,0,2,,56.262,27.5956
LVA,Letônia,Q64906337,http://www.wikidata.org/entity/Q4149939,0,5,,56.5278,27.4554
LVA,Letônia,Q64906342,http://www.wikidata.org/entity/Q4290789,0,1,,56.6973,27.6458
LVA,Letônia,Q64906345,http://www.wikidata.org/entity/Q13638499,0,11,,56.5217,27.832
LVA,Letônia,Q64906349,http://www.wikidata.org/entity/Q2000529,0,4,,56.2486,27.8406
LVA,Letônia,Q64906358,http://www.wikidata.org/entity/Q2615106,0,14,,55.7207,26.4368
LVA,Letônia,Q64906374,http://www.wikidata.org/entity/Q2615046,0,10,,55.9146,26.7926
LVA,Letônia,Q64906372,http://www.wikidata.org/entity/Q3800864,0,3,,56.5548,27.2643
LVA,Letônia,Q64906376,http://www.wikidata.org/entity/Q3801020,0,7,,56.2304,26.1895
LVA,Letônia,Q64906389,http://www.wikidata.org/entity/Q4992967,0,25,,56.567,27.7235
LVA,Letônia,Q64906397,http://www.wikidata.org/entity/Q3801575,0,111,,56.009,26.3006
LVA,Letônia,Q64906400,http://www.wikidata.org/entity/Q2361089,0,3,,55.9855,27.2254
LVA,Letônia,Q64906401,http://www.wikidata.org/entity/Q2615046,0,10,,55.9223,26.9186
LVA,Letônia,Q64906407,http://www.wikidata.org/entity/Q2615046,0,12,,55.9675,26.7165
LVA,Letônia,Q64906405,http://www.wikidata.org/entity/Q2615046,0,4,,55.937,26.8479
LVA,Letônia,Q64906417,http://www.wikidata.org/entity/Q3801020,0,15,,56.2619,26.228
LVA,Letônia,Q64906431,http://www.wikidata.org/entity/Q10970334,0,6,,56.4389,26.276
LVA,Letônia,Q64906439,http://www.wikidata.org/entity/Q4332236,0,44,,56.5236,27.3073
LVA,Letônia,Q64906436,http://www.wikidata.org/entity/Q3800864,0,0,,56.6384,27.2535
LVA,Letônia,Q64906442,http://www.wikidata.org/entity/Q3801462,0,5,,56.1872,26.2442
LVA,Letônia,Q64906446,http://www.wikidata.org/entity/Q10951083,0,71,,56.3727,26.2061
LVA,Letônia,Q64906447,http://www.wikidata.org/entity/Q2361089,0,2,,55.9697,27.2382
LVA,Letônia,Q64906444,http://www.wikidata.org/entity/Q4149939,0,103,,56.5097,27.3899
LVA,Letônia,Q64906460,http://www.wikidata.org/entity/Q10951083,0,5,,56.3605,26.3898
LVA,Letônia,Q64906475,http://www.wikidata.org/entity/Q2340266,0,9,,56.0026,26.5015
LVA,Letônia,Q64906539,http://www.wikidata.org/entity/Q2615041,0,25,,55.8712,26.4084
LVA,Letônia,Q64906543,http://www.wikidata.org/entity/Q2615046,0,23,,55.9359,26.7531
LVA,Letônia,Q64906550,http://www.wikidata.org/entity/Q3307424,0,24,,56.7033,26.3667
LVA,Letônia,Q64906554,http://www.wikidata.org/entity/Q4131928,0,12,,56.7655,27.1809
LVA,Letônia,Q64906559,http://www.wikidata.org/entity/Q10951083,0,6,,56.3903,26.2558
LVA,Letônia,Q64906717,http://www.wikidata.org/entity/Q3801557,0,2,,56.3217,26.5401
LVA,Letônia,Q64906725,http://www.wikidata.org/entity/Q7427430,0,8,,56.3442,26.5967
LVA,Letônia,Q64906733,http://www.wikidata.org/entity/Q3801300,0,22,,56.7245,25.5137
LVA,Letônia,Q64907117,http://www.wikidata.org/entity/Q3801201,0,20,,56.3466,27.6723
LVA,Letônia,Q64907122,http://www.wikidata.org/entity/Q3800938,0,21,,56.6022,27.7877
LVA,Letônia,Q64907127,http://www.wikidata.org/entity/Q4149939,0,14,,56.5208,27.4139
LVA,Letônia,Q64907141,http://www.wikidata.org/entity/Q2615106,0,32,,55.8035,26.3084
LVA,Letônia,Q64907144,http://www.wikidata.org/entity/Q1588169,0,61,,56.0263,26.0735
LVA,Letônia,Q64907148,http://www.wikidata.org/entity/Q3801701,0,1,,56.4365,27.6224
LVA,Letônia,Q64907155,http://www.wikidata.org/entity/Q3150551,0,37,,56.936,26.6306
LVA,Letônia,Q64907159,http://www.wikidata.org/entity/Q3801701,0,3,,56.4564,27.595
LVA,Letônia,Q64907162,http://www.wikidata.org/entity/Q3801656,0,12,,56.4452,27.7138
LVA,Letônia,Q64907174,http://www.wikidata.org/entity/Q12332326,0,13,,56.3212,26.6517
LVA,Letônia,Q64907178,http://www.wikidata.org/entity/Q4469557,0,63,,55.9081,27.1379
LVA,Letônia,Q64907180,http://www.wikidata.org/entity/Q13638499,0,30,,56.513,27.8016
LVA,Letônia,Q64907184,http://www.wikidata.org/entity/Q4993629,0,19,,56.6219,27.7284
LVA,Letônia,Q64907199,http://www.wikidata.org/entity/Q3801020,0,51,,56.2947,26.2262
LVA,Letônia,Q64907200,http://www.wikidata.org/entity/Q4198368,0,5,,55.9382,26.9406
LVA,Letônia,Q64907343,http://www.wikidata.org/entity/Q7427430,0,2,,56.3878,26.6713
LVA,Letônia,Q64907355,http://www.wikidata.org/entity/Q3801676,0,40,,57.2868,26.6435
LVA,Letônia,Q64907356,http://www.wikidata.org/entity/Q2986692,0,48,,55.758333333333,26.585833333333
LVA,Letônia,Q64907364,http://www.wikidata.org/entity/Q3800864,0,10,,56.6048,27.2493
LVA,Letônia,Q64907370,http://www.wikidata.org/entity/Q12332326,0,15,,56.3333,26.6289
LVA,Letônia,Q64907375,http://www.wikidata.org/entity/Q4149939,0,25,,56.4645,27.4843
LVA,Letônia,Q64907372,http://www.wikidata.org/entity/Q4332229,0,2,,56.3917,27.2732
LVA,Letônia,Q64907379,http://www.wikidata.org/entity/Q3801462,0,11,,56.2577,26.1727
LVA,Letônia,Q64907376,http://www.wikidata.org/entity/Q7427430,0,3,,56.3758,26.6613
LVA,Letônia,Q64907385,http://www.wikidata.org/entity/Q3800864,0,18,,56.6205,27.2796
LVA,Letônia,Q64908176,http://www.wikidata.org/entity/Q4332229,0,24,,56.4154,27.2783
LVA,Letônia,Q64908182,http://www.wikidata.org/entity/Q4332236,0,29,,56.4745,27.2303
LVA,Letônia,Q64908180,http://www.wikidata.org/entity/Q2615046,0,11,,55.961,26.6657
LVA,Letônia,Q64908186,http://www.wikidata.org/entity/Q4992801,0,155,,57.2743,25.3273
LVA,Letônia,Q64908187,http://www.wikidata.org/entity/Q3800864,0,6,,56.5947,27.229
LVA,Letônia,Q64908185,http://www.wikidata.org/entity/Q4992967,0,5,,56.5732,27.8541
LVA,Letônia,Q64908679,http://www.wikidata.org/entity/Q3800981,0,1,,56.5031,27.9178
LVA,Letônia,Q64908683,http://www.wikidata.org/entity/Q2340209,0,5,,56.0042,26.7724
LVA,Letônia,Q64908680,http://www.wikidata.org/entity/Q3801033,0,41,,57.158888888889,26.774166666667
LVA,Letônia,Q64908689,http://www.wikidata.org/entity/Q2615046,0,4,,55.9131,26.7735
LVA,Letônia,Q64908694,http://www.wikidata.org/entity/Q2361089,0,2,,56.0152,27.2243
LVA,Letônia,Q64908693,http://www.wikidata.org/entity/Q4993629,0,1,,56.6128,27.715
LVA,Letônia,Q64908696,http://www.wikidata.org/entity/Q3801701,0,0,,56.4408,27.6611
LVA,Letônia,Q64908704,http://www.wikidata.org/entity/Q3800864,0,5,,56.5614,27.2706
LVA,Letônia,Q64908710,http://www.wikidata.org/entity/Q3800864,0,42,,56.6028,27.228
LVA,Letônia,Q64908708,http://www.wikidata.org/entity/Q3800938,0,7,,56.6175,27.84
LVA,Letônia,Q64908714,http://www.wikidata.org/entity/Q4513320,0,8,,56.4059,27.47
LVA,Letônia,Q64909618,http://www.wikidata.org/entity/Q4394501,0,2,,56.2979,26.7682
LVA,Letônia,Q64909616,http://www.wikidata.org/entity/Q2361089,0,1,,55.9553,27.1996
LVA,Letônia,Q64909622,http://www.wikidata.org/entity/Q2340209,0,10,,55.9662,26.6711
LVA,Letônia,Q64909623,http://www.wikidata.org/entity/Q4992774,0,27,,57.1427,27.1543
LVA,Letônia,Q64909620,http://www.wikidata.org/entity/Q10970334,0,4,,56.403,26.2044
LVA,Letônia,Q64909621,http://www.wikidata.org/entity/Q10970334,0,9,,56.3959,26.1887
LVA,Letônia,Q64909627,http://www.wikidata.org/entity/Q3800938,0,14,,56.6201,27.7795
LVA,Letônia,Q64909628,http://www.wikidata.org/entity/Q4290789,0,11,,56.6917,27.7445
LVA,Letônia,Q64909635,http://www.wikidata.org/entity/Q10970334,0,47,,56.4082,26.1441
LVA,Letônia,Q64909639,http://www.wikidata.org/entity/Q7908698,0,5,,57.4229,25.2447
LVA,Letônia,Q64909636,http://www.wikidata.org/entity/Q4198368,0,0,,55.9322,27.0124
LVA,Letônia,Q64909643,http://www.wikidata.org/entity/Q2615041,0,10,,55.9157,26.3373
LVA,Letônia,Q64909641,http://www.wikidata.org/entity/Q4405531,0,32,,56.5111,27.1726
LVA,Letônia,Q64909646,http://www.wikidata.org/entity/Q2340209,0,0,,56.0107,26.7337
LVA,Letônia,Q64909645,http://www.wikidata.org/entity/Q4290789,0,12,,56.6829,27.7229
LVA,Letônia,Q64909650,http://www.wikidata.org/entity/Q2615041,0,8,,55.9222,26.3275
LVA,Letônia,Q64909654,http://www.wikidata.org/entity/Q4992774,0,0,,57.1752,27.1066
LVA,Letônia,Q64909652,http://www.wikidata.org/entity/Q4993629,0,16,,56.6769,27.7329
LVA,Letônia,Q64909653,http://www.wikidata.org/entity/Q4992774,0,30,,57.1765,27.1044
LVA,Letônia,Q64909658,http://www.wikidata.org/entity/Q2987076,0,3,,55.8297,26.4829
LVA,Letônia,Q64909727,http://www.wikidata.org/entity/Q5121934,0,4,,56.5164,27.6522
LVA,Letônia,Q64909731,http://www.wikidata.org/entity/Q4513320,0,3,,56.4432,27.3244
LVA,Letônia,Q64909728,http://www.wikidata.org/entity/Q3801462,0,5,,56.1971,26.2112
LVA,Letônia,Q64909734,http://www.wikidata.org/entity/Q2361089,0,9,,55.9966,27.2644
LVA,Letônia,Q64909738,http://www.wikidata.org/entity/Q3801137,0,1,,56.4279,26.4887
LVA,Letônia,Q64909737,http://www.wikidata.org/entity/Q10951083,0,8,,56.3628,26.2551
LVA,Letônia,Q64909742,http://www.wikidata.org/entity/Q12332326,0,22,,56.3124,26.6936
LVA,Letônia,Q64909740,http://www.wikidata.org/entity/Q4405531,0,10,,56.5359,27.1653
LVA,Letônia,Q64909741,http://www.wikidata.org/entity/Q4321687,0,45,,56.1119,26.3515
LVA,Letônia,Q64909747,http://www.wikidata.org/entity/Q2361089,0,2,,55.9921,27.2513
LVA,Letônia,Q64909745,http://www.wikidata.org/entity/Q4419443,0,57,,56.534,26.7589
LVA,Letônia,Q64909755,http://www.wikidata.org/entity/Q10970334,0,9,,56.4326,26.2253
LVA,Letônia,Q64909753,http://www.wikidata.org/entity/Q2340209,0,9,,55.9769,26.6229
LVA,Letônia,Q64909766,http://www.wikidata.org/entity/Q4394501,0,50,,56.3025,26.7387
LVA,Letônia,Q64909767,http://www.wikidata.org/entity/Q3801637,0,68,,56.6379,25.3868
LVA,Letônia,Q64909768,http://www.wikidata.org/entity/Q10951083,0,4,,56.3655,26.3374
LVA,Letônia,Q64909769,http://www.wikidata.org/entity/Q4419443,0,37,,56.5192,26.7687
LVA,Letônia,Q64909775,http://www.wikidata.org/entity/Q4332236,0,40,,56.5308,27.2762
LVA,Letônia,Q64909778,http://www.wikidata.org/entity/Q4210261,0,10,,55.9072,27.2981
LVA,Letônia,Q64909779,http://www.wikidata.org/entity/Q2340266,0,6,,56.0491,26.4552
LVA,Letônia,Q64909777,http://www.wikidata.org/entity/Q3801676,0,6,,57.2785,26.4437
LVA,Letônia,Q64912938,http://www.wikidata.org/entity/Q2340266,0,4,,55.9864,26.4769
LVA,Letônia,Q64912949,http://www.wikidata.org/entity/Q2340152,0,1,,55.8354,26.7195
LVA,Letônia,Q64912953,http://www.wikidata.org/entity/Q2615041,0,6,,55.8859,26.325
LVA,Letônia,Q64912960,http://www.wikidata.org/entity/Q4210261,0,4,,55.9083,27.3831
LVA,Letônia,Q64912968,http://www.wikidata.org/entity/Q4993629,0,4,,56.6412,27.6541
LVA,Letônia,Q64912974,http://www.wikidata.org/entity/Q3801137,0,1,,56.4344,26.5045
LVA,Letônia,Q64913011,http://www.wikidata.org/entity/Q3801209,0,4,,56.592,27.3354
LVA,Letônia,Q64913008,http://www.wikidata.org/entity/Q2615041,0,13,,55.8936,26.304
LVA,Letônia,Q64913018,http://www.wikidata.org/entity/Q4993629,0,5,,56.6162,27.7385
LVA,Letônia,Q64913021,http://www.wikidata.org/entity/Q4290789,0,1,,56.669,27.6792
LVA,Letônia,Q64913036,http://www.wikidata.org/entity/Q4332229,0,28,,56.4156,27.2525
LVA,Letônia,Q64913051,http://www.wikidata.org/entity/Q7108488,0,39,,56.3648,21.078
LVA,Letônia,Q64913057,http://www.wikidata.org/entity/Q4149939,0,45,,56.4735,27.3517
LVA,Letônia,Q64913062,http://www.wikidata.org/entity/Q4993629,0,5,,56.64,27.7688
LVA,Letônia,Q64913075,http://www.wikidata.org/entity/Q4513320,0,13,,56.4098,27.424
LVA,Letônia,Q64913085,http://www.wikidata.org/entity/Q12332326,0,5,,56.258,26.7427
LVA,Letônia,Q64913105,http://www.wikidata.org/entity/Q3800864,0,2,,56.6132,27.2507
LVA,Letônia,Q64913115,http://www.wikidata.org/entity/Q2340266,0,8,,56.0185,26.5094
LVA,Letônia,Q64913119,http://www.wikidata.org/entity/Q3800864,0,3,,56.6301,27.2619
LVA,Letônia,Q64913117,http://www.wikidata.org/entity/Q10951083,0,18,,56.3696,26.3453
LVA,Letônia,Q64913130,http://www.wikidata.org/entity/Q4149939,0,7,,56.4942,27.4715
LVA,Letônia,Q64913135,http://www.wikidata.org/entity/Q4513320,0,3,,56.4312,27.4021
LVA,Letônia,Q64913137,http://www.wikidata.org/entity/Q4321687,0,9,,56.1597,26.3351
LVA,Letônia,Q64913158,http://www.wikidata.org/entity/Q4419443,0,22,,56.5366,26.6632
LVA,Letônia,Q64913159,http://www.wikidata.org/entity/Q4992967,0,18,,56.5591,27.7598
LVA,Letônia,Q64913339,http://www.wikidata.org/entity/Q2361089,0,8,,56.0,27.1851
LVA,Letônia,Q64913358,http://www.wikidata.org/entity/Q6711654,0,16,,56.7758,24.942
LVA,Letônia,Q64913359,http://www.wikidata.org/entity/Q10951083,0,6,,56.3856,26.424
LVA,Letônia,Q64913384,http://www.wikidata.org/entity/Q3801637,0,25,,56.6789,25.5436
LVA,Letônia,Q64913390,http://www.wikidata.org/entity/Q4419443,0,26,,56.4912,26.6883
LVA,Letônia,Q64913388,http://www.wikidata.org/entity/Q12332326,0,10,,56.3089,26.6271
LVA,Letônia,Q64913392,http://www.wikidata.org/entity/Q2615041,0,22,,55.925,26.4208
LVA,Letônia,Q64913406,http://www.wikidata.org/entity/Q4992967,0,4,,56.5343,27.8072
LVA,Letônia,Q64913425,http://www.wikidata.org/entity/Q4469557,0,0,,55.8884,27.033
LVA,Letônia,Q64913428,http://www.wikidata.org/entity/Q4469557,0,15,,55.9061,27.0611
LVA,Letônia,Q64914182,http://www.wikidata.org/entity/Q4410575,0,30,,56.551667,23.611111
LVA,Letônia,Q64914180,http://www.wikidata.org/entity/Q4410575,0,30,,56.529444,23.567222
LVA,Letônia,Q64914186,http://www.wikidata.org/entity/Q4102725,0,64,,56.81,23.623056
LVA,Letônia,Q64914187,http://www.wikidata.org/entity/Q4102725,0,17,,56.806111,23.608333
LVA,Letônia,Q64914191,http://www.wikidata.org/entity/Q4102725,0,8,,56.765,23.65
LVA,Letônia,Q76791443,http://www.wikidata.org/entity/Q4992610,0,11,,57.025833333333,25.745833333333
LVA,Letônia,Q97727895,http://www.wikidata.org/entity/Q7667013,0,65,,57.008611111111,23.180277777778
LVA,Letônia,Q25707129,http://www.wikidata.org/entity/Q2606984,0,11,,57.40805556,27.23694444
LVA,Letônia,Q27477524,http://www.wikidata.org/entity/Q2607006,0,24,,57.511944444444,27.371944444444
LVA,Letônia,Q27662726,http://www.wikidata.org/entity/Q2607006,0,3,,57.52388889,27.54694444
LVA,Letônia,Q27662733,http://www.wikidata.org/entity/Q2607006,0,12,,57.51888889,27.47027778
LVA,Letônia,Q27695595,http://www.wikidata.org/entity/Q2607006,0,3,,57.49472222,27.33861111
LVA,Letônia,Q27695592,http://www.wikidata.org/entity/Q2607006,0,45,,57.46777778,27.49222222
LVA,Letônia,Q27695593,http://www.wikidata.org/entity/Q2607006,0,3,,57.49166667,27.45
LVA,Letônia,Q27695597,http://www.wikidata.org/entity/Q2607006,0,15,,57.51694444,27.44083333
LVA,Letônia,Q33062146,http://www.wikidata.org/entity/Q3801245,0,2,,56.85,27.20027778
LVA,Letônia,Q33062153,http://www.wikidata.org/entity/Q3801245,0,9,,56.85666667,27.19027778
LVA,Letônia,Q33062161,http://www.wikidata.org/entity/Q603324,0,2,,56.85333333,27.21277778
LVA,Letônia,Q33062169,http://www.wikidata.org/entity/Q3801245,0,18,,56.84138889,27.17472222
LVA,Letônia,Q50301524,http://www.wikidata.org/entity/Q3801109,0,9,,56.8375,27.38805556
LVA,Letônia,Q50380274,http://www.wikidata.org/entity/Q4413950,0,24,,56.51361111,25.64555556
LVA,Letônia,Q50380275,http://www.wikidata.org/entity/Q4413950,0,42,,56.57,25.69638889
LVA,Letônia,Q50380278,http://www.wikidata.org/entity/Q4413950,0,8,,56.50888889,25.59361111
LVA,Letônia,Q50380276,http://www.wikidata.org/entity/Q4413950,0,24,,56.53861111,25.7175
LVA,Letônia,Q50380277,http://www.wikidata.org/entity/Q4413950,0,10,,56.54777778,25.68861111
LVA,Letônia,Q50384274,http://www.wikidata.org/entity/Q4413950,0,10,,56.52527778,25.58833333
LVA,Letônia,Q50384272,http://www.wikidata.org/entity/Q4413950,0,12,,56.53527778,25.64861111
LVA,Letônia,Q50384276,http://www.wikidata.org/entity/Q4413950,0,10,,56.57833333,25.66888889
LVA,Letônia,Q50384283,http://www.wikidata.org/entity/Q4413950,0,9,,56.56166667,25.66027778
LVA,Letônia,Q50384281,http://www.wikidata.org/entity/Q4413950,0,30,,56.56694444,25.61972222
LVA,Letônia,Q50384286,http://www.wikidata.org/entity/Q4413950,0,11,,56.59777778,25.6975
LVA,Letônia,Q50384289,http://www.wikidata.org/entity/Q4413950,0,7,,56.52055556,25.58277778
LVA,Letônia,Q50384294,http://www.wikidata.org/entity/Q4413950,0,20,,56.59555556,25.68972222
LVA,Letônia,Q50384292,http://www.wikidata.org/entity/Q4413950,0,14,,56.53333333,25.61805556
LVA,Letônia,Q50384299,http://www.wikidata.org/entity/Q4413950,0,10,,56.60388889,25.7075
LVA,Letônia,Q50384296,http://www.wikidata.org/entity/Q4413950,0,6,,56.46333333,25.6275
LVA,Letônia,Q50384303,http://www.wikidata.org/entity/Q4413950,0,10,,56.48111111,25.61055556
LVA,Letônia,Q50392317,http://www.wikidata.org/entity/Q2605157,0,1,,56.59055556,25.35777778
LVA,Letônia,Q50403031,http://www.wikidata.org/entity/Q4185182,0,54,,56.48138889,23.56861111
LVA,Letônia,Q50403180,http://www.wikidata.org/entity/Q4364707,0,11,,56.48972222,23.67166667
LVA,Letônia,Q50403413,http://www.wikidata.org/entity/Q4539649,0,90,,56.50166667,23.93638889
LVA,Letônia,Q50403421,http://www.wikidata.org/entity/Q4539649,0,134,,56.60388889,23.89055556
LVA,Letônia,Q51261569,http://www.wikidata.org/entity/Q4237879,0,31,,55.90972222,27.19777778
LVA,Letônia,Q51261897,http://www.wikidata.org/entity/Q2361027,0,1,,55.81055556,27.39555556
LVA,Letônia,Q51263095,http://www.wikidata.org/entity/Q4421441,0,0,,55.965,27.29333333
LVA,Letônia,Q51263300,http://www.wikidata.org/entity/Q4421441,0,4,,55.97138889,27.32638889
LVA,Letônia,Q51263485,http://www.wikidata.org/entity/Q4421441,0,5,,55.98138889,27.37777778
LVA,Letônia,Q51263909,http://www.wikidata.org/entity/Q4421441,0,13,,55.97638889,27.38055556
LVA,Letônia,Q51266050,http://www.wikidata.org/entity/Q4469557,0,16,,55.87138889,26.98166667
LVA,Letônia,Q64905086,http://www.wikidata.org/entity/Q2361064,0,6,,55.9614,27.594
LVA,Letônia,Q64905084,http://www.wikidata.org/entity/Q4278495,0,9,,56.3055,27.1375
LVA,Letônia,Q64905085,http://www.wikidata.org/entity/Q3801137,0,5,,56.4263,26.3703
LVA,Letônia,Q64905126,http://www.wikidata.org/entity/Q4419443,0,24,,56.5275,26.6436
LVA,Letônia,Q64905127,http://www.wikidata.org/entity/Q2361078,0,29,,56.0494,27.4789
LVA,Letônia,Q64905128,http://www.wikidata.org/entity/Q4419443,0,11,,56.5159,26.7465
LVA,Letônia,Q64906562,http://www.wikidata.org/entity/Q4072422,0,16,,56.0262,27.2379
LVA,Letônia,Q64906564,http://www.wikidata.org/entity/Q2361089,0,4,,56.0193,27.2395
LVA,Letônia,Q64906565,http://www.wikidata.org/entity/Q7427430,0,3,,56.401,26.608
LVA,Letônia,Q64906582,http://www.wikidata.org/entity/Q4419275,0,6,,56.3915,27.1486
LVA,Letônia,Q64906581,http://www.wikidata.org/entity/Q4332229,0,11,,56.4038,27.1961
LVA,Letônia,Q64907071,http://www.wikidata.org/entity/Q2615101,0,30,,55.8377,26.5309
LVA,Letônia,Q64907073,http://www.wikidata.org/entity/Q7285180,0,12,,57.3233,25.0962
LVA,Letônia,Q64907077,http://www.wikidata.org/entity/Q4419275,0,10,,56.369,27.1521
LVA,Letônia,Q64907205,http://www.wikidata.org/entity/Q3801020,0,55,,56.3321,26.1949
LVA,Letônia,Q64907298,http://www.wikidata.org/entity/Q4321687,0,6,,56.1626,26.3809
LVA,Letônia,Q64907300,http://www.wikidata.org/entity/Q4405531,0,12,,56.4996,27.1368
LVA,Letônia,Q64907306,http://www.wikidata.org/entity/Q2340209,0,22,,55.9794,26.5985
LVA,Letônia,Q64907310,http://www.wikidata.org/entity/Q4191020,0,13,,56.908,22.8173
LVA,Letônia,Q64907315,http://www.wikidata.org/entity/Q10951083,0,12,,56.3041,26.3249
LVA,Letônia,Q64907313,http://www.wikidata.org/entity/Q110446086,0,13,,56.9597,24.5576
LVA,Letônia,Q64907317,http://www.wikidata.org/entity/Q2986692,0,35,,55.7628,26.5209
LVA,Letônia,Q64907322,http://www.wikidata.org/entity/Q7427430,0,11,,56.3639,26.5676
LVA,Letônia,Q64907321,http://www.wikidata.org/entity/Q4419443,0,14,,56.5331,26.6524
LVA,Letônia,Q64907338,http://www.wikidata.org/entity/Q12332326,0,114,,56.27,26.7166
LVA,Letônia,Q64907341,http://www.wikidata.org/entity/Q4332236,0,95,,56.4916,27.2463
LVA,Letônia,Q64907541,http://www.wikidata.org/entity/Q4992967,0,1,,56.5531,27.7673
LVA,Letônia,Q64907544,http://www.wikidata.org/entity/Q2615106,0,6,,55.7213,26.3859
LVA,Letônia,Q64907548,http://www.wikidata.org/entity/Q4332229,0,39,,56.4447,27.2358
LVA,Letônia,Q64907558,http://www.wikidata.org/entity/Q4401369,0,14,,56.2683,26.8129
LVA,Letônia,Q64907556,http://www.wikidata.org/entity/Q3801462,0,9,,56.1742,26.2943
LVA,Letônia,Q64907682,http://www.wikidata.org/entity/Q10951083,0,17,,56.3251,26.3898
LVA,Letônia,Q64907681,http://www.wikidata.org/entity/Q4419443,0,18,,56.5141,26.6182
LVA,Letônia,Q64907685,http://www.wikidata.org/entity/Q4513320,0,2,,56.4219,27.3593
LVA,Letônia,Q64907694,http://www.wikidata.org/entity/Q3801557,0,9,,56.3191,26.5798
LVA,Letônia,Q64907698,http://www.wikidata.org/entity/Q12305629,0,17,,57.0537,26.2435
LVA,Letônia,Q64907760,http://www.wikidata.org/entity/Q4513320,0,3,,56.418,27.4379
LVA,Letônia,Q64907765,http://www.wikidata.org/entity/Q4992967,0,2,,56.5634,27.8238
LVA,Letônia,Q64907772,http://www.wikidata.org/entity/Q4332229,0,43,,56.4601,27.2956
LVA,Letônia,Q64907776,http://www.wikidata.org/entity/Q10951083,0,10,,56.4006,26.4357
LVA,Letônia,Q64907792,http://www.wikidata.org/entity/Q10970334,0,1,,56.5022,26.3018
LVA,Letônia,Q97232656,http://www.wikidata.org/entity/Q3801547,0,85,,57.5588,24.5874
LVA,Letônia,Q97233445,http://www.wikidata.org/entity/Q3800958,0,34,,57.7566,25.5558
LVA,Letônia,Q99501365,http://www.wikidata.org/entity/Q7124015,0,10,,57.023611111111,21.941944444444
LVA,Letônia,Q100152259,http://www.wikidata.org/entity/Q7855569,0,14,,56.841944444444,21.776111111111
LVA,Letônia,Q104054885,http://www.wikidata.org/entity/Q3801642,0,0,,56.908333333333,25.585
LVA,Letônia,Q64907799,http://www.wikidata.org/entity/Q4191020,0,19,,56.9278,22.8251
LVA,Letônia,Q64907818,http://www.wikidata.org/entity/Q7427430,0,2,,56.3826,26.681
LVA,Letônia,Q64907820,http://www.wikidata.org/entity/Q2340111,0,1,,56.0188,26.397
LVA,Letônia,Q64907854,http://www.wikidata.org/entity/Q2615106,0,2,,55.7676,26.4067
LVA,Letônia,Q64907855,http://www.wikidata.org/entity/Q3801557,0,2,,56.3166,26.5044
LVA,Letônia,Q64907858,http://www.wikidata.org/entity/Q2340266,0,27,,56.0014,26.4561
LVA,Letônia,Q64907859,http://www.wikidata.org/entity/Q2340111,0,12,,55.9979,26.4512
LVA,Letônia,Q64907863,http://www.wikidata.org/entity/Q3800864,0,15,,56.5638,27.2204
LVA,Letônia,Q64907864,http://www.wikidata.org/entity/Q4992967,0,1,,56.5451,27.8076
LVA,Letônia,Q64907868,http://www.wikidata.org/entity/Q10951083,0,10,,56.3187,26.3286
LVA,Letônia,Q64907872,http://www.wikidata.org/entity/Q4513320,0,5,,56.4209,27.4215
LVA,Letônia,Q64907879,http://www.wikidata.org/entity/Q2340266,0,18,,56.0278,26.509
LVA,Letônia,Q64907889,http://www.wikidata.org/entity/Q4394501,0,15,,56.3322,26.6953
LVA,Letônia,Q64907895,http://www.wikidata.org/entity/Q3801715,0,32,,57.185,26.3431
LVA,Letônia,Q64907911,http://www.wikidata.org/entity/Q4405531,0,19,,56.5063,27.1554
LVA,Letônia,Q64907908,http://www.wikidata.org/entity/Q10970334,0,6,,56.4159,26.2259
LVA,Letônia,Q64907914,http://www.wikidata.org/entity/Q4513320,0,1,,56.4485,27.3447
LVA,Letônia,Q64907919,http://www.wikidata.org/entity/Q7427430,0,27,,56.4041,26.6941
LVA,Letônia,Q64907917,http://www.wikidata.org/entity/Q13638499,0,2,,56.4949,27.7782
LVA,Letônia,Q64907932,http://www.wikidata.org/entity/Q3800981,0,15,,56.5354,27.8919
LVA,Letônia,Q64907955,http://www.wikidata.org/entity/Q2340111,0,47,,55.9189,26.4383
LVA,Letônia,Q64907952,http://www.wikidata.org/entity/Q3801575,0,7,,55.9894,26.2928
LVA,Letônia,Q64907970,http://www.wikidata.org/entity/Q2340245,0,11,,56.0157,26.7839
LVA,Letônia,Q64907975,http://www.wikidata.org/entity/Q10951083,0,2,,56.3876,26.4196
LVA,Letônia,Q64907981,http://www.wikidata.org/entity/Q4394501,0,14,,56.3268,26.7809
LVA,Letônia,Q64908227,http://www.wikidata.org/entity/Q2986692,0,0,,55.7302,26.4846
LVA,Letônia,Q64908235,http://www.wikidata.org/entity/Q3801650,0,1,,56.3415,27.7082
LVA,Letônia,Q64908242,http://www.wikidata.org/entity/Q4513320,0,9,,56.4351,27.4439
LVA,Letônia,Q64908240,http://www.wikidata.org/entity/Q2615106,0,5,,55.7105,26.45
LVA,Letônia,Q64908338,http://www.wikidata.org/entity/Q2340152,0,9,,55.8585,26.5784
LVA,Letônia,Q64908342,http://www.wikidata.org/entity/Q3801594,0,2,,56.5472,26.2489
LVA,Letônia,Q64908341,http://www.wikidata.org/entity/Q10951083,0,22,,56.3741,26.2353
LVA,Letônia,Q64908514,http://www.wikidata.org/entity/Q12332326,0,18,,56.2493,26.763
LVA,Letônia,Q64908515,http://www.wikidata.org/entity/Q2340266,0,17,,56.0574,26.4401
LVA,Letônia,Q64908519,http://www.wikidata.org/entity/Q3307424,0,0,,56.7154,26.3377
LVA,Letônia,Q64908516,http://www.wikidata.org/entity/Q4198368,0,14,,55.9541,26.9829
LVA,Letônia,Q64908522,http://www.wikidata.org/entity/Q4992815,0,5,,56.822,22.5456
LVA,Letônia,Q64908523,http://www.wikidata.org/entity/Q7622321,0,39,,57.309166666667,24.969166666667
LVA,Letônia,Q64908520,http://www.wikidata.org/entity/Q10951083,0,19,,56.3545,26.2514
LVA,Letônia,Q64908526,http://www.wikidata.org/entity/Q2340111,0,38,,55.9167,26.4833
LVA,Letônia,Q64908527,http://www.wikidata.org/entity/Q2987076,0,18,,55.8964,26.4209
LVA,Letônia,Q64908524,http://www.wikidata.org/entity/Q4321687,0,10,,56.1146,26.3661
LVA,Letônia,Q64908530,http://www.wikidata.org/entity/Q2340152,0,5,,55.85,26.7464
LVA,Letônia,Q64908531,http://www.wikidata.org/entity/Q4149939,0,16,,56.4976,27.4038
LVA,Letônia,Q64908529,http://www.wikidata.org/entity/Q3801129,0,8,,56.3512,26.1069
LVA,Letônia,Q64908534,http://www.wikidata.org/entity/Q4513320,0,4,,56.4186,27.3302
LVA,Letônia,Q64908532,http://www.wikidata.org/entity/Q3801637,0,58,,56.6163,25.3323
LVA,Letônia,Q64908533,http://www.wikidata.org/entity/Q3801557,0,39,,56.2996,26.5692
LVA,Letônia,Q64908537,http://www.wikidata.org/entity/Q4419275,0,9,,56.4146,27.1296
LVA,Letônia,Q64908717,http://www.wikidata.org/entity/Q12332326,0,12,,56.28,26.6996
LVA,Letônia,Q64908722,http://www.wikidata.org/entity/Q2615046,0,7,,55.9417,26.7796
LVA,Letônia,Q64908723,http://www.wikidata.org/entity/Q3801656,0,9,,56.4109,27.6569
LVA,Letônia,Q64908720,http://www.wikidata.org/entity/Q3800864,0,12,,56.5644,27.206
LVA,Letônia,Q64908721,http://www.wikidata.org/entity/Q2340209,0,80,,55.972,26.6994
LVA,Letônia,Q64908725,http://www.wikidata.org/entity/Q4237879,0,54,,55.907,27.2137
LVA,Letônia,Q64908730,http://www.wikidata.org/entity/Q4469557,0,2,,55.9038,27.0121
LVA,Letônia,Q64908731,http://www.wikidata.org/entity/Q4394501,0,11,,56.3237,26.7027
LVA,Letônia,Q64908728,http://www.wikidata.org/entity/Q4198368,0,7,,55.9357,27.004
LVA,Letônia,Q64908729,http://www.wikidata.org/entity/Q12332326,0,2,,56.2553,26.7805
LVA,Letônia,Q64908734,http://www.wikidata.org/entity/Q12332326,0,9,,56.3207,26.6408
LVA,Letônia,Q64908739,http://www.wikidata.org/entity/Q4198368,0,8,,55.9674,27.0416
LVA,Letônia,Q64908736,http://www.wikidata.org/entity/Q2340266,0,19,,56.0069,26.4881
LVA,Letônia,Q64908742,http://www.wikidata.org/entity/Q4992967,0,14,,56.5443,27.8197
LVA,Letônia,Q64908743,http://www.wikidata.org/entity/Q2361089,0,11,,55.999,27.2308
LVA,Letônia,Q64908740,http://www.wikidata.org/entity/Q4198368,0,6,,55.9305,27.0265
LVA,Letônia,Q64908744,http://www.wikidata.org/entity/Q4198368,0,9,,55.9499,27.0012
LVA,Letônia,Q64908820,http://www.wikidata.org/entity/Q3801137,0,3,,56.4755,26.4505
LVA,Letônia,Q64908821,http://www.wikidata.org/entity/Q4993629,0,3,,56.6802,27.7481
LVA,Letônia,Q64908824,http://www.wikidata.org/entity/Q2987076,0,48,,55.8314,26.4915
LVA,Letônia,Q64908830,http://www.wikidata.org/entity/Q4237879,0,13,,55.9404,27.2755
LVA,Letônia,Q64908839,http://www.wikidata.org/entity/Q4405531,0,8,,56.5161,27.1319
LVA,Letônia,Q64908836,http://www.wikidata.org/entity/Q4149939,0,18,,56.4966,27.4147
LVA,Letônia,Q64908847,http://www.wikidata.org/entity/Q4290789,0,1,,56.6641,27.6479
LVA,Letônia,Q64908844,http://www.wikidata.org/entity/Q4992967,0,4,,56.582,27.7978
LVA,Letônia,Q64908849,http://www.wikidata.org/entity/Q4513320,0,8,,56.3934,27.4043
LVA,Letônia,Q64908855,http://www.wikidata.org/entity/Q6711654,0,67,,56.7443,25.0472
LVA,Letônia,Q64908852,http://www.wikidata.org/entity/Q3800864,0,16,,56.6121,27.2005
LVA,Letônia,Q64908858,http://www.wikidata.org/entity/Q2340111,0,38,,56.0455,26.3802
LVA,Letônia,Q64909114,http://www.wikidata.org/entity/Q4993629,0,1,,56.6691,27.7481
LVA,Letônia,Q64909112,http://www.wikidata.org/entity/Q4419443,0,4,,56.5279,26.6329
LVA,Letônia,Q64909113,http://www.wikidata.org/entity/Q2987076,0,24,,55.8385,26.4215
LVA,Letônia,Q64909123,http://www.wikidata.org/entity/Q3801650,0,0,,56.3407,27.7407
LVA,Letônia,Q64909127,http://www.wikidata.org/entity/Q4394501,0,2,,56.2954,26.7957
LVA,Letônia,Q64909124,http://www.wikidata.org/entity/Q4992967,0,3,,56.5901,27.6925
LVA,Letônia,Q64909134,http://www.wikidata.org/entity/Q10951083,0,21,,56.3483,26.252
LVA,Letônia,Q64909278,http://www.wikidata.org/entity/Q4992774,0,3,,57.1321,27.1495
LVA,Letônia,Q64909280,http://www.wikidata.org/entity/Q10951083,0,15,,56.3425,26.2826
LVA,Letônia,Q64909336,http://www.wikidata.org/entity/Q4268331,0,22,,56.3799,27.1917
LVA,Letônia,Q64909342,http://www.wikidata.org/entity/Q4199242,0,18,,56.6277,27.3071
LVA,Letônia,Q64909347,http://www.wikidata.org/entity/Q3801650,0,0,,56.357,27.7118
LVA,Letônia,Q64909353,http://www.wikidata.org/entity/Q3801462,0,9,,56.2677,26.1888
LVA,Letônia,Q64909356,http://www.wikidata.org/entity/Q4513320,0,16,,56.4248,27.3489
LVA,Letônia,Q64909357,http://www.wikidata.org/entity/Q5121934,0,33,,56.5307,27.6789
LVA,Letônia,Q64909366,http://www.wikidata.org/entity/Q10951083,0,6,,56.3476,26.3957
LVA,Letônia,Q64909364,http://www.wikidata.org/entity/Q4992967,0,2,,56.593,27.7398
LVA,Letônia,Q64909369,http://www.wikidata.org/entity/Q7359909,0,28,,57.584,22.6318
LVA,Letônia,Q64909373,http://www.wikidata.org/entity/Q3801557,0,1,,56.2688,26.563
LVA,Letônia,Q64909378,http://www.wikidata.org/entity/Q4332236,0,0,,56.5134,27.2846
LVA,Letônia,Q64909382,http://www.wikidata.org/entity/Q3801557,0,23,,56.291,26.4751
LVA,Letônia,Q64909380,http://www.wikidata.org/entity/Q4149939,0,2,,56.4882,27.3825
LVA,Letônia,Q64909381,http://www.wikidata.org/entity/Q2615106,0,6,,55.7507,26.448
LVA,Letônia,Q64909392,http://www.wikidata.org/entity/Q3192261,0,4,,56.7608,25.8746
LVA,Letônia,Q64909398,http://www.wikidata.org/entity/Q4321687,0,10,,56.1208,26.3469
LVA,Letônia,Q64909399,http://www.wikidata.org/entity/Q2615046,0,4,,55.916,26.8054
LVA,Letônia,Q64909403,http://www.wikidata.org/entity/Q3801637,0,52,,56.69,25.3921
LVA,Letônia,Q64909400,http://www.wikidata.org/entity/Q4332236,0,54,,56.4973,27.287
LVA,Letônia,Q64909407,http://www.wikidata.org/entity/Q3801557,0,19,,56.292,26.4647
LVA,Letônia,Q64909411,http://www.wikidata.org/entity/Q7427430,0,8,,56.3722,26.5783
LVA,Letônia,Q64909408,http://www.wikidata.org/entity/Q13638499,0,13,,56.5056,27.7398
LVA,Letônia,Q64909415,http://www.wikidata.org/entity/Q3801462,0,4,,56.2087,26.239
LVA,Letônia,Q64909413,http://www.wikidata.org/entity/Q4992967,0,11,,56.5782,27.8291
LVA,Letônia,Q64909418,http://www.wikidata.org/entity/Q4992801,0,20,,57.209941666667,25.423563888889
LVA,Letônia,Q64909419,http://www.wikidata.org/entity/Q3801237,0,2,,56.2166,26.0039
LVA,Letônia,Q64909416,http://www.wikidata.org/entity/Q4978851,0,5,,56.3213,24.5305
LVA,Letônia,Q64909417,http://www.wikidata.org/entity/Q3307424,0,3,,56.599,26.3146
LVA,Letônia,Q64909450,http://www.wikidata.org/entity/Q4321687,0,11,,56.1206,26.4306
LVA,Letônia,Q64909495,http://www.wikidata.org/entity/Q4332229,0,11,,56.4368,27.2909
LVA,Letônia,Q64909499,http://www.wikidata.org/entity/Q3801137,0,15,,56.4388,26.4297
LVA,Letônia,Q64909496,http://www.wikidata.org/entity/Q3801650,0,3,,56.3067,27.7622
LVA,Letônia,Q64909501,http://www.wikidata.org/entity/Q4992967,0,3,,56.5968,27.6778
LVA,Letônia,Q64909527,http://www.wikidata.org/entity/Q10951083,0,19,,56.369,26.3846
LVA,Letônia,Q64909529,http://www.wikidata.org/entity/Q3801462,0,9,,56.1962,26.1836
LVA,Letônia,Q64909534,http://www.wikidata.org/entity/Q10951083,0,37,,56.3246,26.3485
LVA,Letônia,Q64909533,http://www.wikidata.org/entity/Q3801306,0,2,,56.7019,25.7156
LVA,Letônia,Q64909542,http://www.wikidata.org/entity/Q3801701,0,11,,56.4807,27.6594
LVA,Letônia,Q64909540,http://www.wikidata.org/entity/Q3801656,0,9,,56.4196,27.6693
LVA,Letônia,Q64909547,http://www.wikidata.org/entity/Q10970334,0,6,,56.4315,26.1733
LVA,Letônia,Q64909545,http://www.wikidata.org/entity/Q3801462,0,13,,56.1586,26.3025
LVA,Letônia,Q64909550,http://www.wikidata.org/entity/Q3800949,0,62,,57.8228,25.1584
LVA,Letônia,Q64909549,http://www.wikidata.org/entity/Q4992967,0,6,,56.5809,27.7544
LVA,Letônia,Q64909554,http://www.wikidata.org/entity/Q4258011,0,7,,56.5388,27.4781
LVA,Letônia,Q64909555,http://www.wikidata.org/entity/Q4149939,0,13,,56.534,27.4758
LVA,Letônia,Q64909553,http://www.wikidata.org/entity/Q2615046,0,9,,55.9232,26.7849
LVA,Letônia,Q64909562,http://www.wikidata.org/entity/Q4469557,0,33,,55.9207,27.1334
LVA,Letônia,Q64909560,http://www.wikidata.org/entity/Q3801617,0,10,,57.1909,26.19
LVA,Letônia,Q64909561,http://www.wikidata.org/entity/Q4321687,0,10,,56.1706,26.3431
LVA,Letônia,Q64909743,http://www.wikidata.org/entity/Q3801557,0,4,,56.2922,26.5004
LVA,Letônia,Q64912961,http://www.wikidata.org/entity/Q4290789,0,31,,56.6877,27.7625
LVA,Letônia,Q64913220,http://www.wikidata.org/entity/Q3801557,0,28,,56.2861,26.5006
LVA,Letônia,Q64913225,http://www.wikidata.org/entity/Q2615041,0,16,,55.9135,26.2895
LVA,Letônia,Q64913236,http://www.wikidata.org/entity/Q4992774,0,14,,57.1916,27.1949
LVA,Letônia,Q64913241,http://www.wikidata.org/entity/Q6711654,0,25,,56.8006,24.9388
LVA,Letônia,Q64913253,http://www.wikidata.org/entity/Q6711654,0,23,,56.7776,25.0534
LVA,Letônia,Q64913262,http://www.wikidata.org/entity/Q4421441,0,18,,55.9837,27.3631
LVA,Letônia,Q64913278,http://www.wikidata.org/entity/Q3800981,0,5,,56.5361,27.9155
LVA,Letônia,Q64913277,http://www.wikidata.org/entity/Q3801701,0,15,,56.4681,27.6932
LVA,Letônia,Q64913298,http://www.wikidata.org/entity/Q6711654,0,59,,56.7642,25.0222
LVA,Letônia,Q64913311,http://www.wikidata.org/entity/Q4419275,0,2,,56.4385,27.1383
LVA,Letônia,Q64913308,http://www.wikidata.org/entity/Q4992774,0,18,,57.161,27.1414
LVA,Letônia,Q64913323,http://www.wikidata.org/entity/Q3800981,0,7,,56.5414,27.8668
LVA,Letônia,Q64913321,http://www.wikidata.org/entity/Q4149939,0,2,,56.469,27.4098
LVA,Letônia,Q64913328,http://www.wikidata.org/entity/Q3801300,0,36,,56.7462,25.4952
LVA,Letônia,Q64913490,http://www.wikidata.org/entity/Q4290789,0,9,,56.6951,27.6839
LVA,Letônia,Q64913529,http://www.wikidata.org/entity/Q4469557,0,17,,55.9576,27.1489
LVA,Letônia,Q64913539,http://www.wikidata.org/entity/Q13638499,0,2,,56.4792,27.6927
LVA,Letônia,Q64913547,http://www.wikidata.org/entity/Q2361089,0,11,,55.9747,27.2044
LVA,Letônia,Q64913551,http://www.wikidata.org/entity/Q2987076,0,4,,55.8318,26.3816
LVA,Letônia,Q64913561,http://www.wikidata.org/entity/Q2615106,0,26,,55.8086,26.3509
LVA,Letônia,Q64913567,http://www.wikidata.org/entity/Q7622321,0,95,,57.3287,24.98
LVA,Letônia,Q64913571,http://www.wikidata.org/entity/Q110446086,0,42,,56.9249,24.6719
LVA,Letônia,Q64913575,http://www.wikidata.org/entity/Q2340209,0,15,,55.9922,26.5912
LVA,Letônia,Q64913572,http://www.wikidata.org/entity/Q2615041,0,15,,55.8851,26.4069
LVA,Letônia,Q64913577,http://www.wikidata.org/entity/Q10970334,0,15,,56.4495,26.2894
LVA,Letônia,Q64913580,http://www.wikidata.org/entity/Q4421441,0,17,,55.9671,27.4026
LVA,Letônia,Q64913581,http://www.wikidata.org/entity/Q4210261,0,4,,55.9267,27.3589
LVA,Letônia,Q64913594,http://www.wikidata.org/entity/Q2615041,0,21,,55.8659,26.3912
LVA,Letônia,Q64913600,http://www.wikidata.org/entity/Q4469557,0,3,,55.9552,27.1253
LVA,Letônia,Q64913604,http://www.wikidata.org/entity/Q13638499,0,7,,56.4907,27.6864
LVA,Letônia,Q64913611,http://www.wikidata.org/entity/Q3801650,0,7,,56.3356,27.7182
LVA,Letônia,Q64913615,http://www.wikidata.org/entity/Q4992967,0,28,,56.5837,27.7298
LVA,Letônia,Q64913620,http://www.wikidata.org/entity/Q2615101,0,10,,55.7942,26.4884
LVA,Letônia,Q64913627,http://www.wikidata.org/entity/Q3801300,0,16,,56.7334,25.4633
LVA,Letônia,Q64913631,http://www.wikidata.org/entity/Q2361089,0,0,,55.9831,27.2417
LVA,Letônia,Q64913628,http://www.wikidata.org/entity/Q3801137,0,32,,56.4475,26.4208
LVA,Letônia,Q64913633,http://www.wikidata.org/entity/Q148172,0,11,,56.2772,26.0341
LVA,Letônia,Q64913638,http://www.wikidata.org/entity/Q10970334,0,8,,56.481,26.2664
LVA,Letônia,Q64913647,http://www.wikidata.org/entity/Q2340111,0,7,,56.0618,26.3882
LVA,Letônia,Q64913649,http://www.wikidata.org/entity/Q4268331,0,50,,56.3697,27.1876
LVA,Letônia,Q64913654,http://www.wikidata.org/entity/Q4394501,0,1,,56.3839,26.7037
LVA,Letônia,Q64913652,http://www.wikidata.org/entity/Q3801676,0,8,,57.3418,26.5607
LVA,Letônia,Q64913659,http://www.wikidata.org/entity/Q4421441,0,20,,55.9609,27.3408
LVA,Letônia,Q64913672,http://www.wikidata.org/entity/Q7427430,0,1,,56.4405,26.6085
LVA,Letônia,Q64913677,http://www.wikidata.org/entity/Q12332326,0,2,,56.2955,26.6287
LVA,Letônia,Q64913681,http://www.wikidata.org/entity/Q3801137,0,11,,56.4462,26.5169
LVA,Letônia,Q64913693,http://www.wikidata.org/entity/Q10970334,0,12,,56.5137,26.2848
LVA,Letônia,Q64913701,http://www.wikidata.org/entity/Q3801575,0,5,,56.0152,26.2643
LVA,Letônia,Q64913715,http://www.wikidata.org/entity/Q10951083,0,40,,56.3491,26.3338
LVA,Letônia,Q64913727,http://www.wikidata.org/entity/Q2615046,0,48,,55.9282,26.701
LVA,Letônia,Q64913733,http://www.wikidata.org/entity/Q4321687,0,16,,56.1671,26.3465
LVA,Letônia,Q64913739,http://www.wikidata.org/entity/Q4394501,0,4,,56.3061,26.7276
LVA,Letônia,Q64913741,http://www.wikidata.org/entity/Q4149939,0,96,,56.5037,27.3755
LVA,Letônia,Q64913748,http://www.wikidata.org/entity/Q2615114,0,0,,55.9597,26.8216
LVA,Letônia,Q64913764,http://www.wikidata.org/entity/Q4992967,0,15,,56.5571,27.8047
LVA,Letônia,Q64913774,http://www.wikidata.org/entity/Q3801701,0,2,,56.4591,27.6422
LVA,Letônia,Q64913778,http://www.wikidata.org/entity/Q2361089,0,10,,55.9977,27.1948
LVA,Letônia,Q64913784,http://www.wikidata.org/entity/Q2361089,0,9,,55.9893,27.1897
LVA,Letônia,Q64913791,http://www.wikidata.org/entity/Q2615114,0,9,,55.9714,26.7716
LVA,Letônia,Q64913792,http://www.wikidata.org/entity/Q2615046,0,1,,55.9575,26.7621
LVA,Letônia,Q64913802,http://www.wikidata.org/entity/Q2615114,0,4,,55.9871,26.8092
LVA,Letônia,Q64913808,http://www.wikidata.org/entity/Q3801637,0,5,,56.6844,25.3158
LVA,Letônia,Q64913837,http://www.wikidata.org/entity/Q3801547,0,65,,57.5957,24.5191
LVA,Letônia,Q64913841,http://www.wikidata.org/entity/Q4237879,0,19,,55.9503,27.2964
LVA,Letônia,Q64913845,http://www.wikidata.org/entity/Q3800981,0,4,,56.5625,27.8511
LVA,Letônia,Q64913857,http://www.wikidata.org/entity/Q3800938,0,8,,56.6102,27.7986
LVA,Letônia,Q64913867,http://www.wikidata.org/entity/Q10970334,0,4,,56.4743,26.3392
LVA,Letônia,Q64913946,http://www.wikidata.org/entity/Q13638499,0,5,,56.5084,27.7144
LVA,Letônia,Q64913949,http://www.wikidata.org/entity/Q4199242,0,1,,56.5968,27.2841
LVA,Letônia,Q64913970,http://www.wikidata.org/entity/Q3801462,0,7,,56.208,26.1587
LVA,Letônia,Q64913975,http://www.wikidata.org/entity/Q3801137,0,3,,56.404,26.4192
LVA,Letônia,Q64913972,http://www.wikidata.org/entity/Q4321687,0,23,,56.1381,26.3769
LVA,Letônia,Q64913979,http://www.wikidata.org/entity/Q2340152,0,5,,55.881,26.6536
LVA,Letônia,Q64913976,http://www.wikidata.org/entity/Q2340111,0,3,,56.0143,26.4126
LVA,Letônia,Q64913982,http://www.wikidata.org/entity/Q3801557,0,13,,56.3047,26.5023
LVA,Letônia,Q64913989,http://www.wikidata.org/entity/Q2340209,0,40,,55.9795,26.621
LVA,Letônia,Q64913995,http://www.wikidata.org/entity/Q13638499,0,4,,56.5043,27.8577
LVA,Letônia,Q64914003,http://www.wikidata.org/entity/Q3801701,0,5,,56.491,27.6485
LVA,Letônia,Q64914001,http://www.wikidata.org/entity/Q4513320,0,3,,56.4113,27.4842
LVA,Letônia,Q64914056,http://www.wikidata.org/entity/Q2615106,0,1,,55.7668,26.3987
LVA,Letônia,Q64914071,http://www.wikidata.org/entity/Q4258011,0,20,,56.5761,27.4393
LVA,Letônia,Q64914069,http://www.wikidata.org/entity/Q3800981,0,15,,56.5469,27.901
LVA,Letônia,Q64914072,http://www.wikidata.org/entity/Q4149939,0,18,,56.5193,27.442
LVA,Letônia,Q64914073,http://www.wikidata.org/entity/Q4419275,0,11,,56.4021,27.1768
LVA,Letônia,Q64914079,http://www.wikidata.org/entity/Q4321687,0,9,,56.1364,26.3936
LVA,Letônia,Q64914095,http://www.wikidata.org/entity/Q4992967,0,6,,56.5529,27.8071
LVA,Letônia,Q64914105,http://www.wikidata.org/entity/Q2361089,0,2,,56.0029,27.2127
LVA,Letônia,Q64914108,http://www.wikidata.org/entity/Q4993629,0,6,,56.6685,27.6982
LVA,Letônia,Q64914118,http://www.wikidata.org/entity/Q3801300,0,36,,56.7257,25.4501
LVA,Letônia,Q64914120,http://www.wikidata.org/entity/Q4992967,0,3,,56.5703,27.8363
LVA,Letônia,Q64914126,http://www.wikidata.org/entity/Q4419443,0,1,,56.4609,26.6123
LVA,Letônia,Q64914132,http://www.wikidata.org/entity/Q4394501,0,6,,56.2985,26.7834
LVA,Letônia,Q64914139,http://www.wikidata.org/entity/Q3801637,0,52,,56.6428,25.4542
LVA,Letônia,Q64914142,http://www.wikidata.org/entity/Q4394624,0,5,,56.6134,27.0104
LVA,Letônia,Q64914143,http://www.wikidata.org/entity/Q2361064,0,1,,55.9619,27.5479
LVA,Letônia,Q64914146,http://www.wikidata.org/entity/Q3801701,0,20,,56.4611,27.6674
LVA,Letônia,Q64914153,http://www.wikidata.org/entity/Q4102725,0,27,,56.7675,23.6632
LVA,Letônia,Q64914159,http://www.wikidata.org/entity/Q2361089,0,5,,55.9406,27.2065
LVA,Letônia,Q64914156,http://www.wikidata.org/entity/Q10970334,0,16,,56.4094,26.2088
LVA,Letônia,Q64914157,http://www.wikidata.org/entity/Q4513320,0,11,,56.3906,27.3598
LVA,Letônia,Q64914163,http://www.wikidata.org/entity/Q4513320,0,2,,56.35,27.3796
LVA,Letônia,Q64914166,http://www.wikidata.org/entity/Q3800883,0,19,,56.7917,27.6484
LVA,Letônia,Q64914171,http://www.wikidata.org/entity/Q4417925,0,85,,56.380833,23.816944
LVA,Letônia,Q64914169,http://www.wikidata.org/entity/Q4417925,0,20,,56.441667,23.819444
LVA,Letônia,Q64914172,http://www.wikidata.org/entity/Q4417925,0,90,,56.373056,23.8425
LVA,Letônia,Q64914173,http://www.wikidata.org/entity/Q4417925,0,50,,56.374722,23.813333
LVA,Letônia,Q97231157,http://www.wikidata.org/entity/Q4539648,0,3,,57.111111111111,25.890833333333
LVA,Letônia,Q97231542,http://www.wikidata.org/entity/Q4444299,0,5,,56.695,27.252222222222
LVA,Letônia,Q51266223,http://www.wikidata.org/entity/Q4469557,0,18,,55.92166667,27.05222222
LVA,Letônia,Q51266427,http://www.wikidata.org/entity/Q4469557,0,7,,55.96194444,27.10138889
LVA,Letônia,Q51266667,http://www.wikidata.org/entity/Q4469557,0,37,,55.90277778,26.98944444
LVA,Letônia,Q64905162,http://www.wikidata.org/entity/Q4993633,0,61,,56.2873,24.1876
LVA,Letônia,Q64905163,http://www.wikidata.org/entity/Q4168243,0,22,,56.6547,27.1247
LVA,Letônia,Q64905161,http://www.wikidata.org/entity/Q4066096,0,11,,56.179,27.3606
LVA,Letônia,Q64905190,http://www.wikidata.org/entity/Q2615114,0,5,,55.9973,26.9135
LVA,Letônia,Q64905191,http://www.wikidata.org/entity/Q2615114,0,12,,55.9854,26.9228
LVA,Letônia,Q64905192,http://www.wikidata.org/entity/Q2615114,0,8,,55.9667,26.8142
LVA,Letônia,Q64905219,http://www.wikidata.org/entity/Q3801201,0,6,,56.3124,27.5295
LVA,Letônia,Q64905220,http://www.wikidata.org/entity/Q110446036,0,40,,57.0351,24.9416
LVA,Letônia,Q64905221,http://www.wikidata.org/entity/Q3801020,0,44,,56.3246,26.1836
LVA,Letônia,Q64905242,http://www.wikidata.org/entity/Q4102725,0,11,,56.7242,23.6958
LVA,Letônia,Q64905243,http://www.wikidata.org/entity/Q7908698,0,15,,57.3973,25.3714
LVA,Letônia,Q64905241,http://www.wikidata.org/entity/Q12332326,0,11,,56.2981,26.6566
LVA,Letônia,Q64905271,http://www.wikidata.org/entity/Q4513320,0,3,,56.3568,27.3847
LVA,Letônia,Q64905272,http://www.wikidata.org/entity/Q3801656,0,7,,56.4551,27.7839
LVA,Letônia,Q64906588,http://www.wikidata.org/entity/Q2340209,0,0,,55.9998,26.7087
LVA,Letônia,Q64906589,http://www.wikidata.org/entity/Q12332326,0,7,,56.2758,26.7008
LVA,Letônia,Q64906592,http://www.wikidata.org/entity/Q4405531,0,27,,56.492,27.1473
LVA,Letônia,Q64906620,http://www.wikidata.org/entity/Q2615041,0,1,,55.8715,26.3134
LVA,Letônia,Q64906624,http://www.wikidata.org/entity/Q3801137,0,3,,56.3988,26.5101
LVA,Letônia,Q64906625,http://www.wikidata.org/entity/Q4198368,0,3,,55.9903,27.0997
LVA,Letônia,Q64906630,http://www.wikidata.org/entity/Q2615041,0,4,,55.9131,26.3243
LVA,Letônia,Q64906640,http://www.wikidata.org/entity/Q2340152,0,0,,55.8845,26.7098
LVA,Letônia,Q64906647,http://www.wikidata.org/entity/Q3801701,0,3,,56.4857,27.7159
LVA,Letônia,Q64906649,http://www.wikidata.org/entity/Q3801656,0,0,,56.4867,27.7152
LVA,Letônia,Q64906747,http://www.wikidata.org/entity/Q3801650,0,13,,56.3641,27.7898
LVA,Letônia,Q64906815,http://www.wikidata.org/entity/Q4149939,0,16,,56.4806,27.4049
LVA,Letônia,Q64906818,http://www.wikidata.org/entity/Q3801575,0,12,,55.9682,26.2094
LVA,Letônia,Q64906830,http://www.wikidata.org/entity/Q10951083,0,45,,56.3774,26.2226
LVA,Letônia,Q64906840,http://www.wikidata.org/entity/Q2615041,0,9,,55.9133,26.2709
LVA,Letônia,Q64906841,http://www.wikidata.org/entity/Q4237879,0,22,,55.9062,27.2359
LVA,Letônia,Q64906845,http://www.wikidata.org/entity/Q4469557,0,15,,55.9073,27.0354
LVA,Letônia,Q64906857,http://www.wikidata.org/entity/Q4503922,0,74,,56.7144,23.8015
LVA,Letônia,Q64906862,http://www.wikidata.org/entity/Q6826756,0,15,,56.8389,25.3523
LVA,Letônia,Q64906867,http://www.wikidata.org/entity/Q4199242,0,8,,56.6064,27.3054
LVA,Letônia,Q64906891,http://www.wikidata.org/entity/Q4993629,0,3,,56.6705,27.729
LVA,Letônia,Q64906899,http://www.wikidata.org/entity/Q2340152,0,6,,55.8544,26.7217
LVA,Letônia,Q64906904,http://www.wikidata.org/entity/Q3800864,0,10,,56.6289,27.2387
LVA,Letônia,Q64906910,http://www.wikidata.org/entity/Q4290789,0,10,,56.6836,27.7703
LVA,Letônia,Q64906928,http://www.wikidata.org/entity/Q12305629,0,38,,56.9876,26.2737
LVA,Letônia,Q64906935,http://www.wikidata.org/entity/Q3801715,0,20,,57.1672,26.306
LVA,Letônia,Q64906943,http://www.wikidata.org/entity/Q4419443,0,0,,56.5217,26.6588
LVA,Letônia,Q64906963,http://www.wikidata.org/entity/Q7427430,0,10,,56.3885,26.5708
LVA,Letônia,Q64906960,http://www.wikidata.org/entity/Q2615106,0,9,,55.712,26.3927
LVA,Letônia,Q64906966,http://www.wikidata.org/entity/Q4132339,0,33,,56.4996,26.7698
LVA,Letônia,Q64907081,http://www.wikidata.org/entity/Q3800938,0,6,,56.5963,27.7966
LVA,Letônia,Q64907095,http://www.wikidata.org/entity/Q3801129,0,10,,56.3325,26.1499
LVA,Letônia,Q64907092,http://www.wikidata.org/entity/Q2361089,0,3,,55.9489,27.1903
LVA,Letônia,Q64907102,http://www.wikidata.org/entity/Q4198368,0,8,,55.941,26.9625
LVA,Letônia,Q64907114,http://www.wikidata.org/entity/Q3800864,0,4,,56.6248,27.253
LVA,Letônia,Q64907116,http://www.wikidata.org/entity/Q4419443,0,5,,56.5289,26.7754
LVA,Letônia,Q64907209,http://www.wikidata.org/entity/Q4513320,0,18,,56.4068,27.3501
LVA,Letônia,Q64907214,http://www.wikidata.org/entity/Q3801462,0,14,,56.0991,26.3232
LVA,Letônia,Q64907231,http://www.wikidata.org/entity/Q3801081,0,3,,56.0415,26.3353
LVA,Letônia,Q64907233,http://www.wikidata.org/entity/Q2340209,0,55,,55.9969,26.7542
LVA,Letônia,Q64907236,http://www.wikidata.org/entity/Q3800864,0,2,,56.6286,27.2928
LVA,Letônia,Q64907246,http://www.wikidata.org/entity/Q2615046,0,10,,55.956,26.7209
LVA,Letônia,Q64907251,http://www.wikidata.org/entity/Q7427430,0,5,,56.4007,26.5825
LVA,Letônia,Q64907254,http://www.wikidata.org/entity/Q3801137,0,7,,56.4381,26.385
LVA,Letônia,Q64907253,http://www.wikidata.org/entity/Q10951083,0,27,,56.3549,26.2257
LVA,Letônia,Q64907279,http://www.wikidata.org/entity/Q10951083,0,8,,56.3247,26.2897
LVA,Letônia,Q64907286,http://www.wikidata.org/entity/Q2615041,0,12,,55.8848,26.392
LVA,Letônia,Q64907289,http://www.wikidata.org/entity/Q10970334,0,29,,56.3891,26.1521
LVA,Letônia,Q64907294,http://www.wikidata.org/entity/Q2340209,0,19,,55.9908,26.7335
LVA,Letônia,Q64907295,http://www.wikidata.org/entity/Q4198368,0,18,,55.9373,26.9456
LVA,Letônia,Q64907410,http://www.wikidata.org/entity/Q2615106,0,11,,55.8382,26.326
LVA,Letônia,Q64907409,http://www.wikidata.org/entity/Q2340111,0,15,,56.0235,26.4046
LVA,Letônia,Q64907419,http://www.wikidata.org/entity/Q3800981,0,3,,56.5378,27.8824
LVA,Letônia,Q64907417,http://www.wikidata.org/entity/Q4469557,0,2,,55.9537,27.0767
LVA,Letônia,Q64907422,http://www.wikidata.org/entity/Q13638499,0,28,,56.5354,27.7513
LVA,Letônia,Q64907420,http://www.wikidata.org/entity/Q2615046,0,17,,55.9279,26.7667
LVA,Letônia,Q64907421,http://www.wikidata.org/entity/Q4401369,0,1,,56.2943,26.931
LVA,Letônia,Q64907426,http://www.wikidata.org/entity/Q3307424,0,9,,56.69,26.3703
LVA,Letônia,Q64907429,http://www.wikidata.org/entity/Q4149939,0,23,,56.4638,27.3383
LVA,Letônia,Q64907432,http://www.wikidata.org/entity/Q3801701,0,4,,56.4907,27.6352
LVA,Letônia,Q64907433,http://www.wikidata.org/entity/Q3801209,0,8,,56.5882,27.2874
LVA,Letônia,Q64907448,http://www.wikidata.org/entity/Q4210261,0,1,,55.9143,27.3102
LVA,Letônia,Q64907475,http://www.wikidata.org/entity/Q2987076,0,29,,55.8245,26.4117
LVA,Letônia,Q64907479,http://www.wikidata.org/entity/Q4198368,0,1,,55.9677,26.9788
LVA,Letônia,Q64907489,http://www.wikidata.org/entity/Q4210261,0,0,,55.8672,27.2787
LVA,Letônia,Q64907495,http://www.wikidata.org/entity/Q3359311,0,28,,56.7615,26.7224
LVA,Letônia,Q64907493,http://www.wikidata.org/entity/Q4401369,0,6,,56.2849,26.8012
LVA,Letônia,Q64907498,http://www.wikidata.org/entity/Q3801575,0,15,,56.0003,26.2685
LVA,Letônia,Q64907503,http://www.wikidata.org/entity/Q2615041,0,30,,55.9518,26.3954
LVA,Letônia,Q64907500,http://www.wikidata.org/entity/Q6112176,0,59,,56.4407,21.6391
LVA,Letônia,Q64907506,http://www.wikidata.org/entity/Q4321687,0,31,,56.1304,26.3742
LVA,Letônia,Q64907504,http://www.wikidata.org/entity/Q2340111,0,55,,56.0367,26.3791
LVA,Letônia,Q64907508,http://www.wikidata.org/entity/Q2340152,0,7,,55.8752,26.7349
LVA,Letônia,Q64907514,http://www.wikidata.org/entity/Q12306369,0,26,,56.6618,22.5176
LVA,Letônia,Q64907515,http://www.wikidata.org/entity/Q4513320,0,13,,56.4121,27.3764
LVA,Letônia,Q64907518,http://www.wikidata.org/entity/Q10951083,0,31,,56.3687,26.2295
LVA,Letônia,Q64907522,http://www.wikidata.org/entity/Q4321687,0,14,,56.0996,26.3574
LVA,Letônia,Q64907528,http://www.wikidata.org/entity/Q4513320,0,9,,56.3943,27.4186
LVA,Letônia,Q64907535,http://www.wikidata.org/entity/Q3800981,0,7,,56.5127,27.9272
LVA,Letônia,Q64907538,http://www.wikidata.org/entity/Q2362741,0,7,,56.8543,26.1041
LVA,Letônia,Q64907539,http://www.wikidata.org/entity/Q3800864,0,10,,56.5472,27.2766
LVA,Letônia,Q64907566,http://www.wikidata.org/entity/Q4419443,0,19,,56.5173,26.7357
LVA,Letônia,Q64907568,http://www.wikidata.org/entity/Q4419443,0,14,,56.4532,26.5864
LVA,Letônia,Q64907569,http://www.wikidata.org/entity/Q3801637,0,63,,56.6278,25.3096
LVA,Letônia,Q64907572,http://www.wikidata.org/entity/Q4469557,0,10,,55.8712,27.0049
LVA,Letônia,Q64907595,http://www.wikidata.org/entity/Q4513320,0,8,,56.4331,27.429
LVA,Letônia,Q64907593,http://www.wikidata.org/entity/Q5121934,0,1,,56.5025,27.6119
LVA,Letônia,Q64907599,http://www.wikidata.org/entity/Q7427430,0,3,,56.4522,26.61
LVA,Letônia,Q64907609,http://www.wikidata.org/entity/Q2615046,0,42,,55.9493,26.6343
LVA,Letônia,Q64907625,http://www.wikidata.org/entity/Q3801100,0,40,,57.517,25.4266
LVA,Letônia,Q64907630,http://www.wikidata.org/entity/Q3800864,0,13,,56.6226,27.1914
LVA,Letônia,Q64907628,http://www.wikidata.org/entity/Q4993637,0,37,,56.7083,22.6495
LVA,Letônia,Q64907633,http://www.wikidata.org/entity/Q4405531,0,5,,56.4775,27.1755
LVA,Letônia,Q64907641,http://www.wikidata.org/entity/Q3801557,0,25,,56.3119,26.5589
LVA,Letônia,Q64907699,http://www.wikidata.org/entity/Q3801557,0,5,,56.31,26.4482
LVA,Letônia,Q64907702,http://www.wikidata.org/entity/Q12305629,0,20,,56.9826,26.2026
LVA,Letônia,Q64907713,http://www.wikidata.org/entity/Q4405531,0,15,,56.4866,27.1726
LVA,Letônia,Q64908219,http://www.wikidata.org/entity/Q2615106,0,17,,55.7397,26.3984
LVA,Letônia,Q64908222,http://www.wikidata.org/entity/Q2340266,0,11,,55.9823,26.4975
LVA,Letônia,Q64908220,http://www.wikidata.org/entity/Q13638499,0,12,,56.5284,27.8364
LVA,Letônia,Q64908225,http://www.wikidata.org/entity/Q4405531,0,10,,56.5152,27.1442
LVA,Letônia,Q64908245,http://www.wikidata.org/entity/Q2615106,0,9,,55.7343,26.3723
LVA,Letônia,Q64908355,http://www.wikidata.org/entity/Q4405531,0,1,,56.5013,27.1539
LVA,Letônia,Q64908359,http://www.wikidata.org/entity/Q4421441,0,3,,55.9351,27.3815
LVA,Letônia,Q64908361,http://www.wikidata.org/entity/Q4149939,0,45,,56.458,27.3595
LVA,Letônia,Q64908383,http://www.wikidata.org/entity/Q4469557,0,16,,55.9282,27.1107
LVA,Letônia,Q64908419,http://www.wikidata.org/entity/Q3801201,0,1,,56.3399,27.6656
LVA,Letônia,Q64908441,http://www.wikidata.org/entity/Q3800938,0,10,,56.6125,27.8205
LVA,Letônia,Q64908453,http://www.wikidata.org/entity/Q3800864,0,68,,56.6097,27.2176
LVA,Letônia,Q64908462,http://www.wikidata.org/entity/Q12306369,0,65,,56.6446,22.5853
LVA,Letônia,Q64908475,http://www.wikidata.org/entity/Q4394501,0,3,,56.3227,26.7285
LVA,Letônia,Q64908488,http://www.wikidata.org/entity/Q2340209,0,39,,55.9826,26.7011
LVA,Letônia,Q64908494,http://www.wikidata.org/entity/Q3801656,0,1,,56.4124,27.6248
LVA,Letônia,Q64908499,http://www.wikidata.org/entity/Q12332326,0,30,,56.2935,26.6872
LVA,Letônia,Q64908496,http://www.wikidata.org/entity/Q4237879,0,14,,55.9265,27.2343
LVA,Letônia,Q64908503,http://www.wikidata.org/entity/Q12332326,0,28,,56.2601,26.7761
LVA,Letônia,Q64908506,http://www.wikidata.org/entity/Q4198368,0,5,,55.9599,26.9733
LVA,Letônia,Q64908507,http://www.wikidata.org/entity/Q4198368,0,15,,55.9588,27.0442
LVA,Letônia,Q64908539,http://www.wikidata.org/entity/Q4237879,0,4,,55.9316,27.2608
LVA,Letônia,Q64908540,http://www.wikidata.org/entity/Q4198368,0,13,,55.9436,27.0125
LVA,Letônia,Q64908541,http://www.wikidata.org/entity/Q7427430,0,15,,56.3424,26.6121
LVA,Letônia,Q64908544,http://www.wikidata.org/entity/Q4258011,0,35,,56.5769,27.4776
LVA,Letônia,Q64908545,http://www.wikidata.org/entity/Q3801557,0,1,,56.3117,26.4146
LVA,Letônia,Q64908548,http://www.wikidata.org/entity/Q3801650,0,1,,56.3278,27.7865
LVA,Letônia,Q64908552,http://www.wikidata.org/entity/Q2615106,0,16,,55.7673,26.3835
LVA,Letônia,Q64908558,http://www.wikidata.org/entity/Q10951083,0,8,,56.3618,26.2402
LVA,Letônia,Q64908559,http://www.wikidata.org/entity/Q12332326,0,38,,56.2795,26.7558
LVA,Letônia,Q64908556,http://www.wikidata.org/entity/Q3800864,0,5,,56.5828,27.2082
LVA,Letônia,Q64908562,http://www.wikidata.org/entity/Q4149939,0,11,,56.523611111111,27.398055555556
LVA,Letônia,Q64908609,http://www.wikidata.org/entity/Q4421441,0,15,,55.999,27.3427
LVA,Letônia,Q64908615,http://www.wikidata.org/entity/Q10951083,0,22,,56.3723,26.2202
LVA,Letônia,Q64908618,http://www.wikidata.org/entity/Q4268331,0,19,,56.3692,27.2568
LVA,Letônia,Q64908617,http://www.wikidata.org/entity/Q4199242,0,16,,56.6026,27.2974
LVA,Letônia,Q64908620,http://www.wikidata.org/entity/Q4993629,0,1,,56.6298,27.654
LVA,Letônia,Q64908621,http://www.wikidata.org/entity/Q2361089,0,1,,55.9941,27.2971
LVA,Letônia,Q64908626,http://www.wikidata.org/entity/Q2615046,0,15,,55.9075,26.7767
LVA,Letônia,Q64908624,http://www.wikidata.org/entity/Q2615046,0,3,,55.952,26.75
LVA,Letônia,Q64908631,http://www.wikidata.org/entity/Q3801081,0,19,,56.0502,26.2856
LVA,Letônia,Q64908628,http://www.wikidata.org/entity/Q3801656,0,9,,56.4879,27.7431
LVA,Letônia,Q64908633,http://www.wikidata.org/entity/Q4210261,0,3,,55.9254,27.3538
LVA,Letônia,Q64908741,http://www.wikidata.org/entity/Q15710271,0,27,,56.222,26.7823
LVA,Letônia,Q64908990,http://www.wikidata.org/entity/Q4992967,0,0,,56.5656,27.843
LVA,Letônia,Q64908988,http://www.wikidata.org/entity/Q2340111,0,9,,56.0086,26.4492
LVA,Letônia,Q64908998,http://www.wikidata.org/entity/Q2340266,0,7,,56.0507,26.4346
LVA,Letônia,Q64908999,http://www.wikidata.org/entity/Q2340266,0,5,,56.0611,26.4223
LVA,Letônia,Q64908997,http://www.wikidata.org/entity/Q4421441,0,12,,55.9694,27.303
LVA,Letônia,Q64909003,http://www.wikidata.org/entity/Q4513320,0,1,,56.4117,27.498
LVA,Letônia,Q64909001,http://www.wikidata.org/entity/Q2340152,0,1,,55.8285,26.6348
LVA,Letônia,Q64909136,http://www.wikidata.org/entity/Q2615041,0,9,,55.8928,26.3445
LVA,Letônia,Q64909137,http://www.wikidata.org/entity/Q2615041,0,2,,55.9489,26.4086
LVA,Letônia,Q64909143,http://www.wikidata.org/entity/Q4992967,0,3,,56.5622,27.7703
LVA,Letônia,Q64909146,http://www.wikidata.org/entity/Q2615041,0,11,,55.8953,26.2735
LVA,Letônia,Q64909147,http://www.wikidata.org/entity/Q3800966,0,204,,57.5564,25.4664
LVA,Letônia,Q64909145,http://www.wikidata.org/entity/Q3801565,0,10,,57.5305,24.7799
LVA,Letônia,Q64909575,http://www.wikidata.org/entity/Q3801557,0,12,,56.308,26.4915
LVA,Letônia,Q64909573,http://www.wikidata.org/entity/Q10951083,0,10,,56.3524,26.3972
LVA,Letônia,Q64909578,http://www.wikidata.org/entity/Q3801650,0,1,,56.3318,27.7753
LVA,Letônia,Q64909576,http://www.wikidata.org/entity/Q12332326,0,26,,56.3135,26.6082
LVA,Letônia,Q64909577,http://www.wikidata.org/entity/Q2615046,0,25,,55.9094,26.7598
LVA,Letônia,Q64909580,http://www.wikidata.org/entity/Q2340111,0,9,,55.9893,26.4529
LVA,Letônia,Q64909586,http://www.wikidata.org/entity/Q3801701,0,2,,56.4878,27.6587
LVA,Letônia,Q64909659,http://www.wikidata.org/entity/Q10950816,0,29,,55.9229,26.2369
LVA,Letônia,Q64909662,http://www.wikidata.org/entity/Q3801201,0,22,,56.3484,27.6539
LVA,Letônia,Q64909664,http://www.wikidata.org/entity/Q2361089,0,3,,55.983,27.1364
LVA,Letônia,Q64909665,http://www.wikidata.org/entity/Q4210261,0,5,,55.9204,27.33
LVA,Letônia,Q64909670,http://www.wikidata.org/entity/Q4258011,0,8,,56.5653,27.4969
LVA,Letônia,Q64909674,http://www.wikidata.org/entity/Q3800938,0,8,,56.5862,27.784
LVA,Letônia,Q64909672,http://www.wikidata.org/entity/Q4421441,0,10,,55.9452,27.3793
LVA,Letônia,Q64909673,http://www.wikidata.org/entity/Q4268331,0,68,,56.365,27.2186
LVA,Letônia,Q64909827,http://www.wikidata.org/entity/Q3801650,0,5,,56.3088,27.7747
LVA,Letônia,Q64909824,http://www.wikidata.org/entity/Q3801701,0,25,,56.4663,27.5848
LVA,Letônia,Q64909828,http://www.wikidata.org/entity/Q3800864,0,13,,56.5437,27.2255
LVA,Letônia,Q64909838,http://www.wikidata.org/entity/Q3801254,0,32,,57.345,25.311
LVA,Letônia,Q64909861,http://www.wikidata.org/entity/Q2340209,0,8,,55.9769,26.7282
LVA,Letônia,Q64909878,http://www.wikidata.org/entity/Q2615046,0,0,,55.9666,26.7421
LVA,Letônia,Q64909887,http://www.wikidata.org/entity/Q3801701,0,1,,56.476,27.7015
LVA,Letônia,Q64909884,http://www.wikidata.org/entity/Q2615046,0,23,,55.9349,26.6235
LVA,Letônia,Q64909893,http://www.wikidata.org/entity/Q7908698,0,13,,57.4011,25.3575
LVA,Letônia,Q64912892,http://www.wikidata.org/entity/Q4405531,0,1,,56.52,27.1962
LVA,Letônia,Q64912899,http://www.wikidata.org/entity/Q2340111,0,1,,55.9832,26.4543
LVA,Letônia,Q64912897,http://www.wikidata.org/entity/Q2340266,0,26,,55.984,26.4613
LVA,Letônia,Q64912903,http://www.wikidata.org/entity/Q4993637,0,6,,56.7639,22.602
LVA,Letônia,Q64912900,http://www.wikidata.org/entity/Q148172,0,9,,56.2735,26.1164
LVA,Letônia,Q64912911,http://www.wikidata.org/entity/Q10951083,0,0,,56.3545,26.4226
LVA,Letônia,Q64912915,http://www.wikidata.org/entity/Q4394501,0,9,,56.3569,26.6938
LVA,Letônia,Q64912917,http://www.wikidata.org/entity/Q4258011,0,2,,56.5816,27.4817
LVA,Letônia,Q64913171,http://www.wikidata.org/entity/Q2615046,0,57,,55.9223,26.6604
LVA,Letônia,Q64913178,http://www.wikidata.org/entity/Q4992967,0,3,,56.6132,27.636
LVA,Letônia,Q64913176,http://www.wikidata.org/entity/Q3800938,0,15,,56.6079,27.7403
LVA,Letônia,Q64913199,http://www.wikidata.org/entity/Q4993629,0,16,,56.6271,27.6834
LVA,Letônia,Q64913210,http://www.wikidata.org/entity/Q4149939,0,4,,56.4897,27.4125
LVA,Letônia,Q64913218,http://www.wikidata.org/entity/Q10970334,0,13,,56.447,26.275
LVA,Letônia,Q64913432,http://www.wikidata.org/entity/Q3800981,0,0,,56.5149,27.9112
LVA,Letônia,Q64913440,http://www.wikidata.org/entity/Q1840703,0,24,,57.6168,25.6762
LVA,Letônia,Q64913451,http://www.wikidata.org/entity/Q110446086,0,76,,56.9401,24.3764
LVA,Letônia,Q64913448,http://www.wikidata.org/entity/Q2340266,0,8,,55.9949,26.4902
LVA,Letônia,Q64913455,http://www.wikidata.org/entity/Q4332229,0,15,,56.4453,27.3088
LVA,Letônia,Q64913453,http://www.wikidata.org/entity/Q3801637,0,44,,56.6731,25.5136
LVA,Letônia,Q64913463,http://www.wikidata.org/entity/Q7427430,0,36,,56.4218,26.6579
LVA,Letônia,Q64913461,http://www.wikidata.org/entity/Q4992967,0,4,,56.5825,27.7029
LVA,Letônia,Q64913478,http://www.wikidata.org/entity/Q3800864,0,13,,56.5899,27.2261
LVA,Letônia,Q64913486,http://www.wikidata.org/entity/Q10951083,0,3,,56.3318,26.4065
LVA,Letônia,Q64913493,http://www.wikidata.org/entity/Q4993629,0,21,,56.6524,27.7004
LVA,Letônia,Q64913499,http://www.wikidata.org/entity/Q2615114,0,5,,55.9545,26.8076
LVA,Letônia,Q64913504,http://www.wikidata.org/entity/Q4513320,0,5,,56.4257,27.5102
LVA,Letônia,Q64913508,http://www.wikidata.org/entity/Q4421441,0,10,,55.9266,27.3199
LVA,Letônia,Q64913585,http://www.wikidata.org/entity/Q7427430,0,16,,56.3601,26.5566
LVA,Letônia,Q64913623,http://www.wikidata.org/entity/Q110029686,0,781,,56.8825,23.9947
LVA,Letônia,Q64913831,http://www.wikidata.org/entity/Q3801701,0,15,,56.473,27.6783
LVA,Letônia,Q64913836,http://www.wikidata.org/entity/Q3801599,0,25,,55.9608,26.0515
LVA,Letônia,Q64913875,http://www.wikidata.org/entity/Q4321687,0,13,,56.128,26.3559
LVA,Letônia,Q64913878,http://www.wikidata.org/entity/Q2361089,0,17,,55.9282,27.1737
LVA,Letônia,Q64913880,http://www.wikidata.org/entity/Q3801137,0,12,,56.4415,26.3475
LVA,Letônia,Q64913906,http://www.wikidata.org/entity/Q3801020,0,39,,56.3224,26.2043
LVA,Letônia,Q64913914,http://www.wikidata.org/entity/Q10970334,0,4,,56.4849,26.2335
LVA,Letônia,Q64913912,http://www.wikidata.org/entity/Q3801462,0,15,,56.1781,26.2301
LVA,Letônia,Q64914011,http://www.wikidata.org/entity/Q3800864,0,13,,56.5931,27.2708
LVA,Letônia,Q64914022,http://www.wikidata.org/entity/Q2340266,0,8,,56.014,26.4993
LVA,Letônia,Q64914023,http://www.wikidata.org/entity/Q2340266,0,2,,56.0169,26.4623
LVA,Letônia,Q64914020,http://www.wikidata.org/entity/Q4394501,0,3,,56.3464,26.6703
LVA,Letônia,Q64914025,http://www.wikidata.org/entity/Q2340266,0,6,,56.0416,26.4509
LVA,Letônia,Q64914028,http://www.wikidata.org/entity/Q2615046,0,35,,55.9506,26.7023
LVA,Letônia,Q64914046,http://www.wikidata.org/entity/Q3801650,0,2,,56.3345,27.7627
LVA,Letônia,Q64914054,http://www.wikidata.org/entity/Q3801676,0,10,,57.2972,26.4511
LVA,Letônia,Q64914175,http://www.wikidata.org/entity/Q4417925,0,30,,56.461389,23.803611
LVA,Letônia,Q64914178,http://www.wikidata.org/entity/Q4410575,0,70,,56.5175,23.588889
LVA,Letônia,Q104498562,http://www.wikidata.org/entity/Q7289105,0,30,,57.988333333333,25.076388888889
LVA,Letônia,Q104499104,http://www.wikidata.org/entity/Q7289105,0,47,,57.983611111111,25.009166666667
LVA,Letônia,Q104499992,http://www.wikidata.org/entity/Q7289105,0,18,,57.935277777778,25.0075
LVA,Letônia,Q104502026,http://www.wikidata.org/entity/Q7534242,0,21,,57.816388888889,25.0025
LVA,Letônia,Q104502138,http://www.wikidata.org/entity/Q7534242,0,32,,57.840555555556,25.043888888889
LVA,Letônia,Q104503467,http://www.wikidata.org/entity/Q8545069,0,31,,57.851111111111,25.096388888889
LVA,Letônia,Q104503901,http://www.wikidata.org/entity/Q8545069,0,26,,57.87,25.09
LVA,Letônia,Q104506448,http://www.wikidata.org/entity/Q8545069,0,36,,57.878611111111,25.088055555556
LVA,Letônia,Q104520579,http://www.wikidata.org/entity/Q8545069,0,77,,57.865555555556,25.033611111111
LVA,Letônia,Q105228776,http://www.wikidata.org/entity/Q110446086,0,138,,56.930555555556,24.548055555556
LVA,Letônia,Q105371741,http://www.wikidata.org/entity/Q6981217,0,32,,57.933055555556,25.4725
LVA,Letônia,Q105372926,http://www.wikidata.org/entity/Q6981217,0,24,,57.827777777778,25.503055555556
LVA,Letônia,Q105410654,http://www.wikidata.org/entity/Q6981217,0,57,,57.900833333333,25.498055555556
LVA,Letônia,Q105487846,http://www.wikidata.org/entity/Q4993633,0,235,,56.319024,24.188779
LVA,Letônia,Q106344483,http://www.wikidata.org/entity/Q1840703,0,75,,57.506388888889,25.685
LVA,Letônia,Q106345866,http://www.wikidata.org/entity/Q3801230,0,26,,57.481111111111,25.614722222222
LVA,Letônia,Q106346714,http://www.wikidata.org/entity/Q3801230,0,14,,57.496666666667,25.544444444444
LVA,Letônia,Q106348406,http://www.wikidata.org/entity/Q3801230,0,9,,57.525555555556,25.593333333333
LVA,Letônia,Q106354568,http://www.wikidata.org/entity/Q3801100,0,35,,57.506111111111,25.455277777778
LVA,Letônia,Q106355131,http://www.wikidata.org/entity/Q3801100,0,32,,57.470833333333,25.403055555556
LVA,Letônia,Q106625208,http://www.wikidata.org/entity/Q3218596,0,20,,56.643,26.2226
LVA,Letônia,Q106676923,http://www.wikidata.org/entity/Q4258011,0,1,,56.563611111111,27.474722222222
LVA,Letônia,Q106676924,http://www.wikidata.org/entity/Q609656,0,67,,56.485277777778,21.18
LVA,Letônia,Q106676925,http://www.wikidata.org/entity/Q4084855,0,1,,56.633611111111,27.413333333333
LVA,Letônia,Q106676930,http://www.wikidata.org/entity/Q5276592,0,53,,57.614444444444,25.077222222222
LVA,Letônia,Q106676929,http://www.wikidata.org/entity/Q4149939,0,308,,56.491666666667,27.361666666667
LVA,Letônia,Q106676932,http://www.wikidata.org/entity/Q5276592,0,82,,57.518888888889,25.139444444444
LVA,Letônia,Q106676936,http://www.wikidata.org/entity/Q4149939,0,387,,56.516944444444,27.386388888889
LVA,Letônia,Q106676941,http://www.wikidata.org/entity/Q4149939,0,3,,56.469444444444,27.399166666667
LVA,Letônia,Q106676944,http://www.wikidata.org/entity/Q4149939,0,4,,56.455,27.417777777778
LVA,Letônia,Q106676949,http://www.wikidata.org/entity/Q4993613,0,8,,56.357222222222,24.314166666667
LVA,Letônia,Q106676952,http://www.wikidata.org/entity/Q4258011,0,6,,56.556666666667,27.496666666667
LVA,Letônia,Q106676958,http://www.wikidata.org/entity/Q4199242,0,1,,56.606944444444,27.355277777778
LVA,Letônia,Q106676959,http://www.wikidata.org/entity/Q4332229,0,1,,56.408611111111,27.297222222222
LVA,Letônia,Q106676956,http://www.wikidata.org/entity/Q4332236,0,0,,56.465833333333,27.221666666667
LVA,Letônia,Q106702336,http://www.wikidata.org/entity/Q3800986,0,44,,57.630277777778,25.443888888889
LVA,Letônia,Q106702534,http://www.wikidata.org/entity/Q3800986,0,68,,57.6625,25.430277777778
LVA,Letônia,Q106703486,http://www.wikidata.org/entity/Q3800986,0,29,,57.755555555556,25.421111111111
LVA,Letônia,Q106714093,http://www.wikidata.org/entity/Q3800949,0,69,,57.800555555556,25.196388888889
LVA,Letônia,Q106727198,http://www.wikidata.org/entity/Q3800994,0,32,,57.702222222222,25.185
LVA,Letônia,Q106728935,http://www.wikidata.org/entity/Q3801627,0,39,,57.704166666667,25.350833333333
LVA,Letônia,Q106729013,http://www.wikidata.org/entity/Q3801627,0,35,,57.699444444444,25.331388888889
LVA,Letônia,Q106729151,http://www.wikidata.org/entity/Q3801627,0,25,,57.677222222222,25.336111111111
LVA,Letônia,Q106729202,http://www.wikidata.org/entity/Q3801627,0,25,,57.688333333333,25.243611111111
LVA,Letônia,Q106729237,http://www.wikidata.org/entity/Q3801627,0,29,,57.668611111111,25.229166666667
LVA,Letônia,Q106729296,http://www.wikidata.org/entity/Q3801627,0,90,,57.673888888889,25.269444444444
LVA,Letônia,Q106729496,http://www.wikidata.org/entity/Q3801627,0,51,,57.634444444444,25.328888888889
LVA,Letônia,Q106729542,http://www.wikidata.org/entity/Q3801627,0,20,,57.625555555556,25.268611111111
LVA,Letônia,Q106737361,http://www.wikidata.org/entity/Q3801627,0,22,,57.605833333333,25.311944444444
LVA,Letônia,Q106737648,http://www.wikidata.org/entity/Q3801627,0,14,,57.599444444444,25.328333333333
LVA,Letônia,Q106738302,http://www.wikidata.org/entity/Q3801627,0,10,,57.595,25.350555555556
LVA,Letônia,Q106745546,http://www.wikidata.org/entity/Q3800966,0,29,,57.6125,25.518611111111
LVA,Letônia,Q106834198,http://www.wikidata.org/entity/Q5276592,0,27,,57.637777777778,25.073888888889
LVA,Letônia,Q106838006,http://www.wikidata.org/entity/Q7908698,0,13,,57.401111111111,25.369722222222
LVA,Letônia,Q106838376,http://www.wikidata.org/entity/Q7908698,0,20,,57.46,25.256388888889
LVA,Letônia,Q106838974,http://www.wikidata.org/entity/Q7908698,0,90,,57.453888888889,25.217222222222
LVA,Letônia,Q106840422,http://www.wikidata.org/entity/Q11113584,0,91,,57.541388888889,25.355833333333
LVA,Letônia,Q106853550,http://www.wikidata.org/entity/Q11113584,0,20,,57.505555555556,25.359166666667
LVA,Letônia,Q106853924,http://www.wikidata.org/entity/Q11113584,0,17,,57.486944444444,25.364444444444
LVA,Letônia,Q106854241,http://www.wikidata.org/entity/Q11113584,0,50,,57.501944444444,25.288055555556
LVA,Letônia,Q106854676,http://www.wikidata.org/entity/Q11113584,0,14,,57.576388888889,25.328055555556
LVA,Letônia,Q106890027,http://www.wikidata.org/entity/Q11113584,0,19,,57.554166666667,25.362777777778
LVA,Letônia,Q106890151,http://www.wikidata.org/entity/Q11113584,0,15,,57.555833333333,25.33
LVA,Letônia,Q106890216,http://www.wikidata.org/entity/Q11113584,0,20,,57.542222222222,25.3375
LVA,Letônia,Q106904011,http://www.wikidata.org/entity/Q11113584,0,29,,57.546666666667,25.302222222222
LVA,Letônia,Q106904165,http://www.wikidata.org/entity/Q11113584,0,25,,57.501388888889,25.230555555556
LVA,Letônia,Q106904554,http://www.wikidata.org/entity/Q11113584,0,95,,57.571666666667,25.263611111111
LVA,Letônia,Q106904639,http://www.wikidata.org/entity/Q11113584,0,39,,57.539722222222,25.260277777778
LVA,Letônia,Q106905228,http://www.wikidata.org/entity/Q11113584,0,12,,57.514722222222,25.175833333333
LVA,Letônia,Q106905650,http://www.wikidata.org/entity/Q11113584,0,35,,57.498888888889,25.159166666667
LVA,Letônia,Q106905722,http://www.wikidata.org/entity/Q11113584,0,13,,57.494722222222,25.189722222222
LVA,Letônia,Q106907461,http://www.wikidata.org/entity/Q11113584,0,13,,57.491666666667,25.3325
LVA,Letônia,Q114645769,http://www.wikidata.org/entity/Q3801254,0,62,,57.329722222222,25.314444444444
LVA,Letônia,Q115266102,http://www.wikidata.org/entity/Q3473633,0,52,,56.886666666667,26.230277777778
LVA,Letônia,Q115410409,http://www.wikidata.org/entity/Q3238352,0,10,,57.0375,26.126388888889
LVA,Letônia,Q115411542,http://www.wikidata.org/entity/Q3238352,0,7,,56.983611111111,26.025
LVA,Letônia,Q115411613,http://www.wikidata.org/entity/Q3238352,0,10,,56.984444444444,26.008611111111
LVA,Letônia,Q115435522,http://www.wikidata.org/entity/Q3238352,0,7,,57.033611111111,25.968055555556
LVA,Letônia,Q115497530,http://www.wikidata.org/entity/Q3290004,0,20,,56.768611111111,26.030277777778
LVA,Letônia,Q115497767,http://www.wikidata.org/entity/Q3290004,0,15,,56.802222222222,26.107777777778
LVA,Letônia,Q115667408,http://www.wikidata.org/entity/Q3192261,0,20,,56.776388888889,25.9175
LVA,Letônia,Q106907669,http://www.wikidata.org/entity/Q11113584,0,20,,57.464722222222,25.360277777778
LVA,Letônia,Q106917093,http://www.wikidata.org/entity/Q11113584,0,47,,57.485,25.265555555556
LVA,Letônia,Q106917285,http://www.wikidata.org/entity/Q11113584,0,20,,57.526111111111,25.314166666667
LVA,Letônia,Q106917361,http://www.wikidata.org/entity/Q11113584,0,10,,57.511388888889,25.304444444444
LVA,Letônia,Q106917611,http://www.wikidata.org/entity/Q11113584,0,39,,57.524444444444,25.376666666667
LVA,Letônia,Q107178237,http://www.wikidata.org/entity/Q7285180,0,30,,57.356944444444,25.235277777778
LVA,Letônia,Q107178416,http://www.wikidata.org/entity/Q7285180,0,34,,57.383333333333,25.241666666667
LVA,Letônia,Q107180033,http://www.wikidata.org/entity/Q7285180,0,17,,57.411944444444,25.223611111111
LVA,Letônia,Q107191254,http://www.wikidata.org/entity/Q7597219,0,23,,57.4225,25.108333333333
LVA,Letônia,Q107193125,http://www.wikidata.org/entity/Q7622321,0,22,,57.296388888889,24.923611111111
LVA,Letônia,Q107194024,http://www.wikidata.org/entity/Q7622321,0,32,,57.328055555556,24.917777777778
LVA,Letônia,Q107203148,http://www.wikidata.org/entity/Q7622321,0,4,,57.421944444444,24.801111111111
LVA,Letônia,Q107203428,http://www.wikidata.org/entity/Q7622321,0,32,,57.317777777778,25.028888888889
LVA,Letônia,Q107303771,http://www.wikidata.org/entity/Q4332229,0,2,,56.423055555556,27.243611111111
LVA,Letônia,Q107303774,http://www.wikidata.org/entity/Q4332229,0,0,,56.466111111111,27.182222222222
LVA,Letônia,Q107303773,http://www.wikidata.org/entity/Q4332229,0,2,,56.466944444444,27.200833333333
LVA,Letônia,Q108605923,http://www.wikidata.org/entity/Q3801547,0,36,,57.5781,24.5339
LVA,Letônia,Q108934105,http://www.wikidata.org/entity/Q2362741,0,5,,56.893055555556,26.027777777778
LVA,Letônia,Q108935251,http://www.wikidata.org/entity/Q3801192,0,15,,57.639444444444,24.885277777778
LVA,Letônia,Q108935270,http://www.wikidata.org/entity/Q3801192,0,30,,57.5512,24.8149
LVA,Letônia,Q108935277,http://www.wikidata.org/entity/Q3801192,0,20,,57.583888888889,24.724166666667
LVA,Letônia,Q109002132,http://www.wikidata.org/entity/Q3238352,0,0,,57.0391,25.9359
LVA,Letônia,Q109002288,http://www.wikidata.org/entity/Q3238352,0,0,,57.0715,25.9631
LVA,Letônia,Q109666222,http://www.wikidata.org/entity/Q13638499,0,0,,56.4771,27.8503
LVA,Letônia,Q110392662,http://www.wikidata.org/entity/Q6711654,0,27,,56.7622,24.8919
LVA,Letônia,Q110392667,http://www.wikidata.org/entity/Q15710216,0,30,,56.7901,24.691
LVA,Letônia,Q110392668,http://www.wikidata.org/entity/Q15710216,0,60,,56.794,24.6395
LVA,Letônia,Q110392672,http://www.wikidata.org/entity/Q7688911,0,10,,56.878888888889,25.283611111111
LVA,Letônia,Q110476192,http://www.wikidata.org/entity/Q4505333,0,66,,57.125277777778,22.903055555556
LVA,Letônia,Q110476312,http://www.wikidata.org/entity/Q4505333,0,8,,57.119722222222,22.932222222222
LVA,Letônia,Q110682782,http://www.wikidata.org/entity/Q4212267,0,15,,57.071111111111,22.743611111111
LVA,Letônia,Q110699371,http://www.wikidata.org/entity/Q4168940,0,8,,57.217777777778,25.946388888889
LVA,Letônia,Q110699427,http://www.wikidata.org/entity/Q4168940,0,26,,57.205277777778,25.974444444444
LVA,Letônia,Q110699848,http://www.wikidata.org/entity/Q4168940,0,14,,57.198611111111,25.911666666667
LVA,Letônia,Q110699914,http://www.wikidata.org/entity/Q4168940,0,23,,57.255555555556,25.943055555556
LVA,Letônia,Q110858327,http://www.wikidata.org/entity/Q4168940,0,9,,57.245,25.823333333333
LVA,Letônia,Q110858594,http://www.wikidata.org/entity/Q4168940,0,12,,57.268888888889,25.911388888889
LVA,Letônia,Q110858649,http://www.wikidata.org/entity/Q4168940,0,10,,57.250555555556,25.868055555556
LVA,Letônia,Q110858704,http://www.wikidata.org/entity/Q4168940,0,42,,57.230833333333,25.784166666667
LVA,Letônia,Q110860230,http://www.wikidata.org/entity/Q282893,0,17,,57.338333333333,25.636111111111
LVA,Letônia,Q110860934,http://www.wikidata.org/entity/Q282893,0,40,,57.348611111111,25.623611111111
LVA,Letônia,Q110864368,http://www.wikidata.org/entity/Q282893,0,11,,57.300833333333,25.670555555556
LVA,Letônia,Q110864416,http://www.wikidata.org/entity/Q282893,0,10,,57.312777777778,25.730555555556
LVA,Letônia,Q110864470,http://www.wikidata.org/entity/Q282893,0,12,,57.316944444444,25.630277777778
LVA,Letônia,Q110864535,http://www.wikidata.org/entity/Q282893,0,9,,57.330555555556,25.552777777778
LVA,Letônia,Q110864589,http://www.wikidata.org/entity/Q282893,0,18,,57.348055555556,25.583333333333
LVA,Letônia,Q110864774,http://www.wikidata.org/entity/Q282893,0,6,,57.350833333333,25.530277777778
LVA,Letônia,Q110864972,http://www.wikidata.org/entity/Q282893,0,6,,57.303055555556,25.570555555556
LVA,Letônia,Q110865136,http://www.wikidata.org/entity/Q282893,0,7,,57.359444444444,25.573055555556
LVA,Letônia,Q110865543,http://www.wikidata.org/entity/Q282893,0,11,,57.426111111111,25.6575
LVA,Letônia,Q110887258,http://www.wikidata.org/entity/Q3801146,0,48,,57.713888888889,24.730833333333
LVA,Letônia,Q110887358,http://www.wikidata.org/entity/Q3801146,0,18,,57.671111111111,24.67
LVA,Letônia,Q110903097,http://www.wikidata.org/entity/Q3801547,0,8,,57.563333333333,24.467777777778
LVA,Letônia,Q112645387,http://www.wikidata.org/entity/Q4992601,0,13,,57.2113,25.0109
LVA,Letônia,Q112645391,http://www.wikidata.org/entity/Q4992601,0,22,,57.202,25.0189
LVA,Letônia,Q112645389,http://www.wikidata.org/entity/Q4992601,0,10,,57.2044,24.9968
LVA,Letônia,Q112645394,http://www.wikidata.org/entity/Q4992601,0,27,,57.224,25.0077
LVA,Letônia,Q112645395,http://www.wikidata.org/entity/Q4992601,0,28,,57.2017,24.9841
LVA,Letônia,Q112645392,http://www.wikidata.org/entity/Q4992601,0,18,,57.186,25.1286
LVA,Letônia,Q113027827,http://www.wikidata.org/entity/Q3801547,0,10,,57.584444444444,24.610277777778
LVA,Letônia,Q113027912,http://www.wikidata.org/entity/Q3801547,0,57,,57.628888888889,24.570833333333
LVA,Letônia,Q113028113,http://www.wikidata.org/entity/Q3801547,0,36,,57.651944444444,24.468888888889
LVA,Letônia,Q113045932,http://www.wikidata.org/entity/Q3801192,0,30,,57.551111111111,24.814722222222
LVA,Letônia,Q113046320,http://www.wikidata.org/entity/Q3801192,0,28,,57.5525,24.77
LVA,Letônia,Q113046638,http://www.wikidata.org/entity/Q3801192,0,38,,57.536111111111,24.716111111111
LVA,Letônia,Q113081809,http://www.wikidata.org/entity/Q3801565,0,30,,57.522777777778,24.943055555556
LVA,Letônia,Q113085097,http://www.wikidata.org/entity/Q3801565,0,20,,57.489722222222,24.869166666667
LVA,Letônia,Q113110683,http://www.wikidata.org/entity/Q6548977,0,36,,57.462222222222,24.825
LVA,Letônia,Q113110759,http://www.wikidata.org/entity/Q6548977,0,14,,57.4525,24.580277777778
LVA,Letônia,Q113110881,http://www.wikidata.org/entity/Q6548977,0,15,,57.523888888889,24.643055555556
LVA,Letônia,Q113110932,http://www.wikidata.org/entity/Q6548977,0,42,,57.480555555556,24.5975
LVA,Letônia,Q113111014,http://www.wikidata.org/entity/Q6548977,0,68,,57.403055555556,24.618055555556
LVA,Letônia,Q113124564,http://www.wikidata.org/entity/Q3801562,0,14,,57.378333333333,24.571388888889
LVA,Letônia,Q113124843,http://www.wikidata.org/entity/Q3801562,0,15,,57.319166666667,24.453611111111
LVA,Letônia,Q113124867,http://www.wikidata.org/entity/Q3801562,0,23,,57.396388888889,24.433333333333
LVA,Letônia,Q113124924,http://www.wikidata.org/entity/Q3801562,0,23,,57.413055555556,24.509166666667
LVA,Letônia,Q113124953,http://www.wikidata.org/entity/Q3801562,0,15,,57.433888888889,24.571388888889
LVA,Letônia,Q113127677,http://www.wikidata.org/entity/Q3801562,0,63,,57.429444444444,24.527222222222
LVA,Letônia,Q113127826,http://www.wikidata.org/entity/Q3801562,0,23,,57.339444444444,24.445
LVA,Letônia,Q113129628,http://www.wikidata.org/entity/Q3801562,0,30,,57.350833333333,24.558611111111
LVA,Letônia,Q113441664,http://www.wikidata.org/entity/Q6711660,0,57,,57.291944444444,24.790277777778
LVA,Letônia,Q113456686,http://www.wikidata.org/entity/Q6711660,0,5,,57.324166666667,24.881944444444
LVA,Letônia,Q113456763,http://www.wikidata.org/entity/Q6711660,0,26,,57.326388888889,24.858055555556
LVA,Letônia,Q113458033,http://www.wikidata.org/entity/Q6437057,0,32,,57.232222222222,24.847777777778
LVA,Letônia,Q113458299,http://www.wikidata.org/entity/Q6437057,0,19,,57.293888888889,24.920833333333
LVA,Letônia,Q113458475,http://www.wikidata.org/entity/Q6437057,0,41,,57.169166666667,24.772222222222
LVA,Letônia,Q113588221,http://www.wikidata.org/entity/Q3801617,0,100,,57.208611111111,26.143333333333
LVA,Letônia,Q113588301,http://www.wikidata.org/entity/Q3801617,0,6,,57.186388888889,26.137222222222
LVA,Letônia,Q113827131,http://www.wikidata.org/entity/Q2606952,0,190,,57.289444444444,25.275555555556
LVA,Letônia,Q114243324,http://www.wikidata.org/entity/Q4992801,0,24,,57.279444444444,25.389722222222
LVA,Letônia,Q114243426,http://www.wikidata.org/entity/Q4992801,0,9,,57.190833333333,25.459166666667
LVA,Letônia,Q114243504,http://www.wikidata.org/entity/Q4992801,0,5,,57.219722222222,25.356944444444
LVA,Letônia,Q114243663,http://www.wikidata.org/entity/Q4992801,0,30,,57.296388888889,25.415555555556
LVA,Letônia,Q114243714,http://www.wikidata.org/entity/Q4992801,0,28,,57.300277777778,25.402777777778
LVA,Letônia,Q114243941,http://www.wikidata.org/entity/Q4992801,0,58,,57.301666666667,25.346111111111
LVA,Letônia,Q114246660,http://www.wikidata.org/entity/Q4194083,0,10,,57.205,25.823055555556
LVA,Letônia,Q114255221,http://www.wikidata.org/entity/Q4194083,0,24,,57.188333333333,25.85
LVA,Letônia,Q114255428,http://www.wikidata.org/entity/Q4194083,0,18,,57.155833333333,25.850555555556
LVA,Letônia,Q114255556,http://www.wikidata.org/entity/Q4194083,0,8,,57.160555555556,25.794444444444
LVA,Letônia,Q114645436,http://www.wikidata.org/entity/Q3801254,0,70,,57.338333333333,25.326666666667
LVA,Letônia,Q122906511,http://www.wikidata.org/entity/Q110029686,0,4,,56.9261,23.9827
LVA,Letônia,Q134126264,http://www.wikidata.org/entity/Q4333407,0,21,,56.77761,23.984474
LVA,Letônia,Q134592376,http://www.wikidata.org/entity/Q4993613,0,57,,56.381302,24.269886
LVA,Letônia,Q134592515,http://www.wikidata.org/entity/Q4978851,0,21,,56.304594,24.351655
LVA,Letônia,Q64905646,http://www.wikidata.org/entity/Q4401369,0,4,,56.2477,26.8846
LVA,Letônia,Q64905644,http://www.wikidata.org/entity/Q7427430,0,8,,56.4052,26.7166
LVA,Letônia,Q64906234,http://www.wikidata.org/entity/Q4210261,0,7,,55.8649,27.3376
LVA,Letônia,Q64906232,http://www.wikidata.org/entity/Q2361117,0,16,,55.8597,27.4894
LVA,Letônia,Q64906236,http://www.wikidata.org/entity/Q2987076,0,21,,55.8203,26.4854
LVA,Letônia,Q64906237,http://www.wikidata.org/entity/Q15710271,0,7,,56.2282,26.7259
LVA,Letônia,Q64906240,http://www.wikidata.org/entity/Q10970334,0,17,,56.4026,26.1737
LVA,Letônia,Q64907497,http://www.wikidata.org/entity/Q3801637,0,47,,56.6241,25.4633
LVA,Letônia,Q64907660,http://www.wikidata.org/entity/Q4394501,0,6,,56.3253,26.7407
LVA,Letônia,Q64907668,http://www.wikidata.org/entity/Q10951083,0,2,,56.3575,26.4238
LVA,Letônia,Q64908158,http://www.wikidata.org/entity/Q3801701,0,5,,56.4969,27.6728
LVA,Letônia,Q64908166,http://www.wikidata.org/entity/Q4992967,0,8,,56.5888,27.7077
LVA,Letônia,Q64908167,http://www.wikidata.org/entity/Q2615046,0,5,,55.9715,26.7247
LVA,Letônia,Q64908168,http://www.wikidata.org/entity/Q3801462,0,23,,56.1615,26.2647
LVA,Letônia,Q64908174,http://www.wikidata.org/entity/Q3801557,0,12,,56.3313,26.5221
LVA,Letônia,Q64908173,http://www.wikidata.org/entity/Q2615106,0,19,,55.7711,26.4419
LVA,Letônia,Q64908508,http://www.wikidata.org/entity/Q12332326,0,33,,56.3211,26.6235
LVA,Letônia,Q64908509,http://www.wikidata.org/entity/Q4394501,0,3,,56.3373,26.6783
LVA,Letônia,Q64908512,http://www.wikidata.org/entity/Q4198368,0,3,,55.9411,26.9907
LVA,Letônia,Q64908513,http://www.wikidata.org/entity/Q3800981,0,2,,56.549,27.8452
LVA,Letônia,Q64908567,http://www.wikidata.org/entity/Q7427430,0,7,,56.362,26.6216
LVA,Letônia,Q64908571,http://www.wikidata.org/entity/Q3801137,0,12,,56.4342,26.4803
LVA,Letônia,Q64908569,http://www.wikidata.org/entity/Q3801701,0,9,,56.439,27.6723
LVA,Letônia,Q64908582,http://www.wikidata.org/entity/Q4332229,0,16,,56.444,27.1856
LVA,Letônia,Q64908581,http://www.wikidata.org/entity/Q3800981,0,1,,56.5223,27.9668
LVA,Letônia,Q64908584,http://www.wikidata.org/entity/Q3800864,0,2,,56.5437,27.2338
LVA,Letônia,Q64908591,http://www.wikidata.org/entity/Q4333407,0,20,,56.8181,24.021
LVA,Letônia,Q64908598,http://www.wikidata.org/entity/Q2361089,0,2,,55.965,27.1989
LVA,Letônia,Q64908597,http://www.wikidata.org/entity/Q4469557,0,37,,55.9357,27.0775
LVA,Letônia,Q64908600,http://www.wikidata.org/entity/Q2615041,0,4,,55.8919,26.3836
LVA,Letônia,Q64908639,http://www.wikidata.org/entity/Q4992967,0,3,,56.5929,27.7368
LVA,Letônia,Q64908637,http://www.wikidata.org/entity/Q2615046,0,6,,55.9538,26.7693
LVA,Letônia,Q64908642,http://www.wikidata.org/entity/Q2340111,0,16,,55.9535,26.4383
LVA,Letônia,Q64908641,http://www.wikidata.org/entity/Q2340111,0,23,,55.9423,26.4468
LVA,Letônia,Q64908646,http://www.wikidata.org/entity/Q4419443,0,1,,56.5511,26.7528
LVA,Letônia,Q64908648,http://www.wikidata.org/entity/Q4513320,0,5,,56.4247,27.3715
LVA,Letônia,Q64908654,http://www.wikidata.org/entity/Q2340209,0,10,,55.981,26.7479
LVA,Letônia,Q64908655,http://www.wikidata.org/entity/Q2340245,0,12,,56.0126,26.7754
LVA,Letônia,Q64908653,http://www.wikidata.org/entity/Q2615046,0,3,,55.9726,26.7537
LVA,Letônia,Q64908746,http://www.wikidata.org/entity/Q2361089,0,2,,56.0132,27.1745
LVA,Letônia,Q64908747,http://www.wikidata.org/entity/Q110029686,0,15,,56.8986,23.9407
LVA,Letônia,Q64908750,http://www.wikidata.org/entity/Q7359909,0,7,,57.4825,22.7679
LVA,Letônia,Q64908748,http://www.wikidata.org/entity/Q4212267,0,18,,57.074,22.6998
LVA,Letônia,Q64908749,http://www.wikidata.org/entity/Q7622321,0,2,,57.3725,24.901111111111
LVA,Letônia,Q64908752,http://www.wikidata.org/entity/Q4419275,0,3,,56.4098,27.1725
LVA,Letônia,Q64908753,http://www.wikidata.org/entity/Q2340152,0,4,,55.8805,26.6697
LVA,Letônia,Q64908756,http://www.wikidata.org/entity/Q3801137,0,9,,56.4531,26.3979
LVA,Letônia,Q64908757,http://www.wikidata.org/entity/Q3801538,0,77,,56.6091,26.0478
LVA,Letônia,Q64908762,http://www.wikidata.org/entity/Q4992774,0,15,,57.1417,27.1788
LVA,Letônia,Q64908766,http://www.wikidata.org/entity/Q4993639,0,23,,56.4319,24.4994
LVA,Letônia,Q64908767,http://www.wikidata.org/entity/Q3801676,0,10,,57.291,26.4379
LVA,Letônia,Q64908765,http://www.wikidata.org/entity/Q2615041,0,9,,55.8658,26.3511
LVA,Letônia,Q64908771,http://www.wikidata.org/entity/Q2615041,0,1,,55.9241,26.3221
LVA,Letônia,Q64908769,http://www.wikidata.org/entity/Q13638499,0,4,,56.5025,27.7537
LVA,Letônia,Q64908782,http://www.wikidata.org/entity/Q4198368,0,17,,55.9614,27.0035
LVA,Letônia,Q64908787,http://www.wikidata.org/entity/Q4405531,0,3,,56.5092,27.2178
LVA,Letônia,Q64908785,http://www.wikidata.org/entity/Q3800981,0,8,,56.5575,27.841
LVA,Letônia,Q64908791,http://www.wikidata.org/entity/Q3801557,0,1,,56.305,26.5175
LVA,Letônia,Q64908789,http://www.wikidata.org/entity/Q2340266,0,2,,55.9882,26.5039
LVA,Letônia,Q64908794,http://www.wikidata.org/entity/Q4198368,0,0,,55.9925,27.1198
LVA,Letônia,Q64908797,http://www.wikidata.org/entity/Q3801209,0,4,,56.5554,27.4633
LVA,Letônia,Q64908866,http://www.wikidata.org/entity/Q10951083,0,14,,56.3549,26.3036
LVA,Letônia,Q64908867,http://www.wikidata.org/entity/Q3801137,0,32,,56.4383,26.4075
LVA,Letônia,Q64908865,http://www.wikidata.org/entity/Q3800981,0,14,,56.5216,27.9402
LVA,Letônia,Q64908868,http://www.wikidata.org/entity/Q10951083,0,18,,56.3699,26.3305
LVA,Letônia,Q64908872,http://www.wikidata.org/entity/Q3800938,0,11,,56.5874,27.7567
LVA,Letônia,Q64908873,http://www.wikidata.org/entity/Q3800981,0,6,,56.5404,27.8403
LVA,Letônia,Q64908878,http://www.wikidata.org/entity/Q4199242,0,12,,56.6105,27.3411
LVA,Letônia,Q64908883,http://www.wikidata.org/entity/Q4268331,0,34,,56.3576,27.1761
LVA,Letônia,Q64908881,http://www.wikidata.org/entity/Q4168243,0,1,,56.6245,27.1686
LVA,Letônia,Q64908887,http://www.wikidata.org/entity/Q2330640,0,0,,56.1039,26.4058
LVA,Letônia,Q64908884,http://www.wikidata.org/entity/Q2340266,0,15,,56.0236,26.4345
LVA,Letônia,Q64908986,http://www.wikidata.org/entity/Q4394501,0,17,,56.3112,26.7487
LVA,Letônia,Q64908987,http://www.wikidata.org/entity/Q2340266,0,16,,56.0128,26.4604
LVA,Letônia,Q64909052,http://www.wikidata.org/entity/Q2987076,0,10,,55.8758,26.4355
LVA,Letônia,Q64909053,http://www.wikidata.org/entity/Q3307424,0,2,,56.7349,26.3926
LVA,Letônia,Q64909058,http://www.wikidata.org/entity/Q4993633,0,85,,56.3858,24.2372
LVA,Letônia,Q64909057,http://www.wikidata.org/entity/Q3307424,0,1,,56.6955,26.3487
LVA,Letônia,Q64909062,http://www.wikidata.org/entity/Q2615106,0,45,,55.7401,26.4554
LVA,Letônia,Q64909063,http://www.wikidata.org/entity/Q2987076,0,23,,55.8409,26.4609
LVA,Letônia,Q64909074,http://www.wikidata.org/entity/Q3801557,0,13,,56.3023,26.581
LVA,Letônia,Q64909075,http://www.wikidata.org/entity/Q2340111,0,12,,55.9819,26.4498
LVA,Letônia,Q64909079,http://www.wikidata.org/entity/Q4513320,0,3,,56.4223,27.392
LVA,Letônia,Q64909076,http://www.wikidata.org/entity/Q4394501,0,8,,56.3056,26.7579
LVA,Letônia,Q64909686,http://www.wikidata.org/entity/Q4332236,0,28,,56.463,27.2608
LVA,Letônia,Q64909691,http://www.wikidata.org/entity/Q7427430,0,41,,56.3946,26.693
LVA,Letônia,Q64909689,http://www.wikidata.org/entity/Q4237879,0,9,,55.8768,27.1735
LVA,Letônia,Q64909784,http://www.wikidata.org/entity/Q3801137,0,19,,56.4077,26.473
LVA,Letônia,Q64909790,http://www.wikidata.org/entity/Q3801701,0,8,,56.4435,27.644
LVA,Letônia,Q64909791,http://www.wikidata.org/entity/Q2615101,0,20,,55.8317,26.5427
LVA,Letônia,Q64909789,http://www.wikidata.org/entity/Q10951083,0,23,,56.3022,26.3586
LVA,Letônia,Q64909795,http://www.wikidata.org/entity/Q4993629,0,17,,56.6559,27.748
LVA,Letônia,Q64909793,http://www.wikidata.org/entity/Q4469557,0,12,,55.9173,27.0633
LVA,Letônia,Q64909799,http://www.wikidata.org/entity/Q3801137,0,32,,56.4406,26.3675
LVA,Letônia,Q64909802,http://www.wikidata.org/entity/Q4993629,0,12,,56.6558,27.6732
LVA,Letônia,Q64909803,http://www.wikidata.org/entity/Q2340111,0,16,,56.0171,26.3791
LVA,Letônia,Q64909804,http://www.wikidata.org/entity/Q10951083,0,7,,56.372,26.242
LVA,Letônia,Q110652914,http://www.wikidata.org/entity/Q4212267,0,22,,57.077777777778,22.653888888889
LVA,Letônia,Q110652926,http://www.wikidata.org/entity/Q4212267,0,18,,57.029722222222,22.716111111111
LVA,Letônia,Q110653004,http://www.wikidata.org/entity/Q4212267,0,16,,57.101388888889,22.743333333333
LVA,Letônia,Q114255736,http://www.wikidata.org/entity/Q4194083,0,20,,57.150833333333,25.797777777778
LVA,Letônia,Q114256010,http://www.wikidata.org/entity/Q4194083,0,23,,57.168888888889,25.816666666667
LVA,Letônia,Q114258346,http://www.wikidata.org/entity/Q4539648,0,40,,57.156666666667,26.001111111111
LVA,Letônia,Q114267883,http://www.wikidata.org/entity/Q4539648,0,9,,57.1925,26.024722222222
LVA,Letônia,Q114267937,http://www.wikidata.org/entity/Q4539648,0,4,,57.18,25.934444444444
LVA,Letônia,Q114268025,http://www.wikidata.org/entity/Q4539648,0,17,,57.149444444444,26.060833333333
LVA,Letônia,Q114268494,http://www.wikidata.org/entity/Q4539648,0,12,,57.121111111111,25.919444444444
LVA,Letônia,Q114269773,http://www.wikidata.org/entity/Q4539648,0,7,,57.118055555556,25.933333333333
LVA,Letônia,Q114269958,http://www.wikidata.org/entity/Q4539648,0,3,,57.109166666667,25.96
LVA,Letônia,Q114269994,http://www.wikidata.org/entity/Q4539648,0,35,,57.123611111111,25.965277777778
LVA,Letônia,Q114270229,http://www.wikidata.org/entity/Q4539648,0,4,,57.125277777778,25.982777777778
LVA,Letônia,Q114270253,http://www.wikidata.org/entity/Q4539648,0,15,,57.136944444444,26.012777777778
LVA,Letônia,Q114270320,http://www.wikidata.org/entity/Q4539648,0,2,,57.124722222222,26.143611111111
LVA,Letônia,Q114270346,http://www.wikidata.org/entity/Q4539648,0,18,,57.15,26.070833333333
LVA,Letônia,Q114270493,http://www.wikidata.org/entity/Q4539648,0,18,,57.156388888889,26.057777777778
LVA,Letônia,Q114273436,http://www.wikidata.org/entity/Q4539648,0,11,,57.160277777778,26.090833333333
LVA,Letônia,Q114273460,http://www.wikidata.org/entity/Q4539648,0,17,,57.161944444444,26.107222222222
LVA,Letônia,Q114288174,http://www.wikidata.org/entity/Q4539648,0,12,,57.15,26.135
LVA,Letônia,Q114290385,http://www.wikidata.org/entity/Q4539648,0,11,,57.189722222222,26.078611111111
LVA,Letônia,Q114290898,http://www.wikidata.org/entity/Q4539648,0,11,,57.205833333333,26.007222222222
LVA,Letônia,Q114293366,http://www.wikidata.org/entity/Q4539648,0,16,,57.184444444444,25.966944444444
LVA,Letônia,Q114294426,http://www.wikidata.org/entity/Q4539648,0,11,,57.155277777778,25.961388888889
LVA,Letônia,Q114457528,http://www.wikidata.org/entity/Q3800897,0,29,,57.391111111111,25.526111111111
LVA,Letônia,Q114457565,http://www.wikidata.org/entity/Q3800897,0,47,,57.410277777778,25.525
LVA,Letônia,Q114457586,http://www.wikidata.org/entity/Q3800897,0,10,,57.459444444444,25.631944444444
LVA,Letônia,Q114457618,http://www.wikidata.org/entity/Q3800897,0,29,,57.418888888889,25.599166666667
LVA,Letônia,Q114457690,http://www.wikidata.org/entity/Q3800897,0,14,,57.43,25.605555555556
LVA,Letônia,Q114457737,http://www.wikidata.org/entity/Q3800897,0,15,,57.425,25.5175
LVA,Letônia,Q114486625,http://www.wikidata.org/entity/Q3800897,0,6,,57.434444444444,25.573611111111
LVA,Letônia,Q114487129,http://www.wikidata.org/entity/Q3800897,0,21,,57.403611111111,25.577777777778
LVA,Letônia,Q114487860,http://www.wikidata.org/entity/Q3800897,0,46,,57.442777777778,25.619444444444
LVA,Letônia,Q114494353,http://www.wikidata.org/entity/Q4261386,0,19,,57.398611111111,25.493888888889
LVA,Letônia,Q114495857,http://www.wikidata.org/entity/Q4261386,0,41,,57.397777777778,25.455277777778
LVA,Letônia,Q114495988,http://www.wikidata.org/entity/Q4261386,0,44,,57.364166666667,25.398611111111
LVA,Letônia,Q114496029,http://www.wikidata.org/entity/Q4261386,0,14,,57.370555555556,25.436388888889
LVA,Letônia,Q114496039,http://www.wikidata.org/entity/Q4261386,0,19,,57.376944444444,25.415555555556
LVA,Letônia,Q114568970,http://www.wikidata.org/entity/Q3801254,0,33,,57.327777777778,25.275277777778
LVA,Letônia,Q114569071,http://www.wikidata.org/entity/Q3801254,0,25,,57.335833333333,25.522222222222
LVA,Letônia,Q114618197,http://www.wikidata.org/entity/Q3801254,0,22,,57.337222222222,25.459722222222
LVA,Letônia,Q114620794,http://www.wikidata.org/entity/Q3801254,0,83,,57.334166666667,25.488888888889
LVA,Letônia,Q114621674,http://www.wikidata.org/entity/Q3801254,0,49,,57.309444444444,25.413055555556
LVA,Letônia,Q114644403,http://www.wikidata.org/entity/Q3801254,0,4,,57.331111111111,25.393611111111
LVA,Letônia,Q114644705,http://www.wikidata.org/entity/Q3801254,0,12,,57.322777777778,25.351388888889
LVA,Letônia,Q114644913,http://www.wikidata.org/entity/Q3801254,0,33,,57.328888888889,25.338333333333
LVA,Letônia,Q115674211,http://www.wikidata.org/entity/Q3218596,0,7,,56.682222222222,26.075555555556
LVA,Letônia,Q115696812,http://www.wikidata.org/entity/Q3218596,0,87,,56.7525,26.224444444444
LVA,Letônia,Q118186751,http://www.wikidata.org/entity/Q1023747,0,122,,56.693055555556,23.805
LVA,Letônia,Q64909082,http://www.wikidata.org/entity/Q2340111,0,21,,55.9231,26.4372
LVA,Letônia,Q64909086,http://www.wikidata.org/entity/Q4332229,0,23,,56.4574,27.2381
LVA,Letônia,Q64909084,http://www.wikidata.org/entity/Q6548977,0,40,,57.493,24.7166
LVA,Letônia,Q64909091,http://www.wikidata.org/entity/Q7427430,0,2,,56.3379,26.5893
LVA,Letônia,Q64909088,http://www.wikidata.org/entity/Q4332236,0,25,,56.4575,27.2467
LVA,Letônia,Q64909094,http://www.wikidata.org/entity/Q3801617,0,15,,57.2121,26.1514
LVA,Letônia,Q64909095,http://www.wikidata.org/entity/Q4405531,0,7,,56.5064,27.2028
LVA,Letônia,Q64909092,http://www.wikidata.org/entity/Q2340209,0,8,,55.9733,26.6324
LVA,Letônia,Q64909096,http://www.wikidata.org/entity/Q4237879,0,4,,55.95,27.2642
LVA,Letônia,Q64909102,http://www.wikidata.org/entity/Q10970334,0,15,,56.4156,26.2016
LVA,Letônia,Q64909149,http://www.wikidata.org/entity/Q13638499,0,11,,56.4876,27.7895
LVA,Letônia,Q64909152,http://www.wikidata.org/entity/Q4930966,0,19,,56.6973,22.6849
LVA,Letônia,Q64909158,http://www.wikidata.org/entity/Q3801137,0,6,,56.3963,26.4603
LVA,Letônia,Q64909161,http://www.wikidata.org/entity/Q3801137,0,6,,56.4526,26.4598
LVA,Letônia,Q64909169,http://www.wikidata.org/entity/Q4421441,0,1,,55.9378,27.3281
LVA,Letônia,Q64909223,http://www.wikidata.org/entity/Q2361089,0,0,,56.0096,27.2721
LVA,Letônia,Q64909226,http://www.wikidata.org/entity/Q12332326,0,18,,56.2656,26.745
LVA,Letônia,Q64909230,http://www.wikidata.org/entity/Q4469557,0,7,,55.8956,27.0133
LVA,Letônia,Q64909231,http://www.wikidata.org/entity/Q2361089,0,4,,55.9626,27.257
LVA,Letônia,Q64909229,http://www.wikidata.org/entity/Q2340266,0,8,,56.0506,26.4779
LVA,Letônia,Q64909238,http://www.wikidata.org/entity/Q2615106,0,19,,55.8009,26.378
LVA,Letônia,Q64909239,http://www.wikidata.org/entity/Q5121934,0,1,,56.5369,27.6181
LVA,Letônia,Q64909246,http://www.wikidata.org/entity/Q2615041,0,11,,55.9102,26.3356
LVA,Letônia,Q64909247,http://www.wikidata.org/entity/Q4237879,0,6,,55.8924,27.2363
LVA,Letônia,Q64909245,http://www.wikidata.org/entity/Q4149939,0,1,,56.5108,27.4105
LVA,Letônia,Q64909255,http://www.wikidata.org/entity/Q3801650,0,1,,56.3784,27.7325
LVA,Letônia,Q64909259,http://www.wikidata.org/entity/Q4993633,0,20,,56.2715,24.1716
LVA,Letônia,Q64909261,http://www.wikidata.org/entity/Q4442884,0,6,,56.4515,27.4878
LVA,Letônia,Q64909275,http://www.wikidata.org/entity/Q2340111,0,16,,56.0628,26.3764
LVA,Letônia,Q64909272,http://www.wikidata.org/entity/Q4993629,0,11,,56.6332,27.7147
LVA,Letônia,Q64909276,http://www.wikidata.org/entity/Q3473633,0,32,,56.9226,26.3596
LVA,Letônia,Q64909678,http://www.wikidata.org/entity/Q2361089,0,5,,55.991,27.2345
LVA,Letônia,Q64909676,http://www.wikidata.org/entity/Q10951083,0,14,,56.4033,26.2736
LVA,Letônia,Q64909682,http://www.wikidata.org/entity/Q2615041,0,23,,55.9219,26.3098
LVA,Letônia,Q64909681,http://www.wikidata.org/entity/Q4405531,0,4,,56.5009,27.1893
LVA,Letônia,Q64909684,http://www.wikidata.org/entity/Q3801462,0,11,,56.17,26.2786
LVA,Letônia,Q64909685,http://www.wikidata.org/entity/Q4332229,0,11,,56.4622,27.274
LVA,Letônia,Q94633488,http://www.wikidata.org/entity/Q7359909,0,36,,57.507777777778,22.700277777778
LVA,Letônia,Q94636757,http://www.wikidata.org/entity/Q7359909,0,5,,57.477777777778,22.723888888889
LVA,Letônia,Q94636933,http://www.wikidata.org/entity/Q7359909,0,6,,57.495833333333,22.659444444444
LVA,Letônia,Q110476526,http://www.wikidata.org/entity/Q4505333,0,37,,57.128333333333,22.8775
LVA,Letônia,Q110482384,http://www.wikidata.org/entity/Q4103436,0,40,,56.941666666667,22.581666666667
LVA,Letônia,Q110492816,http://www.wikidata.org/entity/Q4186262,0,20,,56.814722222222,22.714722222222
