iso3,country,city_qid,admin_q,is_cap,pop,yr,lat,lon
MAR,Marrocos,Q80985,http://www.wikidata.org/entity/Q1479285,0,1167842,,34.043333333333,-5.0033333333333
MAR,Marrocos,Q101625,http://www.wikidata.org/entity/Q1673256,0,1002697,,31.62947,-7.98108
MAR,Marrocos,Q126148,http://www.wikidata.org/entity/Q2392485,0,1275428,,35.776666666667,-5.8038888888889
MAR,Marrocos,Q144416,http://www.wikidata.org/entity/Q367864,0,36766,,34.9396,-2.7334
MAR,Marrocos,Q168470,http://www.wikidata.org/entity/Q3408874,0,155828,,33.602777777778,-7.5419444444444
MAR,Marrocos,Q170525,http://www.wikidata.org/entity/Q389976,0,538000,,30.421388888889,-9.5830555555556
MAR,Marrocos,Q178663,http://www.wikidata.org/entity/Q3408890,0,601000,,33.883333333333,-5.55
MAR,Marrocos,Q183405,http://www.wikidata.org/entity/Q637778,0,367249,,32.283333333333,-9.2333333333333
MAR,Marrocos,Q184459,http://www.wikidata.org/entity/Q367864,0,34025,,35.1575,-3.00166667
MAR,Marrocos,Q193802,http://www.wikidata.org/entity/Q1734717,0,614000,,34.686666666667,-1.9113888888889
MAR,Marrocos,Q204287,http://www.wikidata.org/entity/Q1257443,0,8214,,35.42673,-5.39591
MAR,Marrocos,Q216939,http://www.wikidata.org/entity/Q1368543,0,82962,,31.513023,-9.768696
MAR,Marrocos,Q219583,http://www.wikidata.org/entity/Q599606,0,237464,,33.2342,-8.5228
MAR,Marrocos,Q252511,http://www.wikidata.org/entity/Q1523840,0,8745,,32.96327,-7.81151
MAR,Marrocos,Q310350,http://www.wikidata.org/entity/Q1969619,0,56716,,35.247222222222,-3.9322222222222
MAR,Marrocos,Q532652,http://www.wikidata.org/entity/Q637778,0,21700,,32.23368,-8.9615
MAR,Marrocos,Q537462,http://www.wikidata.org/entity/Q367864,0,56582,,35.23422,-2.92516
MAR,Marrocos,Q540643,http://www.wikidata.org/entity/Q2301648,0,10501,,33.304405555556,-5.3398744444444
MAR,Marrocos,Q542826,http://www.wikidata.org/entity/Q389976,0,107621,,30.380492,-9.476324
MAR,Marrocos,Q553125,http://www.wikidata.org/entity/Q3408330,0,19162,,34.614722222222,-5.2886111111111
MAR,Marrocos,Q574469,http://www.wikidata.org/entity/Q1819589,0,150763,,34.214442,-4.008789
MAR,Marrocos,Q599897,http://www.wikidata.org/entity/Q895028,0,57360,,26.12681,-14.32129
MAR,Marrocos,Q600883,http://www.wikidata.org/entity/Q1662264,0,52663,,30.363333,-9.41444
MAR,Marrocos,Q602426,http://www.wikidata.org/entity/Q3408330,0,59606,,34.8,-5.6
MAR,Marrocos,Q605549,http://www.wikidata.org/entity/Q367864,0,26582,,35.15,-2.96666667
MAR,Marrocos,Q606775,http://www.wikidata.org/entity/Q1759567,0,133731,,35.183333333333,-6.15
MAR,Marrocos,Q632361,http://www.wikidata.org/entity/Q2672941,0,22696,,29.37975,-10.17299
MAR,Marrocos,Q647417,http://www.wikidata.org/entity/Q1149096,0,208612,,33.683333333333,-7.3833333333333
MAR,Marrocos,Q7903,http://www.wikidata.org/entity/Q649078,0,4370000,,33.599166666667,-7.62
MAR,Marrocos,Q47837,http://www.wikidata.org/entity/Q631610,0,270000,,27.15,-13.2
MAR,Marrocos,Q52603,http://www.wikidata.org/entity/Q1759567,0,126617,,35.0,-5.9
MAR,Marrocos,Q667275,http://www.wikidata.org/entity/Q599606,0,30247,,33.3736523,-8.0001633
MAR,Marrocos,Q762727,http://www.wikidata.org/entity/Q2092298,0,83496,,30.4711,-8.8778
MAR,Marrocos,Q818019,http://www.wikidata.org/entity/Q390331,0,171556,,33.002319,-7.619801
MAR,Marrocos,Q894941,http://www.wikidata.org/entity/Q631610,0,2519,,26.322777777778,-12.849722222222
MAR,Marrocos,Q990115,http://www.wikidata.org/entity/Q1820589,0,123738,,32.93,-5.66
MAR,Marrocos,Q1001887,http://www.wikidata.org/entity/Q2301648,0,14659,,33.533333333333,-5.1166666666667
MAR,Marrocos,Q1004716,http://www.wikidata.org/entity/Q367864,0,10678,,35.13333333,-2.41666667
MAR,Marrocos,Q1009308,http://www.wikidata.org/entity/Q1969535,0,86903,,33.83,-4.83
MAR,Marrocos,Q1010760,http://www.wikidata.org/entity/Q1629229,0,14211,,31.29383,-7.17601
MAR,Marrocos,Q1014625,http://www.wikidata.org/entity/Q2265471,0,8508,,29.82222222,-5.72083333
MAR,Marrocos,Q1169828,http://www.wikidata.org/entity/Q284878,0,35600,,34.85,-6.06694444
MAR,Marrocos,Q1169855,http://www.wikidata.org/entity/Q793763,0,9873,,31.96,-6.98
MAR,Marrocos,Q1170305,http://www.wikidata.org/entity/Q737483,0,98502,,33.811111111111,-6.7922222222222
MAR,Marrocos,Q1276800,http://www.wikidata.org/entity/Q2024447,0,12302,,31.47958,-4.40326
MAR,Marrocos,Q1300325,http://www.wikidata.org/entity/Q180994,0,19139,,27.416,-9.051
MAR,Marrocos,Q1324202,http://www.wikidata.org/entity/Q15125620,0,1089,,27.4264,-12.3919
MAR,Marrocos,Q1333077,http://www.wikidata.org/entity/Q737483,0,122705,,33.8644,-7.05836
MAR,Marrocos,Q3551,http://www.wikidata.org/entity/Q966104,1,621480,,34.025277777778,-6.8361111111111
MAR,Marrocos,Q4759,http://www.wikidata.org/entity/Q820802,0,10514,,35.085,-2.2391666666667
MAR,Marrocos,Q280853,http://www.wikidata.org/entity/Q367864,0,29628,,35.07083333,-2.93916667
MAR,Marrocos,Q302201,http://www.wikidata.org/entity/Q1072085,0,12196,,31.29923,-9.21704
MAR,Marrocos,Q345204,http://www.wikidata.org/entity/Q2410368,0,165463,,23.716666666667,-15.95
MAR,Marrocos,Q388222,http://www.wikidata.org/entity/Q2301648,0,11571,,33.2517,-5.02587
MAR,Marrocos,Q412703,http://www.wikidata.org/entity/Q1969619,0,5630,,35.193,-3.912
MAR,Marrocos,Q425646,http://www.wikidata.org/entity/Q1412034,0,14245,,32.116666666667,-1.2269444444444
MAR,Marrocos,Q505208,http://www.wikidata.org/entity/Q1629229,0,79218,,30.916666666667,-6.9166666666667
MAR,Marrocos,Q512217,http://www.wikidata.org/entity/Q2150989,0,22637,,31.25,-7.97916667
MAR,Marrocos,Q553133,http://www.wikidata.org/entity/Q1969542,0,16829,,34.22791,-5.74727
MAR,Marrocos,Q613913,http://www.wikidata.org/entity/Q367864,0,47599,,35.01037,-3.007294
MAR,Marrocos,Q621472,http://www.wikidata.org/entity/Q389976,0,5348,,30.545597,-9.709699
MAR,Marrocos,Q628903,http://www.wikidata.org/entity/Q1969619,0,10066,,35.07638889,-4.21666667
MAR,Marrocos,Q676778,http://www.wikidata.org/entity/Q2354922,0,46168,,35.171388888889,-5.2697222222222
MAR,Marrocos,Q683959,http://www.wikidata.org/entity/Q1412034,0,18806,,32.6444,-3.48462
MAR,Marrocos,Q730328,http://www.wikidata.org/entity/Q2392485,0,36039,,35.466666666667,-6.0333333333333
MAR,Marrocos,Q817275,http://www.wikidata.org/entity/Q367864,0,26884,,35.2735291,-3.0150692
MAR,Marrocos,Q894944,http://www.wikidata.org/entity/Q367864,0,44626,,35.12888889,-2.95194444
MAR,Marrocos,Q895029,http://www.wikidata.org/entity/Q1740686,0,47209,,32.76,-6.4
MAR,Marrocos,Q920156,http://www.wikidata.org/entity/Q2354922,0,29895,,35.06388889,-5.2025
MAR,Marrocos,Q936316,http://www.wikidata.org/entity/Q972535,0,76134,,28.433333333333,-11.1
MAR,Marrocos,Q952999,http://www.wikidata.org/entity/Q284878,0,24190,,34.62111111,-6.13361111
MAR,Marrocos,Q956049,http://www.wikidata.org/entity/Q1019461,0,14596,,32.57341,-6.4812
MAR,Marrocos,Q966350,http://www.wikidata.org/entity/Q1662264,0,107133,,30.294166666667,-9.4544444444444
MAR,Marrocos,Q1046653,http://www.wikidata.org/entity/Q1740735,0,131542,,33.81,-6.06
MAR,Marrocos,Q1158785,http://www.wikidata.org/entity/Q793763,0,21382,,32.20833333,-6.54027778
MAR,Marrocos,Q1165464,http://www.wikidata.org/entity/Q15125620,0,1108,,27.41805556,-12.98694444
MAR,Marrocos,Q1169573,http://www.wikidata.org/entity/Q1072085,0,27083,,31.59876,-9.02987
MAR,Marrocos,Q1380087,http://www.wikidata.org/entity/Q895028,0,6881,,25.15,-12.366666666667
MAR,Marrocos,Q1440541,http://www.wikidata.org/entity/Q970179,0,11298,,31.932,-7.26
MAR,Marrocos,Q1582100,http://www.wikidata.org/entity/Q2092298,0,3017,,30.397054039216,-8.6875248091859
MAR,Marrocos,Q1635606,http://www.wikidata.org/entity/Q737483,0,313510,,33.923366666667,-6.9076472222222
MAR,Marrocos,Q1657147,http://www.wikidata.org/entity/Q1629229,0,14804,,31.22822222,-7.42368056
MAR,Marrocos,Q1724990,http://www.wikidata.org/entity/Q1740686,0,95267,,32.861948258202,-6.5710591363745
MAR,Marrocos,Q1799331,http://www.wikidata.org/entity/Q1969535,0,9343,,33.68333333,-4.81666667
MAR,Marrocos,Q1876685,http://www.wikidata.org/entity/Q516261,0,36326,,33.36111111,-7.61138889
MAR,Marrocos,Q1942317,http://www.wikidata.org/entity/Q1969619,0,9513,,35.0675,-4.4241666666667
MAR,Marrocos,Q2191860,http://www.wikidata.org/entity/Q2395317,0,168687,,33.27,-7.5872222222222
MAR,Marrocos,Q2294808,http://www.wikidata.org/entity/Q1523840,0,33469,,33.11194444,-7.40583333
MAR,Marrocos,Q2359952,http://www.wikidata.org/entity/Q3408411,0,95114,,34.26,-5.93
MAR,Marrocos,Q2363471,http://www.wikidata.org/entity/Q1673256,0,105790,,31.79574,-8.11208
MAR,Marrocos,Q2368725,http://www.wikidata.org/entity/Q284878,0,41093,,34.3111,-6.41613
MAR,Marrocos,Q2368770,http://www.wikidata.org/entity/Q3408411,0,22399,,34.37882,-5.84819
MAR,Marrocos,Q2368779,http://www.wikidata.org/entity/Q284878,0,22652,,34.222,-6.511
MAR,Marrocos,Q2368792,http://www.wikidata.org/entity/Q284878,0,9289,,34.93333333,-5.85
MAR,Marrocos,Q2368809,http://www.wikidata.org/entity/Q3408411,0,33007,,34.29333333,-6.15944444
MAR,Marrocos,Q2368837,http://www.wikidata.org/entity/Q3408411,0,11707,,34.185833333333,-5.8955555555556
MAR,Marrocos,Q2368874,http://www.wikidata.org/entity/Q3408411,0,24744,,34.33191,-5.98323
MAR,Marrocos,Q2368920,http://www.wikidata.org/entity/Q284878,0,11812,,34.76666667,-5.95
MAR,Marrocos,Q2369027,http://www.wikidata.org/entity/Q284878,0,23848,,34.335555555556,-6.4602777777778
MAR,Marrocos,Q2369044,http://www.wikidata.org/entity/Q284878,0,52679,,34.71666667,-6.26666667
MAR,Marrocos,Q2383366,http://www.wikidata.org/entity/Q2013946,0,17125,,35.84194444,-5.55861111
MAR,Marrocos,Q2384142,http://www.wikidata.org/entity/Q1662264,0,210870,,30.334166666667,-9.4972222222222
MAR,Marrocos,Q2541521,http://www.wikidata.org/entity/Q820802,0,32210,,34.8407,-2.35431
MAR,Marrocos,Q2542724,http://www.wikidata.org/entity/Q3408399,0,114872,,32.23,-7.95
MAR,Marrocos,Q2544562,http://www.wikidata.org/entity/Q1969619,0,14638,,34.940161,-4.320781
MAR,Marrocos,Q2544597,http://www.wikidata.org/entity/Q389976,0,46032,,30.48333333,-9.63333333
MAR,Marrocos,Q2544620,http://www.wikidata.org/entity/Q820802,0,20508,,34.95138889,-2.1025
MAR,Marrocos,Q2548730,http://www.wikidata.org/entity/Q1969671,0,39114,,34.53583333,-4.64
MAR,Marrocos,Q2737756,http://www.wikidata.org/entity/Q1969619,0,17834,,34.9,-4.5783333333333
MAR,Marrocos,Q2744413,http://www.wikidata.org/entity/Q3408330,0,10864,,34.91,-5.35361
MAR,Marrocos,Q2824317,http://www.wikidata.org/entity/Q1969535,0,2516,,33.623055555556,-4.4416666666667
MAR,Marrocos,Q2826830,http://www.wikidata.org/entity/Q1019461,0,13373,,32.40179,-5.55705
MAR,Marrocos,Q2826831,http://www.wikidata.org/entity/Q3408385,0,10296,,32.65773,-5.26004
MAR,Marrocos,Q2827329,http://www.wikidata.org/entity/Q1820589,0,36560,,33.15,-5.83333333
MAR,Marrocos,Q2876461,http://www.wikidata.org/entity/Q2540509,0,22780,,33.8167,-5.2749
MAR,Marrocos,Q2876499,http://www.wikidata.org/entity/Q1820589,0,19634,,32.76,-5.72333333
MAR,Marrocos,Q2876496,http://www.wikidata.org/entity/Q3408385,0,8431,,32.6444,-4.7409
MAR,Marrocos,Q3087932,http://www.wikidata.org/entity/Q1740735,0,19579,,33.42349,-6.00291
MAR,Marrocos,Q3307088,http://www.wikidata.org/entity/Q2672941,0,4267,,29.29899,-10.15231
MAR,Marrocos,Q3325520,http://www.wikidata.org/entity/Q599606,0,103993,,33.1978,-8.58833
MAR,Marrocos,Q3325534,http://www.wikidata.org/entity/Q1820589,0,9830,,33.25646,-6.13193
MAR,Marrocos,Q3325538,http://www.wikidata.org/entity/Q284878,0,32643,,34.8786,-6.29333
MAR,Marrocos,Q3325542,http://www.wikidata.org/entity/Q2150989,0,11813,,31.285833333333,-7.9655555555556
MAR,Marrocos,Q3331944,http://www.wikidata.org/entity/Q1072085,0,25342,,31.58,-8.493
MAR,Marrocos,Q466046,http://www.wikidata.org/entity/Q1611786,0,945101,,34.05,-6.816667
MAR,Marrocos,Q478207,http://www.wikidata.org/entity/Q284878,0,507736,,34.25,-6.5833333333333
MAR,Marrocos,Q596887,http://www.wikidata.org/entity/Q1629229,0,37465,,30.88,-6.91
MAR,Marrocos,Q617991,http://www.wikidata.org/entity/Q3483237,0,3446,,33.85,-7.03
MAR,Marrocos,Q686603,http://www.wikidata.org/entity/Q2540509,0,4276,,33.72222222,-5.66416667
MAR,Marrocos,Q817279,http://www.wikidata.org/entity/Q1019461,0,209594,,32.339444444444,-6.3608333333333
MAR,Marrocos,Q824594,http://www.wikidata.org/entity/Q367864,0,161726,,35.1667,-2.93333
MAR,Marrocos,Q842806,http://www.wikidata.org/entity/Q923219,0,126729,,28.983333333333,-10.066666666667
MAR,Marrocos,Q842810,http://www.wikidata.org/entity/Q1366420,0,57035,,26.739444444444,-11.670277777778
MAR,Marrocos,Q943310,http://www.wikidata.org/entity/Q2301648,0,5217,,33.395684722222,-5.3343275
MAR,Marrocos,Q984312,http://www.wikidata.org/entity/Q3408414,0,22724,,31.11689,-5.173731
MAR,Marrocos,Q986666,http://www.wikidata.org/entity/Q1629229,0,4576,,31.03808333,-6.57894444
MAR,Marrocos,Q1324274,http://www.wikidata.org/entity/Q2354922,0,4471,,35.205119444444,-4.6662
MAR,Marrocos,Q1678519,http://www.wikidata.org/entity/Q2150989,0,4827,,31.36694444,-8.13305556
MAR,Marrocos,Q1780997,http://www.wikidata.org/entity/Q546437,0,19544,,29.742777777778,-7.9725
MAR,Marrocos,Q1970952,http://www.wikidata.org/entity/Q15198365,0,67317,,33.62018,-7.1246
MAR,Marrocos,Q1980885,http://www.wikidata.org/entity/Q2024447,0,97687,,31.931944444444,-4.4244444444444
MAR,Marrocos,Q1982665,http://www.wikidata.org/entity/Q1440552,0,2876,,34.887311111111,-3.72785
MAR,Marrocos,Q2026640,http://www.wikidata.org/entity/Q972665,0,5832,,22.70937,-14.55998
MAR,Marrocos,Q2089594,http://www.wikidata.org/entity/Q1969542,0,75672,,34.21,-5.7
MAR,Marrocos,Q2281695,http://www.wikidata.org/entity/Q923219,0,12399,,29.21061111,-9.492875
MAR,Marrocos,Q2287316,http://www.wikidata.org/entity/Q1687516,0,59367,,34.31,-2.16
MAR,Marrocos,Q2294847,http://www.wikidata.org/entity/Q516261,0,200359,,33.44888889,-7.64861111
MAR,Marrocos,Q2329701,http://www.wikidata.org/entity/Q2165392,0,321876,,34.41,-2.89
MAR,Marrocos,Q2330467,http://www.wikidata.org/entity/Q3408363,0,90880,,34.23,-3.36
MAR,Marrocos,Q2368935,http://www.wikidata.org/entity/Q3408411,0,13491,,34.200277777778,-5.8297222222222
MAR,Marrocos,Q2388243,http://www.wikidata.org/entity/Q15125620,0,1516,,27.6704,-12.9553
MAR,Marrocos,Q2404500,http://www.wikidata.org/entity/Q1257443,0,10115,,35.53856,-5.41438
MAR,Marrocos,Q2414144,http://www.wikidata.org/entity/Q3408385,0,21713,,32.66526,-5.13207
MAR,Marrocos,Q2435042,http://www.wikidata.org/entity/Q367864,0,8788,,34.8333,-2.86667
MAR,Marrocos,Q3195478,http://www.wikidata.org/entity/Q367864,0,2858,,35.11916,-3.63824
MAR,Marrocos,Q3195491,http://www.wikidata.org/entity/Q1820589,0,7598,,32.79063,-5.34194
MAR,Marrocos,Q3304306,http://www.wikidata.org/entity/Q2150989,0,40283,,31.4562,-8.05316
MAR,Marrocos,Q3305200,http://www.wikidata.org/entity/Q2013946,0,18854,,35.73333333,-5.63333333
MAR,Marrocos,Q3306624,http://www.wikidata.org/entity/Q737483,0,26544,,33.88656,-6.8988
MAR,Marrocos,Q3325535,http://www.wikidata.org/entity/Q3325542,0,2609,,31.28,-7.96
MAR,Marrocos,Q3335196,http://www.wikidata.org/entity/Q1734717,0,1641,,34.60055556,-2.21666667
MAR,Marrocos,Q2435851,http://www.wikidata.org/entity/Q3408414,0,12391,,31.37384,-5.995581
MAR,Marrocos,Q2501764,http://www.wikidata.org/entity/Q3408887,0,67599,,35.68571,-5.32507
MAR,Marrocos,Q2501786,http://www.wikidata.org/entity/Q1740735,0,103850,,33.9,-6.33
MAR,Marrocos,Q2627209,http://www.wikidata.org/entity/Q3408420,0,67628,,32.25,-8.53
MAR,Marrocos,Q2637709,http://www.wikidata.org/entity/Q972665,0,9183,,21.615672,-16.468656
MAR,Marrocos,Q2747217,http://www.wikidata.org/entity/Q1969619,0,1903,,35.08,-3.96
MAR,Marrocos,Q2823003,http://www.wikidata.org/entity/Q984312,0,2500,,31.15,-5.1
MAR,Marrocos,Q2842628,http://www.wikidata.org/entity/Q1440552,0,9653,,35.173888888889,-3.26
MAR,Marrocos,Q2843153,http://www.wikidata.org/entity/Q1611786,0,75942,,34.095,-6.715
MAR,Marrocos,Q2844501,http://www.wikidata.org/entity/Q389976,0,10020,,30.53083333,-9.32833333
MAR,Marrocos,Q2857902,http://www.wikidata.org/entity/Q2339589,0,7658,,29.656851,-9.35208
MAR,Marrocos,Q2858006,http://www.wikidata.org/entity/Q2544597,0,44406,,30.49238,-9.6355
MAR,Marrocos,Q2895854,http://www.wikidata.org/entity/Q3408359,0,102019,,32.50705,-6.68858
MAR,Marrocos,Q3049730,http://www.wikidata.org/entity/Q2165392,0,41832,,34.5853,-2.50556
MAR,Marrocos,Q3193158,http://www.wikidata.org/entity/Q367864,0,5387,,35.12031,-2.7436
MAR,Marrocos,Q3193157,http://www.wikidata.org/entity/Q1257443,0,1494,,35.46979,-5.80003
MAR,Marrocos,Q2006438,http://www.wikidata.org/entity/Q1440552,0,15314,,35.122294,-3.637333
MAR,Marrocos,Q2094680,http://www.wikidata.org/entity/Q1440552,0,11452,,35.01917,-3.5684
MAR,Marrocos,Q2368948,http://www.wikidata.org/entity/Q284878,0,21374,,34.76666667,-6.05
MAR,Marrocos,Q2368983,http://www.wikidata.org/entity/Q284878,0,53545,,34.516111111111,-6.4275
MAR,Marrocos,Q2369007,http://www.wikidata.org/entity/Q284878,0,36452,,34.41666667,-6.43333333
MAR,Marrocos,Q2369020,http://www.wikidata.org/entity/Q3408411,0,32873,,34.18104,-6.06633
MAR,Marrocos,Q2398281,http://www.wikidata.org/entity/Q970179,0,16313,,31.8,-7.14
MAR,Marrocos,Q2676569,http://www.wikidata.org/entity/Q3408385,0,9164,,32.06375,-5.6386
MAR,Marrocos,Q2678389,http://www.wikidata.org/entity/Q1440552,0,11399,,35.12026,-3.33223
MAR,Marrocos,Q2782530,http://www.wikidata.org/entity/Q1368543,0,4769,,31.71638889,-9.14916667
MAR,Marrocos,Q2782535,http://www.wikidata.org/entity/Q1368543,0,6088,,31.74096,-9.06115
MAR,Marrocos,Q2782569,http://www.wikidata.org/entity/Q1072085,0,11764,,31.56166667,-8.89444444
MAR,Marrocos,Q2857997,http://www.wikidata.org/entity/Q2024447,0,12946,,31.73005,-4.13103
MAR,Marrocos,Q2859111,http://www.wikidata.org/entity/Q389976,0,5092,,30.735213,-9.533272
MAR,Marrocos,Q2859592,http://www.wikidata.org/entity/Q2092298,0,7999,,30.50646,-8.615742
MAR,Marrocos,Q2907474,http://www.wikidata.org/entity/Q1734717,0,10934,,34.82805556,-1.99361111
MAR,Marrocos,Q2907473,http://www.wikidata.org/entity/Q1412034,0,17557,,32.291377,-3.466015
MAR,Marrocos,Q2911924,http://www.wikidata.org/entity/Q1412034,0,11181,,32.0275,-3.03972222
MAR,Marrocos,Q2921480,http://www.wikidata.org/entity/Q1440552,0,11324,,35.20014,-3.64291
MAR,Marrocos,Q2921647,http://www.wikidata.org/entity/Q1759567,0,12584,,35.111388888889,-5.7822222222222
MAR,Marrocos,Q2921701,http://www.wikidata.org/entity/Q1740686,0,16041,,32.856736,-6.87803
MAR,Marrocos,Q2923477,http://www.wikidata.org/entity/Q3408359,0,40685,,32.43333333,-6.53333333
MAR,Marrocos,Q2925553,http://www.wikidata.org/entity/Q3408330,0,11496,,34.94338,-5.61493
MAR,Marrocos,Q2929225,http://www.wikidata.org/entity/Q793763,0,15246,,32.08333333,-7.05
MAR,Marrocos,Q3015955,http://www.wikidata.org/entity/Q3408359,0,31170,,32.31666667,-6.9
MAR,Marrocos,Q3050074,http://www.wikidata.org/entity/Q737483,0,11370,,33.855277777778,-6.8530555555556
MAR,Marrocos,Q3051316,http://www.wikidata.org/entity/Q1820589,0,16719,,32.74194444,-5.52305556
MAR,Marrocos,Q3055936,http://www.wikidata.org/entity/Q2024447,0,13461,,31.61637,-4.24334
MAR,Marrocos,Q2859627,http://www.wikidata.org/entity/Q284878,0,35077,,34.9,-5.91666667
MAR,Marrocos,Q2860899,http://www.wikidata.org/entity/Q2092298,0,5637,,30.778787,-9.125884
MAR,Marrocos,Q2875129,http://www.wikidata.org/entity/Q389976,0,3922,,30.785555555556,-9.5741666666667
MAR,Marrocos,Q2875186,http://www.wikidata.org/entity/Q1440552,0,6439,,34.90258,-3.63943
MAR,Marrocos,Q2876277,http://www.wikidata.org/entity/Q1969535,0,28584,,33.88333333,-5.03333333
MAR,Marrocos,Q2876283,http://www.wikidata.org/entity/Q3408330,0,4852,,34.61666667,-5.28333333
MAR,Marrocos,Q2876335,http://www.wikidata.org/entity/Q3408890,0,5551,,34.0071,-5.6182
MAR,Marrocos,Q2876451,http://www.wikidata.org/entity/Q3408385,0,12932,,33.85,-5.06667
MAR,Marrocos,Q2876500,http://www.wikidata.org/entity/Q793763,0,18538,,31.851388888889,-6.9658333333333
MAR,Marrocos,Q2876505,http://www.wikidata.org/entity/Q2424820,0,5018,,30.28333333,-9.11666667
MAR,Marrocos,Q2877663,http://www.wikidata.org/entity/Q2354922,0,25872,,34.9833,-4.91667
MAR,Marrocos,Q2895604,http://www.wikidata.org/entity/Q1149096,0,117653,,33.68777847,-7.33972216
MAR,Marrocos,Q2895855,http://www.wikidata.org/entity/Q793763,0,23675,,32.21,-6.722
MAR,Marrocos,Q2903881,http://www.wikidata.org/entity/Q793763,0,6098,,32.10833333,-6.475
MAR,Marrocos,Q2907466,http://www.wikidata.org/entity/Q1734717,0,6239,,34.86142,-2.02101
MAR,Marrocos,Q2907468,http://www.wikidata.org/entity/Q1969619,0,8112,,34.844444444444,-4.4230555555556
MAR,Marrocos,Q2907469,http://www.wikidata.org/entity/Q1969619,0,6796,,35.02277778,-4.14083333
MAR,Marrocos,Q3099183,http://www.wikidata.org/entity/Q1257443,0,11690,,35.4557,-5.12036
MAR,Marrocos,Q3100282,http://www.wikidata.org/entity/Q2424820,0,17946,,30.03333333,-9.63333333
MAR,Marrocos,Q3104753,http://www.wikidata.org/entity/Q1969671,0,7117,,34.62455,-4.91119
MAR,Marrocos,Q3110024,http://www.wikidata.org/entity/Q2265471,0,21603,,30.261222222222,-5.6820277777778
MAR,Marrocos,Q3111649,http://www.wikidata.org/entity/Q2024447,0,16593,,31.694444444444,-4.9591666666667
MAR,Marrocos,Q3111760,http://www.wikidata.org/entity/Q3408385,0,15952,,32.41974,-4.1413
MAR,Marrocos,Q3118857,http://www.wikidata.org/entity/Q1687516,0,2656,,34.233888888889,-2.2822222222222
MAR,Marrocos,Q3118884,http://www.wikidata.org/entity/Q1687516,0,5748,,34.48361111,-2.04555556
MAR,Marrocos,Q3119508,http://www.wikidata.org/entity/Q895063,0,24677,,33.3824,-4.83299
MAR,Marrocos,Q3120664,http://www.wikidata.org/entity/Q1523840,0,12289,,32.77205,-7.49419
MAR,Marrocos,Q3125514,http://www.wikidata.org/entity/Q1820589,0,7513,,33.13496,-6.1348
MAR,Marrocos,Q3125792,http://www.wikidata.org/entity/Q3408890,0,7150,,33.82605,-5.42221
MAR,Marrocos,Q3127439,http://www.wikidata.org/entity/Q737483,0,59775,,33.93675,-6.95273
MAR,Marrocos,Q3156016,http://www.wikidata.org/entity/Q3408385,0,10719,,32.96866,-5.05046
MAR,Marrocos,Q3196155,http://www.wikidata.org/entity/Q1969542,0,11860,,34.43333333,-5.66666667
MAR,Marrocos,Q3196273,http://www.wikidata.org/entity/Q1759567,0,7077,,35.25,-6.08333333
MAR,Marrocos,Q3214270,http://www.wikidata.org/entity/Q3408408,0,18258,,32.7446,-8.1942
MAR,Marrocos,Q3220085,http://www.wikidata.org/entity/Q820802,0,15493,,35.009444444444,-2.2597222222222
MAR,Marrocos,Q3260207,http://www.wikidata.org/entity/Q1673256,0,41761,,31.630802,-8.258507
MAR,Marrocos,Q3272361,http://www.wikidata.org/entity/Q3408414,0,8866,,31.72992,-5.88266
MAR,Marrocos,Q3299405,http://www.wikidata.org/entity/Q2672941,0,9828,,29.578234,-10.033965
MAR,Marrocos,Q3303130,http://www.wikidata.org/entity/Q3408363,0,11138,,34.50194444,-3.64277778
MAR,Marrocos,Q3334115,http://www.wikidata.org/entity/Q3408890,0,9471,,34.09805556,-5.41611111
MAR,Marrocos,Q3357931,http://www.wikidata.org/entity/Q1820589,0,8850,,32.71277778,-5.80416667
MAR,Marrocos,Q3357934,http://www.wikidata.org/entity/Q793763,0,14570,,32.16,-6.35
MAR,Marrocos,Q3358022,http://www.wikidata.org/entity/Q1687516,0,1407,,34.455,-1.90222
MAR,Marrocos,Q3358023,http://www.wikidata.org/entity/Q2301648,0,11028,,33.288844444444,-5.4896391666667
MAR,Marrocos,Q3358143,http://www.wikidata.org/entity/Q2150989,0,7727,,31.1755,-8.0782
MAR,Marrocos,Q3358154,http://www.wikidata.org/entity/Q3408408,0,12252,,32.3736,-8.53953
MAR,Marrocos,Q3358160,http://www.wikidata.org/entity/Q599606,0,20176,,32.96666667,-8.23333333
MAR,Marrocos,Q3358161,http://www.wikidata.org/entity/Q599606,0,9243,,33.17628,-8.60873
MAR,Marrocos,Q3358170,http://www.wikidata.org/entity/Q1019461,0,21636,,32.2878,-6.43278
MAR,Marrocos,Q3358172,http://www.wikidata.org/entity/Q1019461,0,27773,,32.4167,-6.33333
MAR,Marrocos,Q3358176,http://www.wikidata.org/entity/Q1819589,0,18933,,34.283333333333,-4.3166666666667
MAR,Marrocos,Q3358266,http://www.wikidata.org/entity/Q1479285,0,56352,,33.91444,-4.95699
MAR,Marrocos,Q3358330,http://www.wikidata.org/entity/Q1368543,0,13310,,31.53361111,-9.55361111
MAR,Marrocos,Q3358491,http://www.wikidata.org/entity/Q1969671,0,15266,,34.5076,-4.9474
MAR,Marrocos,Q3405481,http://www.wikidata.org/entity/Q599606,0,32694,,32.81666667,-8.5
MAR,Marrocos,Q3408880,http://www.wikidata.org/entity/Q649078,0,537509,,33.57361111,-7.67611111
MAR,Marrocos,Q3419768,http://www.wikidata.org/entity/Q1523840,0,3561,,32.98333333,-7.4
MAR,Marrocos,Q3419779,http://www.wikidata.org/entity/Q1969535,0,6693,,34.0,-4.71666667
MAR,Marrocos,Q3441236,http://www.wikidata.org/entity/Q1740735,0,12297,,33.53333,-6.6
MAR,Marrocos,Q3460496,http://www.wikidata.org/entity/Q737483,0,15552,,33.82012,-7.03335
MAR,Marrocos,Q3474906,http://www.wikidata.org/entity/Q2672941,0,7551,,29.1522,-10.201
MAR,Marrocos,Q3476959,http://www.wikidata.org/entity/Q599606,0,1850,,32.50288,-8.57472
MAR,Marrocos,Q3482552,http://www.wikidata.org/entity/Q1611786,0,24913,,34.0275,-6.65
MAR,Marrocos,Q3483152,http://www.wikidata.org/entity/Q2150989,0,43237,,31.518333333333,-7.8494444444444
MAR,Marrocos,Q3483165,http://www.wikidata.org/entity/Q637778,0,6180,,35.09777778,-3.83166667
MAR,Marrocos,Q3483176,http://www.wikidata.org/entity/Q1819589,0,12354,,34.816666666667,-3.7286111111111
MAR,Marrocos,Q3483181,http://www.wikidata.org/entity/Q284878,0,22266,,34.51972222,-6.32361111
MAR,Marrocos,Q3483203,http://www.wikidata.org/entity/Q1687516,0,3507,,34.477706,-1.733636
MAR,Marrocos,Q3483204,http://www.wikidata.org/entity/Q1611786,0,43598,,34.12447,-6.74798
MAR,Marrocos,Q3483209,http://www.wikidata.org/entity/Q599606,0,7663,,33.2312,-8.54738
MAR,Marrocos,Q3483233,http://www.wikidata.org/entity/Q1523840,0,22360,,33.1119,-7.40583
MAR,Marrocos,Q3483238,http://www.wikidata.org/entity/Q1019461,0,20455,,32.38333333,-6.41666667
MAR,Marrocos,Q3483237,http://www.wikidata.org/entity/Q1479285,0,5748,,34.02777778,-4.88333333
MAR,Marrocos,Q3483246,http://www.wikidata.org/entity/Q2165392,0,10260,,34.099869,-2.62188
MAR,Marrocos,Q3483251,http://www.wikidata.org/entity/Q2392485,0,11899,,35.37,-5.97
MAR,Marrocos,Q3483271,http://www.wikidata.org/entity/Q1149096,0,30254,,33.615555555556,-7.3497222222222
MAR,Marrocos,Q3483272,http://www.wikidata.org/entity/Q649078,0,551443,,33.594722222222,-7.5269444444444
MAR,Marrocos,Q3483299,http://www.wikidata.org/entity/Q284878,0,76227,,32.16,-8.58
MAR,Marrocos,Q3483305,http://www.wikidata.org/entity/Q1673256,0,17130,,31.670555555556,-8.3455555555556
MAR,Marrocos,Q3486243,http://www.wikidata.org/entity/Q3408399,0,15565,,32.4833,-7.91667
MAR,Marrocos,Q3486986,http://www.wikidata.org/entity/Q1368543,0,8883,,31.21361111,-9.70583333
MAR,Marrocos,Q3491585,http://www.wikidata.org/entity/Q3408414,0,17045,,31.309,-6.028
MAR,Marrocos,Q3513696,http://www.wikidata.org/entity/Q3408363,0,26540,,34.18805556,-3.70777778
MAR,Marrocos,Q3513742,http://www.wikidata.org/entity/Q389976,0,5739,,30.79756,-9.46753
MAR,Marrocos,Q3513777,http://www.wikidata.org/entity/Q1969535,0,2206,,33.541667,-4.291667
MAR,Marrocos,Q3513790,http://www.wikidata.org/entity/Q1368543,0,7342,,31.58527778,-9.25194444
MAR,Marrocos,Q3513793,http://www.wikidata.org/entity/Q820802,0,32210,,34.805555555556,-2.4113888888889
MAR,Marrocos,Q3514885,http://www.wikidata.org/entity/Q389976,0,19790,,30.7,-9.83333333
MAR,Marrocos,Q3514940,http://www.wikidata.org/entity/Q2424820,0,4868,,29.78333333,-9.16666667
MAR,Marrocos,Q3515253,http://www.wikidata.org/entity/Q3408385,0,2940,,32.825,-5.1477777777778
MAR,Marrocos,Q3516558,http://www.wikidata.org/entity/Q1819589,0,11530,,34.5556,-4.13472
MAR,Marrocos,Q3518036,http://www.wikidata.org/entity/Q1412034,0,15390,,33.05,-2.0
MAR,Marrocos,Q3528179,http://www.wikidata.org/entity/Q1740735,0,12485,,33.566666666667,-6.2658333333333
MAR,Marrocos,Q3528320,http://www.wikidata.org/entity/Q1820589,0,15788,,32.78222222,-5.65166667
MAR,Marrocos,Q3528327,http://www.wikidata.org/entity/Q990115,0,1701,,33.18557,-5.62646
MAR,Marrocos,Q3529259,http://www.wikidata.org/entity/Q2672941,0,12268,,29.388457,-9.960651
MAR,Marrocos,Q3529288,http://www.wikidata.org/entity/Q389976,0,10078,,30.745413,-9.328971
MAR,Marrocos,Q3529989,http://www.wikidata.org/entity/Q1819589,0,9852,,34.7625,-3.7952777777778
MAR,Marrocos,Q3530003,http://www.wikidata.org/entity/Q367864,0,10276,,34.98333333,-3.15
MAR,Marrocos,Q3532864,http://www.wikidata.org/entity/Q1687516,0,4638,,34.47722222,-1.76638889
MAR,Marrocos,Q3574981,http://www.wikidata.org/entity/Q3408385,0,14454,,32.818333333333,-4.9594444444444
MAR,Marrocos,Q3575180,http://www.wikidata.org/entity/Q970179,0,15996,,31.7131,-7.51718
MAR,Marrocos,Q3607218,http://www.wikidata.org/entity/Q2265471,0,5568,,30.66,-5.49
MAR,Marrocos,Q3784300,http://www.wikidata.org/entity/Q1368543,0,4877,,31.35555556,-9.79722222
MAR,Marrocos,Q3784301,http://www.wikidata.org/entity/Q1368543,0,5378,,31.42472222,-9.63583333
MAR,Marrocos,Q3981680,http://www.wikidata.org/entity/Q2265471,0,15169,,30.61,-8.01
MAR,Marrocos,Q4930987,http://www.wikidata.org/entity/Q2354922,0,12866,,34.848888888889,-5.0758333333333
MAR,Marrocos,Q4930990,http://www.wikidata.org/entity/Q1969619,0,9721,,34.811944444444,-4.1580555555556
MAR,Marrocos,Q4930988,http://www.wikidata.org/entity/Q2354922,0,12978,,34.816111111111,-5.1094444444444
MAR,Marrocos,Q4930989,http://www.wikidata.org/entity/Q1969619,0,9086,,34.783055555556,-4.4605555555556
MAR,Marrocos,Q4930994,http://www.wikidata.org/entity/Q1969619,0,9032,,34.711388888889,-4.52
MAR,Marrocos,Q4930995,http://www.wikidata.org/entity/Q1969619,0,10298,,35.0675,-4.3205555555556
MAR,Marrocos,Q4930992,http://www.wikidata.org/entity/Q1759567,0,10288,,35.325,-5.64217
MAR,Marrocos,Q4930993,http://www.wikidata.org/entity/Q1969619,0,6527,,34.7775,-4.3155555555556
MAR,Marrocos,Q4930998,http://www.wikidata.org/entity/Q2354922,0,14779,,35.056313,-5.068753
MAR,Marrocos,Q4930997,http://www.wikidata.org/entity/Q2354922,0,16568,,35.4473,-4.9731
MAR,Marrocos,Q6472051,http://www.wikidata.org/entity/Q2092298,0,19471,,30.3325,-9.2569444444444
MAR,Marrocos,Q6472090,http://www.wikidata.org/entity/Q599606,0,26192,,33.2875,-8.0083333333333
MAR,Marrocos,Q6472089,http://www.wikidata.org/entity/Q2354922,0,7284,,35.0291,-5.4048
MAR,Marrocos,Q6472108,http://www.wikidata.org/entity/Q3408408,0,34680,,32.616111111111,-8.6508333333333
MAR,Marrocos,Q6472109,http://www.wikidata.org/entity/Q2395317,0,18081,,33.194444444444,-7.8677777777778
MAR,Marrocos,Q3991198,http://www.wikidata.org/entity/Q2150989,0,22056,,31.4667,-7.61667
MAR,Marrocos,Q3991262,http://www.wikidata.org/entity/Q2150989,0,22971,,32.216667,-5.433333
MAR,Marrocos,Q4118513,http://www.wikidata.org/entity/Q15198365,0,12700,,33.591111111111,-7.2791666666667
MAR,Marrocos,Q4807050,http://www.wikidata.org/entity/Q3408330,0,13139,,34.85,-5.61666667
MAR,Marrocos,Q4807124,http://www.wikidata.org/entity/Q2092298,0,7458,,30.739338,-7.776705
MAR,Marrocos,Q4808335,http://www.wikidata.org/entity/Q2092298,0,5512,,30.21023,-8.88473
MAR,Marrocos,Q4808359,http://www.wikidata.org/entity/Q2092298,0,7275,,30.598135,-7.6523
MAR,Marrocos,Q4808362,http://www.wikidata.org/entity/Q2092298,0,8296,,30.560555555556,-8.0277777777778
MAR,Marrocos,Q4808848,http://www.wikidata.org/entity/Q1072085,0,8002,,31.2325,-8.4411111111111
MAR,Marrocos,Q4810308,http://www.wikidata.org/entity/Q3408414,0,8062,,31.94583333,-5.20833333
MAR,Marrocos,Q4842547,http://www.wikidata.org/entity/Q284878,0,38611,,34.770277777778,-6.3047222222222
MAR,Marrocos,Q4882219,http://www.wikidata.org/entity/Q2424820,0,36774,,30.031388888889,-9.5541666666667
MAR,Marrocos,Q4885992,http://www.wikidata.org/entity/Q972535,0,951,,28.176205,-11.48554
MAR,Marrocos,Q4887904,http://www.wikidata.org/entity/Q284878,0,43282,,34.758333333333,-6.0572222222222
MAR,Marrocos,Q4907017,http://www.wikidata.org/entity/Q2092298,0,6563,,30.7185332,-9.2100781
MAR,Marrocos,Q7681848,http://www.wikidata.org/entity/Q1969619,0,13711,,34.8223,-4.75124
MAR,Marrocos,Q3037410,http://www.wikidata.org/entity/Q28902428,0,837,,34.7381,-2.45244
MAR,Marrocos,Q3127970,http://www.wikidata.org/entity/Q28905578,0,1813,,31.5147,-5.53278
MAR,Marrocos,Q3148135,http://www.wikidata.org/entity/Q3408414,0,23218,,31.50558,-6.25111
MAR,Marrocos,Q3148139,http://www.wikidata.org/entity/Q3408420,0,22870,,31.85726,-8.8552
MAR,Marrocos,Q3149563,http://www.wikidata.org/entity/Q1969619,0,12051,,35.067,-3.967
MAR,Marrocos,Q3149573,http://www.wikidata.org/entity/Q389976,0,9353,,30.843374,-9.818566
MAR,Marrocos,Q3357941,http://www.wikidata.org/entity/Q28895177,0,630,,,
MAR,Marrocos,Q3423400,http://www.wikidata.org/entity/Q2339589,0,14328,,29.571569,-9.69719
MAR,Marrocos,Q3433149,http://www.wikidata.org/entity/Q820802,0,6008,,34.758333333333,-2.4311111111111
MAR,Marrocos,Q3513595,http://www.wikidata.org/entity/Q6004235,0,408,,31.15611111,-7.84611111
MAR,Marrocos,Q3515250,http://www.wikidata.org/entity/Q28891166,0,65,,,
MAR,Marrocos,Q3532931,http://www.wikidata.org/entity/Q2092298,0,3654,,29.953055555556,-8.7427777777778
MAR,Marrocos,Q3532937,http://www.wikidata.org/entity/Q1629229,0,11877,,31.2647,-6.59056
MAR,Marrocos,Q3532967,http://www.wikidata.org/entity/Q3408385,0,13424,,32.47733,-5.13477
MAR,Marrocos,Q3544425,http://www.wikidata.org/entity/Q6250,0,28848,,27.097944444444,-13.414472222222
MAR,Marrocos,Q3891617,http://www.wikidata.org/entity/Q2150989,0,6700,,30.99305556,-8.15277778
MAR,Marrocos,Q3915278,http://www.wikidata.org/entity/Q3408330,0,11260,,34.56716,-5.38092
MAR,Marrocos,Q3980098,http://www.wikidata.org/entity/Q2265471,0,10054,,30.62805557,-5.35555553
MAR,Marrocos,Q3980137,http://www.wikidata.org/entity/Q2265471,0,17553,,29.98333333,-5.56666667
MAR,Marrocos,Q4832115,http://www.wikidata.org/entity/Q2092298,0,6369,,30.18859,-8.16511
MAR,Marrocos,Q4832483,http://www.wikidata.org/entity/Q2150989,0,6865,,31.146718,-8.307092
MAR,Marrocos,Q4832907,http://www.wikidata.org/entity/Q2092298,0,5045,,30.209958112171,-8.0170338170577
MAR,Marrocos,Q4833263,http://www.wikidata.org/entity/Q1969671,0,25417,,34.48333333,-4.7
MAR,Marrocos,Q4833287,http://www.wikidata.org/entity/Q1969671,0,16693,,34.5,-4.55
MAR,Marrocos,Q4837221,http://www.wikidata.org/entity/Q1969542,0,8081,,34.245555555556,-5.6625
MAR,Marrocos,Q4915523,http://www.wikidata.org/entity/Q2410368,0,6597,,23.8883,-14.5306
MAR,Marrocos,Q4915563,http://www.wikidata.org/entity/Q1969542,0,11843,,34.331666666667,-5.665
MAR,Marrocos,Q4930986,http://www.wikidata.org/entity/Q1969619,0,9400,,35.072777777778,-4.0705555555556
MAR,Marrocos,Q4931002,http://www.wikidata.org/entity/Q1969619,0,9922,,35.003333333333,-4.4594444444444
MAR,Marrocos,Q4931003,http://www.wikidata.org/entity/Q793763,0,12390,,32.036388888889,-6.9480555555556
MAR,Marrocos,Q4931006,http://www.wikidata.org/entity/Q2354922,0,20811,,35.158611111111,-4.9127777777778
MAR,Marrocos,Q4931007,http://www.wikidata.org/entity/Q1969542,0,10014,,34.67475,-5.64953
MAR,Marrocos,Q4931004,http://www.wikidata.org/entity/Q1523840,0,12930,,32.65,-7.38333333
MAR,Marrocos,Q4931009,http://www.wikidata.org/entity/Q3408330,0,17799,,34.738055555556,-5.5441666666667
MAR,Marrocos,Q5501405,http://www.wikidata.org/entity/Q2092298,0,9005,,30.48923,-8.71121
MAR,Marrocos,Q5504804,http://www.wikidata.org/entity/Q895063,0,29594,,33.61666667,-3.55
MAR,Marrocos,Q5518168,http://www.wikidata.org/entity/Q1969671,0,19047,,34.55597,-4.85228
MAR,Marrocos,Q5557478,http://www.wikidata.org/entity/Q1969671,0,18081,,34.46666667,-5.3
MAR,Marrocos,Q5567503,http://www.wikidata.org/entity/Q2410368,0,7155,,23.44159,-13.78162
MAR,Marrocos,Q5987155,http://www.wikidata.org/entity/Q1368543,0,6432,,30.910833333333,-9.6019444444444
MAR,Marrocos,Q5987152,http://www.wikidata.org/entity/Q1368543,0,6650,,30.94354,-9.70284
MAR,Marrocos,Q5987160,http://www.wikidata.org/entity/Q2424820,0,3959,,29.861666666667,-9.0077777777778
MAR,Marrocos,Q5987164,http://www.wikidata.org/entity/Q2092298,0,6105,,30.598333333333,-9.0025
MAR,Marrocos,Q5987168,http://www.wikidata.org/entity/Q2092298,0,7880,,30.713333333333,-8.2347222222222
MAR,Marrocos,Q5991698,http://www.wikidata.org/entity/Q2150989,0,5695,,30.984352,-8.288587
MAR,Marrocos,Q6918850,http://www.wikidata.org/entity/Q15198365,0,9306,,33.446666666667,-7.3283333333333
MAR,Marrocos,Q6918954,http://www.wikidata.org/entity/Q1969619,0,9765,,34.940833333333,-4.4619444444444
MAR,Marrocos,Q6918953,http://www.wikidata.org/entity/Q1969542,0,8871,,34.64344,-5.78405
MAR,Marrocos,Q6918958,http://www.wikidata.org/entity/Q1969671,0,17235,,34.48333333,-5.11666667
MAR,Marrocos,Q6918957,http://www.wikidata.org/entity/Q793763,0,13797,,32.10734,-6.72012
MAR,Marrocos,Q7675285,http://www.wikidata.org/entity/Q793763,0,16412,,32.238055555556,-6.1194444444444
MAR,Marrocos,Q7678486,http://www.wikidata.org/entity/Q1368543,0,5322,,31.1875,-9.4505555555556
MAR,Marrocos,Q7681643,http://www.wikidata.org/entity/Q2354922,0,26748,,34.90381,-4.81506
MAR,Marrocos,Q7681845,http://www.wikidata.org/entity/Q3981680,0,376,,30.8171,-5.66
MAR,Marrocos,Q3128796,http://www.wikidata.org/entity/Q7903,0,537509,,31.55,-8.73333333
MAR,Marrocos,Q3135328,http://www.wikidata.org/entity/Q3408408,0,21742,,32.73333333,-9.01666667
MAR,Marrocos,Q3141700,http://www.wikidata.org/entity/Q637778,0,30025,,31.791702,-7.09262
MAR,Marrocos,Q3147885,http://www.wikidata.org/entity/Q389976,0,4279,,30.61,-9.3730555555556
MAR,Marrocos,Q3513834,http://www.wikidata.org/entity/Q923219,0,11207,,29.05645,-9.428009
MAR,Marrocos,Q3514410,http://www.wikidata.org/entity/Q1819589,0,2000,,34.734,-3.95
MAR,Marrocos,Q3514599,http://www.wikidata.org/entity/Q895063,0,4307,,33.5833,-4.18333
MAR,Marrocos,Q4418748,http://www.wikidata.org/entity/Q390366,0,56201,,32.655,-8.4292
MAR,Marrocos,Q4680871,http://www.wikidata.org/entity/Q1072085,0,7454,,31.1,-8.48333333
MAR,Marrocos,Q4688791,http://www.wikidata.org/entity/Q1072085,0,8129,,30.990833333333,-8.9772222222222
MAR,Marrocos,Q4688841,http://www.wikidata.org/entity/Q2339589,0,4205,,29.5,-8.833299
MAR,Marrocos,Q4690968,http://www.wikidata.org/entity/Q2092298,0,8848,,30.25093,-7.75171
MAR,Marrocos,Q4699274,http://www.wikidata.org/entity/Q2540509,0,16912,,33.73333333,-5.58333333
MAR,Marrocos,Q4699275,http://www.wikidata.org/entity/Q1969619,0,16462,,31.98333333,-5.78333333
MAR,Marrocos,Q4699689,http://www.wikidata.org/entity/Q1819589,0,14755,,34.744333333333,-3.9735
MAR,Marrocos,Q4700298,http://www.wikidata.org/entity/Q3408399,0,6006,,31.86666667,-7.65
MAR,Marrocos,Q4703980,http://www.wikidata.org/entity/Q1969542,0,18528,,34.473888888889,-5.9238888888889
MAR,Marrocos,Q4733854,http://www.wikidata.org/entity/Q895063,0,2698,,33.23593,-4.1565
MAR,Marrocos,Q4739434,http://www.wikidata.org/entity/Q2092298,0,4238,,30.216667,-8.75
MAR,Marrocos,Q4745989,http://www.wikidata.org/entity/Q2150989,0,6160,,31.209983,-8.183426
MAR,Marrocos,Q4930999,http://www.wikidata.org/entity/Q2354922,0,10378,,34.895277777778,-5.1547222222222
MAR,Marrocos,Q4931000,http://www.wikidata.org/entity/Q1759567,0,18032,,35.25765,-5.84055
MAR,Marrocos,Q4931015,http://www.wikidata.org/entity/Q1523840,0,13099,,32.7125,-7.54
MAR,Marrocos,Q4949212,http://www.wikidata.org/entity/Q1072085,0,8230,,31.193055555556,-9.2383333333333
MAR,Marrocos,Q4949231,http://www.wikidata.org/entity/Q1969671,0,18495,,34.36666667,-4.81666667
MAR,Marrocos,Q4949264,http://www.wikidata.org/entity/Q1969671,0,16652,,34.38333333,-5.01666667
MAR,Marrocos,Q4949269,http://www.wikidata.org/entity/Q3408399,0,9705,,32.28,-8.31
MAR,Marrocos,Q4949463,http://www.wikidata.org/entity/Q1969671,0,26236,,34.592222222222,-4.5491666666667
MAR,Marrocos,Q4949512,http://www.wikidata.org/entity/Q599606,0,14740,,32.8625,-8.06111111
MAR,Marrocos,Q4950471,http://www.wikidata.org/entity/Q2672941,0,4649,,29.33499,-9.275495
MAR,Marrocos,Q4950500,http://www.wikidata.org/entity/Q1368543,0,6627,,31.006111111111,-9.4041666666667
MAR,Marrocos,Q5573724,http://www.wikidata.org/entity/Q1072085,0,10675,,31.4175,-8.4116666666667
MAR,Marrocos,Q5613096,http://www.wikidata.org/entity/Q2165392,0,8222,,34.27103,-3.005285
MAR,Marrocos,Q5637534,http://www.wikidata.org/entity/Q1368543,0,9435,,31.58333333,-9.53333333
MAR,Marrocos,Q5661733,http://www.wikidata.org/entity/Q2013946,0,15491,,35.791944444444,-5.7205555555556
MAR,Marrocos,Q5669510,http://www.wikidata.org/entity/Q3408887,0,8111,,35.781111111111,-5.4011111111111
MAR,Marrocos,Q5760780,http://www.wikidata.org/entity/Q2424820,0,4360,,30.060277777778,-9.0138888888889
MAR,Marrocos,Q5968571,http://www.wikidata.org/entity/Q2392485,0,20541,,35.71666667,-5.8
MAR,Marrocos,Q5983792,http://www.wikidata.org/entity/Q2672941,0,5492,,29.453356,-9.315445
MAR,Marrocos,Q5986049,http://www.wikidata.org/entity/Q1072085,0,7402,,31.096111111111,-9.17
MAR,Marrocos,Q5992079,http://www.wikidata.org/entity/Q2092298,0,13832,,30.58232,-8.55436
MAR,Marrocos,Q5993936,http://www.wikidata.org/entity/Q2092298,0,10974,,30.615,-8.4491666666667
MAR,Marrocos,Q5994446,http://www.wikidata.org/entity/Q2150989,0,12454,,31.41805556,-7.68555556
MAR,Marrocos,Q5994457,http://www.wikidata.org/entity/Q2092298,0,9323,,30.746666666667,-7.9258333333333
MAR,Marrocos,Q6003965,http://www.wikidata.org/entity/Q2424820,0,12380,,30.1675,-9.2322222222222
MAR,Marrocos,Q6003971,http://www.wikidata.org/entity/Q2672941,0,2977,,29.07761,-10.10032
MAR,Marrocos,Q6003982,http://www.wikidata.org/entity/Q2092298,0,3053,,30.328621343924,-8.3926352342031
MAR,Marrocos,Q6004090,http://www.wikidata.org/entity/Q1072085,0,11363,,31.066666666667,-8.5316666666667
MAR,Marrocos,Q6004236,http://www.wikidata.org/entity/Q2410368,0,3345,,23.251807,-16.0814
MAR,Marrocos,Q6004240,http://www.wikidata.org/entity/Q793763,0,11175,,31.76727,-7.01078
MAR,Marrocos,Q6481810,http://www.wikidata.org/entity/Q3408399,0,10172,,32.050833333333,-7.6252777777778
MAR,Marrocos,Q6481811,http://www.wikidata.org/entity/Q599606,0,20929,,33.405,-8.1269444444444
MAR,Marrocos,Q6481809,http://www.wikidata.org/entity/Q2092298,0,11622,,30.57,-8.4877777777778
MAR,Marrocos,Q6482043,http://www.wikidata.org/entity/Q1969671,0,23690,,34.33285,-5.40242
MAR,Marrocos,Q6482123,http://www.wikidata.org/entity/Q2092298,0,5184,,30.608603761673,-9.0786515016235
MAR,Marrocos,Q6539397,http://www.wikidata.org/entity/Q1819589,0,17112,,34.012222222222,-4.5536111111111
MAR,Marrocos,Q6723851,http://www.wikidata.org/entity/Q2092298,0,12243,,30.427222222222,-8.8966666666667
MAR,Marrocos,Q6726176,http://www.wikidata.org/entity/Q820802,0,14659,,35.0133,-2.33972
MAR,Marrocos,Q6737908,http://www.wikidata.org/entity/Q3408890,0,20698,,33.818333333333,-5.5130555555556
MAR,Marrocos,Q6737912,http://www.wikidata.org/entity/Q1072085,0,14708,,31.3575,-8.5097222222222
MAR,Marrocos,Q6751865,http://www.wikidata.org/entity/Q2354922,0,16559,,35.13333333,-5.36666667
MAR,Marrocos,Q6787693,http://www.wikidata.org/entity/Q1819589,0,11964,,34.1,-4.55
MAR,Marrocos,Q6918959,http://www.wikidata.org/entity/Q1368543,0,6069,,31.64646,-9.67713
MAR,Marrocos,Q6964757,http://www.wikidata.org/entity/Q1019461,0,6433,,32.48027778,-5.90861111
MAR,Marrocos,Q6989822,http://www.wikidata.org/entity/Q1969619,0,11859,,35.012583333333,-3.8641944444444
MAR,Marrocos,Q7111281,http://www.wikidata.org/entity/Q2150989,0,50558,,31.33776,-7.76741
MAR,Marrocos,Q7113174,http://www.wikidata.org/entity/Q2092298,0,8141,,30.727777777778,-8.0369444444444
MAR,Marrocos,Q7283388,http://www.wikidata.org/entity/Q1072085,0,6578,,31.335555555556,-9.1172222222222
MAR,Marrocos,Q7294686,http://www.wikidata.org/entity/Q1969671,0,16280,,34.390277777778,-4.5072222222222
MAR,Marrocos,Q7319944,http://www.wikidata.org/entity/Q793763,0,10666,,32.162777777778,-6.7783333333333
MAR,Marrocos,Q7442827,http://www.wikidata.org/entity/Q2672941,0,8329,,29.42201,-9.56624
MAR,Marrocos,Q12191752,http://www.wikidata.org/entity/Q1368543,0,11638,,31.45694351,-9.31305599
MAR,Marrocos,Q12191863,http://www.wikidata.org/entity/Q1740735,0,14699,,34.032,-5.95396
MAR,Marrocos,Q12193191,http://www.wikidata.org/entity/Q3408408,0,16141,,32.693333333333,-8.4525
MAR,Marrocos,Q7442829,http://www.wikidata.org/entity/Q599606,0,11212,,32.777222222222,-8.6433333333333
MAR,Marrocos,Q7446089,http://www.wikidata.org/entity/Q1969542,0,28106,,34.558055555556,-6.0077777777778
MAR,Marrocos,Q7448318,http://www.wikidata.org/entity/Q1969542,0,10366,,34.224166666667,-5.4755555555556
MAR,Marrocos,Q7508609,http://www.wikidata.org/entity/Q1368543,0,7955,,31.832777777778,-9.3325
MAR,Marrocos,Q7508613,http://www.wikidata.org/entity/Q2092298,0,4087,,30.755908,-8.682957
MAR,Marrocos,Q7508621,http://www.wikidata.org/entity/Q1969542,0,9248,,34.711388888889,-5.815
MAR,Marrocos,Q7508627,http://www.wikidata.org/entity/Q1072085,0,9802,,31.561666666667,-8.8944444444444
MAR,Marrocos,Q7508630,http://www.wikidata.org/entity/Q2092298,0,4543,,30.33134,-8.60449
MAR,Marrocos,Q7508634,http://www.wikidata.org/entity/Q2092298,0,17914,,30.42,-9.1630555555556
MAR,Marrocos,Q7508639,http://www.wikidata.org/entity/Q1969542,0,34016,,34.558611111111,-6.1686111111111
MAR,Marrocos,Q7508655,http://www.wikidata.org/entity/Q1969542,0,11868,,34.799166666667,-5.8394444444444
MAR,Marrocos,Q7508659,http://www.wikidata.org/entity/Q1969542,0,16001,,34.5411,-5.75162
MAR,Marrocos,Q7508660,http://www.wikidata.org/entity/Q2150989,0,6540,,31.64333333,-7.47138889
MAR,Marrocos,Q7508671,http://www.wikidata.org/entity/Q2092298,0,4602,,29.944722222222,-8.5138888888889
MAR,Marrocos,Q7508668,http://www.wikidata.org/entity/Q2424820,0,72929,,30.23333333,-9.53333333
MAR,Marrocos,Q7508695,http://www.wikidata.org/entity/Q895063,0,9969,,33.026111111111,-4.0325
MAR,Marrocos,Q7508698,http://www.wikidata.org/entity/Q1072085,0,9378,,31.498055555556,-8.7827777777778
MAR,Marrocos,Q7508696,http://www.wikidata.org/entity/Q1969619,0,10592,,34.943888888889,-4.2930555555556
MAR,Marrocos,Q7508700,http://www.wikidata.org/entity/Q1969619,0,5861,,34.828055555556,-4.1005555555556
MAR,Marrocos,Q7508712,http://www.wikidata.org/entity/Q2092298,0,14878,,30.496944444444,-8.8211111111111
MAR,Marrocos,Q7678950,http://www.wikidata.org/entity/Q2150989,0,7866,,30.99027824,-8.17722225
MAR,Marrocos,Q7679444,http://www.wikidata.org/entity/Q2092298,0,5816,,30.731111111111,-8.5444444444444
MAR,Marrocos,Q7680244,http://www.wikidata.org/entity/Q2092298,0,4369,,30.851111111111,-8.9327777777778
MAR,Marrocos,Q7680555,http://www.wikidata.org/entity/Q2150989,0,10540,,31.551666666667,-7.5869444444444
MAR,Marrocos,Q7680596,http://www.wikidata.org/entity/Q2092298,0,5131,,30.614688119757,-8.8276590565283
MAR,Marrocos,Q7680986,http://www.wikidata.org/entity/Q2150989,0,16886,,31.3833,-8.38333
MAR,Marrocos,Q7681100,http://www.wikidata.org/entity/Q793763,0,12959,,31.919722222222,-6.6427777777778
MAR,Marrocos,Q7681120,http://www.wikidata.org/entity/Q1969671,0,22568,,34.683333333333,-4.1958333333333
MAR,Marrocos,Q7682288,http://www.wikidata.org/entity/Q793763,0,10891,,31.8667,-6.95
MAR,Marrocos,Q7682311,http://www.wikidata.org/entity/Q2354922,0,9236,,35.1091,-5.4577
MAR,Marrocos,Q7682365,http://www.wikidata.org/entity/Q2165392,0,7839,,34.3801,-2.4972
MAR,Marrocos,Q12181223,http://www.wikidata.org/entity/Q1740686,0,10072,,32.839722222222,-6.6947222222222
MAR,Marrocos,Q12181230,http://www.wikidata.org/entity/Q1257443,0,5612,,35.378611111111,-5.2297222222222
MAR,Marrocos,Q12181229,http://www.wikidata.org/entity/Q15198365,0,5504,,33.287777777778,-8.3422222222222
MAR,Marrocos,Q12181242,http://www.wikidata.org/entity/Q599606,0,25367,,32.953525,-8.697969
MAR,Marrocos,Q12181241,http://www.wikidata.org/entity/Q1740686,0,6149,,32.946388888889,-6.4341666666667
MAR,Marrocos,Q12181251,http://www.wikidata.org/entity/Q1740686,0,3076,,33.18211,-6.63704
MAR,Marrocos,Q12181248,http://www.wikidata.org/entity/Q1523840,0,12341,,32.793821,-7.212283
MAR,Marrocos,Q12181255,http://www.wikidata.org/entity/Q1740686,0,9273,,32.985833333333,-6.5769444444444
MAR,Marrocos,Q12181274,http://www.wikidata.org/entity/Q1950226,0,9444,,34.208333333333,-5.0522222222222
MAR,Marrocos,Q12181295,http://www.wikidata.org/entity/Q1740686,0,3594,,32.731944444444,-6.3644444444444
MAR,Marrocos,Q12181861,http://www.wikidata.org/entity/Q546437,0,3011,,30.00843,-7.84312
MAR,Marrocos,Q12181965,http://www.wikidata.org/entity/Q2092298,0,6634,,30.67893,-8.61293
MAR,Marrocos,Q12182367,http://www.wikidata.org/entity/Q1969535,0,12657,,33.808611111111,-4.3813888888889
MAR,Marrocos,Q12182392,http://www.wikidata.org/entity/Q2540509,0,10483,,33.666111111111,-5.4019444444444
MAR,Marrocos,Q12182670,http://www.wikidata.org/entity/Q2339589,0,2466,,29.668695,-9.062855
MAR,Marrocos,Q12182733,http://www.wikidata.org/entity/Q2092298,0,9718,,30.743611111111,-8.7633333333333
MAR,Marrocos,Q12182857,http://www.wikidata.org/entity/Q1969671,0,14681,,34.6725,-4.6275
MAR,Marrocos,Q12182900,http://www.wikidata.org/entity/Q1969671,0,5528,,34.568333333333,-4.5844444444444
MAR,Marrocos,Q12183037,http://www.wikidata.org/entity/Q2354922,0,12034,,35.3646,-4.93059
MAR,Marrocos,Q12184310,http://www.wikidata.org/entity/Q637778,0,14278,,32.541666666667,-9.2780555555556
MAR,Marrocos,Q12184357,http://www.wikidata.org/entity/Q1820589,0,5422,,33.012222222222,-5.6308333333333
MAR,Marrocos,Q12184451,http://www.wikidata.org/entity/Q1969671,0,8019,,34.3109,-4.72144
MAR,Marrocos,Q12184731,http://www.wikidata.org/entity/Q1969671,0,6593,,34.62554,-4.86223
MAR,Marrocos,Q12186725,http://www.wikidata.org/entity/Q1257443,0,11877,,35.319166666667,-5.3569444444444
MAR,Marrocos,Q12186968,http://www.wikidata.org/entity/Q1257443,0,3018,,35.396666666667,-5.7277777777778
MAR,Marrocos,Q4663230,http://www.wikidata.org/entity/Q2150989,0,10602,,31.57972222,-7.31222222
MAR,Marrocos,Q4664804,http://www.wikidata.org/entity/Q1969619,0,25817,,34.751944444444,-4.6572222222222
MAR,Marrocos,Q4670009,http://www.wikidata.org/entity/Q972535,0,651,,27.9015,-11.4494
MAR,Marrocos,Q4678367,http://www.wikidata.org/entity/Q1368543,0,3572,,31.23333333,-9.05
MAR,Marrocos,Q4680791,http://www.wikidata.org/entity/Q2092298,0,5503,,30.16807,-8.31938
MAR,Marrocos,Q4692403,http://www.wikidata.org/entity/Q2150989,0,5182,,30.903605,-8.403654
MAR,Marrocos,Q4692450,http://www.wikidata.org/entity/Q972665,0,1006,,22.47328,-13.62351
MAR,Marrocos,Q4692883,http://www.wikidata.org/entity/Q1368543,0,8934,,31.111666666667,-9.3788888888889
MAR,Marrocos,Q4693645,http://www.wikidata.org/entity/Q793763,0,11964,,31.98695,-6.48906
MAR,Marrocos,Q4695159,http://www.wikidata.org/entity/Q2165392,0,11931,,34.373531,-2.90364
MAR,Marrocos,Q4695161,http://www.wikidata.org/entity/Q2092298,0,8286,,30.312296,-9.106655
MAR,Marrocos,Q4695164,http://www.wikidata.org/entity/Q2092298,0,6339,,30.96192,-7.826806
MAR,Marrocos,Q4697338,http://www.wikidata.org/entity/Q1969542,0,24521,,34.59841228132,-5.5473264618201
MAR,Marrocos,Q4697344,http://www.wikidata.org/entity/Q3408890,0,15265,,34.0263,-5.79486
MAR,Marrocos,Q4697349,http://www.wikidata.org/entity/Q2165392,0,10265,,34.59486,-2.37204
MAR,Marrocos,Q4697354,http://www.wikidata.org/entity/Q3408890,0,3716,,33.894166666667,-5.7480555555556
MAR,Marrocos,Q4697365,http://www.wikidata.org/entity/Q1072085,0,5947,,31.127222222222,-8.9247222222222
MAR,Marrocos,Q4699226,http://www.wikidata.org/entity/Q793763,0,13548,,31.74839,-6.6134
MAR,Marrocos,Q4699227,http://www.wikidata.org/entity/Q1368543,0,5489,,30.914722222222,-9.2611111111111
MAR,Marrocos,Q4699224,http://www.wikidata.org/entity/Q2150989,0,8724,,31.648664,-7.2839
MAR,Marrocos,Q4704207,http://www.wikidata.org/entity/Q3408359,0,15451,,32.54424,-6.52976
MAR,Marrocos,Q4704358,http://www.wikidata.org/entity/Q1957680,0,95457,,33.47907,-7.52749
MAR,Marrocos,Q4747223,http://www.wikidata.org/entity/Q2339589,0,4847,,29.795746,-8.954965
MAR,Marrocos,Q4748877,http://www.wikidata.org/entity/Q2354922,0,10574,,35.238469,-4.79433
MAR,Marrocos,Q4761709,http://www.wikidata.org/entity/Q793763,0,3976,,32.066111111111,-5.9369444444444
MAR,Marrocos,Q4761784,http://www.wikidata.org/entity/Q2672941,0,8151,,29.421499,-9.192015
MAR,Marrocos,Q4770423,http://www.wikidata.org/entity/Q2150989,0,4353,,31.164166666667,-8.2566666666667
MAR,Marrocos,Q4778477,http://www.wikidata.org/entity/Q793763,0,16554,,30.63333333,-8.05
MAR,Marrocos,Q4778811,http://www.wikidata.org/entity/Q2424820,0,7476,,29.831111111111,-9.1766666666667
MAR,Marrocos,Q4782866,http://www.wikidata.org/entity/Q1368543,0,15981,,31.764166666667,-9.5344444444444
MAR,Marrocos,Q4784587,http://www.wikidata.org/entity/Q2339589,0,8119,,29.836655,-9.499065
MAR,Marrocos,Q4784585,http://www.wikidata.org/entity/Q2672941,0,4396,,29.390329,-9.91429
MAR,Marrocos,Q4784591,http://www.wikidata.org/entity/Q1969619,0,8110,,34.931944444444,-3.8358333333333
MAR,Marrocos,Q4931010,http://www.wikidata.org/entity/Q2354922,0,20904,,35.01082,-4.726245
MAR,Marrocos,Q4931011,http://www.wikidata.org/entity/Q2354922,0,11365,,34.996381,-5.045106
MAR,Marrocos,Q4931014,http://www.wikidata.org/entity/Q2354922,0,16987,,35.137222222222,-4.7105555555556
MAR,Marrocos,Q4949788,http://www.wikidata.org/entity/Q2339589,0,12572,,29.528299,-9.8044
MAR,Marrocos,Q4950036,http://www.wikidata.org/entity/Q2092298,0,6855,,30.270111111111,-8.7627777777778
MAR,Marrocos,Q4950440,http://www.wikidata.org/entity/Q1019461,0,7952,,32.356666666667,-5.835
MAR,Marrocos,Q5378987,http://www.wikidata.org/entity/Q895063,0,8364,,33.09338,-4.58481
MAR,Marrocos,Q6014369,http://www.wikidata.org/entity/Q2424820,0,42724,,30.105,-9.5641666666667
MAR,Marrocos,Q6064171,http://www.wikidata.org/entity/Q2354922,0,25021,,35.23,-4.8144
MAR,Marrocos,Q6072209,http://www.wikidata.org/entity/Q1072085,0,6037,,31.083333333333,-8.9563888888889
MAR,Marrocos,Q6088172,http://www.wikidata.org/entity/Q793763,0,2029,,32.2171,-6.28684
MAR,Marrocos,Q6473439,http://www.wikidata.org/entity/Q1523840,0,7457,,32.913888888889,-7.7019444444444
MAR,Marrocos,Q6473471,http://www.wikidata.org/entity/Q2395317,0,10854,,33.19139,-7.67007
MAR,Marrocos,Q12187750,http://www.wikidata.org/entity/Q15198365,0,4874,,33.35821,-7.25587
MAR,Marrocos,Q12187899,http://www.wikidata.org/entity/Q1740686,0,4936,,32.93611,-6.26973
MAR,Marrocos,Q12188091,http://www.wikidata.org/entity/Q1969671,0,7934,,34.587777777778,-4.62
MAR,Marrocos,Q6479579,http://www.wikidata.org/entity/Q2092298,0,10706,,30.41666667,-9.03333333
MAR,Marrocos,Q6481078,http://www.wikidata.org/entity/Q2395317,0,8863,,33.2,-7.5
MAR,Marrocos,Q6481808,http://www.wikidata.org/entity/Q2092298,0,11927,,30.372504,-9.047756
MAR,Marrocos,Q6482705,http://www.wikidata.org/entity/Q1969542,0,20461,,34.47585,-5.44449
MAR,Marrocos,Q6488478,http://www.wikidata.org/entity/Q1523840,0,11419,,32.405101,-7.148415
MAR,Marrocos,Q6488479,http://www.wikidata.org/entity/Q2540509,0,32377,,33.892777777778,-5.2038888888889
MAR,Marrocos,Q6539466,http://www.wikidata.org/entity/Q1740686,0,5769,,33.078888888889,-6.6638888888889
MAR,Marrocos,Q6539663,http://www.wikidata.org/entity/Q3408414,0,11120,,31.74831,-5.57346
MAR,Marrocos,Q6539686,http://www.wikidata.org/entity/Q546437,0,3203,,29.2275,-8.5386111111111
MAR,Marrocos,Q6539827,http://www.wikidata.org/entity/Q3408385,0,4560,,32.27214,-5.17607
MAR,Marrocos,Q6541542,http://www.wikidata.org/entity/Q2339589,0,3488,,29.7482,-9.23719
MAR,Marrocos,Q6802800,http://www.wikidata.org/entity/Q1759567,0,13175,,35.081388888889,-5.8402777777778
MAR,Marrocos,Q6929556,http://www.wikidata.org/entity/Q3408890,0,8355,,34.014166666667,-5.4619444444444
MAR,Marrocos,Q6930162,http://www.wikidata.org/entity/Q972535,0,1501,,28.01666667,-10.81666667
MAR,Marrocos,Q6949463,http://www.wikidata.org/entity/Q3408330,0,8695,,34.842222222222,-5.6841666666667
MAR,Marrocos,Q6949494,http://www.wikidata.org/entity/Q1523840,0,10938,,32.83503,-7.9444
MAR,Marrocos,Q7110394,http://www.wikidata.org/entity/Q970179,0,7399,,32.33333333,-7.75
MAR,Marrocos,Q7110393,http://www.wikidata.org/entity/Q895063,0,7813,,33.39527778,-3.58138889
MAR,Marrocos,Q7110399,http://www.wikidata.org/entity/Q1523840,0,4669,,32.506111111111,-7.1263888888889
MAR,Marrocos,Q7110396,http://www.wikidata.org/entity/Q970179,0,8150,,32.128888888889,-7.3472222222222
MAR,Marrocos,Q7110403,http://www.wikidata.org/entity/Q1019461,0,13366,,32.32777778,-6.50055556
MAR,Marrocos,Q7110400,http://www.wikidata.org/entity/Q1523840,0,11581,,32.610833333333,-7.625
MAR,Marrocos,Q7110404,http://www.wikidata.org/entity/Q3408411,0,33227,,34.41068,-5.79697
MAR,Marrocos,Q7110405,http://www.wikidata.org/entity/Q3408399,0,8554,,32.321666666667,-7.8963888888889
MAR,Marrocos,Q7110434,http://www.wikidata.org/entity/Q3408359,0,33732,,32.35,-6.63333333
MAR,Marrocos,Q7110433,http://www.wikidata.org/entity/Q970179,0,13243,,32.0775,-7.6122222222222
MAR,Marrocos,Q7334353,http://www.wikidata.org/entity/Q1523840,0,8984,,32.80312,-7.40409
MAR,Marrocos,Q7370731,http://www.wikidata.org/entity/Q1969619,0,9231,,35.140277777778,-4.1347222222222
MAR,Marrocos,Q7399580,http://www.wikidata.org/entity/Q1759567,0,18258,,35.24761,-6.06168
MAR,Marrocos,Q7399585,http://www.wikidata.org/entity/Q2395317,0,43776,,33.397777777778,-7.91
MAR,Marrocos,Q7399963,http://www.wikidata.org/entity/Q1072085,0,6606,,31.344166666667,-8.7052777777778
MAR,Marrocos,Q7449253,http://www.wikidata.org/entity/Q1019461,0,11122,,32.551388888889,-6.1869444444444
MAR,Marrocos,Q7454150,http://www.wikidata.org/entity/Q895063,0,3780,,33.30646,-4.46979
MAR,Marrocos,Q7508604,http://www.wikidata.org/entity/Q2424820,0,9524,,29.8989,-9.32293
MAR,Marrocos,Q7508605,http://www.wikidata.org/entity/Q3408890,0,12158,,34.001944444444,-5.3694444444444
MAR,Marrocos,Q7508681,http://www.wikidata.org/entity/Q3408399,0,6869,,31.85799,-7.74018
MAR,Marrocos,Q7508686,http://www.wikidata.org/entity/Q284878,0,21610,,34.914722222222,-6.0733333333333
MAR,Marrocos,Q7508687,http://www.wikidata.org/entity/Q793763,0,16229,,31.7275,-6.8338888888889
MAR,Marrocos,Q7508691,http://www.wikidata.org/entity/Q2092298,0,23160,,30.397777777778,-9.2419444444444
MAR,Marrocos,Q7508692,http://www.wikidata.org/entity/Q389976,0,10651,,30.466666666667,-9.3055555555556
MAR,Marrocos,Q7508724,http://www.wikidata.org/entity/Q1072085,0,9326,,31.13447,-8.78407
MAR,Marrocos,Q7508799,http://www.wikidata.org/entity/Q2092298,0,2865,,29.818638888889,-8.90225
MAR,Marrocos,Q7684334,http://www.wikidata.org/entity/Q793763,0,12503,,32.094444444444,-6.6025
MAR,Marrocos,Q7684332,http://www.wikidata.org/entity/Q1969542,0,15013,,34.418055555556,-5.5038888888889
MAR,Marrocos,Q7684336,http://www.wikidata.org/entity/Q1072085,0,10682,,31.21501,-9.09057
MAR,Marrocos,Q7684342,http://www.wikidata.org/entity/Q2092298,0,7818,,30.8075,-7.7883333333333
MAR,Marrocos,Q7685836,http://www.wikidata.org/entity/Q1368543,0,7870,,31.880555555556,-9.6611111111111
MAR,Marrocos,Q7685964,http://www.wikidata.org/entity/Q2424820,0,7300,,29.886666666667,-9.2044444444444
MAR,Marrocos,Q7687632,http://www.wikidata.org/entity/Q2424820,0,7115,,30.087777777778,-9.0883333333333
MAR,Marrocos,Q7687645,http://www.wikidata.org/entity/Q2354922,0,8139,,35.5167,-5.23333
MAR,Marrocos,Q7687659,http://www.wikidata.org/entity/Q2092298,0,7308,,30.488055555556,-7.8711111111111
MAR,Marrocos,Q7687866,http://www.wikidata.org/entity/Q2092298,0,5806,,30.248055555556,-8.7077777777778
MAR,Marrocos,Q7690401,http://www.wikidata.org/entity/Q2150989,0,15243,,31.6597,-7.40917
MAR,Marrocos,Q7690440,http://www.wikidata.org/entity/Q2092298,0,6856,,30.408333333333,-8.8269444444444
MAR,Marrocos,Q7695450,http://www.wikidata.org/entity/Q1969542,0,7396,,34.353611111111,-5.5616666666667
MAR,Marrocos,Q7702998,http://www.wikidata.org/entity/Q3408330,0,13046,,34.6667,-5.26667
MAR,Marrocos,Q7800909,http://www.wikidata.org/entity/Q793763,0,13661,,31.728611111111,-7.1936111111111
MAR,Marrocos,Q7801683,http://www.wikidata.org/entity/Q2092298,0,4915,,30.83539,-8.61251
MAR,Marrocos,Q7808055,http://www.wikidata.org/entity/Q2092298,0,4069,,30.11,-8.6486111111111
MAR,Marrocos,Q7810723,http://www.wikidata.org/entity/Q3408399,0,9932,,31.794722222222,-7.5736111111111
MAR,Marrocos,Q11131837,http://www.wikidata.org/entity/Q2092298,0,10736,,30.439088541225,-8.847259996105
MAR,Marrocos,Q12182859,http://www.wikidata.org/entity/Q1523840,0,5954,,32.846111111111,-7.7558333333333
MAR,Marrocos,Q12187698,http://www.wikidata.org/entity/Q1969671,0,16825,,34.7833,-4.93333
MAR,Marrocos,Q4695168,http://www.wikidata.org/entity/Q15198365,0,12841,,33.28333333,-7.2
MAR,Marrocos,Q4695681,http://www.wikidata.org/entity/Q2092298,0,21659,,30.452277777778,-8.9805555555556
MAR,Marrocos,Q4697329,http://www.wikidata.org/entity/Q3408330,0,11978,,34.93491,-5.46072
MAR,Marrocos,Q4697332,http://www.wikidata.org/entity/Q1523840,0,5318,,32.523333333333,-7.615
MAR,Marrocos,Q4697336,http://www.wikidata.org/entity/Q1523840,0,9151,,33.093888888889,-7.2355555555556
MAR,Marrocos,Q4699230,http://www.wikidata.org/entity/Q2092298,0,3575,,29.82479,-8.74134
MAR,Marrocos,Q4699231,http://www.wikidata.org/entity/Q793763,0,7840,,31.690833333333,-6.7163888888889
MAR,Marrocos,Q4699228,http://www.wikidata.org/entity/Q2424820,0,113236,,30.173888888889,-9.4880555555556
MAR,Marrocos,Q4699232,http://www.wikidata.org/entity/Q793763,0,11992,,31.603055555556,-6.6036111111111
MAR,Marrocos,Q4699233,http://www.wikidata.org/entity/Q895063,0,3580,,33.4094662,-4.3001282
MAR,Marrocos,Q4699239,http://www.wikidata.org/entity/Q1072085,0,6263,,30.937607,-8.723917
MAR,Marrocos,Q4699236,http://www.wikidata.org/entity/Q2150989,0,33076,,31.505833333333,-7.7161111111111
MAR,Marrocos,Q4699237,http://www.wikidata.org/entity/Q895063,0,2779,,33.5165,-4.347214
MAR,Marrocos,Q4699242,http://www.wikidata.org/entity/Q1072085,0,8847,,31.394166666667,-8.7725
MAR,Marrocos,Q4699243,http://www.wikidata.org/entity/Q2540509,0,22552,,33.762222222222,-5.335
MAR,Marrocos,Q4699240,http://www.wikidata.org/entity/Q3408399,0,7548,,32.215555555556,-8.1733333333333
MAR,Marrocos,Q4699247,http://www.wikidata.org/entity/Q2339589,0,5620,,29.623079,-9.29661
MAR,Marrocos,Q4699244,http://www.wikidata.org/entity/Q2150989,0,8812,,31.486111111111,-7.2038888888889
MAR,Marrocos,Q4699258,http://www.wikidata.org/entity/Q2424820,0,7715,,30.029722222222,-9.2477777777778
MAR,Marrocos,Q4699259,http://www.wikidata.org/entity/Q793763,0,1965,,32.131388888889,-6.5283333333333
MAR,Marrocos,Q4699257,http://www.wikidata.org/entity/Q2540509,0,6375,,33.725,-5.3388888888889
MAR,Marrocos,Q4699260,http://www.wikidata.org/entity/Q2339589,0,6270,,29.498026,-9.111875
MAR,Marrocos,Q5068404,http://www.wikidata.org/entity/Q1969619,0,8791,,34.95,-3.98333333
MAR,Marrocos,Q5086646,http://www.wikidata.org/entity/Q3408890,0,5540,,34.185,-5.3908333333333
MAR,Marrocos,Q5088731,http://www.wikidata.org/entity/Q972535,0,793,,28.47888889,-11.34777778
MAR,Marrocos,Q5088729,http://www.wikidata.org/entity/Q1969542,0,11522,,34.27039,-5.7302
MAR,Marrocos,Q5285423,http://www.wikidata.org/entity/Q3408890,0,28296,,33.937222222222,-5.4666666666667
MAR,Marrocos,Q5299550,http://www.wikidata.org/entity/Q28896167,0,41,,34.06666667,-5.61666667
MAR,Marrocos,Q5302210,http://www.wikidata.org/entity/Q1072085,0,17256,,31.215277777778,-8.7758333333333
MAR,Marrocos,Q5336609,http://www.wikidata.org/entity/Q2092298,0,7781,,30.552222222222,-9.2722222222222
MAR,Marrocos,Q5350784,http://www.wikidata.org/entity/Q2165392,0,3215,,33.78381,-2.90892
MAR,Marrocos,Q5351260,http://www.wikidata.org/entity/Q2092298,0,12811,,30.61666667,-8.21666667
MAR,Marrocos,Q5351492,http://www.wikidata.org/entity/Q2092298,0,23666,,30.35023,-9.122
MAR,Marrocos,Q5392453,http://www.wikidata.org/entity/Q1969542,0,19117,,34.443888888889,-6.0458333333333
MAR,Marrocos,Q5392456,http://www.wikidata.org/entity/Q895063,0,8333,,33.191944444444,-3.8508333333333
MAR,Marrocos,Q5447396,http://www.wikidata.org/entity/Q2354922,0,8104,,34.94988,-5.2411
MAR,Marrocos,Q6395311,http://www.wikidata.org/entity/Q1969619,0,17351,,34.88163,-4.68416
MAR,Marrocos,Q6401913,http://www.wikidata.org/entity/Q1969542,0,26246,,34.438333333333,-5.6844444444444
MAR,Marrocos,Q6434808,http://www.wikidata.org/entity/Q1072085,0,4540,,31.07,-9.2683333333333
MAR,Marrocos,Q6440690,http://www.wikidata.org/entity/Q895063,0,10614,,32.831666666667,-4.4019444444444
MAR,Marrocos,Q6440699,http://www.wikidata.org/entity/Q2013946,0,12703,,35.84277778,-5.55861111
MAR,Marrocos,Q6440696,http://www.wikidata.org/entity/Q1759567,0,17182,,34.951666666667,-5.9163888888889
MAR,Marrocos,Q6466536,http://www.wikidata.org/entity/Q3408408,0,14313,,32.55,-8.71666667
MAR,Marrocos,Q6466551,http://www.wikidata.org/entity/Q637778,0,5297,,32.68132,-9.09435
MAR,Marrocos,Q6466560,http://www.wikidata.org/entity/Q3408408,0,13314,,32.801388888889,-8.2330555555556
MAR,Marrocos,Q6466608,http://www.wikidata.org/entity/Q970179,0,10460,,31.911666666667,-7.335
MAR,Marrocos,Q6466609,http://www.wikidata.org/entity/Q3408408,0,18928,,32.631388888889,-8.4147222222222
MAR,Marrocos,Q6466617,http://www.wikidata.org/entity/Q970179,0,5910,,31.86,-7.3133333333333
MAR,Marrocos,Q6467609,http://www.wikidata.org/entity/Q3408399,0,13225,,32.288888888889,-8.0577777777778
MAR,Marrocos,Q6471952,http://www.wikidata.org/entity/Q1368543,0,6878,,31.5375,-9.4086111111111
MAR,Marrocos,Q6482766,http://www.wikidata.org/entity/Q1072085,0,27004,,31.58333333,-8.48333333
MAR,Marrocos,Q6488033,http://www.wikidata.org/entity/Q1759567,0,48253,,35.06555557,-6.09388876
MAR,Marrocos,Q6689625,http://www.wikidata.org/entity/Q1969671,0,16515,,34.289444444444,-4.9480555555556
MAR,Marrocos,Q6689834,http://www.wikidata.org/entity/Q1969619,0,6325,,35.10709,-3.89924
MAR,Marrocos,Q6711871,http://www.wikidata.org/entity/Q1368543,0,5463,,31.8848,-9.22789
MAR,Marrocos,Q6711869,http://www.wikidata.org/entity/Q3408890,0,30060,,34.04363,-5.26514
MAR,Marrocos,Q6804744,http://www.wikidata.org/entity/Q2165392,0,9400,,34.723282,-2.79183
MAR,Marrocos,Q6812236,http://www.wikidata.org/entity/Q2165392,0,8176,,34.5667,-3.0167
MAR,Marrocos,Q6822065,http://www.wikidata.org/entity/Q2165392,0,6469,,34.486839,-2.68829
MAR,Marrocos,Q7110390,http://www.wikidata.org/entity/Q3408408,0,8353,,32.570277777778,-8.1216666666667
MAR,Marrocos,Q7110389,http://www.wikidata.org/entity/Q2092298,0,12331,,30.558,-8.614
MAR,Marrocos,Q7110392,http://www.wikidata.org/entity/Q1523840,0,9513,,33.05,-7.38333333
MAR,Marrocos,Q7110415,http://www.wikidata.org/entity/Q970179,0,5011,,32.188333333333,-7.1808333333333
MAR,Marrocos,Q7110418,http://www.wikidata.org/entity/Q3408359,0,28438,,32.256666666667,-6.7838888888889
MAR,Marrocos,Q7110419,http://www.wikidata.org/entity/Q1072085,0,7513,,31.561666666667,-8.8944444444444
MAR,Marrocos,Q7110416,http://www.wikidata.org/entity/Q970179,0,6254,,32.301111111111,-7.2052777777778
MAR,Marrocos,Q7110417,http://www.wikidata.org/entity/Q2150989,0,6937,,31.2675,-8.2569444444444
MAR,Marrocos,Q7110422,http://www.wikidata.org/entity/Q599606,0,33380,,33.25,-8.3347222222222
MAR,Marrocos,Q7110420,http://www.wikidata.org/entity/Q1759567,0,22426,,35.093888888889,-5.9452777777778
MAR,Marrocos,Q7110421,http://www.wikidata.org/entity/Q1969542,0,11578,,34.493611111111,-5.7108333333333
MAR,Marrocos,Q7110426,http://www.wikidata.org/entity/Q970179,0,6616,,32.06666,-7.52778
MAR,Marrocos,Q7110432,http://www.wikidata.org/entity/Q15198365,0,9642,,33.535833333333,-7.1966666666667
MAR,Marrocos,Q7110519,http://www.wikidata.org/entity/Q2092298,0,8417,,30.86263,-8.15597
MAR,Marrocos,Q7110527,http://www.wikidata.org/entity/Q3408330,0,13627,,34.692777777778,-5.3313888888889
MAR,Marrocos,Q7508725,http://www.wikidata.org/entity/Q1368543,0,5102,,31.286666666667,-9.4469444444444
MAR,Marrocos,Q7508739,http://www.wikidata.org/entity/Q2092298,0,7507,,30.469444444444,-7.7719444444444
MAR,Marrocos,Q7508743,http://www.wikidata.org/entity/Q1368543,0,10055,,31.869166666667,-9.4497222222222
MAR,Marrocos,Q7508752,http://www.wikidata.org/entity/Q1368543,0,13343,,31.845,-9.1586111111111
MAR,Marrocos,Q7508760,http://www.wikidata.org/entity/Q2672941,0,7528,,29.29867,-9.825005
MAR,Marrocos,Q7508767,http://www.wikidata.org/entity/Q1072085,0,5684,,31.4047,-8.68602
MAR,Marrocos,Q7508764,http://www.wikidata.org/entity/Q1969542,0,7977,,34.501944444444,-5.7727777777778
MAR,Marrocos,Q7508765,http://www.wikidata.org/entity/Q1969671,0,18820,,34.22449,-4.64132
MAR,Marrocos,Q7508798,http://www.wikidata.org/entity/Q2092298,0,17673,,30.471916666667,-9.159
MAR,Marrocos,Q7564131,http://www.wikidata.org/entity/Q1759567,0,16903,,35.071666666667,-5.5702777777778
MAR,Marrocos,Q7616121,http://www.wikidata.org/entity/Q2150989,0,24159,,31.22555556,-7.67583333
MAR,Marrocos,Q7672893,http://www.wikidata.org/entity/Q793763,0,16401,,31.65805556,-6.42
MAR,Marrocos,Q7672931,http://www.wikidata.org/entity/Q793763,0,3877,,32.134444444444,-6.2991666666667
MAR,Marrocos,Q7673058,http://www.wikidata.org/entity/Q793763,0,8927,,32.00416,-6.82988
MAR,Marrocos,Q7673060,http://www.wikidata.org/entity/Q2092298,0,7849,,29.99583,-8.88111
MAR,Marrocos,Q7801163,http://www.wikidata.org/entity/Q1969619,0,7436,,35.02365,-3.91732
MAR,Marrocos,Q7801272,http://www.wikidata.org/entity/Q793763,0,3784,,32.30243,-5.94942
MAR,Marrocos,Q7801293,http://www.wikidata.org/entity/Q793763,0,11760,,31.628055555556,-6.9444444444444
MAR,Marrocos,Q7801610,http://www.wikidata.org/entity/Q2672941,0,8205,,29.381,-9.44338
MAR,Marrocos,Q7810515,http://www.wikidata.org/entity/Q2354922,0,12773,,35.413611111111,-5.0694444444444
MAR,Marrocos,Q7810516,http://www.wikidata.org/entity/Q2150989,0,5185,,31.245,-8.3186111111111
MAR,Marrocos,Q7810517,http://www.wikidata.org/entity/Q2092298,0,5995,,30.378822,-8.080475
MAR,Marrocos,Q7810526,http://www.wikidata.org/entity/Q2424820,0,2308,,29.958055555556,-9.1119444444444
MAR,Marrocos,Q7810524,http://www.wikidata.org/entity/Q2092298,0,5394,,30.844444444444,-8.39
MAR,Marrocos,Q7810790,http://www.wikidata.org/entity/Q2672941,0,5253,,29.2941,-10.0257
MAR,Marrocos,Q7810789,http://www.wikidata.org/entity/Q2339589,0,14632,,29.75476,-9.81422
MAR,Marrocos,Q7828525,http://www.wikidata.org/entity/Q2150989,0,11458,,31.533888888889,-7.4872222222222
MAR,Marrocos,Q7828533,http://www.wikidata.org/entity/Q2092298,0,9119,,30.9925,-7.8166666666667
MAR,Marrocos,Q7828757,http://www.wikidata.org/entity/Q2092298,0,2539,,30.068055555556,-8.8247222222222
MAR,Marrocos,Q7828832,http://www.wikidata.org/entity/Q2092298,0,9022,,30.393611111111,-8.3547222222222
MAR,Marrocos,Q8063409,http://www.wikidata.org/entity/Q1759567,0,12931,,35.23263,-5.73457
MAR,Marrocos,Q8064382,http://www.wikidata.org/entity/Q1969542,0,10245,,34.16666667,-5.53333333
MAR,Marrocos,Q8064399,http://www.wikidata.org/entity/Q2092298,0,8645,,30.61454,-7.82358
MAR,Marrocos,Q8066338,http://www.wikidata.org/entity/Q1072085,0,15950,,31.22,-8.6477777777778
MAR,Marrocos,Q8066336,http://www.wikidata.org/entity/Q2092298,0,13479,,30.471119,-9.119765
MAR,Marrocos,Q8066337,http://www.wikidata.org/entity/Q793763,0,11260,,31.8325,-6.1055555555556
MAR,Marrocos,Q8722892,http://www.wikidata.org/entity/Q2092298,0,3461,,30.049305,-8.578549
MAR,Marrocos,Q10334921,http://www.wikidata.org/entity/Q2265471,0,7742,,30.99635,-5.84035
MAR,Marrocos,Q11220738,http://www.wikidata.org/entity/Q2092298,0,9241,,30.710555555556,-8.34
MAR,Marrocos,Q11285966,http://www.wikidata.org/entity/Q895063,0,5743,,32.867126,-4.088692
MAR,Marrocos,Q12178335,http://www.wikidata.org/entity/Q546437,0,5066,,30.243055555556,-7.0502777777778
MAR,Marrocos,Q12181165,http://www.wikidata.org/entity/Q1740686,0,8927,,33.07979,-6.73249
MAR,Marrocos,Q12181179,http://www.wikidata.org/entity/Q1662264,0,15697,,30.376111111111,-9.3202777777778
MAR,Marrocos,Q12181187,http://www.wikidata.org/entity/Q2395317,0,6554,,33.348055555556,-7.3497222222222
MAR,Marrocos,Q12181202,http://www.wikidata.org/entity/Q637778,0,16979,,32.28333333,-9.23333333
MAR,Marrocos,Q12181214,http://www.wikidata.org/entity/Q2395317,0,7936,,33.269166666667,-7.2677777777778
MAR,Marrocos,Q12181212,http://www.wikidata.org/entity/Q516261,0,51621,,33.411666666667,-7.6625
MAR,Marrocos,Q12181218,http://www.wikidata.org/entity/Q1523840,0,6673,,32.448888888889,-7.2138888888889
MAR,Marrocos,Q12181219,http://www.wikidata.org/entity/Q1740686,0,15860,,32.905277777778,-6.9244444444444
MAR,Marrocos,Q12188202,http://www.wikidata.org/entity/Q2392485,0,7265,,35.651944444444,-5.7327777777778
MAR,Marrocos,Q12188222,http://www.wikidata.org/entity/Q2392485,0,6157,,35.3878,-6.04368
MAR,Marrocos,Q12188309,http://www.wikidata.org/entity/Q1257443,0,8733,,35.558611111111,-5.4697222222222
MAR,Marrocos,Q12189638,http://www.wikidata.org/entity/Q2024447,0,9360,,30.84773,-4.01106
MAR,Marrocos,Q12190035,http://www.wikidata.org/entity/Q1950226,0,14715,,34.206388888889,-5.1247222222222
MAR,Marrocos,Q12190692,http://www.wikidata.org/entity/Q3408408,0,23127,,32.571944444444,-8.8569444444444
MAR,Marrocos,Q12190990,http://www.wikidata.org/entity/Q1740686,0,4997,,32.731666666667,-6.9422222222222
MAR,Marrocos,Q12194323,http://www.wikidata.org/entity/Q3408385,0,5186,,32.505555555556,-4.4652777777778
MAR,Marrocos,Q12194780,http://www.wikidata.org/entity/Q1257443,0,11288,,35.26844,-5.31875
MAR,Marrocos,Q12195135,http://www.wikidata.org/entity/Q3408408,0,11879,,32.490833333333,-8.3780555555556
MAR,Marrocos,Q12195133,http://www.wikidata.org/entity/Q3408385,0,7502,,32.226944444444,-4.6475
MAR,Marrocos,Q12195145,http://www.wikidata.org/entity/Q1523840,0,11836,,32.866666666667,-7.2605555555556
MAR,Marrocos,Q12195151,http://www.wikidata.org/entity/Q1523840,0,9492,,33.18863,-7.05197
MAR,Marrocos,Q12195237,http://www.wikidata.org/entity/Q1523840,0,12787,,32.957222222222,-7.0730555555556
MAR,Marrocos,Q12195296,http://www.wikidata.org/entity/Q3408359,0,12614,,32.468611111111,-6.5883333333333
MAR,Marrocos,Q12195309,http://www.wikidata.org/entity/Q1969671,0,10855,,34.260555555556,-4.4138888888889
MAR,Marrocos,Q12195472,http://www.wikidata.org/entity/Q15198365,0,8654,,33.35326,-6.9069
MAR,Marrocos,Q12195486,http://www.wikidata.org/entity/Q1969535,0,10184,,33.98305556,-4.63972222
MAR,Marrocos,Q12195491,http://www.wikidata.org/entity/Q1740686,0,7661,,32.901944444444,-6.6813888888889
MAR,Marrocos,Q12195563,http://www.wikidata.org/entity/Q1819589,0,21132,,34.210555555556,-4.1461111111111
MAR,Marrocos,Q17009600,http://www.wikidata.org/entity/Q3408330,0,18198,,34.76091,-5.69006
MAR,Marrocos,Q17009906,http://www.wikidata.org/entity/Q1819589,0,9009,,34.309722222222,-3.9633333333333
MAR,Marrocos,Q17009915,http://www.wikidata.org/entity/Q1819589,0,4500,,34.280555555556,-4.075
MAR,Marrocos,Q17011331,http://www.wikidata.org/entity/Q1820589,0,39661,,32.9575,-5.6861111111111
MAR,Marrocos,Q17011622,http://www.wikidata.org/entity/Q1819589,0,11161,,34.44267,-4.17109
MAR,Marrocos,Q17011630,http://www.wikidata.org/entity/Q1523840,0,9718,,32.846666666667,-7.1319444444444
MAR,Marrocos,Q17013158,http://www.wikidata.org/entity/Q2424820,0,83442,,30.267222222222,-9.3719444444444
MAR,Marrocos,Q17013164,http://www.wikidata.org/entity/Q3408414,0,12050,,31.45,-5.55
MAR,Marrocos,Q18729679,http://www.wikidata.org/entity/Q15125620,0,2841,,28.095277777778,-12.048333333333
MAR,Marrocos,Q12198285,http://www.wikidata.org/entity/Q1368543,0,8605,,31.275555555556,-9.3747222222222
MAR,Marrocos,Q12198740,http://www.wikidata.org/entity/Q2540509,0,15241,,33.810277777778,-5.125
MAR,Marrocos,Q12199427,http://www.wikidata.org/entity/Q2024447,0,22600,,31.28,-4.2533333333333
MAR,Marrocos,Q12199428,http://www.wikidata.org/entity/Q1740686,0,6968,,32.8938,-6.24501
MAR,Marrocos,Q12199442,http://www.wikidata.org/entity/Q3408408,0,14955,,32.8606,-8.05303
MAR,Marrocos,Q12199460,http://www.wikidata.org/entity/Q1257443,0,8006,,35.502222222222,-5.6961111111111
MAR,Marrocos,Q12199491,http://www.wikidata.org/entity/Q1740686,0,7084,,32.77302,-6.15226
MAR,Marrocos,Q12199532,http://www.wikidata.org/entity/Q3408359,0,12885,,32.444166666667,-6.955
MAR,Marrocos,Q12199592,http://www.wikidata.org/entity/Q1819589,0,30683,,34.381944444444,-4.3761111111111
MAR,Marrocos,Q12199611,http://www.wikidata.org/entity/Q1819589,0,15033,,34.327222222222,-4.2038888888889
MAR,Marrocos,Q12199612,http://www.wikidata.org/entity/Q1257443,0,5364,,35.295,-5.3969444444444
MAR,Marrocos,Q12199659,http://www.wikidata.org/entity/Q3408408,0,17843,,32.86066,-8.053
MAR,Marrocos,Q12214560,http://www.wikidata.org/entity/Q970179,0,29569,,31.7453,-7.38968
MAR,Marrocos,Q12214765,http://www.wikidata.org/entity/Q1759567,0,25289,,35.0546,-6.0224
MAR,Marrocos,Q12214854,http://www.wikidata.org/entity/Q1257443,0,13492,,35.521388888889,-5.3408333333333
MAR,Marrocos,Q12229498,http://www.wikidata.org/entity/Q3408385,0,15019,,32.233055555556,-4.3038888888889
MAR,Marrocos,Q16952423,http://www.wikidata.org/entity/Q367864,0,17090,,35.153611111111,-2.9861111111111
MAR,Marrocos,Q16966952,http://www.wikidata.org/entity/Q1819589,0,8992,,34.501944444444,-4.1566666666667
MAR,Marrocos,Q17003635,http://www.wikidata.org/entity/Q1819589,0,24600,,34.195555555556,-4.2002777777778
MAR,Marrocos,Q17004047,http://www.wikidata.org/entity/Q1819589,0,12098,,34.623611111111,-3.8638888888889
MAR,Marrocos,Q17007740,http://www.wikidata.org/entity/Q3408363,0,14563,,33.991111111111,-3.2791666666667
MAR,Marrocos,Q17009094,http://www.wikidata.org/entity/Q1440552,0,9386,,35.116944444444,-3.4916666666667
MAR,Marrocos,Q4699250,http://www.wikidata.org/entity/Q793763,0,23696,,31.880281,-6.471136
MAR,Marrocos,Q4699248,http://www.wikidata.org/entity/Q1969619,0,8269,,35.1441,-3.98694
MAR,Marrocos,Q4699254,http://www.wikidata.org/entity/Q2424820,0,12122,,29.950833333333,-9.3875
MAR,Marrocos,Q4699252,http://www.wikidata.org/entity/Q2092298,0,10378,,30.541472222222,-8.7214722222222
MAR,Marrocos,Q4699253,http://www.wikidata.org/entity/Q793763,0,3330,,32.074722222222,-6.3516666666667
MAR,Marrocos,Q4699262,http://www.wikidata.org/entity/Q3408890,0,19079,,33.85856,-5.67959
MAR,Marrocos,Q4699263,http://www.wikidata.org/entity/Q1019461,0,9893,,32.662777777778,-5.8883333333333
MAR,Marrocos,Q4699261,http://www.wikidata.org/entity/Q2540509,0,4819,,33.729166666667,-5.7283333333333
MAR,Marrocos,Q4699265,http://www.wikidata.org/entity/Q793763,0,3405,,32.351666666667,-6.0097222222222
MAR,Marrocos,Q4699270,http://www.wikidata.org/entity/Q2150989,0,21010,,31.634539,-7.644017
MAR,Marrocos,Q4699268,http://www.wikidata.org/entity/Q1368543,0,7373,,31.44296,-9.46487
MAR,Marrocos,Q5351532,http://www.wikidata.org/entity/Q2339589,0,8365,,29.850235,-9.657515
MAR,Marrocos,Q5351584,http://www.wikidata.org/entity/Q895063,0,6050,,33.445,-4.4480555555556
MAR,Marrocos,Q5351723,http://www.wikidata.org/entity/Q895063,0,7740,,33.4,-3.71666667
MAR,Marrocos,Q6101904,http://www.wikidata.org/entity/Q1969619,0,6365,,35.18333333,-4.0
MAR,Marrocos,Q6109543,http://www.wikidata.org/entity/Q3408399,0,10896,,31.5145,-8.75553
MAR,Marrocos,Q6123262,http://www.wikidata.org/entity/Q2540509,0,7867,,33.716388888889,-5.6727777777778
MAR,Marrocos,Q6123514,http://www.wikidata.org/entity/Q3408399,0,13193,,31.680555555556,-7.7280555555556
MAR,Marrocos,Q6137989,http://www.wikidata.org/entity/Q2013946,0,13362,,35.787777777778,-5.4677777777778
MAR,Marrocos,Q6159370,http://www.wikidata.org/entity/Q2395317,0,11511,,33.2925,-7.4405555555556
MAR,Marrocos,Q6168632,http://www.wikidata.org/entity/Q1969671,0,19076,,34.431388888889,-4.9641666666667
MAR,Marrocos,Q6294505,http://www.wikidata.org/entity/Q2013946,0,10039,,35.65,-5.68333333
MAR,Marrocos,Q6711886,http://www.wikidata.org/entity/Q2354922,0,12812,,35.205833333333,-4.6663888888889
MAR,Marrocos,Q6711890,http://www.wikidata.org/entity/Q970179,0,10946,,32.006666666667,-7.1308333333333
MAR,Marrocos,Q6721325,http://www.wikidata.org/entity/Q1740735,0,12171,,33.703888888889,-6.34
MAR,Marrocos,Q6723849,http://www.wikidata.org/entity/Q1523840,0,9355,,32.646593,-7.801887
MAR,Marrocos,Q7021714,http://www.wikidata.org/entity/Q1072085,0,6463,,31.259444444444,-8.8877777777778
MAR,Marrocos,Q7110229,http://www.wikidata.org/entity/Q2150989,0,6133,,31.291666666667,-8.0741666666667
MAR,Marrocos,Q7110279,http://www.wikidata.org/entity/Q3408890,0,16379,,33.93333333,-5.36666667
MAR,Marrocos,Q7110281,http://www.wikidata.org/entity/Q1072085,0,7516,,31.197436700192,-8.8883182571621
MAR,Marrocos,Q7110362,http://www.wikidata.org/entity/Q2150989,0,4861,,31.052777777778,-7.8613888888889
MAR,Marrocos,Q7110378,http://www.wikidata.org/entity/Q3408399,0,6787,,32.253611111111,-8.3972222222222
MAR,Marrocos,Q7110379,http://www.wikidata.org/entity/Q970179,0,7587,,31.822222222222,-7.4152777777778
MAR,Marrocos,Q7110376,http://www.wikidata.org/entity/Q970179,0,7015,,32.069722222222,-7.2141666666667
MAR,Marrocos,Q7110386,http://www.wikidata.org/entity/Q970179,0,6822,,32.146944444444,-7.2152777777778
MAR,Marrocos,Q7110387,http://www.wikidata.org/entity/Q1523840,0,8418,,32.593055555556,-7.0838888888889
MAR,Marrocos,Q7110388,http://www.wikidata.org/entity/Q3408359,0,15113,,32.295277777778,-6.6669444444444
MAR,Marrocos,Q7110406,http://www.wikidata.org/entity/Q599606,0,15205,,33.104302,-8.251262
MAR,Marrocos,Q7110407,http://www.wikidata.org/entity/Q599606,0,36018,,33.068055555556,-8.5108333333333
MAR,Marrocos,Q7110427,http://www.wikidata.org/entity/Q1523840,0,13866,,32.854444444444,-7.5386111111111
MAR,Marrocos,Q7110428,http://www.wikidata.org/entity/Q3408408,0,18902,,32.706944444444,-8.3136111111111
MAR,Marrocos,Q7508814,http://www.wikidata.org/entity/Q3408330,0,20782,,34.67169,-5.45467
MAR,Marrocos,Q7508818,http://www.wikidata.org/entity/Q3408890,0,20427,,33.83781,-5.44462
MAR,Marrocos,Q7536479,http://www.wikidata.org/entity/Q3408399,0,9079,,32.471944444444,-7.7558333333333
MAR,Marrocos,Q7536484,http://www.wikidata.org/entity/Q895063,0,8713,,33.518507,-4.542747
MAR,Marrocos,Q7674979,http://www.wikidata.org/entity/Q2092298,0,6635,,30.76666667,-8.38333333
MAR,Marrocos,Q7674989,http://www.wikidata.org/entity/Q2092298,0,9328,,30.704722222222,-8.8819444444444
MAR,Marrocos,Q7675261,http://www.wikidata.org/entity/Q1969619,0,5132,,34.7825,-4.52652
MAR,Marrocos,Q7802128,http://www.wikidata.org/entity/Q972535,0,1015,,28.2523,-11.0496
MAR,Marrocos,Q8066343,http://www.wikidata.org/entity/Q1969619,0,6709,,34.916666666667,-4.1275
MAR,Marrocos,Q8066341,http://www.wikidata.org/entity/Q1969535,0,4289,,33.85739,-4.49102
MAR,Marrocos,Q12199688,http://www.wikidata.org/entity/Q1257443,0,4823,,35.398611111111,-5.5119444444444
MAR,Marrocos,Q12201977,http://www.wikidata.org/entity/Q2339589,0,2396,,29.6718,-8.86331
MAR,Marrocos,Q12201992,http://www.wikidata.org/entity/Q1969671,0,14246,,34.625,-5.1241666666667
MAR,Marrocos,Q12202006,http://www.wikidata.org/entity/Q2354922,0,10659,,35.25,-5.18333
MAR,Marrocos,Q12202043,http://www.wikidata.org/entity/Q2672941,0,6273,,29.222,-9.98797
MAR,Marrocos,Q12202060,http://www.wikidata.org/entity/Q1019461,0,20023,,32.4333,-6.18333
MAR,Marrocos,Q12205807,http://www.wikidata.org/entity/Q2392485,0,4095,,35.55087,-5.84416
MAR,Marrocos,Q12205834,http://www.wikidata.org/entity/Q1440552,0,7120,,35.070833333333,-3.4216666666667
MAR,Marrocos,Q12211242,http://www.wikidata.org/entity/Q1523840,0,17632,,32.55,-7.5
MAR,Marrocos,Q12211244,http://www.wikidata.org/entity/Q2392485,0,5096,,35.57723,-5.76353
MAR,Marrocos,Q12214253,http://www.wikidata.org/entity/Q3408385,0,5454,,32.440277777778,-4.7113888888889
MAR,Marrocos,Q12215261,http://www.wikidata.org/entity/Q3408408,0,30286,,32.713888888889,-8.6194444444444
MAR,Marrocos,Q12215290,http://www.wikidata.org/entity/Q1950226,0,26750,,34.037777777778,-5.1372222222222
MAR,Marrocos,Q12215323,http://www.wikidata.org/entity/Q1950226,0,12423,,34.224722222222,-5.2952777777778
MAR,Marrocos,Q12217195,http://www.wikidata.org/entity/Q2395317,0,45285,,33.430833333333,-7.8683333333333
MAR,Marrocos,Q12217374,http://www.wikidata.org/entity/Q1257443,0,8699,,35.617222222222,-5.5008333333333
MAR,Marrocos,Q12229582,http://www.wikidata.org/entity/Q1629229,0,9843,,31.169722222222,-6.8041666666667
MAR,Marrocos,Q12230634,http://www.wikidata.org/entity/Q2024447,0,12653,,31.58738,-5.03594
MAR,Marrocos,Q12230635,http://www.wikidata.org/entity/Q2024447,0,23449,,31.5025,-5.0494444444444
MAR,Marrocos,Q12231079,http://www.wikidata.org/entity/Q1969671,0,12764,,34.611111111111,-4.4169444444444
MAR,Marrocos,Q12232934,http://www.wikidata.org/entity/Q2395317,0,15374,,33.353333333333,-7.4811111111111
MAR,Marrocos,Q12232933,http://www.wikidata.org/entity/Q1740686,0,9194,,32.94085,-6.59218
MAR,Marrocos,Q8066828,http://www.wikidata.org/entity/Q1969619,0,7122,,34.881944444444,-4.2802777777778
MAR,Marrocos,Q8069420,http://www.wikidata.org/entity/Q2150989,0,19926,,31.45,-7.4
MAR,Marrocos,Q8070008,http://www.wikidata.org/entity/Q3408330,0,16070,,34.636944444444,-5.2158333333333
MAR,Marrocos,Q8071339,http://www.wikidata.org/entity/Q15198365,0,14581,,33.48861,-7.03958
MAR,Marrocos,Q12179339,http://www.wikidata.org/entity/Q2339589,0,8867,,29.810459,-9.33275
MAR,Marrocos,Q12179345,http://www.wikidata.org/entity/Q2339589,0,13561,,29.599344,-9.87699
MAR,Marrocos,Q12188602,http://www.wikidata.org/entity/Q1759567,0,12632,,35.11666667,-5.95
MAR,Marrocos,Q12188712,http://www.wikidata.org/entity/Q2024447,0,9159,,31.32647,-4.32158
MAR,Marrocos,Q12188727,http://www.wikidata.org/entity/Q1523840,0,10245,,32.734166666667,-7.2033333333333
MAR,Marrocos,Q12188834,http://www.wikidata.org/entity/Q15198365,0,11266,,33.77653,-7.10129
MAR,Marrocos,Q12190991,http://www.wikidata.org/entity/Q2395317,0,6256,,33.146111111111,-7.4961111111111
MAR,Marrocos,Q12199513,http://www.wikidata.org/entity/Q2354922,0,24217,,35.113611111111,-4.9688888888889
MAR,Marrocos,Q12199519,http://www.wikidata.org/entity/Q1740686,0,8592,,32.78658,-6.60162
MAR,Marrocos,Q12199521,http://www.wikidata.org/entity/Q1969671,0,9038,,34.349166666667,-5.1925
MAR,Marrocos,Q12199675,http://www.wikidata.org/entity/Q3408359,0,15260,,32.576944444444,-6.84
MAR,Marrocos,Q12199678,http://www.wikidata.org/entity/Q1969671,0,8952,,34.630833333333,-4.3936111111111
MAR,Marrocos,Q12199676,http://www.wikidata.org/entity/Q1969671,0,11809,,34.589722222222,-4.4513888888889
MAR,Marrocos,Q12199685,http://www.wikidata.org/entity/Q1740686,0,10252,,32.98107,-6.83985
MAR,Marrocos,Q12232938,http://www.wikidata.org/entity/Q546437,0,7012,,29.417222222222,-8.2669444444444
MAR,Marrocos,Q12244542,http://www.wikidata.org/entity/Q649078,0,374707,,33.54055556,-7.5875
MAR,Marrocos,Q12244892,http://www.wikidata.org/entity/Q1257443,0,10874,,35.626388888889,-5.3413888888889
MAR,Marrocos,Q12245031,http://www.wikidata.org/entity/Q15198365,0,15692,,33.38333333,-7.13333333
MAR,Marrocos,Q12245176,http://www.wikidata.org/entity/Q284878,0,41434,,34.76666667,-5.51666667
MAR,Marrocos,Q12246368,http://www.wikidata.org/entity/Q1969671,0,8604,,34.483888888889,-5.2422222222222
MAR,Marrocos,Q12246427,http://www.wikidata.org/entity/Q3408385,0,3438,,32.7667,-4.63333
MAR,Marrocos,Q12246857,http://www.wikidata.org/entity/Q1950226,0,7303,,34.133888888889,-5.3319444444444
MAR,Marrocos,Q12246952,http://www.wikidata.org/entity/Q599606,0,16277,,32.893055555556,-8.4211111111111
MAR,Marrocos,Q12249490,http://www.wikidata.org/entity/Q2092298,0,2886,,30.327694444444,-8.4676111111111
MAR,Marrocos,Q12250433,http://www.wikidata.org/entity/Q1969671,0,9983,,34.26,-4.7833333333333
MAR,Marrocos,Q12250443,http://www.wikidata.org/entity/Q1523840,0,7808,,33.01666667,-7.33333333
MAR,Marrocos,Q12250843,http://www.wikidata.org/entity/Q1969671,0,8494,,34.675,-4.9066666666667
MAR,Marrocos,Q12252290,http://www.wikidata.org/entity/Q1523840,0,9861,,32.960833333333,-7.9222222222222
MAR,Marrocos,Q12252291,http://www.wikidata.org/entity/Q1019461,0,14701,,32.654166666667,-5.9213888888889
MAR,Marrocos,Q12252292,http://www.wikidata.org/entity/Q3408385,0,4716,,32.326666666667,-3.7655555555556
MAR,Marrocos,Q14218921,http://www.wikidata.org/entity/Q6004235,0,545,,31.16666667,-7.88333333
MAR,Marrocos,Q14218995,http://www.wikidata.org/entity/Q389976,0,6370,,30.67401,-9.56236
MAR,Marrocos,Q14224168,http://www.wikidata.org/entity/Q28889908,0,1377,,31.184722222222,-8.0325555555556
MAR,Marrocos,Q15277627,http://www.wikidata.org/entity/Q2165392,0,14984,,33.985107,-3.022563
MAR,Marrocos,Q15277645,http://www.wikidata.org/entity/Q793763,0,18868,,31.66666667,-7.06666667
MAR,Marrocos,Q16207821,http://www.wikidata.org/entity/Q793763,0,15408,,31.495833333333,-7.0530555555556
MAR,Marrocos,Q25454416,http://www.wikidata.org/entity/Q1673256,0,37450,,31.576944444444,-7.8083333333333
MAR,Marrocos,Q25454421,http://www.wikidata.org/entity/Q1673256,0,36493,,31.713888888889,-7.9972222222222
MAR,Marrocos,Q16208538,http://www.wikidata.org/entity/Q1759567,0,9991,,35.383,-5.83333
MAR,Marrocos,Q16739972,http://www.wikidata.org/entity/Q1740735,0,5514,,33.881666666667,-6.2711111111111
MAR,Marrocos,Q16739973,http://www.wikidata.org/entity/Q1740735,0,5077,,33.828055555556,-6.3761111111111
MAR,Marrocos,Q16740002,http://www.wikidata.org/entity/Q1740735,0,12320,,33.669378,-6.139375
MAR,Marrocos,Q16740014,http://www.wikidata.org/entity/Q1740735,0,6110,,33.888888888889,-5.9272222222222
MAR,Marrocos,Q16740015,http://www.wikidata.org/entity/Q1740735,0,10224,,33.77507,-6.11579
MAR,Marrocos,Q16740017,http://www.wikidata.org/entity/Q1740735,0,11685,,33.780833333333,-5.7822222222222
MAR,Marrocos,Q16766449,http://www.wikidata.org/entity/Q1819589,0,9259,,34.13333333,-4.4
MAR,Marrocos,Q16833598,http://www.wikidata.org/entity/Q367864,0,18998,,35.11722183,-2.72555566
MAR,Marrocos,Q16834686,http://www.wikidata.org/entity/Q3408363,0,7144,,33.968474,-3.507988
MAR,Marrocos,Q17004898,http://www.wikidata.org/entity/Q3408363,0,39947,,34.144722222222,-3.2266666666667
MAR,Marrocos,Q17005076,http://www.wikidata.org/entity/Q367864,0,12706,,35.254444444444,-3.115
MAR,Marrocos,Q17005135,http://www.wikidata.org/entity/Q1629229,0,8680,,31.006388888889,-6.6425
MAR,Marrocos,Q17005193,http://www.wikidata.org/entity/Q1440552,0,10594,,34.995277777778,-3.6605555555556
MAR,Marrocos,Q17005275,http://www.wikidata.org/entity/Q1440552,0,13990,,35.06999969,-3.67861104
MAR,Marrocos,Q17007734,http://www.wikidata.org/entity/Q1523840,0,9467,,33.03333333,-7.05
MAR,Marrocos,Q17013241,http://www.wikidata.org/entity/Q1969535,0,8364,,33.813611111111,-4.5169444444444
MAR,Marrocos,Q17013247,http://www.wikidata.org/entity/Q367864,0,26052,,34.923333333333,-2.7669444444444
MAR,Marrocos,Q17013245,http://www.wikidata.org/entity/Q599606,0,27895,,32.873888888889,-8.8588888888889
MAR,Marrocos,Q17013254,http://www.wikidata.org/entity/Q1368543,0,4495,,31.6048,-9.18654
MAR,Marrocos,Q17013263,http://www.wikidata.org/entity/Q1820589,0,11480,,33.056111111111,-5.4147222222222
MAR,Marrocos,Q17019247,http://www.wikidata.org/entity/Q3408330,0,10413,,34.565833333333,-5.2733333333333
MAR,Marrocos,Q17019262,http://www.wikidata.org/entity/Q1820589,0,3660,,32.950833333333,-5.8341666666667
MAR,Marrocos,Q17023283,http://www.wikidata.org/entity/Q1629229,0,46963,,30.896111111111,-6.9027777777778
MAR,Marrocos,Q17036456,http://www.wikidata.org/entity/Q1440552,0,11541,,35.179722222222,-3.7713888888889
MAR,Marrocos,Q17049982,http://www.wikidata.org/entity/Q2150989,0,36258,,31.41,-7.93
MAR,Marrocos,Q17052254,http://www.wikidata.org/entity/Q1629229,0,9678,,30.726944444444,-7.3613888888889
MAR,Marrocos,Q17053064,http://www.wikidata.org/entity/Q1440552,0,10389,,34.889722222222,-3.728
MAR,Marrocos,Q17631609,http://www.wikidata.org/entity/Q2265471,0,11157,,30.127222222222,-5.2958333333333
MAR,Marrocos,Q19543775,http://www.wikidata.org/entity/Q1412034,0,1554,,32.214027777778,-2.5198055555556
MAR,Marrocos,Q19921114,http://www.wikidata.org/entity/Q3408420,0,19614,,32.0234,-8.4878
MAR,Marrocos,Q20381232,http://www.wikidata.org/entity/Q1820589,0,10339,,33.215277777778,-6.2605555555556
MAR,Marrocos,Q20382270,http://www.wikidata.org/entity/Q1412034,0,2017,,32.156944444444,-1.5133333333333
MAR,Marrocos,Q20383289,http://www.wikidata.org/entity/Q923219,0,2527,,29.237222222222,-9.7411111111111
MAR,Marrocos,Q20383301,http://www.wikidata.org/entity/Q1740735,0,4856,,33.96108,-6.47171
MAR,Marrocos,Q20383330,http://www.wikidata.org/entity/Q2265471,0,11751,,31.010277777778,-6.285
MAR,Marrocos,Q20383603,http://www.wikidata.org/entity/Q1629229,0,24055,,31.067222222222,-6.5397222222222
MAR,Marrocos,Q20384972,http://www.wikidata.org/entity/Q2024447,0,20538,,31.468333333333,-4.2127777777778
MAR,Marrocos,Q20386271,http://www.wikidata.org/entity/Q1740735,0,7205,,33.588055555556,-6.4263888888889
MAR,Marrocos,Q20386361,http://www.wikidata.org/entity/Q2265471,0,10523,,30.47456,-5.72234
MAR,Marrocos,Q20386430,http://www.wikidata.org/entity/Q923219,0,3539,,29.179166666667,-9.3091666666667
MAR,Marrocos,Q20392308,http://www.wikidata.org/entity/Q1687516,0,3001,,34.043611111111,-1.7025
MAR,Marrocos,Q20392319,http://www.wikidata.org/entity/Q2265471,0,12019,,30.53048,-6.22587
MAR,Marrocos,Q20392863,http://www.wikidata.org/entity/Q970179,0,11890,,31.887777777778,-7.4411111111111
MAR,Marrocos,Q20393812,http://www.wikidata.org/entity/Q1368543,0,7923,,31.153333333333,-9.7333333333333
MAR,Marrocos,Q20398037,http://www.wikidata.org/entity/Q2265471,0,5256,,30.25129,-6.37164
MAR,Marrocos,Q20398353,http://www.wikidata.org/entity/Q1368543,0,5146,,31.0,-7.41667
MAR,Marrocos,Q20399008,http://www.wikidata.org/entity/Q3408414,0,13741,,30.788888888889,-5.1222222222222
MAR,Marrocos,Q20399282,http://www.wikidata.org/entity/Q2265471,0,16512,,30.397777777778,-5.8611111111111
MAR,Marrocos,Q20403827,http://www.wikidata.org/entity/Q3408399,0,16330,,31.735277777778,-7.6213888888889
MAR,Marrocos,Q20413069,http://www.wikidata.org/entity/Q1740735,0,13967,,33.349722222222,-6.6977777777778
MAR,Marrocos,Q20413865,http://www.wikidata.org/entity/Q2024447,0,18381,,31.992222222222,-4.4905555555556
MAR,Marrocos,Q20413900,http://www.wikidata.org/entity/Q637778,0,25502,,31.99037,-9.1547
MAR,Marrocos,Q20414002,http://www.wikidata.org/entity/Q1412034,0,9059,,32.463888888889,-1.8883333333333
MAR,Marrocos,Q20416063,http://www.wikidata.org/entity/Q3408399,0,6316,,31.74,-7.8036111111111
MAR,Marrocos,Q20416135,http://www.wikidata.org/entity/Q2265471,0,11166,,30.511944444444,-6.0280555555556
MAR,Marrocos,Q20416246,http://www.wikidata.org/entity/Q1412034,0,15242,,32.678055555556,-3.095
MAR,Marrocos,Q20416263,http://www.wikidata.org/entity/Q1819589,0,10724,,34.101388888889,-4.2938888888889
MAR,Marrocos,Q20416353,http://www.wikidata.org/entity/Q970179,0,12870,,32.16666667,-7.63333333
MAR,Marrocos,Q25454385,http://www.wikidata.org/entity/Q2392485,0,12838,,35.515277777778,-5.9305555555556
MAR,Marrocos,Q25454397,http://www.wikidata.org/entity/Q2392485,0,27204,,35.610833333333,-5.9186111111111
MAR,Marrocos,Q25454403,http://www.wikidata.org/entity/Q3408411,0,21998,,,
MAR,Marrocos,Q25454400,http://www.wikidata.org/entity/Q1740735,0,5139,,34.025833333333,-6.5122222222222
MAR,Marrocos,Q25454404,http://www.wikidata.org/entity/Q1523840,0,22419,,32.979444444444,-7.5483333333333
MAR,Marrocos,Q25454408,http://www.wikidata.org/entity/Q1149096,0,12973,,33.559444444444,-7.3816666666667
MAR,Marrocos,Q4699271,http://www.wikidata.org/entity/Q793763,0,8662,,31.94341,-6.73337
MAR,Marrocos,Q4699272,http://www.wikidata.org/entity/Q3408399,0,9870,,32.383888888889,-8.1855555555556
MAR,Marrocos,Q5221898,http://www.wikidata.org/entity/Q2150989,0,6202,,31.252777777778,-8.3733333333333
MAR,Marrocos,Q5221909,http://www.wikidata.org/entity/Q1969542,0,36072,,34.410277777778,-6.0266666666667
MAR,Marrocos,Q6521520,http://www.wikidata.org/entity/Q895028,0,1161,,26.5403538,-13.8476551
MAR,Marrocos,Q6532523,http://www.wikidata.org/entity/Q1257443,0,6955,,35.4542,-5.61251
MAR,Marrocos,Q6537760,http://www.wikidata.org/entity/Q2395317,0,8931,,33.145833333333,-8.1188888888889
MAR,Marrocos,Q7063828,http://www.wikidata.org/entity/Q1969542,0,26833,,34.567777777778,-5.8933333333333
MAR,Marrocos,Q7110169,http://www.wikidata.org/entity/Q3408890,0,9735,,34.04,-5.5627777777778
MAR,Marrocos,Q7110173,http://www.wikidata.org/entity/Q2092298,0,3440,,30.246388888889,-8.4794444444444
MAR,Marrocos,Q7110282,http://www.wikidata.org/entity/Q2354922,0,13639,,34.92051389,-5.04685833
MAR,Marrocos,Q7110285,http://www.wikidata.org/entity/Q3408890,0,13986,,34.1038,-5.7005
MAR,Marrocos,Q7110344,http://www.wikidata.org/entity/Q2339589,0,7443,,29.66136,-9.56262
MAR,Marrocos,Q7110410,http://www.wikidata.org/entity/Q3408399,0,9659,,32.03333333,-7.71666667
MAR,Marrocos,Q7110409,http://www.wikidata.org/entity/Q970179,0,9172,,34.71666667,-2.58333333
MAR,Marrocos,Q7110414,http://www.wikidata.org/entity/Q2165392,0,3487,,33.720428,-3.02658
MAR,Marrocos,Q7110412,http://www.wikidata.org/entity/Q1523840,0,11813,,33.1272,-6.97456
MAR,Marrocos,Q7802949,http://www.wikidata.org/entity/Q793763,0,11592,,32.01292,-6.14809
MAR,Marrocos,Q7806641,http://www.wikidata.org/entity/Q1072085,0,8673,,30.8833,-9.05
MAR,Marrocos,Q7806771,http://www.wikidata.org/entity/Q1072085,0,7186,,31.033611111111,-9.1391666666667
MAR,Marrocos,Q7807629,http://www.wikidata.org/entity/Q793763,0,6852,,32.2,-6.46667
MAR,Marrocos,Q7808671,http://www.wikidata.org/entity/Q2092298,0,6127,,30.624554,-8.412459
MAR,Marrocos,Q7809554,http://www.wikidata.org/entity/Q2092298,0,2954,,30.158801,-8.552685
MAR,Marrocos,Q7809622,http://www.wikidata.org/entity/Q793763,0,6758,,32.104722222222,-6.7677777777778
MAR,Marrocos,Q7809623,http://www.wikidata.org/entity/Q2092298,0,7656,,30.729722222222,-8.0877777777778
MAR,Marrocos,Q7809653,http://www.wikidata.org/entity/Q546437,0,10182,,29.9,-7.31667
MAR,Marrocos,Q12180072,http://www.wikidata.org/entity/Q2392485,0,4993,,35.540555555556,-5.9966666666667
MAR,Marrocos,Q12180422,http://www.wikidata.org/entity/Q546437,0,3988,,29.651666666667,-7.9580555555556
MAR,Marrocos,Q12180876,http://www.wikidata.org/entity/Q3408385,0,5140,,32.324671098561,-5.2664443171633
MAR,Marrocos,Q12199838,http://www.wikidata.org/entity/Q3408408,0,30540,,32.619548,-8.475102
MAR,Marrocos,Q12199843,http://www.wikidata.org/entity/Q1740686,0,5694,,32.85113,-6.18086
MAR,Marrocos,Q12200072,http://www.wikidata.org/entity/Q1969671,0,13691,,34.542777777778,-4.5075
MAR,Marrocos,Q12200242,http://www.wikidata.org/entity/Q3408411,0,22693,,34.2925,-5.935
MAR,Marrocos,Q12200288,http://www.wikidata.org/entity/Q1523840,0,9718,,33.115277777778,-7.3302777777778
MAR,Marrocos,Q12201237,http://www.wikidata.org/entity/Q2092298,0,7398,,30.904888888889,-8.8339444444444
MAR,Marrocos,Q12201791,http://www.wikidata.org/entity/Q1969671,0,16618,,34.7167,-5.13333
MAR,Marrocos,Q12201826,http://www.wikidata.org/entity/Q2339589,0,3682,,29.6,-9.03333
MAR,Marrocos,Q12201972,http://www.wikidata.org/entity/Q1759567,0,6438,,35.263055555556,-5.5452777777778
MAR,Marrocos,Q12202018,http://www.wikidata.org/entity/Q3408408,0,9840,,32.440833333333,-8.3708333333333
MAR,Marrocos,Q12202031,http://www.wikidata.org/entity/Q2540509,0,4151,,33.512777777778,-5.6661111111111
MAR,Marrocos,Q12202042,http://www.wikidata.org/entity/Q1019461,0,13773,,32.475,-6.1497222222222
MAR,Marrocos,Q12203611,http://www.wikidata.org/entity/Q895063,0,11615,,33.4,-3.58333
MAR,Marrocos,Q12203608,http://www.wikidata.org/entity/Q1019461,0,12547,,32.47072,-5.77259
MAR,Marrocos,Q12203630,http://www.wikidata.org/entity/Q2339589,0,10383,,29.62763,-9.42417
MAR,Marrocos,Q12203664,http://www.wikidata.org/entity/Q546437,0,4351,,29.713055555556,-7.9711111111111
MAR,Marrocos,Q12204085,http://www.wikidata.org/entity/Q3408408,0,21071,,32.531944444444,-8.3233333333333
MAR,Marrocos,Q12209102,http://www.wikidata.org/entity/Q599606,0,35777,,33.306388888889,-8.3547222222222
MAR,Marrocos,Q12210570,http://www.wikidata.org/entity/Q637778,0,16691,,32.223611111111,-9.1277777777778
MAR,Marrocos,Q12210868,http://www.wikidata.org/entity/Q3408408,0,6637,,32.518055555556,-8.2552777777778
MAR,Marrocos,Q12214252,http://www.wikidata.org/entity/Q2395317,0,10294,,33.045,-7.9291666666667
MAR,Marrocos,Q12214257,http://www.wikidata.org/entity/Q1257443,0,12851,,35.533888888889,-5.2183333333333
MAR,Marrocos,Q12214261,http://www.wikidata.org/entity/Q599606,0,12726,,32.935277777778,-8.2805555555556
MAR,Marrocos,Q12217474,http://www.wikidata.org/entity/Q599606,0,6984,,33.10641,-8.16239
MAR,Marrocos,Q12217585,http://www.wikidata.org/entity/Q1523840,0,9731,,32.51666667,-7.38333333
MAR,Marrocos,Q12217590,http://www.wikidata.org/entity/Q2339589,0,6359,,29.557945,-9.449195
MAR,Marrocos,Q12217598,http://www.wikidata.org/entity/Q1523840,0,8972,,33.05,-7.18333333
MAR,Marrocos,Q12217597,http://www.wikidata.org/entity/Q1969671,0,9326,,34.75792,-4.9906
MAR,Marrocos,Q12217603,http://www.wikidata.org/entity/Q1969671,0,13567,,34.332777777778,-5.0758333333333
MAR,Marrocos,Q12229146,http://www.wikidata.org/entity/Q1740686,0,5008,,32.729444444444,-6.5861111111111
MAR,Marrocos,Q12229154,http://www.wikidata.org/entity/Q1257443,0,7450,,35.56209,-5.57686
MAR,Marrocos,Q12229157,http://www.wikidata.org/entity/Q1969671,0,12498,,34.16666667,-4.5
MAR,Marrocos,Q12231051,http://www.wikidata.org/entity/Q1019461,0,24232,,32.371666666667,-6.2613888888889
MAR,Marrocos,Q12231052,http://www.wikidata.org/entity/Q1019461,0,16256,,32.277777777778,-6.4277777777778
MAR,Marrocos,Q12233422,http://www.wikidata.org/entity/Q3408330,0,16163,,34.748471,-5.197112
MAR,Marrocos,Q12234693,http://www.wikidata.org/entity/Q3408408,0,14351,,32.498888888889,-8.5741666666667
MAR,Marrocos,Q12234875,http://www.wikidata.org/entity/Q3408359,0,34103,,32.57611111,-6.74861111
MAR,Marrocos,Q12235795,http://www.wikidata.org/entity/Q1819589,0,21732,,34.133333333333,-3.9488888888889
MAR,Marrocos,Q12237087,http://www.wikidata.org/entity/Q1740686,0,7653,,32.882777777778,-6.4072222222222
MAR,Marrocos,Q12237102,http://www.wikidata.org/entity/Q923219,0,1260,,28.810277777778,-10.425
MAR,Marrocos,Q12237283,http://www.wikidata.org/entity/Q1950226,0,11767,,34.201944444444,-4.9361111111111
MAR,Marrocos,Q12237945,http://www.wikidata.org/entity/Q1740686,0,9609,,32.923055555556,-6.7186111111111
MAR,Marrocos,Q12238743,http://www.wikidata.org/entity/Q599606,0,26075,,32.881388888889,-8.1725
MAR,Marrocos,Q12242449,http://www.wikidata.org/entity/Q1969671,0,9883,,34.540555555556,-4.7294444444444
MAR,Marrocos,Q12242551,http://www.wikidata.org/entity/Q1969671,0,9501,,34.280277777778,-4.5336111111111
MAR,Marrocos,Q12242656,http://www.wikidata.org/entity/Q1734717,0,5506,,34.476944444444,-2.2436111111111
MAR,Marrocos,Q12242966,http://www.wikidata.org/entity/Q1523840,0,7482,,32.625,-7.2188888888889
MAR,Marrocos,Q12243606,http://www.wikidata.org/entity/Q3408408,0,11744,,32.612777777778,-8.2255555555556
MAR,Marrocos,Q16740003,http://www.wikidata.org/entity/Q1740735,0,2427,,33.554166666667,-6.0513888888889
MAR,Marrocos,Q16740013,http://www.wikidata.org/entity/Q1740735,0,21007,,33.95093,-5.99091
MAR,Marrocos,Q16827966,http://www.wikidata.org/entity/Q3408385,0,6183,,32.75,-4.46667
MAR,Marrocos,Q16827971,http://www.wikidata.org/entity/Q1629229,0,8820,,31.05,-7.21667
MAR,Marrocos,Q16836407,http://www.wikidata.org/entity/Q1629229,0,12040,,30.422222222222,-7.4294444444444
MAR,Marrocos,Q16838097,http://www.wikidata.org/entity/Q3408363,0,11409,,33.933055555556,-3.8438888888889
MAR,Marrocos,Q16843623,http://www.wikidata.org/entity/Q1440552,0,7532,,35.181666666667,-3.5652777777778
MAR,Marrocos,Q16843631,http://www.wikidata.org/entity/Q367864,0,14691,,35.000555555556,-3.0422222222222
MAR,Marrocos,Q17005295,http://www.wikidata.org/entity/Q367864,0,9502,,35.13333333,-3.03333333
MAR,Marrocos,Q17005366,http://www.wikidata.org/entity/Q1629229,0,21061,,31.309444444444,-6.4991666666667
MAR,Marrocos,Q23011785,http://www.wikidata.org/entity/Q367864,0,13763,,35.16257,-2.97545
MAR,Marrocos,Q25454422,http://www.wikidata.org/entity/Q1673256,0,27314,,31.650277777778,-7.8361111111111
MAR,Marrocos,Q27516179,http://www.wikidata.org/entity/Q28874951,0,126,,31.460555555556,-9.3163888888889
MAR,Marrocos,Q27518069,http://www.wikidata.org/entity/Q3358160,0,13607,,,
MAR,Marrocos,Q17005378,http://www.wikidata.org/entity/Q1368543,0,8357,,31.23485,-9.5885
MAR,Marrocos,Q17019366,http://www.wikidata.org/entity/Q1969535,0,13748,,33.786111111111,-4.8152777777778
MAR,Marrocos,Q17019364,http://www.wikidata.org/entity/Q1368543,0,7873,,31.705833333333,-9.3147222222222
MAR,Marrocos,Q17023246,http://www.wikidata.org/entity/Q1440552,0,7172,,35.148333333333,-3.5477777777778
MAR,Marrocos,Q20384439,http://www.wikidata.org/entity/Q637778,0,11291,,32.34,-8.7727777777778
MAR,Marrocos,Q20384740,http://www.wikidata.org/entity/Q1740735,0,6887,,33.712083,-6.265861
MAR,Marrocos,Q20385209,http://www.wikidata.org/entity/Q1740735,0,14872,,33.696388888889,-6.6327777777778
MAR,Marrocos,Q20386709,http://www.wikidata.org/entity/Q970179,0,3960,,31.831666666667,-7.0275
MAR,Marrocos,Q20387165,http://www.wikidata.org/entity/Q1368543,0,7603,,30.913055555556,-9.2438888888889
MAR,Marrocos,Q20389749,http://www.wikidata.org/entity/Q1368543,0,6273,,31.399444444444,-9.1694444444444
MAR,Marrocos,Q20389756,http://www.wikidata.org/entity/Q637778,0,17197,,32.15252,-8.90735
MAR,Marrocos,Q20389772,http://www.wikidata.org/entity/Q1820589,0,4098,,33.054166666667,-5.9983333333333
MAR,Marrocos,Q20389789,http://www.wikidata.org/entity/Q1950226,0,13088,,34.302222222222,-5.14
MAR,Marrocos,Q20389898,http://www.wikidata.org/entity/Q2024447,0,3572,,30.665833333333,-4.6972222222222
MAR,Marrocos,Q20389914,http://www.wikidata.org/entity/Q1368543,0,7081,,31.803055555556,-9.4069444444444
MAR,Marrocos,Q20389964,http://www.wikidata.org/entity/Q3408399,0,6930,,32.179444444444,-8.0008333333333
MAR,Marrocos,Q20390004,http://www.wikidata.org/entity/Q737483,0,10530,,33.880833333333,-6.7858333333333
MAR,Marrocos,Q20390017,http://www.wikidata.org/entity/Q637778,0,10266,,32.41989,-8.90803
MAR,Marrocos,Q20390050,http://www.wikidata.org/entity/Q3408399,0,12159,,32.724722222222,-7.9
MAR,Marrocos,Q20390084,http://www.wikidata.org/entity/Q1820589,0,16808,,32.9,-6.05
MAR,Marrocos,Q20390151,http://www.wikidata.org/entity/Q3408399,0,6318,,32.445833333333,-8.0358333333333
MAR,Marrocos,Q20391685,http://www.wikidata.org/entity/Q1969535,0,5648,,33.789166666667,-4.6805555555556
MAR,Marrocos,Q20391836,http://www.wikidata.org/entity/Q3408385,0,6819,,32.143333333333,-5.3502777777778
MAR,Marrocos,Q20399373,http://www.wikidata.org/entity/Q1969535,0,6209,,33.8525,-4.575
MAR,Marrocos,Q20399826,http://www.wikidata.org/entity/Q637778,0,10973,,31.9075,-9.3172222222222
MAR,Marrocos,Q20400078,http://www.wikidata.org/entity/Q970179,0,11789,,31.978055555556,-7.3894444444444
MAR,Marrocos,Q20401078,http://www.wikidata.org/entity/Q2024447,0,5273,,31.993055555556,-4.9961111111111
MAR,Marrocos,Q20403848,http://www.wikidata.org/entity/Q1368543,0,5218,,30.990833333333,-9.7994444444444
MAR,Marrocos,Q20404216,http://www.wikidata.org/entity/Q923219,0,3950,,28.990555555556,-9.8361111111111
MAR,Marrocos,Q20404751,http://www.wikidata.org/entity/Q970179,0,9468,,32.098888888889,-7.3861111111111
MAR,Marrocos,Q20404920,http://www.wikidata.org/entity/Q3408414,0,15347,,31.4675,-5.4430555555556
MAR,Marrocos,Q20404937,http://www.wikidata.org/entity/Q3408414,0,5953,,31.546111111111,-5.5705555555556
MAR,Marrocos,Q20405009,http://www.wikidata.org/entity/Q970179,0,5651,,32.096666666667,-7.2888888888889
MAR,Marrocos,Q20405629,http://www.wikidata.org/entity/Q970179,0,12249,,31.796,-7.302
MAR,Marrocos,Q20405809,http://www.wikidata.org/entity/Q1629229,0,15285,,31.098611111111,-7.6058333333333
MAR,Marrocos,Q20405880,http://www.wikidata.org/entity/Q2301648,0,12204,,33.62865,-5.14616
MAR,Marrocos,Q20405984,http://www.wikidata.org/entity/Q1969535,0,4753,,33.695833333333,-4.3716666666667
MAR,Marrocos,Q20406106,http://www.wikidata.org/entity/Q2301648,0,11031,,33.418055555556,-5.2575
MAR,Marrocos,Q20406121,http://www.wikidata.org/entity/Q923219,0,1196,,28.5075,-10.292222222222
MAR,Marrocos,Q20406198,http://www.wikidata.org/entity/Q3408414,0,11691,,31.8189,-5.7718
MAR,Marrocos,Q20407395,http://www.wikidata.org/entity/Q1819589,0,6878,,34.069722222222,-4.1202777777778
MAR,Marrocos,Q20411078,http://www.wikidata.org/entity/Q1368543,0,6671,,31.559166666667,-9.2483333333333
MAR,Marrocos,Q20411580,http://www.wikidata.org/entity/Q2265471,0,18941,,30.50465,-5.85629
MAR,Marrocos,Q20416906,http://www.wikidata.org/entity/Q970179,0,9694,,31.8475,-7.0883333333333
MAR,Marrocos,Q20417349,http://www.wikidata.org/entity/Q1740735,0,4853,,33.511111111111,-5.9302777777778
MAR,Marrocos,Q20417892,http://www.wikidata.org/entity/Q1734717,0,2311,,34.6844,-2.21926
MAR,Marrocos,Q20418029,http://www.wikidata.org/entity/Q1969535,0,6227,,33.6667,-4.63333
MAR,Marrocos,Q20421423,http://www.wikidata.org/entity/Q2024447,0,12193,,31.7025,-4.9736111111111
MAR,Marrocos,Q20422268,http://www.wikidata.org/entity/Q1740735,0,16698,,33.796388888889,-6.0663888888889
MAR,Marrocos,Q20422283,http://www.wikidata.org/entity/Q1368543,0,7029,,31.55,-9.35
MAR,Marrocos,Q20422693,http://www.wikidata.org/entity/Q1368543,0,4596,,31.392777777778,-9.4133333333333
MAR,Marrocos,Q20423107,http://www.wikidata.org/entity/Q637778,0,18856,,32.522777777778,-8.9986111111111
MAR,Marrocos,Q20424708,http://www.wikidata.org/entity/Q2265471,0,8451,,30.68393,-6.36985
MAR,Marrocos,Q20424997,http://www.wikidata.org/entity/Q2024447,0,17360,,31.531944444444,-4.8061111111111
MAR,Marrocos,Q22932867,http://www.wikidata.org/entity/Q2301648,0,16709,,33.395833333333,-5.3327777777778
MAR,Marrocos,Q22934475,http://www.wikidata.org/entity/Q970179,0,10788,,31.816388888889,-7.2161111111111
MAR,Marrocos,Q22948629,http://www.wikidata.org/entity/Q3408399,0,11511,,31.901666666667,-7.8688888888889
MAR,Marrocos,Q23011092,http://www.wikidata.org/entity/Q1734717,0,23896,,34.68511,-2.04789
MAR,Marrocos,Q23011118,http://www.wikidata.org/entity/Q820802,0,16113,,34.93817,-2.14551
MAR,Marrocos,Q4699234,http://www.wikidata.org/entity/Q2540509,0,8635,,33.6325,-5.5169444444444
MAR,Marrocos,Q4699235,http://www.wikidata.org/entity/Q2672941,0,5851,,29.34648,-9.63136
MAR,Marrocos,Q4699256,http://www.wikidata.org/entity/Q2092298,0,5285,,30.61008,-8.91547
MAR,Marrocos,Q4699273,http://www.wikidata.org/entity/Q793763,0,19930,,31.48,-6.94
MAR,Marrocos,Q5221917,http://www.wikidata.org/entity/Q3408890,0,11609,,33.901944444444,-5.6441666666667
MAR,Marrocos,Q5261728,http://www.wikidata.org/entity/Q2354922,0,11547,,35.11666667,-5.28333333
MAR,Marrocos,Q6539351,http://www.wikidata.org/entity/Q3408414,0,15506,,31.16936,-6.05469
MAR,Marrocos,Q7110423,http://www.wikidata.org/entity/Q1019461,0,46000,,32.544166666667,-6.3675
MAR,Marrocos,Q7110424,http://www.wikidata.org/entity/Q3408408,0,25650,,32.632,-8.8456
MAR,Marrocos,Q7110431,http://www.wikidata.org/entity/Q970179,0,7143,,32.024166666667,-7.2811111111111
MAR,Marrocos,Q7110429,http://www.wikidata.org/entity/Q599606,0,10854,,32.948333333333,-8.0916666666667
MAR,Marrocos,Q8074648,http://www.wikidata.org/entity/Q3408330,0,40661,,34.79157,-5.36413
MAR,Marrocos,Q8074757,http://www.wikidata.org/entity/Q1819589,0,10092,,33.974317,-4.378767
MAR,Marrocos,Q8200021,http://www.wikidata.org/entity/Q2013946,0,17251,,35.664166666667,-5.5111111111111
MAR,Marrocos,Q12178395,http://www.wikidata.org/entity/Q3408359,0,44672,,32.239722222222,-6.945
MAR,Marrocos,Q12199508,http://www.wikidata.org/entity/Q1257443,0,10465,,35.41878,-5.1811
MAR,Marrocos,Q12202273,http://www.wikidata.org/entity/Q2092298,0,6252,,30.209722222222,-8.9713888888889
MAR,Marrocos,Q12202523,http://www.wikidata.org/entity/Q1740686,0,6627,,32.785,-6.4401
MAR,Marrocos,Q12202670,http://www.wikidata.org/entity/Q1759567,0,11434,,35.033888888889,-5.7705555555556
MAR,Marrocos,Q12202851,http://www.wikidata.org/entity/Q2339589,0,4477,,29.7103,-9.20793
MAR,Marrocos,Q12202960,http://www.wikidata.org/entity/Q1368543,0,11866,,31.67977,-9.4794
MAR,Marrocos,Q12203246,http://www.wikidata.org/entity/Q1969671,0,16172,,34.5833,-4.73333
MAR,Marrocos,Q12203382,http://www.wikidata.org/entity/Q1523840,0,11976,,32.776944444444,-7.6669444444444
MAR,Marrocos,Q12203600,http://www.wikidata.org/entity/Q2339589,0,7723,,29.6111,-9.1724
MAR,Marrocos,Q12203601,http://www.wikidata.org/entity/Q546437,0,4756,,29.733333333333,-8.4905555555556
MAR,Marrocos,Q12203607,http://www.wikidata.org/entity/Q990115,0,3053,,32.7725,-5.2177777777778
MAR,Marrocos,Q12204913,http://www.wikidata.org/entity/Q1257443,0,4204,,35.468611111111,-5.7969444444444
MAR,Marrocos,Q12205793,http://www.wikidata.org/entity/Q1440552,0,7464,,35.25,-3.65
MAR,Marrocos,Q12212322,http://www.wikidata.org/entity/Q1019461,0,25851,,32.521388888889,-6.1347222222222
MAR,Marrocos,Q12212719,http://www.wikidata.org/entity/Q2540509,0,6707,,33.78333333,-5.71666667
MAR,Marrocos,Q12212743,http://www.wikidata.org/entity/Q1523840,0,16270,,32.981666666667,-7.3933333333333
MAR,Marrocos,Q12213975,http://www.wikidata.org/entity/Q2395317,0,8421,,33.154166666667,-7.3852777777778
MAR,Marrocos,Q12214072,http://www.wikidata.org/entity/Q1759567,0,12961,,35.220833333333,-5.9463888888889
MAR,Marrocos,Q12214073,http://www.wikidata.org/entity/Q1759567,0,19480,,35.171944444444,-5.9766666666667
MAR,Marrocos,Q12217604,http://www.wikidata.org/entity/Q1523840,0,14165,,33.12277778,-7.62194444
MAR,Marrocos,Q12217610,http://www.wikidata.org/entity/Q2395317,0,10983,,33.212222222222,-7.7163888888889
MAR,Marrocos,Q12217609,http://www.wikidata.org/entity/Q1969671,0,8705,,34.603888888889,-4.7888888888889
MAR,Marrocos,Q12217613,http://www.wikidata.org/entity/Q599606,0,11038,,32.799166666667,-8.7563888888889
MAR,Marrocos,Q12217620,http://www.wikidata.org/entity/Q15198365,0,7595,,33.566666666667,-6.8936111111111
MAR,Marrocos,Q12217637,http://www.wikidata.org/entity/Q1523840,0,5606,,32.697222222222,-7.3222222222222
MAR,Marrocos,Q12217644,http://www.wikidata.org/entity/Q1957680,0,76362,,33.538,-7.423
MAR,Marrocos,Q12217679,http://www.wikidata.org/entity/Q2395317,0,6141,,33.069722222222,-7.9983333333333
MAR,Marrocos,Q12217677,http://www.wikidata.org/entity/Q599606,0,25935,,33.049444444444,-8.6886111111111
MAR,Marrocos,Q12217681,http://www.wikidata.org/entity/Q1523840,0,14037,,33.186944444444,-7.2333333333333
MAR,Marrocos,Q12217687,http://www.wikidata.org/entity/Q2672941,0,5407,,29.31825,-9.5856944444444
MAR,Marrocos,Q12217698,http://www.wikidata.org/entity/Q599606,0,38169,,33.2861,-8.325
MAR,Marrocos,Q12217704,http://www.wikidata.org/entity/Q3408385,0,11562,,32.304166666667,-4.5347222222222
MAR,Marrocos,Q12224806,http://www.wikidata.org/entity/Q1969535,0,6444,,34.6167,-5.21667
MAR,Marrocos,Q12228971,http://www.wikidata.org/entity/Q1479285,0,11109,,33.985555555556,-4.8930555555556
MAR,Marrocos,Q12229062,http://www.wikidata.org/entity/Q1950226,0,12354,,,
MAR,Marrocos,Q12229075,http://www.wikidata.org/entity/Q15198365,0,21248,,33.65726,-7.03996
MAR,Marrocos,Q12229116,http://www.wikidata.org/entity/Q1950226,0,91541,,33.963611111111,-5.0280555555556
MAR,Marrocos,Q12229163,http://www.wikidata.org/entity/Q1969671,0,11165,,34.435277777778,-4.5566666666667
MAR,Marrocos,Q12234621,http://www.wikidata.org/entity/Q3408408,0,16603,,32.449444444444,-8.4936111111111
MAR,Marrocos,Q12236295,http://www.wikidata.org/entity/Q1969535,0,10417,,33.778333333333,-4.9594444444444
MAR,Marrocos,Q12236738,http://www.wikidata.org/entity/Q1969671,0,14280,,34.6,-5.08333
MAR,Marrocos,Q12244447,http://www.wikidata.org/entity/Q1740686,0,6907,,32.77393,-6.81101
MAR,Marrocos,Q12244518,http://www.wikidata.org/entity/Q649078,0,104775,,33.6,-7.58333333
MAR,Marrocos,Q15077928,http://www.wikidata.org/entity/Q2024447,0,7959,,31.801719,-4.967302
MAR,Marrocos,Q15227854,http://www.wikidata.org/entity/Q2339589,0,8482,,29.544241,-9.31495
MAR,Marrocos,Q15264695,http://www.wikidata.org/entity/Q793763,0,26410,,31.86666667,-6.75
MAR,Marrocos,Q16766656,http://www.wikidata.org/entity/Q1819589,0,10580,,33.94403,-4.00947
MAR,Marrocos,Q16766657,http://www.wikidata.org/entity/Q1819589,0,10034,,34.415555555556,-3.9741666666667
MAR,Marrocos,Q16826137,http://www.wikidata.org/entity/Q3408385,0,4591,,32.3816,-5.1788
MAR,Marrocos,Q16826207,http://www.wikidata.org/entity/Q1820589,0,9170,,32.947777777778,-5.4088888888889
MAR,Marrocos,Q16826392,http://www.wikidata.org/entity/Q1440552,0,8693,,35.088611111111,-3.3813888888889
MAR,Marrocos,Q16826399,http://www.wikidata.org/entity/Q1820589,0,2629,,32.676388888889,-5.3327777777778
MAR,Marrocos,Q16826396,http://www.wikidata.org/entity/Q3408414,0,8885,,31.233611111111,-6.1477777777778
MAR,Marrocos,Q26293409,http://www.wikidata.org/entity/Q637778,0,22542,,31.9975,-9.0011111111111
MAR,Marrocos,Q27509481,http://www.wikidata.org/entity/Q28891154,0,3581,,32.47072,-5.77259
MAR,Marrocos,Q27509525,http://www.wikidata.org/entity/Q28882698,0,72,,33.9065,-4.02696
MAR,Marrocos,Q27511843,http://www.wikidata.org/entity/Q3483238,0,4306,,32.38952,-6.42095
MAR,Marrocos,Q27520113,http://www.wikidata.org/entity/Q2925553,0,1156,,34.96732,-5.57295
MAR,Marrocos,Q27520138,http://www.wikidata.org/entity/Q28893764,0,4014,,32.09171,-7.04786
MAR,Marrocos,Q27520345,http://www.wikidata.org/entity/Q28894399,0,1064,,32.547777777778,-7.5005555555556
MAR,Marrocos,Q27522485,http://www.wikidata.org/entity/Q28896702,0,1468,,35.184444444444,-3.9933333333333
MAR,Marrocos,Q27528059,http://www.wikidata.org/entity/Q28897386,0,92,,30.30464,-8.24503
MAR,Marrocos,Q27529751,http://www.wikidata.org/entity/Q28880864,0,325,,30.7825,-9.11968
MAR,Marrocos,Q27529767,,0,7761,,32.48167,-5.64274
MAR,Marrocos,Q16826407,http://www.wikidata.org/entity/Q1969535,0,18701,,33.786388888889,-5.03
MAR,Marrocos,Q16826412,http://www.wikidata.org/entity/Q3408414,0,5031,,31.601111111111,-5.8638888888889
MAR,Marrocos,Q16826416,http://www.wikidata.org/entity/Q3408414,0,5273,,31.528333333333,-5.9572222222222
MAR,Marrocos,Q16864736,http://www.wikidata.org/entity/Q3408363,0,21048,,34.6167,-3.41667
MAR,Marrocos,Q16867021,http://www.wikidata.org/entity/Q1819589,0,8239,,34.00228,-4.29327
MAR,Marrocos,Q17005387,http://www.wikidata.org/entity/Q3408414,0,4420,,31.372777777778,-5.7855555555556
MAR,Marrocos,Q17005863,http://www.wikidata.org/entity/Q2150989,0,5594,,31.109722222222,-8.1336111111111
MAR,Marrocos,Q17013173,http://www.wikidata.org/entity/Q2354922,0,16772,,35.01666667,-4.51666667
MAR,Marrocos,Q18384650,http://www.wikidata.org/entity/Q1734717,0,18051,,34.68924,-1.8579
MAR,Marrocos,Q20385454,http://www.wikidata.org/entity/Q970179,0,9454,,32.206388888889,-7.2430555555556
MAR,Marrocos,Q20385749,http://www.wikidata.org/entity/Q3408420,0,20307,,32.224444444444,-8.4725
MAR,Marrocos,Q20387873,http://www.wikidata.org/entity/Q3408420,0,7020,,32.076944444444,-8.5463888888889
MAR,Marrocos,Q20388252,http://www.wikidata.org/entity/Q2265471,0,8939,,30.79406,-6.28599
MAR,Marrocos,Q20388298,http://www.wikidata.org/entity/Q923219,0,2557,,28.67,-10.3041
MAR,Marrocos,Q20389498,http://www.wikidata.org/entity/Q1368543,0,4902,,31.34,-9.7080555555556
MAR,Marrocos,Q20389512,http://www.wikidata.org/entity/Q1368543,0,6198,,31.178611111111,-9.8172222222222
MAR,Marrocos,Q20389699,http://www.wikidata.org/entity/Q1368543,0,8142,,31.677777777778,-9.2713888888889
MAR,Marrocos,Q20389716,http://www.wikidata.org/entity/Q1734717,0,3840,,34.505277777778,-2.1658333333333
MAR,Marrocos,Q20389806,http://www.wikidata.org/entity/Q3408420,0,20658,,31.745277777778,-8.7069444444444
MAR,Marrocos,Q20389839,http://www.wikidata.org/entity/Q1740735,0,14021,,33.963333333333,-6.1616666666667
MAR,Marrocos,Q20389853,http://www.wikidata.org/entity/Q3408399,0,10481,,32.578333333333,-7.8108333333333
MAR,Marrocos,Q20389883,http://www.wikidata.org/entity/Q1740735,0,9397,,33.889722222222,-6.1502777777778
MAR,Marrocos,Q20390160,http://www.wikidata.org/entity/Q970179,0,9704,,32.26952,-7.16973
MAR,Marrocos,Q20394228,http://www.wikidata.org/entity/Q637778,0,18335,,32.024722222222,-8.9152777777778
MAR,Marrocos,Q20401927,http://www.wikidata.org/entity/Q970179,0,5502,,32.143611111111,-7.2586111111111
MAR,Marrocos,Q20402038,http://www.wikidata.org/entity/Q3408399,0,19635,,32.080555555556,-7.93
MAR,Marrocos,Q20402193,http://www.wikidata.org/entity/Q923219,0,5380,,29.135277777778,-9.7619444444444
MAR,Marrocos,Q20402574,http://www.wikidata.org/entity/Q2024447,0,18171,,31.86126,-4.19597
MAR,Marrocos,Q20402833,http://www.wikidata.org/entity/Q1740735,0,6889,,33.798333333333,-6.2652777777778
MAR,Marrocos,Q20414082,http://www.wikidata.org/entity/Q970179,0,11527,,31.869722222222,-7.3097222222222
MAR,Marrocos,Q20414402,http://www.wikidata.org/entity/Q1687516,0,10887,,33.94648,-2.00319
MAR,Marrocos,Q20415523,http://www.wikidata.org/entity/Q1740735,0,9119,,33.896111111111,-5.8066666666667
MAR,Marrocos,Q20418091,http://www.wikidata.org/entity/Q3408414,0,15654,,31.4615,-5.36092
MAR,Marrocos,Q20423125,http://www.wikidata.org/entity/Q1740735,0,6479,,33.789722222222,-6.4986111111111
MAR,Marrocos,Q20423199,http://www.wikidata.org/entity/Q970179,0,12101,,32.271944444444,-7.525
MAR,Marrocos,Q20726082,http://www.wikidata.org/entity/Q2150989,0,8419,,31.32703,-8.1248
MAR,Marrocos,Q21163524,http://www.wikidata.org/entity/Q28883821,0,2911,,30.39999962,-8.88333321
MAR,Marrocos,Q22672360,http://www.wikidata.org/entity/Q3408887,0,5296,,35.90465799773,-5.3922974390535
MAR,Marrocos,Q22928955,http://www.wikidata.org/entity/Q970179,0,14701,,31.771388888889,-7.2188888888889
MAR,Marrocos,Q22928959,http://www.wikidata.org/entity/Q1819589,0,3534,,33.69,-4.1036111111111
MAR,Marrocos,Q22931756,http://www.wikidata.org/entity/Q2024447,0,6729,,31.954444444444,-3.5863888888889
MAR,Marrocos,Q25454438,http://www.wikidata.org/entity/Q1673256,0,14603,,31.54465,-8.33149
MAR,Marrocos,Q25454443,http://www.wikidata.org/entity/Q3408420,0,20239,,32.11544,-8.75873
MAR,Marrocos,Q25454446,http://www.wikidata.org/entity/Q3408420,0,19755,,32.030833333333,-8.7894444444444
MAR,Marrocos,Q25454445,http://www.wikidata.org/entity/Q180994,0,2588,,28.482833333333,-9.84825
MAR,Marrocos,Q25454450,http://www.wikidata.org/entity/Q180994,0,3370,,28.471111111111,-10.400555555556
MAR,Marrocos,Q12205802,http://www.wikidata.org/entity/Q1440552,0,16787,,34.908333333333,-3.4030555555556
MAR,Marrocos,Q12214246,http://www.wikidata.org/entity/Q599606,0,11730,,32.7931,-8.65056
MAR,Marrocos,Q12217625,http://www.wikidata.org/entity/Q2339589,0,6975,,29.4634,-9.784845
MAR,Marrocos,Q12217645,http://www.wikidata.org/entity/Q2672941,0,7733,,29.34881,-9.684855
MAR,Marrocos,Q12217651,http://www.wikidata.org/entity/Q3408359,0,14535,,32.27536,-6.57094
MAR,Marrocos,Q12217710,http://www.wikidata.org/entity/Q970179,0,19977,,31.905277777778,-7.2144444444444
MAR,Marrocos,Q12217709,http://www.wikidata.org/entity/Q3408359,0,25563,,32.344166666667,-6.6555555555556
MAR,Marrocos,Q12217722,http://www.wikidata.org/entity/Q1523840,0,10511,,32.74553,-7.76994
MAR,Marrocos,Q12217731,http://www.wikidata.org/entity/Q1734717,0,6062,,34.58187,-2.13
MAR,Marrocos,Q12217738,http://www.wikidata.org/entity/Q2424820,0,10050,,30.05,-9.68333333
MAR,Marrocos,Q12237396,http://www.wikidata.org/entity/Q1072085,0,8448,,31.081388888889,-8.7175
MAR,Marrocos,Q12237428,http://www.wikidata.org/entity/Q1740686,0,8062,,32.940277777778,-6.6616666666667
MAR,Marrocos,Q15077954,http://www.wikidata.org/entity/Q1440552,0,6318,,35.1842,-3.5046
MAR,Marrocos,Q16825930,http://www.wikidata.org/entity/Q367864,0,4432,,34.8325,-3.1766666666667
MAR,Marrocos,Q16825974,http://www.wikidata.org/entity/Q1969535,0,15835,,33.934166666667,-4.7380555555556
MAR,Marrocos,Q16826304,http://www.wikidata.org/entity/Q1440552,0,11616,,34.6575,-3.5330555555556
MAR,Marrocos,Q16826379,http://www.wikidata.org/entity/Q3408385,0,4590,,32.9904,-4.8877
MAR,Marrocos,Q16826382,http://www.wikidata.org/entity/Q3408414,0,5754,,31.35,-5.3
MAR,Marrocos,Q16826425,http://www.wikidata.org/entity/Q3408414,0,19985,,31.07016,-6.14831
MAR,Marrocos,Q16826429,http://www.wikidata.org/entity/Q3408414,0,4870,,31.4167,-6.0
MAR,Marrocos,Q16826433,http://www.wikidata.org/entity/Q1629229,0,10530,,30.988333333333,-7.1322222222222
MAR,Marrocos,Q16826584,http://www.wikidata.org/entity/Q367864,0,2540,,35.063888888889,-2.6030555555556
MAR,Marrocos,Q16843647,http://www.wikidata.org/entity/Q367864,0,10448,,35.185,-3.0480555555556
MAR,Marrocos,Q16843652,http://www.wikidata.org/entity/Q367864,0,8835,,35.106944444444,-3.0655555555556
MAR,Marrocos,Q16845268,http://www.wikidata.org/entity/Q1819589,0,10516,,34.734444444444,-4.0947222222222
MAR,Marrocos,Q16845914,http://www.wikidata.org/entity/Q1819589,0,9763,,34.45,-4.2972222222222
MAR,Marrocos,Q16868254,http://www.wikidata.org/entity/Q1819589,0,11013,,34.405833333333,-4.0430555555556
MAR,Marrocos,Q16868591,http://www.wikidata.org/entity/Q1819589,0,3722,,33.872663,-4.187246
MAR,Marrocos,Q17005873,http://www.wikidata.org/entity/Q1368543,0,7427,,31.138611111111,-9.6091666666667
MAR,Marrocos,Q17006549,http://www.wikidata.org/entity/Q1819589,0,4145,,34.493888888889,-3.9116666666667
MAR,Marrocos,Q17006602,http://www.wikidata.org/entity/Q2092298,0,13254,,30.431666666667,-9.2572222222222
MAR,Marrocos,Q17007033,http://www.wikidata.org/entity/Q1819589,0,11229,,34.53294,-4.29412
MAR,Marrocos,Q17007709,http://www.wikidata.org/entity/Q1368543,0,5445,,31.533055555556,-9.4738888888889
MAR,Marrocos,Q17013211,http://www.wikidata.org/entity/Q1629229,0,15361,,30.474205,-7.133512
MAR,Marrocos,Q17013217,http://www.wikidata.org/entity/Q1440552,0,8054,,34.854166666667,-3.3908333333333
MAR,Marrocos,Q17013226,http://www.wikidata.org/entity/Q1969671,0,12271,,34.405833333333,-4.6938888888889
MAR,Marrocos,Q17013233,http://www.wikidata.org/entity/Q367864,0,4303,,34.962777777778,-2.505
MAR,Marrocos,Q20384841,http://www.wikidata.org/entity/Q1820589,0,19147,,33.173543,-5.471308
MAR,Marrocos,Q20384963,http://www.wikidata.org/entity/Q2024447,0,5060,,31.42,-4.3222222222222
MAR,Marrocos,Q20388185,http://www.wikidata.org/entity/Q2024447,0,10675,,31.761111111111,-5.3169444444444
MAR,Marrocos,Q20388426,http://www.wikidata.org/entity/Q2265471,0,7203,,30.760833333333,-6.4533333333333
MAR,Marrocos,Q20388858,http://www.wikidata.org/entity/Q1368543,0,6557,,31.339166666667,-9.4372222222222
MAR,Marrocos,Q20389544,http://www.wikidata.org/entity/Q1368543,0,7736,,31.295833333333,-9.5625
MAR,Marrocos,Q20389557,http://www.wikidata.org/entity/Q970179,0,9638,,32.35281,-7.32447
MAR,Marrocos,Q20389573,http://www.wikidata.org/entity/Q1740735,0,18587,,33.853611111111,-6.0597222222222
MAR,Marrocos,Q20390177,http://www.wikidata.org/entity/Q1820589,0,8559,,32.6833,-5.58333
MAR,Marrocos,Q20395058,http://www.wikidata.org/entity/Q1740735,0,11836,,33.5575,-6.5241666666667
MAR,Marrocos,Q20395177,http://www.wikidata.org/entity/Q1412034,0,1332,,31.850277777778,-2.965
MAR,Marrocos,Q20395392,http://www.wikidata.org/entity/Q1969535,0,6598,,33.855,-4.4886111111111
MAR,Marrocos,Q20395439,http://www.wikidata.org/entity/Q970179,0,10866,,32.136944444444,-7.3575
MAR,Marrocos,Q20395523,http://www.wikidata.org/entity/Q2301648,0,12050,,34.653888888889,-5.0083333333333
MAR,Marrocos,Q20396031,http://www.wikidata.org/entity/Q923219,0,1768,,29.232222222222,-9.1927777777778
MAR,Marrocos,Q20396057,http://www.wikidata.org/entity/Q923219,0,1783,,28.964722222222,-10.5975
MAR,Marrocos,Q20397736,http://www.wikidata.org/entity/Q923219,0,3038,,29.098333333333,-10.0
MAR,Marrocos,Q20402960,http://www.wikidata.org/entity/Q970179,0,9122,,32.2,-7.3
MAR,Marrocos,Q20403560,http://www.wikidata.org/entity/Q923219,0,1460,,28.676111111111,-10.654444444444
MAR,Marrocos,Q20403724,http://www.wikidata.org/entity/Q1629229,0,8191,,30.803611111111,-7.5069444444444
MAR,Marrocos,Q20408433,http://www.wikidata.org/entity/Q2024447,0,4477,,31.543611111111,-4.4602777777778
MAR,Marrocos,Q20408445,http://www.wikidata.org/entity/Q2265471,0,9416,,30.218055555556,-5.6061111111111
MAR,Marrocos,Q20408470,http://www.wikidata.org/entity/Q820802,0,10304,,34.916388888889,-2.2041666666667
MAR,Marrocos,Q20409024,http://www.wikidata.org/entity/Q1819589,0,14246,,34.498055555556,-4.0394444444444
MAR,Marrocos,Q20409803,http://www.wikidata.org/entity/Q637778,0,11949,,32.116666666667,-9.0833333333333
MAR,Marrocos,Q20415560,http://www.wikidata.org/entity/Q1412034,0,8521,,32.6825,-3.7875
MAR,Marrocos,Q20416059,http://www.wikidata.org/entity/Q2024447,0,22258,,31.245,-4.2680555555556
MAR,Marrocos,Q20418110,http://www.wikidata.org/entity/Q2265471,0,5258,,30.645,-5.8386111111111
MAR,Marrocos,Q20418786,http://www.wikidata.org/entity/Q637778,0,13870,,32.451111111111,-8.775
MAR,Marrocos,Q20421098,http://www.wikidata.org/entity/Q3408420,0,14986,,32.204444444444,-8.5608333333333
MAR,Marrocos,Q20421126,http://www.wikidata.org/entity/Q923219,0,3754,,28.81324,-10.10295
MAR,Marrocos,Q20421355,http://www.wikidata.org/entity/Q637778,0,18134,,32.316388888889,-9.4244444444444
MAR,Marrocos,Q20421422,http://www.wikidata.org/entity/Q2024447,0,6877,,31.645833333333,-4.8025
MAR,Marrocos,Q20423689,http://www.wikidata.org/entity/Q1412034,0,8623,,33.21056,-2.55645
MAR,Marrocos,Q25454423,http://www.wikidata.org/entity/Q1673256,0,15909,,31.953611111111,-8.2052777777778
MAR,Marrocos,Q25454431,http://www.wikidata.org/entity/Q1673256,0,17771,,31.49,-8.2113888888889
MAR,Marrocos,Q25454428,http://www.wikidata.org/entity/Q1673256,0,32506,,31.61789,-8.19948
MAR,Marrocos,Q25454432,http://www.wikidata.org/entity/Q1673256,0,106013,,31.554166666667,-7.9761111111111
MAR,Marrocos,Q25454457,http://www.wikidata.org/entity/Q180994,0,2231,,27.932138888889,-9.9638055555556
MAR,Marrocos,Q25454466,http://www.wikidata.org/entity/Q631610,0,1745,,26.97639,-12.61965
MAR,Marrocos,Q25454468,http://www.wikidata.org/entity/Q895028,0,1385,,24.90945,-14.82732
MAR,Marrocos,Q25463427,http://www.wikidata.org/entity/Q637778,0,10449,,,
MAR,Marrocos,Q25463425,http://www.wikidata.org/entity/Q1673256,0,91903,,31.625833333333,-8.1027777777778
MAR,Marrocos,Q27509325,,0,4662,,34.80321,-5.34458
MAR,Marrocos,Q27511875,,0,7311,,32.82268,-8.5081
MAR,Marrocos,Q27512470,http://www.wikidata.org/entity/Q683959,0,12629,,32.53527,-3.44807
MAR,Marrocos,Q27512574,,0,10481,,,
MAR,Marrocos,Q27513307,http://www.wikidata.org/entity/Q28889908,0,1257,,31.177777777778,-8.0733333333333
MAR,Marrocos,Q27513480,http://www.wikidata.org/entity/Q28895783,0,1201,,32.34121,-6.37249
MAR,Marrocos,Q27513497,http://www.wikidata.org/entity/Q28875056,0,1504,,32.02519,-7.71604
MAR,Marrocos,Q27513571,http://www.wikidata.org/entity/Q28894989,0,405,,35.45866,-5.993
MAR,Marrocos,Q27513606,http://www.wikidata.org/entity/Q3358266,0,44614,,33.94633,-4.99509
MAR,Marrocos,Q27515008,http://www.wikidata.org/entity/Q28890086,0,591,,31.702222222222,-6.3494444444444
MAR,Marrocos,Q27515068,http://www.wikidata.org/entity/Q6726176,0,6910,,35.01032,-2.33701
MAR,Marrocos,Q27530280,http://www.wikidata.org/entity/Q28896577,0,462,,30.56841,-8.79275
MAR,Marrocos,Q27530342,http://www.wikidata.org/entity/Q28890125,0,142,,33.424722222222,-4.3241666666667
MAR,Marrocos,Q27530417,http://www.wikidata.org/entity/Q28890434,0,596,,33.955,-5.3097222222222
MAR,Marrocos,Q27530540,http://www.wikidata.org/entity/Q28890123,0,322,,31.4875,-6.9427777777778
MAR,Marrocos,Q27531318,http://www.wikidata.org/entity/Q28894621,0,8103,,34.46098,-4.69013
MAR,Marrocos,Q27531358,http://www.wikidata.org/entity/Q28874916,0,474,,29.813611111111,-8.7680555555556
MAR,Marrocos,Q27532233,http://www.wikidata.org/entity/Q28898095,0,454,,29.82,-5.72
MAR,Marrocos,Q27532285,http://www.wikidata.org/entity/Q28874916,0,613,,31.57917,-7.31308
MAR,Marrocos,Q27532401,http://www.wikidata.org/entity/Q28889903,0,720,,31.10783,-8.49083
MAR,Marrocos,Q27532533,http://www.wikidata.org/entity/Q28897483,0,66,,30.22492,-7.79601
MAR,Marrocos,Q27533450,http://www.wikidata.org/entity/Q637778,0,12717,,31.894444444444,-8.9841666666667
MAR,Marrocos,Q27533449,http://www.wikidata.org/entity/Q637778,0,30870,,32.615277777778,-9.0833333333333
MAR,Marrocos,Q27534245,http://www.wikidata.org/entity/Q2606723,0,10418,,33.81226,-5.28706
MAR,Marrocos,Q27534251,http://www.wikidata.org/entity/Q820802,0,21800,,34.935277777778,-2.4305555555556
MAR,Marrocos,Q27534254,http://www.wikidata.org/entity/Q1687516,0,5467,,34.345833333333,-2.1461111111111
MAR,Marrocos,Q27534267,http://www.wikidata.org/entity/Q1366420,0,1820,,26.822777777778,-11.773333333333
MAR,Marrocos,Q27534310,http://www.wikidata.org/entity/Q546437,0,2976,,30.071388888889,-7.3666666666667
MAR,Marrocos,Q27534311,http://www.wikidata.org/entity/Q546437,0,7217,,29.161111111111,-8.9583333333333
MAR,Marrocos,Q27534356,http://www.wikidata.org/entity/Q180994,0,6787,,28.416111111111,-9.2186111111111
MAR,Marrocos,Q27534422,http://www.wikidata.org/entity/Q6721325,0,8901,,33.670555555556,-6.3161111111111
MAR,Marrocos,Q27534424,http://www.wikidata.org/entity/Q3483251,0,1031,,35.37352,-5.97537
MAR,Marrocos,Q27534891,http://www.wikidata.org/entity/Q2265471,0,12110,,30.646111111111,-6.6386111111111
MAR,Marrocos,Q27534895,http://www.wikidata.org/entity/Q923219,0,1406,,29.093055555556,-10.275277777778
MAR,Marrocos,Q27535307,http://www.wikidata.org/entity/Q820802,0,5901,,34.738888888889,-2.3625
MAR,Marrocos,Q27535365,http://www.wikidata.org/entity/Q923219,0,5632,,29.122777777778,-9.5991666666667
MAR,Marrocos,Q27535380,http://www.wikidata.org/entity/Q1687516,0,1694,,34.51897,-1.84483
MAR,Marrocos,Q27535400,http://www.wikidata.org/entity/Q923219,0,1201,,29.026111111111,-10.231944444444
MAR,Marrocos,Q27535418,http://www.wikidata.org/entity/Q2265471,0,15505,,30.376111111111,-6.1930555555556
MAR,Marrocos,Q27536014,http://www.wikidata.org/entity/Q546437,0,4327,,29.856111111111,-8.5297222222222
MAR,Marrocos,Q27536015,http://www.wikidata.org/entity/Q546437,0,6511,,29.691944444444,-7.9855555555556
MAR,Marrocos,Q27536016,http://www.wikidata.org/entity/Q546437,0,6832,,29.991944444444,-7.5322222222222
MAR,Marrocos,Q27536017,http://www.wikidata.org/entity/Q546437,0,2327,,29.242777777778,-8.3286111111111
MAR,Marrocos,Q27536113,http://www.wikidata.org/entity/Q793763,0,8639,,32.16226,-6.34808
MAR,Marrocos,Q27536146,http://www.wikidata.org/entity/Q637778,0,14324,,32.430277777778,-8.6405555555556
MAR,Marrocos,Q27538761,http://www.wikidata.org/entity/Q1740686,0,7637,,33.161944444444,-6.8375
MAR,Marrocos,Q27538799,,0,14832,,,
MAR,Marrocos,Q27538796,http://www.wikidata.org/entity/Q599606,0,17438,,33.19481,-8.59071
MAR,Marrocos,Q27538807,http://www.wikidata.org/entity/Q3408385,0,10100,,32.111388888889,-5.5197222222222
MAR,Marrocos,Q27538808,http://www.wikidata.org/entity/Q3408385,0,5119,,32.298888888889,-4.8372222222222
MAR,Marrocos,Q27538926,http://www.wikidata.org/entity/Q4699274,0,5033,,33.73263,-5.57924
MAR,Marrocos,Q27727985,http://www.wikidata.org/entity/Q1687516,0,2617,,34.208055555556,-2.3783333333333
MAR,Marrocos,Q27728016,http://www.wikidata.org/entity/Q1687516,0,7522,,33.953333333333,-2.6125
MAR,Marrocos,Q27728075,http://www.wikidata.org/entity/Q1687516,0,7577,,34.454166666667,-1.8986111111111
MAR,Marrocos,Q12217742,http://www.wikidata.org/entity/Q1969671,0,15452,,34.702777777778,-4.9905555555556
MAR,Marrocos,Q12218399,http://www.wikidata.org/entity/Q599606,0,38025,,33.313333333333,-8.1652777777778
MAR,Marrocos,Q12218880,http://www.wikidata.org/entity/Q599606,0,10175,,31.6,-7.85
MAR,Marrocos,Q12219457,http://www.wikidata.org/entity/Q1740686,0,9087,,32.899444444444,-6.3825
MAR,Marrocos,Q12219919,http://www.wikidata.org/entity/Q1257443,0,7619,,35.63017,-5.44285
MAR,Marrocos,Q16860494,http://www.wikidata.org/entity/Q1819589,0,11088,,34.268591,-4.159448
MAR,Marrocos,Q16860493,http://www.wikidata.org/entity/Q3408363,0,2406,,34.353888888889,-3.7491666666667
MAR,Marrocos,Q16862005,http://www.wikidata.org/entity/Q3408363,0,12092,,33.981944444444,-3.7494444444444
MAR,Marrocos,Q16862201,http://www.wikidata.org/entity/Q1819589,0,9718,,34.384444444444,-4.2827777777778
MAR,Marrocos,Q16896279,http://www.wikidata.org/entity/Q1969671,0,9763,,34.083663,-4.610147
MAR,Marrocos,Q16900191,http://www.wikidata.org/entity/Q990115,0,4877,,32.40308,-5.42118
MAR,Marrocos,Q20389484,http://www.wikidata.org/entity/Q1368543,0,4726,,31.863055555556,-9.6719444444444
MAR,Marrocos,Q20390194,http://www.wikidata.org/entity/Q737483,0,116649,,33.826111111111,-6.9038888888889
MAR,Marrocos,Q20390342,http://www.wikidata.org/entity/Q1368543,0,7782,,31.659722222222,-9.1636111111111
MAR,Marrocos,Q20390976,http://www.wikidata.org/entity/Q2301648,0,7676,,33.46891,-5.20804
MAR,Marrocos,Q20394261,http://www.wikidata.org/entity/Q1740735,0,16778,,33.3,-6.53333
MAR,Marrocos,Q20394308,http://www.wikidata.org/entity/Q637778,0,11393,,32.293333333333,-8.6888888888889
MAR,Marrocos,Q20394346,http://www.wikidata.org/entity/Q637778,0,15830,,32.014166666667,-9.3347222222222
MAR,Marrocos,Q20394656,http://www.wikidata.org/entity/Q1820589,0,9480,,32.83497,-5.58515
MAR,Marrocos,Q20395652,http://www.wikidata.org/entity/Q1734717,0,5727,,34.74966,-2.13899
MAR,Marrocos,Q20395697,http://www.wikidata.org/entity/Q3408414,0,18235,,31.171666666667,-5.6488888888889
MAR,Marrocos,Q20418150,http://www.wikidata.org/entity/Q1368543,0,5617,,31.095833333333,-9.8208333333333
MAR,Marrocos,Q20418359,http://www.wikidata.org/entity/Q2265471,0,11697,,30.8075,-6.1141666666667
MAR,Marrocos,Q20418480,http://www.wikidata.org/entity/Q1368543,0,4552,,31.201388888889,-9.3052777777778
MAR,Marrocos,Q20419206,http://www.wikidata.org/entity/Q3408420,0,16375,,32.054722222222,-8.3208333333333
MAR,Marrocos,Q20419409,http://www.wikidata.org/entity/Q970179,0,7522,,32.2075,-7.17639
MAR,Marrocos,Q20419878,http://www.wikidata.org/entity/Q1368543,0,7317,,31.754722222222,-9.3716666666667
MAR,Marrocos,Q20421090,http://www.wikidata.org/entity/Q970179,0,8830,,32.05329,-7.37165
MAR,Marrocos,Q20423354,http://www.wikidata.org/entity/Q3408414,0,7043,,31.22,-4.83
MAR,Marrocos,Q20424271,http://www.wikidata.org/entity/Q1740735,0,13017,,33.558055555556,-6.6930555555556
MAR,Marrocos,Q20424492,http://www.wikidata.org/entity/Q1740735,0,15070,,33.9375,-6.2544444444444
MAR,Marrocos,Q20424498,http://www.wikidata.org/entity/Q1687516,0,3359,,34.021111111111,-2.3830555555556
MAR,Marrocos,Q25454472,http://www.wikidata.org/entity/Q631610,0,1844,,27.1769,-13.3928
MAR,Marrocos,Q25463412,http://www.wikidata.org/entity/Q2395317,0,20004,,33.450098,-7.348953
MAR,Marrocos,Q25463413,http://www.wikidata.org/entity/Q516261,0,81048,,33.475555555556,-7.7541666666667
MAR,Marrocos,Q25463423,http://www.wikidata.org/entity/Q1149096,0,98015,,33.599166666667,-7.4166666666667
MAR,Marrocos,Q27534928,http://www.wikidata.org/entity/Q1950226,0,14910,,34.15,-4.8313888888889
MAR,Marrocos,Q27534947,http://www.wikidata.org/entity/Q2301648,0,2893,,33.29586,-5.4858
MAR,Marrocos,Q27536174,http://www.wikidata.org/entity/Q2024447,0,5575,,31.284166666667,-4.2641666666667
MAR,Marrocos,Q27536790,http://www.wikidata.org/entity/Q2826831,0,3219,,32.67499,-5.29114
MAR,Marrocos,Q27536893,http://www.wikidata.org/entity/Q820802,0,12800,,34.871944444444,-2.6177777777778
MAR,Marrocos,Q27537403,http://www.wikidata.org/entity/Q546437,0,5004,,29.973611111111,-8.2608333333333
MAR,Marrocos,Q27537406,http://www.wikidata.org/entity/Q546437,0,8490,,30.277777777778,-6.8291666666667
MAR,Marrocos,Q27537440,http://www.wikidata.org/entity/Q923219,0,2891,,29.010277777778,-10.195
MAR,Marrocos,Q27538118,http://www.wikidata.org/entity/Q1673256,0,13565,,31.96024,-8.13059
MAR,Marrocos,Q27538687,http://www.wikidata.org/entity/Q1257443,0,22985,,35.5317,-5.28847
MAR,Marrocos,Q28873975,http://www.wikidata.org/entity/Q28897233,0,300,,,
MAR,Marrocos,Q28873989,http://www.wikidata.org/entity/Q28893054,0,116,,,
MAR,Marrocos,Q28875091,http://www.wikidata.org/entity/Q28874914,0,124,,,
MAR,Marrocos,Q28875095,http://www.wikidata.org/entity/Q28874914,0,391,,,
MAR,Marrocos,Q28875099,http://www.wikidata.org/entity/Q28874914,0,425,,,
MAR,Marrocos,Q28875102,http://www.wikidata.org/entity/Q28874914,0,481,,,
MAR,Marrocos,Q28875105,http://www.wikidata.org/entity/Q28874914,0,187,,,
MAR,Marrocos,Q28875111,http://www.wikidata.org/entity/Q28874914,0,277,,,
MAR,Marrocos,Q28875108,http://www.wikidata.org/entity/Q28874914,0,115,,,
MAR,Marrocos,Q28875114,http://www.wikidata.org/entity/Q28874914,0,105,,,
MAR,Marrocos,Q28875117,http://www.wikidata.org/entity/Q28874914,0,301,,,
MAR,Marrocos,Q28875120,http://www.wikidata.org/entity/Q28874914,0,520,,,
MAR,Marrocos,Q28875127,http://www.wikidata.org/entity/Q28874914,0,261,,,
MAR,Marrocos,Q28875124,http://www.wikidata.org/entity/Q28874914,0,319,,,
MAR,Marrocos,Q28875130,http://www.wikidata.org/entity/Q28874914,0,28,,,
MAR,Marrocos,Q28875133,http://www.wikidata.org/entity/Q28874914,0,242,,,
MAR,Marrocos,Q28875137,http://www.wikidata.org/entity/Q28874917,0,96,,,
MAR,Marrocos,Q28875143,http://www.wikidata.org/entity/Q28874917,0,25,,,
MAR,Marrocos,Q28875140,http://www.wikidata.org/entity/Q28874917,0,24,,,
MAR,Marrocos,Q28875141,http://www.wikidata.org/entity/Q28874920,0,204,,,
MAR,Marrocos,Q28875146,http://www.wikidata.org/entity/Q28874917,0,159,,,
MAR,Marrocos,Q28875147,http://www.wikidata.org/entity/Q28874920,0,57,,,
MAR,Marrocos,Q28875144,http://www.wikidata.org/entity/Q28874920,0,149,,,
MAR,Marrocos,Q28875151,http://www.wikidata.org/entity/Q28874920,0,329,,,
MAR,Marrocos,Q28875154,http://www.wikidata.org/entity/Q28874917,0,40,,,
MAR,Marrocos,Q28875153,http://www.wikidata.org/entity/Q28874920,0,202,,,
MAR,Marrocos,Q28875156,http://www.wikidata.org/entity/Q28874920,0,585,,,
MAR,Marrocos,Q28875157,http://www.wikidata.org/entity/Q28874917,0,235,,,
MAR,Marrocos,Q28875160,http://www.wikidata.org/entity/Q28874920,0,683,,,
MAR,Marrocos,Q28875161,http://www.wikidata.org/entity/Q28874917,0,68,,,
MAR,Marrocos,Q28875164,http://www.wikidata.org/entity/Q28874920,0,173,,,
MAR,Marrocos,Q28875165,http://www.wikidata.org/entity/Q28874917,0,136,,,
MAR,Marrocos,Q28875168,http://www.wikidata.org/entity/Q28874920,0,379,,,
MAR,Marrocos,Q28875169,http://www.wikidata.org/entity/Q28874917,0,339,,,
MAR,Marrocos,Q28875172,http://www.wikidata.org/entity/Q28874920,0,260,,,
MAR,Marrocos,Q28875173,http://www.wikidata.org/entity/Q28874917,0,472,,,
MAR,Marrocos,Q28875178,http://www.wikidata.org/entity/Q28874917,0,141,,,
MAR,Marrocos,Q28875176,http://www.wikidata.org/entity/Q28874920,0,191,,,
MAR,Marrocos,Q28875182,http://www.wikidata.org/entity/Q28874917,0,151,,,
MAR,Marrocos,Q28875181,http://www.wikidata.org/entity/Q28874920,0,403,,,
MAR,Marrocos,Q28875186,http://www.wikidata.org/entity/Q28874917,0,136,,,
MAR,Marrocos,Q28875185,http://www.wikidata.org/entity/Q28874920,0,544,,,
MAR,Marrocos,Q28875190,http://www.wikidata.org/entity/Q28874917,0,202,,,
MAR,Marrocos,Q28875188,http://www.wikidata.org/entity/Q28874924,0,80,,,
MAR,Marrocos,Q28875194,http://www.wikidata.org/entity/Q28874917,0,342,,,
MAR,Marrocos,Q28875193,http://www.wikidata.org/entity/Q28874924,0,337,,,
MAR,Marrocos,Q28875219,http://www.wikidata.org/entity/Q28874922,0,209,,,
MAR,Marrocos,Q28875222,http://www.wikidata.org/entity/Q28874922,0,65,,,
MAR,Marrocos,Q28875227,http://www.wikidata.org/entity/Q28874922,0,66,,,
MAR,Marrocos,Q28875224,http://www.wikidata.org/entity/Q28874922,0,276,,,
MAR,Marrocos,Q28875230,http://www.wikidata.org/entity/Q28874925,0,527,,,
MAR,Marrocos,Q28875235,http://www.wikidata.org/entity/Q28874925,0,5,,,
MAR,Marrocos,Q28875233,http://www.wikidata.org/entity/Q28874925,0,87,,,
MAR,Marrocos,Q28875259,http://www.wikidata.org/entity/Q28874925,0,372,,,
MAR,Marrocos,Q28875263,http://www.wikidata.org/entity/Q28874925,0,212,,,
MAR,Marrocos,Q28875264,http://www.wikidata.org/entity/Q28874925,0,218,,,
MAR,Marrocos,Q28875269,http://www.wikidata.org/entity/Q28874925,0,215,,,
MAR,Marrocos,Q28875275,http://www.wikidata.org/entity/Q28874928,0,139,,,
MAR,Marrocos,Q28875272,http://www.wikidata.org/entity/Q28874925,0,123,,,
MAR,Marrocos,Q28875277,http://www.wikidata.org/entity/Q28874928,0,51,,,
MAR,Marrocos,Q28875397,http://www.wikidata.org/entity/Q28875067,0,413,,,
MAR,Marrocos,Q28875402,http://www.wikidata.org/entity/Q28875100,0,133,,,
MAR,Marrocos,Q28875403,http://www.wikidata.org/entity/Q28875067,0,497,,,
MAR,Marrocos,Q28875400,http://www.wikidata.org/entity/Q28875152,0,146,,,
MAR,Marrocos,Q28875401,http://www.wikidata.org/entity/Q28875067,0,368,,,
MAR,Marrocos,Q28875406,http://www.wikidata.org/entity/Q28875063,0,344,,,
MAR,Marrocos,Q28875407,http://www.wikidata.org/entity/Q28874931,0,121,,,
MAR,Marrocos,Q28875404,http://www.wikidata.org/entity/Q28875063,0,119,,,
MAR,Marrocos,Q28875405,http://www.wikidata.org/entity/Q28875100,0,346,,,
MAR,Marrocos,Q28875410,http://www.wikidata.org/entity/Q28875100,0,350,,,
MAR,Marrocos,Q28875411,http://www.wikidata.org/entity/Q28875063,0,177,,,
MAR,Marrocos,Q28875408,http://www.wikidata.org/entity/Q28875152,0,322,,,
MAR,Marrocos,Q28875409,http://www.wikidata.org/entity/Q28875159,0,197,,,
MAR,Marrocos,Q28875415,http://www.wikidata.org/entity/Q28875063,0,266,,,
MAR,Marrocos,Q28875412,http://www.wikidata.org/entity/Q28875100,0,377,,,
MAR,Marrocos,Q28875413,http://www.wikidata.org/entity/Q28875063,0,226,,,
MAR,Marrocos,Q28875418,http://www.wikidata.org/entity/Q28875063,0,78,,,
MAR,Marrocos,Q28875419,http://www.wikidata.org/entity/Q28875100,0,217,,,
MAR,Marrocos,Q28875416,http://www.wikidata.org/entity/Q28875100,0,447,,,
MAR,Marrocos,Q28875417,http://www.wikidata.org/entity/Q28874931,0,217,,,
MAR,Marrocos,Q28875422,http://www.wikidata.org/entity/Q28875100,0,35,,,
MAR,Marrocos,Q28875420,http://www.wikidata.org/entity/Q28875155,0,428,,,
MAR,Marrocos,Q28875421,http://www.wikidata.org/entity/Q28875063,0,672,,,
MAR,Marrocos,Q28875199,http://www.wikidata.org/entity/Q28874917,0,106,,,
MAR,Marrocos,Q28875196,http://www.wikidata.org/entity/Q28874924,0,541,,,
MAR,Marrocos,Q28875203,http://www.wikidata.org/entity/Q28874917,0,148,,,
MAR,Marrocos,Q28875201,http://www.wikidata.org/entity/Q28874924,0,100,,,
MAR,Marrocos,Q28875207,http://www.wikidata.org/entity/Q28874917,0,57,,,
MAR,Marrocos,Q28875205,http://www.wikidata.org/entity/Q28874924,0,196,,,
MAR,Marrocos,Q28875211,http://www.wikidata.org/entity/Q28874917,0,127,,,
MAR,Marrocos,Q28875208,http://www.wikidata.org/entity/Q28874924,0,157,,,
MAR,Marrocos,Q28875215,http://www.wikidata.org/entity/Q28874922,0,103,,,
MAR,Marrocos,Q28875212,http://www.wikidata.org/entity/Q28874924,0,412,,,
MAR,Marrocos,Q28875239,http://www.wikidata.org/entity/Q28874925,0,86,,,
MAR,Marrocos,Q28875242,http://www.wikidata.org/entity/Q28874925,0,233,,,
MAR,Marrocos,Q28875247,http://www.wikidata.org/entity/Q28874925,0,177,,,
MAR,Marrocos,Q28875244,http://www.wikidata.org/entity/Q28874925,0,8,,,
MAR,Marrocos,Q28875251,http://www.wikidata.org/entity/Q28874925,0,169,,,
MAR,Marrocos,Q28875255,http://www.wikidata.org/entity/Q28874925,0,153,,,
MAR,Marrocos,Q28875279,http://www.wikidata.org/entity/Q28875142,0,444,,,
MAR,Marrocos,Q28875282,http://www.wikidata.org/entity/Q28875142,0,461,,,
MAR,Marrocos,Q28875283,http://www.wikidata.org/entity/Q28874928,0,354,,,
MAR,Marrocos,Q28875280,http://www.wikidata.org/entity/Q28874928,0,73,,,
MAR,Marrocos,Q28875286,http://www.wikidata.org/entity/Q28875142,0,421,,,
MAR,Marrocos,Q28875287,http://www.wikidata.org/entity/Q28874928,0,434,,,
MAR,Marrocos,Q28875290,http://www.wikidata.org/entity/Q28874928,0,47,,,
MAR,Marrocos,Q28875291,http://www.wikidata.org/entity/Q28875142,0,179,,,
MAR,Marrocos,Q28875288,http://www.wikidata.org/entity/Q28875142,0,176,,,
MAR,Marrocos,Q28875294,http://www.wikidata.org/entity/Q28875142,0,383,,,
MAR,Marrocos,Q28875293,http://www.wikidata.org/entity/Q28874928,0,88,,,
MAR,Marrocos,Q28875296,http://www.wikidata.org/entity/Q28874928,0,140,,,
MAR,Marrocos,Q28875297,http://www.wikidata.org/entity/Q28875145,0,389,,,
MAR,Marrocos,Q28875303,http://www.wikidata.org/entity/Q28874928,0,126,,,
MAR,Marrocos,Q28875300,http://www.wikidata.org/entity/Q28874928,0,62,,,
MAR,Marrocos,Q28875301,http://www.wikidata.org/entity/Q28875145,0,129,,,
MAR,Marrocos,Q28875306,http://www.wikidata.org/entity/Q28874928,0,124,,,
MAR,Marrocos,Q28875307,http://www.wikidata.org/entity/Q28875145,0,442,,,
MAR,Marrocos,Q28875304,http://www.wikidata.org/entity/Q28875145,0,155,,,
MAR,Marrocos,Q28875310,http://www.wikidata.org/entity/Q28875145,0,132,,,
MAR,Marrocos,Q28875309,http://www.wikidata.org/entity/Q28874928,0,63,,,
MAR,Marrocos,Q28875315,http://www.wikidata.org/entity/Q28874928,0,475,,,
MAR,Marrocos,Q28875312,http://www.wikidata.org/entity/Q28874928,0,36,,,
MAR,Marrocos,Q28875313,http://www.wikidata.org/entity/Q28875145,0,538,,,
MAR,Marrocos,Q28875318,http://www.wikidata.org/entity/Q28874928,0,182,,,
MAR,Marrocos,Q28875319,http://www.wikidata.org/entity/Q28875145,0,396,,,
MAR,Marrocos,Q28875316,http://www.wikidata.org/entity/Q28875145,0,711,,,
MAR,Marrocos,Q28875322,http://www.wikidata.org/entity/Q28875145,0,238,,,
MAR,Marrocos,Q28875323,http://www.wikidata.org/entity/Q28874928,0,523,,,
MAR,Marrocos,Q28875320,http://www.wikidata.org/entity/Q28874928,0,460,,,
MAR,Marrocos,Q28875326,http://www.wikidata.org/entity/Q28875152,0,364,,,
MAR,Marrocos,Q28875327,http://www.wikidata.org/entity/Q28874928,0,233,,,
MAR,Marrocos,Q28875330,http://www.wikidata.org/entity/Q28874928,0,94,,,
MAR,Marrocos,Q28875331,http://www.wikidata.org/entity/Q28875152,0,482,,,
MAR,Marrocos,Q28875334,http://www.wikidata.org/entity/Q28875152,0,365,,,
MAR,Marrocos,Q28875333,http://www.wikidata.org/entity/Q28874928,0,240,,,
MAR,Marrocos,Q28875338,http://www.wikidata.org/entity/Q28875152,0,125,,,
MAR,Marrocos,Q28875336,http://www.wikidata.org/entity/Q28874931,0,129,,,
MAR,Marrocos,Q28875342,http://www.wikidata.org/entity/Q28875093,0,408,,,
MAR,Marrocos,Q28875340,http://www.wikidata.org/entity/Q28875075,0,180,,,
MAR,Marrocos,Q28875341,http://www.wikidata.org/entity/Q28874931,0,233,,,
MAR,Marrocos,Q28875346,http://www.wikidata.org/entity/Q28875093,0,576,,,
MAR,Marrocos,Q28875347,http://www.wikidata.org/entity/Q28875152,0,273,,,
MAR,Marrocos,Q28875345,http://www.wikidata.org/entity/Q28875075,0,470,,,
MAR,Marrocos,Q28875351,http://www.wikidata.org/entity/Q28875093,0,581,,,
MAR,Marrocos,Q28875349,http://www.wikidata.org/entity/Q28875093,0,633,,,
MAR,Marrocos,Q28875354,http://www.wikidata.org/entity/Q28875093,0,455,,,
MAR,Marrocos,Q28875353,http://www.wikidata.org/entity/Q28874931,0,103,,,
MAR,Marrocos,Q28875358,http://www.wikidata.org/entity/Q28875152,0,529,,,
MAR,Marrocos,Q28875359,http://www.wikidata.org/entity/Q28875072,0,203,,,
MAR,Marrocos,Q28875356,http://www.wikidata.org/entity/Q28875072,0,480,,,
MAR,Marrocos,Q28875357,http://www.wikidata.org/entity/Q28875093,0,329,,,
MAR,Marrocos,Q28875362,http://www.wikidata.org/entity/Q28875093,0,1001,,,
MAR,Marrocos,Q28875363,http://www.wikidata.org/entity/Q28875072,0,100,,,
MAR,Marrocos,Q28875360,http://www.wikidata.org/entity/Q28875093,0,656,,,
MAR,Marrocos,Q28875366,http://www.wikidata.org/entity/Q28875093,0,548,,,
MAR,Marrocos,Q28875364,http://www.wikidata.org/entity/Q28874931,0,235,,,
MAR,Marrocos,Q28875365,http://www.wikidata.org/entity/Q28875159,0,731,,,
MAR,Marrocos,Q28875370,http://www.wikidata.org/entity/Q28875072,0,426,,,
MAR,Marrocos,Q28875371,http://www.wikidata.org/entity/Q28875093,0,601,,,
MAR,Marrocos,Q28875368,http://www.wikidata.org/entity/Q28875152,0,680,,,
MAR,Marrocos,Q28875369,http://www.wikidata.org/entity/Q28875093,0,1427,,,
MAR,Marrocos,Q28875375,http://www.wikidata.org/entity/Q28874931,0,130,,,
MAR,Marrocos,Q28875373,http://www.wikidata.org/entity/Q28875093,0,875,,,
MAR,Marrocos,Q28875379,http://www.wikidata.org/entity/Q28875097,0,1107,,,
MAR,Marrocos,Q28875376,http://www.wikidata.org/entity/Q28875093,0,818,,,
MAR,Marrocos,Q28875377,http://www.wikidata.org/entity/Q28875159,0,552,,,
MAR,Marrocos,Q28875382,http://www.wikidata.org/entity/Q28875097,0,1429,,,
MAR,Marrocos,Q28875380,http://www.wikidata.org/entity/Q28875152,0,209,,,
MAR,Marrocos,Q28875381,http://www.wikidata.org/entity/Q28875072,0,184,,,
MAR,Marrocos,Q28875387,http://www.wikidata.org/entity/Q28875097,0,1819,,,
MAR,Marrocos,Q28875384,http://www.wikidata.org/entity/Q28875097,0,1018,,,
MAR,Marrocos,Q28875385,http://www.wikidata.org/entity/Q28874931,0,84,,,
MAR,Marrocos,Q28875390,http://www.wikidata.org/entity/Q28875152,0,228,,,
MAR,Marrocos,Q28875391,http://www.wikidata.org/entity/Q28875097,0,371,,,
MAR,Marrocos,Q28875388,http://www.wikidata.org/entity/Q28875159,0,284,,,
MAR,Marrocos,Q28875389,http://www.wikidata.org/entity/Q28875067,0,346,,,
MAR,Marrocos,Q28875394,http://www.wikidata.org/entity/Q28875067,0,829,,,
MAR,Marrocos,Q28875395,http://www.wikidata.org/entity/Q28875097,0,310,,,
MAR,Marrocos,Q28875392,http://www.wikidata.org/entity/Q28875067,0,421,,,
MAR,Marrocos,Q28875393,http://www.wikidata.org/entity/Q28875097,0,1141,,,
MAR,Marrocos,Q28875398,http://www.wikidata.org/entity/Q28875159,0,384,,,
MAR,Marrocos,Q28875399,http://www.wikidata.org/entity/Q28875100,0,133,,,
MAR,Marrocos,Q28875396,http://www.wikidata.org/entity/Q28874931,0,70,,,
MAR,Marrocos,Q28875423,http://www.wikidata.org/entity/Q28875159,0,582,,,
MAR,Marrocos,Q28875426,http://www.wikidata.org/entity/Q28875063,0,388,,,
MAR,Marrocos,Q28875427,http://www.wikidata.org/entity/Q28875100,0,423,,,
MAR,Marrocos,Q28875425,http://www.wikidata.org/entity/Q28875100,0,456,,,
MAR,Marrocos,Q28875430,http://www.wikidata.org/entity/Q28875063,0,582,,,
MAR,Marrocos,Q28875431,http://www.wikidata.org/entity/Q28874931,0,164,,,
MAR,Marrocos,Q28875428,http://www.wikidata.org/entity/Q28875063,0,258,,,
MAR,Marrocos,Q28875429,http://www.wikidata.org/entity/Q28875100,0,169,,,
MAR,Marrocos,Q28875434,http://www.wikidata.org/entity/Q28875155,0,341,,,
MAR,Marrocos,Q28875435,http://www.wikidata.org/entity/Q28875100,0,61,,,
MAR,Marrocos,Q28875432,http://www.wikidata.org/entity/Q28875100,0,200,,,
MAR,Marrocos,Q28875433,http://www.wikidata.org/entity/Q28875063,0,861,,,
MAR,Marrocos,Q28875439,http://www.wikidata.org/entity/Q28875100,0,212,,,
MAR,Marrocos,Q28875436,http://www.wikidata.org/entity/Q28875061,0,323,,,
MAR,Marrocos,Q28875437,http://www.wikidata.org/entity/Q28875162,0,298,,,
MAR,Marrocos,Q28875442,http://www.wikidata.org/entity/Q28875061,0,233,,,
MAR,Marrocos,Q28875443,http://www.wikidata.org/entity/Q28874931,0,101,,,
MAR,Marrocos,Q28875440,http://www.wikidata.org/entity/Q28875061,0,448,,,
MAR,Marrocos,Q28875441,http://www.wikidata.org/entity/Q28875100,0,173,,,
MAR,Marrocos,Q28875446,http://www.wikidata.org/entity/Q28875155,0,277,,,
MAR,Marrocos,Q28875447,http://www.wikidata.org/entity/Q28875100,0,471,,,
MAR,Marrocos,Q28875444,http://www.wikidata.org/entity/Q28875100,0,272,,,
MAR,Marrocos,Q28875445,http://www.wikidata.org/entity/Q28875061,0,538,,,
MAR,Marrocos,Q28875450,http://www.wikidata.org/entity/Q28875162,0,105,,,
MAR,Marrocos,Q28875451,http://www.wikidata.org/entity/Q28875100,0,181,,,
MAR,Marrocos,Q28875448,http://www.wikidata.org/entity/Q28875061,0,292,,,
MAR,Marrocos,Q28875454,http://www.wikidata.org/entity/Q28875061,0,1384,,,
MAR,Marrocos,Q28875455,http://www.wikidata.org/entity/Q28874931,0,64,,,
MAR,Marrocos,Q28875452,http://www.wikidata.org/entity/Q28875061,0,401,,,
MAR,Marrocos,Q28875453,http://www.wikidata.org/entity/Q28875100,0,156,,,
MAR,Marrocos,Q28875458,http://www.wikidata.org/entity/Q28875058,0,611,,,
MAR,Marrocos,Q28875459,http://www.wikidata.org/entity/Q28875103,0,199,,,
MAR,Marrocos,Q28875456,http://www.wikidata.org/entity/Q28875103,0,201,,,
MAR,Marrocos,Q28875457,http://www.wikidata.org/entity/Q28875155,0,351,,,
MAR,Marrocos,Q28875462,http://www.wikidata.org/entity/Q28875162,0,14,,,
MAR,Marrocos,Q28875463,http://www.wikidata.org/entity/Q28875103,0,200,,,
MAR,Marrocos,Q28875460,http://www.wikidata.org/entity/Q28875058,0,202,,,
MAR,Marrocos,Q28875466,http://www.wikidata.org/entity/Q28874931,0,71,,,
MAR,Marrocos,Q28875467,http://www.wikidata.org/entity/Q28875103,0,106,,,
MAR,Marrocos,Q28875464,http://www.wikidata.org/entity/Q28875058,0,207,,,
MAR,Marrocos,Q28875465,http://www.wikidata.org/entity/Q28875103,0,246,,,
MAR,Marrocos,Q28875470,http://www.wikidata.org/entity/Q28875103,0,407,,,
MAR,Marrocos,Q28875471,http://www.wikidata.org/entity/Q28875058,0,486,,,
MAR,Marrocos,Q28875468,http://www.wikidata.org/entity/Q28875058,0,513,,,
MAR,Marrocos,Q28875469,http://www.wikidata.org/entity/Q28875155,0,572,,,
MAR,Marrocos,Q28875475,http://www.wikidata.org/entity/Q28875103,0,161,,,
MAR,Marrocos,Q28875472,http://www.wikidata.org/entity/Q28875162,0,334,,,
MAR,Marrocos,Q28875473,http://www.wikidata.org/entity/Q28875058,0,450,,,
MAR,Marrocos,Q28875478,http://www.wikidata.org/entity/Q28875055,0,508,,,
MAR,Marrocos,Q28875479,http://www.wikidata.org/entity/Q28874931,0,146,,,
MAR,Marrocos,Q28875476,http://www.wikidata.org/entity/Q28875058,0,155,,,
MAR,Marrocos,Q28875477,http://www.wikidata.org/entity/Q28875103,0,52,,,
MAR,Marrocos,Q28875482,http://www.wikidata.org/entity/Q28875055,0,635,,,
MAR,Marrocos,Q28875483,http://www.wikidata.org/entity/Q28875103,0,368,,,
MAR,Marrocos,Q28875480,http://www.wikidata.org/entity/Q28875155,0,55,,,
MAR,Marrocos,Q28875481,http://www.wikidata.org/entity/Q28875103,0,199,,,
MAR,Marrocos,Q28875487,http://www.wikidata.org/entity/Q28875103,0,424,,,
MAR,Marrocos,Q28875484,http://www.wikidata.org/entity/Q28875166,0,98,,,
MAR,Marrocos,Q28875485,http://www.wikidata.org/entity/Q28875055,0,526,,,
MAR,Marrocos,Q28875490,http://www.wikidata.org/entity/Q28874931,0,474,,,
MAR,Marrocos,Q28875491,http://www.wikidata.org/entity/Q28875155,0,343,,,
MAR,Marrocos,Q28875488,http://www.wikidata.org/entity/Q28875055,0,430,,,
MAR,Marrocos,Q28875489,http://www.wikidata.org/entity/Q28875103,0,702,,,
MAR,Marrocos,Q28875494,http://www.wikidata.org/entity/Q28875055,0,304,,,
MAR,Marrocos,Q28875495,http://www.wikidata.org/entity/Q28875103,0,311,,,
MAR,Marrocos,Q28875492,http://www.wikidata.org/entity/Q28875055,0,244,,,
MAR,Marrocos,Q28875493,http://www.wikidata.org/entity/Q28875103,0,747,,,
MAR,Marrocos,Q28875499,http://www.wikidata.org/entity/Q28875103,0,422,,,
MAR,Marrocos,Q28875496,http://www.wikidata.org/entity/Q28875166,0,50,,,
MAR,Marrocos,Q28875497,http://www.wikidata.org/entity/Q28875055,0,254,,,
MAR,Marrocos,Q28875502,http://www.wikidata.org/entity/Q28875103,0,404,,,
MAR,Marrocos,Q28875503,http://www.wikidata.org/entity/Q28875155,0,310,,,
MAR,Marrocos,Q28875500,http://www.wikidata.org/entity/Q28875055,0,753,,,
MAR,Marrocos,Q28875501,http://www.wikidata.org/entity/Q28874934,0,91,,,
MAR,Marrocos,Q28875506,http://www.wikidata.org/entity/Q28875052,0,610,,,
MAR,Marrocos,Q28875507,http://www.wikidata.org/entity/Q28875166,0,13,,,
MAR,Marrocos,Q28875504,http://www.wikidata.org/entity/Q28875052,0,337,,,
MAR,Marrocos,Q28875505,http://www.wikidata.org/entity/Q28875103,0,256,,,
MAR,Marrocos,Q28875511,http://www.wikidata.org/entity/Q28875103,0,238,,,
MAR,Marrocos,Q28875508,http://www.wikidata.org/entity/Q28875103,0,140,,,
MAR,Marrocos,Q28875509,http://www.wikidata.org/entity/Q28875052,0,264,,,
MAR,Marrocos,Q28875514,http://www.wikidata.org/entity/Q28875052,0,512,,,
MAR,Marrocos,Q28875515,http://www.wikidata.org/entity/Q28875103,0,530,,,
MAR,Marrocos,Q28875512,http://www.wikidata.org/entity/Q28875052,0,537,,,
MAR,Marrocos,Q28875513,http://www.wikidata.org/entity/Q28875155,0,122,,,
MAR,Marrocos,Q28875519,http://www.wikidata.org/entity/Q28875166,0,41,,,
MAR,Marrocos,Q28875516,http://www.wikidata.org/entity/Q28875052,0,583,,,
MAR,Marrocos,Q28875517,http://www.wikidata.org/entity/Q28875103,0,124,,,
MAR,Marrocos,Q28875522,http://www.wikidata.org/entity/Q28875106,0,295,,,
MAR,Marrocos,Q28875523,http://www.wikidata.org/entity/Q28875052,0,138,,,
MAR,Marrocos,Q28875520,http://www.wikidata.org/entity/Q28875052,0,699,,,
MAR,Marrocos,Q28875521,http://www.wikidata.org/entity/Q28875106,0,498,,,
MAR,Marrocos,Q28875526,http://www.wikidata.org/entity/Q28875049,0,756,,,
MAR,Marrocos,Q28875527,http://www.wikidata.org/entity/Q28875106,0,109,,,
MAR,Marrocos,Q28875524,http://www.wikidata.org/entity/Q28875155,0,509,,,
MAR,Marrocos,Q28875525,http://www.wikidata.org/entity/Q28875106,0,280,,,
MAR,Marrocos,Q28875530,http://www.wikidata.org/entity/Q28875166,0,346,,,
MAR,Marrocos,Q28875531,http://www.wikidata.org/entity/Q28875106,0,263,,,
MAR,Marrocos,Q28875528,http://www.wikidata.org/entity/Q28875049,0,503,,,
MAR,Marrocos,Q28875534,http://www.wikidata.org/entity/Q28875106,0,52,,,
MAR,Marrocos,Q28875535,http://www.wikidata.org/entity/Q28875155,0,58,,,
MAR,Marrocos,Q28875532,http://www.wikidata.org/entity/Q28875049,0,449,,,
MAR,Marrocos,Q28875533,http://www.wikidata.org/entity/Q28875049,0,488,,,
MAR,Marrocos,Q28875538,http://www.wikidata.org/entity/Q28875049,0,250,,,
MAR,Marrocos,Q28875536,http://www.wikidata.org/entity/Q28875049,0,435,,,
MAR,Marrocos,Q28875537,http://www.wikidata.org/entity/Q28875106,0,77,,,
MAR,Marrocos,Q28875542,http://www.wikidata.org/entity/Q28875049,0,730,,,
MAR,Marrocos,Q28875543,http://www.wikidata.org/entity/Q28875106,0,268,,,
MAR,Marrocos,Q28875540,http://www.wikidata.org/entity/Q28875106,0,165,,,
MAR,Marrocos,Q28875541,http://www.wikidata.org/entity/Q28875166,0,230,,,
MAR,Marrocos,Q28875546,http://www.wikidata.org/entity/Q28875158,0,471,,,
MAR,Marrocos,Q28875547,http://www.wikidata.org/entity/Q28875049,0,192,,,
MAR,Marrocos,Q28875544,http://www.wikidata.org/entity/Q28875049,0,633,,,
MAR,Marrocos,Q28875545,http://www.wikidata.org/entity/Q28875106,0,111,,,
MAR,Marrocos,Q28875550,http://www.wikidata.org/entity/Q28875043,0,608,,,
MAR,Marrocos,Q28875551,http://www.wikidata.org/entity/Q28875106,0,488,,,
MAR,Marrocos,Q28875548,http://www.wikidata.org/entity/Q28875106,0,222,,,
MAR,Marrocos,Q28875554,http://www.wikidata.org/entity/Q28875043,0,281,,,
MAR,Marrocos,Q28875555,http://www.wikidata.org/entity/Q28875106,0,196,,,
MAR,Marrocos,Q28875552,http://www.wikidata.org/entity/Q28875166,0,69,,,
MAR,Marrocos,Q28875553,http://www.wikidata.org/entity/Q28875106,0,183,,,
MAR,Marrocos,Q28875558,http://www.wikidata.org/entity/Q28875106,0,523,,,
MAR,Marrocos,Q28875556,http://www.wikidata.org/entity/Q28875158,0,789,,,
MAR,Marrocos,Q28875557,http://www.wikidata.org/entity/Q28875043,0,344,,,
MAR,Marrocos,Q28875562,http://www.wikidata.org/entity/Q28875106,0,283,,,
MAR,Marrocos,Q28875563,http://www.wikidata.org/entity/Q28875043,0,209,,,
MAR,Marrocos,Q28875560,http://www.wikidata.org/entity/Q28875043,0,556,,,
MAR,Marrocos,Q28875561,http://www.wikidata.org/entity/Q28875166,0,39,,,
MAR,Marrocos,Q28875566,http://www.wikidata.org/entity/Q28875163,0,769,,,
MAR,Marrocos,Q28875567,http://www.wikidata.org/entity/Q28875106,0,296,,,
MAR,Marrocos,Q28875564,http://www.wikidata.org/entity/Q28875106,0,254,,,
MAR,Marrocos,Q28875565,http://www.wikidata.org/entity/Q28875043,0,331,,,
MAR,Marrocos,Q28875571,http://www.wikidata.org/entity/Q28875041,0,420,,,
MAR,Marrocos,Q28875568,http://www.wikidata.org/entity/Q28875043,0,168,,,
MAR,Marrocos,Q28875569,http://www.wikidata.org/entity/Q28875106,0,749,,,
MAR,Marrocos,Q28875574,http://www.wikidata.org/entity/Q28875041,0,365,,,
MAR,Marrocos,Q28875575,http://www.wikidata.org/entity/Q28875106,0,383,,,
MAR,Marrocos,Q28875572,http://www.wikidata.org/entity/Q28875166,0,28,,,
MAR,Marrocos,Q28875573,http://www.wikidata.org/entity/Q28875106,0,1038,,,
MAR,Marrocos,Q28875578,http://www.wikidata.org/entity/Q28875106,0,210,,,
MAR,Marrocos,Q28875579,http://www.wikidata.org/entity/Q28875038,0,856,,,
MAR,Marrocos,Q28875576,http://www.wikidata.org/entity/Q28875163,0,821,,,
MAR,Marrocos,Q28875577,http://www.wikidata.org/entity/Q28875041,0,1336,,,
MAR,Marrocos,Q28875582,http://www.wikidata.org/entity/Q28875166,0,19,,,
MAR,Marrocos,Q28875583,http://www.wikidata.org/entity/Q28875038,0,401,,,
MAR,Marrocos,Q28875580,http://www.wikidata.org/entity/Q28875106,0,145,,,
MAR,Marrocos,Q28875584,http://www.wikidata.org/entity/Q28875106,0,509,,,
MAR,Marrocos,Q28875585,http://www.wikidata.org/entity/Q28875038,0,1275,,,
MAR,Marrocos,Q28875626,http://www.wikidata.org/entity/Q28875034,0,46,,,
MAR,Marrocos,Q28875627,http://www.wikidata.org/entity/Q28875109,0,456,,,
MAR,Marrocos,Q28875630,http://www.wikidata.org/entity/Q480283,0,235,,,
MAR,Marrocos,Q28875631,http://www.wikidata.org/entity/Q28875034,0,135,,,
MAR,Marrocos,Q28875628,http://www.wikidata.org/entity/Q28875034,0,139,,,
MAR,Marrocos,Q28875629,http://www.wikidata.org/entity/Q28875109,0,249,,,
MAR,Marrocos,Q28875634,http://www.wikidata.org/entity/Q28875112,0,819,,,
MAR,Marrocos,Q28875635,http://www.wikidata.org/entity/Q28875167,0,473,,,
MAR,Marrocos,Q28875632,http://www.wikidata.org/entity/Q28875112,0,481,,,
MAR,Marrocos,Q28875633,http://www.wikidata.org/entity/Q28875034,0,202,,,
MAR,Marrocos,Q28875638,http://www.wikidata.org/entity/Q28875112,0,336,,,
MAR,Marrocos,Q28875639,http://www.wikidata.org/entity/Q28875034,0,224,,,
MAR,Marrocos,Q28875636,http://www.wikidata.org/entity/Q28875112,0,138,,,
MAR,Marrocos,Q28875637,http://www.wikidata.org/entity/Q28875034,0,151,,,
MAR,Marrocos,Q28875642,http://www.wikidata.org/entity/Q28875034,0,178,,,
MAR,Marrocos,Q28875643,http://www.wikidata.org/entity/Q28875112,0,206,,,
MAR,Marrocos,Q28875640,http://www.wikidata.org/entity/Q480283,0,265,,,
MAR,Marrocos,Q28875641,http://www.wikidata.org/entity/Q28875112,0,1148,,,
MAR,Marrocos,Q28875644,http://www.wikidata.org/entity/Q28875171,0,420,,,
MAR,Marrocos,Q28875645,http://www.wikidata.org/entity/Q28875034,0,244,,,
MAR,Marrocos,Q28875707,http://www.wikidata.org/entity/Q28875030,0,294,,,
MAR,Marrocos,Q28875710,http://www.wikidata.org/entity/Q28875175,0,939,,,
MAR,Marrocos,Q28875708,http://www.wikidata.org/entity/Q28875118,0,227,,,
MAR,Marrocos,Q28875709,http://www.wikidata.org/entity/Q28875030,0,156,,,
MAR,Marrocos,Q28875714,http://www.wikidata.org/entity/Q28875118,0,216,,,
MAR,Marrocos,Q28875715,http://www.wikidata.org/entity/Q28875174,0,393,,,
MAR,Marrocos,Q28875712,http://www.wikidata.org/entity/Q28875118,0,315,,,
MAR,Marrocos,Q28875719,http://www.wikidata.org/entity/Q28875118,0,156,,,
MAR,Marrocos,Q28875717,http://www.wikidata.org/entity/Q28875118,0,267,,,
MAR,Marrocos,Q28875722,http://www.wikidata.org/entity/Q28875118,0,213,,,
MAR,Marrocos,Q28875720,http://www.wikidata.org/entity/Q28875179,0,343,,,
MAR,Marrocos,Q28875724,http://www.wikidata.org/entity/Q28875118,0,121,,,
MAR,Marrocos,Q28875725,http://www.wikidata.org/entity/Q28875174,0,76,,,
MAR,Marrocos,Q28875892,http://www.wikidata.org/entity/Q28875187,0,324,,,
MAR,Marrocos,Q28875893,http://www.wikidata.org/entity/Q28875028,0,166,,,
MAR,Marrocos,Q28875898,http://www.wikidata.org/entity/Q28875039,0,250,,,
MAR,Marrocos,Q28875899,http://www.wikidata.org/entity/Q28874980,0,248,,,
MAR,Marrocos,Q28875896,http://www.wikidata.org/entity/Q28875128,0,188,,,
MAR,Marrocos,Q28875897,http://www.wikidata.org/entity/Q28874946,0,806,,,
MAR,Marrocos,Q28875902,http://www.wikidata.org/entity/Q28874946,0,530,,,
MAR,Marrocos,Q28875903,http://www.wikidata.org/entity/Q28875039,0,87,,,
MAR,Marrocos,Q28875900,http://www.wikidata.org/entity/Q28875128,0,274,,,
MAR,Marrocos,Q28875901,http://www.wikidata.org/entity/Q28875028,0,223,,,
MAR,Marrocos,Q28875906,http://www.wikidata.org/entity/Q28875028,0,219,,,
MAR,Marrocos,Q28875907,http://www.wikidata.org/entity/Q28875128,0,154,,,
MAR,Marrocos,Q28875904,http://www.wikidata.org/entity/Q28874980,0,442,,,
MAR,Marrocos,Q28875905,http://www.wikidata.org/entity/Q28875180,0,620,,,
MAR,Marrocos,Q28875950,http://www.wikidata.org/entity/Q28874984,0,260,,,
MAR,Marrocos,Q28875951,http://www.wikidata.org/entity/Q28875192,0,629,,,
MAR,Marrocos,Q28875949,http://www.wikidata.org/entity/Q28875042,0,110,,,
MAR,Marrocos,Q28875954,http://www.wikidata.org/entity/Q28875026,0,51,,,
MAR,Marrocos,Q28875955,http://www.wikidata.org/entity/Q28875042,0,285,,,
MAR,Marrocos,Q28875952,http://www.wikidata.org/entity/Q28875131,0,202,,,
MAR,Marrocos,Q28875953,http://www.wikidata.org/entity/Q28874949,0,595,,,
MAR,Marrocos,Q28875958,http://www.wikidata.org/entity/Q28874949,0,1134,,,
MAR,Marrocos,Q28875959,http://www.wikidata.org/entity/Q28875042,0,482,,,
MAR,Marrocos,Q28875956,http://www.wikidata.org/entity/Q28874984,0,211,,,
MAR,Marrocos,Q28875957,http://www.wikidata.org/entity/Q28875131,0,251,,,
MAR,Marrocos,Q28875962,http://www.wikidata.org/entity/Q28875131,0,155,,,
MAR,Marrocos,Q28875963,http://www.wikidata.org/entity/Q28874949,0,1091,,,
MAR,Marrocos,Q28875960,http://www.wikidata.org/entity/Q28874984,0,154,,,
MAR,Marrocos,Q28875961,http://www.wikidata.org/entity/Q28875026,0,134,,,
MAR,Marrocos,Q28875966,http://www.wikidata.org/entity/Q28874984,0,109,,,
MAR,Marrocos,Q28875967,http://www.wikidata.org/entity/Q28875042,0,153,,,
MAR,Marrocos,Q28875964,http://www.wikidata.org/entity/Q28875184,0,185,,,
MAR,Marrocos,Q28875965,http://www.wikidata.org/entity/Q28875026,0,208,,,
MAR,Marrocos,Q28875968,http://www.wikidata.org/entity/Q28875026,0,121,,,
MAR,Marrocos,Q28876050,http://www.wikidata.org/entity/Q28874955,0,1048,,,
MAR,Marrocos,Q28876051,http://www.wikidata.org/entity/Q28875024,0,129,,,
MAR,Marrocos,Q28876049,http://www.wikidata.org/entity/Q28874986,0,398,,,
MAR,Marrocos,Q28876054,http://www.wikidata.org/entity/Q28875134,0,257,,,
MAR,Marrocos,Q28876055,http://www.wikidata.org/entity/Q28874955,0,584,,,
MAR,Marrocos,Q28876052,http://www.wikidata.org/entity/Q28875050,0,200,,,
MAR,Marrocos,Q28876053,http://www.wikidata.org/entity/Q28874986,0,241,,,
MAR,Marrocos,Q28876058,http://www.wikidata.org/entity/Q28874986,0,345,,,
MAR,Marrocos,Q28876059,http://www.wikidata.org/entity/Q28875134,0,113,,,
MAR,Marrocos,Q28876056,http://www.wikidata.org/entity/Q28875024,0,314,,,
MAR,Marrocos,Q28876057,http://www.wikidata.org/entity/Q28875050,0,79,,,
MAR,Marrocos,Q28876062,http://www.wikidata.org/entity/Q28875024,0,180,,,
MAR,Marrocos,Q28876063,http://www.wikidata.org/entity/Q28875050,0,67,,,
MAR,Marrocos,Q28876060,http://www.wikidata.org/entity/Q28875184,0,122,,,
MAR,Marrocos,Q28876061,http://www.wikidata.org/entity/Q28874955,0,475,,,
MAR,Marrocos,Q28876066,http://www.wikidata.org/entity/Q28874955,0,89,,,
MAR,Marrocos,Q28876067,http://www.wikidata.org/entity/Q28875024,0,158,,,
MAR,Marrocos,Q28876064,http://www.wikidata.org/entity/Q28874986,0,365,,,
MAR,Marrocos,Q28876065,http://www.wikidata.org/entity/Q28875134,0,96,,,
MAR,Marrocos,Q28876068,http://www.wikidata.org/entity/Q28875050,0,262,,,
MAR,Marrocos,Q28875586,http://www.wikidata.org/entity/Q28875163,0,1694,,,
MAR,Marrocos,Q28875587,http://www.wikidata.org/entity/Q28875106,0,214,,,
MAR,Marrocos,Q28875590,http://www.wikidata.org/entity/Q28875036,0,977,,,
MAR,Marrocos,Q28875591,http://www.wikidata.org/entity/Q28875106,0,234,,,
MAR,Marrocos,Q28875588,http://www.wikidata.org/entity/Q28875038,0,837,,,
MAR,Marrocos,Q28875589,http://www.wikidata.org/entity/Q28875106,0,211,,,
MAR,Marrocos,Q28875594,http://www.wikidata.org/entity/Q28875106,0,182,,,
MAR,Marrocos,Q28875595,http://www.wikidata.org/entity/Q28875163,0,425,,,
MAR,Marrocos,Q28875592,http://www.wikidata.org/entity/Q28875166,0,174,,,
MAR,Marrocos,Q28875593,http://www.wikidata.org/entity/Q28875036,0,763,,,
MAR,Marrocos,Q28875598,http://www.wikidata.org/entity/Q28875109,0,260,,,
MAR,Marrocos,Q28875599,http://www.wikidata.org/entity/Q28875036,0,276,,,
MAR,Marrocos,Q28875596,http://www.wikidata.org/entity/Q28875109,0,203,,,
MAR,Marrocos,Q28875597,http://www.wikidata.org/entity/Q28875036,0,483,,,
MAR,Marrocos,Q28875602,http://www.wikidata.org/entity/Q28875166,0,185,,,
MAR,Marrocos,Q28875603,http://www.wikidata.org/entity/Q28875036,0,927,,,
MAR,Marrocos,Q28875600,http://www.wikidata.org/entity/Q28875109,0,275,,,
MAR,Marrocos,Q28875601,http://www.wikidata.org/entity/Q28875036,0,981,,,
MAR,Marrocos,Q28875606,http://www.wikidata.org/entity/Q28875109,0,104,,,
MAR,Marrocos,Q28875607,http://www.wikidata.org/entity/Q28875034,0,178,,,
MAR,Marrocos,Q28875604,http://www.wikidata.org/entity/Q28875109,0,249,,,
MAR,Marrocos,Q28875605,http://www.wikidata.org/entity/Q28875167,0,1033,,,
MAR,Marrocos,Q28875610,http://www.wikidata.org/entity/Q28875034,0,87,,,
MAR,Marrocos,Q28875611,http://www.wikidata.org/entity/Q28875109,0,248,,,
MAR,Marrocos,Q28875608,http://www.wikidata.org/entity/Q28875109,0,383,,,
MAR,Marrocos,Q28875609,http://www.wikidata.org/entity/Q28875034,0,108,,,
MAR,Marrocos,Q28875614,http://www.wikidata.org/entity/Q28875109,0,234,,,
MAR,Marrocos,Q28875615,http://www.wikidata.org/entity/Q28875167,0,643,,,
MAR,Marrocos,Q28875612,http://www.wikidata.org/entity/Q28875166,0,17,,,
MAR,Marrocos,Q28875613,http://www.wikidata.org/entity/Q28875034,0,161,,,
MAR,Marrocos,Q28875618,http://www.wikidata.org/entity/Q28875109,0,185,,,
MAR,Marrocos,Q28875619,http://www.wikidata.org/entity/Q28875034,0,306,,,
MAR,Marrocos,Q28875616,http://www.wikidata.org/entity/Q28875109,0,76,,,
MAR,Marrocos,Q28875617,http://www.wikidata.org/entity/Q28875034,0,288,,,
MAR,Marrocos,Q28875622,http://www.wikidata.org/entity/Q28875034,0,70,,,
MAR,Marrocos,Q28875623,http://www.wikidata.org/entity/Q28875034,0,266,,,
MAR,Marrocos,Q28875620,http://www.wikidata.org/entity/Q480283,0,628,,,
MAR,Marrocos,Q28875621,http://www.wikidata.org/entity/Q28875109,0,110,,,
MAR,Marrocos,Q28875624,http://www.wikidata.org/entity/Q28875109,0,569,,,
MAR,Marrocos,Q28875625,http://www.wikidata.org/entity/Q28875167,0,1083,,,
MAR,Marrocos,Q28875646,http://www.wikidata.org/entity/Q28875112,0,178,,,
MAR,Marrocos,Q28875647,http://www.wikidata.org/entity/Q28875112,0,194,,,
MAR,Marrocos,Q28875650,http://www.wikidata.org/entity/Q28875112,0,291,,,
MAR,Marrocos,Q28875651,http://www.wikidata.org/entity/Q28875034,0,322,,,
MAR,Marrocos,Q28875648,http://www.wikidata.org/entity/Q28875034,0,162,,,
MAR,Marrocos,Q28875649,http://www.wikidata.org/entity/Q480283,0,236,,,
MAR,Marrocos,Q28875654,http://www.wikidata.org/entity/Q28875112,0,349,,,
MAR,Marrocos,Q28875655,http://www.wikidata.org/entity/Q28875034,0,248,,,
MAR,Marrocos,Q28875652,http://www.wikidata.org/entity/Q28875112,0,195,,,
MAR,Marrocos,Q28875653,http://www.wikidata.org/entity/Q28875171,0,540,,,
MAR,Marrocos,Q28875658,http://www.wikidata.org/entity/Q480283,0,134,,,
MAR,Marrocos,Q28875659,http://www.wikidata.org/entity/Q28875034,0,309,,,
MAR,Marrocos,Q28875657,http://www.wikidata.org/entity/Q28875112,0,62,,,
MAR,Marrocos,Q28875662,http://www.wikidata.org/entity/Q28875034,0,171,,,
MAR,Marrocos,Q28875663,http://www.wikidata.org/entity/Q28875112,0,249,,,
MAR,Marrocos,Q28875660,http://www.wikidata.org/entity/Q28875112,0,573,,,
MAR,Marrocos,Q28875661,http://www.wikidata.org/entity/Q28875171,0,546,,,
MAR,Marrocos,Q28875666,http://www.wikidata.org/entity/Q28875032,0,718,,,
MAR,Marrocos,Q28875667,http://www.wikidata.org/entity/Q28875112,0,132,,,
MAR,Marrocos,Q28875664,http://www.wikidata.org/entity/Q28875032,0,257,,,
MAR,Marrocos,Q28875665,http://www.wikidata.org/entity/Q28875112,0,276,,,
MAR,Marrocos,Q28875670,http://www.wikidata.org/entity/Q28875112,0,213,,,
MAR,Marrocos,Q28875671,http://www.wikidata.org/entity/Q28875171,0,560,,,
MAR,Marrocos,Q28875668,http://www.wikidata.org/entity/Q480283,0,210,,,
MAR,Marrocos,Q28875669,http://www.wikidata.org/entity/Q28875032,0,675,,,
MAR,Marrocos,Q28875674,http://www.wikidata.org/entity/Q28875032,0,705,,,
MAR,Marrocos,Q28875675,http://www.wikidata.org/entity/Q28875115,0,378,,,
MAR,Marrocos,Q28875672,http://www.wikidata.org/entity/Q28875032,0,414,,,
MAR,Marrocos,Q28875673,http://www.wikidata.org/entity/Q28875112,0,176,,,
MAR,Marrocos,Q28875678,http://www.wikidata.org/entity/Q480283,0,60,,,
MAR,Marrocos,Q28875679,http://www.wikidata.org/entity/Q28875115,0,107,,,
MAR,Marrocos,Q28875676,http://www.wikidata.org/entity/Q28875115,0,394,,,
MAR,Marrocos,Q28875677,http://www.wikidata.org/entity/Q28875032,0,406,,,
MAR,Marrocos,Q28875682,http://www.wikidata.org/entity/Q28875115,0,178,,,
MAR,Marrocos,Q28875683,http://www.wikidata.org/entity/Q28875030,0,336,,,
MAR,Marrocos,Q28875680,http://www.wikidata.org/entity/Q28875032,0,650,,,
MAR,Marrocos,Q28875681,http://www.wikidata.org/entity/Q28875171,0,778,,,
MAR,Marrocos,Q28875686,http://www.wikidata.org/entity/Q28875115,0,188,,,
MAR,Marrocos,Q28875687,http://www.wikidata.org/entity/Q28875174,0,224,,,
MAR,Marrocos,Q28875684,http://www.wikidata.org/entity/Q28875115,0,48,,,
MAR,Marrocos,Q28875685,http://www.wikidata.org/entity/Q28875030,0,552,,,
MAR,Marrocos,Q28875690,http://www.wikidata.org/entity/Q28875030,0,665,,,
MAR,Marrocos,Q28875691,http://www.wikidata.org/entity/Q28875175,0,593,,,
MAR,Marrocos,Q28875688,http://www.wikidata.org/entity/Q28875030,0,571,,,
MAR,Marrocos,Q28875689,http://www.wikidata.org/entity/Q28875115,0,288,,,
MAR,Marrocos,Q28875694,http://www.wikidata.org/entity/Q28875115,0,396,,,
MAR,Marrocos,Q28875695,http://www.wikidata.org/entity/Q28875115,0,211,,,
MAR,Marrocos,Q28875692,http://www.wikidata.org/entity/Q28875115,0,125,,,
MAR,Marrocos,Q28875693,http://www.wikidata.org/entity/Q28875030,0,294,,,
MAR,Marrocos,Q28875698,http://www.wikidata.org/entity/Q28875115,0,230,,,
MAR,Marrocos,Q28875699,http://www.wikidata.org/entity/Q28875030,0,152,,,
MAR,Marrocos,Q28875696,http://www.wikidata.org/entity/Q28875030,0,780,,,
MAR,Marrocos,Q28875697,http://www.wikidata.org/entity/Q28875174,0,217,,,
MAR,Marrocos,Q28875702,http://www.wikidata.org/entity/Q28875175,0,784,,,
MAR,Marrocos,Q28875703,http://www.wikidata.org/entity/Q28875115,0,281,,,
MAR,Marrocos,Q28875700,http://www.wikidata.org/entity/Q28875115,0,92,,,
MAR,Marrocos,Q28875701,http://www.wikidata.org/entity/Q28875030,0,208,,,
MAR,Marrocos,Q28875706,http://www.wikidata.org/entity/Q28875174,0,81,,,
MAR,Marrocos,Q28875704,http://www.wikidata.org/entity/Q28875030,0,358,,,
MAR,Marrocos,Q28875705,http://www.wikidata.org/entity/Q28875118,0,419,,,
MAR,Marrocos,Q28875727,http://www.wikidata.org/entity/Q28875118,0,57,,,
MAR,Marrocos,Q28875730,http://www.wikidata.org/entity/Q28875118,0,228,,,
MAR,Marrocos,Q28875731,http://www.wikidata.org/entity/Q28874934,0,466,,,
MAR,Marrocos,Q28875729,http://www.wikidata.org/entity/Q28875179,0,363,,,
MAR,Marrocos,Q28875734,http://www.wikidata.org/entity/Q28875118,0,114,,,
MAR,Marrocos,Q28875735,http://www.wikidata.org/entity/Q28874934,0,132,,,
MAR,Marrocos,Q28875733,http://www.wikidata.org/entity/Q28874977,0,97,,,
MAR,Marrocos,Q28875738,http://www.wikidata.org/entity/Q28874977,0,41,,,
MAR,Marrocos,Q28875739,http://www.wikidata.org/entity/Q28875010,0,160,,,
MAR,Marrocos,Q28875736,http://www.wikidata.org/entity/Q28875028,0,231,,,
MAR,Marrocos,Q28875737,http://www.wikidata.org/entity/Q28875174,0,134,,,
MAR,Marrocos,Q28875742,http://www.wikidata.org/entity/Q28875118,0,235,,,
MAR,Marrocos,Q28875743,http://www.wikidata.org/entity/Q28874977,0,53,,,
MAR,Marrocos,Q28875740,http://www.wikidata.org/entity/Q28874934,0,116,,,
MAR,Marrocos,Q28875741,http://www.wikidata.org/entity/Q28875028,0,53,,,
MAR,Marrocos,Q28875746,http://www.wikidata.org/entity/Q28875010,0,207,,,
MAR,Marrocos,Q28875744,http://www.wikidata.org/entity/Q28874934,0,375,,,
MAR,Marrocos,Q28875745,http://www.wikidata.org/entity/Q28875028,0,211,,,
MAR,Marrocos,Q28875790,http://www.wikidata.org/entity/Q28875013,0,320,,,
MAR,Marrocos,Q28875791,http://www.wikidata.org/entity/Q28875187,0,447,,,
MAR,Marrocos,Q28875788,http://www.wikidata.org/entity/Q28874977,0,1203,,,
MAR,Marrocos,Q28875789,http://www.wikidata.org/entity/Q28875122,0,494,,,
MAR,Marrocos,Q28875794,http://www.wikidata.org/entity/Q28875122,0,415,,,
MAR,Marrocos,Q28875795,http://www.wikidata.org/entity/Q28875028,0,35,,,
MAR,Marrocos,Q28875792,http://www.wikidata.org/entity/Q28874934,0,129,,,
MAR,Marrocos,Q28875793,http://www.wikidata.org/entity/Q28874977,0,102,,,
MAR,Marrocos,Q28875798,http://www.wikidata.org/entity/Q28874934,0,49,,,
MAR,Marrocos,Q28875799,http://www.wikidata.org/entity/Q28875028,0,208,,,
MAR,Marrocos,Q28875796,http://www.wikidata.org/entity/Q28875013,0,533,,,
MAR,Marrocos,Q28875797,http://www.wikidata.org/entity/Q28874977,0,52,,,
MAR,Marrocos,Q28875802,http://www.wikidata.org/entity/Q28874980,0,533,,,
MAR,Marrocos,Q28875803,http://www.wikidata.org/entity/Q28875174,0,368,,,
MAR,Marrocos,Q28875800,http://www.wikidata.org/entity/Q28875122,0,111,,,
MAR,Marrocos,Q28875801,http://www.wikidata.org/entity/Q28875013,0,566,,,
MAR,Marrocos,Q28875806,http://www.wikidata.org/entity/Q28875028,0,106,,,
MAR,Marrocos,Q28875807,http://www.wikidata.org/entity/Q28875039,0,841,,,
MAR,Marrocos,Q28875804,http://www.wikidata.org/entity/Q28874934,0,364,,,
MAR,Marrocos,Q28875805,http://www.wikidata.org/entity/Q28875122,0,214,,,
MAR,Marrocos,Q28875830,http://www.wikidata.org/entity/Q28874980,0,336,,,
MAR,Marrocos,Q28875831,http://www.wikidata.org/entity/Q28875187,0,210,,,
MAR,Marrocos,Q28875828,http://www.wikidata.org/entity/Q28874938,0,239,,,
MAR,Marrocos,Q28875829,http://www.wikidata.org/entity/Q28875039,0,75,,,
MAR,Marrocos,Q28875834,http://www.wikidata.org/entity/Q28874938,0,867,,,
MAR,Marrocos,Q28875835,http://www.wikidata.org/entity/Q28875028,0,251,,,
MAR,Marrocos,Q28875832,http://www.wikidata.org/entity/Q28875125,0,105,,,
MAR,Marrocos,Q28875833,http://www.wikidata.org/entity/Q28875039,0,530,,,
MAR,Marrocos,Q28875838,http://www.wikidata.org/entity/Q28875039,0,288,,,
MAR,Marrocos,Q28875839,http://www.wikidata.org/entity/Q28875028,0,229,,,
MAR,Marrocos,Q28875836,http://www.wikidata.org/entity/Q28874980,0,471,,,
MAR,Marrocos,Q28875837,http://www.wikidata.org/entity/Q28875125,0,627,,,
MAR,Marrocos,Q28875842,http://www.wikidata.org/entity/Q28874980,0,42,,,
MAR,Marrocos,Q28875843,http://www.wikidata.org/entity/Q28875039,0,137,,,
MAR,Marrocos,Q28875840,http://www.wikidata.org/entity/Q28874938,0,308,,,
MAR,Marrocos,Q28875841,http://www.wikidata.org/entity/Q28875174,0,217,,,
MAR,Marrocos,Q28875846,http://www.wikidata.org/entity/Q28875028,0,119,,,
MAR,Marrocos,Q28875847,http://www.wikidata.org/entity/Q28874980,0,289,,,
MAR,Marrocos,Q28875845,http://www.wikidata.org/entity/Q28874938,0,363,,,
MAR,Marrocos,Q28875850,http://www.wikidata.org/entity/Q28875187,0,436,,,
MAR,Marrocos,Q28875851,http://www.wikidata.org/entity/Q28874938,0,176,,,
MAR,Marrocos,Q28875848,http://www.wikidata.org/entity/Q28875039,0,324,,,
MAR,Marrocos,Q28875849,http://www.wikidata.org/entity/Q28875125,0,197,,,
MAR,Marrocos,Q28875854,http://www.wikidata.org/entity/Q28875128,0,123,,,
MAR,Marrocos,Q28875855,http://www.wikidata.org/entity/Q28875028,0,99,,,
MAR,Marrocos,Q28875852,http://www.wikidata.org/entity/Q28874980,0,56,,,
MAR,Marrocos,Q28875853,http://www.wikidata.org/entity/Q28875039,0,117,,,
MAR,Marrocos,Q28875858,http://www.wikidata.org/entity/Q28874980,0,78,,,
MAR,Marrocos,Q28875856,http://www.wikidata.org/entity/Q28874938,0,347,,,
MAR,Marrocos,Q28875857,http://www.wikidata.org/entity/Q28875039,0,263,,,
MAR,Marrocos,Q28875862,http://www.wikidata.org/entity/Q28875180,0,722,,,
MAR,Marrocos,Q28875863,http://www.wikidata.org/entity/Q28875039,0,295,,,
MAR,Marrocos,Q28875860,http://www.wikidata.org/entity/Q28874938,0,144,,,
MAR,Marrocos,Q28875861,http://www.wikidata.org/entity/Q28875028,0,263,,,
MAR,Marrocos,Q28875866,http://www.wikidata.org/entity/Q28874938,0,104,,,
MAR,Marrocos,Q28875867,http://www.wikidata.org/entity/Q28875028,0,106,,,
MAR,Marrocos,Q28875864,http://www.wikidata.org/entity/Q28874980,0,224,,,
MAR,Marrocos,Q28875870,http://www.wikidata.org/entity/Q28874942,0,126,,,
MAR,Marrocos,Q28875871,http://www.wikidata.org/entity/Q28875128,0,97,,,
MAR,Marrocos,Q28875868,http://www.wikidata.org/entity/Q28874980,0,79,,,
MAR,Marrocos,Q28875869,http://www.wikidata.org/entity/Q28875039,0,357,,,
MAR,Marrocos,Q28875874,http://www.wikidata.org/entity/Q28874980,0,173,,,
MAR,Marrocos,Q28875875,http://www.wikidata.org/entity/Q28875039,0,129,,,
MAR,Marrocos,Q28875872,http://www.wikidata.org/entity/Q28875187,0,131,,,
MAR,Marrocos,Q28875873,http://www.wikidata.org/entity/Q28875028,0,143,,,
MAR,Marrocos,Q28875878,http://www.wikidata.org/entity/Q28874980,0,229,,,
MAR,Marrocos,Q28875879,http://www.wikidata.org/entity/Q28875039,0,139,,,
MAR,Marrocos,Q28875876,http://www.wikidata.org/entity/Q28874942,0,264,,,
MAR,Marrocos,Q28875882,http://www.wikidata.org/entity/Q28875180,0,119,,,
MAR,Marrocos,Q28875883,http://www.wikidata.org/entity/Q28875128,0,361,,,
MAR,Marrocos,Q28875880,http://www.wikidata.org/entity/Q28874942,0,325,,,
MAR,Marrocos,Q28875881,http://www.wikidata.org/entity/Q28875028,0,200,,,
MAR,Marrocos,Q28875886,http://www.wikidata.org/entity/Q28874942,0,526,,,
MAR,Marrocos,Q28875887,http://www.wikidata.org/entity/Q28875028,0,57,,,
MAR,Marrocos,Q28875884,http://www.wikidata.org/entity/Q28874980,0,141,,,
MAR,Marrocos,Q28875885,http://www.wikidata.org/entity/Q28875039,0,230,,,
MAR,Marrocos,Q28875890,http://www.wikidata.org/entity/Q28875128,0,211,,,
MAR,Marrocos,Q28875891,http://www.wikidata.org/entity/Q28874942,0,557,,,
MAR,Marrocos,Q28875888,http://www.wikidata.org/entity/Q28874980,0,853,,,
MAR,Marrocos,Q28875889,http://www.wikidata.org/entity/Q28875039,0,378,,,
MAR,Marrocos,Q28875894,http://www.wikidata.org/entity/Q28874980,0,466,,,
MAR,Marrocos,Q28875895,http://www.wikidata.org/entity/Q28875039,0,530,,,
MAR,Marrocos,Q28875747,http://www.wikidata.org/entity/Q28875118,0,397,,,
MAR,Marrocos,Q28875750,http://www.wikidata.org/entity/Q28875183,0,178,,,
MAR,Marrocos,Q28875748,http://www.wikidata.org/entity/Q28874977,0,312,,,
MAR,Marrocos,Q28875749,http://www.wikidata.org/entity/Q28875028,0,116,,,
MAR,Marrocos,Q28875754,http://www.wikidata.org/entity/Q28875118,0,328,,,
MAR,Marrocos,Q28875755,http://www.wikidata.org/entity/Q28874977,0,375,,,
MAR,Marrocos,Q28875752,http://www.wikidata.org/entity/Q28875013,0,655,,,
MAR,Marrocos,Q28875753,http://www.wikidata.org/entity/Q28874934,0,348,,,
MAR,Marrocos,Q28875758,http://www.wikidata.org/entity/Q28874934,0,330,,,
MAR,Marrocos,Q28875759,http://www.wikidata.org/entity/Q28875122,0,507,,,
MAR,Marrocos,Q28875756,http://www.wikidata.org/entity/Q28875028,0,120,,,
MAR,Marrocos,Q28875757,http://www.wikidata.org/entity/Q28875013,0,510,,,
MAR,Marrocos,Q28875762,http://www.wikidata.org/entity/Q28875028,0,235,,,
MAR,Marrocos,Q28875763,http://www.wikidata.org/entity/Q28875013,0,986,,,
MAR,Marrocos,Q28875760,http://www.wikidata.org/entity/Q28874977,0,270,,,
MAR,Marrocos,Q28875761,http://www.wikidata.org/entity/Q28875174,0,264,,,
MAR,Marrocos,Q28875766,http://www.wikidata.org/entity/Q28874977,0,481,,,
MAR,Marrocos,Q28875767,http://www.wikidata.org/entity/Q28875028,0,134,,,
MAR,Marrocos,Q28875764,http://www.wikidata.org/entity/Q28874934,0,722,,,
MAR,Marrocos,Q28875765,http://www.wikidata.org/entity/Q28875122,0,327,,,
MAR,Marrocos,Q28875770,http://www.wikidata.org/entity/Q28875187,0,208,,,
MAR,Marrocos,Q28875771,http://www.wikidata.org/entity/Q28875122,0,287,,,
MAR,Marrocos,Q28875768,http://www.wikidata.org/entity/Q28875013,0,212,,,
MAR,Marrocos,Q28875769,http://www.wikidata.org/entity/Q28874934,0,471,,,
MAR,Marrocos,Q28875774,http://www.wikidata.org/entity/Q28875013,0,106,,,
MAR,Marrocos,Q28875775,http://www.wikidata.org/entity/Q28874934,0,376,,,
MAR,Marrocos,Q28875772,http://www.wikidata.org/entity/Q28874977,0,692,,,
MAR,Marrocos,Q28875773,http://www.wikidata.org/entity/Q28875028,0,179,,,
MAR,Marrocos,Q28875778,http://www.wikidata.org/entity/Q28875028,0,98,,,
MAR,Marrocos,Q28875779,http://www.wikidata.org/entity/Q28875013,0,765,,,
MAR,Marrocos,Q28875776,http://www.wikidata.org/entity/Q28875122,0,203,,,
MAR,Marrocos,Q28875777,http://www.wikidata.org/entity/Q28874977,0,400,,,
MAR,Marrocos,Q28875782,http://www.wikidata.org/entity/Q28875122,0,235,,,
MAR,Marrocos,Q28875783,http://www.wikidata.org/entity/Q28874977,0,304,,,
MAR,Marrocos,Q28875780,http://www.wikidata.org/entity/Q28874934,0,214,,,
MAR,Marrocos,Q28875781,http://www.wikidata.org/entity/Q28875174,0,141,,,
MAR,Marrocos,Q28875786,http://www.wikidata.org/entity/Q28874934,0,116,,,
MAR,Marrocos,Q28875787,http://www.wikidata.org/entity/Q28875028,0,89,,,
MAR,Marrocos,Q28875784,http://www.wikidata.org/entity/Q28875013,0,1095,,,
MAR,Marrocos,Q28875785,http://www.wikidata.org/entity/Q28875028,0,101,,,
MAR,Marrocos,Q28875810,http://www.wikidata.org/entity/Q28875122,0,74,,,
MAR,Marrocos,Q28875811,http://www.wikidata.org/entity/Q28875028,0,164,,,
MAR,Marrocos,Q28875808,http://www.wikidata.org/entity/Q28874980,0,575,,,
MAR,Marrocos,Q28875809,http://www.wikidata.org/entity/Q28874934,0,251,,,
MAR,Marrocos,Q28875814,http://www.wikidata.org/entity/Q28874980,0,223,,,
MAR,Marrocos,Q28875815,http://www.wikidata.org/entity/Q28874934,0,408,,,
MAR,Marrocos,Q28875812,http://www.wikidata.org/entity/Q28875187,0,371,,,
MAR,Marrocos,Q28875813,http://www.wikidata.org/entity/Q28875039,0,770,,,
MAR,Marrocos,Q28875818,http://www.wikidata.org/entity/Q28874934,0,112,,,
MAR,Marrocos,Q28875819,http://www.wikidata.org/entity/Q28874980,0,1069,,,
MAR,Marrocos,Q28875816,http://www.wikidata.org/entity/Q28875122,0,181,,,
MAR,Marrocos,Q28875817,http://www.wikidata.org/entity/Q28875039,0,279,,,
MAR,Marrocos,Q28875822,http://www.wikidata.org/entity/Q28875039,0,412,,,
MAR,Marrocos,Q28875823,http://www.wikidata.org/entity/Q28875174,0,150,,,
MAR,Marrocos,Q28875820,http://www.wikidata.org/entity/Q28875125,0,367,,,
MAR,Marrocos,Q28875821,http://www.wikidata.org/entity/Q28875028,0,37,,,
MAR,Marrocos,Q28875826,http://www.wikidata.org/entity/Q28875125,0,396,,,
MAR,Marrocos,Q28875827,http://www.wikidata.org/entity/Q28875028,0,406,,,
MAR,Marrocos,Q28875824,http://www.wikidata.org/entity/Q28874934,0,138,,,
MAR,Marrocos,Q28875825,http://www.wikidata.org/entity/Q28874980,0,367,,,
MAR,Marrocos,Q28875910,http://www.wikidata.org/entity/Q28875039,0,619,,,
MAR,Marrocos,Q28875911,http://www.wikidata.org/entity/Q28875028,0,464,,,
MAR,Marrocos,Q28875908,http://www.wikidata.org/entity/Q28874946,0,1203,,,
MAR,Marrocos,Q28875909,http://www.wikidata.org/entity/Q28874984,0,393,,,
MAR,Marrocos,Q28875914,http://www.wikidata.org/entity/Q28874946,0,767,,,
MAR,Marrocos,Q28875915,http://www.wikidata.org/entity/Q28874984,0,240,,,
MAR,Marrocos,Q28875912,http://www.wikidata.org/entity/Q28875187,0,430,,,
MAR,Marrocos,Q28875913,http://www.wikidata.org/entity/Q28875131,0,356,,,
MAR,Marrocos,Q28875918,http://www.wikidata.org/entity/Q28875131,0,630,,,
MAR,Marrocos,Q28875919,http://www.wikidata.org/entity/Q28874946,0,317,,,
MAR,Marrocos,Q28875916,http://www.wikidata.org/entity/Q28875039,0,556,,,
MAR,Marrocos,Q28875917,http://www.wikidata.org/entity/Q28875028,0,602,,,
MAR,Marrocos,Q28875922,http://www.wikidata.org/entity/Q28875028,0,421,,,
MAR,Marrocos,Q28875923,http://www.wikidata.org/entity/Q28875131,0,272,,,
MAR,Marrocos,Q28875920,http://www.wikidata.org/entity/Q28875039,0,250,,,
MAR,Marrocos,Q28875921,http://www.wikidata.org/entity/Q28874984,0,124,,,
MAR,Marrocos,Q28875926,http://www.wikidata.org/entity/Q28875039,0,52,,,
MAR,Marrocos,Q28875927,http://www.wikidata.org/entity/Q28874984,0,101,,,
MAR,Marrocos,Q28875924,http://www.wikidata.org/entity/Q28875180,0,157,,,
MAR,Marrocos,Q28875925,http://www.wikidata.org/entity/Q28874946,0,495,,,
MAR,Marrocos,Q28875930,http://www.wikidata.org/entity/Q28875131,0,291,,,
MAR,Marrocos,Q28875931,http://www.wikidata.org/entity/Q28874946,0,478,,,
MAR,Marrocos,Q28875928,http://www.wikidata.org/entity/Q28875192,0,403,,,
MAR,Marrocos,Q28875929,http://www.wikidata.org/entity/Q28875028,0,339,,,
MAR,Marrocos,Q28875935,http://www.wikidata.org/entity/Q28875028,0,155,,,
MAR,Marrocos,Q28875932,http://www.wikidata.org/entity/Q28874984,0,153,,,
MAR,Marrocos,Q28875933,http://www.wikidata.org/entity/Q28875039,0,95,,,
MAR,Marrocos,Q28875938,http://www.wikidata.org/entity/Q28874984,0,110,,,
MAR,Marrocos,Q28875939,http://www.wikidata.org/entity/Q28875039,0,283,,,
MAR,Marrocos,Q28875936,http://www.wikidata.org/entity/Q28875131,0,180,,,
MAR,Marrocos,Q28875937,http://www.wikidata.org/entity/Q28874946,0,3,,,
MAR,Marrocos,Q28875942,http://www.wikidata.org/entity/Q28874949,0,964,,,
MAR,Marrocos,Q28875943,http://www.wikidata.org/entity/Q28874984,0,936,,,
MAR,Marrocos,Q28875940,http://www.wikidata.org/entity/Q28875026,0,294,,,
MAR,Marrocos,Q28875941,http://www.wikidata.org/entity/Q28875131,0,159,,,
MAR,Marrocos,Q28875946,http://www.wikidata.org/entity/Q28875184,0,511,,,
MAR,Marrocos,Q28875947,http://www.wikidata.org/entity/Q28875131,0,456,,,
MAR,Marrocos,Q28875944,http://www.wikidata.org/entity/Q28875042,0,1656,,,
MAR,Marrocos,Q28875945,http://www.wikidata.org/entity/Q28875026,0,209,,,
MAR,Marrocos,Q28875948,http://www.wikidata.org/entity/Q28874949,0,298,,,
MAR,Marrocos,Q28875970,http://www.wikidata.org/entity/Q28874949,0,353,,,
MAR,Marrocos,Q28875971,http://www.wikidata.org/entity/Q28874984,0,296,,,
MAR,Marrocos,Q28875969,http://www.wikidata.org/entity/Q28875131,0,99,,,
MAR,Marrocos,Q28875974,http://www.wikidata.org/entity/Q28875192,0,580,,,
MAR,Marrocos,Q28875975,http://www.wikidata.org/entity/Q28875131,0,299,,,
MAR,Marrocos,Q28875972,http://www.wikidata.org/entity/Q28902191,0,1317,,,
MAR,Marrocos,Q28875973,http://www.wikidata.org/entity/Q28875026,0,76,,,
MAR,Marrocos,Q28875978,http://www.wikidata.org/entity/Q28875047,0,1238,,,
MAR,Marrocos,Q28875979,http://www.wikidata.org/entity/Q28875026,0,509,,,
MAR,Marrocos,Q28875976,http://www.wikidata.org/entity/Q28874984,0,182,,,
MAR,Marrocos,Q28875977,http://www.wikidata.org/entity/Q28874949,0,94,,,
MAR,Marrocos,Q28875982,http://www.wikidata.org/entity/Q28874984,0,413,,,
MAR,Marrocos,Q28875983,http://www.wikidata.org/entity/Q28875047,0,1684,,,
MAR,Marrocos,Q28875980,http://www.wikidata.org/entity/Q28875134,0,200,,,
MAR,Marrocos,Q28875981,http://www.wikidata.org/entity/Q28874952,0,1176,,,
MAR,Marrocos,Q28875986,http://www.wikidata.org/entity/Q28875134,0,170,,,
MAR,Marrocos,Q28875987,http://www.wikidata.org/entity/Q28874952,0,607,,,
MAR,Marrocos,Q28875984,http://www.wikidata.org/entity/Q28875026,0,301,,,
MAR,Marrocos,Q28875985,http://www.wikidata.org/entity/Q28875184,0,184,,,
MAR,Marrocos,Q28875990,http://www.wikidata.org/entity/Q28875047,0,2171,,,
MAR,Marrocos,Q28875991,http://www.wikidata.org/entity/Q28875134,0,378,,,
MAR,Marrocos,Q28875988,http://www.wikidata.org/entity/Q28875026,0,229,,,
MAR,Marrocos,Q28875989,http://www.wikidata.org/entity/Q28874984,0,637,,,
MAR,Marrocos,Q28875994,http://www.wikidata.org/entity/Q28875192,0,334,,,
MAR,Marrocos,Q28875995,http://www.wikidata.org/entity/Q28874984,0,788,,,
MAR,Marrocos,Q28875992,http://www.wikidata.org/entity/Q28874952,0,620,,,
MAR,Marrocos,Q28875993,http://www.wikidata.org/entity/Q28875026,0,83,,,
MAR,Marrocos,Q28875998,http://www.wikidata.org/entity/Q28874952,0,392,,,
MAR,Marrocos,Q28875999,http://www.wikidata.org/entity/Q28875026,0,377,,,
MAR,Marrocos,Q28875996,http://www.wikidata.org/entity/Q28875047,0,718,,,
MAR,Marrocos,Q28875997,http://www.wikidata.org/entity/Q28875134,0,79,,,
MAR,Marrocos,Q28876002,http://www.wikidata.org/entity/Q28875026,0,77,,,
MAR,Marrocos,Q28876003,http://www.wikidata.org/entity/Q28875184,0,259,,,
MAR,Marrocos,Q28876000,http://www.wikidata.org/entity/Q28874986,0,188,,,
MAR,Marrocos,Q28876001,http://www.wikidata.org/entity/Q28875047,0,835,,,
MAR,Marrocos,Q28876006,http://www.wikidata.org/entity/Q28874986,0,591,,,
MAR,Marrocos,Q28876007,http://www.wikidata.org/entity/Q28875026,0,60,,,
MAR,Marrocos,Q28876004,http://www.wikidata.org/entity/Q28875134,0,202,,,
MAR,Marrocos,Q28876005,http://www.wikidata.org/entity/Q28874952,0,539,,,
MAR,Marrocos,Q28876010,http://www.wikidata.org/entity/Q28874952,0,133,,,
MAR,Marrocos,Q28876011,http://www.wikidata.org/entity/Q28874986,0,339,,,
MAR,Marrocos,Q28876008,http://www.wikidata.org/entity/Q28875047,0,1472,,,
MAR,Marrocos,Q28876009,http://www.wikidata.org/entity/Q28875134,0,125,,,
MAR,Marrocos,Q28876014,http://www.wikidata.org/entity/Q28875134,0,183,,,
MAR,Marrocos,Q28876015,http://www.wikidata.org/entity/Q28875192,0,529,,,
MAR,Marrocos,Q28876012,http://www.wikidata.org/entity/Q28875026,0,157,,,
MAR,Marrocos,Q28876013,http://www.wikidata.org/entity/Q28875047,0,737,,,
MAR,Marrocos,Q28876018,http://www.wikidata.org/entity/Q28874986,0,580,,,
MAR,Marrocos,Q28876019,http://www.wikidata.org/entity/Q28875050,0,2312,,,
MAR,Marrocos,Q28876016,http://www.wikidata.org/entity/Q28874952,0,362,,,
MAR,Marrocos,Q28876017,http://www.wikidata.org/entity/Q28875026,0,624,,,
MAR,Marrocos,Q28876022,http://www.wikidata.org/entity/Q28874986,0,296,,,
MAR,Marrocos,Q28876023,http://www.wikidata.org/entity/Q28874952,0,1195,,,
MAR,Marrocos,Q28876020,http://www.wikidata.org/entity/Q28875134,0,672,,,
MAR,Marrocos,Q28876021,http://www.wikidata.org/entity/Q28875184,0,133,,,
MAR,Marrocos,Q28876026,http://www.wikidata.org/entity/Q28875134,0,217,,,
MAR,Marrocos,Q28876027,http://www.wikidata.org/entity/Q28875026,0,288,,,
MAR,Marrocos,Q28876024,http://www.wikidata.org/entity/Q28875026,0,631,,,
MAR,Marrocos,Q28876025,http://www.wikidata.org/entity/Q28875050,0,140,,,
MAR,Marrocos,Q28876030,http://www.wikidata.org/entity/Q28875050,0,479,,,
MAR,Marrocos,Q28876031,http://www.wikidata.org/entity/Q28875134,0,205,,,
MAR,Marrocos,Q28876028,http://www.wikidata.org/entity/Q28874986,0,475,,,
MAR,Marrocos,Q28876029,http://www.wikidata.org/entity/Q28874952,0,731,,,
MAR,Marrocos,Q28876034,http://www.wikidata.org/entity/Q28875050,0,274,,,
MAR,Marrocos,Q28876035,http://www.wikidata.org/entity/Q28875024,0,246,,,
MAR,Marrocos,Q28876032,http://www.wikidata.org/entity/Q28875024,0,288,,,
MAR,Marrocos,Q28876033,http://www.wikidata.org/entity/Q28874986,0,364,,,
MAR,Marrocos,Q28876038,http://www.wikidata.org/entity/Q28874952,0,1282,,,
MAR,Marrocos,Q28876039,http://www.wikidata.org/entity/Q28874986,0,102,,,
MAR,Marrocos,Q28876036,http://www.wikidata.org/entity/Q28875192,0,309,,,
MAR,Marrocos,Q28876037,http://www.wikidata.org/entity/Q28875134,0,308,,,
MAR,Marrocos,Q28876042,http://www.wikidata.org/entity/Q28875050,0,238,,,
MAR,Marrocos,Q28876043,http://www.wikidata.org/entity/Q28875134,0,447,,,
MAR,Marrocos,Q28876040,http://www.wikidata.org/entity/Q28875184,0,187,,,
MAR,Marrocos,Q28876041,http://www.wikidata.org/entity/Q28875024,0,607,,,
MAR,Marrocos,Q28876046,http://www.wikidata.org/entity/Q28875024,0,124,,,
MAR,Marrocos,Q28876047,http://www.wikidata.org/entity/Q28875050,0,199,,,
MAR,Marrocos,Q28876044,http://www.wikidata.org/entity/Q28874952,0,1753,,,
MAR,Marrocos,Q28876045,http://www.wikidata.org/entity/Q28874986,0,480,,,
MAR,Marrocos,Q28876048,http://www.wikidata.org/entity/Q28875134,0,526,,,
MAR,Marrocos,Q28876070,http://www.wikidata.org/entity/Q28874986,0,389,,,
MAR,Marrocos,Q28876071,http://www.wikidata.org/entity/Q28874955,0,583,,,
MAR,Marrocos,Q28876069,http://www.wikidata.org/entity/Q28875134,0,103,,,
MAR,Marrocos,Q28876074,http://www.wikidata.org/entity/Q28875134,0,147,,,
MAR,Marrocos,Q28876075,http://www.wikidata.org/entity/Q28874986,0,165,,,
MAR,Marrocos,Q28876072,http://www.wikidata.org/entity/Q28875024,0,375,,,
MAR,Marrocos,Q28876073,http://www.wikidata.org/entity/Q28875050,0,293,,,
MAR,Marrocos,Q28876078,http://www.wikidata.org/entity/Q28875050,0,62,,,
MAR,Marrocos,Q28876079,http://www.wikidata.org/entity/Q28875134,0,67,,,
MAR,Marrocos,Q28876076,http://www.wikidata.org/entity/Q28875024,0,263,,,
MAR,Marrocos,Q28876077,http://www.wikidata.org/entity/Q28874955,0,477,,,
MAR,Marrocos,Q28876082,http://www.wikidata.org/entity/Q28875184,0,182,,,
MAR,Marrocos,Q28876083,http://www.wikidata.org/entity/Q28874955,0,285,,,
MAR,Marrocos,Q28876080,http://www.wikidata.org/entity/Q28875024,0,522,,,
MAR,Marrocos,Q28876081,http://www.wikidata.org/entity/Q28874986,0,495,,,
MAR,Marrocos,Q28876086,http://www.wikidata.org/entity/Q28875024,0,140,,,
MAR,Marrocos,Q28876087,http://www.wikidata.org/entity/Q28874955,0,439,,,
MAR,Marrocos,Q28876084,http://www.wikidata.org/entity/Q28875050,0,122,,,
MAR,Marrocos,Q28876085,http://www.wikidata.org/entity/Q28874986,0,156,,,
MAR,Marrocos,Q28876090,http://www.wikidata.org/entity/Q28874986,0,105,,,
MAR,Marrocos,Q28876415,http://www.wikidata.org/entity/Q28874992,0,385,,,
MAR,Marrocos,Q28876418,http://www.wikidata.org/entity/Q28875012,0,368,,,
MAR,Marrocos,Q28876419,http://www.wikidata.org/entity/Q28875265,0,733,,,
MAR,Marrocos,Q28876416,http://www.wikidata.org/entity/Q28874974,0,330,,,
MAR,Marrocos,Q28876417,http://www.wikidata.org/entity/Q28875001,0,120,,,
MAR,Marrocos,Q28876422,http://www.wikidata.org/entity/Q28875270,0,276,,,
MAR,Marrocos,Q28876423,http://www.wikidata.org/entity/Q28875037,0,224,,,
MAR,Marrocos,Q28876420,http://www.wikidata.org/entity/Q28875073,0,514,,,
MAR,Marrocos,Q28876421,http://www.wikidata.org/entity/Q28874997,0,745,,,
MAR,Marrocos,Q28876426,http://www.wikidata.org/entity/Q28875267,0,242,,,
MAR,Marrocos,Q28876427,http://www.wikidata.org/entity/Q28875012,0,485,,,
MAR,Marrocos,Q28876424,http://www.wikidata.org/entity/Q28874974,0,161,,,
MAR,Marrocos,Q28876425,http://www.wikidata.org/entity/Q28875001,0,163,,,
MAR,Marrocos,Q28876430,http://www.wikidata.org/entity/Q28874974,0,166,,,
MAR,Marrocos,Q28876431,http://www.wikidata.org/entity/Q28874935,0,499,,,
MAR,Marrocos,Q28876428,http://www.wikidata.org/entity/Q28875073,0,156,,,
MAR,Marrocos,Q28876429,http://www.wikidata.org/entity/Q28875023,0,397,,,
MAR,Marrocos,Q28876434,http://www.wikidata.org/entity/Q28875012,0,311,,,
MAR,Marrocos,Q28876435,http://www.wikidata.org/entity/Q28875218,0,193,,,
MAR,Marrocos,Q28876432,http://www.wikidata.org/entity/Q28874997,0,344,,,
MAR,Marrocos,Q28876433,http://www.wikidata.org/entity/Q28875001,0,613,,,
MAR,Marrocos,Q28876438,http://www.wikidata.org/entity/Q28874974,0,502,,,
MAR,Marrocos,Q28876439,http://www.wikidata.org/entity/Q28875270,0,31,,,
MAR,Marrocos,Q28876436,http://www.wikidata.org/entity/Q28875073,0,670,,,
MAR,Marrocos,Q28876437,http://www.wikidata.org/entity/Q28875195,0,191,,,
MAR,Marrocos,Q28876442,http://www.wikidata.org/entity/Q28875001,0,639,,,
MAR,Marrocos,Q28876443,http://www.wikidata.org/entity/Q28874940,0,393,,,
MAR,Marrocos,Q28876440,http://www.wikidata.org/entity/Q28874997,0,145,,,
MAR,Marrocos,Q28876441,http://www.wikidata.org/entity/Q28874966,0,436,,,
MAR,Marrocos,Q28876446,http://www.wikidata.org/entity/Q28874974,0,199,,,
MAR,Marrocos,Q28876447,http://www.wikidata.org/entity/Q28874997,0,133,,,
MAR,Marrocos,Q28876444,http://www.wikidata.org/entity/Q28874957,0,613,,,
MAR,Marrocos,Q28876445,http://www.wikidata.org/entity/Q28875073,0,301,,,
MAR,Marrocos,Q28876450,http://www.wikidata.org/entity/Q28875001,0,701,,,
MAR,Marrocos,Q28876451,http://www.wikidata.org/entity/Q28875029,0,1427,,,
MAR,Marrocos,Q28876448,http://www.wikidata.org/entity/Q28875023,0,386,,,
MAR,Marrocos,Q28876449,http://www.wikidata.org/entity/Q28874918,0,340,,,
MAR,Marrocos,Q28876454,http://www.wikidata.org/entity/Q28875025,0,528,,,
MAR,Marrocos,Q28876452,http://www.wikidata.org/entity/Q28875066,0,277,,,
MAR,Marrocos,Q28876453,http://www.wikidata.org/entity/Q28875073,0,229,,,
MAR,Marrocos,Q28876091,http://www.wikidata.org/entity/Q28875024,0,534,,,
MAR,Marrocos,Q28876088,http://www.wikidata.org/entity/Q28875134,0,540,,,
MAR,Marrocos,Q28876089,http://www.wikidata.org/entity/Q28875050,0,55,,,
MAR,Marrocos,Q28876094,http://www.wikidata.org/entity/Q28875050,0,292,,,
MAR,Marrocos,Q28876095,http://www.wikidata.org/entity/Q28874986,0,267,,,
MAR,Marrocos,Q28876092,http://www.wikidata.org/entity/Q28874955,0,50,,,
MAR,Marrocos,Q28876093,http://www.wikidata.org/entity/Q28875134,0,1168,,,
MAR,Marrocos,Q28876098,http://www.wikidata.org/entity/Q28874955,0,187,,,
MAR,Marrocos,Q28876099,http://www.wikidata.org/entity/Q28875134,0,180,,,
MAR,Marrocos,Q28876097,http://www.wikidata.org/entity/Q28875022,0,297,,,
MAR,Marrocos,Q28876102,http://www.wikidata.org/entity/Q28874955,0,218,,,
MAR,Marrocos,Q28876103,http://www.wikidata.org/entity/Q28875134,0,88,,,
MAR,Marrocos,Q28876100,http://www.wikidata.org/entity/Q28875050,0,133,,,
MAR,Marrocos,Q28876101,http://www.wikidata.org/entity/Q28874986,0,163,,,
MAR,Marrocos,Q28876106,http://www.wikidata.org/entity/Q28874986,0,56,,,
MAR,Marrocos,Q28876107,http://www.wikidata.org/entity/Q28874958,0,125,,,
MAR,Marrocos,Q28876104,http://www.wikidata.org/entity/Q28875022,0,455,,,
MAR,Marrocos,Q28876105,http://www.wikidata.org/entity/Q28875050,0,343,,,
MAR,Marrocos,Q28876108,http://www.wikidata.org/entity/Q28875134,0,204,,,
MAR,Marrocos,Q28876109,http://www.wikidata.org/entity/Q28875022,0,499,,,
MAR,Marrocos,Q28876151,http://www.wikidata.org/entity/Q28875019,0,401,,,
MAR,Marrocos,Q28876154,http://www.wikidata.org/entity/Q28874991,0,260,,,
MAR,Marrocos,Q28876155,http://www.wikidata.org/entity/Q28875053,0,194,,,
MAR,Marrocos,Q28876152,http://www.wikidata.org/entity/Q28875053,0,167,,,
MAR,Marrocos,Q28876153,http://www.wikidata.org/entity/Q28874958,0,697,,,
MAR,Marrocos,Q28876158,http://www.wikidata.org/entity/Q28874958,0,363,,,
MAR,Marrocos,Q28876159,http://www.wikidata.org/entity/Q28875053,0,54,,,
MAR,Marrocos,Q28876156,http://www.wikidata.org/entity/Q28875134,0,211,,,
MAR,Marrocos,Q28876157,http://www.wikidata.org/entity/Q28875019,0,441,,,
MAR,Marrocos,Q28876162,http://www.wikidata.org/entity/Q28874993,0,85,,,
MAR,Marrocos,Q28876163,http://www.wikidata.org/entity/Q28875019,0,434,,,
MAR,Marrocos,Q28876160,http://www.wikidata.org/entity/Q28875138,0,867,,,
MAR,Marrocos,Q28876161,http://www.wikidata.org/entity/Q28874958,0,485,,,
MAR,Marrocos,Q28876166,http://www.wikidata.org/entity/Q28874993,0,401,,,
MAR,Marrocos,Q28876167,http://www.wikidata.org/entity/Q28875019,0,208,,,
MAR,Marrocos,Q28876164,http://www.wikidata.org/entity/Q28875184,0,206,,,
MAR,Marrocos,Q28876165,http://www.wikidata.org/entity/Q28875138,0,340,,,
MAR,Marrocos,Q28876170,http://www.wikidata.org/entity/Q28875138,0,789,,,
MAR,Marrocos,Q28876171,http://www.wikidata.org/entity/Q28874993,0,148,,,
MAR,Marrocos,Q28876168,http://www.wikidata.org/entity/Q28874958,0,258,,,
MAR,Marrocos,Q28876169,http://www.wikidata.org/entity/Q28875053,0,139,,,
MAR,Marrocos,Q28876174,http://www.wikidata.org/entity/Q28875053,0,237,,,
MAR,Marrocos,Q28876175,http://www.wikidata.org/entity/Q28875138,0,783,,,
MAR,Marrocos,Q28876172,http://www.wikidata.org/entity/Q28875019,0,969,,,
MAR,Marrocos,Q28876173,http://www.wikidata.org/entity/Q28874958,0,157,,,
MAR,Marrocos,Q28876178,http://www.wikidata.org/entity/Q28874958,0,131,,,
MAR,Marrocos,Q28876179,http://www.wikidata.org/entity/Q28875053,0,318,,,
MAR,Marrocos,Q28876176,http://www.wikidata.org/entity/Q28874993,0,431,,,
MAR,Marrocos,Q28876177,http://www.wikidata.org/entity/Q28875019,0,469,,,
MAR,Marrocos,Q28876182,http://www.wikidata.org/entity/Q28874958,0,191,,,
MAR,Marrocos,Q28876183,http://www.wikidata.org/entity/Q28875017,0,305,,,
MAR,Marrocos,Q28876180,http://www.wikidata.org/entity/Q28875138,0,693,,,
MAR,Marrocos,Q28876181,http://www.wikidata.org/entity/Q28874993,0,216,,,
MAR,Marrocos,Q28876186,http://www.wikidata.org/entity/Q28875138,0,88,,,
MAR,Marrocos,Q28876187,http://www.wikidata.org/entity/Q28874993,0,569,,,
MAR,Marrocos,Q28876184,http://www.wikidata.org/entity/Q28875053,0,322,,,
MAR,Marrocos,Q28876185,http://www.wikidata.org/entity/Q28875184,0,98,,,
MAR,Marrocos,Q28876190,http://www.wikidata.org/entity/Q28874961,0,226,,,
MAR,Marrocos,Q28876191,http://www.wikidata.org/entity/Q28875053,0,171,,,
MAR,Marrocos,Q28876188,http://www.wikidata.org/entity/Q28875017,0,130,,,
MAR,Marrocos,Q28876254,http://www.wikidata.org/entity/Q28875011,0,475,,,
MAR,Marrocos,Q28876255,http://www.wikidata.org/entity/Q28875189,0,132,,,
MAR,Marrocos,Q28876258,http://www.wikidata.org/entity/Q28874967,0,387,,,
MAR,Marrocos,Q28876259,http://www.wikidata.org/entity/Q28875011,0,428,,,
MAR,Marrocos,Q28876256,http://www.wikidata.org/entity/Q28875059,0,717,,,
MAR,Marrocos,Q28876257,http://www.wikidata.org/entity/Q28874995,0,246,,,
MAR,Marrocos,Q28876262,http://www.wikidata.org/entity/Q28875011,0,590,,,
MAR,Marrocos,Q28876263,http://www.wikidata.org/entity/Q28874967,0,35,,,
MAR,Marrocos,Q28876260,http://www.wikidata.org/entity/Q28875059,0,272,,,
MAR,Marrocos,Q28876261,http://www.wikidata.org/entity/Q28874995,0,678,,,
MAR,Marrocos,Q28876266,http://www.wikidata.org/entity/Q28875011,0,505,,,
MAR,Marrocos,Q28876267,http://www.wikidata.org/entity/Q28874967,0,789,,,
MAR,Marrocos,Q28876264,http://www.wikidata.org/entity/Q28875059,0,550,,,
MAR,Marrocos,Q28876265,http://www.wikidata.org/entity/Q28874995,0,307,,,
MAR,Marrocos,Q28876270,http://www.wikidata.org/entity/Q28875011,0,435,,,
MAR,Marrocos,Q28876271,http://www.wikidata.org/entity/Q28874995,0,74,,,
MAR,Marrocos,Q28876268,http://www.wikidata.org/entity/Q28874995,0,161,,,
MAR,Marrocos,Q28876269,http://www.wikidata.org/entity/Q28875059,0,376,,,
MAR,Marrocos,Q28876272,http://www.wikidata.org/entity/Q28874967,0,188,,,
MAR,Marrocos,Q28876273,http://www.wikidata.org/entity/Q28875189,0,389,,,
MAR,Marrocos,Q28876375,http://www.wikidata.org/entity/Q28874974,0,246,,,
MAR,Marrocos,Q28876378,http://www.wikidata.org/entity/Q28874974,0,233,,,
MAR,Marrocos,Q28876379,http://www.wikidata.org/entity/Q28875069,0,349,,,
MAR,Marrocos,Q28876376,http://www.wikidata.org/entity/Q28875069,0,365,,,
MAR,Marrocos,Q28876377,http://www.wikidata.org/entity/Q28874999,0,310,,,
MAR,Marrocos,Q28876382,http://www.wikidata.org/entity/Q28874999,0,505,,,
MAR,Marrocos,Q28876383,http://www.wikidata.org/entity/Q28874974,0,150,,,
MAR,Marrocos,Q28876380,http://www.wikidata.org/entity/Q28874998,0,44,,,
MAR,Marrocos,Q28876381,http://www.wikidata.org/entity/Q28875191,0,552,,,
MAR,Marrocos,Q28876386,http://www.wikidata.org/entity/Q28874998,0,458,,,
MAR,Marrocos,Q28876387,http://www.wikidata.org/entity/Q28874974,0,174,,,
MAR,Marrocos,Q28876384,http://www.wikidata.org/entity/Q28874999,0,779,,,
MAR,Marrocos,Q28876385,http://www.wikidata.org/entity/Q28875069,0,134,,,
MAR,Marrocos,Q28876390,http://www.wikidata.org/entity/Q28875069,0,278,,,
MAR,Marrocos,Q28876391,http://www.wikidata.org/entity/Q28874998,0,302,,,
MAR,Marrocos,Q28876388,http://www.wikidata.org/entity/Q28875191,0,773,,,
MAR,Marrocos,Q28876389,http://www.wikidata.org/entity/Q28874997,0,86,,,
MAR,Marrocos,Q28876394,http://www.wikidata.org/entity/Q28875069,0,907,,,
MAR,Marrocos,Q28876392,http://www.wikidata.org/entity/Q28874974,0,26,,,
MAR,Marrocos,Q28876393,http://www.wikidata.org/entity/Q28874997,0,331,,,
MAR,Marrocos,Q28876110,http://www.wikidata.org/entity/Q28875184,0,298,,,
MAR,Marrocos,Q28876111,http://www.wikidata.org/entity/Q28875050,0,252,,,
MAR,Marrocos,Q28876114,http://www.wikidata.org/entity/Q28875134,0,464,,,
MAR,Marrocos,Q28876115,http://www.wikidata.org/entity/Q28875050,0,140,,,
MAR,Marrocos,Q28876112,http://www.wikidata.org/entity/Q28874986,0,370,,,
MAR,Marrocos,Q28876113,http://www.wikidata.org/entity/Q28874958,0,229,,,
MAR,Marrocos,Q28876118,http://www.wikidata.org/entity/Q28874986,0,122,,,
MAR,Marrocos,Q28876119,http://www.wikidata.org/entity/Q28875134,0,230,,,
MAR,Marrocos,Q28876116,http://www.wikidata.org/entity/Q28875022,0,269,,,
MAR,Marrocos,Q28876117,http://www.wikidata.org/entity/Q28874958,0,43,,,
MAR,Marrocos,Q28876122,http://www.wikidata.org/entity/Q28874958,0,110,,,
MAR,Marrocos,Q28876123,http://www.wikidata.org/entity/Q28874991,0,525,,,
MAR,Marrocos,Q28876120,http://www.wikidata.org/entity/Q28875050,0,261,,,
MAR,Marrocos,Q28876121,http://www.wikidata.org/entity/Q28875022,0,140,,,
MAR,Marrocos,Q28876126,http://www.wikidata.org/entity/Q28875022,0,180,,,
MAR,Marrocos,Q28876127,http://www.wikidata.org/entity/Q28874958,0,108,,,
MAR,Marrocos,Q28876124,http://www.wikidata.org/entity/Q28875134,0,241,,,
MAR,Marrocos,Q28876125,http://www.wikidata.org/entity/Q28875050,0,2147,,,
MAR,Marrocos,Q28876130,http://www.wikidata.org/entity/Q28875184,0,173,,,
MAR,Marrocos,Q28876131,http://www.wikidata.org/entity/Q28875050,0,35,,,
MAR,Marrocos,Q28876128,http://www.wikidata.org/entity/Q28874991,0,193,,,
MAR,Marrocos,Q28876129,http://www.wikidata.org/entity/Q28875134,0,228,,,
MAR,Marrocos,Q28876134,http://www.wikidata.org/entity/Q28874991,0,390,,,
MAR,Marrocos,Q28876135,http://www.wikidata.org/entity/Q28875134,0,165,,,
MAR,Marrocos,Q28876132,http://www.wikidata.org/entity/Q28875022,0,312,,,
MAR,Marrocos,Q28876133,http://www.wikidata.org/entity/Q28874958,0,68,,,
MAR,Marrocos,Q28876138,http://www.wikidata.org/entity/Q28875022,0,228,,,
MAR,Marrocos,Q28876139,http://www.wikidata.org/entity/Q28874991,0,448,,,
MAR,Marrocos,Q28876137,http://www.wikidata.org/entity/Q28875053,0,100,,,
MAR,Marrocos,Q28876142,http://www.wikidata.org/entity/Q28875134,0,108,,,
MAR,Marrocos,Q28876143,http://www.wikidata.org/entity/Q28875022,0,1410,,,
MAR,Marrocos,Q28876140,http://www.wikidata.org/entity/Q28874958,0,116,,,
MAR,Marrocos,Q28876141,http://www.wikidata.org/entity/Q28875053,0,489,,,
MAR,Marrocos,Q28876146,http://www.wikidata.org/entity/Q28875019,0,599,,,
MAR,Marrocos,Q28876147,http://www.wikidata.org/entity/Q28874958,0,108,,,
MAR,Marrocos,Q28876144,http://www.wikidata.org/entity/Q28874991,0,175,,,
MAR,Marrocos,Q28876145,http://www.wikidata.org/entity/Q28875053,0,221,,,
MAR,Marrocos,Q28876150,http://www.wikidata.org/entity/Q28874991,0,247,,,
MAR,Marrocos,Q28876148,http://www.wikidata.org/entity/Q28875134,0,300,,,
MAR,Marrocos,Q28876149,http://www.wikidata.org/entity/Q28875184,0,78,,,
MAR,Marrocos,Q28876194,http://www.wikidata.org/entity/Q28874961,0,244,,,
MAR,Marrocos,Q28876195,http://www.wikidata.org/entity/Q28875017,0,248,,,
MAR,Marrocos,Q28876192,http://www.wikidata.org/entity/Q28875138,0,479,,,
MAR,Marrocos,Q28876193,http://www.wikidata.org/entity/Q28874993,0,391,,,
MAR,Marrocos,Q28876198,http://www.wikidata.org/entity/Q28875138,0,376,,,
MAR,Marrocos,Q28876199,http://www.wikidata.org/entity/Q28874993,0,165,,,
MAR,Marrocos,Q28876196,http://www.wikidata.org/entity/Q28875053,0,55,,,
MAR,Marrocos,Q28876197,http://www.wikidata.org/entity/Q28874961,0,541,,,
MAR,Marrocos,Q28876202,http://www.wikidata.org/entity/Q28874961,0,152,,,
MAR,Marrocos,Q28876203,http://www.wikidata.org/entity/Q28875138,0,289,,,
MAR,Marrocos,Q28876200,http://www.wikidata.org/entity/Q28875017,0,347,,,
MAR,Marrocos,Q28876201,http://www.wikidata.org/entity/Q28875053,0,245,,,
MAR,Marrocos,Q28876206,http://www.wikidata.org/entity/Q28875056,0,1777,,,
MAR,Marrocos,Q28876207,http://www.wikidata.org/entity/Q28875017,0,396,,,
MAR,Marrocos,Q28876204,http://www.wikidata.org/entity/Q28874993,0,266,,,
MAR,Marrocos,Q28876205,http://www.wikidata.org/entity/Q28875189,0,1002,,,
MAR,Marrocos,Q28876210,http://www.wikidata.org/entity/Q28874993,0,380,,,
MAR,Marrocos,Q28876211,http://www.wikidata.org/entity/Q28875138,0,172,,,
MAR,Marrocos,Q28876209,http://www.wikidata.org/entity/Q28874961,0,104,,,
MAR,Marrocos,Q28876214,http://www.wikidata.org/entity/Q28874961,0,385,,,
MAR,Marrocos,Q28876215,http://www.wikidata.org/entity/Q28874993,0,129,,,
MAR,Marrocos,Q28876212,http://www.wikidata.org/entity/Q28875056,0,1575,,,
MAR,Marrocos,Q28876213,http://www.wikidata.org/entity/Q28875017,0,347,,,
MAR,Marrocos,Q28876218,http://www.wikidata.org/entity/Q28875056,0,1024,,,
MAR,Marrocos,Q28876219,http://www.wikidata.org/entity/Q28874961,0,205,,,
MAR,Marrocos,Q28876216,http://www.wikidata.org/entity/Q28875138,0,856,,,
MAR,Marrocos,Q28876217,http://www.wikidata.org/entity/Q28875017,0,698,,,
MAR,Marrocos,Q28876222,http://www.wikidata.org/entity/Q28875056,0,1680,,,
MAR,Marrocos,Q28876223,http://www.wikidata.org/entity/Q28874964,0,133,,,
MAR,Marrocos,Q28876220,http://www.wikidata.org/entity/Q28874993,0,316,,,
MAR,Marrocos,Q28876221,http://www.wikidata.org/entity/Q28875017,0,175,,,
MAR,Marrocos,Q28876226,http://www.wikidata.org/entity/Q28875017,0,132,,,
MAR,Marrocos,Q28876227,http://www.wikidata.org/entity/Q28875056,0,375,,,
MAR,Marrocos,Q28876224,http://www.wikidata.org/entity/Q28875189,0,731,,,
MAR,Marrocos,Q28876225,http://www.wikidata.org/entity/Q28874993,0,202,,,
MAR,Marrocos,Q28876230,http://www.wikidata.org/entity/Q28875056,0,785,,,
MAR,Marrocos,Q28876231,http://www.wikidata.org/entity/Q28875017,0,326,,,
MAR,Marrocos,Q28876228,http://www.wikidata.org/entity/Q28874964,0,203,,,
MAR,Marrocos,Q28876229,http://www.wikidata.org/entity/Q28874993,0,381,,,
MAR,Marrocos,Q28876235,http://www.wikidata.org/entity/Q28875017,0,307,,,
MAR,Marrocos,Q28876232,http://www.wikidata.org/entity/Q28874967,0,422,,,
MAR,Marrocos,Q28876233,http://www.wikidata.org/entity/Q28874995,0,585,,,
MAR,Marrocos,Q28876238,http://www.wikidata.org/entity/Q28875189,0,524,,,
MAR,Marrocos,Q28876239,http://www.wikidata.org/entity/Q28875056,0,466,,,
MAR,Marrocos,Q28876236,http://www.wikidata.org/entity/Q28874967,0,354,,,
MAR,Marrocos,Q28876237,http://www.wikidata.org/entity/Q28875017,0,166,,,
MAR,Marrocos,Q28876242,http://www.wikidata.org/entity/Q28875011,0,159,,,
MAR,Marrocos,Q28876243,http://www.wikidata.org/entity/Q28875056,0,455,,,
MAR,Marrocos,Q28876240,http://www.wikidata.org/entity/Q28874995,0,477,,,
MAR,Marrocos,Q28876241,http://www.wikidata.org/entity/Q28874967,0,430,,,
MAR,Marrocos,Q28876246,http://www.wikidata.org/entity/Q28875011,0,429,,,
MAR,Marrocos,Q28876247,http://www.wikidata.org/entity/Q28875059,0,606,,,
MAR,Marrocos,Q28876244,http://www.wikidata.org/entity/Q28874995,0,199,,,
MAR,Marrocos,Q28876245,http://www.wikidata.org/entity/Q28874967,0,201,,,
MAR,Marrocos,Q28876250,http://www.wikidata.org/entity/Q28875011,0,314,,,
MAR,Marrocos,Q28876251,http://www.wikidata.org/entity/Q28875059,0,465,,,
MAR,Marrocos,Q28876248,http://www.wikidata.org/entity/Q28874995,0,165,,,
MAR,Marrocos,Q28876249,http://www.wikidata.org/entity/Q28874967,0,631,,,
MAR,Marrocos,Q28876252,http://www.wikidata.org/entity/Q28874995,0,365,,,
MAR,Marrocos,Q28876253,http://www.wikidata.org/entity/Q28874967,0,299,,,
MAR,Marrocos,Q28876274,http://www.wikidata.org/entity/Q28875059,0,275,,,
MAR,Marrocos,Q28876275,http://www.wikidata.org/entity/Q28875011,0,579,,,
MAR,Marrocos,Q28876278,http://www.wikidata.org/entity/Q28874967,0,649,,,
MAR,Marrocos,Q28876279,http://www.wikidata.org/entity/Q28875008,0,238,,,
MAR,Marrocos,Q28876276,http://www.wikidata.org/entity/Q28874995,0,106,,,
MAR,Marrocos,Q28876277,http://www.wikidata.org/entity/Q28875059,0,705,,,
MAR,Marrocos,Q28876282,http://www.wikidata.org/entity/Q28874967,0,506,,,
MAR,Marrocos,Q28876283,http://www.wikidata.org/entity/Q28875008,0,400,,,
MAR,Marrocos,Q28876280,http://www.wikidata.org/entity/Q28874995,0,105,,,
MAR,Marrocos,Q28876281,http://www.wikidata.org/entity/Q28875059,0,381,,,
MAR,Marrocos,Q28876286,http://www.wikidata.org/entity/Q28874967,0,174,,,
MAR,Marrocos,Q28876287,http://www.wikidata.org/entity/Q28875008,0,319,,,
MAR,Marrocos,Q28876284,http://www.wikidata.org/entity/Q28874998,0,208,,,
MAR,Marrocos,Q28876285,http://www.wikidata.org/entity/Q28875059,0,1629,,,
MAR,Marrocos,Q28876290,http://www.wikidata.org/entity/Q28875059,0,1338,,,
MAR,Marrocos,Q28876291,http://www.wikidata.org/entity/Q28874967,0,224,,,
MAR,Marrocos,Q28876288,http://www.wikidata.org/entity/Q28874998,0,431,,,
MAR,Marrocos,Q28876289,http://www.wikidata.org/entity/Q28875189,0,294,,,
MAR,Marrocos,Q28876294,http://www.wikidata.org/entity/Q28875059,0,441,,,
MAR,Marrocos,Q28876295,http://www.wikidata.org/entity/Q28874967,0,135,,,
MAR,Marrocos,Q28876292,http://www.wikidata.org/entity/Q28875008,0,270,,,
MAR,Marrocos,Q28876293,http://www.wikidata.org/entity/Q28874998,0,438,,,
MAR,Marrocos,Q28876298,http://www.wikidata.org/entity/Q28875059,0,109,,,
MAR,Marrocos,Q28876299,http://www.wikidata.org/entity/Q28874967,0,31,,,
MAR,Marrocos,Q28876296,http://www.wikidata.org/entity/Q28875008,0,833,,,
MAR,Marrocos,Q28876297,http://www.wikidata.org/entity/Q28874998,0,385,,,
MAR,Marrocos,Q28876302,http://www.wikidata.org/entity/Q28875062,0,897,,,
MAR,Marrocos,Q28876303,http://www.wikidata.org/entity/Q28874967,0,443,,,
MAR,Marrocos,Q28876300,http://www.wikidata.org/entity/Q28875008,0,300,,,
MAR,Marrocos,Q28876301,http://www.wikidata.org/entity/Q28874998,0,201,,,
MAR,Marrocos,Q28876306,http://www.wikidata.org/entity/Q28875008,0,311,,,
MAR,Marrocos,Q28876307,http://www.wikidata.org/entity/Q28875065,0,217,,,
MAR,Marrocos,Q28876304,http://www.wikidata.org/entity/Q28874998,0,140,,,
MAR,Marrocos,Q28876305,http://www.wikidata.org/entity/Q28875189,0,60,,,
MAR,Marrocos,Q28876310,http://www.wikidata.org/entity/Q28875065,0,47,,,
MAR,Marrocos,Q28876311,http://www.wikidata.org/entity/Q28874967,0,82,,,
MAR,Marrocos,Q28876308,http://www.wikidata.org/entity/Q28874967,0,237,,,
MAR,Marrocos,Q28876309,http://www.wikidata.org/entity/Q28874998,0,323,,,
MAR,Marrocos,Q28876315,http://www.wikidata.org/entity/Q28875065,0,79,,,
MAR,Marrocos,Q28876312,http://www.wikidata.org/entity/Q28875008,0,356,,,
MAR,Marrocos,Q28876313,http://www.wikidata.org/entity/Q28874998,0,384,,,
MAR,Marrocos,Q28876318,http://www.wikidata.org/entity/Q28874998,0,68,,,
MAR,Marrocos,Q28876319,http://www.wikidata.org/entity/Q28875005,0,976,,,
MAR,Marrocos,Q28876316,http://www.wikidata.org/entity/Q28874967,0,40,,,
MAR,Marrocos,Q28876317,http://www.wikidata.org/entity/Q28875008,0,1315,,,
MAR,Marrocos,Q28876322,http://www.wikidata.org/entity/Q28874967,0,622,,,
MAR,Marrocos,Q28876323,http://www.wikidata.org/entity/Q28874998,0,187,,,
MAR,Marrocos,Q28876320,http://www.wikidata.org/entity/Q28875191,0,91,,,
MAR,Marrocos,Q28876321,http://www.wikidata.org/entity/Q28875065,0,543,,,
MAR,Marrocos,Q28876326,http://www.wikidata.org/entity/Q28874967,0,546,,,
MAR,Marrocos,Q28876327,http://www.wikidata.org/entity/Q28875005,0,1441,,,
MAR,Marrocos,Q28876324,http://www.wikidata.org/entity/Q28875005,0,1217,,,
MAR,Marrocos,Q28876325,http://www.wikidata.org/entity/Q28875065,0,754,,,
MAR,Marrocos,Q28876330,http://www.wikidata.org/entity/Q28875002,0,326,,,
MAR,Marrocos,Q28876331,http://www.wikidata.org/entity/Q28874967,0,298,,,
MAR,Marrocos,Q28876328,http://www.wikidata.org/entity/Q28874998,0,218,,,
MAR,Marrocos,Q28876329,http://www.wikidata.org/entity/Q28875065,0,740,,,
MAR,Marrocos,Q28876334,http://www.wikidata.org/entity/Q28875065,0,412,,,
MAR,Marrocos,Q28876335,http://www.wikidata.org/entity/Q28875002,0,735,,,
MAR,Marrocos,Q28876332,http://www.wikidata.org/entity/Q28874998,0,607,,,
MAR,Marrocos,Q28876333,http://www.wikidata.org/entity/Q28875191,0,70,,,
MAR,Marrocos,Q28876338,http://www.wikidata.org/entity/Q28875065,0,113,,,
MAR,Marrocos,Q28876339,http://www.wikidata.org/entity/Q28875002,0,412,,,
MAR,Marrocos,Q28876336,http://www.wikidata.org/entity/Q28874967,0,600,,,
MAR,Marrocos,Q28876337,http://www.wikidata.org/entity/Q28874998,0,122,,,
MAR,Marrocos,Q28876342,http://www.wikidata.org/entity/Q28874998,0,155,,,
MAR,Marrocos,Q28876343,http://www.wikidata.org/entity/Q28875065,0,111,,,
MAR,Marrocos,Q28876340,http://www.wikidata.org/entity/Q28874967,0,181,,,
MAR,Marrocos,Q28876341,http://www.wikidata.org/entity/Q28875002,0,376,,,
MAR,Marrocos,Q28876346,http://www.wikidata.org/entity/Q28875065,0,433,,,
MAR,Marrocos,Q28876347,http://www.wikidata.org/entity/Q28874998,0,155,,,
MAR,Marrocos,Q28876344,http://www.wikidata.org/entity/Q28874967,0,50,,,
MAR,Marrocos,Q28876345,http://www.wikidata.org/entity/Q28875002,0,875,,,
MAR,Marrocos,Q28876350,http://www.wikidata.org/entity/Q28875065,0,296,,,
MAR,Marrocos,Q28876351,http://www.wikidata.org/entity/Q28874999,0,502,,,
MAR,Marrocos,Q28876348,http://www.wikidata.org/entity/Q28875191,0,234,,,
MAR,Marrocos,Q28876349,http://www.wikidata.org/entity/Q28874971,0,790,,,
MAR,Marrocos,Q28876354,http://www.wikidata.org/entity/Q28875065,0,135,,,
MAR,Marrocos,Q28876355,http://www.wikidata.org/entity/Q28874999,0,531,,,
MAR,Marrocos,Q28876352,http://www.wikidata.org/entity/Q28874998,0,446,,,
MAR,Marrocos,Q28876353,http://www.wikidata.org/entity/Q28874971,0,456,,,
MAR,Marrocos,Q28876358,http://www.wikidata.org/entity/Q28874999,0,1692,,,
MAR,Marrocos,Q28876359,http://www.wikidata.org/entity/Q28875065,0,283,,,
MAR,Marrocos,Q28876356,http://www.wikidata.org/entity/Q28874998,0,314,,,
MAR,Marrocos,Q28876357,http://www.wikidata.org/entity/Q28874974,0,170,,,
MAR,Marrocos,Q28876362,http://www.wikidata.org/entity/Q28874999,0,654,,,
MAR,Marrocos,Q28876363,http://www.wikidata.org/entity/Q28875069,0,86,,,
MAR,Marrocos,Q28876360,http://www.wikidata.org/entity/Q28874998,0,314,,,
MAR,Marrocos,Q28876361,http://www.wikidata.org/entity/Q28874974,0,188,,,
MAR,Marrocos,Q28876366,http://www.wikidata.org/entity/Q28874974,0,500,,,
MAR,Marrocos,Q28876367,http://www.wikidata.org/entity/Q28874999,0,324,,,
MAR,Marrocos,Q28876364,http://www.wikidata.org/entity/Q28874998,0,258,,,
MAR,Marrocos,Q28876365,http://www.wikidata.org/entity/Q28875191,0,599,,,
MAR,Marrocos,Q28876370,http://www.wikidata.org/entity/Q28874999,0,818,,,
MAR,Marrocos,Q28876371,http://www.wikidata.org/entity/Q28875069,0,1150,,,
MAR,Marrocos,Q28876368,http://www.wikidata.org/entity/Q28875069,0,114,,,
MAR,Marrocos,Q28876369,http://www.wikidata.org/entity/Q28874998,0,184,,,
MAR,Marrocos,Q28876374,http://www.wikidata.org/entity/Q28874999,0,1364,,,
MAR,Marrocos,Q28876372,http://www.wikidata.org/entity/Q28874974,0,209,,,
MAR,Marrocos,Q28876373,http://www.wikidata.org/entity/Q28874998,0,179,,,
MAR,Marrocos,Q28876612,http://www.wikidata.org/entity/Q28874989,0,267,,,
MAR,Marrocos,Q28876613,http://www.wikidata.org/entity/Q28874985,0,580,,,
MAR,Marrocos,Q28876618,http://www.wikidata.org/entity/Q28874989,0,176,,,
MAR,Marrocos,Q28876619,http://www.wikidata.org/entity/Q28875016,0,799,,,
MAR,Marrocos,Q28876616,http://www.wikidata.org/entity/Q28875064,0,415,,,
MAR,Marrocos,Q28876617,http://www.wikidata.org/entity/Q28875267,0,231,,,
MAR,Marrocos,Q28876622,http://www.wikidata.org/entity/Q28875079,0,82,,,
MAR,Marrocos,Q28876623,http://www.wikidata.org/entity/Q28875010,0,1508,,,
MAR,Marrocos,Q28876620,http://www.wikidata.org/entity/Q28874921,0,311,,,
MAR,Marrocos,Q28876621,http://www.wikidata.org/entity/Q28875206,0,74,,,
MAR,Marrocos,Q28876626,http://www.wikidata.org/entity/Q28874989,0,160,,,
MAR,Marrocos,Q28876627,http://www.wikidata.org/entity/Q28875006,0,982,,,
MAR,Marrocos,Q28876624,http://www.wikidata.org/entity/Q28874929,0,493,,,
MAR,Marrocos,Q28876625,http://www.wikidata.org/entity/Q28875051,0,371,,,
MAR,Marrocos,Q28876630,http://www.wikidata.org/entity/Q28875079,0,280,,,
MAR,Marrocos,Q28876631,http://www.wikidata.org/entity/Q28874926,0,1481,,,
MAR,Marrocos,Q28876628,http://www.wikidata.org/entity/Q28874992,0,673,,,
MAR,Marrocos,Q28876629,http://www.wikidata.org/entity/Q28875010,0,338,,,
MAR,Marrocos,Q28876634,http://www.wikidata.org/entity/Q28874996,0,581,,,
MAR,Marrocos,Q28876635,http://www.wikidata.org/entity/Q28875006,0,449,,,
MAR,Marrocos,Q28876632,http://www.wikidata.org/entity/Q28875009,0,269,,,
MAR,Marrocos,Q28876633,http://www.wikidata.org/entity/Q28874989,0,293,,,
MAR,Marrocos,Q28876638,http://www.wikidata.org/entity/Q28874989,0,95,,,
MAR,Marrocos,Q28876639,http://www.wikidata.org/entity/Q28874954,0,772,,,
MAR,Marrocos,Q28876636,http://www.wikidata.org/entity/Q28875079,0,251,,,
MAR,Marrocos,Q28876637,http://www.wikidata.org/entity/Q28875066,0,372,,,
MAR,Marrocos,Q28876642,,0,460,,,
MAR,Marrocos,Q28876643,http://www.wikidata.org/entity/Q28875079,0,380,,,
MAR,Marrocos,Q28876640,http://www.wikidata.org/entity/Q28874985,0,375,,,
MAR,Marrocos,Q28876641,http://www.wikidata.org/entity/Q28875241,0,518,,,
MAR,Marrocos,Q28876646,http://www.wikidata.org/entity/Q28874989,0,110,,,
MAR,Marrocos,Q28876647,http://www.wikidata.org/entity/Q28875048,0,523,,,
MAR,Marrocos,Q28876644,http://www.wikidata.org/entity/Q28875206,0,427,,,
MAR,Marrocos,Q28876645,http://www.wikidata.org/entity/Q28875031,0,943,,,
MAR,Marrocos,Q28876650,http://www.wikidata.org/entity/Q28875064,0,695,,,
MAR,Marrocos,Q28876651,http://www.wikidata.org/entity/Q28875079,0,383,,,
MAR,Marrocos,Q28876648,http://www.wikidata.org/entity/Q28875270,0,308,,,
MAR,Marrocos,Q28876649,http://www.wikidata.org/entity/Q28874989,0,129,,,
MAR,Marrocos,Q28876654,http://www.wikidata.org/entity/Q28874985,0,298,,,
MAR,Marrocos,Q28876655,http://www.wikidata.org/entity/Q28874989,0,186,,,
MAR,Marrocos,Q28876652,http://www.wikidata.org/entity/Q28875054,0,206,,,
MAR,Marrocos,Q28876653,http://www.wikidata.org/entity/Q28874954,0,589,,,
MAR,Marrocos,Q28876656,http://www.wikidata.org/entity/Q28874982,0,327,,,
MAR,Marrocos,Q28876782,http://www.wikidata.org/entity/Q28874975,0,896,,,
MAR,Marrocos,Q28876783,http://www.wikidata.org/entity/Q28874975,0,473,,,
MAR,Marrocos,Q28876780,http://www.wikidata.org/entity/Q28874978,0,126,,,
MAR,Marrocos,Q28876781,http://www.wikidata.org/entity/Q28874978,0,360,,,
MAR,Marrocos,Q28876786,http://www.wikidata.org/entity/Q28874975,0,284,,,
MAR,Marrocos,Q28876787,http://www.wikidata.org/entity/Q28874975,0,248,,,
MAR,Marrocos,Q28876784,http://www.wikidata.org/entity/Q28874975,0,316,,,
MAR,Marrocos,Q28876785,http://www.wikidata.org/entity/Q28874975,0,652,,,
MAR,Marrocos,Q28876790,http://www.wikidata.org/entity/Q28874975,0,216,,,
MAR,Marrocos,Q28876788,http://www.wikidata.org/entity/Q28874975,0,365,,,
MAR,Marrocos,Q28876789,http://www.wikidata.org/entity/Q28874975,0,170,,,
MAR,Marrocos,Q28876794,http://www.wikidata.org/entity/Q28874975,0,260,,,
MAR,Marrocos,Q28876795,http://www.wikidata.org/entity/Q28874975,0,281,,,
MAR,Marrocos,Q28876792,http://www.wikidata.org/entity/Q28874975,0,732,,,
MAR,Marrocos,Q28876793,http://www.wikidata.org/entity/Q28874975,0,132,,,
MAR,Marrocos,Q28876798,http://www.wikidata.org/entity/Q28874972,0,22,,,
MAR,Marrocos,Q28876799,http://www.wikidata.org/entity/Q28874972,0,182,,,
MAR,Marrocos,Q28876796,http://www.wikidata.org/entity/Q28874975,0,474,,,
MAR,Marrocos,Q28876797,http://www.wikidata.org/entity/Q28874975,0,217,,,
MAR,Marrocos,Q28876800,http://www.wikidata.org/entity/Q28874972,0,240,,,
MAR,Marrocos,Q28876455,http://www.wikidata.org/entity/Q28874974,0,197,,,
MAR,Marrocos,Q28876458,http://www.wikidata.org/entity/Q28874918,0,112,,,
MAR,Marrocos,Q28876459,http://www.wikidata.org/entity/Q28875200,0,624,,,
MAR,Marrocos,Q28876456,http://www.wikidata.org/entity/Q28875018,0,822,,,
MAR,Marrocos,Q28876457,http://www.wikidata.org/entity/Q28875001,0,573,,,
MAR,Marrocos,Q28876462,http://www.wikidata.org/entity/Q28875031,0,2219,,,
MAR,Marrocos,Q28876463,http://www.wikidata.org/entity/Q28874966,0,301,,,
MAR,Marrocos,Q28876460,http://www.wikidata.org/entity/Q28874997,0,157,,,
MAR,Marrocos,Q28876461,http://www.wikidata.org/entity/Q28875076,0,237,,,
MAR,Marrocos,Q28876466,http://www.wikidata.org/entity/Q28875195,0,93,,,
MAR,Marrocos,Q28876467,http://www.wikidata.org/entity/Q28874997,0,158,,,
MAR,Marrocos,Q28876464,http://www.wikidata.org/entity/Q28874974,0,67,,,
MAR,Marrocos,Q28876465,http://www.wikidata.org/entity/Q28875001,0,540,,,
MAR,Marrocos,Q28876470,http://www.wikidata.org/entity/Q28875076,0,142,,,
MAR,Marrocos,Q28876471,http://www.wikidata.org/entity/Q28875023,0,412,,,
MAR,Marrocos,Q28876468,http://www.wikidata.org/entity/Q28874973,0,577,,,
MAR,Marrocos,Q28876469,http://www.wikidata.org/entity/Q28875018,0,652,,,
MAR,Marrocos,Q28876474,http://www.wikidata.org/entity/Q28875004,0,357,,,
MAR,Marrocos,Q28876472,http://www.wikidata.org/entity/Q28875276,0,347,,,
MAR,Marrocos,Q28876473,http://www.wikidata.org/entity/Q28874977,0,243,,,
MAR,Marrocos,Q28876498,http://www.wikidata.org/entity/Q28875198,0,27,,,
MAR,Marrocos,Q28876497,http://www.wikidata.org/entity/Q28875261,0,715,,,
MAR,Marrocos,Q28876502,http://www.wikidata.org/entity/Q28875076,0,556,,,
MAR,Marrocos,Q28876503,http://www.wikidata.org/entity/Q28875035,0,492,,,
MAR,Marrocos,Q28876500,http://www.wikidata.org/entity/Q28874977,0,72,,,
MAR,Marrocos,Q28876501,http://www.wikidata.org/entity/Q28874994,0,156,,,
MAR,Marrocos,Q28876506,http://www.wikidata.org/entity/Q28874948,0,1065,,,
MAR,Marrocos,Q28876507,http://www.wikidata.org/entity/Q28874977,0,30,,,
MAR,Marrocos,Q28876504,http://www.wikidata.org/entity/Q28875023,0,551,,,
MAR,Marrocos,Q28876505,http://www.wikidata.org/entity/Q28874945,0,637,,,
MAR,Marrocos,Q28876510,http://www.wikidata.org/entity/Q28875076,0,133,,,
MAR,Marrocos,Q28876511,http://www.wikidata.org/entity/Q28874935,0,918,,,
MAR,Marrocos,Q28876508,http://www.wikidata.org/entity/Q28874994,0,383,,,
MAR,Marrocos,Q28876509,http://www.wikidata.org/entity/Q28875004,0,121,,,
MAR,Marrocos,Q28876514,http://www.wikidata.org/entity/Q28874994,0,226,,,
MAR,Marrocos,Q28876515,http://www.wikidata.org/entity/Q28874948,0,914,,,
MAR,Marrocos,Q28876512,http://www.wikidata.org/entity/Q28875025,0,511,,,
MAR,Marrocos,Q28876513,http://www.wikidata.org/entity/Q28875054,0,356,,,
MAR,Marrocos,Q28876518,http://www.wikidata.org/entity/Q28875003,0,1699,,,
MAR,Marrocos,Q28876519,http://www.wikidata.org/entity/Q28875221,0,216,,,
MAR,Marrocos,Q28876516,http://www.wikidata.org/entity/Q28875007,0,909,,,
MAR,Marrocos,Q28876517,http://www.wikidata.org/entity/Q28875076,0,62,,,
MAR,Marrocos,Q28876522,http://www.wikidata.org/entity/Q28875198,0,219,,,
MAR,Marrocos,Q28876523,http://www.wikidata.org/entity/Q28875076,0,141,,,
MAR,Marrocos,Q28876520,http://www.wikidata.org/entity/Q28875245,0,554,,,
MAR,Marrocos,Q28876521,http://www.wikidata.org/entity/Q28874951,0,609,,,
MAR,Marrocos,Q28876526,http://www.wikidata.org/entity/Q28875007,0,582,,,
MAR,Marrocos,Q28876527,http://www.wikidata.org/entity/Q28875267,0,369,,,
MAR,Marrocos,Q28876524,http://www.wikidata.org/entity/Q28874994,0,926,,,
MAR,Marrocos,Q28876525,http://www.wikidata.org/entity/Q28875248,0,459,,,
MAR,Marrocos,Q28876530,http://www.wikidata.org/entity/Q28875076,0,137,,,
MAR,Marrocos,Q28876531,http://www.wikidata.org/entity/Q28875245,0,1039,,,
MAR,Marrocos,Q28876528,http://www.wikidata.org/entity/Q28874957,0,278,,,
MAR,Marrocos,Q28876529,http://www.wikidata.org/entity/Q28874948,0,1000,,,
MAR,Marrocos,Q28876534,http://www.wikidata.org/entity/Q28875066,0,234,,,
MAR,Marrocos,Q28876535,http://www.wikidata.org/entity/Q28874990,0,735,,,
MAR,Marrocos,Q28876532,http://www.wikidata.org/entity/Q28875007,0,262,,,
MAR,Marrocos,Q28876533,http://www.wikidata.org/entity/Q28875029,0,336,,,
MAR,Marrocos,Q28876555,http://www.wikidata.org/entity/Q28874994,0,757,,,
MAR,Marrocos,Q28876556,http://www.wikidata.org/entity/Q28875031,0,1699,,,
MAR,Marrocos,Q28876557,http://www.wikidata.org/entity/Q28874990,0,552,,,
MAR,Marrocos,Q28876578,http://www.wikidata.org/entity/Q28874990,0,369,,,
MAR,Marrocos,Q28876579,http://www.wikidata.org/entity/Q28874994,0,52,,,
MAR,Marrocos,Q28876577,http://www.wikidata.org/entity/Q28874988,0,1306,,,
MAR,Marrocos,Q28876582,http://www.wikidata.org/entity/Q28875241,0,470,,,
MAR,Marrocos,Q28876583,http://www.wikidata.org/entity/Q28875010,0,141,,,
MAR,Marrocos,Q28876580,http://www.wikidata.org/entity/Q28875076,0,466,,,
MAR,Marrocos,Q28876581,http://www.wikidata.org/entity/Q28875218,0,72,,,
MAR,Marrocos,Q28876586,http://www.wikidata.org/entity/Q28874990,0,870,,,
MAR,Marrocos,Q28876587,http://www.wikidata.org/entity/Q28875025,0,354,,,
MAR,Marrocos,Q28876584,http://www.wikidata.org/entity/Q28875250,0,369,,,
MAR,Marrocos,Q28876585,http://www.wikidata.org/entity/Q28874994,0,119,,,
MAR,Marrocos,Q28876590,http://www.wikidata.org/entity/Q28875079,0,504,,,
MAR,Marrocos,Q28876591,http://www.wikidata.org/entity/Q28874989,0,195,,,
MAR,Marrocos,Q28876588,http://www.wikidata.org/entity/Q28875029,0,832,,,
MAR,Marrocos,Q28876589,http://www.wikidata.org/entity/Q28875054,0,669,,,
MAR,Marrocos,Q28876594,http://www.wikidata.org/entity/Q28875010,0,148,,,
MAR,Marrocos,Q28876595,http://www.wikidata.org/entity/Q28875035,0,248,,,
MAR,Marrocos,Q28876592,http://www.wikidata.org/entity/Q28874990,0,531,,,
MAR,Marrocos,Q28876593,http://www.wikidata.org/entity/Q28874954,0,384,,,
MAR,Marrocos,Q28876598,http://www.wikidata.org/entity/Q28874989,0,207,,,
MAR,Marrocos,Q28876599,http://www.wikidata.org/entity/Q28875079,0,103,,,
MAR,Marrocos,Q28876597,http://www.wikidata.org/entity/Q28875202,0,66,,,
MAR,Marrocos,Q28876602,http://www.wikidata.org/entity/Q28875023,0,513,,,
MAR,Marrocos,Q28876603,http://www.wikidata.org/entity/Q28875035,0,479,,,
MAR,Marrocos,Q28876600,http://www.wikidata.org/entity/Q28874990,0,691,,,
MAR,Marrocos,Q28876601,http://www.wikidata.org/entity/Q28875010,0,607,,,
MAR,Marrocos,Q28876606,http://www.wikidata.org/entity/Q28874990,0,254,,,
MAR,Marrocos,Q28876607,http://www.wikidata.org/entity/Q28875079,0,312,,,
MAR,Marrocos,Q28876604,http://www.wikidata.org/entity/Q28875037,0,543,,,
MAR,Marrocos,Q28876605,http://www.wikidata.org/entity/Q28874989,0,300,,,
MAR,Marrocos,Q28876610,http://www.wikidata.org/entity/Q28874923,0,124,,,
MAR,Marrocos,Q28876611,http://www.wikidata.org/entity/Q28874918,0,363,,,
MAR,Marrocos,Q28876608,http://www.wikidata.org/entity/Q28875010,0,254,,,
MAR,Marrocos,Q28876609,http://www.wikidata.org/entity/Q28875064,0,541,,,
MAR,Marrocos,Q28876614,http://www.wikidata.org/entity/Q28875079,0,469,,,
MAR,Marrocos,Q28876615,http://www.wikidata.org/entity/Q28875010,0,456,,,
MAR,Marrocos,Q28876395,http://www.wikidata.org/entity/Q28874974,0,313,,,
MAR,Marrocos,Q28876398,http://www.wikidata.org/entity/Q28874997,0,236,,,
MAR,Marrocos,Q28876399,http://www.wikidata.org/entity/Q28875069,0,211,,,
MAR,Marrocos,Q28876396,http://www.wikidata.org/entity/Q28875001,0,115,,,
MAR,Marrocos,Q28876397,http://www.wikidata.org/entity/Q28875029,0,733,,,
MAR,Marrocos,Q28876402,http://www.wikidata.org/entity/Q28875001,0,562,,,
MAR,Marrocos,Q28876403,http://www.wikidata.org/entity/Q28874929,0,647,,,
MAR,Marrocos,Q28876400,http://www.wikidata.org/entity/Q28874974,0,43,,,
MAR,Marrocos,Q28876401,http://www.wikidata.org/entity/Q28875276,0,253,,,
MAR,Marrocos,Q28876406,http://www.wikidata.org/entity/Q28875195,0,47,,,
MAR,Marrocos,Q28876407,http://www.wikidata.org/entity/Q28875006,0,343,,,
MAR,Marrocos,Q28876404,http://www.wikidata.org/entity/Q28875073,0,700,,,
MAR,Marrocos,Q28876405,http://www.wikidata.org/entity/Q28874997,0,76,,,
MAR,Marrocos,Q28876410,http://www.wikidata.org/entity/Q28875001,0,267,,,
MAR,Marrocos,Q28876411,http://www.wikidata.org/entity/Q28875270,0,220,,,
MAR,Marrocos,Q28876408,http://www.wikidata.org/entity/Q28874974,0,45,,,
MAR,Marrocos,Q28876409,http://www.wikidata.org/entity/Q28875231,0,664,,,
MAR,Marrocos,Q28876414,http://www.wikidata.org/entity/Q28875250,0,672,,,
MAR,Marrocos,Q28876412,http://www.wikidata.org/entity/Q28875073,0,234,,,
MAR,Marrocos,Q28876413,http://www.wikidata.org/entity/Q28874997,0,128,,,
MAR,Marrocos,Q28876475,http://www.wikidata.org/entity/Q28874997,0,201,,,
MAR,Marrocos,Q28876478,http://www.wikidata.org/entity/Q28875076,0,197,,,
MAR,Marrocos,Q28876479,http://www.wikidata.org/entity/Q28874996,0,521,,,
MAR,Marrocos,Q28876477,http://www.wikidata.org/entity/Q28874973,0,548,,,
MAR,Marrocos,Q28876482,http://www.wikidata.org/entity/Q28875004,0,421,,,
MAR,Marrocos,Q28876483,http://www.wikidata.org/entity/Q28874997,0,455,,,
MAR,Marrocos,Q28876480,http://www.wikidata.org/entity/Q28875218,0,282,,,
MAR,Marrocos,Q28876481,http://www.wikidata.org/entity/Q28874977,0,245,,,
MAR,Marrocos,Q28876486,http://www.wikidata.org/entity/Q28874979,0,53,,,
MAR,Marrocos,Q28876487,http://www.wikidata.org/entity/Q28874926,0,586,,,
MAR,Marrocos,Q28876484,http://www.wikidata.org/entity/Q28875076,0,776,,,
MAR,Marrocos,Q28876485,http://www.wikidata.org/entity/Q28875025,0,575,,,
MAR,Marrocos,Q28876490,http://www.wikidata.org/entity/Q28874977,0,38,,,
MAR,Marrocos,Q28876491,http://www.wikidata.org/entity/Q28875004,0,49,,,
MAR,Marrocos,Q28876488,http://www.wikidata.org/entity/Q28875218,0,125,,,
MAR,Marrocos,Q28876489,http://www.wikidata.org/entity/Q28874997,0,23,,,
MAR,Marrocos,Q28876495,http://www.wikidata.org/entity/Q28874994,0,346,,,
MAR,Marrocos,Q28876492,http://www.wikidata.org/entity/Q28875025,0,219,,,
MAR,Marrocos,Q28876493,http://www.wikidata.org/entity/Q28875076,0,594,,,
MAR,Marrocos,Q28876496,http://www.wikidata.org/entity/Q28874979,0,383,,,
MAR,Marrocos,Q28876538,http://www.wikidata.org/entity/Q28875245,0,347,,,
MAR,Marrocos,Q28876539,http://www.wikidata.org/entity/Q28875007,0,241,,,
MAR,Marrocos,Q28876536,http://www.wikidata.org/entity/Q28874994,0,546,,,
MAR,Marrocos,Q28876537,http://www.wikidata.org/entity/Q28875076,0,58,,,
MAR,Marrocos,Q28876542,http://www.wikidata.org/entity/Q28875018,0,980,,,
MAR,Marrocos,Q28876543,http://www.wikidata.org/entity/Q28875076,0,175,,,
MAR,Marrocos,Q28876540,http://www.wikidata.org/entity/Q28874935,0,723,,,
MAR,Marrocos,Q28876541,http://www.wikidata.org/entity/Q28874963,0,604,,,
MAR,Marrocos,Q28876546,http://www.wikidata.org/entity/Q28875213,0,579,,,
MAR,Marrocos,Q28876547,http://www.wikidata.org/entity/Q28875007,0,278,,,
MAR,Marrocos,Q28876544,http://www.wikidata.org/entity/Q28874992,0,756,,,
MAR,Marrocos,Q28876545,http://www.wikidata.org/entity/Q28875198,0,353,,,
MAR,Marrocos,Q28876550,http://www.wikidata.org/entity/Q28875031,0,773,,,
MAR,Marrocos,Q28876551,http://www.wikidata.org/entity/Q28875076,0,153,,,
MAR,Marrocos,Q28876548,http://www.wikidata.org/entity/Q28874988,0,370,,,
MAR,Marrocos,Q28876549,http://www.wikidata.org/entity/Q28874994,0,499,,,
MAR,Marrocos,Q28876554,http://www.wikidata.org/entity/Q28875007,0,454,,,
MAR,Marrocos,Q28876552,http://www.wikidata.org/entity/Q28875071,0,211,,,
MAR,Marrocos,Q28876553,http://www.wikidata.org/entity/Q28875225,0,549,,,
MAR,Marrocos,Q28876559,http://www.wikidata.org/entity/Q28875076,0,94,,,
MAR,Marrocos,Q28876562,http://www.wikidata.org/entity/Q28875007,0,327,,,
MAR,Marrocos,Q28876563,http://www.wikidata.org/entity/Q28874994,0,296,,,
MAR,Marrocos,Q28876560,http://www.wikidata.org/entity/Q28874923,0,1013,,,
MAR,Marrocos,Q28876561,http://www.wikidata.org/entity/Q28874929,0,417,,,
MAR,Marrocos,Q28876566,http://www.wikidata.org/entity/Q28875076,0,164,,,
MAR,Marrocos,Q28876567,http://www.wikidata.org/entity/Q28875020,0,635,,,
MAR,Marrocos,Q28876564,http://www.wikidata.org/entity/Q28874940,0,163,,,
MAR,Marrocos,Q28876565,http://www.wikidata.org/entity/Q28874990,0,179,,,
MAR,Marrocos,Q28876570,http://www.wikidata.org/entity/Q28875228,0,688,,,
MAR,Marrocos,Q28876571,http://www.wikidata.org/entity/Q28875198,0,220,,,
MAR,Marrocos,Q28876568,http://www.wikidata.org/entity/Q28874932,0,1196,,,
MAR,Marrocos,Q28876569,http://www.wikidata.org/entity/Q28875010,0,1095,,,
MAR,Marrocos,Q28876574,http://www.wikidata.org/entity/Q28875261,0,1170,,,
MAR,Marrocos,Q28876575,http://www.wikidata.org/entity/Q28874932,0,625,,,
MAR,Marrocos,Q28876572,http://www.wikidata.org/entity/Q28874990,0,772,,,
MAR,Marrocos,Q28876573,http://www.wikidata.org/entity/Q28875076,0,162,,,
MAR,Marrocos,Q28876576,http://www.wikidata.org/entity/Q28875010,0,748,,,
MAR,Marrocos,Q28876596,http://www.wikidata.org/entity/Q28875031,0,1288,,,
MAR,Marrocos,Q28876658,http://www.wikidata.org/entity/Q28875012,0,733,,,
MAR,Marrocos,Q28876659,http://www.wikidata.org/entity/Q28875270,0,257,,,
MAR,Marrocos,Q28876657,http://www.wikidata.org/entity/Q28875079,0,47,,,
MAR,Marrocos,Q28876662,http://www.wikidata.org/entity/Q28875079,0,21,,,
MAR,Marrocos,Q28876663,http://www.wikidata.org/entity/Q28875006,0,559,,,
MAR,Marrocos,Q28876660,http://www.wikidata.org/entity/Q28874989,0,527,,,
MAR,Marrocos,Q28876661,http://www.wikidata.org/entity/Q28874992,0,635,,,
MAR,Marrocos,Q28876666,http://www.wikidata.org/entity/Q28874989,0,313,,,
MAR,Marrocos,Q28876667,http://www.wikidata.org/entity/Q28875221,0,172,,,
MAR,Marrocos,Q28876664,http://www.wikidata.org/entity/Q28875033,0,1696,,,
MAR,Marrocos,Q28876665,http://www.wikidata.org/entity/Q28875066,0,1258,,,
MAR,Marrocos,Q28876670,http://www.wikidata.org/entity/Q28875206,0,113,,,
MAR,Marrocos,Q28876671,http://www.wikidata.org/entity/Q28874969,0,552,,,
MAR,Marrocos,Q28876668,http://www.wikidata.org/entity/Q28874918,0,495,,,
MAR,Marrocos,Q28876669,http://www.wikidata.org/entity/Q28875079,0,327,,,
MAR,Marrocos,Q28876674,http://www.wikidata.org/entity/Q28875221,0,137,,,
MAR,Marrocos,Q28876675,http://www.wikidata.org/entity/Q28875231,0,430,,,
MAR,Marrocos,Q28876672,http://www.wikidata.org/entity/Q28875064,0,70,,,
MAR,Marrocos,Q28876673,http://www.wikidata.org/entity/Q28874989,0,563,,,
MAR,Marrocos,Q28876678,http://www.wikidata.org/entity/Q28875276,0,481,,,
MAR,Marrocos,Q28876679,http://www.wikidata.org/entity/Q28874989,0,200,,,
MAR,Marrocos,Q28876676,http://www.wikidata.org/entity/Q28875082,0,382,,,
MAR,Marrocos,Q28876677,http://www.wikidata.org/entity/Q28875267,0,330,,,
MAR,Marrocos,Q28876682,http://www.wikidata.org/entity/Q28874985,0,487,,,
MAR,Marrocos,Q28876683,http://www.wikidata.org/entity/Q28875082,0,724,,,
MAR,Marrocos,Q28876680,http://www.wikidata.org/entity/Q28875270,0,243,,,
MAR,Marrocos,Q28876681,http://www.wikidata.org/entity/Q28875221,0,139,,,
MAR,Marrocos,Q28876686,http://www.wikidata.org/entity/Q28875225,0,543,,,
MAR,Marrocos,Q28876687,http://www.wikidata.org/entity/Q28874992,0,307,,,
MAR,Marrocos,Q28876684,http://www.wikidata.org/entity/Q28875216,0,524,,,
MAR,Marrocos,Q28876685,http://www.wikidata.org/entity/Q28874989,0,274,,,
MAR,Marrocos,Q28876690,http://www.wikidata.org/entity/Q28875082,0,198,,,
MAR,Marrocos,Q28876691,http://www.wikidata.org/entity/Q28875210,0,561,,,
MAR,Marrocos,Q28876688,http://www.wikidata.org/entity/Q28875270,0,419,,,
MAR,Marrocos,Q28876689,http://www.wikidata.org/entity/Q28875025,0,951,,,
MAR,Marrocos,Q28876694,http://www.wikidata.org/entity/Q28874973,0,634,,,
MAR,Marrocos,Q28876695,http://www.wikidata.org/entity/Q28875270,0,157,,,
MAR,Marrocos,Q28876692,http://www.wikidata.org/entity/Q28874989,0,367,,,
MAR,Marrocos,Q28876693,http://www.wikidata.org/entity/Q28875221,0,162,,,
MAR,Marrocos,Q28876698,http://www.wikidata.org/entity/Q28874989,0,188,,,
MAR,Marrocos,Q28876699,http://www.wikidata.org/entity/Q28875221,0,101,,,
MAR,Marrocos,Q28876696,http://www.wikidata.org/entity/Q28874960,0,238,,,
MAR,Marrocos,Q28876697,http://www.wikidata.org/entity/Q28875082,0,358,,,
MAR,Marrocos,Q28876702,http://www.wikidata.org/entity/Q28874948,0,912,,,
MAR,Marrocos,Q28876703,http://www.wikidata.org/entity/Q28875082,0,275,,,
MAR,Marrocos,Q28876700,http://www.wikidata.org/entity/Q28875197,0,501,,,
MAR,Marrocos,Q28876701,http://www.wikidata.org/entity/Q28875270,0,368,,,
MAR,Marrocos,Q28876706,http://www.wikidata.org/entity/Q28875228,0,257,,,
MAR,Marrocos,Q28876707,http://www.wikidata.org/entity/Q28875270,0,45,,,
MAR,Marrocos,Q28876704,http://www.wikidata.org/entity/Q28875225,0,373,,,
MAR,Marrocos,Q28876705,http://www.wikidata.org/entity/Q28874989,0,113,,,
MAR,Marrocos,Q28876711,http://www.wikidata.org/entity/Q28874989,0,357,,,
MAR,Marrocos,Q28876708,http://www.wikidata.org/entity/Q28874985,0,1041,,,
MAR,Marrocos,Q28876709,http://www.wikidata.org/entity/Q28875082,0,450,,,
MAR,Marrocos,Q28876714,http://www.wikidata.org/entity/Q28874989,0,381,,,
MAR,Marrocos,Q28876715,http://www.wikidata.org/entity/Q28874989,0,202,,,
MAR,Marrocos,Q28876713,http://www.wikidata.org/entity/Q28874989,0,132,,,
MAR,Marrocos,Q28876718,http://www.wikidata.org/entity/Q28874987,0,518,,,
MAR,Marrocos,Q28876719,http://www.wikidata.org/entity/Q28874987,0,93,,,
MAR,Marrocos,Q28876716,http://www.wikidata.org/entity/Q28874989,0,132,,,
MAR,Marrocos,Q28876717,http://www.wikidata.org/entity/Q28874987,0,352,,,
MAR,Marrocos,Q28876722,http://www.wikidata.org/entity/Q28874987,0,83,,,
MAR,Marrocos,Q28876723,http://www.wikidata.org/entity/Q28874987,0,420,,,
MAR,Marrocos,Q28876720,http://www.wikidata.org/entity/Q28874987,0,169,,,
MAR,Marrocos,Q28876721,http://www.wikidata.org/entity/Q28874987,0,179,,,
MAR,Marrocos,Q28876726,http://www.wikidata.org/entity/Q28874987,0,363,,,
MAR,Marrocos,Q28876727,http://www.wikidata.org/entity/Q28874987,0,199,,,
MAR,Marrocos,Q28876724,http://www.wikidata.org/entity/Q28874987,0,405,,,
MAR,Marrocos,Q28876725,http://www.wikidata.org/entity/Q28874987,0,124,,,
MAR,Marrocos,Q28876730,http://www.wikidata.org/entity/Q28874987,0,365,,,
MAR,Marrocos,Q28876731,http://www.wikidata.org/entity/Q28874987,0,135,,,
MAR,Marrocos,Q28876728,http://www.wikidata.org/entity/Q28874987,0,399,,,
MAR,Marrocos,Q28876729,http://www.wikidata.org/entity/Q28874987,0,298,,,
MAR,Marrocos,Q28876734,http://www.wikidata.org/entity/Q28874987,0,287,,,
MAR,Marrocos,Q28876735,http://www.wikidata.org/entity/Q28874987,0,298,,,
MAR,Marrocos,Q28876732,http://www.wikidata.org/entity/Q28874987,0,71,,,
MAR,Marrocos,Q28876733,http://www.wikidata.org/entity/Q28874987,0,257,,,
MAR,Marrocos,Q28876738,http://www.wikidata.org/entity/Q28874983,0,109,,,
MAR,Marrocos,Q28876739,http://www.wikidata.org/entity/Q28874983,0,88,,,
MAR,Marrocos,Q28876736,http://www.wikidata.org/entity/Q28874983,0,212,,,
MAR,Marrocos,Q28876737,http://www.wikidata.org/entity/Q28874983,0,251,,,
MAR,Marrocos,Q28876742,http://www.wikidata.org/entity/Q28874983,0,180,,,
MAR,Marrocos,Q28876743,http://www.wikidata.org/entity/Q28874983,0,188,,,
MAR,Marrocos,Q28876740,http://www.wikidata.org/entity/Q28874983,0,350,,,
MAR,Marrocos,Q28876741,http://www.wikidata.org/entity/Q28874983,0,107,,,
MAR,Marrocos,Q28876746,http://www.wikidata.org/entity/Q28874983,0,60,,,
MAR,Marrocos,Q28876747,http://www.wikidata.org/entity/Q28874983,0,91,,,
MAR,Marrocos,Q28876744,http://www.wikidata.org/entity/Q28874983,0,277,,,
MAR,Marrocos,Q28876745,http://www.wikidata.org/entity/Q28874983,0,355,,,
MAR,Marrocos,Q28876750,http://www.wikidata.org/entity/Q28874983,0,448,,,
MAR,Marrocos,Q28876748,http://www.wikidata.org/entity/Q28874983,0,174,,,
MAR,Marrocos,Q28876749,http://www.wikidata.org/entity/Q28874983,0,94,,,
MAR,Marrocos,Q28876754,http://www.wikidata.org/entity/Q28874983,0,643,,,
MAR,Marrocos,Q28876755,http://www.wikidata.org/entity/Q28874983,0,86,,,
MAR,Marrocos,Q28876752,http://www.wikidata.org/entity/Q28874983,0,186,,,
MAR,Marrocos,Q28876753,http://www.wikidata.org/entity/Q28874983,0,123,,,
MAR,Marrocos,Q28876758,http://www.wikidata.org/entity/Q28874983,0,196,,,
MAR,Marrocos,Q28876759,http://www.wikidata.org/entity/Q28874983,0,410,,,
MAR,Marrocos,Q28876756,http://www.wikidata.org/entity/Q28874983,0,433,,,
MAR,Marrocos,Q28876757,http://www.wikidata.org/entity/Q28874983,0,350,,,
MAR,Marrocos,Q28876762,http://www.wikidata.org/entity/Q28874983,0,70,,,
MAR,Marrocos,Q28876763,http://www.wikidata.org/entity/Q28874983,0,334,,,
MAR,Marrocos,Q28876760,http://www.wikidata.org/entity/Q28874983,0,209,,,
MAR,Marrocos,Q28876761,http://www.wikidata.org/entity/Q28874983,0,307,,,
MAR,Marrocos,Q28876766,http://www.wikidata.org/entity/Q28874981,0,105,,,
MAR,Marrocos,Q28876767,http://www.wikidata.org/entity/Q28874981,0,147,,,
MAR,Marrocos,Q28876764,http://www.wikidata.org/entity/Q28874983,0,301,,,
MAR,Marrocos,Q28876765,http://www.wikidata.org/entity/Q28874981,0,152,,,
MAR,Marrocos,Q28876770,http://www.wikidata.org/entity/Q28874981,0,112,,,
MAR,Marrocos,Q28876771,http://www.wikidata.org/entity/Q28874981,0,194,,,
MAR,Marrocos,Q28876768,http://www.wikidata.org/entity/Q28874981,0,301,,,
MAR,Marrocos,Q28876769,http://www.wikidata.org/entity/Q28874981,0,130,,,
MAR,Marrocos,Q28876774,http://www.wikidata.org/entity/Q28874978,0,106,,,
MAR,Marrocos,Q28876775,http://www.wikidata.org/entity/Q28874978,0,454,,,
MAR,Marrocos,Q28876772,http://www.wikidata.org/entity/Q28874978,0,48,,,
MAR,Marrocos,Q28876773,http://www.wikidata.org/entity/Q28874978,0,159,,,
MAR,Marrocos,Q28876778,http://www.wikidata.org/entity/Q28874978,0,196,,,
MAR,Marrocos,Q28876779,http://www.wikidata.org/entity/Q28874978,0,124,,,
MAR,Marrocos,Q28876776,http://www.wikidata.org/entity/Q28874978,0,256,,,
MAR,Marrocos,Q28876777,http://www.wikidata.org/entity/Q28874978,0,117,,,
MAR,Marrocos,Q28876803,http://www.wikidata.org/entity/Q28874972,0,87,,,
MAR,Marrocos,Q28876801,http://www.wikidata.org/entity/Q28874972,0,412,,,
MAR,Marrocos,Q28876806,http://www.wikidata.org/entity/Q28874972,0,230,,,
MAR,Marrocos,Q28876807,http://www.wikidata.org/entity/Q28874972,0,96,,,
MAR,Marrocos,Q28876804,http://www.wikidata.org/entity/Q28874972,0,325,,,
MAR,Marrocos,Q28876805,http://www.wikidata.org/entity/Q28874972,0,484,,,
MAR,Marrocos,Q28876810,http://www.wikidata.org/entity/Q28874972,0,273,,,
MAR,Marrocos,Q28876811,http://www.wikidata.org/entity/Q28874972,0,318,,,
MAR,Marrocos,Q28876808,http://www.wikidata.org/entity/Q28874972,0,124,,,
MAR,Marrocos,Q28876809,http://www.wikidata.org/entity/Q28874972,0,291,,,
MAR,Marrocos,Q28876814,http://www.wikidata.org/entity/Q28874972,0,168,,,
MAR,Marrocos,Q28876815,http://www.wikidata.org/entity/Q28874972,0,341,,,
MAR,Marrocos,Q28876812,http://www.wikidata.org/entity/Q28874972,0,192,,,
MAR,Marrocos,Q28876813,http://www.wikidata.org/entity/Q28874972,0,306,,,
MAR,Marrocos,Q28876818,http://www.wikidata.org/entity/Q28874972,0,444,,,
MAR,Marrocos,Q28876819,http://www.wikidata.org/entity/Q28874972,0,705,,,
MAR,Marrocos,Q28876816,http://www.wikidata.org/entity/Q28874972,0,216,,,
MAR,Marrocos,Q28876817,http://www.wikidata.org/entity/Q28874972,0,221,,,
MAR,Marrocos,Q28876822,http://www.wikidata.org/entity/Q28874968,0,179,,,
MAR,Marrocos,Q28876823,http://www.wikidata.org/entity/Q28874968,0,276,,,
MAR,Marrocos,Q28876820,http://www.wikidata.org/entity/Q28874968,0,270,,,
MAR,Marrocos,Q28876821,http://www.wikidata.org/entity/Q28874968,0,267,,,
MAR,Marrocos,Q28876826,http://www.wikidata.org/entity/Q28874968,0,134,,,
MAR,Marrocos,Q28876827,http://www.wikidata.org/entity/Q28874968,0,83,,,
MAR,Marrocos,Q28876824,http://www.wikidata.org/entity/Q28874968,0,546,,,
MAR,Marrocos,Q28876825,http://www.wikidata.org/entity/Q28874968,0,322,,,
MAR,Marrocos,Q28876830,http://www.wikidata.org/entity/Q28874968,0,420,,,
MAR,Marrocos,Q28876831,http://www.wikidata.org/entity/Q28874968,0,239,,,
MAR,Marrocos,Q28876828,http://www.wikidata.org/entity/Q28874968,0,310,,,
MAR,Marrocos,Q28876829,http://www.wikidata.org/entity/Q28874968,0,1123,,,
MAR,Marrocos,Q28876834,http://www.wikidata.org/entity/Q28874965,0,345,,,
MAR,Marrocos,Q28876835,http://www.wikidata.org/entity/Q28874965,0,403,,,
MAR,Marrocos,Q28876832,http://www.wikidata.org/entity/Q28874968,0,646,,,
MAR,Marrocos,Q28876833,http://www.wikidata.org/entity/Q28874965,0,281,,,
MAR,Marrocos,Q28876838,http://www.wikidata.org/entity/Q28874965,0,699,,,
MAR,Marrocos,Q28876839,http://www.wikidata.org/entity/Q28874965,0,234,,,
MAR,Marrocos,Q28876836,http://www.wikidata.org/entity/Q28874965,0,151,,,
MAR,Marrocos,Q28876837,http://www.wikidata.org/entity/Q28874965,0,580,,,
MAR,Marrocos,Q28876842,http://www.wikidata.org/entity/Q28874965,0,676,,,
MAR,Marrocos,Q28876843,http://www.wikidata.org/entity/Q28874965,0,270,,,
MAR,Marrocos,Q28876840,http://www.wikidata.org/entity/Q28874965,0,282,,,
MAR,Marrocos,Q28876841,http://www.wikidata.org/entity/Q28874965,0,309,,,
MAR,Marrocos,Q28876846,http://www.wikidata.org/entity/Q28874962,0,458,,,
MAR,Marrocos,Q28876847,http://www.wikidata.org/entity/Q28874962,0,383,,,
MAR,Marrocos,Q28876844,http://www.wikidata.org/entity/Q28874965,0,660,,,
MAR,Marrocos,Q28876845,http://www.wikidata.org/entity/Q28874962,0,340,,,
MAR,Marrocos,Q28876850,http://www.wikidata.org/entity/Q28874962,0,167,,,
MAR,Marrocos,Q28876851,http://www.wikidata.org/entity/Q28874962,0,360,,,
MAR,Marrocos,Q28876848,http://www.wikidata.org/entity/Q28874962,0,424,,,
MAR,Marrocos,Q28876849,http://www.wikidata.org/entity/Q28874962,0,450,,,
MAR,Marrocos,Q28876854,http://www.wikidata.org/entity/Q28874962,0,360,,,
MAR,Marrocos,Q28876855,http://www.wikidata.org/entity/Q28874962,0,629,,,
MAR,Marrocos,Q28876852,http://www.wikidata.org/entity/Q28874962,0,206,,,
MAR,Marrocos,Q28876853,http://www.wikidata.org/entity/Q28874962,0,381,,,
MAR,Marrocos,Q28876858,http://www.wikidata.org/entity/Q28874962,0,438,,,
MAR,Marrocos,Q28876859,http://www.wikidata.org/entity/Q28874962,0,289,,,
MAR,Marrocos,Q28876856,http://www.wikidata.org/entity/Q28874962,0,545,,,
MAR,Marrocos,Q28876862,http://www.wikidata.org/entity/Q28874962,0,398,,,
MAR,Marrocos,Q28876863,http://www.wikidata.org/entity/Q28874962,0,266,,,
MAR,Marrocos,Q28876860,http://www.wikidata.org/entity/Q28874962,0,113,,,
MAR,Marrocos,Q28876861,http://www.wikidata.org/entity/Q28874962,0,638,,,
MAR,Marrocos,Q28876866,http://www.wikidata.org/entity/Q28874959,0,794,,,
MAR,Marrocos,Q28876867,http://www.wikidata.org/entity/Q28874959,0,374,,,
MAR,Marrocos,Q28876864,http://www.wikidata.org/entity/Q28874962,0,147,,,
MAR,Marrocos,Q28876865,http://www.wikidata.org/entity/Q28874959,0,356,,,
MAR,Marrocos,Q28876870,http://www.wikidata.org/entity/Q28874959,0,436,,,
MAR,Marrocos,Q28876871,http://www.wikidata.org/entity/Q28874959,0,388,,,
MAR,Marrocos,Q28876868,http://www.wikidata.org/entity/Q28874959,0,136,,,
MAR,Marrocos,Q28876869,http://www.wikidata.org/entity/Q28874959,0,181,,,
MAR,Marrocos,Q28876875,http://www.wikidata.org/entity/Q28874959,0,76,,,
MAR,Marrocos,Q28876872,http://www.wikidata.org/entity/Q28874959,0,86,,,
MAR,Marrocos,Q28876873,http://www.wikidata.org/entity/Q28874959,0,606,,,
MAR,Marrocos,Q28876878,http://www.wikidata.org/entity/Q28874959,0,581,,,
MAR,Marrocos,Q28876879,http://www.wikidata.org/entity/Q28874959,0,499,,,
MAR,Marrocos,Q28876876,http://www.wikidata.org/entity/Q28874959,0,275,,,
MAR,Marrocos,Q28876877,http://www.wikidata.org/entity/Q28874959,0,568,,,
MAR,Marrocos,Q28876882,http://www.wikidata.org/entity/Q28874959,0,748,,,
MAR,Marrocos,Q28876883,http://www.wikidata.org/entity/Q28874959,0,146,,,
MAR,Marrocos,Q28876880,http://www.wikidata.org/entity/Q28874959,0,258,,,
MAR,Marrocos,Q28876881,http://www.wikidata.org/entity/Q28874959,0,246,,,
MAR,Marrocos,Q28876886,http://www.wikidata.org/entity/Q28874959,0,592,,,
MAR,Marrocos,Q28876887,http://www.wikidata.org/entity/Q28874959,0,476,,,
MAR,Marrocos,Q28876884,http://www.wikidata.org/entity/Q28874959,0,275,,,
MAR,Marrocos,Q28876885,http://www.wikidata.org/entity/Q28874959,0,420,,,
MAR,Marrocos,Q28876890,http://www.wikidata.org/entity/Q28874956,0,496,,,
MAR,Marrocos,Q28876891,http://www.wikidata.org/entity/Q28874956,0,298,,,
MAR,Marrocos,Q28876888,http://www.wikidata.org/entity/Q28874959,0,332,,,
MAR,Marrocos,Q28876889,http://www.wikidata.org/entity/Q28874959,0,234,,,
MAR,Marrocos,Q28876895,http://www.wikidata.org/entity/Q28874956,0,81,,,
MAR,Marrocos,Q28876892,http://www.wikidata.org/entity/Q28874956,0,372,,,
MAR,Marrocos,Q28876893,http://www.wikidata.org/entity/Q28874956,0,87,,,
MAR,Marrocos,Q28876898,http://www.wikidata.org/entity/Q28874956,0,676,,,
MAR,Marrocos,Q28876899,http://www.wikidata.org/entity/Q28874956,0,87,,,
MAR,Marrocos,Q28876896,http://www.wikidata.org/entity/Q28874956,0,161,,,
MAR,Marrocos,Q28876897,http://www.wikidata.org/entity/Q28874956,0,124,,,
MAR,Marrocos,Q28876902,http://www.wikidata.org/entity/Q28874956,0,646,,,
MAR,Marrocos,Q28876903,http://www.wikidata.org/entity/Q28874956,0,252,,,
MAR,Marrocos,Q28876900,http://www.wikidata.org/entity/Q28874956,0,269,,,
MAR,Marrocos,Q28876901,http://www.wikidata.org/entity/Q28874956,0,313,,,
MAR,Marrocos,Q28876906,http://www.wikidata.org/entity/Q28874953,0,376,,,
MAR,Marrocos,Q28876907,http://www.wikidata.org/entity/Q28874953,0,230,,,
MAR,Marrocos,Q28876904,http://www.wikidata.org/entity/Q28874953,0,59,,,
MAR,Marrocos,Q28876905,http://www.wikidata.org/entity/Q28874953,0,261,,,
MAR,Marrocos,Q28876910,http://www.wikidata.org/entity/Q28874953,0,291,,,
MAR,Marrocos,Q28876911,http://www.wikidata.org/entity/Q28874953,0,100,,,
MAR,Marrocos,Q28876908,http://www.wikidata.org/entity/Q28874953,0,604,,,
MAR,Marrocos,Q28876909,http://www.wikidata.org/entity/Q28874953,0,148,,,
MAR,Marrocos,Q28876914,http://www.wikidata.org/entity/Q28874953,0,704,,,
MAR,Marrocos,Q28876915,http://www.wikidata.org/entity/Q28874953,0,194,,,
MAR,Marrocos,Q28876912,http://www.wikidata.org/entity/Q28874953,0,131,,,
MAR,Marrocos,Q28876913,http://www.wikidata.org/entity/Q28874953,0,229,,,
MAR,Marrocos,Q28876918,http://www.wikidata.org/entity/Q28874953,0,284,,,
MAR,Marrocos,Q28876919,http://www.wikidata.org/entity/Q28874921,0,448,,,
MAR,Marrocos,Q28876916,http://www.wikidata.org/entity/Q28874953,0,259,,,
MAR,Marrocos,Q28876917,http://www.wikidata.org/entity/Q28874953,0,193,,,
MAR,Marrocos,Q28876922,http://www.wikidata.org/entity/Q28874953,0,1383,,,
MAR,Marrocos,Q28876923,http://www.wikidata.org/entity/Q28874950,0,373,,,
MAR,Marrocos,Q28876920,http://www.wikidata.org/entity/Q28874953,0,786,,,
MAR,Marrocos,Q28876921,http://www.wikidata.org/entity/Q28874921,0,295,,,
MAR,Marrocos,Q28876926,http://www.wikidata.org/entity/Q28874950,0,306,,,
MAR,Marrocos,Q28876927,http://www.wikidata.org/entity/Q28875218,0,563,,,
MAR,Marrocos,Q28876924,http://www.wikidata.org/entity/Q28875221,0,142,,,
MAR,Marrocos,Q28876925,http://www.wikidata.org/entity/Q28874969,0,799,,,
MAR,Marrocos,Q28876930,http://www.wikidata.org/entity/Q28874950,0,193,,,
MAR,Marrocos,Q28876931,http://www.wikidata.org/entity/Q28874957,0,218,,,
MAR,Marrocos,Q28876928,http://www.wikidata.org/entity/Q28875064,0,558,,,
MAR,Marrocos,Q28876929,http://www.wikidata.org/entity/Q28875221,0,59,,,
MAR,Marrocos,Q28876934,http://www.wikidata.org/entity/Q28874969,0,713,,,
MAR,Marrocos,Q28876932,http://www.wikidata.org/entity/Q28874957,0,327,,,
MAR,Marrocos,Q28876938,http://www.wikidata.org/entity/Q28874948,0,1112,,,
MAR,Marrocos,Q28876939,http://www.wikidata.org/entity/Q28875054,0,936,,,
MAR,Marrocos,Q28876936,http://www.wikidata.org/entity/Q28874957,0,452,,,
MAR,Marrocos,Q28876937,http://www.wikidata.org/entity/Q28874988,0,557,,,
MAR,Marrocos,Q28876942,http://www.wikidata.org/entity/Q28874957,0,367,,,
MAR,Marrocos,Q28876943,http://www.wikidata.org/entity/Q28874918,0,367,,,
MAR,Marrocos,Q28876941,http://www.wikidata.org/entity/Q28874918,0,220,,,
MAR,Marrocos,Q28876946,http://www.wikidata.org/entity/Q28874950,0,839,,,
MAR,Marrocos,Q28876947,http://www.wikidata.org/entity/Q28874985,0,677,,,
MAR,Marrocos,Q28876944,http://www.wikidata.org/entity/Q28874935,0,488,,,
MAR,Marrocos,Q28876950,http://www.wikidata.org/entity/Q28874947,0,34,,,
MAR,Marrocos,Q28876951,http://www.wikidata.org/entity/Q28875238,0,922,,,
MAR,Marrocos,Q28876948,http://www.wikidata.org/entity/Q28875221,0,13,,,
MAR,Marrocos,Q28876949,http://www.wikidata.org/entity/Q28874932,0,605,,,
MAR,Marrocos,Q28876954,http://www.wikidata.org/entity/Q28874947,0,175,,,
MAR,Marrocos,Q28876955,http://www.wikidata.org/entity/Q28875273,0,405,,,
MAR,Marrocos,Q28876952,http://www.wikidata.org/entity/Q28875018,0,597,,,
MAR,Marrocos,Q28876953,http://www.wikidata.org/entity/Q28875273,0,597,,,
MAR,Marrocos,Q28876958,http://www.wikidata.org/entity/Q28875048,0,787,,,
MAR,Marrocos,Q28876959,http://www.wikidata.org/entity/Q28874947,0,801,,,
MAR,Marrocos,Q28876956,http://www.wikidata.org/entity/Q28875238,0,633,,,
MAR,Marrocos,Q28876957,http://www.wikidata.org/entity/Q28875276,0,526,,,
MAR,Marrocos,Q28876962,http://www.wikidata.org/entity/Q28874918,0,35,,,
MAR,Marrocos,Q28876963,http://www.wikidata.org/entity/Q28874935,0,898,,,
MAR,Marrocos,Q28876960,http://www.wikidata.org/entity/Q28875033,0,671,,,
MAR,Marrocos,Q28876961,http://www.wikidata.org/entity/Q28875250,0,393,,,
MAR,Marrocos,Q28876966,http://www.wikidata.org/entity/Q28875057,0,315,,,
MAR,Marrocos,Q28876967,http://www.wikidata.org/entity/Q28875051,0,499,,,
MAR,Marrocos,Q28876964,http://www.wikidata.org/entity/Q28874947,0,596,,,
MAR,Marrocos,Q28876965,http://www.wikidata.org/entity/Q28875033,0,832,,,
MAR,Marrocos,Q28876970,http://www.wikidata.org/entity/Q28875009,0,533,,,
MAR,Marrocos,Q28876971,http://www.wikidata.org/entity/Q28875218,0,204,,,
MAR,Marrocos,Q28876968,http://www.wikidata.org/entity/Q28875276,0,668,,,
MAR,Marrocos,Q28876969,http://www.wikidata.org/entity/Q28874947,0,378,,,
MAR,Marrocos,Q28876974,http://www.wikidata.org/entity/Q28874947,0,68,,,
MAR,Marrocos,Q28876975,http://www.wikidata.org/entity/Q28875044,0,1071,,,
MAR,Marrocos,Q28876972,http://www.wikidata.org/entity/Q28875270,0,171,,,
MAR,Marrocos,Q28876973,http://www.wikidata.org/entity/Q28874918,0,381,,,
MAR,Marrocos,Q28876978,http://www.wikidata.org/entity/Q28874957,0,369,,,
MAR,Marrocos,Q28876979,http://www.wikidata.org/entity/Q28874963,0,342,,,
MAR,Marrocos,Q28876976,http://www.wikidata.org/entity/Q28874947,0,246,,,
MAR,Marrocos,Q28876977,http://www.wikidata.org/entity/Q28875273,0,144,,,
MAR,Marrocos,Q28876982,http://www.wikidata.org/entity/Q28874947,0,318,,,
MAR,Marrocos,Q28876983,http://www.wikidata.org/entity/Q28875044,0,629,,,
MAR,Marrocos,Q28876980,http://www.wikidata.org/entity/Q28874947,0,298,,,
MAR,Marrocos,Q28876981,http://www.wikidata.org/entity/Q28875273,0,655,,,
MAR,Marrocos,Q28876986,http://www.wikidata.org/entity/Q28874947,0,397,,,
MAR,Marrocos,Q28876984,http://www.wikidata.org/entity/Q28874992,0,1066,,,
MAR,Marrocos,Q28876985,http://www.wikidata.org/entity/Q28875029,0,1150,,,
MAR,Marrocos,Q28876990,http://www.wikidata.org/entity/Q28875016,0,120,,,
MAR,Marrocos,Q28876988,http://www.wikidata.org/entity/Q28874963,0,379,,,
MAR,Marrocos,Q28876989,http://www.wikidata.org/entity/Q28874957,0,525,,,
MAR,Marrocos,Q28876994,http://www.wikidata.org/entity/Q28874947,0,454,,,
MAR,Marrocos,Q28876995,http://www.wikidata.org/entity/Q28874985,0,388,,,
MAR,Marrocos,Q28876992,http://www.wikidata.org/entity/Q28875270,0,363,,,
MAR,Marrocos,Q28876993,http://www.wikidata.org/entity/Q28875231,0,153,,,
MAR,Marrocos,Q28876999,http://www.wikidata.org/entity/Q28874947,0,178,,,
MAR,Marrocos,Q28876996,http://www.wikidata.org/entity/Q28875241,0,389,,,
MAR,Marrocos,Q28877002,http://www.wikidata.org/entity/Q28875231,0,202,,,
MAR,Marrocos,Q28877003,http://www.wikidata.org/entity/Q28875273,0,643,,,
MAR,Marrocos,Q28877000,http://www.wikidata.org/entity/Q28875082,0,178,,,
MAR,Marrocos,Q28877006,http://www.wikidata.org/entity/Q28874947,0,349,,,
MAR,Marrocos,Q28877007,http://www.wikidata.org/entity/Q28875082,0,32,,,
MAR,Marrocos,Q28877004,http://www.wikidata.org/entity/Q28875054,0,614,,,
MAR,Marrocos,Q28877005,http://www.wikidata.org/entity/Q28875066,0,105,,,
MAR,Marrocos,Q28877010,http://www.wikidata.org/entity/Q28874969,0,679,,,
MAR,Marrocos,Q28877011,http://www.wikidata.org/entity/Q28875231,0,401,,,
MAR,Marrocos,Q28877008,http://www.wikidata.org/entity/Q28875231,0,240,,,
MAR,Marrocos,Q28877009,http://www.wikidata.org/entity/Q28874985,0,354,,,
MAR,Marrocos,Q28877014,http://www.wikidata.org/entity/Q28875082,0,990,,,
MAR,Marrocos,Q28877015,http://www.wikidata.org/entity/Q28875040,0,142,,,
MAR,Marrocos,Q28877012,http://www.wikidata.org/entity/Q28874944,0,213,,,
MAR,Marrocos,Q28877013,http://www.wikidata.org/entity/Q28874944,0,63,,,
MAR,Marrocos,Q28877018,http://www.wikidata.org/entity/Q28874944,0,273,,,
MAR,Marrocos,Q28877019,http://www.wikidata.org/entity/Q28875064,0,334,,,
MAR,Marrocos,Q28877016,http://www.wikidata.org/entity/Q28874976,0,561,,,
MAR,Marrocos,Q28877017,http://www.wikidata.org/entity/Q28875267,0,163,,,
MAR,Marrocos,Q28877022,http://www.wikidata.org/entity/Q28875035,0,333,,,
MAR,Marrocos,Q28877023,http://www.wikidata.org/entity/Q28874992,0,1148,,,
MAR,Marrocos,Q28877020,http://www.wikidata.org/entity/Q28874944,0,652,,,
MAR,Marrocos,Q28877021,http://www.wikidata.org/entity/Q28875082,0,398,,,
MAR,Marrocos,Q28877026,http://www.wikidata.org/entity/Q28875037,0,224,,,
MAR,Marrocos,Q28877027,http://www.wikidata.org/entity/Q28875082,0,692,,,
MAR,Marrocos,Q28877024,http://www.wikidata.org/entity/Q28874944,0,106,,,
MAR,Marrocos,Q28877025,http://www.wikidata.org/entity/Q28875258,0,333,,,
MAR,Marrocos,Q28877030,http://www.wikidata.org/entity/Q28874988,0,221,,,
MAR,Marrocos,Q28877031,http://www.wikidata.org/entity/Q28875241,0,367,,,
MAR,Marrocos,Q28877028,http://www.wikidata.org/entity/Q28875254,0,1331,,,
MAR,Marrocos,Q28877029,http://www.wikidata.org/entity/Q28874944,0,547,,,
MAR,Marrocos,Q28877034,http://www.wikidata.org/entity/Q28875250,0,333,,,
MAR,Marrocos,Q28877035,http://www.wikidata.org/entity/Q28874944,0,522,,,
MAR,Marrocos,Q28877032,http://www.wikidata.org/entity/Q28875027,0,249,,,
MAR,Marrocos,Q28877033,http://www.wikidata.org/entity/Q28875082,0,28,,,
MAR,Marrocos,Q28877038,http://www.wikidata.org/entity/Q28875085,0,2264,,,
MAR,Marrocos,Q28877039,http://www.wikidata.org/entity/Q28874944,0,101,,,
MAR,Marrocos,Q28877036,http://www.wikidata.org/entity/Q28875204,0,543,,,
MAR,Marrocos,Q28877037,http://www.wikidata.org/entity/Q28875064,0,257,,,
MAR,Marrocos,Q28877042,http://www.wikidata.org/entity/Q28875040,0,946,,,
MAR,Marrocos,Q28877043,http://www.wikidata.org/entity/Q28875204,0,402,,,
MAR,Marrocos,Q28877040,http://www.wikidata.org/entity/Q28874944,0,170,,,
MAR,Marrocos,Q28877041,http://www.wikidata.org/entity/Q28875267,0,211,,,
MAR,Marrocos,Q28877046,http://www.wikidata.org/entity/Q28875241,0,569,,,
MAR,Marrocos,Q28877047,http://www.wikidata.org/entity/Q28874963,0,331,,,
MAR,Marrocos,Q28877044,http://www.wikidata.org/entity/Q28874944,0,361,,,
MAR,Marrocos,Q28877045,http://www.wikidata.org/entity/Q28875085,0,1720,,,
MAR,Marrocos,Q28877050,http://www.wikidata.org/entity/Q28874944,0,255,,,
MAR,Marrocos,Q28877051,http://www.wikidata.org/entity/Q28875085,0,699,,,
MAR,Marrocos,Q28877048,http://www.wikidata.org/entity/Q28875035,0,353,,,
MAR,Marrocos,Q28877049,http://www.wikidata.org/entity/Q28875204,0,363,,,
MAR,Marrocos,Q28877054,http://www.wikidata.org/entity/Q28874944,0,258,,,
MAR,Marrocos,Q28877055,http://www.wikidata.org/entity/Q28875267,0,258,,,
MAR,Marrocos,Q28877052,http://www.wikidata.org/entity/Q28874926,0,931,,,
MAR,Marrocos,Q28877053,http://www.wikidata.org/entity/Q28875040,0,1354,,,
MAR,Marrocos,Q28877059,http://www.wikidata.org/entity/Q28875085,0,1793,,,
MAR,Marrocos,Q28877056,http://www.wikidata.org/entity/Q28875071,0,347,,,
MAR,Marrocos,Q28877057,http://www.wikidata.org/entity/Q28874944,0,201,,,
MAR,Marrocos,Q28877062,http://www.wikidata.org/entity/Q28874957,0,482,,,
MAR,Marrocos,Q28877063,http://www.wikidata.org/entity/Q28875236,0,1085,,,
MAR,Marrocos,Q28877060,http://www.wikidata.org/entity/Q28875276,0,608,,,
MAR,Marrocos,Q28877061,http://www.wikidata.org/entity/Q28874976,0,467,,,
MAR,Marrocos,Q28877066,http://www.wikidata.org/entity/Q28875027,0,457,,,
MAR,Marrocos,Q28877067,http://www.wikidata.org/entity/Q28875218,0,197,,,
MAR,Marrocos,Q28877064,http://www.wikidata.org/entity/Q28875085,0,331,,,
MAR,Marrocos,Q28877065,http://www.wikidata.org/entity/Q28874944,0,117,,,
MAR,Marrocos,Q28877070,http://www.wikidata.org/entity/Q28874944,0,266,,,
MAR,Marrocos,Q28877071,http://www.wikidata.org/entity/Q28875088,0,568,,,
MAR,Marrocos,Q28877068,http://www.wikidata.org/entity/Q28875276,0,149,,,
MAR,Marrocos,Q28877069,http://www.wikidata.org/entity/Q28875029,0,454,,,
MAR,Marrocos,Q28877074,http://www.wikidata.org/entity/Q28875270,0,366,,,
MAR,Marrocos,Q28877075,http://www.wikidata.org/entity/Q28874944,0,167,,,
MAR,Marrocos,Q28877072,http://www.wikidata.org/entity/Q28874944,0,517,,,
MAR,Marrocos,Q28877073,http://www.wikidata.org/entity/Q28875225,0,758,,,
MAR,Marrocos,Q28877078,http://www.wikidata.org/entity/Q28875088,0,1134,,,
MAR,Marrocos,Q28877079,http://www.wikidata.org/entity/Q28874944,0,146,,,
MAR,Marrocos,Q28877076,http://www.wikidata.org/entity/Q28874969,0,791,,,
MAR,Marrocos,Q28877077,http://www.wikidata.org/entity/Q28875218,0,535,,,
MAR,Marrocos,Q28877082,http://www.wikidata.org/entity/Q28874944,0,388,,,
MAR,Marrocos,Q28877083,http://www.wikidata.org/entity/Q28874957,0,478,,,
MAR,Marrocos,Q28877080,http://www.wikidata.org/entity/Q28875273,0,334,,,
MAR,Marrocos,Q28877081,http://www.wikidata.org/entity/Q28875270,0,434,,,
MAR,Marrocos,Q28877086,http://www.wikidata.org/entity/Q28874944,0,282,,,
MAR,Marrocos,Q28877087,http://www.wikidata.org/entity/Q28875267,0,244,,,
MAR,Marrocos,Q28877084,http://www.wikidata.org/entity/Q28874951,0,562,,,
MAR,Marrocos,Q28877085,http://www.wikidata.org/entity/Q28875088,0,456,,,
MAR,Marrocos,Q28877090,http://www.wikidata.org/entity/Q28874944,0,105,,,
MAR,Marrocos,Q28877091,http://www.wikidata.org/entity/Q28874951,0,373,,,
MAR,Marrocos,Q28877088,http://www.wikidata.org/entity/Q28875066,0,225,,,
MAR,Marrocos,Q28877089,http://www.wikidata.org/entity/Q28875270,0,293,,,
MAR,Marrocos,Q28877094,http://www.wikidata.org/entity/Q28874944,0,619,,,
MAR,Marrocos,Q28877095,http://www.wikidata.org/entity/Q28874963,0,185,,,
MAR,Marrocos,Q28877092,http://www.wikidata.org/entity/Q28875088,0,936,,,
MAR,Marrocos,Q28877093,http://www.wikidata.org/entity/Q28874979,0,1189,,,
MAR,Marrocos,Q28877098,http://www.wikidata.org/entity/Q28875057,0,408,,,
MAR,Marrocos,Q28877099,http://www.wikidata.org/entity/Q28874963,0,358,,,
MAR,Marrocos,Q28877096,http://www.wikidata.org/entity/Q28874918,0,410,,,
MAR,Marrocos,Q28877097,http://www.wikidata.org/entity/Q28875270,0,63,,,
MAR,Marrocos,Q28877102,http://www.wikidata.org/entity/Q28875029,0,207,,,
MAR,Marrocos,Q28877103,http://www.wikidata.org/entity/Q28874982,0,442,,,
MAR,Marrocos,Q28877100,http://www.wikidata.org/entity/Q28874941,0,21,,,
MAR,Marrocos,Q28877101,http://www.wikidata.org/entity/Q28875276,0,308,,,
MAR,Marrocos,Q28877106,http://www.wikidata.org/entity/Q28874941,0,59,,,
MAR,Marrocos,Q28877107,http://www.wikidata.org/entity/Q28874923,0,1194,,,
MAR,Marrocos,Q28877104,http://www.wikidata.org/entity/Q28875265,0,763,,,
MAR,Marrocos,Q28877105,http://www.wikidata.org/entity/Q28875254,0,1051,,,
MAR,Marrocos,Q28877110,http://www.wikidata.org/entity/Q28875018,0,639,,,
MAR,Marrocos,Q28877111,http://www.wikidata.org/entity/Q28875029,0,420,,,
MAR,Marrocos,Q28877108,http://www.wikidata.org/entity/Q28874982,0,429,,,
MAR,Marrocos,Q28877109,http://www.wikidata.org/entity/Q28875064,0,691,,,
MAR,Marrocos,Q28877114,http://www.wikidata.org/entity/Q28875218,0,899,,,
MAR,Marrocos,Q28877115,http://www.wikidata.org/entity/Q28874921,0,426,,,
MAR,Marrocos,Q28877112,http://www.wikidata.org/entity/Q28874941,0,500,,,
MAR,Marrocos,Q28877113,http://www.wikidata.org/entity/Q28874982,0,919,,,
MAR,Marrocos,Q28877118,http://www.wikidata.org/entity/Q28875031,0,1283,,,
MAR,Marrocos,Q28877217,http://www.wikidata.org/entity/Q28874933,0,123,,,
MAR,Marrocos,Q28877223,http://www.wikidata.org/entity/Q28874933,0,294,,,
MAR,Marrocos,Q28877220,http://www.wikidata.org/entity/Q28874933,0,85,,,
MAR,Marrocos,Q28877221,http://www.wikidata.org/entity/Q28874951,0,421,,,
MAR,Marrocos,Q28877226,http://www.wikidata.org/entity/Q28874933,0,313,,,
MAR,Marrocos,Q28877227,http://www.wikidata.org/entity/Q28874976,0,834,,,
MAR,Marrocos,Q28877224,http://www.wikidata.org/entity/Q28875040,0,1898,,,
MAR,Marrocos,Q28877225,http://www.wikidata.org/entity/Q28874929,0,593,,,
MAR,Marrocos,Q28877230,http://www.wikidata.org/entity/Q28875044,0,804,,,
MAR,Marrocos,Q28877231,http://www.wikidata.org/entity/Q28875035,0,501,,,
MAR,Marrocos,Q28877228,http://www.wikidata.org/entity/Q28874985,0,650,,,
MAR,Marrocos,Q28877229,http://www.wikidata.org/entity/Q28874933,0,174,,,
MAR,Marrocos,Q28877234,http://www.wikidata.org/entity/Q28875003,0,708,,,
MAR,Marrocos,Q28877235,http://www.wikidata.org/entity/Q28875033,0,1162,,,
MAR,Marrocos,Q28877233,http://www.wikidata.org/entity/Q28874933,0,144,,,
MAR,Marrocos,Q28877238,http://www.wikidata.org/entity/Q28875035,0,1282,,,
MAR,Marrocos,Q28877239,http://www.wikidata.org/entity/Q28875218,0,300,,,
MAR,Marrocos,Q28877236,http://www.wikidata.org/entity/Q28874992,0,254,,,
MAR,Marrocos,Q28877237,http://www.wikidata.org/entity/Q28874933,0,87,,,
MAR,Marrocos,Q28877242,http://www.wikidata.org/entity/Q28874933,0,371,,,
MAR,Marrocos,Q28877243,http://www.wikidata.org/entity/Q28874951,0,659,,,
MAR,Marrocos,Q28877240,http://www.wikidata.org/entity/Q28875012,0,832,,,
MAR,Marrocos,Q28877241,http://www.wikidata.org/entity/Q28874969,0,627,,,
MAR,Marrocos,Q28877246,http://www.wikidata.org/entity/Q28875267,0,143,,,
MAR,Marrocos,Q28877247,http://www.wikidata.org/entity/Q28875200,0,949,,,
MAR,Marrocos,Q28877244,http://www.wikidata.org/entity/Q28874933,0,288,,,
MAR,Marrocos,Q28877245,http://www.wikidata.org/entity/Q28874933,0,275,,,
MAR,Marrocos,Q28877250,http://www.wikidata.org/entity/Q28874933,0,102,,,
MAR,Marrocos,Q28877251,http://www.wikidata.org/entity/Q28875054,0,724,,,
MAR,Marrocos,Q28877248,http://www.wikidata.org/entity/Q28875273,0,762,,,
MAR,Marrocos,Q28877249,http://www.wikidata.org/entity/Q28875009,0,675,,,
MAR,Marrocos,Q28877255,http://www.wikidata.org/entity/Q28874933,0,519,,,
MAR,Marrocos,Q28877252,http://www.wikidata.org/entity/Q28874929,0,765,,,
MAR,Marrocos,Q28877253,http://www.wikidata.org/entity/Q28874979,0,1042,,,
MAR,Marrocos,Q28877258,http://www.wikidata.org/entity/Q28875025,0,316,,,
MAR,Marrocos,Q28877259,http://www.wikidata.org/entity/Q28875006,0,331,,,
MAR,Marrocos,Q28877256,http://www.wikidata.org/entity/Q28875276,0,566,,,
MAR,Marrocos,Q28877257,http://www.wikidata.org/entity/Q28874933,0,312,,,
MAR,Marrocos,Q28877262,http://www.wikidata.org/entity/Q28874930,0,372,,,
MAR,Marrocos,Q28877263,http://www.wikidata.org/entity/Q28875016,0,493,,,
MAR,Marrocos,Q28877260,http://www.wikidata.org/entity/Q28874992,0,436,,,
MAR,Marrocos,Q28877261,http://www.wikidata.org/entity/Q28875064,0,651,,,
MAR,Marrocos,Q28877266,http://www.wikidata.org/entity/Q28874992,0,533,,,
MAR,Marrocos,Q28877267,http://www.wikidata.org/entity/Q28875054,0,563,,,
MAR,Marrocos,Q28877264,http://www.wikidata.org/entity/Q28874930,0,407,,,
MAR,Marrocos,Q28877265,http://www.wikidata.org/entity/Q28875003,0,526,,,
MAR,Marrocos,Q28877270,http://www.wikidata.org/entity/Q28874930,0,268,,,
MAR,Marrocos,Q28877271,http://www.wikidata.org/entity/Q28874996,0,1180,,,
MAR,Marrocos,Q28877268,http://www.wikidata.org/entity/Q28875213,0,19,,,
MAR,Marrocos,Q28877269,http://www.wikidata.org/entity/Q28874930,0,644,,,
MAR,Marrocos,Q28877274,http://www.wikidata.org/entity/Q28875003,0,980,,,
MAR,Marrocos,Q28877275,http://www.wikidata.org/entity/Q28874930,0,125,,,
MAR,Marrocos,Q28877272,http://www.wikidata.org/entity/Q28875064,0,690,,,
MAR,Marrocos,Q28877273,http://www.wikidata.org/entity/Q28875064,0,541,,,
MAR,Marrocos,Q28877278,http://www.wikidata.org/entity/Q28875044,0,522,,,
MAR,Marrocos,Q28877279,http://www.wikidata.org/entity/Q28875060,0,700,,,
MAR,Marrocos,Q28877277,http://www.wikidata.org/entity/Q28874930,0,284,,,
MAR,Marrocos,Q28877282,http://www.wikidata.org/entity/Q28874988,0,488,,,
MAR,Marrocos,Q28877283,http://www.wikidata.org/entity/Q28874930,0,154,,,
MAR,Marrocos,Q28877280,http://www.wikidata.org/entity/Q28874969,0,217,,,
MAR,Marrocos,Q28877281,http://www.wikidata.org/entity/Q28874930,0,322,,,
MAR,Marrocos,Q28877286,http://www.wikidata.org/entity/Q28874954,0,577,,,
MAR,Marrocos,Q28877287,http://www.wikidata.org/entity/Q28874943,0,486,,,
MAR,Marrocos,Q28877284,http://www.wikidata.org/entity/Q28875044,0,849,,,
MAR,Marrocos,Q28877285,http://www.wikidata.org/entity/Q28874948,0,1029,,,
MAR,Marrocos,Q28877290,http://www.wikidata.org/entity/Q28874996,0,221,,,
MAR,Marrocos,Q28877291,http://www.wikidata.org/entity/Q28874960,0,407,,,
MAR,Marrocos,Q28877288,http://www.wikidata.org/entity/Q28874930,0,181,,,
MAR,Marrocos,Q28877289,http://www.wikidata.org/entity/Q28874954,0,1061,,,
MAR,Marrocos,Q28877294,http://www.wikidata.org/entity/Q28874927,0,119,,,
MAR,Marrocos,Q28877295,http://www.wikidata.org/entity/Q28875057,0,468,,,
MAR,Marrocos,Q28877292,http://www.wikidata.org/entity/Q28874927,0,18,,,
MAR,Marrocos,Q28877293,http://www.wikidata.org/entity/Q28874988,0,399,,,
MAR,Marrocos,Q28877299,http://www.wikidata.org/entity/Q28874927,0,81,,,
MAR,Marrocos,Q28877296,http://www.wikidata.org/entity/Q28874992,0,528,,,
MAR,Marrocos,Q28877297,http://www.wikidata.org/entity/Q28874957,0,382,,,
MAR,Marrocos,Q28877302,http://www.wikidata.org/entity/Q28874957,0,274,,,
MAR,Marrocos,Q28877303,http://www.wikidata.org/entity/Q28874923,0,300,,,
MAR,Marrocos,Q28877300,http://www.wikidata.org/entity/Q28875232,0,499,,,
MAR,Marrocos,Q28877301,http://www.wikidata.org/entity/Q28874927,0,76,,,
MAR,Marrocos,Q28877306,http://www.wikidata.org/entity/Q28875218,0,224,,,
MAR,Marrocos,Q28877307,http://www.wikidata.org/entity/Q28875051,0,342,,,
MAR,Marrocos,Q28877304,http://www.wikidata.org/entity/Q28874927,0,168,,,
MAR,Marrocos,Q28877305,http://www.wikidata.org/entity/Q28875033,0,992,,,
MAR,Marrocos,Q28877310,http://www.wikidata.org/entity/Q28874927,0,221,,,
MAR,Marrocos,Q28877311,http://www.wikidata.org/entity/Q28874927,0,145,,,
MAR,Marrocos,Q28877308,http://www.wikidata.org/entity/Q28874927,0,143,,,
MAR,Marrocos,Q28877309,http://www.wikidata.org/entity/Q28875000,0,1241,,,
MAR,Marrocos,Q28877314,http://www.wikidata.org/entity/Q28875066,0,326,,,
MAR,Marrocos,Q28877312,http://www.wikidata.org/entity/Q28875057,0,635,,,
MAR,Marrocos,Q28877313,http://www.wikidata.org/entity/Q28875209,0,284,,,
MAR,Marrocos,Q28877318,http://www.wikidata.org/entity/Q28875204,0,616,,,
MAR,Marrocos,Q28877319,http://www.wikidata.org/entity/Q28874927,0,287,,,
MAR,Marrocos,Q28877316,http://www.wikidata.org/entity/Q28875023,0,204,,,
MAR,Marrocos,Q28877317,http://www.wikidata.org/entity/Q28874927,0,236,,,
MAR,Marrocos,Q28877322,http://www.wikidata.org/entity/Q28875218,0,309,,,
MAR,Marrocos,Q28877323,http://www.wikidata.org/entity/Q28874927,0,118,,,
MAR,Marrocos,Q28877320,http://www.wikidata.org/entity/Q28875267,0,185,,,
MAR,Marrocos,Q28877321,http://www.wikidata.org/entity/Q28874982,0,1007,,,
MAR,Marrocos,Q28877326,http://www.wikidata.org/entity/Q28874926,0,1614,,,
MAR,Marrocos,Q28877119,http://www.wikidata.org/entity/Q28875218,0,149,,,
MAR,Marrocos,Q28877116,http://www.wikidata.org/entity/Q28874940,0,381,,,
MAR,Marrocos,Q28877117,http://www.wikidata.org/entity/Q28874941,0,323,,,
MAR,Marrocos,Q28877122,http://www.wikidata.org/entity/Q28874941,0,519,,,
MAR,Marrocos,Q28877123,http://www.wikidata.org/entity/Q28875228,0,368,,,
MAR,Marrocos,Q28877120,http://www.wikidata.org/entity/Q28874951,0,848,,,
MAR,Marrocos,Q28877121,http://www.wikidata.org/entity/Q28874940,0,751,,,
MAR,Marrocos,Q28877126,http://www.wikidata.org/entity/Q28875057,0,227,,,
MAR,Marrocos,Q28877127,http://www.wikidata.org/entity/Q28874929,0,227,,,
MAR,Marrocos,Q28877124,http://www.wikidata.org/entity/Q28875029,0,473,,,
MAR,Marrocos,Q28877125,http://www.wikidata.org/entity/Q28875037,0,343,,,
MAR,Marrocos,Q28877130,http://www.wikidata.org/entity/Q28875273,0,159,,,
MAR,Marrocos,Q28877131,http://www.wikidata.org/entity/Q28874988,0,1131,,,
MAR,Marrocos,Q28877128,http://www.wikidata.org/entity/Q28875057,0,44,,,
MAR,Marrocos,Q28877129,http://www.wikidata.org/entity/Q28874941,0,257,,,
MAR,Marrocos,Q28877134,http://www.wikidata.org/entity/Q28874940,0,338,,,
MAR,Marrocos,Q28877135,http://www.wikidata.org/entity/Q28874973,0,439,,,
MAR,Marrocos,Q28877132,http://www.wikidata.org/entity/Q28875261,0,458,,,
MAR,Marrocos,Q28877133,http://www.wikidata.org/entity/Q28874941,0,230,,,
MAR,Marrocos,Q28877138,http://www.wikidata.org/entity/Q28874951,0,544,,,
MAR,Marrocos,Q28877139,http://www.wikidata.org/entity/Q28874941,0,252,,,
MAR,Marrocos,Q28877136,http://www.wikidata.org/entity/Q28875037,0,391,,,
MAR,Marrocos,Q28877137,http://www.wikidata.org/entity/Q28874941,0,151,,,
MAR,Marrocos,Q28877142,http://www.wikidata.org/entity/Q28875258,0,957,,,
MAR,Marrocos,Q28877143,http://www.wikidata.org/entity/Q28874941,0,295,,,
MAR,Marrocos,Q28877140,http://www.wikidata.org/entity/Q28875035,0,333,,,
MAR,Marrocos,Q28877141,http://www.wikidata.org/entity/Q28875012,0,1073,,,
MAR,Marrocos,Q28877146,http://www.wikidata.org/entity/Q28874941,0,146,,,
MAR,Marrocos,Q28877147,http://www.wikidata.org/entity/Q28874963,0,366,,,
MAR,Marrocos,Q28877144,http://www.wikidata.org/entity/Q28875037,0,247,,,
MAR,Marrocos,Q28877145,http://www.wikidata.org/entity/Q28875267,0,351,,,
MAR,Marrocos,Q28877150,http://www.wikidata.org/entity/Q28875276,0,399,,,
MAR,Marrocos,Q28877151,http://www.wikidata.org/entity/Q28875213,0,111,,,
MAR,Marrocos,Q28877148,http://www.wikidata.org/entity/Q28875197,0,522,,,
MAR,Marrocos,Q28877149,http://www.wikidata.org/entity/Q28874951,0,641,,,
MAR,Marrocos,Q28877154,http://www.wikidata.org/entity/Q28874918,0,765,,,
MAR,Marrocos,Q28877155,http://www.wikidata.org/entity/Q28875029,0,739,,,
MAR,Marrocos,Q28877152,http://www.wikidata.org/entity/Q28875064,0,460,,,
MAR,Marrocos,Q28877158,http://www.wikidata.org/entity/Q28874926,0,1851,,,
MAR,Marrocos,Q28877159,http://www.wikidata.org/entity/Q28874941,0,231,,,
MAR,Marrocos,Q28877156,http://www.wikidata.org/entity/Q28875228,0,497,,,
MAR,Marrocos,Q28877157,http://www.wikidata.org/entity/Q28874969,0,901,,,
MAR,Marrocos,Q28877162,http://www.wikidata.org/entity/Q28875018,0,615,,,
MAR,Marrocos,Q28877163,http://www.wikidata.org/entity/Q28874941,0,468,,,
MAR,Marrocos,Q28877160,http://www.wikidata.org/entity/Q28874918,0,211,,,
MAR,Marrocos,Q28877161,http://www.wikidata.org/entity/Q28875231,0,761,,,
MAR,Marrocos,Q28877166,http://www.wikidata.org/entity/Q28875231,0,525,,,
MAR,Marrocos,Q28877167,http://www.wikidata.org/entity/Q28874941,0,306,,,
MAR,Marrocos,Q28877164,http://www.wikidata.org/entity/Q28874963,0,205,,,
MAR,Marrocos,Q28877165,http://www.wikidata.org/entity/Q28875221,0,388,,,
MAR,Marrocos,Q28877170,http://www.wikidata.org/entity/Q28875033,0,964,,,
MAR,Marrocos,Q28877171,http://www.wikidata.org/entity/Q28874941,0,349,,,
MAR,Marrocos,Q28877168,http://www.wikidata.org/entity/Q28874969,0,524,,,
MAR,Marrocos,Q28877169,http://www.wikidata.org/entity/Q28874969,0,558,,,
MAR,Marrocos,Q28877174,http://www.wikidata.org/entity/Q28874926,0,645,,,
MAR,Marrocos,Q28877175,http://www.wikidata.org/entity/Q28874941,0,525,,,
MAR,Marrocos,Q28877172,http://www.wikidata.org/entity/Q28874960,0,331,,,
MAR,Marrocos,Q28877173,http://www.wikidata.org/entity/Q28874957,0,886,,,
MAR,Marrocos,Q28877178,http://www.wikidata.org/entity/Q28874937,0,23,,,
MAR,Marrocos,Q28877179,http://www.wikidata.org/entity/Q28875218,0,113,,,
MAR,Marrocos,Q28877176,http://www.wikidata.org/entity/Q28874921,0,358,,,
MAR,Marrocos,Q28877177,http://www.wikidata.org/entity/Q28874918,0,713,,,
MAR,Marrocos,Q28877182,http://www.wikidata.org/entity/Q28874957,0,504,,,
MAR,Marrocos,Q28877183,http://www.wikidata.org/entity/Q28874937,0,116,,,
MAR,Marrocos,Q28877180,http://www.wikidata.org/entity/Q28875057,0,775,,,
MAR,Marrocos,Q28877181,http://www.wikidata.org/entity/Q28875276,0,376,,,
MAR,Marrocos,Q28877186,http://www.wikidata.org/entity/Q28874937,0,180,,,
MAR,Marrocos,Q28877187,http://www.wikidata.org/entity/Q28875035,0,292,,,
MAR,Marrocos,Q28877184,http://www.wikidata.org/entity/Q28875012,0,635,,,
MAR,Marrocos,Q28877185,http://www.wikidata.org/entity/Q28875012,0,444,,,
MAR,Marrocos,Q28877190,http://www.wikidata.org/entity/Q28874982,0,529,,,
MAR,Marrocos,Q28877191,http://www.wikidata.org/entity/Q28874937,0,226,,,
MAR,Marrocos,Q28877188,http://www.wikidata.org/entity/Q28874992,0,489,,,
MAR,Marrocos,Q28877189,http://www.wikidata.org/entity/Q28874960,0,354,,,
MAR,Marrocos,Q28877194,http://www.wikidata.org/entity/Q28875035,0,254,,,
MAR,Marrocos,Q28877195,http://www.wikidata.org/entity/Q28874996,0,134,,,
MAR,Marrocos,Q28877192,http://www.wikidata.org/entity/Q28874937,0,167,,,
MAR,Marrocos,Q28877193,http://www.wikidata.org/entity/Q28874937,0,337,,,
MAR,Marrocos,Q28877198,http://www.wikidata.org/entity/Q28874960,0,506,,,
MAR,Marrocos,Q28877199,http://www.wikidata.org/entity/Q28874937,0,131,,,
MAR,Marrocos,Q28877196,http://www.wikidata.org/entity/Q28874937,0,98,,,
MAR,Marrocos,Q28877197,http://www.wikidata.org/entity/Q28874990,0,510,,,
MAR,Marrocos,Q28877202,http://www.wikidata.org/entity/Q28875218,0,280,,,
MAR,Marrocos,Q28877203,http://www.wikidata.org/entity/Q28875044,0,471,,,
MAR,Marrocos,Q28877201,http://www.wikidata.org/entity/Q28875031,0,1348,,,
MAR,Marrocos,Q28877206,http://www.wikidata.org/entity/Q28874985,0,382,,,
MAR,Marrocos,Q28877207,http://www.wikidata.org/entity/Q28874937,0,407,,,
MAR,Marrocos,Q28877204,http://www.wikidata.org/entity/Q28874937,0,246,,,
MAR,Marrocos,Q28877205,http://www.wikidata.org/entity/Q28875012,0,553,,,
MAR,Marrocos,Q28877210,http://www.wikidata.org/entity/Q28874937,0,58,,,
MAR,Marrocos,Q28877211,http://www.wikidata.org/entity/Q28874951,0,196,,,
MAR,Marrocos,Q28877208,http://www.wikidata.org/entity/Q28875033,0,347,,,
MAR,Marrocos,Q28877209,http://www.wikidata.org/entity/Q28874926,0,1116,,,
MAR,Marrocos,Q28877214,http://www.wikidata.org/entity/Q28875048,0,616,,,
MAR,Marrocos,Q28877215,http://www.wikidata.org/entity/Q28874951,0,648,,,
MAR,Marrocos,Q28877212,http://www.wikidata.org/entity/Q28875040,0,485,,,
MAR,Marrocos,Q28877213,http://www.wikidata.org/entity/Q28874937,0,657,,,
MAR,Marrocos,Q28877218,http://www.wikidata.org/entity/Q28874969,0,691,,,
MAR,Marrocos,Q28877219,http://www.wikidata.org/entity/Q28875213,0,67,,,
MAR,Marrocos,Q28877216,http://www.wikidata.org/entity/Q28875276,0,537,,,
MAR,Marrocos,Q28878071,http://www.wikidata.org/entity/Q28875087,0,205,,,
MAR,Marrocos,Q28878068,http://www.wikidata.org/entity/Q28875086,0,210,,,
MAR,Marrocos,Q28878069,http://www.wikidata.org/entity/Q28875087,0,100,,,
MAR,Marrocos,Q28878075,http://www.wikidata.org/entity/Q28875086,0,116,,,
MAR,Marrocos,Q28878072,http://www.wikidata.org/entity/Q28875086,0,105,,,
MAR,Marrocos,Q28878073,http://www.wikidata.org/entity/Q28875087,0,191,,,
MAR,Marrocos,Q28878078,http://www.wikidata.org/entity/Q28875087,0,67,,,
MAR,Marrocos,Q28878076,http://www.wikidata.org/entity/Q28875087,0,336,,,
MAR,Marrocos,Q28878077,http://www.wikidata.org/entity/Q28875086,0,137,,,
MAR,Marrocos,Q28878082,http://www.wikidata.org/entity/Q28875087,0,156,,,
MAR,Marrocos,Q28878083,http://www.wikidata.org/entity/Q28875086,0,106,,,
MAR,Marrocos,Q28878081,http://www.wikidata.org/entity/Q28875086,0,181,,,
MAR,Marrocos,Q28878086,http://www.wikidata.org/entity/Q28875087,0,309,,,
MAR,Marrocos,Q28878087,http://www.wikidata.org/entity/Q28875086,0,160,,,
MAR,Marrocos,Q28878084,http://www.wikidata.org/entity/Q28875087,0,225,,,
MAR,Marrocos,Q28878085,http://www.wikidata.org/entity/Q28875086,0,67,,,
MAR,Marrocos,Q28878090,http://www.wikidata.org/entity/Q28875090,0,925,,,
MAR,Marrocos,Q28878091,http://www.wikidata.org/entity/Q28875086,0,369,,,
MAR,Marrocos,Q28878088,http://www.wikidata.org/entity/Q28875090,0,367,,,
MAR,Marrocos,Q28878089,http://www.wikidata.org/entity/Q28875086,0,105,,,
MAR,Marrocos,Q28878094,http://www.wikidata.org/entity/Q28875090,0,318,,,
MAR,Marrocos,Q28878095,http://www.wikidata.org/entity/Q28875086,0,114,,,
MAR,Marrocos,Q28878092,http://www.wikidata.org/entity/Q28875090,0,525,,,
MAR,Marrocos,Q28878098,http://www.wikidata.org/entity/Q28875086,0,580,,,
MAR,Marrocos,Q28878099,http://www.wikidata.org/entity/Q28875090,0,498,,,
MAR,Marrocos,Q28878096,http://www.wikidata.org/entity/Q28875086,0,120,,,
MAR,Marrocos,Q28878097,http://www.wikidata.org/entity/Q28875090,0,429,,,
MAR,Marrocos,Q28878102,http://www.wikidata.org/entity/Q28875090,0,120,,,
MAR,Marrocos,Q28878100,http://www.wikidata.org/entity/Q28875089,0,101,,,
MAR,Marrocos,Q28878101,http://www.wikidata.org/entity/Q28875090,0,606,,,
MAR,Marrocos,Q28878106,http://www.wikidata.org/entity/Q28875090,0,297,,,
MAR,Marrocos,Q28878107,http://www.wikidata.org/entity/Q28875089,0,244,,,
MAR,Marrocos,Q28878104,http://www.wikidata.org/entity/Q28875090,0,98,,,
MAR,Marrocos,Q28878105,http://www.wikidata.org/entity/Q28875089,0,416,,,
MAR,Marrocos,Q28878110,http://www.wikidata.org/entity/Q28875090,0,131,,,
MAR,Marrocos,Q28878108,http://www.wikidata.org/entity/Q28875090,0,194,,,
MAR,Marrocos,Q28878114,http://www.wikidata.org/entity/Q28875093,0,240,,,
MAR,Marrocos,Q28878112,http://www.wikidata.org/entity/Q28875090,0,209,,,
MAR,Marrocos,Q28878113,http://www.wikidata.org/entity/Q28875089,0,304,,,
MAR,Marrocos,Q28878118,http://www.wikidata.org/entity/Q28875089,0,46,,,
MAR,Marrocos,Q28878119,http://www.wikidata.org/entity/Q28875089,0,68,,,
MAR,Marrocos,Q28878116,http://www.wikidata.org/entity/Q28875089,0,129,,,
MAR,Marrocos,Q28878117,http://www.wikidata.org/entity/Q28875089,0,160,,,
MAR,Marrocos,Q28878122,http://www.wikidata.org/entity/Q28875089,0,1129,,,
MAR,Marrocos,Q28878123,http://www.wikidata.org/entity/Q28875092,0,100,,,
MAR,Marrocos,Q28878120,http://www.wikidata.org/entity/Q28875089,0,133,,,
MAR,Marrocos,Q28878121,http://www.wikidata.org/entity/Q28875089,0,172,,,
MAR,Marrocos,Q28877327,http://www.wikidata.org/entity/Q28874927,0,150,,,
MAR,Marrocos,Q28877324,http://www.wikidata.org/entity/Q28874927,0,68,,,
MAR,Marrocos,Q28877325,http://www.wikidata.org/entity/Q28875029,0,490,,,
MAR,Marrocos,Q28877330,http://www.wikidata.org/entity/Q28875009,0,526,,,
MAR,Marrocos,Q28877331,http://www.wikidata.org/entity/Q28874927,0,240,,,
MAR,Marrocos,Q28877328,http://www.wikidata.org/entity/Q28875250,0,403,,,
MAR,Marrocos,Q28877329,http://www.wikidata.org/entity/Q28874927,0,204,,,
MAR,Marrocos,Q28877334,http://www.wikidata.org/entity/Q28874927,0,111,,,
MAR,Marrocos,Q28877335,http://www.wikidata.org/entity/Q28875197,0,518,,,
MAR,Marrocos,Q28877332,http://www.wikidata.org/entity/Q28875221,0,204,,,
MAR,Marrocos,Q28877333,http://www.wikidata.org/entity/Q28874923,0,928,,,
MAR,Marrocos,Q28877339,http://www.wikidata.org/entity/Q28875236,0,855,,,
MAR,Marrocos,Q28877336,http://www.wikidata.org/entity/Q28874927,0,68,,,
MAR,Marrocos,Q28877337,http://www.wikidata.org/entity/Q28874927,0,238,,,
MAR,Marrocos,Q28877342,http://www.wikidata.org/entity/Q28875044,0,810,,,
MAR,Marrocos,Q28877343,http://www.wikidata.org/entity/Q28874927,0,163,,,
MAR,Marrocos,Q28877340,http://www.wikidata.org/entity/Q28874927,0,97,,,
MAR,Marrocos,Q28877341,http://www.wikidata.org/entity/Q28874929,0,112,,,
MAR,Marrocos,Q28877346,http://www.wikidata.org/entity/Q28875044,0,780,,,
MAR,Marrocos,Q28877347,http://www.wikidata.org/entity/Q28874924,0,94,,,
MAR,Marrocos,Q28877344,http://www.wikidata.org/entity/Q28874924,0,182,,,
MAR,Marrocos,Q28877345,http://www.wikidata.org/entity/Q28874951,0,672,,,
MAR,Marrocos,Q28877350,http://www.wikidata.org/entity/Q28875040,0,1263,,,
MAR,Marrocos,Q28877351,http://www.wikidata.org/entity/Q28874924,0,204,,,
MAR,Marrocos,Q28877348,http://www.wikidata.org/entity/Q28874985,0,248,,,
MAR,Marrocos,Q28877349,http://www.wikidata.org/entity/Q28874924,0,234,,,
MAR,Marrocos,Q28877354,http://www.wikidata.org/entity/Q28874924,0,139,,,
MAR,Marrocos,Q28877355,http://www.wikidata.org/entity/Q28875009,0,466,,,
MAR,Marrocos,Q28877352,http://www.wikidata.org/entity/Q28875003,0,479,,,
MAR,Marrocos,Q28877353,http://www.wikidata.org/entity/Q28875238,0,920,,,
MAR,Marrocos,Q28877358,http://www.wikidata.org/entity/Q28874924,0,221,,,
MAR,Marrocos,Q28877359,http://www.wikidata.org/entity/Q28875270,0,676,,,
MAR,Marrocos,Q28877356,http://www.wikidata.org/entity/Q28874924,0,330,,,
MAR,Marrocos,Q28877357,http://www.wikidata.org/entity/Q28875016,0,117,,,
MAR,Marrocos,Q28877362,http://www.wikidata.org/entity/Q28875197,0,185,,,
MAR,Marrocos,Q28877363,http://www.wikidata.org/entity/Q28874992,0,362,,,
MAR,Marrocos,Q28877360,http://www.wikidata.org/entity/Q28874935,0,248,,,
MAR,Marrocos,Q28877361,http://www.wikidata.org/entity/Q28874924,0,119,,,
MAR,Marrocos,Q28877366,http://www.wikidata.org/entity/Q28874954,0,1152,,,
MAR,Marrocos,Q28877367,http://www.wikidata.org/entity/Q28875273,0,446,,,
MAR,Marrocos,Q28877364,http://www.wikidata.org/entity/Q28874924,0,240,,,
MAR,Marrocos,Q28877365,http://www.wikidata.org/entity/Q28874960,0,203,,,
MAR,Marrocos,Q28877370,http://www.wikidata.org/entity/Q28875273,0,424,,,
MAR,Marrocos,Q28877371,http://www.wikidata.org/entity/Q28874924,0,805,,,
MAR,Marrocos,Q28877368,http://www.wikidata.org/entity/Q28874924,0,151,,,
MAR,Marrocos,Q28877369,http://www.wikidata.org/entity/Q28875006,0,542,,,
MAR,Marrocos,Q28877372,http://www.wikidata.org/entity/Q28874985,0,489,,,
MAR,Marrocos,Q28878014,http://www.wikidata.org/entity/Q28875074,0,256,,,
MAR,Marrocos,Q28878015,http://www.wikidata.org/entity/Q28875078,0,86,,,
MAR,Marrocos,Q28878012,http://www.wikidata.org/entity/Q28875074,0,249,,,
MAR,Marrocos,Q28878013,http://www.wikidata.org/entity/Q28875078,0,375,,,
MAR,Marrocos,Q28878018,http://www.wikidata.org/entity/Q28875074,0,369,,,
MAR,Marrocos,Q28878019,http://www.wikidata.org/entity/Q28875081,0,346,,,
MAR,Marrocos,Q28878016,http://www.wikidata.org/entity/Q28875074,0,381,,,
MAR,Marrocos,Q28878017,http://www.wikidata.org/entity/Q28875081,0,126,,,
MAR,Marrocos,Q28878022,http://www.wikidata.org/entity/Q28875074,0,181,,,
MAR,Marrocos,Q28878023,http://www.wikidata.org/entity/Q28875081,0,650,,,
MAR,Marrocos,Q28878020,http://www.wikidata.org/entity/Q28875074,0,111,,,
MAR,Marrocos,Q28878021,http://www.wikidata.org/entity/Q28875081,0,216,,,
MAR,Marrocos,Q28878026,http://www.wikidata.org/entity/Q28875074,0,197,,,
MAR,Marrocos,Q28878027,http://www.wikidata.org/entity/Q28875081,0,428,,,
MAR,Marrocos,Q28878024,http://www.wikidata.org/entity/Q28875074,0,342,,,
MAR,Marrocos,Q28878025,http://www.wikidata.org/entity/Q28875081,0,421,,,
MAR,Marrocos,Q28878030,http://www.wikidata.org/entity/Q28875077,0,282,,,
MAR,Marrocos,Q28878031,http://www.wikidata.org/entity/Q28875081,0,188,,,
MAR,Marrocos,Q28878028,http://www.wikidata.org/entity/Q28875074,0,525,,,
MAR,Marrocos,Q28878029,http://www.wikidata.org/entity/Q28875081,0,403,,,
MAR,Marrocos,Q28878034,http://www.wikidata.org/entity/Q28875081,0,90,,,
MAR,Marrocos,Q28878035,http://www.wikidata.org/entity/Q28875077,0,149,,,
MAR,Marrocos,Q28878032,http://www.wikidata.org/entity/Q28875077,0,454,,,
MAR,Marrocos,Q28878038,http://www.wikidata.org/entity/Q28875081,0,564,,,
MAR,Marrocos,Q28878039,http://www.wikidata.org/entity/Q28875077,0,98,,,
MAR,Marrocos,Q28878036,http://www.wikidata.org/entity/Q28875081,0,448,,,
MAR,Marrocos,Q28878037,http://www.wikidata.org/entity/Q28875077,0,424,,,
MAR,Marrocos,Q28878042,http://www.wikidata.org/entity/Q28875077,0,273,,,
MAR,Marrocos,Q28878043,http://www.wikidata.org/entity/Q28875081,0,531,,,
MAR,Marrocos,Q28878040,http://www.wikidata.org/entity/Q28875081,0,103,,,
MAR,Marrocos,Q28878046,http://www.wikidata.org/entity/Q28875080,0,625,,,
MAR,Marrocos,Q28878047,http://www.wikidata.org/entity/Q28875081,0,356,,,
MAR,Marrocos,Q28878044,http://www.wikidata.org/entity/Q28875077,0,268,,,
MAR,Marrocos,Q28878045,http://www.wikidata.org/entity/Q28875081,0,250,,,
MAR,Marrocos,Q28878050,http://www.wikidata.org/entity/Q28875081,0,352,,,
MAR,Marrocos,Q28878051,http://www.wikidata.org/entity/Q28875080,0,427,,,
MAR,Marrocos,Q28878048,http://www.wikidata.org/entity/Q28875080,0,612,,,
MAR,Marrocos,Q28878054,http://www.wikidata.org/entity/Q28875084,0,481,,,
MAR,Marrocos,Q28878055,http://www.wikidata.org/entity/Q28875080,0,522,,,
MAR,Marrocos,Q28878052,http://www.wikidata.org/entity/Q28875084,0,638,,,
MAR,Marrocos,Q28878053,http://www.wikidata.org/entity/Q28875080,0,1004,,,
MAR,Marrocos,Q28878058,http://www.wikidata.org/entity/Q28875084,0,83,,,
MAR,Marrocos,Q28878059,http://www.wikidata.org/entity/Q28875084,0,289,,,
MAR,Marrocos,Q28878056,http://www.wikidata.org/entity/Q28875084,0,172,,,
MAR,Marrocos,Q28878057,http://www.wikidata.org/entity/Q28875080,0,648,,,
MAR,Marrocos,Q28878062,http://www.wikidata.org/entity/Q28875087,0,497,,,
MAR,Marrocos,Q28878060,http://www.wikidata.org/entity/Q28875080,0,62,,,
MAR,Marrocos,Q28878061,http://www.wikidata.org/entity/Q28875080,0,317,,,
MAR,Marrocos,Q28878066,http://www.wikidata.org/entity/Q28875083,0,158,,,
MAR,Marrocos,Q28878067,http://www.wikidata.org/entity/Q28875087,0,36,,,
MAR,Marrocos,Q28878064,http://www.wikidata.org/entity/Q28875083,0,432,,,
MAR,Marrocos,Q28878065,http://www.wikidata.org/entity/Q28875087,0,749,,,
MAR,Marrocos,Q28878070,http://www.wikidata.org/entity/Q28875086,0,202,,,
MAR,Marrocos,Q28877374,http://www.wikidata.org/entity/Q28875009,0,871,,,
MAR,Marrocos,Q28877375,http://www.wikidata.org/entity/Q28875009,0,259,,,
MAR,Marrocos,Q28877373,http://www.wikidata.org/entity/Q28875273,0,200,,,
MAR,Marrocos,Q28877378,http://www.wikidata.org/entity/Q28875225,0,268,,,
MAR,Marrocos,Q28877379,http://www.wikidata.org/entity/Q28875048,0,474,,,
MAR,Marrocos,Q28877376,http://www.wikidata.org/entity/Q28875197,0,293,,,
MAR,Marrocos,Q28877377,http://www.wikidata.org/entity/Q28874957,0,576,,,
MAR,Marrocos,Q28877382,http://www.wikidata.org/entity/Q28875064,0,492,,,
MAR,Marrocos,Q28877383,http://www.wikidata.org/entity/Q28875009,0,694,,,
MAR,Marrocos,Q28877380,http://www.wikidata.org/entity/Q28874921,0,562,,,
MAR,Marrocos,Q28877381,http://www.wikidata.org/entity/Q28874935,0,272,,,
MAR,Marrocos,Q28877386,http://www.wikidata.org/entity/Q28875029,0,619,,,
MAR,Marrocos,Q28877384,http://www.wikidata.org/entity/Q28874992,0,210,,,
MAR,Marrocos,Q28877385,http://www.wikidata.org/entity/Q28874988,0,111,,,
MAR,Marrocos,Q28877955,http://www.wikidata.org/entity/Q28875075,0,287,,,
MAR,Marrocos,Q28877958,http://www.wikidata.org/entity/Q28875075,0,520,,,
MAR,Marrocos,Q28877962,http://www.wikidata.org/entity/Q28875075,0,117,,,
MAR,Marrocos,Q28877970,http://www.wikidata.org/entity/Q28875078,0,477,,,
MAR,Marrocos,Q28877971,http://www.wikidata.org/entity/Q28875071,0,129,,,
MAR,Marrocos,Q28877968,http://www.wikidata.org/entity/Q28875075,0,398,,,
MAR,Marrocos,Q28877969,http://www.wikidata.org/entity/Q28875071,0,399,,,
MAR,Marrocos,Q28877974,http://www.wikidata.org/entity/Q28875078,0,336,,,
MAR,Marrocos,Q28877975,http://www.wikidata.org/entity/Q28875071,0,198,,,
MAR,Marrocos,Q28877972,http://www.wikidata.org/entity/Q28875078,0,251,,,
MAR,Marrocos,Q28877973,http://www.wikidata.org/entity/Q28875071,0,177,,,
MAR,Marrocos,Q28877978,http://www.wikidata.org/entity/Q28875071,0,186,,,
MAR,Marrocos,Q28877979,http://www.wikidata.org/entity/Q28875078,0,48,,,
MAR,Marrocos,Q28877976,http://www.wikidata.org/entity/Q28875071,0,213,,,
MAR,Marrocos,Q28877977,http://www.wikidata.org/entity/Q28875078,0,334,,,
MAR,Marrocos,Q28877982,http://www.wikidata.org/entity/Q28875071,0,124,,,
MAR,Marrocos,Q28877983,http://www.wikidata.org/entity/Q28875078,0,167,,,
MAR,Marrocos,Q28877980,http://www.wikidata.org/entity/Q28875071,0,143,,,
MAR,Marrocos,Q28877981,http://www.wikidata.org/entity/Q28875078,0,138,,,
MAR,Marrocos,Q28877986,http://www.wikidata.org/entity/Q28875078,0,219,,,
MAR,Marrocos,Q28877987,http://www.wikidata.org/entity/Q28875071,0,215,,,
MAR,Marrocos,Q28877985,http://www.wikidata.org/entity/Q28875071,0,144,,,
MAR,Marrocos,Q28877990,http://www.wikidata.org/entity/Q28875078,0,231,,,
MAR,Marrocos,Q28877991,http://www.wikidata.org/entity/Q28875071,0,379,,,
MAR,Marrocos,Q28877988,http://www.wikidata.org/entity/Q28875078,0,360,,,
MAR,Marrocos,Q28877989,http://www.wikidata.org/entity/Q28875071,0,195,,,
MAR,Marrocos,Q28877994,http://www.wikidata.org/entity/Q28875078,0,258,,,
MAR,Marrocos,Q28877995,http://www.wikidata.org/entity/Q28875074,0,159,,,
MAR,Marrocos,Q28877992,http://www.wikidata.org/entity/Q28875078,0,194,,,
MAR,Marrocos,Q28877998,http://www.wikidata.org/entity/Q28875078,0,174,,,
MAR,Marrocos,Q28877999,http://www.wikidata.org/entity/Q28875074,0,108,,,
MAR,Marrocos,Q28877997,http://www.wikidata.org/entity/Q28875074,0,222,,,
MAR,Marrocos,Q28878003,http://www.wikidata.org/entity/Q28875078,0,73,,,
MAR,Marrocos,Q28878000,http://www.wikidata.org/entity/Q28875078,0,22,,,
MAR,Marrocos,Q28878001,http://www.wikidata.org/entity/Q28875074,0,102,,,
MAR,Marrocos,Q28878006,http://www.wikidata.org/entity/Q28875074,0,141,,,
MAR,Marrocos,Q28878007,http://www.wikidata.org/entity/Q28875078,0,370,,,
MAR,Marrocos,Q28878004,http://www.wikidata.org/entity/Q28875074,0,274,,,
MAR,Marrocos,Q28878005,http://www.wikidata.org/entity/Q28875078,0,472,,,
MAR,Marrocos,Q28878010,http://www.wikidata.org/entity/Q28875074,0,73,,,
MAR,Marrocos,Q28878011,http://www.wikidata.org/entity/Q28875078,0,68,,,
MAR,Marrocos,Q28878008,http://www.wikidata.org/entity/Q28875074,0,120,,,
MAR,Marrocos,Q28878009,http://www.wikidata.org/entity/Q28875078,0,329,,,
MAR,Marrocos,Q28878126,http://www.wikidata.org/entity/Q28875092,0,112,,,
MAR,Marrocos,Q28878127,http://www.wikidata.org/entity/Q28875096,0,474,,,
MAR,Marrocos,Q28878124,http://www.wikidata.org/entity/Q28875092,0,336,,,
MAR,Marrocos,Q28878125,http://www.wikidata.org/entity/Q28875092,0,273,,,
MAR,Marrocos,Q28878130,http://www.wikidata.org/entity/Q28875096,0,207,,,
MAR,Marrocos,Q28878131,http://www.wikidata.org/entity/Q28875096,0,680,,,
MAR,Marrocos,Q28878128,http://www.wikidata.org/entity/Q28875096,0,267,,,
MAR,Marrocos,Q28878129,http://www.wikidata.org/entity/Q28875096,0,126,,,
MAR,Marrocos,Q28878134,http://www.wikidata.org/entity/Q28875096,0,327,,,
MAR,Marrocos,Q28878135,http://www.wikidata.org/entity/Q28875096,0,726,,,
MAR,Marrocos,Q28878133,http://www.wikidata.org/entity/Q28875096,0,394,,,
MAR,Marrocos,Q28878136,http://www.wikidata.org/entity/Q28875098,0,116,,,
MAR,Marrocos,Q28878137,http://www.wikidata.org/entity/Q28875098,0,348,,,
MAR,Marrocos,Q28878142,http://www.wikidata.org/entity/Q28875098,0,527,,,
MAR,Marrocos,Q28878143,http://www.wikidata.org/entity/Q28875098,0,140,,,
MAR,Marrocos,Q28878140,http://www.wikidata.org/entity/Q28875098,0,635,,,
MAR,Marrocos,Q28878141,http://www.wikidata.org/entity/Q28875098,0,160,,,
MAR,Marrocos,Q28878146,http://www.wikidata.org/entity/Q28875101,0,118,,,
MAR,Marrocos,Q28878144,http://www.wikidata.org/entity/Q28875098,0,862,,,
MAR,Marrocos,Q28878145,http://www.wikidata.org/entity/Q28875101,0,1657,,,
MAR,Marrocos,Q28878150,http://www.wikidata.org/entity/Q28875104,0,1139,,,
MAR,Marrocos,Q28878148,http://www.wikidata.org/entity/Q28875101,0,862,,,
MAR,Marrocos,Q28878149,http://www.wikidata.org/entity/Q28875104,0,878,,,
MAR,Marrocos,Q28878154,http://www.wikidata.org/entity/Q28875107,0,975,,,
MAR,Marrocos,Q28878155,http://www.wikidata.org/entity/Q28875107,0,427,,,
MAR,Marrocos,Q28878152,http://www.wikidata.org/entity/Q28875104,0,366,,,
MAR,Marrocos,Q28878153,http://www.wikidata.org/entity/Q28875104,0,819,,,
MAR,Marrocos,Q28878158,http://www.wikidata.org/entity/Q28875107,0,495,,,
MAR,Marrocos,Q28878159,http://www.wikidata.org/entity/Q28875549,0,28,,,
MAR,Marrocos,Q28878156,http://www.wikidata.org/entity/Q28875107,0,34,,,
MAR,Marrocos,Q28878157,http://www.wikidata.org/entity/Q28875107,0,763,,,
MAR,Marrocos,Q28878162,http://www.wikidata.org/entity/Q28875110,0,140,,,
MAR,Marrocos,Q28878163,http://www.wikidata.org/entity/Q28875110,0,171,,,
MAR,Marrocos,Q28878160,http://www.wikidata.org/entity/Q28875110,0,325,,,
MAR,Marrocos,Q28878166,http://www.wikidata.org/entity/Q28875110,0,126,,,
MAR,Marrocos,Q28878164,http://www.wikidata.org/entity/Q28875110,0,596,,,
MAR,Marrocos,Q28878170,http://www.wikidata.org/entity/Q28875110,0,180,,,
MAR,Marrocos,Q28878168,http://www.wikidata.org/entity/Q28875110,0,166,,,
MAR,Marrocos,Q28878169,http://www.wikidata.org/entity/Q28875110,0,248,,,
MAR,Marrocos,Q28878174,http://www.wikidata.org/entity/Q28875113,0,342,,,
MAR,Marrocos,Q28878173,http://www.wikidata.org/entity/Q28875113,0,289,,,
MAR,Marrocos,Q28878179,http://www.wikidata.org/entity/Q28875113,0,326,,,
MAR,Marrocos,Q28878176,http://www.wikidata.org/entity/Q28875113,0,335,,,
MAR,Marrocos,Q28878177,http://www.wikidata.org/entity/Q28875113,0,200,,,
MAR,Marrocos,Q28878182,http://www.wikidata.org/entity/Q28875113,0,101,,,
MAR,Marrocos,Q28878180,http://www.wikidata.org/entity/Q28875113,0,223,,,
MAR,Marrocos,Q28878181,http://www.wikidata.org/entity/Q28875113,0,137,,,
MAR,Marrocos,Q28878186,http://www.wikidata.org/entity/Q28875116,0,130,,,
MAR,Marrocos,Q28878187,http://www.wikidata.org/entity/Q28875116,0,204,,,
MAR,Marrocos,Q28878184,http://www.wikidata.org/entity/Q28875113,0,276,,,
MAR,Marrocos,Q28878185,http://www.wikidata.org/entity/Q28875113,0,124,,,
MAR,Marrocos,Q28878190,http://www.wikidata.org/entity/Q28875119,0,219,,,
MAR,Marrocos,Q28878188,http://www.wikidata.org/entity/Q28875116,0,209,,,
MAR,Marrocos,Q28878189,http://www.wikidata.org/entity/Q28875119,0,96,,,
MAR,Marrocos,Q28878194,http://www.wikidata.org/entity/Q28875119,0,73,,,
MAR,Marrocos,Q28878195,http://www.wikidata.org/entity/Q28875119,0,175,,,
MAR,Marrocos,Q28878192,http://www.wikidata.org/entity/Q28875119,0,138,,,
MAR,Marrocos,Q28878193,http://www.wikidata.org/entity/Q28875119,0,105,,,
MAR,Marrocos,Q28878198,http://www.wikidata.org/entity/Q28875119,0,260,,,
MAR,Marrocos,Q28878199,http://www.wikidata.org/entity/Q28875119,0,261,,,
MAR,Marrocos,Q28878196,http://www.wikidata.org/entity/Q28875119,0,80,,,
MAR,Marrocos,Q28878202,http://www.wikidata.org/entity/Q28875119,0,33,,,
MAR,Marrocos,Q28878200,http://www.wikidata.org/entity/Q28875119,0,101,,,
MAR,Marrocos,Q28878201,http://www.wikidata.org/entity/Q28875119,0,238,,,
MAR,Marrocos,Q28878206,http://www.wikidata.org/entity/Q28875123,0,786,,,
MAR,Marrocos,Q28878207,http://www.wikidata.org/entity/Q28875126,0,313,,,
MAR,Marrocos,Q28878204,http://www.wikidata.org/entity/Q28875123,0,1326,,,
MAR,Marrocos,Q28878205,http://www.wikidata.org/entity/Q28875123,0,1050,,,
MAR,Marrocos,Q28878210,http://www.wikidata.org/entity/Q28875126,0,339,,,
MAR,Marrocos,Q28878208,http://www.wikidata.org/entity/Q28875126,0,290,,,
MAR,Marrocos,Q28878226,http://www.wikidata.org/entity/Q28875135,0,233,,,
MAR,Marrocos,Q28878227,http://www.wikidata.org/entity/Q28875135,0,197,,,
MAR,Marrocos,Q28878225,http://www.wikidata.org/entity/Q28875135,0,191,,,
MAR,Marrocos,Q28878230,http://www.wikidata.org/entity/Q28875135,0,211,,,
MAR,Marrocos,Q28878231,http://www.wikidata.org/entity/Q28875135,0,170,,,
MAR,Marrocos,Q28878228,http://www.wikidata.org/entity/Q28875135,0,392,,,
MAR,Marrocos,Q28878229,http://www.wikidata.org/entity/Q28875135,0,357,,,
MAR,Marrocos,Q28878235,http://www.wikidata.org/entity/Q28875135,0,329,,,
MAR,Marrocos,Q28878232,http://www.wikidata.org/entity/Q28875135,0,468,,,
MAR,Marrocos,Q28878233,http://www.wikidata.org/entity/Q28875135,0,123,,,
MAR,Marrocos,Q28878238,http://www.wikidata.org/entity/Q28875135,0,245,,,
MAR,Marrocos,Q28878239,http://www.wikidata.org/entity/Q28875135,0,307,,,
MAR,Marrocos,Q28878236,http://www.wikidata.org/entity/Q28875135,0,300,,,
MAR,Marrocos,Q28878237,http://www.wikidata.org/entity/Q28875135,0,389,,,
MAR,Marrocos,Q28878242,http://www.wikidata.org/entity/Q28875139,0,489,,,
MAR,Marrocos,Q28878243,http://www.wikidata.org/entity/Q28875139,0,328,,,
MAR,Marrocos,Q28878246,http://www.wikidata.org/entity/Q28875139,0,469,,,
MAR,Marrocos,Q28878247,http://www.wikidata.org/entity/Q28875139,0,259,,,
MAR,Marrocos,Q28878244,http://www.wikidata.org/entity/Q28875139,0,167,,,
MAR,Marrocos,Q28878245,http://www.wikidata.org/entity/Q28875139,0,439,,,
MAR,Marrocos,Q28878250,http://www.wikidata.org/entity/Q28875142,0,928,,,
MAR,Marrocos,Q28878251,http://www.wikidata.org/entity/Q28875142,0,308,,,
MAR,Marrocos,Q28878248,http://www.wikidata.org/entity/Q28875139,0,309,,,
MAR,Marrocos,Q28878249,http://www.wikidata.org/entity/Q28875139,0,278,,,
MAR,Marrocos,Q28878332,http://www.wikidata.org/entity/Q28897125,0,161,,,
MAR,Marrocos,Q28878333,http://www.wikidata.org/entity/Q28897125,0,120,,,
MAR,Marrocos,Q28878362,http://www.wikidata.org/entity/Q28897391,0,14,,,
MAR,Marrocos,Q28878360,http://www.wikidata.org/entity/Q28897391,0,322,,,
MAR,Marrocos,Q28878361,http://www.wikidata.org/entity/Q28897391,0,160,,,
MAR,Marrocos,Q28878378,http://www.wikidata.org/entity/Q28891132,0,5,,,
MAR,Marrocos,Q28878379,http://www.wikidata.org/entity/Q28897957,0,163,,,
MAR,Marrocos,Q28878376,http://www.wikidata.org/entity/Q28891132,0,482,,,
MAR,Marrocos,Q28878377,http://www.wikidata.org/entity/Q28891132,0,118,,,
MAR,Marrocos,Q28878382,http://www.wikidata.org/entity/Q28896618,0,236,,,
MAR,Marrocos,Q28878383,http://www.wikidata.org/entity/Q28896618,0,68,,,
MAR,Marrocos,Q28878380,http://www.wikidata.org/entity/Q28896618,0,63,,,
MAR,Marrocos,Q28878381,http://www.wikidata.org/entity/Q28896618,0,48,,,
MAR,Marrocos,Q28878386,http://www.wikidata.org/entity/Q28896563,0,408,,,
MAR,Marrocos,Q28878387,http://www.wikidata.org/entity/Q28896563,0,398,,,
MAR,Marrocos,Q28878384,http://www.wikidata.org/entity/Q28896618,0,35,,,
MAR,Marrocos,Q28878385,http://www.wikidata.org/entity/Q28896618,0,142,,,
MAR,Marrocos,Q28878388,http://www.wikidata.org/entity/Q28896563,0,31,,,
MAR,Marrocos,Q28878389,http://www.wikidata.org/entity/Q28896563,0,36,,,
MAR,Marrocos,Q28878454,http://www.wikidata.org/entity/Q28896395,0,260,,,
MAR,Marrocos,Q28878459,http://www.wikidata.org/entity/Q28896395,0,74,,,
MAR,Marrocos,Q28878456,http://www.wikidata.org/entity/Q28896395,0,326,,,
MAR,Marrocos,Q28878457,http://www.wikidata.org/entity/Q28896395,0,110,,,
MAR,Marrocos,Q28878462,http://www.wikidata.org/entity/Q28896395,0,79,,,
MAR,Marrocos,Q28878463,http://www.wikidata.org/entity/Q28896395,0,407,,,
MAR,Marrocos,Q28878460,http://www.wikidata.org/entity/Q28896395,0,112,,,
MAR,Marrocos,Q28878465,http://www.wikidata.org/entity/Q28896395,0,213,,,
MAR,Marrocos,Q28878494,http://www.wikidata.org/entity/Q28897384,0,47,,,
MAR,Marrocos,Q28878495,http://www.wikidata.org/entity/Q28897384,0,53,,,
MAR,Marrocos,Q28878492,http://www.wikidata.org/entity/Q28897384,0,214,,,
MAR,Marrocos,Q28878498,http://www.wikidata.org/entity/Q28897384,0,141,,,
MAR,Marrocos,Q28878497,http://www.wikidata.org/entity/Q28897384,0,81,,,
MAR,Marrocos,Q28878500,http://www.wikidata.org/entity/Q28897384,0,265,,,
MAR,Marrocos,Q28878501,http://www.wikidata.org/entity/Q28897384,0,105,,,
MAR,Marrocos,Q28878526,http://www.wikidata.org/entity/Q28894286,0,1089,,,
MAR,Marrocos,Q28878531,http://www.wikidata.org/entity/Q28896319,0,52,,,
MAR,Marrocos,Q28878528,http://www.wikidata.org/entity/Q28896319,0,45,,,
MAR,Marrocos,Q28878529,http://www.wikidata.org/entity/Q28896319,0,21,,,
MAR,Marrocos,Q28878534,http://www.wikidata.org/entity/Q28896319,0,174,,,
MAR,Marrocos,Q28878535,http://www.wikidata.org/entity/Q28896319,0,119,,,
MAR,Marrocos,Q28878532,http://www.wikidata.org/entity/Q28896319,0,20,,,
MAR,Marrocos,Q28878537,http://www.wikidata.org/entity/Q28896319,0,273,,,
MAR,Marrocos,Q28878547,http://www.wikidata.org/entity/Q28897240,0,558,,,
MAR,Marrocos,Q28878545,http://www.wikidata.org/entity/Q28897240,0,186,,,
MAR,Marrocos,Q28878558,http://www.wikidata.org/entity/Q28897244,0,46,,,
MAR,Marrocos,Q28878559,http://www.wikidata.org/entity/Q28897244,0,55,,,
MAR,Marrocos,Q28878557,http://www.wikidata.org/entity/Q28897244,0,117,,,
MAR,Marrocos,Q28878562,http://www.wikidata.org/entity/Q28897244,0,466,,,
MAR,Marrocos,Q28878561,http://www.wikidata.org/entity/Q28897244,0,15,,,
MAR,Marrocos,Q28879565,http://www.wikidata.org/entity/Q28890103,0,85,,,
MAR,Marrocos,Q28879570,http://www.wikidata.org/entity/Q28901016,0,249,,,
MAR,Marrocos,Q28879574,http://www.wikidata.org/entity/Q28903106,0,295,,,
MAR,Marrocos,Q28879575,http://www.wikidata.org/entity/Q28903106,0,273,,,
MAR,Marrocos,Q28879579,http://www.wikidata.org/entity/Q28905040,0,531,,,
MAR,Marrocos,Q28879577,http://www.wikidata.org/entity/Q28903106,0,156,,,
MAR,Marrocos,Q28879583,http://www.wikidata.org/entity/Q28905040,0,267,,,
MAR,Marrocos,Q28879584,http://www.wikidata.org/entity/Q28905040,0,496,,,
MAR,Marrocos,Q28879878,http://www.wikidata.org/entity/Q28908296,0,541,,,
MAR,Marrocos,Q28879879,http://www.wikidata.org/entity/Q28908296,0,319,,,
MAR,Marrocos,Q28879882,http://www.wikidata.org/entity/Q28908296,0,263,,,
MAR,Marrocos,Q28879880,http://www.wikidata.org/entity/Q28908296,0,593,,,
MAR,Marrocos,Q28879881,http://www.wikidata.org/entity/Q28908296,0,527,,,
MAR,Marrocos,Q28879931,http://www.wikidata.org/entity/Q28904708,0,436,,,
MAR,Marrocos,Q28879929,http://www.wikidata.org/entity/Q28904708,0,118,,,
MAR,Marrocos,Q28879935,http://www.wikidata.org/entity/Q28904708,0,266,,31.3034,-7.7235
MAR,Marrocos,Q28879932,http://www.wikidata.org/entity/Q28904708,0,244,,,
MAR,Marrocos,Q28879939,http://www.wikidata.org/entity/Q28904708,0,144,,,
MAR,Marrocos,Q28879937,http://www.wikidata.org/entity/Q28904708,0,427,,,
MAR,Marrocos,Q28879942,http://www.wikidata.org/entity/Q28904708,0,504,,,
MAR,Marrocos,Q28879940,http://www.wikidata.org/entity/Q28904708,0,475,,,
MAR,Marrocos,Q28878566,http://www.wikidata.org/entity/Q28897244,0,459,,,
MAR,Marrocos,Q28878567,http://www.wikidata.org/entity/Q28897244,0,775,,,
MAR,Marrocos,Q28878564,http://www.wikidata.org/entity/Q28897244,0,358,,,
MAR,Marrocos,Q28878570,http://www.wikidata.org/entity/Q28897244,0,241,,,
MAR,Marrocos,Q28878569,http://www.wikidata.org/entity/Q28897244,0,242,,,
MAR,Marrocos,Q28878575,http://www.wikidata.org/entity/Q28897244,0,318,,,
MAR,Marrocos,Q28878572,http://www.wikidata.org/entity/Q28897244,0,214,,,
MAR,Marrocos,Q28878573,http://www.wikidata.org/entity/Q28897244,0,182,,,
MAR,Marrocos,Q28878578,http://www.wikidata.org/entity/Q28897244,0,159,,,
MAR,Marrocos,Q28878579,http://www.wikidata.org/entity/Q28897244,0,15,,,
MAR,Marrocos,Q28878576,http://www.wikidata.org/entity/Q28897244,0,297,,,
MAR,Marrocos,Q28878582,http://www.wikidata.org/entity/Q28897244,0,301,,,
MAR,Marrocos,Q28878581,http://www.wikidata.org/entity/Q28897244,0,74,,30.809353611111,-9.8075136111111
MAR,Marrocos,Q28878586,http://www.wikidata.org/entity/Q28897244,0,270,,,
MAR,Marrocos,Q28878584,http://www.wikidata.org/entity/Q28897244,0,815,,,
MAR,Marrocos,Q28878585,http://www.wikidata.org/entity/Q28897244,0,181,,,
MAR,Marrocos,Q28878590,http://www.wikidata.org/entity/Q28897244,0,301,,,
MAR,Marrocos,Q28878591,http://www.wikidata.org/entity/Q28897244,0,17,,,
MAR,Marrocos,Q28878588,http://www.wikidata.org/entity/Q28897244,0,532,,,
MAR,Marrocos,Q28878610,http://www.wikidata.org/entity/Q28896584,0,242,,,
MAR,Marrocos,Q28878611,http://www.wikidata.org/entity/Q28896584,0,492,,,
MAR,Marrocos,Q28878614,http://www.wikidata.org/entity/Q28896584,0,374,,,
MAR,Marrocos,Q28878613,http://www.wikidata.org/entity/Q28896584,0,538,,,
MAR,Marrocos,Q28878619,http://www.wikidata.org/entity/Q28897233,0,64,,,
MAR,Marrocos,Q28878617,http://www.wikidata.org/entity/Q28897233,0,121,,,
MAR,Marrocos,Q28878622,http://www.wikidata.org/entity/Q28897233,0,306,,,
MAR,Marrocos,Q28878623,http://www.wikidata.org/entity/Q28897233,0,64,,,
MAR,Marrocos,Q28878620,http://www.wikidata.org/entity/Q28897233,0,231,,,
MAR,Marrocos,Q28878626,http://www.wikidata.org/entity/Q28891165,0,118,,,
MAR,Marrocos,Q28878627,http://www.wikidata.org/entity/Q28891165,0,69,,,
MAR,Marrocos,Q28878629,http://www.wikidata.org/entity/Q28891165,0,207,,,
MAR,Marrocos,Q28878632,http://www.wikidata.org/entity/Q28878616,0,1475,,,
MAR,Marrocos,Q28878645,http://www.wikidata.org/entity/Q28878676,0,459,,,
MAR,Marrocos,Q28878679,http://www.wikidata.org/entity/Q28897144,0,35,,,
MAR,Marrocos,Q28878682,http://www.wikidata.org/entity/Q28897144,0,40,,,
MAR,Marrocos,Q28878683,http://www.wikidata.org/entity/Q28897144,0,14,,,
MAR,Marrocos,Q28878680,http://www.wikidata.org/entity/Q28897144,0,54,,,
MAR,Marrocos,Q28878681,http://www.wikidata.org/entity/Q28897144,0,31,,,
MAR,Marrocos,Q28878686,http://www.wikidata.org/entity/Q28897144,0,40,,,
MAR,Marrocos,Q28878684,http://www.wikidata.org/entity/Q28897144,0,39,,,
MAR,Marrocos,Q28878685,http://www.wikidata.org/entity/Q28897144,0,71,,,
MAR,Marrocos,Q28878706,http://www.wikidata.org/entity/Q28890237,0,175,,,
MAR,Marrocos,Q28878707,http://www.wikidata.org/entity/Q28890237,0,28,,,
MAR,Marrocos,Q28878705,http://www.wikidata.org/entity/Q28890237,0,216,,,
MAR,Marrocos,Q28878710,http://www.wikidata.org/entity/Q28890237,0,764,,,
MAR,Marrocos,Q28878708,http://www.wikidata.org/entity/Q28890237,0,149,,,
MAR,Marrocos,Q28878709,http://www.wikidata.org/entity/Q28890237,0,339,,,
MAR,Marrocos,Q28878714,http://www.wikidata.org/entity/Q28890237,0,87,,,
MAR,Marrocos,Q28878715,http://www.wikidata.org/entity/Q28890237,0,442,,,
MAR,Marrocos,Q28878712,http://www.wikidata.org/entity/Q28890237,0,128,,,
MAR,Marrocos,Q28878713,http://www.wikidata.org/entity/Q28890237,0,150,,,
MAR,Marrocos,Q28878718,http://www.wikidata.org/entity/Q28890237,0,348,,,
MAR,Marrocos,Q28878716,http://www.wikidata.org/entity/Q28890237,0,430,,,
MAR,Marrocos,Q28878755,http://www.wikidata.org/entity/Q28896739,0,509,,,
MAR,Marrocos,Q28878758,http://www.wikidata.org/entity/Q28896739,0,146,,,
MAR,Marrocos,Q28878759,http://www.wikidata.org/entity/Q28896739,0,195,,,
MAR,Marrocos,Q28878756,http://www.wikidata.org/entity/Q28896739,0,191,,,
MAR,Marrocos,Q28878757,http://www.wikidata.org/entity/Q28896739,0,179,,,
MAR,Marrocos,Q28878762,http://www.wikidata.org/entity/Q28896739,0,355,,,
MAR,Marrocos,Q28878763,http://www.wikidata.org/entity/Q28891166,0,179,,,
MAR,Marrocos,Q28878760,http://www.wikidata.org/entity/Q28896739,0,40,,,
MAR,Marrocos,Q28878761,http://www.wikidata.org/entity/Q28896739,0,40,,,
MAR,Marrocos,Q28878766,http://www.wikidata.org/entity/Q28891166,0,526,,,
MAR,Marrocos,Q28878765,http://www.wikidata.org/entity/Q28891166,0,31,,,
MAR,Marrocos,Q28878768,http://www.wikidata.org/entity/Q28891166,0,103,,,
MAR,Marrocos,Q28878786,http://www.wikidata.org/entity/Q28874913,0,175,,,
MAR,Marrocos,Q28878787,http://www.wikidata.org/entity/Q28874913,0,374,,,
MAR,Marrocos,Q28878785,http://www.wikidata.org/entity/Q28874913,0,215,,,
MAR,Marrocos,Q28878790,http://www.wikidata.org/entity/Q28874913,0,103,,,
MAR,Marrocos,Q28878791,http://www.wikidata.org/entity/Q28874913,0,234,,,
MAR,Marrocos,Q28878788,http://www.wikidata.org/entity/Q28874913,0,289,,,
MAR,Marrocos,Q28878789,http://www.wikidata.org/entity/Q28874913,0,35,,,
MAR,Marrocos,Q28878794,http://www.wikidata.org/entity/Q28874913,0,340,,,
MAR,Marrocos,Q28878795,http://www.wikidata.org/entity/Q28874913,0,984,,,
MAR,Marrocos,Q28878792,http://www.wikidata.org/entity/Q28874913,0,128,,,
MAR,Marrocos,Q28878793,http://www.wikidata.org/entity/Q28874913,0,121,,,
MAR,Marrocos,Q28878798,http://www.wikidata.org/entity/Q28874916,0,272,,,
MAR,Marrocos,Q28878799,http://www.wikidata.org/entity/Q28874916,0,260,,,
MAR,Marrocos,Q28878796,http://www.wikidata.org/entity/Q28874913,0,814,,,
MAR,Marrocos,Q28878797,http://www.wikidata.org/entity/Q28874916,0,164,,,
MAR,Marrocos,Q28878802,http://www.wikidata.org/entity/Q28874916,0,195,,,
MAR,Marrocos,Q28878803,http://www.wikidata.org/entity/Q28874916,0,107,,,
MAR,Marrocos,Q28878800,http://www.wikidata.org/entity/Q28874916,0,288,,,
MAR,Marrocos,Q28878801,http://www.wikidata.org/entity/Q28874916,0,264,,,
MAR,Marrocos,Q28878804,http://www.wikidata.org/entity/Q28874916,0,59,,,
MAR,Marrocos,Q28878805,http://www.wikidata.org/entity/Q28874916,0,59,,,
MAR,Marrocos,Q28878837,http://www.wikidata.org/entity/Q28890085,0,124,,,
MAR,Marrocos,Q28878882,http://www.wikidata.org/entity/Q28891267,0,274,,,
MAR,Marrocos,Q28878883,http://www.wikidata.org/entity/Q28891267,0,628,,,
MAR,Marrocos,Q28878886,http://www.wikidata.org/entity/Q28891267,0,216,,,
MAR,Marrocos,Q28878887,http://www.wikidata.org/entity/Q28891267,0,415,,,
MAR,Marrocos,Q28878884,http://www.wikidata.org/entity/Q28891267,0,1566,,,
MAR,Marrocos,Q28878885,http://www.wikidata.org/entity/Q28891267,0,503,,,
MAR,Marrocos,Q28879154,http://www.wikidata.org/entity/Q28890158,0,432,,,
MAR,Marrocos,Q28879155,http://www.wikidata.org/entity/Q28890158,0,541,,,
MAR,Marrocos,Q28879153,http://www.wikidata.org/entity/Q28890158,0,1792,,,
MAR,Marrocos,Q28879158,http://www.wikidata.org/entity/Q28890158,0,43,,,
MAR,Marrocos,Q28879159,http://www.wikidata.org/entity/Q28890158,0,572,,,
MAR,Marrocos,Q28879156,http://www.wikidata.org/entity/Q28890158,0,766,,,
MAR,Marrocos,Q28879157,http://www.wikidata.org/entity/Q28890158,0,197,,,
MAR,Marrocos,Q28879162,http://www.wikidata.org/entity/Q28890158,0,213,,,
MAR,Marrocos,Q28879163,http://www.wikidata.org/entity/Q28890158,0,145,,,
MAR,Marrocos,Q28879160,http://www.wikidata.org/entity/Q28890158,0,175,,,
MAR,Marrocos,Q28879161,http://www.wikidata.org/entity/Q28890158,0,100,,,
MAR,Marrocos,Q28879164,http://www.wikidata.org/entity/Q28890158,0,172,,,
MAR,Marrocos,Q28879165,http://www.wikidata.org/entity/Q28890158,0,232,,,
MAR,Marrocos,Q28879174,http://www.wikidata.org/entity/Q28890158,0,84,,,
MAR,Marrocos,Q28879175,http://www.wikidata.org/entity/Q28890158,0,205,,,
MAR,Marrocos,Q28879178,http://www.wikidata.org/entity/Q28890158,0,170,,,
MAR,Marrocos,Q28879179,http://www.wikidata.org/entity/Q28890158,0,266,,,
MAR,Marrocos,Q28879176,http://www.wikidata.org/entity/Q28890158,0,72,,,
MAR,Marrocos,Q28879177,http://www.wikidata.org/entity/Q28890158,0,245,,,
MAR,Marrocos,Q28879182,http://www.wikidata.org/entity/Q28890158,0,49,,,
MAR,Marrocos,Q28879183,http://www.wikidata.org/entity/Q28890158,0,194,,,
MAR,Marrocos,Q28879180,http://www.wikidata.org/entity/Q28890158,0,166,,,
MAR,Marrocos,Q28879181,http://www.wikidata.org/entity/Q28890158,0,323,,,
MAR,Marrocos,Q28879186,http://www.wikidata.org/entity/Q28890158,0,103,,,
MAR,Marrocos,Q28879187,http://www.wikidata.org/entity/Q28890158,0,86,,,
MAR,Marrocos,Q28879184,http://www.wikidata.org/entity/Q28890158,0,23,,,
MAR,Marrocos,Q28879185,http://www.wikidata.org/entity/Q28890158,0,245,,,
MAR,Marrocos,Q28879188,http://www.wikidata.org/entity/Q28890158,0,269,,,
MAR,Marrocos,Q28879218,http://www.wikidata.org/entity/Q28903639,0,227,,,
MAR,Marrocos,Q28879216,http://www.wikidata.org/entity/Q28903639,0,233,,,
MAR,Marrocos,Q28879226,http://www.wikidata.org/entity/Q28903639,0,481,,,
MAR,Marrocos,Q28879227,http://www.wikidata.org/entity/Q28903639,0,84,,,
MAR,Marrocos,Q28879224,http://www.wikidata.org/entity/Q28903639,0,150,,,
MAR,Marrocos,Q28879254,http://www.wikidata.org/entity/Q28899431,0,1177,,,
MAR,Marrocos,Q28879252,http://www.wikidata.org/entity/Q28904149,0,676,,,
MAR,Marrocos,Q28879258,http://www.wikidata.org/entity/Q28899431,0,181,,,
MAR,Marrocos,Q28879257,http://www.wikidata.org/entity/Q28899431,0,760,,,
MAR,Marrocos,Q28879262,http://www.wikidata.org/entity/Q28890183,0,841,,,
MAR,Marrocos,Q28879263,http://www.wikidata.org/entity/Q28890183,0,190,,,
MAR,Marrocos,Q28879260,http://www.wikidata.org/entity/Q28890183,0,917,,,
MAR,Marrocos,Q28879261,http://www.wikidata.org/entity/Q28890183,0,146,,,
MAR,Marrocos,Q28879266,http://www.wikidata.org/entity/Q28890183,0,258,,,
MAR,Marrocos,Q28879267,http://www.wikidata.org/entity/Q28890183,0,747,,,
MAR,Marrocos,Q28879264,http://www.wikidata.org/entity/Q28890183,0,328,,,
MAR,Marrocos,Q28879265,http://www.wikidata.org/entity/Q28890183,0,105,,,
MAR,Marrocos,Q28879270,http://www.wikidata.org/entity/Q28890272,0,269,,,
MAR,Marrocos,Q28879268,http://www.wikidata.org/entity/Q28890272,0,503,,,
MAR,Marrocos,Q28879269,http://www.wikidata.org/entity/Q28890272,0,351,,,
MAR,Marrocos,Q28879272,http://www.wikidata.org/entity/Q28890272,0,971,,,
MAR,Marrocos,Q28879273,http://www.wikidata.org/entity/Q28890272,0,267,,,
MAR,Marrocos,Q28879278,http://www.wikidata.org/entity/Q28890272,0,483,,,
MAR,Marrocos,Q28879279,http://www.wikidata.org/entity/Q28890272,0,320,,,
MAR,Marrocos,Q28879276,http://www.wikidata.org/entity/Q28890272,0,683,,,
MAR,Marrocos,Q28879277,http://www.wikidata.org/entity/Q28890272,0,392,,,
MAR,Marrocos,Q28879282,http://www.wikidata.org/entity/Q28890271,0,367,,,
MAR,Marrocos,Q28879283,http://www.wikidata.org/entity/Q28890271,0,416,,,
MAR,Marrocos,Q28879280,http://www.wikidata.org/entity/Q28890271,0,1037,,,
MAR,Marrocos,Q28879281,http://www.wikidata.org/entity/Q28890271,0,258,,,
MAR,Marrocos,Q28879286,http://www.wikidata.org/entity/Q28890271,0,479,,,
MAR,Marrocos,Q28879287,http://www.wikidata.org/entity/Q28890271,0,229,,,
MAR,Marrocos,Q28879284,http://www.wikidata.org/entity/Q28890271,0,366,,,
MAR,Marrocos,Q28879285,http://www.wikidata.org/entity/Q28890271,0,495,,,
MAR,Marrocos,Q28879290,http://www.wikidata.org/entity/Q28890271,0,528,,,
MAR,Marrocos,Q28879291,http://www.wikidata.org/entity/Q28890271,0,98,,,
MAR,Marrocos,Q28879288,http://www.wikidata.org/entity/Q28890271,0,358,,,
MAR,Marrocos,Q28879289,http://www.wikidata.org/entity/Q28890271,0,308,,,
MAR,Marrocos,Q28879294,http://www.wikidata.org/entity/Q28890271,0,366,,,
MAR,Marrocos,Q28879295,http://www.wikidata.org/entity/Q28890271,0,968,,,
MAR,Marrocos,Q28879292,http://www.wikidata.org/entity/Q28890271,0,199,,,
MAR,Marrocos,Q28879293,http://www.wikidata.org/entity/Q28890271,0,240,,,
MAR,Marrocos,Q28879296,http://www.wikidata.org/entity/Q28890271,0,194,,,
MAR,Marrocos,Q28879297,http://www.wikidata.org/entity/Q28890308,0,289,,,
MAR,Marrocos,Q28879319,http://www.wikidata.org/entity/Q28903586,0,343,,,
MAR,Marrocos,Q28879323,http://www.wikidata.org/entity/Q28903586,0,77,,,
MAR,Marrocos,Q28879320,http://www.wikidata.org/entity/Q28903586,0,259,,,
MAR,Marrocos,Q28879330,http://www.wikidata.org/entity/Q28897492,0,398,,,
MAR,Marrocos,Q28879331,http://www.wikidata.org/entity/Q28897492,0,208,,,
MAR,Marrocos,Q28879334,http://www.wikidata.org/entity/Q28897492,0,340,,,
MAR,Marrocos,Q28879335,http://www.wikidata.org/entity/Q28897492,0,168,,,
MAR,Marrocos,Q28879332,http://www.wikidata.org/entity/Q28897492,0,237,,,
MAR,Marrocos,Q28879333,http://www.wikidata.org/entity/Q28897492,0,143,,,
MAR,Marrocos,Q28879338,http://www.wikidata.org/entity/Q28897492,0,261,,,
MAR,Marrocos,Q28879339,http://www.wikidata.org/entity/Q28897492,0,577,,,
MAR,Marrocos,Q28879336,http://www.wikidata.org/entity/Q28897492,0,247,,,
MAR,Marrocos,Q28879337,http://www.wikidata.org/entity/Q28897492,0,265,,,
MAR,Marrocos,Q28879362,http://www.wikidata.org/entity/Q28907750,0,259,,31.342463,-7.381316
MAR,Marrocos,Q28879367,http://www.wikidata.org/entity/Q28907750,0,65,,,
MAR,Marrocos,Q28879364,http://www.wikidata.org/entity/Q28907750,0,397,,,
MAR,Marrocos,Q28879370,http://www.wikidata.org/entity/Q28903197,0,381,,,
MAR,Marrocos,Q28879369,http://www.wikidata.org/entity/Q28903197,0,562,,,
MAR,Marrocos,Q28879375,http://www.wikidata.org/entity/Q28903197,0,198,,,
MAR,Marrocos,Q28879373,http://www.wikidata.org/entity/Q28903197,0,356,,,
MAR,Marrocos,Q28879376,http://www.wikidata.org/entity/Q28903197,0,5,,,
MAR,Marrocos,Q28879377,http://www.wikidata.org/entity/Q28903197,0,86,,,
MAR,Marrocos,Q28879380,http://www.wikidata.org/entity/Q28903197,0,503,,,
MAR,Marrocos,Q28879390,http://www.wikidata.org/entity/Q28906647,0,195,,,
MAR,Marrocos,Q28879393,http://www.wikidata.org/entity/Q28906647,0,197,,,
MAR,Marrocos,Q28879479,http://www.wikidata.org/entity/Q28898501,0,350,,,
MAR,Marrocos,Q28879477,http://www.wikidata.org/entity/Q28898501,0,793,,,
MAR,Marrocos,Q28879481,http://www.wikidata.org/entity/Q28898501,0,943,,,
MAR,Marrocos,Q28879531,http://www.wikidata.org/entity/Q28907809,0,659,,,
MAR,Marrocos,Q28879529,http://www.wikidata.org/entity/Q28905067,0,564,,,
MAR,Marrocos,Q28879535,http://www.wikidata.org/entity/Q28907809,0,118,,,
MAR,Marrocos,Q28879532,http://www.wikidata.org/entity/Q28907809,0,289,,,
MAR,Marrocos,Q28879538,http://www.wikidata.org/entity/Q28907809,0,241,,,
MAR,Marrocos,Q28879539,http://www.wikidata.org/entity/Q28907809,0,251,,,
MAR,Marrocos,Q28879536,http://www.wikidata.org/entity/Q28907809,0,528,,,
MAR,Marrocos,Q28878211,http://www.wikidata.org/entity/Q28875126,0,172,,,
MAR,Marrocos,Q28878214,http://www.wikidata.org/entity/Q28875126,0,326,,,
MAR,Marrocos,Q28878215,http://www.wikidata.org/entity/Q28875126,0,71,,,
MAR,Marrocos,Q28878212,http://www.wikidata.org/entity/Q28875126,0,1633,,,
MAR,Marrocos,Q28878213,http://www.wikidata.org/entity/Q28875126,0,251,,,
MAR,Marrocos,Q28878218,http://www.wikidata.org/entity/Q28875129,0,1562,,,
MAR,Marrocos,Q28878219,http://www.wikidata.org/entity/Q28875129,0,1989,,,
MAR,Marrocos,Q28878216,http://www.wikidata.org/entity/Q28875129,0,953,,,
MAR,Marrocos,Q28878217,http://www.wikidata.org/entity/Q28875129,0,1416,,,
MAR,Marrocos,Q28878222,http://www.wikidata.org/entity/Q28875132,0,321,,,
MAR,Marrocos,Q28878719,http://www.wikidata.org/entity/Q28890237,0,420,,,
MAR,Marrocos,Q28878720,http://www.wikidata.org/entity/Q28890237,0,659,,,
MAR,Marrocos,Q28878806,http://www.wikidata.org/entity/Q28874916,0,47,,,
MAR,Marrocos,Q28878807,http://www.wikidata.org/entity/Q28874916,0,1013,,,
MAR,Marrocos,Q28878811,http://www.wikidata.org/entity/Q28874916,0,56,,,
MAR,Marrocos,Q28878809,http://www.wikidata.org/entity/Q28874916,0,975,,,
MAR,Marrocos,Q28878814,http://www.wikidata.org/entity/Q28874916,0,188,,,
MAR,Marrocos,Q28878815,http://www.wikidata.org/entity/Q28874916,0,549,,,
MAR,Marrocos,Q28878812,http://www.wikidata.org/entity/Q28874916,0,93,,,
MAR,Marrocos,Q28878813,http://www.wikidata.org/entity/Q28874916,0,50,,,
MAR,Marrocos,Q28878816,http://www.wikidata.org/entity/Q28874916,0,144,,,
MAR,Marrocos,Q28878817,http://www.wikidata.org/entity/Q28874916,0,223,,,
MAR,Marrocos,Q28878827,http://www.wikidata.org/entity/Q28890085,0,220,,,
MAR,Marrocos,Q28878830,http://www.wikidata.org/entity/Q28890085,0,325,,,
MAR,Marrocos,Q28878831,http://www.wikidata.org/entity/Q28890085,0,325,,,
MAR,Marrocos,Q28878828,http://www.wikidata.org/entity/Q28890085,0,330,,,
MAR,Marrocos,Q28878829,http://www.wikidata.org/entity/Q28890085,0,465,,,
MAR,Marrocos,Q28878834,http://www.wikidata.org/entity/Q28890085,0,575,,,
MAR,Marrocos,Q28878835,http://www.wikidata.org/entity/Q28890085,0,247,,,
MAR,Marrocos,Q28878832,http://www.wikidata.org/entity/Q28890085,0,560,,,
MAR,Marrocos,Q28878833,http://www.wikidata.org/entity/Q28890085,0,424,,,
MAR,Marrocos,Q28878836,http://www.wikidata.org/entity/Q28890085,0,274,,,
MAR,Marrocos,Q28878986,http://www.wikidata.org/entity/Q28891095,0,403,,,
MAR,Marrocos,Q28878987,http://www.wikidata.org/entity/Q28891095,0,573,,,
MAR,Marrocos,Q28878984,http://www.wikidata.org/entity/Q28891095,0,656,,,
MAR,Marrocos,Q28878985,http://www.wikidata.org/entity/Q28891095,0,509,,,
MAR,Marrocos,Q28878990,http://www.wikidata.org/entity/Q28891095,0,520,,,
MAR,Marrocos,Q28878991,http://www.wikidata.org/entity/Q28891095,0,369,,,
MAR,Marrocos,Q28878988,http://www.wikidata.org/entity/Q28891095,0,333,,,
MAR,Marrocos,Q28878989,http://www.wikidata.org/entity/Q28891095,0,426,,,
MAR,Marrocos,Q28878994,http://www.wikidata.org/entity/Q28891095,0,300,,,
MAR,Marrocos,Q28878995,http://www.wikidata.org/entity/Q28891095,0,217,,,
MAR,Marrocos,Q28878992,http://www.wikidata.org/entity/Q28891095,0,166,,,
MAR,Marrocos,Q28878993,http://www.wikidata.org/entity/Q28891095,0,367,,,
MAR,Marrocos,Q28878998,http://www.wikidata.org/entity/Q28891095,0,189,,,
MAR,Marrocos,Q28878996,http://www.wikidata.org/entity/Q28891095,0,242,,,
MAR,Marrocos,Q28878997,http://www.wikidata.org/entity/Q28891095,0,381,,,
MAR,Marrocos,Q28879018,http://www.wikidata.org/entity/Q28893161,0,596,,,
MAR,Marrocos,Q28879042,http://www.wikidata.org/entity/Q28891029,0,1429,,,
MAR,Marrocos,Q28879043,http://www.wikidata.org/entity/Q28891029,0,1565,,,
MAR,Marrocos,Q28879046,http://www.wikidata.org/entity/Q28891029,0,87,,,
MAR,Marrocos,Q28879047,http://www.wikidata.org/entity/Q28891029,0,107,,,
MAR,Marrocos,Q28879044,http://www.wikidata.org/entity/Q28891029,0,1944,,,
MAR,Marrocos,Q28879045,http://www.wikidata.org/entity/Q28891029,0,1623,,,
MAR,Marrocos,Q28879050,http://www.wikidata.org/entity/Q28891029,0,363,,,
MAR,Marrocos,Q28879051,http://www.wikidata.org/entity/Q28891029,0,217,,,
MAR,Marrocos,Q28879048,http://www.wikidata.org/entity/Q28891029,0,996,,,
MAR,Marrocos,Q28879049,http://www.wikidata.org/entity/Q28891029,0,193,,,
MAR,Marrocos,Q28879054,http://www.wikidata.org/entity/Q28891029,0,245,,,
MAR,Marrocos,Q28879055,http://www.wikidata.org/entity/Q28891029,0,121,,,
MAR,Marrocos,Q28879052,http://www.wikidata.org/entity/Q28891029,0,127,,,
MAR,Marrocos,Q28879053,http://www.wikidata.org/entity/Q28891029,0,285,,,
MAR,Marrocos,Q28879058,http://www.wikidata.org/entity/Q28891029,0,766,,,
MAR,Marrocos,Q28879059,http://www.wikidata.org/entity/Q28904672,0,1200,,,
MAR,Marrocos,Q28879056,http://www.wikidata.org/entity/Q28891029,0,146,,,
MAR,Marrocos,Q28879057,http://www.wikidata.org/entity/Q28891029,0,657,,,
MAR,Marrocos,Q28879062,http://www.wikidata.org/entity/Q28904672,0,612,,,
MAR,Marrocos,Q28879063,http://www.wikidata.org/entity/Q28904672,0,365,,,
MAR,Marrocos,Q28879064,http://www.wikidata.org/entity/Q28904672,0,371,,,
MAR,Marrocos,Q28879081,http://www.wikidata.org/entity/Q28904288,0,670,,,
MAR,Marrocos,Q28879086,http://www.wikidata.org/entity/Q28904288,0,200,,,
MAR,Marrocos,Q28879089,http://www.wikidata.org/entity/Q28904288,0,230,,,
MAR,Marrocos,Q28879107,http://www.wikidata.org/entity/Q28891028,0,264,,,
MAR,Marrocos,Q28879110,http://www.wikidata.org/entity/Q28891028,0,87,,,
MAR,Marrocos,Q28879111,http://www.wikidata.org/entity/Q28891028,0,76,,,
MAR,Marrocos,Q28879108,http://www.wikidata.org/entity/Q28891028,0,181,,,
MAR,Marrocos,Q28879109,http://www.wikidata.org/entity/Q28891028,0,134,,,
MAR,Marrocos,Q28879114,http://www.wikidata.org/entity/Q28891028,0,390,,,
MAR,Marrocos,Q28879115,http://www.wikidata.org/entity/Q28891028,0,211,,,
MAR,Marrocos,Q28879112,http://www.wikidata.org/entity/Q28891028,0,150,,,
MAR,Marrocos,Q28879113,http://www.wikidata.org/entity/Q28891028,0,103,,,
MAR,Marrocos,Q28879118,http://www.wikidata.org/entity/Q28891028,0,103,,,
MAR,Marrocos,Q28879119,http://www.wikidata.org/entity/Q28891028,0,121,,,
MAR,Marrocos,Q28879116,http://www.wikidata.org/entity/Q28891028,0,144,,,
MAR,Marrocos,Q28879117,http://www.wikidata.org/entity/Q28891028,0,294,,,
MAR,Marrocos,Q28879122,http://www.wikidata.org/entity/Q28891028,0,141,,,
MAR,Marrocos,Q28879123,http://www.wikidata.org/entity/Q28891028,0,136,,,
MAR,Marrocos,Q28879120,http://www.wikidata.org/entity/Q28891028,0,225,,,
MAR,Marrocos,Q28879121,http://www.wikidata.org/entity/Q28891028,0,171,,,
MAR,Marrocos,Q28879126,http://www.wikidata.org/entity/Q28891028,0,326,,,
MAR,Marrocos,Q28879127,http://www.wikidata.org/entity/Q28891028,0,390,,,
MAR,Marrocos,Q28879124,http://www.wikidata.org/entity/Q28891028,0,204,,,
MAR,Marrocos,Q28879125,http://www.wikidata.org/entity/Q28891028,0,241,,,
MAR,Marrocos,Q28879128,http://www.wikidata.org/entity/Q28891028,0,147,,,
MAR,Marrocos,Q28879129,http://www.wikidata.org/entity/Q28891028,0,938,,,
MAR,Marrocos,Q28879166,http://www.wikidata.org/entity/Q28890158,0,90,,,
MAR,Marrocos,Q28879167,http://www.wikidata.org/entity/Q28890158,0,15,,,
MAR,Marrocos,Q28879170,http://www.wikidata.org/entity/Q28890158,0,305,,,
MAR,Marrocos,Q28879168,http://www.wikidata.org/entity/Q28890158,0,357,,,
MAR,Marrocos,Q28879169,http://www.wikidata.org/entity/Q28890158,0,257,,,
MAR,Marrocos,Q28879172,http://www.wikidata.org/entity/Q28890158,0,360,,,
MAR,Marrocos,Q28879173,http://www.wikidata.org/entity/Q28890158,0,72,,,
MAR,Marrocos,Q28879230,http://www.wikidata.org/entity/Q28903639,0,512,,,
MAR,Marrocos,Q28879231,http://www.wikidata.org/entity/Q28891618,0,335,,,
MAR,Marrocos,Q28879229,http://www.wikidata.org/entity/Q28903639,0,460,,,
MAR,Marrocos,Q28879234,http://www.wikidata.org/entity/Q28891618,0,273,,,
MAR,Marrocos,Q28879235,http://www.wikidata.org/entity/Q28891618,0,715,,,
MAR,Marrocos,Q28879232,http://www.wikidata.org/entity/Q28891618,0,607,,,
MAR,Marrocos,Q28879233,http://www.wikidata.org/entity/Q28891618,0,690,,,
MAR,Marrocos,Q28879238,http://www.wikidata.org/entity/Q28891618,0,795,,,
MAR,Marrocos,Q28879239,http://www.wikidata.org/entity/Q28891618,0,702,,,
MAR,Marrocos,Q28879236,http://www.wikidata.org/entity/Q28891618,0,407,,,
MAR,Marrocos,Q28879237,http://www.wikidata.org/entity/Q28891618,0,334,,,
MAR,Marrocos,Q28879242,http://www.wikidata.org/entity/Q28891618,0,693,,,
MAR,Marrocos,Q28879243,http://www.wikidata.org/entity/Q28891618,0,1120,,,
MAR,Marrocos,Q28879240,http://www.wikidata.org/entity/Q28891618,0,1219,,,
MAR,Marrocos,Q28879241,http://www.wikidata.org/entity/Q28891618,0,1004,,,
MAR,Marrocos,Q28879246,http://www.wikidata.org/entity/Q28904149,0,202,,,
MAR,Marrocos,Q28879244,http://www.wikidata.org/entity/Q28891618,0,914,,,
MAR,Marrocos,Q28879245,http://www.wikidata.org/entity/Q28904149,0,473,,,
MAR,Marrocos,Q28879248,http://www.wikidata.org/entity/Q28904149,0,84,,,
MAR,Marrocos,Q28879249,http://www.wikidata.org/entity/Q28904149,0,483,,,
MAR,Marrocos,Q28879298,http://www.wikidata.org/entity/Q28890308,0,206,,,
MAR,Marrocos,Q28879299,http://www.wikidata.org/entity/Q28890308,0,104,,,
MAR,Marrocos,Q28879302,http://www.wikidata.org/entity/Q28890308,0,198,,,
MAR,Marrocos,Q28879303,http://www.wikidata.org/entity/Q28890308,0,606,,,
MAR,Marrocos,Q28879300,http://www.wikidata.org/entity/Q28890308,0,820,,,
MAR,Marrocos,Q28879301,http://www.wikidata.org/entity/Q28890308,0,883,,,
MAR,Marrocos,Q28879306,http://www.wikidata.org/entity/Q28890308,0,108,,,
MAR,Marrocos,Q28879307,http://www.wikidata.org/entity/Q28890308,0,460,,,
MAR,Marrocos,Q28879304,http://www.wikidata.org/entity/Q28890308,0,433,,,
MAR,Marrocos,Q28879305,http://www.wikidata.org/entity/Q28890308,0,382,,,
MAR,Marrocos,Q28879310,http://www.wikidata.org/entity/Q28890308,0,130,,,
MAR,Marrocos,Q28879311,http://www.wikidata.org/entity/Q28890308,0,156,,,
MAR,Marrocos,Q28879308,http://www.wikidata.org/entity/Q28890308,0,1523,,,
MAR,Marrocos,Q28879309,http://www.wikidata.org/entity/Q28890308,0,246,,,
MAR,Marrocos,Q28879314,http://www.wikidata.org/entity/Q28890308,0,390,,,
MAR,Marrocos,Q28879315,http://www.wikidata.org/entity/Q28890308,0,283,,,
MAR,Marrocos,Q28879312,http://www.wikidata.org/entity/Q28890308,0,196,,,
MAR,Marrocos,Q28879316,http://www.wikidata.org/entity/Q28890308,0,484,,,
MAR,Marrocos,Q28879342,http://www.wikidata.org/entity/Q28897492,0,255,,,
MAR,Marrocos,Q28879340,http://www.wikidata.org/entity/Q28897492,0,112,,,
MAR,Marrocos,Q28879341,http://www.wikidata.org/entity/Q28897492,0,319,,,
MAR,Marrocos,Q28879346,http://www.wikidata.org/entity/Q28897492,0,196,,,
MAR,Marrocos,Q28879347,http://www.wikidata.org/entity/Q28897492,0,220,,,
MAR,Marrocos,Q28879344,http://www.wikidata.org/entity/Q28897492,0,296,,,
MAR,Marrocos,Q28879345,http://www.wikidata.org/entity/Q28897492,0,603,,,
MAR,Marrocos,Q28879350,http://www.wikidata.org/entity/Q28897492,0,285,,,
MAR,Marrocos,Q28879351,http://www.wikidata.org/entity/Q28897492,0,69,,,
MAR,Marrocos,Q28879348,http://www.wikidata.org/entity/Q28897492,0,245,,,
MAR,Marrocos,Q28879349,http://www.wikidata.org/entity/Q28897492,0,208,,,
MAR,Marrocos,Q28879354,http://www.wikidata.org/entity/Q28907750,0,324,,,
MAR,Marrocos,Q28879355,http://www.wikidata.org/entity/Q28907750,0,191,,,
MAR,Marrocos,Q28879352,http://www.wikidata.org/entity/Q28897492,0,429,,,
MAR,Marrocos,Q28879358,http://www.wikidata.org/entity/Q28907750,0,123,,,
MAR,Marrocos,Q28879359,http://www.wikidata.org/entity/Q28907750,0,128,,,
MAR,Marrocos,Q28879356,http://www.wikidata.org/entity/Q28907750,0,54,,,
MAR,Marrocos,Q28879357,http://www.wikidata.org/entity/Q28907750,0,85,,,
MAR,Marrocos,Q28879395,http://www.wikidata.org/entity/Q28906647,0,250,,,
MAR,Marrocos,Q28879399,http://www.wikidata.org/entity/Q28906647,0,113,,,
MAR,Marrocos,Q28879396,http://www.wikidata.org/entity/Q28906647,0,270,,,
MAR,Marrocos,Q28879397,http://www.wikidata.org/entity/Q28906647,0,111,,,
MAR,Marrocos,Q28879403,http://www.wikidata.org/entity/Q28906740,0,116,,,
MAR,Marrocos,Q28879401,http://www.wikidata.org/entity/Q28891263,0,1752,,,
MAR,Marrocos,Q28879406,http://www.wikidata.org/entity/Q28906740,0,224,,,
MAR,Marrocos,Q28879407,http://www.wikidata.org/entity/Q28906740,0,337,,,
MAR,Marrocos,Q28879411,http://www.wikidata.org/entity/Q28906740,0,50,,,
MAR,Marrocos,Q28879409,http://www.wikidata.org/entity/Q28906740,0,174,,,
MAR,Marrocos,Q28879412,http://www.wikidata.org/entity/Q28906740,0,130,,,
MAR,Marrocos,Q28879413,http://www.wikidata.org/entity/Q28905930,0,155,,,
MAR,Marrocos,Q28879416,http://www.wikidata.org/entity/Q28905930,0,83,,,
MAR,Marrocos,Q28879423,http://www.wikidata.org/entity/Q28905930,0,355,,,
MAR,Marrocos,Q28879420,http://www.wikidata.org/entity/Q28905930,0,71,,,
MAR,Marrocos,Q28879427,http://www.wikidata.org/entity/Q28905930,0,151,,,
MAR,Marrocos,Q28879540,http://www.wikidata.org/entity/Q28907809,0,236,,,
MAR,Marrocos,Q28879555,http://www.wikidata.org/entity/Q28890103,0,407,,,
MAR,Marrocos,Q28879559,http://www.wikidata.org/entity/Q28890103,0,986,,,
MAR,Marrocos,Q28879556,http://www.wikidata.org/entity/Q28890103,0,313,,,
MAR,Marrocos,Q28879557,http://www.wikidata.org/entity/Q28890103,0,50,,,
MAR,Marrocos,Q28879562,http://www.wikidata.org/entity/Q28890103,0,185,,,
MAR,Marrocos,Q28879563,http://www.wikidata.org/entity/Q28890103,0,423,,,
MAR,Marrocos,Q28879560,http://www.wikidata.org/entity/Q28890103,0,352,,,
MAR,Marrocos,Q28879561,http://www.wikidata.org/entity/Q28890103,0,328,,,
MAR,Marrocos,Q28879564,http://www.wikidata.org/entity/Q28890103,0,376,,,
MAR,Marrocos,Q28879586,http://www.wikidata.org/entity/Q28905040,0,159,,,
MAR,Marrocos,Q28879591,http://www.wikidata.org/entity/Q28903524,0,16,,,
MAR,Marrocos,Q28879588,http://www.wikidata.org/entity/Q28905040,0,117,,,
MAR,Marrocos,Q28879594,http://www.wikidata.org/entity/Q28903754,0,110,,,
MAR,Marrocos,Q28879592,http://www.wikidata.org/entity/Q28903524,0,685,,,
MAR,Marrocos,Q28879593,http://www.wikidata.org/entity/Q28903524,0,442,,,
MAR,Marrocos,Q28879599,http://www.wikidata.org/entity/Q28903754,0,76,,,
MAR,Marrocos,Q28879596,http://www.wikidata.org/entity/Q28903754,0,80,,,
MAR,Marrocos,Q28879602,http://www.wikidata.org/entity/Q28903754,0,287,,,
MAR,Marrocos,Q28879603,http://www.wikidata.org/entity/Q28903754,0,39,,,
MAR,Marrocos,Q28879600,http://www.wikidata.org/entity/Q28903754,0,142,,,
MAR,Marrocos,Q28879601,http://www.wikidata.org/entity/Q28903754,0,497,,,
MAR,Marrocos,Q28879604,http://www.wikidata.org/entity/Q28903754,0,278,,,
MAR,Marrocos,Q28879605,http://www.wikidata.org/entity/Q28903754,0,160,,,
MAR,Marrocos,Q28879610,http://www.wikidata.org/entity/Q28903754,0,161,,,
MAR,Marrocos,Q28879613,http://www.wikidata.org/entity/Q28903754,0,20,,,
MAR,Marrocos,Q28879617,http://www.wikidata.org/entity/Q28903754,0,77,,,
MAR,Marrocos,Q28879620,http://www.wikidata.org/entity/Q28903754,0,186,,,
MAR,Marrocos,Q28879621,http://www.wikidata.org/entity/Q28903754,0,59,,,
MAR,Marrocos,Q28879627,http://www.wikidata.org/entity/Q28903754,0,19,,,
MAR,Marrocos,Q28879624,http://www.wikidata.org/entity/Q28903754,0,71,,,
MAR,Marrocos,Q28879625,http://www.wikidata.org/entity/Q28903754,0,42,,,
MAR,Marrocos,Q28879628,http://www.wikidata.org/entity/Q28903754,0,83,,,
MAR,Marrocos,Q28879759,http://www.wikidata.org/entity/Q28896708,0,304,,,
MAR,Marrocos,Q28879760,http://www.wikidata.org/entity/Q28896708,0,52,,,
MAR,Marrocos,Q28879761,http://www.wikidata.org/entity/Q28896708,0,179,,,
MAR,Marrocos,Q28879766,http://www.wikidata.org/entity/Q28904392,0,125,,,
MAR,Marrocos,Q28879767,http://www.wikidata.org/entity/Q28904392,0,110,,,
MAR,Marrocos,Q28879765,http://www.wikidata.org/entity/Q28904392,0,293,,,
MAR,Marrocos,Q28879770,http://www.wikidata.org/entity/Q28904392,0,175,,,
MAR,Marrocos,Q28879768,http://www.wikidata.org/entity/Q28904392,0,271,,,
MAR,Marrocos,Q28879775,http://www.wikidata.org/entity/Q28889908,0,224,,,
MAR,Marrocos,Q28879773,http://www.wikidata.org/entity/Q28889908,0,540,,,
MAR,Marrocos,Q28879778,http://www.wikidata.org/entity/Q28889908,0,259,,,
MAR,Marrocos,Q28879779,http://www.wikidata.org/entity/Q28889908,0,169,,,
MAR,Marrocos,Q28879776,http://www.wikidata.org/entity/Q28889908,0,353,,,
MAR,Marrocos,Q28879783,http://www.wikidata.org/entity/Q28892915,0,163,,,
MAR,Marrocos,Q28879780,http://www.wikidata.org/entity/Q28892915,0,349,,,
MAR,Marrocos,Q28879781,http://www.wikidata.org/entity/Q28892915,0,66,,,
MAR,Marrocos,Q28879786,http://www.wikidata.org/entity/Q28892915,0,227,,,
MAR,Marrocos,Q28879787,http://www.wikidata.org/entity/Q28892915,0,311,,,
MAR,Marrocos,Q28879784,http://www.wikidata.org/entity/Q28892915,0,207,,,
MAR,Marrocos,Q28879785,http://www.wikidata.org/entity/Q28892915,0,147,,,
MAR,Marrocos,Q28879818,http://www.wikidata.org/entity/Q28904549,0,18,,,
MAR,Marrocos,Q28879819,http://www.wikidata.org/entity/Q28904549,0,99,,,
MAR,Marrocos,Q28879823,http://www.wikidata.org/entity/Q28904549,0,300,,,
MAR,Marrocos,Q28879820,http://www.wikidata.org/entity/Q28904549,0,57,,,
MAR,Marrocos,Q28879826,http://www.wikidata.org/entity/Q28904549,0,157,,,
MAR,Marrocos,Q28879827,http://www.wikidata.org/entity/Q28904549,0,25,,,
MAR,Marrocos,Q28879830,http://www.wikidata.org/entity/Q28904549,0,98,,,
MAR,Marrocos,Q28879828,http://www.wikidata.org/entity/Q28904549,0,223,,,
MAR,Marrocos,Q28879829,http://www.wikidata.org/entity/Q28904549,0,134,,,
MAR,Marrocos,Q28879834,http://www.wikidata.org/entity/Q28904549,0,74,,,
MAR,Marrocos,Q28879835,http://www.wikidata.org/entity/Q28904549,0,82,,,
MAR,Marrocos,Q28879832,http://www.wikidata.org/entity/Q28904549,0,222,,,
MAR,Marrocos,Q28879833,http://www.wikidata.org/entity/Q28904549,0,29,,,
MAR,Marrocos,Q28879838,http://www.wikidata.org/entity/Q28904549,0,29,,,
MAR,Marrocos,Q28879839,http://www.wikidata.org/entity/Q28904549,0,140,,,
MAR,Marrocos,Q28879842,http://www.wikidata.org/entity/Q28904549,0,94,,,
MAR,Marrocos,Q28879843,http://www.wikidata.org/entity/Q28904549,0,56,,,
MAR,Marrocos,Q28879840,http://www.wikidata.org/entity/Q28904549,0,95,,,
MAR,Marrocos,Q28879841,http://www.wikidata.org/entity/Q28904549,0,95,,,
MAR,Marrocos,Q28879846,http://www.wikidata.org/entity/Q28904549,0,303,,,
MAR,Marrocos,Q28879847,http://www.wikidata.org/entity/Q28904549,0,123,,,
MAR,Marrocos,Q28879850,http://www.wikidata.org/entity/Q28908296,0,375,,,
MAR,Marrocos,Q28879851,http://www.wikidata.org/entity/Q28908296,0,58,,,
MAR,Marrocos,Q28879849,http://www.wikidata.org/entity/Q28908296,0,345,,,
MAR,Marrocos,Q28879852,http://www.wikidata.org/entity/Q28908296,0,78,,,
MAR,Marrocos,Q28879859,http://www.wikidata.org/entity/Q28908296,0,221,,,
MAR,Marrocos,Q28879856,http://www.wikidata.org/entity/Q28908296,0,264,,,
MAR,Marrocos,Q28879857,http://www.wikidata.org/entity/Q28908296,0,449,,,
MAR,Marrocos,Q28879862,http://www.wikidata.org/entity/Q28908296,0,122,,,
MAR,Marrocos,Q28879863,http://www.wikidata.org/entity/Q28908296,0,148,,,
MAR,Marrocos,Q28879861,http://www.wikidata.org/entity/Q28908296,0,577,,,
MAR,Marrocos,Q28879864,http://www.wikidata.org/entity/Q28908296,0,178,,,
MAR,Marrocos,Q28879870,http://www.wikidata.org/entity/Q28908296,0,170,,,
MAR,Marrocos,Q28879871,http://www.wikidata.org/entity/Q28908296,0,12,,,
MAR,Marrocos,Q28879869,http://www.wikidata.org/entity/Q28908296,0,186,,,
MAR,Marrocos,Q28879874,http://www.wikidata.org/entity/Q28908296,0,248,,,
MAR,Marrocos,Q28879875,http://www.wikidata.org/entity/Q28908296,0,82,,,
MAR,Marrocos,Q28879873,http://www.wikidata.org/entity/Q28908296,0,85,,,
MAR,Marrocos,Q28879876,http://www.wikidata.org/entity/Q28908296,0,180,,,
MAR,Marrocos,Q28879877,http://www.wikidata.org/entity/Q28908296,0,251,,,
MAR,Marrocos,Q28879944,http://www.wikidata.org/entity/Q28904708,0,687,,,
MAR,Marrocos,Q28879950,http://www.wikidata.org/entity/Q28904708,0,435,,,
MAR,Marrocos,Q28879948,http://www.wikidata.org/entity/Q28904708,0,341,,,
MAR,Marrocos,Q28879949,http://www.wikidata.org/entity/Q28904708,0,514,,,
MAR,Marrocos,Q28879952,http://www.wikidata.org/entity/Q28904708,0,1177,,,
MAR,Marrocos,Q28879953,http://www.wikidata.org/entity/Q28904708,0,370,,,
MAR,Marrocos,Q28879967,http://www.wikidata.org/entity/Q28904661,0,514,,,
MAR,Marrocos,Q28879971,http://www.wikidata.org/entity/Q28904661,0,285,,,
MAR,Marrocos,Q28879969,http://www.wikidata.org/entity/Q28904661,0,272,,,
MAR,Marrocos,Q28879975,http://www.wikidata.org/entity/Q28904661,0,427,,,
MAR,Marrocos,Q28879972,http://www.wikidata.org/entity/Q28904661,0,257,,,
MAR,Marrocos,Q28879973,http://www.wikidata.org/entity/Q28904661,0,127,,,
MAR,Marrocos,Q28879978,http://www.wikidata.org/entity/Q28904661,0,418,,,
MAR,Marrocos,Q28879979,http://www.wikidata.org/entity/Q28904661,0,321,,,
MAR,Marrocos,Q28879977,http://www.wikidata.org/entity/Q28904661,0,422,,,
MAR,Marrocos,Q28879982,http://www.wikidata.org/entity/Q28904661,0,22,,,
MAR,Marrocos,Q28879983,http://www.wikidata.org/entity/Q28904661,0,167,,,
MAR,Marrocos,Q28879980,http://www.wikidata.org/entity/Q28904661,0,102,,,
MAR,Marrocos,Q28879981,http://www.wikidata.org/entity/Q28904661,0,138,,,
MAR,Marrocos,Q28879984,http://www.wikidata.org/entity/Q28904661,0,316,,,
MAR,Marrocos,Q28879991,http://www.wikidata.org/entity/Q28903591,0,783,,,
MAR,Marrocos,Q28879995,http://www.wikidata.org/entity/Q28903591,0,503,,,
MAR,Marrocos,Q28879992,http://www.wikidata.org/entity/Q28903591,0,493,,,
MAR,Marrocos,Q28879993,http://www.wikidata.org/entity/Q28903591,0,196,,,
MAR,Marrocos,Q28879998,http://www.wikidata.org/entity/Q28903591,0,287,,,
MAR,Marrocos,Q28879999,http://www.wikidata.org/entity/Q28903591,0,281,,,
MAR,Marrocos,Q28880000,http://www.wikidata.org/entity/Q28903591,0,488,,,
MAR,Marrocos,Q28880190,http://www.wikidata.org/entity/Q28896650,0,257,,,
MAR,Marrocos,Q28880191,http://www.wikidata.org/entity/Q28896650,0,181,,,
MAR,Marrocos,Q28880188,http://www.wikidata.org/entity/Q28896650,0,251,,,
MAR,Marrocos,Q28880189,http://www.wikidata.org/entity/Q28896650,0,338,,,
MAR,Marrocos,Q28880192,http://www.wikidata.org/entity/Q28896650,0,224,,,
MAR,Marrocos,Q28880193,http://www.wikidata.org/entity/Q28896650,0,785,,,
MAR,Marrocos,Q28880479,http://www.wikidata.org/entity/Q28903568,0,221,,,
MAR,Marrocos,Q28880476,http://www.wikidata.org/entity/Q28903568,0,261,,,
MAR,Marrocos,Q28880477,http://www.wikidata.org/entity/Q28903568,0,318,,,
MAR,Marrocos,Q28880494,http://www.wikidata.org/entity/Q28899613,0,1367,,,
MAR,Marrocos,Q28880498,http://www.wikidata.org/entity/Q28899613,0,1076,,,
MAR,Marrocos,Q28880496,http://www.wikidata.org/entity/Q28899613,0,315,,34.723269815105,-4.5647465868814
MAR,Marrocos,Q28880497,http://www.wikidata.org/entity/Q28899613,0,789,,,
MAR,Marrocos,Q28880506,http://www.wikidata.org/entity/Q28900539,0,325,,,
MAR,Marrocos,Q28880507,http://www.wikidata.org/entity/Q28900539,0,156,,,
MAR,Marrocos,Q28880504,http://www.wikidata.org/entity/Q28900539,0,858,,,
MAR,Marrocos,Q28880505,http://www.wikidata.org/entity/Q28900539,0,419,,,
MAR,Marrocos,Q28880510,http://www.wikidata.org/entity/Q28902162,0,1073,,,
MAR,Marrocos,Q28880508,http://www.wikidata.org/entity/Q28902162,0,1422,,,
MAR,Marrocos,Q28880762,http://www.wikidata.org/entity/Q28891573,0,517,,,
MAR,Marrocos,Q28880766,http://www.wikidata.org/entity/Q28891573,0,194,,,
MAR,Marrocos,Q28880764,http://www.wikidata.org/entity/Q28891573,0,310,,,
MAR,Marrocos,Q28880765,http://www.wikidata.org/entity/Q28891573,0,410,,,
MAR,Marrocos,Q28880834,http://www.wikidata.org/entity/Q28895404,0,138,,,
MAR,Marrocos,Q28880835,http://www.wikidata.org/entity/Q28895404,0,207,,,
MAR,Marrocos,Q28880838,http://www.wikidata.org/entity/Q28895404,0,331,,,
MAR,Marrocos,Q28880839,http://www.wikidata.org/entity/Q28895404,0,62,,,
MAR,Marrocos,Q28880836,http://www.wikidata.org/entity/Q28895404,0,69,,,
MAR,Marrocos,Q28880840,http://www.wikidata.org/entity/Q28895404,0,1639,,,
MAR,Marrocos,Q28880841,http://www.wikidata.org/entity/Q28895404,0,262,,,
MAR,Marrocos,Q28880239,http://www.wikidata.org/entity/Q28901459,0,597,,,
MAR,Marrocos,Q28880236,http://www.wikidata.org/entity/Q28898152,0,767,,,
MAR,Marrocos,Q28880237,http://www.wikidata.org/entity/Q28901459,0,494,,,
MAR,Marrocos,Q28880242,http://www.wikidata.org/entity/Q28901459,0,763,,,
MAR,Marrocos,Q28880243,http://www.wikidata.org/entity/Q28901459,0,317,,,
MAR,Marrocos,Q28880240,http://www.wikidata.org/entity/Q28901459,0,493,,,
MAR,Marrocos,Q28880241,http://www.wikidata.org/entity/Q28901459,0,138,,,
MAR,Marrocos,Q28880246,http://www.wikidata.org/entity/Q28896688,0,225,,,
MAR,Marrocos,Q28880247,http://www.wikidata.org/entity/Q28896688,0,263,,,
MAR,Marrocos,Q28880244,http://www.wikidata.org/entity/Q28901459,0,366,,,
MAR,Marrocos,Q28880245,http://www.wikidata.org/entity/Q28896688,0,152,,,
MAR,Marrocos,Q28880250,http://www.wikidata.org/entity/Q28896688,0,197,,,
MAR,Marrocos,Q28880251,http://www.wikidata.org/entity/Q28896688,0,653,,,
MAR,Marrocos,Q28880248,http://www.wikidata.org/entity/Q28896688,0,344,,,
MAR,Marrocos,Q28880249,http://www.wikidata.org/entity/Q28896688,0,562,,,
MAR,Marrocos,Q28880252,http://www.wikidata.org/entity/Q28896688,0,99,,,
MAR,Marrocos,Q28880253,http://www.wikidata.org/entity/Q28896688,0,192,,,
MAR,Marrocos,Q28880258,http://www.wikidata.org/entity/Q28880261,0,1316,,,
MAR,Marrocos,Q28880259,http://www.wikidata.org/entity/Q28880261,0,378,,35.1557,-3.9659
MAR,Marrocos,Q28880260,http://www.wikidata.org/entity/Q28880261,0,577,,,
MAR,Marrocos,Q28880322,http://www.wikidata.org/entity/Q28907166,0,480,,,
MAR,Marrocos,Q28880323,http://www.wikidata.org/entity/Q28907166,0,898,,,
MAR,Marrocos,Q28880326,http://www.wikidata.org/entity/Q28903194,0,612,,,
MAR,Marrocos,Q28880327,http://www.wikidata.org/entity/Q28903194,0,396,,,
MAR,Marrocos,Q28880324,http://www.wikidata.org/entity/Q28907166,0,271,,,
MAR,Marrocos,Q28880325,http://www.wikidata.org/entity/Q28903194,0,677,,,
MAR,Marrocos,Q28880330,http://www.wikidata.org/entity/Q28907167,0,260,,,
MAR,Marrocos,Q28880331,http://www.wikidata.org/entity/Q28907167,0,530,,,
MAR,Marrocos,Q28880328,http://www.wikidata.org/entity/Q28903194,0,524,,,
MAR,Marrocos,Q28880329,http://www.wikidata.org/entity/Q28907167,0,449,,,
MAR,Marrocos,Q28880334,http://www.wikidata.org/entity/Q28899481,0,799,,,
MAR,Marrocos,Q28880335,http://www.wikidata.org/entity/Q28904556,0,550,,,
MAR,Marrocos,Q28880332,http://www.wikidata.org/entity/Q28899481,0,1264,,,
MAR,Marrocos,Q28880333,http://www.wikidata.org/entity/Q28899481,0,501,,,
MAR,Marrocos,Q28880339,http://www.wikidata.org/entity/Q28896802,0,573,,,
MAR,Marrocos,Q28880336,http://www.wikidata.org/entity/Q28904556,0,309,,,
MAR,Marrocos,Q28880340,http://www.wikidata.org/entity/Q28896802,0,566,,,
MAR,Marrocos,Q28880341,http://www.wikidata.org/entity/Q28896802,0,761,,,
MAR,Marrocos,Q28880344,http://www.wikidata.org/entity/Q28907025,0,424,,,
MAR,Marrocos,Q28880345,http://www.wikidata.org/entity/Q28907025,0,80,,,
MAR,Marrocos,Q28880350,http://www.wikidata.org/entity/Q28896702,0,337,,35.222457600846,-3.9481902229786
MAR,Marrocos,Q28880351,http://www.wikidata.org/entity/Q28904203,0,880,,35.2006676,-4.0229613
MAR,Marrocos,Q28880348,http://www.wikidata.org/entity/Q28896702,0,1494,,,
MAR,Marrocos,Q28880349,http://www.wikidata.org/entity/Q28896702,0,63,,,
MAR,Marrocos,Q28880358,http://www.wikidata.org/entity/Q28893093,0,3042,,35.119631494262,-3.8795861654324
MAR,Marrocos,Q28880359,http://www.wikidata.org/entity/Q28893093,0,523,,,
MAR,Marrocos,Q28880357,http://www.wikidata.org/entity/Q28899482,0,432,,35.116102378522,-3.871996941794
MAR,Marrocos,Q28880362,http://www.wikidata.org/entity/Q28903771,0,3905,,35.0015,-3.8526
MAR,Marrocos,Q28880360,http://www.wikidata.org/entity/Q28902148,0,577,,35.003214347567,-3.8673162889481
MAR,Marrocos,Q28880361,http://www.wikidata.org/entity/Q28902148,0,2345,,34.9813149,-3.8761974
MAR,Marrocos,Q28880364,http://www.wikidata.org/entity/Q28903771,0,690,,35.041592210526,-3.8559008073807
MAR,Marrocos,Q28880365,http://www.wikidata.org/entity/Q28903771,0,283,,,
MAR,Marrocos,Q28880370,http://www.wikidata.org/entity/Q28904303,0,136,,,
MAR,Marrocos,Q28880371,http://www.wikidata.org/entity/Q28904303,0,165,,,
MAR,Marrocos,Q28880368,http://www.wikidata.org/entity/Q28904303,0,374,,35.135,-4.1536
MAR,Marrocos,Q28880369,http://www.wikidata.org/entity/Q28904303,0,161,,,
MAR,Marrocos,Q28880374,http://www.wikidata.org/entity/Q28904303,0,134,,,
MAR,Marrocos,Q28880375,http://www.wikidata.org/entity/Q28904303,0,201,,,
MAR,Marrocos,Q28880372,http://www.wikidata.org/entity/Q28904303,0,226,,,
MAR,Marrocos,Q28880373,http://www.wikidata.org/entity/Q28904303,0,144,,,
MAR,Marrocos,Q28880376,http://www.wikidata.org/entity/Q28904303,0,141,,35.1684513,-4.2890343
MAR,Marrocos,Q28880382,http://www.wikidata.org/entity/Q28904303,0,80,,,
MAR,Marrocos,Q28880383,http://www.wikidata.org/entity/Q28892946,0,233,,,
MAR,Marrocos,Q28880381,http://www.wikidata.org/entity/Q28904303,0,214,,,
MAR,Marrocos,Q28880387,http://www.wikidata.org/entity/Q28892946,0,792,,,
MAR,Marrocos,Q28880384,http://www.wikidata.org/entity/Q28892946,0,528,,,
MAR,Marrocos,Q28880385,http://www.wikidata.org/entity/Q28892946,0,350,,,
MAR,Marrocos,Q28880391,http://www.wikidata.org/entity/Q28892946,0,226,,,
MAR,Marrocos,Q28880388,http://www.wikidata.org/entity/Q28892946,0,170,,,
MAR,Marrocos,Q28880389,http://www.wikidata.org/entity/Q28892946,0,211,,,
MAR,Marrocos,Q28880394,http://www.wikidata.org/entity/Q28892946,0,275,,,
MAR,Marrocos,Q28880392,http://www.wikidata.org/entity/Q28892946,0,149,,,
MAR,Marrocos,Q28880393,http://www.wikidata.org/entity/Q28892946,0,317,,,
MAR,Marrocos,Q28880398,http://www.wikidata.org/entity/Q28902147,0,1078,,35.0452149,-3.8933017
MAR,Marrocos,Q28880402,http://www.wikidata.org/entity/Q28896663,0,932,,,
MAR,Marrocos,Q28880400,http://www.wikidata.org/entity/Q28896663,0,430,,35.003847095718,-3.9360666704178
MAR,Marrocos,Q28880401,http://www.wikidata.org/entity/Q28896663,0,993,,,
MAR,Marrocos,Q28880406,http://www.wikidata.org/entity/Q28896763,0,486,,34.95579533826,-4.1134595940467
MAR,Marrocos,Q28880407,http://www.wikidata.org/entity/Q28896763,0,599,,,
MAR,Marrocos,Q28880405,http://www.wikidata.org/entity/Q28896763,0,400,,,
MAR,Marrocos,Q28880410,http://www.wikidata.org/entity/Q28892814,0,358,,,
MAR,Marrocos,Q28880411,http://www.wikidata.org/entity/Q28894470,0,719,,,
MAR,Marrocos,Q28880408,http://www.wikidata.org/entity/Q28892814,0,311,,,
MAR,Marrocos,Q28880414,http://www.wikidata.org/entity/Q28894470,0,222,,,
MAR,Marrocos,Q28880412,http://www.wikidata.org/entity/Q28894470,0,431,,,
MAR,Marrocos,Q28880413,http://www.wikidata.org/entity/Q28894470,0,249,,,
MAR,Marrocos,Q28880419,http://www.wikidata.org/entity/Q28899709,0,451,,,
MAR,Marrocos,Q28880417,http://www.wikidata.org/entity/Q28907306,0,1986,,,
MAR,Marrocos,Q28880422,http://www.wikidata.org/entity/Q28899709,0,471,,,
MAR,Marrocos,Q28880423,http://www.wikidata.org/entity/Q28899709,0,1332,,,
MAR,Marrocos,Q28880420,http://www.wikidata.org/entity/Q28899709,0,597,,,
MAR,Marrocos,Q28880421,http://www.wikidata.org/entity/Q28899709,0,642,,,
MAR,Marrocos,Q28880470,http://www.wikidata.org/entity/Q28902864,0,534,,,
MAR,Marrocos,Q28880468,http://www.wikidata.org/entity/Q28901773,0,293,,,
MAR,Marrocos,Q28880469,http://www.wikidata.org/entity/Q28902864,0,378,,,
MAR,Marrocos,Q28880474,http://www.wikidata.org/entity/Q28903568,0,282,,,
MAR,Marrocos,Q28880472,http://www.wikidata.org/entity/Q28903568,0,548,,,
MAR,Marrocos,Q28880473,http://www.wikidata.org/entity/Q28903568,0,675,,,
MAR,Marrocos,Q28880478,http://www.wikidata.org/entity/Q28903568,0,410,,,
MAR,Marrocos,Q28879663,http://www.wikidata.org/entity/Q6004235,0,813,,31.135234444444,-7.9202780555556
MAR,Marrocos,Q28879666,http://www.wikidata.org/entity/Q6004235,0,845,,,
MAR,Marrocos,Q28879667,http://www.wikidata.org/entity/Q6004235,0,470,,,
MAR,Marrocos,Q28879664,http://www.wikidata.org/entity/Q6004235,0,1045,,31.125722777778,-7.9167883333333
MAR,Marrocos,Q28879665,http://www.wikidata.org/entity/Q6004235,0,568,,,
MAR,Marrocos,Q28879670,http://www.wikidata.org/entity/Q6004235,0,180,,,
MAR,Marrocos,Q28879671,http://www.wikidata.org/entity/Q6004235,0,394,,,
MAR,Marrocos,Q28879668,http://www.wikidata.org/entity/Q6004235,0,198,,,
MAR,Marrocos,Q28879675,http://www.wikidata.org/entity/Q6004235,0,383,,,
MAR,Marrocos,Q28879672,http://www.wikidata.org/entity/Q6004235,0,504,,,
MAR,Marrocos,Q28879673,http://www.wikidata.org/entity/Q6004235,0,266,,,
MAR,Marrocos,Q28879678,http://www.wikidata.org/entity/Q6004235,0,356,,,
MAR,Marrocos,Q28879679,http://www.wikidata.org/entity/Q6004235,0,464,,,
MAR,Marrocos,Q28879676,http://www.wikidata.org/entity/Q6004235,0,589,,,
MAR,Marrocos,Q28879677,http://www.wikidata.org/entity/Q6004235,0,815,,,
MAR,Marrocos,Q28879710,http://www.wikidata.org/entity/Q28901446,0,119,,,
MAR,Marrocos,Q28879711,http://www.wikidata.org/entity/Q28901446,0,143,,,
MAR,Marrocos,Q28879708,http://www.wikidata.org/entity/Q28901446,0,150,,,
MAR,Marrocos,Q28879709,http://www.wikidata.org/entity/Q28901446,0,15,,,
MAR,Marrocos,Q28879714,http://www.wikidata.org/entity/Q28901446,0,139,,,
MAR,Marrocos,Q28879713,http://www.wikidata.org/entity/Q28901446,0,234,,,
MAR,Marrocos,Q28879718,http://www.wikidata.org/entity/Q28901446,0,2,,,
MAR,Marrocos,Q28879719,http://www.wikidata.org/entity/Q28901446,0,411,,,
MAR,Marrocos,Q28879723,http://www.wikidata.org/entity/Q28901446,0,179,,,
MAR,Marrocos,Q28879724,http://www.wikidata.org/entity/Q28901446,0,77,,,
MAR,Marrocos,Q28879725,http://www.wikidata.org/entity/Q28901446,0,245,,,
MAR,Marrocos,Q28879746,http://www.wikidata.org/entity/Q28896708,0,97,,,
MAR,Marrocos,Q28879747,http://www.wikidata.org/entity/Q28896708,0,60,,,
MAR,Marrocos,Q28879745,http://www.wikidata.org/entity/Q28896708,0,147,,,
MAR,Marrocos,Q28879750,http://www.wikidata.org/entity/Q28896708,0,350,,,
MAR,Marrocos,Q28879751,http://www.wikidata.org/entity/Q28896708,0,286,,,
MAR,Marrocos,Q28879748,http://www.wikidata.org/entity/Q28896708,0,138,,,
MAR,Marrocos,Q28879749,http://www.wikidata.org/entity/Q28896708,0,256,,,
MAR,Marrocos,Q28879754,http://www.wikidata.org/entity/Q28896708,0,79,,,
MAR,Marrocos,Q28879755,http://www.wikidata.org/entity/Q28896708,0,331,,,
MAR,Marrocos,Q28879752,http://www.wikidata.org/entity/Q28896708,0,114,,,
MAR,Marrocos,Q28879753,http://www.wikidata.org/entity/Q28896708,0,119,,,
MAR,Marrocos,Q28879758,http://www.wikidata.org/entity/Q28896708,0,26,,,
MAR,Marrocos,Q28879756,http://www.wikidata.org/entity/Q28896708,0,111,,,
MAR,Marrocos,Q28879757,http://www.wikidata.org/entity/Q28896708,0,70,,,
MAR,Marrocos,Q28879790,http://www.wikidata.org/entity/Q28892915,0,179,,,
MAR,Marrocos,Q28879788,http://www.wikidata.org/entity/Q28892915,0,568,,,
MAR,Marrocos,Q28879789,http://www.wikidata.org/entity/Q28880683,0,532,,,
MAR,Marrocos,Q28879794,http://www.wikidata.org/entity/Q28909333,0,42,,,
MAR,Marrocos,Q28879792,http://www.wikidata.org/entity/Q28909333,0,90,,,
MAR,Marrocos,Q28879793,http://www.wikidata.org/entity/Q28909333,0,137,,,
MAR,Marrocos,Q28879798,http://www.wikidata.org/entity/Q28909333,0,22,,,
MAR,Marrocos,Q28879796,http://www.wikidata.org/entity/Q28909333,0,53,,,
MAR,Marrocos,Q28879797,http://www.wikidata.org/entity/Q28909333,0,38,,,
MAR,Marrocos,Q28879801,http://www.wikidata.org/entity/Q28909333,0,109,,,
MAR,Marrocos,Q28879806,http://www.wikidata.org/entity/Q28909333,0,314,,,
MAR,Marrocos,Q28879807,http://www.wikidata.org/entity/Q28909333,0,61,,,
MAR,Marrocos,Q28879804,http://www.wikidata.org/entity/Q28909333,0,103,,,
MAR,Marrocos,Q28879805,http://www.wikidata.org/entity/Q28909333,0,309,,,
MAR,Marrocos,Q28879808,http://www.wikidata.org/entity/Q28909333,0,178,,,
MAR,Marrocos,Q28879814,http://www.wikidata.org/entity/Q28904549,0,91,,,
MAR,Marrocos,Q28879815,http://www.wikidata.org/entity/Q28904549,0,90,,,
MAR,Marrocos,Q28879812,http://www.wikidata.org/entity/Q28909333,0,220,,,
MAR,Marrocos,Q28880071,http://www.wikidata.org/entity/Q28903627,0,609,,,
MAR,Marrocos,Q28880075,http://www.wikidata.org/entity/Q28903627,0,196,,,
MAR,Marrocos,Q28880072,http://www.wikidata.org/entity/Q28903627,0,653,,,
MAR,Marrocos,Q28880078,http://www.wikidata.org/entity/Q28903627,0,533,,,
MAR,Marrocos,Q28880079,http://www.wikidata.org/entity/Q28903627,0,344,,,
MAR,Marrocos,Q28880080,http://www.wikidata.org/entity/Q28903627,0,828,,,
MAR,Marrocos,Q28880106,http://www.wikidata.org/entity/Q28904663,0,330,,,
MAR,Marrocos,Q28880107,http://www.wikidata.org/entity/Q28904663,0,373,,,
MAR,Marrocos,Q28880110,http://www.wikidata.org/entity/Q28904663,0,268,,,
MAR,Marrocos,Q28880108,http://www.wikidata.org/entity/Q28904663,0,4,,,
MAR,Marrocos,Q28880109,http://www.wikidata.org/entity/Q28904663,0,31,,,
MAR,Marrocos,Q28880114,http://www.wikidata.org/entity/Q28904663,0,168,,,
MAR,Marrocos,Q28880115,http://www.wikidata.org/entity/Q28904663,0,114,,,
MAR,Marrocos,Q28880112,http://www.wikidata.org/entity/Q28904663,0,437,,,
MAR,Marrocos,Q28880118,http://www.wikidata.org/entity/Q28904663,0,10,,,
MAR,Marrocos,Q28880119,http://www.wikidata.org/entity/Q28904663,0,593,,,
MAR,Marrocos,Q28880116,http://www.wikidata.org/entity/Q28904663,0,142,,,
MAR,Marrocos,Q28880123,http://www.wikidata.org/entity/Q28904663,0,59,,,
MAR,Marrocos,Q28880142,http://www.wikidata.org/entity/Q28899708,0,143,,,
MAR,Marrocos,Q28880143,http://www.wikidata.org/entity/Q28899708,0,408,,,
MAR,Marrocos,Q28880141,http://www.wikidata.org/entity/Q28899708,0,503,,,
MAR,Marrocos,Q28880146,http://www.wikidata.org/entity/Q28895252,0,254,,,
MAR,Marrocos,Q28880147,http://www.wikidata.org/entity/Q28895252,0,95,,,
MAR,Marrocos,Q28880144,http://www.wikidata.org/entity/Q28899708,0,258,,,
MAR,Marrocos,Q28880145,http://www.wikidata.org/entity/Q28899708,0,386,,35.1529,-4.3258
MAR,Marrocos,Q28880150,http://www.wikidata.org/entity/Q28895252,0,284,,,
MAR,Marrocos,Q28880151,http://www.wikidata.org/entity/Q28895252,0,289,,35.059638862383,-4.3224658010025
MAR,Marrocos,Q28880149,http://www.wikidata.org/entity/Q28895252,0,497,,35.084471784462,-4.3212455614441
MAR,Marrocos,Q28880154,http://www.wikidata.org/entity/Q28896277,0,503,,,
MAR,Marrocos,Q28880155,http://www.wikidata.org/entity/Q28896277,0,596,,,
MAR,Marrocos,Q28880152,http://www.wikidata.org/entity/Q28895252,0,541,,,
MAR,Marrocos,Q28880153,http://www.wikidata.org/entity/Q28896277,0,299,,,
MAR,Marrocos,Q28880158,http://www.wikidata.org/entity/Q28893418,0,1691,,,
MAR,Marrocos,Q28880156,http://www.wikidata.org/entity/Q28896277,0,660,,,
MAR,Marrocos,Q28880157,http://www.wikidata.org/entity/Q28896277,0,285,,,
MAR,Marrocos,Q28880162,http://www.wikidata.org/entity/Q28893418,0,354,,,
MAR,Marrocos,Q28880160,http://www.wikidata.org/entity/Q28893418,0,249,,,
MAR,Marrocos,Q28880161,http://www.wikidata.org/entity/Q28893418,0,823,,,
MAR,Marrocos,Q28880166,http://www.wikidata.org/entity/Q28886258,0,77,,,
MAR,Marrocos,Q28880167,http://www.wikidata.org/entity/Q28886258,0,489,,35.102495391827,-4.414143615417
MAR,Marrocos,Q28880164,http://www.wikidata.org/entity/Q28893418,0,386,,,
MAR,Marrocos,Q28880165,http://www.wikidata.org/entity/Q28886258,0,141,,35.123335238721,-4.4391657965095
MAR,Marrocos,Q28880170,http://www.wikidata.org/entity/Q28886258,0,660,,35.116882784481,-4.4640927193702
MAR,Marrocos,Q28880168,http://www.wikidata.org/entity/Q28886258,0,589,,35.108662588044,-4.4330930022818
MAR,Marrocos,Q28880169,http://www.wikidata.org/entity/Q28886258,0,401,,,
MAR,Marrocos,Q28880174,http://www.wikidata.org/entity/Q28896775,0,227,,,
MAR,Marrocos,Q28880172,http://www.wikidata.org/entity/Q28896775,0,133,,35.024461296248,-4.3874502020009
MAR,Marrocos,Q28880173,http://www.wikidata.org/entity/Q28896775,0,267,,35.027440057818,-4.396924452288
MAR,Marrocos,Q28880178,http://www.wikidata.org/entity/Q28896775,0,192,,,
MAR,Marrocos,Q28880179,http://www.wikidata.org/entity/Q28896775,0,124,,,
MAR,Marrocos,Q28880176,http://www.wikidata.org/entity/Q28896775,0,522,,35.042713716816,-4.3884983132326
MAR,Marrocos,Q28880177,http://www.wikidata.org/entity/Q28896775,0,404,,,
MAR,Marrocos,Q28880182,http://www.wikidata.org/entity/Q28896650,0,225,,,
MAR,Marrocos,Q28880183,http://www.wikidata.org/entity/Q28896650,0,104,,,
MAR,Marrocos,Q28880180,http://www.wikidata.org/entity/Q28896650,0,241,,,
MAR,Marrocos,Q28880181,http://www.wikidata.org/entity/Q28896650,0,158,,,
MAR,Marrocos,Q28880186,http://www.wikidata.org/entity/Q28896650,0,40,,,
MAR,Marrocos,Q28880187,http://www.wikidata.org/entity/Q28896650,0,174,,,
MAR,Marrocos,Q28880184,http://www.wikidata.org/entity/Q28896650,0,316,,,
MAR,Marrocos,Q28880185,http://www.wikidata.org/entity/Q28896650,0,297,,,
MAR,Marrocos,Q28880194,http://www.wikidata.org/entity/Q28893698,0,595,,,
MAR,Marrocos,Q28880198,http://www.wikidata.org/entity/Q28893698,0,148,,,
MAR,Marrocos,Q28880199,http://www.wikidata.org/entity/Q28893698,0,111,,,
MAR,Marrocos,Q28880196,http://www.wikidata.org/entity/Q28893698,0,194,,,
MAR,Marrocos,Q28880197,http://www.wikidata.org/entity/Q28893698,0,300,,,
MAR,Marrocos,Q28880202,http://www.wikidata.org/entity/Q28905479,0,357,,,
MAR,Marrocos,Q28880203,http://www.wikidata.org/entity/Q28905479,0,422,,,
MAR,Marrocos,Q28880200,http://www.wikidata.org/entity/Q28905479,0,353,,,
MAR,Marrocos,Q28880201,http://www.wikidata.org/entity/Q28905479,0,56,,,
MAR,Marrocos,Q28880206,http://www.wikidata.org/entity/Q28905479,0,165,,,
MAR,Marrocos,Q28880205,http://www.wikidata.org/entity/Q28905479,0,165,,,
MAR,Marrocos,Q28880211,http://www.wikidata.org/entity/Q28902270,0,382,,,
MAR,Marrocos,Q28880208,http://www.wikidata.org/entity/Q28905479,0,745,,,
MAR,Marrocos,Q28880209,http://www.wikidata.org/entity/Q28902270,0,329,,,
MAR,Marrocos,Q28880214,http://www.wikidata.org/entity/Q28902270,0,151,,,
MAR,Marrocos,Q28880218,http://www.wikidata.org/entity/Q28902270,0,402,,,
MAR,Marrocos,Q28880219,http://www.wikidata.org/entity/Q28902270,0,1087,,,
MAR,Marrocos,Q28880216,http://www.wikidata.org/entity/Q28902270,0,78,,,
MAR,Marrocos,Q28880223,http://www.wikidata.org/entity/Q28901184,0,220,,,
MAR,Marrocos,Q28880227,http://www.wikidata.org/entity/Q28901184,0,427,,,
MAR,Marrocos,Q28880224,http://www.wikidata.org/entity/Q28901184,0,68,,,
MAR,Marrocos,Q28880225,http://www.wikidata.org/entity/Q28901184,0,692,,,
MAR,Marrocos,Q28880230,http://www.wikidata.org/entity/Q28901184,0,178,,,
MAR,Marrocos,Q28880231,http://www.wikidata.org/entity/Q28898152,0,251,,,
MAR,Marrocos,Q28880234,http://www.wikidata.org/entity/Q28898152,0,792,,,
MAR,Marrocos,Q28880235,http://www.wikidata.org/entity/Q28898152,0,300,,,
MAR,Marrocos,Q28880232,http://www.wikidata.org/entity/Q28898152,0,299,,,
MAR,Marrocos,Q28880233,http://www.wikidata.org/entity/Q28898152,0,216,,,
MAR,Marrocos,Q28880262,http://www.wikidata.org/entity/Q28880261,0,1040,,35.122,-4.0162
MAR,Marrocos,Q28880263,http://www.wikidata.org/entity/Q28891608,0,520,,,
MAR,Marrocos,Q28880266,http://www.wikidata.org/entity/Q28891608,0,643,,,
MAR,Marrocos,Q28880264,http://www.wikidata.org/entity/Q28891608,0,145,,35.1046,-4.0599
MAR,Marrocos,Q28880265,http://www.wikidata.org/entity/Q28891608,0,800,,,
MAR,Marrocos,Q28880275,http://www.wikidata.org/entity/Q28906966,0,371,,,
MAR,Marrocos,Q28880272,http://www.wikidata.org/entity/Q28906966,0,319,,,
MAR,Marrocos,Q28880278,http://www.wikidata.org/entity/Q28906966,0,717,,,
MAR,Marrocos,Q28880277,http://www.wikidata.org/entity/Q28906966,0,1967,,35.162020833992,-3.8377047014236
MAR,Marrocos,Q28880286,http://www.wikidata.org/entity/Q28901445,0,377,,,
MAR,Marrocos,Q28880284,http://www.wikidata.org/entity/Q28901027,0,580,,,
MAR,Marrocos,Q28880285,http://www.wikidata.org/entity/Q28901027,0,540,,,
MAR,Marrocos,Q28880288,http://www.wikidata.org/entity/Q28901445,0,713,,34.883337433558,-3.8702945652016
MAR,Marrocos,Q28880301,http://www.wikidata.org/entity/Q28903307,0,420,,,
MAR,Marrocos,Q28880310,http://www.wikidata.org/entity/Q28897417,0,389,,,
MAR,Marrocos,Q28880309,http://www.wikidata.org/entity/Q28897417,0,364,,,
MAR,Marrocos,Q28880314,http://www.wikidata.org/entity/Q28903767,0,703,,,
MAR,Marrocos,Q28880315,http://www.wikidata.org/entity/Q28903767,0,826,,,
MAR,Marrocos,Q28880312,http://www.wikidata.org/entity/Q28902540,0,374,,,
MAR,Marrocos,Q28880313,http://www.wikidata.org/entity/Q28902540,0,365,,,
MAR,Marrocos,Q28880317,http://www.wikidata.org/entity/Q28903767,0,614,,,
MAR,Marrocos,Q28880347,http://www.wikidata.org/entity/Q28896702,0,195,,35.201778993712,-3.9814924312283
MAR,Marrocos,Q28880426,http://www.wikidata.org/entity/Q28899709,0,1677,,,
MAR,Marrocos,Q28880427,http://www.wikidata.org/entity/Q28899709,0,916,,,
MAR,Marrocos,Q28880424,http://www.wikidata.org/entity/Q28899709,0,1407,,,
MAR,Marrocos,Q28880425,http://www.wikidata.org/entity/Q28899709,0,210,,,
MAR,Marrocos,Q28880430,http://www.wikidata.org/entity/Q28899709,0,1095,,,
MAR,Marrocos,Q28880431,http://www.wikidata.org/entity/Q28900981,0,2625,,,
MAR,Marrocos,Q28880433,http://www.wikidata.org/entity/Q28900981,0,1762,,,
MAR,Marrocos,Q28880454,http://www.wikidata.org/entity/Q28895017,0,303,,,
MAR,Marrocos,Q28880455,http://www.wikidata.org/entity/Q28895017,0,386,,,
MAR,Marrocos,Q28880458,http://www.wikidata.org/entity/Q28895017,0,498,,,
MAR,Marrocos,Q28880459,http://www.wikidata.org/entity/Q28895017,0,199,,,
MAR,Marrocos,Q28880456,http://www.wikidata.org/entity/Q28895017,0,497,,,
MAR,Marrocos,Q28880457,http://www.wikidata.org/entity/Q28895017,0,494,,,
MAR,Marrocos,Q28880462,http://www.wikidata.org/entity/Q28901773,0,814,,,
MAR,Marrocos,Q28880463,http://www.wikidata.org/entity/Q28901773,0,212,,,
MAR,Marrocos,Q28880461,http://www.wikidata.org/entity/Q28895263,0,427,,,
MAR,Marrocos,Q28880466,http://www.wikidata.org/entity/Q28901773,0,280,,,
MAR,Marrocos,Q28880464,http://www.wikidata.org/entity/Q28901773,0,1043,,,
MAR,Marrocos,Q28880465,http://www.wikidata.org/entity/Q28901773,0,625,,34.764970576795,-4.1548585683398
MAR,Marrocos,Q28880515,http://www.wikidata.org/entity/Q28902162,0,241,,,
MAR,Marrocos,Q28880513,http://www.wikidata.org/entity/Q28902162,0,171,,,
MAR,Marrocos,Q28880518,http://www.wikidata.org/entity/Q28902162,0,105,,,
MAR,Marrocos,Q28880519,http://www.wikidata.org/entity/Q28902162,0,113,,,
MAR,Marrocos,Q28880517,http://www.wikidata.org/entity/Q28902162,0,56,,,
MAR,Marrocos,Q28880522,http://www.wikidata.org/entity/Q28902162,0,192,,,
MAR,Marrocos,Q28880523,http://www.wikidata.org/entity/Q28902162,0,241,,,
MAR,Marrocos,Q28880520,http://www.wikidata.org/entity/Q28902162,0,581,,,
MAR,Marrocos,Q28880521,http://www.wikidata.org/entity/Q28902162,0,420,,,
MAR,Marrocos,Q28880524,http://www.wikidata.org/entity/Q28902162,0,737,,,
MAR,Marrocos,Q28880525,http://www.wikidata.org/entity/Q28902162,0,557,,,
MAR,Marrocos,Q28880530,http://www.wikidata.org/entity/Q28902162,0,243,,,
MAR,Marrocos,Q28880531,http://www.wikidata.org/entity/Q28902162,0,377,,,
MAR,Marrocos,Q28880794,http://www.wikidata.org/entity/Q28895362,0,109,,,
MAR,Marrocos,Q28880795,http://www.wikidata.org/entity/Q28895362,0,1022,,,
MAR,Marrocos,Q28880792,http://www.wikidata.org/entity/Q28895362,0,152,,,
MAR,Marrocos,Q28880793,http://www.wikidata.org/entity/Q28895362,0,210,,,
MAR,Marrocos,Q28880798,http://www.wikidata.org/entity/Q28895362,0,42,,,
MAR,Marrocos,Q28880799,http://www.wikidata.org/entity/Q28895362,0,55,,,
MAR,Marrocos,Q28880796,http://www.wikidata.org/entity/Q28895362,0,226,,,
MAR,Marrocos,Q28880797,http://www.wikidata.org/entity/Q28895362,0,242,,,
MAR,Marrocos,Q28880810,http://www.wikidata.org/entity/Q28895274,0,1430,,,
MAR,Marrocos,Q28880811,http://www.wikidata.org/entity/Q28895274,0,543,,,
MAR,Marrocos,Q28880809,http://www.wikidata.org/entity/Q28895274,0,2738,,,
MAR,Marrocos,Q28880814,http://www.wikidata.org/entity/Q28882682,0,440,,,
MAR,Marrocos,Q28880815,http://www.wikidata.org/entity/Q28882682,0,403,,,
MAR,Marrocos,Q28880812,http://www.wikidata.org/entity/Q28895274,0,1248,,,
MAR,Marrocos,Q28880813,http://www.wikidata.org/entity/Q28895274,0,1042,,,
MAR,Marrocos,Q28880818,http://www.wikidata.org/entity/Q28882682,0,61,,,
MAR,Marrocos,Q28880816,http://www.wikidata.org/entity/Q28882682,0,472,,,
MAR,Marrocos,Q28880822,http://www.wikidata.org/entity/Q28882682,0,212,,,
MAR,Marrocos,Q28880823,http://www.wikidata.org/entity/Q28882682,0,224,,,
MAR,Marrocos,Q28880820,http://www.wikidata.org/entity/Q28882682,0,47,,,
MAR,Marrocos,Q28880821,http://www.wikidata.org/entity/Q28882682,0,238,,,
MAR,Marrocos,Q28880824,http://www.wikidata.org/entity/Q28882682,0,34,,,
MAR,Marrocos,Q28880825,http://www.wikidata.org/entity/Q28882682,0,25,,,
MAR,Marrocos,Q28880830,http://www.wikidata.org/entity/Q28895404,0,405,,,
MAR,Marrocos,Q28880831,http://www.wikidata.org/entity/Q28895404,0,132,,,
MAR,Marrocos,Q28880829,http://www.wikidata.org/entity/Q28895404,0,532,,,
MAR,Marrocos,Q28880832,http://www.wikidata.org/entity/Q28895404,0,160,,,
MAR,Marrocos,Q28880833,http://www.wikidata.org/entity/Q28895404,0,243,,,
MAR,Marrocos,Q28881026,http://www.wikidata.org/entity/Q28890847,0,969,,,
MAR,Marrocos,Q28881027,http://www.wikidata.org/entity/Q28896393,0,1229,,,
MAR,Marrocos,Q28881024,http://www.wikidata.org/entity/Q28890847,0,914,,,
MAR,Marrocos,Q28881025,http://www.wikidata.org/entity/Q28890847,0,803,,,
MAR,Marrocos,Q28881028,http://www.wikidata.org/entity/Q28896393,0,893,,,
MAR,Marrocos,Q28881034,http://www.wikidata.org/entity/Q28892426,0,791,,,
MAR,Marrocos,Q28881035,http://www.wikidata.org/entity/Q28892426,0,589,,,
MAR,Marrocos,Q28881038,http://www.wikidata.org/entity/Q28891333,0,398,,,
MAR,Marrocos,Q28881036,http://www.wikidata.org/entity/Q28891333,0,552,,,
MAR,Marrocos,Q28881037,http://www.wikidata.org/entity/Q28891333,0,256,,,
MAR,Marrocos,Q28881040,http://www.wikidata.org/entity/Q28891333,0,791,,,
MAR,Marrocos,Q28881041,http://www.wikidata.org/entity/Q28891333,0,428,,,
MAR,Marrocos,Q28881046,http://www.wikidata.org/entity/Q28906784,0,694,,,
MAR,Marrocos,Q28881047,http://www.wikidata.org/entity/Q28906784,0,419,,,
MAR,Marrocos,Q28881045,http://www.wikidata.org/entity/Q28906784,0,615,,,
MAR,Marrocos,Q28881050,http://www.wikidata.org/entity/Q28896294,0,289,,,
MAR,Marrocos,Q28881051,http://www.wikidata.org/entity/Q28896294,0,269,,,
MAR,Marrocos,Q28881048,http://www.wikidata.org/entity/Q28896294,0,659,,,
MAR,Marrocos,Q28881049,http://www.wikidata.org/entity/Q28896294,0,490,,,
MAR,Marrocos,Q28881052,http://www.wikidata.org/entity/Q28893688,0,477,,,
MAR,Marrocos,Q28881094,http://www.wikidata.org/entity/Q28901941,0,800,,,
MAR,Marrocos,Q28881095,http://www.wikidata.org/entity/Q28901941,0,293,,,
MAR,Marrocos,Q28881099,http://www.wikidata.org/entity/Q28901941,0,401,,,
MAR,Marrocos,Q28881102,http://www.wikidata.org/entity/Q28909516,0,310,,,
MAR,Marrocos,Q28881103,http://www.wikidata.org/entity/Q28909516,0,407,,,
MAR,Marrocos,Q28881100,http://www.wikidata.org/entity/Q28909516,0,602,,,
MAR,Marrocos,Q28881101,http://www.wikidata.org/entity/Q28909516,0,110,,,
MAR,Marrocos,Q28881106,http://www.wikidata.org/entity/Q28909516,0,240,,,
MAR,Marrocos,Q28881104,http://www.wikidata.org/entity/Q28909516,0,270,,,
MAR,Marrocos,Q28881105,http://www.wikidata.org/entity/Q28909516,0,332,,,
MAR,Marrocos,Q28881111,http://www.wikidata.org/entity/Q28909516,0,351,,,
MAR,Marrocos,Q28881108,http://www.wikidata.org/entity/Q28909516,0,328,,,
MAR,Marrocos,Q28881114,http://www.wikidata.org/entity/Q28895727,0,77,,,
MAR,Marrocos,Q28881113,http://www.wikidata.org/entity/Q28903824,0,498,,,
MAR,Marrocos,Q28881118,http://www.wikidata.org/entity/Q28903824,0,407,,,
MAR,Marrocos,Q28881119,http://www.wikidata.org/entity/Q28903227,0,408,,,
MAR,Marrocos,Q28881116,http://www.wikidata.org/entity/Q28903824,0,621,,,
MAR,Marrocos,Q28881117,http://www.wikidata.org/entity/Q28903824,0,509,,,
MAR,Marrocos,Q28881122,http://www.wikidata.org/entity/Q28889818,0,186,,,
MAR,Marrocos,Q28881123,http://www.wikidata.org/entity/Q28889818,0,372,,,
MAR,Marrocos,Q28881120,http://www.wikidata.org/entity/Q28903227,0,354,,,
MAR,Marrocos,Q28881121,http://www.wikidata.org/entity/Q28903227,0,598,,,
MAR,Marrocos,Q28881126,http://www.wikidata.org/entity/Q28889818,0,296,,,
MAR,Marrocos,Q28881127,http://www.wikidata.org/entity/Q28906677,0,515,,,
MAR,Marrocos,Q28881124,http://www.wikidata.org/entity/Q28889818,0,310,,,
MAR,Marrocos,Q28881125,http://www.wikidata.org/entity/Q28889818,0,537,,,
MAR,Marrocos,Q28881129,http://www.wikidata.org/entity/Q28906677,0,265,,,
MAR,Marrocos,Q28881134,http://www.wikidata.org/entity/Q28906677,0,163,,,
MAR,Marrocos,Q28881132,http://www.wikidata.org/entity/Q28906677,0,370,,,
MAR,Marrocos,Q28881138,http://www.wikidata.org/entity/Q28903332,0,1568,,,
MAR,Marrocos,Q28881136,http://www.wikidata.org/entity/Q28903332,0,997,,,
MAR,Marrocos,Q28881137,http://www.wikidata.org/entity/Q28903332,0,1010,,,
MAR,Marrocos,Q28881140,http://www.wikidata.org/entity/Q28890086,0,584,,,
MAR,Marrocos,Q28881141,http://www.wikidata.org/entity/Q28890086,0,612,,,
MAR,Marrocos,Q28881187,http://www.wikidata.org/entity/Q28890208,0,120,,,
MAR,Marrocos,Q28881190,http://www.wikidata.org/entity/Q28890208,0,50,,,
MAR,Marrocos,Q28881191,http://www.wikidata.org/entity/Q28891235,0,1116,,,
MAR,Marrocos,Q28881188,http://www.wikidata.org/entity/Q28890208,0,136,,,
MAR,Marrocos,Q28881189,http://www.wikidata.org/entity/Q28890208,0,135,,,
MAR,Marrocos,Q28881192,http://www.wikidata.org/entity/Q28891235,0,1577,,,
MAR,Marrocos,Q28881202,http://www.wikidata.org/entity/Q28890238,0,1307,,,
MAR,Marrocos,Q28881201,http://www.wikidata.org/entity/Q28890238,0,414,,,
MAR,Marrocos,Q28881206,http://www.wikidata.org/entity/Q28890239,0,1573,,,
MAR,Marrocos,Q28881207,http://www.wikidata.org/entity/Q28890239,0,650,,,
MAR,Marrocos,Q28881204,http://www.wikidata.org/entity/Q28890238,0,778,,,
MAR,Marrocos,Q28881205,http://www.wikidata.org/entity/Q28890238,0,1139,,,
MAR,Marrocos,Q28881211,http://www.wikidata.org/entity/Q28890239,0,1027,,,
MAR,Marrocos,Q28881208,http://www.wikidata.org/entity/Q28890239,0,1134,,,
MAR,Marrocos,Q28881209,http://www.wikidata.org/entity/Q28890239,0,655,,,
MAR,Marrocos,Q28881218,http://www.wikidata.org/entity/Q28890164,0,598,,,
MAR,Marrocos,Q28881254,http://www.wikidata.org/entity/Q28907883,0,316,,,
MAR,Marrocos,Q28881253,http://www.wikidata.org/entity/Q28907883,0,931,,,
MAR,Marrocos,Q28880528,http://www.wikidata.org/entity/Q28902162,0,167,,,
MAR,Marrocos,Q28880529,http://www.wikidata.org/entity/Q28902162,0,117,,,
MAR,Marrocos,Q28880534,http://www.wikidata.org/entity/Q28904468,0,3192,,,
MAR,Marrocos,Q28880535,http://www.wikidata.org/entity/Q28904468,0,660,,,
MAR,Marrocos,Q28880532,http://www.wikidata.org/entity/Q28904468,0,1629,,,
MAR,Marrocos,Q28880533,http://www.wikidata.org/entity/Q28904468,0,3109,,34.941370122062,-4.5465045496352
MAR,Marrocos,Q28880536,http://www.wikidata.org/entity/Q28904468,0,2764,,,
MAR,Marrocos,Q28880537,http://www.wikidata.org/entity/Q28904468,0,903,,,
MAR,Marrocos,Q28880542,http://www.wikidata.org/entity/Q28893571,0,955,,,
MAR,Marrocos,Q28880543,http://www.wikidata.org/entity/Q28893571,0,692,,,
MAR,Marrocos,Q28880541,http://www.wikidata.org/entity/Q28904468,0,383,,,
MAR,Marrocos,Q28880546,http://www.wikidata.org/entity/Q28905392,0,731,,,
MAR,Marrocos,Q28880547,http://www.wikidata.org/entity/Q28905392,0,1586,,,
MAR,Marrocos,Q28880544,http://www.wikidata.org/entity/Q28893571,0,3753,,,
MAR,Marrocos,Q28880545,http://www.wikidata.org/entity/Q28893571,0,1781,,,
MAR,Marrocos,Q28880551,http://www.wikidata.org/entity/Q28905392,0,606,,,
MAR,Marrocos,Q28880549,http://www.wikidata.org/entity/Q28905392,0,130,,,
MAR,Marrocos,Q28880554,http://www.wikidata.org/entity/Q28905392,0,1353,,,
MAR,Marrocos,Q28880555,http://www.wikidata.org/entity/Q28905392,0,646,,,
MAR,Marrocos,Q28880552,http://www.wikidata.org/entity/Q28905392,0,222,,,
MAR,Marrocos,Q28880553,http://www.wikidata.org/entity/Q28905392,0,839,,,
MAR,Marrocos,Q28880558,http://www.wikidata.org/entity/Q28905392,0,209,,,
MAR,Marrocos,Q28880559,http://www.wikidata.org/entity/Q28905392,0,270,,,
MAR,Marrocos,Q28880556,http://www.wikidata.org/entity/Q28905392,0,537,,,
MAR,Marrocos,Q28880557,http://www.wikidata.org/entity/Q28905392,0,240,,,
MAR,Marrocos,Q28880575,http://www.wikidata.org/entity/Q28903678,0,971,,,
MAR,Marrocos,Q28880572,http://www.wikidata.org/entity/Q28903678,0,1357,,,
MAR,Marrocos,Q28880573,http://www.wikidata.org/entity/Q28903678,0,693,,,
MAR,Marrocos,Q28880576,http://www.wikidata.org/entity/Q28902393,0,555,,,
MAR,Marrocos,Q28880658,http://www.wikidata.org/entity/Q28890304,0,731,,,
MAR,Marrocos,Q28880659,http://www.wikidata.org/entity/Q28890304,0,202,,,
MAR,Marrocos,Q28880656,http://www.wikidata.org/entity/Q28890304,0,331,,,
MAR,Marrocos,Q28880657,http://www.wikidata.org/entity/Q28890304,0,82,,,
MAR,Marrocos,Q28880662,http://www.wikidata.org/entity/Q28890304,0,210,,,
MAR,Marrocos,Q28880663,http://www.wikidata.org/entity/Q28890304,0,734,,,
MAR,Marrocos,Q28880660,http://www.wikidata.org/entity/Q28890304,0,167,,,
MAR,Marrocos,Q28880661,http://www.wikidata.org/entity/Q28890304,0,411,,,
MAR,Marrocos,Q28880666,http://www.wikidata.org/entity/Q28890304,0,284,,,
MAR,Marrocos,Q28880667,http://www.wikidata.org/entity/Q28890304,0,416,,,
MAR,Marrocos,Q28880664,http://www.wikidata.org/entity/Q28890304,0,419,,,
MAR,Marrocos,Q28880665,http://www.wikidata.org/entity/Q28890304,0,246,,,
MAR,Marrocos,Q28880670,http://www.wikidata.org/entity/Q28890304,0,117,,,
MAR,Marrocos,Q28880668,http://www.wikidata.org/entity/Q28890304,0,76,,,
MAR,Marrocos,Q28880669,http://www.wikidata.org/entity/Q28890304,0,88,,,
MAR,Marrocos,Q28880678,http://www.wikidata.org/entity/Q28896167,0,732,,,
MAR,Marrocos,Q28880679,http://www.wikidata.org/entity/Q28896167,0,331,,,
MAR,Marrocos,Q28880676,http://www.wikidata.org/entity/Q28896167,0,324,,,
MAR,Marrocos,Q28880677,http://www.wikidata.org/entity/Q28896167,0,583,,,
MAR,Marrocos,Q28880680,http://www.wikidata.org/entity/Q28896167,0,683,,,
MAR,Marrocos,Q28880681,http://www.wikidata.org/entity/Q28896167,0,540,,,
MAR,Marrocos,Q28880686,http://www.wikidata.org/entity/Q28896167,0,115,,,
MAR,Marrocos,Q28880687,http://www.wikidata.org/entity/Q28896167,0,152,,,
MAR,Marrocos,Q28880684,http://www.wikidata.org/entity/Q28896167,0,117,,,
MAR,Marrocos,Q28880685,http://www.wikidata.org/entity/Q28896167,0,370,,,
MAR,Marrocos,Q28880688,http://www.wikidata.org/entity/Q28896167,0,66,,,
MAR,Marrocos,Q28880695,http://www.wikidata.org/entity/Q28880696,0,99,,,
MAR,Marrocos,Q28880698,http://www.wikidata.org/entity/Q28880696,0,94,,,
MAR,Marrocos,Q28880699,http://www.wikidata.org/entity/Q28880696,0,567,,,
MAR,Marrocos,Q28880697,http://www.wikidata.org/entity/Q28880696,0,571,,,
MAR,Marrocos,Q28880702,http://www.wikidata.org/entity/Q28880696,0,517,,,
MAR,Marrocos,Q28880703,http://www.wikidata.org/entity/Q28880696,0,50,,,
MAR,Marrocos,Q28880700,http://www.wikidata.org/entity/Q28880696,0,1000,,,
MAR,Marrocos,Q28880701,http://www.wikidata.org/entity/Q28880696,0,549,,,
MAR,Marrocos,Q28880706,http://www.wikidata.org/entity/Q28880696,0,84,,,
MAR,Marrocos,Q28880704,http://www.wikidata.org/entity/Q28880696,0,914,,,
MAR,Marrocos,Q28880709,http://www.wikidata.org/entity/Q28880696,0,117,,,
MAR,Marrocos,Q28880717,http://www.wikidata.org/entity/Q28899258,0,101,,,
MAR,Marrocos,Q28880734,http://www.wikidata.org/entity/Q28895502,0,789,,,
MAR,Marrocos,Q28880735,http://www.wikidata.org/entity/Q28895502,0,350,,,
MAR,Marrocos,Q28880738,http://www.wikidata.org/entity/Q28895502,0,813,,,
MAR,Marrocos,Q28880739,http://www.wikidata.org/entity/Q28895502,0,967,,,
MAR,Marrocos,Q28880736,http://www.wikidata.org/entity/Q28895502,0,1183,,,
MAR,Marrocos,Q28880737,http://www.wikidata.org/entity/Q28895502,0,1776,,,
MAR,Marrocos,Q28880742,http://www.wikidata.org/entity/Q28895502,0,823,,,
MAR,Marrocos,Q28880743,http://www.wikidata.org/entity/Q28895177,0,728,,,
MAR,Marrocos,Q28880740,http://www.wikidata.org/entity/Q28895502,0,273,,,
MAR,Marrocos,Q28880741,http://www.wikidata.org/entity/Q28895502,0,500,,,
MAR,Marrocos,Q28880746,http://www.wikidata.org/entity/Q28895177,0,179,,,
MAR,Marrocos,Q28880747,http://www.wikidata.org/entity/Q28890397,0,524,,,
MAR,Marrocos,Q28880745,http://www.wikidata.org/entity/Q28895177,0,766,,,
MAR,Marrocos,Q28880750,http://www.wikidata.org/entity/Q28895177,0,968,,,
MAR,Marrocos,Q28880751,http://www.wikidata.org/entity/Q28895177,0,897,,,
MAR,Marrocos,Q28880749,http://www.wikidata.org/entity/Q28895177,0,38,,,
MAR,Marrocos,Q28880754,http://www.wikidata.org/entity/Q28895177,0,75,,,
MAR,Marrocos,Q28880755,http://www.wikidata.org/entity/Q28891573,0,249,,,
MAR,Marrocos,Q28880752,http://www.wikidata.org/entity/Q28895177,0,635,,,
MAR,Marrocos,Q28880753,http://www.wikidata.org/entity/Q28895177,0,108,,,
MAR,Marrocos,Q28880759,http://www.wikidata.org/entity/Q28891573,0,317,,,
MAR,Marrocos,Q28880756,http://www.wikidata.org/entity/Q28891573,0,461,,,
MAR,Marrocos,Q28880757,http://www.wikidata.org/entity/Q28891573,0,283,,,
MAR,Marrocos,Q28880760,http://www.wikidata.org/entity/Q28891573,0,243,,,
MAR,Marrocos,Q28880761,http://www.wikidata.org/entity/Q28891573,0,257,,,
MAR,Marrocos,Q28880786,http://www.wikidata.org/entity/Q28895362,0,113,,,
MAR,Marrocos,Q28880787,http://www.wikidata.org/entity/Q28895362,0,2,,,
MAR,Marrocos,Q28880784,http://www.wikidata.org/entity/Q28895362,0,803,,,
MAR,Marrocos,Q28880785,http://www.wikidata.org/entity/Q28895362,0,99,,,
MAR,Marrocos,Q28880790,http://www.wikidata.org/entity/Q28895362,0,448,,,
MAR,Marrocos,Q28880791,http://www.wikidata.org/entity/Q28895362,0,151,,,
MAR,Marrocos,Q28880788,http://www.wikidata.org/entity/Q28895362,0,109,,,
MAR,Marrocos,Q28880789,http://www.wikidata.org/entity/Q28895362,0,80,,,
MAR,Marrocos,Q28882819,http://www.wikidata.org/entity/Q28891686,0,1117,,,
MAR,Marrocos,Q28882817,http://www.wikidata.org/entity/Q28892646,0,34,,,
MAR,Marrocos,Q28882822,http://www.wikidata.org/entity/Q28891686,0,776,,,
MAR,Marrocos,Q28882823,http://www.wikidata.org/entity/Q28891686,0,207,,,
MAR,Marrocos,Q28882820,http://www.wikidata.org/entity/Q28891686,0,395,,,
MAR,Marrocos,Q28882821,http://www.wikidata.org/entity/Q28891686,0,1039,,,
MAR,Marrocos,Q28882826,http://www.wikidata.org/entity/Q28890135,0,118,,,
MAR,Marrocos,Q28882827,http://www.wikidata.org/entity/Q28890135,0,912,,,
MAR,Marrocos,Q28882824,http://www.wikidata.org/entity/Q28890135,0,242,,,
MAR,Marrocos,Q28882825,http://www.wikidata.org/entity/Q28890135,0,690,,,
MAR,Marrocos,Q28882830,http://www.wikidata.org/entity/Q28890135,0,217,,,
MAR,Marrocos,Q28882831,http://www.wikidata.org/entity/Q28890135,0,628,,,
MAR,Marrocos,Q28882828,http://www.wikidata.org/entity/Q28890135,0,201,,,
MAR,Marrocos,Q28882829,http://www.wikidata.org/entity/Q28890135,0,284,,,
MAR,Marrocos,Q28882834,http://www.wikidata.org/entity/Q28890135,0,834,,,
MAR,Marrocos,Q28882835,http://www.wikidata.org/entity/Q28890135,0,3428,,,
MAR,Marrocos,Q28882833,http://www.wikidata.org/entity/Q28890135,0,323,,,
MAR,Marrocos,Q28882875,http://www.wikidata.org/entity/Q28897550,0,52,,,
MAR,Marrocos,Q28882876,http://www.wikidata.org/entity/Q28892689,0,424,,,
MAR,Marrocos,Q28882877,http://www.wikidata.org/entity/Q28898547,0,154,,,
MAR,Marrocos,Q28881261,http://www.wikidata.org/entity/Q28889848,0,99,,,
MAR,Marrocos,Q28881267,http://www.wikidata.org/entity/Q28890101,0,138,,,
MAR,Marrocos,Q28881270,http://www.wikidata.org/entity/Q28890666,0,417,,,
MAR,Marrocos,Q28881271,http://www.wikidata.org/entity/Q28890666,0,303,,,
MAR,Marrocos,Q28881268,http://www.wikidata.org/entity/Q28890101,0,510,,,
MAR,Marrocos,Q28881269,http://www.wikidata.org/entity/Q28890101,0,303,,,
MAR,Marrocos,Q28881274,http://www.wikidata.org/entity/Q28890666,0,202,,,
MAR,Marrocos,Q28881275,http://www.wikidata.org/entity/Q28897551,0,263,,,
MAR,Marrocos,Q28881272,http://www.wikidata.org/entity/Q28890666,0,155,,,
MAR,Marrocos,Q28881273,http://www.wikidata.org/entity/Q28890666,0,284,,,
MAR,Marrocos,Q28881278,http://www.wikidata.org/entity/Q28897551,0,394,,,
MAR,Marrocos,Q28881279,http://www.wikidata.org/entity/Q28891143,0,50,,,
MAR,Marrocos,Q28881276,http://www.wikidata.org/entity/Q28897551,0,240,,,
MAR,Marrocos,Q28881277,http://www.wikidata.org/entity/Q28897551,0,440,,,
MAR,Marrocos,Q28881322,http://www.wikidata.org/entity/Q28902768,0,1642,,,
MAR,Marrocos,Q28881320,http://www.wikidata.org/entity/Q28902768,0,698,,,
MAR,Marrocos,Q28881326,http://www.wikidata.org/entity/Q28881323,0,814,,,
MAR,Marrocos,Q28881324,http://www.wikidata.org/entity/Q28881323,0,635,,,
MAR,Marrocos,Q28881325,http://www.wikidata.org/entity/Q28881323,0,742,,,
MAR,Marrocos,Q28881338,http://www.wikidata.org/entity/Q28906793,0,25,,,
MAR,Marrocos,Q28881336,http://www.wikidata.org/entity/Q28906793,0,640,,,
MAR,Marrocos,Q28881346,http://www.wikidata.org/entity/Q28890191,0,721,,,
MAR,Marrocos,Q28881347,http://www.wikidata.org/entity/Q28890191,0,1070,,,
MAR,Marrocos,Q28881344,http://www.wikidata.org/entity/Q28890191,0,2046,,,
MAR,Marrocos,Q28881345,http://www.wikidata.org/entity/Q28890191,0,1097,,,
MAR,Marrocos,Q28881350,http://www.wikidata.org/entity/Q28902553,0,464,,,
MAR,Marrocos,Q28881348,http://www.wikidata.org/entity/Q28902553,0,377,,,
MAR,Marrocos,Q28881349,http://www.wikidata.org/entity/Q28902553,0,402,,,
MAR,Marrocos,Q28881403,http://www.wikidata.org/entity/Q28890859,0,167,,,
MAR,Marrocos,Q28881407,http://www.wikidata.org/entity/Q28890859,0,133,,,
MAR,Marrocos,Q28881411,http://www.wikidata.org/entity/Q28890859,0,184,,,
MAR,Marrocos,Q28881415,http://www.wikidata.org/entity/Q28892438,0,247,,,
MAR,Marrocos,Q28881413,http://www.wikidata.org/entity/Q28890859,0,1037,,,
MAR,Marrocos,Q28881418,http://www.wikidata.org/entity/Q28892438,0,341,,,
MAR,Marrocos,Q28881419,http://www.wikidata.org/entity/Q28892438,0,141,,,
MAR,Marrocos,Q28881417,http://www.wikidata.org/entity/Q28892438,0,344,,,
MAR,Marrocos,Q28881422,http://www.wikidata.org/entity/Q28892438,0,212,,,
MAR,Marrocos,Q28881423,http://www.wikidata.org/entity/Q28892438,0,252,,,
MAR,Marrocos,Q28881420,http://www.wikidata.org/entity/Q28880993,0,42,,,
MAR,Marrocos,Q28881426,http://www.wikidata.org/entity/Q28892345,0,127,,,
MAR,Marrocos,Q28881427,http://www.wikidata.org/entity/Q28892345,0,234,,,
MAR,Marrocos,Q28881424,http://www.wikidata.org/entity/Q28892438,0,509,,,
MAR,Marrocos,Q28881425,http://www.wikidata.org/entity/Q28892345,0,131,,,
MAR,Marrocos,Q28881430,http://www.wikidata.org/entity/Q28892345,0,175,,,
MAR,Marrocos,Q28881428,http://www.wikidata.org/entity/Q28892345,0,169,,,
MAR,Marrocos,Q28881434,http://www.wikidata.org/entity/Q28892345,0,35,,,
MAR,Marrocos,Q28881435,http://www.wikidata.org/entity/Q28892345,0,429,,,
MAR,Marrocos,Q28881433,http://www.wikidata.org/entity/Q28892345,0,85,,,
MAR,Marrocos,Q28881438,http://www.wikidata.org/entity/Q28892345,0,151,,,
MAR,Marrocos,Q28881436,http://www.wikidata.org/entity/Q28892345,0,206,,,
MAR,Marrocos,Q28881437,http://www.wikidata.org/entity/Q28892345,0,32,,,
MAR,Marrocos,Q28881441,http://www.wikidata.org/entity/Q28892345,0,892,,,
MAR,Marrocos,Q28881446,http://www.wikidata.org/entity/Q28892345,0,306,,,
MAR,Marrocos,Q28881447,http://www.wikidata.org/entity/Q28892345,0,597,,,
MAR,Marrocos,Q28881451,http://www.wikidata.org/entity/Q28908206,0,107,,,
MAR,Marrocos,Q28881448,http://www.wikidata.org/entity/Q28908206,0,350,,,
MAR,Marrocos,Q28881454,http://www.wikidata.org/entity/Q28908206,0,350,,,
MAR,Marrocos,Q28881452,http://www.wikidata.org/entity/Q28908206,0,525,,,
MAR,Marrocos,Q28881461,http://www.wikidata.org/entity/Q28908206,0,96,,,
MAR,Marrocos,Q28881467,http://www.wikidata.org/entity/Q28908206,0,211,,,
MAR,Marrocos,Q28881464,http://www.wikidata.org/entity/Q28908206,0,99,,,
MAR,Marrocos,Q28881470,http://www.wikidata.org/entity/Q28908206,0,116,,,
MAR,Marrocos,Q28881468,http://www.wikidata.org/entity/Q28908206,0,291,,,
MAR,Marrocos,Q28881474,http://www.wikidata.org/entity/Q28891781,0,156,,,
MAR,Marrocos,Q28881472,http://www.wikidata.org/entity/Q28891781,0,282,,,
MAR,Marrocos,Q28881473,http://www.wikidata.org/entity/Q28891781,0,311,,,
MAR,Marrocos,Q28881494,http://www.wikidata.org/entity/Q28890122,0,174,,,
MAR,Marrocos,Q28881495,http://www.wikidata.org/entity/Q28890122,0,368,,,
MAR,Marrocos,Q28881498,http://www.wikidata.org/entity/Q28890122,0,188,,,
MAR,Marrocos,Q28881499,http://www.wikidata.org/entity/Q28890122,0,328,,,
MAR,Marrocos,Q28881496,http://www.wikidata.org/entity/Q28890122,0,256,,,
MAR,Marrocos,Q28881497,http://www.wikidata.org/entity/Q28890122,0,175,,,
MAR,Marrocos,Q28881502,http://www.wikidata.org/entity/Q28890122,0,243,,,
MAR,Marrocos,Q28881503,http://www.wikidata.org/entity/Q28890122,0,204,,,
MAR,Marrocos,Q28881500,http://www.wikidata.org/entity/Q28890122,0,222,,,
MAR,Marrocos,Q28881501,http://www.wikidata.org/entity/Q28890122,0,190,,,
MAR,Marrocos,Q28881506,http://www.wikidata.org/entity/Q28890122,0,351,,,
MAR,Marrocos,Q28881507,http://www.wikidata.org/entity/Q28890122,0,148,,,
MAR,Marrocos,Q28881504,http://www.wikidata.org/entity/Q28890122,0,186,,,
MAR,Marrocos,Q28881505,http://www.wikidata.org/entity/Q28890122,0,236,,,
MAR,Marrocos,Q28881510,http://www.wikidata.org/entity/Q28890122,0,295,,,
MAR,Marrocos,Q28881511,http://www.wikidata.org/entity/Q28890122,0,177,,,
MAR,Marrocos,Q28881508,http://www.wikidata.org/entity/Q28890122,0,244,,,
MAR,Marrocos,Q28881509,http://www.wikidata.org/entity/Q28890122,0,432,,,
MAR,Marrocos,Q28881514,http://www.wikidata.org/entity/Q28890121,0,187,,,
MAR,Marrocos,Q28881515,http://www.wikidata.org/entity/Q28890121,0,354,,,
MAR,Marrocos,Q28881512,http://www.wikidata.org/entity/Q28890121,0,414,,,
MAR,Marrocos,Q28881513,http://www.wikidata.org/entity/Q28890121,0,197,,,
MAR,Marrocos,Q28881518,http://www.wikidata.org/entity/Q28890121,0,244,,,
MAR,Marrocos,Q28881519,http://www.wikidata.org/entity/Q28890121,0,504,,,
MAR,Marrocos,Q28881516,http://www.wikidata.org/entity/Q28890121,0,374,,,
MAR,Marrocos,Q28881517,http://www.wikidata.org/entity/Q28890121,0,264,,,
MAR,Marrocos,Q28881522,http://www.wikidata.org/entity/Q28890121,0,340,,,
MAR,Marrocos,Q28881523,http://www.wikidata.org/entity/Q28890121,0,244,,,
MAR,Marrocos,Q28881520,http://www.wikidata.org/entity/Q28890121,0,223,,,
MAR,Marrocos,Q28881521,http://www.wikidata.org/entity/Q28890121,0,87,,,
MAR,Marrocos,Q28881526,http://www.wikidata.org/entity/Q28890121,0,250,,,
MAR,Marrocos,Q28881527,http://www.wikidata.org/entity/Q28890121,0,255,,,
MAR,Marrocos,Q28881524,http://www.wikidata.org/entity/Q28890121,0,178,,,
MAR,Marrocos,Q28881531,http://www.wikidata.org/entity/Q28890121,0,134,,,
MAR,Marrocos,Q28881528,http://www.wikidata.org/entity/Q28890121,0,149,,,
MAR,Marrocos,Q28881529,http://www.wikidata.org/entity/Q28890121,0,502,,,
MAR,Marrocos,Q28881534,http://www.wikidata.org/entity/Q28890121,0,176,,,
MAR,Marrocos,Q28881535,http://www.wikidata.org/entity/Q28890121,0,322,,,
MAR,Marrocos,Q28881532,http://www.wikidata.org/entity/Q28890121,0,741,,,
MAR,Marrocos,Q28881533,http://www.wikidata.org/entity/Q28890121,0,160,,,
MAR,Marrocos,Q28881538,http://www.wikidata.org/entity/Q28890121,0,202,,,
MAR,Marrocos,Q28881539,http://www.wikidata.org/entity/Q28890121,0,198,,,
MAR,Marrocos,Q28881536,http://www.wikidata.org/entity/Q28890121,0,84,,,
MAR,Marrocos,Q28881537,http://www.wikidata.org/entity/Q28890121,0,158,,,
MAR,Marrocos,Q28881542,http://www.wikidata.org/entity/Q28890121,0,469,,,
MAR,Marrocos,Q28881543,http://www.wikidata.org/entity/Q28890121,0,385,,,
MAR,Marrocos,Q28881540,http://www.wikidata.org/entity/Q28890121,0,67,,,
MAR,Marrocos,Q28881541,http://www.wikidata.org/entity/Q28890121,0,275,,,
MAR,Marrocos,Q28881546,http://www.wikidata.org/entity/Q28890124,0,824,,,
MAR,Marrocos,Q28881547,http://www.wikidata.org/entity/Q28890124,0,556,,,
MAR,Marrocos,Q28881544,http://www.wikidata.org/entity/Q28890121,0,319,,,
MAR,Marrocos,Q28881545,http://www.wikidata.org/entity/Q28890121,0,150,,,
MAR,Marrocos,Q28881550,http://www.wikidata.org/entity/Q28890124,0,91,,,
MAR,Marrocos,Q28881551,http://www.wikidata.org/entity/Q28890124,0,528,,,
MAR,Marrocos,Q28881548,http://www.wikidata.org/entity/Q28890124,0,458,,,
MAR,Marrocos,Q28881549,http://www.wikidata.org/entity/Q28890124,0,144,,,
MAR,Marrocos,Q28881552,http://www.wikidata.org/entity/Q28890124,0,506,,,
MAR,Marrocos,Q28881626,http://www.wikidata.org/entity/Q28890120,0,56,,,
MAR,Marrocos,Q28881627,http://www.wikidata.org/entity/Q28890120,0,304,,,
MAR,Marrocos,Q28881630,http://www.wikidata.org/entity/Q28890120,0,263,,,
MAR,Marrocos,Q28881631,http://www.wikidata.org/entity/Q28890120,0,368,,,
MAR,Marrocos,Q28881628,http://www.wikidata.org/entity/Q28890120,0,145,,,
MAR,Marrocos,Q28881629,http://www.wikidata.org/entity/Q28890120,0,377,,,
MAR,Marrocos,Q28881634,http://www.wikidata.org/entity/Q28890120,0,503,,,
MAR,Marrocos,Q28881635,http://www.wikidata.org/entity/Q28890120,0,430,,,
MAR,Marrocos,Q28881632,http://www.wikidata.org/entity/Q28890120,0,178,,,
MAR,Marrocos,Q28881633,http://www.wikidata.org/entity/Q28890120,0,580,,,
MAR,Marrocos,Q28881638,http://www.wikidata.org/entity/Q28903441,0,80,,,
MAR,Marrocos,Q28881636,http://www.wikidata.org/entity/Q28890120,0,1393,,,
MAR,Marrocos,Q28881637,http://www.wikidata.org/entity/Q28890120,0,490,,,
MAR,Marrocos,Q28881650,http://www.wikidata.org/entity/Q28903441,0,44,,,
MAR,Marrocos,Q28881651,http://www.wikidata.org/entity/Q28903441,0,45,,,
MAR,Marrocos,Q28881652,http://www.wikidata.org/entity/Q28903441,0,198,,,
MAR,Marrocos,Q28881656,http://www.wikidata.org/entity/Q28903441,0,113,,,
MAR,Marrocos,Q28881657,http://www.wikidata.org/entity/Q28903441,0,184,,,
MAR,Marrocos,Q28881662,http://www.wikidata.org/entity/Q28903441,0,140,,,
MAR,Marrocos,Q28881663,http://www.wikidata.org/entity/Q28903442,0,37,,,
MAR,Marrocos,Q28881660,http://www.wikidata.org/entity/Q28903441,0,47,,,
MAR,Marrocos,Q28881661,http://www.wikidata.org/entity/Q28903441,0,83,,,
MAR,Marrocos,Q28881664,http://www.wikidata.org/entity/Q28903442,0,83,,,
MAR,Marrocos,Q28881671,http://www.wikidata.org/entity/Q28902747,0,271,,,
MAR,Marrocos,Q28881673,http://www.wikidata.org/entity/Q28902747,0,106,,,
MAR,Marrocos,Q28881683,http://www.wikidata.org/entity/Q28909526,0,397,,,
MAR,Marrocos,Q28881680,http://www.wikidata.org/entity/Q28909526,0,358,,,
MAR,Marrocos,Q28881681,http://www.wikidata.org/entity/Q28909526,0,207,,,
MAR,Marrocos,Q28881686,http://www.wikidata.org/entity/Q28909526,0,482,,,
MAR,Marrocos,Q28881687,http://www.wikidata.org/entity/Q28909526,0,910,,,
MAR,Marrocos,Q28881684,http://www.wikidata.org/entity/Q28909526,0,186,,,
MAR,Marrocos,Q28881685,http://www.wikidata.org/entity/Q28909526,0,401,,,
MAR,Marrocos,Q28881694,http://www.wikidata.org/entity/Q28891775,0,162,,,
MAR,Marrocos,Q28881695,http://www.wikidata.org/entity/Q28891775,0,400,,,
MAR,Marrocos,Q28881692,http://www.wikidata.org/entity/Q28891775,0,363,,,
MAR,Marrocos,Q28881693,http://www.wikidata.org/entity/Q28891775,0,634,,,
MAR,Marrocos,Q28881696,http://www.wikidata.org/entity/Q28891775,0,874,,,
MAR,Marrocos,Q28881738,http://www.wikidata.org/entity/Q28891241,0,159,,,
MAR,Marrocos,Q28881739,http://www.wikidata.org/entity/Q28891241,0,227,,,
MAR,Marrocos,Q28881737,http://www.wikidata.org/entity/Q28891241,0,152,,,
MAR,Marrocos,Q28881740,http://www.wikidata.org/entity/Q28891241,0,222,,,
MAR,Marrocos,Q28881762,http://www.wikidata.org/entity/Q28891619,0,478,,,
MAR,Marrocos,Q28881763,http://www.wikidata.org/entity/Q28891619,0,313,,,
MAR,Marrocos,Q28881761,http://www.wikidata.org/entity/Q28891619,0,141,,,
MAR,Marrocos,Q28881766,http://www.wikidata.org/entity/Q28891619,0,166,,,
MAR,Marrocos,Q28881767,http://www.wikidata.org/entity/Q28891619,0,424,,,
MAR,Marrocos,Q28881764,http://www.wikidata.org/entity/Q28891619,0,118,,,
MAR,Marrocos,Q28881765,http://www.wikidata.org/entity/Q28891619,0,88,,,
MAR,Marrocos,Q28881938,http://www.wikidata.org/entity/Q28882308,0,87,,,
MAR,Marrocos,Q28881937,http://www.wikidata.org/entity/Q28882428,0,224,,,
MAR,Marrocos,Q28881943,http://www.wikidata.org/entity/Q28890774,0,252,,,
MAR,Marrocos,Q28881940,http://www.wikidata.org/entity/Q28882257,0,252,,,
MAR,Marrocos,Q28881941,http://www.wikidata.org/entity/Q28881890,0,1236,,,
MAR,Marrocos,Q28881947,http://www.wikidata.org/entity/Q28881812,0,70,,,
MAR,Marrocos,Q28881944,http://www.wikidata.org/entity/Q28881935,0,74,,,
MAR,Marrocos,Q28881945,http://www.wikidata.org/entity/Q28882028,0,694,,,
MAR,Marrocos,Q28881950,http://www.wikidata.org/entity/Q28881974,0,1742,,,
MAR,Marrocos,Q28881951,http://www.wikidata.org/entity/Q28890774,0,223,,,
MAR,Marrocos,Q28881948,http://www.wikidata.org/entity/Q28890774,0,474,,,
MAR,Marrocos,Q28881949,http://www.wikidata.org/entity/Q28881957,0,1521,,,
MAR,Marrocos,Q28881954,http://www.wikidata.org/entity/Q28881892,0,738,,,
MAR,Marrocos,Q28881955,http://www.wikidata.org/entity/Q28890774,0,191,,,
MAR,Marrocos,Q28881952,http://www.wikidata.org/entity/Q28882316,0,1090,,,
MAR,Marrocos,Q28881956,http://www.wikidata.org/entity/Q28882020,0,557,,,
MAR,Marrocos,Q28881970,http://www.wikidata.org/entity/Q28881885,0,347,,,
MAR,Marrocos,Q28881971,http://www.wikidata.org/entity/Q28882402,0,2739,,,
MAR,Marrocos,Q28881975,http://www.wikidata.org/entity/Q28890774,0,78,,,
MAR,Marrocos,Q28881972,http://www.wikidata.org/entity/Q28882014,0,772,,,
MAR,Marrocos,Q28881978,http://www.wikidata.org/entity/Q28881885,0,228,,,
MAR,Marrocos,Q28881979,http://www.wikidata.org/entity/Q28882316,0,1431,,,
MAR,Marrocos,Q28881976,http://www.wikidata.org/entity/Q28906904,0,610,,,
MAR,Marrocos,Q28881977,http://www.wikidata.org/entity/Q28881812,0,349,,,
MAR,Marrocos,Q28881982,http://www.wikidata.org/entity/Q28882257,0,247,,,
MAR,Marrocos,Q28881983,http://www.wikidata.org/entity/Q28881788,0,70,,,
MAR,Marrocos,Q28881980,http://www.wikidata.org/entity/Q28882360,0,1066,,,
MAR,Marrocos,Q28881981,http://www.wikidata.org/entity/Q28890774,0,383,,,
MAR,Marrocos,Q28881986,http://www.wikidata.org/entity/Q28882179,0,504,,,
MAR,Marrocos,Q28881987,http://www.wikidata.org/entity/Q28881885,0,656,,,
MAR,Marrocos,Q28881984,http://www.wikidata.org/entity/Q28881946,0,109,,,
MAR,Marrocos,Q28881985,http://www.wikidata.org/entity/Q28890774,0,360,,,
MAR,Marrocos,Q28882070,http://www.wikidata.org/entity/Q28882017,0,341,,,
MAR,Marrocos,Q28882071,http://www.wikidata.org/entity/Q28905893,0,139,,,
MAR,Marrocos,Q28882069,http://www.wikidata.org/entity/Q28882077,0,267,,,
MAR,Marrocos,Q28882075,http://www.wikidata.org/entity/Q28882169,0,320,,,
MAR,Marrocos,Q28882072,http://www.wikidata.org/entity/Q28882308,0,346,,,
MAR,Marrocos,Q28882078,http://www.wikidata.org/entity/Q28882311,0,426,,,
MAR,Marrocos,Q28882079,http://www.wikidata.org/entity/Q28882014,0,402,,,
MAR,Marrocos,Q28882076,http://www.wikidata.org/entity/Q28905893,0,149,,,
MAR,Marrocos,Q28882082,http://www.wikidata.org/entity/Q28882030,0,105,,,
MAR,Marrocos,Q28882083,http://www.wikidata.org/entity/Q28882074,0,2146,,,
MAR,Marrocos,Q28882080,http://www.wikidata.org/entity/Q28881808,0,1140,,,
MAR,Marrocos,Q28882086,http://www.wikidata.org/entity/Q28882074,0,593,,,
MAR,Marrocos,Q28882087,http://www.wikidata.org/entity/Q28882008,0,43,,,
MAR,Marrocos,Q28882090,http://www.wikidata.org/entity/Q28882328,0,101,,,
MAR,Marrocos,Q28882091,http://www.wikidata.org/entity/Q28882020,0,371,,,
MAR,Marrocos,Q28882088,http://www.wikidata.org/entity/Q28882110,0,523,,,
MAR,Marrocos,Q28882089,http://www.wikidata.org/entity/Q28905893,0,140,,,
MAR,Marrocos,Q28882094,http://www.wikidata.org/entity/Q28882357,0,379,,,
MAR,Marrocos,Q28882092,http://www.wikidata.org/entity/Q28882161,0,9,,,
MAR,Marrocos,Q28882093,http://www.wikidata.org/entity/Q28905893,0,123,,,
MAR,Marrocos,Q28882145,http://www.wikidata.org/entity/Q28882387,0,699,,,
MAR,Marrocos,Q28882202,http://www.wikidata.org/entity/Q28882020,0,21,,,
MAR,Marrocos,Q28882203,http://www.wikidata.org/entity/Q28881974,0,7,,,
MAR,Marrocos,Q28882200,http://www.wikidata.org/entity/Q28897549,0,191,,,
MAR,Marrocos,Q28882201,http://www.wikidata.org/entity/Q28881921,0,594,,,
MAR,Marrocos,Q28882206,http://www.wikidata.org/entity/Q28882020,0,115,,,
MAR,Marrocos,Q28882207,http://www.wikidata.org/entity/Q28881814,0,175,,,
MAR,Marrocos,Q28882204,http://www.wikidata.org/entity/Q28882152,0,394,,,
MAR,Marrocos,Q28882205,http://www.wikidata.org/entity/Q28897549,0,245,,,
MAR,Marrocos,Q28882210,http://www.wikidata.org/entity/Q28897549,0,142,,,
MAR,Marrocos,Q28882211,http://www.wikidata.org/entity/Q28881814,0,226,,,
MAR,Marrocos,Q28882208,http://www.wikidata.org/entity/Q28897549,0,376,,,
MAR,Marrocos,Q28882209,http://www.wikidata.org/entity/Q28882305,0,253,,,
MAR,Marrocos,Q28882215,http://www.wikidata.org/entity/Q28897549,0,307,,,
MAR,Marrocos,Q28882212,http://www.wikidata.org/entity/Q28882020,0,259,,,
MAR,Marrocos,Q28882213,http://www.wikidata.org/entity/Q28881917,0,62,,,
MAR,Marrocos,Q28882218,http://www.wikidata.org/entity/Q28881814,0,29,,,
MAR,Marrocos,Q28882219,http://www.wikidata.org/entity/Q28882152,0,438,,,
MAR,Marrocos,Q28882216,http://www.wikidata.org/entity/Q28897549,0,242,,,
MAR,Marrocos,Q28882217,http://www.wikidata.org/entity/Q28881935,0,69,,,
MAR,Marrocos,Q28882222,http://www.wikidata.org/entity/Q28897549,0,314,,,
MAR,Marrocos,Q28882223,http://www.wikidata.org/entity/Q28882305,0,268,,,
MAR,Marrocos,Q28882220,http://www.wikidata.org/entity/Q28897549,0,175,,,
MAR,Marrocos,Q28882224,http://www.wikidata.org/entity/Q28882398,0,637,,,
MAR,Marrocos,Q28882225,http://www.wikidata.org/entity/Q28882169,0,42,,,
MAR,Marrocos,Q28882235,http://www.wikidata.org/entity/Q28882251,0,27,,,
MAR,Marrocos,Q28882232,http://www.wikidata.org/entity/Q28882251,0,54,,,
MAR,Marrocos,Q28882233,http://www.wikidata.org/entity/Q28897549,0,33,,,
MAR,Marrocos,Q28882238,http://www.wikidata.org/entity/Q28897549,0,187,,,
MAR,Marrocos,Q28882239,http://www.wikidata.org/entity/Q28882179,0,343,,,
MAR,Marrocos,Q28882237,http://www.wikidata.org/entity/Q28881974,0,460,,,
MAR,Marrocos,Q28882242,http://www.wikidata.org/entity/Q28897549,0,209,,,
MAR,Marrocos,Q28882243,http://www.wikidata.org/entity/Q28881974,0,287,,,
MAR,Marrocos,Q28882241,http://www.wikidata.org/entity/Q28882214,0,28,,,
MAR,Marrocos,Q28882246,http://www.wikidata.org/entity/Q28882013,0,290,,,
MAR,Marrocos,Q28882244,http://www.wikidata.org/entity/Q28882030,0,803,,,
MAR,Marrocos,Q28882245,http://www.wikidata.org/entity/Q28897549,0,67,,,
MAR,Marrocos,Q28882248,http://www.wikidata.org/entity/Q28897549,0,94,,,
MAR,Marrocos,Q28882249,http://www.wikidata.org/entity/Q28897549,0,281,,,
MAR,Marrocos,Q28882254,http://www.wikidata.org/entity/Q28897549,0,95,,,
MAR,Marrocos,Q28882255,http://www.wikidata.org/entity/Q28881807,0,305,,,
MAR,Marrocos,Q28882252,http://www.wikidata.org/entity/Q28882152,0,19,,,
MAR,Marrocos,Q28882253,http://www.wikidata.org/entity/Q28882297,0,287,,,
MAR,Marrocos,Q28882258,http://www.wikidata.org/entity/Q28897549,0,63,,,
MAR,Marrocos,Q28882259,http://www.wikidata.org/entity/Q28881917,0,1014,,,
MAR,Marrocos,Q28882256,http://www.wikidata.org/entity/Q28882364,0,182,,,
MAR,Marrocos,Q28882262,http://www.wikidata.org/entity/Q28897549,0,254,,,
MAR,Marrocos,Q28882260,http://www.wikidata.org/entity/Q28882107,0,53,,,
MAR,Marrocos,Q28882261,http://www.wikidata.org/entity/Q28882030,0,962,,,
MAR,Marrocos,Q28882265,http://www.wikidata.org/entity/Q28882020,0,48,,,
MAR,Marrocos,Q28882290,http://www.wikidata.org/entity/Q28891778,0,79,,,
MAR,Marrocos,Q28882291,http://www.wikidata.org/entity/Q28882251,0,162,,,
MAR,Marrocos,Q28882289,http://www.wikidata.org/entity/Q28882234,0,48,,,
MAR,Marrocos,Q28882294,http://www.wikidata.org/entity/Q28881811,0,104,,,
MAR,Marrocos,Q28882295,http://www.wikidata.org/entity/Q28893486,0,44,,,
MAR,Marrocos,Q28882293,http://www.wikidata.org/entity/Q28882257,0,242,,,
MAR,Marrocos,Q28882298,http://www.wikidata.org/entity/Q28882013,0,312,,,
MAR,Marrocos,Q28882299,http://www.wikidata.org/entity/Q28893486,0,215,,,
MAR,Marrocos,Q28882296,http://www.wikidata.org/entity/Q28881935,0,21,,,
MAR,Marrocos,Q28882302,http://www.wikidata.org/entity/Q28881966,0,700,,,
MAR,Marrocos,Q28882303,http://www.wikidata.org/entity/Q28893486,0,80,,,
MAR,Marrocos,Q28882300,http://www.wikidata.org/entity/Q28882337,0,90,,,
MAR,Marrocos,Q28882301,http://www.wikidata.org/entity/Q28882169,0,616,,,
MAR,Marrocos,Q28882304,http://www.wikidata.org/entity/Q28882013,0,336,,,
MAR,Marrocos,Q28882310,http://www.wikidata.org/entity/Q28881839,0,478,,,
MAR,Marrocos,Q28882309,http://www.wikidata.org/entity/Q28893486,0,119,,,
MAR,Marrocos,Q28882314,http://www.wikidata.org/entity/Q28881839,0,118,,,
MAR,Marrocos,Q28882313,http://www.wikidata.org/entity/Q28881942,0,334,,,
MAR,Marrocos,Q28882318,http://www.wikidata.org/entity/Q28881917,0,982,,,
MAR,Marrocos,Q28882322,http://www.wikidata.org/entity/Q28882328,0,73,,,
MAR,Marrocos,Q28882323,http://www.wikidata.org/entity/Q28882251,0,688,,,
MAR,Marrocos,Q28882320,http://www.wikidata.org/entity/Q28881935,0,20,,,
MAR,Marrocos,Q28882326,http://www.wikidata.org/entity/Q28893486,0,427,,,
MAR,Marrocos,Q28882327,http://www.wikidata.org/entity/Q28881917,0,205,,,
MAR,Marrocos,Q28882325,http://www.wikidata.org/entity/Q28881974,0,11,,,
MAR,Marrocos,Q28882331,http://www.wikidata.org/entity/Q28882077,0,2139,,,
MAR,Marrocos,Q28882329,http://www.wikidata.org/entity/Q28881808,0,1267,,,
MAR,Marrocos,Q28882334,http://www.wikidata.org/entity/Q28882251,0,10,,,
MAR,Marrocos,Q28882335,http://www.wikidata.org/entity/Q28891777,0,122,,,
MAR,Marrocos,Q28882333,http://www.wikidata.org/entity/Q28882251,0,372,,,
MAR,Marrocos,Q28882338,http://www.wikidata.org/entity/Q28891777,0,240,,,
MAR,Marrocos,Q28882339,http://www.wikidata.org/entity/Q28881935,0,113,,,
MAR,Marrocos,Q28882336,http://www.wikidata.org/entity/Q28881942,0,56,,,
MAR,Marrocos,Q28882340,http://www.wikidata.org/entity/Q28882179,0,131,,,
MAR,Marrocos,Q28882341,http://www.wikidata.org/entity/Q28891777,0,144,,,
MAR,Marrocos,Q28882389,http://www.wikidata.org/entity/Q28882161,0,765,,,
MAR,Marrocos,Q28882394,http://www.wikidata.org/entity/Q28881910,0,124,,,
MAR,Marrocos,Q28882399,http://www.wikidata.org/entity/Q28882297,0,78,,,
MAR,Marrocos,Q28882401,http://www.wikidata.org/entity/Q28881808,0,1079,,,
MAR,Marrocos,Q28882406,http://www.wikidata.org/entity/Q28882316,0,130,,,
MAR,Marrocos,Q28882404,http://www.wikidata.org/entity/Q28882030,0,170,,,
MAR,Marrocos,Q28882408,http://www.wikidata.org/entity/Q28882030,0,218,,,
MAR,Marrocos,Q28882430,http://www.wikidata.org/entity/Q28890169,0,169,,,
MAR,Marrocos,Q28882431,http://www.wikidata.org/entity/Q28890169,0,191,,,
MAR,Marrocos,Q28882429,http://www.wikidata.org/entity/Q28890169,0,56,,,
MAR,Marrocos,Q28882434,http://www.wikidata.org/entity/Q28891661,0,222,,,
MAR,Marrocos,Q28882435,http://www.wikidata.org/entity/Q28891661,0,251,,,
MAR,Marrocos,Q28882432,http://www.wikidata.org/entity/Q28890169,0,169,,,
MAR,Marrocos,Q28882433,http://www.wikidata.org/entity/Q28890169,0,192,,,
MAR,Marrocos,Q28882438,http://www.wikidata.org/entity/Q28896684,0,385,,,
MAR,Marrocos,Q28882439,http://www.wikidata.org/entity/Q28896684,0,258,,,
MAR,Marrocos,Q28882436,http://www.wikidata.org/entity/Q28891661,0,532,,,
MAR,Marrocos,Q28882437,http://www.wikidata.org/entity/Q28891661,0,197,,,
MAR,Marrocos,Q28882442,http://www.wikidata.org/entity/Q28896684,0,556,,,
MAR,Marrocos,Q28882443,http://www.wikidata.org/entity/Q28896684,0,91,,,
MAR,Marrocos,Q28882440,http://www.wikidata.org/entity/Q28896684,0,344,,,
MAR,Marrocos,Q28882441,http://www.wikidata.org/entity/Q28896684,0,385,,,
MAR,Marrocos,Q28882444,http://www.wikidata.org/entity/Q28891498,0,855,,,
MAR,Marrocos,Q28882445,http://www.wikidata.org/entity/Q28891498,0,518,,,
MAR,Marrocos,Q28882458,http://www.wikidata.org/entity/Q28890200,0,196,,,
MAR,Marrocos,Q28882459,http://www.wikidata.org/entity/Q28890200,0,419,,,
MAR,Marrocos,Q28882457,http://www.wikidata.org/entity/Q28890200,0,322,,,
MAR,Marrocos,Q28882462,http://www.wikidata.org/entity/Q28890199,0,334,,,
MAR,Marrocos,Q28882463,http://www.wikidata.org/entity/Q28890199,0,394,,,
MAR,Marrocos,Q28882460,http://www.wikidata.org/entity/Q28890200,0,720,,,
MAR,Marrocos,Q28882461,http://www.wikidata.org/entity/Q28890199,0,561,,,
MAR,Marrocos,Q28882464,http://www.wikidata.org/entity/Q28890199,0,313,,,
MAR,Marrocos,Q28882490,http://www.wikidata.org/entity/Q28891500,0,403,,,
MAR,Marrocos,Q28882489,http://www.wikidata.org/entity/Q28903541,0,791,,,
MAR,Marrocos,Q28882516,http://www.wikidata.org/entity/Q28909389,0,615,,,
MAR,Marrocos,Q28882526,http://www.wikidata.org/entity/Q28905360,0,1984,,,
MAR,Marrocos,Q28882527,http://www.wikidata.org/entity/Q28905360,0,1619,,,
MAR,Marrocos,Q28882524,http://www.wikidata.org/entity/Q28905886,0,556,,,
MAR,Marrocos,Q28882530,http://www.wikidata.org/entity/Q28891651,0,126,,,
MAR,Marrocos,Q28882531,http://www.wikidata.org/entity/Q28891651,0,144,,,
MAR,Marrocos,Q28882528,http://www.wikidata.org/entity/Q28890100,0,1899,,,
MAR,Marrocos,Q28882529,http://www.wikidata.org/entity/Q28890100,0,608,,,
MAR,Marrocos,Q28882534,http://www.wikidata.org/entity/Q28891651,0,175,,,
MAR,Marrocos,Q28882535,http://www.wikidata.org/entity/Q28891651,0,116,,,
MAR,Marrocos,Q28882532,http://www.wikidata.org/entity/Q28891651,0,88,,,
MAR,Marrocos,Q28882533,http://www.wikidata.org/entity/Q28891651,0,77,,,
MAR,Marrocos,Q28882538,http://www.wikidata.org/entity/Q28891651,0,115,,,
MAR,Marrocos,Q28882539,http://www.wikidata.org/entity/Q28891651,0,482,,,
MAR,Marrocos,Q28882536,http://www.wikidata.org/entity/Q28891651,0,67,,,
MAR,Marrocos,Q28882537,http://www.wikidata.org/entity/Q28891651,0,66,,,
MAR,Marrocos,Q28882542,http://www.wikidata.org/entity/Q28890206,0,428,,,
MAR,Marrocos,Q28882543,http://www.wikidata.org/entity/Q28890206,0,3400,,,
MAR,Marrocos,Q28882540,http://www.wikidata.org/entity/Q28891651,0,430,,,
MAR,Marrocos,Q28882541,http://www.wikidata.org/entity/Q28890206,0,341,,,
MAR,Marrocos,Q28882547,http://www.wikidata.org/entity/Q28908771,0,1088,,,
MAR,Marrocos,Q28882544,http://www.wikidata.org/entity/Q28892126,0,1099,,,
MAR,Marrocos,Q28882545,http://www.wikidata.org/entity/Q28892126,0,648,,,
MAR,Marrocos,Q28882550,http://www.wikidata.org/entity/Q28894779,0,499,,,
MAR,Marrocos,Q28882551,http://www.wikidata.org/entity/Q28894779,0,317,,,
MAR,Marrocos,Q28882548,http://www.wikidata.org/entity/Q28908771,0,319,,,
MAR,Marrocos,Q28882549,http://www.wikidata.org/entity/Q28894779,0,849,,,
MAR,Marrocos,Q28882552,http://www.wikidata.org/entity/Q28894779,0,667,,,
MAR,Marrocos,Q28882595,http://www.wikidata.org/entity/Q28895783,0,985,,,
MAR,Marrocos,Q28882598,http://www.wikidata.org/entity/Q28895783,0,291,,,
MAR,Marrocos,Q28882599,http://www.wikidata.org/entity/Q28895783,0,221,,,
MAR,Marrocos,Q28882596,http://www.wikidata.org/entity/Q28895783,0,205,,,
MAR,Marrocos,Q28882597,http://www.wikidata.org/entity/Q28895783,0,315,,,
MAR,Marrocos,Q28882602,http://www.wikidata.org/entity/Q28895254,0,857,,,
MAR,Marrocos,Q28882600,http://www.wikidata.org/entity/Q28895348,0,2909,,,
MAR,Marrocos,Q28882601,http://www.wikidata.org/entity/Q28895254,0,528,,,
MAR,Marrocos,Q28882607,http://www.wikidata.org/entity/Q28906975,0,350,,,
MAR,Marrocos,Q28882604,http://www.wikidata.org/entity/Q28906975,0,138,,,
MAR,Marrocos,Q28882605,http://www.wikidata.org/entity/Q28906975,0,270,,,
MAR,Marrocos,Q28882610,http://www.wikidata.org/entity/Q28906975,0,217,,,
MAR,Marrocos,Q28882611,http://www.wikidata.org/entity/Q28906975,0,133,,,
MAR,Marrocos,Q28882608,http://www.wikidata.org/entity/Q28906975,0,161,,,
MAR,Marrocos,Q28882609,http://www.wikidata.org/entity/Q28906975,0,165,,,
MAR,Marrocos,Q28882614,http://www.wikidata.org/entity/Q28906975,0,371,,,
MAR,Marrocos,Q28882615,http://www.wikidata.org/entity/Q28905105,0,58,,,
MAR,Marrocos,Q28882612,http://www.wikidata.org/entity/Q28906975,0,141,,,
MAR,Marrocos,Q28882616,http://www.wikidata.org/entity/Q28906975,0,717,,,
MAR,Marrocos,Q28882623,http://www.wikidata.org/entity/Q28894506,0,2420,,,
MAR,Marrocos,Q28882626,http://www.wikidata.org/entity/Q28895284,0,3220,,,
MAR,Marrocos,Q28882627,http://www.wikidata.org/entity/Q28895284,0,1851,,,
MAR,Marrocos,Q28882624,http://www.wikidata.org/entity/Q28894506,0,1347,,,
MAR,Marrocos,Q28882625,http://www.wikidata.org/entity/Q28894506,0,1154,,,
MAR,Marrocos,Q28882631,http://www.wikidata.org/entity/Q28895822,0,3226,,,
MAR,Marrocos,Q28882628,http://www.wikidata.org/entity/Q28895284,0,1146,,,
MAR,Marrocos,Q28882629,http://www.wikidata.org/entity/Q28895822,0,4009,,,
MAR,Marrocos,Q28882632,http://www.wikidata.org/entity/Q28895822,0,3334,,,
MAR,Marrocos,Q28882633,http://www.wikidata.org/entity/Q28895822,0,3750,,,
MAR,Marrocos,Q28882818,http://www.wikidata.org/entity/Q28891686,0,940,,,
MAR,Marrocos,Q28881053,http://www.wikidata.org/entity/Q28893688,0,522,,,
MAR,Marrocos,Q28881056,http://www.wikidata.org/entity/Q28892019,0,209,,,
MAR,Marrocos,Q28881057,http://www.wikidata.org/entity/Q28892019,0,177,,,
MAR,Marrocos,Q28881062,http://www.wikidata.org/entity/Q28892019,0,282,,,
MAR,Marrocos,Q28881063,http://www.wikidata.org/entity/Q28892019,0,40,,,
MAR,Marrocos,Q28881060,http://www.wikidata.org/entity/Q28892019,0,203,,,
MAR,Marrocos,Q28881066,http://www.wikidata.org/entity/Q28892019,0,326,,,
MAR,Marrocos,Q28881064,http://www.wikidata.org/entity/Q28892019,0,392,,,
MAR,Marrocos,Q28881065,http://www.wikidata.org/entity/Q28892019,0,257,,,
MAR,Marrocos,Q28881070,http://www.wikidata.org/entity/Q28892019,0,990,,,
MAR,Marrocos,Q28881071,http://www.wikidata.org/entity/Q28892398,0,318,,,
MAR,Marrocos,Q28881068,http://www.wikidata.org/entity/Q28892019,0,321,,,
MAR,Marrocos,Q28881069,http://www.wikidata.org/entity/Q28892019,0,311,,,
MAR,Marrocos,Q28881073,http://www.wikidata.org/entity/Q28892398,0,234,,,
MAR,Marrocos,Q28881079,http://www.wikidata.org/entity/Q28892398,0,645,,,
MAR,Marrocos,Q28881076,http://www.wikidata.org/entity/Q28892398,0,601,,,
MAR,Marrocos,Q28881077,http://www.wikidata.org/entity/Q28892398,0,241,,,
MAR,Marrocos,Q28881082,http://www.wikidata.org/entity/Q28890218,0,55,,,
MAR,Marrocos,Q28881083,http://www.wikidata.org/entity/Q28890218,0,70,,,
MAR,Marrocos,Q28881080,http://www.wikidata.org/entity/Q28890218,0,527,,,
MAR,Marrocos,Q28881081,http://www.wikidata.org/entity/Q28890218,0,42,,,
MAR,Marrocos,Q28881086,http://www.wikidata.org/entity/Q28901291,0,100,,,
MAR,Marrocos,Q28881087,http://www.wikidata.org/entity/Q28890218,0,149,,,
MAR,Marrocos,Q28881084,http://www.wikidata.org/entity/Q28890218,0,210,,,
MAR,Marrocos,Q28881085,http://www.wikidata.org/entity/Q28890218,0,227,,,
MAR,Marrocos,Q28881090,http://www.wikidata.org/entity/Q28890218,0,72,,,
MAR,Marrocos,Q28881091,http://www.wikidata.org/entity/Q28890218,0,61,,,
MAR,Marrocos,Q28881088,http://www.wikidata.org/entity/Q28890218,0,317,,,
MAR,Marrocos,Q28881089,http://www.wikidata.org/entity/Q28890218,0,8,,,
MAR,Marrocos,Q28881092,http://www.wikidata.org/entity/Q28901941,0,516,,,
MAR,Marrocos,Q28881093,http://www.wikidata.org/entity/Q28901941,0,517,,,
MAR,Marrocos,Q28881219,http://www.wikidata.org/entity/Q28890164,0,564,,,
MAR,Marrocos,Q28881222,http://www.wikidata.org/entity/Q28890164,0,429,,,
MAR,Marrocos,Q28881223,http://www.wikidata.org/entity/Q28890164,0,446,,,
MAR,Marrocos,Q28881220,http://www.wikidata.org/entity/Q28890164,0,50,,,
MAR,Marrocos,Q28881221,http://www.wikidata.org/entity/Q28890164,0,279,,,
MAR,Marrocos,Q28881224,http://www.wikidata.org/entity/Q28890164,0,86,,,
MAR,Marrocos,Q28881225,http://www.wikidata.org/entity/Q28890164,0,3098,,,
MAR,Marrocos,Q28881230,http://www.wikidata.org/entity/Q28902194,0,892,,,
MAR,Marrocos,Q28881231,http://www.wikidata.org/entity/Q28908303,0,415,,,
MAR,Marrocos,Q28881228,http://www.wikidata.org/entity/Q28902194,0,1177,,,
MAR,Marrocos,Q28881229,http://www.wikidata.org/entity/Q28902194,0,1465,,,
MAR,Marrocos,Q28881234,http://www.wikidata.org/entity/Q28908303,0,1013,,,
MAR,Marrocos,Q28881235,http://www.wikidata.org/entity/Q28896280,0,3595,,,
MAR,Marrocos,Q28881233,http://www.wikidata.org/entity/Q28908303,0,803,,,
MAR,Marrocos,Q28881236,http://www.wikidata.org/entity/Q28896280,0,758,,,
MAR,Marrocos,Q28881362,http://www.wikidata.org/entity/Q28890104,0,230,,,
MAR,Marrocos,Q28881363,http://www.wikidata.org/entity/Q28890104,0,197,,,
MAR,Marrocos,Q28881366,http://www.wikidata.org/entity/Q28890104,0,145,,,
MAR,Marrocos,Q28881367,http://www.wikidata.org/entity/Q28890104,0,397,,,
MAR,Marrocos,Q28881364,http://www.wikidata.org/entity/Q28890104,0,173,,,
MAR,Marrocos,Q28881365,http://www.wikidata.org/entity/Q28890104,0,116,,,
MAR,Marrocos,Q28881370,http://www.wikidata.org/entity/Q28890104,0,394,,,
MAR,Marrocos,Q28881368,http://www.wikidata.org/entity/Q28890104,0,185,,,
MAR,Marrocos,Q28881369,http://www.wikidata.org/entity/Q28890104,0,217,,,
MAR,Marrocos,Q28881378,http://www.wikidata.org/entity/Q28890193,0,394,,,
MAR,Marrocos,Q28881379,http://www.wikidata.org/entity/Q28896410,0,239,,,
MAR,Marrocos,Q28881376,http://www.wikidata.org/entity/Q28890193,0,560,,,
MAR,Marrocos,Q28881377,http://www.wikidata.org/entity/Q28890193,0,344,,,
MAR,Marrocos,Q28881380,http://www.wikidata.org/entity/Q28896410,0,316,,,
MAR,Marrocos,Q28881381,http://www.wikidata.org/entity/Q28896410,0,492,,,
MAR,Marrocos,Q28881443,http://www.wikidata.org/entity/Q28892345,0,37,,,
MAR,Marrocos,Q28881444,http://www.wikidata.org/entity/Q28892345,0,229,,,
MAR,Marrocos,Q28881554,http://www.wikidata.org/entity/Q28890124,0,84,,,
MAR,Marrocos,Q28881555,http://www.wikidata.org/entity/Q28890124,0,216,,,
MAR,Marrocos,Q28881553,http://www.wikidata.org/entity/Q28890124,0,370,,,
MAR,Marrocos,Q28881558,http://www.wikidata.org/entity/Q28890124,0,243,,,
MAR,Marrocos,Q28881559,http://www.wikidata.org/entity/Q28890124,0,123,,,
MAR,Marrocos,Q28881556,http://www.wikidata.org/entity/Q28890124,0,675,,,
MAR,Marrocos,Q28881557,http://www.wikidata.org/entity/Q28890124,0,71,,,
MAR,Marrocos,Q28881563,http://www.wikidata.org/entity/Q28890123,0,135,,,
MAR,Marrocos,Q28881560,http://www.wikidata.org/entity/Q28890124,0,214,,,
MAR,Marrocos,Q28881561,http://www.wikidata.org/entity/Q28890124,0,104,,,
MAR,Marrocos,Q28881566,http://www.wikidata.org/entity/Q28890123,0,117,,,
MAR,Marrocos,Q28881567,http://www.wikidata.org/entity/Q28890123,0,212,,,
MAR,Marrocos,Q28881564,http://www.wikidata.org/entity/Q28890123,0,53,,,
MAR,Marrocos,Q28881565,http://www.wikidata.org/entity/Q28890123,0,212,,,
MAR,Marrocos,Q28881570,http://www.wikidata.org/entity/Q28890123,0,284,,,
MAR,Marrocos,Q28881571,http://www.wikidata.org/entity/Q28890123,0,154,,,
MAR,Marrocos,Q28881569,http://www.wikidata.org/entity/Q28890123,0,232,,,
MAR,Marrocos,Q28881574,http://www.wikidata.org/entity/Q28890123,0,398,,,
MAR,Marrocos,Q28881575,http://www.wikidata.org/entity/Q28901291,0,57,,,
MAR,Marrocos,Q28881572,http://www.wikidata.org/entity/Q28890123,0,202,,,
MAR,Marrocos,Q28881573,http://www.wikidata.org/entity/Q28890123,0,111,,,
MAR,Marrocos,Q28881579,http://www.wikidata.org/entity/Q28890127,0,770,,,
MAR,Marrocos,Q28881577,http://www.wikidata.org/entity/Q28890123,0,117,,,
MAR,Marrocos,Q28881580,http://www.wikidata.org/entity/Q28890127,0,271,,,
MAR,Marrocos,Q28881581,http://www.wikidata.org/entity/Q28890127,0,278,,,
MAR,Marrocos,Q28881699,http://www.wikidata.org/entity/Q28891775,0,1593,,,
MAR,Marrocos,Q28881700,http://www.wikidata.org/entity/Q28891775,0,528,,,
MAR,Marrocos,Q28881701,http://www.wikidata.org/entity/Q28891775,0,735,,,
MAR,Marrocos,Q28881707,http://www.wikidata.org/entity/Q28891775,0,65,,,
MAR,Marrocos,Q28881704,http://www.wikidata.org/entity/Q28891775,0,295,,,
MAR,Marrocos,Q28881711,http://www.wikidata.org/entity/Q28908224,0,770,,,
MAR,Marrocos,Q28881709,http://www.wikidata.org/entity/Q28908224,0,584,,,
MAR,Marrocos,Q28881714,http://www.wikidata.org/entity/Q28903826,0,1400,,,
MAR,Marrocos,Q28881715,http://www.wikidata.org/entity/Q28903826,0,1163,,,
MAR,Marrocos,Q28881712,http://www.wikidata.org/entity/Q28908224,0,487,,,
MAR,Marrocos,Q28881718,http://www.wikidata.org/entity/Q28903826,0,82,,,
MAR,Marrocos,Q28881719,http://www.wikidata.org/entity/Q28903160,0,404,,,
MAR,Marrocos,Q28881722,http://www.wikidata.org/entity/Q28903160,0,338,,,
MAR,Marrocos,Q28881723,http://www.wikidata.org/entity/Q28903160,0,235,,,
MAR,Marrocos,Q28881720,http://www.wikidata.org/entity/Q28903160,0,123,,,
MAR,Marrocos,Q28881721,http://www.wikidata.org/entity/Q28903160,0,554,,,
MAR,Marrocos,Q28881726,http://www.wikidata.org/entity/Q28897557,0,310,,,
MAR,Marrocos,Q28881727,http://www.wikidata.org/entity/Q28897557,0,724,,,
MAR,Marrocos,Q28881724,http://www.wikidata.org/entity/Q28897557,0,446,,,
MAR,Marrocos,Q28881725,http://www.wikidata.org/entity/Q28897557,0,631,,,
MAR,Marrocos,Q28881730,http://www.wikidata.org/entity/Q28897557,0,166,,,
MAR,Marrocos,Q28881731,http://www.wikidata.org/entity/Q28897557,0,238,,,
MAR,Marrocos,Q28881728,http://www.wikidata.org/entity/Q28897557,0,254,,,
MAR,Marrocos,Q28881729,http://www.wikidata.org/entity/Q28897557,0,359,,,
MAR,Marrocos,Q28881734,http://www.wikidata.org/entity/Q28897557,0,176,,,
MAR,Marrocos,Q28881735,http://www.wikidata.org/entity/Q28897557,0,301,,,
MAR,Marrocos,Q28881732,http://www.wikidata.org/entity/Q28897557,0,322,,,
MAR,Marrocos,Q28881733,http://www.wikidata.org/entity/Q28897557,0,369,,,
MAR,Marrocos,Q28881736,http://www.wikidata.org/entity/Q28891241,0,300,,,
MAR,Marrocos,Q28881802,http://www.wikidata.org/entity/Q28881942,0,184,,,
MAR,Marrocos,Q28881803,http://www.wikidata.org/entity/Q28882387,0,1019,,,
MAR,Marrocos,Q28881801,http://www.wikidata.org/entity/Q28892424,0,271,,,
MAR,Marrocos,Q28881806,http://www.wikidata.org/entity/Q28882297,0,278,,,
MAR,Marrocos,Q28881804,http://www.wikidata.org/entity/Q28881966,0,152,,,
MAR,Marrocos,Q28881805,http://www.wikidata.org/entity/Q28892424,0,169,,,
MAR,Marrocos,Q28881809,http://www.wikidata.org/entity/Q28881942,0,226,,,
MAR,Marrocos,Q28881815,http://www.wikidata.org/entity/Q28882428,0,352,,,
MAR,Marrocos,Q28881818,http://www.wikidata.org/entity/Q28882030,0,57,,,
MAR,Marrocos,Q28881819,http://www.wikidata.org/entity/Q28892424,0,175,,,
MAR,Marrocos,Q28881816,http://www.wikidata.org/entity/Q28892424,0,250,,,
MAR,Marrocos,Q28881817,http://www.wikidata.org/entity/Q28881807,0,1679,,,
MAR,Marrocos,Q28881822,http://www.wikidata.org/entity/Q28882179,0,110,,,
MAR,Marrocos,Q28881823,http://www.wikidata.org/entity/Q28882311,0,465,,,
MAR,Marrocos,Q28881821,http://www.wikidata.org/entity/Q28882169,0,23,,,
MAR,Marrocos,Q28881826,http://www.wikidata.org/entity/Q28882131,0,135,,,
MAR,Marrocos,Q28881824,http://www.wikidata.org/entity/Q28892424,0,65,,,
MAR,Marrocos,Q28881825,http://www.wikidata.org/entity/Q28881946,0,398,,,
MAR,Marrocos,Q28881830,http://www.wikidata.org/entity/Q28882357,0,714,,,
MAR,Marrocos,Q28881831,http://www.wikidata.org/entity/Q28882010,0,611,,,
MAR,Marrocos,Q28881828,http://www.wikidata.org/entity/Q28906843,0,414,,,
MAR,Marrocos,Q28881829,http://www.wikidata.org/entity/Q28882028,0,894,,,
MAR,Marrocos,Q28881834,http://www.wikidata.org/entity/Q28882169,0,77,,,
MAR,Marrocos,Q28881835,http://www.wikidata.org/entity/Q28907839,0,533,,,
MAR,Marrocos,Q28881832,http://www.wikidata.org/entity/Q28882192,0,113,,,
MAR,Marrocos,Q28881833,http://www.wikidata.org/entity/Q28906843,0,175,,,
MAR,Marrocos,Q28881838,http://www.wikidata.org/entity/Q28882010,0,605,,,
MAR,Marrocos,Q28881842,http://www.wikidata.org/entity/Q28882364,0,95,,,
MAR,Marrocos,Q28881843,http://www.wikidata.org/entity/Q28881878,0,1759,,,
MAR,Marrocos,Q28881840,http://www.wikidata.org/entity/Q28881812,0,75,,,
MAR,Marrocos,Q28881841,http://www.wikidata.org/entity/Q28906843,0,314,,,
MAR,Marrocos,Q28881846,http://www.wikidata.org/entity/Q28882311,0,517,,,
MAR,Marrocos,Q28881847,http://www.wikidata.org/entity/Q28882010,0,471,,,
MAR,Marrocos,Q28881844,http://www.wikidata.org/entity/Q28881868,0,329,,,
MAR,Marrocos,Q28881850,http://www.wikidata.org/entity/Q28882297,0,310,,,
MAR,Marrocos,Q28881851,http://www.wikidata.org/entity/Q28882123,0,538,,,
MAR,Marrocos,Q28881849,http://www.wikidata.org/entity/Q28882251,0,850,,,
MAR,Marrocos,Q28881854,http://www.wikidata.org/entity/Q28906843,0,128,,,
MAR,Marrocos,Q28881855,http://www.wikidata.org/entity/Q28882020,0,216,,,
MAR,Marrocos,Q28881852,http://www.wikidata.org/entity/Q28881868,0,1002,,,
MAR,Marrocos,Q28881853,http://www.wikidata.org/entity/Q28882110,0,1127,,,
MAR,Marrocos,Q28881858,http://www.wikidata.org/entity/Q28882387,0,532,,,
MAR,Marrocos,Q28881859,http://www.wikidata.org/entity/Q28882179,0,652,,,
MAR,Marrocos,Q28881857,http://www.wikidata.org/entity/Q28882128,0,1058,,,
MAR,Marrocos,Q28881862,http://www.wikidata.org/entity/Q28882107,0,20,,,
MAR,Marrocos,Q28881863,http://www.wikidata.org/entity/Q28882020,0,109,,,
MAR,Marrocos,Q28881860,http://www.wikidata.org/entity/Q28882305,0,94,,,
MAR,Marrocos,Q28881861,http://www.wikidata.org/entity/Q28881935,0,140,,,
MAR,Marrocos,Q28881866,http://www.wikidata.org/entity/Q28882169,0,950,,,
MAR,Marrocos,Q28881867,http://www.wikidata.org/entity/Q28906843,0,138,,,
MAR,Marrocos,Q28881870,http://www.wikidata.org/entity/Q28882311,0,372,,,
MAR,Marrocos,Q28881871,http://www.wikidata.org/entity/Q28882257,0,838,,,
MAR,Marrocos,Q28881869,http://www.wikidata.org/entity/Q28881885,0,1021,,,
MAR,Marrocos,Q28881875,http://www.wikidata.org/entity/Q28881896,0,165,,,
MAR,Marrocos,Q28881872,http://www.wikidata.org/entity/Q28881933,0,366,,,
MAR,Marrocos,Q28881873,http://www.wikidata.org/entity/Q28881868,0,1289,,,
MAR,Marrocos,Q28881879,http://www.wikidata.org/entity/Q28881974,0,1289,,,
MAR,Marrocos,Q28881876,http://www.wikidata.org/entity/Q28882179,0,454,,,
MAR,Marrocos,Q28881880,http://www.wikidata.org/entity/Q28882363,0,1030,,,
MAR,Marrocos,Q28881881,http://www.wikidata.org/entity/Q28882077,0,122,,,
MAR,Marrocos,Q28881990,http://www.wikidata.org/entity/Q28890774,0,92,,,
MAR,Marrocos,Q28881991,http://www.wikidata.org/entity/Q28882028,0,338,,,
MAR,Marrocos,Q28881988,http://www.wikidata.org/entity/Q28881808,0,460,,,
MAR,Marrocos,Q28881989,http://www.wikidata.org/entity/Q28882030,0,217,,,
MAR,Marrocos,Q28881994,http://www.wikidata.org/entity/Q28882311,0,606,,,
MAR,Marrocos,Q28881992,http://www.wikidata.org/entity/Q28881814,0,72,,,
MAR,Marrocos,Q28881993,http://www.wikidata.org/entity/Q28882251,0,43,,,
MAR,Marrocos,Q28881998,http://www.wikidata.org/entity/Q28882179,0,316,,,
MAR,Marrocos,Q28881999,http://www.wikidata.org/entity/Q28881946,0,169,,,
MAR,Marrocos,Q28881997,http://www.wikidata.org/entity/Q28882257,0,370,,,
MAR,Marrocos,Q28882003,http://www.wikidata.org/entity/Q28882014,0,658,,,
MAR,Marrocos,Q28882000,http://www.wikidata.org/entity/Q28882010,0,1677,,,
MAR,Marrocos,Q28882007,http://www.wikidata.org/entity/Q28882074,0,303,,,
MAR,Marrocos,Q28882004,http://www.wikidata.org/entity/Q28881921,0,672,,,
MAR,Marrocos,Q28882005,http://www.wikidata.org/entity/Q28882123,0,2052,,,
MAR,Marrocos,Q28882011,http://www.wikidata.org/entity/Q28882170,0,282,,,
MAR,Marrocos,Q28882012,http://www.wikidata.org/entity/Q28882357,0,701,,,
MAR,Marrocos,Q28882111,http://www.wikidata.org/entity/Q28905893,0,750,,,
MAR,Marrocos,Q28882109,http://www.wikidata.org/entity/Q28881946,0,252,,,
MAR,Marrocos,Q28882112,http://www.wikidata.org/entity/Q28881933,0,365,,,
MAR,Marrocos,Q28882113,http://www.wikidata.org/entity/Q28882008,0,406,,,
MAR,Marrocos,Q28882118,http://www.wikidata.org/entity/Q28905893,0,181,,,
MAR,Marrocos,Q28882119,http://www.wikidata.org/entity/Q28882013,0,897,,,
MAR,Marrocos,Q28882116,http://www.wikidata.org/entity/Q28881921,0,396,,,
MAR,Marrocos,Q28882117,http://www.wikidata.org/entity/Q28882152,0,302,,,
MAR,Marrocos,Q28882122,http://www.wikidata.org/entity/Q28882020,0,362,,,
MAR,Marrocos,Q28882120,http://www.wikidata.org/entity/Q28905893,0,660,,,
MAR,Marrocos,Q28882121,http://www.wikidata.org/entity/Q28881946,0,237,,,
MAR,Marrocos,Q28882126,http://www.wikidata.org/entity/Q28882152,0,170,,,
MAR,Marrocos,Q28882127,http://www.wikidata.org/entity/Q28881946,0,435,,,
MAR,Marrocos,Q28882124,http://www.wikidata.org/entity/Q28882305,0,1077,,,
MAR,Marrocos,Q28882125,http://www.wikidata.org/entity/Q28905893,0,122,,,
MAR,Marrocos,Q28882130,http://www.wikidata.org/entity/Q28882169,0,217,,,
MAR,Marrocos,Q28882129,http://www.wikidata.org/entity/Q28905000,0,530,,,
MAR,Marrocos,Q28882150,http://www.wikidata.org/entity/Q28882020,0,473,,,
MAR,Marrocos,Q28882151,http://www.wikidata.org/entity/Q28881885,0,501,,,
MAR,Marrocos,Q28882148,http://www.wikidata.org/entity/Q28881788,0,968,,,
MAR,Marrocos,Q28882149,http://www.wikidata.org/entity/Q28905000,0,253,,,
MAR,Marrocos,Q28882154,http://www.wikidata.org/entity/Q28882152,0,116,,,
MAR,Marrocos,Q28882155,http://www.wikidata.org/entity/Q28905000,0,225,,,
MAR,Marrocos,Q28882153,http://www.wikidata.org/entity/Q28905000,0,54,,,
MAR,Marrocos,Q28882158,http://www.wikidata.org/entity/Q28882010,0,1656,,,
MAR,Marrocos,Q28882159,http://www.wikidata.org/entity/Q28882297,0,47,,,
MAR,Marrocos,Q28882157,http://www.wikidata.org/entity/Q28882107,0,20,,,
MAR,Marrocos,Q28882162,http://www.wikidata.org/entity/Q28882030,0,305,,,
MAR,Marrocos,Q28882163,http://www.wikidata.org/entity/Q28882308,0,13,,,
MAR,Marrocos,Q28882160,http://www.wikidata.org/entity/Q28882020,0,179,,,
MAR,Marrocos,Q28882164,http://www.wikidata.org/entity/Q28905000,0,164,,,
MAR,Marrocos,Q28882226,http://www.wikidata.org/entity/Q28897549,0,63,,,
MAR,Marrocos,Q28882227,http://www.wikidata.org/entity/Q28882311,0,1111,,,
MAR,Marrocos,Q28882230,http://www.wikidata.org/entity/Q28882398,0,411,,,
MAR,Marrocos,Q28882231,http://www.wikidata.org/entity/Q28882364,0,238,,,
MAR,Marrocos,Q28882228,http://www.wikidata.org/entity/Q28881942,0,20,,,
MAR,Marrocos,Q28882229,http://www.wikidata.org/entity/Q28897549,0,278,,,
MAR,Marrocos,Q28882267,http://www.wikidata.org/entity/Q28881921,0,1266,,,
MAR,Marrocos,Q28882270,http://www.wikidata.org/entity/Q28881961,0,128,,,
MAR,Marrocos,Q28882271,http://www.wikidata.org/entity/Q28891778,0,160,,,
MAR,Marrocos,Q28882269,http://www.wikidata.org/entity/Q28882308,0,175,,,
MAR,Marrocos,Q28882274,http://www.wikidata.org/entity/Q28882152,0,404,,,
MAR,Marrocos,Q28882272,http://www.wikidata.org/entity/Q28882360,0,433,,,
MAR,Marrocos,Q28882273,http://www.wikidata.org/entity/Q28891778,0,117,,,
MAR,Marrocos,Q28882278,http://www.wikidata.org/entity/Q28881946,0,24,,,
MAR,Marrocos,Q28882279,http://www.wikidata.org/entity/Q28882282,0,89,,,
MAR,Marrocos,Q28882283,http://www.wikidata.org/entity/Q28882364,0,169,,,
MAR,Marrocos,Q28882280,http://www.wikidata.org/entity/Q28882251,0,72,,,
MAR,Marrocos,Q28882281,http://www.wikidata.org/entity/Q28891778,0,596,,,
MAR,Marrocos,Q28882284,http://www.wikidata.org/entity/Q28882131,0,211,,,
MAR,Marrocos,Q28882342,http://www.wikidata.org/entity/Q28906904,0,269,,,
MAR,Marrocos,Q28882343,http://www.wikidata.org/entity/Q28882311,0,265,,,
MAR,Marrocos,Q28882347,http://www.wikidata.org/entity/Q28891777,0,63,,,
MAR,Marrocos,Q28882344,http://www.wikidata.org/entity/Q28881839,0,205,,,
MAR,Marrocos,Q28882345,http://www.wikidata.org/entity/Q28891777,0,50,,,
MAR,Marrocos,Q28882351,http://www.wikidata.org/entity/Q28882110,0,26,,,
MAR,Marrocos,Q28882348,http://www.wikidata.org/entity/Q28882161,0,20,,,
MAR,Marrocos,Q28882349,http://www.wikidata.org/entity/Q28881966,0,14,,,
MAR,Marrocos,Q28882354,http://www.wikidata.org/entity/Q28882357,0,385,,,
MAR,Marrocos,Q28882355,http://www.wikidata.org/entity/Q28882014,0,272,,,
MAR,Marrocos,Q28882352,http://www.wikidata.org/entity/Q28881878,0,1728,,,
MAR,Marrocos,Q28882358,http://www.wikidata.org/entity/Q28881946,0,468,,,
MAR,Marrocos,Q28882359,http://www.wikidata.org/entity/Q28891777,0,342,,,
MAR,Marrocos,Q28882356,http://www.wikidata.org/entity/Q28891777,0,279,,,
MAR,Marrocos,Q28882362,http://www.wikidata.org/entity/Q28881942,0,177,,,
MAR,Marrocos,Q28882366,http://www.wikidata.org/entity/Q28882010,0,224,,,
MAR,Marrocos,Q28882369,http://www.wikidata.org/entity/Q28881811,0,207,,,
MAR,Marrocos,Q28882372,http://www.wikidata.org/entity/Q28881814,0,63,,,
MAR,Marrocos,Q28882373,http://www.wikidata.org/entity/Q28882023,0,311,,,
MAR,Marrocos,Q28882379,http://www.wikidata.org/entity/Q28882282,0,370,,,
MAR,Marrocos,Q28882376,http://www.wikidata.org/entity/Q28882316,0,1524,,,
MAR,Marrocos,Q28882377,http://www.wikidata.org/entity/Q28882020,0,110,,,
MAR,Marrocos,Q28882383,http://www.wikidata.org/entity/Q28882391,0,33,,,
MAR,Marrocos,Q28882380,http://www.wikidata.org/entity/Q28882297,0,131,,,
MAR,Marrocos,Q28882385,http://www.wikidata.org/entity/Q28882161,0,20,,,
MAR,Marrocos,Q28882554,http://www.wikidata.org/entity/Q28894779,0,1048,,,
MAR,Marrocos,Q28882555,http://www.wikidata.org/entity/Q28894779,0,301,,,
MAR,Marrocos,Q28882553,http://www.wikidata.org/entity/Q28894779,0,1252,,,
MAR,Marrocos,Q28882558,http://www.wikidata.org/entity/Q28904429,0,237,,,
MAR,Marrocos,Q28882565,http://www.wikidata.org/entity/Q28892655,0,200,,,
MAR,Marrocos,Q28882568,http://www.wikidata.org/entity/Q28897912,0,1019,,,
MAR,Marrocos,Q28882569,http://www.wikidata.org/entity/Q28901291,0,164,,,
MAR,Marrocos,Q28882578,http://www.wikidata.org/entity/Q28896219,0,913,,,
MAR,Marrocos,Q28882579,http://www.wikidata.org/entity/Q28896219,0,435,,,
MAR,Marrocos,Q28882577,http://www.wikidata.org/entity/Q28896219,0,1131,,,
MAR,Marrocos,Q28882582,http://www.wikidata.org/entity/Q28896219,0,404,,,
MAR,Marrocos,Q28882583,http://www.wikidata.org/entity/Q28896219,0,721,,,
MAR,Marrocos,Q28882580,http://www.wikidata.org/entity/Q28896219,0,283,,,
MAR,Marrocos,Q28882581,http://www.wikidata.org/entity/Q28896219,0,200,,,
MAR,Marrocos,Q28882586,http://www.wikidata.org/entity/Q28898432,0,2373,,,
MAR,Marrocos,Q28882587,http://www.wikidata.org/entity/Q28898432,0,2498,,,
MAR,Marrocos,Q28882584,http://www.wikidata.org/entity/Q28896219,0,438,,,
MAR,Marrocos,Q28882585,http://www.wikidata.org/entity/Q28896219,0,1266,,,
MAR,Marrocos,Q28882588,http://www.wikidata.org/entity/Q28898432,0,651,,,
MAR,Marrocos,Q28882589,http://www.wikidata.org/entity/Q28899578,0,1504,,,
MAR,Marrocos,Q28882639,http://www.wikidata.org/entity/Q28903013,0,2092,,,
MAR,Marrocos,Q28882642,http://www.wikidata.org/entity/Q28895967,0,2271,,,
MAR,Marrocos,Q28882643,http://www.wikidata.org/entity/Q28895967,0,2695,,,
MAR,Marrocos,Q28882641,http://www.wikidata.org/entity/Q28903013,0,1891,,,
MAR,Marrocos,Q28882647,http://www.wikidata.org/entity/Q28894873,0,309,,,
MAR,Marrocos,Q28882644,http://www.wikidata.org/entity/Q28895967,0,2866,,,
MAR,Marrocos,Q28882645,http://www.wikidata.org/entity/Q28895967,0,1807,,,
MAR,Marrocos,Q28882650,http://www.wikidata.org/entity/Q28895310,0,2087,,,
MAR,Marrocos,Q28882651,http://www.wikidata.org/entity/Q28895290,0,5076,,,
MAR,Marrocos,Q28882654,http://www.wikidata.org/entity/Q28894143,0,2031,,,
MAR,Marrocos,Q28882655,http://www.wikidata.org/entity/Q28895469,0,358,,35.130631727056,-3.3296084618568
MAR,Marrocos,Q28882652,http://www.wikidata.org/entity/Q28895290,0,1936,,,
MAR,Marrocos,Q28882653,http://www.wikidata.org/entity/Q28894143,0,930,,,
MAR,Marrocos,Q28882659,http://www.wikidata.org/entity/Q28893910,0,82,,,
MAR,Marrocos,Q28882656,http://www.wikidata.org/entity/Q28893910,0,1052,,,
MAR,Marrocos,Q28882657,http://www.wikidata.org/entity/Q28893910,0,380,,,
MAR,Marrocos,Q28882663,http://www.wikidata.org/entity/Q28899020,0,1340,,,
MAR,Marrocos,Q28882660,http://www.wikidata.org/entity/Q28893910,0,74,,,
MAR,Marrocos,Q28882666,http://www.wikidata.org/entity/Q28899020,0,1229,,,
MAR,Marrocos,Q28882667,http://www.wikidata.org/entity/Q28899020,0,859,,,
MAR,Marrocos,Q28882664,http://www.wikidata.org/entity/Q28899020,0,696,,,
MAR,Marrocos,Q28882665,http://www.wikidata.org/entity/Q28899020,0,1113,,,
MAR,Marrocos,Q28882669,http://www.wikidata.org/entity/Q28899020,0,2941,,,
MAR,Marrocos,Q28882679,http://www.wikidata.org/entity/Q28909203,0,515,,,
MAR,Marrocos,Q28882681,http://www.wikidata.org/entity/Q28882680,0,677,,,
MAR,Marrocos,Q28882686,http://www.wikidata.org/entity/Q28907930,0,694,,,
MAR,Marrocos,Q28882687,http://www.wikidata.org/entity/Q28907930,0,554,,,
MAR,Marrocos,Q28882684,http://www.wikidata.org/entity/Q28882683,0,1134,,,
MAR,Marrocos,Q28882685,http://www.wikidata.org/entity/Q28907930,0,717,,,
MAR,Marrocos,Q28882690,http://www.wikidata.org/entity/Q28907216,0,1571,,,
MAR,Marrocos,Q28882691,http://www.wikidata.org/entity/Q28907064,0,576,,,
MAR,Marrocos,Q28882694,http://www.wikidata.org/entity/Q28882698,0,1121,,,
MAR,Marrocos,Q28882692,http://www.wikidata.org/entity/Q28909261,0,593,,,
MAR,Marrocos,Q28882699,http://www.wikidata.org/entity/Q28882894,0,406,,,
MAR,Marrocos,Q28882703,http://www.wikidata.org/entity/Q28895208,0,1222,,,
MAR,Marrocos,Q28882700,http://www.wikidata.org/entity/Q28901199,0,135,,,
MAR,Marrocos,Q28882701,http://www.wikidata.org/entity/Q28909419,0,284,,,
MAR,Marrocos,Q28882706,http://www.wikidata.org/entity/Q28895208,0,1625,,,
MAR,Marrocos,Q28882707,http://www.wikidata.org/entity/Q28895208,0,1118,,,
MAR,Marrocos,Q28882704,http://www.wikidata.org/entity/Q28895208,0,1304,,,
MAR,Marrocos,Q28882705,http://www.wikidata.org/entity/Q28895208,0,470,,,
MAR,Marrocos,Q28882710,http://www.wikidata.org/entity/Q28894569,0,1225,,,
MAR,Marrocos,Q28882711,http://www.wikidata.org/entity/Q28894569,0,155,,,
MAR,Marrocos,Q28882708,http://www.wikidata.org/entity/Q28894569,0,1368,,,
MAR,Marrocos,Q28882709,http://www.wikidata.org/entity/Q28894569,0,1497,,,
MAR,Marrocos,Q28882714,http://www.wikidata.org/entity/Q28895613,0,3012,,,
MAR,Marrocos,Q28882712,http://www.wikidata.org/entity/Q28894569,0,1640,,,
MAR,Marrocos,Q28882713,http://www.wikidata.org/entity/Q28895613,0,2810,,,
MAR,Marrocos,Q28882719,http://www.wikidata.org/entity/Q28908945,0,375,,,
MAR,Marrocos,Q28882717,http://www.wikidata.org/entity/Q28908945,0,797,,,
MAR,Marrocos,Q28882722,http://www.wikidata.org/entity/Q28891445,0,137,,,
MAR,Marrocos,Q28882723,http://www.wikidata.org/entity/Q28891445,0,161,,,
MAR,Marrocos,Q28882720,http://www.wikidata.org/entity/Q28908945,0,2220,,,
MAR,Marrocos,Q28882721,http://www.wikidata.org/entity/Q28908945,0,545,,,
MAR,Marrocos,Q28882726,http://www.wikidata.org/entity/Q28890288,0,179,,,
MAR,Marrocos,Q28882727,http://www.wikidata.org/entity/Q28890288,0,199,,,
MAR,Marrocos,Q28882724,http://www.wikidata.org/entity/Q28891445,0,268,,,
MAR,Marrocos,Q28882725,http://www.wikidata.org/entity/Q28891445,0,536,,,
MAR,Marrocos,Q28882730,http://www.wikidata.org/entity/Q28891270,0,107,,,
MAR,Marrocos,Q28882731,http://www.wikidata.org/entity/Q28891270,0,23,,,
MAR,Marrocos,Q28882728,http://www.wikidata.org/entity/Q28890288,0,55,,,
MAR,Marrocos,Q28882729,http://www.wikidata.org/entity/Q28891270,0,120,,,
MAR,Marrocos,Q28882734,http://www.wikidata.org/entity/Q28891270,0,27,,,
MAR,Marrocos,Q28882732,http://www.wikidata.org/entity/Q28891270,0,88,,,
MAR,Marrocos,Q28882733,http://www.wikidata.org/entity/Q28891270,0,92,,,
MAR,Marrocos,Q28882738,http://www.wikidata.org/entity/Q28892030,0,541,,,
MAR,Marrocos,Q28882739,http://www.wikidata.org/entity/Q28892030,0,164,,,
MAR,Marrocos,Q28882736,http://www.wikidata.org/entity/Q28897707,0,159,,,
MAR,Marrocos,Q28882737,http://www.wikidata.org/entity/Q28897707,0,148,,,
MAR,Marrocos,Q28882742,http://www.wikidata.org/entity/Q28891710,0,518,,,
MAR,Marrocos,Q28882743,http://www.wikidata.org/entity/Q28891710,0,200,,,
MAR,Marrocos,Q28882740,http://www.wikidata.org/entity/Q28892030,0,212,,,
MAR,Marrocos,Q28882741,http://www.wikidata.org/entity/Q28892030,0,124,,,
MAR,Marrocos,Q28882746,http://www.wikidata.org/entity/Q28891710,0,550,,,
MAR,Marrocos,Q28882747,http://www.wikidata.org/entity/Q28890115,0,968,,,
MAR,Marrocos,Q28882744,http://www.wikidata.org/entity/Q28891710,0,740,,,
MAR,Marrocos,Q28882745,http://www.wikidata.org/entity/Q28891710,0,500,,,
MAR,Marrocos,Q28882750,http://www.wikidata.org/entity/Q28890115,0,622,,,
MAR,Marrocos,Q28882751,http://www.wikidata.org/entity/Q28891856,0,188,,,
MAR,Marrocos,Q28882748,http://www.wikidata.org/entity/Q28890115,0,557,,,
MAR,Marrocos,Q28882755,http://www.wikidata.org/entity/Q28891856,0,819,,,
MAR,Marrocos,Q28882758,http://www.wikidata.org/entity/Q28892568,0,1514,,,
MAR,Marrocos,Q28882756,http://www.wikidata.org/entity/Q28892568,0,448,,,
MAR,Marrocos,Q28882763,http://www.wikidata.org/entity/Q28892688,0,30,,,
MAR,Marrocos,Q28882760,http://www.wikidata.org/entity/Q28892569,0,170,,,
MAR,Marrocos,Q28882761,http://www.wikidata.org/entity/Q28892569,0,948,,,
MAR,Marrocos,Q28882767,http://www.wikidata.org/entity/Q28890110,0,82,,,
MAR,Marrocos,Q28882765,http://www.wikidata.org/entity/Q28892688,0,61,,,
MAR,Marrocos,Q28882768,http://www.wikidata.org/entity/Q28890110,0,13,,,
MAR,Marrocos,Q28882773,http://www.wikidata.org/entity/Q28890980,0,241,,,
MAR,Marrocos,Q28882786,http://www.wikidata.org/entity/Q28891151,0,501,,,
MAR,Marrocos,Q28882787,http://www.wikidata.org/entity/Q28891154,0,23,,,
MAR,Marrocos,Q28882785,http://www.wikidata.org/entity/Q28892665,0,502,,,
MAR,Marrocos,Q28882790,http://www.wikidata.org/entity/Q28891151,0,127,,,
MAR,Marrocos,Q28882791,http://www.wikidata.org/entity/Q28891449,0,808,,,
MAR,Marrocos,Q28882788,http://www.wikidata.org/entity/Q28891151,0,24,,,
MAR,Marrocos,Q28882789,http://www.wikidata.org/entity/Q28891154,0,48,,,
MAR,Marrocos,Q28882794,http://www.wikidata.org/entity/Q28890444,0,630,,,
MAR,Marrocos,Q28882795,http://www.wikidata.org/entity/Q28890444,0,396,,,
MAR,Marrocos,Q28882792,http://www.wikidata.org/entity/Q28891449,0,308,,,
MAR,Marrocos,Q28882793,http://www.wikidata.org/entity/Q28890444,0,172,,,
MAR,Marrocos,Q28882798,http://www.wikidata.org/entity/Q28897286,0,210,,,
MAR,Marrocos,Q28882799,http://www.wikidata.org/entity/Q28897286,0,762,,,
MAR,Marrocos,Q28882796,http://www.wikidata.org/entity/Q28890444,0,5548,,,
MAR,Marrocos,Q28882797,http://www.wikidata.org/entity/Q28897286,0,606,,,
MAR,Marrocos,Q28882802,http://www.wikidata.org/entity/Q28896705,0,536,,,
MAR,Marrocos,Q28882803,http://www.wikidata.org/entity/Q28890351,0,1617,,,
MAR,Marrocos,Q28882800,http://www.wikidata.org/entity/Q28896705,0,149,,,
MAR,Marrocos,Q28882801,http://www.wikidata.org/entity/Q28896705,0,223,,,
MAR,Marrocos,Q28882806,http://www.wikidata.org/entity/Q28892415,0,262,,,
MAR,Marrocos,Q28882807,http://www.wikidata.org/entity/Q28891519,0,313,,,
MAR,Marrocos,Q28882804,http://www.wikidata.org/entity/Q28892415,0,422,,,
MAR,Marrocos,Q28882810,http://www.wikidata.org/entity/Q28891396,0,666,,,
MAR,Marrocos,Q28882811,http://www.wikidata.org/entity/Q28891396,0,400,,,
MAR,Marrocos,Q28882808,http://www.wikidata.org/entity/Q28891519,0,1337,,,
MAR,Marrocos,Q28882814,http://www.wikidata.org/entity/Q28890353,0,931,,,
MAR,Marrocos,Q28882812,http://www.wikidata.org/entity/Q28891396,0,354,,,
MAR,Marrocos,Q28882813,http://www.wikidata.org/entity/Q28891396,0,329,,,
MAR,Marrocos,Q28882838,http://www.wikidata.org/entity/Q28902058,0,304,,,
MAR,Marrocos,Q28882839,http://www.wikidata.org/entity/Q28902058,0,813,,,
MAR,Marrocos,Q28882842,http://www.wikidata.org/entity/Q28902848,0,572,,,
MAR,Marrocos,Q28882850,http://www.wikidata.org/entity/Q28892680,0,214,,,
MAR,Marrocos,Q28882848,http://www.wikidata.org/entity/Q28892680,0,1832,,,
MAR,Marrocos,Q28882855,http://www.wikidata.org/entity/Q28890089,0,1579,,,
MAR,Marrocos,Q28882858,http://www.wikidata.org/entity/Q28890089,0,482,,,
MAR,Marrocos,Q28882859,http://www.wikidata.org/entity/Q28890089,0,270,,,
MAR,Marrocos,Q28882856,http://www.wikidata.org/entity/Q28890089,0,680,,,
MAR,Marrocos,Q28882857,http://www.wikidata.org/entity/Q28890089,0,548,,,
MAR,Marrocos,Q28882863,http://www.wikidata.org/entity/Q28905687,0,317,,,
MAR,Marrocos,Q28882860,http://www.wikidata.org/entity/Q28890089,0,462,,,
MAR,Marrocos,Q28882861,http://www.wikidata.org/entity/Q28905687,0,539,,,
MAR,Marrocos,Q28882866,http://www.wikidata.org/entity/Q28890094,0,1202,,,
MAR,Marrocos,Q28882867,http://www.wikidata.org/entity/Q28890242,0,1692,,,
MAR,Marrocos,Q28882864,http://www.wikidata.org/entity/Q28890094,0,1339,,,
MAR,Marrocos,Q28882865,http://www.wikidata.org/entity/Q28890094,0,1147,,,
MAR,Marrocos,Q28882871,http://www.wikidata.org/entity/Q28891439,0,3063,,,
MAR,Marrocos,Q28882874,http://www.wikidata.org/entity/Q28892689,0,642,,,
MAR,Marrocos,Q28882873,http://www.wikidata.org/entity/Q28902390,0,758,,,
MAR,Marrocos,Q28882882,http://www.wikidata.org/entity/Q28898547,0,171,,,
MAR,Marrocos,Q28882886,http://www.wikidata.org/entity/Q28902337,0,342,,,
MAR,Marrocos,Q28882887,http://www.wikidata.org/entity/Q28906573,0,694,,,
MAR,Marrocos,Q28882884,http://www.wikidata.org/entity/Q28898547,0,290,,,
MAR,Marrocos,Q28882885,http://www.wikidata.org/entity/Q28890981,0,17,,,
MAR,Marrocos,Q28882890,http://www.wikidata.org/entity/Q28882891,0,454,,,
MAR,Marrocos,Q28882888,http://www.wikidata.org/entity/Q28895561,0,278,,,
MAR,Marrocos,Q28882895,http://www.wikidata.org/entity/Q28892666,0,74,,,
MAR,Marrocos,Q28882898,http://www.wikidata.org/entity/Q28891154,0,298,,,
MAR,Marrocos,Q28882896,http://www.wikidata.org/entity/Q28891154,0,41,,,
MAR,Marrocos,Q28882897,http://www.wikidata.org/entity/Q28898434,0,269,,,
MAR,Marrocos,Q28882903,http://www.wikidata.org/entity/Q28895500,0,1320,,,
MAR,Marrocos,Q28882900,http://www.wikidata.org/entity/Q28891154,0,147,,,
MAR,Marrocos,Q28882901,http://www.wikidata.org/entity/Q28891154,0,124,,,
MAR,Marrocos,Q28882906,http://www.wikidata.org/entity/Q28895500,0,1108,,,
MAR,Marrocos,Q28882907,http://www.wikidata.org/entity/Q28895500,0,771,,,
MAR,Marrocos,Q28882904,http://www.wikidata.org/entity/Q28895500,0,803,,,
MAR,Marrocos,Q28882905,http://www.wikidata.org/entity/Q28895500,0,1103,,,
MAR,Marrocos,Q28882910,http://www.wikidata.org/entity/Q28895519,0,1151,,,
MAR,Marrocos,Q28882911,http://www.wikidata.org/entity/Q28895018,0,574,,,
MAR,Marrocos,Q28882908,http://www.wikidata.org/entity/Q28895500,0,498,,,
MAR,Marrocos,Q28882909,http://www.wikidata.org/entity/Q28895500,0,2055,,,
MAR,Marrocos,Q28882914,http://www.wikidata.org/entity/Q28895018,0,682,,,
MAR,Marrocos,Q28882915,http://www.wikidata.org/entity/Q28895018,0,234,,,
MAR,Marrocos,Q28882912,http://www.wikidata.org/entity/Q28895018,0,635,,,
MAR,Marrocos,Q28882913,http://www.wikidata.org/entity/Q28895018,0,301,,,
MAR,Marrocos,Q28882918,http://www.wikidata.org/entity/Q28895018,0,328,,,
MAR,Marrocos,Q28882919,http://www.wikidata.org/entity/Q28896166,0,1826,,,
MAR,Marrocos,Q28882916,http://www.wikidata.org/entity/Q28895018,0,220,,,
MAR,Marrocos,Q28882917,http://www.wikidata.org/entity/Q28895018,0,403,,,
MAR,Marrocos,Q28882922,http://www.wikidata.org/entity/Q28902272,0,923,,,
MAR,Marrocos,Q28882923,http://www.wikidata.org/entity/Q28902272,0,747,,,
MAR,Marrocos,Q28882920,http://www.wikidata.org/entity/Q28896166,0,329,,,
MAR,Marrocos,Q28882921,http://www.wikidata.org/entity/Q28902272,0,526,,,
MAR,Marrocos,Q28882926,http://www.wikidata.org/entity/Q28902272,0,1332,,,
MAR,Marrocos,Q28882927,http://www.wikidata.org/entity/Q28902272,0,1136,,,
MAR,Marrocos,Q28882931,http://www.wikidata.org/entity/Q28895677,0,440,,,
MAR,Marrocos,Q28882928,http://www.wikidata.org/entity/Q28902272,0,146,,,
MAR,Marrocos,Q28882934,http://www.wikidata.org/entity/Q28895677,0,233,,,
MAR,Marrocos,Q28882935,http://www.wikidata.org/entity/Q28895677,0,351,,,
MAR,Marrocos,Q28882932,http://www.wikidata.org/entity/Q28895677,0,387,,,
MAR,Marrocos,Q28882933,http://www.wikidata.org/entity/Q28895677,0,629,,,
MAR,Marrocos,Q28882936,http://www.wikidata.org/entity/Q28895677,0,295,,,
MAR,Marrocos,Q28882937,http://www.wikidata.org/entity/Q28895677,0,685,,,
MAR,Marrocos,Q28882946,http://www.wikidata.org/entity/Q28902452,0,1424,,,
MAR,Marrocos,Q28882944,http://www.wikidata.org/entity/Q28902452,0,512,,,
MAR,Marrocos,Q28882945,http://www.wikidata.org/entity/Q28902452,0,476,,,
MAR,Marrocos,Q28882951,http://www.wikidata.org/entity/Q28895216,0,1514,,,
MAR,Marrocos,Q28882949,http://www.wikidata.org/entity/Q28902452,0,1039,,,
MAR,Marrocos,Q28882954,http://www.wikidata.org/entity/Q28895216,0,1093,,,
MAR,Marrocos,Q28882955,http://www.wikidata.org/entity/Q28895216,0,879,,,
MAR,Marrocos,Q28882952,http://www.wikidata.org/entity/Q28895216,0,906,,,
MAR,Marrocos,Q28882953,http://www.wikidata.org/entity/Q28895216,0,549,,,
MAR,Marrocos,Q28882958,http://www.wikidata.org/entity/Q28895216,0,198,,,
MAR,Marrocos,Q28882959,http://www.wikidata.org/entity/Q28895216,0,86,,,
MAR,Marrocos,Q28882956,http://www.wikidata.org/entity/Q28895216,0,502,,,
MAR,Marrocos,Q28882957,http://www.wikidata.org/entity/Q28895216,0,356,,,
MAR,Marrocos,Q28882960,http://www.wikidata.org/entity/Q28895684,0,8635,,,
MAR,Marrocos,Q28882975,http://www.wikidata.org/entity/Q28907234,0,204,,,
MAR,Marrocos,Q28882972,http://www.wikidata.org/entity/Q28907234,0,274,,,
MAR,Marrocos,Q28882985,http://www.wikidata.org/entity/Q28894287,0,1035,,,
MAR,Marrocos,Q28882990,http://www.wikidata.org/entity/Q28896201,0,862,,,
MAR,Marrocos,Q28882991,http://www.wikidata.org/entity/Q28894795,0,3135,,,
MAR,Marrocos,Q28882988,http://www.wikidata.org/entity/Q28896201,0,2753,,,
MAR,Marrocos,Q28882989,http://www.wikidata.org/entity/Q28896201,0,2543,,,
MAR,Marrocos,Q28882994,http://www.wikidata.org/entity/Q28894795,0,263,,,
MAR,Marrocos,Q28882995,http://www.wikidata.org/entity/Q28894795,0,2035,,,
MAR,Marrocos,Q28882992,http://www.wikidata.org/entity/Q28894795,0,2403,,,
MAR,Marrocos,Q28882993,http://www.wikidata.org/entity/Q28894795,0,1285,,,
MAR,Marrocos,Q28882996,http://www.wikidata.org/entity/Q28894795,0,514,,,
MAR,Marrocos,Q28882997,http://www.wikidata.org/entity/Q28894795,0,793,,,
MAR,Marrocos,Q28883002,http://www.wikidata.org/entity/Q28903819,0,288,,,
MAR,Marrocos,Q28883007,http://www.wikidata.org/entity/Q28889809,0,1470,,,
MAR,Marrocos,Q28883010,http://www.wikidata.org/entity/Q28889809,0,377,,,
MAR,Marrocos,Q28883011,http://www.wikidata.org/entity/Q28889809,0,441,,,
MAR,Marrocos,Q28883008,http://www.wikidata.org/entity/Q28889809,0,457,,,
MAR,Marrocos,Q28883009,http://www.wikidata.org/entity/Q28889809,0,194,,,
MAR,Marrocos,Q28883014,http://www.wikidata.org/entity/Q28889809,0,643,,,
MAR,Marrocos,Q28883015,http://www.wikidata.org/entity/Q28889809,0,52,,,
MAR,Marrocos,Q28883012,http://www.wikidata.org/entity/Q28889809,0,152,,,
MAR,Marrocos,Q28883013,http://www.wikidata.org/entity/Q28889809,0,507,,,
MAR,Marrocos,Q28883016,http://www.wikidata.org/entity/Q28889809,0,7,,,
MAR,Marrocos,Q28883030,http://www.wikidata.org/entity/Q28895531,0,899,,,
MAR,Marrocos,Q28883031,http://www.wikidata.org/entity/Q28895531,0,4708,,,
MAR,Marrocos,Q28883028,http://www.wikidata.org/entity/Q28895531,0,2295,,,
MAR,Marrocos,Q28883029,http://www.wikidata.org/entity/Q28895531,0,1056,,,
MAR,Marrocos,Q28883034,http://www.wikidata.org/entity/Q28895257,0,58,,,
MAR,Marrocos,Q28883035,http://www.wikidata.org/entity/Q28895257,0,14,,,
MAR,Marrocos,Q28883032,http://www.wikidata.org/entity/Q28890282,0,969,,,
MAR,Marrocos,Q28883033,http://www.wikidata.org/entity/Q28895031,0,2129,,,
MAR,Marrocos,Q28883038,http://www.wikidata.org/entity/Q28895257,0,677,,,
MAR,Marrocos,Q28883039,http://www.wikidata.org/entity/Q28895257,0,676,,,
MAR,Marrocos,Q28883036,http://www.wikidata.org/entity/Q28895257,0,162,,,
MAR,Marrocos,Q28883037,http://www.wikidata.org/entity/Q28895257,0,404,,,
MAR,Marrocos,Q28883042,http://www.wikidata.org/entity/Q28895257,0,1185,,,
MAR,Marrocos,Q28883043,http://www.wikidata.org/entity/Q28895257,0,3927,,,
MAR,Marrocos,Q28883040,http://www.wikidata.org/entity/Q28895257,0,634,,,
MAR,Marrocos,Q28883041,http://www.wikidata.org/entity/Q28895257,0,1107,,,
MAR,Marrocos,Q28883054,http://www.wikidata.org/entity/Q28892243,0,701,,,
MAR,Marrocos,Q28883053,http://www.wikidata.org/entity/Q28892243,0,854,,,
MAR,Marrocos,Q28883059,http://www.wikidata.org/entity/Q28892243,0,1078,,,
MAR,Marrocos,Q28883056,http://www.wikidata.org/entity/Q28892243,0,260,,,
MAR,Marrocos,Q28883062,http://www.wikidata.org/entity/Q28891522,0,523,,,
MAR,Marrocos,Q28883063,http://www.wikidata.org/entity/Q28891522,0,493,,,
MAR,Marrocos,Q28883060,http://www.wikidata.org/entity/Q28890598,0,1602,,,
MAR,Marrocos,Q28883061,http://www.wikidata.org/entity/Q28891522,0,549,,,
MAR,Marrocos,Q28883066,http://www.wikidata.org/entity/Q28891522,0,822,,,
MAR,Marrocos,Q28883067,http://www.wikidata.org/entity/Q28891522,0,711,,,
MAR,Marrocos,Q28883064,http://www.wikidata.org/entity/Q28891522,0,175,,,
MAR,Marrocos,Q28883065,http://www.wikidata.org/entity/Q28891522,0,822,,,
MAR,Marrocos,Q28883070,http://www.wikidata.org/entity/Q28895218,0,853,,,
MAR,Marrocos,Q28883071,http://www.wikidata.org/entity/Q28895218,0,517,,,
MAR,Marrocos,Q28883068,http://www.wikidata.org/entity/Q28891522,0,137,,,
MAR,Marrocos,Q28883069,http://www.wikidata.org/entity/Q28895218,0,2103,,,
MAR,Marrocos,Q28883074,http://www.wikidata.org/entity/Q28895218,0,123,,,
MAR,Marrocos,Q28883075,http://www.wikidata.org/entity/Q28895218,0,188,,,
MAR,Marrocos,Q28883072,http://www.wikidata.org/entity/Q28895218,0,423,,,
MAR,Marrocos,Q28883073,http://www.wikidata.org/entity/Q28895218,0,245,,,
MAR,Marrocos,Q28883076,http://www.wikidata.org/entity/Q28895218,0,159,,,
MAR,Marrocos,Q28883077,http://www.wikidata.org/entity/Q28895218,0,50,,,
MAR,Marrocos,Q28883082,http://www.wikidata.org/entity/Q28899541,0,993,,,
MAR,Marrocos,Q28883083,http://www.wikidata.org/entity/Q28899541,0,283,,,
MAR,Marrocos,Q28883086,http://www.wikidata.org/entity/Q28899541,0,422,,,
MAR,Marrocos,Q28883084,http://www.wikidata.org/entity/Q28899541,0,389,,,
MAR,Marrocos,Q28883085,http://www.wikidata.org/entity/Q28899541,0,741,,,
MAR,Marrocos,Q28883099,http://www.wikidata.org/entity/Q28902096,0,680,,,
MAR,Marrocos,Q28883102,http://www.wikidata.org/entity/Q28902096,0,352,,,
MAR,Marrocos,Q28883101,http://www.wikidata.org/entity/Q28902096,0,554,,,
MAR,Marrocos,Q28883104,http://www.wikidata.org/entity/Q28902096,0,180,,,
MAR,Marrocos,Q28883114,http://www.wikidata.org/entity/Q28894791,0,727,,,
MAR,Marrocos,Q28883115,http://www.wikidata.org/entity/Q28894791,0,278,,,
MAR,Marrocos,Q28883112,http://www.wikidata.org/entity/Q28894791,0,2464,,,
MAR,Marrocos,Q28883113,http://www.wikidata.org/entity/Q28894791,0,1004,,,
MAR,Marrocos,Q28883126,http://www.wikidata.org/entity/Q28895422,0,1258,,,
MAR,Marrocos,Q28883125,http://www.wikidata.org/entity/Q28895422,0,584,,,
MAR,Marrocos,Q28883146,http://www.wikidata.org/entity/Q28906838,0,1240,,,
MAR,Marrocos,Q28883147,http://www.wikidata.org/entity/Q28896119,0,351,,,
MAR,Marrocos,Q28883150,http://www.wikidata.org/entity/Q28896119,0,388,,,
MAR,Marrocos,Q28883151,http://www.wikidata.org/entity/Q28896119,0,211,,,
MAR,Marrocos,Q28883148,http://www.wikidata.org/entity/Q28896119,0,414,,,
MAR,Marrocos,Q28883149,http://www.wikidata.org/entity/Q28896119,0,974,,,
MAR,Marrocos,Q28883154,http://www.wikidata.org/entity/Q28895834,0,974,,,
MAR,Marrocos,Q28883155,http://www.wikidata.org/entity/Q28895834,0,239,,,
MAR,Marrocos,Q28883152,http://www.wikidata.org/entity/Q28896119,0,747,,,
MAR,Marrocos,Q28883153,http://www.wikidata.org/entity/Q28896119,0,1702,,,
MAR,Marrocos,Q28883158,http://www.wikidata.org/entity/Q28895834,0,232,,,
MAR,Marrocos,Q28883159,http://www.wikidata.org/entity/Q28895834,0,1115,,,
MAR,Marrocos,Q28883156,http://www.wikidata.org/entity/Q28895834,0,533,,,
MAR,Marrocos,Q28883157,http://www.wikidata.org/entity/Q28895834,0,482,,,
MAR,Marrocos,Q28883162,http://www.wikidata.org/entity/Q28895834,0,237,,,
MAR,Marrocos,Q28883163,http://www.wikidata.org/entity/Q28895834,0,808,,,
MAR,Marrocos,Q28883161,http://www.wikidata.org/entity/Q28895834,0,436,,,
MAR,Marrocos,Q28883167,http://www.wikidata.org/entity/Q28896205,0,497,,,
MAR,Marrocos,Q28883165,http://www.wikidata.org/entity/Q28896205,0,1619,,,
MAR,Marrocos,Q28883168,http://www.wikidata.org/entity/Q28896205,0,360,,,
MAR,Marrocos,Q28883169,http://www.wikidata.org/entity/Q28896205,0,880,,,
MAR,Marrocos,Q28883222,http://www.wikidata.org/entity/Q28906949,0,3474,,,
MAR,Marrocos,Q28883223,http://www.wikidata.org/entity/Q28899680,0,736,,,
MAR,Marrocos,Q28883220,http://www.wikidata.org/entity/Q28901222,0,4793,,,
MAR,Marrocos,Q28883228,http://www.wikidata.org/entity/Q28899680,0,678,,,
MAR,Marrocos,Q28883238,http://www.wikidata.org/entity/Q28905103,0,363,,,
MAR,Marrocos,Q28883243,http://www.wikidata.org/entity/Q28905103,0,112,,,
MAR,Marrocos,Q28883240,http://www.wikidata.org/entity/Q28905103,0,125,,,
MAR,Marrocos,Q28883241,http://www.wikidata.org/entity/Q28905103,0,104,,,
MAR,Marrocos,Q28883246,http://www.wikidata.org/entity/Q28905103,0,155,,,
MAR,Marrocos,Q28883244,http://www.wikidata.org/entity/Q28905103,0,312,,,
MAR,Marrocos,Q28883250,http://www.wikidata.org/entity/Q28894488,0,279,,,
MAR,Marrocos,Q28883251,http://www.wikidata.org/entity/Q28894488,0,231,,,
MAR,Marrocos,Q28883248,http://www.wikidata.org/entity/Q28894488,0,440,,,
MAR,Marrocos,Q28883249,http://www.wikidata.org/entity/Q28894488,0,38,,,
MAR,Marrocos,Q28883254,http://www.wikidata.org/entity/Q28894488,0,245,,,
MAR,Marrocos,Q28883255,http://www.wikidata.org/entity/Q28894488,0,498,,,
MAR,Marrocos,Q28883252,http://www.wikidata.org/entity/Q28894488,0,632,,,
MAR,Marrocos,Q28884471,http://www.wikidata.org/entity/Q28901480,0,1144,,,
MAR,Marrocos,Q28884468,http://www.wikidata.org/entity/Q28901480,0,750,,,
MAR,Marrocos,Q28884469,http://www.wikidata.org/entity/Q28901480,0,368,,,
MAR,Marrocos,Q28884473,http://www.wikidata.org/entity/Q28901454,0,43,,,
MAR,Marrocos,Q28884479,http://www.wikidata.org/entity/Q28893056,0,709,,,
MAR,Marrocos,Q28884476,http://www.wikidata.org/entity/Q28893056,0,245,,,
MAR,Marrocos,Q28884477,http://www.wikidata.org/entity/Q28893056,0,165,,,
MAR,Marrocos,Q28884483,http://www.wikidata.org/entity/Q28902340,0,450,,,
MAR,Marrocos,Q28884480,http://www.wikidata.org/entity/Q28893056,0,1469,,,
MAR,Marrocos,Q28884481,http://www.wikidata.org/entity/Q28902340,0,1725,,,
MAR,Marrocos,Q28884486,http://www.wikidata.org/entity/Q28902340,0,419,,,
MAR,Marrocos,Q28884487,http://www.wikidata.org/entity/Q28902340,0,431,,,
MAR,Marrocos,Q28884484,http://www.wikidata.org/entity/Q28902340,0,127,,,
MAR,Marrocos,Q28884485,http://www.wikidata.org/entity/Q28902340,0,361,,,
MAR,Marrocos,Q28884490,http://www.wikidata.org/entity/Q28902340,0,172,,,
MAR,Marrocos,Q28884491,http://www.wikidata.org/entity/Q28902340,0,103,,,
MAR,Marrocos,Q28884488,http://www.wikidata.org/entity/Q28902340,0,90,,,
MAR,Marrocos,Q28884489,http://www.wikidata.org/entity/Q28902340,0,184,,,
MAR,Marrocos,Q28884494,http://www.wikidata.org/entity/Q28902340,0,488,,,
MAR,Marrocos,Q28884495,http://www.wikidata.org/entity/Q28902340,0,349,,,
MAR,Marrocos,Q28884492,http://www.wikidata.org/entity/Q28902340,0,160,,,
MAR,Marrocos,Q28883800,http://www.wikidata.org/entity/Q28885863,0,431,,,
MAR,Marrocos,Q28883801,http://www.wikidata.org/entity/Q28885863,0,558,,,
MAR,Marrocos,Q28883806,http://www.wikidata.org/entity/Q28885863,0,397,,,
MAR,Marrocos,Q28883807,http://www.wikidata.org/entity/Q28901998,0,664,,,
MAR,Marrocos,Q28883804,http://www.wikidata.org/entity/Q28885863,0,215,,,
MAR,Marrocos,Q28883805,http://www.wikidata.org/entity/Q28885863,0,240,,,
MAR,Marrocos,Q28883863,http://www.wikidata.org/entity/Q28902188,0,714,,,
MAR,Marrocos,Q28883866,http://www.wikidata.org/entity/Q28902188,0,345,,,
MAR,Marrocos,Q28883867,http://www.wikidata.org/entity/Q28902188,0,174,,,
MAR,Marrocos,Q28883865,http://www.wikidata.org/entity/Q28902188,0,405,,,
MAR,Marrocos,Q28883868,http://www.wikidata.org/entity/Q28902188,0,265,,,
MAR,Marrocos,Q28883994,http://www.wikidata.org/entity/Q28902253,0,345,,,
MAR,Marrocos,Q28883995,http://www.wikidata.org/entity/Q28909077,0,356,,,
MAR,Marrocos,Q28883998,http://www.wikidata.org/entity/Q28902253,0,304,,,
MAR,Marrocos,Q28883999,http://www.wikidata.org/entity/Q28902253,0,691,,,
MAR,Marrocos,Q28883996,http://www.wikidata.org/entity/Q28902253,0,229,,,
MAR,Marrocos,Q28884002,http://www.wikidata.org/entity/Q28902253,0,505,,,
MAR,Marrocos,Q28884003,http://www.wikidata.org/entity/Q28902158,0,399,,,
MAR,Marrocos,Q28884001,http://www.wikidata.org/entity/Q28902253,0,577,,,
MAR,Marrocos,Q28884006,http://www.wikidata.org/entity/Q28902158,0,294,,,
MAR,Marrocos,Q28884007,http://www.wikidata.org/entity/Q28902158,0,288,,,
MAR,Marrocos,Q28884004,http://www.wikidata.org/entity/Q28902158,0,487,,,
MAR,Marrocos,Q28884005,http://www.wikidata.org/entity/Q28902158,0,460,,,
MAR,Marrocos,Q28884010,http://www.wikidata.org/entity/Q28902158,0,132,,,
MAR,Marrocos,Q28884011,http://www.wikidata.org/entity/Q28902158,0,156,,,
MAR,Marrocos,Q28884008,http://www.wikidata.org/entity/Q28902158,0,179,,,
MAR,Marrocos,Q28884009,http://www.wikidata.org/entity/Q28902158,0,214,,,
MAR,Marrocos,Q28884012,http://www.wikidata.org/entity/Q28902158,0,258,,,
MAR,Marrocos,Q28884013,http://www.wikidata.org/entity/Q28902158,0,165,,,
MAR,Marrocos,Q28884038,http://www.wikidata.org/entity/Q28901774,0,903,,,
MAR,Marrocos,Q28884039,http://www.wikidata.org/entity/Q28901774,0,634,,,
MAR,Marrocos,Q28884036,http://www.wikidata.org/entity/Q28901774,0,553,,,
MAR,Marrocos,Q28884042,http://www.wikidata.org/entity/Q28901774,0,1266,,,
MAR,Marrocos,Q28884043,http://www.wikidata.org/entity/Q28902364,0,207,,,
MAR,Marrocos,Q28884041,http://www.wikidata.org/entity/Q28901774,0,1234,,,
MAR,Marrocos,Q28884046,http://www.wikidata.org/entity/Q28902364,0,1355,,,
MAR,Marrocos,Q28884047,http://www.wikidata.org/entity/Q28902364,0,336,,,
MAR,Marrocos,Q28884044,http://www.wikidata.org/entity/Q28902364,0,416,,,
MAR,Marrocos,Q28884045,http://www.wikidata.org/entity/Q28902364,0,757,,,
MAR,Marrocos,Q28884050,http://www.wikidata.org/entity/Q28902364,0,684,,,
MAR,Marrocos,Q28884051,http://www.wikidata.org/entity/Q28902364,0,688,,,
MAR,Marrocos,Q28884049,http://www.wikidata.org/entity/Q28902364,0,224,,,
MAR,Marrocos,Q28884052,http://www.wikidata.org/entity/Q28902364,0,269,,,
MAR,Marrocos,Q28884058,http://www.wikidata.org/entity/Q28903305,0,1722,,,
MAR,Marrocos,Q28884059,http://www.wikidata.org/entity/Q28903305,0,372,,,
MAR,Marrocos,Q28884056,http://www.wikidata.org/entity/Q28902364,0,1485,,,
MAR,Marrocos,Q28884057,http://www.wikidata.org/entity/Q28902364,0,1292,,,
MAR,Marrocos,Q28884063,http://www.wikidata.org/entity/Q28908297,0,421,,,
MAR,Marrocos,Q28884061,http://www.wikidata.org/entity/Q28908297,0,1030,,,
MAR,Marrocos,Q28884065,http://www.wikidata.org/entity/Q28910152,0,270,,,
MAR,Marrocos,Q28884071,http://www.wikidata.org/entity/Q28910152,0,459,,,
MAR,Marrocos,Q28884068,http://www.wikidata.org/entity/Q28910152,0,136,,,
MAR,Marrocos,Q28884069,http://www.wikidata.org/entity/Q28910152,0,411,,,
MAR,Marrocos,Q28884074,http://www.wikidata.org/entity/Q28910152,0,186,,,
MAR,Marrocos,Q28884075,http://www.wikidata.org/entity/Q28910152,0,238,,,
MAR,Marrocos,Q28884072,http://www.wikidata.org/entity/Q28910152,0,488,,,
MAR,Marrocos,Q28884073,http://www.wikidata.org/entity/Q28910152,0,179,,,
MAR,Marrocos,Q28884076,http://www.wikidata.org/entity/Q28910152,0,254,,,
MAR,Marrocos,Q28884082,http://www.wikidata.org/entity/Q28910152,0,389,,,
MAR,Marrocos,Q28884083,http://www.wikidata.org/entity/Q28910152,0,175,,,
MAR,Marrocos,Q28884080,http://www.wikidata.org/entity/Q28910152,0,481,,,
MAR,Marrocos,Q28884081,http://www.wikidata.org/entity/Q28910152,0,282,,,
MAR,Marrocos,Q28884084,http://www.wikidata.org/entity/Q28910152,0,94,,,
MAR,Marrocos,Q28884085,http://www.wikidata.org/entity/Q28897920,0,394,,,
MAR,Marrocos,Q28884099,http://www.wikidata.org/entity/Q28909523,0,497,,,
MAR,Marrocos,Q28884102,http://www.wikidata.org/entity/Q28909523,0,216,,,
MAR,Marrocos,Q28884103,http://www.wikidata.org/entity/Q28909523,0,406,,,
MAR,Marrocos,Q28884100,http://www.wikidata.org/entity/Q28909523,0,328,,,
MAR,Marrocos,Q28884101,http://www.wikidata.org/entity/Q28909523,0,272,,,
MAR,Marrocos,Q28884106,http://www.wikidata.org/entity/Q28909523,0,333,,,
MAR,Marrocos,Q28884105,http://www.wikidata.org/entity/Q28909523,0,293,,,
MAR,Marrocos,Q28884110,http://www.wikidata.org/entity/Q28909523,0,515,,,
MAR,Marrocos,Q28884108,http://www.wikidata.org/entity/Q28909523,0,337,,,
MAR,Marrocos,Q28884109,http://www.wikidata.org/entity/Q28909523,0,192,,,
MAR,Marrocos,Q28884114,http://www.wikidata.org/entity/Q28904476,0,510,,,
MAR,Marrocos,Q28884115,http://www.wikidata.org/entity/Q28904476,0,360,,,
MAR,Marrocos,Q28884112,http://www.wikidata.org/entity/Q28904476,0,580,,,
MAR,Marrocos,Q28884113,http://www.wikidata.org/entity/Q28904476,0,738,,,
MAR,Marrocos,Q28884116,http://www.wikidata.org/entity/Q28904476,0,765,,,
MAR,Marrocos,Q28884117,http://www.wikidata.org/entity/Q28904476,0,93,,,
MAR,Marrocos,Q28884423,http://www.wikidata.org/entity/Q28893180,0,578,,,
MAR,Marrocos,Q28884426,http://www.wikidata.org/entity/Q28893180,0,261,,,
MAR,Marrocos,Q28884427,http://www.wikidata.org/entity/Q28893180,0,486,,,
MAR,Marrocos,Q28884424,http://www.wikidata.org/entity/Q28893180,0,422,,,
MAR,Marrocos,Q28884425,http://www.wikidata.org/entity/Q28893180,0,325,,,
MAR,Marrocos,Q28884430,http://www.wikidata.org/entity/Q28897394,0,300,,,
MAR,Marrocos,Q28884431,http://www.wikidata.org/entity/Q28897394,0,999,,,
MAR,Marrocos,Q28884428,http://www.wikidata.org/entity/Q28897394,0,423,,,
MAR,Marrocos,Q28884429,http://www.wikidata.org/entity/Q28897394,0,401,,,
MAR,Marrocos,Q28884432,http://www.wikidata.org/entity/Q28897394,0,456,,,
MAR,Marrocos,Q28884433,http://www.wikidata.org/entity/Q28897394,0,1055,,,
MAR,Marrocos,Q28884458,http://www.wikidata.org/entity/Q28902144,0,474,,,
MAR,Marrocos,Q28884459,http://www.wikidata.org/entity/Q28902144,0,150,,,
MAR,Marrocos,Q28884456,http://www.wikidata.org/entity/Q28902144,0,599,,,
MAR,Marrocos,Q28884457,http://www.wikidata.org/entity/Q28902144,0,391,,,
MAR,Marrocos,Q28884461,http://www.wikidata.org/entity/Q28901480,0,301,,,
MAR,Marrocos,Q28884466,http://www.wikidata.org/entity/Q28901480,0,298,,,
MAR,Marrocos,Q28884467,http://www.wikidata.org/entity/Q28901480,0,811,,,
MAR,Marrocos,Q28884465,http://www.wikidata.org/entity/Q28901480,0,196,,,
MAR,Marrocos,Q28884470,http://www.wikidata.org/entity/Q28901480,0,848,,,
MAR,Marrocos,Q28883253,http://www.wikidata.org/entity/Q28894488,0,625,,,
MAR,Marrocos,Q28883258,http://www.wikidata.org/entity/Q28894488,0,955,,,
MAR,Marrocos,Q28883259,http://www.wikidata.org/entity/Q28894488,0,283,,,
MAR,Marrocos,Q28883256,http://www.wikidata.org/entity/Q28894488,0,177,,,
MAR,Marrocos,Q28883257,http://www.wikidata.org/entity/Q28894488,0,7,,,
MAR,Marrocos,Q28883260,http://www.wikidata.org/entity/Q28894488,0,182,,,
MAR,Marrocos,Q28883261,http://www.wikidata.org/entity/Q28905097,0,279,,,
MAR,Marrocos,Q28883267,http://www.wikidata.org/entity/Q28905097,0,257,,,
MAR,Marrocos,Q28883264,http://www.wikidata.org/entity/Q28892712,0,541,,,
MAR,Marrocos,Q28883270,http://www.wikidata.org/entity/Q28905097,0,95,,,
MAR,Marrocos,Q28883269,http://www.wikidata.org/entity/Q28905097,0,53,,,
MAR,Marrocos,Q28883274,http://www.wikidata.org/entity/Q28903126,0,17,,,
MAR,Marrocos,Q28883275,http://www.wikidata.org/entity/Q28903126,0,36,,,
MAR,Marrocos,Q28883273,http://www.wikidata.org/entity/Q28903126,0,43,,,
MAR,Marrocos,Q28883278,http://www.wikidata.org/entity/Q28903126,0,108,,,
MAR,Marrocos,Q28883279,http://www.wikidata.org/entity/Q28903126,0,129,,,
MAR,Marrocos,Q28883276,http://www.wikidata.org/entity/Q28903126,0,78,,,
MAR,Marrocos,Q28883282,http://www.wikidata.org/entity/Q28903126,0,304,,,
MAR,Marrocos,Q28883283,http://www.wikidata.org/entity/Q28903126,0,27,,,
MAR,Marrocos,Q28883280,http://www.wikidata.org/entity/Q28903126,0,39,,,
MAR,Marrocos,Q28883286,http://www.wikidata.org/entity/Q28903126,0,27,,,
MAR,Marrocos,Q28883287,http://www.wikidata.org/entity/Q28903126,0,120,,,
MAR,Marrocos,Q28883285,http://www.wikidata.org/entity/Q28903126,0,110,,,
MAR,Marrocos,Q28883291,http://www.wikidata.org/entity/Q28894906,0,310,,,
MAR,Marrocos,Q28883288,http://www.wikidata.org/entity/Q28903126,0,130,,,
MAR,Marrocos,Q28883294,http://www.wikidata.org/entity/Q28894906,0,54,,,
MAR,Marrocos,Q28883295,http://www.wikidata.org/entity/Q28894906,0,57,,,
MAR,Marrocos,Q28883293,http://www.wikidata.org/entity/Q28894906,0,468,,,
MAR,Marrocos,Q28883296,http://www.wikidata.org/entity/Q28894906,0,74,,,
MAR,Marrocos,Q28883297,http://www.wikidata.org/entity/Q28894906,0,100,,,
MAR,Marrocos,Q28883306,http://www.wikidata.org/entity/Q28905741,0,114,,,
MAR,Marrocos,Q28883305,http://www.wikidata.org/entity/Q28905741,0,145,,,
MAR,Marrocos,Q28883311,http://www.wikidata.org/entity/Q28905741,0,313,,,
MAR,Marrocos,Q28883308,http://www.wikidata.org/entity/Q28905741,0,20,,,
MAR,Marrocos,Q28883309,http://www.wikidata.org/entity/Q28905741,0,135,,,
MAR,Marrocos,Q28883314,http://www.wikidata.org/entity/Q28905741,0,925,,,
MAR,Marrocos,Q28883318,http://www.wikidata.org/entity/Q28902296,0,10,,,
MAR,Marrocos,Q28883316,http://www.wikidata.org/entity/Q28902296,0,632,,,
MAR,Marrocos,Q28883322,http://www.wikidata.org/entity/Q28902434,0,15,,,
MAR,Marrocos,Q28883320,http://www.wikidata.org/entity/Q28902434,0,34,,,
MAR,Marrocos,Q28883326,http://www.wikidata.org/entity/Q28902434,0,2512,,,
MAR,Marrocos,Q28883343,http://www.wikidata.org/entity/Q28896066,0,1597,,,
MAR,Marrocos,Q28883341,http://www.wikidata.org/entity/Q28896066,0,280,,,
MAR,Marrocos,Q28883346,http://www.wikidata.org/entity/Q28894321,0,395,,,
MAR,Marrocos,Q28883344,http://www.wikidata.org/entity/Q28896066,0,376,,,
MAR,Marrocos,Q28883345,http://www.wikidata.org/entity/Q28894321,0,782,,,
MAR,Marrocos,Q28883348,http://www.wikidata.org/entity/Q28894321,0,627,,,
MAR,Marrocos,Q28883354,http://www.wikidata.org/entity/Q28909420,0,1094,,,
MAR,Marrocos,Q28883362,http://www.wikidata.org/entity/Q28894857,0,1948,,,
MAR,Marrocos,Q28883363,http://www.wikidata.org/entity/Q28894857,0,1174,,,
MAR,Marrocos,Q28883360,http://www.wikidata.org/entity/Q28896068,0,650,,,
MAR,Marrocos,Q28883361,http://www.wikidata.org/entity/Q28896068,0,800,,,
MAR,Marrocos,Q28883366,http://www.wikidata.org/entity/Q28894857,0,1353,,,
MAR,Marrocos,Q28883367,http://www.wikidata.org/entity/Q28894857,0,117,,,
MAR,Marrocos,Q28883364,http://www.wikidata.org/entity/Q28894857,0,299,,,
MAR,Marrocos,Q28883365,http://www.wikidata.org/entity/Q28894857,0,1790,,,
MAR,Marrocos,Q28883370,http://www.wikidata.org/entity/Q28894857,0,298,,,
MAR,Marrocos,Q28883371,http://www.wikidata.org/entity/Q28894857,0,1369,,,
MAR,Marrocos,Q28883368,http://www.wikidata.org/entity/Q28894857,0,1023,,,
MAR,Marrocos,Q28883369,http://www.wikidata.org/entity/Q28894857,0,262,,,
MAR,Marrocos,Q28883374,http://www.wikidata.org/entity/Q28903237,0,1153,,,
MAR,Marrocos,Q28883375,http://www.wikidata.org/entity/Q28903237,0,717,,,
MAR,Marrocos,Q28883372,http://www.wikidata.org/entity/Q28894857,0,535,,,
MAR,Marrocos,Q28883373,http://www.wikidata.org/entity/Q28894857,0,1254,,,
MAR,Marrocos,Q28883381,http://www.wikidata.org/entity/Q28903237,0,74,,,
MAR,Marrocos,Q28883406,http://www.wikidata.org/entity/Q28895679,0,282,,,
MAR,Marrocos,Q28883407,http://www.wikidata.org/entity/Q28895679,0,1358,,,
MAR,Marrocos,Q28883410,http://www.wikidata.org/entity/Q28895541,0,1636,,,
MAR,Marrocos,Q28883408,http://www.wikidata.org/entity/Q28895679,0,396,,,
MAR,Marrocos,Q28883409,http://www.wikidata.org/entity/Q28895541,0,1374,,,
MAR,Marrocos,Q28883414,http://www.wikidata.org/entity/Q28895541,0,625,,,
MAR,Marrocos,Q28883415,http://www.wikidata.org/entity/Q28895541,0,1848,,,
MAR,Marrocos,Q28883413,http://www.wikidata.org/entity/Q28895541,0,731,,,
MAR,Marrocos,Q28883418,http://www.wikidata.org/entity/Q28895678,0,78,,,
MAR,Marrocos,Q28883419,http://www.wikidata.org/entity/Q28895678,0,352,,,
MAR,Marrocos,Q28883416,http://www.wikidata.org/entity/Q28894858,0,839,,,
MAR,Marrocos,Q28883417,http://www.wikidata.org/entity/Q28895678,0,441,,,
MAR,Marrocos,Q28883422,http://www.wikidata.org/entity/Q28895539,0,165,,,
MAR,Marrocos,Q28883423,http://www.wikidata.org/entity/Q28895539,0,372,,,
MAR,Marrocos,Q28883421,http://www.wikidata.org/entity/Q28895539,0,927,,,
MAR,Marrocos,Q28883427,http://www.wikidata.org/entity/Q28895539,0,642,,,
MAR,Marrocos,Q28883424,http://www.wikidata.org/entity/Q28895539,0,98,,,
MAR,Marrocos,Q28883425,http://www.wikidata.org/entity/Q28895539,0,77,,,
MAR,Marrocos,Q28883428,http://www.wikidata.org/entity/Q28895539,0,167,,,
MAR,Marrocos,Q28883432,http://www.wikidata.org/entity/Q28902428,0,368,,,
MAR,Marrocos,Q28883439,http://www.wikidata.org/entity/Q28902422,0,443,,,
MAR,Marrocos,Q28883443,http://www.wikidata.org/entity/Q28902422,0,53,,,
MAR,Marrocos,Q28883447,http://www.wikidata.org/entity/Q28902323,0,1052,,,
MAR,Marrocos,Q28883444,http://www.wikidata.org/entity/Q28902422,0,227,,,
MAR,Marrocos,Q28883449,http://www.wikidata.org/entity/Q28902323,0,93,,,
MAR,Marrocos,Q28883479,http://www.wikidata.org/entity/Q28909545,0,1347,,,
MAR,Marrocos,Q28883790,http://www.wikidata.org/entity/Q28899930,0,938,,,
MAR,Marrocos,Q28883788,http://www.wikidata.org/entity/Q28894971,0,65,,,
MAR,Marrocos,Q28883789,http://www.wikidata.org/entity/Q28894971,0,504,,,
MAR,Marrocos,Q28883795,http://www.wikidata.org/entity/Q28907845,0,184,,,
MAR,Marrocos,Q28883798,http://www.wikidata.org/entity/Q28885863,0,358,,,
MAR,Marrocos,Q28883799,http://www.wikidata.org/entity/Q28885863,0,494,,,
MAR,Marrocos,Q28883796,http://www.wikidata.org/entity/Q28907845,0,280,,,
MAR,Marrocos,Q28883797,http://www.wikidata.org/entity/Q28885863,0,113,,,
MAR,Marrocos,Q28883803,http://www.wikidata.org/entity/Q28885863,0,284,,,
MAR,Marrocos,Q28880578,http://www.wikidata.org/entity/Q28902393,0,961,,,
MAR,Marrocos,Q28880579,http://www.wikidata.org/entity/Q28902393,0,210,,,
MAR,Marrocos,Q28880582,http://www.wikidata.org/entity/Q28902393,0,405,,,
MAR,Marrocos,Q28880583,http://www.wikidata.org/entity/Q28902393,0,698,,,
MAR,Marrocos,Q28880580,http://www.wikidata.org/entity/Q28902393,0,405,,,
MAR,Marrocos,Q28880587,http://www.wikidata.org/entity/Q28895540,0,501,,,
MAR,Marrocos,Q28880584,http://www.wikidata.org/entity/Q28902393,0,1071,,34.870686726562,-4.2241086566047
MAR,Marrocos,Q28880590,http://www.wikidata.org/entity/Q28895540,0,205,,,
MAR,Marrocos,Q28880591,http://www.wikidata.org/entity/Q28895540,0,736,,,
MAR,Marrocos,Q28880588,http://www.wikidata.org/entity/Q28895540,0,552,,,
MAR,Marrocos,Q28880589,http://www.wikidata.org/entity/Q28895540,0,167,,,
MAR,Marrocos,Q28880594,http://www.wikidata.org/entity/Q28895540,0,401,,,
MAR,Marrocos,Q28880595,http://www.wikidata.org/entity/Q28895540,0,230,,,
MAR,Marrocos,Q28880592,http://www.wikidata.org/entity/Q28895540,0,294,,,
MAR,Marrocos,Q28880593,http://www.wikidata.org/entity/Q28895540,0,173,,,
MAR,Marrocos,Q28880598,http://www.wikidata.org/entity/Q28895540,0,310,,,
MAR,Marrocos,Q28880599,http://www.wikidata.org/entity/Q28895540,0,314,,,
MAR,Marrocos,Q28880596,http://www.wikidata.org/entity/Q28895540,0,104,,,
MAR,Marrocos,Q28880597,http://www.wikidata.org/entity/Q28895540,0,125,,,
MAR,Marrocos,Q28880600,http://www.wikidata.org/entity/Q28895540,0,511,,,
MAR,Marrocos,Q28880601,http://www.wikidata.org/entity/Q28895540,0,265,,,
MAR,Marrocos,Q28880606,http://www.wikidata.org/entity/Q28899614,0,102,,,
MAR,Marrocos,Q28880607,http://www.wikidata.org/entity/Q28899614,0,491,,,
MAR,Marrocos,Q28880610,http://www.wikidata.org/entity/Q28899614,0,1193,,34.74141832374,-4.5718359342088
MAR,Marrocos,Q28880611,http://www.wikidata.org/entity/Q28880616,0,1301,,,
MAR,Marrocos,Q28880609,http://www.wikidata.org/entity/Q28899614,0,456,,,
MAR,Marrocos,Q28880614,http://www.wikidata.org/entity/Q28880616,0,894,,,
MAR,Marrocos,Q28880615,http://www.wikidata.org/entity/Q28880616,0,246,,,
MAR,Marrocos,Q28880612,http://www.wikidata.org/entity/Q28880616,0,396,,,
MAR,Marrocos,Q28880613,http://www.wikidata.org/entity/Q28880616,0,696,,,
MAR,Marrocos,Q28880618,http://www.wikidata.org/entity/Q28880616,0,147,,,
MAR,Marrocos,Q28880619,http://www.wikidata.org/entity/Q28880616,0,316,,,
MAR,Marrocos,Q28880617,http://www.wikidata.org/entity/Q28880616,0,588,,,
MAR,Marrocos,Q28880623,http://www.wikidata.org/entity/Q28902179,0,589,,,
MAR,Marrocos,Q28880620,http://www.wikidata.org/entity/Q28880616,0,1234,,,
MAR,Marrocos,Q28880621,http://www.wikidata.org/entity/Q28902179,0,1862,,,
MAR,Marrocos,Q28880626,http://www.wikidata.org/entity/Q28902179,0,1114,,,
MAR,Marrocos,Q28880627,http://www.wikidata.org/entity/Q28906646,0,387,,,
MAR,Marrocos,Q28880624,http://www.wikidata.org/entity/Q28902179,0,1055,,,
MAR,Marrocos,Q28880625,http://www.wikidata.org/entity/Q28902179,0,508,,,
MAR,Marrocos,Q28880630,http://www.wikidata.org/entity/Q28906646,0,253,,,
MAR,Marrocos,Q28880628,http://www.wikidata.org/entity/Q28906646,0,69,,,
MAR,Marrocos,Q28880634,http://www.wikidata.org/entity/Q28906646,0,214,,,
MAR,Marrocos,Q28880635,http://www.wikidata.org/entity/Q28906646,0,489,,,
MAR,Marrocos,Q28880632,http://www.wikidata.org/entity/Q28906646,0,538,,,
MAR,Marrocos,Q28880633,http://www.wikidata.org/entity/Q28906646,0,206,,,
MAR,Marrocos,Q28880638,http://www.wikidata.org/entity/Q28906646,0,410,,,
MAR,Marrocos,Q28880637,http://www.wikidata.org/entity/Q28906646,0,112,,,
MAR,Marrocos,Q28880642,http://www.wikidata.org/entity/Q28906645,0,69,,,
MAR,Marrocos,Q28880643,http://www.wikidata.org/entity/Q28906645,0,174,,,
MAR,Marrocos,Q28880640,http://www.wikidata.org/entity/Q28906645,0,811,,34.878176996463,-4.3123161985644
MAR,Marrocos,Q28880641,http://www.wikidata.org/entity/Q28906645,0,265,,,
MAR,Marrocos,Q28880646,http://www.wikidata.org/entity/Q28906645,0,324,,,
MAR,Marrocos,Q28880644,http://www.wikidata.org/entity/Q28906645,0,97,,,
MAR,Marrocos,Q28880645,http://www.wikidata.org/entity/Q28906645,0,108,,,
MAR,Marrocos,Q28880654,http://www.wikidata.org/entity/Q28890304,0,704,,,
MAR,Marrocos,Q28880655,http://www.wikidata.org/entity/Q28890304,0,647,,,
MAR,Marrocos,Q28880653,http://www.wikidata.org/entity/Q28890304,0,338,,,
MAR,Marrocos,Q28880926,http://www.wikidata.org/entity/Q28880936,0,431,,,
MAR,Marrocos,Q28880937,http://www.wikidata.org/entity/Q28896227,0,343,,,
MAR,Marrocos,Q28880962,http://www.wikidata.org/entity/Q28875438,0,168,,,
MAR,Marrocos,Q28880963,http://www.wikidata.org/entity/Q28875438,0,48,,,
MAR,Marrocos,Q28880961,http://www.wikidata.org/entity/Q28875438,0,742,,,
MAR,Marrocos,Q28880966,http://www.wikidata.org/entity/Q28875438,0,105,,,
MAR,Marrocos,Q28880967,http://www.wikidata.org/entity/Q28875449,0,96,,,
MAR,Marrocos,Q28880964,http://www.wikidata.org/entity/Q28875438,0,113,,,
MAR,Marrocos,Q28880965,http://www.wikidata.org/entity/Q28875438,0,96,,,
MAR,Marrocos,Q28880970,http://www.wikidata.org/entity/Q28875449,0,146,,,
MAR,Marrocos,Q28880971,http://www.wikidata.org/entity/Q28875461,0,32,,,
MAR,Marrocos,Q28880968,http://www.wikidata.org/entity/Q28875449,0,30,,,
MAR,Marrocos,Q28880969,http://www.wikidata.org/entity/Q28875449,0,29,,,
MAR,Marrocos,Q28880974,http://www.wikidata.org/entity/Q28875474,0,20,,,
MAR,Marrocos,Q28880975,http://www.wikidata.org/entity/Q28875474,0,8,,,
MAR,Marrocos,Q28880972,http://www.wikidata.org/entity/Q28875461,0,43,,,
MAR,Marrocos,Q28880973,http://www.wikidata.org/entity/Q28875474,0,8,,,
MAR,Marrocos,Q28880978,http://www.wikidata.org/entity/Q28875498,0,334,,,
MAR,Marrocos,Q28880979,http://www.wikidata.org/entity/Q28875498,0,112,,,
MAR,Marrocos,Q28880976,http://www.wikidata.org/entity/Q28875486,0,65,,,
MAR,Marrocos,Q28880977,http://www.wikidata.org/entity/Q28875486,0,32,,,
MAR,Marrocos,Q28880982,http://www.wikidata.org/entity/Q28875518,0,136,,,
MAR,Marrocos,Q28880983,http://www.wikidata.org/entity/Q28875518,0,368,,,
MAR,Marrocos,Q28880980,http://www.wikidata.org/entity/Q28875510,0,7,,,
MAR,Marrocos,Q28880981,http://www.wikidata.org/entity/Q28875518,0,97,,,
MAR,Marrocos,Q28880986,http://www.wikidata.org/entity/Q28875529,0,67,,,
MAR,Marrocos,Q28880987,http://www.wikidata.org/entity/Q28875529,0,45,,,
MAR,Marrocos,Q28880984,http://www.wikidata.org/entity/Q28875518,0,82,,,
MAR,Marrocos,Q28880985,http://www.wikidata.org/entity/Q28875529,0,42,,,
MAR,Marrocos,Q28880991,http://www.wikidata.org/entity/Q28875529,0,15,,,
MAR,Marrocos,Q28880988,http://www.wikidata.org/entity/Q28875529,0,17,,,
MAR,Marrocos,Q28880989,http://www.wikidata.org/entity/Q28875529,0,104,,,
MAR,Marrocos,Q28880994,http://www.wikidata.org/entity/Q28875529,0,46,,,
MAR,Marrocos,Q28880995,http://www.wikidata.org/entity/Q28875529,0,56,,,
MAR,Marrocos,Q28880992,http://www.wikidata.org/entity/Q28875529,0,329,,,
MAR,Marrocos,Q28880998,http://www.wikidata.org/entity/Q28875539,0,72,,,
MAR,Marrocos,Q28880999,http://www.wikidata.org/entity/Q28875539,0,69,,,
MAR,Marrocos,Q28880996,http://www.wikidata.org/entity/Q28875539,0,23,,,
MAR,Marrocos,Q28880997,http://www.wikidata.org/entity/Q28875539,0,3,,,
MAR,Marrocos,Q28881002,http://www.wikidata.org/entity/Q28875539,0,48,,,
MAR,Marrocos,Q28881003,http://www.wikidata.org/entity/Q28875549,0,170,,,
MAR,Marrocos,Q28881000,http://www.wikidata.org/entity/Q28875539,0,303,,,
MAR,Marrocos,Q28882815,http://www.wikidata.org/entity/Q28890353,0,1515,,,
MAR,Marrocos,Q28882816,http://www.wikidata.org/entity/Q28890353,0,404,,,
MAR,Marrocos,Q28883127,http://www.wikidata.org/entity/Q28895821,0,1475,,,
MAR,Marrocos,Q28883130,http://www.wikidata.org/entity/Q28895821,0,175,,,
MAR,Marrocos,Q28883131,http://www.wikidata.org/entity/Q28895821,0,774,,,
MAR,Marrocos,Q28883128,http://www.wikidata.org/entity/Q28895821,0,456,,,
MAR,Marrocos,Q28883129,http://www.wikidata.org/entity/Q28895821,0,1066,,,
MAR,Marrocos,Q28883132,http://www.wikidata.org/entity/Q28889777,0,1141,,,
MAR,Marrocos,Q28883133,http://www.wikidata.org/entity/Q28889777,0,983,,,
MAR,Marrocos,Q28883141,http://www.wikidata.org/entity/Q28906838,0,426,,,
MAR,Marrocos,Q28883144,http://www.wikidata.org/entity/Q28906838,0,1093,,,
MAR,Marrocos,Q28883145,http://www.wikidata.org/entity/Q28906838,0,765,,,
MAR,Marrocos,Q28883170,http://www.wikidata.org/entity/Q28896205,0,977,,,
MAR,Marrocos,Q28883171,http://www.wikidata.org/entity/Q28896205,0,752,,,
MAR,Marrocos,Q28883183,http://www.wikidata.org/entity/Q28895931,0,264,,,
MAR,Marrocos,Q28883186,http://www.wikidata.org/entity/Q28895931,0,369,,,
MAR,Marrocos,Q28883187,http://www.wikidata.org/entity/Q28895931,0,131,,,
MAR,Marrocos,Q28883184,http://www.wikidata.org/entity/Q28895931,0,486,,,
MAR,Marrocos,Q28883185,http://www.wikidata.org/entity/Q28895931,0,318,,,
MAR,Marrocos,Q28883190,http://www.wikidata.org/entity/Q28895931,0,434,,,
MAR,Marrocos,Q28883188,http://www.wikidata.org/entity/Q28895931,0,525,,,
MAR,Marrocos,Q28883189,http://www.wikidata.org/entity/Q28895931,0,339,,,
MAR,Marrocos,Q28883383,http://www.wikidata.org/entity/Q28903237,0,148,,,
MAR,Marrocos,Q28883385,http://www.wikidata.org/entity/Q28903237,0,30,,,
MAR,Marrocos,Q28883391,http://www.wikidata.org/entity/Q28903237,0,229,,,
MAR,Marrocos,Q28883388,http://www.wikidata.org/entity/Q28903237,0,13,,,
MAR,Marrocos,Q28883399,http://www.wikidata.org/entity/Q28895679,0,5,,,
MAR,Marrocos,Q28883396,http://www.wikidata.org/entity/Q28903237,0,102,,,
MAR,Marrocos,Q28883403,http://www.wikidata.org/entity/Q28895679,0,388,,,
MAR,Marrocos,Q28883400,http://www.wikidata.org/entity/Q28895679,0,1599,,,
MAR,Marrocos,Q28883401,http://www.wikidata.org/entity/Q28895679,0,308,,,
MAR,Marrocos,Q28883404,http://www.wikidata.org/entity/Q28895679,0,279,,,
MAR,Marrocos,Q28883454,http://www.wikidata.org/entity/Q28893782,0,197,,,
MAR,Marrocos,Q28883456,http://www.wikidata.org/entity/Q28902323,0,273,,,
MAR,Marrocos,Q28883462,http://www.wikidata.org/entity/Q28902169,0,53,,,
MAR,Marrocos,Q28883463,http://www.wikidata.org/entity/Q28902169,0,10,,,
MAR,Marrocos,Q28883466,http://www.wikidata.org/entity/Q28904145,0,125,,,
MAR,Marrocos,Q28883467,http://www.wikidata.org/entity/Q28904145,0,262,,,
MAR,Marrocos,Q28883465,http://www.wikidata.org/entity/Q28902169,0,76,,,
MAR,Marrocos,Q28883470,http://www.wikidata.org/entity/Q28904145,0,2285,,,
MAR,Marrocos,Q28883469,http://www.wikidata.org/entity/Q28904145,0,1207,,,
MAR,Marrocos,Q28883475,http://www.wikidata.org/entity/Q28900075,0,811,,,
MAR,Marrocos,Q28883476,http://www.wikidata.org/entity/Q28898601,0,1285,,,
MAR,Marrocos,Q28883477,http://www.wikidata.org/entity/Q28898601,0,815,,,
MAR,Marrocos,Q28883482,http://www.wikidata.org/entity/Q28909545,0,132,,,
MAR,Marrocos,Q28883480,http://www.wikidata.org/entity/Q28909545,0,288,,,
MAR,Marrocos,Q28883481,http://www.wikidata.org/entity/Q28909545,0,265,,,
MAR,Marrocos,Q28883487,http://www.wikidata.org/entity/Q28909545,0,645,,,
MAR,Marrocos,Q28883484,http://www.wikidata.org/entity/Q28909545,0,933,,,
MAR,Marrocos,Q28883485,http://www.wikidata.org/entity/Q28909545,0,1343,,,
MAR,Marrocos,Q28883490,http://www.wikidata.org/entity/Q28908140,0,171,,,
MAR,Marrocos,Q28883491,http://www.wikidata.org/entity/Q28890818,0,779,,,
MAR,Marrocos,Q28883488,http://www.wikidata.org/entity/Q28909545,0,550,,,
MAR,Marrocos,Q28883489,http://www.wikidata.org/entity/Q28909545,0,47,,,
MAR,Marrocos,Q28883494,http://www.wikidata.org/entity/Q28890818,0,101,,,
MAR,Marrocos,Q28883495,http://www.wikidata.org/entity/Q28890818,0,152,,,
MAR,Marrocos,Q28883492,http://www.wikidata.org/entity/Q28890818,0,310,,,
MAR,Marrocos,Q28883493,http://www.wikidata.org/entity/Q28890818,0,577,,,
MAR,Marrocos,Q28883498,http://www.wikidata.org/entity/Q28890818,0,251,,,
MAR,Marrocos,Q28883499,http://www.wikidata.org/entity/Q28890818,0,224,,,
MAR,Marrocos,Q28883496,http://www.wikidata.org/entity/Q28890818,0,162,,,
MAR,Marrocos,Q28883497,http://www.wikidata.org/entity/Q28890818,0,227,,,
MAR,Marrocos,Q28883502,http://www.wikidata.org/entity/Q28890818,0,83,,,
MAR,Marrocos,Q28883500,http://www.wikidata.org/entity/Q28890818,0,395,,,
MAR,Marrocos,Q28883501,http://www.wikidata.org/entity/Q28890818,0,219,,,
MAR,Marrocos,Q28883506,http://www.wikidata.org/entity/Q28890118,0,189,,,
MAR,Marrocos,Q28883507,http://www.wikidata.org/entity/Q28890118,0,123,,,
MAR,Marrocos,Q28883504,http://www.wikidata.org/entity/Q28890118,0,164,,,
MAR,Marrocos,Q28883505,http://www.wikidata.org/entity/Q28890118,0,207,,,
MAR,Marrocos,Q28883510,http://www.wikidata.org/entity/Q28890118,0,109,,,
MAR,Marrocos,Q28883511,http://www.wikidata.org/entity/Q28890118,0,8,,,
MAR,Marrocos,Q28883508,http://www.wikidata.org/entity/Q28890118,0,145,,,
MAR,Marrocos,Q28883509,http://www.wikidata.org/entity/Q28890118,0,141,,,
MAR,Marrocos,Q28883514,http://www.wikidata.org/entity/Q28890125,0,161,,,
MAR,Marrocos,Q28883515,http://www.wikidata.org/entity/Q28890125,0,103,,,
MAR,Marrocos,Q28883512,http://www.wikidata.org/entity/Q28901829,0,223,,,
MAR,Marrocos,Q28883513,http://www.wikidata.org/entity/Q28890125,0,404,,,
MAR,Marrocos,Q28883518,http://www.wikidata.org/entity/Q28890604,0,875,,,
MAR,Marrocos,Q28883519,http://www.wikidata.org/entity/Q28890604,0,454,,,
MAR,Marrocos,Q28883517,http://www.wikidata.org/entity/Q28890125,0,244,,,
MAR,Marrocos,Q28883522,http://www.wikidata.org/entity/Q28901023,0,658,,,
MAR,Marrocos,Q28883521,http://www.wikidata.org/entity/Q28890604,0,586,,,
MAR,Marrocos,Q28883526,http://www.wikidata.org/entity/Q28901023,0,147,,,
MAR,Marrocos,Q28883524,http://www.wikidata.org/entity/Q28901023,0,165,,,
MAR,Marrocos,Q28883525,http://www.wikidata.org/entity/Q28901023,0,115,,,
MAR,Marrocos,Q28883530,http://www.wikidata.org/entity/Q28901023,0,159,,,
MAR,Marrocos,Q28883531,http://www.wikidata.org/entity/Q28901023,0,89,,,
MAR,Marrocos,Q28883534,http://www.wikidata.org/entity/Q28891848,0,158,,,
MAR,Marrocos,Q28883535,http://www.wikidata.org/entity/Q28891848,0,173,,,
MAR,Marrocos,Q28883532,http://www.wikidata.org/entity/Q28901023,0,141,,,
MAR,Marrocos,Q28883533,http://www.wikidata.org/entity/Q28891848,0,395,,,
MAR,Marrocos,Q28883538,http://www.wikidata.org/entity/Q28890088,0,181,,,
MAR,Marrocos,Q28883539,http://www.wikidata.org/entity/Q28890088,0,232,,,
MAR,Marrocos,Q28883536,http://www.wikidata.org/entity/Q28891848,0,195,,,
MAR,Marrocos,Q28883537,http://www.wikidata.org/entity/Q28891848,0,97,,,
MAR,Marrocos,Q28883542,http://www.wikidata.org/entity/Q28890088,0,160,,,
MAR,Marrocos,Q28883543,http://www.wikidata.org/entity/Q28893506,0,370,,,
MAR,Marrocos,Q28883540,http://www.wikidata.org/entity/Q28890088,0,661,,,
MAR,Marrocos,Q28883541,http://www.wikidata.org/entity/Q28890088,0,227,,,
MAR,Marrocos,Q28883547,http://www.wikidata.org/entity/Q28893506,0,270,,,
MAR,Marrocos,Q28883544,http://www.wikidata.org/entity/Q28893506,0,206,,,
MAR,Marrocos,Q28883545,http://www.wikidata.org/entity/Q28893506,0,58,,,
MAR,Marrocos,Q28883550,http://www.wikidata.org/entity/Q28890951,0,80,,,
MAR,Marrocos,Q28883548,http://www.wikidata.org/entity/Q28893506,0,119,,,
MAR,Marrocos,Q28883549,http://www.wikidata.org/entity/Q28890951,0,327,,,
MAR,Marrocos,Q28883555,http://www.wikidata.org/entity/Q28890951,0,66,,,
MAR,Marrocos,Q28883552,http://www.wikidata.org/entity/Q28890951,0,120,,,
MAR,Marrocos,Q28883553,http://www.wikidata.org/entity/Q28890951,0,174,,,
MAR,Marrocos,Q28883557,http://www.wikidata.org/entity/Q28907368,0,2195,,,
MAR,Marrocos,Q28883570,http://www.wikidata.org/entity/Q28892239,0,150,,,
MAR,Marrocos,Q28883571,http://www.wikidata.org/entity/Q28892239,0,600,,,
MAR,Marrocos,Q28883568,http://www.wikidata.org/entity/Q28891795,0,87,,,
MAR,Marrocos,Q28883569,http://www.wikidata.org/entity/Q28892239,0,362,,,
MAR,Marrocos,Q28883574,http://www.wikidata.org/entity/Q28891380,0,1185,,,
MAR,Marrocos,Q28883575,http://www.wikidata.org/entity/Q28891380,0,516,,,
MAR,Marrocos,Q28883572,http://www.wikidata.org/entity/Q28892239,0,621,,,
MAR,Marrocos,Q28883573,http://www.wikidata.org/entity/Q28892239,0,729,,,
MAR,Marrocos,Q28883578,http://www.wikidata.org/entity/Q28891380,0,577,,,
MAR,Marrocos,Q28883579,http://www.wikidata.org/entity/Q28891366,0,440,,,
MAR,Marrocos,Q28883576,http://www.wikidata.org/entity/Q28891380,0,35,,,
MAR,Marrocos,Q28883577,http://www.wikidata.org/entity/Q28891380,0,1022,,,
MAR,Marrocos,Q28883583,http://www.wikidata.org/entity/Q28891366,0,228,,,
MAR,Marrocos,Q28883580,http://www.wikidata.org/entity/Q28891366,0,160,,,
MAR,Marrocos,Q28883581,http://www.wikidata.org/entity/Q28891366,0,415,,,
MAR,Marrocos,Q28883586,http://www.wikidata.org/entity/Q28891366,0,60,,,
MAR,Marrocos,Q28883585,http://www.wikidata.org/entity/Q28891366,0,158,,,
MAR,Marrocos,Q28883591,http://www.wikidata.org/entity/Q28891366,0,118,,,
MAR,Marrocos,Q28883594,http://www.wikidata.org/entity/Q28891211,0,318,,,
MAR,Marrocos,Q28883592,http://www.wikidata.org/entity/Q28891366,0,47,,,
MAR,Marrocos,Q28883593,http://www.wikidata.org/entity/Q28891211,0,364,,,
MAR,Marrocos,Q28883643,http://www.wikidata.org/entity/Q28890212,0,51,,,
MAR,Marrocos,Q28883646,http://www.wikidata.org/entity/Q28907428,0,187,,,
MAR,Marrocos,Q28883644,http://www.wikidata.org/entity/Q28907428,0,638,,,
MAR,Marrocos,Q28883658,http://www.wikidata.org/entity/Q28901920,0,463,,,
MAR,Marrocos,Q28883657,http://www.wikidata.org/entity/Q28901920,0,523,,,
MAR,Marrocos,Q28883662,http://www.wikidata.org/entity/Q28901920,0,138,,,
MAR,Marrocos,Q28883660,http://www.wikidata.org/entity/Q28901920,0,340,,,
MAR,Marrocos,Q28883661,http://www.wikidata.org/entity/Q28901920,0,663,,,
MAR,Marrocos,Q28883711,http://www.wikidata.org/entity/Q28895459,0,438,,,
MAR,Marrocos,Q28883714,http://www.wikidata.org/entity/Q28895459,0,494,,,
MAR,Marrocos,Q28883715,http://www.wikidata.org/entity/Q28895459,0,37,,,
MAR,Marrocos,Q28883712,http://www.wikidata.org/entity/Q28895459,0,1278,,,
MAR,Marrocos,Q28883713,http://www.wikidata.org/entity/Q28895459,0,954,,,
MAR,Marrocos,Q28883718,http://www.wikidata.org/entity/Q28900201,0,558,,,
MAR,Marrocos,Q28883719,http://www.wikidata.org/entity/Q28900201,0,640,,,
MAR,Marrocos,Q28883717,http://www.wikidata.org/entity/Q28900201,0,430,,,
MAR,Marrocos,Q28883722,http://www.wikidata.org/entity/Q28900201,0,575,,,
MAR,Marrocos,Q28883726,http://www.wikidata.org/entity/Q28900201,0,111,,,
MAR,Marrocos,Q28883724,http://www.wikidata.org/entity/Q28900201,0,479,,,
MAR,Marrocos,Q28883730,http://www.wikidata.org/entity/Q28905020,0,89,,,
MAR,Marrocos,Q28883735,http://www.wikidata.org/entity/Q28905020,0,239,,,
MAR,Marrocos,Q28883732,http://www.wikidata.org/entity/Q28905020,0,59,,,
MAR,Marrocos,Q28883736,http://www.wikidata.org/entity/Q28905020,0,1239,,,
MAR,Marrocos,Q28883737,http://www.wikidata.org/entity/Q28905020,0,364,,,
MAR,Marrocos,Q28883767,http://www.wikidata.org/entity/Q28903410,0,839,,,
MAR,Marrocos,Q28883770,http://www.wikidata.org/entity/Q28903410,0,275,,,
MAR,Marrocos,Q28883771,http://www.wikidata.org/entity/Q28903410,0,688,,,
MAR,Marrocos,Q28883768,http://www.wikidata.org/entity/Q28903410,0,167,,,
MAR,Marrocos,Q28883769,http://www.wikidata.org/entity/Q28903410,0,986,,,
MAR,Marrocos,Q28883774,http://www.wikidata.org/entity/Q28903410,0,116,,,
MAR,Marrocos,Q28883775,http://www.wikidata.org/entity/Q28903410,0,461,,,
MAR,Marrocos,Q28883772,http://www.wikidata.org/entity/Q28903410,0,336,,,
MAR,Marrocos,Q28883773,http://www.wikidata.org/entity/Q28903410,0,448,,,
MAR,Marrocos,Q28883778,http://www.wikidata.org/entity/Q28903410,0,755,,,
MAR,Marrocos,Q28883779,http://www.wikidata.org/entity/Q28903410,0,153,,,
MAR,Marrocos,Q28883776,http://www.wikidata.org/entity/Q28903410,0,307,,,
MAR,Marrocos,Q28883777,http://www.wikidata.org/entity/Q28903410,0,236,,,
MAR,Marrocos,Q28883780,http://www.wikidata.org/entity/Q28903410,0,276,,,
MAR,Marrocos,Q28883831,http://www.wikidata.org/entity/Q28897620,0,398,,,
MAR,Marrocos,Q28883834,http://www.wikidata.org/entity/Q28897620,0,146,,,
MAR,Marrocos,Q28883835,http://www.wikidata.org/entity/Q28897620,0,67,,,
MAR,Marrocos,Q28883832,http://www.wikidata.org/entity/Q28897620,0,251,,,
MAR,Marrocos,Q28883833,http://www.wikidata.org/entity/Q28897620,0,167,,,
MAR,Marrocos,Q28883836,http://www.wikidata.org/entity/Q28897620,0,450,,,
MAR,Marrocos,Q28883837,http://www.wikidata.org/entity/Q28891335,0,665,,,
MAR,Marrocos,Q28883840,http://www.wikidata.org/entity/Q28891335,0,161,,,
MAR,Marrocos,Q28883841,http://www.wikidata.org/entity/Q28891335,0,278,,,
MAR,Marrocos,Q28883844,http://www.wikidata.org/entity/Q28905126,0,196,,,
MAR,Marrocos,Q28883848,http://www.wikidata.org/entity/Q28905126,0,614,,,
MAR,Marrocos,Q28883870,http://www.wikidata.org/entity/Q28902188,0,824,,,
MAR,Marrocos,Q28883871,http://www.wikidata.org/entity/Q28902188,0,275,,,
MAR,Marrocos,Q28883869,http://www.wikidata.org/entity/Q28902188,0,188,,,
MAR,Marrocos,Q28883874,http://www.wikidata.org/entity/Q28902201,0,147,,,
MAR,Marrocos,Q28883875,http://www.wikidata.org/entity/Q28902201,0,58,,,
MAR,Marrocos,Q28883873,http://www.wikidata.org/entity/Q28902201,0,206,,,
MAR,Marrocos,Q28883878,http://www.wikidata.org/entity/Q28902201,0,220,,,
MAR,Marrocos,Q28883876,http://www.wikidata.org/entity/Q28902201,0,304,,,
MAR,Marrocos,Q28883877,http://www.wikidata.org/entity/Q28902201,0,41,,,
MAR,Marrocos,Q28883883,http://www.wikidata.org/entity/Q28902252,0,143,,,
MAR,Marrocos,Q28883880,http://www.wikidata.org/entity/Q28902201,0,346,,,
MAR,Marrocos,Q28883881,http://www.wikidata.org/entity/Q28902352,0,796,,,
MAR,Marrocos,Q28883886,http://www.wikidata.org/entity/Q28902252,0,195,,,
MAR,Marrocos,Q28883887,http://www.wikidata.org/entity/Q28902252,0,302,,,
MAR,Marrocos,Q28883884,http://www.wikidata.org/entity/Q28902252,0,44,,,
MAR,Marrocos,Q28883885,http://www.wikidata.org/entity/Q28902252,0,306,,,
MAR,Marrocos,Q28883890,http://www.wikidata.org/entity/Q28902252,0,239,,,
MAR,Marrocos,Q28883889,http://www.wikidata.org/entity/Q28902252,0,183,,,
MAR,Marrocos,Q28883894,http://www.wikidata.org/entity/Q28902235,0,1125,,,
MAR,Marrocos,Q28883892,http://www.wikidata.org/entity/Q28902252,0,920,,,
MAR,Marrocos,Q28883893,http://www.wikidata.org/entity/Q28902235,0,1335,,,
MAR,Marrocos,Q28883898,http://www.wikidata.org/entity/Q28902235,0,289,,,
MAR,Marrocos,Q28883899,http://www.wikidata.org/entity/Q28902235,0,401,,,
MAR,Marrocos,Q28883897,http://www.wikidata.org/entity/Q28902235,0,486,,,
MAR,Marrocos,Q28883902,http://www.wikidata.org/entity/Q28902235,0,549,,,
MAR,Marrocos,Q28883903,http://www.wikidata.org/entity/Q28902283,0,1090,,,
MAR,Marrocos,Q28883900,http://www.wikidata.org/entity/Q28902235,0,485,,,
MAR,Marrocos,Q28883906,http://www.wikidata.org/entity/Q28902283,0,298,,,
MAR,Marrocos,Q28883907,http://www.wikidata.org/entity/Q28902283,0,740,,,
MAR,Marrocos,Q28883904,http://www.wikidata.org/entity/Q28902283,0,281,,,
MAR,Marrocos,Q28883905,http://www.wikidata.org/entity/Q28902283,0,76,,,
MAR,Marrocos,Q28883910,http://www.wikidata.org/entity/Q28902283,0,775,,,
MAR,Marrocos,Q28883911,http://www.wikidata.org/entity/Q28902283,0,774,,,
MAR,Marrocos,Q28883908,http://www.wikidata.org/entity/Q28902283,0,399,,,
MAR,Marrocos,Q28883909,http://www.wikidata.org/entity/Q28902283,0,555,,,
MAR,Marrocos,Q28884086,http://www.wikidata.org/entity/Q28897920,0,448,,,
MAR,Marrocos,Q28884087,http://www.wikidata.org/entity/Q28897920,0,134,,,
MAR,Marrocos,Q28884090,http://www.wikidata.org/entity/Q28897920,0,216,,,
MAR,Marrocos,Q28884091,http://www.wikidata.org/entity/Q28897920,0,398,,,
MAR,Marrocos,Q28884088,http://www.wikidata.org/entity/Q28897920,0,108,,,
MAR,Marrocos,Q28884089,http://www.wikidata.org/entity/Q28897920,0,243,,,
MAR,Marrocos,Q28884094,http://www.wikidata.org/entity/Q28902405,0,100,,,
MAR,Marrocos,Q28884093,http://www.wikidata.org/entity/Q28902405,0,228,,,
MAR,Marrocos,Q28884098,http://www.wikidata.org/entity/Q28902405,0,172,,,
MAR,Marrocos,Q28884096,http://www.wikidata.org/entity/Q28902405,0,318,,,
MAR,Marrocos,Q28884097,http://www.wikidata.org/entity/Q28902405,0,143,,,
MAR,Marrocos,Q28884119,http://www.wikidata.org/entity/Q28904476,0,791,,,
MAR,Marrocos,Q28884122,http://www.wikidata.org/entity/Q28904476,0,140,,,
MAR,Marrocos,Q28884120,http://www.wikidata.org/entity/Q28904476,0,240,,,
MAR,Marrocos,Q28884121,http://www.wikidata.org/entity/Q28904476,0,348,,,
MAR,Marrocos,Q28884126,http://www.wikidata.org/entity/Q28902200,0,367,,,
MAR,Marrocos,Q28884125,http://www.wikidata.org/entity/Q28902200,0,1130,,,
MAR,Marrocos,Q28884130,http://www.wikidata.org/entity/Q28902200,0,307,,,
MAR,Marrocos,Q28884131,http://www.wikidata.org/entity/Q28902200,0,1295,,,
MAR,Marrocos,Q28884134,http://www.wikidata.org/entity/Q28908298,0,187,,,
MAR,Marrocos,Q28884135,http://www.wikidata.org/entity/Q28908298,0,784,,,
MAR,Marrocos,Q28884132,http://www.wikidata.org/entity/Q28902200,0,608,,,
MAR,Marrocos,Q28884133,http://www.wikidata.org/entity/Q28908298,0,549,,,
MAR,Marrocos,Q28884139,http://www.wikidata.org/entity/Q28908298,0,202,,,
MAR,Marrocos,Q28884136,http://www.wikidata.org/entity/Q28908298,0,638,,,
MAR,Marrocos,Q28884142,http://www.wikidata.org/entity/Q28902398,0,733,,,
MAR,Marrocos,Q28884143,http://www.wikidata.org/entity/Q28902398,0,610,,,
MAR,Marrocos,Q28884141,http://www.wikidata.org/entity/Q28902398,0,234,,,
MAR,Marrocos,Q28884147,http://www.wikidata.org/entity/Q28902398,0,441,,,
MAR,Marrocos,Q28884144,http://www.wikidata.org/entity/Q28902398,0,910,,,
MAR,Marrocos,Q28884150,http://www.wikidata.org/entity/Q28902398,0,201,,,
MAR,Marrocos,Q28884148,http://www.wikidata.org/entity/Q28902398,0,296,,,
MAR,Marrocos,Q28884149,http://www.wikidata.org/entity/Q28902398,0,655,,,
MAR,Marrocos,Q28884159,http://www.wikidata.org/entity/Q28902219,0,1093,,,
MAR,Marrocos,Q28884156,http://www.wikidata.org/entity/Q28902219,0,704,,,
MAR,Marrocos,Q28884157,http://www.wikidata.org/entity/Q28902219,0,1066,,,
MAR,Marrocos,Q28884162,http://www.wikidata.org/entity/Q28902219,0,377,,,
MAR,Marrocos,Q28884161,http://www.wikidata.org/entity/Q28902219,0,658,,,
MAR,Marrocos,Q28884166,http://www.wikidata.org/entity/Q28902219,0,1217,,,
MAR,Marrocos,Q28884167,http://www.wikidata.org/entity/Q28902219,0,1875,,,
MAR,Marrocos,Q28884164,http://www.wikidata.org/entity/Q28902219,0,540,,,
MAR,Marrocos,Q28884165,http://www.wikidata.org/entity/Q28902219,0,713,,,
MAR,Marrocos,Q28884170,http://www.wikidata.org/entity/Q28902124,0,2110,,,
MAR,Marrocos,Q28884171,http://www.wikidata.org/entity/Q28902124,0,351,,,
MAR,Marrocos,Q28884168,http://www.wikidata.org/entity/Q28902219,0,476,,,
MAR,Marrocos,Q28884174,http://www.wikidata.org/entity/Q28902124,0,424,,,
MAR,Marrocos,Q28884175,http://www.wikidata.org/entity/Q28902124,0,1023,,,
MAR,Marrocos,Q28884172,http://www.wikidata.org/entity/Q28902124,0,576,,,
MAR,Marrocos,Q28884179,http://www.wikidata.org/entity/Q28902124,0,1143,,,
MAR,Marrocos,Q28884182,http://www.wikidata.org/entity/Q28897610,0,1854,,,
MAR,Marrocos,Q28884183,http://www.wikidata.org/entity/Q28897610,0,544,,,
MAR,Marrocos,Q28884180,http://www.wikidata.org/entity/Q28902124,0,828,,,
MAR,Marrocos,Q28884181,http://www.wikidata.org/entity/Q28902124,0,1105,,,
MAR,Marrocos,Q28884184,http://www.wikidata.org/entity/Q28897610,0,857,,,
MAR,Marrocos,Q28884209,http://www.wikidata.org/entity/Q28902338,0,558,,,
MAR,Marrocos,Q28884212,http://www.wikidata.org/entity/Q28902338,0,251,,,
MAR,Marrocos,Q28884218,http://www.wikidata.org/entity/Q28902338,0,1292,,,
MAR,Marrocos,Q28884219,http://www.wikidata.org/entity/Q28902338,0,290,,,
MAR,Marrocos,Q28884216,http://www.wikidata.org/entity/Q28902338,0,749,,,
MAR,Marrocos,Q28884217,http://www.wikidata.org/entity/Q28902338,0,361,,,
MAR,Marrocos,Q28884220,http://www.wikidata.org/entity/Q28902221,0,709,,,
MAR,Marrocos,Q28884221,http://www.wikidata.org/entity/Q28902221,0,402,,,
MAR,Marrocos,Q28884226,http://www.wikidata.org/entity/Q28902221,0,678,,,
MAR,Marrocos,Q28884224,http://www.wikidata.org/entity/Q28902221,0,777,,,
MAR,Marrocos,Q28884230,http://www.wikidata.org/entity/Q28902221,0,599,,,
MAR,Marrocos,Q28884228,http://www.wikidata.org/entity/Q28902221,0,188,,,
MAR,Marrocos,Q28884229,http://www.wikidata.org/entity/Q28902221,0,340,,,
MAR,Marrocos,Q28884234,http://www.wikidata.org/entity/Q28902347,0,1466,,,
MAR,Marrocos,Q28884232,http://www.wikidata.org/entity/Q28902347,0,227,,,
MAR,Marrocos,Q28884237,http://www.wikidata.org/entity/Q28902347,0,676,,,
MAR,Marrocos,Q28884242,http://www.wikidata.org/entity/Q28902346,0,909,,,
MAR,Marrocos,Q28884243,http://www.wikidata.org/entity/Q28902346,0,368,,,
MAR,Marrocos,Q28884240,http://www.wikidata.org/entity/Q28902346,0,374,,,
MAR,Marrocos,Q28884241,http://www.wikidata.org/entity/Q28902346,0,1598,,,
MAR,Marrocos,Q28884247,http://www.wikidata.org/entity/Q28902275,0,841,,,
MAR,Marrocos,Q28884245,http://www.wikidata.org/entity/Q28902275,0,699,,,
MAR,Marrocos,Q28884250,http://www.wikidata.org/entity/Q28902275,0,637,,,
MAR,Marrocos,Q28884251,http://www.wikidata.org/entity/Q28902275,0,640,,,
MAR,Marrocos,Q28884248,http://www.wikidata.org/entity/Q28902275,0,839,,,
MAR,Marrocos,Q28884249,http://www.wikidata.org/entity/Q28902275,0,307,,,
MAR,Marrocos,Q28884255,http://www.wikidata.org/entity/Q28902275,0,277,,,
MAR,Marrocos,Q28884252,http://www.wikidata.org/entity/Q28902275,0,1023,,,
MAR,Marrocos,Q28884259,http://www.wikidata.org/entity/Q28902275,0,278,,,
MAR,Marrocos,Q28884256,http://www.wikidata.org/entity/Q28902275,0,328,,,
MAR,Marrocos,Q28884257,http://www.wikidata.org/entity/Q28902275,0,624,,,
MAR,Marrocos,Q28884263,http://www.wikidata.org/entity/Q28902238,0,460,,,
MAR,Marrocos,Q28881001,http://www.wikidata.org/entity/Q28875539,0,29,,,
MAR,Marrocos,Q28881007,http://www.wikidata.org/entity/Q28875549,0,152,,,
MAR,Marrocos,Q28881004,http://www.wikidata.org/entity/Q28889820,0,508,,,
MAR,Marrocos,Q28881005,http://www.wikidata.org/entity/Q28875549,0,240,,,
MAR,Marrocos,Q28881010,http://www.wikidata.org/entity/Q28875549,0,57,,,
MAR,Marrocos,Q28881011,http://www.wikidata.org/entity/Q28875549,0,9,,,
MAR,Marrocos,Q28881008,http://www.wikidata.org/entity/Q28875549,0,79,,,
MAR,Marrocos,Q28881009,http://www.wikidata.org/entity/Q28875549,0,88,,,
MAR,Marrocos,Q28881015,http://www.wikidata.org/entity/Q28875549,0,100,,,
MAR,Marrocos,Q28881012,http://www.wikidata.org/entity/Q28875549,0,71,,,
MAR,Marrocos,Q28881013,http://www.wikidata.org/entity/Q28875549,0,196,,,
MAR,Marrocos,Q28881018,http://www.wikidata.org/entity/Q1300325,0,11,,,
MAR,Marrocos,Q28881019,http://www.wikidata.org/entity/Q28875570,0,1264,,,
MAR,Marrocos,Q28881016,http://www.wikidata.org/entity/Q28875549,0,73,,,
MAR,Marrocos,Q28881017,http://www.wikidata.org/entity/Q28908140,0,731,,,
MAR,Marrocos,Q28881023,http://www.wikidata.org/entity/Q28890783,0,730,,,
MAR,Marrocos,Q28881020,http://www.wikidata.org/entity/Q28890783,0,1214,,,
MAR,Marrocos,Q28881021,http://www.wikidata.org/entity/Q28890783,0,753,,,
MAR,Marrocos,Q28881142,http://www.wikidata.org/entity/Q28890086,0,768,,,
MAR,Marrocos,Q28881143,http://www.wikidata.org/entity/Q28890086,0,714,,,
MAR,Marrocos,Q28881147,http://www.wikidata.org/entity/Q28890086,0,842,,,
MAR,Marrocos,Q28881144,http://www.wikidata.org/entity/Q28890086,0,1089,,,
MAR,Marrocos,Q28881145,http://www.wikidata.org/entity/Q28890086,0,401,,,
MAR,Marrocos,Q28881150,http://www.wikidata.org/entity/Q28890086,0,733,,,
MAR,Marrocos,Q28881151,http://www.wikidata.org/entity/Q28890086,0,425,,,
MAR,Marrocos,Q28881148,http://www.wikidata.org/entity/Q28890086,0,534,,,
MAR,Marrocos,Q28881149,http://www.wikidata.org/entity/Q28890086,0,406,,,
MAR,Marrocos,Q28881155,http://www.wikidata.org/entity/Q28892527,0,221,,,
MAR,Marrocos,Q28881152,http://www.wikidata.org/entity/Q28892527,0,424,,,
MAR,Marrocos,Q28881153,http://www.wikidata.org/entity/Q28892527,0,189,,,
MAR,Marrocos,Q28881158,http://www.wikidata.org/entity/Q28890156,0,393,,,
MAR,Marrocos,Q28881159,http://www.wikidata.org/entity/Q28890156,0,430,,,
MAR,Marrocos,Q28881156,http://www.wikidata.org/entity/Q28892527,0,391,,,
MAR,Marrocos,Q28881157,http://www.wikidata.org/entity/Q28892527,0,689,,,
MAR,Marrocos,Q28881162,http://www.wikidata.org/entity/Q28890156,0,385,,,
MAR,Marrocos,Q28881163,http://www.wikidata.org/entity/Q28890156,0,356,,,
MAR,Marrocos,Q28881160,http://www.wikidata.org/entity/Q28890156,0,574,,,
MAR,Marrocos,Q28881161,http://www.wikidata.org/entity/Q28890156,0,319,,,
MAR,Marrocos,Q28881166,http://www.wikidata.org/entity/Q28891849,0,1574,,,
MAR,Marrocos,Q28881167,http://www.wikidata.org/entity/Q28891849,0,2218,,,
MAR,Marrocos,Q28881164,http://www.wikidata.org/entity/Q28890156,0,370,,,
MAR,Marrocos,Q28881165,http://www.wikidata.org/entity/Q28890156,0,572,,,
MAR,Marrocos,Q28881170,http://www.wikidata.org/entity/Q28897436,0,1351,,,
MAR,Marrocos,Q28881171,http://www.wikidata.org/entity/Q28907254,0,2557,,,
MAR,Marrocos,Q28881168,http://www.wikidata.org/entity/Q28897436,0,1135,,,
MAR,Marrocos,Q28881169,http://www.wikidata.org/entity/Q28897436,0,852,,,
MAR,Marrocos,Q28881174,http://www.wikidata.org/entity/Q28891947,0,820,,,
MAR,Marrocos,Q28881175,http://www.wikidata.org/entity/Q28891947,0,138,,,
MAR,Marrocos,Q28881172,http://www.wikidata.org/entity/Q28903343,0,1428,,,
MAR,Marrocos,Q28881178,http://www.wikidata.org/entity/Q28891947,0,905,,,
MAR,Marrocos,Q28881179,http://www.wikidata.org/entity/Q28896376,0,784,,,
MAR,Marrocos,Q28881177,http://www.wikidata.org/entity/Q28891947,0,262,,,
MAR,Marrocos,Q28881182,http://www.wikidata.org/entity/Q28896376,0,360,,,
MAR,Marrocos,Q28881183,http://www.wikidata.org/entity/Q28891503,0,1077,,,
MAR,Marrocos,Q28881180,http://www.wikidata.org/entity/Q28896376,0,822,,,
MAR,Marrocos,Q28881181,http://www.wikidata.org/entity/Q28896376,0,882,,,
MAR,Marrocos,Q28881186,http://www.wikidata.org/entity/Q28890208,0,236,,,
MAR,Marrocos,Q28881184,http://www.wikidata.org/entity/Q28892624,0,960,,,
MAR,Marrocos,Q28881283,http://www.wikidata.org/entity/Q28902786,0,191,,,
MAR,Marrocos,Q28881280,http://www.wikidata.org/entity/Q28891143,0,128,,,
MAR,Marrocos,Q28881281,http://www.wikidata.org/entity/Q28902786,0,755,,,
MAR,Marrocos,Q28881294,http://www.wikidata.org/entity/Q28901034,0,143,,,
MAR,Marrocos,Q28881295,http://www.wikidata.org/entity/Q28901034,0,73,,,
MAR,Marrocos,Q28881296,http://www.wikidata.org/entity/Q28901034,0,1088,,,
MAR,Marrocos,Q28881478,http://www.wikidata.org/entity/Q28891781,0,493,,,
MAR,Marrocos,Q28881479,http://www.wikidata.org/entity/Q28891781,0,636,,,
MAR,Marrocos,Q28881476,http://www.wikidata.org/entity/Q28891781,0,566,,,
MAR,Marrocos,Q28881482,http://www.wikidata.org/entity/Q28891781,0,559,,,
MAR,Marrocos,Q28881480,http://www.wikidata.org/entity/Q28891781,0,719,,,
MAR,Marrocos,Q28881486,http://www.wikidata.org/entity/Q28890122,0,163,,,
MAR,Marrocos,Q28881487,http://www.wikidata.org/entity/Q28890122,0,152,,,
MAR,Marrocos,Q28881485,http://www.wikidata.org/entity/Q28890122,0,197,,,
MAR,Marrocos,Q28881490,http://www.wikidata.org/entity/Q28890122,0,357,,,
MAR,Marrocos,Q28881491,http://www.wikidata.org/entity/Q28890122,0,164,,,
MAR,Marrocos,Q28881488,http://www.wikidata.org/entity/Q28890122,0,128,,,
MAR,Marrocos,Q28881489,http://www.wikidata.org/entity/Q28890122,0,355,,,
MAR,Marrocos,Q28881492,http://www.wikidata.org/entity/Q28890122,0,215,,,
MAR,Marrocos,Q28881493,http://www.wikidata.org/entity/Q28890122,0,623,,,
MAR,Marrocos,Q28881598,http://www.wikidata.org/entity/Q28890127,0,317,,,
MAR,Marrocos,Q28881596,http://www.wikidata.org/entity/Q28890127,0,290,,,
MAR,Marrocos,Q28881597,http://www.wikidata.org/entity/Q28890127,0,740,,,
MAR,Marrocos,Q28881600,http://www.wikidata.org/entity/Q28890127,0,481,,,
MAR,Marrocos,Q28881601,http://www.wikidata.org/entity/Q28890127,0,351,,,
MAR,Marrocos,Q28882015,http://www.wikidata.org/entity/Q28882028,0,499,,,
MAR,Marrocos,Q28882022,http://www.wikidata.org/entity/Q28882357,0,477,,,
MAR,Marrocos,Q28882021,http://www.wikidata.org/entity/Q28882305,0,577,,,
MAR,Marrocos,Q28882027,http://www.wikidata.org/entity/Q28881953,0,214,,,
MAR,Marrocos,Q28882024,http://www.wikidata.org/entity/Q28882360,0,647,,,
MAR,Marrocos,Q28882025,http://www.wikidata.org/entity/Q28882040,0,539,,,
MAR,Marrocos,Q28882029,http://www.wikidata.org/entity/Q28881921,0,657,,,
MAR,Marrocos,Q28882034,http://www.wikidata.org/entity/Q28881807,0,299,,,
MAR,Marrocos,Q28882035,http://www.wikidata.org/entity/Q28882360,0,459,,,
MAR,Marrocos,Q28882032,http://www.wikidata.org/entity/Q28881812,0,70,,,
MAR,Marrocos,Q28882033,http://www.wikidata.org/entity/Q28882107,0,28,,,
MAR,Marrocos,Q28882038,http://www.wikidata.org/entity/Q28881974,0,1711,,,
MAR,Marrocos,Q28882039,http://www.wikidata.org/entity/Q28881942,0,190,,,
MAR,Marrocos,Q28882036,http://www.wikidata.org/entity/Q28881953,0,193,,,
MAR,Marrocos,Q28882106,http://www.wikidata.org/entity/Q28881933,0,710,,,
MAR,Marrocos,Q28882104,http://www.wikidata.org/entity/Q28905893,0,476,,,
MAR,Marrocos,Q28882105,http://www.wikidata.org/entity/Q28881868,0,2267,,,
MAR,Marrocos,Q28884260,http://www.wikidata.org/entity/Q28902275,0,758,,,
MAR,Marrocos,Q28884261,http://www.wikidata.org/entity/Q28902238,0,89,,,
MAR,Marrocos,Q28884264,http://www.wikidata.org/entity/Q28902238,0,578,,,
MAR,Marrocos,Q28884265,http://www.wikidata.org/entity/Q28902238,0,343,,,
MAR,Marrocos,Q28884268,http://www.wikidata.org/entity/Q28899114,0,210,,,
MAR,Marrocos,Q28884334,http://www.wikidata.org/entity/Q28902544,0,766,,,
MAR,Marrocos,Q28884335,http://www.wikidata.org/entity/Q28902544,0,382,,,
MAR,Marrocos,Q28884332,http://www.wikidata.org/entity/Q28902544,0,217,,,
MAR,Marrocos,Q28884333,http://www.wikidata.org/entity/Q28902544,0,178,,,
MAR,Marrocos,Q28884338,http://www.wikidata.org/entity/Q28902544,0,303,,,
MAR,Marrocos,Q28884339,http://www.wikidata.org/entity/Q28902544,0,54,,,
MAR,Marrocos,Q28884336,http://www.wikidata.org/entity/Q28902544,0,340,,,
MAR,Marrocos,Q28884342,http://www.wikidata.org/entity/Q28902544,0,88,,,
MAR,Marrocos,Q28884340,http://www.wikidata.org/entity/Q28902544,0,161,,,
MAR,Marrocos,Q28884346,http://www.wikidata.org/entity/Q28906855,0,348,,,
MAR,Marrocos,Q28884347,http://www.wikidata.org/entity/Q28906855,0,359,,,
MAR,Marrocos,Q28884344,http://www.wikidata.org/entity/Q28906855,0,174,,,
MAR,Marrocos,Q28884345,http://www.wikidata.org/entity/Q28906855,0,239,,,
MAR,Marrocos,Q28884350,http://www.wikidata.org/entity/Q28906855,0,603,,,
MAR,Marrocos,Q28884348,http://www.wikidata.org/entity/Q28906855,0,315,,,
MAR,Marrocos,Q28884354,http://www.wikidata.org/entity/Q28906855,0,479,,,
MAR,Marrocos,Q28884355,http://www.wikidata.org/entity/Q28894976,0,9,,,
MAR,Marrocos,Q28884352,http://www.wikidata.org/entity/Q28906855,0,135,,,
MAR,Marrocos,Q28884353,http://www.wikidata.org/entity/Q28906855,0,160,,,
MAR,Marrocos,Q28884358,http://www.wikidata.org/entity/Q28902178,0,401,,,
MAR,Marrocos,Q28884359,http://www.wikidata.org/entity/Q28902178,0,159,,,
MAR,Marrocos,Q28884362,http://www.wikidata.org/entity/Q28902178,0,88,,,
MAR,Marrocos,Q28884361,http://www.wikidata.org/entity/Q28902178,0,177,,,
MAR,Marrocos,Q28884367,http://www.wikidata.org/entity/Q28902178,0,411,,,
MAR,Marrocos,Q28884364,http://www.wikidata.org/entity/Q28902178,0,94,,,
MAR,Marrocos,Q28884370,http://www.wikidata.org/entity/Q28902923,0,195,,,
MAR,Marrocos,Q28884371,http://www.wikidata.org/entity/Q28902923,0,282,,,
MAR,Marrocos,Q28884368,http://www.wikidata.org/entity/Q28902178,0,84,,,
MAR,Marrocos,Q28884369,http://www.wikidata.org/entity/Q28902923,0,117,,,
MAR,Marrocos,Q28884374,http://www.wikidata.org/entity/Q28902923,0,308,,,
MAR,Marrocos,Q28884375,http://www.wikidata.org/entity/Q28902923,0,131,,,
MAR,Marrocos,Q28884373,http://www.wikidata.org/entity/Q28902923,0,87,,,
MAR,Marrocos,Q28884378,http://www.wikidata.org/entity/Q28902923,0,164,,,
MAR,Marrocos,Q28884379,http://www.wikidata.org/entity/Q28902923,0,216,,,
MAR,Marrocos,Q28884377,http://www.wikidata.org/entity/Q28902923,0,109,,,
MAR,Marrocos,Q28884383,http://www.wikidata.org/entity/Q28902923,0,196,,,
MAR,Marrocos,Q28884380,http://www.wikidata.org/entity/Q28902923,0,334,,,
MAR,Marrocos,Q28884381,http://www.wikidata.org/entity/Q28902923,0,194,,,
MAR,Marrocos,Q28884386,http://www.wikidata.org/entity/Q28904737,0,1632,,,
MAR,Marrocos,Q28884387,http://www.wikidata.org/entity/Q28904737,0,294,,,
MAR,Marrocos,Q28884390,http://www.wikidata.org/entity/Q28901455,0,313,,,
MAR,Marrocos,Q28884394,http://www.wikidata.org/entity/Q28902410,0,549,,,
MAR,Marrocos,Q28884395,http://www.wikidata.org/entity/Q28902410,0,448,,,
MAR,Marrocos,Q28884392,http://www.wikidata.org/entity/Q28902410,0,390,,,
MAR,Marrocos,Q28884393,http://www.wikidata.org/entity/Q28902410,0,228,,,
MAR,Marrocos,Q28884398,http://www.wikidata.org/entity/Q28902410,0,315,,,
MAR,Marrocos,Q28884399,http://www.wikidata.org/entity/Q28902410,0,87,,,
MAR,Marrocos,Q28884397,http://www.wikidata.org/entity/Q28902410,0,150,,,
MAR,Marrocos,Q28884400,http://www.wikidata.org/entity/Q28901479,0,540,,,
MAR,Marrocos,Q28884401,http://www.wikidata.org/entity/Q28901479,0,377,,,
MAR,Marrocos,Q28884406,http://www.wikidata.org/entity/Q28902420,0,233,,,
MAR,Marrocos,Q28884404,http://www.wikidata.org/entity/Q28901479,0,884,,,
MAR,Marrocos,Q28884410,http://www.wikidata.org/entity/Q28902420,0,260,,,
MAR,Marrocos,Q28884411,http://www.wikidata.org/entity/Q28902420,0,237,,,
MAR,Marrocos,Q28884408,http://www.wikidata.org/entity/Q28902420,0,10,,,
MAR,Marrocos,Q28884409,http://www.wikidata.org/entity/Q28902420,0,152,,,
MAR,Marrocos,Q28884412,http://www.wikidata.org/entity/Q28902420,0,112,,,
MAR,Marrocos,Q28884413,http://www.wikidata.org/entity/Q28902420,0,718,,,
MAR,Marrocos,Q28884434,http://www.wikidata.org/entity/Q28897394,0,641,,,
MAR,Marrocos,Q28884435,http://www.wikidata.org/entity/Q28902109,0,1012,,,
MAR,Marrocos,Q28884438,http://www.wikidata.org/entity/Q28902109,0,101,,,
MAR,Marrocos,Q28884439,http://www.wikidata.org/entity/Q28902109,0,327,,,
MAR,Marrocos,Q28884436,http://www.wikidata.org/entity/Q28902109,0,286,,,
MAR,Marrocos,Q28884437,http://www.wikidata.org/entity/Q28902109,0,336,,,
MAR,Marrocos,Q28884442,http://www.wikidata.org/entity/Q28902109,0,197,,,
MAR,Marrocos,Q28884443,http://www.wikidata.org/entity/Q28902134,0,1760,,,
MAR,Marrocos,Q28884440,http://www.wikidata.org/entity/Q28902109,0,269,,,
MAR,Marrocos,Q28884446,http://www.wikidata.org/entity/Q28902134,0,1212,,,
MAR,Marrocos,Q28884447,http://www.wikidata.org/entity/Q28902134,0,382,,,
MAR,Marrocos,Q28884444,http://www.wikidata.org/entity/Q28902134,0,179,,,
MAR,Marrocos,Q28884445,http://www.wikidata.org/entity/Q28902134,0,113,,,
MAR,Marrocos,Q28884450,http://www.wikidata.org/entity/Q28910126,0,529,,,
MAR,Marrocos,Q28884448,http://www.wikidata.org/entity/Q28910126,0,1309,,,
MAR,Marrocos,Q28884449,http://www.wikidata.org/entity/Q28910126,0,762,,,
MAR,Marrocos,Q28884454,http://www.wikidata.org/entity/Q28910126,0,354,,,
MAR,Marrocos,Q28884452,http://www.wikidata.org/entity/Q28910126,0,475,,,
MAR,Marrocos,Q28884453,http://www.wikidata.org/entity/Q28910126,0,823,,,
MAR,Marrocos,Q28884499,http://www.wikidata.org/entity/Q28902196,0,810,,,
MAR,Marrocos,Q28884502,http://www.wikidata.org/entity/Q28902196,0,301,,,
MAR,Marrocos,Q28884503,http://www.wikidata.org/entity/Q28901454,0,347,,,
MAR,Marrocos,Q28884500,http://www.wikidata.org/entity/Q28907567,0,140,,,
MAR,Marrocos,Q28884501,http://www.wikidata.org/entity/Q28902196,0,114,,,
MAR,Marrocos,Q28884506,http://www.wikidata.org/entity/Q28902196,0,297,,,
MAR,Marrocos,Q28884504,http://www.wikidata.org/entity/Q28902196,0,238,,,
MAR,Marrocos,Q28884505,http://www.wikidata.org/entity/Q28902196,0,178,,,
MAR,Marrocos,Q28884510,http://www.wikidata.org/entity/Q28902184,0,1094,,,
MAR,Marrocos,Q28884511,http://www.wikidata.org/entity/Q28902184,0,475,,,
MAR,Marrocos,Q28884508,http://www.wikidata.org/entity/Q28902196,0,515,,,
MAR,Marrocos,Q28884509,http://www.wikidata.org/entity/Q28902196,0,544,,,
MAR,Marrocos,Q28884515,http://www.wikidata.org/entity/Q28902467,0,138,,,
MAR,Marrocos,Q28884512,http://www.wikidata.org/entity/Q28902184,0,289,,,
MAR,Marrocos,Q28884513,http://www.wikidata.org/entity/Q28902184,0,382,,,
MAR,Marrocos,Q28884518,http://www.wikidata.org/entity/Q28902467,0,180,,,
MAR,Marrocos,Q28884519,http://www.wikidata.org/entity/Q28902467,0,144,,,
MAR,Marrocos,Q28884517,http://www.wikidata.org/entity/Q28902467,0,329,,,
MAR,Marrocos,Q28884522,http://www.wikidata.org/entity/Q28902467,0,239,,,
MAR,Marrocos,Q28884523,http://www.wikidata.org/entity/Q28902467,0,483,,,
MAR,Marrocos,Q28884520,http://www.wikidata.org/entity/Q28902467,0,98,,,
MAR,Marrocos,Q28884524,http://www.wikidata.org/entity/Q28901454,0,240,,,
MAR,Marrocos,Q28884525,http://www.wikidata.org/entity/Q28902150,0,268,,,
MAR,Marrocos,Q28884530,http://www.wikidata.org/entity/Q28902150,0,278,,,
MAR,Marrocos,Q28884531,http://www.wikidata.org/entity/Q28902150,0,205,,,
MAR,Marrocos,Q28884528,http://www.wikidata.org/entity/Q28902150,0,105,,,
MAR,Marrocos,Q28884529,http://www.wikidata.org/entity/Q28902150,0,192,,,
MAR,Marrocos,Q28884532,http://www.wikidata.org/entity/Q28902150,0,272,,,
MAR,Marrocos,Q28884533,http://www.wikidata.org/entity/Q28902150,0,190,,,
MAR,Marrocos,Q28884539,http://www.wikidata.org/entity/Q28902431,0,129,,,
MAR,Marrocos,Q28884536,http://www.wikidata.org/entity/Q28902431,0,609,,,
MAR,Marrocos,Q28884537,http://www.wikidata.org/entity/Q28902431,0,492,,,
MAR,Marrocos,Q28884540,http://www.wikidata.org/entity/Q28902431,0,144,,,
MAR,Marrocos,Q28884541,http://www.wikidata.org/entity/Q28902431,0,121,,,
MAR,Marrocos,Q28884547,http://www.wikidata.org/entity/Q28901454,0,72,,,
MAR,Marrocos,Q28884544,http://www.wikidata.org/entity/Q28902132,0,150,,,
MAR,Marrocos,Q28884545,http://www.wikidata.org/entity/Q28902132,0,549,,,
MAR,Marrocos,Q28884548,http://www.wikidata.org/entity/Q28905680,0,46,,,
MAR,Marrocos,Q28884549,http://www.wikidata.org/entity/Q28902157,0,902,,,
MAR,Marrocos,Q28884552,http://www.wikidata.org/entity/Q28892655,0,270,,,
MAR,Marrocos,Q28884556,http://www.wikidata.org/entity/Q28893620,0,1668,,,
MAR,Marrocos,Q28884563,http://www.wikidata.org/entity/Q28902263,0,758,,,
MAR,Marrocos,Q28884567,http://www.wikidata.org/entity/Q28902263,0,431,,,
MAR,Marrocos,Q28884564,http://www.wikidata.org/entity/Q28902263,0,364,,,
MAR,Marrocos,Q28884565,http://www.wikidata.org/entity/Q28902263,0,105,,,
MAR,Marrocos,Q28884570,http://www.wikidata.org/entity/Q28902414,0,1073,,35.3554,-5.1318
MAR,Marrocos,Q28884568,http://www.wikidata.org/entity/Q28902414,0,1738,,,
MAR,Marrocos,Q28884569,http://www.wikidata.org/entity/Q28902414,0,442,,,
MAR,Marrocos,Q28884574,http://www.wikidata.org/entity/Q28902414,0,212,,,
MAR,Marrocos,Q28884575,http://www.wikidata.org/entity/Q28902414,0,144,,,
MAR,Marrocos,Q28884572,http://www.wikidata.org/entity/Q28902414,0,482,,,
MAR,Marrocos,Q28884573,http://www.wikidata.org/entity/Q28902414,0,255,,,
MAR,Marrocos,Q28884578,http://www.wikidata.org/entity/Q28902273,0,176,,,
MAR,Marrocos,Q28884576,http://www.wikidata.org/entity/Q28902414,0,93,,,
MAR,Marrocos,Q28884602,http://www.wikidata.org/entity/Q28902357,0,169,,,
MAR,Marrocos,Q28884603,http://www.wikidata.org/entity/Q28902357,0,134,,,
MAR,Marrocos,Q28884601,http://www.wikidata.org/entity/Q28902357,0,166,,,
MAR,Marrocos,Q28884607,http://www.wikidata.org/entity/Q28902997,0,235,,,
MAR,Marrocos,Q28884604,http://www.wikidata.org/entity/Q28902357,0,380,,,
MAR,Marrocos,Q28884605,http://www.wikidata.org/entity/Q28902997,0,375,,,
MAR,Marrocos,Q28884610,http://www.wikidata.org/entity/Q28907909,0,46,,,
MAR,Marrocos,Q28884611,http://www.wikidata.org/entity/Q28907909,0,43,,,
MAR,Marrocos,Q28884608,http://www.wikidata.org/entity/Q28902997,0,1196,,,
MAR,Marrocos,Q28884609,http://www.wikidata.org/entity/Q28907909,0,158,,,
MAR,Marrocos,Q28884614,http://www.wikidata.org/entity/Q28907909,0,180,,,
MAR,Marrocos,Q28884615,http://www.wikidata.org/entity/Q28907909,0,129,,,
MAR,Marrocos,Q28884613,http://www.wikidata.org/entity/Q28907909,0,434,,,
MAR,Marrocos,Q28884618,http://www.wikidata.org/entity/Q28907909,0,75,,,
MAR,Marrocos,Q28884616,http://www.wikidata.org/entity/Q28907909,0,33,,,
MAR,Marrocos,Q28884617,http://www.wikidata.org/entity/Q28907909,0,699,,,
MAR,Marrocos,Q28884623,http://www.wikidata.org/entity/Q28902259,0,128,,,
MAR,Marrocos,Q28884620,http://www.wikidata.org/entity/Q28902259,0,457,,,
MAR,Marrocos,Q28884621,http://www.wikidata.org/entity/Q28902259,0,244,,,
MAR,Marrocos,Q28884630,http://www.wikidata.org/entity/Q28902259,0,869,,,
MAR,Marrocos,Q28884628,http://www.wikidata.org/entity/Q28902259,0,868,,,
MAR,Marrocos,Q28884629,http://www.wikidata.org/entity/Q28902259,0,47,,,
MAR,Marrocos,Q28884632,http://www.wikidata.org/entity/Q28902259,0,38,,,
MAR,Marrocos,Q28884638,http://www.wikidata.org/entity/Q28902464,0,95,,,
MAR,Marrocos,Q28884639,http://www.wikidata.org/entity/Q28902464,0,126,,,
MAR,Marrocos,Q28884636,http://www.wikidata.org/entity/Q28902464,0,46,,,
MAR,Marrocos,Q28884637,http://www.wikidata.org/entity/Q28902464,0,208,,,
MAR,Marrocos,Q28884643,http://www.wikidata.org/entity/Q28902464,0,204,,,
MAR,Marrocos,Q28884641,http://www.wikidata.org/entity/Q28902464,0,242,,,
MAR,Marrocos,Q28884644,http://www.wikidata.org/entity/Q28902464,0,108,,,
MAR,Marrocos,Q28884645,http://www.wikidata.org/entity/Q28902464,0,56,,,
MAR,Marrocos,Q28884651,http://www.wikidata.org/entity/Q28902463,0,260,,,
MAR,Marrocos,Q28884648,http://www.wikidata.org/entity/Q28902463,0,126,,,
MAR,Marrocos,Q28884649,http://www.wikidata.org/entity/Q28902463,0,1243,,,
MAR,Marrocos,Q28884655,http://www.wikidata.org/entity/Q28902463,0,183,,,
MAR,Marrocos,Q28884652,http://www.wikidata.org/entity/Q28908293,0,109,,,
MAR,Marrocos,Q28884653,http://www.wikidata.org/entity/Q28902463,0,338,,,
MAR,Marrocos,Q28884658,http://www.wikidata.org/entity/Q28903007,0,260,,,
MAR,Marrocos,Q28884659,http://www.wikidata.org/entity/Q28909260,0,150,,,
MAR,Marrocos,Q28884656,http://www.wikidata.org/entity/Q28909260,0,310,,,
MAR,Marrocos,Q28884662,http://www.wikidata.org/entity/Q28909260,0,295,,,
MAR,Marrocos,Q28884663,http://www.wikidata.org/entity/Q28909260,0,850,,,
MAR,Marrocos,Q28884660,http://www.wikidata.org/entity/Q28909260,0,273,,,
MAR,Marrocos,Q28884661,http://www.wikidata.org/entity/Q28909260,0,146,,,
MAR,Marrocos,Q28884667,http://www.wikidata.org/entity/Q28909260,0,496,,,
MAR,Marrocos,Q28884665,http://www.wikidata.org/entity/Q28909260,0,435,,,
MAR,Marrocos,Q28884675,http://www.wikidata.org/entity/Q28902241,0,414,,,
MAR,Marrocos,Q28884673,http://www.wikidata.org/entity/Q28902241,0,342,,,
MAR,Marrocos,Q28884678,http://www.wikidata.org/entity/Q28902241,0,299,,,
MAR,Marrocos,Q28884679,http://www.wikidata.org/entity/Q28902241,0,375,,,
MAR,Marrocos,Q28884676,http://www.wikidata.org/entity/Q28902241,0,472,,,
MAR,Marrocos,Q28884677,http://www.wikidata.org/entity/Q28902241,0,195,,,
MAR,Marrocos,Q28884682,http://www.wikidata.org/entity/Q28902241,0,233,,,
MAR,Marrocos,Q28884683,http://www.wikidata.org/entity/Q28902241,0,433,,,
MAR,Marrocos,Q28884680,http://www.wikidata.org/entity/Q28902241,0,116,,,
MAR,Marrocos,Q28884681,http://www.wikidata.org/entity/Q28902241,0,423,,,
MAR,Marrocos,Q28884686,http://www.wikidata.org/entity/Q28894809,0,716,,,
MAR,Marrocos,Q28884687,http://www.wikidata.org/entity/Q28894809,0,377,,,
MAR,Marrocos,Q28884685,http://www.wikidata.org/entity/Q28900475,0,893,,,
MAR,Marrocos,Q28884690,http://www.wikidata.org/entity/Q28894809,0,62,,,
MAR,Marrocos,Q28884691,http://www.wikidata.org/entity/Q28894809,0,103,,,
MAR,Marrocos,Q28884688,http://www.wikidata.org/entity/Q28894809,0,238,,,
MAR,Marrocos,Q28884689,http://www.wikidata.org/entity/Q28894809,0,100,,,
MAR,Marrocos,Q28884694,http://www.wikidata.org/entity/Q28894809,0,517,,,
MAR,Marrocos,Q28885830,http://www.wikidata.org/entity/Q28902994,0,113,,,
MAR,Marrocos,Q28885831,http://www.wikidata.org/entity/Q28902994,0,466,,,
MAR,Marrocos,Q28885828,http://www.wikidata.org/entity/Q28902994,0,486,,,
MAR,Marrocos,Q28885834,http://www.wikidata.org/entity/Q28902994,0,658,,,
MAR,Marrocos,Q28885832,http://www.wikidata.org/entity/Q28902994,0,180,,,
MAR,Marrocos,Q28885833,http://www.wikidata.org/entity/Q28902994,0,1032,,,
MAR,Marrocos,Q28885839,http://www.wikidata.org/entity/Q28902985,0,166,,,
MAR,Marrocos,Q28885837,http://www.wikidata.org/entity/Q28902985,0,477,,,
MAR,Marrocos,Q28885843,http://www.wikidata.org/entity/Q28902985,0,155,,,
MAR,Marrocos,Q28885840,http://www.wikidata.org/entity/Q28902985,0,52,,,
MAR,Marrocos,Q28885841,http://www.wikidata.org/entity/Q28902985,0,106,,,
MAR,Marrocos,Q28885844,http://www.wikidata.org/entity/Q28902985,0,140,,,
MAR,Marrocos,Q28885845,http://www.wikidata.org/entity/Q28902985,0,212,,,
MAR,Marrocos,Q28885850,http://www.wikidata.org/entity/Q28902985,0,324,,,
MAR,Marrocos,Q28885851,http://www.wikidata.org/entity/Q28902985,0,1539,,,
MAR,Marrocos,Q28885848,http://www.wikidata.org/entity/Q28902985,0,190,,,
MAR,Marrocos,Q28885854,http://www.wikidata.org/entity/Q28901806,0,166,,,
MAR,Marrocos,Q28885855,http://www.wikidata.org/entity/Q28901806,0,153,,,
MAR,Marrocos,Q28885852,http://www.wikidata.org/entity/Q28901806,0,164,,,
MAR,Marrocos,Q28885853,http://www.wikidata.org/entity/Q28901806,0,591,,,
MAR,Marrocos,Q28885858,http://www.wikidata.org/entity/Q28901806,0,219,,,
MAR,Marrocos,Q28885856,http://www.wikidata.org/entity/Q28901806,0,155,,,
MAR,Marrocos,Q28885857,http://www.wikidata.org/entity/Q28901806,0,349,,,
MAR,Marrocos,Q28885862,http://www.wikidata.org/entity/Q28901806,0,188,,,
MAR,Marrocos,Q28885860,http://www.wikidata.org/entity/Q28901806,0,113,,,
MAR,Marrocos,Q28885867,http://www.wikidata.org/entity/Q28901806,0,410,,,
MAR,Marrocos,Q28885869,http://www.wikidata.org/entity/Q28901806,0,198,,,
MAR,Marrocos,Q28885874,http://www.wikidata.org/entity/Q28901520,0,141,,,
MAR,Marrocos,Q28885872,http://www.wikidata.org/entity/Q28901806,0,130,,,
MAR,Marrocos,Q28885878,http://www.wikidata.org/entity/Q28901520,0,351,,,
MAR,Marrocos,Q28885879,http://www.wikidata.org/entity/Q28901520,0,126,,,
MAR,Marrocos,Q28885876,http://www.wikidata.org/entity/Q28901520,0,342,,,
MAR,Marrocos,Q28885882,http://www.wikidata.org/entity/Q28901520,0,1019,,,
MAR,Marrocos,Q28885927,http://www.wikidata.org/entity/Q28893201,0,56,,,
MAR,Marrocos,Q28885930,http://www.wikidata.org/entity/Q28893201,0,21,,,
MAR,Marrocos,Q28885931,http://www.wikidata.org/entity/Q28893201,0,72,,,
MAR,Marrocos,Q28885928,http://www.wikidata.org/entity/Q28893201,0,97,,,
MAR,Marrocos,Q28885929,http://www.wikidata.org/entity/Q28893201,0,31,,,
MAR,Marrocos,Q28885934,http://www.wikidata.org/entity/Q28905381,0,27,,,
MAR,Marrocos,Q28885932,http://www.wikidata.org/entity/Q28893201,0,63,,,
MAR,Marrocos,Q28885933,http://www.wikidata.org/entity/Q28905381,0,65,,,
MAR,Marrocos,Q28885938,http://www.wikidata.org/entity/Q28905381,0,10,,,
MAR,Marrocos,Q28885936,http://www.wikidata.org/entity/Q28905381,0,22,,,
MAR,Marrocos,Q28885937,http://www.wikidata.org/entity/Q28905381,0,38,,,
MAR,Marrocos,Q28885942,http://www.wikidata.org/entity/Q28905381,0,84,,,
MAR,Marrocos,Q28885943,http://www.wikidata.org/entity/Q28905381,0,7,,,
MAR,Marrocos,Q28885940,http://www.wikidata.org/entity/Q28905381,0,6,,,
MAR,Marrocos,Q28885947,http://www.wikidata.org/entity/Q28905935,0,76,,,
MAR,Marrocos,Q28885944,http://www.wikidata.org/entity/Q28905935,0,74,,,
MAR,Marrocos,Q28885950,http://www.wikidata.org/entity/Q28905935,0,52,,,
MAR,Marrocos,Q28885948,http://www.wikidata.org/entity/Q28905935,0,34,,,
MAR,Marrocos,Q28885949,http://www.wikidata.org/entity/Q28905935,0,16,,,
MAR,Marrocos,Q28885955,http://www.wikidata.org/entity/Q28905935,0,65,,,
MAR,Marrocos,Q28885958,http://www.wikidata.org/entity/Q28905935,0,28,,,
MAR,Marrocos,Q28885959,http://www.wikidata.org/entity/Q28905935,0,32,,,
MAR,Marrocos,Q28885956,http://www.wikidata.org/entity/Q28905935,0,53,,,
MAR,Marrocos,Q28885962,http://www.wikidata.org/entity/Q28903185,0,136,,,
MAR,Marrocos,Q28885960,http://www.wikidata.org/entity/Q28903185,0,104,,,
MAR,Marrocos,Q28885961,http://www.wikidata.org/entity/Q28903185,0,25,,,
MAR,Marrocos,Q28885966,http://www.wikidata.org/entity/Q28903185,0,25,,,
MAR,Marrocos,Q28885967,http://www.wikidata.org/entity/Q28892639,0,23,,,
MAR,Marrocos,Q28885964,http://www.wikidata.org/entity/Q28903185,0,124,,,
MAR,Marrocos,Q28885965,http://www.wikidata.org/entity/Q28903185,0,44,,,
MAR,Marrocos,Q28885969,http://www.wikidata.org/entity/Q28892639,0,60,,,
MAR,Marrocos,Q28885991,http://www.wikidata.org/entity/Q28892639,0,39,,,
MAR,Marrocos,Q28885994,http://www.wikidata.org/entity/Q28892639,0,70,,,
MAR,Marrocos,Q28885992,http://www.wikidata.org/entity/Q28892639,0,35,,,
MAR,Marrocos,Q28885999,http://www.wikidata.org/entity/Q28891246,0,123,,,
MAR,Marrocos,Q28886003,http://www.wikidata.org/entity/Q28891246,0,75,,,
MAR,Marrocos,Q28886000,http://www.wikidata.org/entity/Q28891246,0,242,,,
MAR,Marrocos,Q28886001,http://www.wikidata.org/entity/Q28891246,0,88,,,
MAR,Marrocos,Q28886006,http://www.wikidata.org/entity/Q28892626,0,65,,,
MAR,Marrocos,Q28886007,http://www.wikidata.org/entity/Q28892626,0,71,,,
MAR,Marrocos,Q28886008,http://www.wikidata.org/entity/Q28892626,0,31,,,
MAR,Marrocos,Q28886012,http://www.wikidata.org/entity/Q28892626,0,65,,,
MAR,Marrocos,Q28884692,http://www.wikidata.org/entity/Q28894809,0,239,,,
MAR,Marrocos,Q28884693,http://www.wikidata.org/entity/Q28894809,0,198,,,
MAR,Marrocos,Q28884698,http://www.wikidata.org/entity/Q28901483,0,594,,,
MAR,Marrocos,Q28884699,http://www.wikidata.org/entity/Q28901483,0,120,,,
MAR,Marrocos,Q28884696,http://www.wikidata.org/entity/Q28901483,0,421,,,
MAR,Marrocos,Q28884702,http://www.wikidata.org/entity/Q28901483,0,60,,,
MAR,Marrocos,Q28884703,http://www.wikidata.org/entity/Q28901483,0,133,,,
MAR,Marrocos,Q28884706,http://www.wikidata.org/entity/Q28900476,0,309,,,
MAR,Marrocos,Q28884704,http://www.wikidata.org/entity/Q28900476,0,491,,,
MAR,Marrocos,Q28884705,http://www.wikidata.org/entity/Q28900476,0,356,,,
MAR,Marrocos,Q28884722,http://www.wikidata.org/entity/Q28902767,0,1526,,,
MAR,Marrocos,Q28884723,http://www.wikidata.org/entity/Q28902767,0,1274,,,
MAR,Marrocos,Q28884727,http://www.wikidata.org/entity/Q28902767,0,529,,,
MAR,Marrocos,Q28884725,http://www.wikidata.org/entity/Q28902767,0,1015,,,
MAR,Marrocos,Q28884730,http://www.wikidata.org/entity/Q28902767,0,379,,,
MAR,Marrocos,Q28884731,http://www.wikidata.org/entity/Q28902767,0,450,,,
MAR,Marrocos,Q28884732,http://www.wikidata.org/entity/Q28902767,0,492,,,
MAR,Marrocos,Q28884790,http://www.wikidata.org/entity/Q28902484,0,1039,,,
MAR,Marrocos,Q28884789,http://www.wikidata.org/entity/Q28902484,0,565,,,
MAR,Marrocos,Q28884794,http://www.wikidata.org/entity/Q28889883,0,794,,,
MAR,Marrocos,Q28884795,http://www.wikidata.org/entity/Q28889883,0,434,,,
MAR,Marrocos,Q28884792,http://www.wikidata.org/entity/Q28889883,0,910,,,
MAR,Marrocos,Q28884793,http://www.wikidata.org/entity/Q28889883,0,929,,,
MAR,Marrocos,Q28884798,http://www.wikidata.org/entity/Q28889883,0,813,,,
MAR,Marrocos,Q28884799,http://www.wikidata.org/entity/Q28889883,0,1050,,,
MAR,Marrocos,Q28884796,http://www.wikidata.org/entity/Q28889883,0,1258,,,
MAR,Marrocos,Q28884797,http://www.wikidata.org/entity/Q28889883,0,254,,,
MAR,Marrocos,Q28884806,http://www.wikidata.org/entity/Q28898772,0,553,,,
MAR,Marrocos,Q28884807,http://www.wikidata.org/entity/Q28898772,0,549,,,
MAR,Marrocos,Q28884808,http://www.wikidata.org/entity/Q28898772,0,436,,,
MAR,Marrocos,Q28884809,http://www.wikidata.org/entity/Q28898772,0,358,,,
MAR,Marrocos,Q28884830,http://www.wikidata.org/entity/Q28889885,0,358,,,
MAR,Marrocos,Q28884831,http://www.wikidata.org/entity/Q28889885,0,342,,,
MAR,Marrocos,Q28884834,http://www.wikidata.org/entity/Q28889885,0,808,,,
MAR,Marrocos,Q28884835,http://www.wikidata.org/entity/Q28889885,0,955,,,
MAR,Marrocos,Q28884832,http://www.wikidata.org/entity/Q28889885,0,618,,,
MAR,Marrocos,Q28884833,http://www.wikidata.org/entity/Q28889885,0,354,,,
MAR,Marrocos,Q28885436,http://www.wikidata.org/entity/Q28885435,0,198,,,
MAR,Marrocos,Q28885437,http://www.wikidata.org/entity/Q28885435,0,266,,,
MAR,Marrocos,Q28885466,http://www.wikidata.org/entity/Q28901576,0,345,,,
MAR,Marrocos,Q28885470,http://www.wikidata.org/entity/Q28901576,0,211,,,
MAR,Marrocos,Q28885471,http://www.wikidata.org/entity/Q28901576,0,301,,,
MAR,Marrocos,Q28885472,http://www.wikidata.org/entity/Q28901576,0,163,,,
MAR,Marrocos,Q28885473,http://www.wikidata.org/entity/Q28901576,0,298,,,
MAR,Marrocos,Q28885490,http://www.wikidata.org/entity/Q28889881,0,168,,,
MAR,Marrocos,Q28885491,http://www.wikidata.org/entity/Q28889881,0,180,,,
MAR,Marrocos,Q28885489,http://www.wikidata.org/entity/Q28889881,0,330,,,
MAR,Marrocos,Q28885494,http://www.wikidata.org/entity/Q28889881,0,347,,,
MAR,Marrocos,Q28885495,http://www.wikidata.org/entity/Q28889881,0,1584,,,
MAR,Marrocos,Q28885492,http://www.wikidata.org/entity/Q28889881,0,44,,,
MAR,Marrocos,Q28885493,http://www.wikidata.org/entity/Q28889881,0,151,,,
MAR,Marrocos,Q28885498,http://www.wikidata.org/entity/Q28889881,0,299,,,
MAR,Marrocos,Q28885499,http://www.wikidata.org/entity/Q28889881,0,633,,,
MAR,Marrocos,Q28885496,http://www.wikidata.org/entity/Q28889881,0,77,,,
MAR,Marrocos,Q28885500,http://www.wikidata.org/entity/Q28889881,0,581,,,
MAR,Marrocos,Q28885501,http://www.wikidata.org/entity/Q28889881,0,559,,,
MAR,Marrocos,Q28885714,http://www.wikidata.org/entity/Q28901665,0,474,,,
MAR,Marrocos,Q28885715,http://www.wikidata.org/entity/Q28901665,0,82,,,
MAR,Marrocos,Q28885712,http://www.wikidata.org/entity/Q28898359,0,359,,,
MAR,Marrocos,Q28885713,http://www.wikidata.org/entity/Q28898359,0,1451,,,
MAR,Marrocos,Q28885719,http://www.wikidata.org/entity/Q28901665,0,95,,,
MAR,Marrocos,Q28885716,http://www.wikidata.org/entity/Q28901665,0,478,,,
MAR,Marrocos,Q28885717,http://www.wikidata.org/entity/Q28901665,0,145,,,
MAR,Marrocos,Q28885722,http://www.wikidata.org/entity/Q28901665,0,214,,,
MAR,Marrocos,Q28885723,http://www.wikidata.org/entity/Q28901665,0,389,,,
MAR,Marrocos,Q28885720,http://www.wikidata.org/entity/Q28901665,0,268,,,
MAR,Marrocos,Q28885721,http://www.wikidata.org/entity/Q28901665,0,247,,,
MAR,Marrocos,Q28885726,http://www.wikidata.org/entity/Q28901665,0,305,,,
MAR,Marrocos,Q28885724,http://www.wikidata.org/entity/Q28901665,0,197,,,
MAR,Marrocos,Q28885725,http://www.wikidata.org/entity/Q28901665,0,127,,,
MAR,Marrocos,Q28885729,http://www.wikidata.org/entity/Q28901665,0,324,,,
MAR,Marrocos,Q28885754,http://www.wikidata.org/entity/Q28897772,0,328,,,
MAR,Marrocos,Q28885755,http://www.wikidata.org/entity/Q28897772,0,444,,,
MAR,Marrocos,Q28885753,http://www.wikidata.org/entity/Q28897772,0,230,,,
MAR,Marrocos,Q28885758,http://www.wikidata.org/entity/Q28897772,0,397,,,
MAR,Marrocos,Q28885759,http://www.wikidata.org/entity/Q28897772,0,488,,,
MAR,Marrocos,Q28885756,http://www.wikidata.org/entity/Q28897772,0,361,,,
MAR,Marrocos,Q28885757,http://www.wikidata.org/entity/Q28897772,0,425,,,
MAR,Marrocos,Q28885762,http://www.wikidata.org/entity/Q28897772,0,205,,,
MAR,Marrocos,Q28885763,http://www.wikidata.org/entity/Q28897772,0,380,,,
MAR,Marrocos,Q28885760,http://www.wikidata.org/entity/Q28897772,0,303,,,
MAR,Marrocos,Q28885761,http://www.wikidata.org/entity/Q28897772,0,208,,,
MAR,Marrocos,Q28885766,http://www.wikidata.org/entity/Q28897772,0,71,,,
MAR,Marrocos,Q28885764,http://www.wikidata.org/entity/Q28897772,0,241,,,
MAR,Marrocos,Q28885765,http://www.wikidata.org/entity/Q28897772,0,445,,,
MAR,Marrocos,Q28885771,http://www.wikidata.org/entity/Q28908277,0,56,,,
MAR,Marrocos,Q28885768,http://www.wikidata.org/entity/Q28908277,0,137,,,
MAR,Marrocos,Q28885769,http://www.wikidata.org/entity/Q28908277,0,211,,,
MAR,Marrocos,Q28885774,http://www.wikidata.org/entity/Q28908277,0,204,,,
MAR,Marrocos,Q28885775,http://www.wikidata.org/entity/Q28908277,0,181,,,
MAR,Marrocos,Q28885776,http://www.wikidata.org/entity/Q28908277,0,132,,,
MAR,Marrocos,Q28885777,http://www.wikidata.org/entity/Q28908277,0,331,,,
MAR,Marrocos,Q28885783,http://www.wikidata.org/entity/Q28908277,0,220,,,
MAR,Marrocos,Q28885780,http://www.wikidata.org/entity/Q28908277,0,236,,,
MAR,Marrocos,Q28885788,http://www.wikidata.org/entity/Q28908277,0,201,,,
MAR,Marrocos,Q28885789,http://www.wikidata.org/entity/Q28908277,0,102,,,
MAR,Marrocos,Q28885818,http://www.wikidata.org/entity/Q28902994,0,112,,,
MAR,Marrocos,Q28885823,http://www.wikidata.org/entity/Q28902994,0,182,,,
MAR,Marrocos,Q28885820,http://www.wikidata.org/entity/Q28902994,0,101,,,
MAR,Marrocos,Q28885825,http://www.wikidata.org/entity/Q28902994,0,188,,,
MAR,Marrocos,Q28881386,http://www.wikidata.org/entity/Q28896758,0,649,,,
MAR,Marrocos,Q28881387,http://www.wikidata.org/entity/Q28896758,0,373,,,
MAR,Marrocos,Q28881385,http://www.wikidata.org/entity/Q28903850,0,69,,,
MAR,Marrocos,Q28881388,http://www.wikidata.org/entity/Q28896758,0,149,,,
MAR,Marrocos,Q28881389,http://www.wikidata.org/entity/Q28896758,0,69,,,
MAR,Marrocos,Q28881402,http://www.wikidata.org/entity/Q28890859,0,169,,,
MAR,Marrocos,Q28881401,http://www.wikidata.org/entity/Q28890859,0,75,,,
MAR,Marrocos,Q28881583,http://www.wikidata.org/entity/Q28890127,0,122,,,
MAR,Marrocos,Q28881586,http://www.wikidata.org/entity/Q28890127,0,301,,,
MAR,Marrocos,Q28881587,http://www.wikidata.org/entity/Q28890127,0,342,,,
MAR,Marrocos,Q28881584,http://www.wikidata.org/entity/Q28890127,0,193,,,
MAR,Marrocos,Q28881585,http://www.wikidata.org/entity/Q28890127,0,91,,,
MAR,Marrocos,Q28881590,http://www.wikidata.org/entity/Q28890127,0,313,,,
MAR,Marrocos,Q28881591,http://www.wikidata.org/entity/Q28890127,0,110,,,
MAR,Marrocos,Q28881588,http://www.wikidata.org/entity/Q28890127,0,372,,,
MAR,Marrocos,Q28881589,http://www.wikidata.org/entity/Q28890127,0,304,,,
MAR,Marrocos,Q28881594,http://www.wikidata.org/entity/Q28890127,0,286,,,
MAR,Marrocos,Q28881595,http://www.wikidata.org/entity/Q28890127,0,376,,,
MAR,Marrocos,Q28881592,http://www.wikidata.org/entity/Q28890127,0,542,,,
MAR,Marrocos,Q28881593,http://www.wikidata.org/entity/Q28890127,0,213,,,
MAR,Marrocos,Q28881602,http://www.wikidata.org/entity/Q28890127,0,1434,,,
MAR,Marrocos,Q28881603,http://www.wikidata.org/entity/Q28890127,0,184,,,
MAR,Marrocos,Q28881606,http://www.wikidata.org/entity/Q28890127,0,491,,,
MAR,Marrocos,Q28881607,http://www.wikidata.org/entity/Q28890127,0,97,,,
MAR,Marrocos,Q28881604,http://www.wikidata.org/entity/Q28890127,0,154,,,
MAR,Marrocos,Q28881605,http://www.wikidata.org/entity/Q28890127,0,239,,,
MAR,Marrocos,Q28881611,http://www.wikidata.org/entity/Q28904362,0,154,,,
MAR,Marrocos,Q28881608,http://www.wikidata.org/entity/Q28905492,0,553,,,
MAR,Marrocos,Q28881609,http://www.wikidata.org/entity/Q28890127,0,72,,,
MAR,Marrocos,Q28881615,http://www.wikidata.org/entity/Q28904362,0,369,,,
MAR,Marrocos,Q28881617,http://www.wikidata.org/entity/Q28904362,0,630,,,
MAR,Marrocos,Q28881622,http://www.wikidata.org/entity/Q28903828,0,134,,,
MAR,Marrocos,Q28881623,http://www.wikidata.org/entity/Q28903828,0,531,,,
MAR,Marrocos,Q28881620,http://www.wikidata.org/entity/Q28903828,0,1072,,,
MAR,Marrocos,Q28881625,http://www.wikidata.org/entity/Q28890120,0,1268,,,
MAR,Marrocos,Q28881642,http://www.wikidata.org/entity/Q28903441,0,65,,,
MAR,Marrocos,Q28881640,http://www.wikidata.org/entity/Q28903441,0,102,,,
MAR,Marrocos,Q28881646,http://www.wikidata.org/entity/Q28903441,0,138,,,
MAR,Marrocos,Q28881647,http://www.wikidata.org/entity/Q28903441,0,350,,,
MAR,Marrocos,Q28881644,http://www.wikidata.org/entity/Q28903441,0,16,,,
MAR,Marrocos,Q28881645,http://www.wikidata.org/entity/Q28903441,0,67,,,
MAR,Marrocos,Q28881649,http://www.wikidata.org/entity/Q28903441,0,81,,,
MAR,Marrocos,Q28881742,http://www.wikidata.org/entity/Q28891241,0,168,,,
MAR,Marrocos,Q28881743,http://www.wikidata.org/entity/Q28891241,0,162,,,
MAR,Marrocos,Q28881741,http://www.wikidata.org/entity/Q28891241,0,287,,,
MAR,Marrocos,Q28881746,http://www.wikidata.org/entity/Q28891241,0,195,,,
MAR,Marrocos,Q28881747,http://www.wikidata.org/entity/Q28891241,0,242,,,
MAR,Marrocos,Q28881744,http://www.wikidata.org/entity/Q28891241,0,675,,,
MAR,Marrocos,Q28881745,http://www.wikidata.org/entity/Q28891241,0,401,,,
MAR,Marrocos,Q28881750,http://www.wikidata.org/entity/Q28891619,0,209,,,
MAR,Marrocos,Q28881751,http://www.wikidata.org/entity/Q28891619,0,35,,,
MAR,Marrocos,Q28881748,http://www.wikidata.org/entity/Q28891241,0,282,,,
MAR,Marrocos,Q28881749,http://www.wikidata.org/entity/Q28891619,0,401,,,
MAR,Marrocos,Q28881754,http://www.wikidata.org/entity/Q28891619,0,385,,,
MAR,Marrocos,Q28881755,http://www.wikidata.org/entity/Q28891619,0,479,,,
MAR,Marrocos,Q28881752,http://www.wikidata.org/entity/Q28891619,0,308,,,
MAR,Marrocos,Q28881753,http://www.wikidata.org/entity/Q28891619,0,273,,,
MAR,Marrocos,Q28881758,http://www.wikidata.org/entity/Q28891619,0,306,,,
MAR,Marrocos,Q28881759,http://www.wikidata.org/entity/Q28891619,0,123,,,
MAR,Marrocos,Q28881756,http://www.wikidata.org/entity/Q28891619,0,380,,,
MAR,Marrocos,Q28881757,http://www.wikidata.org/entity/Q28891619,0,457,,,
MAR,Marrocos,Q28881760,http://www.wikidata.org/entity/Q28891619,0,297,,,
MAR,Marrocos,Q28881770,http://www.wikidata.org/entity/Q28892424,0,171,,,
MAR,Marrocos,Q28881771,http://www.wikidata.org/entity/Q28892424,0,335,,,
MAR,Marrocos,Q28881768,http://www.wikidata.org/entity/Q28892424,0,656,,,
MAR,Marrocos,Q28881775,http://www.wikidata.org/entity/Q28882297,0,137,,,
MAR,Marrocos,Q28881772,http://www.wikidata.org/entity/Q28881808,0,563,,,
MAR,Marrocos,Q28881779,http://www.wikidata.org/entity/Q28892424,0,197,,,
MAR,Marrocos,Q28881776,http://www.wikidata.org/entity/Q28892424,0,520,,,
MAR,Marrocos,Q28881777,http://www.wikidata.org/entity/Q28882107,0,29,,,
MAR,Marrocos,Q28881782,http://www.wikidata.org/entity/Q28882428,0,2150,,,
MAR,Marrocos,Q28881783,http://www.wikidata.org/entity/Q28882152,0,374,,,
MAR,Marrocos,Q28881780,http://www.wikidata.org/entity/Q28882123,0,468,,,
MAR,Marrocos,Q28881781,http://www.wikidata.org/entity/Q28881807,0,241,,,
MAR,Marrocos,Q28881786,http://www.wikidata.org/entity/Q28892424,0,327,,,
MAR,Marrocos,Q28881787,http://www.wikidata.org/entity/Q28882014,0,558,,,
MAR,Marrocos,Q28881784,http://www.wikidata.org/entity/Q28892424,0,220,,,
MAR,Marrocos,Q28881785,http://www.wikidata.org/entity/Q28882357,0,672,,,
MAR,Marrocos,Q28881790,http://www.wikidata.org/entity/Q28881878,0,384,,,
MAR,Marrocos,Q28881795,http://www.wikidata.org/entity/Q28881973,0,601,,,
MAR,Marrocos,Q28881793,http://www.wikidata.org/entity/Q28892424,0,269,,,
MAR,Marrocos,Q28881798,http://www.wikidata.org/entity/Q28882311,0,320,,,
MAR,Marrocos,Q28881799,http://www.wikidata.org/entity/Q28882020,0,164,,,
MAR,Marrocos,Q28881800,http://www.wikidata.org/entity/Q28881953,0,36,,,
MAR,Marrocos,Q28881882,http://www.wikidata.org/entity/Q28881921,0,140,,,
MAR,Marrocos,Q28881883,http://www.wikidata.org/entity/Q28882131,0,154,,,
MAR,Marrocos,Q28881886,http://www.wikidata.org/entity/Q28882023,0,1104,,,
MAR,Marrocos,Q28881887,http://www.wikidata.org/entity/Q28906843,0,243,,,
MAR,Marrocos,Q28881884,http://www.wikidata.org/entity/Q28906843,0,654,,,
MAR,Marrocos,Q28881888,http://www.wikidata.org/entity/Q28882020,0,100,,,
MAR,Marrocos,Q28881889,http://www.wikidata.org/entity/Q28882170,0,229,,,
MAR,Marrocos,Q28881894,http://www.wikidata.org/entity/Q28882346,0,1703,,,
MAR,Marrocos,Q28881895,http://www.wikidata.org/entity/Q28881942,0,1396,,,
MAR,Marrocos,Q28881893,http://www.wikidata.org/entity/Q28906843,0,297,,,
MAR,Marrocos,Q28881898,http://www.wikidata.org/entity/Q28882192,0,604,,,
MAR,Marrocos,Q28881897,http://www.wikidata.org/entity/Q28881966,0,192,,,
MAR,Marrocos,Q28881902,http://www.wikidata.org/entity/Q28882308,0,272,,,
MAR,Marrocos,Q28881903,http://www.wikidata.org/entity/Q28882179,0,160,,,
MAR,Marrocos,Q28881901,http://www.wikidata.org/entity/Q28881910,0,192,,,
MAR,Marrocos,Q28881906,http://www.wikidata.org/entity/Q28906843,0,233,,,
MAR,Marrocos,Q28881907,http://www.wikidata.org/entity/Q28881917,0,2655,,,
MAR,Marrocos,Q28881904,http://www.wikidata.org/entity/Q28881942,0,109,,,
MAR,Marrocos,Q28881905,http://www.wikidata.org/entity/Q28881807,0,268,,,
MAR,Marrocos,Q28881911,http://www.wikidata.org/entity/Q28882282,0,383,,,
MAR,Marrocos,Q28881908,http://www.wikidata.org/entity/Q28881973,0,82,,,
MAR,Marrocos,Q28881914,http://www.wikidata.org/entity/Q28882020,0,112,,,
MAR,Marrocos,Q28881915,http://www.wikidata.org/entity/Q28892575,0,69,,,
MAR,Marrocos,Q28881912,http://www.wikidata.org/entity/Q28882017,0,968,,,
MAR,Marrocos,Q28881913,http://www.wikidata.org/entity/Q28881946,0,3533,,,
MAR,Marrocos,Q28881918,http://www.wikidata.org/entity/Q28881910,0,124,,,
MAR,Marrocos,Q28881916,http://www.wikidata.org/entity/Q28882030,0,77,,,
MAR,Marrocos,Q28881922,http://www.wikidata.org/entity/Q28882020,0,290,,,
MAR,Marrocos,Q28881923,http://www.wikidata.org/entity/Q28892575,0,442,,,
MAR,Marrocos,Q28881920,http://www.wikidata.org/entity/Q28882023,0,629,,,
MAR,Marrocos,Q28881926,http://www.wikidata.org/entity/Q28881892,0,44,,,
MAR,Marrocos,Q28881924,http://www.wikidata.org/entity/Q28881933,0,547,,,
MAR,Marrocos,Q28881925,http://www.wikidata.org/entity/Q28881892,0,144,,,
MAR,Marrocos,Q28881930,http://www.wikidata.org/entity/Q28882168,0,1518,,,
MAR,Marrocos,Q28881931,http://www.wikidata.org/entity/Q28881814,0,474,,,
MAR,Marrocos,Q28881928,http://www.wikidata.org/entity/Q28882192,0,72,,,
MAR,Marrocos,Q28881929,http://www.wikidata.org/entity/Q28892575,0,405,,,
MAR,Marrocos,Q28881934,http://www.wikidata.org/entity/Q28882028,0,493,,,
MAR,Marrocos,Q28881932,http://www.wikidata.org/entity/Q28892575,0,74,,,
MAR,Marrocos,Q28881936,http://www.wikidata.org/entity/Q28882161,0,665,,,
MAR,Marrocos,Q28881958,http://www.wikidata.org/entity/Q28881890,0,130,,,
MAR,Marrocos,Q28881959,http://www.wikidata.org/entity/Q28882020,0,122,,,
MAR,Marrocos,Q28881962,http://www.wikidata.org/entity/Q28881966,0,351,,,
MAR,Marrocos,Q28881963,http://www.wikidata.org/entity/Q28882152,0,428,,,
MAR,Marrocos,Q28881960,http://www.wikidata.org/entity/Q28890774,0,321,,,
MAR,Marrocos,Q28881965,http://www.wikidata.org/entity/Q28890774,0,209,,,
MAR,Marrocos,Q28881968,http://www.wikidata.org/entity/Q28882179,0,168,,,
MAR,Marrocos,Q28881969,http://www.wikidata.org/entity/Q28890774,0,268,,,
MAR,Marrocos,Q28882042,http://www.wikidata.org/entity/Q28882020,0,129,,,
MAR,Marrocos,Q28882043,http://www.wikidata.org/entity/Q28882282,0,257,,,
MAR,Marrocos,Q28882046,http://www.wikidata.org/entity/Q28882030,0,386,,,
MAR,Marrocos,Q28882047,http://www.wikidata.org/entity/Q28882179,0,176,,,
MAR,Marrocos,Q28882044,http://www.wikidata.org/entity/Q28882305,0,783,,,
MAR,Marrocos,Q28882045,http://www.wikidata.org/entity/Q28882364,0,395,,,
MAR,Marrocos,Q28882050,http://www.wikidata.org/entity/Q28881974,0,674,,,
MAR,Marrocos,Q28882051,http://www.wikidata.org/entity/Q28882316,0,668,,,
MAR,Marrocos,Q28882049,http://www.wikidata.org/entity/Q28881814,0,456,,,
MAR,Marrocos,Q28882054,http://www.wikidata.org/entity/Q28882030,0,93,,,
MAR,Marrocos,Q28882055,http://www.wikidata.org/entity/Q28882023,0,335,,,
MAR,Marrocos,Q28882052,http://www.wikidata.org/entity/Q28882308,0,116,,,
MAR,Marrocos,Q28882057,http://www.wikidata.org/entity/Q28882020,0,47,,,
MAR,Marrocos,Q28882062,http://www.wikidata.org/entity/Q28881942,0,308,,,
MAR,Marrocos,Q28882060,http://www.wikidata.org/entity/Q28881885,0,1255,,,
MAR,Marrocos,Q28882061,http://www.wikidata.org/entity/Q28882077,0,66,,,
MAR,Marrocos,Q28882066,http://www.wikidata.org/entity/Q28882002,0,923,,,
MAR,Marrocos,Q28882064,http://www.wikidata.org/entity/Q28882020,0,597,,,
MAR,Marrocos,Q28882065,http://www.wikidata.org/entity/Q28881896,0,200,,,
MAR,Marrocos,Q28882068,http://www.wikidata.org/entity/Q28882257,0,775,,,
MAR,Marrocos,Q28882095,http://www.wikidata.org/entity/Q28881788,0,739,,,
MAR,Marrocos,Q28882098,http://www.wikidata.org/entity/Q28882107,0,183,,,
MAR,Marrocos,Q28882096,http://www.wikidata.org/entity/Q28882152,0,513,,,
MAR,Marrocos,Q28882102,http://www.wikidata.org/entity/Q28881961,0,312,,,
MAR,Marrocos,Q28882103,http://www.wikidata.org/entity/Q28882123,0,895,,,
MAR,Marrocos,Q28882100,http://www.wikidata.org/entity/Q28882108,0,3261,,,
MAR,Marrocos,Q28882134,http://www.wikidata.org/entity/Q28882131,0,8,,,
MAR,Marrocos,Q28882132,http://www.wikidata.org/entity/Q28882357,0,345,,,
MAR,Marrocos,Q28882133,http://www.wikidata.org/entity/Q28905000,0,284,,,
MAR,Marrocos,Q28882139,http://www.wikidata.org/entity/Q28882014,0,126,,,
MAR,Marrocos,Q28882136,http://www.wikidata.org/entity/Q28882169,0,770,,,
MAR,Marrocos,Q28882137,http://www.wikidata.org/entity/Q28882123,0,494,,,
MAR,Marrocos,Q28882142,http://www.wikidata.org/entity/Q28881769,0,225,,,
MAR,Marrocos,Q28882143,http://www.wikidata.org/entity/Q28882131,0,214,,,
MAR,Marrocos,Q28882141,http://www.wikidata.org/entity/Q28882364,0,64,,,
MAR,Marrocos,Q28882144,http://www.wikidata.org/entity/Q28905000,0,55,,,
MAR,Marrocos,Q28882166,http://www.wikidata.org/entity/Q28881935,0,10,,,
MAR,Marrocos,Q28882167,http://www.wikidata.org/entity/Q28905000,0,172,,,
MAR,Marrocos,Q28882165,http://www.wikidata.org/entity/Q28881890,0,96,,,
MAR,Marrocos,Q28882171,http://www.wikidata.org/entity/Q28905000,0,31,,,
MAR,Marrocos,Q28882174,http://www.wikidata.org/entity/Q28882192,0,129,,,
MAR,Marrocos,Q28882175,http://www.wikidata.org/entity/Q28905000,0,353,,,
MAR,Marrocos,Q28882172,http://www.wikidata.org/entity/Q28882168,0,4774,,,
MAR,Marrocos,Q28882173,http://www.wikidata.org/entity/Q28882179,0,256,,,
MAR,Marrocos,Q28882178,http://www.wikidata.org/entity/Q28882364,0,143,,,
MAR,Marrocos,Q28882176,http://www.wikidata.org/entity/Q28881974,0,1279,,,
MAR,Marrocos,Q28882182,http://www.wikidata.org/entity/Q28882282,0,2503,,,
MAR,Marrocos,Q28882183,http://www.wikidata.org/entity/Q28882128,0,470,,,
MAR,Marrocos,Q28882180,http://www.wikidata.org/entity/Q28905000,0,279,,,
MAR,Marrocos,Q28882181,http://www.wikidata.org/entity/Q28882161,0,1081,,,
MAR,Marrocos,Q28882187,http://www.wikidata.org/entity/Q28882282,0,2118,,,
MAR,Marrocos,Q28882185,http://www.wikidata.org/entity/Q28882020,0,79,,,
MAR,Marrocos,Q28882190,http://www.wikidata.org/entity/Q28882020,0,102,,,
MAR,Marrocos,Q28882191,http://www.wikidata.org/entity/Q28882360,0,297,,,
MAR,Marrocos,Q28882188,http://www.wikidata.org/entity/Q28881814,0,51,,,
MAR,Marrocos,Q28882189,http://www.wikidata.org/entity/Q28905000,0,17,,,
MAR,Marrocos,Q28882194,http://www.wikidata.org/entity/Q28897549,0,311,,,
MAR,Marrocos,Q28882195,http://www.wikidata.org/entity/Q28906904,0,105,,,
MAR,Marrocos,Q28882193,http://www.wikidata.org/entity/Q28881814,0,30,,,
MAR,Marrocos,Q28882198,http://www.wikidata.org/entity/Q28897549,0,113,,,
MAR,Marrocos,Q28882199,http://www.wikidata.org/entity/Q28881814,0,60,,,
MAR,Marrocos,Q28882196,http://www.wikidata.org/entity/Q28882020,0,31,,,
MAR,Marrocos,Q28882197,http://www.wikidata.org/entity/Q28882192,0,1431,,,
MAR,Marrocos,Q28882411,http://www.wikidata.org/entity/Q28882416,0,14,,,
MAR,Marrocos,Q28882414,http://www.wikidata.org/entity/Q28906904,0,187,,,
MAR,Marrocos,Q28882418,http://www.wikidata.org/entity/Q28881890,0,96,,,
MAR,Marrocos,Q28882419,http://www.wikidata.org/entity/Q28881773,0,212,,,
MAR,Marrocos,Q28882417,http://www.wikidata.org/entity/Q28890169,0,161,,,
MAR,Marrocos,Q28882422,http://www.wikidata.org/entity/Q28890169,0,174,,,
MAR,Marrocos,Q28882423,http://www.wikidata.org/entity/Q28890169,0,166,,,
MAR,Marrocos,Q28882420,http://www.wikidata.org/entity/Q28890169,0,125,,,
MAR,Marrocos,Q28882421,http://www.wikidata.org/entity/Q28882131,0,105,,,
MAR,Marrocos,Q28882426,http://www.wikidata.org/entity/Q28882107,0,42,,,
MAR,Marrocos,Q28882427,http://www.wikidata.org/entity/Q28890169,0,178,,,
MAR,Marrocos,Q28882424,http://www.wikidata.org/entity/Q28881788,0,203,,,
MAR,Marrocos,Q28882425,http://www.wikidata.org/entity/Q28890169,0,205,,,
MAR,Marrocos,Q28882491,http://www.wikidata.org/entity/Q28891500,0,339,,,
MAR,Marrocos,Q28882494,http://www.wikidata.org/entity/Q28891500,0,572,,,
MAR,Marrocos,Q28882495,http://www.wikidata.org/entity/Q28891500,0,282,,,
MAR,Marrocos,Q28882492,http://www.wikidata.org/entity/Q28891500,0,363,,,
MAR,Marrocos,Q28882493,http://www.wikidata.org/entity/Q28891500,0,392,,,
MAR,Marrocos,Q28882498,http://www.wikidata.org/entity/Q28891152,0,429,,,
MAR,Marrocos,Q28882499,http://www.wikidata.org/entity/Q28891152,0,576,,,
MAR,Marrocos,Q28882496,http://www.wikidata.org/entity/Q28891500,0,2844,,,
MAR,Marrocos,Q28882497,http://www.wikidata.org/entity/Q28891152,0,838,,,
MAR,Marrocos,Q28882502,http://www.wikidata.org/entity/Q28891212,0,1072,,,
MAR,Marrocos,Q28882503,http://www.wikidata.org/entity/Q28890241,0,706,,,
MAR,Marrocos,Q28882500,http://www.wikidata.org/entity/Q28891212,0,820,,,
MAR,Marrocos,Q28882501,http://www.wikidata.org/entity/Q28891212,0,1059,,,
MAR,Marrocos,Q28882506,http://www.wikidata.org/entity/Q28890241,0,547,,,
MAR,Marrocos,Q28882504,http://www.wikidata.org/entity/Q28890241,0,633,,,
MAR,Marrocos,Q28882505,http://www.wikidata.org/entity/Q28890241,0,309,,,
MAR,Marrocos,Q28883595,http://www.wikidata.org/entity/Q28891211,0,693,,,
MAR,Marrocos,Q28883598,http://www.wikidata.org/entity/Q28890990,0,372,,,
MAR,Marrocos,Q28883599,http://www.wikidata.org/entity/Q28890990,0,317,,,
MAR,Marrocos,Q28883596,http://www.wikidata.org/entity/Q28891211,0,659,,,
MAR,Marrocos,Q28883602,http://www.wikidata.org/entity/Q28891898,0,101,,,
MAR,Marrocos,Q28883603,http://www.wikidata.org/entity/Q28891898,0,123,,,
MAR,Marrocos,Q28883600,http://www.wikidata.org/entity/Q28890990,0,78,,,
MAR,Marrocos,Q28883601,http://www.wikidata.org/entity/Q28891898,0,158,,,
MAR,Marrocos,Q28883604,http://www.wikidata.org/entity/Q28891898,0,209,,,
MAR,Marrocos,Q28883605,http://www.wikidata.org/entity/Q28891898,0,458,,,
MAR,Marrocos,Q28883610,http://www.wikidata.org/entity/Q28891898,0,175,,,
MAR,Marrocos,Q28883608,http://www.wikidata.org/entity/Q28891898,0,522,,,
MAR,Marrocos,Q28883609,http://www.wikidata.org/entity/Q28891898,0,63,,,
MAR,Marrocos,Q28883614,http://www.wikidata.org/entity/Q28902113,0,75,,,
MAR,Marrocos,Q28883615,http://www.wikidata.org/entity/Q28902113,0,232,,,
MAR,Marrocos,Q28883612,http://www.wikidata.org/entity/Q28902113,0,55,,,
MAR,Marrocos,Q28883613,http://www.wikidata.org/entity/Q28902113,0,256,,,
MAR,Marrocos,Q28883619,http://www.wikidata.org/entity/Q28906795,0,1483,,,
MAR,Marrocos,Q28883617,http://www.wikidata.org/entity/Q28906795,0,517,,,
MAR,Marrocos,Q28883622,http://www.wikidata.org/entity/Q28906795,0,1974,,,
MAR,Marrocos,Q28883623,http://www.wikidata.org/entity/Q28896594,0,196,,,
MAR,Marrocos,Q28883621,http://www.wikidata.org/entity/Q28906795,0,773,,,
MAR,Marrocos,Q28883626,http://www.wikidata.org/entity/Q28896594,0,1006,,,
MAR,Marrocos,Q28883627,http://www.wikidata.org/entity/Q28896594,0,39,,,
MAR,Marrocos,Q28883624,http://www.wikidata.org/entity/Q28896594,0,143,,,
MAR,Marrocos,Q28883625,http://www.wikidata.org/entity/Q28896594,0,92,,,
MAR,Marrocos,Q28883631,http://www.wikidata.org/entity/Q28890952,0,680,,,
MAR,Marrocos,Q28883638,http://www.wikidata.org/entity/Q28890212,0,216,,,
MAR,Marrocos,Q28883639,http://www.wikidata.org/entity/Q28890212,0,181,,,
MAR,Marrocos,Q28883637,http://www.wikidata.org/entity/Q28890212,0,211,,,
MAR,Marrocos,Q28883642,http://www.wikidata.org/entity/Q28890212,0,233,,,
MAR,Marrocos,Q28883640,http://www.wikidata.org/entity/Q28890212,0,110,,,
MAR,Marrocos,Q28883641,http://www.wikidata.org/entity/Q28890212,0,271,,,
MAR,Marrocos,Q28883663,http://www.wikidata.org/entity/Q28901920,0,125,,,
MAR,Marrocos,Q28883666,http://www.wikidata.org/entity/Q28901920,0,154,,,
MAR,Marrocos,Q28883667,http://www.wikidata.org/entity/Q28899822,0,587,,,
MAR,Marrocos,Q28883664,http://www.wikidata.org/entity/Q28901920,0,110,,,
MAR,Marrocos,Q28883665,http://www.wikidata.org/entity/Q28901920,0,229,,,
MAR,Marrocos,Q28883671,http://www.wikidata.org/entity/Q28899822,0,272,,,
MAR,Marrocos,Q28883668,http://www.wikidata.org/entity/Q28899822,0,80,,,
MAR,Marrocos,Q28883669,http://www.wikidata.org/entity/Q28899822,0,577,,,
MAR,Marrocos,Q28883675,http://www.wikidata.org/entity/Q28903242,0,302,,,
MAR,Marrocos,Q28883679,http://www.wikidata.org/entity/Q28903242,0,318,,,
MAR,Marrocos,Q28883676,http://www.wikidata.org/entity/Q28903242,0,659,,,
MAR,Marrocos,Q28883677,http://www.wikidata.org/entity/Q28903242,0,339,,,
MAR,Marrocos,Q28883682,http://www.wikidata.org/entity/Q28910133,0,23,,,
MAR,Marrocos,Q28883683,http://www.wikidata.org/entity/Q28910133,0,411,,,
MAR,Marrocos,Q28883681,http://www.wikidata.org/entity/Q28903242,0,226,,,
MAR,Marrocos,Q28883686,http://www.wikidata.org/entity/Q28910133,0,71,,,
MAR,Marrocos,Q28883687,http://www.wikidata.org/entity/Q28910133,0,16,,,
MAR,Marrocos,Q28883690,http://www.wikidata.org/entity/Q28896069,0,210,,,
MAR,Marrocos,Q28883691,http://www.wikidata.org/entity/Q28896069,0,93,,,
MAR,Marrocos,Q28883688,http://www.wikidata.org/entity/Q28910133,0,38,,,
MAR,Marrocos,Q28883689,http://www.wikidata.org/entity/Q28910133,0,17,,,
MAR,Marrocos,Q28883694,http://www.wikidata.org/entity/Q28882321,0,169,,,
MAR,Marrocos,Q28883695,http://www.wikidata.org/entity/Q28882321,0,595,,,
MAR,Marrocos,Q28883692,http://www.wikidata.org/entity/Q28882321,0,457,,,
MAR,Marrocos,Q28883693,http://www.wikidata.org/entity/Q28882321,0,336,,,
MAR,Marrocos,Q28883699,http://www.wikidata.org/entity/Q28894133,0,279,,,
MAR,Marrocos,Q28883696,http://www.wikidata.org/entity/Q28882321,0,36,,,
MAR,Marrocos,Q28883697,http://www.wikidata.org/entity/Q28882321,0,371,,,
MAR,Marrocos,Q28883702,http://www.wikidata.org/entity/Q28909051,0,803,,,
MAR,Marrocos,Q28883703,http://www.wikidata.org/entity/Q28909051,0,871,,,
MAR,Marrocos,Q28883700,http://www.wikidata.org/entity/Q28894133,0,474,,,
MAR,Marrocos,Q28883706,http://www.wikidata.org/entity/Q28909051,0,510,,,
MAR,Marrocos,Q28883704,http://www.wikidata.org/entity/Q28907529,0,1138,,,
MAR,Marrocos,Q28883710,http://www.wikidata.org/entity/Q28895459,0,761,,,
MAR,Marrocos,Q28883708,http://www.wikidata.org/entity/Q28909051,0,470,,,
MAR,Marrocos,Q28883738,http://www.wikidata.org/entity/Q28901999,0,681,,,
MAR,Marrocos,Q28883739,http://www.wikidata.org/entity/Q28880748,0,507,,,
MAR,Marrocos,Q28883742,http://www.wikidata.org/entity/Q28902298,0,75,,,
MAR,Marrocos,Q28883743,http://www.wikidata.org/entity/Q28880748,0,200,,,
MAR,Marrocos,Q28883740,http://www.wikidata.org/entity/Q28880748,0,492,,,
MAR,Marrocos,Q28883741,http://www.wikidata.org/entity/Q28880748,0,222,,,
MAR,Marrocos,Q28883747,http://www.wikidata.org/entity/Q28896054,0,331,,,
MAR,Marrocos,Q28883744,http://www.wikidata.org/entity/Q28880748,0,101,,,
MAR,Marrocos,Q28883750,http://www.wikidata.org/entity/Q28896054,0,1557,,,
MAR,Marrocos,Q28883748,http://www.wikidata.org/entity/Q28896054,0,400,,,
MAR,Marrocos,Q28883754,http://www.wikidata.org/entity/Q28895493,0,412,,,
MAR,Marrocos,Q28883755,http://www.wikidata.org/entity/Q28895493,0,436,,,
MAR,Marrocos,Q28883753,http://www.wikidata.org/entity/Q28895493,0,758,,,
MAR,Marrocos,Q28883758,http://www.wikidata.org/entity/Q28903409,0,723,,,
MAR,Marrocos,Q28883759,http://www.wikidata.org/entity/Q28903409,0,487,,,
MAR,Marrocos,Q28883756,http://www.wikidata.org/entity/Q28903409,0,2413,,,
MAR,Marrocos,Q28883757,http://www.wikidata.org/entity/Q28903409,0,6,,,
MAR,Marrocos,Q28883760,http://www.wikidata.org/entity/Q28903409,0,429,,,
MAR,Marrocos,Q28883761,http://www.wikidata.org/entity/Q28903409,0,602,,,
MAR,Marrocos,Q28883914,http://www.wikidata.org/entity/Q28902283,0,371,,,
MAR,Marrocos,Q28883915,http://www.wikidata.org/entity/Q28902283,0,620,,,
MAR,Marrocos,Q28883918,http://www.wikidata.org/entity/Q28902283,0,655,,,
MAR,Marrocos,Q28883922,http://www.wikidata.org/entity/Q28902920,0,884,,,
MAR,Marrocos,Q28883923,http://www.wikidata.org/entity/Q28902920,0,937,,,
MAR,Marrocos,Q28883920,http://www.wikidata.org/entity/Q28902283,0,438,,,
MAR,Marrocos,Q28883921,http://www.wikidata.org/entity/Q28902920,0,872,,,
MAR,Marrocos,Q28883926,http://www.wikidata.org/entity/Q28904479,0,632,,,
MAR,Marrocos,Q28883924,http://www.wikidata.org/entity/Q28904479,0,377,,,
MAR,Marrocos,Q28883925,http://www.wikidata.org/entity/Q28904479,0,388,,,
MAR,Marrocos,Q28883930,http://www.wikidata.org/entity/Q28904479,0,2258,,,
MAR,Marrocos,Q28883928,http://www.wikidata.org/entity/Q28904479,0,223,,,
MAR,Marrocos,Q28883929,http://www.wikidata.org/entity/Q28904479,0,1076,,,
MAR,Marrocos,Q28884270,http://www.wikidata.org/entity/Q28899114,0,199,,,
MAR,Marrocos,Q28884269,http://www.wikidata.org/entity/Q28899114,0,120,,,
MAR,Marrocos,Q28884274,http://www.wikidata.org/entity/Q28899114,0,243,,,
MAR,Marrocos,Q28884272,http://www.wikidata.org/entity/Q28899114,0,140,,,
MAR,Marrocos,Q28884276,http://www.wikidata.org/entity/Q28899114,0,316,,,
MAR,Marrocos,Q28884277,http://www.wikidata.org/entity/Q28899114,0,73,,,
MAR,Marrocos,Q28884280,http://www.wikidata.org/entity/Q28903514,0,401,,,
MAR,Marrocos,Q28884281,http://www.wikidata.org/entity/Q28903514,0,545,,,
MAR,Marrocos,Q28884286,http://www.wikidata.org/entity/Q28903514,0,136,,,
MAR,Marrocos,Q28884287,http://www.wikidata.org/entity/Q28903514,0,133,,,
MAR,Marrocos,Q28884285,http://www.wikidata.org/entity/Q28903514,0,70,,,
MAR,Marrocos,Q28884290,http://www.wikidata.org/entity/Q28903514,0,99,,,
MAR,Marrocos,Q28884291,http://www.wikidata.org/entity/Q28903514,0,124,,,
MAR,Marrocos,Q28884288,http://www.wikidata.org/entity/Q28903514,0,356,,,
MAR,Marrocos,Q28884292,http://www.wikidata.org/entity/Q28903514,0,330,,,
MAR,Marrocos,Q28884293,http://www.wikidata.org/entity/Q28903514,0,394,,,
MAR,Marrocos,Q28884311,http://www.wikidata.org/entity/Q28902382,0,330,,,
MAR,Marrocos,Q28884309,http://www.wikidata.org/entity/Q28902382,0,231,,,
MAR,Marrocos,Q28884314,http://www.wikidata.org/entity/Q28902382,0,405,,,
MAR,Marrocos,Q28884312,http://www.wikidata.org/entity/Q28902382,0,174,,,
MAR,Marrocos,Q28884313,http://www.wikidata.org/entity/Q28902382,0,599,,,
MAR,Marrocos,Q28884318,http://www.wikidata.org/entity/Q28902382,0,60,,,
MAR,Marrocos,Q28884316,http://www.wikidata.org/entity/Q28902382,0,100,,,
MAR,Marrocos,Q28884323,http://www.wikidata.org/entity/Q28902318,0,1154,,,
MAR,Marrocos,Q28884320,http://www.wikidata.org/entity/Q28902382,0,374,,,
MAR,Marrocos,Q28884326,http://www.wikidata.org/entity/Q28902318,0,377,,,
MAR,Marrocos,Q28884327,http://www.wikidata.org/entity/Q28902318,0,185,,,
MAR,Marrocos,Q28884324,http://www.wikidata.org/entity/Q28902318,0,187,,,
MAR,Marrocos,Q28884325,http://www.wikidata.org/entity/Q28902318,0,133,,,
MAR,Marrocos,Q28884330,http://www.wikidata.org/entity/Q28902318,0,401,,,
MAR,Marrocos,Q28884331,http://www.wikidata.org/entity/Q28902544,0,476,,,
MAR,Marrocos,Q28884328,http://www.wikidata.org/entity/Q28902318,0,78,,,
MAR,Marrocos,Q28884329,http://www.wikidata.org/entity/Q28902318,0,482,,,
MAR,Marrocos,Q28884707,http://www.wikidata.org/entity/Q28900476,0,1077,,,
MAR,Marrocos,Q28884710,http://www.wikidata.org/entity/Q28900476,0,1308,,,
MAR,Marrocos,Q28884711,http://www.wikidata.org/entity/Q28899825,0,452,,,
MAR,Marrocos,Q28884708,http://www.wikidata.org/entity/Q28900476,0,815,,,
MAR,Marrocos,Q28884709,http://www.wikidata.org/entity/Q28900476,0,269,,,
MAR,Marrocos,Q28884712,http://www.wikidata.org/entity/Q28899825,0,272,,,
MAR,Marrocos,Q28884713,http://www.wikidata.org/entity/Q28899825,0,490,,,
MAR,Marrocos,Q28884718,http://www.wikidata.org/entity/Q28899825,0,581,,,
MAR,Marrocos,Q28884719,http://www.wikidata.org/entity/Q28899825,0,318,,,
MAR,Marrocos,Q28884716,http://www.wikidata.org/entity/Q28899825,0,337,,,
MAR,Marrocos,Q28884717,http://www.wikidata.org/entity/Q28899825,0,200,,,
MAR,Marrocos,Q28884720,http://www.wikidata.org/entity/Q28899825,0,1072,,,
MAR,Marrocos,Q28884721,http://www.wikidata.org/entity/Q28899825,0,778,,,
MAR,Marrocos,Q28884735,http://www.wikidata.org/entity/Q28902767,0,177,,,
MAR,Marrocos,Q28884733,http://www.wikidata.org/entity/Q28902767,0,985,,,
MAR,Marrocos,Q28884738,http://www.wikidata.org/entity/Q28902385,0,268,,,
MAR,Marrocos,Q28884742,http://www.wikidata.org/entity/Q28902271,0,166,,,
MAR,Marrocos,Q28884743,http://www.wikidata.org/entity/Q28902271,0,125,,,
MAR,Marrocos,Q28884741,http://www.wikidata.org/entity/Q28902385,0,208,,,
MAR,Marrocos,Q28884750,http://www.wikidata.org/entity/Q28902271,0,297,,,
MAR,Marrocos,Q28884751,http://www.wikidata.org/entity/Q28902271,0,83,,,
MAR,Marrocos,Q28884748,http://www.wikidata.org/entity/Q28902271,0,148,,,
MAR,Marrocos,Q28884755,http://www.wikidata.org/entity/Q28882648,0,378,,,
MAR,Marrocos,Q28884758,http://www.wikidata.org/entity/Q28882648,0,134,,,
MAR,Marrocos,Q28884759,http://www.wikidata.org/entity/Q28882648,0,291,,,
MAR,Marrocos,Q28884756,http://www.wikidata.org/entity/Q28882648,0,95,,,
MAR,Marrocos,Q28884757,http://www.wikidata.org/entity/Q28882648,0,78,,,
MAR,Marrocos,Q28884763,http://www.wikidata.org/entity/Q28902336,0,1275,,,
MAR,Marrocos,Q28884760,http://www.wikidata.org/entity/Q28902336,0,253,,,
MAR,Marrocos,Q28884761,http://www.wikidata.org/entity/Q28902336,0,349,,,
MAR,Marrocos,Q28884766,http://www.wikidata.org/entity/Q28902560,0,228,,,
MAR,Marrocos,Q28884767,http://www.wikidata.org/entity/Q28902560,0,321,,,
MAR,Marrocos,Q28884764,http://www.wikidata.org/entity/Q28902336,0,542,,,
MAR,Marrocos,Q28884771,http://www.wikidata.org/entity/Q28902560,0,400,,,
MAR,Marrocos,Q28884769,http://www.wikidata.org/entity/Q28902560,0,62,,,
MAR,Marrocos,Q28884774,http://www.wikidata.org/entity/Q28902560,0,157,,,
MAR,Marrocos,Q28884775,http://www.wikidata.org/entity/Q28902560,0,118,,,
MAR,Marrocos,Q28884772,http://www.wikidata.org/entity/Q28902560,0,168,,,
MAR,Marrocos,Q28884773,http://www.wikidata.org/entity/Q28902560,0,48,,,
MAR,Marrocos,Q28884778,http://www.wikidata.org/entity/Q28906708,0,391,,,
MAR,Marrocos,Q28884779,http://www.wikidata.org/entity/Q28906708,0,501,,,
MAR,Marrocos,Q28884776,http://www.wikidata.org/entity/Q28906708,0,602,,,
MAR,Marrocos,Q28884777,http://www.wikidata.org/entity/Q28906708,0,319,,,
MAR,Marrocos,Q28884782,http://www.wikidata.org/entity/Q28902484,0,507,,,
MAR,Marrocos,Q28884783,http://www.wikidata.org/entity/Q28902484,0,369,,,
MAR,Marrocos,Q28884781,http://www.wikidata.org/entity/Q28908730,0,1593,,,
MAR,Marrocos,Q28884786,http://www.wikidata.org/entity/Q28902484,0,452,,,
MAR,Marrocos,Q28884787,http://www.wikidata.org/entity/Q28902484,0,477,,,
MAR,Marrocos,Q28884785,http://www.wikidata.org/entity/Q28902484,0,725,,,
MAR,Marrocos,Q28884810,http://www.wikidata.org/entity/Q28898772,0,453,,,
MAR,Marrocos,Q28884811,http://www.wikidata.org/entity/Q28898772,0,654,,,
MAR,Marrocos,Q28884814,http://www.wikidata.org/entity/Q28895109,0,275,,,
MAR,Marrocos,Q28884815,http://www.wikidata.org/entity/Q28895109,0,92,,,
MAR,Marrocos,Q28884812,http://www.wikidata.org/entity/Q28898772,0,526,,,
MAR,Marrocos,Q28884813,http://www.wikidata.org/entity/Q28898772,0,471,,,
MAR,Marrocos,Q28884818,http://www.wikidata.org/entity/Q28895109,0,478,,,
MAR,Marrocos,Q28884819,http://www.wikidata.org/entity/Q28895109,0,915,,,
MAR,Marrocos,Q28884816,http://www.wikidata.org/entity/Q28895109,0,844,,,
MAR,Marrocos,Q28884817,http://www.wikidata.org/entity/Q28895109,0,384,,,
MAR,Marrocos,Q28884822,http://www.wikidata.org/entity/Q28895109,0,1210,,,
MAR,Marrocos,Q28884823,http://www.wikidata.org/entity/Q28895109,0,930,,,
MAR,Marrocos,Q28884820,http://www.wikidata.org/entity/Q28895109,0,447,,,
MAR,Marrocos,Q28884821,http://www.wikidata.org/entity/Q28895109,0,191,,,
MAR,Marrocos,Q28884826,http://www.wikidata.org/entity/Q28895109,0,554,,,
MAR,Marrocos,Q28884827,http://www.wikidata.org/entity/Q28889885,0,1284,,,
MAR,Marrocos,Q28884824,http://www.wikidata.org/entity/Q28895109,0,1385,,,
MAR,Marrocos,Q28884825,http://www.wikidata.org/entity/Q28895109,0,995,,,
MAR,Marrocos,Q28884828,http://www.wikidata.org/entity/Q28889885,0,276,,,
MAR,Marrocos,Q28884829,http://www.wikidata.org/entity/Q28889885,0,209,,,
MAR,Marrocos,Q28884838,http://www.wikidata.org/entity/Q28907815,0,1117,,,
MAR,Marrocos,Q28884839,http://www.wikidata.org/entity/Q28907815,0,428,,,
MAR,Marrocos,Q28884836,http://www.wikidata.org/entity/Q28907815,0,601,,,
MAR,Marrocos,Q28884837,http://www.wikidata.org/entity/Q28907815,0,894,,,
MAR,Marrocos,Q28884840,http://www.wikidata.org/entity/Q28907815,0,336,,,
MAR,Marrocos,Q28884846,http://www.wikidata.org/entity/Q28907815,0,411,,,
MAR,Marrocos,Q28884844,http://www.wikidata.org/entity/Q28907815,0,180,,,
MAR,Marrocos,Q28884845,http://www.wikidata.org/entity/Q28907815,0,804,,,
MAR,Marrocos,Q28884850,http://www.wikidata.org/entity/Q28907815,0,636,,,
MAR,Marrocos,Q28884851,http://www.wikidata.org/entity/Q28907815,0,201,,,
MAR,Marrocos,Q28884849,http://www.wikidata.org/entity/Q28907815,0,127,,,
MAR,Marrocos,Q28884854,http://www.wikidata.org/entity/Q28907815,0,314,,,
MAR,Marrocos,Q28884853,http://www.wikidata.org/entity/Q28907815,0,342,,,
MAR,Marrocos,Q28884856,http://www.wikidata.org/entity/Q28907815,0,332,,,
MAR,Marrocos,Q28884862,http://www.wikidata.org/entity/Q28884881,0,485,,,
MAR,Marrocos,Q28884863,http://www.wikidata.org/entity/Q28884881,0,87,,,
MAR,Marrocos,Q28884866,http://www.wikidata.org/entity/Q28884881,0,132,,,
MAR,Marrocos,Q28884867,http://www.wikidata.org/entity/Q28884881,0,141,,,
MAR,Marrocos,Q28884864,http://www.wikidata.org/entity/Q28884881,0,204,,,
MAR,Marrocos,Q28884870,http://www.wikidata.org/entity/Q28884881,0,213,,,
MAR,Marrocos,Q28884871,http://www.wikidata.org/entity/Q28884881,0,251,,,
MAR,Marrocos,Q28884868,http://www.wikidata.org/entity/Q28884881,0,389,,,
MAR,Marrocos,Q28884875,http://www.wikidata.org/entity/Q28884881,0,362,,,
MAR,Marrocos,Q28884872,http://www.wikidata.org/entity/Q28884881,0,916,,,
MAR,Marrocos,Q28884873,http://www.wikidata.org/entity/Q28884881,0,440,,,
MAR,Marrocos,Q28884879,http://www.wikidata.org/entity/Q28884881,0,168,,,
MAR,Marrocos,Q28884876,http://www.wikidata.org/entity/Q28884881,0,174,,,
MAR,Marrocos,Q28884877,http://www.wikidata.org/entity/Q28884881,0,504,,,
MAR,Marrocos,Q28884880,http://www.wikidata.org/entity/Q28884881,0,905,,,
MAR,Marrocos,Q28884902,http://www.wikidata.org/entity/Q28907817,0,1140,,,
MAR,Marrocos,Q28884903,http://www.wikidata.org/entity/Q28907817,0,276,,,
MAR,Marrocos,Q28884900,http://www.wikidata.org/entity/Q28907817,0,485,,,
MAR,Marrocos,Q28884907,http://www.wikidata.org/entity/Q28907817,0,865,,,
MAR,Marrocos,Q28884905,http://www.wikidata.org/entity/Q28907817,0,189,,,
MAR,Marrocos,Q28884911,http://www.wikidata.org/entity/Q28907817,0,120,,,
MAR,Marrocos,Q28884908,http://www.wikidata.org/entity/Q28907817,0,86,,,
MAR,Marrocos,Q28884913,http://www.wikidata.org/entity/Q28907817,0,543,,,
MAR,Marrocos,Q28884918,http://www.wikidata.org/entity/Q28907816,0,276,,,
MAR,Marrocos,Q28884916,http://www.wikidata.org/entity/Q28907816,0,1416,,,
MAR,Marrocos,Q28884917,http://www.wikidata.org/entity/Q28907816,0,89,,,
MAR,Marrocos,Q28884923,http://www.wikidata.org/entity/Q28907816,0,360,,,
MAR,Marrocos,Q28884920,http://www.wikidata.org/entity/Q28907816,0,289,,,
MAR,Marrocos,Q28884926,http://www.wikidata.org/entity/Q28907816,0,258,,,
MAR,Marrocos,Q28884924,http://www.wikidata.org/entity/Q28907816,0,474,,,
MAR,Marrocos,Q28884930,http://www.wikidata.org/entity/Q28907816,0,235,,,
MAR,Marrocos,Q28884931,http://www.wikidata.org/entity/Q28907816,0,326,,,
MAR,Marrocos,Q28884935,http://www.wikidata.org/entity/Q28909108,0,658,,,
MAR,Marrocos,Q28884932,http://www.wikidata.org/entity/Q28907816,0,348,,,
MAR,Marrocos,Q28884933,http://www.wikidata.org/entity/Q28890390,0,46,,,
MAR,Marrocos,Q28884939,http://www.wikidata.org/entity/Q28909108,0,517,,,
MAR,Marrocos,Q28884937,http://www.wikidata.org/entity/Q28909108,0,122,,,
MAR,Marrocos,Q28884941,http://www.wikidata.org/entity/Q28909108,0,416,,,
MAR,Marrocos,Q28884963,http://www.wikidata.org/entity/Q28905350,0,516,,,
MAR,Marrocos,Q28884966,http://www.wikidata.org/entity/Q28905350,0,165,,,
MAR,Marrocos,Q28885070,http://www.wikidata.org/entity/Q28894623,0,139,,,
MAR,Marrocos,Q28885071,http://www.wikidata.org/entity/Q28894623,0,76,,,
MAR,Marrocos,Q28885074,http://www.wikidata.org/entity/Q28894623,0,447,,,
MAR,Marrocos,Q28885075,http://www.wikidata.org/entity/Q28897389,0,124,,,
MAR,Marrocos,Q28885072,http://www.wikidata.org/entity/Q28894623,0,714,,,
MAR,Marrocos,Q28885073,http://www.wikidata.org/entity/Q28894623,0,289,,,
MAR,Marrocos,Q28885078,http://www.wikidata.org/entity/Q28898235,0,655,,,
MAR,Marrocos,Q28885079,http://www.wikidata.org/entity/Q28898235,0,226,,,
MAR,Marrocos,Q28885076,http://www.wikidata.org/entity/Q28894623,0,68,,,
MAR,Marrocos,Q28885077,http://www.wikidata.org/entity/Q28894623,0,469,,,
MAR,Marrocos,Q28885082,http://www.wikidata.org/entity/Q28898235,0,362,,,
MAR,Marrocos,Q28885083,http://www.wikidata.org/entity/Q28898235,0,432,,,
MAR,Marrocos,Q28885080,http://www.wikidata.org/entity/Q28898235,0,244,,,
MAR,Marrocos,Q28885081,http://www.wikidata.org/entity/Q28898235,0,176,,,
MAR,Marrocos,Q28885086,http://www.wikidata.org/entity/Q28898235,0,201,,,
MAR,Marrocos,Q28885087,http://www.wikidata.org/entity/Q28898235,0,200,,,
MAR,Marrocos,Q28885084,http://www.wikidata.org/entity/Q28898235,0,144,,,
MAR,Marrocos,Q28885085,http://www.wikidata.org/entity/Q28898235,0,328,,,
MAR,Marrocos,Q28885090,http://www.wikidata.org/entity/Q28898235,0,341,,,
MAR,Marrocos,Q28885088,http://www.wikidata.org/entity/Q28898235,0,384,,,
MAR,Marrocos,Q28885089,http://www.wikidata.org/entity/Q28898235,0,372,,,
MAR,Marrocos,Q28885114,http://www.wikidata.org/entity/Q28890765,0,275,,,
MAR,Marrocos,Q28885115,http://www.wikidata.org/entity/Q28890765,0,356,,,
MAR,Marrocos,Q28885112,http://www.wikidata.org/entity/Q28890765,0,157,,,
MAR,Marrocos,Q28885113,http://www.wikidata.org/entity/Q28890765,0,118,,,
MAR,Marrocos,Q28885118,http://www.wikidata.org/entity/Q28890765,0,201,,,
MAR,Marrocos,Q28885119,http://www.wikidata.org/entity/Q28890765,0,121,,,
MAR,Marrocos,Q28885116,http://www.wikidata.org/entity/Q28890765,0,148,,,
MAR,Marrocos,Q28885117,http://www.wikidata.org/entity/Q28890765,0,309,,,
MAR,Marrocos,Q28885122,http://www.wikidata.org/entity/Q28890765,0,183,,,
MAR,Marrocos,Q28885123,http://www.wikidata.org/entity/Q28890765,0,163,,,
MAR,Marrocos,Q28885120,http://www.wikidata.org/entity/Q28890765,0,83,,,
MAR,Marrocos,Q28885121,http://www.wikidata.org/entity/Q28890765,0,179,,,
MAR,Marrocos,Q28885126,http://www.wikidata.org/entity/Q28890765,0,202,,,
MAR,Marrocos,Q28885124,http://www.wikidata.org/entity/Q28890765,0,25,,,
MAR,Marrocos,Q28885125,http://www.wikidata.org/entity/Q28890765,0,181,,,
MAR,Marrocos,Q28885239,http://www.wikidata.org/entity/Q28909430,0,118,,,
MAR,Marrocos,Q28885243,http://www.wikidata.org/entity/Q28909430,0,183,,,
MAR,Marrocos,Q28885240,http://www.wikidata.org/entity/Q28909430,0,12,,,
MAR,Marrocos,Q28885246,http://www.wikidata.org/entity/Q28909430,0,365,,,
MAR,Marrocos,Q28885247,http://www.wikidata.org/entity/Q28909430,0,600,,,
MAR,Marrocos,Q28885245,http://www.wikidata.org/entity/Q28909430,0,40,,,
MAR,Marrocos,Q28885248,http://www.wikidata.org/entity/Q28890773,0,130,,,
MAR,Marrocos,Q28885335,http://www.wikidata.org/entity/Q28889903,0,515,,,
MAR,Marrocos,Q28885883,http://www.wikidata.org/entity/Q28901520,0,501,,,
MAR,Marrocos,Q28885886,http://www.wikidata.org/entity/Q28901520,0,203,,,
MAR,Marrocos,Q28885887,http://www.wikidata.org/entity/Q28901520,0,848,,,
MAR,Marrocos,Q28885884,http://www.wikidata.org/entity/Q28901520,0,62,,,
MAR,Marrocos,Q28885885,http://www.wikidata.org/entity/Q28901520,0,518,,,
MAR,Marrocos,Q28885890,http://www.wikidata.org/entity/Q28897773,0,208,,,
MAR,Marrocos,Q28885891,http://www.wikidata.org/entity/Q28897773,0,68,,,
MAR,Marrocos,Q28885889,http://www.wikidata.org/entity/Q28897773,0,318,,,
MAR,Marrocos,Q28885894,http://www.wikidata.org/entity/Q28897773,0,143,,,
MAR,Marrocos,Q28885895,http://www.wikidata.org/entity/Q28897773,0,376,,,
MAR,Marrocos,Q28885892,http://www.wikidata.org/entity/Q28897773,0,257,,,
MAR,Marrocos,Q28885893,http://www.wikidata.org/entity/Q28897773,0,216,,,
MAR,Marrocos,Q28885898,http://www.wikidata.org/entity/Q28897773,0,296,,,
MAR,Marrocos,Q28885896,http://www.wikidata.org/entity/Q28897773,0,765,,,
MAR,Marrocos,Q28885897,http://www.wikidata.org/entity/Q28897773,0,523,,,
MAR,Marrocos,Q28885902,http://www.wikidata.org/entity/Q28897773,0,72,,,
MAR,Marrocos,Q28885903,http://www.wikidata.org/entity/Q28897773,0,174,,,
MAR,Marrocos,Q28885900,http://www.wikidata.org/entity/Q28897773,0,245,,,
MAR,Marrocos,Q28885901,http://www.wikidata.org/entity/Q28897773,0,113,,,
MAR,Marrocos,Q28885906,http://www.wikidata.org/entity/Q28883347,0,34,,,
MAR,Marrocos,Q28885907,http://www.wikidata.org/entity/Q28883347,0,13,,,
MAR,Marrocos,Q28885904,http://www.wikidata.org/entity/Q28897773,0,1015,,,
MAR,Marrocos,Q28885905,http://www.wikidata.org/entity/Q28897773,0,2397,,,
MAR,Marrocos,Q28885910,http://www.wikidata.org/entity/Q28883347,0,46,,,
MAR,Marrocos,Q28885911,http://www.wikidata.org/entity/Q28883347,0,57,,,
MAR,Marrocos,Q28885908,http://www.wikidata.org/entity/Q28883347,0,32,,,
MAR,Marrocos,Q28885914,http://www.wikidata.org/entity/Q28883347,0,333,,,
MAR,Marrocos,Q28885915,http://www.wikidata.org/entity/Q28883347,0,50,,,
MAR,Marrocos,Q28885912,http://www.wikidata.org/entity/Q28883347,0,104,,,
MAR,Marrocos,Q28885913,http://www.wikidata.org/entity/Q28883347,0,44,,,
MAR,Marrocos,Q28885916,http://www.wikidata.org/entity/Q28893201,0,33,,,
MAR,Marrocos,Q28885917,http://www.wikidata.org/entity/Q28893201,0,11,,,
MAR,Marrocos,Q28885922,http://www.wikidata.org/entity/Q28893201,0,35,,,
MAR,Marrocos,Q28885926,http://www.wikidata.org/entity/Q28893201,0,19,,,
MAR,Marrocos,Q28885971,http://www.wikidata.org/entity/Q28892639,0,24,,,
MAR,Marrocos,Q28885974,http://www.wikidata.org/entity/Q28892639,0,16,,,
MAR,Marrocos,Q28885975,http://www.wikidata.org/entity/Q28892639,0,8,,,
MAR,Marrocos,Q28885978,http://www.wikidata.org/entity/Q28892639,0,9,,,
MAR,Marrocos,Q28885979,http://www.wikidata.org/entity/Q28892639,0,47,,,
MAR,Marrocos,Q28885976,http://www.wikidata.org/entity/Q28892639,0,105,,,
MAR,Marrocos,Q28885977,http://www.wikidata.org/entity/Q28892639,0,6,,,
MAR,Marrocos,Q28885983,http://www.wikidata.org/entity/Q28892639,0,94,,,
MAR,Marrocos,Q28885980,http://www.wikidata.org/entity/Q28892639,0,36,,,
MAR,Marrocos,Q28885981,http://www.wikidata.org/entity/Q28892639,0,17,,,
MAR,Marrocos,Q28885986,http://www.wikidata.org/entity/Q28892639,0,41,,,
MAR,Marrocos,Q28885987,http://www.wikidata.org/entity/Q28892639,0,4,,,
MAR,Marrocos,Q28885985,http://www.wikidata.org/entity/Q28892639,0,37,,,
MAR,Marrocos,Q28885988,http://www.wikidata.org/entity/Q28892639,0,141,,,
MAR,Marrocos,Q28885989,http://www.wikidata.org/entity/Q28892639,0,8,,,
MAR,Marrocos,Q28886042,http://www.wikidata.org/entity/Q28892182,0,25,,,
MAR,Marrocos,Q28886043,http://www.wikidata.org/entity/Q28892182,0,103,,,
MAR,Marrocos,Q28886040,http://www.wikidata.org/entity/Q28892182,0,144,,,
MAR,Marrocos,Q28886046,http://www.wikidata.org/entity/Q28892182,0,88,,,
MAR,Marrocos,Q28886050,http://www.wikidata.org/entity/Q28892182,0,140,,,
MAR,Marrocos,Q28886051,http://www.wikidata.org/entity/Q28892182,0,51,,,
MAR,Marrocos,Q28886048,http://www.wikidata.org/entity/Q28892182,0,180,,,
MAR,Marrocos,Q28886054,http://www.wikidata.org/entity/Q28892188,0,28,,,
MAR,Marrocos,Q28886055,http://www.wikidata.org/entity/Q28892188,0,122,,,
MAR,Marrocos,Q28886058,http://www.wikidata.org/entity/Q28892188,0,30,,,
MAR,Marrocos,Q28886062,http://www.wikidata.org/entity/Q28892188,0,56,,,
MAR,Marrocos,Q28886063,http://www.wikidata.org/entity/Q28892188,0,55,,,
MAR,Marrocos,Q28886060,http://www.wikidata.org/entity/Q28892188,0,29,,,
MAR,Marrocos,Q28886061,http://www.wikidata.org/entity/Q28892188,0,148,,,
MAR,Marrocos,Q28886066,http://www.wikidata.org/entity/Q28892188,0,30,,,
MAR,Marrocos,Q28886067,http://www.wikidata.org/entity/Q28892188,0,22,,,
MAR,Marrocos,Q28886070,http://www.wikidata.org/entity/Q28892188,0,49,,,
MAR,Marrocos,Q28886071,http://www.wikidata.org/entity/Q28892188,0,68,,,
MAR,Marrocos,Q28886068,http://www.wikidata.org/entity/Q28892188,0,59,,,
MAR,Marrocos,Q28886069,http://www.wikidata.org/entity/Q28892188,0,20,,,
MAR,Marrocos,Q28886076,http://www.wikidata.org/entity/Q28892188,0,3,,,
MAR,Marrocos,Q28886077,http://www.wikidata.org/entity/Q28892188,0,124,,,
MAR,Marrocos,Q28886083,http://www.wikidata.org/entity/Q28892188,0,77,,,
MAR,Marrocos,Q28886080,http://www.wikidata.org/entity/Q28892188,0,17,,,
MAR,Marrocos,Q28887278,http://www.wikidata.org/entity/Q28892675,0,1474,,,
MAR,Marrocos,Q28887279,http://www.wikidata.org/entity/Q28892675,0,1782,,,
MAR,Marrocos,Q28887276,http://www.wikidata.org/entity/Q28891329,0,316,,,
MAR,Marrocos,Q28887283,http://www.wikidata.org/entity/Q28892674,0,394,,,
MAR,Marrocos,Q28887280,http://www.wikidata.org/entity/Q28892675,0,2502,,,
MAR,Marrocos,Q28887281,http://www.wikidata.org/entity/Q28902411,0,474,,,
MAR,Marrocos,Q28887285,http://www.wikidata.org/entity/Q28892295,0,1321,,,
MAR,Marrocos,Q28887391,http://www.wikidata.org/entity/Q28900028,0,890,,,
MAR,Marrocos,Q28887394,http://www.wikidata.org/entity/Q28900028,0,667,,,
MAR,Marrocos,Q28887395,http://www.wikidata.org/entity/Q28900028,0,300,,,
MAR,Marrocos,Q28887392,http://www.wikidata.org/entity/Q28900028,0,1099,,,
MAR,Marrocos,Q28887393,http://www.wikidata.org/entity/Q28900028,0,1452,,,
MAR,Marrocos,Q28887398,http://www.wikidata.org/entity/Q28900028,0,492,,,
MAR,Marrocos,Q28887396,http://www.wikidata.org/entity/Q28900028,0,1733,,,
MAR,Marrocos,Q28887397,http://www.wikidata.org/entity/Q28900028,0,2526,,,
MAR,Marrocos,Q28887402,http://www.wikidata.org/entity/Q28900028,0,416,,,
MAR,Marrocos,Q28887403,http://www.wikidata.org/entity/Q28898926,0,1290,,,
MAR,Marrocos,Q28887400,http://www.wikidata.org/entity/Q28900028,0,413,,,
MAR,Marrocos,Q28887401,http://www.wikidata.org/entity/Q28900028,0,1341,,,
MAR,Marrocos,Q28887406,http://www.wikidata.org/entity/Q28898926,0,495,,,
MAR,Marrocos,Q28887407,http://www.wikidata.org/entity/Q28898926,0,961,,,
MAR,Marrocos,Q28887404,http://www.wikidata.org/entity/Q28898926,0,431,,,
MAR,Marrocos,Q28887405,http://www.wikidata.org/entity/Q28898926,0,420,,,
MAR,Marrocos,Q28887410,http://www.wikidata.org/entity/Q28909230,0,753,,,
MAR,Marrocos,Q28887411,http://www.wikidata.org/entity/Q28909230,0,1430,,,
MAR,Marrocos,Q28887408,http://www.wikidata.org/entity/Q28898926,0,1174,,,
MAR,Marrocos,Q28887409,http://www.wikidata.org/entity/Q28909230,0,5190,,,
MAR,Marrocos,Q28886230,http://www.wikidata.org/entity/Q28893170,0,18,,,
MAR,Marrocos,Q28886231,http://www.wikidata.org/entity/Q28893170,0,39,,,
MAR,Marrocos,Q28886229,http://www.wikidata.org/entity/Q28893170,0,30,,,
MAR,Marrocos,Q28886235,http://www.wikidata.org/entity/Q28893170,0,130,,,
MAR,Marrocos,Q28886232,http://www.wikidata.org/entity/Q28893170,0,27,,,
MAR,Marrocos,Q28886233,http://www.wikidata.org/entity/Q28893170,0,4,,,
MAR,Marrocos,Q28886239,http://www.wikidata.org/entity/Q28893170,0,167,,,
MAR,Marrocos,Q28886236,http://www.wikidata.org/entity/Q28893170,0,44,,,
MAR,Marrocos,Q28886237,http://www.wikidata.org/entity/Q28893170,0,46,,,
MAR,Marrocos,Q28886241,http://www.wikidata.org/entity/Q28893170,0,70,,,
MAR,Marrocos,Q28886246,http://www.wikidata.org/entity/Q28893573,0,50,,,
MAR,Marrocos,Q28886247,http://www.wikidata.org/entity/Q28893573,0,39,,,
MAR,Marrocos,Q28886244,http://www.wikidata.org/entity/Q28893573,0,83,,,
MAR,Marrocos,Q28886250,http://www.wikidata.org/entity/Q28893573,0,51,,,
MAR,Marrocos,Q28886249,http://www.wikidata.org/entity/Q28893573,0,26,,,
MAR,Marrocos,Q28886254,http://www.wikidata.org/entity/Q28904804,0,88,,,
MAR,Marrocos,Q28886255,http://www.wikidata.org/entity/Q28904804,0,31,,,
MAR,Marrocos,Q28886252,http://www.wikidata.org/entity/Q28904804,0,81,,,
MAR,Marrocos,Q28886259,http://www.wikidata.org/entity/Q28904804,0,22,,,
MAR,Marrocos,Q28886256,http://www.wikidata.org/entity/Q28904804,0,55,,,
MAR,Marrocos,Q28886257,http://www.wikidata.org/entity/Q28904804,0,69,,,
MAR,Marrocos,Q28886263,http://www.wikidata.org/entity/Q28904804,0,34,,,
MAR,Marrocos,Q28886260,http://www.wikidata.org/entity/Q28904804,0,53,,,
MAR,Marrocos,Q28886261,http://www.wikidata.org/entity/Q28904804,0,39,,,
MAR,Marrocos,Q28886266,http://www.wikidata.org/entity/Q28904804,0,54,,,
MAR,Marrocos,Q28886267,http://www.wikidata.org/entity/Q28904804,0,16,,,
MAR,Marrocos,Q28886264,http://www.wikidata.org/entity/Q28904804,0,72,,,
MAR,Marrocos,Q28886265,http://www.wikidata.org/entity/Q28904804,0,68,,,
MAR,Marrocos,Q28886270,http://www.wikidata.org/entity/Q28904804,0,27,,,
MAR,Marrocos,Q28886268,http://www.wikidata.org/entity/Q28904804,0,38,,,
MAR,Marrocos,Q28886274,http://www.wikidata.org/entity/Q28903923,0,52,,,
MAR,Marrocos,Q28886275,http://www.wikidata.org/entity/Q28903923,0,94,,,
MAR,Marrocos,Q28886272,http://www.wikidata.org/entity/Q28904804,0,2,,,
MAR,Marrocos,Q28886277,http://www.wikidata.org/entity/Q28903923,0,53,,,
MAR,Marrocos,Q28886282,http://www.wikidata.org/entity/Q28903923,0,13,,,
MAR,Marrocos,Q28886280,http://www.wikidata.org/entity/Q28903923,0,21,,,
MAR,Marrocos,Q28886286,http://www.wikidata.org/entity/Q28892610,0,36,,,
MAR,Marrocos,Q28886287,http://www.wikidata.org/entity/Q28892610,0,42,,,
MAR,Marrocos,Q28886284,http://www.wikidata.org/entity/Q28903923,0,25,,,
MAR,Marrocos,Q28886285,http://www.wikidata.org/entity/Q28903923,0,25,,,
MAR,Marrocos,Q28886291,http://www.wikidata.org/entity/Q28892610,0,21,,,
MAR,Marrocos,Q28886292,http://www.wikidata.org/entity/Q28892610,0,66,,,
MAR,Marrocos,Q28886293,http://www.wikidata.org/entity/Q28892610,0,20,,,
MAR,Marrocos,Q28886298,http://www.wikidata.org/entity/Q28892610,0,76,,,
MAR,Marrocos,Q28886299,http://www.wikidata.org/entity/Q28892610,0,139,,,
MAR,Marrocos,Q28886296,http://www.wikidata.org/entity/Q28892610,0,20,,,
MAR,Marrocos,Q28886297,http://www.wikidata.org/entity/Q28892610,0,153,,,
MAR,Marrocos,Q28886303,http://www.wikidata.org/entity/Q28892610,0,98,,,
MAR,Marrocos,Q28886300,http://www.wikidata.org/entity/Q28892610,0,77,,,
MAR,Marrocos,Q28886307,http://www.wikidata.org/entity/Q28892610,0,43,,,
MAR,Marrocos,Q28886310,http://www.wikidata.org/entity/Q28892610,0,25,,,
MAR,Marrocos,Q28886311,http://www.wikidata.org/entity/Q28892610,0,97,,,
MAR,Marrocos,Q28886308,http://www.wikidata.org/entity/Q28892610,0,10,,,
MAR,Marrocos,Q28886309,http://www.wikidata.org/entity/Q28892610,0,6,,,
MAR,Marrocos,Q28886314,http://www.wikidata.org/entity/Q28892610,0,109,,,
MAR,Marrocos,Q28886315,http://www.wikidata.org/entity/Q28892610,0,47,,,
MAR,Marrocos,Q28886312,http://www.wikidata.org/entity/Q28892610,0,66,,,
MAR,Marrocos,Q28886313,http://www.wikidata.org/entity/Q28892610,0,49,,,
MAR,Marrocos,Q28886319,http://www.wikidata.org/entity/Q28892628,0,63,,,
MAR,Marrocos,Q28886316,http://www.wikidata.org/entity/Q28892610,0,22,,,
MAR,Marrocos,Q28886317,http://www.wikidata.org/entity/Q28892610,0,15,,,
MAR,Marrocos,Q28886323,http://www.wikidata.org/entity/Q28892628,0,35,,,
MAR,Marrocos,Q28886320,http://www.wikidata.org/entity/Q28892628,0,19,,,
MAR,Marrocos,Q28886326,http://www.wikidata.org/entity/Q28892628,0,1,,,
MAR,Marrocos,Q28886327,http://www.wikidata.org/entity/Q28892628,0,26,,,
MAR,Marrocos,Q28886325,http://www.wikidata.org/entity/Q28892628,0,17,,,
MAR,Marrocos,Q28886328,http://www.wikidata.org/entity/Q28892628,0,62,,,
MAR,Marrocos,Q28886329,http://www.wikidata.org/entity/Q28892628,0,24,,,
MAR,Marrocos,Q28886374,http://www.wikidata.org/entity/Q28893190,0,20,,,
MAR,Marrocos,Q28886375,http://www.wikidata.org/entity/Q28893190,0,4,,,
MAR,Marrocos,Q28886378,http://www.wikidata.org/entity/Q28893190,0,54,,,
MAR,Marrocos,Q28886379,http://www.wikidata.org/entity/Q28890531,0,53,,,
MAR,Marrocos,Q28886376,http://www.wikidata.org/entity/Q28893190,0,55,,,
MAR,Marrocos,Q28886377,http://www.wikidata.org/entity/Q28893190,0,19,,,
MAR,Marrocos,Q28886382,http://www.wikidata.org/entity/Q28890531,0,22,,,
MAR,Marrocos,Q28886383,http://www.wikidata.org/entity/Q28890531,0,24,,,
MAR,Marrocos,Q28886380,http://www.wikidata.org/entity/Q28890531,0,66,,,
MAR,Marrocos,Q28886386,http://www.wikidata.org/entity/Q28890531,0,27,,,
MAR,Marrocos,Q28886387,http://www.wikidata.org/entity/Q28890531,0,13,,,
MAR,Marrocos,Q28886385,http://www.wikidata.org/entity/Q28890531,0,47,,,
MAR,Marrocos,Q28886391,http://www.wikidata.org/entity/Q28909384,0,30,,,
MAR,Marrocos,Q28886389,http://www.wikidata.org/entity/Q28909384,0,111,,,
MAR,Marrocos,Q28886392,http://www.wikidata.org/entity/Q28909384,0,6,,,
MAR,Marrocos,Q28886393,http://www.wikidata.org/entity/Q28909384,0,47,,,
MAR,Marrocos,Q28886399,http://www.wikidata.org/entity/Q28904989,0,47,,,
MAR,Marrocos,Q28886397,http://www.wikidata.org/entity/Q28909384,0,113,,,
MAR,Marrocos,Q28886402,http://www.wikidata.org/entity/Q28904989,0,25,,,
MAR,Marrocos,Q28886400,http://www.wikidata.org/entity/Q28904989,0,44,,,
MAR,Marrocos,Q28886401,http://www.wikidata.org/entity/Q28904989,0,21,,,
MAR,Marrocos,Q28886406,http://www.wikidata.org/entity/Q28904989,0,50,,,
MAR,Marrocos,Q28886404,http://www.wikidata.org/entity/Q28904989,0,81,,,
MAR,Marrocos,Q28886405,http://www.wikidata.org/entity/Q28904989,0,77,,,
MAR,Marrocos,Q28886408,http://www.wikidata.org/entity/Q28904989,0,109,,,
MAR,Marrocos,Q28886412,http://www.wikidata.org/entity/Q28890571,0,71,,,
MAR,Marrocos,Q28886418,http://www.wikidata.org/entity/Q28890262,0,74,,,
MAR,Marrocos,Q28886419,http://www.wikidata.org/entity/Q28890262,0,166,,,
MAR,Marrocos,Q28886416,http://www.wikidata.org/entity/Q28890571,0,86,,,
MAR,Marrocos,Q28886422,http://www.wikidata.org/entity/Q28890262,0,69,,,
MAR,Marrocos,Q28886423,http://www.wikidata.org/entity/Q28890262,0,77,,,
MAR,Marrocos,Q28886420,http://www.wikidata.org/entity/Q28890262,0,5,,,
MAR,Marrocos,Q28886081,http://www.wikidata.org/entity/Q28892188,0,63,,,
MAR,Marrocos,Q28886086,http://www.wikidata.org/entity/Q28897260,0,59,,,
MAR,Marrocos,Q28886087,http://www.wikidata.org/entity/Q28897260,0,112,,,
MAR,Marrocos,Q28886084,http://www.wikidata.org/entity/Q28892188,0,34,,,
MAR,Marrocos,Q28886090,http://www.wikidata.org/entity/Q28897260,0,39,,,
MAR,Marrocos,Q28886091,http://www.wikidata.org/entity/Q28897260,0,14,,,
MAR,Marrocos,Q28886088,http://www.wikidata.org/entity/Q28897260,0,59,,,
MAR,Marrocos,Q28886089,http://www.wikidata.org/entity/Q28897260,0,52,,,
MAR,Marrocos,Q28886094,http://www.wikidata.org/entity/Q28897260,0,43,,,
MAR,Marrocos,Q28886095,http://www.wikidata.org/entity/Q28897260,0,33,,,
MAR,Marrocos,Q28886093,http://www.wikidata.org/entity/Q28897260,0,48,,,
MAR,Marrocos,Q28886098,http://www.wikidata.org/entity/Q28897260,0,60,,,
MAR,Marrocos,Q28886099,http://www.wikidata.org/entity/Q28897260,0,7,,,
MAR,Marrocos,Q28886097,http://www.wikidata.org/entity/Q28897260,0,39,,,
MAR,Marrocos,Q28886102,http://www.wikidata.org/entity/Q28893723,0,47,,,
MAR,Marrocos,Q28886101,http://www.wikidata.org/entity/Q28893723,0,53,,,
MAR,Marrocos,Q28886106,http://www.wikidata.org/entity/Q28893723,0,161,,,
MAR,Marrocos,Q28886104,http://www.wikidata.org/entity/Q28893723,0,38,,,
MAR,Marrocos,Q28886111,http://www.wikidata.org/entity/Q28893723,0,45,,,
MAR,Marrocos,Q28886108,http://www.wikidata.org/entity/Q28893723,0,66,,,
MAR,Marrocos,Q28886109,http://www.wikidata.org/entity/Q28893723,0,32,,,
MAR,Marrocos,Q28886114,http://www.wikidata.org/entity/Q28893723,0,87,,,
MAR,Marrocos,Q28886115,http://www.wikidata.org/entity/Q28893723,0,64,,,
MAR,Marrocos,Q28886113,http://www.wikidata.org/entity/Q28893723,0,58,,,
MAR,Marrocos,Q28886118,http://www.wikidata.org/entity/Q28892170,0,36,,,
MAR,Marrocos,Q28886119,http://www.wikidata.org/entity/Q28892170,0,13,,,
MAR,Marrocos,Q28886116,http://www.wikidata.org/entity/Q28893723,0,202,,,
MAR,Marrocos,Q28886117,http://www.wikidata.org/entity/Q28893723,0,108,,,
MAR,Marrocos,Q28886122,http://www.wikidata.org/entity/Q28892170,0,85,,,
MAR,Marrocos,Q28886123,http://www.wikidata.org/entity/Q28892170,0,59,,,
MAR,Marrocos,Q28886121,http://www.wikidata.org/entity/Q28892170,0,20,,,
MAR,Marrocos,Q28886126,http://www.wikidata.org/entity/Q28892170,0,12,,,
MAR,Marrocos,Q28886127,http://www.wikidata.org/entity/Q28892170,0,15,,,
MAR,Marrocos,Q28886124,http://www.wikidata.org/entity/Q28892170,0,37,,,
MAR,Marrocos,Q28886125,http://www.wikidata.org/entity/Q28892170,0,22,,,
MAR,Marrocos,Q28886134,http://www.wikidata.org/entity/Q28896724,0,54,,,
MAR,Marrocos,Q28886135,http://www.wikidata.org/entity/Q28896724,0,35,,,
MAR,Marrocos,Q28886132,http://www.wikidata.org/entity/Q28896724,0,100,,,
MAR,Marrocos,Q28886133,http://www.wikidata.org/entity/Q28896724,0,64,,,
MAR,Marrocos,Q28886138,http://www.wikidata.org/entity/Q28896724,0,40,,,
MAR,Marrocos,Q28886139,http://www.wikidata.org/entity/Q28886149,0,1506,,,
MAR,Marrocos,Q28886136,http://www.wikidata.org/entity/Q28896724,0,20,,,
MAR,Marrocos,Q28886137,http://www.wikidata.org/entity/Q28896724,0,28,,,
MAR,Marrocos,Q28886142,http://www.wikidata.org/entity/Q28896724,0,58,,,
MAR,Marrocos,Q28886143,http://www.wikidata.org/entity/Q28896724,0,88,,,
MAR,Marrocos,Q28886140,http://www.wikidata.org/entity/Q28896724,0,10,,,
MAR,Marrocos,Q28886141,http://www.wikidata.org/entity/Q28896724,0,42,,,
MAR,Marrocos,Q28886146,http://www.wikidata.org/entity/Q28896724,0,29,,,
MAR,Marrocos,Q28886147,http://www.wikidata.org/entity/Q28896724,0,46,,,
MAR,Marrocos,Q28886144,http://www.wikidata.org/entity/Q28896724,0,19,,,
MAR,Marrocos,Q28886145,http://www.wikidata.org/entity/Q28896724,0,31,,,
MAR,Marrocos,Q28886150,http://www.wikidata.org/entity/Q28896724,0,17,,,
MAR,Marrocos,Q28886151,http://www.wikidata.org/entity/Q28896724,0,54,,,
MAR,Marrocos,Q28886148,http://www.wikidata.org/entity/Q28896724,0,22,,,
MAR,Marrocos,Q28886154,http://www.wikidata.org/entity/Q28896724,0,57,,,
MAR,Marrocos,Q28886155,http://www.wikidata.org/entity/Q28896724,0,17,,,
MAR,Marrocos,Q28886152,http://www.wikidata.org/entity/Q28896724,0,55,,29.839843,-9.046217
MAR,Marrocos,Q28886153,http://www.wikidata.org/entity/Q28896724,0,5,,,
MAR,Marrocos,Q28886158,http://www.wikidata.org/entity/Q28896715,0,71,,,
MAR,Marrocos,Q28886156,http://www.wikidata.org/entity/Q28896724,0,35,,,
MAR,Marrocos,Q28886157,http://www.wikidata.org/entity/Q28896724,0,9,,,
MAR,Marrocos,Q28886170,http://www.wikidata.org/entity/Q28897940,0,240,,,
MAR,Marrocos,Q28886171,http://www.wikidata.org/entity/Q28897940,0,15,,,
MAR,Marrocos,Q28886169,http://www.wikidata.org/entity/Q28897940,0,63,,,
MAR,Marrocos,Q28886174,http://www.wikidata.org/entity/Q28897940,0,59,,,
MAR,Marrocos,Q28886175,http://www.wikidata.org/entity/Q28897940,0,23,,,
MAR,Marrocos,Q28886172,http://www.wikidata.org/entity/Q28897940,0,33,,,
MAR,Marrocos,Q28886173,http://www.wikidata.org/entity/Q28897940,0,27,,,
MAR,Marrocos,Q28886178,http://www.wikidata.org/entity/Q28897940,0,29,,,
MAR,Marrocos,Q28886179,http://www.wikidata.org/entity/Q28897940,0,82,,,
MAR,Marrocos,Q28886177,http://www.wikidata.org/entity/Q28897940,0,127,,,
MAR,Marrocos,Q28886182,http://www.wikidata.org/entity/Q28897940,0,1,,,
MAR,Marrocos,Q28886180,http://www.wikidata.org/entity/Q28897940,0,45,,,
MAR,Marrocos,Q28886181,http://www.wikidata.org/entity/Q28897940,0,24,,,
MAR,Marrocos,Q28886202,http://www.wikidata.org/entity/Q28896420,0,87,,,
MAR,Marrocos,Q28886203,http://www.wikidata.org/entity/Q28896420,0,98,,,
MAR,Marrocos,Q28886201,http://www.wikidata.org/entity/Q28896420,0,58,,,
MAR,Marrocos,Q28886206,http://www.wikidata.org/entity/Q28896420,0,84,,,
MAR,Marrocos,Q28886207,http://www.wikidata.org/entity/Q28896420,0,16,,,
MAR,Marrocos,Q28886204,http://www.wikidata.org/entity/Q28896420,0,92,,,
MAR,Marrocos,Q28886205,http://www.wikidata.org/entity/Q28896420,0,39,,,
MAR,Marrocos,Q28886210,http://www.wikidata.org/entity/Q28896420,0,190,,,
MAR,Marrocos,Q28886211,http://www.wikidata.org/entity/Q28896420,0,63,,,
MAR,Marrocos,Q28886208,http://www.wikidata.org/entity/Q28896420,0,8,,,
MAR,Marrocos,Q28886209,http://www.wikidata.org/entity/Q28896420,0,77,,,
MAR,Marrocos,Q28886214,http://www.wikidata.org/entity/Q28896420,0,35,,,
MAR,Marrocos,Q28886215,http://www.wikidata.org/entity/Q28896420,0,51,,,
MAR,Marrocos,Q28886212,http://www.wikidata.org/entity/Q28896420,0,54,,,
MAR,Marrocos,Q28886213,http://www.wikidata.org/entity/Q28896420,0,47,,,
MAR,Marrocos,Q28886218,http://www.wikidata.org/entity/Q28896420,0,29,,,
MAR,Marrocos,Q28886219,http://www.wikidata.org/entity/Q28896420,0,17,,,
MAR,Marrocos,Q28886216,http://www.wikidata.org/entity/Q28896420,0,34,,,
MAR,Marrocos,Q28886217,http://www.wikidata.org/entity/Q28896420,0,16,,,
MAR,Marrocos,Q28886222,http://www.wikidata.org/entity/Q28893170,0,37,,,
MAR,Marrocos,Q28886223,http://www.wikidata.org/entity/Q28893170,0,28,,,
MAR,Marrocos,Q28886220,http://www.wikidata.org/entity/Q28896420,0,25,,,
MAR,Marrocos,Q28886221,http://www.wikidata.org/entity/Q28896420,0,1,,,
MAR,Marrocos,Q28886226,http://www.wikidata.org/entity/Q28893170,0,27,,,
MAR,Marrocos,Q28886224,http://www.wikidata.org/entity/Q28893170,0,22,,,
MAR,Marrocos,Q28886225,http://www.wikidata.org/entity/Q28893170,0,55,,,
MAR,Marrocos,Q28886421,http://www.wikidata.org/entity/Q28890262,0,123,,,
MAR,Marrocos,Q28886426,http://www.wikidata.org/entity/Q28890262,0,79,,,
MAR,Marrocos,Q28886424,http://www.wikidata.org/entity/Q28890262,0,63,,,
MAR,Marrocos,Q28886425,http://www.wikidata.org/entity/Q28890262,0,25,,,
MAR,Marrocos,Q28886451,http://www.wikidata.org/entity/Q28890264,0,19,,,
MAR,Marrocos,Q28886454,http://www.wikidata.org/entity/Q28890264,0,68,,,
MAR,Marrocos,Q28886455,http://www.wikidata.org/entity/Q28890264,0,110,,,
MAR,Marrocos,Q28886452,http://www.wikidata.org/entity/Q28890264,0,22,,,
MAR,Marrocos,Q28886453,http://www.wikidata.org/entity/Q28890264,0,89,,,
MAR,Marrocos,Q28886459,http://www.wikidata.org/entity/Q28904351,0,41,,,
MAR,Marrocos,Q28886456,http://www.wikidata.org/entity/Q28890264,0,84,,,
MAR,Marrocos,Q28886457,http://www.wikidata.org/entity/Q28890264,0,275,,,
MAR,Marrocos,Q28886460,http://www.wikidata.org/entity/Q28904351,0,97,,,
MAR,Marrocos,Q28886461,http://www.wikidata.org/entity/Q28904351,0,22,,,
MAR,Marrocos,Q28886466,http://www.wikidata.org/entity/Q28891247,0,44,,,
MAR,Marrocos,Q28886467,http://www.wikidata.org/entity/Q28891247,0,103,,,
MAR,Marrocos,Q28886464,http://www.wikidata.org/entity/Q28891247,0,57,,,
MAR,Marrocos,Q28886470,http://www.wikidata.org/entity/Q28891247,0,31,,,
MAR,Marrocos,Q28886471,http://www.wikidata.org/entity/Q28891247,0,20,,,
MAR,Marrocos,Q28886468,http://www.wikidata.org/entity/Q28891247,0,10,,,
MAR,Marrocos,Q28886469,http://www.wikidata.org/entity/Q28891247,0,31,,,
MAR,Marrocos,Q28886474,http://www.wikidata.org/entity/Q28891247,0,48,,,
MAR,Marrocos,Q28886475,http://www.wikidata.org/entity/Q28891247,0,85,,,
MAR,Marrocos,Q28886473,http://www.wikidata.org/entity/Q28891247,0,129,,,
MAR,Marrocos,Q28886478,http://www.wikidata.org/entity/Q28891247,0,121,,,
MAR,Marrocos,Q28886476,http://www.wikidata.org/entity/Q28891247,0,40,,,
MAR,Marrocos,Q28886477,http://www.wikidata.org/entity/Q28891247,0,45,,,
MAR,Marrocos,Q28887038,http://www.wikidata.org/entity/Q28897135,0,517,,,
MAR,Marrocos,Q28887039,http://www.wikidata.org/entity/Q28897135,0,215,,,
MAR,Marrocos,Q28887037,http://www.wikidata.org/entity/Q28897135,0,305,,,
MAR,Marrocos,Q28887042,http://www.wikidata.org/entity/Q28897135,0,412,,,
MAR,Marrocos,Q28887043,http://www.wikidata.org/entity/Q28897135,0,319,,,
MAR,Marrocos,Q28887040,http://www.wikidata.org/entity/Q28897135,0,563,,,
MAR,Marrocos,Q28887041,http://www.wikidata.org/entity/Q28897135,0,465,,,
MAR,Marrocos,Q28887046,http://www.wikidata.org/entity/Q28897135,0,108,,,
MAR,Marrocos,Q28887047,http://www.wikidata.org/entity/Q28896585,0,158,,,
MAR,Marrocos,Q28887044,http://www.wikidata.org/entity/Q28897135,0,97,,,
MAR,Marrocos,Q28887045,http://www.wikidata.org/entity/Q28897135,0,862,,,
MAR,Marrocos,Q28887050,http://www.wikidata.org/entity/Q28896585,0,143,,,
MAR,Marrocos,Q28887051,http://www.wikidata.org/entity/Q28896585,0,145,,,
MAR,Marrocos,Q28887048,http://www.wikidata.org/entity/Q28893745,0,121,,,
MAR,Marrocos,Q28887049,http://www.wikidata.org/entity/Q28896585,0,166,,,
MAR,Marrocos,Q28887054,http://www.wikidata.org/entity/Q28896585,0,26,,,
MAR,Marrocos,Q28887055,http://www.wikidata.org/entity/Q28896585,0,34,,,
MAR,Marrocos,Q28887052,http://www.wikidata.org/entity/Q28896585,0,191,,,
MAR,Marrocos,Q28887053,http://www.wikidata.org/entity/Q28896585,0,128,,,
MAR,Marrocos,Q28887056,http://www.wikidata.org/entity/Q28896585,0,687,,,
MAR,Marrocos,Q28887182,http://www.wikidata.org/entity/Q28896642,0,34,,,
MAR,Marrocos,Q28887183,http://www.wikidata.org/entity/Q28896642,0,427,,,
MAR,Marrocos,Q28887186,http://www.wikidata.org/entity/Q28896642,0,144,,,
MAR,Marrocos,Q28887187,http://www.wikidata.org/entity/Q28896642,0,425,,,
MAR,Marrocos,Q28887184,http://www.wikidata.org/entity/Q28896642,0,164,,,
MAR,Marrocos,Q28887185,http://www.wikidata.org/entity/Q28896642,0,88,,,
MAR,Marrocos,Q28887190,http://www.wikidata.org/entity/Q28896642,0,51,,,
MAR,Marrocos,Q28887191,http://www.wikidata.org/entity/Q28896642,0,66,,,
MAR,Marrocos,Q28887188,http://www.wikidata.org/entity/Q28896642,0,66,,,
MAR,Marrocos,Q28887189,http://www.wikidata.org/entity/Q28896642,0,109,,,
MAR,Marrocos,Q28887194,http://www.wikidata.org/entity/Q28896642,0,97,,,
MAR,Marrocos,Q28887195,http://www.wikidata.org/entity/Q28896642,0,177,,,
MAR,Marrocos,Q28887192,http://www.wikidata.org/entity/Q28896642,0,148,,,
MAR,Marrocos,Q28887193,http://www.wikidata.org/entity/Q28896642,0,101,,,
MAR,Marrocos,Q28887198,http://www.wikidata.org/entity/Q28896642,0,120,,,
MAR,Marrocos,Q28887199,http://www.wikidata.org/entity/Q28896642,0,258,,,
MAR,Marrocos,Q28887196,http://www.wikidata.org/entity/Q28896642,0,110,,,
MAR,Marrocos,Q28887197,http://www.wikidata.org/entity/Q28896642,0,258,,,
MAR,Marrocos,Q28887200,http://www.wikidata.org/entity/Q28896642,0,58,,,
MAR,Marrocos,Q28887201,http://www.wikidata.org/entity/Q28896642,0,54,,,
MAR,Marrocos,Q28887223,http://www.wikidata.org/entity/Q28892282,0,2707,,,
MAR,Marrocos,Q28887224,http://www.wikidata.org/entity/Q28892282,0,878,,,
MAR,Marrocos,Q28887225,http://www.wikidata.org/entity/Q28892282,0,519,,,
MAR,Marrocos,Q28887231,http://www.wikidata.org/entity/Q28892685,0,439,,,
MAR,Marrocos,Q28887228,http://www.wikidata.org/entity/Q28892685,0,385,,,
MAR,Marrocos,Q28887229,http://www.wikidata.org/entity/Q28892685,0,1587,,,
MAR,Marrocos,Q28887234,http://www.wikidata.org/entity/Q28903373,0,230,,,
MAR,Marrocos,Q28887235,http://www.wikidata.org/entity/Q28903373,0,63,,,
MAR,Marrocos,Q28887232,http://www.wikidata.org/entity/Q28903373,0,499,,,
MAR,Marrocos,Q28887233,http://www.wikidata.org/entity/Q28903373,0,273,,,
MAR,Marrocos,Q28887238,http://www.wikidata.org/entity/Q28903373,0,236,,,
MAR,Marrocos,Q28887239,http://www.wikidata.org/entity/Q28903373,0,339,,,
MAR,Marrocos,Q28887236,http://www.wikidata.org/entity/Q28903373,0,126,,,
MAR,Marrocos,Q28887237,http://www.wikidata.org/entity/Q28903373,0,477,,,
MAR,Marrocos,Q28887242,http://www.wikidata.org/entity/Q28903373,0,656,,,
MAR,Marrocos,Q28887240,http://www.wikidata.org/entity/Q28903373,0,398,,,
MAR,Marrocos,Q28887241,http://www.wikidata.org/entity/Q28903373,0,444,,,
MAR,Marrocos,Q28887246,http://www.wikidata.org/entity/Q28891019,0,244,,,
MAR,Marrocos,Q28887247,http://www.wikidata.org/entity/Q28891019,0,2516,,,
MAR,Marrocos,Q28887244,http://www.wikidata.org/entity/Q28891019,0,930,,,
MAR,Marrocos,Q28887245,http://www.wikidata.org/entity/Q28891019,0,954,,,
MAR,Marrocos,Q28887250,http://www.wikidata.org/entity/Q28891019,0,1873,,,
MAR,Marrocos,Q28887251,http://www.wikidata.org/entity/Q28891019,0,447,,,
MAR,Marrocos,Q28887248,http://www.wikidata.org/entity/Q28891019,0,486,,,
MAR,Marrocos,Q28887249,http://www.wikidata.org/entity/Q28891019,0,487,,,
MAR,Marrocos,Q28887254,http://www.wikidata.org/entity/Q28891019,0,414,,,
MAR,Marrocos,Q28887252,http://www.wikidata.org/entity/Q28908756,0,579,,,
MAR,Marrocos,Q28887253,http://www.wikidata.org/entity/Q28891019,0,1585,,,
MAR,Marrocos,Q28887263,http://www.wikidata.org/entity/Q28891329,0,1083,,,
MAR,Marrocos,Q28887260,http://www.wikidata.org/entity/Q28902861,0,861,,,
MAR,Marrocos,Q28887264,http://www.wikidata.org/entity/Q28891329,0,874,,,
MAR,Marrocos,Q28887265,http://www.wikidata.org/entity/Q28891329,0,372,,,
MAR,Marrocos,Q28887275,http://www.wikidata.org/entity/Q28891329,0,121,,,
MAR,Marrocos,Q28883762,http://www.wikidata.org/entity/Q28903409,0,443,,,
MAR,Marrocos,Q28883763,http://www.wikidata.org/entity/Q28903409,0,693,,,
MAR,Marrocos,Q28883766,http://www.wikidata.org/entity/Q28903410,0,775,,,
MAR,Marrocos,Q28883764,http://www.wikidata.org/entity/Q28903409,0,381,,,
MAR,Marrocos,Q28883765,http://www.wikidata.org/entity/Q28903410,0,630,,,
MAR,Marrocos,Q28883782,http://www.wikidata.org/entity/Q28903410,0,385,,,
MAR,Marrocos,Q28883783,http://www.wikidata.org/entity/Q28903410,0,271,,,
MAR,Marrocos,Q28883786,http://www.wikidata.org/entity/Q28894971,0,411,,,
MAR,Marrocos,Q28883787,http://www.wikidata.org/entity/Q28894971,0,254,,,
MAR,Marrocos,Q28883784,http://www.wikidata.org/entity/Q28903410,0,156,,,
MAR,Marrocos,Q28883785,http://www.wikidata.org/entity/Q28894971,0,406,,,
MAR,Marrocos,Q28883810,http://www.wikidata.org/entity/Q28892005,0,87,,,
MAR,Marrocos,Q28883809,http://www.wikidata.org/entity/Q28892005,0,71,,,
MAR,Marrocos,Q28883814,http://www.wikidata.org/entity/Q28892005,0,66,,,
MAR,Marrocos,Q28883815,http://www.wikidata.org/entity/Q28892005,0,84,,,
MAR,Marrocos,Q28883812,http://www.wikidata.org/entity/Q28892005,0,93,,,
MAR,Marrocos,Q28883813,http://www.wikidata.org/entity/Q28892005,0,143,,,
MAR,Marrocos,Q28883818,http://www.wikidata.org/entity/Q28892005,0,63,,,
MAR,Marrocos,Q28883816,http://www.wikidata.org/entity/Q28892005,0,95,,,
MAR,Marrocos,Q28883817,http://www.wikidata.org/entity/Q28892005,0,117,,,
MAR,Marrocos,Q28883823,http://www.wikidata.org/entity/Q28891336,0,611,,,
MAR,Marrocos,Q28883820,http://www.wikidata.org/entity/Q28891336,0,232,,,
MAR,Marrocos,Q28883854,http://www.wikidata.org/entity/Q28895382,0,575,,,
MAR,Marrocos,Q28883855,http://www.wikidata.org/entity/Q28900105,0,475,,,
MAR,Marrocos,Q28883852,http://www.wikidata.org/entity/Q28895382,0,601,,,
MAR,Marrocos,Q28883853,http://www.wikidata.org/entity/Q28895382,0,1453,,,
MAR,Marrocos,Q28883862,http://www.wikidata.org/entity/Q28902188,0,699,,,
MAR,Marrocos,Q28883934,http://www.wikidata.org/entity/Q28903192,0,681,,,
MAR,Marrocos,Q28883935,http://www.wikidata.org/entity/Q28903192,0,728,,,
MAR,Marrocos,Q28883932,http://www.wikidata.org/entity/Q28904469,0,926,,,
MAR,Marrocos,Q28883938,http://www.wikidata.org/entity/Q28898021,0,1468,,,
MAR,Marrocos,Q28883939,http://www.wikidata.org/entity/Q28898021,0,972,,,
MAR,Marrocos,Q28883936,http://www.wikidata.org/entity/Q28903192,0,364,,,
MAR,Marrocos,Q28883937,http://www.wikidata.org/entity/Q28903192,0,561,,,
MAR,Marrocos,Q28883942,http://www.wikidata.org/entity/Q28898021,0,468,,,
MAR,Marrocos,Q28883943,http://www.wikidata.org/entity/Q28898021,0,1520,,,
MAR,Marrocos,Q28883940,http://www.wikidata.org/entity/Q28898021,0,1236,,,
MAR,Marrocos,Q28883941,http://www.wikidata.org/entity/Q28898021,0,283,,,
MAR,Marrocos,Q28883946,http://www.wikidata.org/entity/Q28898021,0,390,,,
MAR,Marrocos,Q28883947,http://www.wikidata.org/entity/Q28904470,0,831,,,
MAR,Marrocos,Q28883944,http://www.wikidata.org/entity/Q28898021,0,212,,,
MAR,Marrocos,Q28883945,http://www.wikidata.org/entity/Q28898021,0,625,,,
MAR,Marrocos,Q28883950,http://www.wikidata.org/entity/Q28904470,0,115,,,
MAR,Marrocos,Q28883949,http://www.wikidata.org/entity/Q28904470,0,557,,,
MAR,Marrocos,Q28883955,http://www.wikidata.org/entity/Q28901477,0,1598,,,
MAR,Marrocos,Q28883953,http://www.wikidata.org/entity/Q28901477,0,787,,,
MAR,Marrocos,Q28883959,http://www.wikidata.org/entity/Q28901477,0,512,,,
MAR,Marrocos,Q28883956,http://www.wikidata.org/entity/Q28901477,0,743,,,
MAR,Marrocos,Q28883963,http://www.wikidata.org/entity/Q28902343,0,1233,,,
MAR,Marrocos,Q28883960,http://www.wikidata.org/entity/Q28901764,0,1193,,,
MAR,Marrocos,Q28883966,http://www.wikidata.org/entity/Q28902343,0,1346,,,
MAR,Marrocos,Q28883964,http://www.wikidata.org/entity/Q28902343,0,584,,,
MAR,Marrocos,Q28883970,http://www.wikidata.org/entity/Q28902388,0,68,,,
MAR,Marrocos,Q28883971,http://www.wikidata.org/entity/Q28902388,0,178,,,
MAR,Marrocos,Q28883969,http://www.wikidata.org/entity/Q28902388,0,493,,,
MAR,Marrocos,Q28883974,http://www.wikidata.org/entity/Q28902388,0,201,,,
MAR,Marrocos,Q28883975,http://www.wikidata.org/entity/Q28902388,0,481,,,
MAR,Marrocos,Q28883972,http://www.wikidata.org/entity/Q28902388,0,344,,,
MAR,Marrocos,Q28883978,http://www.wikidata.org/entity/Q28902388,0,596,,,
MAR,Marrocos,Q28883979,http://www.wikidata.org/entity/Q28902388,0,462,,,
MAR,Marrocos,Q28883977,http://www.wikidata.org/entity/Q28902388,0,532,,,
MAR,Marrocos,Q28883982,http://www.wikidata.org/entity/Q28902476,0,441,,,
MAR,Marrocos,Q28883981,http://www.wikidata.org/entity/Q28902476,0,361,,,
MAR,Marrocos,Q28883986,http://www.wikidata.org/entity/Q28902476,0,1027,,,
MAR,Marrocos,Q28883987,http://www.wikidata.org/entity/Q28902476,0,890,,,
MAR,Marrocos,Q28883985,http://www.wikidata.org/entity/Q28902476,0,254,,,
MAR,Marrocos,Q28883988,http://www.wikidata.org/entity/Q28902476,0,694,,,
MAR,Marrocos,Q28883992,http://www.wikidata.org/entity/Q28902476,0,647,,,
MAR,Marrocos,Q28883993,http://www.wikidata.org/entity/Q28902253,0,1157,,,
MAR,Marrocos,Q28884014,http://www.wikidata.org/entity/Q28902158,0,92,,,
MAR,Marrocos,Q28884015,http://www.wikidata.org/entity/Q28902158,0,117,,,
MAR,Marrocos,Q28884018,http://www.wikidata.org/entity/Q28902319,0,1651,,,
MAR,Marrocos,Q28884016,http://www.wikidata.org/entity/Q28902158,0,265,,,
MAR,Marrocos,Q28884017,http://www.wikidata.org/entity/Q28902319,0,3164,,,
MAR,Marrocos,Q28884022,http://www.wikidata.org/entity/Q28902293,0,16,,,
MAR,Marrocos,Q28884020,http://www.wikidata.org/entity/Q28902319,0,1337,,,
MAR,Marrocos,Q28884021,http://www.wikidata.org/entity/Q28902293,0,320,,,
MAR,Marrocos,Q28884026,http://www.wikidata.org/entity/Q28902293,0,1562,,,
MAR,Marrocos,Q28884027,http://www.wikidata.org/entity/Q28902293,0,3298,,,
MAR,Marrocos,Q28884025,http://www.wikidata.org/entity/Q28902293,0,600,,,
MAR,Marrocos,Q28884030,http://www.wikidata.org/entity/Q28902293,0,756,,,
MAR,Marrocos,Q28884031,http://www.wikidata.org/entity/Q28902293,0,902,,,
MAR,Marrocos,Q28884028,http://www.wikidata.org/entity/Q28902293,0,547,,,
MAR,Marrocos,Q28884029,http://www.wikidata.org/entity/Q28902293,0,355,,,
MAR,Marrocos,Q28884034,http://www.wikidata.org/entity/Q28902293,0,1348,,,
MAR,Marrocos,Q28884035,http://www.wikidata.org/entity/Q28901774,0,681,,,
MAR,Marrocos,Q28884032,http://www.wikidata.org/entity/Q28902293,0,612,,,
MAR,Marrocos,Q28884582,http://www.wikidata.org/entity/Q28902273,0,214,,,
MAR,Marrocos,Q28884583,http://www.wikidata.org/entity/Q28902273,0,272,,,
MAR,Marrocos,Q28884586,http://www.wikidata.org/entity/Q28902273,0,191,,,
MAR,Marrocos,Q28884587,http://www.wikidata.org/entity/Q28902328,0,428,,,
MAR,Marrocos,Q28884584,http://www.wikidata.org/entity/Q28902273,0,179,,,
MAR,Marrocos,Q28884585,http://www.wikidata.org/entity/Q28902273,0,353,,,
MAR,Marrocos,Q28884590,http://www.wikidata.org/entity/Q28902328,0,388,,,
MAR,Marrocos,Q28884591,http://www.wikidata.org/entity/Q28902328,0,348,,,
MAR,Marrocos,Q28884588,http://www.wikidata.org/entity/Q28902328,0,215,,,
MAR,Marrocos,Q28884589,http://www.wikidata.org/entity/Q28902328,0,249,,,
MAR,Marrocos,Q28884595,http://www.wikidata.org/entity/Q28902328,0,315,,,
MAR,Marrocos,Q28884592,http://www.wikidata.org/entity/Q28902328,0,129,,,
MAR,Marrocos,Q28884598,http://www.wikidata.org/entity/Q28902357,0,284,,,
MAR,Marrocos,Q28884596,http://www.wikidata.org/entity/Q28902328,0,67,,,
MAR,Marrocos,Q28884597,http://www.wikidata.org/entity/Q28902328,0,124,,,
MAR,Marrocos,Q28884600,http://www.wikidata.org/entity/Q28902357,0,414,,,
MAR,Marrocos,Q28884886,http://www.wikidata.org/entity/Q28907817,0,406,,,
MAR,Marrocos,Q28884887,http://www.wikidata.org/entity/Q28907817,0,245,,,
MAR,Marrocos,Q28884885,http://www.wikidata.org/entity/Q28907817,0,442,,,
MAR,Marrocos,Q28884890,http://www.wikidata.org/entity/Q28907817,0,247,,,
MAR,Marrocos,Q28884888,http://www.wikidata.org/entity/Q28907817,0,267,,,
MAR,Marrocos,Q28884894,http://www.wikidata.org/entity/Q28907817,0,411,,,
MAR,Marrocos,Q28884892,http://www.wikidata.org/entity/Q28907817,0,709,,,
MAR,Marrocos,Q28884898,http://www.wikidata.org/entity/Q28907817,0,303,,,
MAR,Marrocos,Q28884896,http://www.wikidata.org/entity/Q28907817,0,112,,,
MAR,Marrocos,Q28884897,http://www.wikidata.org/entity/Q28907817,0,251,,,
MAR,Marrocos,Q28884942,http://www.wikidata.org/entity/Q28909108,0,52,,,
MAR,Marrocos,Q28884943,http://www.wikidata.org/entity/Q28898422,0,277,,,
MAR,Marrocos,Q28884945,http://www.wikidata.org/entity/Q28898422,0,169,,,
MAR,Marrocos,Q28884951,http://www.wikidata.org/entity/Q28898422,0,64,,,
MAR,Marrocos,Q28884948,http://www.wikidata.org/entity/Q28898422,0,181,,,
MAR,Marrocos,Q28884952,http://www.wikidata.org/entity/Q3408408,0,617,,,
MAR,Marrocos,Q28884959,http://www.wikidata.org/entity/Q28905350,0,195,,,
MAR,Marrocos,Q28884956,http://www.wikidata.org/entity/Q28898422,0,689,,,
MAR,Marrocos,Q28884968,http://www.wikidata.org/entity/Q28905350,0,648,,,
MAR,Marrocos,Q28884983,http://www.wikidata.org/entity/Q28909226,0,84,,,
MAR,Marrocos,Q28884981,http://www.wikidata.org/entity/Q28909226,0,9,,,
MAR,Marrocos,Q28884987,http://www.wikidata.org/entity/Q28909226,0,169,,,
MAR,Marrocos,Q28884990,http://www.wikidata.org/entity/Q28895076,0,14,,,
MAR,Marrocos,Q28884991,http://www.wikidata.org/entity/Q28895076,0,106,,,
MAR,Marrocos,Q28884988,http://www.wikidata.org/entity/Q28909226,0,616,,,
MAR,Marrocos,Q28884994,http://www.wikidata.org/entity/Q28895076,0,572,,,
MAR,Marrocos,Q28884995,http://www.wikidata.org/entity/Q28895076,0,272,,,
MAR,Marrocos,Q28884992,http://www.wikidata.org/entity/Q28895076,0,68,,,
MAR,Marrocos,Q28884993,http://www.wikidata.org/entity/Q28895076,0,159,,,
MAR,Marrocos,Q28884998,http://www.wikidata.org/entity/Q28895076,0,211,,,
MAR,Marrocos,Q28884999,http://www.wikidata.org/entity/Q28895076,0,339,,,
MAR,Marrocos,Q28884996,http://www.wikidata.org/entity/Q28895076,0,294,,,
MAR,Marrocos,Q28884997,http://www.wikidata.org/entity/Q28895076,0,96,,,
MAR,Marrocos,Q28885002,http://www.wikidata.org/entity/Q28895076,0,5,,,
MAR,Marrocos,Q28885000,http://www.wikidata.org/entity/Q28895076,0,245,,,
MAR,Marrocos,Q28885001,http://www.wikidata.org/entity/Q28895076,0,142,,,
MAR,Marrocos,Q28885004,http://www.wikidata.org/entity/Q28904951,0,497,,,
MAR,Marrocos,Q28885011,http://www.wikidata.org/entity/Q28904951,0,124,,,
MAR,Marrocos,Q28885008,http://www.wikidata.org/entity/Q28904951,0,137,,,
MAR,Marrocos,Q28885014,http://www.wikidata.org/entity/Q28904951,0,250,,,
MAR,Marrocos,Q28885013,http://www.wikidata.org/entity/Q28904951,0,188,,,
MAR,Marrocos,Q28885018,http://www.wikidata.org/entity/Q28904951,0,412,,,
MAR,Marrocos,Q28885017,http://www.wikidata.org/entity/Q28904951,0,268,,,
MAR,Marrocos,Q28885022,http://www.wikidata.org/entity/Q28904951,0,60,,,
MAR,Marrocos,Q28885021,http://www.wikidata.org/entity/Q28904951,0,39,,,
MAR,Marrocos,Q28885024,http://www.wikidata.org/entity/Q28904951,0,321,,,
MAR,Marrocos,Q28885029,http://www.wikidata.org/entity/Q28906936,0,36,,,
MAR,Marrocos,Q28885033,http://www.wikidata.org/entity/Q28906936,0,552,,,
MAR,Marrocos,Q28885046,http://www.wikidata.org/entity/Q28909387,0,44,,,
MAR,Marrocos,Q28885047,http://www.wikidata.org/entity/Q28909387,0,466,,,
MAR,Marrocos,Q28885050,http://www.wikidata.org/entity/Q28909387,0,726,,,
MAR,Marrocos,Q28885051,http://www.wikidata.org/entity/Q28909387,0,193,,,
MAR,Marrocos,Q28885049,http://www.wikidata.org/entity/Q28909387,0,280,,,
MAR,Marrocos,Q28885054,http://www.wikidata.org/entity/Q28909387,0,700,,,
MAR,Marrocos,Q28885052,http://www.wikidata.org/entity/Q28909387,0,371,,,
MAR,Marrocos,Q28885058,http://www.wikidata.org/entity/Q28907070,0,44,,,
MAR,Marrocos,Q28885056,http://www.wikidata.org/entity/Q28909387,0,514,,,
MAR,Marrocos,Q28885057,http://www.wikidata.org/entity/Q28909387,0,415,,,
MAR,Marrocos,Q28885062,http://www.wikidata.org/entity/Q28907070,0,210,,,
MAR,Marrocos,Q28885063,http://www.wikidata.org/entity/Q28907070,0,467,,,
MAR,Marrocos,Q28885060,http://www.wikidata.org/entity/Q28907070,0,91,,,
MAR,Marrocos,Q28885064,http://www.wikidata.org/entity/Q28907070,0,87,,,
MAR,Marrocos,Q28885065,http://www.wikidata.org/entity/Q28907070,0,227,,,
MAR,Marrocos,Q28885103,http://www.wikidata.org/entity/Q28890765,0,195,,,
MAR,Marrocos,Q28885101,http://www.wikidata.org/entity/Q28890765,0,187,,,
MAR,Marrocos,Q28885106,http://www.wikidata.org/entity/Q28890765,0,30,,,
MAR,Marrocos,Q28885107,http://www.wikidata.org/entity/Q28890765,0,534,,,
MAR,Marrocos,Q28885104,http://www.wikidata.org/entity/Q28890765,0,227,,,
MAR,Marrocos,Q28885105,http://www.wikidata.org/entity/Q28890765,0,100,,,
MAR,Marrocos,Q28885110,http://www.wikidata.org/entity/Q28890765,0,444,,,
MAR,Marrocos,Q28885111,http://www.wikidata.org/entity/Q28890765,0,296,,,
MAR,Marrocos,Q28885108,http://www.wikidata.org/entity/Q28890765,0,240,,,
MAR,Marrocos,Q28885109,http://www.wikidata.org/entity/Q28890765,0,248,,,
MAR,Marrocos,Q28885127,http://www.wikidata.org/entity/Q28890765,0,70,,,
MAR,Marrocos,Q28885130,http://www.wikidata.org/entity/Q28890765,0,253,,,
MAR,Marrocos,Q28885131,http://www.wikidata.org/entity/Q28890765,0,97,,,
MAR,Marrocos,Q28885128,http://www.wikidata.org/entity/Q28890765,0,75,,,
MAR,Marrocos,Q28885129,http://www.wikidata.org/entity/Q28890765,0,127,,,
MAR,Marrocos,Q28885134,http://www.wikidata.org/entity/Q28891320,0,112,,,
MAR,Marrocos,Q28885135,http://www.wikidata.org/entity/Q28891320,0,218,,,
MAR,Marrocos,Q28885132,http://www.wikidata.org/entity/Q28890765,0,123,,,
MAR,Marrocos,Q28885133,http://www.wikidata.org/entity/Q28891320,0,355,,,
MAR,Marrocos,Q28885138,http://www.wikidata.org/entity/Q28891320,0,530,,,
MAR,Marrocos,Q28885139,http://www.wikidata.org/entity/Q28891320,0,716,,,
MAR,Marrocos,Q28885136,http://www.wikidata.org/entity/Q28891320,0,360,,,
MAR,Marrocos,Q28885137,http://www.wikidata.org/entity/Q28891320,0,261,,,
MAR,Marrocos,Q28885142,http://www.wikidata.org/entity/Q28891320,0,557,,,
MAR,Marrocos,Q28885143,http://www.wikidata.org/entity/Q28891320,0,584,,,
MAR,Marrocos,Q28885140,http://www.wikidata.org/entity/Q28891320,0,653,,,
MAR,Marrocos,Q28885141,http://www.wikidata.org/entity/Q28891320,0,140,,,
MAR,Marrocos,Q28885146,http://www.wikidata.org/entity/Q28891320,0,298,,,
MAR,Marrocos,Q28885147,http://www.wikidata.org/entity/Q28891320,0,503,,,
MAR,Marrocos,Q28885144,http://www.wikidata.org/entity/Q28891320,0,33,,,
MAR,Marrocos,Q28885145,http://www.wikidata.org/entity/Q28891320,0,217,,,
MAR,Marrocos,Q28885150,http://www.wikidata.org/entity/Q28897869,0,84,,,
MAR,Marrocos,Q28885151,http://www.wikidata.org/entity/Q28897869,0,121,,,
MAR,Marrocos,Q28885148,http://www.wikidata.org/entity/Q28897869,0,113,,,
MAR,Marrocos,Q28885149,http://www.wikidata.org/entity/Q28897869,0,103,,,
MAR,Marrocos,Q28885154,http://www.wikidata.org/entity/Q28897869,0,232,,,
MAR,Marrocos,Q28885155,http://www.wikidata.org/entity/Q28897869,0,295,,,
MAR,Marrocos,Q28885152,http://www.wikidata.org/entity/Q28897869,0,260,,,
MAR,Marrocos,Q28885153,http://www.wikidata.org/entity/Q28897869,0,68,,,
MAR,Marrocos,Q28885158,http://www.wikidata.org/entity/Q28897869,0,195,,,
MAR,Marrocos,Q28885159,http://www.wikidata.org/entity/Q28897869,0,240,,,
MAR,Marrocos,Q28885156,http://www.wikidata.org/entity/Q28897869,0,286,,,
MAR,Marrocos,Q28885157,http://www.wikidata.org/entity/Q28897869,0,175,,,
MAR,Marrocos,Q28885162,http://www.wikidata.org/entity/Q28904610,0,528,,,
MAR,Marrocos,Q28885161,http://www.wikidata.org/entity/Q28904610,0,758,,,
MAR,Marrocos,Q28885166,http://www.wikidata.org/entity/Q28890764,0,222,,,
MAR,Marrocos,Q28885164,http://www.wikidata.org/entity/Q28904610,0,682,,,
MAR,Marrocos,Q28885170,http://www.wikidata.org/entity/Q28890764,0,217,,,
MAR,Marrocos,Q28885171,http://www.wikidata.org/entity/Q28890764,0,228,,,
MAR,Marrocos,Q28885168,http://www.wikidata.org/entity/Q28890764,0,218,,,
MAR,Marrocos,Q28885169,http://www.wikidata.org/entity/Q28890764,0,91,,,
MAR,Marrocos,Q28885186,http://www.wikidata.org/entity/Q28897450,0,597,,,
MAR,Marrocos,Q28885187,http://www.wikidata.org/entity/Q28897450,0,407,,,
MAR,Marrocos,Q28885184,http://www.wikidata.org/entity/Q28897450,0,1077,,,
MAR,Marrocos,Q28885185,http://www.wikidata.org/entity/Q28897450,0,921,,,
MAR,Marrocos,Q28885190,http://www.wikidata.org/entity/Q28897450,0,495,,,
MAR,Marrocos,Q28885191,http://www.wikidata.org/entity/Q28897450,0,643,,,
MAR,Marrocos,Q28885188,http://www.wikidata.org/entity/Q28897450,0,173,,,
MAR,Marrocos,Q28885189,http://www.wikidata.org/entity/Q28897450,0,265,,,
MAR,Marrocos,Q28885192,http://www.wikidata.org/entity/Q28897450,0,127,,,
MAR,Marrocos,Q28885193,http://www.wikidata.org/entity/Q28897450,0,193,,,
MAR,Marrocos,Q28885218,http://www.wikidata.org/entity/Q28901560,0,65,,,
MAR,Marrocos,Q28885219,http://www.wikidata.org/entity/Q28901560,0,110,,,
MAR,Marrocos,Q28885216,http://www.wikidata.org/entity/Q28901560,0,234,,,
MAR,Marrocos,Q28885250,http://www.wikidata.org/entity/Q28890773,0,256,,,
MAR,Marrocos,Q28885251,http://www.wikidata.org/entity/Q28890773,0,230,,,
MAR,Marrocos,Q28885249,http://www.wikidata.org/entity/Q28890773,0,54,,,
MAR,Marrocos,Q28885254,http://www.wikidata.org/entity/Q28890773,0,95,,,
MAR,Marrocos,Q28885255,http://www.wikidata.org/entity/Q28890773,0,216,,,
MAR,Marrocos,Q28885253,http://www.wikidata.org/entity/Q28890773,0,185,,,
MAR,Marrocos,Q28885258,http://www.wikidata.org/entity/Q28890773,0,9,,,
MAR,Marrocos,Q28885259,http://www.wikidata.org/entity/Q28890773,0,735,,,
MAR,Marrocos,Q28885256,http://www.wikidata.org/entity/Q28890773,0,240,,,
MAR,Marrocos,Q28885257,http://www.wikidata.org/entity/Q28890773,0,105,,,
MAR,Marrocos,Q28885298,http://www.wikidata.org/entity/Q28903859,0,162,,,
MAR,Marrocos,Q28885302,http://www.wikidata.org/entity/Q28903859,0,171,,,
MAR,Marrocos,Q28885304,http://www.wikidata.org/entity/Q28903859,0,151,,,
MAR,Marrocos,Q28885311,http://www.wikidata.org/entity/Q28897952,0,280,,,
MAR,Marrocos,Q28885312,http://www.wikidata.org/entity/Q28897952,0,94,,,
MAR,Marrocos,Q28885313,http://www.wikidata.org/entity/Q28897952,0,287,,,
MAR,Marrocos,Q28885338,http://www.wikidata.org/entity/Q28889903,0,272,,,
MAR,Marrocos,Q28885339,http://www.wikidata.org/entity/Q28889903,0,226,,,
MAR,Marrocos,Q28885336,http://www.wikidata.org/entity/Q28889903,0,192,,,
MAR,Marrocos,Q28885337,http://www.wikidata.org/entity/Q28889903,0,232,,,
MAR,Marrocos,Q28885342,http://www.wikidata.org/entity/Q28904437,0,87,,,
MAR,Marrocos,Q28885340,http://www.wikidata.org/entity/Q28889903,0,310,,,
MAR,Marrocos,Q28885341,http://www.wikidata.org/entity/Q28889903,0,187,,,
MAR,Marrocos,Q28885347,http://www.wikidata.org/entity/Q28904437,0,334,,,
MAR,Marrocos,Q28885350,http://www.wikidata.org/entity/Q28904437,0,402,,,
MAR,Marrocos,Q28885351,http://www.wikidata.org/entity/Q28904437,0,154,,,
MAR,Marrocos,Q28885354,http://www.wikidata.org/entity/Q28906954,0,323,,,
MAR,Marrocos,Q28885352,http://www.wikidata.org/entity/Q28904437,0,240,,,
MAR,Marrocos,Q28885398,http://www.wikidata.org/entity/Q28897816,0,250,,,
MAR,Marrocos,Q28885399,http://www.wikidata.org/entity/Q28897816,0,301,,,
MAR,Marrocos,Q28885396,http://www.wikidata.org/entity/Q28897770,0,89,,,
MAR,Marrocos,Q28885397,http://www.wikidata.org/entity/Q28897816,0,193,,,
MAR,Marrocos,Q28885402,http://www.wikidata.org/entity/Q28897816,0,65,,,
MAR,Marrocos,Q28885400,http://www.wikidata.org/entity/Q28897816,0,148,,,
MAR,Marrocos,Q28885401,http://www.wikidata.org/entity/Q28897816,0,627,,,
MAR,Marrocos,Q28885412,http://www.wikidata.org/entity/Q28907325,0,121,,,
MAR,Marrocos,Q28885413,http://www.wikidata.org/entity/Q28907325,0,176,,,
MAR,Marrocos,Q28885416,http://www.wikidata.org/entity/Q28907325,0,24,,,
MAR,Marrocos,Q28885442,http://www.wikidata.org/entity/Q28885435,0,126,,,
MAR,Marrocos,Q28885443,http://www.wikidata.org/entity/Q28885435,0,67,,,
MAR,Marrocos,Q28885441,http://www.wikidata.org/entity/Q28885435,0,132,,,
MAR,Marrocos,Q28885447,http://www.wikidata.org/entity/Q28904478,0,96,,,
MAR,Marrocos,Q28885444,http://www.wikidata.org/entity/Q28885435,0,175,,,
MAR,Marrocos,Q28885445,http://www.wikidata.org/entity/Q28885435,0,566,,,
MAR,Marrocos,Q28885451,http://www.wikidata.org/entity/Q28904478,0,716,,,
MAR,Marrocos,Q28885449,http://www.wikidata.org/entity/Q28904478,0,316,,,
MAR,Marrocos,Q28885455,http://www.wikidata.org/entity/Q28904478,0,491,,,
MAR,Marrocos,Q28885452,http://www.wikidata.org/entity/Q28904478,0,211,,,
MAR,Marrocos,Q28885453,http://www.wikidata.org/entity/Q28904478,0,441,,,
MAR,Marrocos,Q28885457,http://www.wikidata.org/entity/Q28901576,0,194,,,
MAR,Marrocos,Q28885546,http://www.wikidata.org/entity/Q28904389,0,113,,,
MAR,Marrocos,Q28885547,http://www.wikidata.org/entity/Q28904389,0,125,,,
MAR,Marrocos,Q28885551,http://www.wikidata.org/entity/Q28904389,0,45,,,
MAR,Marrocos,Q28885548,http://www.wikidata.org/entity/Q28904389,0,56,,,
MAR,Marrocos,Q28885549,http://www.wikidata.org/entity/Q28904389,0,114,,,
MAR,Marrocos,Q28885559,http://www.wikidata.org/entity/Q28891226,0,405,,,
MAR,Marrocos,Q28885562,http://www.wikidata.org/entity/Q28891226,0,15,,,
MAR,Marrocos,Q28885563,http://www.wikidata.org/entity/Q28891226,0,154,,,
MAR,Marrocos,Q28885560,http://www.wikidata.org/entity/Q28891226,0,780,,,
MAR,Marrocos,Q28885561,http://www.wikidata.org/entity/Q28891226,0,223,,,
MAR,Marrocos,Q28885564,http://www.wikidata.org/entity/Q28891226,0,54,,,
MAR,Marrocos,Q28885586,http://www.wikidata.org/entity/Q28891226,0,171,,,
MAR,Marrocos,Q28885587,http://www.wikidata.org/entity/Q28908590,0,145,,,
MAR,Marrocos,Q28885590,http://www.wikidata.org/entity/Q28908590,0,217,,,
MAR,Marrocos,Q28885588,http://www.wikidata.org/entity/Q28908590,0,514,,,
MAR,Marrocos,Q28885589,http://www.wikidata.org/entity/Q28908590,0,761,,,
MAR,Marrocos,Q28885598,http://www.wikidata.org/entity/Q28908590,0,185,,,
MAR,Marrocos,Q28885599,http://www.wikidata.org/entity/Q28908590,0,112,,,
MAR,Marrocos,Q28885596,http://www.wikidata.org/entity/Q28908590,0,42,,,
MAR,Marrocos,Q28885597,http://www.wikidata.org/entity/Q28908590,0,510,,,
MAR,Marrocos,Q28885602,http://www.wikidata.org/entity/Q28908590,0,70,,,
MAR,Marrocos,Q28885605,http://www.wikidata.org/entity/Q28908590,0,102,,,
MAR,Marrocos,Q28886183,http://www.wikidata.org/entity/Q28897940,0,7,,,
MAR,Marrocos,Q28886187,http://www.wikidata.org/entity/Q28897940,0,21,,,
MAR,Marrocos,Q28886184,http://www.wikidata.org/entity/Q28897940,0,58,,,
MAR,Marrocos,Q28886185,http://www.wikidata.org/entity/Q28897940,0,65,,,
MAR,Marrocos,Q28886188,http://www.wikidata.org/entity/Q28904428,0,267,,,
MAR,Marrocos,Q28886189,http://www.wikidata.org/entity/Q28904428,0,256,,,
MAR,Marrocos,Q28886194,http://www.wikidata.org/entity/Q28904428,0,45,,,
MAR,Marrocos,Q28886192,http://www.wikidata.org/entity/Q28904428,0,21,,,
MAR,Marrocos,Q28886197,http://www.wikidata.org/entity/Q28904428,0,21,,,
MAR,Marrocos,Q28886200,http://www.wikidata.org/entity/Q28904428,0,63,,,
MAR,Marrocos,Q28886330,http://www.wikidata.org/entity/Q28892628,0,25,,,
MAR,Marrocos,Q28886331,http://www.wikidata.org/entity/Q28892628,0,18,,,
MAR,Marrocos,Q28886334,http://www.wikidata.org/entity/Q28892628,0,44,,,
MAR,Marrocos,Q28886335,http://www.wikidata.org/entity/Q28892628,0,41,,,
MAR,Marrocos,Q28886332,http://www.wikidata.org/entity/Q28892628,0,22,,,
MAR,Marrocos,Q28886338,http://www.wikidata.org/entity/Q28892628,0,49,,,
MAR,Marrocos,Q28886339,http://www.wikidata.org/entity/Q28892628,0,35,,,
MAR,Marrocos,Q28886336,http://www.wikidata.org/entity/Q28892628,0,107,,,
MAR,Marrocos,Q28886337,http://www.wikidata.org/entity/Q28892628,0,14,,,
MAR,Marrocos,Q28886342,http://www.wikidata.org/entity/Q28892628,0,36,,,
MAR,Marrocos,Q28886343,http://www.wikidata.org/entity/Q28892628,0,36,,,
MAR,Marrocos,Q28886340,http://www.wikidata.org/entity/Q28892628,0,26,,,
MAR,Marrocos,Q28886341,http://www.wikidata.org/entity/Q28892628,0,46,,,
MAR,Marrocos,Q28886344,http://www.wikidata.org/entity/Q28892628,0,37,,,
MAR,Marrocos,Q28886345,http://www.wikidata.org/entity/Q28892628,0,107,,,
MAR,Marrocos,Q28886348,http://www.wikidata.org/entity/Q28892628,0,8,,,
MAR,Marrocos,Q28886354,http://www.wikidata.org/entity/Q28893190,0,53,,,
MAR,Marrocos,Q28886355,http://www.wikidata.org/entity/Q28893190,0,22,,,
MAR,Marrocos,Q28886352,http://www.wikidata.org/entity/Q28893190,0,19,,,
MAR,Marrocos,Q28886353,http://www.wikidata.org/entity/Q28893190,0,22,,,
MAR,Marrocos,Q28886358,http://www.wikidata.org/entity/Q28893190,0,57,,,
MAR,Marrocos,Q28886359,http://www.wikidata.org/entity/Q28893190,0,171,,,
MAR,Marrocos,Q28886356,http://www.wikidata.org/entity/Q28893190,0,17,,,
MAR,Marrocos,Q28886362,http://www.wikidata.org/entity/Q28893190,0,8,,,
MAR,Marrocos,Q28886361,http://www.wikidata.org/entity/Q28893190,0,41,,,
MAR,Marrocos,Q28886366,http://www.wikidata.org/entity/Q28893190,0,82,,,
MAR,Marrocos,Q28886371,http://www.wikidata.org/entity/Q28893190,0,26,,,
MAR,Marrocos,Q28886369,http://www.wikidata.org/entity/Q28893190,0,44,,,
MAR,Marrocos,Q28886372,http://www.wikidata.org/entity/Q28893190,0,6,,,
MAR,Marrocos,Q28886427,http://www.wikidata.org/entity/Q28890262,0,64,,,
MAR,Marrocos,Q28886430,http://www.wikidata.org/entity/Q28890262,0,25,,,
MAR,Marrocos,Q28886431,http://www.wikidata.org/entity/Q28890262,0,156,,,
MAR,Marrocos,Q28886428,http://www.wikidata.org/entity/Q28890262,0,76,,,
MAR,Marrocos,Q28886429,http://www.wikidata.org/entity/Q28890262,0,74,,,
MAR,Marrocos,Q28886434,http://www.wikidata.org/entity/Q28890262,0,135,,,
MAR,Marrocos,Q28886435,http://www.wikidata.org/entity/Q28890262,0,25,,,
MAR,Marrocos,Q28886432,http://www.wikidata.org/entity/Q28890262,0,24,,,
MAR,Marrocos,Q28886433,http://www.wikidata.org/entity/Q28890262,0,111,,,
MAR,Marrocos,Q28886438,http://www.wikidata.org/entity/Q28890262,0,131,,,
MAR,Marrocos,Q28886439,http://www.wikidata.org/entity/Q28890262,0,67,,,
MAR,Marrocos,Q28886436,http://www.wikidata.org/entity/Q28890262,0,75,,,
MAR,Marrocos,Q28886437,http://www.wikidata.org/entity/Q28890262,0,88,,,
MAR,Marrocos,Q28886442,http://www.wikidata.org/entity/Q28890262,0,18,,,
MAR,Marrocos,Q28886443,http://www.wikidata.org/entity/Q28890262,0,54,,,
MAR,Marrocos,Q28886441,http://www.wikidata.org/entity/Q28890262,0,31,,,
MAR,Marrocos,Q28886446,http://www.wikidata.org/entity/Q28890264,0,97,,,
MAR,Marrocos,Q28886447,http://www.wikidata.org/entity/Q28890264,0,94,,,
MAR,Marrocos,Q28886444,http://www.wikidata.org/entity/Q28890262,0,156,,,
MAR,Marrocos,Q28886445,http://www.wikidata.org/entity/Q28890262,0,28,,,
MAR,Marrocos,Q28886450,http://www.wikidata.org/entity/Q28890264,0,89,,,
MAR,Marrocos,Q28886449,http://www.wikidata.org/entity/Q28890264,0,193,,,
MAR,Marrocos,Q28886479,http://www.wikidata.org/entity/Q28891247,0,36,,,
MAR,Marrocos,Q28886482,http://www.wikidata.org/entity/Q28891247,0,40,,,
MAR,Marrocos,Q28886483,http://www.wikidata.org/entity/Q28891247,0,92,,,
MAR,Marrocos,Q28886480,http://www.wikidata.org/entity/Q28891247,0,72,,,
MAR,Marrocos,Q28886481,http://www.wikidata.org/entity/Q28891247,0,9,,,
MAR,Marrocos,Q28886486,http://www.wikidata.org/entity/Q28892627,0,405,,,
MAR,Marrocos,Q28886484,http://www.wikidata.org/entity/Q28891247,0,46,,,
MAR,Marrocos,Q28886485,http://www.wikidata.org/entity/Q28892627,0,629,,,
MAR,Marrocos,Q28886490,http://www.wikidata.org/entity/Q28898020,0,4,,,
MAR,Marrocos,Q28886491,http://www.wikidata.org/entity/Q28898020,0,35,,,
MAR,Marrocos,Q28886489,http://www.wikidata.org/entity/Q28898020,0,59,,,
MAR,Marrocos,Q28886494,http://www.wikidata.org/entity/Q28898020,0,102,,,
MAR,Marrocos,Q28886498,http://www.wikidata.org/entity/Q28898020,0,24,,,
MAR,Marrocos,Q28886499,http://www.wikidata.org/entity/Q28898020,0,73,,,
MAR,Marrocos,Q28886496,http://www.wikidata.org/entity/Q28898020,0,38,,,
MAR,Marrocos,Q28886497,http://www.wikidata.org/entity/Q28898020,0,38,,,
MAR,Marrocos,Q28886506,http://www.wikidata.org/entity/Q28904815,0,15,,,
MAR,Marrocos,Q28886504,http://www.wikidata.org/entity/Q28898020,0,210,,,
MAR,Marrocos,Q28886505,http://www.wikidata.org/entity/Q28904815,0,49,,,
MAR,Marrocos,Q28886508,http://www.wikidata.org/entity/Q28904815,0,30,,,
MAR,Marrocos,Q28886509,http://www.wikidata.org/entity/Q28904815,0,73,,,
MAR,Marrocos,Q28886518,http://www.wikidata.org/entity/Q28904815,0,88,,,
MAR,Marrocos,Q28886519,http://www.wikidata.org/entity/Q28904815,0,44,,,
MAR,Marrocos,Q28886517,http://www.wikidata.org/entity/Q28904815,0,47,,,
MAR,Marrocos,Q28886522,http://www.wikidata.org/entity/Q28897153,0,18,,,
MAR,Marrocos,Q28886523,http://www.wikidata.org/entity/Q28897153,0,8,,,
MAR,Marrocos,Q28886521,http://www.wikidata.org/entity/Q28897153,0,13,,,
MAR,Marrocos,Q28886526,http://www.wikidata.org/entity/Q28897153,0,77,,,
MAR,Marrocos,Q28886527,http://www.wikidata.org/entity/Q28897153,0,49,,,
MAR,Marrocos,Q28886524,http://www.wikidata.org/entity/Q28897153,0,46,,,
MAR,Marrocos,Q28886525,http://www.wikidata.org/entity/Q28897153,0,13,,,
MAR,Marrocos,Q28886530,http://www.wikidata.org/entity/Q28897153,0,84,,,
MAR,Marrocos,Q28886531,http://www.wikidata.org/entity/Q28897153,0,29,,,
MAR,Marrocos,Q28886528,http://www.wikidata.org/entity/Q28897153,0,53,,,
MAR,Marrocos,Q28886529,http://www.wikidata.org/entity/Q28897153,0,62,,,
MAR,Marrocos,Q28886534,http://www.wikidata.org/entity/Q28890225,0,31,,,
MAR,Marrocos,Q28886979,http://www.wikidata.org/entity/Q28890249,0,195,,,
MAR,Marrocos,Q28886976,http://www.wikidata.org/entity/Q28890249,0,983,,,
MAR,Marrocos,Q28886977,http://www.wikidata.org/entity/Q28890249,0,344,,,
MAR,Marrocos,Q28886982,http://www.wikidata.org/entity/Q28890249,0,339,,,
MAR,Marrocos,Q28886983,http://www.wikidata.org/entity/Q28890249,0,64,,,
MAR,Marrocos,Q28886980,http://www.wikidata.org/entity/Q28890249,0,786,,,
MAR,Marrocos,Q28886981,http://www.wikidata.org/entity/Q28890249,0,152,,,
MAR,Marrocos,Q28886986,http://www.wikidata.org/entity/Q28890249,0,346,,,
MAR,Marrocos,Q28886987,http://www.wikidata.org/entity/Q28890249,0,234,,,
MAR,Marrocos,Q28886984,http://www.wikidata.org/entity/Q28899300,0,3985,,,
MAR,Marrocos,Q28886985,http://www.wikidata.org/entity/Q28890249,0,367,,,
MAR,Marrocos,Q28886990,http://www.wikidata.org/entity/Q28890249,0,156,,,
MAR,Marrocos,Q28886991,http://www.wikidata.org/entity/Q28890249,0,101,,,
MAR,Marrocos,Q28886988,http://www.wikidata.org/entity/Q28890249,0,237,,,
MAR,Marrocos,Q28886989,http://www.wikidata.org/entity/Q28890249,0,351,,,
MAR,Marrocos,Q28886995,http://www.wikidata.org/entity/Q28890249,0,183,,,
MAR,Marrocos,Q28886992,http://www.wikidata.org/entity/Q28890249,0,701,,,
MAR,Marrocos,Q28886993,http://www.wikidata.org/entity/Q28890249,0,734,,,
MAR,Marrocos,Q28886998,http://www.wikidata.org/entity/Q28907389,0,926,,,
MAR,Marrocos,Q28886999,http://www.wikidata.org/entity/Q28907389,0,1020,,,
MAR,Marrocos,Q28886996,http://www.wikidata.org/entity/Q28890249,0,88,,,
MAR,Marrocos,Q28886997,http://www.wikidata.org/entity/Q28890249,0,154,,,
MAR,Marrocos,Q28887002,http://www.wikidata.org/entity/Q28907389,0,1273,,,
MAR,Marrocos,Q28887000,http://www.wikidata.org/entity/Q28907774,0,278,,,
MAR,Marrocos,Q28887001,http://www.wikidata.org/entity/Q28907389,0,1522,,,
MAR,Marrocos,Q28887006,http://www.wikidata.org/entity/Q28892127,0,3588,,,
MAR,Marrocos,Q28887007,http://www.wikidata.org/entity/Q28892127,0,5447,,,
MAR,Marrocos,Q28887004,http://www.wikidata.org/entity/Q28892127,0,4788,,,
MAR,Marrocos,Q28887005,http://www.wikidata.org/entity/Q28892127,0,6830,,,
MAR,Marrocos,Q28887010,http://www.wikidata.org/entity/Q28892127,0,534,,,
MAR,Marrocos,Q28887008,http://www.wikidata.org/entity/Q28892127,0,1179,,,
MAR,Marrocos,Q28887014,http://www.wikidata.org/entity/Q28892127,0,461,,,
MAR,Marrocos,Q28887012,http://www.wikidata.org/entity/Q28892127,0,2022,,,
MAR,Marrocos,Q28887013,http://www.wikidata.org/entity/Q28892127,0,1952,,,
MAR,Marrocos,Q28887018,http://www.wikidata.org/entity/Q28897135,0,80,,,
MAR,Marrocos,Q28887019,http://www.wikidata.org/entity/Q28897135,0,91,,,
MAR,Marrocos,Q28887017,http://www.wikidata.org/entity/Q28897135,0,147,,,
MAR,Marrocos,Q28887022,http://www.wikidata.org/entity/Q28897135,0,101,,,
MAR,Marrocos,Q28887023,http://www.wikidata.org/entity/Q28897135,0,97,,,
MAR,Marrocos,Q28887020,http://www.wikidata.org/entity/Q28897135,0,90,,,
MAR,Marrocos,Q28887021,http://www.wikidata.org/entity/Q28897135,0,128,,,
MAR,Marrocos,Q28887026,http://www.wikidata.org/entity/Q28897135,0,135,,,
MAR,Marrocos,Q28887027,http://www.wikidata.org/entity/Q28897135,0,126,,,
MAR,Marrocos,Q28887024,http://www.wikidata.org/entity/Q28887450,0,553,,,
MAR,Marrocos,Q28887025,http://www.wikidata.org/entity/Q28897135,0,321,,,
MAR,Marrocos,Q28887030,http://www.wikidata.org/entity/Q28897135,0,172,,,
MAR,Marrocos,Q28887031,http://www.wikidata.org/entity/Q28897135,0,57,,,
MAR,Marrocos,Q28887028,http://www.wikidata.org/entity/Q28897135,0,269,,,
MAR,Marrocos,Q28887029,http://www.wikidata.org/entity/Q28897135,0,172,,,
MAR,Marrocos,Q28887034,http://www.wikidata.org/entity/Q28904165,0,828,,,
MAR,Marrocos,Q28887035,http://www.wikidata.org/entity/Q28897135,0,10,,,
MAR,Marrocos,Q28887032,http://www.wikidata.org/entity/Q28897135,0,402,,,
MAR,Marrocos,Q28887033,http://www.wikidata.org/entity/Q28897135,0,313,,,
MAR,Marrocos,Q28887036,http://www.wikidata.org/entity/Q28897135,0,268,,,
MAR,Marrocos,Q28887058,http://www.wikidata.org/entity/Q28896585,0,6,,,
MAR,Marrocos,Q28887059,http://www.wikidata.org/entity/Q28896585,0,290,,,
MAR,Marrocos,Q28887057,http://www.wikidata.org/entity/Q28896585,0,70,,,
MAR,Marrocos,Q28887062,http://www.wikidata.org/entity/Q28896585,0,1080,,,
MAR,Marrocos,Q28887063,http://www.wikidata.org/entity/Q28896585,0,216,,,
MAR,Marrocos,Q28887061,http://www.wikidata.org/entity/Q28896585,0,955,,,
MAR,Marrocos,Q28887066,http://www.wikidata.org/entity/Q28896577,0,65,,,
MAR,Marrocos,Q28887067,http://www.wikidata.org/entity/Q28896577,0,394,,,
MAR,Marrocos,Q28887064,http://www.wikidata.org/entity/Q28896585,0,71,,,
MAR,Marrocos,Q28887070,http://www.wikidata.org/entity/Q28896577,0,128,,,
MAR,Marrocos,Q28887071,http://www.wikidata.org/entity/Q28896577,0,371,,,
MAR,Marrocos,Q28887068,http://www.wikidata.org/entity/Q28896577,0,395,,,
MAR,Marrocos,Q28887069,http://www.wikidata.org/entity/Q28896577,0,1425,,,
MAR,Marrocos,Q28887074,http://www.wikidata.org/entity/Q28896577,0,462,,,
MAR,Marrocos,Q28887075,http://www.wikidata.org/entity/Q28896577,0,482,,,
MAR,Marrocos,Q28887072,http://www.wikidata.org/entity/Q28896577,0,642,,,
MAR,Marrocos,Q28887073,http://www.wikidata.org/entity/Q28896577,0,369,,,
MAR,Marrocos,Q28887078,http://www.wikidata.org/entity/Q28896577,0,432,,,
MAR,Marrocos,Q28887076,http://www.wikidata.org/entity/Q28896577,0,1176,,,
MAR,Marrocos,Q28887077,http://www.wikidata.org/entity/Q28896577,0,486,,,
MAR,Marrocos,Q28887102,http://www.wikidata.org/entity/Q28896582,0,238,,,
MAR,Marrocos,Q28887100,http://www.wikidata.org/entity/Q28896582,0,2236,,,
MAR,Marrocos,Q28887101,http://www.wikidata.org/entity/Q28896582,0,365,,,
MAR,Marrocos,Q28887122,http://www.wikidata.org/entity/Q28890841,0,4148,,,
MAR,Marrocos,Q28887123,http://www.wikidata.org/entity/Q28890841,0,3460,,,
MAR,Marrocos,Q28887120,http://www.wikidata.org/entity/Q28896582,0,102,,,
MAR,Marrocos,Q28887121,http://www.wikidata.org/entity/Q28896582,0,502,,,
MAR,Marrocos,Q28887127,http://www.wikidata.org/entity/Q28890841,0,757,,,
MAR,Marrocos,Q28887124,http://www.wikidata.org/entity/Q28890841,0,839,,,
MAR,Marrocos,Q28887125,http://www.wikidata.org/entity/Q28890841,0,1974,,,
MAR,Marrocos,Q28887130,http://www.wikidata.org/entity/Q28890841,0,383,,,
MAR,Marrocos,Q28887131,http://www.wikidata.org/entity/Q28890841,0,876,,,
MAR,Marrocos,Q28887128,http://www.wikidata.org/entity/Q28890841,0,740,,,
MAR,Marrocos,Q28887129,http://www.wikidata.org/entity/Q28890841,0,487,,,
MAR,Marrocos,Q28887134,http://www.wikidata.org/entity/Q28899124,0,213,,,
MAR,Marrocos,Q28887135,http://www.wikidata.org/entity/Q28899124,0,1938,,,
MAR,Marrocos,Q28887132,http://www.wikidata.org/entity/Q28899124,0,1991,,,
MAR,Marrocos,Q28887133,http://www.wikidata.org/entity/Q28899124,0,1573,,,
MAR,Marrocos,Q28887138,http://www.wikidata.org/entity/Q28899124,0,29,,,
MAR,Marrocos,Q28887136,http://www.wikidata.org/entity/Q28899124,0,566,,,
MAR,Marrocos,Q28887287,http://www.wikidata.org/entity/Q28892295,0,143,,,
MAR,Marrocos,Q28887290,http://www.wikidata.org/entity/Q28892295,0,428,,,
MAR,Marrocos,Q28887291,http://www.wikidata.org/entity/Q28892295,0,719,,,
MAR,Marrocos,Q28887289,http://www.wikidata.org/entity/Q28892295,0,323,,,
MAR,Marrocos,Q28887294,http://www.wikidata.org/entity/Q28890434,0,364,,,
MAR,Marrocos,Q28887293,http://www.wikidata.org/entity/Q28890434,0,473,,,
MAR,Marrocos,Q28886535,http://www.wikidata.org/entity/Q28890225,0,67,,,
MAR,Marrocos,Q28886532,http://www.wikidata.org/entity/Q28897153,0,48,,,
MAR,Marrocos,Q28886533,http://www.wikidata.org/entity/Q28897153,0,76,,,
MAR,Marrocos,Q28886538,http://www.wikidata.org/entity/Q28890225,0,18,,,
MAR,Marrocos,Q28886539,http://www.wikidata.org/entity/Q28890225,0,12,,,
MAR,Marrocos,Q28886536,http://www.wikidata.org/entity/Q28890225,0,34,,,
MAR,Marrocos,Q28886537,http://www.wikidata.org/entity/Q28890225,0,25,,,
MAR,Marrocos,Q28886542,http://www.wikidata.org/entity/Q28890225,0,28,,,
MAR,Marrocos,Q28886543,http://www.wikidata.org/entity/Q28890225,0,13,,,
MAR,Marrocos,Q28886540,http://www.wikidata.org/entity/Q28890225,0,73,,,
MAR,Marrocos,Q28886541,http://www.wikidata.org/entity/Q28890225,0,38,,,
MAR,Marrocos,Q28886546,http://www.wikidata.org/entity/Q28890225,0,83,,,
MAR,Marrocos,Q28886544,http://www.wikidata.org/entity/Q28890225,0,14,,,
MAR,Marrocos,Q28886545,http://www.wikidata.org/entity/Q28890225,0,24,,,
MAR,Marrocos,Q28886550,http://www.wikidata.org/entity/Q28890225,0,52,,,
MAR,Marrocos,Q28886551,http://www.wikidata.org/entity/Q28890225,0,43,,,
MAR,Marrocos,Q28886548,http://www.wikidata.org/entity/Q28890225,0,89,,,
MAR,Marrocos,Q28886549,http://www.wikidata.org/entity/Q28890225,0,23,,,
MAR,Marrocos,Q28886554,http://www.wikidata.org/entity/Q28890225,0,52,,,
MAR,Marrocos,Q28886555,http://www.wikidata.org/entity/Q28890225,0,23,,,
MAR,Marrocos,Q28886552,http://www.wikidata.org/entity/Q28890225,0,83,,,
MAR,Marrocos,Q28886553,http://www.wikidata.org/entity/Q28890225,0,33,,,
MAR,Marrocos,Q28886558,http://www.wikidata.org/entity/Q28890225,0,34,,,
MAR,Marrocos,Q28886559,http://www.wikidata.org/entity/Q28892696,0,148,,,
MAR,Marrocos,Q28886556,http://www.wikidata.org/entity/Q28890225,0,8,,,
MAR,Marrocos,Q28886557,http://www.wikidata.org/entity/Q28890225,0,46,,,
MAR,Marrocos,Q28886563,http://www.wikidata.org/entity/Q28892696,0,97,,,
MAR,Marrocos,Q28886560,http://www.wikidata.org/entity/Q28892696,0,127,,,
MAR,Marrocos,Q28886566,http://www.wikidata.org/entity/Q28892696,0,46,,,
MAR,Marrocos,Q28886564,http://www.wikidata.org/entity/Q28892696,0,117,,,
MAR,Marrocos,Q28886565,http://www.wikidata.org/entity/Q28892696,0,88,,,
MAR,Marrocos,Q28886570,http://www.wikidata.org/entity/Q28892696,0,33,,,
MAR,Marrocos,Q28886571,http://www.wikidata.org/entity/Q28892696,0,68,,,
MAR,Marrocos,Q28886568,http://www.wikidata.org/entity/Q28892696,0,41,,,
MAR,Marrocos,Q28886569,http://www.wikidata.org/entity/Q28892696,0,66,,,
MAR,Marrocos,Q28886574,http://www.wikidata.org/entity/Q28892696,0,78,,,
MAR,Marrocos,Q28886575,http://www.wikidata.org/entity/Q28892696,0,72,,,
MAR,Marrocos,Q28886572,http://www.wikidata.org/entity/Q28892696,0,118,,,
MAR,Marrocos,Q28886573,http://www.wikidata.org/entity/Q28892696,0,23,,,
MAR,Marrocos,Q28886578,http://www.wikidata.org/entity/Q28892696,0,20,,,
MAR,Marrocos,Q28886579,http://www.wikidata.org/entity/Q28892696,0,60,,,
MAR,Marrocos,Q28886576,http://www.wikidata.org/entity/Q28892696,0,59,,,
MAR,Marrocos,Q28886577,http://www.wikidata.org/entity/Q28892696,0,38,,,
MAR,Marrocos,Q28886580,http://www.wikidata.org/entity/Q28892696,0,67,,,
MAR,Marrocos,Q28886581,http://www.wikidata.org/entity/Q28892696,0,101,,,
MAR,Marrocos,Q28886586,http://www.wikidata.org/entity/Q28905429,0,114,,,
MAR,Marrocos,Q28886585,http://www.wikidata.org/entity/Q28905429,0,11,,,
MAR,Marrocos,Q28886671,http://www.wikidata.org/entity/Q28897138,0,135,,,
MAR,Marrocos,Q28886674,http://www.wikidata.org/entity/Q28897138,0,52,,,
MAR,Marrocos,Q28886675,http://www.wikidata.org/entity/Q28897138,0,71,,,
MAR,Marrocos,Q28886672,http://www.wikidata.org/entity/Q28897138,0,118,,,
MAR,Marrocos,Q28886678,http://www.wikidata.org/entity/Q28897138,0,7,,,
MAR,Marrocos,Q28886676,http://www.wikidata.org/entity/Q28897138,0,196,,,
MAR,Marrocos,Q28886677,http://www.wikidata.org/entity/Q28897138,0,170,,,
MAR,Marrocos,Q28886682,http://www.wikidata.org/entity/Q28893054,0,209,,,
MAR,Marrocos,Q28886683,http://www.wikidata.org/entity/Q28893054,0,60,,,
MAR,Marrocos,Q28886680,http://www.wikidata.org/entity/Q28893054,0,290,,,
MAR,Marrocos,Q28886681,http://www.wikidata.org/entity/Q28893054,0,27,,,
MAR,Marrocos,Q28886706,http://www.wikidata.org/entity/Q28903100,0,81,,,
MAR,Marrocos,Q28886705,http://www.wikidata.org/entity/Q28903100,0,94,,,
MAR,Marrocos,Q28886710,http://www.wikidata.org/entity/Q28892693,0,84,,,
MAR,Marrocos,Q28886709,http://www.wikidata.org/entity/Q28892693,0,54,,,
MAR,Marrocos,Q28886714,http://www.wikidata.org/entity/Q28892693,0,27,,,
MAR,Marrocos,Q28886715,http://www.wikidata.org/entity/Q28892693,0,25,,,
MAR,Marrocos,Q28886713,http://www.wikidata.org/entity/Q28892693,0,41,,,
MAR,Marrocos,Q28886716,http://www.wikidata.org/entity/Q28892693,0,74,,,
MAR,Marrocos,Q28886717,http://www.wikidata.org/entity/Q28892693,0,70,,,
MAR,Marrocos,Q28886722,http://www.wikidata.org/entity/Q28891805,0,65,,,
MAR,Marrocos,Q28886721,http://www.wikidata.org/entity/Q28892693,0,23,,,
MAR,Marrocos,Q28886730,http://www.wikidata.org/entity/Q28891805,0,69,,,
MAR,Marrocos,Q28886731,http://www.wikidata.org/entity/Q28891805,0,107,,,
MAR,Marrocos,Q28886735,http://www.wikidata.org/entity/Q28891805,0,47,,,
MAR,Marrocos,Q28886732,http://www.wikidata.org/entity/Q28891805,0,36,,,
MAR,Marrocos,Q28886738,http://www.wikidata.org/entity/Q28891805,0,20,,,
MAR,Marrocos,Q28886739,http://www.wikidata.org/entity/Q28891805,0,25,,,
MAR,Marrocos,Q28886740,http://www.wikidata.org/entity/Q28891805,0,40,,,
MAR,Marrocos,Q28886870,http://www.wikidata.org/entity/Q28890268,0,106,,,
MAR,Marrocos,Q28886871,http://www.wikidata.org/entity/Q28890268,0,70,,,
MAR,Marrocos,Q28886869,http://www.wikidata.org/entity/Q28890268,0,147,,,
MAR,Marrocos,Q28886874,http://www.wikidata.org/entity/Q28898810,0,178,,,
MAR,Marrocos,Q28886875,http://www.wikidata.org/entity/Q28898810,0,222,,,
MAR,Marrocos,Q28886872,http://www.wikidata.org/entity/Q28890268,0,112,,,
MAR,Marrocos,Q28886873,http://www.wikidata.org/entity/Q28898810,0,123,,,
MAR,Marrocos,Q28886894,http://www.wikidata.org/entity/Q28891177,0,540,,,
MAR,Marrocos,Q28886895,http://www.wikidata.org/entity/Q28891177,0,359,,,
MAR,Marrocos,Q28886898,http://www.wikidata.org/entity/Q28904234,0,78,,,
MAR,Marrocos,Q28886899,http://www.wikidata.org/entity/Q28904234,0,8,,,
MAR,Marrocos,Q28886896,http://www.wikidata.org/entity/Q28891177,0,445,,,
MAR,Marrocos,Q28886897,http://www.wikidata.org/entity/Q28891177,0,55,,,
MAR,Marrocos,Q28886902,http://www.wikidata.org/entity/Q28904234,0,2149,,,
MAR,Marrocos,Q28886903,http://www.wikidata.org/entity/Q28904234,0,1171,,,
MAR,Marrocos,Q28886900,http://www.wikidata.org/entity/Q28904234,0,2092,,,
MAR,Marrocos,Q28886901,http://www.wikidata.org/entity/Q28880683,0,1298,,,
MAR,Marrocos,Q28886906,http://www.wikidata.org/entity/Q28904234,0,669,,,
MAR,Marrocos,Q28886907,http://www.wikidata.org/entity/Q28904234,0,95,,,
MAR,Marrocos,Q28886904,http://www.wikidata.org/entity/Q28904234,0,493,,,
MAR,Marrocos,Q28886911,http://www.wikidata.org/entity/Q28893649,0,730,,,
MAR,Marrocos,Q28886908,http://www.wikidata.org/entity/Q28904234,0,198,,,
MAR,Marrocos,Q28886975,http://www.wikidata.org/entity/Q28890249,0,1016,,,
MAR,Marrocos,Q28886978,http://www.wikidata.org/entity/Q28890249,0,527,,,
MAR,Marrocos,Q28887298,http://www.wikidata.org/entity/Q28890434,0,421,,,
MAR,Marrocos,Q28887299,http://www.wikidata.org/entity/Q28890434,0,436,,,
MAR,Marrocos,Q28887296,http://www.wikidata.org/entity/Q28890434,0,424,,,
MAR,Marrocos,Q28887297,http://www.wikidata.org/entity/Q28890434,0,396,,,
MAR,Marrocos,Q28887300,http://www.wikidata.org/entity/Q28890434,0,114,,,
MAR,Marrocos,Q28887301,http://www.wikidata.org/entity/Q28892300,0,927,,,
MAR,Marrocos,Q28887327,http://www.wikidata.org/entity/Q28891064,0,70,,,
MAR,Marrocos,Q28887331,http://www.wikidata.org/entity/Q28892546,0,136,,,
MAR,Marrocos,Q28887328,http://www.wikidata.org/entity/Q28892546,0,859,,,
MAR,Marrocos,Q28887332,http://www.wikidata.org/entity/Q28892546,0,121,,,
MAR,Marrocos,Q28887343,http://www.wikidata.org/entity/Q28892547,0,392,,,
MAR,Marrocos,Q28887340,http://www.wikidata.org/entity/Q28892547,0,75,,,
MAR,Marrocos,Q28887345,http://www.wikidata.org/entity/Q28898249,0,1311,,,
MAR,Marrocos,Q28887350,http://www.wikidata.org/entity/Q28898249,0,403,,,
MAR,Marrocos,Q28887351,http://www.wikidata.org/entity/Q28898249,0,455,,,
MAR,Marrocos,Q28887414,http://www.wikidata.org/entity/Q28909230,0,715,,,
MAR,Marrocos,Q28887415,http://www.wikidata.org/entity/Q28909230,0,239,,,
MAR,Marrocos,Q28887412,http://www.wikidata.org/entity/Q28909230,0,519,,,
MAR,Marrocos,Q28887413,http://www.wikidata.org/entity/Q28909230,0,332,,,
MAR,Marrocos,Q28887418,http://www.wikidata.org/entity/Q28909230,0,435,,,
MAR,Marrocos,Q28887419,http://www.wikidata.org/entity/Q28909230,0,826,,,
MAR,Marrocos,Q28887416,http://www.wikidata.org/entity/Q28909230,0,272,,,
MAR,Marrocos,Q28887417,http://www.wikidata.org/entity/Q28909230,0,648,,,
MAR,Marrocos,Q28887422,http://www.wikidata.org/entity/Q28909230,0,383,,,
MAR,Marrocos,Q28887423,http://www.wikidata.org/entity/Q28909230,0,232,,,
MAR,Marrocos,Q28887420,http://www.wikidata.org/entity/Q28909230,0,546,,,
MAR,Marrocos,Q28887421,http://www.wikidata.org/entity/Q28909230,0,488,,,
MAR,Marrocos,Q28887426,http://www.wikidata.org/entity/Q28909210,0,2348,,,
MAR,Marrocos,Q28887427,http://www.wikidata.org/entity/Q28909210,0,1455,,,
MAR,Marrocos,Q28887424,http://www.wikidata.org/entity/Q28909210,0,1246,,,
MAR,Marrocos,Q28887425,http://www.wikidata.org/entity/Q28909210,0,2880,,,
MAR,Marrocos,Q28887430,http://www.wikidata.org/entity/Q28909210,0,880,,,
MAR,Marrocos,Q28887431,http://www.wikidata.org/entity/Q28909210,0,1207,,,
MAR,Marrocos,Q28887428,http://www.wikidata.org/entity/Q28909210,0,221,,,
MAR,Marrocos,Q28887429,http://www.wikidata.org/entity/Q28909210,0,454,,,
MAR,Marrocos,Q28887434,http://www.wikidata.org/entity/Q28899685,0,658,,,
MAR,Marrocos,Q28887435,http://www.wikidata.org/entity/Q28899685,0,157,,,
MAR,Marrocos,Q28887432,http://www.wikidata.org/entity/Q28909210,0,975,,,
MAR,Marrocos,Q28887433,http://www.wikidata.org/entity/Q28909210,0,296,,,
MAR,Marrocos,Q28887438,http://www.wikidata.org/entity/Q28899685,0,1053,,,
MAR,Marrocos,Q28887439,http://www.wikidata.org/entity/Q28899685,0,348,,,
MAR,Marrocos,Q28887436,http://www.wikidata.org/entity/Q28899685,0,62,,,
MAR,Marrocos,Q28887437,http://www.wikidata.org/entity/Q28899685,0,453,,,
MAR,Marrocos,Q28887442,http://www.wikidata.org/entity/Q28900029,0,831,,,
MAR,Marrocos,Q28887443,http://www.wikidata.org/entity/Q28900029,0,2593,,,
MAR,Marrocos,Q28887440,http://www.wikidata.org/entity/Q28899685,0,117,,,
MAR,Marrocos,Q28887441,http://www.wikidata.org/entity/Q28900029,0,1877,,,
MAR,Marrocos,Q28887446,http://www.wikidata.org/entity/Q28900430,0,501,,,
MAR,Marrocos,Q28887447,http://www.wikidata.org/entity/Q28900430,0,795,,,
MAR,Marrocos,Q28887444,http://www.wikidata.org/entity/Q28900430,0,1103,,,
MAR,Marrocos,Q28887445,http://www.wikidata.org/entity/Q28900430,0,766,,,
MAR,Marrocos,Q28887451,http://www.wikidata.org/entity/Q28900430,0,478,,,
MAR,Marrocos,Q28887449,http://www.wikidata.org/entity/Q28900430,0,352,,,
MAR,Marrocos,Q28887452,http://www.wikidata.org/entity/Q28900430,0,594,,,
MAR,Marrocos,Q28887686,http://www.wikidata.org/entity/Q28900254,0,1670,,,
MAR,Marrocos,Q28887687,http://www.wikidata.org/entity/Q28900254,0,693,,,
MAR,Marrocos,Q28887685,http://www.wikidata.org/entity/Q28900254,0,1136,,,
MAR,Marrocos,Q28887690,http://www.wikidata.org/entity/Q28900254,0,342,,,
MAR,Marrocos,Q28887691,http://www.wikidata.org/entity/Q28900254,0,777,,,
MAR,Marrocos,Q28887688,http://www.wikidata.org/entity/Q28900254,0,533,,,
MAR,Marrocos,Q28887689,http://www.wikidata.org/entity/Q28900254,0,678,,,
MAR,Marrocos,Q28887694,http://www.wikidata.org/entity/Q28900254,0,1056,,,
MAR,Marrocos,Q28887695,http://www.wikidata.org/entity/Q28895227,0,157,,,
MAR,Marrocos,Q28887692,http://www.wikidata.org/entity/Q28900254,0,498,,,
MAR,Marrocos,Q28887693,http://www.wikidata.org/entity/Q28900254,0,197,,,
MAR,Marrocos,Q28887698,http://www.wikidata.org/entity/Q28895227,0,204,,,
MAR,Marrocos,Q28887699,http://www.wikidata.org/entity/Q28895227,0,787,,,
MAR,Marrocos,Q28887696,http://www.wikidata.org/entity/Q28895227,0,287,,,
MAR,Marrocos,Q28887697,http://www.wikidata.org/entity/Q28895227,0,484,,,
MAR,Marrocos,Q28887702,http://www.wikidata.org/entity/Q28895227,0,411,,,
MAR,Marrocos,Q28887703,http://www.wikidata.org/entity/Q28895227,0,204,,,
MAR,Marrocos,Q28887700,http://www.wikidata.org/entity/Q28895227,0,309,,,
MAR,Marrocos,Q28887701,http://www.wikidata.org/entity/Q28895227,0,563,,,
MAR,Marrocos,Q28887704,http://www.wikidata.org/entity/Q28895227,0,720,,,
MAR,Marrocos,Q28887726,http://www.wikidata.org/entity/Q28895158,0,274,,,
MAR,Marrocos,Q28887727,http://www.wikidata.org/entity/Q28895158,0,850,,,
MAR,Marrocos,Q28887725,http://www.wikidata.org/entity/Q28895158,0,668,,,
MAR,Marrocos,Q28887730,http://www.wikidata.org/entity/Q28894804,0,164,,,
MAR,Marrocos,Q28887731,http://www.wikidata.org/entity/Q28894804,0,463,,,
MAR,Marrocos,Q28887728,http://www.wikidata.org/entity/Q28894804,0,623,,,
MAR,Marrocos,Q28887729,http://www.wikidata.org/entity/Q28894804,0,355,,,
MAR,Marrocos,Q28887734,http://www.wikidata.org/entity/Q28894804,0,990,,,
MAR,Marrocos,Q28887735,http://www.wikidata.org/entity/Q28894804,0,682,,,
MAR,Marrocos,Q28887732,http://www.wikidata.org/entity/Q28894804,0,355,,,
MAR,Marrocos,Q28887733,http://www.wikidata.org/entity/Q28894804,0,833,,,
MAR,Marrocos,Q28887738,http://www.wikidata.org/entity/Q28894804,0,178,,,
MAR,Marrocos,Q28887739,http://www.wikidata.org/entity/Q28894804,0,277,,,
MAR,Marrocos,Q28887736,http://www.wikidata.org/entity/Q28894804,0,475,,,
MAR,Marrocos,Q28887737,http://www.wikidata.org/entity/Q28894804,0,19,,,
MAR,Marrocos,Q28887742,http://www.wikidata.org/entity/Q28901134,0,625,,,
MAR,Marrocos,Q28887743,http://www.wikidata.org/entity/Q28901134,0,310,,,
MAR,Marrocos,Q28887740,http://www.wikidata.org/entity/Q28894804,0,180,,,
MAR,Marrocos,Q28887741,http://www.wikidata.org/entity/Q28894804,0,159,,,
MAR,Marrocos,Q28887746,http://www.wikidata.org/entity/Q28901134,0,496,,,
MAR,Marrocos,Q28887747,http://www.wikidata.org/entity/Q28901134,0,487,,,
MAR,Marrocos,Q28887744,http://www.wikidata.org/entity/Q28901134,0,268,,,
MAR,Marrocos,Q28887745,http://www.wikidata.org/entity/Q28901134,0,490,,,
MAR,Marrocos,Q28887750,http://www.wikidata.org/entity/Q28901134,0,436,,,
MAR,Marrocos,Q28887751,http://www.wikidata.org/entity/Q28901134,0,249,,,
MAR,Marrocos,Q28887748,http://www.wikidata.org/entity/Q28901134,0,335,,,
MAR,Marrocos,Q28889403,http://www.wikidata.org/entity/Q28902633,0,102,,,
MAR,Marrocos,Q28889462,http://www.wikidata.org/entity/Q28900486,0,257,,,
MAR,Marrocos,Q28889463,http://www.wikidata.org/entity/Q28892713,0,105,,,
MAR,Marrocos,Q28889461,http://www.wikidata.org/entity/Q28900486,0,86,,,
MAR,Marrocos,Q28889466,http://www.wikidata.org/entity/Q28900486,0,158,,,
MAR,Marrocos,Q28889465,http://www.wikidata.org/entity/Q28895561,0,139,,,
MAR,Marrocos,Q28889470,http://www.wikidata.org/entity/Q28905268,0,80,,,
MAR,Marrocos,Q28889468,http://www.wikidata.org/entity/Q28900486,0,852,,,
MAR,Marrocos,Q28889472,http://www.wikidata.org/entity/Q28900486,0,331,,,
MAR,Marrocos,Q28889473,http://www.wikidata.org/entity/Q28900486,0,484,,,
MAR,Marrocos,Q28889518,http://www.wikidata.org/entity/Q28900955,0,51,,,
MAR,Marrocos,Q28889519,http://www.wikidata.org/entity/Q28900955,0,635,,,
MAR,Marrocos,Q28889517,http://www.wikidata.org/entity/Q28900955,0,32,,,
MAR,Marrocos,Q28889522,http://www.wikidata.org/entity/Q28900955,0,251,,,
MAR,Marrocos,Q28889520,http://www.wikidata.org/entity/Q28900955,0,236,,,
MAR,Marrocos,Q28889521,http://www.wikidata.org/entity/Q28900955,0,188,,,
MAR,Marrocos,Q28889524,http://www.wikidata.org/entity/Q28900159,0,145,,,
MAR,Marrocos,Q28889525,http://www.wikidata.org/entity/Q28900159,0,352,,,
MAR,Marrocos,Q28889563,http://www.wikidata.org/entity/Q28907221,0,274,,,
MAR,Marrocos,Q28889561,http://www.wikidata.org/entity/Q28907221,0,185,,,
MAR,Marrocos,Q28889570,http://www.wikidata.org/entity/Q28907221,0,516,,,
MAR,Marrocos,Q28889574,http://www.wikidata.org/entity/Q28907221,0,816,,,
MAR,Marrocos,Q28889579,http://www.wikidata.org/entity/Q28907221,0,78,,,
MAR,Marrocos,Q28889576,http://www.wikidata.org/entity/Q28907221,0,141,,,
MAR,Marrocos,Q28889622,http://www.wikidata.org/entity/Q28895570,0,187,,,
MAR,Marrocos,Q28889623,http://www.wikidata.org/entity/Q28895570,0,743,,,
MAR,Marrocos,Q28889621,http://www.wikidata.org/entity/Q28895570,0,742,,,
MAR,Marrocos,Q28889626,http://www.wikidata.org/entity/Q28895091,0,1394,,,
MAR,Marrocos,Q28889627,http://www.wikidata.org/entity/Q28895091,0,718,,,
MAR,Marrocos,Q28889624,http://www.wikidata.org/entity/Q28895570,0,383,,,
MAR,Marrocos,Q28889625,http://www.wikidata.org/entity/Q28895570,0,1081,,,
MAR,Marrocos,Q28889630,http://www.wikidata.org/entity/Q28895091,0,754,,,
MAR,Marrocos,Q28889631,http://www.wikidata.org/entity/Q28895091,0,798,,,
MAR,Marrocos,Q28889628,http://www.wikidata.org/entity/Q28895091,0,1045,,,
MAR,Marrocos,Q28889629,http://www.wikidata.org/entity/Q28895091,0,1835,,,
MAR,Marrocos,Q28889633,http://www.wikidata.org/entity/Q28895091,0,358,,,
MAR,Marrocos,Q28889646,http://www.wikidata.org/entity/Q28895314,0,273,,,
MAR,Marrocos,Q28889647,http://www.wikidata.org/entity/Q28895314,0,236,,,
MAR,Marrocos,Q28889644,http://www.wikidata.org/entity/Q28895314,0,236,,,
MAR,Marrocos,Q28889645,http://www.wikidata.org/entity/Q28895314,0,693,,,
MAR,Marrocos,Q28889650,http://www.wikidata.org/entity/Q28895314,0,108,,,
MAR,Marrocos,Q28889651,http://www.wikidata.org/entity/Q28895314,0,324,,,
MAR,Marrocos,Q28889648,http://www.wikidata.org/entity/Q28895314,0,837,,,
MAR,Marrocos,Q28889649,http://www.wikidata.org/entity/Q28895314,0,587,,,
MAR,Marrocos,Q28889654,http://www.wikidata.org/entity/Q28896229,0,493,,,
MAR,Marrocos,Q28889655,http://www.wikidata.org/entity/Q28896229,0,692,,,
MAR,Marrocos,Q28889652,http://www.wikidata.org/entity/Q28896229,0,963,,,
MAR,Marrocos,Q28889653,http://www.wikidata.org/entity/Q28896229,0,650,,,
MAR,Marrocos,Q28889658,http://www.wikidata.org/entity/Q28896229,0,225,,,
MAR,Marrocos,Q28889659,http://www.wikidata.org/entity/Q28896229,0,259,,,
MAR,Marrocos,Q28889656,http://www.wikidata.org/entity/Q28896229,0,432,,,
MAR,Marrocos,Q28889657,http://www.wikidata.org/entity/Q28896229,0,711,,,
MAR,Marrocos,Q28889660,http://www.wikidata.org/entity/Q28896229,0,93,,,
MAR,Marrocos,Q28889661,http://www.wikidata.org/entity/Q28896229,0,112,,,
MAR,Marrocos,Q28887749,http://www.wikidata.org/entity/Q28901134,0,262,,,
MAR,Marrocos,Q28887754,http://www.wikidata.org/entity/Q28901134,0,113,,,
MAR,Marrocos,Q28887755,http://www.wikidata.org/entity/Q28901134,0,325,,,
MAR,Marrocos,Q28887752,http://www.wikidata.org/entity/Q28901134,0,200,,,
MAR,Marrocos,Q28887753,http://www.wikidata.org/entity/Q28901134,0,383,,,
MAR,Marrocos,Q28887756,http://www.wikidata.org/entity/Q28901134,0,534,,,
MAR,Marrocos,Q28887757,http://www.wikidata.org/entity/Q28901134,0,123,,,
MAR,Marrocos,Q28887806,http://www.wikidata.org/entity/Q28895785,0,868,,,
MAR,Marrocos,Q28887830,http://www.wikidata.org/entity/Q28897684,0,351,,,
MAR,Marrocos,Q28887831,http://www.wikidata.org/entity/Q28897684,0,406,,,
MAR,Marrocos,Q28887828,http://www.wikidata.org/entity/Q28899824,0,299,,,
MAR,Marrocos,Q28887829,http://www.wikidata.org/entity/Q28897684,0,619,,,
MAR,Marrocos,Q28887834,http://www.wikidata.org/entity/Q28897684,0,471,,,
MAR,Marrocos,Q28887835,http://www.wikidata.org/entity/Q28897684,0,182,,,
MAR,Marrocos,Q28887832,http://www.wikidata.org/entity/Q28897684,0,849,,,
MAR,Marrocos,Q28887833,http://www.wikidata.org/entity/Q28897684,0,232,,,
MAR,Marrocos,Q28887838,http://www.wikidata.org/entity/Q28897684,0,319,,,
MAR,Marrocos,Q28887839,http://www.wikidata.org/entity/Q28897684,0,803,,,
MAR,Marrocos,Q28887836,http://www.wikidata.org/entity/Q28897684,0,115,,,
MAR,Marrocos,Q28887837,http://www.wikidata.org/entity/Q28897684,0,74,,,
MAR,Marrocos,Q28887842,http://www.wikidata.org/entity/Q28897684,0,87,,,
MAR,Marrocos,Q28887843,http://www.wikidata.org/entity/Q28898879,0,909,,,
MAR,Marrocos,Q28887840,http://www.wikidata.org/entity/Q28897684,0,617,,,
MAR,Marrocos,Q28887841,http://www.wikidata.org/entity/Q28897684,0,114,,,
MAR,Marrocos,Q28887846,http://www.wikidata.org/entity/Q28898879,0,115,,,
MAR,Marrocos,Q28887847,http://www.wikidata.org/entity/Q28898879,0,186,,,
MAR,Marrocos,Q28887844,http://www.wikidata.org/entity/Q28898879,0,563,,,
MAR,Marrocos,Q28887845,http://www.wikidata.org/entity/Q28898879,0,101,,,
MAR,Marrocos,Q28887951,http://www.wikidata.org/entity/Q28894573,0,84,,,
MAR,Marrocos,Q28887954,http://www.wikidata.org/entity/Q28895154,0,1544,,,
MAR,Marrocos,Q28887955,http://www.wikidata.org/entity/Q28895154,0,1209,,,
MAR,Marrocos,Q28887952,http://www.wikidata.org/entity/Q28894573,0,256,,,
MAR,Marrocos,Q28887953,http://www.wikidata.org/entity/Q28894573,0,1024,,,
MAR,Marrocos,Q28887958,http://www.wikidata.org/entity/Q28895154,0,451,,,
MAR,Marrocos,Q28887959,http://www.wikidata.org/entity/Q28895154,0,825,,,
MAR,Marrocos,Q28887956,http://www.wikidata.org/entity/Q28895154,0,549,,,
MAR,Marrocos,Q28887957,http://www.wikidata.org/entity/Q28895154,0,502,,,
MAR,Marrocos,Q28887962,http://www.wikidata.org/entity/Q28895154,0,428,,,
MAR,Marrocos,Q28887960,http://www.wikidata.org/entity/Q28895154,0,778,,,
MAR,Marrocos,Q28887961,http://www.wikidata.org/entity/Q28895154,0,325,,,
MAR,Marrocos,Q28887994,http://www.wikidata.org/entity/Q28895009,0,91,,,
MAR,Marrocos,Q28887995,http://www.wikidata.org/entity/Q28895009,0,538,,,
MAR,Marrocos,Q28887993,http://www.wikidata.org/entity/Q28895009,0,576,,,
MAR,Marrocos,Q28887998,http://www.wikidata.org/entity/Q28895009,0,1008,,,
MAR,Marrocos,Q28887999,http://www.wikidata.org/entity/Q28895009,0,724,,,
MAR,Marrocos,Q28887997,http://www.wikidata.org/entity/Q28895009,0,469,,,
MAR,Marrocos,Q28888002,http://www.wikidata.org/entity/Q28895009,0,463,,,
MAR,Marrocos,Q28888003,http://www.wikidata.org/entity/Q28895009,0,874,,,
MAR,Marrocos,Q28888000,http://www.wikidata.org/entity/Q28895009,0,524,,,
MAR,Marrocos,Q28888001,http://www.wikidata.org/entity/Q28895009,0,927,,,
MAR,Marrocos,Q28888004,http://www.wikidata.org/entity/Q28895009,0,443,,,
MAR,Marrocos,Q28888022,http://www.wikidata.org/entity/Q28894523,0,390,,,
MAR,Marrocos,Q28888023,http://www.wikidata.org/entity/Q28894523,0,142,,,
MAR,Marrocos,Q28888026,http://www.wikidata.org/entity/Q28894523,0,216,,,
MAR,Marrocos,Q28888027,http://www.wikidata.org/entity/Q28894523,0,318,,,
MAR,Marrocos,Q28888024,http://www.wikidata.org/entity/Q28894523,0,192,,,
MAR,Marrocos,Q28888025,http://www.wikidata.org/entity/Q28894523,0,123,,,
MAR,Marrocos,Q28888030,http://www.wikidata.org/entity/Q28894523,0,1424,,,
MAR,Marrocos,Q28888031,http://www.wikidata.org/entity/Q28894523,0,138,,,
MAR,Marrocos,Q28888028,http://www.wikidata.org/entity/Q28894523,0,103,,,
MAR,Marrocos,Q28888029,http://www.wikidata.org/entity/Q28894523,0,256,,,
MAR,Marrocos,Q28888214,http://www.wikidata.org/entity/Q28894336,0,111,,,
MAR,Marrocos,Q28888215,http://www.wikidata.org/entity/Q28894336,0,742,,,
MAR,Marrocos,Q28888218,http://www.wikidata.org/entity/Q28894336,0,111,,,
MAR,Marrocos,Q28888219,http://www.wikidata.org/entity/Q28894336,0,304,,,
MAR,Marrocos,Q28888217,http://www.wikidata.org/entity/Q28894336,0,1336,,,
MAR,Marrocos,Q28888222,http://www.wikidata.org/entity/Q28894336,0,659,,,
MAR,Marrocos,Q28888223,http://www.wikidata.org/entity/Q28894336,0,869,,,
MAR,Marrocos,Q28888221,http://www.wikidata.org/entity/Q28894336,0,374,,,
MAR,Marrocos,Q28888248,http://www.wikidata.org/entity/Q28894356,0,186,,,
MAR,Marrocos,Q28888249,http://www.wikidata.org/entity/Q28894356,0,445,,,
MAR,Marrocos,Q28888290,http://www.wikidata.org/entity/Q3408408,0,328,,,
MAR,Marrocos,Q28888291,http://www.wikidata.org/entity/Q3408408,0,1396,,,
MAR,Marrocos,Q28888363,http://www.wikidata.org/entity/Q28896140,0,259,,,
MAR,Marrocos,Q28888366,http://www.wikidata.org/entity/Q28896133,0,735,,,
MAR,Marrocos,Q28888367,http://www.wikidata.org/entity/Q28896133,0,345,,,
MAR,Marrocos,Q28888364,http://www.wikidata.org/entity/Q28896133,0,155,,,
MAR,Marrocos,Q28888365,http://www.wikidata.org/entity/Q28896133,0,157,,,
MAR,Marrocos,Q28888370,http://www.wikidata.org/entity/Q28896133,0,114,,,
MAR,Marrocos,Q28888371,http://www.wikidata.org/entity/Q28896133,0,121,,,
MAR,Marrocos,Q28888368,http://www.wikidata.org/entity/Q28896133,0,516,,,
MAR,Marrocos,Q28888369,http://www.wikidata.org/entity/Q28896133,0,185,,,
MAR,Marrocos,Q28888535,http://www.wikidata.org/entity/Q28895728,0,1178,,,
MAR,Marrocos,Q28888538,http://www.wikidata.org/entity/Q28895728,0,531,,,
MAR,Marrocos,Q28888539,http://www.wikidata.org/entity/Q28895728,0,493,,,
MAR,Marrocos,Q28888536,http://www.wikidata.org/entity/Q28895728,0,272,,,
MAR,Marrocos,Q28888537,http://www.wikidata.org/entity/Q28895728,0,558,,,
MAR,Marrocos,Q28888540,http://www.wikidata.org/entity/Q28895728,0,181,,,
MAR,Marrocos,Q28889377,http://www.wikidata.org/entity/Q28898871,0,1095,,,
MAR,Marrocos,Q28889380,http://www.wikidata.org/entity/Q28898871,0,1876,,,
MAR,Marrocos,Q28889381,http://www.wikidata.org/entity/Q28898871,0,3033,,,
MAR,Marrocos,Q28889385,http://www.wikidata.org/entity/Q28898871,0,1217,,,
MAR,Marrocos,Q28889390,http://www.wikidata.org/entity/Q28902633,0,309,,,
MAR,Marrocos,Q28889391,http://www.wikidata.org/entity/Q28902633,0,593,,,
MAR,Marrocos,Q28889392,http://www.wikidata.org/entity/Q28902633,0,743,,,
MAR,Marrocos,Q28889396,http://www.wikidata.org/entity/Q28902633,0,227,,,
MAR,Marrocos,Q28889397,http://www.wikidata.org/entity/Q28902633,0,180,,,
MAR,Marrocos,Q28889402,http://www.wikidata.org/entity/Q28902633,0,193,,,
MAR,Marrocos,Q28885034,http://www.wikidata.org/entity/Q28906936,0,275,,,
MAR,Marrocos,Q28885035,http://www.wikidata.org/entity/Q28906936,0,270,,,
MAR,Marrocos,Q28885038,http://www.wikidata.org/entity/Q28909387,0,94,,,
MAR,Marrocos,Q28885039,http://www.wikidata.org/entity/Q28909387,0,451,,,
MAR,Marrocos,Q28885037,http://www.wikidata.org/entity/Q28909387,0,388,,,
MAR,Marrocos,Q28885041,http://www.wikidata.org/entity/Q28909387,0,67,,,
MAR,Marrocos,Q28885044,http://www.wikidata.org/entity/Q28909387,0,677,,,
MAR,Marrocos,Q28885222,http://www.wikidata.org/entity/Q28901560,0,77,,,
MAR,Marrocos,Q28885220,http://www.wikidata.org/entity/Q28901560,0,148,,,
MAR,Marrocos,Q28885221,http://www.wikidata.org/entity/Q28901560,0,191,,,
MAR,Marrocos,Q28885226,http://www.wikidata.org/entity/Q28901560,0,78,,,
MAR,Marrocos,Q28885227,http://www.wikidata.org/entity/Q28901560,0,55,,,
MAR,Marrocos,Q28885224,http://www.wikidata.org/entity/Q28901560,0,74,,,
MAR,Marrocos,Q28885225,http://www.wikidata.org/entity/Q28901560,0,126,,,
MAR,Marrocos,Q28885230,http://www.wikidata.org/entity/Q28901560,0,180,,,
MAR,Marrocos,Q28885228,http://www.wikidata.org/entity/Q28901560,0,66,,,
MAR,Marrocos,Q28885232,http://www.wikidata.org/entity/Q28901560,0,340,,,
MAR,Marrocos,Q28885238,http://www.wikidata.org/entity/Q28909430,0,40,,,
MAR,Marrocos,Q28885236,http://www.wikidata.org/entity/Q28909430,0,35,,,
MAR,Marrocos,Q28885314,http://www.wikidata.org/entity/Q28897952,0,107,,,
MAR,Marrocos,Q28885315,http://www.wikidata.org/entity/Q28897952,0,189,,,
MAR,Marrocos,Q28885318,http://www.wikidata.org/entity/Q28897952,0,246,,,
MAR,Marrocos,Q28885319,http://www.wikidata.org/entity/Q28897952,0,80,,,
MAR,Marrocos,Q28885322,http://www.wikidata.org/entity/Q28891485,0,72,,,
MAR,Marrocos,Q28885323,http://www.wikidata.org/entity/Q28891485,0,79,,,
MAR,Marrocos,Q28885320,http://www.wikidata.org/entity/Q28891485,0,169,,,
MAR,Marrocos,Q28885321,http://www.wikidata.org/entity/Q28891485,0,167,,,
MAR,Marrocos,Q28885326,http://www.wikidata.org/entity/Q28891485,0,185,,,
MAR,Marrocos,Q28885327,http://www.wikidata.org/entity/Q28891485,0,27,,,
MAR,Marrocos,Q28885324,http://www.wikidata.org/entity/Q28891485,0,79,,,
MAR,Marrocos,Q28885325,http://www.wikidata.org/entity/Q28891485,0,222,,,
MAR,Marrocos,Q28885330,http://www.wikidata.org/entity/Q28889903,0,327,,,
MAR,Marrocos,Q28885331,http://www.wikidata.org/entity/Q28889903,0,96,,,
MAR,Marrocos,Q28885329,http://www.wikidata.org/entity/Q28889903,0,388,,,
MAR,Marrocos,Q28885334,http://www.wikidata.org/entity/Q28889903,0,472,,,
MAR,Marrocos,Q28885332,http://www.wikidata.org/entity/Q28889903,0,193,,,
MAR,Marrocos,Q28885333,http://www.wikidata.org/entity/Q28889903,0,206,,,
MAR,Marrocos,Q28885358,http://www.wikidata.org/entity/Q28906954,0,217,,,
MAR,Marrocos,Q28885359,http://www.wikidata.org/entity/Q28906954,0,618,,,
MAR,Marrocos,Q28885357,http://www.wikidata.org/entity/Q28906954,0,240,,,
MAR,Marrocos,Q28885363,http://www.wikidata.org/entity/Q28906954,0,42,,,
MAR,Marrocos,Q28885360,http://www.wikidata.org/entity/Q28906954,0,208,,,
MAR,Marrocos,Q28885366,http://www.wikidata.org/entity/Q28905872,0,616,,,
MAR,Marrocos,Q28885367,http://www.wikidata.org/entity/Q28905872,0,647,,,
MAR,Marrocos,Q28885364,http://www.wikidata.org/entity/Q28905872,0,484,,,
MAR,Marrocos,Q28885365,http://www.wikidata.org/entity/Q28905872,0,184,,,
MAR,Marrocos,Q28885371,http://www.wikidata.org/entity/Q28905872,0,134,,,
MAR,Marrocos,Q28885368,http://www.wikidata.org/entity/Q28905872,0,369,,,
MAR,Marrocos,Q28885374,http://www.wikidata.org/entity/Q28897770,0,681,,,
MAR,Marrocos,Q28885375,http://www.wikidata.org/entity/Q28897770,0,604,,,
MAR,Marrocos,Q28885372,http://www.wikidata.org/entity/Q28897770,0,474,,,
MAR,Marrocos,Q28885373,http://www.wikidata.org/entity/Q28897770,0,430,,,
MAR,Marrocos,Q28885378,http://www.wikidata.org/entity/Q28897770,0,93,,,
MAR,Marrocos,Q28885379,http://www.wikidata.org/entity/Q28897770,0,914,,,
MAR,Marrocos,Q28885376,http://www.wikidata.org/entity/Q28897770,0,785,,,
MAR,Marrocos,Q28885377,http://www.wikidata.org/entity/Q28897770,0,79,,,
MAR,Marrocos,Q28885382,http://www.wikidata.org/entity/Q28897770,0,148,,,
MAR,Marrocos,Q28885383,http://www.wikidata.org/entity/Q28897770,0,494,,,
MAR,Marrocos,Q28885380,http://www.wikidata.org/entity/Q28897770,0,37,,,
MAR,Marrocos,Q28885381,http://www.wikidata.org/entity/Q28897770,0,35,,,
MAR,Marrocos,Q28885386,http://www.wikidata.org/entity/Q28897770,0,64,,,
MAR,Marrocos,Q28885387,http://www.wikidata.org/entity/Q28897770,0,93,,,
MAR,Marrocos,Q28885384,http://www.wikidata.org/entity/Q28897770,0,510,,,
MAR,Marrocos,Q28885385,http://www.wikidata.org/entity/Q28897770,0,104,,,
MAR,Marrocos,Q28885390,http://www.wikidata.org/entity/Q28897770,0,213,,,
MAR,Marrocos,Q28885391,http://www.wikidata.org/entity/Q28897770,0,125,,,
MAR,Marrocos,Q28885388,http://www.wikidata.org/entity/Q28897770,0,86,,,
MAR,Marrocos,Q28885389,http://www.wikidata.org/entity/Q28897770,0,37,,,
MAR,Marrocos,Q28885394,http://www.wikidata.org/entity/Q28897770,0,285,,,
MAR,Marrocos,Q28885395,http://www.wikidata.org/entity/Q28897770,0,121,,,
MAR,Marrocos,Q28885392,http://www.wikidata.org/entity/Q28897770,0,281,,,
MAR,Marrocos,Q28885393,http://www.wikidata.org/entity/Q28897770,0,589,,,
MAR,Marrocos,Q28885419,http://www.wikidata.org/entity/Q28907325,0,34,,,
MAR,Marrocos,Q28885417,http://www.wikidata.org/entity/Q28907325,0,102,,,
MAR,Marrocos,Q28885422,http://www.wikidata.org/entity/Q28907325,0,36,,,
MAR,Marrocos,Q28885423,http://www.wikidata.org/entity/Q28907325,0,18,,,
MAR,Marrocos,Q28885427,http://www.wikidata.org/entity/Q28907325,0,6,,,
MAR,Marrocos,Q28885425,http://www.wikidata.org/entity/Q28907325,0,199,,,
MAR,Marrocos,Q28885430,http://www.wikidata.org/entity/Q28885435,0,482,,,
MAR,Marrocos,Q28885431,http://www.wikidata.org/entity/Q28885435,0,259,,,
MAR,Marrocos,Q28885428,http://www.wikidata.org/entity/Q28907325,0,18,,,
MAR,Marrocos,Q28885429,http://www.wikidata.org/entity/Q28907325,0,15,,,
MAR,Marrocos,Q28885434,http://www.wikidata.org/entity/Q28885435,0,610,,,
MAR,Marrocos,Q28885432,http://www.wikidata.org/entity/Q28885435,0,353,,,
MAR,Marrocos,Q28885433,http://www.wikidata.org/entity/Q28885435,0,94,,,
MAR,Marrocos,Q28885438,http://www.wikidata.org/entity/Q28885435,0,191,,,
MAR,Marrocos,Q28885439,http://www.wikidata.org/entity/Q28885435,0,43,,,
MAR,Marrocos,Q28885502,http://www.wikidata.org/entity/Q28889881,0,248,,,
MAR,Marrocos,Q28885503,http://www.wikidata.org/entity/Q28889881,0,229,,,
MAR,Marrocos,Q28885506,http://www.wikidata.org/entity/Q28889881,0,110,,,
MAR,Marrocos,Q28885507,http://www.wikidata.org/entity/Q28889881,0,784,,,
MAR,Marrocos,Q28885504,http://www.wikidata.org/entity/Q28889881,0,369,,,
MAR,Marrocos,Q28885505,http://www.wikidata.org/entity/Q28889881,0,24,,,
MAR,Marrocos,Q28885510,http://www.wikidata.org/entity/Q28889881,0,199,,,
MAR,Marrocos,Q28885511,http://www.wikidata.org/entity/Q28889881,0,387,,,
MAR,Marrocos,Q28885508,http://www.wikidata.org/entity/Q28889881,0,472,,,
MAR,Marrocos,Q28885509,http://www.wikidata.org/entity/Q28889881,0,240,,,
MAR,Marrocos,Q28885514,http://www.wikidata.org/entity/Q28889881,0,353,,,
MAR,Marrocos,Q28885513,http://www.wikidata.org/entity/Q28889881,0,356,,,
MAR,Marrocos,Q28885534,http://www.wikidata.org/entity/Q28904389,0,31,,,
MAR,Marrocos,Q28885535,http://www.wikidata.org/entity/Q28904389,0,44,,,
MAR,Marrocos,Q28885536,http://www.wikidata.org/entity/Q28904389,0,241,,,
MAR,Marrocos,Q28885537,http://www.wikidata.org/entity/Q28904389,0,162,,,
MAR,Marrocos,Q28885542,http://www.wikidata.org/entity/Q28904389,0,85,,,
MAR,Marrocos,Q28885543,http://www.wikidata.org/entity/Q28904389,0,29,,,
MAR,Marrocos,Q28885540,http://www.wikidata.org/entity/Q28904389,0,41,,,
MAR,Marrocos,Q28885541,http://www.wikidata.org/entity/Q28904389,0,191,,,
MAR,Marrocos,Q28885566,http://www.wikidata.org/entity/Q28891226,0,20,,,
MAR,Marrocos,Q28885567,http://www.wikidata.org/entity/Q28891226,0,30,,,
MAR,Marrocos,Q28885565,http://www.wikidata.org/entity/Q28891226,0,30,,,
MAR,Marrocos,Q28885570,http://www.wikidata.org/entity/Q28891226,0,59,,,
MAR,Marrocos,Q28885571,http://www.wikidata.org/entity/Q28891226,0,114,,,
MAR,Marrocos,Q28885568,http://www.wikidata.org/entity/Q28891226,0,36,,,
MAR,Marrocos,Q28885569,http://www.wikidata.org/entity/Q28891226,0,113,,,
MAR,Marrocos,Q28885574,http://www.wikidata.org/entity/Q28891226,0,133,,,
MAR,Marrocos,Q28885575,http://www.wikidata.org/entity/Q28891226,0,442,,,
MAR,Marrocos,Q28885572,http://www.wikidata.org/entity/Q28891226,0,83,,,
MAR,Marrocos,Q28885573,http://www.wikidata.org/entity/Q28891226,0,56,,,
MAR,Marrocos,Q28885578,http://www.wikidata.org/entity/Q28891226,0,925,,,
MAR,Marrocos,Q28885579,http://www.wikidata.org/entity/Q28891226,0,592,,,
MAR,Marrocos,Q28885576,http://www.wikidata.org/entity/Q28891226,0,251,,,
MAR,Marrocos,Q28885577,http://www.wikidata.org/entity/Q28891226,0,33,,,
MAR,Marrocos,Q28885582,http://www.wikidata.org/entity/Q28891226,0,29,,,
MAR,Marrocos,Q28885580,http://www.wikidata.org/entity/Q28891226,0,819,,,
MAR,Marrocos,Q28885581,http://www.wikidata.org/entity/Q28891226,0,539,,,
MAR,Marrocos,Q28885584,http://www.wikidata.org/entity/Q28891226,0,15,,,
MAR,Marrocos,Q28885585,http://www.wikidata.org/entity/Q28891226,0,503,,,
MAR,Marrocos,Q28885611,http://www.wikidata.org/entity/Q28908590,0,351,,,
MAR,Marrocos,Q28885609,http://www.wikidata.org/entity/Q28908590,0,43,,,
MAR,Marrocos,Q28885612,http://www.wikidata.org/entity/Q28908590,0,123,,,
MAR,Marrocos,Q28885613,http://www.wikidata.org/entity/Q28894288,0,159,,,
MAR,Marrocos,Q28885619,http://www.wikidata.org/entity/Q28908590,0,387,,,
MAR,Marrocos,Q28885616,http://www.wikidata.org/entity/Q28908590,0,157,,,
MAR,Marrocos,Q28885617,http://www.wikidata.org/entity/Q28908590,0,239,,,
MAR,Marrocos,Q28885622,http://www.wikidata.org/entity/Q28908590,0,75,,,
MAR,Marrocos,Q28885621,http://www.wikidata.org/entity/Q28905818,0,379,,,
MAR,Marrocos,Q28885626,http://www.wikidata.org/entity/Q28891195,0,1307,,,
MAR,Marrocos,Q28885627,http://www.wikidata.org/entity/Q28891195,0,325,,,
MAR,Marrocos,Q28885624,http://www.wikidata.org/entity/Q28908590,0,109,,,
MAR,Marrocos,Q28885625,http://www.wikidata.org/entity/Q28891195,0,338,,,
MAR,Marrocos,Q28885630,http://www.wikidata.org/entity/Q28891195,0,347,,,
MAR,Marrocos,Q28885631,http://www.wikidata.org/entity/Q28891195,0,146,,,
MAR,Marrocos,Q28885628,http://www.wikidata.org/entity/Q28891195,0,1126,,,
MAR,Marrocos,Q28885634,http://www.wikidata.org/entity/Q28891195,0,106,,,
MAR,Marrocos,Q28885635,http://www.wikidata.org/entity/Q28891195,0,115,,,
MAR,Marrocos,Q28885632,http://www.wikidata.org/entity/Q28891195,0,179,,,
MAR,Marrocos,Q28885633,http://www.wikidata.org/entity/Q28891195,0,127,,,
MAR,Marrocos,Q28885638,http://www.wikidata.org/entity/Q28891195,0,254,,,
MAR,Marrocos,Q28885639,http://www.wikidata.org/entity/Q28891195,0,242,,,
MAR,Marrocos,Q28885636,http://www.wikidata.org/entity/Q28891195,0,313,,,
MAR,Marrocos,Q28885637,http://www.wikidata.org/entity/Q28891195,0,52,,,
MAR,Marrocos,Q28885642,http://www.wikidata.org/entity/Q28891195,0,51,,,
MAR,Marrocos,Q28885643,http://www.wikidata.org/entity/Q28891195,0,296,,,
MAR,Marrocos,Q28885640,http://www.wikidata.org/entity/Q28891195,0,76,,,
MAR,Marrocos,Q28885641,http://www.wikidata.org/entity/Q28891195,0,105,,,
MAR,Marrocos,Q28885646,http://www.wikidata.org/entity/Q28891195,0,268,,,
MAR,Marrocos,Q28885647,http://www.wikidata.org/entity/Q28891195,0,226,,,
MAR,Marrocos,Q28885644,http://www.wikidata.org/entity/Q28891195,0,184,,,
MAR,Marrocos,Q28885645,http://www.wikidata.org/entity/Q28891195,0,81,,,
MAR,Marrocos,Q28885650,http://www.wikidata.org/entity/Q28891195,0,940,,,
MAR,Marrocos,Q28885651,http://www.wikidata.org/entity/Q28891195,0,745,,,
MAR,Marrocos,Q28885648,http://www.wikidata.org/entity/Q28891195,0,410,,,
MAR,Marrocos,Q28885649,http://www.wikidata.org/entity/Q28891195,0,241,,,
MAR,Marrocos,Q28885652,http://www.wikidata.org/entity/Q28891195,0,587,,,
MAR,Marrocos,Q28885662,http://www.wikidata.org/entity/Q28897924,0,69,,,
MAR,Marrocos,Q28885663,http://www.wikidata.org/entity/Q28897924,0,86,,,
MAR,Marrocos,Q28885660,http://www.wikidata.org/entity/Q28897924,0,151,,,
MAR,Marrocos,Q28885661,http://www.wikidata.org/entity/Q28897924,0,78,,,
MAR,Marrocos,Q28885666,http://www.wikidata.org/entity/Q28897924,0,141,,,
MAR,Marrocos,Q28885664,http://www.wikidata.org/entity/Q28897924,0,45,,,
MAR,Marrocos,Q28885665,http://www.wikidata.org/entity/Q28897924,0,150,,,
MAR,Marrocos,Q28885670,http://www.wikidata.org/entity/Q28897924,0,96,,,
MAR,Marrocos,Q28885671,http://www.wikidata.org/entity/Q28897924,0,135,,,
MAR,Marrocos,Q28885668,http://www.wikidata.org/entity/Q28897924,0,43,,,
MAR,Marrocos,Q28885669,http://www.wikidata.org/entity/Q28897924,0,39,,,
MAR,Marrocos,Q28885674,http://www.wikidata.org/entity/Q28897924,0,119,,,
MAR,Marrocos,Q28885675,http://www.wikidata.org/entity/Q28897924,0,27,,,
MAR,Marrocos,Q28885672,http://www.wikidata.org/entity/Q28897924,0,454,,,
MAR,Marrocos,Q28885678,http://www.wikidata.org/entity/Q28897924,0,301,,,
MAR,Marrocos,Q28885679,http://www.wikidata.org/entity/Q28897924,0,369,,,
MAR,Marrocos,Q28885676,http://www.wikidata.org/entity/Q28897924,0,42,,,
MAR,Marrocos,Q28885677,http://www.wikidata.org/entity/Q28897924,0,218,,,
MAR,Marrocos,Q28885682,http://www.wikidata.org/entity/Q28897924,0,292,,,
MAR,Marrocos,Q28885683,http://www.wikidata.org/entity/Q28897924,0,185,,,
MAR,Marrocos,Q28885680,http://www.wikidata.org/entity/Q28897924,0,860,,,
MAR,Marrocos,Q28885681,http://www.wikidata.org/entity/Q28897924,0,149,,,
MAR,Marrocos,Q28885686,http://www.wikidata.org/entity/Q28897771,0,213,,,
MAR,Marrocos,Q28885687,http://www.wikidata.org/entity/Q28897771,0,157,,,
MAR,Marrocos,Q28885684,http://www.wikidata.org/entity/Q28897771,0,273,,,
MAR,Marrocos,Q28885685,http://www.wikidata.org/entity/Q28897771,0,633,,,
MAR,Marrocos,Q28885690,http://www.wikidata.org/entity/Q28897771,0,131,,,
MAR,Marrocos,Q28885691,http://www.wikidata.org/entity/Q28897771,0,349,,,
MAR,Marrocos,Q28885688,http://www.wikidata.org/entity/Q28897771,0,140,,,
MAR,Marrocos,Q28885689,http://www.wikidata.org/entity/Q28897771,0,383,,,
MAR,Marrocos,Q28885694,http://www.wikidata.org/entity/Q28897771,0,429,,,
MAR,Marrocos,Q28885695,http://www.wikidata.org/entity/Q28897771,0,153,,,
MAR,Marrocos,Q28885692,http://www.wikidata.org/entity/Q28897771,0,852,,,
MAR,Marrocos,Q28885693,http://www.wikidata.org/entity/Q28897771,0,585,,,
MAR,Marrocos,Q28885699,http://www.wikidata.org/entity/Q28898359,0,431,,,
MAR,Marrocos,Q28885696,http://www.wikidata.org/entity/Q28897771,0,39,,,
MAR,Marrocos,Q28885697,http://www.wikidata.org/entity/Q28897771,0,267,,,
MAR,Marrocos,Q28885702,http://www.wikidata.org/entity/Q28898359,0,112,,,
MAR,Marrocos,Q28885701,http://www.wikidata.org/entity/Q28898359,0,236,,,
MAR,Marrocos,Q28885707,http://www.wikidata.org/entity/Q28898359,0,804,,,
MAR,Marrocos,Q28885730,http://www.wikidata.org/entity/Q28901665,0,266,,,
MAR,Marrocos,Q28885732,http://www.wikidata.org/entity/Q28901665,0,236,,,
MAR,Marrocos,Q28885738,http://www.wikidata.org/entity/Q28901665,0,255,,,
MAR,Marrocos,Q28885736,http://www.wikidata.org/entity/Q28901665,0,601,,,
MAR,Marrocos,Q28885737,http://www.wikidata.org/entity/Q28901665,0,227,,,
MAR,Marrocos,Q28885742,http://www.wikidata.org/entity/Q28901665,0,322,,,
MAR,Marrocos,Q28885743,http://www.wikidata.org/entity/Q28901665,0,334,,,
MAR,Marrocos,Q28885746,http://www.wikidata.org/entity/Q28897772,0,271,,,
MAR,Marrocos,Q28885747,http://www.wikidata.org/entity/Q28897772,0,274,,,
MAR,Marrocos,Q28885745,http://www.wikidata.org/entity/Q28897772,0,281,,,
MAR,Marrocos,Q28885750,http://www.wikidata.org/entity/Q28897772,0,497,,,
MAR,Marrocos,Q28885751,http://www.wikidata.org/entity/Q28897772,0,448,,,
MAR,Marrocos,Q28885748,http://www.wikidata.org/entity/Q28897772,0,766,,,
MAR,Marrocos,Q28885749,http://www.wikidata.org/entity/Q28897772,0,339,,,
MAR,Marrocos,Q28885794,http://www.wikidata.org/entity/Q28906413,0,211,,,
MAR,Marrocos,Q28885797,http://www.wikidata.org/entity/Q28906413,0,207,,,
MAR,Marrocos,Q28885802,http://www.wikidata.org/entity/Q28906413,0,404,,,
MAR,Marrocos,Q28885803,http://www.wikidata.org/entity/Q28906413,0,365,,,
MAR,Marrocos,Q28885800,http://www.wikidata.org/entity/Q28906413,0,190,,,
MAR,Marrocos,Q28885801,http://www.wikidata.org/entity/Q28906413,0,734,,,
MAR,Marrocos,Q28885807,http://www.wikidata.org/entity/Q28906413,0,606,,,
MAR,Marrocos,Q28885804,http://www.wikidata.org/entity/Q28906413,0,87,,,
MAR,Marrocos,Q28885805,http://www.wikidata.org/entity/Q28906413,0,410,,,
MAR,Marrocos,Q28885809,http://www.wikidata.org/entity/Q28906413,0,348,,,
MAR,Marrocos,Q28885813,http://www.wikidata.org/entity/Q28902994,0,78,,,
MAR,Marrocos,Q28885816,http://www.wikidata.org/entity/Q28902994,0,87,,,
MAR,Marrocos,Q28885817,http://www.wikidata.org/entity/Q28902994,0,36,,,
MAR,Marrocos,Q28886587,http://www.wikidata.org/entity/Q28905429,0,91,,,
MAR,Marrocos,Q28886591,http://www.wikidata.org/entity/Q28905429,0,31,,,
MAR,Marrocos,Q28886595,http://www.wikidata.org/entity/Q28905429,0,14,,,
MAR,Marrocos,Q28886593,http://www.wikidata.org/entity/Q28905429,0,24,,,
MAR,Marrocos,Q28886598,http://www.wikidata.org/entity/Q28897264,0,67,,,
MAR,Marrocos,Q28886599,http://www.wikidata.org/entity/Q28897264,0,90,,,
MAR,Marrocos,Q28886597,http://www.wikidata.org/entity/Q28905429,0,24,,,
MAR,Marrocos,Q28886602,http://www.wikidata.org/entity/Q28897264,0,53,,,
MAR,Marrocos,Q28886603,http://www.wikidata.org/entity/Q28897264,0,36,,,
MAR,Marrocos,Q28886600,http://www.wikidata.org/entity/Q28897264,0,11,,,
MAR,Marrocos,Q28886606,http://www.wikidata.org/entity/Q28897264,0,43,,,
MAR,Marrocos,Q28886607,http://www.wikidata.org/entity/Q28897264,0,31,,,
MAR,Marrocos,Q28886604,http://www.wikidata.org/entity/Q28897264,0,73,,,
MAR,Marrocos,Q28886605,http://www.wikidata.org/entity/Q28897264,0,213,,,
MAR,Marrocos,Q28886610,http://www.wikidata.org/entity/Q28897264,0,71,,,
MAR,Marrocos,Q28886611,http://www.wikidata.org/entity/Q28897264,0,32,,,
MAR,Marrocos,Q28886608,http://www.wikidata.org/entity/Q28897264,0,9,,,
MAR,Marrocos,Q28886609,http://www.wikidata.org/entity/Q28897264,0,213,,,
MAR,Marrocos,Q28886615,http://www.wikidata.org/entity/Q28897264,0,57,,,
MAR,Marrocos,Q28886612,http://www.wikidata.org/entity/Q28897264,0,105,,,
MAR,Marrocos,Q28886613,http://www.wikidata.org/entity/Q28897264,0,57,,,
MAR,Marrocos,Q28886616,http://www.wikidata.org/entity/Q28897264,0,35,,,
MAR,Marrocos,Q28886627,http://www.wikidata.org/entity/Q28897200,0,209,,,
MAR,Marrocos,Q28886628,http://www.wikidata.org/entity/Q28897200,0,65,,,
MAR,Marrocos,Q28886629,http://www.wikidata.org/entity/Q28897200,0,121,,,
MAR,Marrocos,Q28887079,http://www.wikidata.org/entity/Q28896577,0,1078,,,
MAR,Marrocos,Q28887082,http://www.wikidata.org/entity/Q28896577,0,199,,,
MAR,Marrocos,Q28887083,http://www.wikidata.org/entity/Q28896577,0,301,,,
MAR,Marrocos,Q28887080,http://www.wikidata.org/entity/Q28896577,0,153,,,
MAR,Marrocos,Q28887081,http://www.wikidata.org/entity/Q28895028,0,2267,,,
MAR,Marrocos,Q28887086,http://www.wikidata.org/entity/Q28896577,0,288,,,
MAR,Marrocos,Q28887087,http://www.wikidata.org/entity/Q28896577,0,176,,,
MAR,Marrocos,Q28887084,http://www.wikidata.org/entity/Q28896577,0,360,,,
MAR,Marrocos,Q28887085,http://www.wikidata.org/entity/Q28896577,0,593,,,
MAR,Marrocos,Q28887090,http://www.wikidata.org/entity/Q28896577,0,856,,,
MAR,Marrocos,Q28887091,http://www.wikidata.org/entity/Q28903745,0,395,,,
MAR,Marrocos,Q28887089,http://www.wikidata.org/entity/Q28896577,0,912,,,
MAR,Marrocos,Q28887094,http://www.wikidata.org/entity/Q28896577,0,338,,,
MAR,Marrocos,Q28887095,http://www.wikidata.org/entity/Q28896577,0,202,,,
MAR,Marrocos,Q28887092,http://www.wikidata.org/entity/Q28896577,0,745,,,
MAR,Marrocos,Q28887093,http://www.wikidata.org/entity/Q28896577,0,795,,,
MAR,Marrocos,Q28887098,http://www.wikidata.org/entity/Q28896577,0,828,,,
MAR,Marrocos,Q28887099,http://www.wikidata.org/entity/Q28896577,0,120,,,
MAR,Marrocos,Q28887096,http://www.wikidata.org/entity/Q28896577,0,359,,,
MAR,Marrocos,Q28887097,http://www.wikidata.org/entity/Q28896577,0,616,,,
MAR,Marrocos,Q28887306,http://www.wikidata.org/entity/Q28892300,0,305,,,
MAR,Marrocos,Q28887310,http://www.wikidata.org/entity/Q28892300,0,4693,,,
MAR,Marrocos,Q28887311,http://www.wikidata.org/entity/Q28892300,0,4808,,,
MAR,Marrocos,Q28887309,http://www.wikidata.org/entity/Q28892300,0,2261,,,
MAR,Marrocos,Q28887314,http://www.wikidata.org/entity/Q28890306,0,420,,,
MAR,Marrocos,Q28887315,http://www.wikidata.org/entity/Q28891063,0,616,,,
MAR,Marrocos,Q28887312,http://www.wikidata.org/entity/Q28890306,0,382,,,
MAR,Marrocos,Q28887313,http://www.wikidata.org/entity/Q28890306,0,1526,,,
MAR,Marrocos,Q28887318,http://www.wikidata.org/entity/Q28891063,0,369,,,
MAR,Marrocos,Q28887319,http://www.wikidata.org/entity/Q28891063,0,245,,,
MAR,Marrocos,Q28887316,http://www.wikidata.org/entity/Q28891063,0,74,,,
MAR,Marrocos,Q28887317,http://www.wikidata.org/entity/Q28891063,0,300,,,
MAR,Marrocos,Q28887322,http://www.wikidata.org/entity/Q28891064,0,1114,,,
MAR,Marrocos,Q28887323,http://www.wikidata.org/entity/Q28891064,0,347,,,
MAR,Marrocos,Q28887320,http://www.wikidata.org/entity/Q28891063,0,103,,,
MAR,Marrocos,Q28887326,http://www.wikidata.org/entity/Q28894492,0,499,,,
MAR,Marrocos,Q28887324,http://www.wikidata.org/entity/Q28891064,0,2075,,,
MAR,Marrocos,Q28887325,http://www.wikidata.org/entity/Q28891064,0,484,,,
MAR,Marrocos,Q28887346,http://www.wikidata.org/entity/Q28898249,0,378,,,
MAR,Marrocos,Q28887349,http://www.wikidata.org/entity/Q28898249,0,202,,,
MAR,Marrocos,Q28887354,http://www.wikidata.org/entity/Q28887450,0,681,,,
MAR,Marrocos,Q28887355,http://www.wikidata.org/entity/Q28897022,0,552,,,
MAR,Marrocos,Q28887353,http://www.wikidata.org/entity/Q28897022,0,1640,,,
MAR,Marrocos,Q28887358,http://www.wikidata.org/entity/Q28890337,0,464,,,
MAR,Marrocos,Q28887359,http://www.wikidata.org/entity/Q28890337,0,745,,,
MAR,Marrocos,Q28887356,http://www.wikidata.org/entity/Q28897022,0,2306,,,
MAR,Marrocos,Q28887357,http://www.wikidata.org/entity/Q28890337,0,450,,,
MAR,Marrocos,Q28887362,http://www.wikidata.org/entity/Q28890337,0,811,,,
MAR,Marrocos,Q28887363,http://www.wikidata.org/entity/Q28890337,0,607,,,
MAR,Marrocos,Q28887360,http://www.wikidata.org/entity/Q28890337,0,104,,,
MAR,Marrocos,Q28887361,http://www.wikidata.org/entity/Q28890337,0,840,,,
MAR,Marrocos,Q28887366,http://www.wikidata.org/entity/Q28890337,0,376,,,
MAR,Marrocos,Q28887364,http://www.wikidata.org/entity/Q28890337,0,780,,,
MAR,Marrocos,Q28887365,http://www.wikidata.org/entity/Q28890337,0,298,,,
MAR,Marrocos,Q28887370,http://www.wikidata.org/entity/Q28890337,0,426,,,
MAR,Marrocos,Q28887371,http://www.wikidata.org/entity/Q28890337,0,467,,,
MAR,Marrocos,Q28887368,http://www.wikidata.org/entity/Q28890337,0,512,,,
MAR,Marrocos,Q28887369,http://www.wikidata.org/entity/Q28890337,0,307,,,
MAR,Marrocos,Q28887374,http://www.wikidata.org/entity/Q28890337,0,567,,,
MAR,Marrocos,Q28887375,http://www.wikidata.org/entity/Q28890337,0,1116,,,
MAR,Marrocos,Q28887372,http://www.wikidata.org/entity/Q28890337,0,595,,,
MAR,Marrocos,Q28887373,http://www.wikidata.org/entity/Q28890337,0,586,,,
MAR,Marrocos,Q28887378,http://www.wikidata.org/entity/Q28894103,0,630,,,
MAR,Marrocos,Q28887379,http://www.wikidata.org/entity/Q28894103,0,438,,,
MAR,Marrocos,Q28887376,http://www.wikidata.org/entity/Q28894103,0,449,,,
MAR,Marrocos,Q28887382,http://www.wikidata.org/entity/Q28894103,0,426,,,
MAR,Marrocos,Q28887383,http://www.wikidata.org/entity/Q28894103,0,473,,,
MAR,Marrocos,Q28887380,http://www.wikidata.org/entity/Q28894103,0,845,,,
MAR,Marrocos,Q28887381,http://www.wikidata.org/entity/Q28894103,0,186,,,
MAR,Marrocos,Q28887386,http://www.wikidata.org/entity/Q28894103,0,378,,,
MAR,Marrocos,Q28887387,http://www.wikidata.org/entity/Q28894103,0,560,,,
MAR,Marrocos,Q28887384,http://www.wikidata.org/entity/Q28894103,0,611,,,
MAR,Marrocos,Q28887385,http://www.wikidata.org/entity/Q28894103,0,334,,,
MAR,Marrocos,Q28887390,http://www.wikidata.org/entity/Q28900028,0,1137,,,
MAR,Marrocos,Q28887389,http://www.wikidata.org/entity/Q28900028,0,1092,,,
MAR,Marrocos,Q28887454,http://www.wikidata.org/entity/Q28900430,0,1035,,,
MAR,Marrocos,Q28887455,http://www.wikidata.org/entity/Q28900430,0,575,,,
MAR,Marrocos,Q28887453,http://www.wikidata.org/entity/Q28900430,0,341,,,
MAR,Marrocos,Q28887459,http://www.wikidata.org/entity/Q28909240,0,1943,,,
MAR,Marrocos,Q28887456,http://www.wikidata.org/entity/Q28900430,0,828,,,
MAR,Marrocos,Q28887457,http://www.wikidata.org/entity/Q28900430,0,719,,,
MAR,Marrocos,Q28887462,http://www.wikidata.org/entity/Q28909241,0,778,,,
MAR,Marrocos,Q28887460,http://www.wikidata.org/entity/Q28909240,0,687,,,
MAR,Marrocos,Q28887461,http://www.wikidata.org/entity/Q28909240,0,296,,,
MAR,Marrocos,Q28887466,http://www.wikidata.org/entity/Q28909242,0,2428,,,
MAR,Marrocos,Q28887467,http://www.wikidata.org/entity/Q28909242,0,1069,,,
MAR,Marrocos,Q28887464,http://www.wikidata.org/entity/Q28909241,0,2673,,,
MAR,Marrocos,Q28887465,http://www.wikidata.org/entity/Q28909241,0,2628,,,
MAR,Marrocos,Q28887470,http://www.wikidata.org/entity/Q28909242,0,1497,,,
MAR,Marrocos,Q28887471,http://www.wikidata.org/entity/Q28909242,0,1385,,,
MAR,Marrocos,Q28887468,http://www.wikidata.org/entity/Q28909242,0,1121,,,
MAR,Marrocos,Q28887474,http://www.wikidata.org/entity/Q28909242,0,330,,,
MAR,Marrocos,Q28887475,http://www.wikidata.org/entity/Q28900030,0,854,,,
MAR,Marrocos,Q28887472,http://www.wikidata.org/entity/Q28909242,0,442,,,
MAR,Marrocos,Q28887473,http://www.wikidata.org/entity/Q28909242,0,528,,,
MAR,Marrocos,Q28887478,http://www.wikidata.org/entity/Q28902176,0,1421,,,
MAR,Marrocos,Q28887479,http://www.wikidata.org/entity/Q28902176,0,789,,,
MAR,Marrocos,Q28887476,http://www.wikidata.org/entity/Q28900030,0,205,,,
MAR,Marrocos,Q28887477,http://www.wikidata.org/entity/Q28902176,0,286,,,
MAR,Marrocos,Q28887483,http://www.wikidata.org/entity/Q28902176,0,449,,,
MAR,Marrocos,Q28887480,http://www.wikidata.org/entity/Q28902176,0,718,,,
MAR,Marrocos,Q28887481,http://www.wikidata.org/entity/Q28902176,0,336,,,
MAR,Marrocos,Q28887486,http://www.wikidata.org/entity/Q28895242,0,521,,,
MAR,Marrocos,Q28887487,http://www.wikidata.org/entity/Q28895242,0,539,,,
MAR,Marrocos,Q28887484,http://www.wikidata.org/entity/Q28902176,0,595,,,
MAR,Marrocos,Q28887485,http://www.wikidata.org/entity/Q28895242,0,417,,,
MAR,Marrocos,Q28887490,http://www.wikidata.org/entity/Q28895767,0,356,,,
MAR,Marrocos,Q28887491,http://www.wikidata.org/entity/Q28895767,0,775,,,
MAR,Marrocos,Q28887488,http://www.wikidata.org/entity/Q28895767,0,329,,,
MAR,Marrocos,Q28887489,http://www.wikidata.org/entity/Q28895767,0,906,,,
MAR,Marrocos,Q28887494,http://www.wikidata.org/entity/Q28895767,0,600,,,
MAR,Marrocos,Q28887495,http://www.wikidata.org/entity/Q28895767,0,655,,,
MAR,Marrocos,Q28887492,http://www.wikidata.org/entity/Q28895767,0,392,,,
MAR,Marrocos,Q28887493,http://www.wikidata.org/entity/Q28895767,0,191,,,
MAR,Marrocos,Q28887498,http://www.wikidata.org/entity/Q28895767,0,481,,,
MAR,Marrocos,Q28887499,http://www.wikidata.org/entity/Q28895767,0,523,,,
MAR,Marrocos,Q28887497,http://www.wikidata.org/entity/Q28895767,0,446,,,
MAR,Marrocos,Q28887502,http://www.wikidata.org/entity/Q28895163,0,126,,,
MAR,Marrocos,Q28887503,http://www.wikidata.org/entity/Q28895163,0,572,,,
MAR,Marrocos,Q28887500,http://www.wikidata.org/entity/Q28895163,0,718,,,
MAR,Marrocos,Q28887501,http://www.wikidata.org/entity/Q28895163,0,751,,,
MAR,Marrocos,Q28887506,http://www.wikidata.org/entity/Q28898697,0,633,,,
MAR,Marrocos,Q28887507,http://www.wikidata.org/entity/Q28898697,0,344,,,
MAR,Marrocos,Q28887504,http://www.wikidata.org/entity/Q28895163,0,471,,,
MAR,Marrocos,Q28887505,http://www.wikidata.org/entity/Q28895163,0,11,,,
MAR,Marrocos,Q28887510,http://www.wikidata.org/entity/Q28898697,0,760,,,
MAR,Marrocos,Q28887508,http://www.wikidata.org/entity/Q28898697,0,50,,,
MAR,Marrocos,Q28887509,http://www.wikidata.org/entity/Q28898697,0,243,,,
MAR,Marrocos,Q28887514,http://www.wikidata.org/entity/Q28898697,0,246,,,
MAR,Marrocos,Q28887515,http://www.wikidata.org/entity/Q28898697,0,680,,,
MAR,Marrocos,Q28887512,http://www.wikidata.org/entity/Q28898697,0,275,,,
MAR,Marrocos,Q28887513,http://www.wikidata.org/entity/Q28898697,0,288,,,
MAR,Marrocos,Q28887518,http://www.wikidata.org/entity/Q28898697,0,157,,,
MAR,Marrocos,Q28887519,http://www.wikidata.org/entity/Q28898927,0,1454,,,
MAR,Marrocos,Q28887516,http://www.wikidata.org/entity/Q28898697,0,436,,,
MAR,Marrocos,Q28887517,http://www.wikidata.org/entity/Q28898697,0,296,,,
MAR,Marrocos,Q28887522,http://www.wikidata.org/entity/Q28909086,0,381,,,
MAR,Marrocos,Q28887523,http://www.wikidata.org/entity/Q28909086,0,168,,,
MAR,Marrocos,Q28887520,http://www.wikidata.org/entity/Q28909086,0,312,,,
MAR,Marrocos,Q28887521,http://www.wikidata.org/entity/Q28909086,0,400,,,
MAR,Marrocos,Q28887526,http://www.wikidata.org/entity/Q28909086,0,420,,,
MAR,Marrocos,Q28887527,http://www.wikidata.org/entity/Q28909086,0,181,,,
MAR,Marrocos,Q28887524,http://www.wikidata.org/entity/Q28909086,0,447,,,
MAR,Marrocos,Q28887525,http://www.wikidata.org/entity/Q28909086,0,398,,,
MAR,Marrocos,Q28887530,http://www.wikidata.org/entity/Q28909086,0,499,,,
MAR,Marrocos,Q28887531,http://www.wikidata.org/entity/Q28909086,0,186,,,
MAR,Marrocos,Q28887528,http://www.wikidata.org/entity/Q28909086,0,251,,,
MAR,Marrocos,Q28887529,http://www.wikidata.org/entity/Q28909086,0,188,,,
MAR,Marrocos,Q28887534,http://www.wikidata.org/entity/Q28901492,0,415,,,
MAR,Marrocos,Q28887535,http://www.wikidata.org/entity/Q28901492,0,1843,,,
MAR,Marrocos,Q28887532,http://www.wikidata.org/entity/Q28909086,0,417,,,
MAR,Marrocos,Q28887533,http://www.wikidata.org/entity/Q28901492,0,1115,,,
MAR,Marrocos,Q28887538,http://www.wikidata.org/entity/Q28901492,0,291,,,
MAR,Marrocos,Q28887539,http://www.wikidata.org/entity/Q28901492,0,417,,,
MAR,Marrocos,Q28887536,http://www.wikidata.org/entity/Q28901492,0,770,,,
MAR,Marrocos,Q28887537,http://www.wikidata.org/entity/Q28901492,0,472,,,
MAR,Marrocos,Q28887542,http://www.wikidata.org/entity/Q28901492,0,881,,,
MAR,Marrocos,Q28887543,http://www.wikidata.org/entity/Q28901492,0,949,,,
MAR,Marrocos,Q28887540,http://www.wikidata.org/entity/Q28901492,0,59,,,
MAR,Marrocos,Q28887541,http://www.wikidata.org/entity/Q28901492,0,1367,,,
MAR,Marrocos,Q28887546,http://www.wikidata.org/entity/Q28906917,0,928,,,
MAR,Marrocos,Q28887547,http://www.wikidata.org/entity/Q28906917,0,568,,,
MAR,Marrocos,Q28887544,http://www.wikidata.org/entity/Q28901492,0,488,,,
MAR,Marrocos,Q28887545,http://www.wikidata.org/entity/Q28906917,0,2447,,,
MAR,Marrocos,Q28887551,http://www.wikidata.org/entity/Q28906917,0,1260,,,
MAR,Marrocos,Q28887548,http://www.wikidata.org/entity/Q28906917,0,815,,,
MAR,Marrocos,Q28887549,http://www.wikidata.org/entity/Q28906917,0,2146,,,
MAR,Marrocos,Q28887554,http://www.wikidata.org/entity/Q28899826,0,418,,,
MAR,Marrocos,Q28887555,http://www.wikidata.org/entity/Q28899826,0,519,,,
MAR,Marrocos,Q28887552,http://www.wikidata.org/entity/Q28906917,0,2046,,,
MAR,Marrocos,Q28887553,http://www.wikidata.org/entity/Q28906917,0,1541,,,
MAR,Marrocos,Q28887558,http://www.wikidata.org/entity/Q28901417,0,2532,,,
MAR,Marrocos,Q28887559,http://www.wikidata.org/entity/Q28901417,0,684,,,
MAR,Marrocos,Q28887556,http://www.wikidata.org/entity/Q28899826,0,771,,,
MAR,Marrocos,Q28887557,http://www.wikidata.org/entity/Q28901417,0,1352,,,
MAR,Marrocos,Q28887766,http://www.wikidata.org/entity/Q28899648,0,290,,,
MAR,Marrocos,Q28887767,http://www.wikidata.org/entity/Q28899648,0,728,,,
MAR,Marrocos,Q28887765,http://www.wikidata.org/entity/Q28899648,0,143,,,
MAR,Marrocos,Q28887770,http://www.wikidata.org/entity/Q28899648,0,562,,,
MAR,Marrocos,Q28887771,http://www.wikidata.org/entity/Q28899648,0,873,,,
MAR,Marrocos,Q28887769,http://www.wikidata.org/entity/Q28899648,0,402,,,
MAR,Marrocos,Q28887774,http://www.wikidata.org/entity/Q28896105,0,264,,,
MAR,Marrocos,Q28887775,http://www.wikidata.org/entity/Q28896105,0,850,,,
MAR,Marrocos,Q28887772,http://www.wikidata.org/entity/Q28899648,0,87,,,
MAR,Marrocos,Q28887773,http://www.wikidata.org/entity/Q28896105,0,923,,,
MAR,Marrocos,Q28887778,http://www.wikidata.org/entity/Q28896105,0,228,,,
MAR,Marrocos,Q28887779,http://www.wikidata.org/entity/Q28896105,0,567,,,
MAR,Marrocos,Q28887776,http://www.wikidata.org/entity/Q28896105,0,722,,,
MAR,Marrocos,Q28887777,http://www.wikidata.org/entity/Q28896105,0,92,,,
MAR,Marrocos,Q28887782,http://www.wikidata.org/entity/Q28896105,0,347,,,
MAR,Marrocos,Q28887783,http://www.wikidata.org/entity/Q28896105,0,550,,,
MAR,Marrocos,Q28887780,http://www.wikidata.org/entity/Q28896105,0,597,,,
MAR,Marrocos,Q28887781,http://www.wikidata.org/entity/Q28896105,0,906,,,
MAR,Marrocos,Q28887786,http://www.wikidata.org/entity/Q28896105,0,370,,,
MAR,Marrocos,Q28887787,http://www.wikidata.org/entity/Q28896105,0,349,,,
MAR,Marrocos,Q28887784,http://www.wikidata.org/entity/Q28896105,0,312,,,
MAR,Marrocos,Q28887785,http://www.wikidata.org/entity/Q28896105,0,625,,,
MAR,Marrocos,Q28887790,http://www.wikidata.org/entity/Q28896105,0,292,,,
MAR,Marrocos,Q28887791,http://www.wikidata.org/entity/Q28897960,0,313,,,
MAR,Marrocos,Q28887788,http://www.wikidata.org/entity/Q28896105,0,507,,,
MAR,Marrocos,Q28887789,http://www.wikidata.org/entity/Q28896105,0,419,,,
MAR,Marrocos,Q28887794,http://www.wikidata.org/entity/Q28897960,0,85,,,
MAR,Marrocos,Q28887795,http://www.wikidata.org/entity/Q28897960,0,645,,,
MAR,Marrocos,Q28887792,http://www.wikidata.org/entity/Q28897960,0,482,,,
MAR,Marrocos,Q28887793,http://www.wikidata.org/entity/Q28897960,0,87,,,
MAR,Marrocos,Q28887798,http://www.wikidata.org/entity/Q28897960,0,323,,,
MAR,Marrocos,Q28887799,http://www.wikidata.org/entity/Q28895785,0,473,,,
MAR,Marrocos,Q28887796,http://www.wikidata.org/entity/Q28897960,0,475,,,
MAR,Marrocos,Q28887797,http://www.wikidata.org/entity/Q28897960,0,106,,,
MAR,Marrocos,Q28887802,http://www.wikidata.org/entity/Q28895785,0,282,,,
MAR,Marrocos,Q28887803,http://www.wikidata.org/entity/Q28895785,0,199,,,
MAR,Marrocos,Q28887800,http://www.wikidata.org/entity/Q28895785,0,358,,,
MAR,Marrocos,Q28887801,http://www.wikidata.org/entity/Q28895785,0,534,,,
MAR,Marrocos,Q28887807,http://www.wikidata.org/entity/Q28895785,0,943,,,
MAR,Marrocos,Q28887804,http://www.wikidata.org/entity/Q28895785,0,237,,,
MAR,Marrocos,Q28887810,http://www.wikidata.org/entity/Q28895785,0,381,,,
MAR,Marrocos,Q28887811,http://www.wikidata.org/entity/Q28895785,0,213,,,
MAR,Marrocos,Q28887808,http://www.wikidata.org/entity/Q28895785,0,352,,,
MAR,Marrocos,Q28887809,http://www.wikidata.org/entity/Q28895785,0,122,,,
MAR,Marrocos,Q28887814,http://www.wikidata.org/entity/Q28895785,0,323,,,
MAR,Marrocos,Q28887815,http://www.wikidata.org/entity/Q28895785,0,4,,,
MAR,Marrocos,Q28887812,http://www.wikidata.org/entity/Q28895785,0,442,,,
MAR,Marrocos,Q28887813,http://www.wikidata.org/entity/Q28895785,0,49,,,
MAR,Marrocos,Q28887818,http://www.wikidata.org/entity/Q28895785,0,214,,,
MAR,Marrocos,Q28887819,http://www.wikidata.org/entity/Q28895785,0,747,,,
MAR,Marrocos,Q28887816,http://www.wikidata.org/entity/Q28895785,0,277,,,
MAR,Marrocos,Q28887817,http://www.wikidata.org/entity/Q28895785,0,293,,,
MAR,Marrocos,Q28887822,http://www.wikidata.org/entity/Q28899824,0,231,,,
MAR,Marrocos,Q28887820,http://www.wikidata.org/entity/Q28899824,0,490,,,
MAR,Marrocos,Q28887821,http://www.wikidata.org/entity/Q28899824,0,103,,,
MAR,Marrocos,Q28887826,http://www.wikidata.org/entity/Q28899824,0,105,,,
MAR,Marrocos,Q28887827,http://www.wikidata.org/entity/Q28899824,0,184,,,
MAR,Marrocos,Q28887824,http://www.wikidata.org/entity/Q28899824,0,171,,,
MAR,Marrocos,Q28887825,http://www.wikidata.org/entity/Q28899824,0,524,,,
MAR,Marrocos,Q28887871,http://www.wikidata.org/entity/Q28903007,0,62,,,
MAR,Marrocos,Q28888174,http://www.wikidata.org/entity/Q28896226,0,983,,,
MAR,Marrocos,Q28888175,http://www.wikidata.org/entity/Q28896226,0,284,,,
MAR,Marrocos,Q28888172,http://www.wikidata.org/entity/Q28896226,0,609,,,
MAR,Marrocos,Q28888173,http://www.wikidata.org/entity/Q3408408,0,1292,,,
MAR,Marrocos,Q28888176,http://www.wikidata.org/entity/Q28896226,0,210,,,
MAR,Marrocos,Q28888234,http://www.wikidata.org/entity/Q28894356,0,1077,,,
MAR,Marrocos,Q28888235,http://www.wikidata.org/entity/Q28894356,0,113,,,
MAR,Marrocos,Q28888232,http://www.wikidata.org/entity/Q28894356,0,894,,,
MAR,Marrocos,Q28888233,http://www.wikidata.org/entity/Q28894356,0,218,,,
MAR,Marrocos,Q28888238,http://www.wikidata.org/entity/Q28894356,0,342,,,
MAR,Marrocos,Q28888239,http://www.wikidata.org/entity/Q28894356,0,1432,,,
MAR,Marrocos,Q28888236,http://www.wikidata.org/entity/Q28894356,0,580,,,
MAR,Marrocos,Q28888237,http://www.wikidata.org/entity/Q28894356,0,247,,,
MAR,Marrocos,Q28888242,http://www.wikidata.org/entity/Q28894356,0,83,,,
MAR,Marrocos,Q28888243,http://www.wikidata.org/entity/Q28894356,0,435,,,
MAR,Marrocos,Q28888240,http://www.wikidata.org/entity/Q28894356,0,577,,,
MAR,Marrocos,Q28888241,http://www.wikidata.org/entity/Q28894356,0,777,,,
MAR,Marrocos,Q28888246,http://www.wikidata.org/entity/Q28894356,0,188,,,
MAR,Marrocos,Q28888247,http://www.wikidata.org/entity/Q28894356,0,504,,,
MAR,Marrocos,Q28888244,http://www.wikidata.org/entity/Q28894356,0,539,,,
MAR,Marrocos,Q28888245,http://www.wikidata.org/entity/Q28894356,0,350,,,
MAR,Marrocos,Q28888274,http://www.wikidata.org/entity/Q3408408,0,258,,,
MAR,Marrocos,Q28888275,http://www.wikidata.org/entity/Q3408408,0,350,,,
MAR,Marrocos,Q28888278,http://www.wikidata.org/entity/Q3408408,0,62,,,
MAR,Marrocos,Q28888279,http://www.wikidata.org/entity/Q3408408,0,285,,,
MAR,Marrocos,Q28888276,http://www.wikidata.org/entity/Q3408408,0,404,,,
MAR,Marrocos,Q28888282,http://www.wikidata.org/entity/Q3408408,0,88,,,
MAR,Marrocos,Q28888283,http://www.wikidata.org/entity/Q3408408,0,136,,,
MAR,Marrocos,Q28888280,http://www.wikidata.org/entity/Q3408408,0,285,,,
MAR,Marrocos,Q28888281,http://www.wikidata.org/entity/Q3408408,0,824,,,
MAR,Marrocos,Q28888286,http://www.wikidata.org/entity/Q3408408,0,141,,,
MAR,Marrocos,Q28888287,http://www.wikidata.org/entity/Q3408408,0,152,,,
MAR,Marrocos,Q28888284,http://www.wikidata.org/entity/Q3408408,0,418,,,
MAR,Marrocos,Q28888285,http://www.wikidata.org/entity/Q3408408,0,209,,,
MAR,Marrocos,Q28888288,http://www.wikidata.org/entity/Q3408408,0,439,,,
MAR,Marrocos,Q28888289,http://www.wikidata.org/entity/Q3408408,0,619,,,
MAR,Marrocos,Q28888330,http://www.wikidata.org/entity/Q28894304,0,169,,,
MAR,Marrocos,Q28888331,http://www.wikidata.org/entity/Q28894304,0,150,,,
MAR,Marrocos,Q28888328,http://www.wikidata.org/entity/Q28894304,0,208,,,
MAR,Marrocos,Q28888329,http://www.wikidata.org/entity/Q28894304,0,189,,,
MAR,Marrocos,Q28888334,http://www.wikidata.org/entity/Q28894304,0,152,,,
MAR,Marrocos,Q28888335,http://www.wikidata.org/entity/Q28894304,0,298,,,
MAR,Marrocos,Q28888332,http://www.wikidata.org/entity/Q28894304,0,787,,,
MAR,Marrocos,Q28888333,http://www.wikidata.org/entity/Q28894304,0,1148,,,
MAR,Marrocos,Q28888338,http://www.wikidata.org/entity/Q28894522,0,701,,,
MAR,Marrocos,Q28888339,http://www.wikidata.org/entity/Q28894830,0,99,,,
MAR,Marrocos,Q28888336,http://www.wikidata.org/entity/Q28894304,0,1510,,,
MAR,Marrocos,Q28888337,http://www.wikidata.org/entity/Q28894304,0,434,,,
MAR,Marrocos,Q28888342,http://www.wikidata.org/entity/Q28894830,0,183,,,
MAR,Marrocos,Q28888343,http://www.wikidata.org/entity/Q28894830,0,233,,,
MAR,Marrocos,Q28888340,http://www.wikidata.org/entity/Q28894830,0,457,,,
MAR,Marrocos,Q28888341,http://www.wikidata.org/entity/Q28894830,0,571,,,
MAR,Marrocos,Q28888346,http://www.wikidata.org/entity/Q28894830,0,439,,,
MAR,Marrocos,Q28888347,http://www.wikidata.org/entity/Q28894830,0,881,,,
MAR,Marrocos,Q28888345,http://www.wikidata.org/entity/Q28894830,0,514,,,
MAR,Marrocos,Q28888350,http://www.wikidata.org/entity/Q28894830,0,347,,,
MAR,Marrocos,Q28888351,http://www.wikidata.org/entity/Q28894830,0,825,,,
MAR,Marrocos,Q28888348,http://www.wikidata.org/entity/Q28894830,0,363,,,
MAR,Marrocos,Q28888349,http://www.wikidata.org/entity/Q28894830,0,601,,,
MAR,Marrocos,Q28888354,http://www.wikidata.org/entity/Q28894830,0,300,,,
MAR,Marrocos,Q28888355,http://www.wikidata.org/entity/Q28894830,0,468,,,
MAR,Marrocos,Q28888352,http://www.wikidata.org/entity/Q28894830,0,750,,,
MAR,Marrocos,Q28888353,http://www.wikidata.org/entity/Q28894830,0,610,,,
MAR,Marrocos,Q28888358,http://www.wikidata.org/entity/Q28896133,0,574,,,
MAR,Marrocos,Q28888359,http://www.wikidata.org/entity/Q28896133,0,613,,,
MAR,Marrocos,Q28888356,http://www.wikidata.org/entity/Q28896133,0,596,,,
MAR,Marrocos,Q28888357,http://www.wikidata.org/entity/Q28896133,0,506,,,
MAR,Marrocos,Q28888362,http://www.wikidata.org/entity/Q28896133,0,321,,,
MAR,Marrocos,Q28888360,http://www.wikidata.org/entity/Q28896133,0,152,,,
MAR,Marrocos,Q28888361,http://www.wikidata.org/entity/Q3408408,0,108,,,
MAR,Marrocos,Q28888398,http://www.wikidata.org/entity/Q28894972,0,224,,,
MAR,Marrocos,Q28888399,http://www.wikidata.org/entity/Q28894972,0,205,,,
MAR,Marrocos,Q28888402,http://www.wikidata.org/entity/Q28894972,0,175,,,
MAR,Marrocos,Q28888403,http://www.wikidata.org/entity/Q28894972,0,267,,,
MAR,Marrocos,Q28888400,http://www.wikidata.org/entity/Q28894972,0,663,,,
MAR,Marrocos,Q28888401,http://www.wikidata.org/entity/Q28894972,0,319,,,
MAR,Marrocos,Q28888404,http://www.wikidata.org/entity/Q28894972,0,90,,,
MAR,Marrocos,Q28888405,http://www.wikidata.org/entity/Q28894972,0,60,,,
MAR,Marrocos,Q28888414,http://www.wikidata.org/entity/Q28894972,0,274,,,
MAR,Marrocos,Q28888415,http://www.wikidata.org/entity/Q28894972,0,152,,,
MAR,Marrocos,Q28888413,http://www.wikidata.org/entity/Q28894972,0,373,,,
MAR,Marrocos,Q28888436,http://www.wikidata.org/entity/Q28897721,0,330,,,
MAR,Marrocos,Q28888437,http://www.wikidata.org/entity/Q28895715,0,2744,,,
MAR,Marrocos,Q28888454,http://www.wikidata.org/entity/Q28895715,0,386,,,
MAR,Marrocos,Q28888455,http://www.wikidata.org/entity/Q28895715,0,140,,,
MAR,Marrocos,Q28888458,http://www.wikidata.org/entity/Q28897719,0,625,,,
MAR,Marrocos,Q28888459,http://www.wikidata.org/entity/Q28897719,0,262,,,
MAR,Marrocos,Q28888456,http://www.wikidata.org/entity/Q28895715,0,102,,,
MAR,Marrocos,Q28888457,http://www.wikidata.org/entity/Q28895715,0,206,,,
MAR,Marrocos,Q28888462,http://www.wikidata.org/entity/Q28897719,0,578,,,
MAR,Marrocos,Q28888463,http://www.wikidata.org/entity/Q28897719,0,228,,,
MAR,Marrocos,Q28888460,http://www.wikidata.org/entity/Q28897719,0,153,,,
MAR,Marrocos,Q28888461,http://www.wikidata.org/entity/Q28897719,0,218,,,
MAR,Marrocos,Q28888466,http://www.wikidata.org/entity/Q28897719,0,101,,,
MAR,Marrocos,Q28888467,http://www.wikidata.org/entity/Q28897719,0,557,,,
MAR,Marrocos,Q28888464,http://www.wikidata.org/entity/Q28897719,0,301,,,
MAR,Marrocos,Q28888465,http://www.wikidata.org/entity/Q28897719,0,123,,,
MAR,Marrocos,Q28888470,http://www.wikidata.org/entity/Q28895951,0,376,,,
MAR,Marrocos,Q28888471,http://www.wikidata.org/entity/Q28895951,0,694,,,
MAR,Marrocos,Q28888468,http://www.wikidata.org/entity/Q28897719,0,317,,,
MAR,Marrocos,Q28888469,http://www.wikidata.org/entity/Q28895951,0,317,,,
MAR,Marrocos,Q28888474,http://www.wikidata.org/entity/Q28895951,0,364,,,
MAR,Marrocos,Q28888475,http://www.wikidata.org/entity/Q28895951,0,310,,,
MAR,Marrocos,Q28888472,http://www.wikidata.org/entity/Q28895951,0,225,,,
MAR,Marrocos,Q28888473,http://www.wikidata.org/entity/Q28895951,0,280,,,
MAR,Marrocos,Q28888478,http://www.wikidata.org/entity/Q28908609,0,128,,,
MAR,Marrocos,Q28888479,http://www.wikidata.org/entity/Q28908609,0,247,,,
MAR,Marrocos,Q28888476,http://www.wikidata.org/entity/Q28895951,0,240,,,
MAR,Marrocos,Q28888477,http://www.wikidata.org/entity/Q28895951,0,304,,,
MAR,Marrocos,Q28888482,http://www.wikidata.org/entity/Q28908609,0,401,,,
MAR,Marrocos,Q28888483,http://www.wikidata.org/entity/Q28908609,0,408,,,
MAR,Marrocos,Q28888480,http://www.wikidata.org/entity/Q28908609,0,131,,,
MAR,Marrocos,Q28888481,http://www.wikidata.org/entity/Q28908609,0,282,,,
MAR,Marrocos,Q28888486,http://www.wikidata.org/entity/Q28908609,0,551,,,
MAR,Marrocos,Q28888487,http://www.wikidata.org/entity/Q28908609,0,179,,,
MAR,Marrocos,Q28888484,http://www.wikidata.org/entity/Q28908609,0,685,,,
MAR,Marrocos,Q28888485,http://www.wikidata.org/entity/Q28908609,0,622,,,
MAR,Marrocos,Q28888490,http://www.wikidata.org/entity/Q28894566,0,222,,,
MAR,Marrocos,Q28888491,http://www.wikidata.org/entity/Q28894566,0,390,,,
MAR,Marrocos,Q28888488,http://www.wikidata.org/entity/Q28894566,0,458,,,
MAR,Marrocos,Q28888489,http://www.wikidata.org/entity/Q28894566,0,130,,,
MAR,Marrocos,Q28888494,http://www.wikidata.org/entity/Q28894566,0,561,,,
MAR,Marrocos,Q28888492,http://www.wikidata.org/entity/Q28894566,0,761,,,
MAR,Marrocos,Q28888542,http://www.wikidata.org/entity/Q28897722,0,384,,,
MAR,Marrocos,Q28888543,http://www.wikidata.org/entity/Q28897722,0,286,,,
MAR,Marrocos,Q28888541,http://www.wikidata.org/entity/Q28895728,0,341,,,
MAR,Marrocos,Q28888547,http://www.wikidata.org/entity/Q28897722,0,157,,,
MAR,Marrocos,Q28888544,http://www.wikidata.org/entity/Q28897722,0,270,,,
MAR,Marrocos,Q28888545,http://www.wikidata.org/entity/Q28897722,0,109,,,
MAR,Marrocos,Q28888550,http://www.wikidata.org/entity/Q28897722,0,210,,,
MAR,Marrocos,Q28888551,http://www.wikidata.org/entity/Q28897722,0,31,,,
MAR,Marrocos,Q28888548,http://www.wikidata.org/entity/Q28897722,0,154,,,
MAR,Marrocos,Q28888549,http://www.wikidata.org/entity/Q28897722,0,181,,,
MAR,Marrocos,Q28888554,http://www.wikidata.org/entity/Q28897722,0,118,,,
MAR,Marrocos,Q28888555,http://www.wikidata.org/entity/Q28897722,0,194,,,
MAR,Marrocos,Q28888552,http://www.wikidata.org/entity/Q28897722,0,251,,,
MAR,Marrocos,Q28888553,http://www.wikidata.org/entity/Q28897722,0,303,,,
MAR,Marrocos,Q28888558,http://www.wikidata.org/entity/Q28897722,0,413,,,
MAR,Marrocos,Q28888559,http://www.wikidata.org/entity/Q28897722,0,405,,,
MAR,Marrocos,Q28888556,http://www.wikidata.org/entity/Q28897722,0,106,,,
MAR,Marrocos,Q28888557,http://www.wikidata.org/entity/Q28897722,0,987,,,
MAR,Marrocos,Q28888562,http://www.wikidata.org/entity/Q28897722,0,501,,,
MAR,Marrocos,Q28888563,http://www.wikidata.org/entity/Q28897722,0,405,,,
MAR,Marrocos,Q28888560,http://www.wikidata.org/entity/Q28897722,0,260,,,
MAR,Marrocos,Q28888561,http://www.wikidata.org/entity/Q28897722,0,388,,,
MAR,Marrocos,Q28888566,http://www.wikidata.org/entity/Q28897722,0,229,,,
MAR,Marrocos,Q28888567,http://www.wikidata.org/entity/Q28897722,0,307,,,
MAR,Marrocos,Q28888564,http://www.wikidata.org/entity/Q28897722,0,81,,,
MAR,Marrocos,Q28888565,http://www.wikidata.org/entity/Q28897722,0,367,,,
MAR,Marrocos,Q28888570,http://www.wikidata.org/entity/Q28897722,0,54,,,
MAR,Marrocos,Q28888571,http://www.wikidata.org/entity/Q28897722,0,252,,,
MAR,Marrocos,Q28888568,http://www.wikidata.org/entity/Q28897722,0,504,,,
MAR,Marrocos,Q28888569,http://www.wikidata.org/entity/Q28897722,0,363,,,
MAR,Marrocos,Q28888574,http://www.wikidata.org/entity/Q28897722,0,238,,,
MAR,Marrocos,Q28888575,http://www.wikidata.org/entity/Q28897722,0,71,,,
MAR,Marrocos,Q28888572,http://www.wikidata.org/entity/Q28897722,0,95,,,
MAR,Marrocos,Q28888573,http://www.wikidata.org/entity/Q28897722,0,137,,,
MAR,Marrocos,Q28888602,http://www.wikidata.org/entity/Q28895964,0,35,,,
MAR,Marrocos,Q28888603,http://www.wikidata.org/entity/Q28895964,0,579,,,
MAR,Marrocos,Q28888601,http://www.wikidata.org/entity/Q28895964,0,706,,,
MAR,Marrocos,Q28888606,http://www.wikidata.org/entity/Q28895035,0,258,,,
MAR,Marrocos,Q28888607,http://www.wikidata.org/entity/Q28895035,0,162,,,
MAR,Marrocos,Q28888604,http://www.wikidata.org/entity/Q28895964,0,195,,,
MAR,Marrocos,Q28888605,http://www.wikidata.org/entity/Q28895035,0,408,,,
MAR,Marrocos,Q28888610,http://www.wikidata.org/entity/Q28895035,0,272,,,
MAR,Marrocos,Q28888608,http://www.wikidata.org/entity/Q28895035,0,558,,,
MAR,Marrocos,Q28888609,http://www.wikidata.org/entity/Q28895035,0,457,,,
MAR,Marrocos,Q28888679,http://www.wikidata.org/entity/Q28895219,0,556,,,
MAR,Marrocos,Q28888682,http://www.wikidata.org/entity/Q28894309,0,242,,,
MAR,Marrocos,Q28888683,http://www.wikidata.org/entity/Q28894309,0,235,,,
MAR,Marrocos,Q28888680,http://www.wikidata.org/entity/Q28895219,0,221,,,
MAR,Marrocos,Q28888681,http://www.wikidata.org/entity/Q28894309,0,229,,,
MAR,Marrocos,Q28888686,http://www.wikidata.org/entity/Q28895297,0,79,,,
MAR,Marrocos,Q28888687,http://www.wikidata.org/entity/Q28895297,0,170,,,
MAR,Marrocos,Q28888684,http://www.wikidata.org/entity/Q28894309,0,216,,,
MAR,Marrocos,Q28888685,http://www.wikidata.org/entity/Q28894309,0,165,,,
MAR,Marrocos,Q28888690,http://www.wikidata.org/entity/Q28895297,0,381,,,
MAR,Marrocos,Q28888691,http://www.wikidata.org/entity/Q28895297,0,156,,,
MAR,Marrocos,Q28888688,http://www.wikidata.org/entity/Q28895297,0,47,,,
MAR,Marrocos,Q28888689,http://www.wikidata.org/entity/Q28895297,0,204,,,
MAR,Marrocos,Q28888694,http://www.wikidata.org/entity/Q28895297,0,283,,,
MAR,Marrocos,Q28888695,http://www.wikidata.org/entity/Q28894311,0,283,,,
MAR,Marrocos,Q28888692,http://www.wikidata.org/entity/Q28895297,0,84,,,
MAR,Marrocos,Q28888693,http://www.wikidata.org/entity/Q28895297,0,259,,,
MAR,Marrocos,Q28888698,http://www.wikidata.org/entity/Q28894311,0,189,,,
MAR,Marrocos,Q28888696,http://www.wikidata.org/entity/Q28894311,0,376,,,
MAR,Marrocos,Q28888697,http://www.wikidata.org/entity/Q28894311,0,273,,,
MAR,Marrocos,Q28888766,,0,108,,,
MAR,Marrocos,Q28888767,,0,198,,,
MAR,Marrocos,Q28888765,,0,311,,,
MAR,Marrocos,Q28888770,,0,104,,,
MAR,Marrocos,Q28888771,,0,163,,,
MAR,Marrocos,Q28890585,http://www.wikidata.org/entity/Q28895130,0,141,,,
MAR,Marrocos,Q28890730,http://www.wikidata.org/entity/Q28908178,0,304,,,
MAR,Marrocos,Q28890731,http://www.wikidata.org/entity/Q28893188,0,82,,,
MAR,Marrocos,Q28890734,http://www.wikidata.org/entity/Q28892176,0,378,,,
MAR,Marrocos,Q28890735,http://www.wikidata.org/entity/Q28892752,0,599,,,
MAR,Marrocos,Q28890732,http://www.wikidata.org/entity/Q28895799,0,373,,,
MAR,Marrocos,Q28890738,http://www.wikidata.org/entity/Q28890228,0,180,,,
MAR,Marrocos,Q28890736,http://www.wikidata.org/entity/Q28893767,0,170,,,
MAR,Marrocos,Q28890740,http://www.wikidata.org/entity/Q28896252,0,347,,,
MAR,Marrocos,Q28890746,http://www.wikidata.org/entity/Q28891043,0,163,,,
MAR,Marrocos,Q28890744,http://www.wikidata.org/entity/Q28891361,0,539,,,
MAR,Marrocos,Q28890745,http://www.wikidata.org/entity/Q28904562,0,126,,,
MAR,Marrocos,Q28890748,http://www.wikidata.org/entity/Q28896569,0,122,,,
MAR,Marrocos,Q28890772,http://www.wikidata.org/entity/Q28890799,0,695,,,
MAR,Marrocos,Q28890778,http://www.wikidata.org/entity/Q28893064,0,199,,,
MAR,Marrocos,Q28890776,http://www.wikidata.org/entity/Q28891072,0,209,,,
MAR,Marrocos,Q28890782,http://www.wikidata.org/entity/Q28890801,0,170,,,
MAR,Marrocos,Q28890780,http://www.wikidata.org/entity/Q28890800,0,199,,,
MAR,Marrocos,Q28890786,http://www.wikidata.org/entity/Q28890846,0,19,,,
MAR,Marrocos,Q28890785,http://www.wikidata.org/entity/Q28890801,0,192,,,
MAR,Marrocos,Q28890788,http://www.wikidata.org/entity/Q28890912,0,268,,,
MAR,Marrocos,Q28890789,http://www.wikidata.org/entity/Q28892745,0,515,,,
MAR,Marrocos,Q28890938,http://www.wikidata.org/entity/Q28892594,0,359,,,
MAR,Marrocos,Q28890939,http://www.wikidata.org/entity/Q28906719,0,201,,,
MAR,Marrocos,Q28890942,http://www.wikidata.org/entity/Q28891687,0,450,,,
MAR,Marrocos,Q28890940,http://www.wikidata.org/entity/Q28891016,0,469,,,
MAR,Marrocos,Q28890945,http://www.wikidata.org/entity/Q28891116,0,71,,,
MAR,Marrocos,Q28890950,http://www.wikidata.org/entity/Q28891746,0,153,,,
MAR,Marrocos,Q28890954,http://www.wikidata.org/entity/Q28896252,0,91,,,
MAR,Marrocos,Q28890958,http://www.wikidata.org/entity/Q28909176,0,1050,,,
MAR,Marrocos,Q28890957,http://www.wikidata.org/entity/Q28909176,0,735,,,
MAR,Marrocos,Q28888769,,0,42,,,
MAR,Marrocos,Q28888774,,0,209,,,
MAR,Marrocos,Q28888775,,0,78,,,
MAR,Marrocos,Q28888772,,0,152,,,
MAR,Marrocos,Q28888778,,0,198,,,
MAR,Marrocos,Q28888779,,0,196,,,
MAR,Marrocos,Q28888776,,0,212,,,
MAR,Marrocos,Q28888777,,0,188,,,
MAR,Marrocos,Q28888782,,0,233,,,
MAR,Marrocos,Q28888783,,0,113,,,
MAR,Marrocos,Q28888781,,0,201,,,
MAR,Marrocos,Q28888786,,0,176,,,
MAR,Marrocos,Q28888787,,0,81,,,
MAR,Marrocos,Q28888784,,0,314,,,
MAR,Marrocos,Q28888785,,0,219,,,
MAR,Marrocos,Q28888878,http://www.wikidata.org/entity/Q28908915,0,512,,,
MAR,Marrocos,Q28888876,http://www.wikidata.org/entity/Q28908915,0,378,,,
MAR,Marrocos,Q28888877,http://www.wikidata.org/entity/Q28908915,0,434,,,
MAR,Marrocos,Q28888882,http://www.wikidata.org/entity/Q28908915,0,805,,,
MAR,Marrocos,Q28888883,http://www.wikidata.org/entity/Q28908915,0,434,,,
MAR,Marrocos,Q28888880,http://www.wikidata.org/entity/Q28908915,0,706,,,
MAR,Marrocos,Q28888881,http://www.wikidata.org/entity/Q28908915,0,523,,,
MAR,Marrocos,Q28888886,http://www.wikidata.org/entity/Q28908915,0,339,,,
MAR,Marrocos,Q28888887,http://www.wikidata.org/entity/Q28908915,0,587,,,
MAR,Marrocos,Q28888884,http://www.wikidata.org/entity/Q28908915,0,966,,,
MAR,Marrocos,Q28888890,http://www.wikidata.org/entity/Q28908915,0,236,,,
MAR,Marrocos,Q28888891,http://www.wikidata.org/entity/Q28908915,0,1608,,,
MAR,Marrocos,Q28888888,http://www.wikidata.org/entity/Q28908915,0,483,,,
MAR,Marrocos,Q28888889,http://www.wikidata.org/entity/Q28908915,0,576,,,
MAR,Marrocos,Q28888894,http://www.wikidata.org/entity/Q28900139,0,611,,,
MAR,Marrocos,Q28888895,http://www.wikidata.org/entity/Q28900139,0,145,,,
MAR,Marrocos,Q28888892,http://www.wikidata.org/entity/Q28900139,0,168,,,
MAR,Marrocos,Q28888893,http://www.wikidata.org/entity/Q28900139,0,769,,,
MAR,Marrocos,Q28888898,http://www.wikidata.org/entity/Q28894826,0,563,,,
MAR,Marrocos,Q28888899,http://www.wikidata.org/entity/Q28894826,0,336,,,
MAR,Marrocos,Q28888896,http://www.wikidata.org/entity/Q28900139,0,1229,,,
MAR,Marrocos,Q28888897,http://www.wikidata.org/entity/Q28894826,0,1288,,,
MAR,Marrocos,Q28888902,http://www.wikidata.org/entity/Q28894826,0,365,,,
MAR,Marrocos,Q28888900,http://www.wikidata.org/entity/Q28894826,0,474,,,
MAR,Marrocos,Q28888906,http://www.wikidata.org/entity/Q28894826,0,579,,,
MAR,Marrocos,Q28888907,http://www.wikidata.org/entity/Q28894826,0,411,,,
MAR,Marrocos,Q28888904,http://www.wikidata.org/entity/Q28894826,0,853,,,
MAR,Marrocos,Q28888905,http://www.wikidata.org/entity/Q28894826,0,331,,,
MAR,Marrocos,Q28888910,http://www.wikidata.org/entity/Q28894826,0,813,,,
MAR,Marrocos,Q28888908,http://www.wikidata.org/entity/Q28894826,0,423,,,
MAR,Marrocos,Q28888909,http://www.wikidata.org/entity/Q28894826,0,577,,,
MAR,Marrocos,Q28888912,http://www.wikidata.org/entity/Q28894826,0,17,,,
MAR,Marrocos,Q28888913,http://www.wikidata.org/entity/Q28894826,0,369,,,
MAR,Marrocos,Q28888956,http://www.wikidata.org/entity/Q28895579,0,429,,,
MAR,Marrocos,Q28888957,http://www.wikidata.org/entity/Q28895579,0,407,,,
MAR,Marrocos,Q28889039,http://www.wikidata.org/entity/Q28894291,0,383,,,
MAR,Marrocos,Q28889042,http://www.wikidata.org/entity/Q28894291,0,342,,,
MAR,Marrocos,Q28889043,http://www.wikidata.org/entity/Q28894291,0,126,,,
MAR,Marrocos,Q28889040,http://www.wikidata.org/entity/Q28894291,0,38,,,
MAR,Marrocos,Q28889041,http://www.wikidata.org/entity/Q28894291,0,422,,,
MAR,Marrocos,Q28889044,http://www.wikidata.org/entity/Q28894291,0,150,,,
MAR,Marrocos,Q28889166,http://www.wikidata.org/entity/Q28894279,0,593,,,
MAR,Marrocos,Q28889164,http://www.wikidata.org/entity/Q28896094,0,528,,,
MAR,Marrocos,Q28889165,http://www.wikidata.org/entity/Q28896094,0,690,,,
MAR,Marrocos,Q28889170,http://www.wikidata.org/entity/Q28894279,0,697,,,
MAR,Marrocos,Q28889171,http://www.wikidata.org/entity/Q28894279,0,345,,,
MAR,Marrocos,Q28889168,http://www.wikidata.org/entity/Q28894279,0,204,,,
MAR,Marrocos,Q28889169,http://www.wikidata.org/entity/Q28894279,0,583,,,
MAR,Marrocos,Q28889174,http://www.wikidata.org/entity/Q28894279,0,998,,,
MAR,Marrocos,Q28889175,http://www.wikidata.org/entity/Q28894279,0,832,,,
MAR,Marrocos,Q28889172,http://www.wikidata.org/entity/Q28894279,0,552,,,
MAR,Marrocos,Q28889173,http://www.wikidata.org/entity/Q28894279,0,469,,,
MAR,Marrocos,Q28889178,http://www.wikidata.org/entity/Q28894305,0,635,,,
MAR,Marrocos,Q28889179,http://www.wikidata.org/entity/Q28894305,0,267,,,
MAR,Marrocos,Q28889176,http://www.wikidata.org/entity/Q28894279,0,2294,,,
MAR,Marrocos,Q28889177,http://www.wikidata.org/entity/Q28894305,0,690,,,
MAR,Marrocos,Q28889182,http://www.wikidata.org/entity/Q28894305,0,653,,,
MAR,Marrocos,Q28889183,http://www.wikidata.org/entity/Q28894305,0,66,,,
MAR,Marrocos,Q28889180,http://www.wikidata.org/entity/Q28894305,0,172,,,
MAR,Marrocos,Q28889181,http://www.wikidata.org/entity/Q28894305,0,330,,,
MAR,Marrocos,Q28889184,http://www.wikidata.org/entity/Q28894305,0,779,,,
MAR,Marrocos,Q28889247,http://www.wikidata.org/entity/Q28894893,0,782,,,
MAR,Marrocos,Q28889250,http://www.wikidata.org/entity/Q28894893,0,450,,,
MAR,Marrocos,Q28889248,http://www.wikidata.org/entity/Q28894893,0,447,,,
MAR,Marrocos,Q28889249,http://www.wikidata.org/entity/Q28894893,0,677,,,
MAR,Marrocos,Q28889254,http://www.wikidata.org/entity/Q28894893,0,394,,,
MAR,Marrocos,Q28889255,http://www.wikidata.org/entity/Q28894893,0,263,,,
MAR,Marrocos,Q28889252,http://www.wikidata.org/entity/Q28894893,0,485,,,
MAR,Marrocos,Q28889253,http://www.wikidata.org/entity/Q28894893,0,1301,,,
MAR,Marrocos,Q28889258,http://www.wikidata.org/entity/Q28894275,0,950,,,
MAR,Marrocos,Q28889259,http://www.wikidata.org/entity/Q28894275,0,412,,,
MAR,Marrocos,Q28889256,http://www.wikidata.org/entity/Q28894893,0,213,,,
MAR,Marrocos,Q28889257,http://www.wikidata.org/entity/Q28894893,0,108,,,
MAR,Marrocos,Q28889262,http://www.wikidata.org/entity/Q28894275,0,262,,,
MAR,Marrocos,Q28889263,http://www.wikidata.org/entity/Q28894275,0,92,,,
MAR,Marrocos,Q28889260,http://www.wikidata.org/entity/Q28894275,0,951,,,
MAR,Marrocos,Q28889261,http://www.wikidata.org/entity/Q28894275,0,316,,,
MAR,Marrocos,Q28889266,http://www.wikidata.org/entity/Q28894275,0,127,,,
MAR,Marrocos,Q28889264,http://www.wikidata.org/entity/Q28894275,0,397,,,
MAR,Marrocos,Q28889265,http://www.wikidata.org/entity/Q28894275,0,284,,,
MAR,Marrocos,Q28889314,http://www.wikidata.org/entity/Q28896211,0,848,,,
MAR,Marrocos,Q28889315,http://www.wikidata.org/entity/Q28896211,0,1075,,,
MAR,Marrocos,Q28889313,http://www.wikidata.org/entity/Q28896211,0,599,,,
MAR,Marrocos,Q28889318,http://www.wikidata.org/entity/Q28896211,0,26,,,
MAR,Marrocos,Q28889319,http://www.wikidata.org/entity/Q28896211,0,9,,,
MAR,Marrocos,Q28889316,http://www.wikidata.org/entity/Q28896211,0,419,,,
MAR,Marrocos,Q28889317,http://www.wikidata.org/entity/Q28896211,0,472,,,
MAR,Marrocos,Q28889322,http://www.wikidata.org/entity/Q28895202,0,868,,,
MAR,Marrocos,Q28889323,http://www.wikidata.org/entity/Q28895202,0,2554,,,
MAR,Marrocos,Q28889320,http://www.wikidata.org/entity/Q28895202,0,2182,,,
MAR,Marrocos,Q28889321,http://www.wikidata.org/entity/Q28895202,0,628,,,
MAR,Marrocos,Q28889326,http://www.wikidata.org/entity/Q28895202,0,1607,,,
MAR,Marrocos,Q28889327,http://www.wikidata.org/entity/Q28895202,0,355,,,
MAR,Marrocos,Q28889324,http://www.wikidata.org/entity/Q28895202,0,631,,,
MAR,Marrocos,Q28889325,http://www.wikidata.org/entity/Q28895202,0,52,,,
MAR,Marrocos,Q28889330,http://www.wikidata.org/entity/Q28895202,0,224,,,
MAR,Marrocos,Q28889328,http://www.wikidata.org/entity/Q28895202,0,409,,,
MAR,Marrocos,Q28889329,http://www.wikidata.org/entity/Q28895202,0,873,,,
MAR,Marrocos,Q28889370,http://www.wikidata.org/entity/Q28906683,0,2487,,,
MAR,Marrocos,Q28889371,http://www.wikidata.org/entity/Q28906683,0,1158,,,
MAR,Marrocos,Q28889374,http://www.wikidata.org/entity/Q28906683,0,360,,,
MAR,Marrocos,Q28889372,http://www.wikidata.org/entity/Q28906683,0,226,,,
MAR,Marrocos,Q28889373,http://www.wikidata.org/entity/Q28906683,0,132,,,
MAR,Marrocos,Q28889376,http://www.wikidata.org/entity/Q28902623,0,1211,,,
MAR,Marrocos,Q28889433,http://www.wikidata.org/entity/Q28899138,0,490,,,
MAR,Marrocos,Q28889439,http://www.wikidata.org/entity/Q28899138,0,233,,,
MAR,Marrocos,Q28889443,http://www.wikidata.org/entity/Q28899138,0,544,,,
MAR,Marrocos,Q28889440,http://www.wikidata.org/entity/Q28899138,0,437,,,
MAR,Marrocos,Q28889441,http://www.wikidata.org/entity/Q28899138,0,354,,,
MAR,Marrocos,Q28889446,http://www.wikidata.org/entity/Q28899138,0,409,,,
MAR,Marrocos,Q28889447,http://www.wikidata.org/entity/Q28899138,0,646,,,
MAR,Marrocos,Q28889444,http://www.wikidata.org/entity/Q28899138,0,565,,,
MAR,Marrocos,Q28889445,http://www.wikidata.org/entity/Q28899138,0,305,,,
MAR,Marrocos,Q28889451,http://www.wikidata.org/entity/Q28900486,0,584,,,
MAR,Marrocos,Q28889448,http://www.wikidata.org/entity/Q28899138,0,626,,,
MAR,Marrocos,Q28889449,http://www.wikidata.org/entity/Q28899138,0,398,,,
MAR,Marrocos,Q28889735,http://www.wikidata.org/entity/Q28895878,0,22,,,
MAR,Marrocos,Q28889738,http://www.wikidata.org/entity/Q28895878,0,491,,,
MAR,Marrocos,Q28889739,http://www.wikidata.org/entity/Q28895878,0,1267,,,
MAR,Marrocos,Q28889736,http://www.wikidata.org/entity/Q28895878,0,372,,,
MAR,Marrocos,Q28889737,http://www.wikidata.org/entity/Q28895878,0,182,,,
MAR,Marrocos,Q28889742,http://www.wikidata.org/entity/Q28895878,0,415,,,
MAR,Marrocos,Q28889743,http://www.wikidata.org/entity/Q28895878,0,213,,,
MAR,Marrocos,Q28889740,http://www.wikidata.org/entity/Q28895878,0,483,,,
MAR,Marrocos,Q28889741,http://www.wikidata.org/entity/Q28895878,0,346,,,
MAR,Marrocos,Q28890098,http://www.wikidata.org/entity/Q28897775,0,160,,,
MAR,Marrocos,Q28890099,http://www.wikidata.org/entity/Q28905051,0,397,,,
MAR,Marrocos,Q28890096,http://www.wikidata.org/entity/Q28891395,0,136,,,
MAR,Marrocos,Q28890097,http://www.wikidata.org/entity/Q28891692,0,452,,,
MAR,Marrocos,Q28890106,http://www.wikidata.org/entity/Q28891037,0,76,,,
MAR,Marrocos,Q28890105,http://www.wikidata.org/entity/Q28891036,0,497,,,
MAR,Marrocos,Q28890111,http://www.wikidata.org/entity/Q28892121,0,248,,,
MAR,Marrocos,Q28890108,http://www.wikidata.org/entity/Q28896252,0,55,,,
MAR,Marrocos,Q28890109,http://www.wikidata.org/entity/Q28891984,0,173,,,
MAR,Marrocos,Q28890112,http://www.wikidata.org/entity/Q28902245,0,156,,,
MAR,Marrocos,Q28890113,http://www.wikidata.org/entity/Q28890751,0,92,,,
MAR,Marrocos,Q28890119,http://www.wikidata.org/entity/Q28896252,0,66,,,
MAR,Marrocos,Q28890116,http://www.wikidata.org/entity/Q28891306,0,327,,,
MAR,Marrocos,Q28890117,,0,159,,,
MAR,Marrocos,Q28890126,http://www.wikidata.org/entity/Q28895110,0,860,,,
MAR,Marrocos,Q28890130,http://www.wikidata.org/entity/Q28892119,0,378,,,
MAR,Marrocos,Q28890131,http://www.wikidata.org/entity/Q28892629,0,153,,,
MAR,Marrocos,Q28890128,http://www.wikidata.org/entity/Q28883224,0,142,,,
MAR,Marrocos,Q28890129,http://www.wikidata.org/entity/Q28896631,0,58,,,
MAR,Marrocos,Q28890132,http://www.wikidata.org/entity/Q28890228,0,45,,,
MAR,Marrocos,Q28890316,http://www.wikidata.org/entity/Q28890808,0,120,,,
MAR,Marrocos,Q28890317,http://www.wikidata.org/entity/Q28891036,0,199,,,
MAR,Marrocos,Q28890326,http://www.wikidata.org/entity/Q28896072,0,597,,,
MAR,Marrocos,Q28890327,http://www.wikidata.org/entity/Q28896362,0,1435,,,
MAR,Marrocos,Q28890330,http://www.wikidata.org/entity/Q28897530,0,536,,,
MAR,Marrocos,Q28890331,http://www.wikidata.org/entity/Q28904913,0,77,,,
MAR,Marrocos,Q28890328,http://www.wikidata.org/entity/Q28897550,0,1110,,,
MAR,Marrocos,Q28890329,http://www.wikidata.org/entity/Q28882883,0,208,,,
MAR,Marrocos,Q28890334,http://www.wikidata.org/entity/Q28896691,0,622,,,
MAR,Marrocos,Q28890335,http://www.wikidata.org/entity/Q28903636,0,137,,,
MAR,Marrocos,Q28890332,http://www.wikidata.org/entity/Q28892042,0,526,,,
MAR,Marrocos,Q28890333,http://www.wikidata.org/entity/Q28891766,0,823,,,
MAR,Marrocos,Q28890336,http://www.wikidata.org/entity/Q28904899,0,574,,,
MAR,Marrocos,Q28890355,http://www.wikidata.org/entity/Q28891161,0,257,,,
MAR,Marrocos,Q28890352,http://www.wikidata.org/entity/Q28905237,0,366,,,
MAR,Marrocos,Q28890496,http://www.wikidata.org/entity/Q28897775,0,221,,,
MAR,Marrocos,Q28890497,http://www.wikidata.org/entity/Q28890801,0,94,,,
MAR,Marrocos,Q28890503,http://www.wikidata.org/entity/Q28891895,0,105,,,
MAR,Marrocos,Q28890500,http://www.wikidata.org/entity/Q28891037,0,97,,,
MAR,Marrocos,Q28890504,http://www.wikidata.org/entity/Q28901298,0,41,,,
MAR,Marrocos,Q28890546,http://www.wikidata.org/entity/Q28893188,0,16,,,
MAR,Marrocos,Q28890555,http://www.wikidata.org/entity/Q28891748,0,165,,,
MAR,Marrocos,Q28890552,http://www.wikidata.org/entity/Q28891717,0,190,,,
MAR,Marrocos,Q28890553,http://www.wikidata.org/entity/Q28891718,0,121,,,
MAR,Marrocos,Q28890562,http://www.wikidata.org/entity/Q28897389,0,117,,,
MAR,Marrocos,Q28890560,http://www.wikidata.org/entity/Q28886176,0,28,,,
MAR,Marrocos,Q28890561,http://www.wikidata.org/entity/Q28891162,0,1071,,,
MAR,Marrocos,Q28890567,http://www.wikidata.org/entity/Q28905130,0,587,,,
MAR,Marrocos,Q28890565,http://www.wikidata.org/entity/Q28890228,0,130,,,
MAR,Marrocos,Q28890570,http://www.wikidata.org/entity/Q28900878,0,182,,,
MAR,Marrocos,Q28890569,http://www.wikidata.org/entity/Q28897169,0,398,,,
MAR,Marrocos,Q28890575,http://www.wikidata.org/entity/Q28891037,0,310,,,
MAR,Marrocos,Q28890573,http://www.wikidata.org/entity/Q28875252,0,898,,,
MAR,Marrocos,Q28890576,http://www.wikidata.org/entity/Q28891598,0,203,,,
MAR,Marrocos,Q28890577,http://www.wikidata.org/entity/Q28891708,0,114,,,
MAR,Marrocos,Q28890582,http://www.wikidata.org/entity/Q28897389,0,80,,,
MAR,Marrocos,Q28890583,http://www.wikidata.org/entity/Q28891036,0,346,,,
MAR,Marrocos,Q28890580,http://www.wikidata.org/entity/Q28908991,0,541,,,
MAR,Marrocos,Q28890581,http://www.wikidata.org/entity/Q28900878,0,215,,,
MAR,Marrocos,Q28890586,http://www.wikidata.org/entity/Q28896072,0,309,,,
MAR,Marrocos,Q28886630,http://www.wikidata.org/entity/Q28897200,0,51,,,
MAR,Marrocos,Q28886631,http://www.wikidata.org/entity/Q28897200,0,103,,,
MAR,Marrocos,Q28886634,http://www.wikidata.org/entity/Q28897200,0,68,,,
MAR,Marrocos,Q28886635,http://www.wikidata.org/entity/Q28897200,0,5,,,
MAR,Marrocos,Q28886632,http://www.wikidata.org/entity/Q28897200,0,93,,,
MAR,Marrocos,Q28886633,http://www.wikidata.org/entity/Q28897200,0,100,,,
MAR,Marrocos,Q28886638,http://www.wikidata.org/entity/Q28890804,0,90,,,
MAR,Marrocos,Q28886639,http://www.wikidata.org/entity/Q28890804,0,42,,,
MAR,Marrocos,Q28886637,http://www.wikidata.org/entity/Q28897200,0,7,,,
MAR,Marrocos,Q28886642,http://www.wikidata.org/entity/Q28890804,0,36,,,
MAR,Marrocos,Q28886643,http://www.wikidata.org/entity/Q28890804,0,41,,,
MAR,Marrocos,Q28886640,http://www.wikidata.org/entity/Q28890804,0,10,,,
MAR,Marrocos,Q28886641,http://www.wikidata.org/entity/Q28890804,0,42,,,
MAR,Marrocos,Q28886646,http://www.wikidata.org/entity/Q28890804,0,124,,,
MAR,Marrocos,Q28886644,http://www.wikidata.org/entity/Q28890804,0,21,,,
MAR,Marrocos,Q28886645,http://www.wikidata.org/entity/Q28890804,0,56,,,
MAR,Marrocos,Q28886687,http://www.wikidata.org/entity/Q28893054,0,88,,,
MAR,Marrocos,Q28886685,http://www.wikidata.org/entity/Q28893054,0,24,,,
MAR,Marrocos,Q28886694,http://www.wikidata.org/entity/Q28903100,0,68,,,
MAR,Marrocos,Q28886693,http://www.wikidata.org/entity/Q28903100,0,30,,,
MAR,Marrocos,Q28886696,http://www.wikidata.org/entity/Q28903100,0,27,,,
MAR,Marrocos,Q28886697,http://www.wikidata.org/entity/Q28903100,0,216,,,
MAR,Marrocos,Q28886700,http://www.wikidata.org/entity/Q28903100,0,26,,,
MAR,Marrocos,Q28886701,http://www.wikidata.org/entity/Q28903100,0,61,,,
MAR,Marrocos,Q28886704,http://www.wikidata.org/entity/Q28903100,0,100,,,
MAR,Marrocos,Q28886743,http://www.wikidata.org/entity/Q28890551,0,22,,,
MAR,Marrocos,Q28886741,http://www.wikidata.org/entity/Q28891805,0,60,,,
MAR,Marrocos,Q28886746,http://www.wikidata.org/entity/Q28892629,0,204,,,
MAR,Marrocos,Q28886744,http://www.wikidata.org/entity/Q28890551,0,16,,,
MAR,Marrocos,Q28886745,http://www.wikidata.org/entity/Q28890551,0,70,,,
MAR,Marrocos,Q28886750,http://www.wikidata.org/entity/Q28890551,0,23,,,
MAR,Marrocos,Q28886751,http://www.wikidata.org/entity/Q28890551,0,24,,,
MAR,Marrocos,Q28886749,http://www.wikidata.org/entity/Q28890551,0,158,,,
MAR,Marrocos,Q28886754,http://www.wikidata.org/entity/Q28890551,0,32,,,
MAR,Marrocos,Q28886755,http://www.wikidata.org/entity/Q28890551,0,7,,,
MAR,Marrocos,Q28886753,http://www.wikidata.org/entity/Q28890551,0,68,,,
MAR,Marrocos,Q28886758,http://www.wikidata.org/entity/Q28903110,0,60,,,
MAR,Marrocos,Q28886756,http://www.wikidata.org/entity/Q28903110,0,97,,,
MAR,Marrocos,Q28886757,http://www.wikidata.org/entity/Q28903110,0,25,,,
MAR,Marrocos,Q28886761,http://www.wikidata.org/entity/Q28903110,0,25,,,
MAR,Marrocos,Q28886764,http://www.wikidata.org/entity/Q28903110,0,17,,,
MAR,Marrocos,Q28886851,http://www.wikidata.org/entity/Q28892529,0,214,,,
MAR,Marrocos,Q28886855,http://www.wikidata.org/entity/Q28890268,0,80,,,
MAR,Marrocos,Q28886852,http://www.wikidata.org/entity/Q28892529,0,73,,,
MAR,Marrocos,Q28886858,http://www.wikidata.org/entity/Q28890268,0,209,,,
MAR,Marrocos,Q28886859,http://www.wikidata.org/entity/Q28890268,0,74,,,
MAR,Marrocos,Q28886856,http://www.wikidata.org/entity/Q28890268,0,136,,,
MAR,Marrocos,Q28886857,http://www.wikidata.org/entity/Q28890268,0,80,,,
MAR,Marrocos,Q28886862,http://www.wikidata.org/entity/Q28890268,0,258,,,
MAR,Marrocos,Q28886863,http://www.wikidata.org/entity/Q28890268,0,82,,,
MAR,Marrocos,Q28886860,http://www.wikidata.org/entity/Q28890268,0,131,,,
MAR,Marrocos,Q28886861,http://www.wikidata.org/entity/Q28890268,0,154,,,
MAR,Marrocos,Q28886866,http://www.wikidata.org/entity/Q28890268,0,88,,,
MAR,Marrocos,Q28886864,http://www.wikidata.org/entity/Q28890268,0,299,,,
MAR,Marrocos,Q28886865,http://www.wikidata.org/entity/Q28890268,0,202,,,
MAR,Marrocos,Q28886878,http://www.wikidata.org/entity/Q28898810,0,190,,,
MAR,Marrocos,Q28886879,http://www.wikidata.org/entity/Q28898810,0,189,,,
MAR,Marrocos,Q28886876,http://www.wikidata.org/entity/Q28898810,0,202,,,
MAR,Marrocos,Q28886883,http://www.wikidata.org/entity/Q28904259,0,1295,,,
MAR,Marrocos,Q28886881,http://www.wikidata.org/entity/Q28898810,0,560,,,
MAR,Marrocos,Q28886886,http://www.wikidata.org/entity/Q28904259,0,524,,,
MAR,Marrocos,Q28886887,http://www.wikidata.org/entity/Q28891177,0,559,,,
MAR,Marrocos,Q28886885,http://www.wikidata.org/entity/Q28904259,0,597,,,
MAR,Marrocos,Q28886890,http://www.wikidata.org/entity/Q28891177,0,438,,,
MAR,Marrocos,Q28886891,http://www.wikidata.org/entity/Q28891177,0,210,,,
MAR,Marrocos,Q28886888,http://www.wikidata.org/entity/Q28891177,0,321,,,
MAR,Marrocos,Q28886889,http://www.wikidata.org/entity/Q28891177,0,118,,,
MAR,Marrocos,Q28886892,http://www.wikidata.org/entity/Q28891177,0,1581,,,
MAR,Marrocos,Q28886916,http://www.wikidata.org/entity/Q28880864,0,86,,,
MAR,Marrocos,Q28886922,http://www.wikidata.org/entity/Q28906718,0,311,,,
MAR,Marrocos,Q28886926,http://www.wikidata.org/entity/Q28890998,0,695,,,
MAR,Marrocos,Q28886927,http://www.wikidata.org/entity/Q28890998,0,1986,,,
MAR,Marrocos,Q28886930,http://www.wikidata.org/entity/Q28890998,0,772,,,
MAR,Marrocos,Q28886928,http://www.wikidata.org/entity/Q28890998,0,511,,,
MAR,Marrocos,Q28886955,http://www.wikidata.org/entity/Q28903095,0,366,,,
MAR,Marrocos,Q28886958,http://www.wikidata.org/entity/Q28903095,0,558,,,
MAR,Marrocos,Q28886959,http://www.wikidata.org/entity/Q28903095,0,10,,,
MAR,Marrocos,Q28886957,http://www.wikidata.org/entity/Q28903095,0,942,,,
MAR,Marrocos,Q28886962,http://www.wikidata.org/entity/Q28903101,0,394,,,
MAR,Marrocos,Q28886960,http://www.wikidata.org/entity/Q28903095,0,1650,,,
MAR,Marrocos,Q28886961,http://www.wikidata.org/entity/Q28903101,0,108,,,
MAR,Marrocos,Q28886966,http://www.wikidata.org/entity/Q28903101,0,396,,,
MAR,Marrocos,Q28886967,http://www.wikidata.org/entity/Q28903101,0,167,,,
MAR,Marrocos,Q28886965,http://www.wikidata.org/entity/Q28903101,0,38,,,
MAR,Marrocos,Q28886970,http://www.wikidata.org/entity/Q28907088,0,336,,,
MAR,Marrocos,Q28886969,http://www.wikidata.org/entity/Q28907088,0,2469,,,
MAR,Marrocos,Q28886972,http://www.wikidata.org/entity/Q28907088,0,388,,,
MAR,Marrocos,Q28886973,http://www.wikidata.org/entity/Q28907088,0,539,,,
MAR,Marrocos,Q28887103,http://www.wikidata.org/entity/Q28896582,0,311,,,
MAR,Marrocos,Q28887106,http://www.wikidata.org/entity/Q28896582,0,416,,,
MAR,Marrocos,Q28887107,http://www.wikidata.org/entity/Q28896582,0,811,,,
MAR,Marrocos,Q28887104,http://www.wikidata.org/entity/Q28896582,0,1423,,,
MAR,Marrocos,Q28887105,http://www.wikidata.org/entity/Q28896582,0,257,,,
MAR,Marrocos,Q28887110,http://www.wikidata.org/entity/Q28896582,0,223,,,
MAR,Marrocos,Q28887111,http://www.wikidata.org/entity/Q28896582,0,151,,,
MAR,Marrocos,Q28887108,http://www.wikidata.org/entity/Q28896582,0,81,,,
MAR,Marrocos,Q28887109,http://www.wikidata.org/entity/Q28896582,0,531,,,
MAR,Marrocos,Q28887114,http://www.wikidata.org/entity/Q28896582,0,59,,,
MAR,Marrocos,Q28887115,http://www.wikidata.org/entity/Q28896582,0,38,,,
MAR,Marrocos,Q28887112,http://www.wikidata.org/entity/Q28896582,0,150,,,
MAR,Marrocos,Q28887113,http://www.wikidata.org/entity/Q28896582,0,86,,,
MAR,Marrocos,Q28887118,http://www.wikidata.org/entity/Q28896582,0,214,,,
MAR,Marrocos,Q28887119,http://www.wikidata.org/entity/Q28896582,0,231,,,
MAR,Marrocos,Q28887116,http://www.wikidata.org/entity/Q28896582,0,186,,,
MAR,Marrocos,Q28887117,http://www.wikidata.org/entity/Q28896582,0,88,,,
MAR,Marrocos,Q28887142,http://www.wikidata.org/entity/Q28904289,0,1093,,,
MAR,Marrocos,Q28887140,http://www.wikidata.org/entity/Q28899124,0,2166,,,
MAR,Marrocos,Q28887145,http://www.wikidata.org/entity/Q28903614,0,2519,,,
MAR,Marrocos,Q28887163,http://www.wikidata.org/entity/Q28896567,0,211,,,
MAR,Marrocos,Q28887161,http://www.wikidata.org/entity/Q28896567,0,267,,,
MAR,Marrocos,Q28887166,http://www.wikidata.org/entity/Q28896642,0,350,,,
MAR,Marrocos,Q28887167,http://www.wikidata.org/entity/Q28896642,0,188,,,
MAR,Marrocos,Q28887164,http://www.wikidata.org/entity/Q28896567,0,401,,,
MAR,Marrocos,Q28887165,http://www.wikidata.org/entity/Q28896567,0,256,,,
MAR,Marrocos,Q28887170,http://www.wikidata.org/entity/Q28896642,0,36,,,
MAR,Marrocos,Q28887171,http://www.wikidata.org/entity/Q28896642,0,183,,,
MAR,Marrocos,Q28887168,http://www.wikidata.org/entity/Q28896642,0,288,,,
MAR,Marrocos,Q28887169,http://www.wikidata.org/entity/Q28896642,0,181,,,
MAR,Marrocos,Q28887174,http://www.wikidata.org/entity/Q28896642,0,176,,,
MAR,Marrocos,Q28887175,http://www.wikidata.org/entity/Q28896642,0,88,,,
MAR,Marrocos,Q28887172,http://www.wikidata.org/entity/Q28896642,0,78,,,
MAR,Marrocos,Q28887173,http://www.wikidata.org/entity/Q28896642,0,80,,,
MAR,Marrocos,Q28887178,http://www.wikidata.org/entity/Q28896642,0,137,,,
MAR,Marrocos,Q28887179,http://www.wikidata.org/entity/Q28896642,0,245,,,
MAR,Marrocos,Q28887176,http://www.wikidata.org/entity/Q28896642,0,111,,,
MAR,Marrocos,Q28887177,http://www.wikidata.org/entity/Q28896642,0,196,,,
MAR,Marrocos,Q28887180,http://www.wikidata.org/entity/Q28896642,0,36,,,
MAR,Marrocos,Q28887181,http://www.wikidata.org/entity/Q28896642,0,171,,,
MAR,Marrocos,Q28887203,http://www.wikidata.org/entity/Q28896642,0,35,,,
MAR,Marrocos,Q28887207,http://www.wikidata.org/entity/Q28892684,0,661,,,
MAR,Marrocos,Q28887204,http://www.wikidata.org/entity/Q28896642,0,69,,,
MAR,Marrocos,Q28887205,http://www.wikidata.org/entity/Q28893758,0,49,,,
MAR,Marrocos,Q28887208,http://www.wikidata.org/entity/Q28892684,0,991,,,
MAR,Marrocos,Q28887214,http://www.wikidata.org/entity/Q28892744,0,1438,,,
MAR,Marrocos,Q28887213,http://www.wikidata.org/entity/Q28892744,0,715,,,
MAR,Marrocos,Q28887217,http://www.wikidata.org/entity/Q28899385,0,614,,,
MAR,Marrocos,Q28887222,http://www.wikidata.org/entity/Q28892743,0,3502,,,
MAR,Marrocos,Q28887221,http://www.wikidata.org/entity/Q28892743,0,1465,,,
MAR,Marrocos,Q28887582,http://www.wikidata.org/entity/Q28897961,0,217,,,
MAR,Marrocos,Q28887580,http://www.wikidata.org/entity/Q28897961,0,912,,,
MAR,Marrocos,Q28887586,http://www.wikidata.org/entity/Q28897961,0,286,,,
MAR,Marrocos,Q28887587,http://www.wikidata.org/entity/Q28894068,0,295,,,
MAR,Marrocos,Q28887584,http://www.wikidata.org/entity/Q28897961,0,255,,,
MAR,Marrocos,Q28887585,http://www.wikidata.org/entity/Q28897961,0,702,,,
MAR,Marrocos,Q28887591,http://www.wikidata.org/entity/Q28894068,0,222,,,
MAR,Marrocos,Q28887588,http://www.wikidata.org/entity/Q28894068,0,352,,,
MAR,Marrocos,Q28887589,http://www.wikidata.org/entity/Q28894068,0,368,,,
MAR,Marrocos,Q28887594,http://www.wikidata.org/entity/Q28894068,0,126,,,
MAR,Marrocos,Q28887595,http://www.wikidata.org/entity/Q28900125,0,98,,,
MAR,Marrocos,Q28887592,http://www.wikidata.org/entity/Q28894068,0,556,,,
MAR,Marrocos,Q28887593,http://www.wikidata.org/entity/Q28894068,0,841,,,
MAR,Marrocos,Q28887598,http://www.wikidata.org/entity/Q28900125,0,877,,,
MAR,Marrocos,Q28887599,http://www.wikidata.org/entity/Q28900125,0,1832,,,
MAR,Marrocos,Q28887596,http://www.wikidata.org/entity/Q28900125,0,220,,,
MAR,Marrocos,Q28887602,http://www.wikidata.org/entity/Q28900125,0,376,,,
MAR,Marrocos,Q28887603,http://www.wikidata.org/entity/Q28900125,0,477,,,
MAR,Marrocos,Q28887600,http://www.wikidata.org/entity/Q28900125,0,2558,,,
MAR,Marrocos,Q28887601,http://www.wikidata.org/entity/Q28900125,0,1129,,,
MAR,Marrocos,Q28887606,http://www.wikidata.org/entity/Q28900125,0,845,,,
MAR,Marrocos,Q28887607,http://www.wikidata.org/entity/Q28900125,0,324,,,
MAR,Marrocos,Q28887604,http://www.wikidata.org/entity/Q28900125,0,534,,,
MAR,Marrocos,Q28887605,http://www.wikidata.org/entity/Q28900125,0,147,,,
MAR,Marrocos,Q28887610,http://www.wikidata.org/entity/Q28906812,0,272,,,
MAR,Marrocos,Q28887611,http://www.wikidata.org/entity/Q28906812,0,254,,,
MAR,Marrocos,Q28887608,http://www.wikidata.org/entity/Q28906812,0,464,,,
MAR,Marrocos,Q28887609,http://www.wikidata.org/entity/Q28906812,0,309,,,
MAR,Marrocos,Q28887614,http://www.wikidata.org/entity/Q28906812,0,255,,,
MAR,Marrocos,Q28887615,http://www.wikidata.org/entity/Q28895800,0,566,,,
MAR,Marrocos,Q28887612,http://www.wikidata.org/entity/Q28906812,0,475,,,
MAR,Marrocos,Q28887613,http://www.wikidata.org/entity/Q28906812,0,179,,,
MAR,Marrocos,Q28887618,http://www.wikidata.org/entity/Q28895800,0,1347,,,
MAR,Marrocos,Q28887619,http://www.wikidata.org/entity/Q28895800,0,1024,,,
MAR,Marrocos,Q28887616,http://www.wikidata.org/entity/Q28895800,0,1519,,,
MAR,Marrocos,Q28887617,http://www.wikidata.org/entity/Q28895800,0,1190,,,
MAR,Marrocos,Q28887622,http://www.wikidata.org/entity/Q28895800,0,210,,,
MAR,Marrocos,Q28887623,http://www.wikidata.org/entity/Q28895800,0,454,,,
MAR,Marrocos,Q28887620,http://www.wikidata.org/entity/Q28895800,0,504,,,
MAR,Marrocos,Q28887621,http://www.wikidata.org/entity/Q28895800,0,124,,,
MAR,Marrocos,Q28887646,http://www.wikidata.org/entity/Q28901139,0,106,,,
MAR,Marrocos,Q28887647,http://www.wikidata.org/entity/Q28901139,0,317,,,
MAR,Marrocos,Q28887644,http://www.wikidata.org/entity/Q28901139,0,55,,,
MAR,Marrocos,Q28887645,http://www.wikidata.org/entity/Q28901139,0,100,,,
MAR,Marrocos,Q28887650,http://www.wikidata.org/entity/Q28901139,0,716,,,
MAR,Marrocos,Q28887651,http://www.wikidata.org/entity/Q28901139,0,278,,,
MAR,Marrocos,Q28887648,http://www.wikidata.org/entity/Q28901139,0,81,,,
MAR,Marrocos,Q28887649,http://www.wikidata.org/entity/Q28901139,0,502,,,
MAR,Marrocos,Q28887654,http://www.wikidata.org/entity/Q28901139,0,271,,,
MAR,Marrocos,Q28887655,http://www.wikidata.org/entity/Q28901139,0,734,,,
MAR,Marrocos,Q28887652,http://www.wikidata.org/entity/Q28901139,0,225,,,
MAR,Marrocos,Q28887653,http://www.wikidata.org/entity/Q28901139,0,499,,,
MAR,Marrocos,Q28887658,http://www.wikidata.org/entity/Q28900717,0,304,,,
MAR,Marrocos,Q28887659,http://www.wikidata.org/entity/Q28900717,0,362,,,
MAR,Marrocos,Q28887656,http://www.wikidata.org/entity/Q28901139,0,410,,,
MAR,Marrocos,Q28887657,http://www.wikidata.org/entity/Q28901139,0,365,,,
MAR,Marrocos,Q28887662,http://www.wikidata.org/entity/Q28900717,0,304,,,
MAR,Marrocos,Q28887663,http://www.wikidata.org/entity/Q28900717,0,256,,,
MAR,Marrocos,Q28887660,http://www.wikidata.org/entity/Q28900717,0,152,,,
MAR,Marrocos,Q28887661,http://www.wikidata.org/entity/Q28900717,0,223,,,
MAR,Marrocos,Q28887706,http://www.wikidata.org/entity/Q28895227,0,1234,,,
MAR,Marrocos,Q28887707,http://www.wikidata.org/entity/Q28894063,0,273,,,
MAR,Marrocos,Q28887705,http://www.wikidata.org/entity/Q28895227,0,282,,,
MAR,Marrocos,Q28887710,http://www.wikidata.org/entity/Q28894063,0,625,,,
MAR,Marrocos,Q28887711,http://www.wikidata.org/entity/Q28894063,0,364,,,
MAR,Marrocos,Q28887708,http://www.wikidata.org/entity/Q28894063,0,678,,,
MAR,Marrocos,Q28887709,http://www.wikidata.org/entity/Q28894063,0,622,,,
MAR,Marrocos,Q28887714,http://www.wikidata.org/entity/Q28894063,0,562,,,
MAR,Marrocos,Q28887715,http://www.wikidata.org/entity/Q28894063,0,272,,,
MAR,Marrocos,Q28887712,http://www.wikidata.org/entity/Q28894063,0,508,,,
MAR,Marrocos,Q28887713,http://www.wikidata.org/entity/Q28894063,0,623,,,
MAR,Marrocos,Q28887718,http://www.wikidata.org/entity/Q28895158,0,283,,,
MAR,Marrocos,Q28887719,http://www.wikidata.org/entity/Q28895158,0,610,,,
MAR,Marrocos,Q28887716,http://www.wikidata.org/entity/Q28894063,0,348,,,
MAR,Marrocos,Q28887717,http://www.wikidata.org/entity/Q28895158,0,364,,,
MAR,Marrocos,Q28887722,http://www.wikidata.org/entity/Q28895158,0,217,,,
MAR,Marrocos,Q28887723,http://www.wikidata.org/entity/Q28895158,0,225,,,
MAR,Marrocos,Q28887720,http://www.wikidata.org/entity/Q28895158,0,339,,,
MAR,Marrocos,Q28887721,http://www.wikidata.org/entity/Q28895158,0,559,,,
MAR,Marrocos,Q28887724,http://www.wikidata.org/entity/Q28895158,0,644,,,
MAR,Marrocos,Q28887758,http://www.wikidata.org/entity/Q28899648,0,437,,,
MAR,Marrocos,Q28887759,http://www.wikidata.org/entity/Q28899648,0,365,,,
MAR,Marrocos,Q28887762,http://www.wikidata.org/entity/Q28899648,0,778,,,
MAR,Marrocos,Q28887763,http://www.wikidata.org/entity/Q28899648,0,852,,,
MAR,Marrocos,Q28887760,http://www.wikidata.org/entity/Q28899648,0,172,,,
MAR,Marrocos,Q28887761,http://www.wikidata.org/entity/Q28899648,0,270,,,
MAR,Marrocos,Q28887764,http://www.wikidata.org/entity/Q28899648,0,219,,,
MAR,Marrocos,Q28888090,http://www.wikidata.org/entity/Q28895052,0,498,,,
MAR,Marrocos,Q28888091,http://www.wikidata.org/entity/Q28895052,0,640,,,
MAR,Marrocos,Q28888094,http://www.wikidata.org/entity/Q28895052,0,674,,,
MAR,Marrocos,Q28888095,http://www.wikidata.org/entity/Q28895052,0,22,,,
MAR,Marrocos,Q28888092,http://www.wikidata.org/entity/Q28895052,0,322,,,
MAR,Marrocos,Q28888093,http://www.wikidata.org/entity/Q28895052,0,593,,,
MAR,Marrocos,Q28888099,http://www.wikidata.org/entity/Q28895052,0,260,,,
MAR,Marrocos,Q28888096,http://www.wikidata.org/entity/Q28895052,0,207,,,
MAR,Marrocos,Q28888097,http://www.wikidata.org/entity/Q28895052,0,406,,,
MAR,Marrocos,Q28888102,http://www.wikidata.org/entity/Q28895052,0,144,,,
MAR,Marrocos,Q28888100,http://www.wikidata.org/entity/Q28895052,0,99,,,
MAR,Marrocos,Q28888101,http://www.wikidata.org/entity/Q28895052,0,154,,,
MAR,Marrocos,Q28888163,http://www.wikidata.org/entity/Q28896226,0,736,,,
MAR,Marrocos,Q28888167,http://www.wikidata.org/entity/Q28896226,0,538,,,
MAR,Marrocos,Q28888164,http://www.wikidata.org/entity/Q28896226,0,260,,,
MAR,Marrocos,Q28888165,http://www.wikidata.org/entity/Q28896226,0,223,,,
MAR,Marrocos,Q28888168,http://www.wikidata.org/entity/Q28896226,0,221,,,
MAR,Marrocos,Q28888169,http://www.wikidata.org/entity/Q28896226,0,408,,,
MAR,Marrocos,Q28888292,http://www.wikidata.org/entity/Q3408408,0,490,,,
MAR,Marrocos,Q28888293,http://www.wikidata.org/entity/Q3408408,0,331,,,
MAR,Marrocos,Q28888406,http://www.wikidata.org/entity/Q28894972,0,35,,,
MAR,Marrocos,Q28888407,http://www.wikidata.org/entity/Q28894972,0,239,,,
MAR,Marrocos,Q28888410,http://www.wikidata.org/entity/Q28894972,0,215,,,
MAR,Marrocos,Q28888411,http://www.wikidata.org/entity/Q28894972,0,322,,,
MAR,Marrocos,Q28888408,http://www.wikidata.org/entity/Q28894972,0,201,,,
MAR,Marrocos,Q28888409,http://www.wikidata.org/entity/Q28894972,0,202,,,
MAR,Marrocos,Q28888412,http://www.wikidata.org/entity/Q28894972,0,219,,,
MAR,Marrocos,Q28888438,http://www.wikidata.org/entity/Q28895715,0,477,,,
MAR,Marrocos,Q28888439,http://www.wikidata.org/entity/Q28895715,0,302,,,
MAR,Marrocos,Q28888442,http://www.wikidata.org/entity/Q28895715,0,298,,,
MAR,Marrocos,Q28888443,http://www.wikidata.org/entity/Q28895715,0,53,,,
MAR,Marrocos,Q28888440,http://www.wikidata.org/entity/Q28895715,0,130,,,
MAR,Marrocos,Q28888441,http://www.wikidata.org/entity/Q28895715,0,776,,,
MAR,Marrocos,Q28888446,http://www.wikidata.org/entity/Q28895715,0,181,,,
MAR,Marrocos,Q28888447,http://www.wikidata.org/entity/Q28895715,0,782,,,
MAR,Marrocos,Q28888444,http://www.wikidata.org/entity/Q28895715,0,463,,,
MAR,Marrocos,Q28888445,http://www.wikidata.org/entity/Q28895715,0,325,,,
MAR,Marrocos,Q28888450,http://www.wikidata.org/entity/Q28895715,0,446,,,
MAR,Marrocos,Q28888451,http://www.wikidata.org/entity/Q28895715,0,626,,,
MAR,Marrocos,Q28888448,http://www.wikidata.org/entity/Q28895715,0,582,,,
MAR,Marrocos,Q28888449,http://www.wikidata.org/entity/Q28895715,0,203,,,
MAR,Marrocos,Q28888452,http://www.wikidata.org/entity/Q28895715,0,662,,,
MAR,Marrocos,Q28888453,http://www.wikidata.org/entity/Q28895715,0,727,,,
MAR,Marrocos,Q28888495,http://www.wikidata.org/entity/Q28894566,0,324,,,
MAR,Marrocos,Q28888498,http://www.wikidata.org/entity/Q28897720,0,143,,,
MAR,Marrocos,Q28888499,http://www.wikidata.org/entity/Q28897720,0,304,,,
MAR,Marrocos,Q28888496,http://www.wikidata.org/entity/Q28897720,0,616,,,
MAR,Marrocos,Q28888497,http://www.wikidata.org/entity/Q28897720,0,136,,,
MAR,Marrocos,Q28888502,http://www.wikidata.org/entity/Q28897720,0,221,,,
MAR,Marrocos,Q28888503,http://www.wikidata.org/entity/Q28897720,0,411,,,
MAR,Marrocos,Q28888500,http://www.wikidata.org/entity/Q28897720,0,214,,,
MAR,Marrocos,Q28888501,http://www.wikidata.org/entity/Q28897720,0,282,,,
MAR,Marrocos,Q28888506,http://www.wikidata.org/entity/Q28897720,0,125,,,
MAR,Marrocos,Q28888507,http://www.wikidata.org/entity/Q28897720,0,605,,,
MAR,Marrocos,Q28888504,http://www.wikidata.org/entity/Q28897720,0,137,,,
MAR,Marrocos,Q28888505,http://www.wikidata.org/entity/Q28897720,0,268,,,
MAR,Marrocos,Q28888510,http://www.wikidata.org/entity/Q28897720,0,485,,,
MAR,Marrocos,Q28888511,http://www.wikidata.org/entity/Q28897720,0,804,,,
MAR,Marrocos,Q28888508,http://www.wikidata.org/entity/Q28897720,0,370,,,
MAR,Marrocos,Q28888509,http://www.wikidata.org/entity/Q28897720,0,667,,,
MAR,Marrocos,Q28888514,http://www.wikidata.org/entity/Q28897720,0,397,,,
MAR,Marrocos,Q28888515,http://www.wikidata.org/entity/Q28897720,0,80,,,
MAR,Marrocos,Q28888512,http://www.wikidata.org/entity/Q28897720,0,141,,,
MAR,Marrocos,Q28888513,http://www.wikidata.org/entity/Q28897720,0,456,,,
MAR,Marrocos,Q28888518,http://www.wikidata.org/entity/Q28897720,0,202,,,
MAR,Marrocos,Q28888519,http://www.wikidata.org/entity/Q28897720,0,154,,,
MAR,Marrocos,Q28888516,http://www.wikidata.org/entity/Q28897720,0,92,,,
MAR,Marrocos,Q28888517,http://www.wikidata.org/entity/Q28897720,0,332,,,
MAR,Marrocos,Q28888522,http://www.wikidata.org/entity/Q28897720,0,273,,,
MAR,Marrocos,Q28888523,http://www.wikidata.org/entity/Q28897720,0,519,,,
MAR,Marrocos,Q28888520,http://www.wikidata.org/entity/Q28897720,0,239,,,
MAR,Marrocos,Q28888521,http://www.wikidata.org/entity/Q28897720,0,446,,,
MAR,Marrocos,Q28888526,http://www.wikidata.org/entity/Q28897720,0,214,,,
MAR,Marrocos,Q28888527,http://www.wikidata.org/entity/Q28897720,0,314,,,
MAR,Marrocos,Q28888524,http://www.wikidata.org/entity/Q28897720,0,441,,,
MAR,Marrocos,Q28888525,http://www.wikidata.org/entity/Q28897720,0,336,,,
MAR,Marrocos,Q28888530,http://www.wikidata.org/entity/Q28897720,0,288,,,
MAR,Marrocos,Q28888531,http://www.wikidata.org/entity/Q28897720,0,411,,,
MAR,Marrocos,Q28888528,http://www.wikidata.org/entity/Q28897720,0,208,,,
MAR,Marrocos,Q28888529,http://www.wikidata.org/entity/Q28897720,0,279,,,
MAR,Marrocos,Q28888534,http://www.wikidata.org/entity/Q28895728,0,1187,,,
MAR,Marrocos,Q28888532,http://www.wikidata.org/entity/Q28897720,0,158,,,
MAR,Marrocos,Q28888533,http://www.wikidata.org/entity/Q28897720,0,267,,,
MAR,Marrocos,Q28888578,http://www.wikidata.org/entity/Q28894953,0,1308,,,
MAR,Marrocos,Q28888579,http://www.wikidata.org/entity/Q28894953,0,851,,,
MAR,Marrocos,Q28888576,http://www.wikidata.org/entity/Q28894953,0,465,,,
MAR,Marrocos,Q28888577,http://www.wikidata.org/entity/Q28894953,0,804,,,
MAR,Marrocos,Q28888582,http://www.wikidata.org/entity/Q28894953,0,548,,,
MAR,Marrocos,Q28888583,http://www.wikidata.org/entity/Q28894953,0,627,,,
MAR,Marrocos,Q28888580,,0,465,,,
MAR,Marrocos,Q28888581,http://www.wikidata.org/entity/Q28894953,0,1011,,,
MAR,Marrocos,Q28888586,http://www.wikidata.org/entity/Q28894953,0,262,,,
MAR,Marrocos,Q28888585,http://www.wikidata.org/entity/Q28894953,0,189,,,
MAR,Marrocos,Q28888588,http://www.wikidata.org/entity/Q28894953,0,617,,,
MAR,Marrocos,Q28888611,http://www.wikidata.org/entity/Q28895035,0,343,,,
MAR,Marrocos,Q28888614,http://www.wikidata.org/entity/Q28895035,0,772,,,
MAR,Marrocos,Q28888615,http://www.wikidata.org/entity/Q28895035,0,569,,,
MAR,Marrocos,Q28888612,http://www.wikidata.org/entity/Q28895035,0,263,,,
MAR,Marrocos,Q28888613,http://www.wikidata.org/entity/Q28895035,0,670,,,
MAR,Marrocos,Q28888618,http://www.wikidata.org/entity/Q28895035,0,29,,,
MAR,Marrocos,Q28888619,http://www.wikidata.org/entity/Q28895035,0,228,,,
MAR,Marrocos,Q28888616,http://www.wikidata.org/entity/Q28895035,0,23,,,
MAR,Marrocos,Q28888617,http://www.wikidata.org/entity/Q28895035,0,775,,,
MAR,Marrocos,Q28888622,http://www.wikidata.org/entity/Q28901625,0,202,,,
MAR,Marrocos,Q28888623,http://www.wikidata.org/entity/Q28901625,0,364,,,
MAR,Marrocos,Q28888620,http://www.wikidata.org/entity/Q28901625,0,496,,,
MAR,Marrocos,Q28888621,http://www.wikidata.org/entity/Q28901625,0,118,,,
MAR,Marrocos,Q28888626,http://www.wikidata.org/entity/Q28901625,0,237,,,
MAR,Marrocos,Q28888627,http://www.wikidata.org/entity/Q28901625,0,238,,,
MAR,Marrocos,Q28888624,http://www.wikidata.org/entity/Q28901625,0,77,,,
MAR,Marrocos,Q28888625,http://www.wikidata.org/entity/Q28901625,0,122,,,
MAR,Marrocos,Q28888630,http://www.wikidata.org/entity/Q28901625,0,272,,,
MAR,Marrocos,Q28888631,http://www.wikidata.org/entity/Q28901625,0,178,,,
MAR,Marrocos,Q28888628,http://www.wikidata.org/entity/Q28901625,0,210,,,
MAR,Marrocos,Q28888629,http://www.wikidata.org/entity/Q28901625,0,97,,,
MAR,Marrocos,Q28888634,http://www.wikidata.org/entity/Q28901625,0,446,,,
MAR,Marrocos,Q28888635,http://www.wikidata.org/entity/Q28901625,0,287,,,
MAR,Marrocos,Q28888632,http://www.wikidata.org/entity/Q28901625,0,286,,,
MAR,Marrocos,Q28888633,http://www.wikidata.org/entity/Q28901625,0,358,,,
MAR,Marrocos,Q28888638,http://www.wikidata.org/entity/Q28908834,0,69,,,
MAR,Marrocos,Q28888639,http://www.wikidata.org/entity/Q28908834,0,217,,,
MAR,Marrocos,Q28888636,http://www.wikidata.org/entity/Q28908834,0,112,,,
MAR,Marrocos,Q28888637,http://www.wikidata.org/entity/Q28908834,0,305,,,
MAR,Marrocos,Q28888640,http://www.wikidata.org/entity/Q28908834,0,326,,,
MAR,Marrocos,Q28888658,http://www.wikidata.org/entity/Q28895219,0,341,,,
MAR,Marrocos,Q28888659,http://www.wikidata.org/entity/Q28895219,0,183,,,
MAR,Marrocos,Q28888662,http://www.wikidata.org/entity/Q28895219,0,180,,,
MAR,Marrocos,Q28888660,http://www.wikidata.org/entity/Q28895219,0,184,,,
MAR,Marrocos,Q28888661,http://www.wikidata.org/entity/Q28895219,0,285,,,
MAR,Marrocos,Q28888666,http://www.wikidata.org/entity/Q28895219,0,244,,,
MAR,Marrocos,Q28888667,http://www.wikidata.org/entity/Q28895219,0,313,,,
MAR,Marrocos,Q28888664,http://www.wikidata.org/entity/Q28895219,0,256,,,
MAR,Marrocos,Q28888665,http://www.wikidata.org/entity/Q28895219,0,521,,,
MAR,Marrocos,Q28888670,http://www.wikidata.org/entity/Q28895219,0,318,,,
MAR,Marrocos,Q28888671,http://www.wikidata.org/entity/Q28895219,0,396,,,
MAR,Marrocos,Q28888668,http://www.wikidata.org/entity/Q28895219,0,353,,,
MAR,Marrocos,Q28888669,http://www.wikidata.org/entity/Q28895219,0,196,,,
MAR,Marrocos,Q28888674,http://www.wikidata.org/entity/Q28895219,0,427,,,
MAR,Marrocos,Q28888675,http://www.wikidata.org/entity/Q28895219,0,497,,,
MAR,Marrocos,Q28888672,http://www.wikidata.org/entity/Q28895219,0,90,,,
MAR,Marrocos,Q28888673,http://www.wikidata.org/entity/Q28895219,0,370,,,
MAR,Marrocos,Q28888678,http://www.wikidata.org/entity/Q28895219,0,235,,,
MAR,Marrocos,Q28888676,http://www.wikidata.org/entity/Q28895219,0,146,,,
MAR,Marrocos,Q28888677,http://www.wikidata.org/entity/Q28895219,0,61,,,
MAR,Marrocos,Q28888699,http://www.wikidata.org/entity/Q28894311,0,698,,,
MAR,Marrocos,Q28888702,http://www.wikidata.org/entity/Q28894311,0,425,,,
MAR,Marrocos,Q28888703,http://www.wikidata.org/entity/Q28894311,0,475,,,
MAR,Marrocos,Q28888700,http://www.wikidata.org/entity/Q28894311,0,257,,,
MAR,Marrocos,Q28888701,http://www.wikidata.org/entity/Q28894311,0,614,,,
MAR,Marrocos,Q28888706,http://www.wikidata.org/entity/Q28894311,0,350,,,
MAR,Marrocos,Q28888707,http://www.wikidata.org/entity/Q28894311,0,360,,,
MAR,Marrocos,Q28888704,http://www.wikidata.org/entity/Q28894311,0,257,,,
MAR,Marrocos,Q28888705,http://www.wikidata.org/entity/Q28894311,0,72,,,
MAR,Marrocos,Q28888708,http://www.wikidata.org/entity/Q28894311,0,433,,,
MAR,Marrocos,Q28888722,http://www.wikidata.org/entity/Q28896024,0,128,,,
MAR,Marrocos,Q28888723,http://www.wikidata.org/entity/Q28896024,0,80,,,
MAR,Marrocos,Q28888720,http://www.wikidata.org/entity/Q28896024,0,244,,,
MAR,Marrocos,Q28888721,http://www.wikidata.org/entity/Q28896024,0,111,,,
MAR,Marrocos,Q28888726,http://www.wikidata.org/entity/Q28896024,0,153,,,
MAR,Marrocos,Q28888727,http://www.wikidata.org/entity/Q28896024,0,156,,,
MAR,Marrocos,Q28888724,http://www.wikidata.org/entity/Q28896024,0,275,,,
MAR,Marrocos,Q28888725,http://www.wikidata.org/entity/Q28896024,0,161,,,
MAR,Marrocos,Q28888730,http://www.wikidata.org/entity/Q28896024,0,107,,,
MAR,Marrocos,Q28888731,http://www.wikidata.org/entity/Q28896024,0,416,,,
MAR,Marrocos,Q28888728,http://www.wikidata.org/entity/Q28896024,0,214,,,
MAR,Marrocos,Q28888729,http://www.wikidata.org/entity/Q28896024,0,203,,,
MAR,Marrocos,Q28888734,http://www.wikidata.org/entity/Q28896024,0,277,,,
MAR,Marrocos,Q28888735,http://www.wikidata.org/entity/Q28908525,0,264,,,
MAR,Marrocos,Q28888732,http://www.wikidata.org/entity/Q28896024,0,817,,,
MAR,Marrocos,Q28888738,http://www.wikidata.org/entity/Q28908525,0,711,,,
MAR,Marrocos,Q28888739,http://www.wikidata.org/entity/Q28908525,0,325,,,
MAR,Marrocos,Q28888736,http://www.wikidata.org/entity/Q28908525,0,646,,,
MAR,Marrocos,Q28888737,http://www.wikidata.org/entity/Q28908525,0,237,,,
MAR,Marrocos,Q28888742,http://www.wikidata.org/entity/Q28908525,0,192,,,
MAR,Marrocos,Q28888740,http://www.wikidata.org/entity/Q28908525,0,142,,,
MAR,Marrocos,Q28888741,http://www.wikidata.org/entity/Q28908525,0,215,,,
MAR,Marrocos,Q28888746,http://www.wikidata.org/entity/Q28908525,0,1011,,,
MAR,Marrocos,Q28888747,http://www.wikidata.org/entity/Q28908525,0,581,,,
MAR,Marrocos,Q28888744,http://www.wikidata.org/entity/Q28908525,0,210,,,
MAR,Marrocos,Q28888745,http://www.wikidata.org/entity/Q28908525,0,21,,,
MAR,Marrocos,Q28888750,http://www.wikidata.org/entity/Q28906531,0,134,,,
MAR,Marrocos,Q28888748,http://www.wikidata.org/entity/Q28908525,0,148,,,
MAR,Marrocos,Q28888749,http://www.wikidata.org/entity/Q28906531,0,177,,,
MAR,Marrocos,Q28888790,,0,102,,,
MAR,Marrocos,Q28888791,http://www.wikidata.org/entity/Q28908873,0,119,,,
MAR,Marrocos,Q28888788,,0,124,,,
MAR,Marrocos,Q28888789,,0,145,,,
MAR,Marrocos,Q28888794,http://www.wikidata.org/entity/Q28906918,0,611,,,
MAR,Marrocos,Q28888795,http://www.wikidata.org/entity/Q28906918,0,1489,,,
MAR,Marrocos,Q28888792,http://www.wikidata.org/entity/Q28908873,0,401,,,
MAR,Marrocos,Q28888793,http://www.wikidata.org/entity/Q28908873,0,279,,,
MAR,Marrocos,Q28888798,http://www.wikidata.org/entity/Q28906918,0,755,,,
MAR,Marrocos,Q28888799,http://www.wikidata.org/entity/Q28906918,0,883,,,
MAR,Marrocos,Q28888796,http://www.wikidata.org/entity/Q28906918,0,1403,,,
MAR,Marrocos,Q28888797,http://www.wikidata.org/entity/Q28906918,0,861,,,
MAR,Marrocos,Q28888802,http://www.wikidata.org/entity/Q28906918,0,1178,,,
MAR,Marrocos,Q28888803,http://www.wikidata.org/entity/Q28895195,0,804,,,
MAR,Marrocos,Q28888800,http://www.wikidata.org/entity/Q28906918,0,951,,,
MAR,Marrocos,Q28888801,http://www.wikidata.org/entity/Q28906918,0,624,,,
MAR,Marrocos,Q28888994,http://www.wikidata.org/entity/Q28894400,0,159,,,
MAR,Marrocos,Q28889038,http://www.wikidata.org/entity/Q28894291,0,333,,,
MAR,Marrocos,Q28889036,http://www.wikidata.org/entity/Q28894291,0,582,,,
MAR,Marrocos,Q28889037,http://www.wikidata.org/entity/Q28894291,0,234,,,
MAR,Marrocos,Q28889046,http://www.wikidata.org/entity/Q28895243,0,202,,,
MAR,Marrocos,Q28889047,http://www.wikidata.org/entity/Q28895243,0,218,,,
MAR,Marrocos,Q28889045,http://www.wikidata.org/entity/Q28895243,0,238,,,
MAR,Marrocos,Q28889050,http://www.wikidata.org/entity/Q28895243,0,113,,,
MAR,Marrocos,Q28889051,http://www.wikidata.org/entity/Q28895243,0,326,,,
MAR,Marrocos,Q28889048,http://www.wikidata.org/entity/Q28895243,0,109,,,
MAR,Marrocos,Q28889049,http://www.wikidata.org/entity/Q28895243,0,308,,,
MAR,Marrocos,Q28889054,http://www.wikidata.org/entity/Q28895243,0,203,,,
MAR,Marrocos,Q28889055,http://www.wikidata.org/entity/Q28895243,0,279,,,
MAR,Marrocos,Q28889052,http://www.wikidata.org/entity/Q28895243,0,45,,,
MAR,Marrocos,Q28889053,http://www.wikidata.org/entity/Q28895243,0,63,,,
MAR,Marrocos,Q28889058,http://www.wikidata.org/entity/Q28895243,0,589,,,
MAR,Marrocos,Q28889056,http://www.wikidata.org/entity/Q28895243,0,764,,,
MAR,Marrocos,Q28889057,http://www.wikidata.org/entity/Q28895243,0,294,,,
MAR,Marrocos,Q28889186,http://www.wikidata.org/entity/Q28894305,0,301,,,
MAR,Marrocos,Q28889187,http://www.wikidata.org/entity/Q28908629,0,1136,,,
MAR,Marrocos,Q28889185,http://www.wikidata.org/entity/Q28894305,0,666,,,
MAR,Marrocos,Q28889190,http://www.wikidata.org/entity/Q28908629,0,710,,,
MAR,Marrocos,Q28889194,http://www.wikidata.org/entity/Q28908629,0,324,,,
MAR,Marrocos,Q28889196,http://www.wikidata.org/entity/Q28908629,0,22,,,
MAR,Marrocos,Q28889202,http://www.wikidata.org/entity/Q28908629,0,259,,,
MAR,Marrocos,Q28889203,http://www.wikidata.org/entity/Q28908629,0,68,,,
MAR,Marrocos,Q28889201,http://www.wikidata.org/entity/Q28908629,0,407,,,
MAR,Marrocos,Q28889206,http://www.wikidata.org/entity/Q28889929,0,1018,,,
MAR,Marrocos,Q28889207,http://www.wikidata.org/entity/Q28889929,0,63,,,
MAR,Marrocos,Q28889204,http://www.wikidata.org/entity/Q28889929,0,565,,,
MAR,Marrocos,Q28889205,http://www.wikidata.org/entity/Q28889929,0,760,,,
MAR,Marrocos,Q28889210,http://www.wikidata.org/entity/Q28889929,0,297,,,
MAR,Marrocos,Q28889211,http://www.wikidata.org/entity/Q28889929,0,338,,,
MAR,Marrocos,Q28889208,http://www.wikidata.org/entity/Q28889929,0,470,,,
MAR,Marrocos,Q28889209,http://www.wikidata.org/entity/Q28889929,0,778,,,
MAR,Marrocos,Q28889214,http://www.wikidata.org/entity/Q28889929,0,1230,,,
MAR,Marrocos,Q28889215,http://www.wikidata.org/entity/Q28889929,0,162,,,
MAR,Marrocos,Q28889212,http://www.wikidata.org/entity/Q28889929,0,1288,,,
MAR,Marrocos,Q28889213,http://www.wikidata.org/entity/Q28889929,0,893,,,
MAR,Marrocos,Q28889218,http://www.wikidata.org/entity/Q28889929,0,68,,,
MAR,Marrocos,Q28889216,http://www.wikidata.org/entity/Q28889929,0,271,,,
MAR,Marrocos,Q28889217,http://www.wikidata.org/entity/Q28889929,0,942,,,
MAR,Marrocos,Q28889222,http://www.wikidata.org/entity/Q28895056,0,1079,,,
MAR,Marrocos,Q28889220,http://www.wikidata.org/entity/Q28889929,0,391,,,
MAR,Marrocos,Q28889221,http://www.wikidata.org/entity/Q28889929,0,34,,,
MAR,Marrocos,Q28889267,http://www.wikidata.org/entity/Q28894275,0,201,,,
MAR,Marrocos,Q28889270,http://www.wikidata.org/entity/Q28894275,0,64,,,
MAR,Marrocos,Q28889271,http://www.wikidata.org/entity/Q28894275,0,412,,,
MAR,Marrocos,Q28889268,http://www.wikidata.org/entity/Q28894275,0,97,,,
MAR,Marrocos,Q28889269,http://www.wikidata.org/entity/Q28894275,0,165,,,
MAR,Marrocos,Q28889274,http://www.wikidata.org/entity/Q28894275,0,453,,,
MAR,Marrocos,Q28889275,http://www.wikidata.org/entity/Q28894275,0,804,,,
MAR,Marrocos,Q28889272,http://www.wikidata.org/entity/Q28894275,0,526,,,
MAR,Marrocos,Q28889278,http://www.wikidata.org/entity/Q28894443,0,181,,,
MAR,Marrocos,Q28889276,http://www.wikidata.org/entity/Q28894275,0,634,,,
MAR,Marrocos,Q28889277,http://www.wikidata.org/entity/Q28894275,0,18,,,
MAR,Marrocos,Q28889290,http://www.wikidata.org/entity/Q28894443,0,612,,,
MAR,Marrocos,Q28889291,http://www.wikidata.org/entity/Q28894443,0,365,,,
MAR,Marrocos,Q28889289,http://www.wikidata.org/entity/Q28894443,0,307,,,
MAR,Marrocos,Q28889294,http://www.wikidata.org/entity/Q28889297,0,1103,,,
MAR,Marrocos,Q28889295,http://www.wikidata.org/entity/Q28889297,0,522,,,
MAR,Marrocos,Q28889292,http://www.wikidata.org/entity/Q28894443,0,46,,,
MAR,Marrocos,Q28889293,http://www.wikidata.org/entity/Q28894443,0,63,,,
MAR,Marrocos,Q28889298,http://www.wikidata.org/entity/Q28889297,0,1232,,,
MAR,Marrocos,Q28889296,http://www.wikidata.org/entity/Q28889297,0,580,,,
MAR,Marrocos,Q28889303,http://www.wikidata.org/entity/Q28889302,0,359,,,
MAR,Marrocos,Q28889300,http://www.wikidata.org/entity/Q28889297,0,575,,,
MAR,Marrocos,Q28889301,http://www.wikidata.org/entity/Q28889302,0,226,,,
MAR,Marrocos,Q28889306,http://www.wikidata.org/entity/Q28889302,0,9,,,
MAR,Marrocos,Q28889307,http://www.wikidata.org/entity/Q28889302,0,1024,,,
MAR,Marrocos,Q28889304,http://www.wikidata.org/entity/Q28889302,0,751,,,
MAR,Marrocos,Q28889305,http://www.wikidata.org/entity/Q28889302,0,691,,,
MAR,Marrocos,Q28889415,http://www.wikidata.org/entity/Q28899868,0,229,,,
MAR,Marrocos,Q28889418,http://www.wikidata.org/entity/Q28899868,0,480,,,
MAR,Marrocos,Q28889419,http://www.wikidata.org/entity/Q28899868,0,347,,,
MAR,Marrocos,Q28889416,http://www.wikidata.org/entity/Q28899868,0,527,,,
MAR,Marrocos,Q28889417,http://www.wikidata.org/entity/Q28899868,0,355,,,
MAR,Marrocos,Q28889422,http://www.wikidata.org/entity/Q28899868,0,460,,,
MAR,Marrocos,Q28889423,http://www.wikidata.org/entity/Q28899868,0,487,,,
MAR,Marrocos,Q28889420,http://www.wikidata.org/entity/Q28899868,0,318,,,
MAR,Marrocos,Q28889421,http://www.wikidata.org/entity/Q28899868,0,422,,,
MAR,Marrocos,Q28889424,http://www.wikidata.org/entity/Q28899868,0,724,,,
MAR,Marrocos,Q28889430,http://www.wikidata.org/entity/Q28899868,0,333,,,
MAR,Marrocos,Q28889429,http://www.wikidata.org/entity/Q28899868,0,74,,,
MAR,Marrocos,Q28889454,http://www.wikidata.org/entity/Q28900486,0,598,,,
MAR,Marrocos,Q28889455,http://www.wikidata.org/entity/Q28900486,0,323,,,
MAR,Marrocos,Q28889452,http://www.wikidata.org/entity/Q28900486,0,574,,,
MAR,Marrocos,Q28889453,http://www.wikidata.org/entity/Q28900486,0,709,,,
MAR,Marrocos,Q28889458,http://www.wikidata.org/entity/Q28900486,0,602,,,
MAR,Marrocos,Q28889459,http://www.wikidata.org/entity/Q28900486,0,1459,,,
MAR,Marrocos,Q28889456,http://www.wikidata.org/entity/Q28900486,0,244,,,
MAR,Marrocos,Q28889460,http://www.wikidata.org/entity/Q28900486,0,314,,,
MAR,Marrocos,Q28889515,http://www.wikidata.org/entity/Q28900955,0,156,,,
MAR,Marrocos,Q28889516,http://www.wikidata.org/entity/Q28900955,0,264,,,
MAR,Marrocos,Q28889532,http://www.wikidata.org/entity/Q28900159,0,145,,,
MAR,Marrocos,Q28889533,http://www.wikidata.org/entity/Q28900159,0,42,,,
MAR,Marrocos,Q28889542,http://www.wikidata.org/entity/Q28894956,0,175,,,
MAR,Marrocos,Q28889541,http://www.wikidata.org/entity/Q28889921,0,1461,,,
MAR,Marrocos,Q28889559,http://www.wikidata.org/entity/Q28896231,0,288,,,
MAR,Marrocos,Q28889602,http://www.wikidata.org/entity/Q28895108,0,220,,,
MAR,Marrocos,Q28889603,http://www.wikidata.org/entity/Q28895108,0,380,,,
MAR,Marrocos,Q28889600,http://www.wikidata.org/entity/Q28895108,0,132,,,
MAR,Marrocos,Q28889601,http://www.wikidata.org/entity/Q28895108,0,285,,,
MAR,Marrocos,Q28889606,http://www.wikidata.org/entity/Q28895108,0,190,,,
MAR,Marrocos,Q28889607,http://www.wikidata.org/entity/Q28895108,0,460,,,
MAR,Marrocos,Q28889604,http://www.wikidata.org/entity/Q28895108,0,269,,,
MAR,Marrocos,Q28889605,http://www.wikidata.org/entity/Q28895108,0,307,,,
MAR,Marrocos,Q28889611,http://www.wikidata.org/entity/Q28895108,0,32,,,
MAR,Marrocos,Q28889608,http://www.wikidata.org/entity/Q28895108,0,20,,,
MAR,Marrocos,Q28889609,http://www.wikidata.org/entity/Q28895108,0,16,,,
MAR,Marrocos,Q28889614,http://www.wikidata.org/entity/Q28895570,0,104,,,
MAR,Marrocos,Q28889615,http://www.wikidata.org/entity/Q28895570,0,568,,,
MAR,Marrocos,Q28889612,http://www.wikidata.org/entity/Q28895108,0,17,,,
MAR,Marrocos,Q28889613,http://www.wikidata.org/entity/Q28895108,0,25,,,
MAR,Marrocos,Q28889618,http://www.wikidata.org/entity/Q28895570,0,395,,,
MAR,Marrocos,Q28889619,http://www.wikidata.org/entity/Q28895570,0,128,,,
MAR,Marrocos,Q28889616,http://www.wikidata.org/entity/Q28895570,0,1128,,,
MAR,Marrocos,Q28889617,http://www.wikidata.org/entity/Q28895570,0,560,,,
MAR,Marrocos,Q28889620,http://www.wikidata.org/entity/Q28895570,0,471,,,
MAR,Marrocos,Q28889662,http://www.wikidata.org/entity/Q28896229,0,222,,,
MAR,Marrocos,Q28889663,http://www.wikidata.org/entity/Q28896229,0,282,,,
MAR,Marrocos,Q28889666,http://www.wikidata.org/entity/Q28896229,0,324,,,
MAR,Marrocos,Q28889667,http://www.wikidata.org/entity/Q28896229,0,40,,,
MAR,Marrocos,Q28889664,http://www.wikidata.org/entity/Q28896229,0,151,,,
MAR,Marrocos,Q28889670,http://www.wikidata.org/entity/Q28894957,0,396,,,
MAR,Marrocos,Q28889671,http://www.wikidata.org/entity/Q28906937,0,333,,,
MAR,Marrocos,Q28889668,http://www.wikidata.org/entity/Q28894957,0,406,,,
MAR,Marrocos,Q28889669,http://www.wikidata.org/entity/Q28894957,0,273,,,
MAR,Marrocos,Q28889674,http://www.wikidata.org/entity/Q28894957,0,341,,,
MAR,Marrocos,Q28889675,http://www.wikidata.org/entity/Q28894957,0,673,,,
MAR,Marrocos,Q28889672,http://www.wikidata.org/entity/Q28894957,0,468,,,
MAR,Marrocos,Q28889673,http://www.wikidata.org/entity/Q28894957,0,360,,,
MAR,Marrocos,Q28889679,http://www.wikidata.org/entity/Q28909404,0,691,,,
MAR,Marrocos,Q28889676,http://www.wikidata.org/entity/Q28894957,0,394,,,
MAR,Marrocos,Q28889677,http://www.wikidata.org/entity/Q28894957,0,291,,,
MAR,Marrocos,Q28889699,http://www.wikidata.org/entity/Q28897604,0,390,,,
MAR,Marrocos,Q28889702,http://www.wikidata.org/entity/Q28897604,0,241,,,
MAR,Marrocos,Q28889703,http://www.wikidata.org/entity/Q28897604,0,191,,,
MAR,Marrocos,Q28889700,http://www.wikidata.org/entity/Q28897604,0,324,,,
MAR,Marrocos,Q28889701,http://www.wikidata.org/entity/Q28897604,0,226,,,
MAR,Marrocos,Q28889706,http://www.wikidata.org/entity/Q28897604,0,707,,,
MAR,Marrocos,Q28889707,http://www.wikidata.org/entity/Q28897604,0,764,,,
MAR,Marrocos,Q28889704,http://www.wikidata.org/entity/Q28897604,0,1276,,,
MAR,Marrocos,Q28889746,http://www.wikidata.org/entity/Q28895253,0,819,,,
MAR,Marrocos,Q28889747,http://www.wikidata.org/entity/Q28895253,0,599,,,
MAR,Marrocos,Q28889744,http://www.wikidata.org/entity/Q28895253,0,1392,,,
MAR,Marrocos,Q28889750,http://www.wikidata.org/entity/Q28895253,0,283,,,
MAR,Marrocos,Q28889748,http://www.wikidata.org/entity/Q28895253,0,218,,,
MAR,Marrocos,Q28889749,http://www.wikidata.org/entity/Q28895253,0,511,,,
MAR,Marrocos,Q28889766,http://www.wikidata.org/entity/Q28908741,0,361,,,
MAR,Marrocos,Q28889767,http://www.wikidata.org/entity/Q28895253,0,51,,,
MAR,Marrocos,Q28889770,http://www.wikidata.org/entity/Q28895253,0,23,,,
MAR,Marrocos,Q28889768,http://www.wikidata.org/entity/Q28895253,0,227,,,
MAR,Marrocos,Q28889769,http://www.wikidata.org/entity/Q28895253,0,78,,,
MAR,Marrocos,Q28889774,http://www.wikidata.org/entity/Q28890801,0,632,,,
MAR,Marrocos,Q28889775,http://www.wikidata.org/entity/Q28907473,0,562,,,
MAR,Marrocos,Q28889772,http://www.wikidata.org/entity/Q28895253,0,46,,,
MAR,Marrocos,Q28889773,http://www.wikidata.org/entity/Q28907835,0,626,,,
MAR,Marrocos,Q28889779,http://www.wikidata.org/entity/Q28908988,0,1015,,,
MAR,Marrocos,Q28889782,http://www.wikidata.org/entity/Q28899630,0,195,,,
MAR,Marrocos,Q28889781,http://www.wikidata.org/entity/Q28902166,0,372,,,
MAR,Marrocos,Q28889786,http://www.wikidata.org/entity/Q28880878,0,588,,,
MAR,Marrocos,Q28889787,http://www.wikidata.org/entity/Q28889788,0,229,,,
MAR,Marrocos,Q28889785,http://www.wikidata.org/entity/Q28898605,0,117,,,
MAR,Marrocos,Q28889791,http://www.wikidata.org/entity/Q28889792,0,2202,,,
MAR,Marrocos,Q28889854,http://www.wikidata.org/entity/Q28889855,0,1311,,,
MAR,Marrocos,Q28889858,http://www.wikidata.org/entity/Q28899052,0,466,,,
MAR,Marrocos,Q28889859,http://www.wikidata.org/entity/Q28892713,0,499,,,
MAR,Marrocos,Q28889863,http://www.wikidata.org/entity/Q28910075,0,359,,,
MAR,Marrocos,Q28889861,http://www.wikidata.org/entity/Q28895886,0,371,,,
MAR,Marrocos,Q28889866,http://www.wikidata.org/entity/Q28896148,0,14,,,
MAR,Marrocos,Q28889864,http://www.wikidata.org/entity/Q28896148,0,281,,,
MAR,Marrocos,Q28889865,http://www.wikidata.org/entity/Q28880993,0,67,,,
MAR,Marrocos,Q28889870,http://www.wikidata.org/entity/Q28892011,0,19,,,
MAR,Marrocos,Q28889871,http://www.wikidata.org/entity/Q28907529,0,24,,,
MAR,Marrocos,Q28889868,http://www.wikidata.org/entity/Q28890775,0,1654,,,
MAR,Marrocos,Q28889869,http://www.wikidata.org/entity/Q28902843,0,102,,,
MAR,Marrocos,Q28889874,http://www.wikidata.org/entity/Q28908236,0,778,,,
MAR,Marrocos,Q28889875,http://www.wikidata.org/entity/Q28909588,0,1265,,,
MAR,Marrocos,Q28889873,http://www.wikidata.org/entity/Q28902166,0,571,,,
MAR,Marrocos,Q28889878,http://www.wikidata.org/entity/Q28897614,0,210,,,
MAR,Marrocos,Q28889877,http://www.wikidata.org/entity/Q28883193,0,284,,,
MAR,Marrocos,Q28890338,http://www.wikidata.org/entity/Q28896762,0,150,,,
MAR,Marrocos,Q28890382,http://www.wikidata.org/entity/Q28892354,0,409,,,
MAR,Marrocos,Q28890383,http://www.wikidata.org/entity/Q28891162,0,741,,,
MAR,Marrocos,Q28890381,http://www.wikidata.org/entity/Q28892354,0,87,,,
MAR,Marrocos,Q28890386,http://www.wikidata.org/entity/Q28891577,0,524,,,
MAR,Marrocos,Q28890387,http://www.wikidata.org/entity/Q28895370,0,150,,,
MAR,Marrocos,Q28890385,http://www.wikidata.org/entity/Q28891576,0,376,,,
MAR,Marrocos,Q28890391,http://www.wikidata.org/entity/Q28909528,0,161,,,
MAR,Marrocos,Q28890388,http://www.wikidata.org/entity/Q28891036,0,501,,,
MAR,Marrocos,Q28890389,http://www.wikidata.org/entity/Q28891430,0,866,,,
MAR,Marrocos,Q28890392,http://www.wikidata.org/entity/Q28907084,0,1115,,,
MAR,Marrocos,Q28890393,http://www.wikidata.org/entity/Q28892908,0,408,,,
MAR,Marrocos,Q28890398,http://www.wikidata.org/entity/Q28883224,0,91,,,
MAR,Marrocos,Q28890396,http://www.wikidata.org/entity/Q28897730,0,259,,,
MAR,Marrocos,Q28890402,http://www.wikidata.org/entity/Q28891939,0,168,,,
MAR,Marrocos,Q28890408,http://www.wikidata.org/entity/Q28904899,0,179,,,
MAR,Marrocos,Q28890409,http://www.wikidata.org/entity/Q28891544,0,155,,,
MAR,Marrocos,Q28890415,http://www.wikidata.org/entity/Q28891395,0,62,,,
MAR,Marrocos,Q28890418,http://www.wikidata.org/entity/Q28892738,0,1225,,,
MAR,Marrocos,Q28890419,http://www.wikidata.org/entity/Q28891276,0,1177,,,
MAR,Marrocos,Q28890416,http://www.wikidata.org/entity/Q28890752,0,803,,,
MAR,Marrocos,Q28890417,http://www.wikidata.org/entity/Q28892176,0,337,,,
MAR,Marrocos,Q28890422,http://www.wikidata.org/entity/Q28891037,0,76,,,
MAR,Marrocos,Q28890420,http://www.wikidata.org/entity/Q28892753,0,410,,,
MAR,Marrocos,Q28890421,http://www.wikidata.org/entity/Q28892738,0,204,,,
MAR,Marrocos,Q28890427,http://www.wikidata.org/entity/Q28890800,0,605,,,
MAR,Marrocos,Q28890425,http://www.wikidata.org/entity/Q28895887,0,261,,,
MAR,Marrocos,Q28890430,http://www.wikidata.org/entity/Q28891203,0,534,,,
MAR,Marrocos,Q28890431,http://www.wikidata.org/entity/Q28895843,0,168,,,
MAR,Marrocos,Q28890429,http://www.wikidata.org/entity/Q28891142,0,37,,,
MAR,Marrocos,Q28890438,http://www.wikidata.org/entity/Q28891115,0,562,,,
MAR,Marrocos,Q28890439,http://www.wikidata.org/entity/Q28890481,0,273,,,
MAR,Marrocos,Q28890436,http://www.wikidata.org/entity/Q28897065,0,61,,,
MAR,Marrocos,Q28890442,http://www.wikidata.org/entity/Q28890801,0,462,,,
MAR,Marrocos,Q28890443,http://www.wikidata.org/entity/Q28890801,0,539,,,
MAR,Marrocos,Q28890446,http://www.wikidata.org/entity/Q28891037,0,189,,,
MAR,Marrocos,Q28890447,http://www.wikidata.org/entity/Q28890800,0,109,,,
MAR,Marrocos,Q28890445,http://www.wikidata.org/entity/Q28890801,0,153,,,
MAR,Marrocos,Q28890450,http://www.wikidata.org/entity/Q28890390,0,129,,,
MAR,Marrocos,Q28890451,http://www.wikidata.org/entity/Q28891544,0,51,,,
MAR,Marrocos,Q28890455,http://www.wikidata.org/entity/Q28891072,0,321,,,
MAR,Marrocos,Q28890458,http://www.wikidata.org/entity/Q28891037,0,142,,,
MAR,Marrocos,Q28890459,http://www.wikidata.org/entity/Q28891037,0,331,,,
MAR,Marrocos,Q28890456,http://www.wikidata.org/entity/Q28890457,0,1139,,,
MAR,Marrocos,Q28890463,http://www.wikidata.org/entity/Q28891467,0,98,,,
MAR,Marrocos,Q28890461,http://www.wikidata.org/entity/Q28890811,0,129,,,
MAR,Marrocos,Q28890466,http://www.wikidata.org/entity/Q28891577,0,318,,,
MAR,Marrocos,Q28890467,http://www.wikidata.org/entity/Q28896788,0,257,,,
MAR,Marrocos,Q28890470,http://www.wikidata.org/entity/Q28891015,0,65,,,
MAR,Marrocos,Q28890471,http://www.wikidata.org/entity/Q28891044,0,89,,,
MAR,Marrocos,Q28890468,http://www.wikidata.org/entity/Q28896788,0,173,,,
MAR,Marrocos,Q28890469,http://www.wikidata.org/entity/Q28890325,0,464,,,
MAR,Marrocos,Q28890474,http://www.wikidata.org/entity/Q28891523,0,102,,,
MAR,Marrocos,Q28890472,http://www.wikidata.org/entity/Q28891046,0,285,,,
MAR,Marrocos,Q28890473,http://www.wikidata.org/entity/Q28891215,0,98,,,
MAR,Marrocos,Q28890478,http://www.wikidata.org/entity/Q28891016,0,131,,,
MAR,Marrocos,Q28890483,http://www.wikidata.org/entity/Q28890368,0,560,,,
MAR,Marrocos,Q28890480,http://www.wikidata.org/entity/Q28892131,0,462,,,
MAR,Marrocos,Q28890486,http://www.wikidata.org/entity/Q28880936,0,233,,,
MAR,Marrocos,Q28890485,http://www.wikidata.org/entity/Q28909176,0,701,,,
MAR,Marrocos,Q28890490,http://www.wikidata.org/entity/Q28890799,0,118,,,
MAR,Marrocos,Q28890491,http://www.wikidata.org/entity/Q28892120,0,258,,,
MAR,Marrocos,Q28890488,http://www.wikidata.org/entity/Q28892735,0,37,,,
MAR,Marrocos,Q28890489,http://www.wikidata.org/entity/Q28890799,0,317,,,
MAR,Marrocos,Q28890492,http://www.wikidata.org/entity/Q28891576,0,509,,,
MAR,Marrocos,Q28890590,http://www.wikidata.org/entity/Q28896691,0,110,,,
MAR,Marrocos,Q28890591,http://www.wikidata.org/entity/Q28891250,0,167,,,
MAR,Marrocos,Q28890588,http://www.wikidata.org/entity/Q28891901,0,698,,,
MAR,Marrocos,Q28890600,http://www.wikidata.org/entity/Q28900878,0,466,,,
MAR,Marrocos,Q28890601,http://www.wikidata.org/entity/Q28895308,0,544,,,
MAR,Marrocos,Q28890606,http://www.wikidata.org/entity/Q28891708,0,264,,,
MAR,Marrocos,Q28890605,http://www.wikidata.org/entity/Q28897775,0,191,,,
MAR,Marrocos,Q28890609,http://www.wikidata.org/entity/Q28895308,0,597,,,
MAR,Marrocos,Q28890615,http://www.wikidata.org/entity/Q28901816,0,997,,,
MAR,Marrocos,Q28890618,http://www.wikidata.org/entity/Q28893745,0,22,,,
MAR,Marrocos,Q28890619,http://www.wikidata.org/entity/Q28890800,0,198,,,
MAR,Marrocos,Q28890622,http://www.wikidata.org/entity/Q28895136,0,220,,,
MAR,Marrocos,Q28890631,http://www.wikidata.org/entity/Q28895671,0,796,,,
MAR,Marrocos,Q28890628,http://www.wikidata.org/entity/Q28890728,0,146,,,
MAR,Marrocos,Q28890629,http://www.wikidata.org/entity/Q28895295,0,336,,,
MAR,Marrocos,Q28890634,http://www.wikidata.org/entity/Q28890640,0,885,,,
MAR,Marrocos,Q28890643,http://www.wikidata.org/entity/Q28886176,0,36,,,
MAR,Marrocos,Q28890641,http://www.wikidata.org/entity/Q28886176,0,26,,,
MAR,Marrocos,Q28890674,http://www.wikidata.org/entity/Q28895279,0,413,,,
MAR,Marrocos,Q28890678,http://www.wikidata.org/entity/Q28891598,0,481,,,
MAR,Marrocos,Q28890676,http://www.wikidata.org/entity/Q28891018,0,236,,,
MAR,Marrocos,Q28890682,http://www.wikidata.org/entity/Q28890801,0,109,,,
MAR,Marrocos,Q28890681,http://www.wikidata.org/entity/Q28889836,0,595,,,
MAR,Marrocos,Q28890686,http://www.wikidata.org/entity/Q28890263,0,333,,,
MAR,Marrocos,Q28890687,http://www.wikidata.org/entity/Q28890791,0,654,,,
MAR,Marrocos,Q28890684,http://www.wikidata.org/entity/Q28891203,0,320,,,
MAR,Marrocos,Q28890711,http://www.wikidata.org/entity/Q28896788,0,179,,,
MAR,Marrocos,Q28892662,http://www.wikidata.org/entity/Q28892393,0,502,,,
MAR,Marrocos,Q28892669,http://www.wikidata.org/entity/Q28892284,0,198,,,
MAR,Marrocos,Q28892673,http://www.wikidata.org/entity/Q28897430,0,109,,,
MAR,Marrocos,Q28892678,http://www.wikidata.org/entity/Q28903673,0,446,,,
MAR,Marrocos,Q28892676,http://www.wikidata.org/entity/Q28890141,0,223,,,
MAR,Marrocos,Q28892682,http://www.wikidata.org/entity/Q28890276,0,794,,,
MAR,Marrocos,Q28892683,http://www.wikidata.org/entity/Q28890784,0,43,,,
MAR,Marrocos,Q28892681,http://www.wikidata.org/entity/Q28897530,0,476,,,
MAR,Marrocos,Q28892686,http://www.wikidata.org/entity/Q28891196,0,506,,,
MAR,Marrocos,Q28892690,http://www.wikidata.org/entity/Q28890625,0,382,,,
MAR,Marrocos,Q28892694,http://www.wikidata.org/entity/Q28890801,0,148,,,
MAR,Marrocos,Q28892702,http://www.wikidata.org/entity/Q28886176,0,41,,,
MAR,Marrocos,Q28892703,http://www.wikidata.org/entity/Q28891394,0,122,,,
MAR,Marrocos,Q28892706,http://www.wikidata.org/entity/Q28891044,0,105,,,
MAR,Marrocos,Q28892707,http://www.wikidata.org/entity/Q28891046,0,488,,,
MAR,Marrocos,Q28892708,http://www.wikidata.org/entity/Q28891277,0,867,,,
MAR,Marrocos,Q28892715,http://www.wikidata.org/entity/Q28897844,0,84,,,
MAR,Marrocos,Q28892842,http://www.wikidata.org/entity/Q28891678,0,30,,,
MAR,Marrocos,Q28892843,http://www.wikidata.org/entity/Q28890530,0,79,,,
MAR,Marrocos,Q28892840,http://www.wikidata.org/entity/Q28892841,0,2167,,,
MAR,Marrocos,Q28892844,http://www.wikidata.org/entity/Q28896578,0,9,,,
MAR,Marrocos,Q28890712,http://www.wikidata.org/entity/Q28902581,0,228,,,
MAR,Marrocos,Q28890718,http://www.wikidata.org/entity/Q28890717,0,984,,,
MAR,Marrocos,Q28890722,http://www.wikidata.org/entity/Q28896252,0,34,,,
MAR,Marrocos,Q28890727,http://www.wikidata.org/entity/Q28891733,0,1132,,,
MAR,Marrocos,Q28890724,http://www.wikidata.org/entity/Q28896072,0,207,,,
MAR,Marrocos,Q28890725,http://www.wikidata.org/entity/Q28898872,0,517,,,
MAR,Marrocos,Q28890729,http://www.wikidata.org/entity/Q28890232,0,35,,,
MAR,Marrocos,Q28890795,http://www.wikidata.org/entity/Q28891307,0,219,,,
MAR,Marrocos,Q28890793,http://www.wikidata.org/entity/Q28891310,0,280,,,
MAR,Marrocos,Q28890798,http://www.wikidata.org/entity/Q28890769,0,1046,,,
MAR,Marrocos,Q28890796,http://www.wikidata.org/entity/Q28892235,0,1125,,,
MAR,Marrocos,Q28890797,http://www.wikidata.org/entity/Q28890861,0,204,,,
MAR,Marrocos,Q28890802,http://www.wikidata.org/entity/Q28890801,0,124,,,
MAR,Marrocos,Q28890803,http://www.wikidata.org/entity/Q28892722,0,371,,,
MAR,Marrocos,Q28890806,http://www.wikidata.org/entity/Q28891227,0,242,,,
MAR,Marrocos,Q28890807,http://www.wikidata.org/entity/Q28890547,0,703,,,
MAR,Marrocos,Q28890805,http://www.wikidata.org/entity/Q28904741,0,279,,,
MAR,Marrocos,Q28890810,http://www.wikidata.org/entity/Q28892284,0,345,,,
MAR,Marrocos,Q28890814,http://www.wikidata.org/entity/Q28891037,0,114,,,
MAR,Marrocos,Q28890812,http://www.wikidata.org/entity/Q28903766,0,48,,,
MAR,Marrocos,Q28890813,http://www.wikidata.org/entity/Q28892752,0,117,,,
MAR,Marrocos,Q28890817,http://www.wikidata.org/entity/Q28891653,0,97,,,
MAR,Marrocos,Q28890823,http://www.wikidata.org/entity/Q28891015,0,82,,,
MAR,Marrocos,Q28890820,http://www.wikidata.org/entity/Q28890821,0,904,,,
MAR,Marrocos,Q28890827,http://www.wikidata.org/entity/Q28891830,0,160,,,
MAR,Marrocos,Q28890854,http://www.wikidata.org/entity/Q28896364,0,413,,,
MAR,Marrocos,Q28890852,http://www.wikidata.org/entity/Q28908858,0,9,,,
MAR,Marrocos,Q28890853,http://www.wikidata.org/entity/Q28886176,0,27,,,
MAR,Marrocos,Q28890857,http://www.wikidata.org/entity/Q28898903,0,801,,,
MAR,Marrocos,Q28890863,http://www.wikidata.org/entity/Q28896788,0,187,,,
MAR,Marrocos,Q28890866,http://www.wikidata.org/entity/Q28890912,0,879,,,
MAR,Marrocos,Q28890864,http://www.wikidata.org/entity/Q28891938,0,26,,,
MAR,Marrocos,Q28890865,http://www.wikidata.org/entity/Q28890846,0,526,,,
MAR,Marrocos,Q28890870,http://www.wikidata.org/entity/Q28891598,0,338,,,
MAR,Marrocos,Q28890879,http://www.wikidata.org/entity/Q28890530,0,81,,,
MAR,Marrocos,Q28890876,http://www.wikidata.org/entity/Q28889894,0,135,,,
MAR,Marrocos,Q28890877,http://www.wikidata.org/entity/Q28892738,0,1423,,,
MAR,Marrocos,Q28890883,http://www.wikidata.org/entity/Q28892284,0,222,,,
MAR,Marrocos,Q28890880,http://www.wikidata.org/entity/Q28904568,0,46,,,
MAR,Marrocos,Q28890887,http://www.wikidata.org/entity/Q28892427,0,119,,,
MAR,Marrocos,Q28890884,http://www.wikidata.org/entity/Q28902593,0,779,,,
MAR,Marrocos,Q28890890,http://www.wikidata.org/entity/Q28895782,0,339,,,
MAR,Marrocos,Q28890891,http://www.wikidata.org/entity/Q28892487,0,79,,,
MAR,Marrocos,Q28890894,http://www.wikidata.org/entity/Q28891037,0,92,,,
MAR,Marrocos,Q28890893,http://www.wikidata.org/entity/Q28891984,0,175,,,
MAR,Marrocos,Q28891026,http://www.wikidata.org/entity/Q28877281,0,353,,,
MAR,Marrocos,Q28891027,http://www.wikidata.org/entity/Q28889848,0,71,,,
MAR,Marrocos,Q28891024,http://www.wikidata.org/entity/Q28890862,0,265,,,
MAR,Marrocos,Q28891025,http://www.wikidata.org/entity/Q28896788,0,485,,,
MAR,Marrocos,Q28891030,http://www.wikidata.org/entity/Q28890235,0,21,,,
MAR,Marrocos,Q28891034,http://www.wikidata.org/entity/Q28892042,0,421,,,
MAR,Marrocos,Q28891038,http://www.wikidata.org/entity/Q28891163,0,207,,,
MAR,Marrocos,Q28891039,http://www.wikidata.org/entity/Q28892579,0,337,,,
MAR,Marrocos,Q28891042,http://www.wikidata.org/entity/Q28891036,0,250,,,
MAR,Marrocos,Q28891040,http://www.wikidata.org/entity/Q28890770,0,1547,,,
MAR,Marrocos,Q28891050,http://www.wikidata.org/entity/Q28899783,0,261,,,
MAR,Marrocos,Q28891051,http://www.wikidata.org/entity/Q28891016,0,520,,,
MAR,Marrocos,Q28891048,http://www.wikidata.org/entity/Q28902506,0,445,,,
MAR,Marrocos,Q28891049,http://www.wikidata.org/entity/Q28893782,0,48,,,
MAR,Marrocos,Q28891054,http://www.wikidata.org/entity/Q28896234,0,218,,,
MAR,Marrocos,Q28891052,http://www.wikidata.org/entity/Q28905105,0,44,,,
MAR,Marrocos,Q28891058,http://www.wikidata.org/entity/Q28886176,0,8,,,
MAR,Marrocos,Q28891059,http://www.wikidata.org/entity/Q28891395,0,50,,,
MAR,Marrocos,Q28891060,http://www.wikidata.org/entity/Q28899783,0,237,,,
MAR,Marrocos,Q28891066,http://www.wikidata.org/entity/Q28891576,0,713,,,
MAR,Marrocos,Q28891065,http://www.wikidata.org/entity/Q28890362,0,226,,,
MAR,Marrocos,Q28891070,http://www.wikidata.org/entity/Q28891239,0,473,,,
MAR,Marrocos,Q28891071,http://www.wikidata.org/entity/Q28891199,0,144,,,
MAR,Marrocos,Q28891069,http://www.wikidata.org/entity/Q28891103,0,528,,,
MAR,Marrocos,Q28891074,http://www.wikidata.org/entity/Q28903913,0,146,,,
MAR,Marrocos,Q28891075,http://www.wikidata.org/entity/Q28891162,0,670,,,
MAR,Marrocos,Q28891073,http://www.wikidata.org/entity/Q3516517,0,159,,,
MAR,Marrocos,Q28891078,http://www.wikidata.org/entity/Q28891523,0,117,,,
MAR,Marrocos,Q28891076,http://www.wikidata.org/entity/Q28890384,0,321,,,
MAR,Marrocos,Q28891077,http://www.wikidata.org/entity/Q28890801,0,200,,,
MAR,Marrocos,Q28891081,http://www.wikidata.org/entity/Q28880878,0,1744,,,
MAR,Marrocos,Q28891087,http://www.wikidata.org/entity/Q28890665,0,623,,,
MAR,Marrocos,Q28891091,http://www.wikidata.org/entity/Q28892726,0,505,,,
MAR,Marrocos,Q28891088,http://www.wikidata.org/entity/Q28892299,0,952,,,
MAR,Marrocos,Q28891089,http://www.wikidata.org/entity/Q28890751,0,138,,,
MAR,Marrocos,Q28891094,http://www.wikidata.org/entity/Q28891547,0,971,,,
MAR,Marrocos,Q28891092,http://www.wikidata.org/entity/Q28897390,0,86,,,
MAR,Marrocos,Q28891093,http://www.wikidata.org/entity/Q28898355,0,417,,,
MAR,Marrocos,Q28891098,http://www.wikidata.org/entity/Q28905289,0,347,,,
MAR,Marrocos,Q28891096,http://www.wikidata.org/entity/Q28897389,0,16,,,
MAR,Marrocos,Q28891097,http://www.wikidata.org/entity/Q28891142,0,78,,,
MAR,Marrocos,Q28891102,http://www.wikidata.org/entity/Q28891103,0,461,,,
MAR,Marrocos,Q28891106,http://www.wikidata.org/entity/Q28891718,0,10,,,
MAR,Marrocos,Q28891107,http://www.wikidata.org/entity/Q28891725,0,280,,,
MAR,Marrocos,Q28891104,http://www.wikidata.org/entity/Q28889848,0,70,,,
MAR,Marrocos,Q28891105,http://www.wikidata.org/entity/Q28891717,0,328,,,
MAR,Marrocos,Q28891111,http://www.wikidata.org/entity/Q28909176,0,537,,,
MAR,Marrocos,Q28891112,http://www.wikidata.org/entity/Q28909176,0,548,,,
MAR,Marrocos,Q28891119,http://www.wikidata.org/entity/Q28890801,0,204,,,
MAR,Marrocos,Q28891117,http://www.wikidata.org/entity/Q28907849,0,483,,,
MAR,Marrocos,Q28891123,http://www.wikidata.org/entity/Q28895882,0,340,,,
MAR,Marrocos,Q28891126,http://www.wikidata.org/entity/Q28891053,0,365,,,
MAR,Marrocos,Q28891125,http://www.wikidata.org/entity/Q28877281,0,647,,,
MAR,Marrocos,Q28891191,http://www.wikidata.org/entity/Q28880878,0,300,,,
MAR,Marrocos,Q28891194,http://www.wikidata.org/entity/Q28897530,0,221,,,
MAR,Marrocos,Q28891193,,0,167,,,
MAR,Marrocos,Q28891198,http://www.wikidata.org/entity/Q28897390,0,60,,,
MAR,Marrocos,Q28891197,http://www.wikidata.org/entity/Q28909285,0,1094,,,
MAR,Marrocos,Q28891202,http://www.wikidata.org/entity/Q28907084,0,553,,,
MAR,Marrocos,Q28891201,http://www.wikidata.org/entity/Q28889894,0,342,,,
MAR,Marrocos,Q28891206,http://www.wikidata.org/entity/Q28892723,0,462,,,
MAR,Marrocos,Q28891207,http://www.wikidata.org/entity/Q28896399,0,860,,,
MAR,Marrocos,Q28891204,http://www.wikidata.org/entity/Q28890325,0,675,,,
MAR,Marrocos,Q28891205,http://www.wikidata.org/entity/Q28891838,0,813,,,
MAR,Marrocos,Q28891210,http://www.wikidata.org/entity/Q28893745,0,60,,,
MAR,Marrocos,Q28891208,http://www.wikidata.org/entity/Q28891310,0,234,,,
MAR,Marrocos,Q28891214,http://www.wikidata.org/entity/Q28890263,0,170,,,
MAR,Marrocos,Q28891213,http://www.wikidata.org/entity/Q28892393,0,202,,,
MAR,Marrocos,Q28891218,http://www.wikidata.org/entity/Q28891346,0,84,,,
MAR,Marrocos,Q28891219,http://www.wikidata.org/entity/Q28892232,0,52,,,
MAR,Marrocos,Q28891216,http://www.wikidata.org/entity/Q28890777,0,399,,,
MAR,Marrocos,Q28891217,http://www.wikidata.org/entity/Q28890394,0,153,,,
MAR,Marrocos,Q28891222,http://www.wikidata.org/entity/Q28890625,0,362,,,
MAR,Marrocos,Q28891223,http://www.wikidata.org/entity/Q28891018,0,117,,,
MAR,Marrocos,Q28891220,http://www.wikidata.org/entity/Q28906405,0,54,,,
MAR,Marrocos,Q28891228,http://www.wikidata.org/entity/Q28892032,0,92,,,
MAR,Marrocos,Q28892166,http://www.wikidata.org/entity/Q28898997,0,441,,,
MAR,Marrocos,Q28892167,http://www.wikidata.org/entity/Q28891053,0,241,,,
MAR,Marrocos,Q28892171,http://www.wikidata.org/entity/Q28892729,0,196,,,
MAR,Marrocos,Q28892168,http://www.wikidata.org/entity/Q28905237,0,157,,,
MAR,Marrocos,Q28892169,http://www.wikidata.org/entity/Q28899821,0,31,,,
MAR,Marrocos,Q28892175,http://www.wikidata.org/entity/Q28892466,0,122,,,
MAR,Marrocos,Q28892172,http://www.wikidata.org/entity/Q28890752,0,617,,,
MAR,Marrocos,Q28892173,http://www.wikidata.org/entity/Q28891129,0,338,,,
MAR,Marrocos,Q28892178,http://www.wikidata.org/entity/Q28903173,0,279,,,
MAR,Marrocos,Q28892179,http://www.wikidata.org/entity/Q28908991,0,263,,,
MAR,Marrocos,Q28892180,http://www.wikidata.org/entity/Q28902245,0,84,,,
MAR,Marrocos,Q28892181,http://www.wikidata.org/entity/Q28891544,0,288,,,
MAR,Marrocos,Q28892187,http://www.wikidata.org/entity/Q28891766,0,760,,,
MAR,Marrocos,Q28892184,http://www.wikidata.org/entity/Q28892011,0,116,,,
MAR,Marrocos,Q28892191,http://www.wikidata.org/entity/Q28890717,0,1520,,,
MAR,Marrocos,Q28892189,http://www.wikidata.org/entity/Q28890362,0,498,,,
MAR,Marrocos,Q28892194,http://www.wikidata.org/entity/Q28908293,0,98,,,
MAR,Marrocos,Q28892195,http://www.wikidata.org/entity/Q28897390,0,195,,,
MAR,Marrocos,Q28892192,http://www.wikidata.org/entity/Q28892354,0,29,,,
MAR,Marrocos,Q28892193,http://www.wikidata.org/entity/Q28892354,0,161,,,
MAR,Marrocos,Q28892347,http://www.wikidata.org/entity/Q28903434,0,113,,,
MAR,Marrocos,Q28892351,http://www.wikidata.org/entity/Q28892956,0,239,,,
MAR,Marrocos,Q28892348,http://www.wikidata.org/entity/Q28890800,0,26,,,
MAR,Marrocos,Q28892349,http://www.wikidata.org/entity/Q28897811,0,129,,,
MAR,Marrocos,Q28892353,http://www.wikidata.org/entity/Q28891203,0,518,,,
MAR,Marrocos,Q28892357,http://www.wikidata.org/entity/Q28897775,0,381,,,
MAR,Marrocos,Q28892363,http://www.wikidata.org/entity/Q28891169,0,329,,,
MAR,Marrocos,Q28892366,http://www.wikidata.org/entity/Q28891717,0,197,,,
MAR,Marrocos,Q28892367,http://www.wikidata.org/entity/Q28892051,0,179,,,
MAR,Marrocos,Q28892364,http://www.wikidata.org/entity/Q28891653,0,346,,,
MAR,Marrocos,Q28892370,http://www.wikidata.org/entity/Q28892466,0,244,,,
MAR,Marrocos,Q28892371,http://www.wikidata.org/entity/Q28891718,0,85,,,
MAR,Marrocos,Q28892368,http://www.wikidata.org/entity/Q28892186,0,153,,,
MAR,Marrocos,Q28892369,http://www.wikidata.org/entity/Q28892745,0,267,,,
MAR,Marrocos,Q28892374,http://www.wikidata.org/entity/Q28890547,0,155,,,
MAR,Marrocos,Q28892375,http://www.wikidata.org/entity/Q28875252,0,168,,,
MAR,Marrocos,Q28892372,http://www.wikidata.org/entity/Q28896252,0,113,,,
MAR,Marrocos,Q28892373,http://www.wikidata.org/entity/Q28891053,0,1041,,,
MAR,Marrocos,Q28892382,http://www.wikidata.org/entity/Q28901740,0,180,,,
MAR,Marrocos,Q28892383,http://www.wikidata.org/entity/Q28904741,0,403,,,
MAR,Marrocos,Q28892386,http://www.wikidata.org/entity/Q28905105,0,173,,,
MAR,Marrocos,Q28892389,http://www.wikidata.org/entity/Q28891677,0,300,,,
MAR,Marrocos,Q28892394,http://www.wikidata.org/entity/Q28891199,0,219,,,
MAR,Marrocos,Q28892399,http://www.wikidata.org/entity/Q28901929,0,155,,,
MAR,Marrocos,Q28892396,http://www.wikidata.org/entity/Q28891707,0,310,,,
MAR,Marrocos,Q28892397,http://www.wikidata.org/entity/Q28891707,0,128,,,
MAR,Marrocos,Q28892402,http://www.wikidata.org/entity/Q28901298,0,130,,,
MAR,Marrocos,Q28892400,http://www.wikidata.org/entity/Q28891523,0,169,,,
MAR,Marrocos,Q28892407,http://www.wikidata.org/entity/Q28875256,0,517,,,
MAR,Marrocos,Q28892416,http://www.wikidata.org/entity/Q28892466,0,413,,,
MAR,Marrocos,Q28892422,http://www.wikidata.org/entity/Q28903007,0,724,,,
MAR,Marrocos,Q28892420,http://www.wikidata.org/entity/Q28887288,0,586,,,
MAR,Marrocos,Q28892421,http://www.wikidata.org/entity/Q28890141,0,448,,,
MAR,Marrocos,Q28892425,http://www.wikidata.org/entity/Q28891015,0,60,,,
MAR,Marrocos,Q28892434,http://www.wikidata.org/entity/Q28890801,0,94,,,
MAR,Marrocos,Q28892439,http://www.wikidata.org/entity/Q28892440,0,2752,,,
MAR,Marrocos,Q28892437,http://www.wikidata.org/entity/Q28909285,0,551,,,
MAR,Marrocos,Q28892442,http://www.wikidata.org/entity/Q28890769,0,2210,,,
MAR,Marrocos,Q28892441,http://www.wikidata.org/entity/Q28891834,0,155,,,
MAR,Marrocos,Q28892450,http://www.wikidata.org/entity/Q28890481,0,284,,,
MAR,Marrocos,Q28892449,http://www.wikidata.org/entity/Q28886176,0,68,,,
MAR,Marrocos,Q28892454,http://www.wikidata.org/entity/Q28890263,0,782,,,
MAR,Marrocos,Q28892455,http://www.wikidata.org/entity/Q28891100,0,380,,,
MAR,Marrocos,Q28892456,http://www.wikidata.org/entity/Q28891190,0,630,,,
MAR,Marrocos,Q28892457,http://www.wikidata.org/entity/Q28891548,0,77,,,
MAR,Marrocos,Q28892463,http://www.wikidata.org/entity/Q28895738,0,793,,,
MAR,Marrocos,Q28892464,http://www.wikidata.org/entity/Q28897811,0,107,,,
MAR,Marrocos,Q28892482,http://www.wikidata.org/entity/Q28891746,0,48,,,
MAR,Marrocos,Q28892483,http://www.wikidata.org/entity/Q28892485,0,435,,,
MAR,Marrocos,Q28892480,http://www.wikidata.org/entity/Q28892234,0,688,,,
MAR,Marrocos,Q28892481,http://www.wikidata.org/entity/Q28893745,0,93,,,
MAR,Marrocos,Q28892486,http://www.wikidata.org/entity/Q28892485,0,266,,,
MAR,Marrocos,Q28892484,http://www.wikidata.org/entity/Q28892485,0,699,,,
MAR,Marrocos,Q28892638,http://www.wikidata.org/entity/Q28905135,0,63,,,
MAR,Marrocos,Q28892640,http://www.wikidata.org/entity/Q28886176,0,39,,,
MAR,Marrocos,Q28892645,http://www.wikidata.org/entity/Q28896570,0,126,,,
MAR,Marrocos,Q28892658,http://www.wikidata.org/entity/Q28892752,0,170,,,
MAR,Marrocos,Q28892656,http://www.wikidata.org/entity/Q28892011,0,59,,,
MAR,Marrocos,Q28892657,http://www.wikidata.org/entity/Q28892011,0,51,,,
MAR,Marrocos,Q28886618,http://www.wikidata.org/entity/Q28897200,0,34,,,
MAR,Marrocos,Q28886619,http://www.wikidata.org/entity/Q28897200,0,8,,,
MAR,Marrocos,Q28886617,http://www.wikidata.org/entity/Q28897264,0,6,,,
MAR,Marrocos,Q28886622,http://www.wikidata.org/entity/Q28897200,0,28,,,
MAR,Marrocos,Q28886623,http://www.wikidata.org/entity/Q28897200,0,61,,,
MAR,Marrocos,Q28886620,http://www.wikidata.org/entity/Q28897200,0,62,,,
MAR,Marrocos,Q28886621,http://www.wikidata.org/entity/Q28897200,0,67,,,
MAR,Marrocos,Q28886626,http://www.wikidata.org/entity/Q28897200,0,37,,,
MAR,Marrocos,Q28886624,http://www.wikidata.org/entity/Q28897200,0,34,,,
MAR,Marrocos,Q28886625,http://www.wikidata.org/entity/Q28897200,0,89,,,
MAR,Marrocos,Q28886647,http://www.wikidata.org/entity/Q28890804,0,59,,,
MAR,Marrocos,Q28886650,http://www.wikidata.org/entity/Q28890178,0,170,,,
MAR,Marrocos,Q28886651,http://www.wikidata.org/entity/Q28890178,0,32,,,
MAR,Marrocos,Q28886648,http://www.wikidata.org/entity/Q28890804,0,82,,,
MAR,Marrocos,Q28886649,http://www.wikidata.org/entity/Q28890804,0,47,,,
MAR,Marrocos,Q28886654,http://www.wikidata.org/entity/Q28890178,0,39,,,
MAR,Marrocos,Q28886655,http://www.wikidata.org/entity/Q28890178,0,132,,,
MAR,Marrocos,Q28886652,http://www.wikidata.org/entity/Q28890178,0,45,,,
MAR,Marrocos,Q28886653,http://www.wikidata.org/entity/Q28890178,0,79,,,
MAR,Marrocos,Q28886658,http://www.wikidata.org/entity/Q28890178,0,121,,,
MAR,Marrocos,Q28886659,http://www.wikidata.org/entity/Q28890178,0,162,,,
MAR,Marrocos,Q28886656,http://www.wikidata.org/entity/Q28890178,0,108,,,
MAR,Marrocos,Q28886657,http://www.wikidata.org/entity/Q28890178,0,95,,,
MAR,Marrocos,Q28886663,http://www.wikidata.org/entity/Q28893362,0,30,,,
MAR,Marrocos,Q28886660,http://www.wikidata.org/entity/Q28890178,0,16,,,
MAR,Marrocos,Q28886661,http://www.wikidata.org/entity/Q28890178,0,18,,,
MAR,Marrocos,Q28886666,http://www.wikidata.org/entity/Q28893362,0,151,,,
MAR,Marrocos,Q28886667,http://www.wikidata.org/entity/Q28893362,0,42,,,
MAR,Marrocos,Q28886668,http://www.wikidata.org/entity/Q28893362,0,69,,,
MAR,Marrocos,Q28886669,http://www.wikidata.org/entity/Q28893362,0,77,,,
MAR,Marrocos,Q28886768,http://www.wikidata.org/entity/Q28905002,0,33,,,
MAR,Marrocos,Q28886774,http://www.wikidata.org/entity/Q28905002,0,36,,,
MAR,Marrocos,Q28886775,http://www.wikidata.org/entity/Q28905002,0,36,,,
MAR,Marrocos,Q28886773,http://www.wikidata.org/entity/Q28905002,0,63,,,
MAR,Marrocos,Q28886778,http://www.wikidata.org/entity/Q28896643,0,146,,,
MAR,Marrocos,Q28886776,http://www.wikidata.org/entity/Q28905002,0,55,,,
MAR,Marrocos,Q28886777,http://www.wikidata.org/entity/Q28905002,0,24,,,
MAR,Marrocos,Q28886782,http://www.wikidata.org/entity/Q28890787,0,31,,,
MAR,Marrocos,Q28886783,http://www.wikidata.org/entity/Q28896643,0,33,,,
MAR,Marrocos,Q28886780,http://www.wikidata.org/entity/Q28896643,0,50,,,
MAR,Marrocos,Q28886781,http://www.wikidata.org/entity/Q28896643,0,77,,,
MAR,Marrocos,Q28886786,http://www.wikidata.org/entity/Q28896643,0,72,,,
MAR,Marrocos,Q28886787,http://www.wikidata.org/entity/Q28896643,0,14,,,
MAR,Marrocos,Q28886784,http://www.wikidata.org/entity/Q28896643,0,156,,,
MAR,Marrocos,Q28886785,http://www.wikidata.org/entity/Q28896643,0,63,,,
MAR,Marrocos,Q28886790,http://www.wikidata.org/entity/Q28896643,0,40,,,
MAR,Marrocos,Q28886791,http://www.wikidata.org/entity/Q28896643,0,24,,,
MAR,Marrocos,Q28886788,http://www.wikidata.org/entity/Q28896643,0,22,,,
MAR,Marrocos,Q28886789,http://www.wikidata.org/entity/Q28896643,0,46,,,
MAR,Marrocos,Q28886795,http://www.wikidata.org/entity/Q28896643,0,64,,,
MAR,Marrocos,Q28886792,http://www.wikidata.org/entity/Q28896643,0,22,,,
MAR,Marrocos,Q28886793,http://www.wikidata.org/entity/Q28896643,0,39,,,
MAR,Marrocos,Q28886798,http://www.wikidata.org/entity/Q28896643,0,135,,,
MAR,Marrocos,Q28886799,http://www.wikidata.org/entity/Q28896643,0,30,,,
MAR,Marrocos,Q28886796,http://www.wikidata.org/entity/Q28896643,0,29,,,
MAR,Marrocos,Q28886797,http://www.wikidata.org/entity/Q28896643,0,45,,,
MAR,Marrocos,Q28886802,http://www.wikidata.org/entity/Q28896643,0,50,,,
MAR,Marrocos,Q28886803,http://www.wikidata.org/entity/Q28896643,0,48,,,
MAR,Marrocos,Q28886800,http://www.wikidata.org/entity/Q28896643,0,62,,,
MAR,Marrocos,Q28886801,http://www.wikidata.org/entity/Q28896643,0,31,,,
MAR,Marrocos,Q28886806,http://www.wikidata.org/entity/Q28896643,0,72,,,
MAR,Marrocos,Q28886807,http://www.wikidata.org/entity/Q28896643,0,26,,,
MAR,Marrocos,Q28886804,http://www.wikidata.org/entity/Q28896643,0,20,,,
MAR,Marrocos,Q28886805,http://www.wikidata.org/entity/Q28896643,0,39,,,
MAR,Marrocos,Q28886808,http://www.wikidata.org/entity/Q28896643,0,20,,,
MAR,Marrocos,Q28886814,http://www.wikidata.org/entity/Q28892102,0,335,,,
MAR,Marrocos,Q28886812,http://www.wikidata.org/entity/Q28892102,0,94,,,
MAR,Marrocos,Q28886813,http://www.wikidata.org/entity/Q28892102,0,206,,,
MAR,Marrocos,Q28886818,http://www.wikidata.org/entity/Q28892102,0,110,,,
MAR,Marrocos,Q28886819,http://www.wikidata.org/entity/Q28892102,0,109,,,
MAR,Marrocos,Q28886816,http://www.wikidata.org/entity/Q28892102,0,164,,,
MAR,Marrocos,Q28886817,http://www.wikidata.org/entity/Q28892102,0,248,,,
MAR,Marrocos,Q28886822,http://www.wikidata.org/entity/Q28892529,0,92,,,
MAR,Marrocos,Q28886823,http://www.wikidata.org/entity/Q28892529,0,159,,,
MAR,Marrocos,Q28886821,http://www.wikidata.org/entity/Q28892102,0,369,,,
MAR,Marrocos,Q28886827,http://www.wikidata.org/entity/Q28892529,0,679,,,
MAR,Marrocos,Q28886824,http://www.wikidata.org/entity/Q28892529,0,176,,,
MAR,Marrocos,Q28886830,http://www.wikidata.org/entity/Q28892529,0,122,,,
MAR,Marrocos,Q28886828,http://www.wikidata.org/entity/Q28892529,0,40,,,
MAR,Marrocos,Q28886835,http://www.wikidata.org/entity/Q28892529,0,117,,,
MAR,Marrocos,Q28886832,http://www.wikidata.org/entity/Q28892529,0,153,,,
MAR,Marrocos,Q28886833,http://www.wikidata.org/entity/Q28892529,0,76,,,
MAR,Marrocos,Q28886838,http://www.wikidata.org/entity/Q28892529,0,203,,,
MAR,Marrocos,Q28886839,http://www.wikidata.org/entity/Q28892529,0,372,,,
MAR,Marrocos,Q28886836,http://www.wikidata.org/entity/Q28892529,0,362,,,
MAR,Marrocos,Q28886840,http://www.wikidata.org/entity/Q28892529,0,188,,,
MAR,Marrocos,Q28886841,http://www.wikidata.org/entity/Q28892529,0,400,,,
MAR,Marrocos,Q28886844,http://www.wikidata.org/entity/Q28892529,0,368,,,
MAR,Marrocos,Q28886850,http://www.wikidata.org/entity/Q28892529,0,204,,,
MAR,Marrocos,Q28886849,http://www.wikidata.org/entity/Q28892529,0,171,,,
MAR,Marrocos,Q28886867,http://www.wikidata.org/entity/Q28890268,0,54,,,
MAR,Marrocos,Q28886868,http://www.wikidata.org/entity/Q28890268,0,129,,,
MAR,Marrocos,Q28886946,http://www.wikidata.org/entity/Q28897395,0,494,,,
MAR,Marrocos,Q28886947,http://www.wikidata.org/entity/Q28897395,0,328,,,
MAR,Marrocos,Q28886945,http://www.wikidata.org/entity/Q28897395,0,384,,,
MAR,Marrocos,Q28886950,http://www.wikidata.org/entity/Q28897395,0,186,,,
MAR,Marrocos,Q28886951,http://www.wikidata.org/entity/Q28897395,0,522,,,
MAR,Marrocos,Q28886948,http://www.wikidata.org/entity/Q28897395,0,365,,,
MAR,Marrocos,Q28886949,http://www.wikidata.org/entity/Q28897395,0,463,,,
MAR,Marrocos,Q28886953,http://www.wikidata.org/entity/Q28897395,0,129,,,
MAR,Marrocos,Q28887147,http://www.wikidata.org/entity/Q28896567,0,459,,,
MAR,Marrocos,Q28887150,http://www.wikidata.org/entity/Q28896567,0,148,,,
MAR,Marrocos,Q28887151,http://www.wikidata.org/entity/Q28896567,0,89,,,
MAR,Marrocos,Q28887148,http://www.wikidata.org/entity/Q28896567,0,84,,,
MAR,Marrocos,Q28887149,http://www.wikidata.org/entity/Q28896567,0,132,,,
MAR,Marrocos,Q28887154,http://www.wikidata.org/entity/Q28896567,0,135,,,
MAR,Marrocos,Q28887155,http://www.wikidata.org/entity/Q28896567,0,210,,,
MAR,Marrocos,Q28887152,http://www.wikidata.org/entity/Q28896567,0,174,,,
MAR,Marrocos,Q28887153,http://www.wikidata.org/entity/Q28896567,0,448,,,
MAR,Marrocos,Q28887158,http://www.wikidata.org/entity/Q28896567,0,152,,,
MAR,Marrocos,Q28887159,http://www.wikidata.org/entity/Q28896567,0,454,,,
MAR,Marrocos,Q28887156,http://www.wikidata.org/entity/Q28896567,0,393,,,
MAR,Marrocos,Q28887157,http://www.wikidata.org/entity/Q28896567,0,304,,,
MAR,Marrocos,Q28887160,http://www.wikidata.org/entity/Q28896567,0,432,,,
MAR,Marrocos,Q28887562,http://www.wikidata.org/entity/Q28901417,0,371,,,
MAR,Marrocos,Q28887563,http://www.wikidata.org/entity/Q28901961,0,54,,,
MAR,Marrocos,Q28887560,http://www.wikidata.org/entity/Q28901417,0,2555,,,
MAR,Marrocos,Q28887561,http://www.wikidata.org/entity/Q28901417,0,639,,,
MAR,Marrocos,Q28887566,http://www.wikidata.org/entity/Q28901961,0,116,,,
MAR,Marrocos,Q28887567,http://www.wikidata.org/entity/Q28901961,0,86,,,
MAR,Marrocos,Q28887564,http://www.wikidata.org/entity/Q28901961,0,158,,,
MAR,Marrocos,Q28887565,http://www.wikidata.org/entity/Q28901961,0,703,,,
MAR,Marrocos,Q28887570,http://www.wikidata.org/entity/Q28901961,0,1613,,,
MAR,Marrocos,Q28887571,http://www.wikidata.org/entity/Q28901961,0,493,,,
MAR,Marrocos,Q28887568,http://www.wikidata.org/entity/Q28901961,0,95,,,
MAR,Marrocos,Q28887569,http://www.wikidata.org/entity/Q28901961,0,216,,,
MAR,Marrocos,Q28887574,http://www.wikidata.org/entity/Q28901961,0,346,,,
MAR,Marrocos,Q28887575,http://www.wikidata.org/entity/Q28901961,0,315,,,
MAR,Marrocos,Q28887572,http://www.wikidata.org/entity/Q28901961,0,692,,,
MAR,Marrocos,Q28887573,http://www.wikidata.org/entity/Q28901961,0,537,,,
MAR,Marrocos,Q28887578,http://www.wikidata.org/entity/Q28901961,0,321,,,
MAR,Marrocos,Q28887579,http://www.wikidata.org/entity/Q28897961,0,587,,,
MAR,Marrocos,Q28887576,http://www.wikidata.org/entity/Q28901961,0,1160,,,
MAR,Marrocos,Q28887577,http://www.wikidata.org/entity/Q28901961,0,338,,,
MAR,Marrocos,Q28887626,http://www.wikidata.org/entity/Q28895800,0,91,,,
MAR,Marrocos,Q28887627,http://www.wikidata.org/entity/Q28895800,0,165,,,
MAR,Marrocos,Q28887624,http://www.wikidata.org/entity/Q28895800,0,187,,,
MAR,Marrocos,Q28887625,http://www.wikidata.org/entity/Q28895800,0,279,,,
MAR,Marrocos,Q28887630,http://www.wikidata.org/entity/Q28895800,0,637,,,
MAR,Marrocos,Q28887631,http://www.wikidata.org/entity/Q28901139,0,514,,,
MAR,Marrocos,Q28887628,http://www.wikidata.org/entity/Q28895800,0,622,,,
MAR,Marrocos,Q28887629,http://www.wikidata.org/entity/Q28895800,0,371,,,
MAR,Marrocos,Q28887634,http://www.wikidata.org/entity/Q28901139,0,58,,,
MAR,Marrocos,Q28887635,http://www.wikidata.org/entity/Q28901139,0,637,,,
MAR,Marrocos,Q28887632,http://www.wikidata.org/entity/Q28901139,0,635,,,
MAR,Marrocos,Q28887633,http://www.wikidata.org/entity/Q28901139,0,161,,,
MAR,Marrocos,Q28887638,http://www.wikidata.org/entity/Q28901139,0,207,,,
MAR,Marrocos,Q28887639,http://www.wikidata.org/entity/Q28901139,0,20,,,
MAR,Marrocos,Q28887636,http://www.wikidata.org/entity/Q28901139,0,702,,,
MAR,Marrocos,Q28887637,http://www.wikidata.org/entity/Q28901139,0,323,,,
MAR,Marrocos,Q28887642,http://www.wikidata.org/entity/Q28901139,0,384,,,
MAR,Marrocos,Q28887643,http://www.wikidata.org/entity/Q28901139,0,165,,,
MAR,Marrocos,Q28887640,http://www.wikidata.org/entity/Q28901139,0,140,,,
MAR,Marrocos,Q28887641,http://www.wikidata.org/entity/Q28901139,0,379,,,
MAR,Marrocos,Q28887666,http://www.wikidata.org/entity/Q28900717,0,84,,,
MAR,Marrocos,Q28887664,http://www.wikidata.org/entity/Q28900717,0,583,,,
MAR,Marrocos,Q28887665,http://www.wikidata.org/entity/Q28900717,0,666,,,
MAR,Marrocos,Q28887670,http://www.wikidata.org/entity/Q28900255,0,497,,,
MAR,Marrocos,Q28887671,http://www.wikidata.org/entity/Q28900255,0,533,,,
MAR,Marrocos,Q28887668,http://www.wikidata.org/entity/Q28900717,0,318,,,
MAR,Marrocos,Q28887669,http://www.wikidata.org/entity/Q28900717,0,253,,,
MAR,Marrocos,Q28887674,http://www.wikidata.org/entity/Q28900255,0,418,,,
MAR,Marrocos,Q28887675,http://www.wikidata.org/entity/Q28900255,0,461,,,
MAR,Marrocos,Q28887672,http://www.wikidata.org/entity/Q28900255,0,381,,,
MAR,Marrocos,Q28887673,http://www.wikidata.org/entity/Q28900255,0,382,,,
MAR,Marrocos,Q28887678,http://www.wikidata.org/entity/Q28900255,0,1234,,,
MAR,Marrocos,Q28887679,http://www.wikidata.org/entity/Q28900255,0,201,,,
MAR,Marrocos,Q28887676,http://www.wikidata.org/entity/Q28900255,0,1042,,,
MAR,Marrocos,Q28887677,http://www.wikidata.org/entity/Q28900255,0,654,,,
MAR,Marrocos,Q28887682,http://www.wikidata.org/entity/Q28900254,0,1464,,,
MAR,Marrocos,Q28887683,http://www.wikidata.org/entity/Q28900254,0,601,,,
MAR,Marrocos,Q28887680,http://www.wikidata.org/entity/Q28900255,0,718,,,
MAR,Marrocos,Q28887681,http://www.wikidata.org/entity/Q28900255,0,183,,,
MAR,Marrocos,Q28887684,http://www.wikidata.org/entity/Q28900254,0,351,,,
MAR,Marrocos,Q28887851,http://www.wikidata.org/entity/Q28898879,0,595,,,
MAR,Marrocos,Q28887848,http://www.wikidata.org/entity/Q28898879,0,213,,,
MAR,Marrocos,Q28887849,http://www.wikidata.org/entity/Q28898879,0,763,,,
MAR,Marrocos,Q28887854,http://www.wikidata.org/entity/Q28898879,0,113,,,
MAR,Marrocos,Q28887855,http://www.wikidata.org/entity/Q28898879,0,125,,,
MAR,Marrocos,Q28887852,http://www.wikidata.org/entity/Q28898879,0,277,,,
MAR,Marrocos,Q28887853,http://www.wikidata.org/entity/Q28898879,0,968,,,
MAR,Marrocos,Q28887858,http://www.wikidata.org/entity/Q28898879,0,200,,,
MAR,Marrocos,Q28887857,http://www.wikidata.org/entity/Q28898879,0,378,,,
MAR,Marrocos,Q28887942,http://www.wikidata.org/entity/Q28894573,0,492,,,
MAR,Marrocos,Q28887943,http://www.wikidata.org/entity/Q28894573,0,479,,,
MAR,Marrocos,Q28887940,http://www.wikidata.org/entity/Q28894573,0,482,,,
MAR,Marrocos,Q28887941,http://www.wikidata.org/entity/Q28894573,0,767,,,
MAR,Marrocos,Q28887946,http://www.wikidata.org/entity/Q28894573,0,115,,,
MAR,Marrocos,Q28887947,http://www.wikidata.org/entity/Q28894573,0,512,,,
MAR,Marrocos,Q28887944,http://www.wikidata.org/entity/Q28894573,0,574,,,
MAR,Marrocos,Q28887945,http://www.wikidata.org/entity/Q28894573,0,537,,,
MAR,Marrocos,Q28887950,http://www.wikidata.org/entity/Q28894573,0,1610,,,
MAR,Marrocos,Q28887948,http://www.wikidata.org/entity/Q28894573,0,469,,,
MAR,Marrocos,Q28887949,http://www.wikidata.org/entity/Q28894573,0,589,,,
MAR,Marrocos,Q28888170,http://www.wikidata.org/entity/Q28896226,0,355,,,
MAR,Marrocos,Q28888171,http://www.wikidata.org/entity/Q28896226,0,229,,,
MAR,Marrocos,Q28888751,http://www.wikidata.org/entity/Q28906531,0,549,,,
MAR,Marrocos,Q28888754,http://www.wikidata.org/entity/Q28906531,0,119,,,
MAR,Marrocos,Q28888755,http://www.wikidata.org/entity/Q28906531,0,214,,,
MAR,Marrocos,Q28888753,http://www.wikidata.org/entity/Q28906531,0,219,,,
MAR,Marrocos,Q28888758,,0,425,,,
MAR,Marrocos,Q28888759,,0,579,,,
MAR,Marrocos,Q28888756,http://www.wikidata.org/entity/Q28906531,0,382,,,
MAR,Marrocos,Q28888757,http://www.wikidata.org/entity/Q28906531,0,190,,,
MAR,Marrocos,Q28888763,,0,105,,,
MAR,Marrocos,Q28888761,,0,420,,,
MAR,Marrocos,Q28888764,,0,312,,,
MAR,Marrocos,Q28889634,http://www.wikidata.org/entity/Q28895091,0,250,,,
MAR,Marrocos,Q28889635,http://www.wikidata.org/entity/Q28895091,0,487,,,
MAR,Marrocos,Q28889638,http://www.wikidata.org/entity/Q28895265,0,1905,,,
MAR,Marrocos,Q28889639,http://www.wikidata.org/entity/Q28895265,0,1821,,,
MAR,Marrocos,Q28889636,http://www.wikidata.org/entity/Q28895091,0,425,,,
MAR,Marrocos,Q28889637,http://www.wikidata.org/entity/Q28895265,0,1324,,,
MAR,Marrocos,Q28889642,http://www.wikidata.org/entity/Q28895314,0,125,,,
MAR,Marrocos,Q28889643,http://www.wikidata.org/entity/Q28895314,0,66,,,
MAR,Marrocos,Q28889640,http://www.wikidata.org/entity/Q28895265,0,1068,,,
MAR,Marrocos,Q28889641,http://www.wikidata.org/entity/Q28895265,0,1556,,,
MAR,Marrocos,Q28889682,http://www.wikidata.org/entity/Q28909404,0,457,,,
MAR,Marrocos,Q28889683,http://www.wikidata.org/entity/Q28909404,0,533,,,
MAR,Marrocos,Q28889686,http://www.wikidata.org/entity/Q28909404,0,190,,,
MAR,Marrocos,Q28889684,http://www.wikidata.org/entity/Q28909404,0,440,,,
MAR,Marrocos,Q28889688,http://www.wikidata.org/entity/Q28909404,0,69,,,
MAR,Marrocos,Q28889689,http://www.wikidata.org/entity/Q28909404,0,402,,,
MAR,Marrocos,Q28889694,http://www.wikidata.org/entity/Q28909404,0,127,,,
MAR,Marrocos,Q28889695,http://www.wikidata.org/entity/Q28909404,0,22,,,
MAR,Marrocos,Q28889692,http://www.wikidata.org/entity/Q28909404,0,229,,,
MAR,Marrocos,Q28889693,http://www.wikidata.org/entity/Q28909404,0,459,,,
MAR,Marrocos,Q28889698,http://www.wikidata.org/entity/Q28897604,0,87,,,
MAR,Marrocos,Q28889696,http://www.wikidata.org/entity/Q28897604,0,164,,,
MAR,Marrocos,Q28889714,http://www.wikidata.org/entity/Q28897604,0,302,,,
MAR,Marrocos,Q28889715,http://www.wikidata.org/entity/Q28897604,0,289,,,
MAR,Marrocos,Q28889718,http://www.wikidata.org/entity/Q28898550,0,341,,,
MAR,Marrocos,Q28889719,http://www.wikidata.org/entity/Q28898550,0,360,,,
MAR,Marrocos,Q28889716,http://www.wikidata.org/entity/Q28897604,0,244,,,
MAR,Marrocos,Q28889722,http://www.wikidata.org/entity/Q28895234,0,713,,,
MAR,Marrocos,Q28889723,http://www.wikidata.org/entity/Q28898550,0,204,,,
MAR,Marrocos,Q28889720,http://www.wikidata.org/entity/Q28909927,0,64,,,
MAR,Marrocos,Q28889721,http://www.wikidata.org/entity/Q28898550,0,18,,,
MAR,Marrocos,Q28889726,http://www.wikidata.org/entity/Q28898550,0,211,,,
MAR,Marrocos,Q28889725,http://www.wikidata.org/entity/Q28898550,0,799,,,
MAR,Marrocos,Q28889730,http://www.wikidata.org/entity/Q28895878,0,1317,,,
MAR,Marrocos,Q28889731,http://www.wikidata.org/entity/Q28895878,0,569,,,
MAR,Marrocos,Q28889728,http://www.wikidata.org/entity/Q28895878,0,794,,,
MAR,Marrocos,Q28889729,http://www.wikidata.org/entity/Q28895878,0,1141,,,
MAR,Marrocos,Q28889734,http://www.wikidata.org/entity/Q28895878,0,794,,,
MAR,Marrocos,Q28889732,http://www.wikidata.org/entity/Q28895878,0,580,,,
MAR,Marrocos,Q28889733,http://www.wikidata.org/entity/Q28895878,0,732,,,
MAR,Marrocos,Q28889794,http://www.wikidata.org/entity/Q28904941,0,132,,,
MAR,Marrocos,Q28889795,http://www.wikidata.org/entity/Q28901816,0,208,,,
MAR,Marrocos,Q28889793,http://www.wikidata.org/entity/Q28901288,0,707,,,
MAR,Marrocos,Q28889798,http://www.wikidata.org/entity/Q28903007,0,178,,,
MAR,Marrocos,Q28889799,http://www.wikidata.org/entity/Q28889800,0,594,,,
MAR,Marrocos,Q28889796,http://www.wikidata.org/entity/Q28889797,0,4533,,,
MAR,Marrocos,Q28889802,http://www.wikidata.org/entity/Q28893602,0,390,,,
MAR,Marrocos,Q28889803,http://www.wikidata.org/entity/Q28901493,0,83,,,
MAR,Marrocos,Q28889806,http://www.wikidata.org/entity/Q28890799,0,106,,,
MAR,Marrocos,Q28889807,http://www.wikidata.org/entity/Q28890228,0,444,,,
MAR,Marrocos,Q28889805,http://www.wikidata.org/entity/Q28895029,0,113,,,
MAR,Marrocos,Q28889808,http://www.wikidata.org/entity/Q28899610,0,152,,,
MAR,Marrocos,Q28889812,http://www.wikidata.org/entity/Q28898015,0,41,,,
MAR,Marrocos,Q28889813,http://www.wikidata.org/entity/Q28909908,0,68,,,
MAR,Marrocos,Q28889816,http://www.wikidata.org/entity/Q28900465,0,630,,,
MAR,Marrocos,Q28889817,http://www.wikidata.org/entity/Q28892629,0,47,,,
MAR,Marrocos,Q28889822,http://www.wikidata.org/entity/Q28903655,0,73,,,
MAR,Marrocos,Q28889823,http://www.wikidata.org/entity/Q28889825,0,1018,,,
MAR,Marrocos,Q28889827,http://www.wikidata.org/entity/Q28899551,0,75,,,
MAR,Marrocos,Q28889830,http://www.wikidata.org/entity/Q28895621,0,678,,,
MAR,Marrocos,Q28889831,http://www.wikidata.org/entity/Q28889832,0,879,,,
MAR,Marrocos,Q28889834,http://www.wikidata.org/entity/Q28893745,0,9,,,
MAR,Marrocos,Q28889833,http://www.wikidata.org/entity/Q28898773,0,320,,,
MAR,Marrocos,Q28889838,http://www.wikidata.org/entity/Q28897649,0,170,,,
MAR,Marrocos,Q28889839,http://www.wikidata.org/entity/Q28897649,0,215,,,
MAR,Marrocos,Q28889837,http://www.wikidata.org/entity/Q28902209,0,939,,,
MAR,Marrocos,Q28889843,http://www.wikidata.org/entity/Q28910148,0,635,,,
MAR,Marrocos,Q28889846,http://www.wikidata.org/entity/Q28909600,0,569,,,
MAR,Marrocos,Q28889847,http://www.wikidata.org/entity/Q28894987,0,274,,,
MAR,Marrocos,Q28889844,http://www.wikidata.org/entity/Q28897539,0,283,,,
MAR,Marrocos,Q28889845,http://www.wikidata.org/entity/Q28899206,0,626,,,
MAR,Marrocos,Q28889850,http://www.wikidata.org/entity/Q28890428,0,389,,,
MAR,Marrocos,Q28889849,http://www.wikidata.org/entity/Q28897686,0,411,,,
MAR,Marrocos,Q28889853,http://www.wikidata.org/entity/Q28905517,0,871,,,
MAR,Marrocos,Q28889919,http://www.wikidata.org/entity/Q28889922,0,1258,,,
MAR,Marrocos,Q28889916,http://www.wikidata.org/entity/Q28895789,0,238,,,
MAR,Marrocos,Q28889923,http://www.wikidata.org/entity/Q28895426,0,543,,,
MAR,Marrocos,Q28889920,http://www.wikidata.org/entity/Q28889922,0,1187,,,
MAR,Marrocos,Q28889926,http://www.wikidata.org/entity/Q28901311,0,672,,,
MAR,Marrocos,Q28889927,http://www.wikidata.org/entity/Q28882894,0,584,,,
MAR,Marrocos,Q28889924,http://www.wikidata.org/entity/Q28901455,0,325,,,
MAR,Marrocos,Q28889925,http://www.wikidata.org/entity/Q28901454,0,66,,,
MAR,Marrocos,Q28889930,http://www.wikidata.org/entity/Q28896580,0,540,,,
MAR,Marrocos,Q28889931,http://www.wikidata.org/entity/Q28889894,0,807,,,
MAR,Marrocos,Q28889928,http://www.wikidata.org/entity/Q28897633,0,256,,,
MAR,Marrocos,Q28889934,http://www.wikidata.org/entity/Q28889933,0,2366,,,
MAR,Marrocos,Q28889935,http://www.wikidata.org/entity/Q28906386,0,69,,,
MAR,Marrocos,Q28889932,http://www.wikidata.org/entity/Q28889933,0,226,,,
MAR,Marrocos,Q28889938,http://www.wikidata.org/entity/Q28890433,0,635,,,
MAR,Marrocos,Q28889939,http://www.wikidata.org/entity/Q28889940,0,2311,,,
MAR,Marrocos,Q28889936,http://www.wikidata.org/entity/Q28899379,0,126,,,
MAR,Marrocos,Q28889937,http://www.wikidata.org/entity/Q28897170,0,255,,,
MAR,Marrocos,Q28889942,http://www.wikidata.org/entity/Q28902361,0,343,,,
MAR,Marrocos,Q28889941,http://www.wikidata.org/entity/Q28903655,0,326,,,
MAR,Marrocos,Q28890082,http://www.wikidata.org/entity/Q28908858,0,55,,,
MAR,Marrocos,Q28890083,http://www.wikidata.org/entity/Q28895789,0,161,,,
MAR,Marrocos,Q28890087,http://www.wikidata.org/entity/Q28895136,0,234,,,
MAR,Marrocos,Q28890084,http://www.wikidata.org/entity/Q28892241,0,60,,,
MAR,Marrocos,Q28890090,http://www.wikidata.org/entity/Q28890809,0,7,,,
MAR,Marrocos,Q28890091,http://www.wikidata.org/entity/Q28890811,0,107,,,
MAR,Marrocos,Q28890092,http://www.wikidata.org/entity/Q28903673,0,293,,,
MAR,Marrocos,Q28890093,http://www.wikidata.org/entity/Q28891116,0,92,,,
MAR,Marrocos,Q28890138,http://www.wikidata.org/entity/Q28893745,0,20,,,
MAR,Marrocos,Q28890139,http://www.wikidata.org/entity/Q28901816,0,703,,,
MAR,Marrocos,Q28890136,http://www.wikidata.org/entity/Q28891657,0,326,,,
MAR,Marrocos,Q28890137,http://www.wikidata.org/entity/Q28890784,0,10,,,
MAR,Marrocos,Q28890142,http://www.wikidata.org/entity/Q28892722,0,201,,,
MAR,Marrocos,Q28890140,http://www.wikidata.org/entity/Q28905105,0,171,,,
MAR,Marrocos,Q28890146,http://www.wikidata.org/entity/Q28897389,0,51,,,
MAR,Marrocos,Q28890144,http://www.wikidata.org/entity/Q28890846,0,223,,,
MAR,Marrocos,Q28890145,http://www.wikidata.org/entity/Q28891227,0,218,,,
MAR,Marrocos,Q28890150,http://www.wikidata.org/entity/Q28892051,0,421,,,
MAR,Marrocos,Q28890151,http://www.wikidata.org/entity/Q28891072,0,164,,,
MAR,Marrocos,Q28890149,http://www.wikidata.org/entity/Q28891227,0,210,,,
MAR,Marrocos,Q28890155,http://www.wikidata.org/entity/Q28891840,0,49,,,
MAR,Marrocos,Q28890152,http://www.wikidata.org/entity/Q28890276,0,456,,,
MAR,Marrocos,Q28890153,http://www.wikidata.org/entity/Q28891547,0,478,,,
MAR,Marrocos,Q28890198,http://www.wikidata.org/entity/Q28891796,0,164,,,
MAR,Marrocos,Q28890202,http://www.wikidata.org/entity/Q28892051,0,94,,,
MAR,Marrocos,Q28890203,http://www.wikidata.org/entity/Q28893841,0,715,,,
MAR,Marrocos,Q28890207,http://www.wikidata.org/entity/Q28891227,0,330,,,
MAR,Marrocos,Q28890204,http://www.wikidata.org/entity/Q28897386,0,123,,,
MAR,Marrocos,Q28890214,http://www.wikidata.org/entity/Q28893627,0,112,,,
MAR,Marrocos,Q28890215,http://www.wikidata.org/entity/Q28891725,0,57,,,
MAR,Marrocos,Q28890216,http://www.wikidata.org/entity/Q28893627,0,35,,,
MAR,Marrocos,Q28890294,http://www.wikidata.org/entity/Q28891939,0,149,,,
MAR,Marrocos,Q28890295,http://www.wikidata.org/entity/Q28892646,0,85,,,
MAR,Marrocos,Q28890298,http://www.wikidata.org/entity/Q28903745,0,167,,,
MAR,Marrocos,Q28890299,http://www.wikidata.org/entity/Q28891612,0,234,,,
MAR,Marrocos,Q28890296,http://www.wikidata.org/entity/Q28891895,0,69,,,
MAR,Marrocos,Q28890303,http://www.wikidata.org/entity/Q28890808,0,85,,,
MAR,Marrocos,Q28890310,http://www.wikidata.org/entity/Q28908194,0,247,,,
MAR,Marrocos,Q28890311,http://www.wikidata.org/entity/Q28886176,0,11,,,
MAR,Marrocos,Q28890309,http://www.wikidata.org/entity/Q28905237,0,113,,,
MAR,Marrocos,Q28890314,http://www.wikidata.org/entity/Q28890640,0,650,,,
MAR,Marrocos,Q28890315,http://www.wikidata.org/entity/Q28890801,0,343,,,
MAR,Marrocos,Q28890312,http://www.wikidata.org/entity/Q28891015,0,124,,,
MAR,Marrocos,Q28890342,http://www.wikidata.org/entity/Q28890801,0,375,,,
MAR,Marrocos,Q28890340,http://www.wikidata.org/entity/Q28891834,0,405,,,
MAR,Marrocos,Q28890346,http://www.wikidata.org/entity/Q28896762,0,317,,,
MAR,Marrocos,Q28890345,http://www.wikidata.org/entity/Q28896162,0,363,,,
MAR,Marrocos,Q28890363,http://www.wikidata.org/entity/Q28891037,0,112,,,
MAR,Marrocos,Q28890361,,0,70,,,
MAR,Marrocos,Q28890367,http://www.wikidata.org/entity/Q28891830,0,9,,,
MAR,Marrocos,Q28890364,http://www.wikidata.org/entity/Q28891310,0,139,,,
MAR,Marrocos,Q28890370,http://www.wikidata.org/entity/Q28891544,0,19,,,
MAR,Marrocos,Q28890369,http://www.wikidata.org/entity/Q28891196,0,138,,,
MAR,Marrocos,Q28890374,http://www.wikidata.org/entity/Q28894720,0,184,,,
MAR,Marrocos,Q28890375,http://www.wikidata.org/entity/Q28895308,0,299,,,
MAR,Marrocos,Q28890379,http://www.wikidata.org/entity/Q28892284,0,241,,,
MAR,Marrocos,Q28890376,http://www.wikidata.org/entity/Q28896072,0,484,,,
MAR,Marrocos,Q28890380,http://www.wikidata.org/entity/Q28891161,0,380,,,
MAR,Marrocos,Q28890494,http://www.wikidata.org/entity/Q28891691,0,474,,,
MAR,Marrocos,Q28890507,http://www.wikidata.org/entity/Q28895104,0,819,,,
MAR,Marrocos,Q28890508,http://www.wikidata.org/entity/Q28906405,0,85,,,
MAR,Marrocos,Q28890514,http://www.wikidata.org/entity/Q28890371,0,422,,,
MAR,Marrocos,Q28890515,http://www.wikidata.org/entity/Q28891307,0,39,,,
MAR,Marrocos,Q28890519,http://www.wikidata.org/entity/Q28892594,0,84,,,
MAR,Marrocos,Q28890516,http://www.wikidata.org/entity/Q28891727,0,189,,,
MAR,Marrocos,Q28890522,http://www.wikidata.org/entity/Q28895130,0,60,,,
MAR,Marrocos,Q28890523,http://www.wikidata.org/entity/Q28895782,0,274,,,
MAR,Marrocos,Q28890524,http://www.wikidata.org/entity/Q28895882,0,382,,,
MAR,Marrocos,Q28890525,http://www.wikidata.org/entity/Q28896788,0,251,,,
MAR,Marrocos,Q28890534,http://www.wikidata.org/entity/Q28891901,0,1630,,,
MAR,Marrocos,Q28890533,http://www.wikidata.org/entity/Q28886176,0,13,,,
MAR,Marrocos,Q28890538,http://www.wikidata.org/entity/Q28905397,0,1422,,,
MAR,Marrocos,Q28890536,http://www.wikidata.org/entity/Q28891306,0,323,,,
MAR,Marrocos,Q28890537,,0,161,,,
MAR,Marrocos,Q28890542,http://www.wikidata.org/entity/Q28892427,0,209,,,
MAR,Marrocos,Q28890543,http://www.wikidata.org/entity/Q28891544,0,95,,,
MAR,Marrocos,Q28890540,http://www.wikidata.org/entity/Q28890861,0,151,,,
MAR,Marrocos,Q28890541,http://www.wikidata.org/entity/Q28906719,0,55,,,
MAR,Marrocos,Q28890544,http://www.wikidata.org/entity/Q28896762,0,607,,,
MAR,Marrocos,Q28890646,http://www.wikidata.org/entity/Q28906405,0,34,,,
MAR,Marrocos,Q28890647,http://www.wikidata.org/entity/Q28906405,0,22,,,
MAR,Marrocos,Q28890645,http://www.wikidata.org/entity/Q28891394,0,524,,,
MAR,Marrocos,Q28890648,http://www.wikidata.org/entity/Q28906405,0,43,,,
MAR,Marrocos,Q28890690,http://www.wikidata.org/entity/Q28897268,0,366,,,
MAR,Marrocos,Q28890694,http://www.wikidata.org/entity/Q28892354,0,277,,,
MAR,Marrocos,Q28890695,http://www.wikidata.org/entity/Q28892354,0,50,,,
MAR,Marrocos,Q28890693,http://www.wikidata.org/entity/Q28880936,0,85,,,
MAR,Marrocos,Q28890699,http://www.wikidata.org/entity/Q28909425,0,1196,,,
MAR,Marrocos,Q28890696,http://www.wikidata.org/entity/Q28907084,0,388,,,
MAR,Marrocos,Q28890697,http://www.wikidata.org/entity/Q28895295,0,188,,,
MAR,Marrocos,Q28890700,http://www.wikidata.org/entity/Q28908194,0,189,,,
MAR,Marrocos,Q28890701,http://www.wikidata.org/entity/Q28895029,0,369,,,
MAR,Marrocos,Q28890755,http://www.wikidata.org/entity/Q28892393,0,150,,,
MAR,Marrocos,Q28890758,http://www.wikidata.org/entity/Q28891612,0,303,,,
MAR,Marrocos,Q28890759,http://www.wikidata.org/entity/Q28897980,0,137,,,
MAR,Marrocos,Q28890756,http://www.wikidata.org/entity/Q28891979,0,460,,,
MAR,Marrocos,Q28890757,http://www.wikidata.org/entity/Q28891847,0,216,,,
MAR,Marrocos,Q28890762,http://www.wikidata.org/entity/Q28891239,0,825,,,
MAR,Marrocos,Q28890763,http://www.wikidata.org/entity/Q28897775,0,270,,,
MAR,Marrocos,Q28890761,http://www.wikidata.org/entity/Q28891196,0,317,,,
MAR,Marrocos,Q28890830,http://www.wikidata.org/entity/Q28901298,0,69,,,
MAR,Marrocos,Q28890831,http://www.wikidata.org/entity/Q28893627,0,239,,,
MAR,Marrocos,Q28890835,http://www.wikidata.org/entity/Q28899821,0,298,,,
MAR,Marrocos,Q28890832,http://www.wikidata.org/entity/Q28891939,0,132,,,
MAR,Marrocos,Q28890833,http://www.wikidata.org/entity/Q28891203,0,201,,,
MAR,Marrocos,Q28890838,http://www.wikidata.org/entity/Q28897389,0,80,,,
MAR,Marrocos,Q28890836,http://www.wikidata.org/entity/Q28886176,0,44,,,
MAR,Marrocos,Q28890843,http://www.wikidata.org/entity/Q28891692,0,434,,,
MAR,Marrocos,Q28890844,http://www.wikidata.org/entity/Q28890263,0,200,,,
MAR,Marrocos,Q28890845,http://www.wikidata.org/entity/Q28886176,0,26,,,
MAR,Marrocos,Q28890851,http://www.wikidata.org/entity/Q28897844,0,134,,,
MAR,Marrocos,Q28890849,http://www.wikidata.org/entity/Q28890801,0,290,,,
MAR,Marrocos,Q28890959,http://www.wikidata.org/entity/Q28891895,0,72,,,
MAR,Marrocos,Q28890963,http://www.wikidata.org/entity/Q28895887,0,371,,,
MAR,Marrocos,Q28890961,http://www.wikidata.org/entity/Q28883821,0,388,,,
MAR,Marrocos,Q28890966,http://www.wikidata.org/entity/Q28891163,0,73,,,
MAR,Marrocos,Q28890967,http://www.wikidata.org/entity/Q28891164,0,207,,,
MAR,Marrocos,Q28890964,http://www.wikidata.org/entity/Q28886176,0,28,,,
MAR,Marrocos,Q28890965,http://www.wikidata.org/entity/Q28899821,0,147,,,
MAR,Marrocos,Q28890970,http://www.wikidata.org/entity/Q28890394,0,406,,,
MAR,Marrocos,Q28890969,http://www.wikidata.org/entity/Q28895782,0,580,,,
MAR,Marrocos,Q28890972,http://www.wikidata.org/entity/Q28892288,0,24,,,
MAR,Marrocos,Q28890973,http://www.wikidata.org/entity/Q28892752,0,128,,,
MAR,Marrocos,Q28890978,http://www.wikidata.org/entity/Q28901565,0,660,,,
MAR,Marrocos,Q28890979,http://www.wikidata.org/entity/Q28882883,0,29,,,
MAR,Marrocos,Q28890976,http://www.wikidata.org/entity/Q28897844,0,130,,,
MAR,Marrocos,Q28890977,http://www.wikidata.org/entity/Q28892186,0,207,,,
MAR,Marrocos,Q28890986,http://www.wikidata.org/entity/Q28897980,0,263,,,
MAR,Marrocos,Q28890987,http://www.wikidata.org/entity/Q28901816,0,1445,,,
MAR,Marrocos,Q28890984,http://www.wikidata.org/entity/Q28890784,0,43,,,
MAR,Marrocos,Q28890985,http://www.wikidata.org/entity/Q28890270,0,464,,,
MAR,Marrocos,Q28890991,http://www.wikidata.org/entity/Q28889835,0,2361,,,
MAR,Marrocos,Q28890989,http://www.wikidata.org/entity/Q28890362,0,198,,,
MAR,Marrocos,Q28890992,http://www.wikidata.org/entity/Q28903636,0,88,,,
MAR,Marrocos,Q28890993,http://www.wikidata.org/entity/Q28906719,0,256,,,
MAR,Marrocos,Q28890996,http://www.wikidata.org/entity/Q28893767,0,476,,,
MAR,Marrocos,Q28890997,http://www.wikidata.org/entity/Q28892608,0,528,,,
MAR,Marrocos,Q28891002,http://www.wikidata.org/entity/Q28890784,0,3,,,
MAR,Marrocos,Q28891001,http://www.wikidata.org/entity/Q28892596,0,594,,,
MAR,Marrocos,Q28891006,http://www.wikidata.org/entity/Q28891169,0,399,,,
MAR,Marrocos,Q28891004,http://www.wikidata.org/entity/Q28905268,0,532,,,
MAR,Marrocos,Q28891005,http://www.wikidata.org/entity/Q28892630,0,931,,,
MAR,Marrocos,Q28891017,http://www.wikidata.org/entity/Q28909176,0,612,,,
MAR,Marrocos,Q28891022,http://www.wikidata.org/entity/Q28897897,0,262,,,
MAR,Marrocos,Q28891023,http://www.wikidata.org/entity/Q28892032,0,33,,,
MAR,Marrocos,Q28891020,http://www.wikidata.org/entity/Q28896788,0,97,,,
MAR,Marrocos,Q28891127,http://www.wikidata.org/entity/Q28887288,0,2859,,,
MAR,Marrocos,Q28891130,http://www.wikidata.org/entity/Q28892752,0,58,,,
MAR,Marrocos,Q28891131,http://www.wikidata.org/entity/Q28898225,0,158,,,
MAR,Marrocos,Q28891128,http://www.wikidata.org/entity/Q28891037,0,49,,,
MAR,Marrocos,Q28891134,http://www.wikidata.org/entity/Q28907510,0,397,,,
MAR,Marrocos,Q28891135,http://www.wikidata.org/entity/Q28891394,0,627,,,
MAR,Marrocos,Q28891133,http://www.wikidata.org/entity/Q28897844,0,60,,,
MAR,Marrocos,Q28891138,http://www.wikidata.org/entity/Q28891548,0,824,,,
MAR,Marrocos,Q28891139,http://www.wikidata.org/entity/Q28892223,0,733,,,
MAR,Marrocos,Q28891136,http://www.wikidata.org/entity/Q28891544,0,108,,,
MAR,Marrocos,Q28891140,http://www.wikidata.org/entity/Q28893841,0,496,,,
MAR,Marrocos,Q28891141,http://www.wikidata.org/entity/Q28875260,0,456,,,
MAR,Marrocos,Q28891158,http://www.wikidata.org/entity/Q28891572,0,585,,,
MAR,Marrocos,Q28891159,http://www.wikidata.org/entity/Q28902313,0,24,,,
MAR,Marrocos,Q28891167,http://www.wikidata.org/entity/Q28904741,0,204,,,
MAR,Marrocos,Q28891170,http://www.wikidata.org/entity/Q28893767,0,92,,,
MAR,Marrocos,Q28891171,http://www.wikidata.org/entity/Q28891172,0,1165,,,
MAR,Marrocos,Q28891168,http://www.wikidata.org/entity/Q28894452,0,627,,,
MAR,Marrocos,Q28891174,http://www.wikidata.org/entity/Q28897389,0,63,,,
MAR,Marrocos,Q28891175,http://www.wikidata.org/entity/Q28896864,0,336,,,
MAR,Marrocos,Q28891173,http://www.wikidata.org/entity/Q28893193,0,345,,,
MAR,Marrocos,Q28891179,http://www.wikidata.org/entity/Q28890799,0,291,,,
MAR,Marrocos,Q28891176,http://www.wikidata.org/entity/Q28894921,0,368,,,
MAR,Marrocos,Q28891188,http://www.wikidata.org/entity/Q28890228,0,207,,,
MAR,Marrocos,Q28891231,http://www.wikidata.org/entity/Q28892393,0,415,,,
MAR,Marrocos,Q28891229,http://www.wikidata.org/entity/Q28892637,0,206,,,
MAR,Marrocos,Q28891234,http://www.wikidata.org/entity/Q28906405,0,63,,,
MAR,Marrocos,Q28891232,http://www.wikidata.org/entity/Q28892752,0,221,,,
MAR,Marrocos,Q28891233,http://www.wikidata.org/entity/Q28904192,0,228,,,
MAR,Marrocos,Q28891238,http://www.wikidata.org/entity/Q28891015,0,72,,,
MAR,Marrocos,Q28891236,http://www.wikidata.org/entity/Q28906405,0,214,,,
MAR,Marrocos,Q28891237,http://www.wikidata.org/entity/Q28892723,0,208,,,
MAR,Marrocos,Q28891242,http://www.wikidata.org/entity/Q28891326,0,760,,,
MAR,Marrocos,Q28891244,http://www.wikidata.org/entity/Q28909528,0,285,,,
MAR,Marrocos,Q28891245,http://www.wikidata.org/entity/Q28890800,0,199,,,
MAR,Marrocos,Q28891249,http://www.wikidata.org/entity/Q28891250,0,667,,,
MAR,Marrocos,Q28891254,http://www.wikidata.org/entity/Q28901147,0,261,,,
MAR,Marrocos,Q28891255,http://www.wikidata.org/entity/Q28891142,0,146,,,
MAR,Marrocos,Q28891252,http://www.wikidata.org/entity/Q28892576,0,76,,,
MAR,Marrocos,Q28891253,http://www.wikidata.org/entity/Q28891609,0,1091,,,
MAR,Marrocos,Q28891258,http://www.wikidata.org/entity/Q28891116,0,123,,,
MAR,Marrocos,Q28891256,http://www.wikidata.org/entity/Q28899610,0,140,,,
MAR,Marrocos,Q28891262,http://www.wikidata.org/entity/Q28891748,0,110,,,
MAR,Marrocos,Q28891266,http://www.wikidata.org/entity/Q28891691,0,846,,,
MAR,Marrocos,Q28891264,http://www.wikidata.org/entity/Q28892427,0,421,,,
MAR,Marrocos,Q28891265,http://www.wikidata.org/entity/Q28908194,0,447,,,
MAR,Marrocos,Q28891271,http://www.wikidata.org/entity/Q28903913,0,57,,,
MAR,Marrocos,Q28891268,http://www.wikidata.org/entity/Q28905105,0,237,,,
MAR,Marrocos,Q28891269,http://www.wikidata.org/entity/Q28904517,0,1158,,,
MAR,Marrocos,Q28891274,http://www.wikidata.org/entity/Q28893745,0,19,,,
MAR,Marrocos,Q28891275,http://www.wikidata.org/entity/Q28908178,0,79,,,
MAR,Marrocos,Q28891273,http://www.wikidata.org/entity/Q28875226,0,537,,,
MAR,Marrocos,Q28891278,http://www.wikidata.org/entity/Q28890751,0,104,,,
MAR,Marrocos,Q28891279,http://www.wikidata.org/entity/Q28897483,0,118,,,
MAR,Marrocos,Q28891282,http://www.wikidata.org/entity/Q28891902,0,585,,,
MAR,Marrocos,Q28891283,http://www.wikidata.org/entity/Q28890371,0,225,,,
MAR,Marrocos,Q28891286,http://www.wikidata.org/entity/Q28891544,0,209,,,
MAR,Marrocos,Q28891285,http://www.wikidata.org/entity/Q28891015,0,63,,,
MAR,Marrocos,Q28891288,http://www.wikidata.org/entity/Q28891717,0,103,,,
MAR,Marrocos,Q28891289,http://www.wikidata.org/entity/Q28891718,0,235,,,
MAR,Marrocos,Q28891298,http://www.wikidata.org/entity/Q28897811,0,230,,,
MAR,Marrocos,Q28891297,http://www.wikidata.org/entity/Q28894921,0,541,,,
MAR,Marrocos,Q28891302,http://www.wikidata.org/entity/Q28891046,0,250,,,
MAR,Marrocos,Q28891303,http://www.wikidata.org/entity/Q28891395,0,822,,,
MAR,Marrocos,Q28891301,http://www.wikidata.org/entity/Q28891044,0,168,,,
MAR,Marrocos,Q28891308,http://www.wikidata.org/entity/Q28903060,0,683,,,
MAR,Marrocos,Q28891309,http://www.wikidata.org/entity/Q28892738,0,270,,,
MAR,Marrocos,Q28891354,http://www.wikidata.org/entity/Q28892712,0,615,,,
MAR,Marrocos,Q28891353,http://www.wikidata.org/entity/Q28899783,0,512,,,
MAR,Marrocos,Q28891356,http://www.wikidata.org/entity/Q28891598,0,230,,,
MAR,Marrocos,Q28891362,http://www.wikidata.org/entity/Q28891708,0,557,,,
MAR,Marrocos,Q28891360,http://www.wikidata.org/entity/Q28891015,0,106,,,
MAR,Marrocos,Q28891702,http://www.wikidata.org/entity/Q28902506,0,131,,,
MAR,Marrocos,Q28891703,http://www.wikidata.org/entity/Q28895279,0,127,,,
MAR,Marrocos,Q28891701,http://www.wikidata.org/entity/Q28892636,0,331,,,
MAR,Marrocos,Q28891706,http://www.wikidata.org/entity/Q28907084,0,295,,,
MAR,Marrocos,Q28891705,http://www.wikidata.org/entity/Q28891548,0,302,,,
MAR,Marrocos,Q28891711,http://www.wikidata.org/entity/Q28892120,0,399,,,
MAR,Marrocos,Q28891709,http://www.wikidata.org/entity/Q28891422,0,62,,,
MAR,Marrocos,Q28891714,http://www.wikidata.org/entity/Q28891459,0,68,,,
MAR,Marrocos,Q28891713,http://www.wikidata.org/entity/Q28891748,0,305,,,
MAR,Marrocos,Q28891719,http://www.wikidata.org/entity/Q28891239,0,643,,,
MAR,Marrocos,Q28891716,http://www.wikidata.org/entity/Q28891467,0,338,,,
MAR,Marrocos,Q28891720,http://www.wikidata.org/entity/Q28892037,0,1232,,,
MAR,Marrocos,Q28891794,http://www.wikidata.org/entity/Q28891394,0,248,,,
MAR,Marrocos,Q28891798,http://www.wikidata.org/entity/Q28897386,0,39,,,
MAR,Marrocos,Q28891803,http://www.wikidata.org/entity/Q28901691,0,646,,,
MAR,Marrocos,Q28891807,http://www.wikidata.org/entity/Q28894452,0,390,,,
MAR,Marrocos,Q28891804,http://www.wikidata.org/entity/Q28902097,0,572,,,
MAR,Marrocos,Q28891810,http://www.wikidata.org/entity/Q28880936,0,243,,,
MAR,Marrocos,Q28891811,http://www.wikidata.org/entity/Q28880936,0,89,,,
MAR,Marrocos,Q28891819,http://www.wikidata.org/entity/Q28892752,0,344,,,
MAR,Marrocos,Q28891817,http://www.wikidata.org/entity/Q28891307,0,503,,,
MAR,Marrocos,Q28891822,http://www.wikidata.org/entity/Q28895853,0,729,,,
MAR,Marrocos,Q28891823,http://www.wikidata.org/entity/Q28886176,0,27,,,
MAR,Marrocos,Q28891820,http://www.wikidata.org/entity/Q28890791,0,187,,,
MAR,Marrocos,Q28891821,http://www.wikidata.org/entity/Q28891708,0,138,,,
MAR,Marrocos,Q28891824,http://www.wikidata.org/entity/Q28891018,0,496,,,
MAR,Marrocos,Q28891831,http://www.wikidata.org/entity/Q28891115,0,130,,,
MAR,Marrocos,Q28891828,http://www.wikidata.org/entity/Q28895853,0,1184,,,
MAR,Marrocos,Q28891836,http://www.wikidata.org/entity/Q28890228,0,330,,,
MAR,Marrocos,Q28891845,http://www.wikidata.org/entity/Q28894580,0,280,,,
MAR,Marrocos,Q28891854,http://www.wikidata.org/entity/Q28898997,0,842,,,
MAR,Marrocos,Q28891855,http://www.wikidata.org/entity/Q28898997,0,1257,,,
MAR,Marrocos,Q28891852,http://www.wikidata.org/entity/Q28890791,0,133,,,
MAR,Marrocos,Q28891858,http://www.wikidata.org/entity/Q28890394,0,246,,,
MAR,Marrocos,Q28891860,http://www.wikidata.org/entity/Q28895279,0,276,,,
MAR,Marrocos,Q28891866,http://www.wikidata.org/entity/Q28890270,0,1369,,,
MAR,Marrocos,Q28891867,http://www.wikidata.org/entity/Q28891018,0,137,,,
MAR,Marrocos,Q28891870,http://www.wikidata.org/entity/Q28897373,0,195,,,
MAR,Marrocos,Q28891871,http://www.wikidata.org/entity/Q28897844,0,251,,,
MAR,Marrocos,Q28891869,http://www.wikidata.org/entity/Q28894536,0,923,,,
MAR,Marrocos,Q28891875,http://www.wikidata.org/entity/Q28891838,0,411,,,
MAR,Marrocos,Q28891878,http://www.wikidata.org/entity/Q28890435,0,405,,,
MAR,Marrocos,Q28891879,http://www.wikidata.org/entity/Q28892284,0,75,,,
MAR,Marrocos,Q28891882,http://www.wikidata.org/entity/Q28897730,0,336,,,
MAR,Marrocos,Q28891883,http://www.wikidata.org/entity/Q28891326,0,364,,,
MAR,Marrocos,Q28891880,http://www.wikidata.org/entity/Q28891544,0,165,,,
MAR,Marrocos,Q28891886,http://www.wikidata.org/entity/Q28890800,0,220,,,
MAR,Marrocos,Q28891884,http://www.wikidata.org/entity/Q28891326,0,751,,,
MAR,Marrocos,Q28891890,http://www.wikidata.org/entity/Q28891055,0,1058,,,
MAR,Marrocos,Q28891888,http://www.wikidata.org/entity/Q28890371,0,737,,,
MAR,Marrocos,Q28891894,http://www.wikidata.org/entity/Q28897897,0,387,,,
MAR,Marrocos,Q28891903,http://www.wikidata.org/entity/Q28890114,0,465,,,
MAR,Marrocos,Q28891906,http://www.wikidata.org/entity/Q28880936,0,82,,,
MAR,Marrocos,Q28891907,http://www.wikidata.org/entity/Q28890228,0,431,,,
MAR,Marrocos,Q28891904,http://www.wikidata.org/entity/Q28890946,0,209,,,
MAR,Marrocos,Q28891905,http://www.wikidata.org/entity/Q28890799,0,1117,,,
MAR,Marrocos,Q28891911,http://www.wikidata.org/entity/Q28880936,0,39,,,
MAR,Marrocos,Q28891908,http://www.wikidata.org/entity/Q28890799,0,459,,,
MAR,Marrocos,Q28891912,http://www.wikidata.org/entity/Q28891248,0,667,,,
MAR,Marrocos,Q28891917,http://www.wikidata.org/entity/Q3516517,0,41,,,
MAR,Marrocos,Q28891922,http://www.wikidata.org/entity/Q28890771,0,901,,,
MAR,Marrocos,Q28891923,http://www.wikidata.org/entity/Q28891053,0,609,,,
MAR,Marrocos,Q28891920,http://www.wikidata.org/entity/Q28892284,0,218,,,
MAR,Marrocos,Q28891924,http://www.wikidata.org/entity/Q28891310,0,584,,,
MAR,Marrocos,Q28891930,http://www.wikidata.org/entity/Q28882883,0,161,,,
MAR,Marrocos,Q28891931,http://www.wikidata.org/entity/Q28891932,0,1462,,,
MAR,Marrocos,Q28891934,http://www.wikidata.org/entity/Q28891164,0,534,,,
MAR,Marrocos,Q28891933,http://www.wikidata.org/entity/Q28891163,0,391,,,
MAR,Marrocos,Q28891936,http://www.wikidata.org/entity/Q28890800,0,247,,,
MAR,Marrocos,Q28891942,http://www.wikidata.org/entity/Q28891893,0,242,,,
MAR,Marrocos,Q28891946,http://www.wikidata.org/entity/Q28891757,0,362,,,
MAR,Marrocos,Q28891944,http://www.wikidata.org/entity/Q28903321,0,366,,,
MAR,Marrocos,Q28891945,http://www.wikidata.org/entity/Q28890784,0,95,,,
MAR,Marrocos,Q28891948,http://www.wikidata.org/entity/Q28892427,0,39,,,
MAR,Marrocos,Q28891949,http://www.wikidata.org/entity/Q28890800,0,189,,,
MAR,Marrocos,Q28891954,http://www.wikidata.org/entity/Q28891037,0,283,,,
MAR,Marrocos,Q28891955,http://www.wikidata.org/entity/Q28897811,0,70,,,
MAR,Marrocos,Q28891953,http://www.wikidata.org/entity/Q28892286,0,140,,,
MAR,Marrocos,Q28891958,http://www.wikidata.org/entity/Q28895738,0,591,,,
MAR,Marrocos,Q28891959,http://www.wikidata.org/entity/Q28891037,0,121,,,
MAR,Marrocos,Q28891956,http://www.wikidata.org/entity/Q28900995,0,155,,,
MAR,Marrocos,Q28891957,http://www.wikidata.org/entity/Q28895087,0,569,,,
MAR,Marrocos,Q28891963,http://www.wikidata.org/entity/Q28890770,0,848,,,
MAR,Marrocos,Q28891960,http://www.wikidata.org/entity/Q28891196,0,172,,,
MAR,Marrocos,Q28891961,http://www.wikidata.org/entity/Q28896788,0,781,,,
MAR,Marrocos,Q28891968,http://www.wikidata.org/entity/Q28891036,0,315,,,
MAR,Marrocos,Q28891969,http://www.wikidata.org/entity/Q28891056,0,92,,,
MAR,Marrocos,Q28891976,http://www.wikidata.org/entity/Q28895132,0,87,,,
MAR,Marrocos,Q28891977,http://www.wikidata.org/entity/Q28897730,0,834,,,
MAR,Marrocos,Q28891986,http://www.wikidata.org/entity/Q28906628,0,156,,,
MAR,Marrocos,Q28891987,http://www.wikidata.org/entity/Q28891053,0,268,,,
MAR,Marrocos,Q28891985,http://www.wikidata.org/entity/Q28900995,0,252,,,
MAR,Marrocos,Q28891991,http://www.wikidata.org/entity/Q28891015,0,100,,,
MAR,Marrocos,Q28891988,http://www.wikidata.org/entity/Q28892752,0,149,,,
MAR,Marrocos,Q28891989,http://www.wikidata.org/entity/Q28892735,0,35,,,
MAR,Marrocos,Q28891994,http://www.wikidata.org/entity/Q28891687,0,58,,,
MAR,Marrocos,Q28891995,http://www.wikidata.org/entity/Q28891717,0,84,,,
MAR,Marrocos,Q28891992,http://www.wikidata.org/entity/Q28891310,0,269,,,
MAR,Marrocos,Q28891996,http://www.wikidata.org/entity/Q28891718,0,176,,,
MAR,Marrocos,Q28892004,http://www.wikidata.org/entity/Q28895136,0,390,,,
MAR,Marrocos,Q28892290,http://www.wikidata.org/entity/Q28891164,0,298,,,
MAR,Marrocos,Q28892291,http://www.wikidata.org/entity/Q28890368,0,1178,,,
MAR,Marrocos,Q28892289,http://www.wikidata.org/entity/Q28891163,0,72,,,
MAR,Marrocos,Q28892294,http://www.wikidata.org/entity/Q28891780,0,2570,,,
MAR,Marrocos,Q28892293,http://www.wikidata.org/entity/Q28891780,0,1223,,,
MAR,Marrocos,Q28892298,http://www.wikidata.org/entity/Q28891547,0,818,,,
MAR,Marrocos,Q28892296,http://www.wikidata.org/entity/Q28892186,0,127,,,
MAR,Marrocos,Q28892297,http://www.wikidata.org/entity/Q28897386,0,84,,,
MAR,Marrocos,Q28892302,http://www.wikidata.org/entity/Q28893543,0,8,,,
MAR,Marrocos,Q28892303,http://www.wikidata.org/entity/Q28896893,0,124,,,
MAR,Marrocos,Q28892301,http://www.wikidata.org/entity/Q28890603,0,807,,,
MAR,Marrocos,Q28892306,http://www.wikidata.org/entity/Q28880878,0,938,,,
MAR,Marrocos,Q28892305,http://www.wikidata.org/entity/Q28905194,0,153,,,
MAR,Marrocos,Q28892310,http://www.wikidata.org/entity/Q28883856,0,780,,,
MAR,Marrocos,Q28892314,http://www.wikidata.org/entity/Q28891687,0,579,,,
MAR,Marrocos,Q28892312,http://www.wikidata.org/entity/Q28892051,0,800,,,
MAR,Marrocos,Q28892313,http://www.wikidata.org/entity/Q28892354,0,286,,,
MAR,Marrocos,Q28892319,http://www.wikidata.org/entity/Q28893543,0,36,,,
MAR,Marrocos,Q28892316,http://www.wikidata.org/entity/Q28904562,0,66,,,
MAR,Marrocos,Q28892317,http://www.wikidata.org/entity/Q28895087,0,1061,,,
MAR,Marrocos,Q28892323,http://www.wikidata.org/entity/Q28890625,0,32,,,
MAR,Marrocos,Q28892321,http://www.wikidata.org/entity/Q28897389,0,150,,,
MAR,Marrocos,Q28892324,http://www.wikidata.org/entity/Q28891142,0,166,,,
MAR,Marrocos,Q28892330,http://www.wikidata.org/entity/Q28886176,0,9,,,
MAR,Marrocos,Q28892331,http://www.wikidata.org/entity/Q28886176,0,17,,,
MAR,Marrocos,Q28892328,http://www.wikidata.org/entity/Q28893745,0,20,,,
MAR,Marrocos,Q28892334,http://www.wikidata.org/entity/Q28896762,0,174,,,
MAR,Marrocos,Q28892332,http://www.wikidata.org/entity/Q28894921,0,144,,,
MAR,Marrocos,Q28892333,http://www.wikidata.org/entity/Q28895136,0,338,,,
MAR,Marrocos,Q28892338,http://www.wikidata.org/entity/Q28906405,0,34,,,
MAR,Marrocos,Q28892339,http://www.wikidata.org/entity/Q28891169,0,247,,,
MAR,Marrocos,Q28892336,http://www.wikidata.org/entity/Q28891203,0,382,,,
MAR,Marrocos,Q28892342,http://www.wikidata.org/entity/Q28891015,0,42,,,
MAR,Marrocos,Q28892340,http://www.wikidata.org/entity/Q28897530,0,745,,,
MAR,Marrocos,Q28892490,http://www.wikidata.org/entity/Q28891609,0,1179,,,
MAR,Marrocos,Q28892494,http://www.wikidata.org/entity/Q28891326,0,808,,,
MAR,Marrocos,Q28892495,http://www.wikidata.org/entity/Q28903673,0,363,,,
MAR,Marrocos,Q28892496,http://www.wikidata.org/entity/Q28892745,0,528,,,
MAR,Marrocos,Q28892497,http://www.wikidata.org/entity/Q28892745,0,418,,,
MAR,Marrocos,Q28892503,http://www.wikidata.org/entity/Q28899843,0,315,,,
MAR,Marrocos,Q28892501,http://www.wikidata.org/entity/Q28890784,0,31,,,
MAR,Marrocos,Q28892506,http://www.wikidata.org/entity/Q28896252,0,111,,,
MAR,Marrocos,Q28892507,http://www.wikidata.org/entity/Q28906499,0,254,,,
MAR,Marrocos,Q28892504,http://www.wikidata.org/entity/Q28899843,0,565,,,
MAR,Marrocos,Q28892505,http://www.wikidata.org/entity/Q28890800,0,547,,,
MAR,Marrocos,Q28892510,http://www.wikidata.org/entity/Q28899821,0,15,,,
MAR,Marrocos,Q28892511,http://www.wikidata.org/entity/Q28899821,0,835,,,
MAR,Marrocos,Q28892508,http://www.wikidata.org/entity/Q28896788,0,189,,,
MAR,Marrocos,Q28892509,http://www.wikidata.org/entity/Q28906718,0,122,,,
MAR,Marrocos,Q28892514,http://www.wikidata.org/entity/Q28896252,0,72,,,
MAR,Marrocos,Q28892515,http://www.wikidata.org/entity/Q28890791,0,404,,,
MAR,Marrocos,Q28892512,http://www.wikidata.org/entity/Q28906499,0,452,,,
MAR,Marrocos,Q28892513,http://www.wikidata.org/entity/Q28906499,0,286,,,
MAR,Marrocos,Q28892518,http://www.wikidata.org/entity/Q28890228,0,431,,,
MAR,Marrocos,Q28892524,http://www.wikidata.org/entity/Q28891727,0,105,,,
MAR,Marrocos,Q28892530,http://www.wikidata.org/entity/Q28890270,0,975,,,
MAR,Marrocos,Q28892531,http://www.wikidata.org/entity/Q28891116,0,157,,,
MAR,Marrocos,Q28892528,http://www.wikidata.org/entity/Q28891834,0,559,,,
MAR,Marrocos,Q28892534,http://www.wikidata.org/entity/Q28889835,0,3273,,,
MAR,Marrocos,Q28892538,http://www.wikidata.org/entity/Q28891215,0,169,,,
MAR,Marrocos,Q28892539,http://www.wikidata.org/entity/Q28891612,0,132,,,
MAR,Marrocos,Q28892536,http://www.wikidata.org/entity/Q28890371,0,242,,,
MAR,Marrocos,Q28892537,http://www.wikidata.org/entity/Q28890384,0,250,,,
MAR,Marrocos,Q28892543,http://www.wikidata.org/entity/Q28897730,0,336,,,
MAR,Marrocos,Q28892541,http://www.wikidata.org/entity/Q28897390,0,47,,,
MAR,Marrocos,Q28892544,http://www.wikidata.org/entity/Q28905733,0,918,,,
MAR,Marrocos,Q28892550,http://www.wikidata.org/entity/Q28890946,0,32,,,
MAR,Marrocos,Q28892551,http://www.wikidata.org/entity/Q28891548,0,470,,,
MAR,Marrocos,Q28892548,http://www.wikidata.org/entity/Q28891453,0,66,,,
MAR,Marrocos,Q28892549,http://www.wikidata.org/entity/Q28893651,0,514,,,
MAR,Marrocos,Q28892554,http://www.wikidata.org/entity/Q28905194,0,272,,,
MAR,Marrocos,Q28892555,http://www.wikidata.org/entity/Q28886176,0,19,,,
MAR,Marrocos,Q28892553,http://www.wikidata.org/entity/Q28895442,0,1316,,,
MAR,Marrocos,Q28892558,http://www.wikidata.org/entity/Q28891548,0,389,,,
MAR,Marrocos,Q28892566,http://www.wikidata.org/entity/Q28893745,0,41,,,
MAR,Marrocos,Q28892567,http://www.wikidata.org/entity/Q28891727,0,135,,,
MAR,Marrocos,Q28892570,http://www.wikidata.org/entity/Q28892725,0,238,,,
MAR,Marrocos,Q28892571,http://www.wikidata.org/entity/Q28892284,0,75,,,
MAR,Marrocos,Q28892572,http://www.wikidata.org/entity/Q28901298,0,474,,,
MAR,Marrocos,Q28892578,http://www.wikidata.org/entity/Q28891902,0,251,,,
MAR,Marrocos,Q28892577,http://www.wikidata.org/entity/Q28892576,0,48,,,
MAR,Marrocos,Q28893605,http://www.wikidata.org/entity/Q28892646,0,32,,,
MAR,Marrocos,Q28893610,http://www.wikidata.org/entity/Q28903173,0,43,,,
MAR,Marrocos,Q28893611,http://www.wikidata.org/entity/Q28894420,0,67,,,
MAR,Marrocos,Q28893608,http://www.wikidata.org/entity/Q28907608,0,88,,,
MAR,Marrocos,Q28892580,http://www.wikidata.org/entity/Q28890801,0,72,,,
MAR,Marrocos,Q28892591,http://www.wikidata.org/entity/Q28892729,0,169,,,
MAR,Marrocos,Q28892595,http://www.wikidata.org/entity/Q28904192,0,10,,,
MAR,Marrocos,Q28892593,http://www.wikidata.org/entity/Q28896864,0,290,,,
MAR,Marrocos,Q28892602,http://www.wikidata.org/entity/Q28890784,0,14,,,
MAR,Marrocos,Q28892604,http://www.wikidata.org/entity/Q28903636,0,39,,,
MAR,Marrocos,Q28892611,http://www.wikidata.org/entity/Q28890235,0,43,,,
MAR,Marrocos,Q28892609,http://www.wikidata.org/entity/Q28906405,0,85,,,
MAR,Marrocos,Q28892614,http://www.wikidata.org/entity/Q28902313,0,186,,,
MAR,Marrocos,Q28892615,http://www.wikidata.org/entity/Q28890114,0,417,,,
MAR,Marrocos,Q28892612,http://www.wikidata.org/entity/Q28891015,0,65,,,
MAR,Marrocos,Q28892613,http://www.wikidata.org/entity/Q28903007,0,222,,,
MAR,Marrocos,Q28892616,http://www.wikidata.org/entity/Q28890263,0,224,,,
MAR,Marrocos,Q28892617,http://www.wikidata.org/entity/Q28899821,0,39,,,
MAR,Marrocos,Q28892623,http://www.wikidata.org/entity/Q28892637,0,406,,,
MAR,Marrocos,Q28892620,http://www.wikidata.org/entity/Q28896569,0,22,,,
MAR,Marrocos,Q28892621,http://www.wikidata.org/entity/Q28896631,0,51,,,
MAR,Marrocos,Q28892625,http://www.wikidata.org/entity/Q28905289,0,284,,,
MAR,Marrocos,Q28892634,http://www.wikidata.org/entity/Q28899821,0,66,,,
MAR,Marrocos,Q28892724,http://www.wikidata.org/entity/Q28891037,0,170,,,
MAR,Marrocos,Q28892730,http://www.wikidata.org/entity/Q28908293,0,215,,,
MAR,Marrocos,Q28892728,http://www.wikidata.org/entity/Q28890640,0,309,,,
MAR,Marrocos,Q28892734,http://www.wikidata.org/entity/Q28892735,0,1875,,,
MAR,Marrocos,Q28892733,http://www.wikidata.org/entity/Q28890449,0,817,,,
MAR,Marrocos,Q28892736,http://www.wikidata.org/entity/Q28902046,0,324,,,
MAR,Marrocos,Q28892737,http://www.wikidata.org/entity/Q28891190,0,1314,,,
MAR,Marrocos,Q28892742,http://www.wikidata.org/entity/Q28892712,0,505,,,
MAR,Marrocos,Q28892741,http://www.wikidata.org/entity/Q28891938,0,120,,,
MAR,Marrocos,Q28892746,http://www.wikidata.org/entity/Q28891544,0,157,,,
MAR,Marrocos,Q28892754,http://www.wikidata.org/entity/Q28905194,0,276,,,
MAR,Marrocos,Q28892758,http://www.wikidata.org/entity/Q28890640,0,403,,,
MAR,Marrocos,Q28892759,http://www.wikidata.org/entity/Q28890752,0,439,,,
MAR,Marrocos,Q28892756,http://www.wikidata.org/entity/Q28891609,0,580,,,
MAR,Marrocos,Q28892760,http://www.wikidata.org/entity/Q28891015,0,121,,,
MAR,Marrocos,Q28892761,http://www.wikidata.org/entity/Q28891467,0,303,,,
MAR,Marrocos,Q28892772,http://www.wikidata.org/entity/Q28896362,0,1240,,,
MAR,Marrocos,Q28892782,http://www.wikidata.org/entity/Q28891395,0,237,,,
MAR,Marrocos,Q28892783,http://www.wikidata.org/entity/Q28893188,0,158,,,
MAR,Marrocos,Q28892780,http://www.wikidata.org/entity/Q28891548,0,653,,,
MAR,Marrocos,Q28892786,http://www.wikidata.org/entity/Q28897373,0,144,,,
MAR,Marrocos,Q28892787,http://www.wikidata.org/entity/Q28892576,0,43,,,
MAR,Marrocos,Q28892785,http://www.wikidata.org/entity/Q28893187,0,40,,,
MAR,Marrocos,Q28892791,http://www.wikidata.org/entity/Q28902167,0,150,,,
MAR,Marrocos,Q28892788,http://www.wikidata.org/entity/Q28892573,0,115,,,
MAR,Marrocos,Q28892789,http://www.wikidata.org/entity/Q28905194,0,432,,,
MAR,Marrocos,Q28892794,http://www.wikidata.org/entity/Q28908064,0,797,,,
MAR,Marrocos,Q28892795,http://www.wikidata.org/entity/Q28896895,0,12,,,
MAR,Marrocos,Q28892792,http://www.wikidata.org/entity/Q28908858,0,24,,,
MAR,Marrocos,Q28892793,http://www.wikidata.org/entity/Q28905132,0,325,,,
MAR,Marrocos,Q28892799,http://www.wikidata.org/entity/Q28890325,0,1024,,,
MAR,Marrocos,Q28892796,http://www.wikidata.org/entity/Q28904357,0,135,,,
MAR,Marrocos,Q28892797,http://www.wikidata.org/entity/Q28903289,0,246,,,
MAR,Marrocos,Q28892803,http://www.wikidata.org/entity/Q28896252,0,192,,,
MAR,Marrocos,Q28892801,http://www.wikidata.org/entity/Q28908417,0,485,,,
MAR,Marrocos,Q28892806,http://www.wikidata.org/entity/Q28890263,0,522,,,
MAR,Marrocos,Q28892804,http://www.wikidata.org/entity/Q28895561,0,463,,,
MAR,Marrocos,Q28892805,http://www.wikidata.org/entity/Q28891893,0,468,,,
MAR,Marrocos,Q28892811,http://www.wikidata.org/entity/Q28900538,0,1504,,,
MAR,Marrocos,Q28892809,http://www.wikidata.org/entity/Q28908417,0,742,,,
MAR,Marrocos,Q28892815,http://www.wikidata.org/entity/Q28880683,0,471,,35.3943,-2.978
MAR,Marrocos,Q28892812,http://www.wikidata.org/entity/Q28894580,0,242,,,
MAR,Marrocos,Q28892813,http://www.wikidata.org/entity/Q28903636,0,91,,,
MAR,Marrocos,Q28892818,http://www.wikidata.org/entity/Q28890160,0,1196,,,
MAR,Marrocos,Q28892819,http://www.wikidata.org/entity/Q28902151,0,1103,,,
MAR,Marrocos,Q28892822,http://www.wikidata.org/entity/Q28909205,0,554,,,
MAR,Marrocos,Q28892823,http://www.wikidata.org/entity/Q28892608,0,790,,,
MAR,Marrocos,Q28892820,http://www.wikidata.org/entity/Q28902330,0,756,,,
MAR,Marrocos,Q28892821,http://www.wikidata.org/entity/Q28903687,0,39,,,
MAR,Marrocos,Q28892826,http://www.wikidata.org/entity/Q28903434,0,65,,,
MAR,Marrocos,Q28892827,http://www.wikidata.org/entity/Q28902225,0,1061,,,
MAR,Marrocos,Q28892824,http://www.wikidata.org/entity/Q28890163,0,551,,,
MAR,Marrocos,Q28892825,http://www.wikidata.org/entity/Q28902151,0,142,,,
MAR,Marrocos,Q28892828,http://www.wikidata.org/entity/Q28902225,0,115,,,
MAR,Marrocos,Q28892834,http://www.wikidata.org/entity/Q28902167,0,791,,35.16798495335,-3.6487055039406
MAR,Marrocos,Q28892835,http://www.wikidata.org/entity/Q28906452,0,201,,,
MAR,Marrocos,Q28892833,http://www.wikidata.org/entity/Q28897744,0,141,,,
MAR,Marrocos,Q28892838,http://www.wikidata.org/entity/Q28897430,0,142,,,
MAR,Marrocos,Q28892839,http://www.wikidata.org/entity/Q28893064,0,189,,,
MAR,Marrocos,Q28892836,http://www.wikidata.org/entity/Q28890400,0,450,,,
MAR,Marrocos,Q28892837,http://www.wikidata.org/entity/Q28896578,0,121,,,
MAR,Marrocos,Q28892850,http://www.wikidata.org/entity/Q28896581,0,127,,,
MAR,Marrocos,Q28892848,http://www.wikidata.org/entity/Q28908730,0,87,,,
MAR,Marrocos,Q28892854,http://www.wikidata.org/entity/Q28904994,0,192,,,
MAR,Marrocos,Q28892855,http://www.wikidata.org/entity/Q28892471,0,490,,,
MAR,Marrocos,Q28892852,http://www.wikidata.org/entity/Q28892767,0,254,,,
MAR,Marrocos,Q28892853,http://www.wikidata.org/entity/Q28905369,0,476,,,
MAR,Marrocos,Q28892858,http://www.wikidata.org/entity/Q28896548,0,378,,,
MAR,Marrocos,Q28892859,http://www.wikidata.org/entity/Q28904429,0,109,,,
MAR,Marrocos,Q28892860,http://www.wikidata.org/entity/Q28896570,0,111,,,
MAR,Marrocos,Q28892861,http://www.wikidata.org/entity/Q28906916,0,141,,,
MAR,Marrocos,Q28892866,http://www.wikidata.org/entity/Q28897466,0,227,,,
MAR,Marrocos,Q28892867,http://www.wikidata.org/entity/Q28893022,0,60,,,
MAR,Marrocos,Q28892865,http://www.wikidata.org/entity/Q28902843,0,309,,,
MAR,Marrocos,Q28892870,http://www.wikidata.org/entity/Q28890263,0,256,,,
MAR,Marrocos,Q28892868,http://www.wikidata.org/entity/Q28899610,0,188,,,
MAR,Marrocos,Q28892869,http://www.wikidata.org/entity/Q28900889,0,579,,,
MAR,Marrocos,Q28892874,http://www.wikidata.org/entity/Q28896762,0,1367,,,
MAR,Marrocos,Q28892878,http://www.wikidata.org/entity/Q28892919,0,148,,,
MAR,Marrocos,Q28892879,http://www.wikidata.org/entity/Q28892661,0,61,,,
MAR,Marrocos,Q28892876,http://www.wikidata.org/entity/Q28904192,0,96,,,
MAR,Marrocos,Q28892877,http://www.wikidata.org/entity/Q28909538,0,123,,,
MAR,Marrocos,Q28892883,http://www.wikidata.org/entity/Q28890784,0,67,,,
MAR,Marrocos,Q28892880,http://www.wikidata.org/entity/Q28896580,0,273,,,
MAR,Marrocos,Q28892881,http://www.wikidata.org/entity/Q28892011,0,27,,,
MAR,Marrocos,Q28893055,http://www.wikidata.org/entity/Q28897386,0,87,,,
MAR,Marrocos,Q28893053,http://www.wikidata.org/entity/Q28890232,0,678,,,
MAR,Marrocos,Q28893059,http://www.wikidata.org/entity/Q28898206,0,156,,,
MAR,Marrocos,Q28893057,http://www.wikidata.org/entity/Q28904636,0,641,,,
MAR,Marrocos,Q28893062,http://www.wikidata.org/entity/Q28895469,0,131,,35.182981061706,-3.3597242939472
MAR,Marrocos,Q28893066,http://www.wikidata.org/entity/Q28895370,0,183,,,
MAR,Marrocos,Q28893067,http://www.wikidata.org/entity/Q28891605,0,974,,,
MAR,Marrocos,Q28893065,http://www.wikidata.org/entity/Q28903766,0,188,,30.362277777778,-8.7919444444444
MAR,Marrocos,Q28893068,http://www.wikidata.org/entity/Q28892646,0,108,,,
MAR,Marrocos,Q28893069,http://www.wikidata.org/entity/Q28892478,0,153,,,
MAR,Marrocos,Q28893115,http://www.wikidata.org/entity/Q28903173,0,223,,,
MAR,Marrocos,Q28893113,http://www.wikidata.org/entity/Q28890482,0,591,,,
MAR,Marrocos,Q28893118,http://www.wikidata.org/entity/Q28889848,0,109,,,
MAR,Marrocos,Q28893116,http://www.wikidata.org/entity/Q28897466,0,183,,,
MAR,Marrocos,Q28893122,http://www.wikidata.org/entity/Q28901561,0,1042,,,
MAR,Marrocos,Q28893123,http://www.wikidata.org/entity/Q28893767,0,753,,,
MAR,Marrocos,Q28893120,http://www.wikidata.org/entity/Q28897386,0,86,,,
MAR,Marrocos,Q28893121,http://www.wikidata.org/entity/Q28898225,0,188,,,
MAR,Marrocos,Q28893127,http://www.wikidata.org/entity/Q28897430,0,67,,,
MAR,Marrocos,Q28893124,http://www.wikidata.org/entity/Q28891012,0,208,,,
MAR,Marrocos,Q28893125,http://www.wikidata.org/entity/Q28905407,0,411,,,
MAR,Marrocos,Q28893130,http://www.wikidata.org/entity/Q28897430,0,175,,,
MAR,Marrocos,Q28893129,http://www.wikidata.org/entity/Q28904568,0,806,,,
MAR,Marrocos,Q28893134,http://www.wikidata.org/entity/Q28903434,0,43,,,
MAR,Marrocos,Q28893132,http://www.wikidata.org/entity/Q28901929,0,67,,,
MAR,Marrocos,Q28893133,http://www.wikidata.org/entity/Q28903405,0,385,,,
MAR,Marrocos,Q28893136,http://www.wikidata.org/entity/Q28898743,0,635,,,
MAR,Marrocos,Q28893137,http://www.wikidata.org/entity/Q28906807,0,649,,,
MAR,Marrocos,Q28893147,http://www.wikidata.org/entity/Q28902337,0,455,,,
MAR,Marrocos,Q28893144,http://www.wikidata.org/entity/Q28894580,0,129,,35.224622451729,-3.6908913087845
MAR,Marrocos,Q28893145,http://www.wikidata.org/entity/Q28892722,0,89,,,
MAR,Marrocos,Q28893150,http://www.wikidata.org/entity/Q28893745,0,56,,,
MAR,Marrocos,Q28893151,http://www.wikidata.org/entity/Q28892011,0,18,,,
MAR,Marrocos,Q28893148,http://www.wikidata.org/entity/Q28902309,0,518,,,
MAR,Marrocos,Q28893149,http://www.wikidata.org/entity/Q28892232,0,132,,,
MAR,Marrocos,Q28893152,http://www.wikidata.org/entity/Q28893188,0,64,,,
MAR,Marrocos,Q28893153,http://www.wikidata.org/entity/Q28903434,0,25,,,
MAR,Marrocos,Q28893199,http://www.wikidata.org/entity/Q28892956,0,222,,,
MAR,Marrocos,Q28893203,http://www.wikidata.org/entity/Q28896569,0,53,,,
MAR,Marrocos,Q28893200,http://www.wikidata.org/entity/Q28898206,0,225,,,
MAR,Marrocos,Q28893206,http://www.wikidata.org/entity/Q28892851,0,42,,,
MAR,Marrocos,Q28893207,http://www.wikidata.org/entity/Q28891012,0,498,,,
MAR,Marrocos,Q28893204,http://www.wikidata.org/entity/Q28893543,0,67,,,
MAR,Marrocos,Q28893210,http://www.wikidata.org/entity/Q28891678,0,187,,,
MAR,Marrocos,Q28893214,http://www.wikidata.org/entity/Q28901291,0,94,,,
MAR,Marrocos,Q28893215,http://www.wikidata.org/entity/Q28893193,0,37,,,
MAR,Marrocos,Q28893212,http://www.wikidata.org/entity/Q28892232,0,78,,,
MAR,Marrocos,Q28893213,http://www.wikidata.org/entity/Q28890760,0,89,,,
MAR,Marrocos,Q28893219,http://www.wikidata.org/entity/Q28892154,0,1596,,,
MAR,Marrocos,Q28893216,http://www.wikidata.org/entity/Q28893648,0,346,,,
MAR,Marrocos,Q28893217,http://www.wikidata.org/entity/Q28905282,0,321,,,
MAR,Marrocos,Q28893222,http://www.wikidata.org/entity/Q28893767,0,583,,,
MAR,Marrocos,Q28893220,http://www.wikidata.org/entity/Q28892154,0,2676,,,
MAR,Marrocos,Q28893221,http://www.wikidata.org/entity/Q28893283,0,910,,,
MAR,Marrocos,Q28893227,http://www.wikidata.org/entity/Q28897065,0,99,,,
MAR,Marrocos,Q28893224,http://www.wikidata.org/entity/Q28891137,0,307,,,
MAR,Marrocos,Q28893225,http://www.wikidata.org/entity/Q28895788,0,614,,,
MAR,Marrocos,Q28893234,http://www.wikidata.org/entity/Q28893543,0,42,,,
MAR,Marrocos,Q28893235,http://www.wikidata.org/entity/Q28896918,0,250,,,
MAR,Marrocos,Q28893233,http://www.wikidata.org/entity/Q28886176,0,84,,,
MAR,Marrocos,Q28893238,http://www.wikidata.org/entity/Q28892573,0,277,,,
MAR,Marrocos,Q28893239,http://www.wikidata.org/entity/Q28893745,0,51,,,
MAR,Marrocos,Q28893237,http://www.wikidata.org/entity/Q28875210,0,257,,,
MAR,Marrocos,Q28893242,http://www.wikidata.org/entity/Q28892263,0,487,,,
MAR,Marrocos,Q28893243,,0,208,,,
MAR,Marrocos,Q28893240,http://www.wikidata.org/entity/Q28889894,0,269,,,
MAR,Marrocos,Q28893241,http://www.wikidata.org/entity/Q28905105,0,116,,,
MAR,Marrocos,Q28893246,http://www.wikidata.org/entity/Q28896259,0,41,,,
MAR,Marrocos,Q28893247,http://www.wikidata.org/entity/Q28890263,0,136,,,
MAR,Marrocos,Q28893244,http://www.wikidata.org/entity/Q28896200,0,643,,,
MAR,Marrocos,Q28893245,http://www.wikidata.org/entity/Q28889894,0,200,,,
MAR,Marrocos,Q28893250,http://www.wikidata.org/entity/Q28895799,0,1078,,,
MAR,Marrocos,Q28893249,http://www.wikidata.org/entity/Q28892573,0,285,,,
MAR,Marrocos,Q28893254,http://www.wikidata.org/entity/Q28897390,0,190,,,
MAR,Marrocos,Q28893255,http://www.wikidata.org/entity/Q28892573,0,181,,,
MAR,Marrocos,Q28893253,http://www.wikidata.org/entity/Q28896573,0,69,,,
MAR,Marrocos,Q28893258,http://www.wikidata.org/entity/Q28896580,0,152,,,
MAR,Marrocos,Q28893259,http://www.wikidata.org/entity/Q28903007,0,205,,,
MAR,Marrocos,Q28893256,http://www.wikidata.org/entity/Q28889848,0,28,,,
MAR,Marrocos,Q28893257,http://www.wikidata.org/entity/Q28891015,0,84,,,
MAR,Marrocos,Q28893260,http://www.wikidata.org/entity/Q28897389,0,41,,,
MAR,Marrocos,Q28893261,http://www.wikidata.org/entity/Q28906405,0,145,,,
MAR,Marrocos,Q28893591,http://www.wikidata.org/entity/Q28891374,0,439,,,
MAR,Marrocos,Q28893594,http://www.wikidata.org/entity/Q28891609,0,374,,,
MAR,Marrocos,Q28893595,http://www.wikidata.org/entity/Q28891374,0,469,,,
MAR,Marrocos,Q28893592,http://www.wikidata.org/entity/Q28890400,0,580,,,
MAR,Marrocos,Q28893593,http://www.wikidata.org/entity/Q28897386,0,29,,,
MAR,Marrocos,Q28893598,http://www.wikidata.org/entity/Q28903007,0,184,,,
MAR,Marrocos,Q28893599,http://www.wikidata.org/entity/Q28903819,0,187,,,
MAR,Marrocos,Q28893596,http://www.wikidata.org/entity/Q28891374,0,258,,,
MAR,Marrocos,Q28893597,http://www.wikidata.org/entity/Q28875217,0,70,,,
MAR,Marrocos,Q28893603,http://www.wikidata.org/entity/Q28892713,0,436,,,
MAR,Marrocos,Q28893601,http://www.wikidata.org/entity/Q28892919,0,134,,,
MAR,Marrocos,Q28893606,http://www.wikidata.org/entity/Q28903745,0,433,,,
MAR,Marrocos,Q28893607,http://www.wikidata.org/entity/Q28890114,0,153,,,
MAR,Marrocos,Q28893604,http://www.wikidata.org/entity/Q28909538,0,160,,,
MAR,Marrocos,Q28888642,http://www.wikidata.org/entity/Q28894288,0,144,,,
MAR,Marrocos,Q28888643,http://www.wikidata.org/entity/Q28894288,0,270,,,
MAR,Marrocos,Q28888641,http://www.wikidata.org/entity/Q28908834,0,869,,,
MAR,Marrocos,Q28888646,http://www.wikidata.org/entity/Q28894288,0,125,,,
MAR,Marrocos,Q28888647,http://www.wikidata.org/entity/Q28894288,0,165,,,
MAR,Marrocos,Q28888644,http://www.wikidata.org/entity/Q28894288,0,180,,,
MAR,Marrocos,Q28888645,http://www.wikidata.org/entity/Q28890232,0,58,,,
MAR,Marrocos,Q28888650,http://www.wikidata.org/entity/Q28895947,0,656,,,
MAR,Marrocos,Q28888651,http://www.wikidata.org/entity/Q28895219,0,280,,,
MAR,Marrocos,Q28888648,http://www.wikidata.org/entity/Q28894288,0,192,,,
MAR,Marrocos,Q28888649,http://www.wikidata.org/entity/Q28895947,0,126,,,
MAR,Marrocos,Q28888654,http://www.wikidata.org/entity/Q28895219,0,268,,,
MAR,Marrocos,Q28888655,http://www.wikidata.org/entity/Q28895219,0,118,,,
MAR,Marrocos,Q28888652,http://www.wikidata.org/entity/Q28895219,0,167,,,
MAR,Marrocos,Q28888653,http://www.wikidata.org/entity/Q28895219,0,306,,,
MAR,Marrocos,Q28888656,http://www.wikidata.org/entity/Q28895219,0,374,,,
MAR,Marrocos,Q28888657,http://www.wikidata.org/entity/Q28895219,0,218,,,
MAR,Marrocos,Q28888710,http://www.wikidata.org/entity/Q28894311,0,108,,,
MAR,Marrocos,Q28888711,http://www.wikidata.org/entity/Q28894311,0,233,,,
MAR,Marrocos,Q28888709,http://www.wikidata.org/entity/Q28894311,0,295,,,
MAR,Marrocos,Q28888714,http://www.wikidata.org/entity/Q28906398,0,222,,,
MAR,Marrocos,Q28888715,http://www.wikidata.org/entity/Q28896024,0,651,,,
MAR,Marrocos,Q28888712,http://www.wikidata.org/entity/Q28894311,0,530,,,
MAR,Marrocos,Q28888713,http://www.wikidata.org/entity/Q28906398,0,210,,,
MAR,Marrocos,Q28888718,http://www.wikidata.org/entity/Q28896024,0,197,,,
MAR,Marrocos,Q28888716,http://www.wikidata.org/entity/Q28896024,0,203,,,
MAR,Marrocos,Q28888717,http://www.wikidata.org/entity/Q28896024,0,132,,,
MAR,Marrocos,Q28888806,http://www.wikidata.org/entity/Q28895195,0,326,,,
MAR,Marrocos,Q28888807,http://www.wikidata.org/entity/Q28895195,0,127,,,
MAR,Marrocos,Q28888804,http://www.wikidata.org/entity/Q28895195,0,552,,,
MAR,Marrocos,Q28888805,http://www.wikidata.org/entity/Q28895195,0,8,,,
MAR,Marrocos,Q28888810,http://www.wikidata.org/entity/Q28895195,0,195,,,
MAR,Marrocos,Q28888811,http://www.wikidata.org/entity/Q28895195,0,378,,,
MAR,Marrocos,Q28888808,http://www.wikidata.org/entity/Q28895195,0,288,,,
MAR,Marrocos,Q28888809,http://www.wikidata.org/entity/Q28895195,0,184,,,
MAR,Marrocos,Q28888814,http://www.wikidata.org/entity/Q28900281,0,581,,,
MAR,Marrocos,Q28888815,http://www.wikidata.org/entity/Q28900281,0,586,,,
MAR,Marrocos,Q28888812,http://www.wikidata.org/entity/Q28895195,0,363,,,
MAR,Marrocos,Q28888813,http://www.wikidata.org/entity/Q28895195,0,418,,,
MAR,Marrocos,Q28888818,http://www.wikidata.org/entity/Q28900281,0,668,,,
MAR,Marrocos,Q28888819,http://www.wikidata.org/entity/Q28900281,0,165,,,
MAR,Marrocos,Q28888816,http://www.wikidata.org/entity/Q28900281,0,312,,,
MAR,Marrocos,Q28888817,http://www.wikidata.org/entity/Q28900281,0,613,,,
MAR,Marrocos,Q28888822,http://www.wikidata.org/entity/Q28900281,0,832,,,
MAR,Marrocos,Q28888820,http://www.wikidata.org/entity/Q28900281,0,979,,,
MAR,Marrocos,Q28888821,http://www.wikidata.org/entity/Q28900281,0,755,,,
MAR,Marrocos,Q28888826,http://www.wikidata.org/entity/Q28900281,0,313,,,
MAR,Marrocos,Q28888827,http://www.wikidata.org/entity/Q28896019,0,177,,,
MAR,Marrocos,Q28888824,http://www.wikidata.org/entity/Q28900281,0,296,,,
MAR,Marrocos,Q28888825,http://www.wikidata.org/entity/Q28900281,0,43,,,
MAR,Marrocos,Q28888830,http://www.wikidata.org/entity/Q28896019,0,281,,,
MAR,Marrocos,Q28888831,http://www.wikidata.org/entity/Q28896019,0,327,,,
MAR,Marrocos,Q28888829,http://www.wikidata.org/entity/Q28896019,0,312,,,
MAR,Marrocos,Q28888834,http://www.wikidata.org/entity/Q28896018,0,502,,,
MAR,Marrocos,Q28888835,http://www.wikidata.org/entity/Q28896018,0,323,,,
MAR,Marrocos,Q28888832,http://www.wikidata.org/entity/Q28896019,0,396,,,
MAR,Marrocos,Q28888833,http://www.wikidata.org/entity/Q28896019,0,291,,,
MAR,Marrocos,Q28888838,http://www.wikidata.org/entity/Q28896018,0,56,,,
MAR,Marrocos,Q28888839,http://www.wikidata.org/entity/Q28896018,0,571,,,
MAR,Marrocos,Q28888836,http://www.wikidata.org/entity/Q28896018,0,118,,,
MAR,Marrocos,Q28888837,http://www.wikidata.org/entity/Q28896018,0,317,,,
MAR,Marrocos,Q28888842,http://www.wikidata.org/entity/Q28896018,0,191,,,
MAR,Marrocos,Q28888843,http://www.wikidata.org/entity/Q28896018,0,132,,,
MAR,Marrocos,Q28888840,http://www.wikidata.org/entity/Q28896018,0,313,,,
MAR,Marrocos,Q28888846,http://www.wikidata.org/entity/Q28896018,0,383,,,
MAR,Marrocos,Q28888847,http://www.wikidata.org/entity/Q28896018,0,622,,,
MAR,Marrocos,Q28888844,http://www.wikidata.org/entity/Q28896018,0,169,,,
MAR,Marrocos,Q28888845,http://www.wikidata.org/entity/Q28896018,0,185,,,
MAR,Marrocos,Q28888850,http://www.wikidata.org/entity/Q28896018,0,478,,,
MAR,Marrocos,Q28888848,http://www.wikidata.org/entity/Q28896018,0,243,,,
MAR,Marrocos,Q28888849,http://www.wikidata.org/entity/Q28896018,0,321,,,
MAR,Marrocos,Q28888854,http://www.wikidata.org/entity/Q28888852,0,89,,,
MAR,Marrocos,Q28888855,http://www.wikidata.org/entity/Q28888852,0,211,,,
MAR,Marrocos,Q28888853,http://www.wikidata.org/entity/Q28888852,0,58,,,
MAR,Marrocos,Q28888858,http://www.wikidata.org/entity/Q28888852,0,150,,,
MAR,Marrocos,Q28888859,http://www.wikidata.org/entity/Q28888852,0,136,,,
MAR,Marrocos,Q28888856,http://www.wikidata.org/entity/Q28888852,0,116,,,
MAR,Marrocos,Q28888857,http://www.wikidata.org/entity/Q28888852,0,248,,,
MAR,Marrocos,Q28888862,http://www.wikidata.org/entity/Q28888852,0,228,,,
MAR,Marrocos,Q28888863,http://www.wikidata.org/entity/Q28888852,0,233,,,
MAR,Marrocos,Q28888860,http://www.wikidata.org/entity/Q28888852,0,114,,,
MAR,Marrocos,Q28888861,http://www.wikidata.org/entity/Q28888852,0,696,,,
MAR,Marrocos,Q28888866,http://www.wikidata.org/entity/Q28888852,0,75,,,
MAR,Marrocos,Q28888867,http://www.wikidata.org/entity/Q28888852,0,194,,,
MAR,Marrocos,Q28888864,http://www.wikidata.org/entity/Q28888852,0,226,,,
MAR,Marrocos,Q28888865,http://www.wikidata.org/entity/Q28888852,0,216,,,
MAR,Marrocos,Q28888870,http://www.wikidata.org/entity/Q28888852,0,329,,,
MAR,Marrocos,Q28888871,http://www.wikidata.org/entity/Q28888852,0,144,,,
MAR,Marrocos,Q28888868,http://www.wikidata.org/entity/Q28888852,0,276,,,
MAR,Marrocos,Q28888869,http://www.wikidata.org/entity/Q28888852,0,240,,,
MAR,Marrocos,Q28888874,http://www.wikidata.org/entity/Q28908915,0,653,,,
MAR,Marrocos,Q28888875,http://www.wikidata.org/entity/Q28908915,0,564,,,
MAR,Marrocos,Q28888872,http://www.wikidata.org/entity/Q28888852,0,302,,,
MAR,Marrocos,Q28888873,http://www.wikidata.org/entity/Q28898672,0,799,,,
MAR,Marrocos,Q28888958,http://www.wikidata.org/entity/Q28895579,0,121,,,
MAR,Marrocos,Q28888959,http://www.wikidata.org/entity/Q28895579,0,213,,,
MAR,Marrocos,Q28889223,http://www.wikidata.org/entity/Q28895056,0,751,,,
MAR,Marrocos,Q28889226,http://www.wikidata.org/entity/Q28895056,0,166,,,
MAR,Marrocos,Q28889227,http://www.wikidata.org/entity/Q28895056,0,114,,,
MAR,Marrocos,Q28889224,http://www.wikidata.org/entity/Q28895056,0,778,,,
MAR,Marrocos,Q28889225,http://www.wikidata.org/entity/Q28895056,0,348,,,
MAR,Marrocos,Q28889230,http://www.wikidata.org/entity/Q28898737,0,1090,,,
MAR,Marrocos,Q28889229,http://www.wikidata.org/entity/Q28898737,0,593,,,
MAR,Marrocos,Q28889232,http://www.wikidata.org/entity/Q28898737,0,546,,,
MAR,Marrocos,Q28889238,http://www.wikidata.org/entity/Q28895748,0,601,,,
MAR,Marrocos,Q28889239,http://www.wikidata.org/entity/Q28895748,0,703,,,
MAR,Marrocos,Q28889237,http://www.wikidata.org/entity/Q28898737,0,293,,,
MAR,Marrocos,Q28889242,http://www.wikidata.org/entity/Q28895748,0,1857,,,
MAR,Marrocos,Q28889243,http://www.wikidata.org/entity/Q28895748,0,564,,,
MAR,Marrocos,Q28889240,http://www.wikidata.org/entity/Q28895748,0,839,,,
MAR,Marrocos,Q28889241,http://www.wikidata.org/entity/Q28895748,0,385,,,
MAR,Marrocos,Q28889246,http://www.wikidata.org/entity/Q28895748,0,747,,,
MAR,Marrocos,Q28889244,http://www.wikidata.org/entity/Q28895748,0,138,,,
MAR,Marrocos,Q28889245,http://www.wikidata.org/entity/Q28895748,0,255,,,
MAR,Marrocos,Q28889279,http://www.wikidata.org/entity/Q28894443,0,319,,,
MAR,Marrocos,Q28889282,http://www.wikidata.org/entity/Q28894443,0,464,,,
MAR,Marrocos,Q28889283,http://www.wikidata.org/entity/Q28894443,0,345,,,
MAR,Marrocos,Q28889280,http://www.wikidata.org/entity/Q28894443,0,620,,,
MAR,Marrocos,Q28889281,http://www.wikidata.org/entity/Q28894443,0,727,,,
MAR,Marrocos,Q28889286,http://www.wikidata.org/entity/Q28894443,0,776,,,
MAR,Marrocos,Q28889287,http://www.wikidata.org/entity/Q28894443,0,416,,,
MAR,Marrocos,Q28889284,http://www.wikidata.org/entity/Q28894443,0,540,,,
MAR,Marrocos,Q28889288,http://www.wikidata.org/entity/Q28894443,0,393,,,
MAR,Marrocos,Q28889311,http://www.wikidata.org/entity/Q28896211,0,2841,,,
MAR,Marrocos,Q28889312,http://www.wikidata.org/entity/Q28896211,0,208,,,
MAR,Marrocos,Q28889331,http://www.wikidata.org/entity/Q28895202,0,767,,,
MAR,Marrocos,Q28889334,http://www.wikidata.org/entity/Q27511833,0,932,,,
MAR,Marrocos,Q28889335,http://www.wikidata.org/entity/Q27511833,0,731,,,
MAR,Marrocos,Q28889332,http://www.wikidata.org/entity/Q28895202,0,75,,,
MAR,Marrocos,Q28889333,http://www.wikidata.org/entity/Q27511833,0,732,,,
MAR,Marrocos,Q28889338,http://www.wikidata.org/entity/Q27511833,0,890,,,
MAR,Marrocos,Q28889339,http://www.wikidata.org/entity/Q27511833,0,75,,,
MAR,Marrocos,Q28889336,http://www.wikidata.org/entity/Q27511833,0,489,,,
MAR,Marrocos,Q28889337,http://www.wikidata.org/entity/Q27511833,0,1019,,,
MAR,Marrocos,Q28889342,http://www.wikidata.org/entity/Q27511833,0,955,,,
MAR,Marrocos,Q28889343,http://www.wikidata.org/entity/Q27511833,0,104,,,
MAR,Marrocos,Q28889340,http://www.wikidata.org/entity/Q27511833,0,140,,,
MAR,Marrocos,Q28889341,http://www.wikidata.org/entity/Q27511833,0,302,,,
MAR,Marrocos,Q28889346,http://www.wikidata.org/entity/Q28895255,0,9,,,
MAR,Marrocos,Q28889347,http://www.wikidata.org/entity/Q28895255,0,930,,,
MAR,Marrocos,Q28889345,http://www.wikidata.org/entity/Q27511833,0,627,,,
MAR,Marrocos,Q28889350,http://www.wikidata.org/entity/Q28895255,0,1200,,,
MAR,Marrocos,Q28889351,http://www.wikidata.org/entity/Q28895852,0,2234,,,
MAR,Marrocos,Q28889348,http://www.wikidata.org/entity/Q28895255,0,725,,,
MAR,Marrocos,Q28889349,http://www.wikidata.org/entity/Q28895255,0,3343,,,
MAR,Marrocos,Q28889352,http://www.wikidata.org/entity/Q28895852,0,819,,,
MAR,Marrocos,Q28889358,http://www.wikidata.org/entity/Q28903498,0,356,,,
MAR,Marrocos,Q28889359,http://www.wikidata.org/entity/Q28903498,0,624,,,
MAR,Marrocos,Q28889357,http://www.wikidata.org/entity/Q28903498,0,732,,,
MAR,Marrocos,Q28889362,http://www.wikidata.org/entity/Q28906683,0,498,,,
MAR,Marrocos,Q28889360,http://www.wikidata.org/entity/Q28903498,0,334,,,
MAR,Marrocos,Q28889366,http://www.wikidata.org/entity/Q28906683,0,300,,,
MAR,Marrocos,Q28889367,http://www.wikidata.org/entity/Q28906683,0,352,,,
MAR,Marrocos,Q28889364,http://www.wikidata.org/entity/Q28906683,0,1433,,,
MAR,Marrocos,Q28889365,http://www.wikidata.org/entity/Q28906683,0,974,,,
MAR,Marrocos,Q28889368,http://www.wikidata.org/entity/Q28906683,0,156,,,
MAR,Marrocos,Q28889475,http://www.wikidata.org/entity/Q28900486,0,191,,,
MAR,Marrocos,Q28889478,http://www.wikidata.org/entity/Q28897652,0,142,,,
MAR,Marrocos,Q28889479,http://www.wikidata.org/entity/Q28897652,0,467,,,
MAR,Marrocos,Q28889476,http://www.wikidata.org/entity/Q28897652,0,408,,,
MAR,Marrocos,Q28889477,http://www.wikidata.org/entity/Q28897652,0,208,,,
MAR,Marrocos,Q28889482,http://www.wikidata.org/entity/Q28897652,0,347,,,
MAR,Marrocos,Q28889483,http://www.wikidata.org/entity/Q28897652,0,223,,,
MAR,Marrocos,Q28889480,http://www.wikidata.org/entity/Q28897652,0,52,,,
MAR,Marrocos,Q28889481,http://www.wikidata.org/entity/Q28897652,0,884,,,
MAR,Marrocos,Q28889486,http://www.wikidata.org/entity/Q28897652,0,905,,,
MAR,Marrocos,Q28889487,http://www.wikidata.org/entity/Q28897652,0,2248,,,
MAR,Marrocos,Q28889484,http://www.wikidata.org/entity/Q28897652,0,346,,,
MAR,Marrocos,Q28889485,http://www.wikidata.org/entity/Q28897652,0,553,,,
MAR,Marrocos,Q28889490,http://www.wikidata.org/entity/Q28897652,0,261,,,
MAR,Marrocos,Q28889491,http://www.wikidata.org/entity/Q28897652,0,66,,,
MAR,Marrocos,Q28889488,http://www.wikidata.org/entity/Q28897652,0,711,,,
MAR,Marrocos,Q28889489,http://www.wikidata.org/entity/Q28897652,0,227,,,
MAR,Marrocos,Q28889494,http://www.wikidata.org/entity/Q28897652,0,216,,,
MAR,Marrocos,Q28889495,http://www.wikidata.org/entity/Q28897652,0,247,,,
MAR,Marrocos,Q28889492,http://www.wikidata.org/entity/Q28897652,0,135,,,
MAR,Marrocos,Q28889493,http://www.wikidata.org/entity/Q28897652,0,535,,,
MAR,Marrocos,Q28889498,http://www.wikidata.org/entity/Q28897652,0,169,,,
MAR,Marrocos,Q28889499,http://www.wikidata.org/entity/Q28897652,0,112,,,
MAR,Marrocos,Q28889496,http://www.wikidata.org/entity/Q28897652,0,488,,,
MAR,Marrocos,Q28889502,http://www.wikidata.org/entity/Q28897652,0,638,,,
MAR,Marrocos,Q28889500,http://www.wikidata.org/entity/Q28897652,0,264,,,
MAR,Marrocos,Q28889507,http://www.wikidata.org/entity/Q28900955,0,889,,,
MAR,Marrocos,Q28889508,http://www.wikidata.org/entity/Q28900955,0,621,,,
MAR,Marrocos,Q28889514,http://www.wikidata.org/entity/Q28900955,0,1521,,,
MAR,Marrocos,Q28889513,http://www.wikidata.org/entity/Q28900955,0,397,,,
MAR,Marrocos,Q28889583,http://www.wikidata.org/entity/Q28902133,0,166,,,
MAR,Marrocos,Q28889580,http://www.wikidata.org/entity/Q28907221,0,26,,,
MAR,Marrocos,Q28889581,http://www.wikidata.org/entity/Q28907842,0,491,,,
MAR,Marrocos,Q28889586,http://www.wikidata.org/entity/Q28907842,0,240,,,
MAR,Marrocos,Q28889589,http://www.wikidata.org/entity/Q28907842,0,360,,,
MAR,Marrocos,Q28889595,http://www.wikidata.org/entity/Q28895108,0,530,,,
MAR,Marrocos,Q28889598,http://www.wikidata.org/entity/Q28895108,0,689,,,
MAR,Marrocos,Q28889599,http://www.wikidata.org/entity/Q28895108,0,426,,,
MAR,Marrocos,Q28889596,http://www.wikidata.org/entity/Q28895108,0,432,,,
MAR,Marrocos,Q28889597,http://www.wikidata.org/entity/Q28895108,0,677,,,
MAR,Marrocos,Q28889710,http://www.wikidata.org/entity/Q28897604,0,713,,,
MAR,Marrocos,Q28889711,http://www.wikidata.org/entity/Q28897604,0,303,,,
MAR,Marrocos,Q28889708,http://www.wikidata.org/entity/Q28897604,0,560,,,
MAR,Marrocos,Q28889709,http://www.wikidata.org/entity/Q28897604,0,1519,,,
MAR,Marrocos,Q28889712,http://www.wikidata.org/entity/Q28897604,0,621,,,
MAR,Marrocos,Q28889713,http://www.wikidata.org/entity/Q28897604,0,536,,,
MAR,Marrocos,Q28889751,http://www.wikidata.org/entity/Q28895253,0,1222,,,
MAR,Marrocos,Q28889754,http://www.wikidata.org/entity/Q28895253,0,622,,,
MAR,Marrocos,Q28889755,http://www.wikidata.org/entity/Q28895253,0,543,,,
MAR,Marrocos,Q28889752,http://www.wikidata.org/entity/Q28895253,0,1591,,,
MAR,Marrocos,Q28889753,http://www.wikidata.org/entity/Q28895253,0,643,,,
MAR,Marrocos,Q28889758,http://www.wikidata.org/entity/Q28895253,0,371,,,
MAR,Marrocos,Q28889756,http://www.wikidata.org/entity/Q28895253,0,307,,,
MAR,Marrocos,Q28889757,http://www.wikidata.org/entity/Q28895253,0,231,,,
MAR,Marrocos,Q28889762,http://www.wikidata.org/entity/Q28895253,0,845,,,
MAR,Marrocos,Q28889763,http://www.wikidata.org/entity/Q28895253,0,940,,,
MAR,Marrocos,Q28889760,http://www.wikidata.org/entity/Q28895253,0,199,,,
MAR,Marrocos,Q28889761,http://www.wikidata.org/entity/Q28895253,0,247,,,
MAR,Marrocos,Q28889764,http://www.wikidata.org/entity/Q28895253,0,698,,,
MAR,Marrocos,Q28889765,http://www.wikidata.org/entity/Q28895253,0,718,,,
MAR,Marrocos,Q28889882,http://www.wikidata.org/entity/Q28902164,0,47,,,
MAR,Marrocos,Q28889887,http://www.wikidata.org/entity/Q28907009,0,300,,,
MAR,Marrocos,Q28889884,http://www.wikidata.org/entity/Q28902333,0,414,,,
MAR,Marrocos,Q28889890,http://www.wikidata.org/entity/Q28910148,0,279,,,
MAR,Marrocos,Q28889888,http://www.wikidata.org/entity/Q28908271,0,432,,,
MAR,Marrocos,Q28889889,http://www.wikidata.org/entity/Q28897614,0,723,,,
MAR,Marrocos,Q28889895,http://www.wikidata.org/entity/Q28899017,0,30,,,
MAR,Marrocos,Q28889892,http://www.wikidata.org/entity/Q28901527,0,230,,,
MAR,Marrocos,Q28889898,http://www.wikidata.org/entity/Q28894921,0,243,,,
MAR,Marrocos,Q28889899,http://www.wikidata.org/entity/Q28894921,0,250,,,
MAR,Marrocos,Q28889902,http://www.wikidata.org/entity/Q28902843,0,34,,,
MAR,Marrocos,Q28889901,http://www.wikidata.org/entity/Q28882695,0,140,,,
MAR,Marrocos,Q28889906,http://www.wikidata.org/entity/Q28890433,0,460,,,
MAR,Marrocos,Q28889907,http://www.wikidata.org/entity/Q28897170,0,500,,,
MAR,Marrocos,Q28889904,http://www.wikidata.org/entity/Q28894720,0,127,,,
MAR,Marrocos,Q28889905,http://www.wikidata.org/entity/Q28908840,0,303,,,
MAR,Marrocos,Q28889910,http://www.wikidata.org/entity/Q28899052,0,108,,,
MAR,Marrocos,Q28889909,http://www.wikidata.org/entity/Q28907695,0,33,,,
MAR,Marrocos,Q28889915,http://www.wikidata.org/entity/Q28898910,0,756,,,
MAR,Marrocos,Q28889912,http://www.wikidata.org/entity/Q28899265,0,695,,,
MAR,Marrocos,Q28890134,http://www.wikidata.org/entity/Q28883224,0,349,,,
MAR,Marrocos,Q28890133,http://www.wikidata.org/entity/Q28893745,0,47,,,
MAR,Marrocos,Q28890159,http://www.wikidata.org/entity/Q28891394,0,574,,,
MAR,Marrocos,Q28890157,http://www.wikidata.org/entity/Q28909534,0,31,,,
MAR,Marrocos,Q28890162,http://www.wikidata.org/entity/Q28893543,0,30,,,
MAR,Marrocos,Q28890161,http://www.wikidata.org/entity/Q28908293,0,169,,,
MAR,Marrocos,Q28890166,http://www.wikidata.org/entity/Q28891748,0,115,,,
MAR,Marrocos,Q28890167,http://www.wikidata.org/entity/Q28886176,0,33,,,
MAR,Marrocos,Q28890170,http://www.wikidata.org/entity/Q28890384,0,219,,,
MAR,Marrocos,Q28890171,http://www.wikidata.org/entity/Q28891016,0,414,,,
MAR,Marrocos,Q28890168,http://www.wikidata.org/entity/Q28900878,0,653,,,
MAR,Marrocos,Q28890174,http://www.wikidata.org/entity/Q28890449,0,289,,,
MAR,Marrocos,Q28890175,http://www.wikidata.org/entity/Q28891072,0,255,,,
MAR,Marrocos,Q28890172,http://www.wikidata.org/entity/Q28891657,0,953,,,
MAR,Marrocos,Q28890173,http://www.wikidata.org/entity/Q28890384,0,112,,,
MAR,Marrocos,Q28890179,http://www.wikidata.org/entity/Q28896631,0,209,,,
MAR,Marrocos,Q28890176,http://www.wikidata.org/entity/Q28890282,0,49,,,
MAR,Marrocos,Q28890177,http://www.wikidata.org/entity/Q28893627,0,74,,,
MAR,Marrocos,Q28890182,http://www.wikidata.org/entity/Q28886176,0,48,,,
MAR,Marrocos,Q28890180,http://www.wikidata.org/entity/Q28897775,0,349,,,
MAR,Marrocos,Q28890184,http://www.wikidata.org/entity/Q28890625,0,29,,,
MAR,Marrocos,Q28890190,http://www.wikidata.org/entity/Q28892851,0,14,,,
MAR,Marrocos,Q28890188,http://www.wikidata.org/entity/Q28891055,0,449,,,
MAR,Marrocos,Q28890189,http://www.wikidata.org/entity/Q28899733,0,160,,,
MAR,Marrocos,Q28890192,http://www.wikidata.org/entity/Q28891129,0,522,,,
MAR,Marrocos,Q28890222,http://www.wikidata.org/entity/Q28880936,0,300,,,
MAR,Marrocos,Q28890223,http://www.wikidata.org/entity/Q28891707,0,315,,,
MAR,Marrocos,Q28890220,http://www.wikidata.org/entity/Q28897466,0,206,,,
MAR,Marrocos,Q28890226,http://www.wikidata.org/entity/Q28886176,0,29,,,
MAR,Marrocos,Q28890227,http://www.wikidata.org/entity/Q28909528,0,296,,,
MAR,Marrocos,Q28890230,http://www.wikidata.org/entity/Q28896570,0,118,,,
MAR,Marrocos,Q28890231,http://www.wikidata.org/entity/Q28893745,0,17,,,
MAR,Marrocos,Q28890234,http://www.wikidata.org/entity/Q28882883,0,324,,,
MAR,Marrocos,Q28890233,http://www.wikidata.org/entity/Q28890846,0,443,,,
MAR,Marrocos,Q28890243,http://www.wikidata.org/entity/Q28891692,0,45,,,
MAR,Marrocos,Q28890240,http://www.wikidata.org/entity/Q28897980,0,516,,,
MAR,Marrocos,Q28890246,http://www.wikidata.org/entity/Q28892055,0,623,,,
MAR,Marrocos,Q28890244,http://www.wikidata.org/entity/Q28908194,0,222,,,
MAR,Marrocos,Q28890245,http://www.wikidata.org/entity/Q28901147,0,35,,,
MAR,Marrocos,Q28890250,http://www.wikidata.org/entity/Q28892309,0,414,,,
MAR,Marrocos,Q28890251,http://www.wikidata.org/entity/Q28891015,0,74,,,
MAR,Marrocos,Q28890255,http://www.wikidata.org/entity/Q28901553,0,300,,,
MAR,Marrocos,Q28890252,http://www.wikidata.org/entity/Q28891326,0,507,,,
MAR,Marrocos,Q28890259,http://www.wikidata.org/entity/Q28892011,0,40,,,
MAR,Marrocos,Q28890260,http://www.wikidata.org/entity/Q28889848,0,158,,,
MAR,Marrocos,Q28890261,http://www.wikidata.org/entity/Q28892576,0,190,,,
MAR,Marrocos,Q28890266,http://www.wikidata.org/entity/Q28892073,0,991,,,
MAR,Marrocos,Q28890267,http://www.wikidata.org/entity/Q28907510,0,577,,,
MAR,Marrocos,Q28890265,http://www.wikidata.org/entity/Q28896570,0,45,,,
MAR,Marrocos,Q28890269,http://www.wikidata.org/entity/Q28902843,0,252,,,
MAR,Marrocos,Q28890274,http://www.wikidata.org/entity/Q28901291,0,178,,,
MAR,Marrocos,Q28890275,http://www.wikidata.org/entity/Q28890276,0,993,,,
MAR,Marrocos,Q28890279,http://www.wikidata.org/entity/Q28890390,0,84,,,
MAR,Marrocos,Q28890283,http://www.wikidata.org/entity/Q28891196,0,196,,,
MAR,Marrocos,Q28890280,http://www.wikidata.org/entity/Q28889848,0,70,,,
MAR,Marrocos,Q28890281,http://www.wikidata.org/entity/Q28892651,0,556,,,
MAR,Marrocos,Q28890290,http://www.wikidata.org/entity/Q28896364,0,662,,,
MAR,Marrocos,Q28890291,http://www.wikidata.org/entity/Q28891576,0,1134,,,
MAR,Marrocos,Q28890289,http://www.wikidata.org/entity/Q28901929,0,182,,,
MAR,Marrocos,Q28890293,http://www.wikidata.org/entity/Q28891576,0,532,,,
MAR,Marrocos,Q28890703,http://www.wikidata.org/entity/Q28895029,0,154,,,
MAR,Marrocos,Q28890707,http://www.wikidata.org/entity/Q28905132,0,268,,,
MAR,Marrocos,Q28890899,http://www.wikidata.org/entity/Q28909176,0,68,,,
MAR,Marrocos,Q28890902,http://www.wikidata.org/entity/Q28909528,0,613,,,
MAR,Marrocos,Q28890903,http://www.wikidata.org/entity/Q28890846,0,47,,,
MAR,Marrocos,Q28890900,http://www.wikidata.org/entity/Q28909176,0,448,,,
MAR,Marrocos,Q28890901,http://www.wikidata.org/entity/Q28891368,0,1248,,,
MAR,Marrocos,Q28890906,http://www.wikidata.org/entity/Q28890228,0,485,,,
MAR,Marrocos,Q28890907,http://www.wikidata.org/entity/Q28891979,0,885,,,
MAR,Marrocos,Q28890904,http://www.wikidata.org/entity/Q28891116,0,28,,,
MAR,Marrocos,Q28890905,http://www.wikidata.org/entity/Q28897775,0,382,,,
MAR,Marrocos,Q28890910,http://www.wikidata.org/entity/Q28891037,0,50,,,
MAR,Marrocos,Q28890911,http://www.wikidata.org/entity/Q28897811,0,327,,,
MAR,Marrocos,Q28890909,http://www.wikidata.org/entity/Q28890384,0,356,,,
MAR,Marrocos,Q28890915,http://www.wikidata.org/entity/Q28891687,0,224,,,
MAR,Marrocos,Q28890913,http://www.wikidata.org/entity/Q28890912,0,452,,,
MAR,Marrocos,Q28890918,http://www.wikidata.org/entity/Q28896788,0,483,,,
MAR,Marrocos,Q28890919,http://www.wikidata.org/entity/Q28890665,0,521,,,
MAR,Marrocos,Q28890916,http://www.wikidata.org/entity/Q28891016,0,213,,,
MAR,Marrocos,Q28890922,http://www.wikidata.org/entity/Q28890448,0,419,,,
MAR,Marrocos,Q28890923,http://www.wikidata.org/entity/Q28891016,0,223,,,
MAR,Marrocos,Q28890921,http://www.wikidata.org/entity/Q28891687,0,552,,,
MAR,Marrocos,Q28890927,http://www.wikidata.org/entity/Q28896252,0,56,,,
MAR,Marrocos,Q28890925,http://www.wikidata.org/entity/Q28897474,0,306,,,
MAR,Marrocos,Q28890928,http://www.wikidata.org/entity/Q28906405,0,52,,,
MAR,Marrocos,Q28890929,http://www.wikidata.org/entity/Q28890228,0,194,,,
MAR,Marrocos,Q28890935,http://www.wikidata.org/entity/Q28891707,0,221,,,
MAR,Marrocos,Q28891363,http://www.wikidata.org/entity/Q28891708,0,432,,,
MAR,Marrocos,Q28891367,http://www.wikidata.org/entity/Q28906405,0,81,,,
MAR,Marrocos,Q28891364,http://www.wikidata.org/entity/Q28891422,0,450,,,
MAR,Marrocos,Q28891365,http://www.wikidata.org/entity/Q28891708,0,265,,,
MAR,Marrocos,Q28891370,http://www.wikidata.org/entity/Q28889836,0,215,,,
MAR,Marrocos,Q28891407,http://www.wikidata.org/entity/Q28891657,0,485,,,
MAR,Marrocos,Q28891410,http://www.wikidata.org/entity/Q28891748,0,207,,,
MAR,Marrocos,Q28891409,http://www.wikidata.org/entity/Q28892055,0,541,,,
MAR,Marrocos,Q28891474,http://www.wikidata.org/entity/Q28892284,0,190,,,
MAR,Marrocos,Q28891475,http://www.wikidata.org/entity/Q28890800,0,378,,,
MAR,Marrocos,Q28891478,http://www.wikidata.org/entity/Q28901298,0,130,,,
MAR,Marrocos,Q28891476,http://www.wikidata.org/entity/Q28891300,0,869,,,
MAR,Marrocos,Q28891483,http://www.wikidata.org/entity/Q28903629,0,31,,,
MAR,Marrocos,Q28891480,http://www.wikidata.org/entity/Q28890254,0,233,,,
MAR,Marrocos,Q28891486,http://www.wikidata.org/entity/Q28897483,0,86,,,
MAR,Marrocos,Q28891487,http://www.wikidata.org/entity/Q28893161,0,737,,,
MAR,Marrocos,Q28891488,http://www.wikidata.org/entity/Q28890228,0,186,,,
MAR,Marrocos,Q28891489,http://www.wikidata.org/entity/Q28890791,0,184,,,
MAR,Marrocos,Q28891494,http://www.wikidata.org/entity/Q28909425,0,330,,,
MAR,Marrocos,Q28891495,http://www.wikidata.org/entity/Q28890799,0,217,,,
MAR,Marrocos,Q28891492,http://www.wikidata.org/entity/Q28890799,0,289,,,
MAR,Marrocos,Q28891493,http://www.wikidata.org/entity/Q28908194,0,509,,,
MAR,Marrocos,Q28891496,http://www.wikidata.org/entity/Q28890800,0,83,,,
MAR,Marrocos,Q28891506,http://www.wikidata.org/entity/Q28891163,0,422,,,
MAR,Marrocos,Q28891507,http://www.wikidata.org/entity/Q28891164,0,83,,,
MAR,Marrocos,Q28891504,http://www.wikidata.org/entity/Q28891395,0,146,,,
MAR,Marrocos,Q28891510,http://www.wikidata.org/entity/Q28892264,0,476,,,
MAR,Marrocos,Q28891508,http://www.wikidata.org/entity/Q28902313,0,36,,,
MAR,Marrocos,Q28891509,http://www.wikidata.org/entity/Q28892608,0,525,,,
MAR,Marrocos,Q28891512,http://www.wikidata.org/entity/Q28890800,0,1097,,,
MAR,Marrocos,Q28891513,http://www.wikidata.org/entity/Q28891609,0,884,,,
MAR,Marrocos,Q28892006,http://www.wikidata.org/entity/Q28896364,0,208,,,
MAR,Marrocos,Q28892007,http://www.wikidata.org/entity/Q28897550,0,510,,,
MAR,Marrocos,Q28892008,http://www.wikidata.org/entity/Q28897844,0,46,,,
MAR,Marrocos,Q28892018,http://www.wikidata.org/entity/Q28882883,0,72,,,
MAR,Marrocos,Q28892022,http://www.wikidata.org/entity/Q28891572,0,1077,,,
MAR,Marrocos,Q28892023,http://www.wikidata.org/entity/Q28891547,0,311,,,
MAR,Marrocos,Q28892020,http://www.wikidata.org/entity/Q28890717,0,1730,,,
MAR,Marrocos,Q28892021,http://www.wikidata.org/entity/Q28892131,0,429,,,
MAR,Marrocos,Q28892026,http://www.wikidata.org/entity/Q28906405,0,91,,,
MAR,Marrocos,Q28892027,http://www.wikidata.org/entity/Q28883224,0,132,,,
MAR,Marrocos,Q28892025,http://www.wikidata.org/entity/Q28886176,0,11,,,
MAR,Marrocos,Q28892031,http://www.wikidata.org/entity/Q28890791,0,86,,,
MAR,Marrocos,Q28892035,http://www.wikidata.org/entity/Q28891015,0,297,,,
MAR,Marrocos,Q28892033,http://www.wikidata.org/entity/Q28891523,0,258,,,
MAR,Marrocos,Q28892038,http://www.wikidata.org/entity/Q28891467,0,130,,,
MAR,Marrocos,Q28892039,http://www.wikidata.org/entity/Q28890787,0,27,,,
MAR,Marrocos,Q28892036,http://www.wikidata.org/entity/Q28892037,0,838,,,
MAR,Marrocos,Q28892043,http://www.wikidata.org/entity/Q28892594,0,155,,,
MAR,Marrocos,Q28892040,http://www.wikidata.org/entity/Q28892722,0,389,,,
MAR,Marrocos,Q28892041,http://www.wikidata.org/entity/Q28891055,0,1488,,,
MAR,Marrocos,Q28892046,http://www.wikidata.org/entity/Q28907510,0,862,,,
MAR,Marrocos,Q28892047,http://www.wikidata.org/entity/Q28908178,0,152,,,
MAR,Marrocos,Q28892045,http://www.wikidata.org/entity/Q28891572,0,456,,,
MAR,Marrocos,Q28892048,http://www.wikidata.org/entity/Q28892131,0,451,,,
MAR,Marrocos,Q28892049,http://www.wikidata.org/entity/Q28892579,0,148,,,
MAR,Marrocos,Q28892054,http://www.wikidata.org/entity/Q28890114,0,274,,,
MAR,Marrocos,Q28892053,http://www.wikidata.org/entity/Q28886176,0,7,,,
MAR,Marrocos,Q28892058,http://www.wikidata.org/entity/Q28892032,0,230,,,
MAR,Marrocos,Q28892056,http://www.wikidata.org/entity/Q28897474,0,296,,,
MAR,Marrocos,Q28892057,http://www.wikidata.org/entity/Q28891326,0,651,,,
MAR,Marrocos,Q28892062,http://www.wikidata.org/entity/Q28890800,0,133,,,
MAR,Marrocos,Q28892063,http://www.wikidata.org/entity/Q28890799,0,239,,,
MAR,Marrocos,Q28892066,http://www.wikidata.org/entity/Q28898998,0,654,,,
MAR,Marrocos,Q28892067,http://www.wikidata.org/entity/Q28898998,0,845,,,
MAR,Marrocos,Q28892064,http://www.wikidata.org/entity/Q28898846,0,790,,,
MAR,Marrocos,Q28892065,http://www.wikidata.org/entity/Q28893767,0,206,,,
MAR,Marrocos,Q28892070,http://www.wikidata.org/entity/Q28893767,0,144,,,
MAR,Marrocos,Q28892068,http://www.wikidata.org/entity/Q28898998,0,965,,,
MAR,Marrocos,Q28892069,http://www.wikidata.org/entity/Q28898997,0,635,,,
MAR,Marrocos,Q28892074,http://www.wikidata.org/entity/Q28892487,0,161,,,
MAR,Marrocos,Q28892075,http://www.wikidata.org/entity/Q28902736,0,209,,,
MAR,Marrocos,Q28892072,http://www.wikidata.org/entity/Q28892073,0,1231,,,
MAR,Marrocos,Q28892078,http://www.wikidata.org/entity/Q28890784,0,57,,,
MAR,Marrocos,Q28892079,http://www.wikidata.org/entity/Q28903184,0,134,,,
MAR,Marrocos,Q28892077,http://www.wikidata.org/entity/Q28905283,0,599,,,
MAR,Marrocos,Q28892083,http://www.wikidata.org/entity/Q28908991,0,487,,,
MAR,Marrocos,Q28892080,http://www.wikidata.org/entity/Q28892712,0,455,,,
MAR,Marrocos,Q28892081,http://www.wikidata.org/entity/Q28890325,0,729,,,
MAR,Marrocos,Q28892085,http://www.wikidata.org/entity/Q28891142,0,199,,,
MAR,Marrocos,Q28892095,http://www.wikidata.org/entity/Q28889836,0,796,,,
MAR,Marrocos,Q28892098,http://www.wikidata.org/entity/Q28897474,0,231,,,
MAR,Marrocos,Q28892099,http://www.wikidata.org/entity/Q28897730,0,720,,,
MAR,Marrocos,Q28892097,http://www.wikidata.org/entity/Q28892429,0,413,,,
MAR,Marrocos,Q28892103,http://www.wikidata.org/entity/Q28895029,0,235,,,
MAR,Marrocos,Q28892100,http://www.wikidata.org/entity/Q28891748,0,219,,,
MAR,Marrocos,Q28892101,http://www.wikidata.org/entity/Q28891799,0,341,,,
MAR,Marrocos,Q28892106,http://www.wikidata.org/entity/Q28890141,0,408,,,
MAR,Marrocos,Q28892104,http://www.wikidata.org/entity/Q28892073,0,463,,,
MAR,Marrocos,Q28892105,http://www.wikidata.org/entity/Q28907510,0,355,,,
MAR,Marrocos,Q28892110,http://www.wikidata.org/entity/Q28896693,0,742,,,
MAR,Marrocos,Q28892109,http://www.wikidata.org/entity/Q28886176,0,90,,,
MAR,Marrocos,Q28892115,http://www.wikidata.org/entity/Q28890728,0,364,,,
MAR,Marrocos,Q28892112,http://www.wikidata.org/entity/Q28891394,0,293,,,
MAR,Marrocos,Q28892116,http://www.wikidata.org/entity/Q28890791,0,270,,,
MAR,Marrocos,Q28892117,http://www.wikidata.org/entity/Q28891116,0,70,,,
MAR,Marrocos,Q28892122,http://www.wikidata.org/entity/Q28901816,0,751,,,
MAR,Marrocos,Q28892123,http://www.wikidata.org/entity/Q28890862,0,114,,,
MAR,Marrocos,Q28892124,http://www.wikidata.org/entity/Q28892722,0,179,,,
MAR,Marrocos,Q28892130,http://www.wikidata.org/entity/Q28907084,0,1359,,,
MAR,Marrocos,Q28892128,http://www.wikidata.org/entity/Q28908194,0,75,,,
MAR,Marrocos,Q28892129,http://www.wikidata.org/entity/Q28892752,0,294,,,
MAR,Marrocos,Q28892151,http://www.wikidata.org/entity/Q28898997,0,628,,,
MAR,Marrocos,Q28892148,http://www.wikidata.org/entity/Q28886176,0,19,,,
MAR,Marrocos,Q28892149,http://www.wikidata.org/entity/Q28883224,0,378,,,
MAR,Marrocos,Q28892155,http://www.wikidata.org/entity/Q28891277,0,955,,,
MAR,Marrocos,Q28892152,http://www.wikidata.org/entity/Q28892723,0,258,,,
MAR,Marrocos,Q28892153,http://www.wikidata.org/entity/Q28892032,0,87,,,
MAR,Marrocos,Q28892158,http://www.wikidata.org/entity/Q28896669,0,529,,,
MAR,Marrocos,Q28892159,http://www.wikidata.org/entity/Q28896227,0,115,,,
MAR,Marrocos,Q28892157,http://www.wikidata.org/entity/Q28908727,0,948,,,
MAR,Marrocos,Q28892160,http://www.wikidata.org/entity/Q28891053,0,167,,,
MAR,Marrocos,Q28892161,http://www.wikidata.org/entity/Q28880878,0,826,,,
MAR,Marrocos,Q28892164,http://www.wikidata.org/entity/Q28892651,0,582,,,
MAR,Marrocos,Q28892198,http://www.wikidata.org/entity/Q28892196,0,1247,,,
MAR,Marrocos,Q28892199,http://www.wikidata.org/entity/Q28892594,0,511,,,
MAR,Marrocos,Q28892197,http://www.wikidata.org/entity/Q28890728,0,389,,,
MAR,Marrocos,Q28892203,http://www.wikidata.org/entity/Q28895882,0,376,,,
MAR,Marrocos,Q28892206,http://www.wikidata.org/entity/Q28891394,0,950,,,
MAR,Marrocos,Q28892207,http://www.wikidata.org/entity/Q28892352,0,1010,,,
MAR,Marrocos,Q28892205,http://www.wikidata.org/entity/Q28877281,0,523,,,
MAR,Marrocos,Q28892210,http://www.wikidata.org/entity/Q28892485,0,933,,,
MAR,Marrocos,Q28892211,http://www.wikidata.org/entity/Q28891707,0,318,,,
MAR,Marrocos,Q28892209,http://www.wikidata.org/entity/Q28892485,0,590,,,
MAR,Marrocos,Q28892214,http://www.wikidata.org/entity/Q28890371,0,177,,,
MAR,Marrocos,Q28892215,http://www.wikidata.org/entity/Q28890771,0,847,,,
MAR,Marrocos,Q28892212,http://www.wikidata.org/entity/Q28900878,0,394,,,
MAR,Marrocos,Q28892217,http://www.wikidata.org/entity/Q28891037,0,216,,,
MAR,Marrocos,Q28892226,http://www.wikidata.org/entity/Q28892752,0,3,,,
MAR,Marrocos,Q28892230,http://www.wikidata.org/entity/Q28898998,0,2520,,,
MAR,Marrocos,Q28892231,http://www.wikidata.org/entity/Q28898998,0,1975,,,
MAR,Marrocos,Q28892228,http://www.wikidata.org/entity/Q28898998,0,1113,,,
MAR,Marrocos,Q28892233,http://www.wikidata.org/entity/Q28892234,0,1276,,,
MAR,Marrocos,Q28892236,http://www.wikidata.org/entity/Q28893843,0,111,,,
MAR,Marrocos,Q28892242,http://www.wikidata.org/entity/Q28902245,0,77,,,
MAR,Marrocos,Q28892240,http://www.wikidata.org/entity/Q28902843,0,9,,,
MAR,Marrocos,Q28892246,http://www.wikidata.org/entity/Q28902506,0,409,,,
MAR,Marrocos,Q28892247,http://www.wikidata.org/entity/Q28902506,0,312,,,
MAR,Marrocos,Q28892249,http://www.wikidata.org/entity/Q28896234,0,432,,,
MAR,Marrocos,Q28892255,http://www.wikidata.org/entity/Q28908858,0,23,,,
MAR,Marrocos,Q28892253,http://www.wikidata.org/entity/Q28901801,0,112,,,
MAR,Marrocos,Q28892258,http://www.wikidata.org/entity/Q28905369,0,117,,,
MAR,Marrocos,Q28892257,http://www.wikidata.org/entity/Q28892636,0,245,,,
MAR,Marrocos,Q28892266,http://www.wikidata.org/entity/Q28891653,0,76,,,
MAR,Marrocos,Q28892265,http://www.wikidata.org/entity/Q28891548,0,248,,,
MAR,Marrocos,Q28892273,http://www.wikidata.org/entity/Q28896864,0,259,,,
MAR,Marrocos,Q28892886,http://www.wikidata.org/entity/Q28908417,0,145,,,
MAR,Marrocos,Q28892884,http://www.wikidata.org/entity/Q28902151,0,399,,,
MAR,Marrocos,Q28892888,http://www.wikidata.org/entity/Q28890462,0,292,,,
MAR,Marrocos,Q28892895,http://www.wikidata.org/entity/Q28890232,0,376,,,
MAR,Marrocos,Q28892892,http://www.wikidata.org/entity/Q28897386,0,48,,,
MAR,Marrocos,Q28892893,http://www.wikidata.org/entity/Q28897386,0,160,,,
MAR,Marrocos,Q28892896,http://www.wikidata.org/entity/Q28897390,0,294,,,
MAR,Marrocos,Q28892897,http://www.wikidata.org/entity/Q28898030,0,532,,,
MAR,Marrocos,Q28892902,http://www.wikidata.org/entity/Q28896762,0,273,,,
MAR,Marrocos,Q28892903,http://www.wikidata.org/entity/Q28902284,0,765,,,
MAR,Marrocos,Q28892900,http://www.wikidata.org/entity/Q28903673,0,27,,,
MAR,Marrocos,Q28892906,http://www.wikidata.org/entity/Q28880864,0,241,,,
MAR,Marrocos,Q28892907,http://www.wikidata.org/entity/Q28891637,0,598,,,
MAR,Marrocos,Q28892904,http://www.wikidata.org/entity/Q28890706,0,51,,,
MAR,Marrocos,Q28892910,http://www.wikidata.org/entity/Q28909538,0,84,,,
MAR,Marrocos,Q28892911,http://www.wikidata.org/entity/Q28898030,0,241,,,
MAR,Marrocos,Q28892914,http://www.wikidata.org/entity/Q28891015,0,49,,,
MAR,Marrocos,Q28892912,http://www.wikidata.org/entity/Q28892661,0,566,,30.7103471,-8.6115807
MAR,Marrocos,Q28892913,http://www.wikidata.org/entity/Q28904562,0,226,,,
MAR,Marrocos,Q28892916,http://www.wikidata.org/entity/Q28892919,0,67,,,
MAR,Marrocos,Q28892917,http://www.wikidata.org/entity/Q28890282,0,350,,,
MAR,Marrocos,Q28893154,http://www.wikidata.org/entity/Q28891172,0,112,,,
MAR,Marrocos,Q28893155,http://www.wikidata.org/entity/Q28903184,0,45,,,
MAR,Marrocos,Q28893159,http://www.wikidata.org/entity/Q28906405,0,50,,,
MAR,Marrocos,Q28893156,http://www.wikidata.org/entity/Q28903184,0,59,,,
MAR,Marrocos,Q28893160,http://www.wikidata.org/entity/Q28902292,0,989,,,
MAR,Marrocos,Q28893165,http://www.wikidata.org/entity/Q28897390,0,309,,,
MAR,Marrocos,Q28893171,http://www.wikidata.org/entity/Q28890625,0,157,,,
MAR,Marrocos,Q28893174,http://www.wikidata.org/entity/Q28880683,0,887,,,
MAR,Marrocos,Q28893175,http://www.wikidata.org/entity/Q28903673,0,134,,,
MAR,Marrocos,Q28893173,http://www.wikidata.org/entity/Q28896918,0,149,,,
MAR,Marrocos,Q28893178,http://www.wikidata.org/entity/Q28904192,0,80,,,
MAR,Marrocos,Q28893179,http://www.wikidata.org/entity/Q28896691,0,338,,,
MAR,Marrocos,Q28893176,http://www.wikidata.org/entity/Q28900878,0,704,,,
MAR,Marrocos,Q28893177,http://www.wikidata.org/entity/Q28892259,0,19,,,
MAR,Marrocos,Q28893182,http://www.wikidata.org/entity/Q28890448,0,98,,,
MAR,Marrocos,Q28893183,http://www.wikidata.org/entity/Q28897404,0,313,,,
MAR,Marrocos,Q28893181,http://www.wikidata.org/entity/Q28890790,0,384,,,
MAR,Marrocos,Q28893185,http://www.wikidata.org/entity/Q28902308,0,143,,,
MAR,Marrocos,Q28893191,http://www.wikidata.org/entity/Q28892851,0,34,,,
MAR,Marrocos,Q28893189,http://www.wikidata.org/entity/Q28897386,0,260,,,
MAR,Marrocos,Q28893194,http://www.wikidata.org/entity/Q28893064,0,47,,,
MAR,Marrocos,Q28893195,http://www.wikidata.org/entity/Q28897552,0,181,,,
MAR,Marrocos,Q28893192,http://www.wikidata.org/entity/Q28890784,0,101,,,
MAR,Marrocos,Q28893196,http://www.wikidata.org/entity/Q28892629,0,114,,,
MAR,Marrocos,Q28893197,http://www.wikidata.org/entity/Q28903184,0,287,,,
MAR,Marrocos,Q28893262,http://www.wikidata.org/entity/Q28890235,0,50,,,
MAR,Marrocos,Q28893263,http://www.wikidata.org/entity/Q28893543,0,32,,,
MAR,Marrocos,Q28893266,http://www.wikidata.org/entity/Q28897373,0,82,,,
MAR,Marrocos,Q28893267,http://www.wikidata.org/entity/Q28904941,0,781,,,
MAR,Marrocos,Q28893264,http://www.wikidata.org/entity/Q28891015,0,74,,,
MAR,Marrocos,Q28893265,http://www.wikidata.org/entity/Q28898206,0,262,,,
MAR,Marrocos,Q28893270,http://www.wikidata.org/entity/Q28890297,0,66,,,
MAR,Marrocos,Q28893271,http://www.wikidata.org/entity/Q28891251,0,52,,,
MAR,Marrocos,Q28893268,http://www.wikidata.org/entity/Q28891394,0,249,,,
MAR,Marrocos,Q28893269,http://www.wikidata.org/entity/Q28893022,0,205,,,
MAR,Marrocos,Q28893274,http://www.wikidata.org/entity/Q28901147,0,175,,,
MAR,Marrocos,Q28893275,http://www.wikidata.org/entity/Q28890390,0,40,,,
MAR,Marrocos,Q28893272,http://www.wikidata.org/entity/Q28896631,0,71,,,
MAR,Marrocos,Q28893273,http://www.wikidata.org/entity/Q28897373,0,110,,,
MAR,Marrocos,Q28893286,http://www.wikidata.org/entity/Q28890232,0,26,,,
MAR,Marrocos,Q28893290,http://www.wikidata.org/entity/Q28896570,0,337,,,
MAR,Marrocos,Q28893291,http://www.wikidata.org/entity/Q28903913,0,228,,,
MAR,Marrocos,Q28893288,http://www.wikidata.org/entity/Q28891015,0,182,,,
MAR,Marrocos,Q28893295,http://www.wikidata.org/entity/Q28897069,0,199,,,
MAR,Marrocos,Q28893298,http://www.wikidata.org/entity/Q28905434,0,398,,,
MAR,Marrocos,Q28893299,http://www.wikidata.org/entity/Q28898846,0,434,,,
MAR,Marrocos,Q28893296,http://www.wikidata.org/entity/Q28909425,0,1029,,,
MAR,Marrocos,Q28893297,http://www.wikidata.org/entity/Q28892650,0,285,,,
MAR,Marrocos,Q28893302,http://www.wikidata.org/entity/Q28903819,0,109,,,
MAR,Marrocos,Q28893303,http://www.wikidata.org/entity/Q28898743,0,875,,35.2456,-5.6713
MAR,Marrocos,Q28893300,http://www.wikidata.org/entity/Q28903745,0,182,,,
MAR,Marrocos,Q28893301,http://www.wikidata.org/entity/Q28897069,0,323,,,
MAR,Marrocos,Q28893306,http://www.wikidata.org/entity/Q28890235,0,31,,,
MAR,Marrocos,Q28893304,http://www.wikidata.org/entity/Q28905105,0,134,,,
MAR,Marrocos,Q28893305,http://www.wikidata.org/entity/Q28898358,0,468,,,
MAR,Marrocos,Q28893310,http://www.wikidata.org/entity/Q28896918,0,124,,,
MAR,Marrocos,Q28893314,http://www.wikidata.org/entity/Q28891012,0,106,,,
MAR,Marrocos,Q28893315,http://www.wikidata.org/entity/Q28886176,0,43,,,
MAR,Marrocos,Q28893312,http://www.wikidata.org/entity/Q28886176,0,98,,,
MAR,Marrocos,Q28893313,http://www.wikidata.org/entity/Q28896578,0,195,,,
MAR,Marrocos,Q28893318,http://www.wikidata.org/entity/Q28893745,0,93,,,
MAR,Marrocos,Q28893319,http://www.wikidata.org/entity/Q28893745,0,26,,,
MAR,Marrocos,Q28893316,http://www.wikidata.org/entity/Q28891851,0,320,,,
MAR,Marrocos,Q28893317,http://www.wikidata.org/entity/Q28904192,0,147,,,
MAR,Marrocos,Q28893322,http://www.wikidata.org/entity/Q28906405,0,57,,,
MAR,Marrocos,Q28893323,http://www.wikidata.org/entity/Q28897389,0,37,,,
MAR,Marrocos,Q28893320,http://www.wikidata.org/entity/Q28904192,0,82,,,
MAR,Marrocos,Q28893321,http://www.wikidata.org/entity/Q28892851,0,51,,,
MAR,Marrocos,Q28893326,http://www.wikidata.org/entity/Q28893193,0,121,,,
MAR,Marrocos,Q28893327,http://www.wikidata.org/entity/Q28904913,0,67,,,
MAR,Marrocos,Q28893324,http://www.wikidata.org/entity/Q28892011,0,75,,,
MAR,Marrocos,Q28893325,http://www.wikidata.org/entity/Q28890235,0,151,,,
MAR,Marrocos,Q28893330,http://www.wikidata.org/entity/Q28886176,0,113,,,
MAR,Marrocos,Q28893331,http://www.wikidata.org/entity/Q28906405,0,54,,,
MAR,Marrocos,Q28893328,http://www.wikidata.org/entity/Q28896631,0,88,,,
MAR,Marrocos,Q28893329,http://www.wikidata.org/entity/Q28896569,0,347,,,
MAR,Marrocos,Q28893334,http://www.wikidata.org/entity/Q28897389,0,158,,,
MAR,Marrocos,Q28893335,http://www.wikidata.org/entity/Q28892478,0,98,,,
MAR,Marrocos,Q28893333,http://www.wikidata.org/entity/Q28886176,0,4,,,
MAR,Marrocos,Q28893338,http://www.wikidata.org/entity/Q28896578,0,81,,,
MAR,Marrocos,Q28893339,http://www.wikidata.org/entity/Q28892011,0,107,,,
MAR,Marrocos,Q28893336,http://www.wikidata.org/entity/Q28886176,0,63,,,
MAR,Marrocos,Q28893337,http://www.wikidata.org/entity/Q28903184,0,75,,,
MAR,Marrocos,Q28893342,http://www.wikidata.org/entity/Q28889848,0,90,,,
MAR,Marrocos,Q28893343,http://www.wikidata.org/entity/Q28886176,0,85,,,
MAR,Marrocos,Q28893346,http://www.wikidata.org/entity/Q28903913,0,148,,,
MAR,Marrocos,Q28893344,http://www.wikidata.org/entity/Q28893745,0,123,,,
MAR,Marrocos,Q28893345,http://www.wikidata.org/entity/Q28891592,0,821,,,
MAR,Marrocos,Q28893350,http://www.wikidata.org/entity/Q28897390,0,65,,,
MAR,Marrocos,Q28893348,http://www.wikidata.org/entity/Q28897390,0,219,,,
MAR,Marrocos,Q28893349,http://www.wikidata.org/entity/Q28890787,0,219,,,
MAR,Marrocos,Q28893354,http://www.wikidata.org/entity/Q28889848,0,72,,,
MAR,Marrocos,Q28893355,http://www.wikidata.org/entity/Q28897430,0,183,,,
MAR,Marrocos,Q28893352,http://www.wikidata.org/entity/Q28896581,0,75,,,
MAR,Marrocos,Q28893353,http://www.wikidata.org/entity/Q28896695,0,55,,,
MAR,Marrocos,Q28893358,http://www.wikidata.org/entity/Q28886176,0,99,,,
MAR,Marrocos,Q28893359,http://www.wikidata.org/entity/Q28890784,0,94,,,
MAR,Marrocos,Q28893356,http://www.wikidata.org/entity/Q28896259,0,257,,,
MAR,Marrocos,Q28893357,http://www.wikidata.org/entity/Q28906405,0,74,,,
MAR,Marrocos,Q28893363,http://www.wikidata.org/entity/Q28893064,0,111,,,
MAR,Marrocos,Q28893361,http://www.wikidata.org/entity/Q28896581,0,91,,,
MAR,Marrocos,Q28893367,http://www.wikidata.org/entity/Q28892646,0,83,,,
MAR,Marrocos,Q28893364,http://www.wikidata.org/entity/Q28890706,0,63,,,
MAR,Marrocos,Q28893365,http://www.wikidata.org/entity/Q28891251,0,147,,,
MAR,Marrocos,Q28893368,http://www.wikidata.org/entity/Q28891015,0,153,,,
MAR,Marrocos,Q28893374,http://www.wikidata.org/entity/Q28908417,0,1299,,,
MAR,Marrocos,Q28893375,http://www.wikidata.org/entity/Q28892200,0,357,,,
MAR,Marrocos,Q28893372,http://www.wikidata.org/entity/Q28906405,0,83,,,
MAR,Marrocos,Q28893373,http://www.wikidata.org/entity/Q28908417,0,706,,,
MAR,Marrocos,Q28893378,http://www.wikidata.org/entity/Q28896252,0,83,,,
MAR,Marrocos,Q28893376,http://www.wikidata.org/entity/Q28902348,0,74,,,
MAR,Marrocos,Q28893377,http://www.wikidata.org/entity/Q28892646,0,43,,,
MAR,Marrocos,Q28893382,http://www.wikidata.org/entity/Q28889894,0,317,,,
MAR,Marrocos,Q28893381,http://www.wikidata.org/entity/Q28889894,0,509,,,
MAR,Marrocos,Q28893386,http://www.wikidata.org/entity/Q28890232,0,173,,,
MAR,Marrocos,Q28893384,http://www.wikidata.org/entity/Q28883821,0,1307,,,
MAR,Marrocos,Q28893391,http://www.wikidata.org/entity/Q28880936,0,225,,,
MAR,Marrocos,Q28893394,http://www.wikidata.org/entity/Q28897169,0,38,,,
MAR,Marrocos,Q28893395,http://www.wikidata.org/entity/Q28897390,0,90,,,
MAR,Marrocos,Q28893393,http://www.wikidata.org/entity/Q28892608,0,306,,,
MAR,Marrocos,Q28893398,http://www.wikidata.org/entity/Q28906916,0,166,,,
MAR,Marrocos,Q28893403,http://www.wikidata.org/entity/Q28890163,0,873,,,
MAR,Marrocos,Q28893401,http://www.wikidata.org/entity/Q28891250,0,518,,,
MAR,Marrocos,Q28893406,http://www.wikidata.org/entity/Q28893188,0,225,,,
MAR,Marrocos,Q28893407,http://www.wikidata.org/entity/Q28902506,0,322,,,
MAR,Marrocos,Q28893404,http://www.wikidata.org/entity/Q28880864,0,98,,,
MAR,Marrocos,Q28893410,http://www.wikidata.org/entity/Q28880864,0,53,,,
MAR,Marrocos,Q28893411,http://www.wikidata.org/entity/Q28904222,0,355,,,
MAR,Marrocos,Q28893408,http://www.wikidata.org/entity/Q28899610,0,60,,,
MAR,Marrocos,Q28893409,http://www.wikidata.org/entity/Q28904562,0,116,,,
MAR,Marrocos,Q28893414,http://www.wikidata.org/entity/Q28904222,0,515,,,
MAR,Marrocos,Q28893412,http://www.wikidata.org/entity/Q28890706,0,15,,,
MAR,Marrocos,Q28893419,http://www.wikidata.org/entity/Q28897483,0,89,,,
MAR,Marrocos,Q28893417,http://www.wikidata.org/entity/Q28896669,0,294,,,
MAR,Marrocos,Q28893422,http://www.wikidata.org/entity/Q28890706,0,16,,,
MAR,Marrocos,Q28893423,http://www.wikidata.org/entity/Q28892646,0,37,,,
MAR,Marrocos,Q28893420,http://www.wikidata.org/entity/Q28890235,0,59,,,
MAR,Marrocos,Q28893426,http://www.wikidata.org/entity/Q28896637,0,23,,,
MAR,Marrocos,Q28893427,http://www.wikidata.org/entity/Q28896893,0,85,,,
MAR,Marrocos,Q28893424,http://www.wikidata.org/entity/Q28893187,0,60,,,
MAR,Marrocos,Q28893430,http://www.wikidata.org/entity/Q28896893,0,242,,,
MAR,Marrocos,Q28893428,http://www.wikidata.org/entity/Q28903184,0,123,,,
MAR,Marrocos,Q28893434,http://www.wikidata.org/entity/Q28896571,0,201,,,
MAR,Marrocos,Q28893435,http://www.wikidata.org/entity/Q28880864,0,76,,,
MAR,Marrocos,Q28893438,http://www.wikidata.org/entity/Q28892084,0,1045,,,
MAR,Marrocos,Q28893437,http://www.wikidata.org/entity/Q28890706,0,56,,,
MAR,Marrocos,Q28893442,http://www.wikidata.org/entity/Q28893188,0,110,,,
MAR,Marrocos,Q28893443,http://www.wikidata.org/entity/Q28891893,0,25,,,
MAR,Marrocos,Q28893440,http://www.wikidata.org/entity/Q28892573,0,145,,,
MAR,Marrocos,Q28893441,http://www.wikidata.org/entity/Q28886176,0,58,,,
MAR,Marrocos,Q28893446,http://www.wikidata.org/entity/Q28906405,0,123,,,
MAR,Marrocos,Q28893447,http://www.wikidata.org/entity/Q28899610,0,59,,,
MAR,Marrocos,Q28893444,http://www.wikidata.org/entity/Q28886176,0,83,,,
MAR,Marrocos,Q28893445,http://www.wikidata.org/entity/Q28893745,0,20,,,
MAR,Marrocos,Q28893450,http://www.wikidata.org/entity/Q28903673,0,124,,,
MAR,Marrocos,Q28893448,http://www.wikidata.org/entity/Q28890784,0,20,,,
MAR,Marrocos,Q28893449,http://www.wikidata.org/entity/Q28890235,0,6,,,
MAR,Marrocos,Q28893454,http://www.wikidata.org/entity/Q28901291,0,152,,,
MAR,Marrocos,Q28893455,http://www.wikidata.org/entity/Q28902843,0,154,,,
MAR,Marrocos,Q28893452,http://www.wikidata.org/entity/Q28891251,0,98,,,
MAR,Marrocos,Q28893453,http://www.wikidata.org/entity/Q28886176,0,1,,,
MAR,Marrocos,Q28893458,http://www.wikidata.org/entity/Q28897065,0,163,,,
MAR,Marrocos,Q28893459,http://www.wikidata.org/entity/Q28897069,0,423,,,
MAR,Marrocos,Q28893457,http://www.wikidata.org/entity/Q28890784,0,68,,,
MAR,Marrocos,Q28893462,http://www.wikidata.org/entity/Q28897389,0,66,,,
MAR,Marrocos,Q28893460,http://www.wikidata.org/entity/Q28891374,0,501,,,
MAR,Marrocos,Q28893461,http://www.wikidata.org/entity/Q28891374,0,519,,,
MAR,Marrocos,Q28893467,http://www.wikidata.org/entity/Q28886176,0,38,,,
MAR,Marrocos,Q28893464,http://www.wikidata.org/entity/Q28897483,0,129,,,
MAR,Marrocos,Q28893465,http://www.wikidata.org/entity/Q28896259,0,63,,,
MAR,Marrocos,Q28893470,http://www.wikidata.org/entity/Q28892646,0,94,,,
MAR,Marrocos,Q28893471,http://www.wikidata.org/entity/Q28897430,0,55,,,
MAR,Marrocos,Q28893468,http://www.wikidata.org/entity/Q28896252,0,71,,,
MAR,Marrocos,Q28893469,http://www.wikidata.org/entity/Q28886176,0,74,,,
MAR,Marrocos,Q28893474,http://www.wikidata.org/entity/Q28902019,0,404,,,
MAR,Marrocos,Q28893475,http://www.wikidata.org/entity/Q28890163,0,1339,,,
MAR,Marrocos,Q28893472,http://www.wikidata.org/entity/Q28892655,0,118,,,
MAR,Marrocos,Q28893473,http://www.wikidata.org/entity/Q28890141,0,194,,,
MAR,Marrocos,Q28893478,http://www.wikidata.org/entity/Q28891215,0,189,,,
MAR,Marrocos,Q28893479,http://www.wikidata.org/entity/Q28897373,0,513,,,
MAR,Marrocos,Q28893476,http://www.wikidata.org/entity/Q28890390,0,114,,,
MAR,Marrocos,Q28893477,http://www.wikidata.org/entity/Q28890235,0,172,,,
MAR,Marrocos,Q28893487,http://www.wikidata.org/entity/Q28902503,0,856,,,
MAR,Marrocos,Q28893484,http://www.wikidata.org/entity/Q28891374,0,938,,,
MAR,Marrocos,Q28893485,http://www.wikidata.org/entity/Q28896637,0,201,,,
MAR,Marrocos,Q28893490,http://www.wikidata.org/entity/Q28897231,0,289,,,
MAR,Marrocos,Q28893491,http://www.wikidata.org/entity/Q28890297,0,80,,,
MAR,Marrocos,Q28893488,http://www.wikidata.org/entity/Q28903745,0,180,,,
MAR,Marrocos,Q28893495,http://www.wikidata.org/entity/Q28896580,0,164,,,
MAR,Marrocos,Q28893492,http://www.wikidata.org/entity/Q28890706,0,134,,,
MAR,Marrocos,Q28893493,http://www.wikidata.org/entity/Q28891251,0,152,,,
MAR,Marrocos,Q28893499,http://www.wikidata.org/entity/Q28901871,0,312,,,
MAR,Marrocos,Q28893502,http://www.wikidata.org/entity/Q28891056,0,520,,,
MAR,Marrocos,Q28893500,http://www.wikidata.org/entity/Q28896234,0,303,,,
MAR,Marrocos,Q28893501,http://www.wikidata.org/entity/Q28893653,0,295,,,
MAR,Marrocos,Q28893507,http://www.wikidata.org/entity/Q28891015,0,84,,,
MAR,Marrocos,Q28893504,http://www.wikidata.org/entity/Q28893505,0,77,,,
MAR,Marrocos,Q28893510,http://www.wikidata.org/entity/Q28890235,0,87,,,
MAR,Marrocos,Q28893511,http://www.wikidata.org/entity/Q28896695,0,118,,,
MAR,Marrocos,Q28893508,http://www.wikidata.org/entity/Q28902843,0,324,,,
MAR,Marrocos,Q28893509,http://www.wikidata.org/entity/Q28896578,0,225,,,
MAR,Marrocos,Q28893512,http://www.wikidata.org/entity/Q28906452,0,58,,,
MAR,Marrocos,Q28893513,http://www.wikidata.org/entity/Q28891609,0,379,,,
MAR,Marrocos,Q28893615,http://www.wikidata.org/entity/Q28909538,0,138,,,
MAR,Marrocos,Q28893612,http://www.wikidata.org/entity/Q28903636,0,731,,,
MAR,Marrocos,Q28893613,http://www.wikidata.org/entity/Q28904562,0,494,,,
MAR,Marrocos,Q28893618,http://www.wikidata.org/entity/Q28904913,0,58,,,
MAR,Marrocos,Q28893617,http://www.wikidata.org/entity/Q28905135,0,98,,,
MAR,Marrocos,Q28893621,http://www.wikidata.org/entity/Q28896918,0,157,,,
MAR,Marrocos,Q28893626,http://www.wikidata.org/entity/Q28891015,0,95,,,
MAR,Marrocos,Q28893624,http://www.wikidata.org/entity/Q28890784,0,18,,,
MAR,Marrocos,Q28893625,http://www.wikidata.org/entity/Q28899610,0,173,,,
MAR,Marrocos,Q28893630,http://www.wikidata.org/entity/Q28897390,0,212,,,
MAR,Marrocos,Q28893631,http://www.wikidata.org/entity/Q28896569,0,61,,,
MAR,Marrocos,Q28893628,http://www.wikidata.org/entity/Q28891215,0,222,,,
MAR,Marrocos,Q28893629,http://www.wikidata.org/entity/Q28896252,0,329,,,
MAR,Marrocos,Q28893654,http://www.wikidata.org/entity/Q28901829,0,650,,,
MAR,Marrocos,Q28893655,http://www.wikidata.org/entity/Q28903636,0,869,,,
MAR,Marrocos,Q28893659,http://www.wikidata.org/entity/Q28890706,0,19,,,
MAR,Marrocos,Q28893656,http://www.wikidata.org/entity/Q28891243,0,220,,,
MAR,Marrocos,Q28893666,http://www.wikidata.org/entity/Q28896581,0,116,,,
MAR,Marrocos,Q28893667,http://www.wikidata.org/entity/Q28896631,0,127,,,
MAR,Marrocos,Q28893665,http://www.wikidata.org/entity/Q28896571,0,278,,,
MAR,Marrocos,Q28893668,http://www.wikidata.org/entity/Q28896893,0,314,,,
MAR,Marrocos,Q28893669,http://www.wikidata.org/entity/Q28897386,0,28,,,
MAR,Marrocos,Q28893719,http://www.wikidata.org/entity/Q28902019,0,68,,,
MAR,Marrocos,Q28893722,http://www.wikidata.org/entity/Q28891215,0,75,,,
MAR,Marrocos,Q28893720,http://www.wikidata.org/entity/Q28891240,0,189,,,
MAR,Marrocos,Q28893721,http://www.wikidata.org/entity/Q28903745,0,196,,,
MAR,Marrocos,Q28893726,http://www.wikidata.org/entity/Q28896259,0,34,,,
MAR,Marrocos,Q28893727,http://www.wikidata.org/entity/Q28890482,0,1259,,,
MAR,Marrocos,Q28893724,http://www.wikidata.org/entity/Q28896895,0,18,,,
MAR,Marrocos,Q28893725,http://www.wikidata.org/entity/Q28901614,0,218,,,
MAR,Marrocos,Q28893731,http://www.wikidata.org/entity/Q28886176,0,88,,,
MAR,Marrocos,Q28893729,http://www.wikidata.org/entity/Q28897386,0,91,,,
MAR,Marrocos,Q28893734,http://www.wikidata.org/entity/Q28905058,0,112,,,
MAR,Marrocos,Q28893735,http://www.wikidata.org/entity/Q28896262,0,727,,,
MAR,Marrocos,Q28893732,http://www.wikidata.org/entity/Q28905369,0,220,,,
MAR,Marrocos,Q28893738,http://www.wikidata.org/entity/Q28897390,0,131,,,
MAR,Marrocos,Q28893739,http://www.wikidata.org/entity/Q28897389,0,95,,,
MAR,Marrocos,Q28893736,http://www.wikidata.org/entity/Q28893745,0,8,,,
MAR,Marrocos,Q28893737,http://www.wikidata.org/entity/Q28892629,0,62,,,
MAR,Marrocos,Q28893742,http://www.wikidata.org/entity/Q28890495,0,710,,,
MAR,Marrocos,Q28893743,http://www.wikidata.org/entity/Q28886176,0,63,,,
MAR,Marrocos,Q28893740,http://www.wikidata.org/entity/Q28891215,0,104,,,
MAR,Marrocos,Q28893741,http://www.wikidata.org/entity/Q28904562,0,291,,,
MAR,Marrocos,Q28893746,http://www.wikidata.org/entity/Q28890354,0,614,,,
MAR,Marrocos,Q28893744,http://www.wikidata.org/entity/Q28903819,0,53,,,
MAR,Marrocos,Q28893750,http://www.wikidata.org/entity/Q28897389,0,59,,,
MAR,Marrocos,Q28893751,http://www.wikidata.org/entity/Q28891851,0,37,,,
MAR,Marrocos,Q28893754,http://www.wikidata.org/entity/Q28890400,0,539,,,
MAR,Marrocos,Q28893755,http://www.wikidata.org/entity/Q28891797,0,414,,,
MAR,Marrocos,Q28893752,http://www.wikidata.org/entity/Q28901147,0,250,,,
MAR,Marrocos,Q28893753,http://www.wikidata.org/entity/Q28897550,0,818,,,
MAR,Marrocos,Q28893759,http://www.wikidata.org/entity/Q28896259,0,112,,,
MAR,Marrocos,Q28893756,http://www.wikidata.org/entity/Q28897390,0,171,,,
MAR,Marrocos,Q28893757,http://www.wikidata.org/entity/Q28891796,0,23,,,
MAR,Marrocos,Q28893762,http://www.wikidata.org/entity/Q28896252,0,184,,,
MAR,Marrocos,Q28893763,http://www.wikidata.org/entity/Q28904214,0,165,,,
MAR,Marrocos,Q28893760,http://www.wikidata.org/entity/Q28896259,0,124,,,
MAR,Marrocos,Q28893761,http://www.wikidata.org/entity/Q28891796,0,59,,,
MAR,Marrocos,Q28893770,http://www.wikidata.org/entity/Q28891708,0,141,,,
MAR,Marrocos,Q28893771,http://www.wikidata.org/entity/Q28891708,0,365,,,
MAR,Marrocos,Q28893769,http://www.wikidata.org/entity/Q28880993,0,1035,,,
MAR,Marrocos,Q28893783,http://www.wikidata.org/entity/Q28906872,0,161,,,
MAR,Marrocos,Q28893786,http://www.wikidata.org/entity/Q28893022,0,205,,,
MAR,Marrocos,Q28893785,http://www.wikidata.org/entity/Q28906872,0,120,,,
MAR,Marrocos,Q28893790,http://www.wikidata.org/entity/Q28891056,0,29,,,
MAR,Marrocos,Q28893788,http://www.wikidata.org/entity/Q28909498,0,354,,,
MAR,Marrocos,Q28893789,http://www.wikidata.org/entity/Q28893543,0,76,,,
MAR,Marrocos,Q28893792,http://www.wikidata.org/entity/Q28895621,0,8,,,
MAR,Marrocos,Q28894751,http://www.wikidata.org/entity/Q28893787,0,210,,,
MAR,Marrocos,Q28894754,http://www.wikidata.org/entity/Q28895468,0,291,,,
MAR,Marrocos,Q28894756,http://www.wikidata.org/entity/Q28895932,0,8463,,,
MAR,Marrocos,Q28894760,http://www.wikidata.org/entity/Q28895578,0,122,,,
MAR,Marrocos,Q28894771,http://www.wikidata.org/entity/Q28895376,0,1400,,,
MAR,Marrocos,Q28894768,http://www.wikidata.org/entity/Q28906404,0,300,,,
MAR,Marrocos,Q28894769,http://www.wikidata.org/entity/Q28894805,0,57,,,
MAR,Marrocos,Q28894778,http://www.wikidata.org/entity/Q28895670,0,570,,,
MAR,Marrocos,Q28894776,http://www.wikidata.org/entity/Q28895692,0,818,,,
MAR,Marrocos,Q28894777,http://www.wikidata.org/entity/Q28895468,0,888,,,
MAR,Marrocos,Q28894794,http://www.wikidata.org/entity/Q28895206,0,30,,,
MAR,Marrocos,Q28894792,http://www.wikidata.org/entity/Q28895206,0,122,,,
MAR,Marrocos,Q28894799,http://www.wikidata.org/entity/Q28898769,0,367,,,
MAR,Marrocos,Q28894807,http://www.wikidata.org/entity/Q28899049,0,472,,,
MAR,Marrocos,Q28894810,http://www.wikidata.org/entity/Q28895460,0,1721,,,
MAR,Marrocos,Q28894811,http://www.wikidata.org/entity/Q28895460,0,998,,,
MAR,Marrocos,Q28894815,http://www.wikidata.org/entity/Q28894774,0,140,,,
MAR,Marrocos,Q28894812,http://www.wikidata.org/entity/Q28880993,0,198,,,
MAR,Marrocos,Q28894813,http://www.wikidata.org/entity/Q28886748,0,1981,,,
MAR,Marrocos,Q28895499,http://www.wikidata.org/entity/Q28898426,0,189,,,
MAR,Marrocos,Q28895509,http://www.wikidata.org/entity/Q28882894,0,434,,,
MAR,Marrocos,Q28895513,http://www.wikidata.org/entity/Q28894938,0,178,,,
MAR,Marrocos,Q28895518,,0,597,,,
MAR,Marrocos,Q28895516,http://www.wikidata.org/entity/Q28895138,0,840,,,
MAR,Marrocos,Q28895527,http://www.wikidata.org/entity/Q28895110,0,652,,,
MAR,Marrocos,Q28895530,http://www.wikidata.org/entity/Q28896162,0,284,,,
MAR,Marrocos,Q28895543,http://www.wikidata.org/entity/Q28889894,0,170,,,
MAR,Marrocos,Q28895547,http://www.wikidata.org/entity/Q28895549,0,6655,,,
MAR,Marrocos,Q28895544,http://www.wikidata.org/entity/Q28880993,0,301,,,
MAR,Marrocos,Q28895550,http://www.wikidata.org/entity/Q28905575,0,2367,,,
MAR,Marrocos,Q28895552,http://www.wikidata.org/entity/Q28894902,0,231,,,
MAR,Marrocos,Q28895558,http://www.wikidata.org/entity/Q28896085,0,707,,,
MAR,Marrocos,Q28895559,http://www.wikidata.org/entity/Q28896195,0,1114,,,
MAR,Marrocos,Q28895556,http://www.wikidata.org/entity/Q28894495,0,158,,,
MAR,Marrocos,Q28895557,http://www.wikidata.org/entity/Q28895184,0,1594,,,
MAR,Marrocos,Q28895562,http://www.wikidata.org/entity/Q28898225,0,376,,,
MAR,Marrocos,Q28895560,http://www.wikidata.org/entity/Q28898355,0,1058,,,
MAR,Marrocos,Q28895572,http://www.wikidata.org/entity/Q28895627,0,332,,,
MAR,Marrocos,Q28895573,http://www.wikidata.org/entity/Q28895634,0,297,,,
MAR,Marrocos,Q28895583,http://www.wikidata.org/entity/Q28895580,0,1761,,,
MAR,Marrocos,Q28895586,http://www.wikidata.org/entity/Q28896158,0,120,,,
MAR,Marrocos,Q28895585,http://www.wikidata.org/entity/Q28895688,0,354,,,
MAR,Marrocos,Q28895597,http://www.wikidata.org/entity/Q28896160,0,86,,,
MAR,Marrocos,Q28895601,http://www.wikidata.org/entity/Q28895794,0,453,,,
MAR,Marrocos,Q28895610,http://www.wikidata.org/entity/Q28894399,0,1037,,,
MAR,Marrocos,Q28895608,http://www.wikidata.org/entity/Q28897660,0,257,,,
MAR,Marrocos,Q28895614,http://www.wikidata.org/entity/Q28894983,0,558,,,
MAR,Marrocos,Q28895615,http://www.wikidata.org/entity/Q28895419,0,549,,,
MAR,Marrocos,Q28895612,http://www.wikidata.org/entity/Q28897660,0,280,,,
MAR,Marrocos,Q28895619,http://www.wikidata.org/entity/Q28895446,0,826,,,
MAR,Marrocos,Q28895620,http://www.wikidata.org/entity/Q28895621,0,1653,,,
MAR,Marrocos,Q28895626,http://www.wikidata.org/entity/Q28894993,0,1988,,,
MAR,Marrocos,Q28895624,http://www.wikidata.org/entity/Q28895028,0,419,,,
MAR,Marrocos,Q28895625,http://www.wikidata.org/entity/Q28894774,0,1542,,,
MAR,Marrocos,Q28895628,http://www.wikidata.org/entity/Q28895525,0,572,,,
MAR,Marrocos,Q28895635,http://www.wikidata.org/entity/Q28894774,0,224,,,
MAR,Marrocos,Q28895639,http://www.wikidata.org/entity/Q28894252,0,459,,,
MAR,Marrocos,Q28895640,http://www.wikidata.org/entity/Q28894727,0,708,,,
MAR,Marrocos,Q28895641,http://www.wikidata.org/entity/Q28895110,0,993,,,
MAR,Marrocos,Q28895680,http://www.wikidata.org/entity/Q28895553,0,737,,,
MAR,Marrocos,Q28895681,http://www.wikidata.org/entity/Q28895553,0,138,,,
MAR,Marrocos,Q28895685,http://www.wikidata.org/entity/Q28895988,0,130,,,
MAR,Marrocos,Q28895690,http://www.wikidata.org/entity/Q28895692,0,392,,,
MAR,Marrocos,Q28895689,http://www.wikidata.org/entity/Q28895688,0,569,,,
MAR,Marrocos,Q28895699,http://www.wikidata.org/entity/Q28889918,0,324,,,
MAR,Marrocos,Q28895697,http://www.wikidata.org/entity/Q28894399,0,885,,,
MAR,Marrocos,Q28895702,http://www.wikidata.org/entity/Q28895468,0,171,,,
MAR,Marrocos,Q28895701,http://www.wikidata.org/entity/Q28895234,0,1352,,,
MAR,Marrocos,Q28895705,http://www.wikidata.org/entity/Q28895904,0,50,,,
MAR,Marrocos,Q28895710,http://www.wikidata.org/entity/Q28895618,0,106,,,
MAR,Marrocos,Q28895713,http://www.wikidata.org/entity/Q28889918,0,160,,,
MAR,Marrocos,Q28895716,http://www.wikidata.org/entity/Q28896185,0,208,,,
MAR,Marrocos,Q28895717,http://www.wikidata.org/entity/Q28894624,0,134,,,
MAR,Marrocos,Q28895723,http://www.wikidata.org/entity/Q28896217,0,225,,,
MAR,Marrocos,Q28895726,http://www.wikidata.org/entity/Q28893777,0,59,,,
MAR,Marrocos,Q28895730,http://www.wikidata.org/entity/Q28894621,0,897,,,
MAR,Marrocos,Q28895734,http://www.wikidata.org/entity/Q28894819,0,620,,,
MAR,Marrocos,Q28895786,http://www.wikidata.org/entity/Q28897638,0,2093,,,
MAR,Marrocos,Q28895795,http://www.wikidata.org/entity/Q28895256,0,235,,,
MAR,Marrocos,Q28895792,http://www.wikidata.org/entity/Q28898605,0,427,,,
MAR,Marrocos,Q28895793,http://www.wikidata.org/entity/Q28894540,0,70,,,
MAR,Marrocos,Q28895798,http://www.wikidata.org/entity/Q28895602,0,270,,,
MAR,Marrocos,Q28895796,http://www.wikidata.org/entity/Q28895376,0,591,,,
MAR,Marrocos,Q28895797,http://www.wikidata.org/entity/Q28895468,0,1824,,,
MAR,Marrocos,Q28895801,http://www.wikidata.org/entity/Q28896200,0,1002,,,
MAR,Marrocos,Q28895885,http://www.wikidata.org/entity/Q28880993,0,376,,,
MAR,Marrocos,Q28895888,http://www.wikidata.org/entity/Q27513506,0,328,,,
MAR,Marrocos,Q28895889,http://www.wikidata.org/entity/Q28896202,0,330,,,
MAR,Marrocos,Q28895898,http://www.wikidata.org/entity/Q28878711,0,239,,,
MAR,Marrocos,Q28895896,http://www.wikidata.org/entity/Q28880683,0,520,,,
MAR,Marrocos,Q28895903,http://www.wikidata.org/entity/Q28895904,0,466,,,
MAR,Marrocos,Q28895915,http://www.wikidata.org/entity/Q28894805,0,373,,,
MAR,Marrocos,Q28895919,http://www.wikidata.org/entity/Q28906856,0,421,,,
MAR,Marrocos,Q28895923,http://www.wikidata.org/entity/Q28907695,0,228,,,
MAR,Marrocos,Q28895920,http://www.wikidata.org/entity/Q28895468,0,84,,,
MAR,Marrocos,Q28895921,http://www.wikidata.org/entity/Q28895278,0,193,,,
MAR,Marrocos,Q28895926,http://www.wikidata.org/entity/Q28896158,0,135,,,
MAR,Marrocos,Q28895924,http://www.wikidata.org/entity/Q28896149,0,584,,,
MAR,Marrocos,Q28895925,http://www.wikidata.org/entity/Q28896160,0,294,,,
MAR,Marrocos,Q28895930,http://www.wikidata.org/entity/Q28895932,0,7438,,,
MAR,Marrocos,Q28895929,http://www.wikidata.org/entity/Q28895799,0,521,,,
MAR,Marrocos,Q28895934,http://www.wikidata.org/entity/Q28900361,0,1426,,,
MAR,Marrocos,Q28895946,http://www.wikidata.org/entity/Q28895077,0,55,,,
MAR,Marrocos,Q28895945,http://www.wikidata.org/entity/Q28895460,0,520,,,
MAR,Marrocos,Q28895948,,0,697,,,
MAR,Marrocos,Q28895954,http://www.wikidata.org/entity/Q28893774,0,1412,,,
MAR,Marrocos,Q28895955,http://www.wikidata.org/entity/Q28896140,0,685,,,
MAR,Marrocos,Q28895953,http://www.wikidata.org/entity/Q28898426,0,147,,,
MAR,Marrocos,Q28895958,http://www.wikidata.org/entity/Q28895442,0,108,,,
MAR,Marrocos,Q28895959,http://www.wikidata.org/entity/Q28894654,0,533,,,
MAR,Marrocos,Q28895956,http://www.wikidata.org/entity/Q28908417,0,191,,,
MAR,Marrocos,Q28895963,http://www.wikidata.org/entity/Q28895865,0,851,,,
MAR,Marrocos,Q28895966,http://www.wikidata.org/entity/Q28894256,0,393,,,
MAR,Marrocos,Q28895965,http://www.wikidata.org/entity/Q28882894,0,171,,,
MAR,Marrocos,Q28895968,http://www.wikidata.org/entity/Q28894772,0,182,,,
MAR,Marrocos,Q28895969,http://www.wikidata.org/entity/Q28895234,0,901,,,
MAR,Marrocos,Q28895990,http://www.wikidata.org/entity/Q28902268,0,615,,,
MAR,Marrocos,Q28895992,http://www.wikidata.org/entity/Q28895994,0,53,,,
MAR,Marrocos,Q28895993,http://www.wikidata.org/entity/Q28897899,0,745,,,
MAR,Marrocos,Q28895998,http://www.wikidata.org/entity/Q28896195,0,1344,,,
MAR,Marrocos,Q28895999,http://www.wikidata.org/entity/Q28898453,0,1231,,,
MAR,Marrocos,Q28896003,http://www.wikidata.org/entity/Q28894621,0,560,,,
MAR,Marrocos,Q28896005,http://www.wikidata.org/entity/Q28895089,0,241,,,
MAR,Marrocos,Q28896110,http://www.wikidata.org/entity/Q28889897,0,282,,,
MAR,Marrocos,Q28896111,http://www.wikidata.org/entity/Q28899044,0,1321,,,
MAR,Marrocos,Q28896115,http://www.wikidata.org/entity/Q28894557,0,1029,,,
MAR,Marrocos,Q28896113,http://www.wikidata.org/entity/Q28899044,0,575,,,
MAR,Marrocos,Q28896117,http://www.wikidata.org/entity/Q28894560,0,396,,,
MAR,Marrocos,Q28896123,http://www.wikidata.org/entity/Q28895988,0,28,,,
MAR,Marrocos,Q28896127,http://www.wikidata.org/entity/Q28894591,0,396,,,
MAR,Marrocos,Q28896130,http://www.wikidata.org/entity/Q28894982,0,611,,,
MAR,Marrocos,Q28896128,http://www.wikidata.org/entity/Q28901058,0,206,,,
MAR,Marrocos,Q28896134,http://www.wikidata.org/entity/Q28895593,0,4387,,,
MAR,Marrocos,Q28896132,http://www.wikidata.org/entity/Q28895087,0,434,,,
MAR,Marrocos,Q28896143,http://www.wikidata.org/entity/Q28897938,0,588,,,
MAR,Marrocos,Q28896147,http://www.wikidata.org/entity/Q28909288,0,347,,,
MAR,Marrocos,Q28896145,http://www.wikidata.org/entity/Q28895224,0,473,,,
MAR,Marrocos,Q28896150,http://www.wikidata.org/entity/Q28895132,0,1969,,,
MAR,Marrocos,Q28896151,http://www.wikidata.org/entity/Q28895994,0,44,,,
MAR,Marrocos,Q28896174,http://www.wikidata.org/entity/Q28909218,0,512,,,
MAR,Marrocos,Q28896175,http://www.wikidata.org/entity/Q28896126,0,295,,,
MAR,Marrocos,Q28896179,http://www.wikidata.org/entity/Q28894492,0,1069,,,
MAR,Marrocos,Q28896177,http://www.wikidata.org/entity/Q28889918,0,176,,,
MAR,Marrocos,Q28896182,http://www.wikidata.org/entity/Q28878676,0,720,,,
MAR,Marrocos,Q28896180,http://www.wikidata.org/entity/Q28907442,0,378,,,
MAR,Marrocos,Q28896184,http://www.wikidata.org/entity/Q28889828,0,778,,,
MAR,Marrocos,Q28896190,http://www.wikidata.org/entity/Q28895102,0,642,,,
MAR,Marrocos,Q28896191,http://www.wikidata.org/entity/Q28895224,0,670,,,
MAR,Marrocos,Q28896189,http://www.wikidata.org/entity/Q28894621,0,414,,,
MAR,Marrocos,Q28896194,http://www.wikidata.org/entity/Q28895787,0,1936,,,
MAR,Marrocos,Q28896192,http://www.wikidata.org/entity/Q28895576,0,882,,,
MAR,Marrocos,Q28896193,http://www.wikidata.org/entity/Q28895637,0,621,,,
MAR,Marrocos,Q28896207,http://www.wikidata.org/entity/Q28895468,0,342,,,
MAR,Marrocos,Q28896209,http://www.wikidata.org/entity/Q28907663,0,301,,,
MAR,Marrocos,Q28896215,http://www.wikidata.org/entity/Q28895021,0,164,,,
MAR,Marrocos,Q28896218,http://www.wikidata.org/entity/Q28896236,0,769,,,
MAR,Marrocos,Q28896223,http://www.wikidata.org/entity/Q28895206,0,487,,,
MAR,Marrocos,Q28896224,http://www.wikidata.org/entity/Q28896088,0,340,,,
MAR,Marrocos,Q28896225,http://www.wikidata.org/entity/Q28898426,0,750,,,
MAR,Marrocos,Q28896235,http://www.wikidata.org/entity/Q28902183,0,313,,,
MAR,Marrocos,Q28896233,http://www.wikidata.org/entity/Q28896234,0,200,,,
MAR,Marrocos,Q28896241,http://www.wikidata.org/entity/Q28899630,0,776,,,
MAR,Marrocos,Q28896854,http://www.wikidata.org/entity/Q28891172,0,898,,,
MAR,Marrocos,Q28896857,http://www.wikidata.org/entity/Q28892956,0,390,,,
MAR,Marrocos,Q28896862,http://www.wikidata.org/entity/Q28886176,0,26,,,
MAR,Marrocos,Q28896860,http://www.wikidata.org/entity/Q28890235,0,139,,,
MAR,Marrocos,Q28896861,http://www.wikidata.org/entity/Q28893745,0,31,,,
MAR,Marrocos,Q28896939,http://www.wikidata.org/entity/Q28896569,0,82,,,
MAR,Marrocos,Q28896940,http://www.wikidata.org/entity/Q28892723,0,119,,,
MAR,Marrocos,Q28896941,http://www.wikidata.org/entity/Q28908178,0,422,,,
MAR,Marrocos,Q28896950,http://www.wikidata.org/entity/Q28893745,0,36,,,
MAR,Marrocos,Q28896951,http://www.wikidata.org/entity/Q28903184,0,176,,,
MAR,Marrocos,Q28896948,http://www.wikidata.org/entity/Q28893745,0,17,,,
MAR,Marrocos,Q28896949,http://www.wikidata.org/entity/Q28893064,0,45,,,
MAR,Marrocos,Q28896954,http://www.wikidata.org/entity/Q28892478,0,121,,,
MAR,Marrocos,Q28896955,http://www.wikidata.org/entity/Q28906916,0,279,,,
MAR,Marrocos,Q28896952,http://www.wikidata.org/entity/Q28892661,0,362,,,
MAR,Marrocos,Q28896953,http://www.wikidata.org/entity/Q28903636,0,66,,,
MAR,Marrocos,Q28896957,http://www.wikidata.org/entity/Q28897389,0,206,,,
MAR,Marrocos,Q28896967,http://www.wikidata.org/entity/Q28906452,0,300,,,
MAR,Marrocos,Q28896971,http://www.wikidata.org/entity/Q28905105,0,143,,,
MAR,Marrocos,Q28896968,http://www.wikidata.org/entity/Q28893543,0,36,,,
MAR,Marrocos,Q28896974,http://www.wikidata.org/entity/Q28897231,0,77,,,
MAR,Marrocos,Q28896975,http://www.wikidata.org/entity/Q28902345,0,455,,,
MAR,Marrocos,Q28896972,http://www.wikidata.org/entity/Q28893745,0,15,,,
MAR,Marrocos,Q28896976,http://www.wikidata.org/entity/Q28892930,0,348,,,
MAR,Marrocos,Q28896977,http://www.wikidata.org/entity/Q28902291,0,167,,,
MAR,Marrocos,Q28897363,http://www.wikidata.org/entity/Q28895184,0,245,,,
MAR,Marrocos,Q28897366,http://www.wikidata.org/entity/Q28891605,0,793,,,
MAR,Marrocos,Q28897367,http://www.wikidata.org/entity/Q28891251,0,216,,,
MAR,Marrocos,Q28897364,http://www.wikidata.org/entity/Q28895234,0,329,,,
MAR,Marrocos,Q28897370,http://www.wikidata.org/entity/Q28906452,0,215,,,
MAR,Marrocos,Q28897371,http://www.wikidata.org/entity/Q28893064,0,95,,,
MAR,Marrocos,Q28897368,http://www.wikidata.org/entity/Q28892478,0,240,,,
MAR,Marrocos,Q28897369,http://www.wikidata.org/entity/Q28903766,0,444,,,
MAR,Marrocos,Q28897374,http://www.wikidata.org/entity/Q28893198,0,557,,,
MAR,Marrocos,Q28897375,http://www.wikidata.org/entity/Q28892213,0,185,,,
MAR,Marrocos,Q28897372,http://www.wikidata.org/entity/Q28901527,0,246,,,
MAR,Marrocos,Q28897376,http://www.wikidata.org/entity/Q28891251,0,89,,,
MAR,Marrocos,Q28897786,http://www.wikidata.org/entity/Q28895794,0,267,,,
MAR,Marrocos,Q28897787,http://www.wikidata.org/entity/Q28880864,0,702,,,
MAR,Marrocos,Q28897784,http://www.wikidata.org/entity/Q28895578,0,456,,,
MAR,Marrocos,Q28897785,http://www.wikidata.org/entity/Q28897848,0,415,,,
MAR,Marrocos,Q28897790,http://www.wikidata.org/entity/Q28895755,0,375,,,
MAR,Marrocos,Q28897791,http://www.wikidata.org/entity/Q28891322,0,308,,,
MAR,Marrocos,Q28897788,http://www.wikidata.org/entity/Q28902415,0,424,,,
MAR,Marrocos,Q28897789,http://www.wikidata.org/entity/Q28891190,0,627,,,
MAR,Marrocos,Q28897792,http://www.wikidata.org/entity/Q28902133,0,121,,,
MAR,Marrocos,Q28897793,http://www.wikidata.org/entity/Q28898015,0,1390,,,
MAR,Marrocos,Q28897798,http://www.wikidata.org/entity/Q28902415,0,854,,,
MAR,Marrocos,Q28897799,http://www.wikidata.org/entity/Q28899052,0,383,,,
MAR,Marrocos,Q28897796,http://www.wikidata.org/entity/Q28895788,0,236,,,
MAR,Marrocos,Q28897797,http://www.wikidata.org/entity/Q28907486,0,174,,,
MAR,Marrocos,Q28897802,http://www.wikidata.org/entity/Q28895794,0,613,,,
MAR,Marrocos,Q28897803,http://www.wikidata.org/entity/Q28908040,0,356,,,
MAR,Marrocos,Q28897804,http://www.wikidata.org/entity/Q28909281,0,90,,,
MAR,Marrocos,Q28897805,http://www.wikidata.org/entity/Q28889857,0,349,,,
MAR,Marrocos,Q28897808,http://www.wikidata.org/entity/Q28894615,0,1180,,,
MAR,Marrocos,Q28897809,http://www.wikidata.org/entity/Q28895046,0,3631,,,
MAR,Marrocos,Q28898367,http://www.wikidata.org/entity/Q28906872,0,169,,,
MAR,Marrocos,Q28898370,http://www.wikidata.org/entity/Q28894319,0,186,,,
MAR,Marrocos,Q28898368,http://www.wikidata.org/entity/Q28906444,0,950,,,
MAR,Marrocos,Q28898369,http://www.wikidata.org/entity/Q28894982,0,177,,,
MAR,Marrocos,Q28898374,http://www.wikidata.org/entity/Q28899705,0,240,,,
MAR,Marrocos,Q28898375,http://www.wikidata.org/entity/Q28896230,0,1233,,,
MAR,Marrocos,Q28898372,http://www.wikidata.org/entity/Q28899049,0,1599,,,
MAR,Marrocos,Q28898383,http://www.wikidata.org/entity/Q28910122,0,179,,,
MAR,Marrocos,Q28898380,http://www.wikidata.org/entity/Q28907207,0,227,,,
MAR,Marrocos,Q28898386,http://www.wikidata.org/entity/Q28895021,0,150,,,
MAR,Marrocos,Q28898387,http://www.wikidata.org/entity/Q28904909,0,341,,,
MAR,Marrocos,Q28898385,http://www.wikidata.org/entity/Q28898868,0,349,,,
MAR,Marrocos,Q28898390,http://www.wikidata.org/entity/Q28908065,0,167,,,
MAR,Marrocos,Q28898391,http://www.wikidata.org/entity/Q28904909,0,330,,,
MAR,Marrocos,Q28898395,http://www.wikidata.org/entity/Q28909288,0,131,,,
MAR,Marrocos,Q28898392,http://www.wikidata.org/entity/Q28892471,0,497,,,
MAR,Marrocos,Q28898396,http://www.wikidata.org/entity/Q28891055,0,42,,,
MAR,Marrocos,Q28898397,http://www.wikidata.org/entity/Q28896149,0,225,,,
MAR,Marrocos,Q28898400,http://www.wikidata.org/entity/Q28894591,0,589,,,
MAR,Marrocos,Q28898401,http://www.wikidata.org/entity/Q28895496,0,271,,,
MAR,Marrocos,Q28888962,http://www.wikidata.org/entity/Q28895579,0,779,,,
MAR,Marrocos,Q28888963,http://www.wikidata.org/entity/Q28895579,0,837,,,
MAR,Marrocos,Q28888960,http://www.wikidata.org/entity/Q28895579,0,498,,,
MAR,Marrocos,Q28888961,http://www.wikidata.org/entity/Q28895579,0,593,,,
MAR,Marrocos,Q28888966,http://www.wikidata.org/entity/Q28895579,0,727,,,
MAR,Marrocos,Q28888967,http://www.wikidata.org/entity/Q28895579,0,156,,,
MAR,Marrocos,Q28888964,http://www.wikidata.org/entity/Q28895579,0,360,,,
MAR,Marrocos,Q28888965,http://www.wikidata.org/entity/Q28895579,0,716,,,
MAR,Marrocos,Q28888968,http://www.wikidata.org/entity/Q28895579,0,163,,,
MAR,Marrocos,Q28888969,http://www.wikidata.org/entity/Q28895579,0,167,,,
MAR,Marrocos,Q28888986,http://www.wikidata.org/entity/Q28894400,0,753,,,
MAR,Marrocos,Q28888987,http://www.wikidata.org/entity/Q28894400,0,221,,,
MAR,Marrocos,Q28888990,http://www.wikidata.org/entity/Q28894400,0,601,,,
MAR,Marrocos,Q28888991,http://www.wikidata.org/entity/Q28894400,0,214,,,
MAR,Marrocos,Q28888988,http://www.wikidata.org/entity/Q28894400,0,476,,,
MAR,Marrocos,Q28888989,http://www.wikidata.org/entity/Q28894400,0,554,,,
MAR,Marrocos,Q28888992,http://www.wikidata.org/entity/Q28894400,0,1393,,,
MAR,Marrocos,Q28888993,http://www.wikidata.org/entity/Q28894400,0,906,,,
MAR,Marrocos,Q28889151,http://www.wikidata.org/entity/Q28889154,0,1217,,,
MAR,Marrocos,Q28889149,http://www.wikidata.org/entity/Q28890640,0,295,,,
MAR,Marrocos,Q28889155,http://www.wikidata.org/entity/Q28889154,0,818,,,
MAR,Marrocos,Q28889152,http://www.wikidata.org/entity/Q28889154,0,1491,,,
MAR,Marrocos,Q28889153,http://www.wikidata.org/entity/Q28889154,0,876,,,
MAR,Marrocos,Q28889156,http://www.wikidata.org/entity/Q28889154,0,367,,,
MAR,Marrocos,Q28889162,http://www.wikidata.org/entity/Q28896094,0,830,,,
MAR,Marrocos,Q28889163,http://www.wikidata.org/entity/Q28896094,0,574,,,
MAR,Marrocos,Q28889160,http://www.wikidata.org/entity/Q28899255,0,1099,,,
MAR,Marrocos,Q28890650,http://www.wikidata.org/entity/Q28892752,0,117,,,
MAR,Marrocos,Q28890651,http://www.wikidata.org/entity/Q28892629,0,200,,,
MAR,Marrocos,Q28890649,http://www.wikidata.org/entity/Q28896918,0,430,,,
MAR,Marrocos,Q28890654,http://www.wikidata.org/entity/Q28891467,0,283,,,
MAR,Marrocos,Q28890655,http://www.wikidata.org/entity/Q28896072,0,68,,,
MAR,Marrocos,Q28890652,http://www.wikidata.org/entity/Q28896581,0,122,,,
MAR,Marrocos,Q28890653,http://www.wikidata.org/entity/Q28891913,0,558,,,
MAR,Marrocos,Q28890657,http://www.wikidata.org/entity/Q28891053,0,319,,,
MAR,Marrocos,Q28890660,http://www.wikidata.org/entity/Q28895295,0,345,,,
MAR,Marrocos,Q28890661,http://www.wikidata.org/entity/Q28891103,0,657,,,
MAR,Marrocos,Q28891314,http://www.wikidata.org/entity/Q28890394,0,331,,,
MAR,Marrocos,Q28891318,http://www.wikidata.org/entity/Q28892636,0,549,,,
MAR,Marrocos,Q28891319,http://www.wikidata.org/entity/Q28890801,0,341,,,
MAR,Marrocos,Q28891317,http://www.wikidata.org/entity/Q28892213,0,70,,,
MAR,Marrocos,Q28891321,http://www.wikidata.org/entity/Q28891394,0,471,,,
MAR,Marrocos,Q28891330,http://www.wikidata.org/entity/Q28890270,0,186,,,
MAR,Marrocos,Q28891331,http://www.wikidata.org/entity/Q28891072,0,17,,,
MAR,Marrocos,Q28891328,http://www.wikidata.org/entity/Q28897430,0,99,,,
MAR,Marrocos,Q28891332,http://www.wikidata.org/entity/Q28896252,0,214,,,
MAR,Marrocos,Q28891338,http://www.wikidata.org/entity/Q28891572,0,457,,,
MAR,Marrocos,Q28891337,http://www.wikidata.org/entity/Q28890706,0,103,,,
MAR,Marrocos,Q28891343,http://www.wikidata.org/entity/Q28886176,0,61,,,
MAR,Marrocos,Q28891347,http://www.wikidata.org/entity/Q28903766,0,88,,,
MAR,Marrocos,Q28891344,http://www.wikidata.org/entity/Q28880936,0,50,,,
MAR,Marrocos,Q28891345,http://www.wikidata.org/entity/Q28890368,0,561,,,
MAR,Marrocos,Q28891348,http://www.wikidata.org/entity/Q28892467,0,376,,,
MAR,Marrocos,Q28891349,http://www.wikidata.org/entity/Q28891307,0,65,,,
MAR,Marrocos,Q28891375,http://www.wikidata.org/entity/Q28883224,0,55,,,
MAR,Marrocos,Q28891376,http://www.wikidata.org/entity/Q28897390,0,140,,,
MAR,Marrocos,Q28891382,http://www.wikidata.org/entity/Q28891239,0,604,,,
MAR,Marrocos,Q28891383,http://www.wikidata.org/entity/Q28891637,0,252,,,
MAR,Marrocos,Q28891399,http://www.wikidata.org/entity/Q28906719,0,93,,,
MAR,Marrocos,Q28891403,http://www.wikidata.org/entity/Q28890428,0,390,,,
MAR,Marrocos,Q28891400,http://www.wikidata.org/entity/Q28891523,0,166,,,
MAR,Marrocos,Q28891404,http://www.wikidata.org/entity/Q28896864,0,119,,,
MAR,Marrocos,Q28891405,http://www.wikidata.org/entity/Q28891847,0,132,,,
MAR,Marrocos,Q28891411,http://www.wikidata.org/entity/Q28887288,0,1532,,,
MAR,Marrocos,Q28891415,http://www.wikidata.org/entity/Q28895102,0,1230,,,
MAR,Marrocos,Q28891412,http://www.wikidata.org/entity/Q28905237,0,163,,,
MAR,Marrocos,Q28891419,http://www.wikidata.org/entity/Q28891838,0,746,,,
MAR,Marrocos,Q28891416,http://www.wikidata.org/entity/Q28890861,0,31,,,
MAR,Marrocos,Q28891417,http://www.wikidata.org/entity/Q28892186,0,39,,,
MAR,Marrocos,Q28891423,http://www.wikidata.org/entity/Q28892745,0,303,,,
MAR,Marrocos,Q28891420,http://www.wikidata.org/entity/Q28892234,0,1246,,,
MAR,Marrocos,Q28891421,http://www.wikidata.org/entity/Q28891422,0,1366,,,
MAR,Marrocos,Q28891427,http://www.wikidata.org/entity/Q28897622,0,68,,,
MAR,Marrocos,Q28891425,http://www.wikidata.org/entity/Q28882883,0,79,,,
MAR,Marrocos,Q28891431,http://www.wikidata.org/entity/Q28892354,0,81,,,
MAR,Marrocos,Q28891428,http://www.wikidata.org/entity/Q28891430,0,726,,,
MAR,Marrocos,Q28891429,http://www.wikidata.org/entity/Q28891598,0,483,,,
MAR,Marrocos,Q28891434,http://www.wikidata.org/entity/Q28895882,0,282,,,
MAR,Marrocos,Q28891435,http://www.wikidata.org/entity/Q28891895,0,303,,,
MAR,Marrocos,Q28891433,http://www.wikidata.org/entity/Q28892608,0,654,,,
MAR,Marrocos,Q28891438,http://www.wikidata.org/entity/Q28892722,0,808,,,
MAR,Marrocos,Q28891436,http://www.wikidata.org/entity/Q28892286,0,163,,,
MAR,Marrocos,Q28891437,http://www.wikidata.org/entity/Q28890752,0,65,,,
MAR,Marrocos,Q28891440,http://www.wikidata.org/entity/Q28890775,0,611,,,
MAR,Marrocos,Q28891444,http://www.wikidata.org/entity/Q28896788,0,299,,,
MAR,Marrocos,Q28891450,http://www.wikidata.org/entity/Q28891547,0,49,,,
MAR,Marrocos,Q28891451,http://www.wikidata.org/entity/Q28891015,0,67,,,
MAR,Marrocos,Q28891454,http://www.wikidata.org/entity/Q28891980,0,454,,,
MAR,Marrocos,Q28891455,http://www.wikidata.org/entity/Q28890270,0,295,,,
MAR,Marrocos,Q28891456,http://www.wikidata.org/entity/Q28901816,0,260,,,
MAR,Marrocos,Q28891462,http://www.wikidata.org/entity/Q28900878,0,833,,,
MAR,Marrocos,Q28891463,http://www.wikidata.org/entity/Q28908194,0,109,,,
MAR,Marrocos,Q28891460,http://www.wikidata.org/entity/Q28890775,0,1554,,,
MAR,Marrocos,Q28891461,http://www.wikidata.org/entity/Q28891799,0,301,,,
MAR,Marrocos,Q28891466,http://www.wikidata.org/entity/Q28892042,0,367,,,
MAR,Marrocos,Q28891464,http://www.wikidata.org/entity/Q28902736,0,103,,,
MAR,Marrocos,Q28891471,http://www.wikidata.org/entity/Q28890811,0,129,,,
MAR,Marrocos,Q28891468,http://www.wikidata.org/entity/Q28892284,0,74,,,
MAR,Marrocos,Q28891469,http://www.wikidata.org/entity/Q28890809,0,30,,,
MAR,Marrocos,Q28891472,http://www.wikidata.org/entity/Q28893582,0,259,,,
MAR,Marrocos,Q28891736,http://www.wikidata.org/entity/Q28891394,0,124,,,
MAR,Marrocos,Q28891737,http://www.wikidata.org/entity/Q28906499,0,287,,,
MAR,Marrocos,Q28891742,http://www.wikidata.org/entity/Q28891900,0,290,,,
MAR,Marrocos,Q28891743,http://www.wikidata.org/entity/Q28899821,0,139,,,
MAR,Marrocos,Q28891740,http://www.wikidata.org/entity/Q28891196,0,152,,,
MAR,Marrocos,Q28891747,http://www.wikidata.org/entity/Q28899821,0,23,,,
MAR,Marrocos,Q28891744,http://www.wikidata.org/entity/Q28899821,0,428,,,
MAR,Marrocos,Q28891750,http://www.wikidata.org/entity/Q28891799,0,304,,,
MAR,Marrocos,Q28891749,http://www.wikidata.org/entity/Q28902245,0,321,,,
MAR,Marrocos,Q28891754,http://www.wikidata.org/entity/Q28891164,0,271,,,
MAR,Marrocos,Q28891753,http://www.wikidata.org/entity/Q28890141,0,249,,,
MAR,Marrocos,Q28891759,http://www.wikidata.org/entity/Q28890801,0,114,,,
MAR,Marrocos,Q28891756,http://www.wikidata.org/entity/Q28891163,0,93,,,
MAR,Marrocos,Q28891762,http://www.wikidata.org/entity/Q28890435,0,502,,,
MAR,Marrocos,Q28891763,http://www.wikidata.org/entity/Q28891129,0,260,,,
MAR,Marrocos,Q28891760,http://www.wikidata.org/entity/Q28907084,0,378,,,
MAR,Marrocos,Q28891761,http://www.wikidata.org/entity/Q28891016,0,193,,,
MAR,Marrocos,Q28891764,http://www.wikidata.org/entity/Q28897730,0,133,,,
MAR,Marrocos,Q28891771,http://www.wikidata.org/entity/Q28897844,0,135,,,
MAR,Marrocos,Q28891768,http://www.wikidata.org/entity/Q28896364,0,546,,,
MAR,Marrocos,Q28891769,http://www.wikidata.org/entity/Q28891692,0,179,,,
MAR,Marrocos,Q28891779,http://www.wikidata.org/entity/Q28896762,0,203,,,
MAR,Marrocos,Q28891784,http://www.wikidata.org/entity/Q28897730,0,464,,,
MAR,Marrocos,Q28891785,http://www.wikidata.org/entity/Q28897775,0,280,,,
MAR,Marrocos,Q28891791,http://www.wikidata.org/entity/Q28906405,0,55,,,
MAR,Marrocos,Q28891792,http://www.wikidata.org/entity/Q28891780,0,1282,,,
MAR,Marrocos,Q28891793,http://www.wikidata.org/entity/Q28891394,0,200,,,
MAR,Marrocos,Q28892918,http://www.wikidata.org/entity/Q28896259,0,64,,,
MAR,Marrocos,Q28892921,http://www.wikidata.org/entity/Q28896548,0,75,,,
MAR,Marrocos,Q28892924,http://www.wikidata.org/entity/Q28890625,0,201,,,
MAR,Marrocos,Q28892928,http://www.wikidata.org/entity/Q28897775,0,42,,,
MAR,Marrocos,Q28892934,http://www.wikidata.org/entity/Q28886176,0,40,,,
MAR,Marrocos,Q28892935,http://www.wikidata.org/entity/Q28892851,0,94,,,
MAR,Marrocos,Q28892938,http://www.wikidata.org/entity/Q28890235,0,104,,,
MAR,Marrocos,Q28892939,http://www.wikidata.org/entity/Q28893543,0,42,,,
MAR,Marrocos,Q28892936,http://www.wikidata.org/entity/Q28893745,0,52,,,
MAR,Marrocos,Q28892937,http://www.wikidata.org/entity/Q28893413,0,311,,,
MAR,Marrocos,Q28892940,http://www.wikidata.org/entity/Q28897389,0,98,,,
MAR,Marrocos,Q28892941,http://www.wikidata.org/entity/Q28891605,0,1493,,,
MAR,Marrocos,Q28892947,http://www.wikidata.org/entity/Q28896631,0,205,,,
MAR,Marrocos,Q28892950,http://www.wikidata.org/entity/Q28901801,0,369,,,
MAR,Marrocos,Q28892951,http://www.wikidata.org/entity/Q28891840,0,93,,,
MAR,Marrocos,Q28892948,http://www.wikidata.org/entity/Q28896631,0,142,,,
MAR,Marrocos,Q28892962,http://www.wikidata.org/entity/Q28875214,0,101,,,
MAR,Marrocos,Q28892960,http://www.wikidata.org/entity/Q28891548,0,1190,,,
MAR,Marrocos,Q28892961,http://www.wikidata.org/entity/Q28904192,0,21,,,
MAR,Marrocos,Q28892964,http://www.wikidata.org/entity/Q28892385,0,210,,,
MAR,Marrocos,Q28892968,http://www.wikidata.org/entity/Q28890784,0,69,,,
MAR,Marrocos,Q28892974,http://www.wikidata.org/entity/Q28896581,0,196,,,
MAR,Marrocos,Q28892973,http://www.wikidata.org/entity/Q28897390,0,131,,,
MAR,Marrocos,Q28892978,http://www.wikidata.org/entity/Q28897386,0,64,,,
MAR,Marrocos,Q28892979,http://www.wikidata.org/entity/Q28897430,0,41,,,
MAR,Marrocos,Q28892977,http://www.wikidata.org/entity/Q28896581,0,338,,,
MAR,Marrocos,Q28892983,http://www.wikidata.org/entity/Q28886176,0,105,,,
MAR,Marrocos,Q28892980,http://www.wikidata.org/entity/Q28902164,0,254,,,
MAR,Marrocos,Q28892981,http://www.wikidata.org/entity/Q28896693,0,41,,35.18571690571,-3.4377336716652
MAR,Marrocos,Q28892987,http://www.wikidata.org/entity/Q28890160,0,280,,,
MAR,Marrocos,Q28892984,http://www.wikidata.org/entity/Q28906405,0,46,,,
MAR,Marrocos,Q28892985,http://www.wikidata.org/entity/Q28890141,0,470,,,
MAR,Marrocos,Q28892988,http://www.wikidata.org/entity/Q28890403,0,550,,,
MAR,Marrocos,Q28892992,http://www.wikidata.org/entity/Q28896895,0,89,,,
MAR,Marrocos,Q28892993,http://www.wikidata.org/entity/Q28897389,0,51,,,
MAR,Marrocos,Q28892998,http://www.wikidata.org/entity/Q28903819,0,103,,,
MAR,Marrocos,Q28892996,http://www.wikidata.org/entity/Q28903434,0,41,,,
MAR,Marrocos,Q28893001,http://www.wikidata.org/entity/Q28905105,0,120,,,
MAR,Marrocos,Q28893004,http://www.wikidata.org/entity/Q28904994,0,980,,,
MAR,Marrocos,Q28893010,http://www.wikidata.org/entity/Q28893011,0,350,,,
MAR,Marrocos,Q28893008,http://www.wikidata.org/entity/Q28886176,0,219,,,
MAR,Marrocos,Q28893015,http://www.wikidata.org/entity/Q28903673,0,489,,,
MAR,Marrocos,Q28893013,http://www.wikidata.org/entity/Q28890760,0,222,,,
MAR,Marrocos,Q28893023,http://www.wikidata.org/entity/Q28893022,0,343,,,
MAR,Marrocos,Q28893026,http://www.wikidata.org/entity/Q28896548,0,210,,,
MAR,Marrocos,Q28893031,http://www.wikidata.org/entity/Q28906916,0,120,,,
MAR,Marrocos,Q28893028,http://www.wikidata.org/entity/Q28896548,0,586,,,
MAR,Marrocos,Q28893029,http://www.wikidata.org/entity/Q28897430,0,102,,,
MAR,Marrocos,Q28893035,http://www.wikidata.org/entity/Q28896581,0,67,,,
MAR,Marrocos,Q28893033,http://www.wikidata.org/entity/Q28897373,0,217,,,
MAR,Marrocos,Q28893039,http://www.wikidata.org/entity/Q28889848,0,111,,,
MAR,Marrocos,Q28893037,http://www.wikidata.org/entity/Q28886176,0,107,,,
MAR,Marrocos,Q28893040,http://www.wikidata.org/entity/Q28905132,0,322,,,
MAR,Marrocos,Q28893041,http://www.wikidata.org/entity/Q28905132,0,158,,,
MAR,Marrocos,Q28893047,http://www.wikidata.org/entity/Q28907123,0,593,,,
MAR,Marrocos,Q28893044,http://www.wikidata.org/entity/Q28890784,0,47,,,
MAR,Marrocos,Q28893050,http://www.wikidata.org/entity/Q28890390,0,49,,,
MAR,Marrocos,Q28893051,http://www.wikidata.org/entity/Q28880864,0,76,,,
MAR,Marrocos,Q28893048,http://www.wikidata.org/entity/Q28893119,0,189,,,
MAR,Marrocos,Q28893049,http://www.wikidata.org/entity/Q28905105,0,124,,,
MAR,Marrocos,Q28893052,http://www.wikidata.org/entity/Q28904222,0,669,,,
MAR,Marrocos,Q28893072,http://www.wikidata.org/entity/Q28906405,0,66,,,
MAR,Marrocos,Q28893073,http://www.wikidata.org/entity/Q28903766,0,1200,,,
MAR,Marrocos,Q28893079,http://www.wikidata.org/entity/Q28889848,0,105,,,
MAR,Marrocos,Q28893076,http://www.wikidata.org/entity/Q28896581,0,58,,,
MAR,Marrocos,Q28893082,http://www.wikidata.org/entity/Q28901298,0,286,,,
MAR,Marrocos,Q28893083,http://www.wikidata.org/entity/Q28902474,0,481,,,
MAR,Marrocos,Q28893080,http://www.wikidata.org/entity/Q28883821,0,2964,,,
MAR,Marrocos,Q28893081,http://www.wikidata.org/entity/Q28890160,0,247,,,
MAR,Marrocos,Q28893086,http://www.wikidata.org/entity/Q28875217,0,50,,,
MAR,Marrocos,Q28893084,http://www.wikidata.org/entity/Q28908730,0,954,,,
MAR,Marrocos,Q28893094,http://www.wikidata.org/entity/Q28895791,0,199,,,
MAR,Marrocos,Q28893092,http://www.wikidata.org/entity/Q28891745,0,562,,,
MAR,Marrocos,Q28891473,http://www.wikidata.org/entity/Q28892284,0,141,,,
MAR,Marrocos,Q28891516,http://www.wikidata.org/entity/Q28896252,0,99,,,
MAR,Marrocos,Q28891517,http://www.wikidata.org/entity/Q28896346,0,161,,,
MAR,Marrocos,Q28891520,http://www.wikidata.org/entity/Q28891324,0,914,,,
MAR,Marrocos,Q28891521,http://www.wikidata.org/entity/Q28906405,0,63,,,
MAR,Marrocos,Q28891526,http://www.wikidata.org/entity/Q28890235,0,191,,,
MAR,Marrocos,Q28891524,http://www.wikidata.org/entity/Q28892517,0,805,,,
MAR,Marrocos,Q28891535,http://www.wikidata.org/entity/Q28877281,0,1759,,,
MAR,Marrocos,Q28891532,http://www.wikidata.org/entity/Q28890640,0,108,,,
MAR,Marrocos,Q28891533,http://www.wikidata.org/entity/Q28892263,0,236,,,
MAR,Marrocos,Q28891538,http://www.wikidata.org/entity/Q28897897,0,267,,,
MAR,Marrocos,Q28891539,http://www.wikidata.org/entity/Q28901298,0,580,,,
MAR,Marrocos,Q28891536,http://www.wikidata.org/entity/Q28895799,0,603,,,
MAR,Marrocos,Q28891537,http://www.wikidata.org/entity/Q28896570,0,51,,,
MAR,Marrocos,Q28891542,http://www.wikidata.org/entity/Q28892594,0,88,,,
MAR,Marrocos,Q28891543,http://www.wikidata.org/entity/Q28902097,0,292,,,
MAR,Marrocos,Q28891540,http://www.wikidata.org/entity/Q28906405,0,14,,,
MAR,Marrocos,Q28891541,http://www.wikidata.org/entity/Q28890141,0,119,,,
MAR,Marrocos,Q28891546,http://www.wikidata.org/entity/Q28902943,0,355,,,
MAR,Marrocos,Q28891550,http://www.wikidata.org/entity/Q28897389,0,43,,,
MAR,Marrocos,Q28891558,http://www.wikidata.org/entity/Q28891018,0,230,,,
MAR,Marrocos,Q28891559,http://www.wikidata.org/entity/Q28891467,0,164,,,
MAR,Marrocos,Q28891556,http://www.wikidata.org/entity/Q28890371,0,134,,,
MAR,Marrocos,Q28891557,http://www.wikidata.org/entity/Q28890769,0,571,,,
MAR,Marrocos,Q28891560,http://www.wikidata.org/entity/Q28891572,0,460,,,
MAR,Marrocos,Q28891561,http://www.wikidata.org/entity/Q28891653,0,61,,,
MAR,Marrocos,Q28891566,http://www.wikidata.org/entity/Q28897622,0,17,,,
MAR,Marrocos,Q28891574,http://www.wikidata.org/entity/Q28882883,0,165,,,
MAR,Marrocos,Q28891578,http://www.wikidata.org/entity/Q28891395,0,4,,,
MAR,Marrocos,Q28891582,http://www.wikidata.org/entity/Q28891307,0,170,,,
MAR,Marrocos,Q28891583,http://www.wikidata.org/entity/Q28891577,0,617,,,
MAR,Marrocos,Q28891580,,0,92,,,
MAR,Marrocos,Q28891581,http://www.wikidata.org/entity/Q28897811,0,432,,,
MAR,Marrocos,Q28891587,http://www.wikidata.org/entity/Q28890163,0,335,,,
MAR,Marrocos,Q28891590,http://www.wikidata.org/entity/Q28892722,0,511,,,
MAR,Marrocos,Q28891591,http://www.wikidata.org/entity/Q28891116,0,119,,,
MAR,Marrocos,Q28891588,http://www.wikidata.org/entity/Q28880936,0,73,,,
MAR,Marrocos,Q28891589,http://www.wikidata.org/entity/Q28889894,0,67,,,
MAR,Marrocos,Q28891594,http://www.wikidata.org/entity/Q28890799,0,433,,,
MAR,Marrocos,Q28891593,http://www.wikidata.org/entity/Q28891834,0,77,,,
MAR,Marrocos,Q28891599,http://www.wikidata.org/entity/Q28891572,0,176,,,
MAR,Marrocos,Q28891596,http://www.wikidata.org/entity/Q28891100,0,610,,,
MAR,Marrocos,Q28891597,http://www.wikidata.org/entity/Q28891697,0,757,,,
MAR,Marrocos,Q28891603,http://www.wikidata.org/entity/Q28892851,0,47,,,
MAR,Marrocos,Q28891600,http://www.wikidata.org/entity/Q28891657,0,451,,,
MAR,Marrocos,Q28891601,http://www.wikidata.org/entity/Q28891692,0,497,,,
MAR,Marrocos,Q28891606,http://www.wikidata.org/entity/Q28886176,0,8,,,
MAR,Marrocos,Q28891607,http://www.wikidata.org/entity/Q28890448,0,587,,,
MAR,Marrocos,Q28891604,http://www.wikidata.org/entity/Q28908727,0,652,,,
MAR,Marrocos,Q28891610,http://www.wikidata.org/entity/Q28886176,0,23,,,
MAR,Marrocos,Q28891611,http://www.wikidata.org/entity/Q28897897,0,334,,,
MAR,Marrocos,Q28891614,http://www.wikidata.org/entity/Q28892661,0,158,,,
MAR,Marrocos,Q28891615,http://www.wikidata.org/entity/Q28891547,0,185,,,
MAR,Marrocos,Q28891613,http://www.wikidata.org/entity/Q28892032,0,83,,,
MAR,Marrocos,Q28891617,http://www.wikidata.org/entity/Q28904899,0,615,,,
MAR,Marrocos,Q28891620,http://www.wikidata.org/entity/Q28908991,0,507,,,
MAR,Marrocos,Q28891624,http://www.wikidata.org/entity/Q28891893,0,355,,,
MAR,Marrocos,Q28891625,http://www.wikidata.org/entity/Q28894452,0,313,,,
MAR,Marrocos,Q28891630,http://www.wikidata.org/entity/Q28891692,0,59,,,
MAR,Marrocos,Q28891628,http://www.wikidata.org/entity/Q28893161,0,121,,,
MAR,Marrocos,Q28891629,http://www.wikidata.org/entity/Q28903414,0,1276,,,
MAR,Marrocos,Q28891634,http://www.wikidata.org/entity/Q28902097,0,397,,,
MAR,Marrocos,Q28891635,http://www.wikidata.org/entity/Q28891707,0,525,,,
MAR,Marrocos,Q28891633,http://www.wikidata.org/entity/Q28892735,0,24,,,
MAR,Marrocos,Q28891636,http://www.wikidata.org/entity/Q28890254,0,539,,,
MAR,Marrocos,Q28891642,http://www.wikidata.org/entity/Q28890771,0,777,,,
MAR,Marrocos,Q28891643,http://www.wikidata.org/entity/Q28891190,0,455,,,
MAR,Marrocos,Q28891647,http://www.wikidata.org/entity/Q28896762,0,276,,,
MAR,Marrocos,Q28891650,http://www.wikidata.org/entity/Q28882883,0,221,,,
MAR,Marrocos,Q28891648,http://www.wikidata.org/entity/Q28897730,0,436,,,
MAR,Marrocos,Q28891655,http://www.wikidata.org/entity/Q28908176,0,264,,,
MAR,Marrocos,Q28891652,http://www.wikidata.org/entity/Q28901816,0,544,,,
MAR,Marrocos,Q28891658,http://www.wikidata.org/entity/Q28889848,0,124,,,
MAR,Marrocos,Q28891659,http://www.wikidata.org/entity/Q28897550,0,571,,,
MAR,Marrocos,Q28891656,http://www.wikidata.org/entity/Q28892579,0,174,,,
MAR,Marrocos,Q28891662,http://www.wikidata.org/entity/Q28892729,0,676,,,
MAR,Marrocos,Q28891667,http://www.wikidata.org/entity/Q28901561,0,474,,,
MAR,Marrocos,Q28891670,http://www.wikidata.org/entity/Q28891047,0,162,,,
MAR,Marrocos,Q28891669,http://www.wikidata.org/entity/Q28891692,0,805,,,
MAR,Marrocos,Q28891672,http://www.wikidata.org/entity/Q28890808,0,233,,,
MAR,Marrocos,Q28891679,http://www.wikidata.org/entity/Q28890625,0,42,,,
MAR,Marrocos,Q28891680,http://www.wikidata.org/entity/Q28891015,0,174,,,
MAR,Marrocos,Q28891681,http://www.wikidata.org/entity/Q28891103,0,280,,,
MAR,Marrocos,Q28891685,http://www.wikidata.org/entity/Q28896578,0,140,,,
MAR,Marrocos,Q28891690,http://www.wikidata.org/entity/Q28903414,0,797,,,
MAR,Marrocos,Q28891688,,0,127,,,
MAR,Marrocos,Q28891695,http://www.wikidata.org/entity/Q28891708,0,393,,,
MAR,Marrocos,Q28891693,http://www.wikidata.org/entity/Q28904567,0,150,,,
MAR,Marrocos,Q28891698,http://www.wikidata.org/entity/Q28895308,0,198,,,
MAR,Marrocos,Q28891699,http://www.wikidata.org/entity/Q28896362,0,927,,,
MAR,Marrocos,Q28891696,http://www.wikidata.org/entity/Q28891697,0,851,,,
MAR,Marrocos,Q28891722,http://www.wikidata.org/entity/Q28891459,0,266,,,
MAR,Marrocos,Q28891723,http://www.wikidata.org/entity/Q28892284,0,264,,,
MAR,Marrocos,Q28891721,http://www.wikidata.org/entity/Q28899821,0,33,,,
MAR,Marrocos,Q28891724,http://www.wikidata.org/entity/Q28892121,0,207,,,
MAR,Marrocos,Q28891730,http://www.wikidata.org/entity/Q28899821,0,113,,,
MAR,Marrocos,Q28891728,http://www.wikidata.org/entity/Q28892661,0,365,,30.6173405,-8.6280441
MAR,Marrocos,Q28891729,http://www.wikidata.org/entity/Q28892752,0,122,,,
MAR,Marrocos,Q28891735,http://www.wikidata.org/entity/Q28902593,0,1570,,,
MAR,Marrocos,Q28891732,http://www.wikidata.org/entity/Q28892752,0,56,,,
MAR,Marrocos,Q28893096,http://www.wikidata.org/entity/Q28892073,0,594,,,
MAR,Marrocos,Q28893097,http://www.wikidata.org/entity/Q28896691,0,40,,,
MAR,Marrocos,Q28893100,http://www.wikidata.org/entity/Q28896693,0,83,,,
MAR,Marrocos,Q28893101,http://www.wikidata.org/entity/Q28902948,0,424,,,
MAR,Marrocos,Q28893105,http://www.wikidata.org/entity/Q28895469,0,198,,35.133053442825,-3.3357775318623
MAR,Marrocos,Q28893108,http://www.wikidata.org/entity/Q28893778,0,889,,,
MAR,Marrocos,Q28893519,http://www.wikidata.org/entity/Q28891797,0,45,,,
MAR,Marrocos,Q28893522,http://www.wikidata.org/entity/Q28892259,0,71,,,
MAR,Marrocos,Q28893526,http://www.wikidata.org/entity/Q28897389,0,40,,,
MAR,Marrocos,Q28893525,http://www.wikidata.org/entity/Q28897065,0,120,,,
MAR,Marrocos,Q28893530,http://www.wikidata.org/entity/Q28890706,0,174,,,
MAR,Marrocos,Q28893531,http://www.wikidata.org/entity/Q28890784,0,39,,,
MAR,Marrocos,Q28893529,http://www.wikidata.org/entity/Q28892629,0,187,,,
MAR,Marrocos,Q28893534,http://www.wikidata.org/entity/Q28897231,0,144,,,
MAR,Marrocos,Q28893535,http://www.wikidata.org/entity/Q28890235,0,12,,,
MAR,Marrocos,Q28893532,http://www.wikidata.org/entity/Q28904192,0,104,,,
MAR,Marrocos,Q28893533,http://www.wikidata.org/entity/Q28906452,0,492,,,
MAR,Marrocos,Q28893537,http://www.wikidata.org/entity/Q28893536,0,1132,,,
MAR,Marrocos,Q28893570,http://www.wikidata.org/entity/Q28893011,0,708,,,
MAR,Marrocos,Q28893574,http://www.wikidata.org/entity/Q28891215,0,129,,,
MAR,Marrocos,Q28893572,http://www.wikidata.org/entity/Q28891840,0,209,,,
MAR,Marrocos,Q28893576,http://www.wikidata.org/entity/Q28896695,0,13,,,
MAR,Marrocos,Q28893577,http://www.wikidata.org/entity/Q28897430,0,104,,,
MAR,Marrocos,Q28893583,http://www.wikidata.org/entity/Q28891952,0,1158,,,
MAR,Marrocos,Q28893581,http://www.wikidata.org/entity/Q28896631,0,132,,,
MAR,Marrocos,Q28893587,http://www.wikidata.org/entity/Q28890530,0,368,,,
MAR,Marrocos,Q28893585,http://www.wikidata.org/entity/Q28880936,0,286,,,
MAR,Marrocos,Q28893589,http://www.wikidata.org/entity/Q28892851,0,37,,,
MAR,Marrocos,Q28893795,http://www.wikidata.org/entity/Q28892241,0,66,,,
MAR,Marrocos,Q28893793,http://www.wikidata.org/entity/Q28902593,0,557,,,
MAR,Marrocos,Q28893798,http://www.wikidata.org/entity/Q28890160,0,274,,,
MAR,Marrocos,Q28893796,http://www.wikidata.org/entity/Q28897386,0,89,,,
MAR,Marrocos,Q28893797,http://www.wikidata.org/entity/Q28898358,0,81,,,
MAR,Marrocos,Q28893803,http://www.wikidata.org/entity/Q28906452,0,135,,,
MAR,Marrocos,Q28893800,http://www.wikidata.org/entity/Q28896252,0,74,,,
MAR,Marrocos,Q28893801,http://www.wikidata.org/entity/Q28880936,0,516,,,
MAR,Marrocos,Q28893806,http://www.wikidata.org/entity/Q28896631,0,5,,,
MAR,Marrocos,Q28893804,http://www.wikidata.org/entity/Q28904192,0,109,,,
MAR,Marrocos,Q28893810,http://www.wikidata.org/entity/Q28892646,0,82,,,
MAR,Marrocos,Q28893809,http://www.wikidata.org/entity/Q28907073,0,1699,,,
MAR,Marrocos,Q28893815,http://www.wikidata.org/entity/Q28889848,0,50,,,
MAR,Marrocos,Q28893819,http://www.wikidata.org/entity/Q28891015,0,66,,,
MAR,Marrocos,Q28893817,http://www.wikidata.org/entity/Q28886176,0,72,,,
MAR,Marrocos,Q28893820,http://www.wikidata.org/entity/Q28896895,0,49,,,
MAR,Marrocos,Q28893859,http://www.wikidata.org/entity/Q28897389,0,22,,,
MAR,Marrocos,Q28893862,http://www.wikidata.org/entity/Q28891015,0,299,,,
MAR,Marrocos,Q28893863,http://www.wikidata.org/entity/Q28891015,0,128,,,
MAR,Marrocos,Q28893867,http://www.wikidata.org/entity/Q28893187,0,57,,,
MAR,Marrocos,Q28893864,http://www.wikidata.org/entity/Q28891653,0,432,,,
MAR,Marrocos,Q28893871,http://www.wikidata.org/entity/Q28891840,0,98,,,
MAR,Marrocos,Q28893869,http://www.wikidata.org/entity/Q28893543,0,43,,,
MAR,Marrocos,Q28893874,http://www.wikidata.org/entity/Q28893193,0,157,,,
MAR,Marrocos,Q28893875,http://www.wikidata.org/entity/Q28893543,0,8,,,
MAR,Marrocos,Q28893872,http://www.wikidata.org/entity/Q28893543,0,47,,,
MAR,Marrocos,Q28893873,http://www.wikidata.org/entity/Q28897907,0,729,,,
MAR,Marrocos,Q28893878,http://www.wikidata.org/entity/Q28901017,0,107,,,
MAR,Marrocos,Q28893891,http://www.wikidata.org/entity/Q28895468,0,524,,,
MAR,Marrocos,Q28893889,http://www.wikidata.org/entity/Q28899386,0,252,,,
MAR,Marrocos,Q28893894,http://www.wikidata.org/entity/Q28895580,0,28,,,
MAR,Marrocos,Q28893902,http://www.wikidata.org/entity/Q28895482,0,460,,,
MAR,Marrocos,Q28893901,http://www.wikidata.org/entity/Q28894301,0,354,,34.9543,-2.6099
MAR,Marrocos,Q28893911,http://www.wikidata.org/entity/Q28895442,0,327,,,
MAR,Marrocos,Q28893908,http://www.wikidata.org/entity/Q28899730,0,590,,,
MAR,Marrocos,Q28893909,http://www.wikidata.org/entity/Q28895468,0,176,,,
MAR,Marrocos,Q28893914,http://www.wikidata.org/entity/Q27513506,0,113,,,
MAR,Marrocos,Q28893915,http://www.wikidata.org/entity/Q28896149,0,409,,,
MAR,Marrocos,Q28893912,http://www.wikidata.org/entity/Q28893777,0,205,,,
MAR,Marrocos,Q28893916,http://www.wikidata.org/entity/Q28896160,0,5,,,
MAR,Marrocos,Q28893917,http://www.wikidata.org/entity/Q28897980,0,840,,,
MAR,Marrocos,Q28893942,http://www.wikidata.org/entity/Q28895273,0,100,,,
MAR,Marrocos,Q28893943,http://www.wikidata.org/entity/Q28895580,0,523,,,
MAR,Marrocos,Q28893947,http://www.wikidata.org/entity/Q28895256,0,197,,,
MAR,Marrocos,Q28893944,http://www.wikidata.org/entity/Q28895887,0,540,,,
MAR,Marrocos,Q28893953,http://www.wikidata.org/entity/Q28894388,0,223,,,
MAR,Marrocos,Q28893958,http://www.wikidata.org/entity/Q28894319,0,154,,,
MAR,Marrocos,Q28893959,http://www.wikidata.org/entity/Q28894346,0,131,,,
MAR,Marrocos,Q28893956,http://www.wikidata.org/entity/Q28880993,0,615,,,
MAR,Marrocos,Q28893962,http://www.wikidata.org/entity/Q28894938,0,157,,,
MAR,Marrocos,Q28893963,http://www.wikidata.org/entity/Q28895021,0,72,,,
MAR,Marrocos,Q28893960,http://www.wikidata.org/entity/Q28894727,0,13,,,
MAR,Marrocos,Q28893961,http://www.wikidata.org/entity/Q28894819,0,225,,,
MAR,Marrocos,Q28893966,http://www.wikidata.org/entity/Q28895576,0,356,,,
MAR,Marrocos,Q28893967,http://www.wikidata.org/entity/Q28895872,0,117,,,
MAR,Marrocos,Q28893964,http://www.wikidata.org/entity/Q28895525,0,818,,,
MAR,Marrocos,Q28893965,http://www.wikidata.org/entity/Q28895546,0,12168,,,
MAR,Marrocos,Q28893978,http://www.wikidata.org/entity/Q28893979,0,11091,,,
MAR,Marrocos,Q28893982,http://www.wikidata.org/entity/Q28895524,0,285,,,
MAR,Marrocos,Q28893983,http://www.wikidata.org/entity/Q28899044,0,1441,,,
MAR,Marrocos,Q28893980,http://www.wikidata.org/entity/Q28893981,0,12851,,,
MAR,Marrocos,Q28893986,http://www.wikidata.org/entity/Q28895988,0,65,,,
MAR,Marrocos,Q28893990,http://www.wikidata.org/entity/Q28906872,0,187,,,
MAR,Marrocos,Q28893991,http://www.wikidata.org/entity/Q28895232,0,139,,,
MAR,Marrocos,Q28893995,http://www.wikidata.org/entity/Q28898605,0,48,,,
MAR,Marrocos,Q28893996,http://www.wikidata.org/entity/Q28895238,0,799,,,
MAR,Marrocos,Q28894003,http://www.wikidata.org/entity/Q28895460,0,531,,,
MAR,Marrocos,Q28894004,http://www.wikidata.org/entity/Q28895126,0,847,,,
MAR,Marrocos,Q28894010,http://www.wikidata.org/entity/Q28895442,0,508,,,
MAR,Marrocos,Q28894011,http://www.wikidata.org/entity/Q28895843,0,28,,,
MAR,Marrocos,Q28894009,http://www.wikidata.org/entity/Q28894399,0,509,,,
MAR,Marrocos,Q28894018,http://www.wikidata.org/entity/Q28895994,0,121,,,
MAR,Marrocos,Q28894017,http://www.wikidata.org/entity/Q28894388,0,248,,,
MAR,Marrocos,Q28894022,http://www.wikidata.org/entity/Q28895598,0,268,,,
MAR,Marrocos,Q28894020,http://www.wikidata.org/entity/Q28895046,0,483,,,
MAR,Marrocos,Q28894021,http://www.wikidata.org/entity/Q28895442,0,587,,,
MAR,Marrocos,Q28894033,http://www.wikidata.org/entity/Q28895580,0,178,,,
MAR,Marrocos,Q28894047,http://www.wikidata.org/entity/Q28908417,0,1059,,,
MAR,Marrocos,Q28894050,http://www.wikidata.org/entity/Q28889922,0,2085,,,
MAR,Marrocos,Q28894049,http://www.wikidata.org/entity/Q28896230,0,359,,,
MAR,Marrocos,Q28894054,http://www.wikidata.org/entity/Q28895688,0,445,,,
MAR,Marrocos,Q28894055,http://www.wikidata.org/entity/Q28895843,0,111,,,
MAR,Marrocos,Q28894053,http://www.wikidata.org/entity/Q28897679,0,948,,,
MAR,Marrocos,Q28894059,http://www.wikidata.org/entity/Q28896230,0,283,,,
MAR,Marrocos,Q28894060,http://www.wikidata.org/entity/Q28889897,0,487,,,
MAR,Marrocos,Q28894061,http://www.wikidata.org/entity/Q28902231,0,637,,,
MAR,Marrocos,Q28894064,http://www.wikidata.org/entity/Q28895046,0,352,,,
MAR,Marrocos,Q28894065,http://www.wikidata.org/entity/Q28898426,0,94,,,
MAR,Marrocos,Q28894072,http://www.wikidata.org/entity/Q28895843,0,243,,,
MAR,Marrocos,Q28894076,http://www.wikidata.org/entity/Q28909017,0,208,,,
MAR,Marrocos,Q28894082,http://www.wikidata.org/entity/Q28886954,0,110,,,
MAR,Marrocos,Q28894090,http://www.wikidata.org/entity/Q28894882,0,261,,,
MAR,Marrocos,Q28894089,http://www.wikidata.org/entity/Q28894882,0,85,,,
MAR,Marrocos,Q28894092,http://www.wikidata.org/entity/Q28894902,0,396,,,
MAR,Marrocos,Q28894093,http://www.wikidata.org/entity/Q28895598,0,604,,,
MAR,Marrocos,Q28894102,http://www.wikidata.org/entity/Q28906435,0,46,,,
MAR,Marrocos,Q28894211,http://www.wikidata.org/entity/Q28894256,0,728,,,
MAR,Marrocos,Q28894214,http://www.wikidata.org/entity/Q28907031,0,509,,,
MAR,Marrocos,Q28894215,http://www.wikidata.org/entity/Q28882894,0,257,,,
MAR,Marrocos,Q28894213,http://www.wikidata.org/entity/Q28894256,0,974,,,
MAR,Marrocos,Q28894218,http://www.wikidata.org/entity/Q28895460,0,769,,,
MAR,Marrocos,Q28894220,http://www.wikidata.org/entity/Q28894983,0,576,,,
MAR,Marrocos,Q28894221,http://www.wikidata.org/entity/Q28900582,0,381,,,
MAR,Marrocos,Q28894226,http://www.wikidata.org/entity/Q28882894,0,280,,,
MAR,Marrocos,Q28894227,http://www.wikidata.org/entity/Q28906404,0,444,,,
MAR,Marrocos,Q28894230,http://www.wikidata.org/entity/Q28894319,0,318,,,
MAR,Marrocos,Q28894229,http://www.wikidata.org/entity/Q28894319,0,314,,,
MAR,Marrocos,Q28894235,http://www.wikidata.org/entity/Q28895808,0,130,,,
MAR,Marrocos,Q28894238,http://www.wikidata.org/entity/Q28894942,0,486,,,
MAR,Marrocos,Q28894236,http://www.wikidata.org/entity/Q28899634,0,1485,,,
MAR,Marrocos,Q28894240,http://www.wikidata.org/entity/Q28907695,0,327,,,
MAR,Marrocos,Q28894241,http://www.wikidata.org/entity/Q28895634,0,193,,,
MAR,Marrocos,Q28894247,http://www.wikidata.org/entity/Q28907031,0,132,,,
MAR,Marrocos,Q28894244,http://www.wikidata.org/entity/Q28894388,0,229,,,
MAR,Marrocos,Q28894245,http://www.wikidata.org/entity/Q28894654,0,1598,,,
MAR,Marrocos,Q28894248,http://www.wikidata.org/entity/Q28894319,0,388,,,
MAR,Marrocos,Q28894254,http://www.wikidata.org/entity/Q28906435,0,913,,,
MAR,Marrocos,Q28894259,http://www.wikidata.org/entity/Q28897679,0,410,,,
MAR,Marrocos,Q28894257,http://www.wikidata.org/entity/Q28906856,0,454,,,
MAR,Marrocos,Q28894262,http://www.wikidata.org/entity/Q28895206,0,343,,,
MAR,Marrocos,Q28894261,http://www.wikidata.org/entity/Q28895580,0,569,,,
MAR,Marrocos,Q28894266,http://www.wikidata.org/entity/Q28895097,0,40,,,
MAR,Marrocos,Q28894267,http://www.wikidata.org/entity/Q28896250,0,437,,,
MAR,Marrocos,Q28894264,http://www.wikidata.org/entity/Q28895224,0,280,,,
MAR,Marrocos,Q28894269,http://www.wikidata.org/entity/Q28897679,0,1017,,,
MAR,Marrocos,Q28894272,http://www.wikidata.org/entity/Q28894268,0,1515,,,
MAR,Marrocos,Q28894273,http://www.wikidata.org/entity/Q28894268,0,1787,,,
MAR,Marrocos,Q28894276,http://www.wikidata.org/entity/Q28894621,0,289,,,
MAR,Marrocos,Q28894277,http://www.wikidata.org/entity/Q28895637,0,598,,,
MAR,Marrocos,Q28894289,http://www.wikidata.org/entity/Q28909121,0,208,,,
MAR,Marrocos,Q28894295,http://www.wikidata.org/entity/Q28906856,0,430,,,
MAR,Marrocos,Q28894293,http://www.wikidata.org/entity/Q28896230,0,124,,,
MAR,Marrocos,Q28894298,http://www.wikidata.org/entity/Q28906856,0,234,,,
MAR,Marrocos,Q28894299,http://www.wikidata.org/entity/Q28894319,0,101,,,
MAR,Marrocos,Q28894296,http://www.wikidata.org/entity/Q28908132,0,53,,,
MAR,Marrocos,Q28894302,http://www.wikidata.org/entity/Q28895367,0,57,,,
MAR,Marrocos,Q28894303,http://www.wikidata.org/entity/Q28895496,0,90,,,
MAR,Marrocos,Q28894300,http://www.wikidata.org/entity/Q28894654,0,699,,,
MAR,Marrocos,Q28894307,http://www.wikidata.org/entity/Q28895525,0,628,,,
MAR,Marrocos,Q28894494,http://www.wikidata.org/entity/Q28894591,0,296,,,
MAR,Marrocos,Q28894496,http://www.wikidata.org/entity/Q28894492,0,448,,,
MAR,Marrocos,Q28894502,http://www.wikidata.org/entity/Q28895097,0,107,,,
MAR,Marrocos,Q28894503,http://www.wikidata.org/entity/Q28895580,0,639,,,
MAR,Marrocos,Q28894501,http://www.wikidata.org/entity/Q28898605,0,770,,,
MAR,Marrocos,Q28894507,http://www.wikidata.org/entity/Q28898426,0,140,,,
MAR,Marrocos,Q28894504,http://www.wikidata.org/entity/Q28894621,0,337,,,
MAR,Marrocos,Q28894514,http://www.wikidata.org/entity/Q28894546,0,16,,,
MAR,Marrocos,Q28894513,http://www.wikidata.org/entity/Q28894546,0,450,,,
MAR,Marrocos,Q28894543,http://www.wikidata.org/entity/Q28896227,0,311,,,
MAR,Marrocos,Q28894547,http://www.wikidata.org/entity/Q28895692,0,172,,,
MAR,Marrocos,Q28894545,http://www.wikidata.org/entity/Q28894388,0,75,,,
MAR,Marrocos,Q28894582,http://www.wikidata.org/entity/Q28907031,0,97,,,
MAR,Marrocos,Q28894581,http://www.wikidata.org/entity/Q28894580,0,606,,,
MAR,Marrocos,Q28894584,http://www.wikidata.org/entity/Q28894902,0,349,,,
MAR,Marrocos,Q28894682,http://www.wikidata.org/entity/Q28895671,0,363,,,
MAR,Marrocos,Q28894686,http://www.wikidata.org/entity/Q28895671,0,732,,,
MAR,Marrocos,Q28894690,http://www.wikidata.org/entity/Q28895576,0,176,,,
MAR,Marrocos,Q28894695,http://www.wikidata.org/entity/Q28894938,0,249,,,
MAR,Marrocos,Q28894699,http://www.wikidata.org/entity/Q28894727,0,59,,,
MAR,Marrocos,Q28894697,http://www.wikidata.org/entity/Q28893781,0,1906,,,
MAR,Marrocos,Q28894702,http://www.wikidata.org/entity/Q28895496,0,118,,,
MAR,Marrocos,Q28894706,http://www.wikidata.org/entity/Q28880993,0,598,,,
MAR,Marrocos,Q28894707,http://www.wikidata.org/entity/Q28895285,0,61,,,
MAR,Marrocos,Q28894708,http://www.wikidata.org/entity/Q28894727,0,931,,,
MAR,Marrocos,Q28894709,http://www.wikidata.org/entity/Q28894993,0,801,,,
MAR,Marrocos,Q28894715,http://www.wikidata.org/entity/Q28894942,0,225,,,
MAR,Marrocos,Q28894712,http://www.wikidata.org/entity/Q28895872,0,944,,,
MAR,Marrocos,Q28894718,http://www.wikidata.org/entity/Q28895578,0,218,,,
MAR,Marrocos,Q28894723,http://www.wikidata.org/entity/Q28901058,0,321,,,
MAR,Marrocos,Q28894735,http://www.wikidata.org/entity/Q28896140,0,366,,,
MAR,Marrocos,Q28894742,http://www.wikidata.org/entity/Q28907695,0,104,,,
MAR,Marrocos,Q28894743,http://www.wikidata.org/entity/Q28894256,0,585,,,
MAR,Marrocos,Q28894740,http://www.wikidata.org/entity/Q28895138,0,143,,,
MAR,Marrocos,Q28894746,http://www.wikidata.org/entity/Q28906856,0,218,,,
MAR,Marrocos,Q28894816,http://www.wikidata.org/entity/Q27513506,0,60,,,
MAR,Marrocos,Q28894817,http://www.wikidata.org/entity/Q28895904,0,50,,,
MAR,Marrocos,Q28894821,http://www.wikidata.org/entity/Q28894828,0,1123,,,
MAR,Marrocos,Q28895030,http://www.wikidata.org/entity/Q28895103,0,28,,,
MAR,Marrocos,Q28895034,http://www.wikidata.org/entity/Q28900857,0,786,,,
MAR,Marrocos,Q28895032,http://www.wikidata.org/entity/Q28894319,0,330,,,
MAR,Marrocos,Q28895036,http://www.wikidata.org/entity/Q28889896,0,1592,,,
MAR,Marrocos,Q28895037,http://www.wikidata.org/entity/Q28895546,0,5034,,,
MAR,Marrocos,Q28895043,http://www.wikidata.org/entity/Q28895220,0,302,,,
MAR,Marrocos,Q28895044,http://www.wikidata.org/entity/Q28895285,0,58,,,
MAR,Marrocos,Q28895055,http://www.wikidata.org/entity/Q28886092,0,1609,,,
MAR,Marrocos,Q28895062,http://www.wikidata.org/entity/Q28906445,0,233,,,
MAR,Marrocos,Q28895063,http://www.wikidata.org/entity/Q28902156,0,62,,,
MAR,Marrocos,Q28895067,http://www.wikidata.org/entity/Q28906445,0,366,,,
MAR,Marrocos,Q28895064,http://www.wikidata.org/entity/Q28895236,0,967,,,
MAR,Marrocos,Q28895065,http://www.wikidata.org/entity/Q28894546,0,426,,,
MAR,Marrocos,Q28895071,http://www.wikidata.org/entity/Q28897767,0,379,,,
MAR,Marrocos,Q28895068,http://www.wikidata.org/entity/Q28895482,0,636,,,
MAR,Marrocos,Q28895069,http://www.wikidata.org/entity/Q28894256,0,218,,,
MAR,Marrocos,Q28895073,http://www.wikidata.org/entity/Q28897899,0,396,,,
MAR,Marrocos,Q28895080,http://www.wikidata.org/entity/Q28895618,0,704,,,
MAR,Marrocos,Q28895090,http://www.wikidata.org/entity/Q28894772,0,311,,,
MAR,Marrocos,Q28895203,http://www.wikidata.org/entity/Q28894319,0,169,,,
MAR,Marrocos,Q28895210,http://www.wikidata.org/entity/Q28895021,0,327,,,
MAR,Marrocos,Q28895214,http://www.wikidata.org/entity/Q28895372,0,414,,,
MAR,Marrocos,Q28895213,http://www.wikidata.org/entity/Q28895799,0,894,,,
MAR,Marrocos,Q28895217,http://www.wikidata.org/entity/Q28906445,0,470,,,
MAR,Marrocos,Q28895226,http://www.wikidata.org/entity/Q28895460,0,224,,,
MAR,Marrocos,Q28895225,http://www.wikidata.org/entity/Q28894255,0,692,,,
MAR,Marrocos,Q28895229,http://www.wikidata.org/entity/Q28889825,0,519,,,
MAR,Marrocos,Q28895233,,0,373,,,
MAR,Marrocos,Q28895247,http://www.wikidata.org/entity/Q28895524,0,1041,,,
MAR,Marrocos,Q28895244,http://www.wikidata.org/entity/Q28882891,0,373,,,
MAR,Marrocos,Q28895245,http://www.wikidata.org/entity/Q28894587,0,318,,,
MAR,Marrocos,Q28895248,http://www.wikidata.org/entity/Q28895563,0,789,,,
MAR,Marrocos,Q28895249,http://www.wikidata.org/entity/Q28896200,0,466,,,
MAR,Marrocos,Q28895261,http://www.wikidata.org/entity/Q28883856,0,194,,,
MAR,Marrocos,Q28895264,http://www.wikidata.org/entity/Q28896762,0,2127,,,
MAR,Marrocos,Q28895330,http://www.wikidata.org/entity/Q28894252,0,288,,,
MAR,Marrocos,Q28895328,http://www.wikidata.org/entity/Q28895618,0,196,,,
