iso3,country,city_qid,admin_q,is_cap,pop,yr,lat,lon
MDA,Moldávia,Q132572,http://www.wikidata.org/entity/Q4458065,0,204000,,46.85,29.63333333
MDA,Moldávia,Q192176,http://www.wikidata.org/entity/Q170895,0,137000,,46.833333333333,29.483333333333
MDA,Moldávia,Q216363,http://www.wikidata.org/entity/Q170895,0,47900,,47.76638889,29.00055556
MDA,Moldávia,Q219547,http://www.wikidata.org/entity/Q511474,0,10436,,46.62222222,29.91333333
MDA,Moldávia,Q241122,http://www.wikidata.org/entity/Q164819,0,20113,,46.300277777778,28.657222222222
MDA,Moldávia,Q253311,http://www.wikidata.org/entity/Q753795,0,2654,,48.1816666667,26.9755555556
MDA,Moldávia,Q267569,http://www.wikidata.org/entity/Q2128869,0,2484,,46.7366666667,29.3208333333
MDA,Moldávia,Q278456,http://www.wikidata.org/entity/Q1826662,0,1445,,46.5725,28.247777777778
MDA,Moldávia,Q378207,http://www.wikidata.org/entity/Q854443,0,675,,47.4122222222,27.8816666667
MDA,Moldávia,Q383584,http://www.wikidata.org/entity/Q878308,0,2325,,47.2258333333,28.5805555556
MDA,Moldávia,Q423258,http://www.wikidata.org/entity/Q2112462,0,38000,,47.383055555556,28.823055555556
MDA,Moldávia,Q503469,http://www.wikidata.org/entity/Q2128882,0,41100,,45.9075,28.194444444444
MDA,Moldávia,Q508132,http://www.wikidata.org/entity/Q2129061,0,516,,46.520555555556,29.601388888889
MDA,Moldávia,Q527946,http://www.wikidata.org/entity/Q2129061,0,4456,,46.495555555556,29.918055555556
MDA,Moldávia,Q529282,http://www.wikidata.org/entity/Q769224,0,10872,,46.881666666667,29.230833333333
MDA,Moldávia,Q554337,http://www.wikidata.org/entity/Q29017181,0,1369,,47.783333333333,27.8
MDA,Moldávia,Q568801,http://www.wikidata.org/entity/Q2128882,0,1523,,46.0,28.4166666667
MDA,Moldávia,Q585914,http://www.wikidata.org/entity/Q854443,0,585,,47.4269444444,28.0125
MDA,Moldávia,Q585994,http://www.wikidata.org/entity/Q878278,0,3413,,47.1022222222,29.1213888889
MDA,Moldávia,Q726843,http://www.wikidata.org/entity/Q1826662,0,1045,,46.526111111111,28.247777777778
MDA,Moldávia,Q732065,http://www.wikidata.org/entity/Q2128862,0,1865,,47.2208333333,29.0275
MDA,Moldávia,Q739639,http://www.wikidata.org/entity/Q860716,0,664,,47.753611111111,27.656944444444
MDA,Moldávia,Q748226,http://www.wikidata.org/entity/Q164819,0,3828,,46.172777777778,28.648333333333
MDA,Moldávia,Q748856,http://www.wikidata.org/entity/Q753795,0,2211,,48.2372222222,26.8425
MDA,Moldávia,Q767229,http://www.wikidata.org/entity/Q878290,0,1407,,48.126111111111,27.130277777778
MDA,Moldávia,Q768278,http://www.wikidata.org/entity/Q2128964,0,1154,,47.045555555556,28.489444444444
MDA,Moldávia,Q768989,http://www.wikidata.org/entity/Q878308,0,2865,,47.2405555556,28.5341666667
MDA,Moldávia,Q772155,http://www.wikidata.org/entity/Q865594,0,1764,,48.0786111111,28.0261111111
MDA,Moldávia,Q773754,http://www.wikidata.org/entity/Q2128868,0,2832,,47.2397222222,28.4197222222
MDA,Moldávia,Q781575,http://www.wikidata.org/entity/Q753795,0,1670,,48.2072222222,26.9158333333
MDA,Moldávia,Q782782,http://www.wikidata.org/entity/Q646642,0,2882,,48.1533333333,27.7930555556
MDA,Moldávia,Q785757,http://www.wikidata.org/entity/Q2129025,0,798,,47.691944444444,28.488055555556
MDA,Moldávia,Q786580,http://www.wikidata.org/entity/Q2129022,0,2906,,48.08333333,28.4
MDA,Moldávia,Q809787,http://www.wikidata.org/entity/Q1980044,0,8471,,46.333611111111,28.961388888889
MDA,Moldávia,Q853785,http://www.wikidata.org/entity/Q2129022,0,22196,,48.155833333333,28.2975
MDA,Moldávia,Q858713,http://www.wikidata.org/entity/Q854443,0,39400,,47.204166666667,27.795833333333
MDA,Moldávia,Q1756938,http://www.wikidata.org/entity/Q611656,0,3507,,47.858333333333,27.258611111111
MDA,Moldávia,Q1769583,http://www.wikidata.org/entity/Q2128869,0,4515,,46.7883333333,29.3669444444
MDA,Moldávia,Q1774904,http://www.wikidata.org/entity/Q753795,0,6643,,48.21666667,27.05
MDA,Moldávia,Q1774926,http://www.wikidata.org/entity/Q865884,0,1293,,46.05,28.51666667
MDA,Moldávia,Q1774938,http://www.wikidata.org/entity/Q2128882,0,573,,45.9333333333,28.4
MDA,Moldávia,Q1775354,http://www.wikidata.org/entity/Q2128882,0,1454,,45.8,28.4333333333
MDA,Moldávia,Q1775376,http://www.wikidata.org/entity/Q2128882,0,504,,45.9833333333,28.3333333333
MDA,Moldávia,Q1775385,http://www.wikidata.org/entity/Q2128882,0,2128,,45.6666666667,28.1666666667
MDA,Moldávia,Q1775393,http://www.wikidata.org/entity/Q2128882,0,1216,,46.11666667,28.33333333
MDA,Moldávia,Q1775411,http://www.wikidata.org/entity/Q2128882,0,1203,,46.05,28.1833333333
MDA,Moldávia,Q1982134,http://www.wikidata.org/entity/Q2128869,0,984,,46.61666667,29.0
MDA,Moldávia,Q1982140,http://www.wikidata.org/entity/Q2128869,0,3720,,46.5238888889,29.2961111111
MDA,Moldávia,Q1982151,http://www.wikidata.org/entity/Q286646,0,1912,,46.5775,29.0041666667
MDA,Moldávia,Q1982160,http://www.wikidata.org/entity/Q2128869,0,2465,,46.7058333333,29.4455555556
MDA,Moldávia,Q1982170,http://www.wikidata.org/entity/Q2128869,0,1366,,46.68333333,29.15
MDA,Moldávia,Q1982177,http://www.wikidata.org/entity/Q2128869,0,4360,,46.595,29.2444444444
MDA,Moldávia,Q1982517,http://www.wikidata.org/entity/Q2128869,0,1685,,46.675,29.5144444444
MDA,Moldávia,Q1982525,http://www.wikidata.org/entity/Q2128869,0,3751,,46.5702777778,29.1155555556
MDA,Moldávia,Q1982540,http://www.wikidata.org/entity/Q2128869,0,3016,,46.71666667,29.51666667
MDA,Moldávia,Q1982568,http://www.wikidata.org/entity/Q286646,0,1683,,46.48333333,28.65
MDA,Moldávia,Q1983176,http://www.wikidata.org/entity/Q1061128,0,728,,48.2805555556,27.5261111111
MDA,Moldávia,Q1983201,http://www.wikidata.org/entity/Q2128862,0,2457,,47.09638889,29.17138889
MDA,Moldávia,Q1983219,http://www.wikidata.org/entity/Q2128862,0,1171,,47.25,28.85
MDA,Moldávia,Q1983241,http://www.wikidata.org/entity/Q1061128,0,1353,,48.2552777778,27.7002777778
MDA,Moldávia,Q1990699,http://www.wikidata.org/entity/Q865639,0,1648,,47.938611111111,28.826944444444
MDA,Moldávia,Q1990712,http://www.wikidata.org/entity/Q2129061,0,873,,46.520833333333,29.453888888889
MDA,Moldávia,Q1990754,http://www.wikidata.org/entity/Q865639,0,569,,47.83333333,28.83333333
MDA,Moldávia,Q1990771,http://www.wikidata.org/entity/Q865639,0,1636,,47.83333333,28.5
MDA,Moldávia,Q1990787,http://www.wikidata.org/entity/Q865639,0,1264,,47.754444444444,28.565555555556
MDA,Moldávia,Q1990877,http://www.wikidata.org/entity/Q2129022,0,3781,,48.168333333333,28.214444444444
MDA,Moldávia,Q1990899,http://www.wikidata.org/entity/Q2129022,0,1295,,48.103055555556,28.322777777778
MDA,Moldávia,Q1990903,http://www.wikidata.org/entity/Q2129022,0,525,,48.075833333333,28.21
MDA,Moldávia,Q1991015,http://www.wikidata.org/entity/Q865639,0,1355,,47.76666667,28.61666667
MDA,Moldávia,Q1991085,http://www.wikidata.org/entity/Q865639,0,2066,,47.9,28.7
MDA,Moldávia,Q1991107,http://www.wikidata.org/entity/Q865639,0,2486,,47.745555555556,28.621111111111
MDA,Moldávia,Q1991116,http://www.wikidata.org/entity/Q2129061,0,3291,,46.387222222222,29.871388888889
MDA,Moldávia,Q21197,http://www.wikidata.org/entity/Q17176229,1,685900,,47.022777777778,28.835277777778
MDA,Moldávia,Q31227,http://www.wikidata.org/entity/Q2128882,0,1682,,46.0166666667,28.35
MDA,Moldávia,Q37801,http://www.wikidata.org/entity/Q29017181,0,161475,,47.761666666667,27.928888888889
MDA,Moldávia,Q657744,http://www.wikidata.org/entity/Q2128869,0,20761,,46.644166666667,29.413888888889
MDA,Moldávia,Q672969,http://www.wikidata.org/entity/Q511474,0,7176,,46.683333333333,29.738888888889
MDA,Moldávia,Q674335,http://www.wikidata.org/entity/Q878266,0,1439,,47.059444444444,28.111111111111
MDA,Moldávia,Q674870,http://www.wikidata.org/entity/Q30016108,0,1476,,46.488888888889,28.3925
MDA,Moldávia,Q902615,http://www.wikidata.org/entity/Q2128868,0,3112,,47.3669444444,28.4394444444
MDA,Moldávia,Q902720,http://www.wikidata.org/entity/Q769224,0,3372,,47.0208333333,29.345
MDA,Moldávia,Q922098,http://www.wikidata.org/entity/Q2128862,0,4130,,47.2911111111,28.9963888889
MDA,Moldávia,Q929674,http://www.wikidata.org/entity/Q865726,0,473,,47.802222222222,28.324722222222
MDA,Moldávia,Q931268,http://www.wikidata.org/entity/Q865884,0,864,,45.93333333,28.58333333
MDA,Moldávia,Q932440,http://www.wikidata.org/entity/Q2129061,0,3268,,46.426666666667,29.605833333333
MDA,Moldávia,Q949622,http://www.wikidata.org/entity/Q2129061,0,6341,,46.635833333333,29.664722222222
MDA,Moldávia,Q965055,http://www.wikidata.org/entity/Q2128868,0,1577,,47.3755555556,28.3888888889
MDA,Moldávia,Q975671,http://www.wikidata.org/entity/Q878308,0,5934,,47.1327777778,28.3855555556
MDA,Moldávia,Q993697,http://www.wikidata.org/entity/Q266444,0,7254,,48.416666666667,27.483333333333
MDA,Moldávia,Q997029,http://www.wikidata.org/entity/Q2128862,0,6708,,47.216666666667,29.161388888889
MDA,Moldávia,Q1012868,http://www.wikidata.org/entity/Q164819,0,12185,,45.684166666667,28.402777777778
MDA,Moldávia,Q1012924,http://www.wikidata.org/entity/Q164819,0,16605,,46.055,28.830277777778
MDA,Moldávia,Q1014367,http://www.wikidata.org/entity/Q2128868,0,10808,,47.254444444444,28.308055555556
MDA,Moldávia,Q1022131,http://www.wikidata.org/entity/Q611656,0,9259,,47.956088,27.553643
MDA,Moldávia,Q1267101,http://www.wikidata.org/entity/Q2129061,0,2629,,46.45,29.98333333
MDA,Moldávia,Q1775900,http://www.wikidata.org/entity/Q684183,0,815,,46.2894444444,28.3783333333
MDA,Moldávia,Q1775921,http://www.wikidata.org/entity/Q684183,0,2831,,46.35,28.41666667
MDA,Moldávia,Q1775951,http://www.wikidata.org/entity/Q684183,0,2592,,46.305,28.3191666667
MDA,Moldávia,Q1776379,http://www.wikidata.org/entity/Q684183,0,880,,46.11,28.3872222222
MDA,Moldávia,Q1776404,http://www.wikidata.org/entity/Q684183,0,2170,,46.263611111111,28.336666666667
MDA,Moldávia,Q1778880,http://www.wikidata.org/entity/Q684183,0,1576,,46.33333333,28.4
MDA,Moldávia,Q1827367,http://www.wikidata.org/entity/Q753795,0,5726,,48.265277777778,26.803888888889
MDA,Moldávia,Q1901003,http://www.wikidata.org/entity/Q1061128,0,7101,,48.224444444444,27.585277777778
MDA,Moldávia,Q1961669,http://www.wikidata.org/entity/Q1061128,0,1060,,48.331388888889,27.856944444444
MDA,Moldávia,Q1962859,http://www.wikidata.org/entity/Q2129022,0,1008,,48.334444444444,27.895277777778
MDA,Moldávia,Q1968887,http://www.wikidata.org/entity/Q266444,0,1725,,48.41666667,27.81666667
MDA,Moldávia,Q1973590,http://www.wikidata.org/entity/Q266444,0,782,,48.467222222222,27.584444444444
MDA,Moldávia,Q1973598,http://www.wikidata.org/entity/Q266444,0,1909,,48.445555555556,27.733888888889
MDA,Moldávia,Q1975093,http://www.wikidata.org/entity/Q878317,0,933,,47.593611111111,28.788611111111
MDA,Moldávia,Q1975098,http://www.wikidata.org/entity/Q878317,0,720,,47.676388888889,28.802777777778
MDA,Moldávia,Q1975117,http://www.wikidata.org/entity/Q2112462,0,1057,,47.559444444444,28.7825
MDA,Moldávia,Q1975122,http://www.wikidata.org/entity/Q266444,0,1104,,48.434166666667,27.684166666667
MDA,Moldávia,Q1983247,http://www.wikidata.org/entity/Q2128862,0,2081,,47.0683333333,29.1319444444
MDA,Moldávia,Q1983254,http://www.wikidata.org/entity/Q1061128,0,1092,,48.2663888889,27.8541666667
MDA,Moldávia,Q1983261,http://www.wikidata.org/entity/Q1061128,0,1532,,48.2244444444,27.5852777778
MDA,Moldávia,Q1983268,http://www.wikidata.org/entity/Q1061128,0,1033,,48.3108333333,27.6075
MDA,Moldávia,Q1983286,http://www.wikidata.org/entity/Q2128862,0,2708,,47.0125,29.1297222222
MDA,Moldávia,Q1983294,http://www.wikidata.org/entity/Q2128862,0,4636,,47.1338888889,28.8255555556
MDA,Moldávia,Q1983305,http://www.wikidata.org/entity/Q1061128,0,1749,,48.323333333333,27.689166666667
MDA,Moldávia,Q1983950,http://www.wikidata.org/entity/Q878290,0,990,,48.048611111111,27.188888888889
MDA,Moldávia,Q1983956,http://www.wikidata.org/entity/Q878290,0,622,,48.093611111111,27.260833333333
MDA,Moldávia,Q1983964,http://www.wikidata.org/entity/Q878290,0,1494,,48.084166666667,27.175555555556
MDA,Moldávia,Q1983983,http://www.wikidata.org/entity/Q878290,0,1234,,48.06666667,27.06666667
MDA,Moldávia,Q1983994,http://www.wikidata.org/entity/Q878290,0,1247,,48.038055555556,27.348055555556
MDA,Moldávia,Q1984006,http://www.wikidata.org/entity/Q878290,0,1140,,48.006944444444,27.138333333333
MDA,Moldávia,Q1984014,http://www.wikidata.org/entity/Q878290,0,1314,,48.05,27.251388888889
MDA,Moldávia,Q1984026,http://www.wikidata.org/entity/Q878290,0,2602,,48.166666666667,27.096666666667
MDA,Moldávia,Q1984037,http://www.wikidata.org/entity/Q878290,0,1068,,48.11666667,27.46666667
MDA,Moldávia,Q1984050,http://www.wikidata.org/entity/Q865726,0,896,,48.019444444444,28.598333333333
MDA,Moldávia,Q1984304,http://www.wikidata.org/entity/Q878290,0,1122,,48.273888888889,27.310555555556
MDA,Moldávia,Q1984314,http://www.wikidata.org/entity/Q865726,0,3069,,47.91666667,28.65
MDA,Moldávia,Q1984312,http://www.wikidata.org/entity/Q865726,0,1272,,47.98333333,28.26666667
MDA,Moldávia,Q1984321,http://www.wikidata.org/entity/Q865726,0,1614,,47.835,28.124166666667
MDA,Moldávia,Q1984761,http://www.wikidata.org/entity/Q878375,0,3210,,47.59861111,27.89
MDA,Moldávia,Q1984779,http://www.wikidata.org/entity/Q865726,0,1764,,47.78333333,28.4
MDA,Moldávia,Q1984988,http://www.wikidata.org/entity/Q860716,0,3080,,47.657777777778,27.483888888889
MDA,Moldávia,Q1985005,http://www.wikidata.org/entity/Q860716,0,1555,,47.723888888889,27.628888888889
MDA,Moldávia,Q1985020,http://www.wikidata.org/entity/Q860716,0,1451,,47.73333333,27.43333333
MDA,Moldávia,Q1985083,http://www.wikidata.org/entity/Q860716,0,2015,,47.7475,27.579722222222
MDA,Moldávia,Q1985096,http://www.wikidata.org/entity/Q860716,0,4158,,47.801666666667,27.718888888889
MDA,Moldávia,Q1985430,http://www.wikidata.org/entity/Q878297,0,1394,,46.841111111111,28.380277777778
MDA,Moldávia,Q1985502,http://www.wikidata.org/entity/Q860716,0,2255,,47.76666667,27.31666667
MDA,Moldávia,Q1985523,http://www.wikidata.org/entity/Q860716,0,1642,,47.68333333,27.61666667
MDA,Moldávia,Q1988204,http://www.wikidata.org/entity/Q2112462,0,1434,,47.4325,29.075555555556
MDA,Moldávia,Q1988241,http://www.wikidata.org/entity/Q878317,0,961,,47.696666666667,28.801111111111
MDA,Moldávia,Q1988247,http://www.wikidata.org/entity/Q878317,0,1318,,47.797777777778,28.923333333333
MDA,Moldávia,Q1988254,http://www.wikidata.org/entity/Q878317,0,502,,47.806388888889,28.870277777778
MDA,Moldávia,Q1988264,http://www.wikidata.org/entity/Q2112462,0,4128,,47.411111111111,28.986388888889
MDA,Moldávia,Q1988272,http://www.wikidata.org/entity/Q878317,0,500,,47.589444444444,28.829722222222
MDA,Moldávia,Q1989049,http://www.wikidata.org/entity/Q878317,0,377,,47.63333333,28.88333333
MDA,Moldávia,Q1989064,http://www.wikidata.org/entity/Q611656,0,2164,,47.9166666667,27.3833333333
MDA,Moldávia,Q1991137,http://www.wikidata.org/entity/Q2129061,0,2542,,46.496111111111,29.848611111111
MDA,Moldávia,Q1991577,http://www.wikidata.org/entity/Q2129025,0,1278,,47.4594444444,28.4411111111
MDA,Moldávia,Q1991628,http://www.wikidata.org/entity/Q2129061,0,2946,,46.544444444444,29.565555555556
MDA,Moldávia,Q1991651,http://www.wikidata.org/entity/Q2129061,0,3846,,46.580833333333,29.509722222222
MDA,Moldávia,Q1991678,http://www.wikidata.org/entity/Q2129061,0,1084,,46.445833333333,29.687777777778
MDA,Moldávia,Q1992257,http://www.wikidata.org/entity/Q2129061,0,3473,,46.508055555556,29.740277777778
MDA,Moldávia,Q1992267,http://www.wikidata.org/entity/Q2129061,0,669,,46.516666666667,29.512222222222
MDA,Moldávia,Q1992285,http://www.wikidata.org/entity/Q2129061,0,2264,,46.450277777778,29.520833333333
MDA,Moldávia,Q1992951,http://www.wikidata.org/entity/Q511474,0,482,,46.76555556,29.955
MDA,Moldávia,Q1993490,http://www.wikidata.org/entity/Q164819,0,595,,46.08333333,28.51666667
MDA,Moldávia,Q1994412,http://www.wikidata.org/entity/Q854443,0,573,,47.2966666667,27.6922222222
MDA,Moldávia,Q1994775,http://www.wikidata.org/entity/Q648767,0,40,,47.66666667,29.18333333
MDA,Moldávia,Q1994821,http://www.wikidata.org/entity/Q648767,0,1250,,46.91666667,29.48333333
MDA,Moldávia,Q1995639,http://www.wikidata.org/entity/Q648767,0,995,,46.96666667,29.46666667
MDA,Moldávia,Q1995751,http://www.wikidata.org/entity/Q648767,0,2583,,47.8,29.0
MDA,Moldávia,Q1998908,http://www.wikidata.org/entity/Q1061128,0,4293,,48.1677777778,27.6555555556
MDA,Moldávia,Q2021260,http://www.wikidata.org/entity/Q170895,0,8871,,48.03333333,28.7
MDA,Moldávia,Q2022968,http://www.wikidata.org/entity/Q1150271,0,340,,48.170555555556,27.228611111111
MDA,Moldávia,Q2031787,http://www.wikidata.org/entity/Q1980044,0,52,,46.4138888889,28.9127777778
MDA,Moldávia,Q2072887,http://www.wikidata.org/entity/Q865726,0,11998,,47.893333333333,28.301388888889
MDA,Moldávia,Q2078085,http://www.wikidata.org/entity/Q878375,0,14931,,47.573611111111,27.709166666667
MDA,Moldávia,Q2089107,http://www.wikidata.org/entity/Q878266,0,15663,,47.081388888889,28.178333333333
MDA,Moldávia,Q2331113,http://www.wikidata.org/entity/Q769224,0,5105,,46.8613888888,29.4691666666
MDA,Moldávia,Q2352236,http://www.wikidata.org/entity/Q865884,0,830,,46.0,28.466666666667
MDA,Moldávia,Q2352754,http://www.wikidata.org/entity/Q865884,0,288,,45.733333333333,28.566666666667
MDA,Moldávia,Q2367237,http://www.wikidata.org/entity/Q878266,0,4916,,47.108055555556,28.198333333333
MDA,Moldávia,Q2375639,http://www.wikidata.org/entity/Q878308,0,1035,,47.1202777778,28.27
MDA,Moldávia,Q2375652,http://www.wikidata.org/entity/Q878290,0,7190,,48.110833333333,27.385277777778
MDA,Moldávia,Q2377728,http://www.wikidata.org/entity/Q266444,0,790,,48.4075,27.598611111111
MDA,Moldávia,Q2377759,http://www.wikidata.org/entity/Q2128869,0,3803,,46.678888888889,29.046111111111
MDA,Moldávia,Q2379811,http://www.wikidata.org/entity/Q266444,0,1626,,48.3775,27.725555555556
MDA,Moldávia,Q2385322,http://www.wikidata.org/entity/Q266444,0,2093,,48.43333333,27.33333333
MDA,Moldávia,Q2420066,http://www.wikidata.org/entity/Q2128882,0,5378,,45.7333333333,28.1666666667
MDA,Moldávia,Q2436781,http://www.wikidata.org/entity/Q753795,0,793,,48.3716666667,27.1983333333
MDA,Moldávia,Q2436788,http://www.wikidata.org/entity/Q769224,0,3973,,46.9377777778,28.9886111111
MDA,Moldávia,Q2436813,http://www.wikidata.org/entity/Q753795,0,2193,,48.2922222222,26.9388888889
MDA,Moldávia,Q2436823,http://www.wikidata.org/entity/Q769224,0,1488,,46.9366666667,29.2025
MDA,Moldávia,Q2436834,http://www.wikidata.org/entity/Q753795,0,1899,,48.330833333333,26.861944444444
MDA,Moldávia,Q2436840,http://www.wikidata.org/entity/Q769224,0,1857,,47.0130555556,29.0136111111
MDA,Moldávia,Q2436854,http://www.wikidata.org/entity/Q769224,0,5095,,46.8847222222,29.3086111111
MDA,Moldávia,Q2436864,http://www.wikidata.org/entity/Q769224,0,3401,,47.0894444444,29.34
MDA,Moldávia,Q2436879,http://www.wikidata.org/entity/Q769224,0,1600,,46.9038888889,29.3730555556
MDA,Moldávia,Q2436887,http://www.wikidata.org/entity/Q769224,0,2591,,46.9025,29.3188888889
MDA,Moldávia,Q2436897,http://www.wikidata.org/entity/Q769224,0,1988,,47.0997222222,29.3005555556
MDA,Moldávia,Q2436921,http://www.wikidata.org/entity/Q769224,0,5757,,46.9633333333,29.055
MDA,Moldávia,Q2437102,http://www.wikidata.org/entity/Q2128882,0,2536,,45.75,28.1666666667
MDA,Moldávia,Q2437130,http://www.wikidata.org/entity/Q753795,0,1969,,48.3558333333,27.1908333333
MDA,Moldávia,Q2437164,http://www.wikidata.org/entity/Q2128869,0,2926,,46.7563888889,29.4797222222
MDA,Moldávia,Q2437181,http://www.wikidata.org/entity/Q753795,0,992,,48.2425,26.8725
MDA,Moldávia,Q2437192,http://www.wikidata.org/entity/Q2128882,0,3020,,45.6333333333,28.1666666667
MDA,Moldávia,Q2437433,http://www.wikidata.org/entity/Q769224,0,2867,,46.9002777778,29.1394444444
MDA,Moldávia,Q2437452,http://www.wikidata.org/entity/Q753795,0,4198,,48.27,27.075833333333
MDA,Moldávia,Q2437459,http://www.wikidata.org/entity/Q2128882,0,1243,,46.1,28.25
MDA,Moldávia,Q2437487,http://www.wikidata.org/entity/Q753795,0,2269,,48.2438888889,26.9605555556
MDA,Moldávia,Q2437499,http://www.wikidata.org/entity/Q753795,0,3406,,48.3444444444,26.9380555556
MDA,Moldávia,Q2437507,http://www.wikidata.org/entity/Q684183,0,765,,46.2733333333,28.4358333333
MDA,Moldávia,Q2437950,http://www.wikidata.org/entity/Q2128882,0,2052,,46.0333333333,28.2333333333
MDA,Moldávia,Q2437962,http://www.wikidata.org/entity/Q2128882,0,2278,,45.9833333333,28.2166666667
MDA,Moldávia,Q2437972,http://www.wikidata.org/entity/Q2128882,0,3132,,45.95,28.2
MDA,Moldávia,Q2437980,http://www.wikidata.org/entity/Q2128882,0,707,,45.75,28.4666666667
MDA,Moldávia,Q2438023,http://www.wikidata.org/entity/Q2128869,0,3114,,46.5797222222,29.35
MDA,Moldávia,Q2438089,http://www.wikidata.org/entity/Q2128869,0,1935,,46.4966666667,29.4075
MDA,Moldávia,Q2438100,http://www.wikidata.org/entity/Q2128882,0,1104,,45.5333333333,28.1666666667
MDA,Moldávia,Q2438168,http://www.wikidata.org/entity/Q286646,0,1419,,46.4408333333,28.7558333333
MDA,Moldávia,Q2438200,http://www.wikidata.org/entity/Q2128882,0,599,,45.9666666667,28.3333333333
MDA,Moldávia,Q2438650,http://www.wikidata.org/entity/Q2128862,0,1792,,47.1686111111,28.9519444444
MDA,Moldávia,Q2438669,http://www.wikidata.org/entity/Q684183,0,1324,,46.3333333333,28.4494444444
MDA,Moldávia,Q2438708,http://www.wikidata.org/entity/Q2128882,0,5676,,45.5666666667,28.1666666667
MDA,Moldávia,Q2438836,http://www.wikidata.org/entity/Q1061128,0,659,,48.3572222222,27.7036111111
MDA,Moldávia,Q2439042,http://www.wikidata.org/entity/Q878278,0,1851,,47.3386111111,29.0905555556
MDA,Moldávia,Q2439047,http://www.wikidata.org/entity/Q2128882,0,794,,46.05,28.35
MDA,Moldávia,Q2439075,http://www.wikidata.org/entity/Q865594,0,4137,,47.945,27.8630555556
MDA,Moldávia,Q2439088,http://www.wikidata.org/entity/Q1061128,0,768,,48.265,27.7891666667
MDA,Moldávia,Q2439097,http://www.wikidata.org/entity/Q878278,0,2312,,47.255,29.1283333333
MDA,Moldávia,Q2439116,http://www.wikidata.org/entity/Q878278,0,2514,,47.3830555556,29.1194444444
MDA,Moldávia,Q2439123,http://www.wikidata.org/entity/Q2128862,0,5922,,47.1355555556,29.2008333333
MDA,Moldávia,Q2439132,http://www.wikidata.org/entity/Q2128862,0,1508,,47.2322222222,28.8655555556
MDA,Moldávia,Q2439139,http://www.wikidata.org/entity/Q2128862,0,2727,,47.2233333333,29.0008333333
MDA,Moldávia,Q2439140,http://www.wikidata.org/entity/Q878290,0,961,,48.210555555556,27.432777777778
MDA,Moldávia,Q2439149,http://www.wikidata.org/entity/Q865594,0,7394,,47.8758333333,27.8313888889
MDA,Moldávia,Q2439154,http://www.wikidata.org/entity/Q286646,0,3449,,46.583333333333,28.933333333333
MDA,Moldávia,Q2439162,http://www.wikidata.org/entity/Q865594,0,1952,,48.2025,27.8008333333
MDA,Moldávia,Q2439177,http://www.wikidata.org/entity/Q2128862,0,1419,,47.2580555556,29.0638888889
MDA,Moldávia,Q2439298,http://www.wikidata.org/entity/Q684183,0,1191,,46.2591666667,28.1644444444
MDA,Moldávia,Q2439308,http://www.wikidata.org/entity/Q865594,0,489,,48.075,27.6938888889
MDA,Moldávia,Q2439319,http://www.wikidata.org/entity/Q1061128,0,3084,,48.085833333333,27.6175
MDA,Moldávia,Q2439350,http://www.wikidata.org/entity/Q865594,0,3997,,48.0413888889,27.765
MDA,Moldávia,Q2439494,http://www.wikidata.org/entity/Q865594,0,1483,,47.9866666667,27.7925
MDA,Moldávia,Q2439511,http://www.wikidata.org/entity/Q1061128,0,3092,,48.2158333333,27.6727777778
MDA,Moldávia,Q2439530,http://www.wikidata.org/entity/Q878278,0,3038,,47.1719444444,29.2063888889
MDA,Moldávia,Q2439539,http://www.wikidata.org/entity/Q878278,0,709,,47.3552777778,29.0583333333
MDA,Moldávia,Q2439566,http://www.wikidata.org/entity/Q878278,0,2556,,47.3488888889,29.1144444444
MDA,Moldávia,Q2439578,http://www.wikidata.org/entity/Q646642,0,2065,,48.1269444444,28.0097222222
MDA,Moldávia,Q2439579,http://www.wikidata.org/entity/Q878375,0,1387,,47.664166666667,27.830833333333
MDA,Moldávia,Q2439590,http://www.wikidata.org/entity/Q865594,0,2832,,47.9661111111,27.7030555556
MDA,Moldávia,Q2439599,http://www.wikidata.org/entity/Q865594,0,1300,,47.8933333333,28.0052777778
MDA,Moldávia,Q2439609,http://www.wikidata.org/entity/Q878278,0,2271,,47.315,29.0669444444
MDA,Moldávia,Q2440671,http://www.wikidata.org/entity/Q3032180,0,1697,,47.594722222222,27.445555555556
MDA,Moldávia,Q2440694,http://www.wikidata.org/entity/Q878375,0,1873,,47.5375,27.823611111111
MDA,Moldávia,Q2440743,http://www.wikidata.org/entity/Q865726,0,1551,,47.938055555556,28.464444444444
MDA,Moldávia,Q2440758,http://www.wikidata.org/entity/Q865726,0,756,,47.885277777778,28.249166666667
MDA,Moldávia,Q2440772,http://www.wikidata.org/entity/Q865726,0,1958,,47.856388888889,28.242222222222
MDA,Moldávia,Q2452962,http://www.wikidata.org/entity/Q854443,0,968,,47.3936111111,28.1736111111
MDA,Moldávia,Q2452983,http://www.wikidata.org/entity/Q854443,0,788,,47.4613888889,27.9669444444
MDA,Moldávia,Q2453184,http://www.wikidata.org/entity/Q854443,0,1358,,47.3969444444,28.0491666667
MDA,Moldávia,Q2453654,http://www.wikidata.org/entity/Q854443,0,861,,47.4047222222,28.155
MDA,Moldávia,Q2453668,http://www.wikidata.org/entity/Q854443,0,1585,,47.2277777778,27.9075
MDA,Moldávia,Q2453680,http://www.wikidata.org/entity/Q854443,0,1747,,47.38,27.7761111111
MDA,Moldávia,Q2633540,http://www.wikidata.org/entity/Q854443,0,2792,,47.316666666667,27.633333333333
MDA,Moldávia,Q2638488,http://www.wikidata.org/entity/Q164819,0,2279,,46.209166666667,28.944166666667
MDA,Moldávia,Q2638544,http://www.wikidata.org/entity/Q164819,0,9138,,45.85,28.694722222222
MDA,Moldávia,Q2638556,http://www.wikidata.org/entity/Q164819,0,808,,46.24,28.774444444444
MDA,Moldávia,Q2638570,http://www.wikidata.org/entity/Q164819,0,6698,,46.010277777778,28.662777777778
MDA,Moldávia,Q2638587,http://www.wikidata.org/entity/Q164819,0,374,,45.873333333333,28.445833333333
MDA,Moldávia,Q2638965,http://www.wikidata.org/entity/Q164819,0,4038,,46.102777777778,28.765
MDA,Moldávia,Q2638975,http://www.wikidata.org/entity/Q164819,0,1893,,46.1825,28.876111111111
MDA,Moldávia,Q2638986,http://www.wikidata.org/entity/Q164819,0,3307,,46.254166666667,28.839444444444
MDA,Moldávia,Q2639010,http://www.wikidata.org/entity/Q164819,0,4263,,46.181666666667,28.7675
MDA,Moldávia,Q2639022,http://www.wikidata.org/entity/Q164819,0,2903,,46.358055555556,28.821944444444
MDA,Moldávia,Q2441141,http://www.wikidata.org/entity/Q878375,0,1009,,47.598333333333,27.888333333333
MDA,Moldávia,Q2441167,http://www.wikidata.org/entity/Q878375,0,3308,,47.463333333333,27.741666666667
MDA,Moldávia,Q2441203,http://www.wikidata.org/entity/Q878375,0,1214,,47.524444444444,27.608611111111
MDA,Moldávia,Q2441230,http://www.wikidata.org/entity/Q878375,0,1205,,47.486666666667,27.825555555556
MDA,Moldávia,Q2441241,http://www.wikidata.org/entity/Q865726,0,730,,48.030833333333,28.531666666667
MDA,Moldávia,Q2441814,http://www.wikidata.org/entity/Q865726,0,1835,,47.929444444444,28.591944444444
MDA,Moldávia,Q2441831,http://www.wikidata.org/entity/Q878297,0,3521,,46.903888888889,28.545277777778
MDA,Moldávia,Q2442964,http://www.wikidata.org/entity/Q1826662,0,2245,,46.390833333333,28.376388888889
MDA,Moldávia,Q2443185,http://www.wikidata.org/entity/Q878297,0,4995,,46.666666666667,28.327222222222
MDA,Moldávia,Q2443220,http://www.wikidata.org/entity/Q1826662,0,477,,46.459444444444,28.353055555556
MDA,Moldávia,Q2443232,http://www.wikidata.org/entity/Q2128964,0,1128,,46.809444444444,29.063333333333
MDA,Moldávia,Q2443242,http://www.wikidata.org/entity/Q2129061,0,2463,,46.4675,29.812222222222
MDA,Moldávia,Q2443254,http://www.wikidata.org/entity/Q878297,0,789,,46.9425,28.456388888889
MDA,Moldávia,Q2443266,http://www.wikidata.org/entity/Q1826662,0,1540,,46.517777777778,28.355833333333
MDA,Moldávia,Q2443275,http://www.wikidata.org/entity/Q2128964,0,2776,,46.785833333333,28.778055555556
MDA,Moldávia,Q2443286,http://www.wikidata.org/entity/Q878297,0,1462,,46.6929244467,28.231093308679
MDA,Moldávia,Q2443295,http://www.wikidata.org/entity/Q2128964,0,2393,,46.867777777778,28.802222222222
MDA,Moldávia,Q2443332,http://www.wikidata.org/entity/Q2128964,0,1747,,46.920555555556,28.624444444444
MDA,Moldávia,Q2443353,http://www.wikidata.org/entity/Q2128964,0,3732,,46.966666666667,28.591388888889
MDA,Moldávia,Q2443359,http://www.wikidata.org/entity/Q2128964,0,10907,,46.867777777778,28.802222222222
MDA,Moldávia,Q2443369,http://www.wikidata.org/entity/Q2128964,0,5518,,46.785833333333,28.778055555556
MDA,Moldávia,Q2443406,http://www.wikidata.org/entity/Q2128964,0,967,,46.785833333333,28.778055555556
MDA,Moldávia,Q2443416,http://www.wikidata.org/entity/Q1826662,0,1070,,46.615,28.264722222222
MDA,Moldávia,Q2443742,http://www.wikidata.org/entity/Q511474,0,5034,,46.64166667,29.80555556
MDA,Moldávia,Q2444588,http://www.wikidata.org/entity/Q878266,0,2129,,46.9425,28.137222222222
MDA,Moldávia,Q2444600,http://www.wikidata.org/entity/Q878266,0,815,,47.020833333333,28.063611111111
MDA,Moldávia,Q2444706,http://www.wikidata.org/entity/Q878266,0,1057,,47.056944444444,28.286111111111
MDA,Moldávia,Q2445177,http://www.wikidata.org/entity/Q878266,0,1827,,46.998611111111,28.078333333333
MDA,Moldávia,Q2445189,http://www.wikidata.org/entity/Q878266,0,1555,,46.968055555556,28.106111111111
MDA,Moldávia,Q2445204,http://www.wikidata.org/entity/Q878266,0,919,,47.186944444444,28.103611111111
MDA,Moldávia,Q2445219,http://www.wikidata.org/entity/Q878266,0,936,,47.025833333333,28.288333333333
MDA,Moldávia,Q2445227,http://www.wikidata.org/entity/Q878266,0,819,,46.943333333333,28.193611111111
MDA,Moldávia,Q2445255,http://www.wikidata.org/entity/Q878266,0,2282,,47.219722222222,28.040277777778
MDA,Moldávia,Q2445266,http://www.wikidata.org/entity/Q878266,0,3363,,47.165277777778,28.222222222222
MDA,Moldávia,Q2445290,http://www.wikidata.org/entity/Q2129061,0,2253,,46.536944444444,29.860277777778
MDA,Moldávia,Q2445515,http://www.wikidata.org/entity/Q2129022,0,934,,48.161666666667,28.384166666667
MDA,Moldávia,Q2445621,http://www.wikidata.org/entity/Q2129022,0,2011,,48.127222222222,28.306111111111
MDA,Moldávia,Q2446066,http://www.wikidata.org/entity/Q878317,0,2247,,47.694166666667,28.900277777778
MDA,Moldávia,Q2447790,http://www.wikidata.org/entity/Q611656,0,2761,,47.966666666667,27.366666666667
MDA,Moldávia,Q2447838,http://www.wikidata.org/entity/Q611656,0,2962,,47.9333333333,27.5666666667
MDA,Moldávia,Q2448298,http://www.wikidata.org/entity/Q611656,0,776,,47.953888888889,27.263888888889
MDA,Moldávia,Q2448328,http://www.wikidata.org/entity/Q611656,0,1055,,47.901388888889,27.460555555556
MDA,Moldávia,Q2448373,http://www.wikidata.org/entity/Q611656,0,1848,,47.816666666667,27.85
MDA,Moldávia,Q2448384,http://www.wikidata.org/entity/Q611656,0,956,,47.85,27.316666666667
MDA,Moldávia,Q2448422,http://www.wikidata.org/entity/Q611656,0,4465,,48.040555555556,27.613888888889
MDA,Moldávia,Q2448555,http://www.wikidata.org/entity/Q611656,0,1537,,47.983333333333,27.466666666667
MDA,Moldávia,Q2448565,http://www.wikidata.org/entity/Q611656,0,593,,48.0,27.316666666667
MDA,Moldávia,Q2448592,http://www.wikidata.org/entity/Q611656,0,1910,,47.916666666667,27.25
MDA,Moldávia,Q2450535,http://www.wikidata.org/entity/Q2129025,0,1264,,47.501944444444,28.300555555556
MDA,Moldávia,Q2452786,http://www.wikidata.org/entity/Q2129025,0,2860,,47.601111111111,28.51
MDA,Moldávia,Q2452795,http://www.wikidata.org/entity/Q854443,0,1746,,47.3897222222,27.8119444444
MDA,Moldávia,Q2452806,http://www.wikidata.org/entity/Q2129025,0,2991,,47.570277777778,28.663333333333
MDA,Moldávia,Q2452845,http://www.wikidata.org/entity/Q854443,0,2107,,47.3408333333,27.9686111111
MDA,Moldávia,Q2452920,http://www.wikidata.org/entity/Q854443,0,1945,,47.3577777778,28.0055555556
MDA,Moldávia,Q2452930,http://www.wikidata.org/entity/Q854443,0,1006,,47.4086111111,27.9430555556
MDA,Moldávia,Q597086,http://www.wikidata.org/entity/Q2128964,0,14665,,46.943055555556,28.777777777778
MDA,Moldávia,Q603400,http://www.wikidata.org/entity/Q511474,0,14618,,46.72527778,29.70777778
MDA,Moldávia,Q607169,http://www.wikidata.org/entity/Q2128868,0,1478,,47.2680555556,28.3458333333
MDA,Moldávia,Q607663,http://www.wikidata.org/entity/Q2128882,0,5099,,45.8333333333,28.1833333333
MDA,Moldávia,Q615562,http://www.wikidata.org/entity/Q2128964,0,1762,,46.712222222222,28.951666666667
MDA,Moldávia,Q642008,http://www.wikidata.org/entity/Q17176229,0,18310,,46.975277777778,28.819444444444
MDA,Moldávia,Q647051,http://www.wikidata.org/entity/Q2129025,0,7227,,47.499722222222,28.365555555556
MDA,Moldávia,Q688654,http://www.wikidata.org/entity/Q648767,0,28500,,47.266666666667,29.166666666667
MDA,Moldávia,Q693764,http://www.wikidata.org/entity/Q769224,0,2725,,47.0088888889,29.2930555556
MDA,Moldávia,Q894628,http://www.wikidata.org/entity/Q17176229,0,144824,,46.98258333,28.86230556
MDA,Moldávia,Q1003159,http://www.wikidata.org/entity/Q21197,0,100985,,47.03772222,28.81322222
MDA,Moldávia,Q1025805,http://www.wikidata.org/entity/Q217,0,9381,,47.15361111,29.29638889
MDA,Moldávia,Q1054385,http://www.wikidata.org/entity/Q21197,0,87230,,47.01777778,28.84138889
MDA,Moldávia,Q1091723,http://www.wikidata.org/entity/Q878297,0,1729,,46.811388888889,28.398055555556
MDA,Moldávia,Q1092642,http://www.wikidata.org/entity/Q21197,0,105680,,47.03611111,28.88972222
MDA,Moldávia,Q1110932,http://www.wikidata.org/entity/Q2128869,0,2739,,46.6544444444,29.4919444444
MDA,Moldávia,Q1116161,http://www.wikidata.org/entity/Q511474,0,4681,,46.7169444444,29.6205555556
MDA,Moldávia,Q1117303,http://www.wikidata.org/entity/Q17176229,0,3457,,47.073888888889,28.735
MDA,Moldávia,Q1139983,http://www.wikidata.org/entity/Q17176229,0,10669,,47.138888888889,28.861388888889
MDA,Moldávia,Q1141853,http://www.wikidata.org/entity/Q646657,0,12491,,46.825833333333,28.593611111111
MDA,Moldávia,Q1147711,http://www.wikidata.org/entity/Q2128862,0,1455,,47.1188888889,29.0472222222
MDA,Moldávia,Q1982766,http://www.wikidata.org/entity/Q286646,0,2050,,46.6938888889,28.8497222222
MDA,Moldávia,Q1982778,http://www.wikidata.org/entity/Q286646,0,670,,46.6211111111,28.7225
MDA,Moldávia,Q1982788,http://www.wikidata.org/entity/Q2019719,0,795,,46.6291666667,28.8736111111
MDA,Moldávia,Q1982796,http://www.wikidata.org/entity/Q286646,0,1024,,46.5144444444,29.0283333333
MDA,Moldávia,Q1982805,http://www.wikidata.org/entity/Q286646,0,3126,,46.5397222222,28.9291666667
MDA,Moldávia,Q1982920,http://www.wikidata.org/entity/Q286646,0,1910,,46.6155555556,28.9086111111
MDA,Moldávia,Q1982925,http://www.wikidata.org/entity/Q286646,0,719,,46.4608333333,28.675
MDA,Moldávia,Q1982983,http://www.wikidata.org/entity/Q2129061,0,7078,,46.515277777778,29.663055555556
MDA,Moldávia,Q1983138,http://www.wikidata.org/entity/Q1061128,0,1282,,48.2672222222,27.5725
MDA,Moldávia,Q1983166,http://www.wikidata.org/entity/Q1061128,0,1572,,48.3133333333,27.5544444444
MDA,Moldávia,Q1985529,http://www.wikidata.org/entity/Q878297,0,3552,,46.91666667,28.26666667
MDA,Moldávia,Q1985533,http://www.wikidata.org/entity/Q865726,0,3036,,47.878888888889,28.310277777778
MDA,Moldávia,Q1985824,http://www.wikidata.org/entity/Q878297,0,2316,,46.7,28.55
MDA,Moldávia,Q1985833,http://www.wikidata.org/entity/Q878297,0,925,,46.7875,28.6875
MDA,Moldávia,Q1985849,http://www.wikidata.org/entity/Q878297,0,1443,,46.878611111111,28.160555555556
MDA,Moldávia,Q1985855,http://www.wikidata.org/entity/Q878297,0,1270,,46.917777777778,28.189444444444
MDA,Moldávia,Q1985863,http://www.wikidata.org/entity/Q878297,0,2382,,46.649444444444,28.301666666667
MDA,Moldávia,Q1985883,http://www.wikidata.org/entity/Q878297,0,1597,,46.85,28.4
MDA,Moldávia,Q1985890,http://www.wikidata.org/entity/Q878297,0,3399,,46.824166666667,28.675
MDA,Moldávia,Q1985899,http://www.wikidata.org/entity/Q878297,0,1680,,46.869722222222,28.118888888889
MDA,Moldávia,Q1985915,http://www.wikidata.org/entity/Q878297,0,1604,,46.783333333333,28.215277777778
MDA,Moldávia,Q1986314,http://www.wikidata.org/entity/Q878297,0,2148,,46.73333333,28.21666667
MDA,Moldávia,Q1986324,http://www.wikidata.org/entity/Q878297,0,1536,,46.960277777778,28.5
MDA,Moldávia,Q1986341,http://www.wikidata.org/entity/Q878297,0,1206,,46.762777777778,28.21
MDA,Moldávia,Q1987362,http://www.wikidata.org/entity/Q2112462,0,2742,,47.386666666667,28.785
MDA,Moldávia,Q1987719,http://www.wikidata.org/entity/Q2112462,0,1379,,47.366666666667,28.9
MDA,Moldávia,Q1987733,http://www.wikidata.org/entity/Q2112462,0,602,,47.282777777778,28.666666666667
MDA,Moldávia,Q1987773,http://www.wikidata.org/entity/Q878317,0,1838,,47.809166666667,28.932777777778
MDA,Moldávia,Q1987780,http://www.wikidata.org/entity/Q2112462,0,1384,,47.433333333333,28.65
MDA,Moldávia,Q1987791,http://www.wikidata.org/entity/Q878317,0,781,,47.614722222222,28.943055555556
MDA,Moldávia,Q1987789,http://www.wikidata.org/entity/Q2112462,0,1070,,47.473055555556,28.573611111111
MDA,Moldávia,Q1987802,http://www.wikidata.org/entity/Q2112462,0,1327,,47.360277777778,28.692222222222
MDA,Moldávia,Q1987818,http://www.wikidata.org/entity/Q878317,0,1682,,47.715555555556,28.710833333333
MDA,Moldávia,Q1988177,http://www.wikidata.org/entity/Q2112462,0,847,,47.373611111111,28.884444444444
MDA,Moldávia,Q1988189,http://www.wikidata.org/entity/Q878317,0,475,,47.63333333,28.81666667
MDA,Moldávia,Q1988197,http://www.wikidata.org/entity/Q2112462,0,770,,47.265,28.730833333333
MDA,Moldávia,Q1989253,http://www.wikidata.org/entity/Q2129022,0,663,,48.01666667,28.31666667
MDA,Moldávia,Q1989272,http://www.wikidata.org/entity/Q2129022,0,890,,48.201666666667,28.359444444444
MDA,Moldávia,Q1989653,http://www.wikidata.org/entity/Q2129022,0,505,,48.289166666667,28.060277777778
MDA,Moldávia,Q1991127,http://www.wikidata.org/entity/Q865639,0,1355,,47.755,28.696666666667
MDA,Moldávia,Q1991149,http://www.wikidata.org/entity/Q865639,0,2276,,47.86666667,28.66666667
MDA,Moldávia,Q1991158,http://www.wikidata.org/entity/Q865639,0,755,,47.8175,28.836944444444
MDA,Moldávia,Q1991166,http://www.wikidata.org/entity/Q865639,0,719,,47.73333333,28.75
MDA,Moldávia,Q1991175,http://www.wikidata.org/entity/Q865639,0,1072,,47.861388888889,28.754166666667
MDA,Moldávia,Q1991193,http://www.wikidata.org/entity/Q865639,0,819,,47.8839,28.8564
MDA,Moldávia,Q1991202,http://www.wikidata.org/entity/Q865639,0,842,,47.821944444444,28.875555555556
MDA,Moldávia,Q1991210,http://www.wikidata.org/entity/Q2129061,0,381,,46.51666667,29.56666667
MDA,Moldávia,Q2019727,http://www.wikidata.org/entity/Q753795,0,11500,,48.362777777778,27.085
MDA,Moldávia,Q2038449,http://www.wikidata.org/entity/Q21197,0,128319,,47.04444444,28.85333333
MDA,Moldávia,Q2199004,http://www.wikidata.org/entity/Q1826662,0,7443,,46.478611111111,28.255277777778
MDA,Moldávia,Q2249997,http://www.wikidata.org/entity/Q1796621,0,12465,,47.640555555556,28.141944444444
MDA,Moldávia,Q2250055,http://www.wikidata.org/entity/Q684183,0,3429,,46.278055555556,28.200833333333
MDA,Moldávia,Q2271123,http://www.wikidata.org/entity/Q865639,0,5883,,47.815277777778,28.796666666667
MDA,Moldávia,Q2279918,http://www.wikidata.org/entity/Q2128862,0,2192,,47.1441666667,29.0694444444
MDA,Moldávia,Q2281181,http://www.wikidata.org/entity/Q878317,0,11032,,47.749166666667,28.962222222222
MDA,Moldávia,Q2292609,http://www.wikidata.org/entity/Q860716,0,8676,,47.770833333333,27.514444444444
MDA,Moldávia,Q2331075,http://www.wikidata.org/entity/Q769224,0,1454,,46.9244444444,29.0569444444
MDA,Moldávia,Q2379856,http://www.wikidata.org/entity/Q2129061,0,1708,,46.408611111111,30.096111111111
MDA,Moldávia,Q2382669,http://www.wikidata.org/entity/Q2112462,0,1460,,47.575833333333,28.7275
MDA,Moldávia,Q2385336,http://www.wikidata.org/entity/Q266444,0,1355,,48.401111111111,27.8675
MDA,Moldávia,Q2437523,http://www.wikidata.org/entity/Q2128868,0,1226,,47.3227777778,28.1141666667
MDA,Moldávia,Q2437526,http://www.wikidata.org/entity/Q769224,0,1072,,46.8147222222,29.2036111111
MDA,Moldávia,Q2437538,http://www.wikidata.org/entity/Q2128882,0,1425,,46.0,28.25
MDA,Moldávia,Q2437556,http://www.wikidata.org/entity/Q753795,0,973,,48.2911111111,26.8780555556
MDA,Moldávia,Q2437562,http://www.wikidata.org/entity/Q769224,0,5194,,46.8441666667,29.3591666667
MDA,Moldávia,Q2437637,http://www.wikidata.org/entity/Q2128882,0,2447,,45.6,28.45
MDA,Moldávia,Q2437657,http://www.wikidata.org/entity/Q286646,0,956,,46.7444444444,28.6936111111
MDA,Moldávia,Q2437666,http://www.wikidata.org/entity/Q2128869,0,1096,,46.6897222222,29.3294444444
MDA,Moldávia,Q2437676,http://www.wikidata.org/entity/Q753795,0,2188,,48.2716666667,26.7241666667
MDA,Moldávia,Q2437686,http://www.wikidata.org/entity/Q286646,0,3795,,46.6980555556,28.7058333333
MDA,Moldávia,Q2437696,http://www.wikidata.org/entity/Q753795,0,3988,,48.3894444444,27.0897222222
MDA,Moldávia,Q2439621,http://www.wikidata.org/entity/Q865594,0,3089,,48.0183333333,27.675
MDA,Moldávia,Q2439628,http://www.wikidata.org/entity/Q1061128,0,920,,48.2286111111,27.5152777778
MDA,Moldávia,Q2439632,http://www.wikidata.org/entity/Q878290,0,1190,,48.3025,27.307222222222
MDA,Moldávia,Q2439648,http://www.wikidata.org/entity/Q878290,0,1963,,48.206666666667,27.179722222222
MDA,Moldávia,Q2439659,http://www.wikidata.org/entity/Q878375,0,2521,,47.563333333333,27.486944444444
MDA,Moldávia,Q2439813,http://www.wikidata.org/entity/Q865594,0,2050,,48.0141666667,27.9283333333
MDA,Moldávia,Q2439824,http://www.wikidata.org/entity/Q865594,0,1463,,48.0897222222,28.0225
MDA,Moldávia,Q2439834,http://www.wikidata.org/entity/Q865594,0,1183,,47.9547222222,27.9516666667
MDA,Moldávia,Q2439849,http://www.wikidata.org/entity/Q865594,0,4777,,48.0697222222,27.9016666667
MDA,Moldávia,Q2439862,http://www.wikidata.org/entity/Q878290,0,619,,48.037777777778,27.106388888889
MDA,Moldávia,Q2439871,http://www.wikidata.org/entity/Q865594,0,1531,,47.9136111111,27.9908333333
MDA,Moldávia,Q2439877,http://www.wikidata.org/entity/Q1061128,0,1617,,48.1763888889,27.5766666667
MDA,Moldávia,Q2440052,http://www.wikidata.org/entity/Q878375,0,3860,,47.761388888889,27.912222222222
MDA,Moldávia,Q2440083,http://www.wikidata.org/entity/Q878290,0,1343,,48.094722222222,27.044722222222
MDA,Moldávia,Q2440094,http://www.wikidata.org/entity/Q878290,0,1217,,48.136388888889,27.052222222222
MDA,Moldávia,Q2440115,http://www.wikidata.org/entity/Q878290,0,1830,,48.048888888889,27.413888888889
MDA,Moldávia,Q2440121,http://www.wikidata.org/entity/Q878375,0,2505,,47.587777777778,27.560555555556
MDA,Moldávia,Q2440129,http://www.wikidata.org/entity/Q878375,0,1394,,47.633333333333,27.712222222222
MDA,Moldávia,Q2440142,http://www.wikidata.org/entity/Q878290,0,1713,,48.223333333333,27.253333333333
MDA,Moldávia,Q2440155,http://www.wikidata.org/entity/Q865594,0,2621,,48.1138888889,27.8080555556
MDA,Moldávia,Q2440217,http://www.wikidata.org/entity/Q878375,0,3351,,47.739266,27.802019
MDA,Moldávia,Q2440333,http://www.wikidata.org/entity/Q878375,0,1135,,47.524444444444,27.608611111111
MDA,Moldávia,Q2440343,http://www.wikidata.org/entity/Q878375,0,2247,,47.664166666667,27.830833333333
MDA,Moldávia,Q2440660,http://www.wikidata.org/entity/Q865726,0,1649,,47.993333333333,28.54
MDA,Moldávia,Q2441848,http://www.wikidata.org/entity/Q2129022,0,625,,48.296944444444,27.976111111111
MDA,Moldávia,Q2442070,http://www.wikidata.org/entity/Q2128964,0,1092,,46.7725,29.006111111111
MDA,Moldávia,Q2442086,http://www.wikidata.org/entity/Q2128964,0,4809,,46.901666666667,28.668055555556
MDA,Moldávia,Q2442316,http://www.wikidata.org/entity/Q878297,0,1692,,46.908611111111,28.118055555556
MDA,Moldávia,Q2442327,http://www.wikidata.org/entity/Q860716,0,3303,,47.769722222222,27.460277777778
MDA,Moldávia,Q2442362,http://www.wikidata.org/entity/Q865726,0,988,,47.943055555556,28.128611111111
MDA,Moldávia,Q2442377,http://www.wikidata.org/entity/Q860716,0,2764,,47.741111111111,27.714444444444
MDA,Moldávia,Q2442387,http://www.wikidata.org/entity/Q878297,0,2468,,46.8825,28.623055555556
MDA,Moldávia,Q2442400,http://www.wikidata.org/entity/Q878297,0,2350,,46.948888888889,28.325277777778
MDA,Moldávia,Q2442409,http://www.wikidata.org/entity/Q860716,0,2000,,47.716944444444,27.481388888889
MDA,Moldávia,Q2442416,http://www.wikidata.org/entity/Q860716,0,1660,,47.661944444444,27.595
MDA,Moldávia,Q2442455,http://www.wikidata.org/entity/Q2128964,0,2411,,47.045555555556,28.489444444444
MDA,Moldávia,Q2442476,http://www.wikidata.org/entity/Q878297,0,2166,,46.809166666667,28.199444444444
MDA,Moldávia,Q2442708,http://www.wikidata.org/entity/Q2128964,0,2406,,46.7725,29.006111111111
MDA,Moldávia,Q2442739,http://www.wikidata.org/entity/Q1826662,0,1161,,46.669722222222,28.4075
MDA,Moldávia,Q2442767,http://www.wikidata.org/entity/Q1826662,0,1161,,46.663888888889,28.460833333333
MDA,Moldávia,Q2442783,http://www.wikidata.org/entity/Q1826662,0,3024,,46.436388888889,28.325833333333
MDA,Moldávia,Q2442796,http://www.wikidata.org/entity/Q1826662,0,9562,,46.502777777778,28.544166666667
MDA,Moldávia,Q2442817,http://www.wikidata.org/entity/Q2128964,0,3511,,46.826666666667,28.871944444444
MDA,Moldávia,Q2442836,http://www.wikidata.org/entity/Q2128964,0,2693,,47.026111111111,28.596666666667
MDA,Moldávia,Q2442854,http://www.wikidata.org/entity/Q1826662,0,1604,,46.593888888889,28.401388888889
MDA,Moldávia,Q2442893,http://www.wikidata.org/entity/Q878297,0,509,,46.883888888889,28.323055555556
MDA,Moldávia,Q2444716,http://www.wikidata.org/entity/Q1826662,0,3042,,46.5725,28.324444444444
MDA,Moldávia,Q2446073,http://www.wikidata.org/entity/Q646642,0,758,,48.123888888889,28.094722222222
MDA,Moldávia,Q2446101,http://www.wikidata.org/entity/Q266444,0,1254,,48.3775,27.621944444444
MDA,Moldávia,Q2446110,http://www.wikidata.org/entity/Q2129022,0,1732,,48.246944444444,27.9225
MDA,Moldávia,Q2446139,http://www.wikidata.org/entity/Q2129022,0,1105,,48.120833333333,28.183888888889
MDA,Moldávia,Q2446147,http://www.wikidata.org/entity/Q2129022,0,962,,48.199722222222,28.158055555556
MDA,Moldávia,Q2446326,http://www.wikidata.org/entity/Q2112462,0,1380,,47.431944444444,28.873055555556
MDA,Moldávia,Q2446715,http://www.wikidata.org/entity/Q865639,0,3335,,47.843611111111,28.554444444444
MDA,Moldávia,Q2446729,http://www.wikidata.org/entity/Q2129061,0,2573,,46.600277777778,29.708333333333
MDA,Moldávia,Q2446743,http://www.wikidata.org/entity/Q878317,0,833,,47.664722222222,28.638055555556
MDA,Moldávia,Q2447064,http://www.wikidata.org/entity/Q2112462,0,1169,,47.266111111111,28.708055555556
MDA,Moldávia,Q2447073,http://www.wikidata.org/entity/Q2112462,0,1318,,47.476944444444,28.978611111111
MDA,Moldávia,Q2447087,http://www.wikidata.org/entity/Q878317,0,1378,,47.614444444444,28.812777777778
MDA,Moldávia,Q2447110,http://www.wikidata.org/entity/Q2112462,0,1620,,47.370277777778,28.718055555556
MDA,Moldávia,Q2447207,http://www.wikidata.org/entity/Q865639,0,756,,47.848055555556,28.806111111111
MDA,Moldávia,Q2447223,http://www.wikidata.org/entity/Q865639,0,2519,,47.798055555556,28.715
MDA,Moldávia,Q2447330,http://www.wikidata.org/entity/Q2129061,0,2383,,46.6025,29.536944444444
MDA,Moldávia,Q2447341,http://www.wikidata.org/entity/Q2129061,0,1767,,46.435,30.0425
MDA,Moldávia,Q2447350,http://www.wikidata.org/entity/Q865639,0,1076,,47.868055555556,28.874722222222
MDA,Moldávia,Q2447544,http://www.wikidata.org/entity/Q878317,0,2537,,47.695555555556,28.855
MDA,Moldávia,Q2447578,http://www.wikidata.org/entity/Q2112462,0,2138,,47.284722222222,28.856944444444
MDA,Moldávia,Q2447593,http://www.wikidata.org/entity/Q878317,0,2018,,47.6825,28.661666666667
MDA,Moldávia,Q2447667,http://www.wikidata.org/entity/Q1796621,0,1137,,47.7025,28.308055555556
MDA,Moldávia,Q2447701,http://www.wikidata.org/entity/Q611656,0,1700,,47.85,27.65
MDA,Moldávia,Q2447761,http://www.wikidata.org/entity/Q611656,0,1553,,47.95,27.433333333333
MDA,Moldávia,Q2449137,http://www.wikidata.org/entity/Q611656,0,5427,,47.822222222222,27.831388888889
MDA,Moldávia,Q2449154,http://www.wikidata.org/entity/Q611656,0,1465,,47.9,27.35
MDA,Moldávia,Q2449170,http://www.wikidata.org/entity/Q611656,0,924,,47.983333333333,27.3
MDA,Moldávia,Q2449267,http://www.wikidata.org/entity/Q769224,0,3523,,46.8216666667,29.1377777778
MDA,Moldávia,Q2449721,http://www.wikidata.org/entity/Q878308,0,1306,,47.1797222222,28.6227777778
MDA,Moldávia,Q2449754,http://www.wikidata.org/entity/Q2129025,0,1636,,47.570277777778,28.566111111111
MDA,Moldávia,Q2449753,http://www.wikidata.org/entity/Q1796621,0,5141,,47.726111111111,28.161388888889
MDA,Moldávia,Q2449808,http://www.wikidata.org/entity/Q1796621,0,482,,47.716388888889,28.196111111111
MDA,Moldávia,Q2449915,http://www.wikidata.org/entity/Q2129025,0,2802,,47.530555555556,28.47
MDA,Moldávia,Q2449927,http://www.wikidata.org/entity/Q878308,0,2038,,47.122777,28.308055
MDA,Moldávia,Q2449947,http://www.wikidata.org/entity/Q2129025,0,783,,47.683055555556,28.495833333333
MDA,Moldávia,Q2449966,http://www.wikidata.org/entity/Q2129025,0,627,,47.547222222222,28.577777777778
MDA,Moldávia,Q2450096,http://www.wikidata.org/entity/Q878308,0,834,,47.2772222222,28.5541666667
MDA,Moldávia,Q2450438,http://www.wikidata.org/entity/Q2129025,0,778,,47.494166666667,28.224722222222
MDA,Moldávia,Q2450465,http://www.wikidata.org/entity/Q2129025,0,2081,,47.504444444444,28.397777777778
MDA,Moldávia,Q2450480,http://www.wikidata.org/entity/Q878308,0,1432,,47.2052777778,28.5380555556
MDA,Moldávia,Q2450494,http://www.wikidata.org/entity/Q878308,0,957,,47.2555555556,28.5308333333
MDA,Moldávia,Q2450501,http://www.wikidata.org/entity/Q2129025,0,917,,47.596944444444,28.583611111111
MDA,Moldávia,Q2450511,http://www.wikidata.org/entity/Q2129025,0,1015,,47.4325,28.398333333333
MDA,Moldávia,Q2450547,http://www.wikidata.org/entity/Q2129025,0,1728,,47.456944444444,28.349722222222
MDA,Moldávia,Q2450635,http://www.wikidata.org/entity/Q878308,0,5833,,47.1472222222,28.6775
MDA,Moldávia,Q2450660,http://www.wikidata.org/entity/Q878308,0,1635,,47.1472222222,28.6775
MDA,Moldávia,Q2450672,http://www.wikidata.org/entity/Q878308,0,1248,,47.2236111111,28.7136111111
MDA,Moldávia,Q2450716,http://www.wikidata.org/entity/Q878308,0,3647,,47.066666666667,28.607222222222
MDA,Moldávia,Q2450726,http://www.wikidata.org/entity/Q2129025,0,1334,,47.475833333333,28.519722222222
MDA,Moldávia,Q2450737,http://www.wikidata.org/entity/Q2129025,0,2149,,47.638888888889,28.648055555556
MDA,Moldávia,Q2450749,http://www.wikidata.org/entity/Q2129025,0,1740,,47.481666666667,28.432222222222
MDA,Moldávia,Q2450759,http://www.wikidata.org/entity/Q2129025,0,474,,47.4225,28.433611111111
MDA,Moldávia,Q2451032,http://www.wikidata.org/entity/Q2129025,0,1366,,47.435833333333,28.290833333333
MDA,Moldávia,Q2451576,http://www.wikidata.org/entity/Q865884,0,1723,,45.766666666667,28.616666666667
MDA,Moldávia,Q2451621,http://www.wikidata.org/entity/Q865884,0,1384,,45.9,28.6
MDA,Moldávia,Q2451649,http://www.wikidata.org/entity/Q865884,0,512,,46.0,28.55
MDA,Moldávia,Q2452085,http://www.wikidata.org/entity/Q865884,0,4337,,46.0333,28.9167
MDA,Moldávia,Q2452122,http://www.wikidata.org/entity/Q19689880,0,2831,,46.016666666667,28.733333333333
MDA,Moldávia,Q2452276,http://www.wikidata.org/entity/Q2129025,0,943,,47.659444444444,28.486111111111
MDA,Moldávia,Q2452290,http://www.wikidata.org/entity/Q878308,0,1148,,47.2969444444,28.5538888889
MDA,Moldávia,Q2452302,http://www.wikidata.org/entity/Q2129025,0,2319,,47.568888888889,28.380833333333
MDA,Moldávia,Q2452338,http://www.wikidata.org/entity/Q878308,0,2627,,47.1722222222,28.7488888889
MDA,Moldávia,Q2452361,http://www.wikidata.org/entity/Q865884,0,704,,45.866666666667,28.6
MDA,Moldávia,Q2452776,http://www.wikidata.org/entity/Q2129025,0,919,,47.538611111111,28.503888888889
MDA,Moldávia,Q4150097,http://www.wikidata.org/entity/Q753795,0,395,,48.26,27.2372222222
MDA,Moldávia,Q20858614,http://www.wikidata.org/entity/Q878278,0,5545,,47.18333333,29.16666667
MDA,Moldávia,Q20858613,http://www.wikidata.org/entity/Q1796621,0,2573,,47.48333333,28.05
MDA,Moldávia,Q20858626,http://www.wikidata.org/entity/Q865726,0,1938,,47.91666667,28.58333333
MDA,Moldávia,Q20858627,http://www.wikidata.org/entity/Q865726,0,2173,,47.92083333,28.92083333
MDA,Moldávia,Q20858666,http://www.wikidata.org/entity/Q878375,0,2067,,47.56666667,27.75
MDA,Moldávia,Q20858667,http://www.wikidata.org/entity/Q2128964,0,2173,,46.73333333,29.01666667
MDA,Moldávia,Q20858670,http://www.wikidata.org/entity/Q878317,0,1041,,47.61,28.7425
MDA,Moldávia,Q20858671,http://www.wikidata.org/entity/Q2129025,0,2334,,47.48333333,28.2
MDA,Moldávia,Q20858668,http://www.wikidata.org/entity/Q878308,0,1244,,47.2,28.6
MDA,Moldávia,Q20858669,http://www.wikidata.org/entity/Q2112462,0,2522,,47.36666667,28.53333333
MDA,Moldávia,Q20858674,http://www.wikidata.org/entity/Q684183,0,4088,,46.15,28.16666667
MDA,Moldávia,Q20858672,http://www.wikidata.org/entity/Q865726,0,2172,,47.85,28.38333333
MDA,Moldávia,Q1150271,http://www.wikidata.org/entity/Q878290,0,15520,,48.168055555556,27.305
MDA,Moldávia,Q1528087,http://www.wikidata.org/entity/Q2128882,0,3074,,45.4833333333,28.2
MDA,Moldávia,Q1976447,http://www.wikidata.org/entity/Q266444,0,2310,,48.423888888889,27.526666666667
MDA,Moldávia,Q1979683,http://www.wikidata.org/entity/Q20858692,0,314,,47.605,28.979444444444
MDA,Moldávia,Q1981954,http://www.wikidata.org/entity/Q684183,0,1836,,46.2069444444,28.3213888889
MDA,Moldávia,Q1984329,http://www.wikidata.org/entity/Q878290,0,3093,,48.164444444444,27.165
MDA,Moldávia,Q1984336,http://www.wikidata.org/entity/Q878290,0,1270,,48.156944444444,27.4975
MDA,Moldávia,Q1984353,http://www.wikidata.org/entity/Q878290,0,3108,,48.208333333333,27.112222222222
MDA,Moldávia,Q1984394,http://www.wikidata.org/entity/Q865726,0,1073,,47.98,28.497222222222
MDA,Moldávia,Q1984403,http://www.wikidata.org/entity/Q865726,0,1077,,47.983888888889,28.382222222222
MDA,Moldávia,Q1984511,http://www.wikidata.org/entity/Q865726,0,890,,47.965833333333,28.466944444444
MDA,Moldávia,Q1984695,http://www.wikidata.org/entity/Q865726,0,2293,,48.0133333333,28.6730555556
MDA,Moldávia,Q1984705,http://www.wikidata.org/entity/Q865726,0,1547,,47.858333333333,28.219722222222
MDA,Moldávia,Q1984755,http://www.wikidata.org/entity/Q865726,0,735,,47.943888888889,28.285833333333
MDA,Moldávia,Q1984752,http://www.wikidata.org/entity/Q865726,0,1328,,47.793611111111,28.433888888889
MDA,Moldávia,Q1989670,http://www.wikidata.org/entity/Q2129022,0,811,,48.063333333333,28.3175
MDA,Moldávia,Q1999757,http://www.wikidata.org/entity/Q29017181,0,3221,,47.783333333333,28.016666666667
MDA,Moldávia,Q2002075,http://www.wikidata.org/entity/Q684183,0,1405,,46.3138888889,28.2775
MDA,Moldávia,Q2006102,http://www.wikidata.org/entity/Q878308,0,18376,,47.141388888889,28.610277777778
MDA,Moldávia,Q2006112,http://www.wikidata.org/entity/Q865594,0,13150,,48.030766,27.812643
MDA,Moldávia,Q2006121,http://www.wikidata.org/entity/Q865884,0,14726,,45.9,28.668888888889
MDA,Moldávia,Q2019719,http://www.wikidata.org/entity/Q286646,0,11997,,46.52,28.784166666667
MDA,Moldávia,Q2386827,http://www.wikidata.org/entity/Q878278,0,3231,,47.3,29.133333333333
MDA,Moldávia,Q2387803,http://www.wikidata.org/entity/Q17176229,0,595,,47.056666666667,28.568611111111
MDA,Moldávia,Q2387813,http://www.wikidata.org/entity/Q17176229,0,11210,,47.0875,28.870277777778
MDA,Moldávia,Q2388079,http://www.wikidata.org/entity/Q17176229,0,4928,,47.065277777778,29.006666666667
MDA,Moldávia,Q2391935,http://www.wikidata.org/entity/Q1061128,0,1291,,48.375277777778,27.843055555556
MDA,Moldávia,Q2392547,http://www.wikidata.org/entity/Q878308,0,6247,,47.0930555556,28.6583333333
MDA,Moldávia,Q2392626,http://www.wikidata.org/entity/Q878266,0,1208,,47.095277777778,28.303055555556
MDA,Moldávia,Q2448364,http://www.wikidata.org/entity/Q1796621,0,1076,,47.486388888889,28.055277777778
MDA,Moldávia,Q2449656,http://www.wikidata.org/entity/Q1796621,0,1089,,47.489722222222,28.014444444444
MDA,Moldávia,Q2449679,http://www.wikidata.org/entity/Q1796621,0,1538,,47.618888888889,28.195833333333
MDA,Moldávia,Q2449728,http://www.wikidata.org/entity/Q1796621,0,1997,,47.873888888889,28.0375
MDA,Moldávia,Q2449739,http://www.wikidata.org/entity/Q878308,0,627,,47.2433333333,28.6119444444
MDA,Moldávia,Q2449740,http://www.wikidata.org/entity/Q1796621,0,1181,,47.833611111111,27.936666666667
MDA,Moldávia,Q2453692,http://www.wikidata.org/entity/Q854443,0,1614,,47.2941666667,27.9947222222
MDA,Moldávia,Q2453765,http://www.wikidata.org/entity/Q2128868,0,2054,,47.3058333333,28.3538888889
MDA,Moldávia,Q2453788,http://www.wikidata.org/entity/Q865884,0,838,,45.816666666667,28.5
MDA,Moldávia,Q2453794,http://www.wikidata.org/entity/Q2128868,0,843,,47.2677777778,28.3722222222
MDA,Moldávia,Q2453816,http://www.wikidata.org/entity/Q2128868,0,610,,47.3294444444,28.4019444444
MDA,Moldávia,Q2453825,http://www.wikidata.org/entity/Q203493,0,1808,,47.2155555556,27.9144444444
MDA,Moldávia,Q2453839,http://www.wikidata.org/entity/Q2128868,0,929,,47.2180555556,28.1472222222
MDA,Moldávia,Q2453850,http://www.wikidata.org/entity/Q2128868,0,1323,,47.2305555556,28.4441666667
MDA,Moldávia,Q2453860,http://www.wikidata.org/entity/Q2128868,0,1572,,47.3744444444,28.3211111111
MDA,Moldávia,Q2454309,http://www.wikidata.org/entity/Q2128868,0,3691,,47.2630555556,28.1308333333
MDA,Moldávia,Q2454332,http://www.wikidata.org/entity/Q2128868,0,2431,,47.3730555556,28.3716666667
MDA,Moldávia,Q2454345,http://www.wikidata.org/entity/Q2128868,0,2453,,47.1891666667,28.35
MDA,Moldávia,Q2454370,http://www.wikidata.org/entity/Q2128868,0,1384,,47.2483333333,28.0783333333
MDA,Moldávia,Q2454382,http://www.wikidata.org/entity/Q2128868,0,1229,,47.4122222222,28.2841666667
MDA,Moldávia,Q2455003,http://www.wikidata.org/entity/Q2128868,0,1519,,47.3961111111,28.2105555556
MDA,Moldávia,Q2455020,http://www.wikidata.org/entity/Q2128868,0,1108,,47.2361111111,28.2086111111
MDA,Moldávia,Q2455062,http://www.wikidata.org/entity/Q2128868,0,2385,,47.2066666667,28.2558333333
MDA,Moldávia,Q2455526,http://www.wikidata.org/entity/Q2128868,0,7370,,47.2763888889,28.1983333333
MDA,Moldávia,Q2455560,http://www.wikidata.org/entity/Q2128868,0,1560,,47.2002777778,28.2430555556
MDA,Moldávia,Q2455579,http://www.wikidata.org/entity/Q648767,0,1202,,48.122222222222,28.551111111111
MDA,Moldávia,Q2457147,http://www.wikidata.org/entity/Q648767,0,815,,48.13305556,28.63611111
MDA,Moldávia,Q2457204,http://www.wikidata.org/entity/Q648767,0,690,,48.06666667,28.71666667
MDA,Moldávia,Q2473483,http://www.wikidata.org/entity/Q164819,0,4273,,46.424444444444,28.616666666667
MDA,Moldávia,Q2534322,http://www.wikidata.org/entity/Q2128862,0,2866,,47.1666666667,29.1213888889
MDA,Moldávia,Q2565855,http://www.wikidata.org/entity/Q164819,0,11123,,46.109166666667,28.604444444444
MDA,Moldávia,Q2592107,http://www.wikidata.org/entity/Q878308,0,2312,,47.1172222222,28.5041666667
MDA,Moldávia,Q2608314,http://www.wikidata.org/entity/Q865726,0,1396,,47.868611111111,28.2475
MDA,Moldávia,Q2608576,http://www.wikidata.org/entity/Q266444,0,6043,,48.43,27.793888888889
MDA,Moldávia,Q2618988,http://www.wikidata.org/entity/Q17176229,0,3956,,47.037777777778,28.958333333333
MDA,Moldávia,Q2619105,http://www.wikidata.org/entity/Q878308,0,1384,,47.2705555556,28.4888888889
MDA,Moldávia,Q2620881,http://www.wikidata.org/entity/Q878308,0,4064,,47.155,28.4241666667
MDA,Moldávia,Q2621050,http://www.wikidata.org/entity/Q17176229,0,5295,,47.091666666667,29.075555555556
MDA,Moldávia,Q2628263,http://www.wikidata.org/entity/Q2128964,0,2148,,47.01,28.67
MDA,Moldávia,Q2628532,http://www.wikidata.org/entity/Q2112462,0,9122,,47.252222222222,28.768888888889
MDA,Moldávia,Q2628898,http://www.wikidata.org/entity/Q646642,0,1649,,47.857777777778,28.382777777778
MDA,Moldávia,Q2628906,http://www.wikidata.org/entity/Q878297,0,4368,,47.021666666667,28.413333333333
MDA,Moldávia,Q2628984,http://www.wikidata.org/entity/Q17176229,0,12368,,46.913055555556,28.9775
MDA,Moldávia,Q2629183,http://www.wikidata.org/entity/Q1826662,0,891,,46.6475,28.428611111111
MDA,Moldávia,Q2629604,http://www.wikidata.org/entity/Q878297,0,4790,,46.7275,28.515
MDA,Moldávia,Q2631126,http://www.wikidata.org/entity/Q865884,0,5420,,46.154722222222,28.965555555556
MDA,Moldávia,Q2631176,http://www.wikidata.org/entity/Q854443,0,3069,,47.0772222222,27.92
MDA,Moldávia,Q2631216,http://www.wikidata.org/entity/Q17176229,0,5240,,47.093055555556,28.768611111111
MDA,Moldávia,Q2639028,http://www.wikidata.org/entity/Q164819,0,7463,,46.093888888889,28.675833333333
MDA,Moldávia,Q2639038,http://www.wikidata.org/entity/Q164819,0,873,,46.160555555556,28.513611111111
MDA,Moldávia,Q2639050,http://www.wikidata.org/entity/Q164819,0,4497,,45.544444444444,28.382777777778
MDA,Moldávia,Q2639058,http://www.wikidata.org/entity/Q164819,0,1352,,46.365833333333,28.663333333333
MDA,Moldávia,Q2657124,http://www.wikidata.org/entity/Q1980044,0,4660,,46.3619444444,28.9419444444
MDA,Moldávia,Q2708397,http://www.wikidata.org/entity/Q854443,0,2470,,47.36924,27.99534
MDA,Moldávia,Q2708425,http://www.wikidata.org/entity/Q648767,0,1047,,47.2375,29.385833333333
MDA,Moldávia,Q2708449,http://www.wikidata.org/entity/Q648767,0,1488,,46.8319,29.5767
MDA,Moldávia,Q2708692,http://www.wikidata.org/entity/Q17176229,0,26308,,47.017777777778,28.7625
MDA,Moldávia,Q2709331,http://www.wikidata.org/entity/Q266444,0,1848,,48.371666666667,27.335833333333
MDA,Moldávia,Q2709840,http://www.wikidata.org/entity/Q2128964,0,2995,,46.9825,28.668611111111
MDA,Moldávia,Q2710200,http://www.wikidata.org/entity/Q1826662,0,3957,,46.4275,28.436666666667
MDA,Moldávia,Q2711656,http://www.wikidata.org/entity/Q753795,0,1431,,48.271111111111,26.672222222222
MDA,Moldávia,Q2714533,http://www.wikidata.org/entity/Q164819,0,6298,,46.233888888889,28.648055555556
MDA,Moldávia,Q2714541,http://www.wikidata.org/entity/Q164819,0,3466,,46.121666666667,28.872222222222
MDA,Moldávia,Q4131241,http://www.wikidata.org/entity/Q1796621,0,4,,47.660555555556,28.238055555556
MDA,Moldávia,Q4137255,http://www.wikidata.org/entity/Q854443,0,1730,,47.3591666667,27.6069444444
MDA,Moldávia,Q4221443,http://www.wikidata.org/entity/Q865726,0,136,,47.960555555556,28.329166666667
MDA,Moldávia,Q4225039,http://www.wikidata.org/entity/Q1796621,0,423,,47.656862,27.995283
MDA,Moldávia,Q4225283,http://www.wikidata.org/entity/Q20858607,0,242,,47.858611111111,28.601111111111
MDA,Moldávia,Q4226212,http://www.wikidata.org/entity/Q2129025,0,673,,47.463888888889,28.269722222222
MDA,Moldávia,Q4248464,http://www.wikidata.org/entity/Q2112462,0,356,,47.335833333333,28.653888888889
MDA,Moldávia,Q4250064,http://www.wikidata.org/entity/Q2129025,0,833,,47.458333333333,28.186944444444
MDA,Moldávia,Q4250065,http://www.wikidata.org/entity/Q2129025,0,25,,47.485,28.165277777778
MDA,Moldávia,Q4254485,http://www.wikidata.org/entity/Q2128882,0,396,,46.0666666667,28.2333333333
MDA,Moldávia,Q4259091,http://www.wikidata.org/entity/Q20858696,0,371,,47.3441666667,28.1488888889
MDA,Moldávia,Q4276505,http://www.wikidata.org/entity/Q611656,0,743,,47.880833333333,27.349166666667
MDA,Moldávia,Q4280113,http://www.wikidata.org/entity/Q2112462,0,430,,47.338888888889,28.684444444444
MDA,Moldávia,Q4295772,http://www.wikidata.org/entity/Q769224,0,205,,46.8041666667,29.2277777778
MDA,Moldávia,Q4296335,http://www.wikidata.org/entity/Q854443,0,406,,47.4036111111,27.9947222222
MDA,Moldávia,Q4297628,http://www.wikidata.org/entity/Q1796621,0,803,,47.590833333333,28.260833333333
MDA,Moldávia,Q4302830,http://www.wikidata.org/entity/Q2112462,0,224,,47.299166666667,28.995277777778
MDA,Moldávia,Q4309413,http://www.wikidata.org/entity/Q854443,0,512,,47.3944,28.0672
MDA,Moldávia,Q4309784,http://www.wikidata.org/entity/Q878375,0,292,,47.505277777778,27.693333333333
MDA,Moldávia,Q4320370,http://www.wikidata.org/entity/Q878375,0,69,,47.499444444444,27.703888888889
MDA,Moldávia,Q4321893,http://www.wikidata.org/entity/Q2128868,0,819,,47.2361111111,28.2647222222
MDA,Moldávia,Q4346483,http://www.wikidata.org/entity/Q1022131,0,950,,47.835277777778,27.280833333333
MDA,Moldávia,Q4347240,http://www.wikidata.org/entity/Q266444,0,951,,48.406944444444,27.506666666667
MDA,Moldávia,Q4348782,http://www.wikidata.org/entity/Q1796621,0,591,,47.651111111111,28.3375
MDA,Moldávia,Q4373447,http://www.wikidata.org/entity/Q2128862,0,1441,,47.1469444444,28.8402777778
MDA,Moldávia,Q20858544,http://www.wikidata.org/entity/Q878266,0,1793,,47.13333333,27.98333333
MDA,Moldávia,Q20858545,http://www.wikidata.org/entity/Q878290,0,4772,,48.08333333,27.4
MDA,Moldávia,Q20858550,http://www.wikidata.org/entity/Q865884,0,834,,45.8445,28.4597
MDA,Moldávia,Q20858551,http://www.wikidata.org/entity/Q2129022,0,1970,,48.0379,28.0848
MDA,Moldávia,Q20858548,http://www.wikidata.org/entity/Q2128868,0,987,,47.21666667,28.21666667
MDA,Moldávia,Q20858552,http://www.wikidata.org/entity/Q878290,0,1645,,48.13333333,27.13333333
MDA,Moldávia,Q20858553,http://www.wikidata.org/entity/Q1796621,0,1243,,47.48333333,28.01666667
MDA,Moldávia,Q20858558,http://www.wikidata.org/entity/Q2129022,0,2941,,48.2013,28.0529
MDA,Moldávia,Q20858559,http://www.wikidata.org/entity/Q1826662,0,1059,,46.46666667,28.48333333
MDA,Moldávia,Q20858556,http://www.wikidata.org/entity/Q266444,0,2569,,48.2634,27.4193
MDA,Moldávia,Q20858557,http://www.wikidata.org/entity/Q17176229,0,11663,,46.9152,28.8938
MDA,Moldávia,Q20858562,http://www.wikidata.org/entity/Q878266,0,2170,,47.2,28.2
MDA,Moldávia,Q20858563,http://www.wikidata.org/entity/Q1796621,0,2318,,47.66111111,28.3525
MDA,Moldávia,Q20858560,http://www.wikidata.org/entity/Q753795,0,671,,48.2822,27.2009
MDA,Moldávia,Q20858561,http://www.wikidata.org/entity/Q2128862,0,3533,,47.0668,29.1333
MDA,Moldávia,Q20858566,http://www.wikidata.org/entity/Q266444,0,2098,,48.41888889,27.81555556
MDA,Moldávia,Q20858567,http://www.wikidata.org/entity/Q860716,0,1889,,47.82777778,27.36416667
MDA,Moldávia,Q20858564,http://www.wikidata.org/entity/Q2128862,0,1750,,47.05138889,29.04777778
MDA,Moldávia,Q20858565,http://www.wikidata.org/entity/Q2129025,0,3109,,47.56666667,28.38333333
MDA,Moldávia,Q20858619,http://www.wikidata.org/entity/Q2129022,0,890,,48.2737,28.0828
MDA,Moldávia,Q20858616,http://www.wikidata.org/entity/Q878297,0,4003,,46.8298,28.28
MDA,Moldávia,Q20858622,http://www.wikidata.org/entity/Q1796621,0,1814,,47.86666667,28.03333333
MDA,Moldávia,Q20858623,http://www.wikidata.org/entity/Q878290,0,1869,,47.98333333,27.2
MDA,Moldávia,Q20858620,http://www.wikidata.org/entity/Q2112462,0,958,,47.5214,28.7205
MDA,Moldávia,Q20858621,http://www.wikidata.org/entity/Q17176229,0,1815,,47.0811,28.9721
MDA,Moldávia,Q20858624,http://www.wikidata.org/entity/Q2112462,0,1749,,47.48333333,28.73333333
MDA,Moldávia,Q20858625,http://www.wikidata.org/entity/Q860716,0,2635,,47.6557,27.376
MDA,Moldávia,Q20858630,http://www.wikidata.org/entity/Q2128869,0,1444,,46.6492,29.1395
MDA,Moldávia,Q20858631,http://www.wikidata.org/entity/Q684183,0,642,,46.1375,28.3387
MDA,Moldávia,Q20858629,http://www.wikidata.org/entity/Q684183,0,1211,,46.1382,28.4772
MDA,Moldávia,Q20858675,http://www.wikidata.org/entity/Q286646,0,2109,,46.6,28.75
MDA,Moldávia,Q20858678,http://www.wikidata.org/entity/Q611656,0,1070,,47.86666667,27.76666667
MDA,Moldávia,Q20858679,http://www.wikidata.org/entity/Q266444,0,2062,,48.28333333,27.45
MDA,Moldávia,Q20858676,http://www.wikidata.org/entity/Q878308,0,672,,47.23333333,28.61666667
MDA,Moldávia,Q20858677,http://www.wikidata.org/entity/Q1796621,0,2374,,47.62138889,28.19805556
MDA,Moldávia,Q20858682,http://www.wikidata.org/entity/Q865726,0,3018,,47.88333333,28.35
MDA,Moldávia,Q20858683,http://www.wikidata.org/entity/Q865726,0,1734,,47.86666667,28.18333333
MDA,Moldávia,Q20858680,http://www.wikidata.org/entity/Q2128869,0,1053,,46.6558,29.5853
MDA,Moldávia,Q20858681,http://www.wikidata.org/entity/Q17176229,0,7299,,47.098055555556,28.823888888889
MDA,Moldávia,Q20858686,http://www.wikidata.org/entity/Q753795,0,1588,,48.2521,27.1814
MDA,Moldávia,Q20858687,http://www.wikidata.org/entity/Q1796621,0,2531,,47.76666667,28.06666667
MDA,Moldávia,Q20858684,http://www.wikidata.org/entity/Q878308,0,2675,,47.23333333,28.5
MDA,Moldávia,Q20858685,http://www.wikidata.org/entity/Q611656,0,1533,,47.8693,27.3409
MDA,Moldávia,Q20858690,http://www.wikidata.org/entity/Q2129022,0,1208,,48.25,28.18333333
MDA,Moldávia,Q20858691,http://www.wikidata.org/entity/Q878375,0,1056,,47.41666667,27.56666667
MDA,Moldávia,Q20858688,http://www.wikidata.org/entity/Q878375,0,1991,,47.666667,27.764722
MDA,Moldávia,Q20858689,http://www.wikidata.org/entity/Q878290,0,1492,,48.26666667,27.31666667
MDA,Moldávia,Q20858694,http://www.wikidata.org/entity/Q2128862,0,2494,,47.13666667,28.95194444
MDA,Moldávia,Q20858695,http://www.wikidata.org/entity/Q854443,0,1798,,47.4,28.08333333
MDA,Moldávia,Q20858692,http://www.wikidata.org/entity/Q878317,0,1545,,47.612777777778,28.945
MDA,Moldávia,Q20858716,http://www.wikidata.org/entity/Q286646,0,1359,,46.53333333,28.61666667
MDA,Moldávia,Q20858730,http://www.wikidata.org/entity/Q878266,0,2215,,46.96666667,28.16666667
MDA,Moldávia,Q4375150,http://www.wikidata.org/entity/Q878278,0,703,,47.1761111111,29.1677777778
MDA,Moldávia,Q4378995,http://www.wikidata.org/entity/Q878317,0,333,,47.682777777778,28.783611111111
MDA,Moldávia,Q4381015,http://www.wikidata.org/entity/Q611656,0,172,,47.867222222222,27.285
MDA,Moldávia,Q4390831,http://www.wikidata.org/entity/Q2128862,0,1226,,47.1647222222,28.8066666667
MDA,Moldávia,Q4400087,http://www.wikidata.org/entity/Q2128882,0,457,,46.1166666667,28.2833333333
MDA,Moldávia,Q4405360,http://www.wikidata.org/entity/Q1796621,0,302,,47.705833333333,28.209166666667
MDA,Moldávia,Q4406105,http://www.wikidata.org/entity/Q769224,0,194,,46.9425,29.1694444444
MDA,Moldávia,Q4409450,http://www.wikidata.org/entity/Q878317,0,397,,47.693611111111,28.970277777778
MDA,Moldávia,Q4410116,http://www.wikidata.org/entity/Q611656,0,552,,47.896666666667,27.7275
MDA,Moldávia,Q4423762,http://www.wikidata.org/entity/Q1796621,0,433,,47.483888888889,27.965833333333
MDA,Moldávia,Q4423767,http://www.wikidata.org/entity/Q878317,0,433,,47.598333333333,28.935555555556
MDA,Moldávia,Q4423890,http://www.wikidata.org/entity/Q1796621,0,708,,47.654444444444,28.379722222222
MDA,Moldávia,Q4449289,http://www.wikidata.org/entity/Q2112462,0,1024,,47.33,28.564722222222
MDA,Moldávia,Q4451845,http://www.wikidata.org/entity/Q878317,0,584,,47.877222222222,28.963611111111
MDA,Moldávia,Q4491221,http://www.wikidata.org/entity/Q1796621,0,1309,,47.498611111111,28.09
MDA,Moldávia,Q4493097,http://www.wikidata.org/entity/Q2128882,0,859,,46.0833333333,28.4666666667
MDA,Moldávia,Q4493566,http://www.wikidata.org/entity/Q2112462,0,1280,,47.336388888889,28.925555555556
MDA,Moldávia,Q4493808,http://www.wikidata.org/entity/Q865726,0,64,,47.936944444444,28.525277777778
MDA,Moldávia,Q4499467,http://www.wikidata.org/entity/Q865594,0,176,,48.1158333333,27.9355555556
MDA,Moldávia,Q4502663,http://www.wikidata.org/entity/Q1826662,0,86,,46.493888888889,28.504166666667
MDA,Moldávia,Q4502665,http://www.wikidata.org/entity/Q878375,0,138,,47.479444444444,27.704444444444
MDA,Moldávia,Q9042414,http://www.wikidata.org/entity/Q878308,0,1601,,47.188611111111,28.456944444444
MDA,Moldávia,Q12724600,http://www.wikidata.org/entity/Q2128882,0,1795,,46.033,28.4
MDA,Moldávia,Q12724622,http://www.wikidata.org/entity/Q684183,0,3174,,46.28056,28.225
MDA,Moldávia,Q12724632,http://www.wikidata.org/entity/Q769224,0,3873,,46.91639,29.04361
MDA,Moldávia,Q12724637,http://www.wikidata.org/entity/Q769224,0,1826,,46.9225,29.10917
MDA,Moldávia,Q12724648,http://www.wikidata.org/entity/Q769224,0,2296,,46.96889,29.18111
MDA,Moldávia,Q12724685,http://www.wikidata.org/entity/Q2128882,0,1702,,46.067,28.167
MDA,Moldávia,Q12724798,http://www.wikidata.org/entity/Q769224,0,3062,,46.82083,29.13889
MDA,Moldávia,Q12724895,http://www.wikidata.org/entity/Q2128882,0,1477,,46.067,28.233
MDA,Moldávia,Q17176229,http://www.wikidata.org/entity/Q217,0,820500,,47.0,28.83333
MDA,Moldávia,Q20432364,http://www.wikidata.org/entity/Q878297,0,2400,,46.9736,28.3669
MDA,Moldávia,Q20858518,http://www.wikidata.org/entity/Q1796621,0,5594,,47.8,28.08333333
MDA,Moldávia,Q20858519,http://www.wikidata.org/entity/Q611656,0,762,,,
MDA,Moldávia,Q20858522,http://www.wikidata.org/entity/Q2128869,0,2087,,46.68333333,29.28333333
MDA,Moldávia,Q20858523,http://www.wikidata.org/entity/Q2128868,0,1670,,47.31666667,28.11666667
MDA,Moldávia,Q20858521,http://www.wikidata.org/entity/Q684183,0,1469,,46.33777778,28.21722222
MDA,Moldávia,Q20858526,http://www.wikidata.org/entity/Q860716,0,4803,,47.7,27.35
MDA,Moldávia,Q20858527,http://www.wikidata.org/entity/Q865594,0,1534,,48.03333333,27.91666667
MDA,Moldávia,Q20858524,http://www.wikidata.org/entity/Q684183,0,2649,,46.1862,28.3818
MDA,Moldávia,Q20858525,http://www.wikidata.org/entity/Q2128869,0,2207,,46.5926,29.0921
MDA,Moldávia,Q20858531,http://www.wikidata.org/entity/Q1826662,0,832,,46.53333333,28.53333333
MDA,Moldávia,Q20858528,http://www.wikidata.org/entity/Q2112462,0,1800,,47.43333333,28.93333333
MDA,Moldávia,Q20858529,http://www.wikidata.org/entity/Q753795,0,1913,,48.30944444,26.93888889
MDA,Moldávia,Q20858534,http://www.wikidata.org/entity/Q1796621,0,3252,,47.65,28.05
MDA,Moldávia,Q20858535,http://www.wikidata.org/entity/Q878290,0,1567,,48.11666667,27.21666667
MDA,Moldávia,Q20858532,http://www.wikidata.org/entity/Q2112462,0,2287,,47.51666667,28.86666667
MDA,Moldávia,Q20858533,http://www.wikidata.org/entity/Q1796621,0,1809,,47.7,28.03333333
MDA,Moldávia,Q20858538,http://www.wikidata.org/entity/Q854443,0,1447,,47.43333333,28.01666667
MDA,Moldávia,Q20858539,http://www.wikidata.org/entity/Q878266,0,3123,,47.13333333,28.06666667
MDA,Moldávia,Q20858536,http://www.wikidata.org/entity/Q878297,0,2565,,46.98333333,28.46666667
MDA,Moldávia,Q20858537,http://www.wikidata.org/entity/Q753795,0,1169,,48.13333333,27.0
MDA,Moldávia,Q20858542,http://www.wikidata.org/entity/Q611656,0,1275,,47.8,27.25
MDA,Moldávia,Q20858543,http://www.wikidata.org/entity/Q2129025,0,2650,,47.65,28.48333333
MDA,Moldávia,Q20858540,http://www.wikidata.org/entity/Q878297,0,2406,,46.7543,28.6429
MDA,Moldávia,Q20858541,http://www.wikidata.org/entity/Q2128862,0,3390,,47.12444444,29.00722222
MDA,Moldávia,Q20858546,http://www.wikidata.org/entity/Q17176229,0,11152,,46.98333333,28.95
MDA,Moldávia,Q20858547,http://www.wikidata.org/entity/Q854443,0,1266,,47.36666667,27.71666667
MDA,Moldávia,Q20858731,http://www.wikidata.org/entity/Q753795,0,1423,,48.3601,26.7888
MDA,Moldávia,Q20858728,http://www.wikidata.org/entity/Q878297,0,5022,,46.88333333,28.41666667
MDA,Moldávia,Q20858729,http://www.wikidata.org/entity/Q611656,0,1068,,47.8826,27.5051
MDA,Moldávia,Q20858734,http://www.wikidata.org/entity/Q2128862,0,2205,,47.23861111,28.80666667
MDA,Moldávia,Q20858735,http://www.wikidata.org/entity/Q878308,0,2857,,47.16666667,28.75
MDA,Moldávia,Q20858732,http://www.wikidata.org/entity/Q878297,0,2454,,46.7984,28.5384
MDA,Moldávia,Q20858733,http://www.wikidata.org/entity/Q878308,0,2343,,47.11666667,28.3
MDA,Moldávia,Q20858758,http://www.wikidata.org/entity/Q865726,0,923,,47.7564,28.2879
MDA,Moldávia,Q20858757,http://www.wikidata.org/entity/Q854443,0,1845,,47.41666667,27.88333333
MDA,Moldávia,Q20858762,http://www.wikidata.org/entity/Q266444,0,3133,,48.3853,27.4392
MDA,Moldávia,Q20858763,http://www.wikidata.org/entity/Q2129022,0,1669,,48.1214,28.2553
MDA,Moldávia,Q20858760,http://www.wikidata.org/entity/Q878375,0,2367,,47.66666667,27.65
MDA,Moldávia,Q20858771,http://www.wikidata.org/entity/Q2112462,0,3257,,47.4035,28.7735
MDA,Moldávia,Q20858774,http://www.wikidata.org/entity/Q2128869,0,1306,,46.7008,29.0885
MDA,Moldávia,Q20858775,http://www.wikidata.org/entity/Q865594,0,896,,48.089167,27.7175
MDA,Moldávia,Q20858772,http://www.wikidata.org/entity/Q1796621,0,5594,,47.63333333,28.33333333
MDA,Moldávia,Q20858773,http://www.wikidata.org/entity/Q878317,0,576,,47.654444444444,28.779166666667
MDA,Moldávia,Q20858776,http://www.wikidata.org/entity/Q865594,0,1002,,47.95,27.95
MDA,Moldávia,Q20858777,http://www.wikidata.org/entity/Q854443,0,4003,,47.3,27.75
MDA,Moldávia,Q20858791,http://www.wikidata.org/entity/Q865726,0,2574,,47.83333333,28.2
MDA,Moldávia,Q20858794,http://www.wikidata.org/entity/Q865726,0,1802,,47.75,28.48333333
MDA,Moldávia,Q20858795,http://www.wikidata.org/entity/Q878375,0,2140,,47.5,27.55
MDA,Moldávia,Q20858792,http://www.wikidata.org/entity/Q1796621,0,3372,,47.58333333,28.33333333
MDA,Moldávia,Q20858793,http://www.wikidata.org/entity/Q878317,0,1069,,47.685277777778,28.762777777778
MDA,Moldávia,Q20858798,http://www.wikidata.org/entity/Q878375,0,1298,,47.61666667,27.66666667
MDA,Moldávia,Q20858799,http://www.wikidata.org/entity/Q2129022,0,722,,48.0757,28.2096
MDA,Moldávia,Q20858796,http://www.wikidata.org/entity/Q2129061,0,2368,,46.53888889,29.85666667
MDA,Moldávia,Q20858797,http://www.wikidata.org/entity/Q2112462,0,2173,,47.3811,28.5813
MDA,Moldávia,Q20858802,http://www.wikidata.org/entity/Q2129025,0,1743,,47.53694444,28.50333333
MDA,Moldávia,Q20858800,http://www.wikidata.org/entity/Q854443,0,5564,,47.31666667,27.86666667
MDA,Moldávia,Q20858801,http://www.wikidata.org/entity/Q878308,0,3000,,47.15,28.51666667
MDA,Moldávia,Q20858838,http://www.wikidata.org/entity/Q2112462,0,2095,,47.4546,28.7892
MDA,Moldávia,Q20858839,http://www.wikidata.org/entity/Q2129022,0,1202,,48.0264,28.3564
MDA,Moldávia,Q20858842,http://www.wikidata.org/entity/Q2129025,0,1643,,47.46666667,28.51666667
MDA,Moldávia,Q20858843,http://www.wikidata.org/entity/Q164819,0,1622,,46.0,28.65
MDA,Moldávia,Q20858841,http://www.wikidata.org/entity/Q1061128,0,1753,,48.3049,27.7832
MDA,Moldávia,Q20858846,http://www.wikidata.org/entity/Q878317,0,1967,,47.73333333,28.78333333
MDA,Moldávia,Q20858847,http://www.wikidata.org/entity/Q878375,0,4329,,47.51666667,27.73333333
MDA,Moldávia,Q20858844,http://www.wikidata.org/entity/Q1796621,0,5122,,47.71666667,28.08333333
MDA,Moldávia,Q20858850,http://www.wikidata.org/entity/Q2129025,0,2531,,47.53333333,28.55
MDA,Moldávia,Q20858848,http://www.wikidata.org/entity/Q878297,0,4822,,46.7337,28.5209
MDA,Moldávia,Q20858902,http://www.wikidata.org/entity/Q2129022,0,1408,,48.1726,28.1116
MDA,Moldávia,Q20858903,http://www.wikidata.org/entity/Q865726,0,2335,,47.73333333,28.43888889
MDA,Moldávia,Q20858901,http://www.wikidata.org/entity/Q878266,0,2217,,46.96666667,28.21666667
MDA,Moldávia,Q20858906,http://www.wikidata.org/entity/Q1796621,0,1552,,47.71722222,27.91666667
MDA,Moldávia,Q20858907,http://www.wikidata.org/entity/Q878317,0,2627,,47.75,28.88333333
MDA,Moldávia,Q20858904,http://www.wikidata.org/entity/Q611656,0,485,,47.9214,27.7029
MDA,Moldávia,Q20858905,http://www.wikidata.org/entity/Q865594,0,4098,,48.1,27.85
MDA,Moldávia,Q20858908,http://www.wikidata.org/entity/Q684183,0,2596,,46.233333333333,28.155833333333
MDA,Moldávia,Q20858909,http://www.wikidata.org/entity/Q2128964,0,4280,,46.827777777778,28.975277777778
MDA,Moldávia,Q29017181,http://www.wikidata.org/entity/Q217,0,102457,,47.78333,27.91667
MDA,Moldávia,Q30016108,http://www.wikidata.org/entity/Q1826662,0,1592,,46.49083333,28.38388889
MDA,Moldávia,Q2626003,http://www.wikidata.org/entity/Q753795,0,2783,,48.3122222222,27.0975
MDA,Moldávia,Q2626288,http://www.wikidata.org/entity/Q769224,0,3401,,46.9283333333,29.4588888889
MDA,Moldávia,Q2626556,http://www.wikidata.org/entity/Q1980044,0,761,,46.3938888889,28.9091666667
MDA,Moldávia,Q2626575,http://www.wikidata.org/entity/Q1980044,0,3526,,46.4491666667,28.8786111111
MDA,Moldávia,Q2626650,http://www.wikidata.org/entity/Q511474,0,9000,,46.78555556,29.60861111
MDA,Moldávia,Q2626791,http://www.wikidata.org/entity/Q1980044,0,2872,,46.3083333333,28.7844444444
MDA,Moldávia,Q2626826,http://www.wikidata.org/entity/Q1980044,0,1660,,46.5122222222,28.9341666667
MDA,Moldávia,Q2626898,http://www.wikidata.org/entity/Q1796621,0,2625,,47.816111111111,28.068611111111
MDA,Moldávia,Q2627742,http://www.wikidata.org/entity/Q865726,0,935,,48.049444444444,28.556388888889
MDA,Moldávia,Q4060189,http://www.wikidata.org/entity/Q684183,0,547,,46.1866666667,28.4247222222
MDA,Moldávia,Q4061831,http://www.wikidata.org/entity/Q1796621,0,597,,47.688055555556,28.290833333333
MDA,Moldávia,Q4067499,http://www.wikidata.org/entity/Q865726,0,81,,47.786944444444,28.214166666667
MDA,Moldávia,Q4085345,http://www.wikidata.org/entity/Q769224,0,647,,46.873333333333,29.2625
MDA,Moldávia,Q4095401,http://www.wikidata.org/entity/Q753795,0,38,,48.2922222222,27.1747222222
MDA,Moldávia,Q4095430,http://www.wikidata.org/entity/Q878317,0,486,,47.775833333333,28.981111111111
MDA,Moldávia,Q4096083,http://www.wikidata.org/entity/Q878297,0,414,,46.740555555556,28.464722222222
MDA,Moldávia,Q4100200,http://www.wikidata.org/entity/Q860716,0,434,,47.795277777778,27.333333333333
MDA,Moldávia,Q4100370,http://www.wikidata.org/entity/Q2112462,0,239,,47.301388888889,28.9725
MDA,Moldávia,Q4103150,http://www.wikidata.org/entity/Q2128869,0,125,,46.6933333333,29.5883333333
MDA,Moldávia,Q4103155,http://www.wikidata.org/entity/Q878297,0,201,,46.712777777778,28.438611111111
MDA,Moldávia,Q4103165,http://www.wikidata.org/entity/Q1796621,0,408,,47.481388888889,28.131388888889
MDA,Moldávia,Q4108842,http://www.wikidata.org/entity/Q2112462,0,903,,47.486666666667,29.076111111111
MDA,Moldávia,Q4108894,http://www.wikidata.org/entity/Q2128869,0,27,,46.6483333333,29.3119444444
MDA,Moldávia,Q4113079,http://www.wikidata.org/entity/Q1796621,0,114,,47.656944444444,28.2325
MDA,Moldávia,Q4165740,http://www.wikidata.org/entity/Q1756938,0,361,,47.866944444444,27.305555555556
MDA,Moldávia,Q4168387,http://www.wikidata.org/entity/Q20858901,0,482,,46.937777777778,28.223611111111
MDA,Moldávia,Q4168945,http://www.wikidata.org/entity/Q611656,0,446,,47.963055555556,27.299444444444
MDA,Moldávia,Q4174708,http://www.wikidata.org/entity/Q1061128,0,8,,48.1247222222,27.6261111111
MDA,Moldávia,Q4194932,http://www.wikidata.org/entity/Q2129025,0,163,,47.508611111111,28.498333333333
MDA,Moldávia,Q4198476,http://www.wikidata.org/entity/Q2112462,0,364,,47.551666666667,28.957222222222
MDA,Moldávia,Q4213203,http://www.wikidata.org/entity/Q865726,0,837,,47.754166666667,28.463333333333
MDA,Moldávia,Q4217467,http://www.wikidata.org/entity/Q20858656,0,812,,47.627777777778,27.511944444444
MDA,Moldávia,Q4266707,http://www.wikidata.org/entity/Q2112462,0,502,,47.495,29.052222222222
MDA,Moldávia,Q4506058,http://www.wikidata.org/entity/Q684183,0,383,,46.224444444444,28.459444444444
MDA,Moldávia,Q4513229,http://www.wikidata.org/entity/Q20858759,0,1300,,48.081388888889,28.6075
MDA,Moldávia,Q4516842,http://www.wikidata.org/entity/Q2112462,0,1478,,47.416388888889,28.753333333333
MDA,Moldávia,Q4517118,http://www.wikidata.org/entity/Q878375,0,993,,47.472777777778,27.865833333333
MDA,Moldávia,Q4520559,http://www.wikidata.org/entity/Q2112462,0,507,,47.511944444444,28.932222222222
MDA,Moldávia,Q4523341,http://www.wikidata.org/entity/Q1796621,0,19,,47.621944444444,28.290277777778
MDA,Moldávia,Q6272081,http://www.wikidata.org/entity/Q611656,0,379,,47.869444444444,27.26
MDA,Moldávia,Q6274179,http://www.wikidata.org/entity/Q20858804,0,258,,47.9222222222,27.6713888889
MDA,Moldávia,Q6274338,http://www.wikidata.org/entity/Q646642,0,911,,47.753888888889,28.296944444444
MDA,Moldávia,Q12098415,http://www.wikidata.org/entity/Q20858546,0,230,,46.99666667,28.97555556
MDA,Moldávia,Q12104906,http://www.wikidata.org/entity/Q1949891,0,300,,47.497565,29.108423
MDA,Moldávia,Q12106683,http://www.wikidata.org/entity/Q2129025,0,171,,47.5216666667,28.5063888889
MDA,Moldávia,Q12109481,http://www.wikidata.org/entity/Q17176229,0,332,,47.06555556,28.92444444
MDA,Moldávia,Q12131785,http://www.wikidata.org/entity/Q2129025,0,303,,47.5138888889,28.3672222222
MDA,Moldávia,Q12137329,http://www.wikidata.org/entity/Q753795,0,18,,48.37972222,26.87638889
MDA,Moldávia,Q12154458,http://www.wikidata.org/entity/Q2129022,0,622,,48.0,28.4027777778
MDA,Moldávia,Q12724896,http://www.wikidata.org/entity/Q2128882,0,2171,,45.85,28.3
MDA,Moldávia,Q12724920,http://www.wikidata.org/entity/Q2128882,0,3977,,45.817,28.167
MDA,Moldávia,Q12724947,http://www.wikidata.org/entity/Q2128882,0,2767,,45.933,28.367
MDA,Moldávia,Q12724998,http://www.wikidata.org/entity/Q769224,0,346,,46.76944,29.11333
MDA,Moldávia,Q12725024,http://www.wikidata.org/entity/Q2128882,0,2183,,45.817,28.333
MDA,Moldávia,Q12725196,http://www.wikidata.org/entity/Q1826662,0,987,,46.61083333,28.46666667
MDA,Moldávia,Q12725205,http://www.wikidata.org/entity/Q769224,0,1099,,46.95806,29.30583
MDA,Moldávia,Q12725285,http://www.wikidata.org/entity/Q2128882,0,2203,,46.0,28.16699982
MDA,Moldávia,Q12725317,http://www.wikidata.org/entity/Q769224,0,3221,,46.90306,29.13889
MDA,Moldávia,Q13571896,http://www.wikidata.org/entity/Q9042414,0,345,,47.2047222222,28.4294444444
MDA,Moldávia,Q18088065,http://www.wikidata.org/entity/Q217,0,98726,,46.83333,29.45
MDA,Moldávia,Q19704120,http://www.wikidata.org/entity/Q769224,0,1003,,46.93333333,29.15
MDA,Moldávia,Q19704157,http://www.wikidata.org/entity/Q2128882,0,1688,,45.7588,28.5057
MDA,Moldávia,Q19704166,http://www.wikidata.org/entity/Q769224,0,1531,,46.9,29.36666667
MDA,Moldávia,Q19704183,http://www.wikidata.org/entity/Q2128882,0,1604,,46.098333333333,28.49
MDA,Moldávia,Q19704199,http://www.wikidata.org/entity/Q769224,0,1718,,46.81666667,29.18333333
MDA,Moldávia,Q19704208,http://www.wikidata.org/entity/Q2128882,0,1521,,46.1116,28.3286
MDA,Moldávia,Q19704930,http://www.wikidata.org/entity/Q769224,0,807,,46.73333333,29.18333333
MDA,Moldávia,Q20347941,http://www.wikidata.org/entity/Q1980044,0,1062,,46.48333333,28.95
MDA,Moldávia,Q20429160,http://www.wikidata.org/entity/Q2128882,0,2111,,45.7587,28.3847
MDA,Moldávia,Q20433233,http://www.wikidata.org/entity/Q865884,0,1548,,45.93333333,28.53333333
MDA,Moldávia,Q20858510,http://www.wikidata.org/entity/Q2129061,0,420,,46.50944444,29.56527778
MDA,Moldávia,Q20858511,http://www.wikidata.org/entity/Q286646,0,1781,,46.7048,28.6436
MDA,Moldávia,Q20858509,http://www.wikidata.org/entity/Q854443,0,1000,,47.349444444444,27.895277777778
MDA,Moldávia,Q20858514,http://www.wikidata.org/entity/Q865884,0,1944,,45.9718,28.4735
MDA,Moldávia,Q20858515,http://www.wikidata.org/entity/Q865639,0,1234,,47.86666667,28.86666667
MDA,Moldávia,Q20858512,http://www.wikidata.org/entity/Q878375,0,2423,,47.55,27.63333333
MDA,Moldávia,Q20858513,http://www.wikidata.org/entity/Q865884,0,1425,,45.9404,28.4851
MDA,Moldávia,Q20858516,http://www.wikidata.org/entity/Q865726,0,1169,,47.9439,28.2858
MDA,Moldávia,Q20858517,http://www.wikidata.org/entity/Q854443,0,1093,,47.26361111,27.92972222
MDA,Moldávia,Q20858570,http://www.wikidata.org/entity/Q1826662,0,1660,,46.51666667,28.43333333
MDA,Moldávia,Q20858571,http://www.wikidata.org/entity/Q865884,0,857,,45.9948,28.5531
MDA,Moldávia,Q20858574,http://www.wikidata.org/entity/Q684183,0,1798,,46.1369,28.4053
MDA,Moldávia,Q20858575,http://www.wikidata.org/entity/Q2112462,0,2786,,47.51666667,28.83333333
MDA,Moldávia,Q20858572,http://www.wikidata.org/entity/Q878290,0,1239,,48.3,27.3
MDA,Moldávia,Q20858578,http://www.wikidata.org/entity/Q1796621,0,4890,,47.56666667,28.01666667
MDA,Moldávia,Q20858579,http://www.wikidata.org/entity/Q2129025,0,2222,,47.6,28.5
MDA,Moldávia,Q20858577,http://www.wikidata.org/entity/Q2128869,0,1556,,46.6607,28.9764
MDA,Moldávia,Q20858582,http://www.wikidata.org/entity/Q878375,0,2958,,47.48333333,27.83333333
MDA,Moldávia,Q20858583,http://www.wikidata.org/entity/Q17176229,0,6714,,47.12944444,28.88555556
MDA,Moldávia,Q20858580,http://www.wikidata.org/entity/Q684183,0,3017,,46.16666667,28.28333333
MDA,Moldávia,Q20858581,http://www.wikidata.org/entity/Q2112462,0,2621,,47.4931,28.6113
MDA,Moldávia,Q20858587,http://www.wikidata.org/entity/Q1796621,0,1176,,47.55,28.13333333
MDA,Moldávia,Q20858584,http://www.wikidata.org/entity/Q878266,0,3430,,47.16666667,28.21666667
MDA,Moldávia,Q20858585,http://www.wikidata.org/entity/Q854443,0,2467,,47.4,27.7
MDA,Moldávia,Q20858590,http://www.wikidata.org/entity/Q865639,0,1239,,47.95,28.8
MDA,Moldávia,Q20858591,http://www.wikidata.org/entity/Q1826662,0,841,,46.63333333,28.48333333
MDA,Moldávia,Q20858588,http://www.wikidata.org/entity/Q878266,0,1530,,47.18333333,28.11666667
MDA,Moldávia,Q20858589,http://www.wikidata.org/entity/Q865726,0,2972,,47.75,28.38333333
MDA,Moldávia,Q20858594,http://www.wikidata.org/entity/Q878308,0,2236,,47.28333333,28.58333333
MDA,Moldávia,Q20858595,http://www.wikidata.org/entity/Q286646,0,639,,46.66666667,28.88333333
MDA,Moldávia,Q20858593,http://www.wikidata.org/entity/Q878278,0,3885,,47.3,29.11666667
MDA,Moldávia,Q20858599,http://www.wikidata.org/entity/Q2129022,0,1922,,48.0113,28.2256
MDA,Moldávia,Q20858596,http://www.wikidata.org/entity/Q753795,0,2875,,48.3075,27.1524
MDA,Moldávia,Q20858602,http://www.wikidata.org/entity/Q878290,0,537,,48.2492,27.11
MDA,Moldávia,Q20858603,http://www.wikidata.org/entity/Q1796621,0,2613,,47.61666667,28.23333333
MDA,Moldávia,Q20858600,http://www.wikidata.org/entity/Q854443,0,1098,,47.41666667,28.11666667
MDA,Moldávia,Q20858601,http://www.wikidata.org/entity/Q164819,0,1480,,46.33333333,28.56638889
MDA,Moldávia,Q20858606,http://www.wikidata.org/entity/Q2129022,0,3254,,48.2219,28.2771
MDA,Moldávia,Q20858607,http://www.wikidata.org/entity/Q865639,0,3141,,47.85,28.55
MDA,Moldávia,Q20858604,http://www.wikidata.org/entity/Q266444,0,990,,48.35,27.25
MDA,Moldávia,Q20858610,http://www.wikidata.org/entity/Q865594,0,2954,,48.16666667,27.95
MDA,Moldávia,Q20858611,http://www.wikidata.org/entity/Q878297,0,1622,,46.8702,28.1192
MDA,Moldávia,Q20858609,http://www.wikidata.org/entity/Q1796621,0,1671,,47.7,28.3
MDA,Moldávia,Q20858634,http://www.wikidata.org/entity/Q878375,0,2625,,47.53861111,27.68805556
MDA,Moldávia,Q20858635,http://www.wikidata.org/entity/Q878297,0,8358,,46.75,28.35
MDA,Moldávia,Q20858632,http://www.wikidata.org/entity/Q2129022,0,2672,,48.0003,28.124
MDA,Moldávia,Q20858639,http://www.wikidata.org/entity/Q2128868,0,1301,,47.38333333,28.25
MDA,Moldávia,Q20858636,http://www.wikidata.org/entity/Q2129025,0,2604,,47.61666667,28.46666667
MDA,Moldávia,Q20858637,http://www.wikidata.org/entity/Q860716,0,2979,,47.8296,27.4991
MDA,Moldávia,Q20858643,http://www.wikidata.org/entity/Q2128862,0,1154,,47.02222222,28.995
MDA,Moldávia,Q20858640,http://www.wikidata.org/entity/Q1796621,0,1685,,47.83333333,27.93333333
MDA,Moldávia,Q20858641,http://www.wikidata.org/entity/Q865639,0,1329,,47.7853,28.5939
MDA,Moldávia,Q20858646,http://www.wikidata.org/entity/Q878297,0,1865,,47.0425,28.4251
MDA,Moldávia,Q20858647,http://www.wikidata.org/entity/Q1796621,0,2940,,47.71666667,28.25
MDA,Moldávia,Q20858645,http://www.wikidata.org/entity/Q2112462,0,1765,,47.2862,28.6697
MDA,Moldávia,Q20858651,http://www.wikidata.org/entity/Q1796621,0,2253,,47.48333333,28.11666667
MDA,Moldávia,Q20858648,http://www.wikidata.org/entity/Q2128862,0,3221,,47.15555556,28.78
MDA,Moldávia,Q20858654,http://www.wikidata.org/entity/Q2129022,0,1276,,48.2264,27.9822
MDA,Moldávia,Q20858655,http://www.wikidata.org/entity/Q286646,0,1512,,46.5821,28.7485
MDA,Moldávia,Q20858652,http://www.wikidata.org/entity/Q611656,0,848,,,
MDA,Moldávia,Q20858653,http://www.wikidata.org/entity/Q266444,0,1567,,48.3437,27.4806
MDA,Moldávia,Q20858658,http://www.wikidata.org/entity/Q684183,0,1776,,46.2208,28.4182
MDA,Moldávia,Q20858659,http://www.wikidata.org/entity/Q164819,0,3061,,45.53333333,28.43333333
MDA,Moldávia,Q20858656,http://www.wikidata.org/entity/Q878375,0,1698,,47.61666667,27.75
MDA,Moldávia,Q20858657,http://www.wikidata.org/entity/Q1061128,0,513,,48.2811,27.7137
MDA,Moldávia,Q20858662,http://www.wikidata.org/entity/Q865726,0,1556,,47.9617,28.1181
MDA,Moldávia,Q20858660,http://www.wikidata.org/entity/Q854443,0,2051,,47.2,27.9
MDA,Moldávia,Q20858661,http://www.wikidata.org/entity/Q1061128,0,1706,,48.1362,27.5504
MDA,Moldávia,Q20858664,http://www.wikidata.org/entity/Q865594,0,1186,,48.1,27.68333333
MDA,Moldávia,Q20858665,http://www.wikidata.org/entity/Q2128869,0,4406,,46.7871,29.3711
MDA,Moldávia,Q20858698,http://www.wikidata.org/entity/Q286646,0,1974,,46.6516,28.676
MDA,Moldávia,Q20858696,http://www.wikidata.org/entity/Q2128868,0,2505,,47.31666667,28.21666667
MDA,Moldávia,Q20858702,http://www.wikidata.org/entity/Q865594,0,1620,,47.85,27.9
MDA,Moldávia,Q20858703,http://www.wikidata.org/entity/Q860716,0,2263,,47.809,27.6217
MDA,Moldávia,Q20858700,http://www.wikidata.org/entity/Q2128862,0,4091,,47.22638889,28.94277778
MDA,Moldávia,Q20858701,http://www.wikidata.org/entity/Q1826662,0,983,,46.41666667,28.25
MDA,Moldávia,Q20858706,http://www.wikidata.org/entity/Q1796621,0,1773,,47.56666667,28.08333333
MDA,Moldávia,Q20858707,http://www.wikidata.org/entity/Q865726,0,1320,,47.9343,28.0708
MDA,Moldávia,Q20858704,http://www.wikidata.org/entity/Q286646,0,1401,,46.5731,28.6257
MDA,Moldávia,Q20858705,http://www.wikidata.org/entity/Q2129022,0,770,,48.31666667,28.05
MDA,Moldávia,Q20858710,http://www.wikidata.org/entity/Q878297,0,999,,46.8762,28.1961
MDA,Moldávia,Q20858711,http://www.wikidata.org/entity/Q865726,0,1593,,47.9772,28.1328
MDA,Moldávia,Q20858708,http://www.wikidata.org/entity/Q878266,0,1764,,47.08333333,28.26666667
MDA,Moldávia,Q20858709,http://www.wikidata.org/entity/Q2112462,0,5032,,47.28333333,28.85
MDA,Moldávia,Q20858715,http://www.wikidata.org/entity/Q865726,0,1489,,47.98333333,28.7
MDA,Moldávia,Q20858712,http://www.wikidata.org/entity/Q1796621,0,853,,47.71944444,28.19666667
MDA,Moldávia,Q20858713,http://www.wikidata.org/entity/Q878375,0,2441,,47.56666667,27.81666667
MDA,Moldávia,Q20858718,http://www.wikidata.org/entity/Q878317,0,1482,,47.56666667,29.01666667
MDA,Moldávia,Q20858719,http://www.wikidata.org/entity/Q753795,0,4318,,48.37222222,26.84333333
MDA,Moldávia,Q20858717,http://www.wikidata.org/entity/Q2112462,0,3543,,47.4752,29.0932
MDA,Moldávia,Q20858722,http://www.wikidata.org/entity/Q878297,0,2046,,46.80916667,28.19944444
MDA,Moldávia,Q20858723,http://www.wikidata.org/entity/Q684183,0,1457,,46.23333333,28.31666667
MDA,Moldávia,Q20858720,http://www.wikidata.org/entity/Q266444,0,1681,,48.4334,27.6454
MDA,Moldávia,Q20858726,http://www.wikidata.org/entity/Q878375,0,1137,,47.63333333,27.56666667
MDA,Moldávia,Q20858727,http://www.wikidata.org/entity/Q878308,0,6196,,47.13333333,28.38333333
MDA,Moldávia,Q20858724,http://www.wikidata.org/entity/Q266444,0,3271,,48.3929,27.5115
MDA,Moldávia,Q20858725,http://www.wikidata.org/entity/Q286646,0,1761,,46.73333333,28.76666667
MDA,Moldávia,Q20858738,http://www.wikidata.org/entity/Q2128964,0,4969,,46.9,28.8
MDA,Moldávia,Q20858739,http://www.wikidata.org/entity/Q878317,0,641,,47.635555555556,28.881388888889
MDA,Moldávia,Q20858736,http://www.wikidata.org/entity/Q753795,0,689,,48.24555556,27.24861111
MDA,Moldávia,Q20858737,http://www.wikidata.org/entity/Q266444,0,1433,,48.3229,27.4234
MDA,Moldávia,Q20858742,http://www.wikidata.org/entity/Q878297,0,1240,,46.9695,28.2539
MDA,Moldávia,Q20858741,http://www.wikidata.org/entity/Q878297,0,4872,,46.66666667,28.33333333
MDA,Moldávia,Q20858746,http://www.wikidata.org/entity/Q2112462,0,1739,,47.377,28.6346
MDA,Moldávia,Q20858747,http://www.wikidata.org/entity/Q1061128,0,1667,,48.3214,27.688
MDA,Moldávia,Q20858744,http://www.wikidata.org/entity/Q878278,0,1585,,47.35,29.08333333
MDA,Moldávia,Q20858745,http://www.wikidata.org/entity/Q854443,0,1274,,,
MDA,Moldávia,Q20858750,http://www.wikidata.org/entity/Q854443,0,4192,,47.05,27.96666667
MDA,Moldávia,Q20858751,http://www.wikidata.org/entity/Q2112462,0,1273,,47.4618,28.6678
MDA,Moldávia,Q20858748,http://www.wikidata.org/entity/Q2129025,0,4217,,47.5,28.28333333
MDA,Moldávia,Q20858749,http://www.wikidata.org/entity/Q2112462,0,1184,,47.4995,28.997
MDA,Moldávia,Q20858754,http://www.wikidata.org/entity/Q753795,0,1411,,48.3112,27.2265
MDA,Moldávia,Q20858755,http://www.wikidata.org/entity/Q878375,0,1981,,47.7,27.88333333
MDA,Moldávia,Q20858753,http://www.wikidata.org/entity/Q854443,0,3143,,47.23333333,27.88333333
MDA,Moldávia,Q20858759,http://www.wikidata.org/entity/Q2129022,0,3054,,48.11666667,28.53333333
MDA,Moldávia,Q20858858,http://www.wikidata.org/entity/Q684183,0,1104,,46.36666667,28.21666667
MDA,Moldávia,Q20858859,http://www.wikidata.org/entity/Q854443,0,4125,,47.31861111,27.81694444
MDA,Moldávia,Q20858856,http://www.wikidata.org/entity/Q1061128,0,636,,48.2791,27.9008
MDA,Moldávia,Q20858857,http://www.wikidata.org/entity/Q1826662,0,2300,,46.38333333,28.38333333
MDA,Moldávia,Q20858862,http://www.wikidata.org/entity/Q2112462,0,1624,,47.3139,28.9747
MDA,Moldávia,Q20858863,http://www.wikidata.org/entity/Q865726,0,1181,,47.94305556,28.12861111
MDA,Moldávia,Q20858860,http://www.wikidata.org/entity/Q17176229,0,4045,,47.05,28.93333333
MDA,Moldávia,Q20858861,http://www.wikidata.org/entity/Q1826662,0,753,,46.61666667,28.55
MDA,Moldávia,Q20858866,http://www.wikidata.org/entity/Q1061128,0,3539,,48.16666667,27.65
MDA,Moldávia,Q20858867,http://www.wikidata.org/entity/Q2129025,0,1593,,47.7,28.58333333
MDA,Moldávia,Q20858864,http://www.wikidata.org/entity/Q17176229,0,10937,,47.06666667,28.68333333
MDA,Moldávia,Q20858865,http://www.wikidata.org/entity/Q2128868,0,2456,,47.23333333,28.3
MDA,Moldávia,Q20858870,http://www.wikidata.org/entity/Q1796621,0,581,,47.53333333,27.95
MDA,Moldávia,Q20858868,http://www.wikidata.org/entity/Q2128869,0,636,,46.73666667,29.32083333
MDA,Moldávia,Q20858869,http://www.wikidata.org/entity/Q2129022,0,1770,,48.3,27.98333333
MDA,Moldávia,Q20858875,http://www.wikidata.org/entity/Q865639,0,1807,,47.93333333,28.83333333
MDA,Moldávia,Q20858872,http://www.wikidata.org/entity/Q2128869,0,1559,,46.43111111,29.27277778
MDA,Moldávia,Q20858878,http://www.wikidata.org/entity/Q878266,0,1839,,47.07166667,28.07083333
MDA,Moldávia,Q20858879,http://www.wikidata.org/entity/Q2129022,0,2366,,48.1391,28.4204
MDA,Moldávia,Q20858877,http://www.wikidata.org/entity/Q854443,0,3032,,47.13333333,27.86666667
MDA,Moldávia,Q20858882,http://www.wikidata.org/entity/Q860716,0,1765,,47.6165,27.4475
MDA,Moldávia,Q20858880,http://www.wikidata.org/entity/Q611656,0,2871,,48.0,27.5
MDA,Moldávia,Q20858881,http://www.wikidata.org/entity/Q2112462,0,1977,,47.3379,28.619
MDA,Moldávia,Q20858886,http://www.wikidata.org/entity/Q266444,0,2162,,48.45,27.7297
MDA,Moldávia,Q20858887,http://www.wikidata.org/entity/Q865726,0,2860,,47.88333333,28.31666667
MDA,Moldávia,Q20858884,http://www.wikidata.org/entity/Q2129022,0,1851,,48.1009,28.3212
MDA,Moldávia,Q20858885,http://www.wikidata.org/entity/Q1826662,0,1192,,46.58333333,28.46666667
MDA,Moldávia,Q20858888,http://www.wikidata.org/entity/Q878266,0,5187,,47.11666667,28.2
MDA,Moldávia,Q20858889,http://www.wikidata.org/entity/Q2129022,0,3120,,48.0656,28.5111
MDA,Moldávia,Q20858894,http://www.wikidata.org/entity/Q2128869,0,4281,,46.61666667,29.35
MDA,Moldávia,Q20858895,http://www.wikidata.org/entity/Q2129025,0,726,,47.53333333,28.2
MDA,Moldávia,Q20858892,http://www.wikidata.org/entity/Q865726,0,990,,47.90388889,28.51166667
MDA,Moldávia,Q20858893,http://www.wikidata.org/entity/Q854443,0,3299,,47.25,27.76666667
MDA,Moldávia,Q20858898,http://www.wikidata.org/entity/Q878290,0,2147,,48.06666667,27.25
MDA,Moldávia,Q20858899,http://www.wikidata.org/entity/Q865594,0,732,,48.2,27.85
MDA,Moldávia,Q20858896,http://www.wikidata.org/entity/Q2112462,0,899,,47.4561,28.7383
MDA,Moldávia,Q20858897,http://www.wikidata.org/entity/Q2128964,0,2588,,46.83333333,28.85
MDA,Moldávia,Q30014667,http://www.wikidata.org/entity/Q2128868,0,2169,,47.36666667,28.36666667
MDA,Moldávia,Q135975697,http://www.wikidata.org/entity/Q2128882,0,952,,45.966666666694,28.4
MDA,Moldávia,Q136289009,http://www.wikidata.org/entity/Q865594,0,8,,48.1044444444,27.7311111111
MDA,Moldávia,Q20858756,http://www.wikidata.org/entity/Q2129025,0,2588,,47.60166667,28.51111111
MDA,Moldávia,Q20858766,http://www.wikidata.org/entity/Q2128868,0,1799,,47.36666667,28.28333333
MDA,Moldávia,Q20858767,http://www.wikidata.org/entity/Q865594,0,715,,48.122778,27.908333
MDA,Moldávia,Q20858765,http://www.wikidata.org/entity/Q878297,0,1429,,46.859,28.252
MDA,Moldávia,Q20858770,http://www.wikidata.org/entity/Q2128862,0,2527,,47.16722222,28.8325
MDA,Moldávia,Q20858768,http://www.wikidata.org/entity/Q2129022,0,1729,,48.0604,28.286
MDA,Moldávia,Q20858769,http://www.wikidata.org/entity/Q878290,0,2188,,48.15,27.4
MDA,Moldávia,Q20858779,http://www.wikidata.org/entity/Q2112462,0,2542,,47.3618,28.8982
MDA,Moldávia,Q20858782,http://www.wikidata.org/entity/Q684183,0,2903,,46.361388888889,28.343888888889
MDA,Moldávia,Q20858783,http://www.wikidata.org/entity/Q684183,0,1384,,46.1977,28.2198
MDA,Moldávia,Q20858780,http://www.wikidata.org/entity/Q878375,0,811,,47.5,27.91666667
MDA,Moldávia,Q20858781,http://www.wikidata.org/entity/Q2129025,0,994,,47.7,28.48333333
MDA,Moldávia,Q20858786,http://www.wikidata.org/entity/Q878297,0,1336,,46.7,28.233333333333
MDA,Moldávia,Q20858787,http://www.wikidata.org/entity/Q2112462,0,2641,,47.55,28.91666667
MDA,Moldávia,Q20858784,http://www.wikidata.org/entity/Q611656,0,1158,,47.98333333,27.3
MDA,Moldávia,Q20858790,http://www.wikidata.org/entity/Q286646,0,1520,,46.68333333,28.81666667
MDA,Moldávia,Q20858788,http://www.wikidata.org/entity/Q878375,0,1035,,47.65,27.95
MDA,Moldávia,Q20858806,http://www.wikidata.org/entity/Q878375,0,1913,,47.46,27.66611111
MDA,Moldávia,Q20858807,http://www.wikidata.org/entity/Q865639,0,712,,47.83333333,28.41666667
MDA,Moldávia,Q20858804,http://www.wikidata.org/entity/Q611656,0,2855,,47.8963888889,27.6719444444
MDA,Moldávia,Q20858805,http://www.wikidata.org/entity/Q2129022,0,674,,48.0553,28.1429
MDA,Moldávia,Q20858810,http://www.wikidata.org/entity/Q865726,0,2186,,47.81666667,28.4
MDA,Moldávia,Q20858811,http://www.wikidata.org/entity/Q2129022,0,3275,,48.1676,28.2052
MDA,Moldávia,Q20858809,http://www.wikidata.org/entity/Q878290,0,1120,,48.24888889,27.2875
MDA,Moldávia,Q20858814,http://www.wikidata.org/entity/Q2128868,0,2269,,47.3,28.35
MDA,Moldávia,Q20858815,http://www.wikidata.org/entity/Q2128862,0,1631,,47.27055556,29.0675
MDA,Moldávia,Q20858812,http://www.wikidata.org/entity/Q878290,0,2121,,48.20166667,27.41583333
MDA,Moldávia,Q20858813,http://www.wikidata.org/entity/Q2128964,0,5449,,46.93333333,28.65
MDA,Moldávia,Q20858818,http://www.wikidata.org/entity/Q2129061,0,3114,,46.57444444,29.77611111
MDA,Moldávia,Q20858819,http://www.wikidata.org/entity/Q2128964,0,7031,,46.76666667,28.9
MDA,Moldávia,Q20858816,http://www.wikidata.org/entity/Q611656,0,1603,,47.9167,27.6188
MDA,Moldávia,Q20858817,http://www.wikidata.org/entity/Q878308,0,3203,,47.20666667,28.69916667
MDA,Moldávia,Q20858822,http://www.wikidata.org/entity/Q878317,0,1325,,47.68333333,28.95
MDA,Moldávia,Q20858823,http://www.wikidata.org/entity/Q865884,0,293,,45.874,28.5124
MDA,Moldávia,Q20858821,http://www.wikidata.org/entity/Q684183,0,2033,,46.268,28.5178
MDA,Moldávia,Q20858826,http://www.wikidata.org/entity/Q854443,0,4750,,47.31666667,27.63333333
MDA,Moldávia,Q20858824,http://www.wikidata.org/entity/Q865639,0,973,,47.94916667,28.735
MDA,Moldávia,Q20858825,http://www.wikidata.org/entity/Q2129022,0,1432,,48.0931,28.0974
MDA,Moldávia,Q20858830,http://www.wikidata.org/entity/Q878266,0,2837,,47.08333333,28.16666667
MDA,Moldávia,Q20858831,http://www.wikidata.org/entity/Q2112462,0,4049,,47.33888889,28.68444444
MDA,Moldávia,Q20858828,http://www.wikidata.org/entity/Q878375,0,3243,,47.46666667,27.73333333
MDA,Moldávia,Q20858829,http://www.wikidata.org/entity/Q878297,0,1656,,47.02286667,28.33373889
MDA,Moldávia,Q20858835,http://www.wikidata.org/entity/Q2128868,0,6845,,47.279761111111,28.197125
MDA,Moldávia,Q20858832,http://www.wikidata.org/entity/Q865726,0,1193,,47.91666667,28.15
MDA,Moldávia,Q20858833,http://www.wikidata.org/entity/Q854443,0,1099,,47.38333333,28.05
MDA,Moldávia,Q20858836,http://www.wikidata.org/entity/Q878317,0,1658,,47.828333333333,29.005833333333
MDA,Moldávia,Q20858851,http://www.wikidata.org/entity/Q1826662,0,935,,46.56666667,28.55
MDA,Moldávia,Q20858852,http://www.wikidata.org/entity/Q2128868,0,2249,,47.36666667,28.5
MDA,Moldávia,Q20858853,http://www.wikidata.org/entity/Q878375,0,1483,,47.39027778,27.59166667
MDA,Moldávia,Q2289382,http://www.wikidata.org/entity/Q3785409,0,2127,,44.208266,26.192997
MDA,Moldávia,Q3785409,http://www.wikidata.org/entity/Q193055,0,3529,,44.2214483,26.188454
MDA,Moldávia,Q12109849,http://www.wikidata.org/entity/Q3785409,0,1402,,44.232356,26.182475
MDA,Moldávia,Q12149002,http://www.wikidata.org/entity/Q2548866,0,1140,,46.439616,27.902417
MDA,Moldávia,Q12723142,http://www.wikidata.org/entity/Q37801,0,5100,,47.7375,27.9
MDA,Moldávia,Q12740995,http://www.wikidata.org/entity/Q37801,0,17800,,47.779166666667,27.930833333333
MDA,Moldávia,Q19707717,http://www.wikidata.org/entity/Q37801,0,1880,,47.734444444444,27.855277777778
MDA,Moldávia,Q121494035,http://www.wikidata.org/entity/Q853785,0,2640,,48.171614,28.303287
