iso3,country,city_qid,admin_q,is_cap,pop,yr,lat,lon
YEM,Iêmen,Q99648,http://www.wikidata.org/entity/Q388274,0,350864,,13.966666666667,44.166666666667
YEM,Iêmen,Q131694,http://www.wikidata.org/entity/Q275729,0,1154410,,12.8,45.033333333333
YEM,Iêmen,Q138986,http://www.wikidata.org/entity/Q275755,0,50781,,14.2,43.316666666667
YEM,Iêmen,Q172597,http://www.wikidata.org/entity/Q1650593,0,90792,,15.65,43.933333333333
YEM,Iêmen,Q192518,http://www.wikidata.org/entity/Q4117552,0,13316,,15.926944444444,48.626666666667
YEM,Iêmen,Q204391,http://www.wikidata.org/entity/Q241774,0,70801,,13.128333333333,45.380277777778
YEM,Iêmen,Q249175,http://www.wikidata.org/entity/Q388318,0,30661,,13.05,44.883333333333
YEM,Iêmen,Q270041,http://www.wikidata.org/entity/Q275755,0,617871,,14.802222222222,42.951111111111
YEM,Iêmen,Q280123,http://www.wikidata.org/entity/Q275752,0,7595,,15.42277778,51.68138889
YEM,Iêmen,Q286843,http://www.wikidata.org/entity/Q241135,0,68313,,14.760833333333,49.606944444444
YEM,Iêmen,Q292439,http://www.wikidata.org/entity/Q275755,0,4869,,15.70388889,42.69194444
YEM,Iêmen,Q292455,http://www.wikidata.org/entity/Q4812416,0,9116,,15.495,43.739722222222
YEM,Iêmen,Q292638,http://www.wikidata.org/entity/Q388291,0,304,,15.0675,43.717222222222
YEM,Iêmen,Q310018,http://www.wikidata.org/entity/Q241135,0,5006,,15.916666666667,48.733333333333
YEM,Iêmen,Q310622,http://www.wikidata.org/entity/Q388280,0,16643,,15.469444444444,43.545277777778
YEM,Iêmen,Q310626,http://www.wikidata.org/entity/Q275752,0,13987,,16.2,52.166666666667
YEM,Iêmen,Q310772,http://www.wikidata.org/entity/Q241135,0,144137,,14.533333333333,49.133333333333
YEM,Iêmen,Q335478,http://www.wikidata.org/entity/Q498465,0,32143,,15.46253,45.32581
YEM,Iêmen,Q339258,http://www.wikidata.org/entity/Q388330,0,14562,,13.31666667,43.25
YEM,Iêmen,Q377588,http://www.wikidata.org/entity/Q4804444,0,105248,,12.88661,45.027938
YEM,Iêmen,Q428823,http://www.wikidata.org/entity/Q241135,0,134,,14.42777778,46.15138889
YEM,Iêmen,Q428943,http://www.wikidata.org/entity/Q241774,0,7952,,13.293138888889,45.295013888889
YEM,Iêmen,Q466216,http://www.wikidata.org/entity/Q388330,0,615467,,13.578888888889,44.021944444444
YEM,Iêmen,Q2471,http://www.wikidata.org/entity/Q805,0,2957000,,15.35,44.2
YEM,Iêmen,Q568905,http://www.wikidata.org/entity/Q4117699,0,34805,,14.297777777778,44.377777777778
YEM,Iêmen,Q579291,http://www.wikidata.org/entity/Q275755,0,41652,,14.516666666667,43.316666666667
YEM,Iêmen,Q1160017,http://www.wikidata.org/entity/Q388330,0,221,,12.659722222222,43.420833333333
YEM,Iêmen,Q1276081,http://www.wikidata.org/entity/Q328180,0,19681,,14.536388888889,46.833055555556
YEM,Iêmen,Q1752951,http://www.wikidata.org/entity/Q4703572,0,34419,,13.981388888889,45.573333333333
YEM,Iêmen,Q1770704,http://www.wikidata.org/entity/Q116977184,0,46568,,15.695,43.5975
YEM,Iêmen,Q1807728,http://www.wikidata.org/entity/Q7272759,0,171,,12.15,53.05
YEM,Iêmen,Q3844238,http://www.wikidata.org/entity/Q388291,0,7455,,15.06666667,43.73333333
YEM,Iêmen,Q3877325,http://www.wikidata.org/entity/Q12225725,0,1165,,15.82388889,52.18416667
YEM,Iêmen,Q5674560,http://www.wikidata.org/entity/Q25932234,0,25,,,
YEM,Iêmen,Q5675048,http://www.wikidata.org/entity/Q12226480,0,759,,,
YEM,Iêmen,Q5675198,http://www.wikidata.org/entity/Q12227052,0,1071,,,
YEM,Iêmen,Q5675237,http://www.wikidata.org/entity/Q12226678,0,33,,,
YEM,Iêmen,Q7958550,http://www.wikidata.org/entity/Q4907490,0,8526,,15.06786,44.27573
YEM,Iêmen,Q7959223,http://www.wikidata.org/entity/Q388291,0,266,,15.033333333333,43.583333333333
YEM,Iêmen,Q7968328,http://www.wikidata.org/entity/Q388291,0,791,,15.1667,44.0833
YEM,Iêmen,Q8047081,http://www.wikidata.org/entity/Q1650840,0,4657,,13.4481,43.27
YEM,Iêmen,Q12183996,http://www.wikidata.org/entity/Q4117562,0,1620,,,
YEM,Iêmen,Q12184047,http://www.wikidata.org/entity/Q4117451,0,1751,,,
YEM,Iêmen,Q12184311,http://www.wikidata.org/entity/Q4117562,0,1017,,,
YEM,Iêmen,Q12184326,http://www.wikidata.org/entity/Q4117562,0,1436,,,
YEM,Iêmen,Q12184436,http://www.wikidata.org/entity/Q4117620,0,1156,,,
YEM,Iêmen,Q12184539,http://www.wikidata.org/entity/Q4117451,0,1164,,,
YEM,Iêmen,Q12184590,http://www.wikidata.org/entity/Q4117519,0,1570,,,
YEM,Iêmen,Q12184750,http://www.wikidata.org/entity/Q4907490,0,1736,,,
YEM,Iêmen,Q12184877,http://www.wikidata.org/entity/Q4117542,0,11792,,,
YEM,Iêmen,Q12184911,http://www.wikidata.org/entity/Q4165477,0,12010,,13.2128,44.1242
YEM,Iêmen,Q12184912,http://www.wikidata.org/entity/Q4874935,0,1046,,,
YEM,Iêmen,Q12184927,http://www.wikidata.org/entity/Q4117562,0,7350,,,
YEM,Iêmen,Q12186928,http://www.wikidata.org/entity/Q4117302,0,3608,,,
YEM,Iêmen,Q880159,http://www.wikidata.org/entity/Q805,0,16262,,15.575833333333,43.903055555556
YEM,Iêmen,Q936737,http://www.wikidata.org/entity/Q241774,0,7468,,13.516666666667,46.7
YEM,Iêmen,Q955523,http://www.wikidata.org/entity/Q328193,0,160114,,14.55,44.401666666667
YEM,Iêmen,Q985181,http://www.wikidata.org/entity/Q241774,0,13461,,13.8828,45.8677
YEM,Iêmen,Q985467,http://www.wikidata.org/entity/Q275720,0,13971,,15.823333333333,44.038611111111
YEM,Iêmen,Q991395,http://www.wikidata.org/entity/Q275732,0,70203,,16.94,43.759166666667
YEM,Iêmen,Q1010816,http://www.wikidata.org/entity/Q4117703,0,15431,,13.916666666667,44.15
YEM,Iêmen,Q1014010,http://www.wikidata.org/entity/Q241135,0,105552,,16.05,49.0
YEM,Iêmen,Q12192588,http://www.wikidata.org/entity/Q4117467,0,2838,,,
YEM,Iêmen,Q12193560,,0,1214,,,
YEM,Iêmen,Q12194422,http://www.wikidata.org/entity/Q4117523,0,7199,,16.9088932,43.2585704
YEM,Iêmen,Q12194637,http://www.wikidata.org/entity/Q283304,0,7823,,,
YEM,Iêmen,Q12203990,http://www.wikidata.org/entity/Q12226862,0,1681,,,
YEM,Iêmen,Q12204100,http://www.wikidata.org/entity/Q275752,0,3553,,16.625541,52.994448
YEM,Iêmen,Q12209562,http://www.wikidata.org/entity/Q241135,0,2747,,,
YEM,Iêmen,Q12209578,http://www.wikidata.org/entity/Q4117567,0,866,,14.964537,45.08848
YEM,Iêmen,Q12209579,http://www.wikidata.org/entity/Q4117304,0,1963,,,
YEM,Iêmen,Q12209582,http://www.wikidata.org/entity/Q4117586,0,862,,,
YEM,Iêmen,Q12209584,http://www.wikidata.org/entity/Q241135,0,1590,,,
YEM,Iêmen,Q1015916,http://www.wikidata.org/entity/Q15728745,0,8545,,12.65,54.033333333333
YEM,Iêmen,Q1021013,http://www.wikidata.org/entity/Q241774,0,29495,,13.216666666667,45.3
YEM,Iêmen,Q1098874,http://www.wikidata.org/entity/Q1884201,0,1204,,15.31083333,42.67305556
YEM,Iêmen,Q1099126,http://www.wikidata.org/entity/Q241774,0,5022,,13.355833333333,45.699722222222
YEM,Iêmen,Q2038689,http://www.wikidata.org/entity/Q328128,0,16044,,16.164166666667,44.776666666667
YEM,Iêmen,Q2125362,http://www.wikidata.org/entity/Q221212,0,44755,,14.415833333333,44.842222222222
YEM,Iêmen,Q2262291,http://www.wikidata.org/entity/Q275720,0,1705,,15.5,43.9
YEM,Iêmen,Q2320876,http://www.wikidata.org/entity/Q241135,0,120137,,15.966666666667,48.783333333333
YEM,Iêmen,Q3012928,http://www.wikidata.org/entity/Q275732,0,15626,,16.893888888889,43.802222222222
YEM,Iêmen,Q3474752,http://www.wikidata.org/entity/Q388291,0,69993,,15.171666666667,44.324166666667
YEM,Iêmen,Q4118993,http://www.wikidata.org/entity/Q388330,0,3076,,13.47,44.0375
YEM,Iêmen,Q4678136,http://www.wikidata.org/entity/Q241135,0,16614,,14.91,49.992
YEM,Iêmen,Q4874903,http://www.wikidata.org/entity/Q388291,0,1203,,15.3,44.1
YEM,Iêmen,Q4874906,http://www.wikidata.org/entity/Q388291,0,395,,15.816666666667,44.266666666667
YEM,Iêmen,Q4874911,http://www.wikidata.org/entity/Q388291,0,3238,,15.283333333333,44.083333333333
YEM,Iêmen,Q4874923,http://www.wikidata.org/entity/Q388291,0,1807,,15.28333333,44.18333333
YEM,Iêmen,Q4874929,http://www.wikidata.org/entity/Q388291,0,1976,,15.35,44.38333333
YEM,Iêmen,Q4874945,http://www.wikidata.org/entity/Q388291,0,171,,15.18333333,43.71666667
YEM,Iêmen,Q5000982,http://www.wikidata.org/entity/Q241135,0,2681,,14.36666667,48.98333333
YEM,Iêmen,Q5668451,http://www.wikidata.org/entity/Q275755,0,46005,,15.058333333333,43.285
YEM,Iêmen,Q5668467,http://www.wikidata.org/entity/Q25932352,0,374,,,
YEM,Iêmen,Q5668470,http://www.wikidata.org/entity/Q4117552,0,550,,,
YEM,Iêmen,Q5668631,http://www.wikidata.org/entity/Q388274,0,44949,,13.85,44.12
YEM,Iêmen,Q5671373,http://www.wikidata.org/entity/Q805,0,430,,,
YEM,Iêmen,Q5671900,http://www.wikidata.org/entity/Q12225766,0,561,,,
YEM,Iêmen,Q5672124,http://www.wikidata.org/entity/Q12227027,0,146,,,
YEM,Iêmen,Q5675538,http://www.wikidata.org/entity/Q12227081,0,849,,,
YEM,Iêmen,Q5675864,http://www.wikidata.org/entity/Q12225493,0,69,,,
YEM,Iêmen,Q5676033,http://www.wikidata.org/entity/Q12225022,0,570,,,
YEM,Iêmen,Q5676225,http://www.wikidata.org/entity/Q12227081,0,303,,,
YEM,Iêmen,Q5676228,http://www.wikidata.org/entity/Q12226163,0,33,,,
YEM,Iêmen,Q5677110,http://www.wikidata.org/entity/Q20405928,0,153,,,
YEM,Iêmen,Q5677314,http://www.wikidata.org/entity/Q388291,0,475,,,
YEM,Iêmen,Q5677533,http://www.wikidata.org/entity/Q388274,0,31,,,
YEM,Iêmen,Q5678366,http://www.wikidata.org/entity/Q12226939,0,140,,,
YEM,Iêmen,Q5678708,http://www.wikidata.org/entity/Q388274,0,130,,,
YEM,Iêmen,Q5680351,http://www.wikidata.org/entity/Q388280,0,402,,,
YEM,Iêmen,Q5680975,http://www.wikidata.org/entity/Q498465,0,548,,14.558611111111,45.298333333333
YEM,Iêmen,Q5683747,http://www.wikidata.org/entity/Q388274,0,423,,,
YEM,Iêmen,Q5950529,http://www.wikidata.org/entity/Q388291,0,65,,15.03333333,43.75
YEM,Iêmen,Q6536725,http://www.wikidata.org/entity/Q275755,0,2386,,,
YEM,Iêmen,Q6538399,http://www.wikidata.org/entity/Q4704229,0,2145,,13.84,43.24
YEM,Iêmen,Q7266895,http://www.wikidata.org/entity/Q388291,0,15564,,15.45,44.133333333333
YEM,Iêmen,Q7395509,http://www.wikidata.org/entity/Q388291,0,1544,,15.38333333,44.28333333
YEM,Iêmen,Q8075015,http://www.wikidata.org/entity/Q241774,0,1059,,13.9667,45.9206
YEM,Iêmen,Q8076298,http://www.wikidata.org/entity/Q4117557,0,1169,,16.0333,48.8833
YEM,Iêmen,Q8076329,http://www.wikidata.org/entity/Q388291,0,3557,,15.5,44.25
YEM,Iêmen,Q8175891,http://www.wikidata.org/entity/Q241774,0,1161,,13.86666667,45.8
YEM,Iêmen,Q12185503,http://www.wikidata.org/entity/Q4874935,0,2654,,,
YEM,Iêmen,Q12185507,http://www.wikidata.org/entity/Q4117301,0,940,,,
YEM,Iêmen,Q12185587,http://www.wikidata.org/entity/Q4117477,0,2363,,,
YEM,Iêmen,Q12185609,http://www.wikidata.org/entity/Q4118988,0,1033,,,
YEM,Iêmen,Q12185761,http://www.wikidata.org/entity/Q4119006,0,1925,,13.66805556,44.16694444
YEM,Iêmen,Q12185858,http://www.wikidata.org/entity/Q12241768,0,3099,,,
YEM,Iêmen,Q12186073,http://www.wikidata.org/entity/Q4117574,0,1066,,,
YEM,Iêmen,Q12186090,http://www.wikidata.org/entity/Q12241770,0,5190,,,
YEM,Iêmen,Q12186152,http://www.wikidata.org/entity/Q2217814,0,1702,,,
YEM,Iêmen,Q12186159,,0,9653,,,
YEM,Iêmen,Q12186156,http://www.wikidata.org/entity/Q12226176,0,313,,,
YEM,Iêmen,Q12186162,http://www.wikidata.org/entity/Q4117305,0,4220,,,
YEM,Iêmen,Q12186163,http://www.wikidata.org/entity/Q4117336,0,1730,,,
YEM,Iêmen,Q12186176,http://www.wikidata.org/entity/Q4117598,0,1875,,,
YEM,Iêmen,Q12186199,http://www.wikidata.org/entity/Q4117339,0,2322,,,
YEM,Iêmen,Q12186673,http://www.wikidata.org/entity/Q4117620,0,1952,,,
YEM,Iêmen,Q12186687,http://www.wikidata.org/entity/Q4117305,0,3643,,,
YEM,Iêmen,Q12186731,http://www.wikidata.org/entity/Q4874935,0,1380,,,
YEM,Iêmen,Q12186728,http://www.wikidata.org/entity/Q12241770,0,2798,,,
YEM,Iêmen,Q12186738,http://www.wikidata.org/entity/Q2217814,0,1148,,,
YEM,Iêmen,Q12186759,http://www.wikidata.org/entity/Q4117562,0,3579,,,
YEM,Iêmen,Q12186775,http://www.wikidata.org/entity/Q1164303,0,1472,,,
YEM,Iêmen,Q12186787,http://www.wikidata.org/entity/Q4117236,0,925,,,
YEM,Iêmen,Q12186833,http://www.wikidata.org/entity/Q4117562,0,4112,,,
YEM,Iêmen,Q12186905,http://www.wikidata.org/entity/Q4117538,0,1663,,,
YEM,Iêmen,Q12186934,http://www.wikidata.org/entity/Q4117630,0,1695,,,
YEM,Iêmen,Q12186944,http://www.wikidata.org/entity/Q4117336,0,3826,,,
YEM,Iêmen,Q12186957,http://www.wikidata.org/entity/Q2217814,0,1248,,,
YEM,Iêmen,Q12186987,http://www.wikidata.org/entity/Q4117326,0,1053,,,
YEM,Iêmen,Q12187007,http://www.wikidata.org/entity/Q4117582,0,1130,,,
YEM,Iêmen,Q12187012,http://www.wikidata.org/entity/Q12225663,0,994,,14.385252,44.730007
YEM,Iêmen,Q12187854,http://www.wikidata.org/entity/Q4117562,0,1534,,,
YEM,Iêmen,Q12187910,http://www.wikidata.org/entity/Q4874935,0,1910,,,
YEM,Iêmen,Q12187948,http://www.wikidata.org/entity/Q10734682,0,6649,,14.48,47.27
YEM,Iêmen,Q12187953,http://www.wikidata.org/entity/Q4117336,0,2570,,,
YEM,Iêmen,Q12187990,http://www.wikidata.org/entity/Q4117562,0,1936,,,
YEM,Iêmen,Q12188016,http://www.wikidata.org/entity/Q4117824,0,1441,,,
YEM,Iêmen,Q12188030,http://www.wikidata.org/entity/Q4117810,0,2678,,,
YEM,Iêmen,Q12188050,http://www.wikidata.org/entity/Q4733335,0,1301,,,
YEM,Iêmen,Q12188088,http://www.wikidata.org/entity/Q4117562,0,5404,,,
YEM,Iêmen,Q12188098,http://www.wikidata.org/entity/Q4117496,0,3952,,,
YEM,Iêmen,Q12188113,http://www.wikidata.org/entity/Q4117503,0,4338,,,
YEM,Iêmen,Q12188149,http://www.wikidata.org/entity/Q4117630,0,8636,,15.72377,42.995821
YEM,Iêmen,Q12188195,http://www.wikidata.org/entity/Q4117462,0,18341,,15.329127,43.009499
YEM,Iêmen,Q12188199,http://www.wikidata.org/entity/Q4733335,0,2471,,,
YEM,Iêmen,Q12188244,http://www.wikidata.org/entity/Q388330,0,7867,,,
YEM,Iêmen,Q12188319,http://www.wikidata.org/entity/Q4117635,0,2230,,,
YEM,Iêmen,Q12188362,http://www.wikidata.org/entity/Q4117620,0,1125,,,
YEM,Iêmen,Q12188365,http://www.wikidata.org/entity/Q12241768,0,1235,,,
YEM,Iêmen,Q12190227,http://www.wikidata.org/entity/Q4703500,0,1159,,,
YEM,Iêmen,Q12190515,http://www.wikidata.org/entity/Q4117229,0,6947,,,
YEM,Iêmen,Q12190542,http://www.wikidata.org/entity/Q4117318,0,5092,,,
YEM,Iêmen,Q3436054,http://www.wikidata.org/entity/Q328180,0,3000,,14.316666666667,47.45
YEM,Iêmen,Q4678137,http://www.wikidata.org/entity/Q241774,0,3194,,13.26666667,45.35
YEM,Iêmen,Q4702423,http://www.wikidata.org/entity/Q241135,0,20,,15.445,48.44472222
YEM,Iêmen,Q4702682,http://www.wikidata.org/entity/Q241135,0,1216,,14.51666667,49.15
YEM,Iêmen,Q4702714,http://www.wikidata.org/entity/Q241135,0,7000,,15.10139,48.31722
YEM,Iêmen,Q4702730,http://www.wikidata.org/entity/Q388291,0,245,,15.41861111,43.95805556
YEM,Iêmen,Q4702747,http://www.wikidata.org/entity/Q388291,0,910,,15.2,43.96666667
YEM,Iêmen,Q4702766,http://www.wikidata.org/entity/Q388291,0,2033,,15.21666667,44.26666667
YEM,Iêmen,Q4702840,http://www.wikidata.org/entity/Q388291,0,872,,15.2,44.18333333
YEM,Iêmen,Q4702852,http://www.wikidata.org/entity/Q388291,0,465,,15.05,43.63333333
YEM,Iêmen,Q4702856,http://www.wikidata.org/entity/Q4117326,0,2070,,15.30975,44.07734
YEM,Iêmen,Q4702862,http://www.wikidata.org/entity/Q4117824,0,1156,,15.96666667,49.0
YEM,Iêmen,Q4703102,http://www.wikidata.org/entity/Q25932274,0,58,,,
YEM,Iêmen,Q4703498,http://www.wikidata.org/entity/Q388291,0,11706,,15.7,43.75
YEM,Iêmen,Q4703873,http://www.wikidata.org/entity/Q388291,0,1985,,15.51666667,44.33333333
YEM,Iêmen,Q4704185,http://www.wikidata.org/entity/Q241774,0,11443,,13.08861111,45.36472222
YEM,Iêmen,Q4704323,http://www.wikidata.org/entity/Q241774,0,374,,13.96666667,46.46666667
YEM,Iêmen,Q4704320,http://www.wikidata.org/entity/Q241774,0,88,,13.4,45.45
YEM,Iêmen,Q4704360,http://www.wikidata.org/entity/Q241774,0,7950,,13.18333333,45.31666667
YEM,Iêmen,Q4705030,http://www.wikidata.org/entity/Q388291,0,2380,,,
YEM,Iêmen,Q4705053,http://www.wikidata.org/entity/Q388291,0,2327,,,
YEM,Iêmen,Q4750160,http://www.wikidata.org/entity/Q241774,0,260,,13.1,45.36666667
YEM,Iêmen,Q4831979,http://www.wikidata.org/entity/Q241135,0,803,,14.745942,49.518252
YEM,Iêmen,Q4837073,http://www.wikidata.org/entity/Q241774,0,6222,,13.33333333,45.3
YEM,Iêmen,Q4855683,http://www.wikidata.org/entity/Q388291,0,28329,,15.46666667,44.23333333
YEM,Iêmen,Q4855706,http://www.wikidata.org/entity/Q388291,0,230,,15.76666667,44.33333333
YEM,Iêmen,Q4855715,http://www.wikidata.org/entity/Q4117301,0,13807,,15.28362,44.62658
YEM,Iêmen,Q4855712,http://www.wikidata.org/entity/Q388291,0,641,,15.58333333,44.15
YEM,Iêmen,Q4855734,http://www.wikidata.org/entity/Q388291,0,2838,,15.55,44.2833
YEM,Iêmen,Q4863214,http://www.wikidata.org/entity/Q388291,0,1635,,15.7332,44.573
YEM,Iêmen,Q4873741,http://www.wikidata.org/entity/Q388291,0,115,,15.2,43.98333333
YEM,Iêmen,Q4874872,http://www.wikidata.org/entity/Q388291,0,421,,15.18333333,43.93333333
YEM,Iêmen,Q5555983,http://www.wikidata.org/entity/Q388291,0,1311,,15.26666667,44.35
YEM,Iêmen,Q5687516,http://www.wikidata.org/entity/Q388291,0,3954,,15.51666667,44.0
YEM,Iêmen,Q6121196,http://www.wikidata.org/entity/Q388291,0,6853,,15.46666667,44.18333333
YEM,Iêmen,Q6159571,http://www.wikidata.org/entity/Q241135,0,257,,15.58333333,48.2
YEM,Iêmen,Q6166064,http://www.wikidata.org/entity/Q388291,0,2113,,,
YEM,Iêmen,Q6351780,http://www.wikidata.org/entity/Q241135,0,103,,14.58083333,48.80666667
YEM,Iêmen,Q6380066,http://www.wikidata.org/entity/Q4117454,0,227,,13.76666667,45.98333333
YEM,Iêmen,Q6787936,http://www.wikidata.org/entity/Q241135,0,400,,15.18333333,48.31666667
YEM,Iêmen,Q6827083,http://www.wikidata.org/entity/Q241135,0,1261,,14.8363315,49.4891069
YEM,Iêmen,Q6860386,http://www.wikidata.org/entity/Q328193,0,24707,,14.79388889,44.29361111
YEM,Iêmen,Q6931831,http://www.wikidata.org/entity/Q241774,0,15569,,13.93333333,46.08333333
YEM,Iêmen,Q6956478,http://www.wikidata.org/entity/Q241774,0,48,,13.9,46.16666667
YEM,Iêmen,Q6956483,http://www.wikidata.org/entity/Q241774,0,69,,13.48333333,45.6
YEM,Iêmen,Q6961896,http://www.wikidata.org/entity/Q241774,0,188,,14.01666667,45.85
YEM,Iêmen,Q7067763,http://www.wikidata.org/entity/Q388291,0,2534,,15.08333333,44.36666667
YEM,Iêmen,Q9143904,http://www.wikidata.org/entity/Q4118321,0,39254,,13.7569,44.1392
YEM,Iêmen,Q12180047,http://www.wikidata.org/entity/Q4117793,0,8870,,13.842777777778,43.868055555556
YEM,Iêmen,Q12183128,http://www.wikidata.org/entity/Q4117236,0,1830,,,
YEM,Iêmen,Q12185305,http://www.wikidata.org/entity/Q4117630,0,1992,,,
YEM,Iêmen,Q12185371,http://www.wikidata.org/entity/Q12241770,0,6839,,,
YEM,Iêmen,Q12185406,http://www.wikidata.org/entity/Q4117542,0,5928,,,
YEM,Iêmen,Q12185430,http://www.wikidata.org/entity/Q12241768,0,2831,,,
YEM,Iêmen,Q12185451,http://www.wikidata.org/entity/Q4117643,0,2946,,15.07512,45.299622
YEM,Iêmen,Q12185456,http://www.wikidata.org/entity/Q2217814,0,2518,,,
YEM,Iêmen,Q12185463,http://www.wikidata.org/entity/Q4117451,0,23023,,14.1324226,43.3885978
YEM,Iêmen,Q12185464,http://www.wikidata.org/entity/Q4117451,0,3662,,,
YEM,Iêmen,Q12185470,http://www.wikidata.org/entity/Q4117598,0,1031,,,
YEM,Iêmen,Q12185497,http://www.wikidata.org/entity/Q4117582,0,1179,,,
YEM,Iêmen,Q12185501,http://www.wikidata.org/entity/Q4874935,0,1691,,,
YEM,Iêmen,Q12186204,http://www.wikidata.org/entity/Q4117457,0,1037,,,
YEM,Iêmen,Q12186223,http://www.wikidata.org/entity/Q4117529,0,5469,,,
YEM,Iêmen,Q12186278,http://www.wikidata.org/entity/Q4117305,0,1621,,,
YEM,Iêmen,Q12186279,http://www.wikidata.org/entity/Q4117529,0,2695,,,
YEM,Iêmen,Q12186298,http://www.wikidata.org/entity/Q4117617,0,4146,,16.37,44.08
YEM,Iêmen,Q12186331,http://www.wikidata.org/entity/Q4117303,0,2502,,,
YEM,Iêmen,Q12186356,http://www.wikidata.org/entity/Q4117635,0,1307,,,
YEM,Iêmen,Q12186457,http://www.wikidata.org/entity/Q4874935,0,1490,,,
YEM,Iêmen,Q12186468,http://www.wikidata.org/entity/Q4117451,0,1548,,,
YEM,Iêmen,Q12186478,http://www.wikidata.org/entity/Q2217814,0,1006,,,
YEM,Iêmen,Q12186477,http://www.wikidata.org/entity/Q4117339,0,2139,,,
YEM,Iêmen,Q12186483,http://www.wikidata.org/entity/Q4117336,0,1081,,,
YEM,Iêmen,Q12186485,http://www.wikidata.org/entity/Q4117335,0,2573,,,
YEM,Iêmen,Q12186493,http://www.wikidata.org/entity/Q4117328,0,2576,,,
YEM,Iêmen,Q12186505,http://www.wikidata.org/entity/Q4117303,0,1627,,,
YEM,Iêmen,Q12186537,http://www.wikidata.org/entity/Q12241770,0,3587,,,
YEM,Iêmen,Q12187089,http://www.wikidata.org/entity/Q4117620,0,1640,,,
YEM,Iêmen,Q12187099,http://www.wikidata.org/entity/Q4117630,0,3970,,,
YEM,Iêmen,Q12187127,http://www.wikidata.org/entity/Q4733335,0,10429,,,
YEM,Iêmen,Q12187131,http://www.wikidata.org/entity/Q4704229,0,12339,,,
YEM,Iêmen,Q12187186,http://www.wikidata.org/entity/Q4907490,0,951,,,
YEM,Iêmen,Q12187194,http://www.wikidata.org/entity/Q4118988,0,1025,,,
YEM,Iêmen,Q12187207,http://www.wikidata.org/entity/Q4117635,0,2570,,,
YEM,Iêmen,Q12187213,http://www.wikidata.org/entity/Q4117609,0,3611,,,
YEM,Iêmen,Q12187270,http://www.wikidata.org/entity/Q4117519,0,1944,,,
YEM,Iêmen,Q12187303,http://www.wikidata.org/entity/Q4117496,0,7069,,14.637019,43.055048
YEM,Iêmen,Q12187362,http://www.wikidata.org/entity/Q4117299,0,2881,,,
YEM,Iêmen,Q12187366,http://www.wikidata.org/entity/Q4118319,0,11581,,13.45388889,44.18166667
YEM,Iêmen,Q12187364,http://www.wikidata.org/entity/Q2217814,0,5744,,,
YEM,Iêmen,Q12187365,http://www.wikidata.org/entity/Q4117562,0,1077,,,
YEM,Iêmen,Q12187369,http://www.wikidata.org/entity/Q4874935,0,1108,,,
YEM,Iêmen,Q12187376,http://www.wikidata.org/entity/Q4117562,0,1819,,,
YEM,Iêmen,Q12187485,http://www.wikidata.org/entity/Q4117620,0,4024,,,
YEM,Iêmen,Q12187525,http://www.wikidata.org/entity/Q4117436,0,2938,,,
YEM,Iêmen,Q12187569,http://www.wikidata.org/entity/Q4733335,0,2051,,,
YEM,Iêmen,Q12187633,http://www.wikidata.org/entity/Q4117630,0,2199,,,
YEM,Iêmen,Q12187799,http://www.wikidata.org/entity/Q4117625,0,4422,,,
YEM,Iêmen,Q12189009,http://www.wikidata.org/entity/Q4117620,0,3204,,,
YEM,Iêmen,Q12189015,http://www.wikidata.org/entity/Q4117635,0,3090,,,
YEM,Iêmen,Q12189023,http://www.wikidata.org/entity/Q4117322,0,2891,,15.6205839,43.5266333
YEM,Iêmen,Q12189042,http://www.wikidata.org/entity/Q4117529,0,2621,,,
YEM,Iêmen,Q12189422,http://www.wikidata.org/entity/Q4118418,0,1254,,,
YEM,Iêmen,Q12189420,http://www.wikidata.org/entity/Q4874935,0,1968,,,
YEM,Iêmen,Q12189449,http://www.wikidata.org/entity/Q4117243,0,1963,,,
YEM,Iêmen,Q12189530,http://www.wikidata.org/entity/Q4117807,0,2938,,,
YEM,Iêmen,Q12189574,http://www.wikidata.org/entity/Q4117503,0,14760,,15.215277777778,43.070833333333
YEM,Iêmen,Q12189601,http://www.wikidata.org/entity/Q4117335,0,2547,,,
YEM,Iêmen,Q12190002,http://www.wikidata.org/entity/Q12225738,0,1164,,,
YEM,Iêmen,Q12190000,http://www.wikidata.org/entity/Q4117339,0,941,,,
YEM,Iêmen,Q12190071,http://www.wikidata.org/entity/Q4117786,0,8919,,,
YEM,Iêmen,Q12190078,http://www.wikidata.org/entity/Q4118988,0,1495,,,
YEM,Iêmen,Q12190114,http://www.wikidata.org/entity/Q2217814,0,2882,,,
YEM,Iêmen,Q12190118,http://www.wikidata.org/entity/Q4117462,0,1819,,,
YEM,Iêmen,Q12190119,http://www.wikidata.org/entity/Q4117519,0,1112,,,
YEM,Iêmen,Q12190132,http://www.wikidata.org/entity/Q12226501,0,431,,,
YEM,Iêmen,Q12190237,http://www.wikidata.org/entity/Q4117336,0,2524,,,
YEM,Iêmen,Q12190262,http://www.wikidata.org/entity/Q4117503,0,1844,,,
YEM,Iêmen,Q12190316,http://www.wikidata.org/entity/Q4117620,0,1098,,,
YEM,Iêmen,Q12190324,http://www.wikidata.org/entity/Q4117305,0,2741,,,
YEM,Iêmen,Q12190446,http://www.wikidata.org/entity/Q4117801,0,13900,,14.8,45.73
YEM,Iêmen,Q12190547,http://www.wikidata.org/entity/Q4907490,0,1153,,,
YEM,Iêmen,Q12190607,http://www.wikidata.org/entity/Q4117630,0,2416,,,
YEM,Iêmen,Q12190618,http://www.wikidata.org/entity/Q4118398,0,3553,,,
YEM,Iêmen,Q12190631,http://www.wikidata.org/entity/Q4117303,0,1272,,,
YEM,Iêmen,Q12190629,http://www.wikidata.org/entity/Q1164303,0,2761,,,
YEM,Iêmen,Q12190678,http://www.wikidata.org/entity/Q4117305,0,2697,,,
YEM,Iêmen,Q12190697,http://www.wikidata.org/entity/Q4117305,0,1578,,,
YEM,Iêmen,Q12191560,http://www.wikidata.org/entity/Q4874935,0,1298,,,
YEM,Iêmen,Q12191637,http://www.wikidata.org/entity/Q4117303,0,1300,,,
YEM,Iêmen,Q12191676,http://www.wikidata.org/entity/Q4874935,0,1528,,,
YEM,Iêmen,Q12191682,http://www.wikidata.org/entity/Q4874935,0,1134,,,
YEM,Iêmen,Q12191680,http://www.wikidata.org/entity/Q4117624,0,1685,,,
YEM,Iêmen,Q12191686,http://www.wikidata.org/entity/Q4117630,0,1156,,,
YEM,Iêmen,Q12191685,http://www.wikidata.org/entity/Q4117601,0,1982,,,
YEM,Iêmen,Q12191691,http://www.wikidata.org/entity/Q4117620,0,1210,,,
YEM,Iêmen,Q12191689,http://www.wikidata.org/entity/Q4117503,0,9853,,,
YEM,Iêmen,Q12191695,http://www.wikidata.org/entity/Q4704229,0,1633,,,
YEM,Iêmen,Q12191715,http://www.wikidata.org/entity/Q4117496,0,1885,,,
YEM,Iêmen,Q12191742,http://www.wikidata.org/entity/Q4874935,0,1206,,,
YEM,Iêmen,Q12191743,http://www.wikidata.org/entity/Q4117609,0,1068,,,
YEM,Iêmen,Q12191860,http://www.wikidata.org/entity/Q4117496,0,5966,,,
YEM,Iêmen,Q12191933,http://www.wikidata.org/entity/Q4117635,0,3927,,,
YEM,Iêmen,Q12191966,http://www.wikidata.org/entity/Q4117496,0,2442,,,
YEM,Iêmen,Q12191974,http://www.wikidata.org/entity/Q12241768,0,1481,,,
YEM,Iêmen,Q12218427,http://www.wikidata.org/entity/Q4117635,0,4860,,,
YEM,Iêmen,Q12218824,http://www.wikidata.org/entity/Q4117451,0,2119,,,
YEM,Iêmen,Q12218837,http://www.wikidata.org/entity/Q4907490,0,1346,,,
YEM,Iêmen,Q12218941,http://www.wikidata.org/entity/Q4117405,0,15771,,,
YEM,Iêmen,Q12219186,http://www.wikidata.org/entity/Q665937,0,2051,,,
YEM,Iêmen,Q12219232,http://www.wikidata.org/entity/Q4117335,0,1502,,,
YEM,Iêmen,Q12219315,http://www.wikidata.org/entity/Q12225663,0,584,,,
YEM,Iêmen,Q12219380,http://www.wikidata.org/entity/Q12241768,0,1869,,,
YEM,Iêmen,Q12220328,http://www.wikidata.org/entity/Q4117598,0,1175,,,
YEM,Iêmen,Q12220424,http://www.wikidata.org/entity/Q4117326,0,1195,,,
YEM,Iêmen,Q12220453,http://www.wikidata.org/entity/Q241135,0,1644,,15.313889,48.33
YEM,Iêmen,Q12220509,http://www.wikidata.org/entity/Q4117546,0,13861,,17.061111111111,43.603888888889
YEM,Iêmen,Q12220552,http://www.wikidata.org/entity/Q12241770,0,4326,,,
YEM,Iêmen,Q12191976,http://www.wikidata.org/entity/Q4117630,0,2236,,,
YEM,Iêmen,Q12192034,http://www.wikidata.org/entity/Q4117538,0,987,,,
YEM,Iêmen,Q12192033,http://www.wikidata.org/entity/Q4117299,0,1317,,,
YEM,Iêmen,Q12192163,http://www.wikidata.org/entity/Q4792482,0,1263,,15.344114,47.251287
YEM,Iêmen,Q12192198,http://www.wikidata.org/entity/Q4117562,0,1625,,,
YEM,Iêmen,Q12192505,http://www.wikidata.org/entity/Q4117635,0,2961,,,
YEM,Iêmen,Q12192543,http://www.wikidata.org/entity/Q4117820,0,4165,,,
YEM,Iêmen,Q12192590,http://www.wikidata.org/entity/Q4117299,0,1768,,,
YEM,Iêmen,Q12192670,http://www.wikidata.org/entity/Q4117562,0,3471,,,
YEM,Iêmen,Q12192672,http://www.wikidata.org/entity/Q4117562,0,1919,,,
YEM,Iêmen,Q12192676,http://www.wikidata.org/entity/Q4117369,0,1543,,,
YEM,Iêmen,Q12192696,http://www.wikidata.org/entity/Q4118988,0,1260,,,
YEM,Iêmen,Q12192719,http://www.wikidata.org/entity/Q4117326,0,990,,,
YEM,Iêmen,Q12192728,http://www.wikidata.org/entity/Q4117326,0,940,,,
YEM,Iêmen,Q12192739,http://www.wikidata.org/entity/Q4117620,0,39911,,14.83069,43.15391
YEM,Iêmen,Q12193287,http://www.wikidata.org/entity/Q4874935,0,2249,,,
YEM,Iêmen,Q12193366,http://www.wikidata.org/entity/Q4117630,0,8418,,,
YEM,Iêmen,Q12193394,http://www.wikidata.org/entity/Q4117630,0,5321,,,
YEM,Iêmen,Q12193398,http://www.wikidata.org/entity/Q275755,0,5692,,,
YEM,Iêmen,Q12193402,,0,916,,,
YEM,Iêmen,Q12193426,http://www.wikidata.org/entity/Q4117299,0,3736,,,
YEM,Iêmen,Q12193552,http://www.wikidata.org/entity/Q4117582,0,1108,,,
YEM,Iêmen,Q12193563,http://www.wikidata.org/entity/Q4117542,0,5546,,,
YEM,Iêmen,Q12193568,http://www.wikidata.org/entity/Q275755,0,4835,,,
YEM,Iêmen,Q12193661,http://www.wikidata.org/entity/Q4117519,0,1745,,,
YEM,Iêmen,Q12193686,http://www.wikidata.org/entity/Q12225076,0,446,,,
YEM,Iêmen,Q12193691,http://www.wikidata.org/entity/Q2217814,0,1261,,,
YEM,Iêmen,Q12193692,http://www.wikidata.org/entity/Q4117496,0,4016,,,
YEM,Iêmen,Q12193696,http://www.wikidata.org/entity/Q388318,0,1073,,,
YEM,Iêmen,Q12193707,http://www.wikidata.org/entity/Q4117607,0,4349,,16.769,43.276
YEM,Iêmen,Q12193749,http://www.wikidata.org/entity/Q4117336,0,3956,,,
YEM,Iêmen,Q12193785,http://www.wikidata.org/entity/Q12226932,0,3108,,,
YEM,Iêmen,Q12193849,http://www.wikidata.org/entity/Q12225533,0,268,,,
YEM,Iêmen,Q12193886,http://www.wikidata.org/entity/Q4117620,0,1541,,,
YEM,Iêmen,Q12193898,http://www.wikidata.org/entity/Q275755,0,12369,,,
YEM,Iêmen,Q12193956,http://www.wikidata.org/entity/Q4117299,0,3248,,,
YEM,Iêmen,Q12193960,http://www.wikidata.org/entity/Q4117496,0,1409,,,
YEM,Iêmen,Q12193961,http://www.wikidata.org/entity/Q4117496,0,1756,,,
YEM,Iêmen,Q12193970,http://www.wikidata.org/entity/Q4117529,0,5710,,,
YEM,Iêmen,Q12193984,http://www.wikidata.org/entity/Q275755,0,7640,,,
YEM,Iêmen,Q12194002,http://www.wikidata.org/entity/Q4117529,0,2149,,,
YEM,Iêmen,Q12194006,http://www.wikidata.org/entity/Q4874935,0,1191,,,
YEM,Iêmen,Q12194004,http://www.wikidata.org/entity/Q4117620,0,1609,,,
YEM,Iêmen,Q12194119,http://www.wikidata.org/entity/Q4117586,0,1192,,,
YEM,Iêmen,Q12194433,http://www.wikidata.org/entity/Q4117560,0,755,,,
YEM,Iêmen,Q12194469,http://www.wikidata.org/entity/Q12226883,0,1591,,,
YEM,Iêmen,Q12194483,http://www.wikidata.org/entity/Q4907490,0,1110,,,
YEM,Iêmen,Q12194545,http://www.wikidata.org/entity/Q4117562,0,1605,,,
YEM,Iêmen,Q12194633,http://www.wikidata.org/entity/Q4117305,0,1734,,,
YEM,Iêmen,Q12194639,http://www.wikidata.org/entity/Q4117303,0,1010,,,
YEM,Iêmen,Q12194752,http://www.wikidata.org/entity/Q2217814,0,1045,,,
YEM,Iêmen,Q12200371,http://www.wikidata.org/entity/Q4117305,0,1428,,,
YEM,Iêmen,Q12200368,http://www.wikidata.org/entity/Q4117336,0,2904,,,
YEM,Iêmen,Q12200375,http://www.wikidata.org/entity/Q12241770,0,4328,,,
YEM,Iêmen,Q12200383,http://www.wikidata.org/entity/Q388291,0,1610,,,
YEM,Iêmen,Q12200384,http://www.wikidata.org/entity/Q12241768,0,2150,,,
YEM,Iêmen,Q12200413,http://www.wikidata.org/entity/Q4117336,0,2228,,,
YEM,Iêmen,Q12200417,http://www.wikidata.org/entity/Q4117542,0,3040,,,
YEM,Iêmen,Q12200514,http://www.wikidata.org/entity/Q12241768,0,1645,,,
YEM,Iêmen,Q12200515,http://www.wikidata.org/entity/Q12241768,0,1326,,,
YEM,Iêmen,Q12200769,http://www.wikidata.org/entity/Q4117635,0,3755,,,
YEM,Iêmen,Q12201579,http://www.wikidata.org/entity/Q4117562,0,1375,,,
YEM,Iêmen,Q12203332,http://www.wikidata.org/entity/Q4117335,0,1222,,15.385,44.421666666667
YEM,Iêmen,Q12203448,http://www.wikidata.org/entity/Q4117303,0,3301,,,
YEM,Iêmen,Q12205026,http://www.wikidata.org/entity/Q388291,0,4829,,,
YEM,Iêmen,Q12205092,http://www.wikidata.org/entity/Q4117582,0,1275,,,
YEM,Iêmen,Q12205140,http://www.wikidata.org/entity/Q12241770,0,2135,,,
YEM,Iêmen,Q12206902,http://www.wikidata.org/entity/Q12241768,0,1275,,,
YEM,Iêmen,Q12207019,http://www.wikidata.org/entity/Q3125264,0,4466,,14.35,47.08
YEM,Iêmen,Q12207016,http://www.wikidata.org/entity/Q4117440,0,9496,,15.53,43.88
YEM,Iêmen,Q12207042,http://www.wikidata.org/entity/Q4117558,0,3030,,16.05,43.7
YEM,Iêmen,Q12207127,http://www.wikidata.org/entity/Q388318,0,2473,,,
YEM,Iêmen,Q12207477,http://www.wikidata.org/entity/Q1884189,0,22093,,,
YEM,Iêmen,Q12208069,http://www.wikidata.org/entity/Q4117562,0,1035,,,
YEM,Iêmen,Q12208342,http://www.wikidata.org/entity/Q4117303,0,3033,,,
YEM,Iêmen,Q12208361,http://www.wikidata.org/entity/Q4117303,0,1326,,,
YEM,Iêmen,Q12208370,http://www.wikidata.org/entity/Q275752,0,2581,,15.59,52.1
YEM,Iêmen,Q12208383,http://www.wikidata.org/entity/Q4117326,0,2463,,,
YEM,Iêmen,Q12208866,http://www.wikidata.org/entity/Q12241768,0,1438,,,
YEM,Iêmen,Q12209190,http://www.wikidata.org/entity/Q6762513,0,4824,,15.920055,44.781741
YEM,Iêmen,Q12209192,http://www.wikidata.org/entity/Q4117482,0,603,,,
YEM,Iêmen,Q12209238,http://www.wikidata.org/entity/Q4117615,0,1634,,,
YEM,Iêmen,Q12211229,http://www.wikidata.org/entity/Q4117624,0,1007,,,
YEM,Iêmen,Q12211245,http://www.wikidata.org/entity/Q4117339,0,1203,,,
YEM,Iêmen,Q12211301,http://www.wikidata.org/entity/Q12241768,0,1285,,,
YEM,Iêmen,Q12211338,http://www.wikidata.org/entity/Q4117326,0,1876,,,
YEM,Iêmen,Q12211476,http://www.wikidata.org/entity/Q12241768,0,1916,,,
YEM,Iêmen,Q12217421,http://www.wikidata.org/entity/Q4874935,0,2198,,,
YEM,Iêmen,Q12217525,http://www.wikidata.org/entity/Q275752,0,2581,,15.211666666667,51.253055555556
YEM,Iêmen,Q4874878,http://www.wikidata.org/entity/Q4117232,0,1034,,15.18333333,43.95
YEM,Iêmen,Q4874879,http://www.wikidata.org/entity/Q388291,0,6768,,15.26666667,44.2
YEM,Iêmen,Q4874890,http://www.wikidata.org/entity/Q388291,0,755,,15.26666667,44.15
YEM,Iêmen,Q4874899,http://www.wikidata.org/entity/Q388291,0,392,,15.25,44.16666667
YEM,Iêmen,Q6450822,http://www.wikidata.org/entity/Q388280,0,1378,,,
YEM,Iêmen,Q7428524,http://www.wikidata.org/entity/Q388291,0,13849,,15.26666667,44.23333333
YEM,Iêmen,Q7440528,http://www.wikidata.org/entity/Q388274,0,5907,,,
YEM,Iêmen,Q7487686,http://www.wikidata.org/entity/Q241774,0,2735,,13.15,45.38333333
YEM,Iêmen,Q7686206,http://www.wikidata.org/entity/Q241135,0,2155,,15.9333,48.75
YEM,Iêmen,Q7710073,http://www.wikidata.org/entity/Q241135,0,1605,,17.3,49.9167
YEM,Iêmen,Q7783901,http://www.wikidata.org/entity/Q241135,0,2438,,16.0167,49.0
YEM,Iêmen,Q12187651,http://www.wikidata.org/entity/Q4117462,0,1659,,,
YEM,Iêmen,Q12187648,http://www.wikidata.org/entity/Q4118319,0,12430,,13.37805556,44.30388889
YEM,Iêmen,Q12187659,http://www.wikidata.org/entity/Q4117624,0,1027,,,
YEM,Iêmen,Q12187680,http://www.wikidata.org/entity/Q12226002,0,801,,,
YEM,Iêmen,Q12187714,http://www.wikidata.org/entity/Q4117345,0,5440,,,
YEM,Iêmen,Q12187797,http://www.wikidata.org/entity/Q4118427,0,2198,,,
YEM,Iêmen,Q12188453,http://www.wikidata.org/entity/Q4117624,0,999,,,
YEM,Iêmen,Q12188617,http://www.wikidata.org/entity/Q4117524,0,1672,,15.95861,43.78083
YEM,Iêmen,Q12188631,http://www.wikidata.org/entity/Q4117598,0,1125,,,
YEM,Iêmen,Q12188634,http://www.wikidata.org/entity/Q4117470,0,1983,,,
YEM,Iêmen,Q12188643,http://www.wikidata.org/entity/Q4117542,0,7825,,,
YEM,Iêmen,Q12188674,http://www.wikidata.org/entity/Q4117787,0,2604,,,
YEM,Iêmen,Q12188771,http://www.wikidata.org/entity/Q4117562,0,6405,,,
YEM,Iêmen,Q12188800,http://www.wikidata.org/entity/Q4117542,0,3827,,,
YEM,Iêmen,Q12188811,http://www.wikidata.org/entity/Q4117496,0,1353,,,
YEM,Iêmen,Q12188857,http://www.wikidata.org/entity/Q2217814,0,1094,,,
YEM,Iêmen,Q12188866,http://www.wikidata.org/entity/Q12226225,0,1777,,,
YEM,Iêmen,Q12188869,http://www.wikidata.org/entity/Q4117339,0,929,,,
YEM,Iêmen,Q12188947,http://www.wikidata.org/entity/Q4117451,0,1405,,,
YEM,Iêmen,Q12188974,http://www.wikidata.org/entity/Q4117336,0,2692,,,
YEM,Iêmen,Q12188987,http://www.wikidata.org/entity/Q4117336,0,2446,,,
YEM,Iêmen,Q12188999,http://www.wikidata.org/entity/Q4117620,0,1241,,,
YEM,Iêmen,Q12189776,http://www.wikidata.org/entity/Q1884209,0,15303,,17.015,43.685
YEM,Iêmen,Q12189804,http://www.wikidata.org/entity/Q4117620,0,2126,,,
YEM,Iêmen,Q12189815,http://www.wikidata.org/entity/Q4117562,0,2640,,,
YEM,Iêmen,Q12189868,http://www.wikidata.org/entity/Q4117326,0,3921,,,
YEM,Iêmen,Q12189878,http://www.wikidata.org/entity/Q4118988,0,958,,,
YEM,Iêmen,Q12189877,http://www.wikidata.org/entity/Q12225631,0,4482,,,
YEM,Iêmen,Q12189882,http://www.wikidata.org/entity/Q12226029,0,1609,,,
YEM,Iêmen,Q12189983,http://www.wikidata.org/entity/Q4874935,0,5377,,,
YEM,Iêmen,Q12190699,http://www.wikidata.org/entity/Q4117630,0,4881,,,
YEM,Iêmen,Q12190774,http://www.wikidata.org/entity/Q4874935,0,3408,,,
YEM,Iêmen,Q12190792,http://www.wikidata.org/entity/Q12241770,0,4727,,,
YEM,Iêmen,Q12190793,http://www.wikidata.org/entity/Q4117300,0,8015,,,
YEM,Iêmen,Q12190910,http://www.wikidata.org/entity/Q4117336,0,4055,,,
YEM,Iêmen,Q12190966,http://www.wikidata.org/entity/Q4117624,0,1612,,,
YEM,Iêmen,Q12191046,http://www.wikidata.org/entity/Q2217814,0,1941,,,
YEM,Iêmen,Q12191066,http://www.wikidata.org/entity/Q12225738,0,891,,,
YEM,Iêmen,Q12191098,http://www.wikidata.org/entity/Q4117630,0,1391,,,
YEM,Iêmen,Q12191103,http://www.wikidata.org/entity/Q12226475,0,573,,,
YEM,Iêmen,Q12191148,http://www.wikidata.org/entity/Q4733335,0,2281,,,
YEM,Iêmen,Q12191188,http://www.wikidata.org/entity/Q4117562,0,3064,,,
YEM,Iêmen,Q12191234,http://www.wikidata.org/entity/Q12241768,0,1425,,,
YEM,Iêmen,Q12191239,http://www.wikidata.org/entity/Q4117451,0,1294,,,
YEM,Iêmen,Q12191280,http://www.wikidata.org/entity/Q4117562,0,4183,,,
YEM,Iêmen,Q12191293,http://www.wikidata.org/entity/Q12226783,0,814,,15.1254,48.3344
YEM,Iêmen,Q12191301,http://www.wikidata.org/entity/Q4117620,0,1256,,,
YEM,Iêmen,Q12191330,http://www.wikidata.org/entity/Q4117519,0,831,,,
YEM,Iêmen,Q12191343,http://www.wikidata.org/entity/Q4117301,0,930,,,
YEM,Iêmen,Q12191358,http://www.wikidata.org/entity/Q4907490,0,1363,,,
YEM,Iêmen,Q12191367,http://www.wikidata.org/entity/Q4117789,0,3640,,,
YEM,Iêmen,Q12191396,http://www.wikidata.org/entity/Q4117624,0,1806,,,
YEM,Iêmen,Q12191400,http://www.wikidata.org/entity/Q4117620,0,14990,,,
YEM,Iêmen,Q12191414,http://www.wikidata.org/entity/Q4118988,0,1060,,,
YEM,Iêmen,Q12191415,http://www.wikidata.org/entity/Q4117577,0,2715,,,
YEM,Iêmen,Q12191422,http://www.wikidata.org/entity/Q4117326,0,1478,,,
YEM,Iêmen,Q12191447,http://www.wikidata.org/entity/Q4117523,0,1028,,,
YEM,Iêmen,Q12191448,http://www.wikidata.org/entity/Q4117624,0,1832,,,
YEM,Iêmen,Q12191452,http://www.wikidata.org/entity/Q4117556,0,2004,,,
YEM,Iêmen,Q12191480,http://www.wikidata.org/entity/Q4117609,0,4325,,,
YEM,Iêmen,Q12191497,http://www.wikidata.org/entity/Q4117630,0,9155,,,
YEM,Iêmen,Q12191524,http://www.wikidata.org/entity/Q2217814,0,1128,,,
YEM,Iêmen,Q12191546,http://www.wikidata.org/entity/Q1164303,0,1395,,,
YEM,Iêmen,Q12192263,http://www.wikidata.org/entity/Q4117542,0,2078,,,
YEM,Iêmen,Q12192260,http://www.wikidata.org/entity/Q4704407,0,10688,,,
YEM,Iêmen,Q12192289,http://www.wikidata.org/entity/Q4117542,0,1862,,,
YEM,Iêmen,Q12192403,http://www.wikidata.org/entity/Q4117340,0,15571,,,
YEM,Iêmen,Q12192400,http://www.wikidata.org/entity/Q4117542,0,3285,,,
YEM,Iêmen,Q12192404,http://www.wikidata.org/entity/Q4117369,0,804,,,
YEM,Iêmen,Q12192415,http://www.wikidata.org/entity/Q4117496,0,3652,,,
YEM,Iêmen,Q12192412,http://www.wikidata.org/entity/Q12241768,0,2996,,,
YEM,Iêmen,Q12192447,http://www.wikidata.org/entity/Q4117305,0,1789,,,
YEM,Iêmen,Q12192445,http://www.wikidata.org/entity/Q4117582,0,1294,,,
YEM,Iêmen,Q12192449,http://www.wikidata.org/entity/Q4117286,0,2569,,,
YEM,Iêmen,Q12192479,http://www.wikidata.org/entity/Q4117574,0,3601,,14.058232,46.913565
YEM,Iêmen,Q12192744,http://www.wikidata.org/entity/Q4117335,0,1950,,,
YEM,Iêmen,Q12192791,http://www.wikidata.org/entity/Q4117635,0,1094,,,
YEM,Iêmen,Q12192860,http://www.wikidata.org/entity/Q4117341,0,2110,,,
YEM,Iêmen,Q12192861,http://www.wikidata.org/entity/Q4117630,0,3462,,,
YEM,Iêmen,Q12192888,http://www.wikidata.org/entity/Q4117451,0,2583,,,
YEM,Iêmen,Q12193152,http://www.wikidata.org/entity/Q4117538,0,3950,,,
YEM,Iêmen,Q12193153,http://www.wikidata.org/entity/Q388318,0,1777,,,
YEM,Iêmen,Q12193190,http://www.wikidata.org/entity/Q4117598,0,1786,,,
YEM,Iêmen,Q12193210,http://www.wikidata.org/entity/Q2217814,0,1771,,,
YEM,Iêmen,Q12193228,http://www.wikidata.org/entity/Q4117620,0,1349,,,
YEM,Iêmen,Q12193263,http://www.wikidata.org/entity/Q4117529,0,2099,,,
YEM,Iêmen,Q12193261,http://www.wikidata.org/entity/Q4117324,0,3070,,,
YEM,Iêmen,Q12193271,http://www.wikidata.org/entity/Q4117339,0,1127,,,
YEM,Iêmen,Q12193589,http://www.wikidata.org/entity/Q285269,0,2272,,,
YEM,Iêmen,Q12193596,http://www.wikidata.org/entity/Q4874935,0,1825,,,
YEM,Iêmen,Q12193613,http://www.wikidata.org/entity/Q4117451,0,1076,,,
YEM,Iêmen,Q12193617,http://www.wikidata.org/entity/Q4117529,0,1788,,,
YEM,Iêmen,Q12193652,http://www.wikidata.org/entity/Q4874935,0,1067,,,
YEM,Iêmen,Q12194131,http://www.wikidata.org/entity/Q4117326,0,953,,,
YEM,Iêmen,Q12194128,http://www.wikidata.org/entity/Q4117562,0,4136,,,
YEM,Iêmen,Q12194186,http://www.wikidata.org/entity/Q388274,0,7531,,,
YEM,Iêmen,Q12194184,http://www.wikidata.org/entity/Q2217814,0,5956,,,
YEM,Iêmen,Q12194218,http://www.wikidata.org/entity/Q4117630,0,1079,,,
YEM,Iêmen,Q12194222,http://www.wikidata.org/entity/Q4117503,0,1160,,,
YEM,Iêmen,Q12194273,http://www.wikidata.org/entity/Q4117609,0,2018,,,
YEM,Iêmen,Q12194277,http://www.wikidata.org/entity/Q1164303,0,1820,,,
YEM,Iêmen,Q12194823,http://www.wikidata.org/entity/Q4907490,0,1406,,,
YEM,Iêmen,Q12194895,,0,2032,,,
YEM,Iêmen,Q12194918,http://www.wikidata.org/entity/Q4704229,0,1731,,,
YEM,Iêmen,Q12194932,http://www.wikidata.org/entity/Q4117369,0,3258,,,
YEM,Iêmen,Q12194970,http://www.wikidata.org/entity/Q388318,0,5086,,,
YEM,Iêmen,Q12195094,http://www.wikidata.org/entity/Q12225364,0,4567,,,
YEM,Iêmen,Q12195127,http://www.wikidata.org/entity/Q4117727,0,2875,,,
YEM,Iêmen,Q12195707,http://www.wikidata.org/entity/Q4117562,0,3565,,,
YEM,Iêmen,Q12195788,http://www.wikidata.org/entity/Q4117547,0,4842,,17.3979,43.478
YEM,Iêmen,Q12196055,http://www.wikidata.org/entity/Q4117630,0,3107,,,
YEM,Iêmen,Q12197927,http://www.wikidata.org/entity/Q4117326,0,910,,,
YEM,Iêmen,Q12198014,http://www.wikidata.org/entity/Q4117519,0,1138,,,
YEM,Iêmen,Q12198214,http://www.wikidata.org/entity/Q4117336,0,1477,,,
YEM,Iêmen,Q12198404,http://www.wikidata.org/entity/Q4117339,0,1229,,,
YEM,Iêmen,Q12199404,http://www.wikidata.org/entity/Q388318,0,6214,,,
YEM,Iêmen,Q12199425,http://www.wikidata.org/entity/Q12226475,0,1223,,,
YEM,Iêmen,Q12199506,http://www.wikidata.org/entity/Q4117335,0,1112,,,
YEM,Iêmen,Q12199558,http://www.wikidata.org/entity/Q4117562,0,1123,,,
YEM,Iêmen,Q12199563,http://www.wikidata.org/entity/Q4117298,0,2422,,14.28693,43.61133
YEM,Iêmen,Q12199593,http://www.wikidata.org/entity/Q4117301,0,2116,,,
YEM,Iêmen,Q12199606,http://www.wikidata.org/entity/Q4117519,0,1436,,,
YEM,Iêmen,Q12199630,http://www.wikidata.org/entity/Q1010798,0,1190,,,
YEM,Iêmen,Q12199646,http://www.wikidata.org/entity/Q4118988,0,1118,,,
YEM,Iêmen,Q12199751,http://www.wikidata.org/entity/Q4117369,0,1361,,,
YEM,Iêmen,Q12199905,http://www.wikidata.org/entity/Q4117519,0,1012,,,
YEM,Iêmen,Q12200444,http://www.wikidata.org/entity/Q4117305,0,4095,,,
YEM,Iêmen,Q12200456,http://www.wikidata.org/entity/Q4117326,0,1237,,,
YEM,Iêmen,Q12200457,http://www.wikidata.org/entity/Q4117326,0,3675,,,
YEM,Iêmen,Q12200463,http://www.wikidata.org/entity/Q4117326,0,1095,,,
YEM,Iêmen,Q12200476,http://www.wikidata.org/entity/Q388291,0,1736,,15.61666667,43.7
YEM,Iêmen,Q12200480,http://www.wikidata.org/entity/Q4117462,0,2972,,,
YEM,Iêmen,Q12200481,http://www.wikidata.org/entity/Q12241768,0,2912,,,
YEM,Iêmen,Q12200487,http://www.wikidata.org/entity/Q12241770,0,4441,,,
YEM,Iêmen,Q12200500,http://www.wikidata.org/entity/Q388291,0,3025,,,
YEM,Iêmen,Q12200512,http://www.wikidata.org/entity/Q12225660,0,273,,,
YEM,Iêmen,Q12200513,http://www.wikidata.org/entity/Q4117326,0,1366,,,
YEM,Iêmen,Q12204671,http://www.wikidata.org/entity/Q4117630,0,1063,,,
YEM,Iêmen,Q12204775,http://www.wikidata.org/entity/Q4733335,0,1866,,,
YEM,Iêmen,Q12204939,http://www.wikidata.org/entity/Q4117556,0,2157,,,
YEM,Iêmen,Q12204956,http://www.wikidata.org/entity/Q4117516,0,8228,,,
YEM,Iêmen,Q12206454,http://www.wikidata.org/entity/Q12241768,0,3114,,,
YEM,Iêmen,Q12209250,http://www.wikidata.org/entity/Q6109810,0,773,,,
YEM,Iêmen,Q12209309,http://www.wikidata.org/entity/Q4117810,0,1472,,,
YEM,Iêmen,Q12209327,http://www.wikidata.org/entity/Q328187,0,647,,,
YEM,Iêmen,Q12209339,http://www.wikidata.org/entity/Q388330,0,1289,,,
YEM,Iêmen,Q12209342,http://www.wikidata.org/entity/Q4118414,0,679,,,
YEM,Iêmen,Q12209347,http://www.wikidata.org/entity/Q241135,0,5520,,,
YEM,Iêmen,Q12209345,http://www.wikidata.org/entity/Q4117448,0,2108,,,
YEM,Iêmen,Q12209423,,0,696,,,
YEM,Iêmen,Q12209470,http://www.wikidata.org/entity/Q388330,0,2302,,,
YEM,Iêmen,Q12209474,,0,4584,,,
YEM,Iêmen,Q12209477,http://www.wikidata.org/entity/Q3302970,0,926,,,
YEM,Iêmen,Q12209522,http://www.wikidata.org/entity/Q475033,0,927,,,
YEM,Iêmen,Q12209556,http://www.wikidata.org/entity/Q4117540,0,8650,,,
YEM,Iêmen,Q12209560,http://www.wikidata.org/entity/Q1884259,0,1319,,,
YEM,Iêmen,Q12209603,http://www.wikidata.org/entity/Q4117513,0,708,,,
YEM,Iêmen,Q12209600,http://www.wikidata.org/entity/Q475033,0,1168,,,
YEM,Iêmen,Q12209605,http://www.wikidata.org/entity/Q388330,0,510,,,
YEM,Iêmen,Q12209627,http://www.wikidata.org/entity/Q241135,0,691,,,
YEM,Iêmen,Q12209705,http://www.wikidata.org/entity/Q4117331,0,2320,,,
YEM,Iêmen,Q12209711,http://www.wikidata.org/entity/Q4118389,0,3091,,,
YEM,Iêmen,Q12209714,http://www.wikidata.org/entity/Q388330,0,4949,,,
YEM,Iêmen,Q12209712,,0,13403,,,
YEM,Iêmen,Q12209727,http://www.wikidata.org/entity/Q4117352,0,7377,,,
YEM,Iêmen,Q12209764,http://www.wikidata.org/entity/Q4117573,0,4773,,,
YEM,Iêmen,Q12209789,http://www.wikidata.org/entity/Q4118988,0,908,,,
YEM,Iêmen,Q12209794,http://www.wikidata.org/entity/Q275755,0,15016,,13.930988,43.480624
YEM,Iêmen,Q12209799,http://www.wikidata.org/entity/Q388330,0,1925,,13.31611111,44.27388889
YEM,Iêmen,Q12211900,http://www.wikidata.org/entity/Q328187,0,13590,,13.96667,44.75
YEM,Iêmen,Q12212377,http://www.wikidata.org/entity/Q4117462,0,1490,,,
YEM,Iêmen,Q12212386,http://www.wikidata.org/entity/Q4117462,0,1866,,,
YEM,Iêmen,Q12212387,http://www.wikidata.org/entity/Q4117462,0,1296,,,
YEM,Iêmen,Q12212384,http://www.wikidata.org/entity/Q4117462,0,1003,,,
YEM,Iêmen,Q12212392,http://www.wikidata.org/entity/Q4117620,0,1617,,,
YEM,Iêmen,Q12212393,http://www.wikidata.org/entity/Q4117477,0,1016,,,
YEM,Iêmen,Q12212686,http://www.wikidata.org/entity/Q388274,0,8096,,,
YEM,Iêmen,Q12212699,http://www.wikidata.org/entity/Q4117303,0,1402,,,
YEM,Iêmen,Q12212707,http://www.wikidata.org/entity/Q4117514,0,1470,,15.99,43.95
YEM,Iêmen,Q12212870,http://www.wikidata.org/entity/Q4117336,0,2814,,,
YEM,Iêmen,Q12213196,http://www.wikidata.org/entity/Q388274,0,5912,,14.228759,44.184454
YEM,Iêmen,Q12215627,http://www.wikidata.org/entity/Q4117339,0,1049,,,
YEM,Iêmen,Q12215994,http://www.wikidata.org/entity/Q4907490,0,950,,,
YEM,Iêmen,Q12224823,http://www.wikidata.org/entity/Q2217814,0,2123,,,
YEM,Iêmen,Q12225022,http://www.wikidata.org/entity/Q4117709,0,33873,,,
YEM,Iêmen,Q12225023,http://www.wikidata.org/entity/Q4117705,0,5530,,,
YEM,Iêmen,Q12225026,http://www.wikidata.org/entity/Q4117341,0,5660,,15.4348,43.36789
YEM,Iêmen,Q12225027,http://www.wikidata.org/entity/Q4117625,0,7974,,14.19494,44.58473
YEM,Iêmen,Q12225024,http://www.wikidata.org/entity/Q4118981,0,8477,,13.76101,43.62121
YEM,Iêmen,Q12225025,http://www.wikidata.org/entity/Q4120341,0,6553,,13.30026,44.00946
YEM,Iêmen,Q12225030,http://www.wikidata.org/entity/Q4120340,0,5476,,13.77847,43.92831
YEM,Iêmen,Q12225031,http://www.wikidata.org/entity/Q4117524,0,6332,,15.92835,43.73319
YEM,Iêmen,Q12225028,http://www.wikidata.org/entity/Q4117789,0,2419,,13.51527,44.38187
YEM,Iêmen,Q12225029,http://www.wikidata.org/entity/Q4117789,0,4893,,13.53498,44.30997
YEM,Iêmen,Q12225034,http://www.wikidata.org/entity/Q4118981,0,3540,,13.87149,43.62174
YEM,Iêmen,Q12225035,http://www.wikidata.org/entity/Q4118402,0,5191,,14.84449,44.16132
YEM,Iêmen,Q12225032,http://www.wikidata.org/entity/Q4117263,0,2237,,14.32046,43.80321
YEM,Iêmen,Q12225033,http://www.wikidata.org/entity/Q4117263,0,3710,,14.36615,43.79497
YEM,Iêmen,Q12225038,http://www.wikidata.org/entity/Q4117559,0,2548,,15.328885,45.196322
YEM,Iêmen,Q12225039,http://www.wikidata.org/entity/Q4117699,0,27377,,14.1645,44.29961
YEM,Iêmen,Q12225036,http://www.wikidata.org/entity/Q4117789,0,8328,,13.67136,44.25597
YEM,Iêmen,Q12225037,http://www.wikidata.org/entity/Q4165477,0,1866,,13.18238,44.12723
YEM,Iêmen,Q12225042,http://www.wikidata.org/entity/Q4117502,0,19612,,16.04814,43.31576
YEM,Iêmen,Q12225043,http://www.wikidata.org/entity/Q4117502,0,11788,,15.97884,43.32548
YEM,Iêmen,Q12225040,http://www.wikidata.org/entity/Q3302970,0,17224,,,
YEM,Iêmen,Q12225041,http://www.wikidata.org/entity/Q4117502,0,17827,,16.10684,43.2621
YEM,Iêmen,Q12225046,http://www.wikidata.org/entity/Q4120340,0,2814,,13.78415,43.90161
YEM,Iêmen,Q12225047,http://www.wikidata.org/entity/Q1650858,0,7866,,14.96566,44.62333
YEM,Iêmen,Q12225044,http://www.wikidata.org/entity/Q4117507,0,6775,,15.85676,43.34315
YEM,Iêmen,Q12225045,http://www.wikidata.org/entity/Q4117789,0,14997,,13.57024,44.33364
YEM,Iêmen,Q12225050,http://www.wikidata.org/entity/Q4117527,0,11786,,16.04963,43.4642
YEM,Iêmen,Q12225051,http://www.wikidata.org/entity/Q4117540,0,3077,,15.05325,45.54419
YEM,Iêmen,Q12225048,http://www.wikidata.org/entity/Q1650858,0,3339,,14.8363,44.69317
YEM,Iêmen,Q12225049,http://www.wikidata.org/entity/Q4117191,0,1839,,14.51759,44.1112
YEM,Iêmen,Q12225054,http://www.wikidata.org/entity/Q4117807,0,2229,,,
YEM,Iêmen,Q12225052,http://www.wikidata.org/entity/Q4117229,0,12008,,,
YEM,Iêmen,Q12225053,http://www.wikidata.org/entity/Q4117555,0,2232,,14.65362,45.3338
YEM,Iêmen,Q12225142,http://www.wikidata.org/entity/Q4118985,0,10988,,13.260472222222,44.2085
YEM,Iêmen,Q12225143,http://www.wikidata.org/entity/Q4118421,0,3122,,14.18243,43.90745
YEM,Iêmen,Q12225146,http://www.wikidata.org/entity/Q4117612,0,2563,,13.79328,44.26459
YEM,Iêmen,Q12225147,http://www.wikidata.org/entity/Q4117678,0,12568,,,
YEM,Iêmen,Q12225144,http://www.wikidata.org/entity/Q4117685,0,4502,,13.12195,43.67879
YEM,Iêmen,Q12225145,http://www.wikidata.org/entity/Q4118981,0,7189,,13.5399,43.79005
YEM,Iêmen,Q12225150,http://www.wikidata.org/entity/Q1884209,0,3191,,,
YEM,Iêmen,Q12225151,http://www.wikidata.org/entity/Q4117612,0,3567,,13.81608,44.31248
YEM,Iêmen,Q12225148,http://www.wikidata.org/entity/Q4117532,0,8372,,,
YEM,Iêmen,Q12225149,http://www.wikidata.org/entity/Q4117787,0,6001,,13.75148,44.19505
YEM,Iêmen,Q12225154,http://www.wikidata.org/entity/Q4118313,0,6820,,14.57909,43.89909
YEM,Iêmen,Q12225155,http://www.wikidata.org/entity/Q4120339,0,10994,,13.73667,43.75151
YEM,Iêmen,Q12225153,http://www.wikidata.org/entity/Q4117523,0,1705,,16.99748,43.21291
YEM,Iêmen,Q12225158,http://www.wikidata.org/entity/Q4117600,0,638,,,
YEM,Iêmen,Q12225159,http://www.wikidata.org/entity/Q4117600,0,3578,,13.20533,44.24177
YEM,Iêmen,Q12225156,http://www.wikidata.org/entity/Q4117601,0,6582,,14.00711,43.7101
YEM,Iêmen,Q12225157,http://www.wikidata.org/entity/Q4118421,0,3031,,14.04731,43.9221
YEM,Iêmen,Q12225162,http://www.wikidata.org/entity/Q4120339,0,7921,,13.75286,43.81338
YEM,Iêmen,Q12225163,http://www.wikidata.org/entity/Q4117576,0,32143,,15.94641,44.87091
YEM,Iêmen,Q12225160,http://www.wikidata.org/entity/Q4118321,0,1652,,13.8329,44.06694
YEM,Iêmen,Q12225167,http://www.wikidata.org/entity/Q4117703,0,4053,,13.89749,44.06385
YEM,Iêmen,Q12225164,http://www.wikidata.org/entity/Q4117793,0,18134,,13.82477,43.9563
YEM,Iêmen,Q12225165,http://www.wikidata.org/entity/Q4118425,0,4948,,13.30898,44.21148
YEM,Iêmen,Q12225170,http://www.wikidata.org/entity/Q4117263,0,963,,14.35441,43.86599
YEM,Iêmen,Q12225171,http://www.wikidata.org/entity/Q4118421,0,2204,,14.05551,43.95519
YEM,Iêmen,Q12225168,http://www.wikidata.org/entity/Q4165477,0,6855,,13.20745,44.10144
YEM,Iêmen,Q12225169,http://www.wikidata.org/entity/Q1884248,0,11384,,13.63752,44.09897
YEM,Iêmen,Q12225175,http://www.wikidata.org/entity/Q4117232,0,1300,,15.018333333333,43.926111111111
YEM,Iêmen,Q12225172,http://www.wikidata.org/entity/Q4118985,0,18645,,13.26847,44.30433
YEM,Iêmen,Q12225173,http://www.wikidata.org/entity/Q4118981,0,813,,13.60919,43.74407
YEM,Iêmen,Q12225178,http://www.wikidata.org/entity/Q4118985,0,25410,,13.31368,44.2502
YEM,Iêmen,Q12225179,http://www.wikidata.org/entity/Q4120341,0,5804,,13.33557,44.05374
YEM,Iêmen,Q12225177,http://www.wikidata.org/entity/Q1884217,0,15640,,13.93975,44.59993
YEM,Iêmen,Q12225191,http://www.wikidata.org/entity/Q20423902,0,43728,,13.43504,44.05123
YEM,Iêmen,Q12225194,http://www.wikidata.org/entity/Q4120340,0,18322,,13.85657,43.83236
YEM,Iêmen,Q12225195,http://www.wikidata.org/entity/Q4804442,0,12294,,15.85814,43.47222
YEM,Iêmen,Q12225192,http://www.wikidata.org/entity/Q4120340,0,7551,,13.81951,43.88026
YEM,Iêmen,Q12225193,http://www.wikidata.org/entity/Q4117537,0,6982,,15.85354,43.82465
YEM,Iêmen,Q12225198,http://www.wikidata.org/entity/Q4117693,0,3171,,13.37483,44.00792
YEM,Iêmen,Q12225199,http://www.wikidata.org/entity/Q4117678,0,8928,,13.94058,43.73664
YEM,Iêmen,Q12225196,http://www.wikidata.org/entity/Q4117600,0,3288,,13.1537,44.244
YEM,Iêmen,Q12225202,http://www.wikidata.org/entity/Q4118996,0,10585,,13.49475,43.54392
YEM,Iêmen,Q12225203,http://www.wikidata.org/entity/Q4118996,0,2249,,13.2319,43.63231
YEM,Iêmen,Q12225201,http://www.wikidata.org/entity/Q4117516,0,5220,,14.01243,44.83163
YEM,Iêmen,Q12225206,http://www.wikidata.org/entity/Q4117405,0,10323,,15.88068,43.13388
YEM,Iêmen,Q12225205,http://www.wikidata.org/entity/Q4120341,0,11452,,13.29095,44.04299
YEM,Iêmen,Q12225210,http://www.wikidata.org/entity/Q4117322,0,1636,,15.56267,43.45073
YEM,Iêmen,Q12225208,http://www.wikidata.org/entity/Q4117304,0,14419,,,
YEM,Iêmen,Q12225214,http://www.wikidata.org/entity/Q4117725,0,1355,,,
YEM,Iêmen,Q12225212,http://www.wikidata.org/entity/Q4117701,0,3149,,13.98343,44.08284
YEM,Iêmen,Q12225218,http://www.wikidata.org/entity/Q4119006,0,9784,,13.46346,43.86176
YEM,Iêmen,Q12225216,http://www.wikidata.org/entity/Q4117562,0,7695,,14.30754,43.34058
YEM,Iêmen,Q12225217,http://www.wikidata.org/entity/Q4165477,0,1685,,13.15446,43.93904
YEM,Iêmen,Q12225262,http://www.wikidata.org/entity/Q4119006,0,3273,,13.47048,43.88629
YEM,Iêmen,Q12225260,http://www.wikidata.org/entity/Q285269,0,15152,,15.9719,43.47908
YEM,Iêmen,Q12225261,http://www.wikidata.org/entity/Q4117693,0,8426,,13.40935,44.00032
YEM,Iêmen,Q12225266,http://www.wikidata.org/entity/Q4117615,0,4883,,14.70127,43.60904
YEM,Iêmen,Q12225267,http://www.wikidata.org/entity/Q1884237,0,11558,,14.51439,43.66485
YEM,Iêmen,Q12225264,http://www.wikidata.org/entity/Q4117786,0,11882,,13.939444444444,44.068611111111
YEM,Iêmen,Q12225265,http://www.wikidata.org/entity/Q4118402,0,6220,,14.75629,44.21574
YEM,Iêmen,Q12225270,http://www.wikidata.org/entity/Q4117496,0,3851,,,
YEM,Iêmen,Q12225271,http://www.wikidata.org/entity/Q4118988,0,3645,,15.19892,43.90787
YEM,Iêmen,Q12225268,http://www.wikidata.org/entity/Q4117232,0,3125,,15.13764,43.85811
YEM,Iêmen,Q12225269,http://www.wikidata.org/entity/Q4117496,0,5600,,,
YEM,Iêmen,Q12225275,http://www.wikidata.org/entity/Q4117263,0,3461,,14.32567,43.74775
YEM,Iêmen,Q12225273,http://www.wikidata.org/entity/Q4117443,0,4072,,15.55114,43.7322
YEM,Iêmen,Q12225278,http://www.wikidata.org/entity/Q4117725,0,1326,,,
YEM,Iêmen,Q12225279,http://www.wikidata.org/entity/Q4117503,0,37356,,15.21764,43.12551
YEM,Iêmen,Q12225277,http://www.wikidata.org/entity/Q4117643,0,3857,,15.15072,45.37615
YEM,Iêmen,Q12225282,http://www.wikidata.org/entity/Q3196049,0,4321,,16.03751,43.99003
YEM,Iêmen,Q12225283,http://www.wikidata.org/entity/Q4117263,0,2379,,14.34051,43.85342
YEM,Iêmen,Q12225280,http://www.wikidata.org/entity/Q4117503,0,17147,,15.22209,43.3112
YEM,Iêmen,Q12225281,http://www.wikidata.org/entity/Q4117345,0,6030,,15.48622,43.61932
YEM,Iêmen,Q12225286,http://www.wikidata.org/entity/Q3302970,0,7915,,14.59211,44.54855
YEM,Iêmen,Q12225287,http://www.wikidata.org/entity/Q4117643,0,2051,,15.12994,45.26125
YEM,Iêmen,Q12225284,http://www.wikidata.org/entity/Q1650858,0,2289,,14.68637,44.53018
YEM,Iêmen,Q12225290,http://www.wikidata.org/entity/Q4117807,0,2004,,,
YEM,Iêmen,Q12225288,http://www.wikidata.org/entity/Q4117500,0,4203,,16.93018,43.37517
YEM,Iêmen,Q12225289,http://www.wikidata.org/entity/Q4118385,0,4848,,13.54355,44.03814
YEM,Iêmen,Q12225294,http://www.wikidata.org/entity/Q4117653,0,1714,,15.423,44.746
YEM,Iêmen,Q12225295,http://www.wikidata.org/entity/Q4117541,0,619,,,
YEM,Iêmen,Q12225293,http://www.wikidata.org/entity/Q4117236,0,3459,,15.06,43.6225
YEM,Iêmen,Q12225298,http://www.wikidata.org/entity/Q4117337,0,1595,,,
YEM,Iêmen,Q12225299,http://www.wikidata.org/entity/Q4117541,0,1873,,16.22686,42.86924
YEM,Iêmen,Q12225296,http://www.wikidata.org/entity/Q4118310,0,3003,,14.08973,44.01583
YEM,Iêmen,Q12225297,http://www.wikidata.org/entity/Q4117307,0,3925,,14.6316,44.09316
YEM,Iêmen,Q12225303,http://www.wikidata.org/entity/Q4117593,0,2084,,16.94676,44.31864
YEM,Iêmen,Q12225300,http://www.wikidata.org/entity/Q4117337,0,1363,,15.31595,43.56467
YEM,Iêmen,Q12225301,http://www.wikidata.org/entity/Q1884248,0,1838,,13.78422,43.96153
YEM,Iêmen,Q12225306,http://www.wikidata.org/entity/Q4117600,0,623,,13.19395,44.1539
YEM,Iêmen,Q12225307,http://www.wikidata.org/entity/Q2217814,0,31457,,14.9856,43.1115
YEM,Iêmen,Q12225304,http://www.wikidata.org/entity/Q328180,0,2055,,14.55854,46.05745
YEM,Iêmen,Q12225310,http://www.wikidata.org/entity/Q4117517,0,17707,,16.01248,43.593
YEM,Iêmen,Q12225311,http://www.wikidata.org/entity/Q6109810,0,1214,,14.61424,43.93475
YEM,Iêmen,Q12225308,http://www.wikidata.org/entity/Q4118981,0,3984,,13.61287,43.70777
YEM,Iêmen,Q12225309,http://www.wikidata.org/entity/Q1650840,0,20423,,13.65942,43.48402
YEM,Iêmen,Q12225314,http://www.wikidata.org/entity/Q1884248,0,27929,,13.71245,44.13645
YEM,Iêmen,Q12225315,http://www.wikidata.org/entity/Q4117191,0,2785,,14.5102,44.12482
YEM,Iêmen,Q12225312,http://www.wikidata.org/entity/Q1884248,0,13162,,,
YEM,Iêmen,Q12225313,http://www.wikidata.org/entity/Q4117191,0,3517,,14.49664,44.15883
YEM,Iêmen,Q4874902,http://www.wikidata.org/entity/Q4117333,0,17519,,15.31666667,44.21666667
YEM,Iêmen,Q5637621,http://www.wikidata.org/entity/Q4117333,0,5468,,15.30277778,44.19138889
YEM,Iêmen,Q8076308,http://www.wikidata.org/entity/Q4117329,0,234,,15.347224,44.181347
YEM,Iêmen,Q12186851,http://www.wikidata.org/entity/Q4117271,0,6478,,,
YEM,Iêmen,Q12186854,http://www.wikidata.org/entity/Q4117329,0,18519,,15.329221,44.194651
YEM,Iêmen,Q12186856,http://www.wikidata.org/entity/Q1658716,0,2205,,,
YEM,Iêmen,Q12209154,http://www.wikidata.org/entity/Q7272759,0,3862,,,
YEM,Iêmen,Q12209155,http://www.wikidata.org/entity/Q4117556,0,3366,,,
YEM,Iêmen,Q12209158,http://www.wikidata.org/entity/Q7689199,0,3376,,,
YEM,Iêmen,Q12209159,http://www.wikidata.org/entity/Q4117812,0,1025,,,
YEM,Iêmen,Q12209157,http://www.wikidata.org/entity/Q1656398,0,1671,,,
YEM,Iêmen,Q12209162,http://www.wikidata.org/entity/Q4117550,0,3632,,,
YEM,Iêmen,Q12209163,http://www.wikidata.org/entity/Q4117557,0,2020,,,
YEM,Iêmen,Q12209161,http://www.wikidata.org/entity/Q310772,0,11200,,,
YEM,Iêmen,Q12209166,http://www.wikidata.org/entity/Q2263449,0,17999,,,
YEM,Iêmen,Q12209164,http://www.wikidata.org/entity/Q7689199,0,2878,,,
YEM,Iêmen,Q12209165,http://www.wikidata.org/entity/Q3696034,0,51065,,,
YEM,Iêmen,Q12209171,http://www.wikidata.org/entity/Q4117812,0,1140,,,
YEM,Iêmen,Q12209168,http://www.wikidata.org/entity/Q4117812,0,1720,,,
YEM,Iêmen,Q12209169,http://www.wikidata.org/entity/Q4117574,0,3075,,,
YEM,Iêmen,Q12209174,http://www.wikidata.org/entity/Q5751685,0,8545,,,
YEM,Iêmen,Q12209175,http://www.wikidata.org/entity/Q1658716,0,4382,,,
YEM,Iêmen,Q12209172,http://www.wikidata.org/entity/Q4117538,0,2920,,,
YEM,Iêmen,Q12209173,http://www.wikidata.org/entity/Q4117565,0,51811,,,
YEM,Iêmen,Q12209178,,0,19788,,,
YEM,Iêmen,Q12209179,http://www.wikidata.org/entity/Q377588,0,56641,,,
YEM,Iêmen,Q12209176,http://www.wikidata.org/entity/Q7689199,0,9762,,,
YEM,Iêmen,Q12209177,http://www.wikidata.org/entity/Q13641424,0,7004,,,
YEM,Iêmen,Q12209182,http://www.wikidata.org/entity/Q4117565,0,26381,,,
YEM,Iêmen,Q12209186,http://www.wikidata.org/entity/Q4117333,0,11537,,,
YEM,Iêmen,Q12209187,http://www.wikidata.org/entity/Q4117188,0,40061,,,
YEM,Iêmen,Q12209185,http://www.wikidata.org/entity/Q310772,0,7526,,,
YEM,Iêmen,Q12209189,http://www.wikidata.org/entity/Q310772,0,20709,,,
YEM,Iêmen,Q12209205,http://www.wikidata.org/entity/Q4117549,0,1889,,,
YEM,Iêmen,Q12209211,http://www.wikidata.org/entity/Q4117329,0,18274,,,
YEM,Iêmen,Q12209208,http://www.wikidata.org/entity/Q12241768,0,953,,15.29795,44.26651
YEM,Iêmen,Q12209209,http://www.wikidata.org/entity/Q4117543,0,2942,,,
YEM,Iêmen,Q12209214,http://www.wikidata.org/entity/Q1658716,0,6153,,,
YEM,Iêmen,Q12209216,http://www.wikidata.org/entity/Q4117257,0,40789,,,
YEM,Iêmen,Q12209223,http://www.wikidata.org/entity/Q4117538,0,1495,,,
YEM,Iêmen,Q12209226,http://www.wikidata.org/entity/Q4117526,0,5018,,,
YEM,Iêmen,Q12209224,http://www.wikidata.org/entity/Q2263449,0,19947,,,
YEM,Iêmen,Q12209225,http://www.wikidata.org/entity/Q4117271,0,2814,,,
YEM,Iêmen,Q12209230,http://www.wikidata.org/entity/Q310772,0,21568,,,
YEM,Iêmen,Q12209231,http://www.wikidata.org/entity/Q4117271,0,84283,,,
YEM,Iêmen,Q12209228,http://www.wikidata.org/entity/Q1656398,0,949,,,
YEM,Iêmen,Q12209229,http://www.wikidata.org/entity/Q3696034,0,35058,,,
YEM,Iêmen,Q12209242,http://www.wikidata.org/entity/Q4117252,0,15545,,,
YEM,Iêmen,Q12209243,http://www.wikidata.org/entity/Q4117333,0,33370,,15.2962261,44.2472222
YEM,Iêmen,Q12209241,http://www.wikidata.org/entity/Q4117271,0,22153,,15.401638,44.209757
YEM,Iêmen,Q12209247,http://www.wikidata.org/entity/Q4117329,0,3897,,,
YEM,Iêmen,Q12209245,http://www.wikidata.org/entity/Q13641424,0,8350,,,
YEM,Iêmen,Q12209258,http://www.wikidata.org/entity/Q4117824,0,3589,,,
YEM,Iêmen,Q12209259,http://www.wikidata.org/entity/Q4117645,0,6115,,,
YEM,Iêmen,Q12209256,http://www.wikidata.org/entity/Q4117252,0,1308,,,
YEM,Iêmen,Q12209257,http://www.wikidata.org/entity/Q4117252,0,1789,,15.387488,44.227266
YEM,Iêmen,Q12209261,http://www.wikidata.org/entity/Q12241768,0,2343,,15.28315,44.269795
YEM,Iêmen,Q12209264,http://www.wikidata.org/entity/Q310772,0,8044,,,
YEM,Iêmen,Q12209268,http://www.wikidata.org/entity/Q4117252,0,5681,,15.399321,44.2204
YEM,Iêmen,Q12209269,http://www.wikidata.org/entity/Q4117271,0,17940,,15.385998,44.20083
YEM,Iêmen,Q12209274,http://www.wikidata.org/entity/Q4117552,0,4755,,,
YEM,Iêmen,Q12209272,,0,970,,,
YEM,Iêmen,Q12209273,,0,1824,,,
YEM,Iêmen,Q12209298,http://www.wikidata.org/entity/Q12187931,0,882,,,
YEM,Iêmen,Q12209296,http://www.wikidata.org/entity/Q12241770,0,1005,,,
YEM,Iêmen,Q12209302,http://www.wikidata.org/entity/Q13641424,0,2401,,,
YEM,Iêmen,Q12209307,http://www.wikidata.org/entity/Q7689199,0,20372,,,
YEM,Iêmen,Q12209311,http://www.wikidata.org/entity/Q4117638,0,5984,,,
YEM,Iêmen,Q12209312,http://www.wikidata.org/entity/Q1658716,0,4691,,,
YEM,Iêmen,Q12209319,http://www.wikidata.org/entity/Q4117333,0,2050,,,
YEM,Iêmen,Q12209322,http://www.wikidata.org/entity/Q4117557,0,8938,,,
YEM,Iêmen,Q12209320,http://www.wikidata.org/entity/Q4117333,0,72320,,15.324006,44.21186
YEM,Iêmen,Q12209328,http://www.wikidata.org/entity/Q13641424,0,14006,,,
YEM,Iêmen,Q12209334,http://www.wikidata.org/entity/Q13641424,0,4758,,,
YEM,Iêmen,Q12209332,http://www.wikidata.org/entity/Q310772,0,9905,,,
YEM,Iêmen,Q12209338,http://www.wikidata.org/entity/Q4117338,0,8342,,15.361336,44.169416
YEM,Iêmen,Q12209336,http://www.wikidata.org/entity/Q2263449,0,12858,,,
YEM,Iêmen,Q12209343,http://www.wikidata.org/entity/Q4117824,0,5510,,,
YEM,Iêmen,Q12209340,http://www.wikidata.org/entity/Q4117333,0,35855,,,
YEM,Iêmen,Q12209344,http://www.wikidata.org/entity/Q12241770,0,169,,,
YEM,Iêmen,Q12209350,http://www.wikidata.org/entity/Q4117645,0,36452,,,
YEM,Iêmen,Q12209358,http://www.wikidata.org/entity/Q1656398,0,1495,,,
YEM,Iêmen,Q12209356,http://www.wikidata.org/entity/Q4117812,0,1854,,,
YEM,Iêmen,Q12209408,http://www.wikidata.org/entity/Q12241768,0,7559,,,
YEM,Iêmen,Q12209414,http://www.wikidata.org/entity/Q4117333,0,49824,,15.310098,44.227266
YEM,Iêmen,Q12209415,http://www.wikidata.org/entity/Q1658716,0,8542,,,
YEM,Iêmen,Q12209416,http://www.wikidata.org/entity/Q4117257,0,12625,,15.3496145,44.1947774
YEM,Iêmen,Q12209422,http://www.wikidata.org/entity/Q4118398,0,416,,,
YEM,Iêmen,Q12209420,http://www.wikidata.org/entity/Q4117557,0,10885,,,
YEM,Iêmen,Q12209430,http://www.wikidata.org/entity/Q12241768,0,729,,15.30642,44.26095
YEM,Iêmen,Q12209429,http://www.wikidata.org/entity/Q4117333,0,18283,,,
YEM,Iêmen,Q12209433,http://www.wikidata.org/entity/Q2263449,0,5838,,,
YEM,Iêmen,Q12209439,http://www.wikidata.org/entity/Q4117538,0,3915,,,
YEM,Iêmen,Q12209436,http://www.wikidata.org/entity/Q310772,0,9936,,,
YEM,Iêmen,Q12209442,http://www.wikidata.org/entity/Q4117271,0,4112,,,
YEM,Iêmen,Q12209440,http://www.wikidata.org/entity/Q4117329,0,8211,,15.339361,44.181733
YEM,Iêmen,Q12209447,http://www.wikidata.org/entity/Q4117538,0,6789,,,
YEM,Iêmen,Q12209444,http://www.wikidata.org/entity/Q4117538,0,2017,,,
YEM,Iêmen,Q12209445,http://www.wikidata.org/entity/Q4117824,0,5501,,,
YEM,Iêmen,Q12209455,,0,61641,,,
YEM,Iêmen,Q12209456,http://www.wikidata.org/entity/Q4117550,0,27183,,,
YEM,Iêmen,Q12209473,http://www.wikidata.org/entity/Q12241768,0,5036,,,
YEM,Iêmen,Q12209482,http://www.wikidata.org/entity/Q7689199,0,13655,,,
YEM,Iêmen,Q12209487,http://www.wikidata.org/entity/Q310772,0,21667,,,
YEM,Iêmen,Q12209488,http://www.wikidata.org/entity/Q13641424,0,8388,,,
YEM,Iêmen,Q12209492,http://www.wikidata.org/entity/Q4117824,0,6324,,,
YEM,Iêmen,Q12209499,http://www.wikidata.org/entity/Q4117550,0,3982,,,
YEM,Iêmen,Q12209496,http://www.wikidata.org/entity/Q1656398,0,1403,,,
YEM,Iêmen,Q12209497,http://www.wikidata.org/entity/Q4117526,0,3324,,,
YEM,Iêmen,Q12209502,http://www.wikidata.org/entity/Q377588,0,21780,,,
YEM,Iêmen,Q12209500,http://www.wikidata.org/entity/Q4117557,0,7711,,,
YEM,Iêmen,Q12209501,http://www.wikidata.org/entity/Q4117329,0,32698,,,
YEM,Iêmen,Q12209507,http://www.wikidata.org/entity/Q4117550,0,1147,,,
YEM,Iêmen,Q12209504,http://www.wikidata.org/entity/Q310772,0,372,,,
YEM,Iêmen,Q12209509,http://www.wikidata.org/entity/Q4117549,0,1684,,,
YEM,Iêmen,Q12209514,http://www.wikidata.org/entity/Q4117550,0,217,,,
YEM,Iêmen,Q12209512,http://www.wikidata.org/entity/Q4117538,0,5313,,,
YEM,Iêmen,Q12209513,http://www.wikidata.org/entity/Q4117645,0,4214,,,
YEM,Iêmen,Q12209519,http://www.wikidata.org/entity/Q4117550,0,718,,,
YEM,Iêmen,Q12209516,http://www.wikidata.org/entity/Q4117538,0,2852,,,
YEM,Iêmen,Q12209520,http://www.wikidata.org/entity/Q4117605,0,4670,,16.2075,52.175555555556
YEM,Iêmen,Q12209524,http://www.wikidata.org/entity/Q310772,0,4293,,,
YEM,Iêmen,Q12209529,http://www.wikidata.org/entity/Q12187931,0,450,,,
YEM,Iêmen,Q12209535,http://www.wikidata.org/entity/Q12187931,0,1689,,,
YEM,Iêmen,Q12209533,http://www.wikidata.org/entity/Q4117257,0,10506,,,
YEM,Iêmen,Q12209539,http://www.wikidata.org/entity/Q3696034,0,22885,,,
YEM,Iêmen,Q12209536,http://www.wikidata.org/entity/Q4117333,0,19102,,15.32541,44.22905
YEM,Iêmen,Q12209555,http://www.wikidata.org/entity/Q4117333,0,2226,,,
YEM,Iêmen,Q12209559,http://www.wikidata.org/entity/Q12241768,0,33853,,15.244937,44.259882
YEM,Iêmen,Q12209565,http://www.wikidata.org/entity/Q4117699,0,5324,,,
YEM,Iêmen,Q12209570,http://www.wikidata.org/entity/Q12241768,0,31012,,15.280459,44.244175
YEM,Iêmen,Q12209722,http://www.wikidata.org/entity/Q4117188,0,11272,,,
YEM,Iêmen,Q12209721,http://www.wikidata.org/entity/Q3696048,0,5694,,,
YEM,Iêmen,Q12209726,http://www.wikidata.org/entity/Q12241770,0,2209,,,
YEM,Iêmen,Q12209724,http://www.wikidata.org/entity/Q310772,0,18095,,,
YEM,Iêmen,Q12209725,http://www.wikidata.org/entity/Q4117252,0,2317,,,
YEM,Iêmen,Q12209728,http://www.wikidata.org/entity/Q4117538,0,2797,,,
YEM,Iêmen,Q12209729,http://www.wikidata.org/entity/Q4117699,0,46498,,,
YEM,Iêmen,Q12212165,http://www.wikidata.org/entity/Q4117609,0,1758,,,
YEM,Iêmen,Q12212282,http://www.wikidata.org/entity/Q4117462,0,3479,,,
YEM,Iêmen,Q12212280,http://www.wikidata.org/entity/Q4733335,0,1276,,,
YEM,Iêmen,Q12212281,http://www.wikidata.org/entity/Q4117462,0,1411,,,
YEM,Iêmen,Q12212285,http://www.wikidata.org/entity/Q4117635,0,1430,,,
YEM,Iêmen,Q12212292,http://www.wikidata.org/entity/Q4733335,0,1680,,,
YEM,Iêmen,Q12212296,http://www.wikidata.org/entity/Q4117462,0,1052,,,
YEM,Iêmen,Q12212300,http://www.wikidata.org/entity/Q4117477,0,1100,,,
YEM,Iêmen,Q12212301,http://www.wikidata.org/entity/Q4117503,0,2058,,,
YEM,Iêmen,Q12212304,http://www.wikidata.org/entity/Q4117630,0,2613,,,
YEM,Iêmen,Q12212394,http://www.wikidata.org/entity/Q2217814,0,1446,,,
YEM,Iêmen,Q12212397,http://www.wikidata.org/entity/Q4117609,0,4261,,,
YEM,Iêmen,Q12212407,http://www.wikidata.org/entity/Q4117529,0,3401,,,
YEM,Iêmen,Q12212404,http://www.wikidata.org/entity/Q4117609,0,1345,,,
YEM,Iêmen,Q12212570,http://www.wikidata.org/entity/Q2217814,0,2072,,,
YEM,Iêmen,Q12212616,http://www.wikidata.org/entity/Q12241770,0,2622,,,
YEM,Iêmen,Q12220631,http://www.wikidata.org/entity/Q4117227,0,2942,,,
YEM,Iêmen,Q12220632,http://www.wikidata.org/entity/Q4118402,0,5695,,14.760795,44.190395
YEM,Iêmen,Q12221732,http://www.wikidata.org/entity/Q4117451,0,1758,,,
YEM,Iêmen,Q12222303,http://www.wikidata.org/entity/Q4907490,0,1507,,,
YEM,Iêmen,Q12222372,http://www.wikidata.org/entity/Q4117451,0,1502,,,
YEM,Iêmen,Q12222463,http://www.wikidata.org/entity/Q275755,0,1925,,,
YEM,Iêmen,Q12224236,http://www.wikidata.org/entity/Q4117405,0,25763,,,
YEM,Iêmen,Q12224315,http://www.wikidata.org/entity/Q12226813,0,860,,,
YEM,Iêmen,Q12225098,http://www.wikidata.org/entity/Q4117482,0,3639,,17.16496,43.23903
YEM,Iêmen,Q12225097,http://www.wikidata.org/entity/Q4117482,0,1959,,17.15753,43.24734
YEM,Iêmen,Q12225102,http://www.wikidata.org/entity/Q4117784,0,3527,,,
YEM,Iêmen,Q12225103,http://www.wikidata.org/entity/Q4117784,0,5098,,,
YEM,Iêmen,Q12225100,http://www.wikidata.org/entity/Q6762513,0,1804,,15.79814,46.08186
YEM,Iêmen,Q12225101,http://www.wikidata.org/entity/Q4117482,0,2329,,17.11939,43.20305
YEM,Iêmen,Q12225104,http://www.wikidata.org/entity/Q4117540,0,531,,14.90563,45.34785
YEM,Iêmen,Q12209569,http://www.wikidata.org/entity/Q12241768,0,2288,,15.322102,44.248209
YEM,Iêmen,Q12209573,http://www.wikidata.org/entity/Q4117824,0,6239,,,
YEM,Iêmen,Q12209581,http://www.wikidata.org/entity/Q3696048,0,12240,,,
YEM,Iêmen,Q12209585,http://www.wikidata.org/entity/Q310772,0,7351,,,
YEM,Iêmen,Q12209591,http://www.wikidata.org/entity/Q7689199,0,2347,,,
YEM,Iêmen,Q12209594,http://www.wikidata.org/entity/Q4117552,0,4735,,,
YEM,Iêmen,Q12209595,http://www.wikidata.org/entity/Q4117252,0,13103,,15.38815,44.216108
YEM,Iêmen,Q12209592,http://www.wikidata.org/entity/Q4117252,0,1852,,,
YEM,Iêmen,Q12209593,http://www.wikidata.org/entity/Q4117252,0,2441,,,
YEM,Iêmen,Q12209598,http://www.wikidata.org/entity/Q4117252,0,1560,,,
YEM,Iêmen,Q12209599,http://www.wikidata.org/entity/Q4117538,0,4238,,,
YEM,Iêmen,Q12209596,http://www.wikidata.org/entity/Q12187931,0,48716,,,
YEM,Iêmen,Q12209597,http://www.wikidata.org/entity/Q12187931,0,41195,,,
YEM,Iêmen,Q12209602,http://www.wikidata.org/entity/Q12241768,0,1814,,,
YEM,Iêmen,Q12209601,http://www.wikidata.org/entity/Q12241768,0,325,,,
YEM,Iêmen,Q12209607,http://www.wikidata.org/entity/Q12241770,0,707,,,
YEM,Iêmen,Q12209611,http://www.wikidata.org/entity/Q4117557,0,5445,,,
YEM,Iêmen,Q12209608,http://www.wikidata.org/entity/Q4117552,0,2342,,,
YEM,Iêmen,Q12209609,http://www.wikidata.org/entity/Q4117552,0,1278,,,
YEM,Iêmen,Q12209612,http://www.wikidata.org/entity/Q4117333,0,9558,,,
YEM,Iêmen,Q12209619,http://www.wikidata.org/entity/Q12241770,0,14067,,,
YEM,Iêmen,Q12209616,http://www.wikidata.org/entity/Q4117252,0,151403,,15.36597,44.211559
YEM,Iêmen,Q12209622,http://www.wikidata.org/entity/Q4117538,0,4732,,,
YEM,Iêmen,Q12209623,http://www.wikidata.org/entity/Q4118398,0,1236,,,
YEM,Iêmen,Q12209620,http://www.wikidata.org/entity/Q12241768,0,1236,,15.29151,44.27707
YEM,Iêmen,Q12209626,http://www.wikidata.org/entity/Q3696048,0,3355,,,
YEM,Iêmen,Q12209625,http://www.wikidata.org/entity/Q4117252,0,5111,,,
YEM,Iêmen,Q12209629,http://www.wikidata.org/entity/Q2471,0,9548,,,
YEM,Iêmen,Q12209634,http://www.wikidata.org/entity/Q4118310,0,3082,,,
YEM,Iêmen,Q12209674,http://www.wikidata.org/entity/Q310772,0,9152,,,
YEM,Iêmen,Q12209675,http://www.wikidata.org/entity/Q4117538,0,1266,,,
YEM,Iêmen,Q12209679,http://www.wikidata.org/entity/Q4117638,0,6647,,,
YEM,Iêmen,Q12209676,http://www.wikidata.org/entity/Q4117538,0,5659,,,
YEM,Iêmen,Q12209677,http://www.wikidata.org/entity/Q4117333,0,5426,,,
YEM,Iêmen,Q12209683,http://www.wikidata.org/entity/Q4117329,0,15031,,,
YEM,Iêmen,Q12209691,http://www.wikidata.org/entity/Q12241770,0,2329,,,
YEM,Iêmen,Q12209688,http://www.wikidata.org/entity/Q4117549,0,2804,,,
YEM,Iêmen,Q12209689,http://www.wikidata.org/entity/Q2263449,0,9421,,,
YEM,Iêmen,Q12209694,http://www.wikidata.org/entity/Q3696048,0,10794,,,
YEM,Iêmen,Q12209692,http://www.wikidata.org/entity/Q12241770,0,1519,,,
YEM,Iêmen,Q12209693,http://www.wikidata.org/entity/Q4117538,0,7142,,,
YEM,Iêmen,Q12209698,http://www.wikidata.org/entity/Q4117271,0,7597,,,
YEM,Iêmen,Q12209706,http://www.wikidata.org/entity/Q4117188,0,17387,,,
YEM,Iêmen,Q12209707,http://www.wikidata.org/entity/Q4117252,0,7437,,,
YEM,Iêmen,Q12209704,http://www.wikidata.org/entity/Q4117188,0,27542,,15.347845,44.226151
YEM,Iêmen,Q12209710,http://www.wikidata.org/entity/Q4117338,0,251475,,,
YEM,Iêmen,Q12209718,http://www.wikidata.org/entity/Q580992,0,3589,,,
YEM,Iêmen,Q12209716,http://www.wikidata.org/entity/Q4117538,0,2139,,,
YEM,Iêmen,Q12209717,http://www.wikidata.org/entity/Q1658716,0,8649,,,
YEM,Iêmen,Q12209359,http://www.wikidata.org/entity/Q4117698,0,1798,,,
YEM,Iêmen,Q12209362,http://www.wikidata.org/entity/Q310772,0,6341,,,
YEM,Iêmen,Q12209360,http://www.wikidata.org/entity/Q1658716,0,13005,,,
YEM,Iêmen,Q12209367,http://www.wikidata.org/entity/Q310772,0,7423,,,
YEM,Iêmen,Q12209371,http://www.wikidata.org/entity/Q2263449,0,8379,,,
YEM,Iêmen,Q12209374,http://www.wikidata.org/entity/Q310772,0,6163,,,
YEM,Iêmen,Q12209375,http://www.wikidata.org/entity/Q4117543,0,2882,,,
YEM,Iêmen,Q12209372,http://www.wikidata.org/entity/Q1656398,0,1044,,,
YEM,Iêmen,Q12209382,http://www.wikidata.org/entity/Q3696048,0,16195,,,
YEM,Iêmen,Q12209383,http://www.wikidata.org/entity/Q580992,0,8292,,,
YEM,Iêmen,Q12209380,http://www.wikidata.org/entity/Q241135,0,1551,,,
YEM,Iêmen,Q12209384,http://www.wikidata.org/entity/Q4117530,0,739,,,
YEM,Iêmen,Q12209388,http://www.wikidata.org/entity/Q4118413,0,124621,,,
YEM,Iêmen,Q12209389,http://www.wikidata.org/entity/Q241135,0,787,,,
YEM,Iêmen,Q12209392,http://www.wikidata.org/entity/Q4117333,0,7364,,,
YEM,Iêmen,Q12209398,http://www.wikidata.org/entity/Q310772,0,2326,,,
YEM,Iêmen,Q12209403,http://www.wikidata.org/entity/Q4117605,0,8805,,,
YEM,Iêmen,Q12209400,http://www.wikidata.org/entity/Q310772,0,3655,,,
YEM,Iêmen,Q12209406,http://www.wikidata.org/entity/Q1658716,0,9556,,,
YEM,Iêmen,Q12209407,http://www.wikidata.org/entity/Q4117526,0,1610,,,
YEM,Iêmen,Q12209635,http://www.wikidata.org/entity/Q4117191,0,887,,,
YEM,Iêmen,Q12209638,http://www.wikidata.org/entity/Q4117188,0,15331,,,
YEM,Iêmen,Q12209639,http://www.wikidata.org/entity/Q4118398,0,821,,,
YEM,Iêmen,Q12209636,http://www.wikidata.org/entity/Q4118310,0,3042,,,
YEM,Iêmen,Q12209637,http://www.wikidata.org/entity/Q580992,0,3925,,,
YEM,Iêmen,Q12209640,http://www.wikidata.org/entity/Q4117538,0,5032,,,
YEM,Iêmen,Q12209646,http://www.wikidata.org/entity/Q4117329,0,387,,,
YEM,Iêmen,Q12209644,http://www.wikidata.org/entity/Q377588,0,21816,,,
YEM,Iêmen,Q12209645,http://www.wikidata.org/entity/Q4117338,0,2291,,,
YEM,Iêmen,Q12209650,http://www.wikidata.org/entity/Q4117645,0,3575,,,
YEM,Iêmen,Q12209651,http://www.wikidata.org/entity/Q12241770,0,4254,,,
YEM,Iêmen,Q12209648,http://www.wikidata.org/entity/Q4117329,0,469,,,
YEM,Iêmen,Q12209649,http://www.wikidata.org/entity/Q4117645,0,1058,,,
YEM,Iêmen,Q12209653,http://www.wikidata.org/entity/Q4118398,0,1080,,,
YEM,Iêmen,Q12209660,http://www.wikidata.org/entity/Q4117824,0,17592,,,
YEM,Iêmen,Q12209670,http://www.wikidata.org/entity/Q4117556,0,4906,,,
YEM,Iêmen,Q12209671,http://www.wikidata.org/entity/Q580992,0,4073,,,
YEM,Iêmen,Q12209668,http://www.wikidata.org/entity/Q4117333,0,13156,,,
YEM,Iêmen,Q12209672,http://www.wikidata.org/entity/Q1658716,0,2490,,,
YEM,Iêmen,Q12210205,http://www.wikidata.org/entity/Q388274,0,6241,,,
YEM,Iêmen,Q12210275,http://www.wikidata.org/entity/Q4907490,0,1378,,,
YEM,Iêmen,Q12210317,http://www.wikidata.org/entity/Q4117326,0,1250,,,
YEM,Iêmen,Q12210719,http://www.wikidata.org/entity/Q12241770,0,6249,,,
YEM,Iêmen,Q12210853,http://www.wikidata.org/entity/Q3196049,0,15333,,15.99,43.95
YEM,Iêmen,Q12210969,http://www.wikidata.org/entity/Q4117477,0,1692,,,
YEM,Iêmen,Q12211011,http://www.wikidata.org/entity/Q12241768,0,2374,,,
YEM,Iêmen,Q12212305,http://www.wikidata.org/entity/Q4117620,0,1123,,,
YEM,Iêmen,Q12212311,http://www.wikidata.org/entity/Q4117620,0,2068,,,
YEM,Iêmen,Q12212308,http://www.wikidata.org/entity/Q4117477,0,1145,,,
YEM,Iêmen,Q12212309,http://www.wikidata.org/entity/Q4733335,0,1700,,,
YEM,Iêmen,Q12212313,http://www.wikidata.org/entity/Q4117609,0,1289,,,
YEM,Iêmen,Q12212324,http://www.wikidata.org/entity/Q4117635,0,3770,,,
YEM,Iêmen,Q12212331,http://www.wikidata.org/entity/Q4117598,0,1603,,,
YEM,Iêmen,Q12212328,http://www.wikidata.org/entity/Q4117620,0,1863,,,
YEM,Iêmen,Q12212329,http://www.wikidata.org/entity/Q4117635,0,2064,,,
YEM,Iêmen,Q12212335,http://www.wikidata.org/entity/Q4117598,0,1294,,,
YEM,Iêmen,Q12212332,http://www.wikidata.org/entity/Q4117529,0,3122,,,
YEM,Iêmen,Q12212333,http://www.wikidata.org/entity/Q4117635,0,1173,,,
YEM,Iêmen,Q12212336,http://www.wikidata.org/entity/Q4117630,0,1232,,,
YEM,Iêmen,Q12212337,http://www.wikidata.org/entity/Q4117598,0,1487,,,
YEM,Iêmen,Q12212346,http://www.wikidata.org/entity/Q4117462,0,1735,,,
YEM,Iêmen,Q12212350,http://www.wikidata.org/entity/Q4117496,0,4796,,,
YEM,Iêmen,Q12212355,http://www.wikidata.org/entity/Q4733335,0,3928,,,
YEM,Iêmen,Q12212352,http://www.wikidata.org/entity/Q4117620,0,1482,,,
YEM,Iêmen,Q12212358,http://www.wikidata.org/entity/Q4117529,0,2380,,,
YEM,Iêmen,Q12212356,http://www.wikidata.org/entity/Q4733335,0,1551,,,
YEM,Iêmen,Q12212362,http://www.wikidata.org/entity/Q4733335,0,3047,,,
YEM,Iêmen,Q12212361,http://www.wikidata.org/entity/Q2217814,0,2487,,,
YEM,Iêmen,Q12212371,http://www.wikidata.org/entity/Q4117503,0,2289,,,
YEM,Iêmen,Q12212374,http://www.wikidata.org/entity/Q4733335,0,2000,,,
YEM,Iêmen,Q12212376,http://www.wikidata.org/entity/Q4117609,0,4273,,,
YEM,Iêmen,Q12213438,http://www.wikidata.org/entity/Q4117586,0,1009,,,
YEM,Iêmen,Q12213476,http://www.wikidata.org/entity/Q4117802,0,3736,,14.05,47.65
YEM,Iêmen,Q12213551,http://www.wikidata.org/entity/Q4117496,0,1421,,,
YEM,Iêmen,Q12213757,http://www.wikidata.org/entity/Q12241768,0,1630,,,
YEM,Iêmen,Q12214079,http://www.wikidata.org/entity/Q12241770,0,2347,,,
YEM,Iêmen,Q12224449,http://www.wikidata.org/entity/Q4907490,0,1342,,,
YEM,Iêmen,Q12224568,http://www.wikidata.org/entity/Q4117303,0,977,,,
YEM,Iêmen,Q12225055,http://www.wikidata.org/entity/Q4117555,0,700,,14.61605,45.37828
YEM,Iêmen,Q12225058,http://www.wikidata.org/entity/Q4117784,0,1933,,,
YEM,Iêmen,Q12225059,http://www.wikidata.org/entity/Q4117500,0,1450,,16.86874,43.38988
YEM,Iêmen,Q12225056,http://www.wikidata.org/entity/Q4118414,0,1515,,,
YEM,Iêmen,Q12225057,http://www.wikidata.org/entity/Q4117555,0,1700,,14.68759,45.38862
YEM,Iêmen,Q12225062,http://www.wikidata.org/entity/Q4117807,0,4251,,,
YEM,Iêmen,Q12225063,http://www.wikidata.org/entity/Q4117692,0,2298,,,
YEM,Iêmen,Q12225060,http://www.wikidata.org/entity/Q4117500,0,3837,,16.87603,43.34243
YEM,Iêmen,Q12225061,http://www.wikidata.org/entity/Q4117810,0,5230,,,
YEM,Iêmen,Q12225066,http://www.wikidata.org/entity/Q283304,0,3583,,17.41168,43.2666
YEM,Iêmen,Q12225067,http://www.wikidata.org/entity/Q4117546,0,1996,,17.19339,43.46652
YEM,Iêmen,Q12225065,http://www.wikidata.org/entity/Q4117555,0,1319,,,
YEM,Iêmen,Q12225070,http://www.wikidata.org/entity/Q4117576,0,1828,,15.75747,44.81417
YEM,Iêmen,Q12225071,http://www.wikidata.org/entity/Q4118414,0,4988,,,
YEM,Iêmen,Q12225068,http://www.wikidata.org/entity/Q4117567,0,2062,,15.01637,45.0426
YEM,Iêmen,Q12225069,http://www.wikidata.org/entity/Q6762513,0,6214,,15.47601,45.35747
YEM,Iêmen,Q12225074,http://www.wikidata.org/entity/Q4117555,0,703,,,
YEM,Iêmen,Q12225072,http://www.wikidata.org/entity/Q4117567,0,1478,,,
YEM,Iêmen,Q12225073,http://www.wikidata.org/entity/Q4117229,0,6638,,,
YEM,Iêmen,Q12225078,http://www.wikidata.org/entity/Q4117807,0,3883,,,
YEM,Iêmen,Q12225079,http://www.wikidata.org/entity/Q4117229,0,2935,,,
YEM,Iêmen,Q12225076,http://www.wikidata.org/entity/Q6762513,0,13996,,,
YEM,Iêmen,Q12225077,http://www.wikidata.org/entity/Q4117229,0,690,,,
YEM,Iêmen,Q12225082,http://www.wikidata.org/entity/Q4117229,0,6504,,,
YEM,Iêmen,Q12225083,http://www.wikidata.org/entity/Q4117692,0,1768,,,
YEM,Iêmen,Q12225081,http://www.wikidata.org/entity/Q6762513,0,6112,,15.545354,45.400367
YEM,Iêmen,Q12225086,http://www.wikidata.org/entity/Q283304,0,2720,,17.42588,43.31708
YEM,Iêmen,Q12225087,http://www.wikidata.org/entity/Q4117807,0,6453,,,
YEM,Iêmen,Q12225084,http://www.wikidata.org/entity/Q4117240,0,1388,,,
YEM,Iêmen,Q12225085,http://www.wikidata.org/entity/Q4117692,0,2233,,,
YEM,Iêmen,Q12225106,http://www.wikidata.org/entity/Q4117637,0,9984,,17.03827,44.08995
YEM,Iêmen,Q12225107,http://www.wikidata.org/entity/Q4117482,0,1159,,,
YEM,Iêmen,Q12225105,http://www.wikidata.org/entity/Q4117555,0,1038,,,
YEM,Iêmen,Q12225110,http://www.wikidata.org/entity/Q4117799,0,9562,,,
YEM,Iêmen,Q12225111,http://www.wikidata.org/entity/Q4118414,0,4047,,,
YEM,Iêmen,Q12225108,http://www.wikidata.org/entity/Q4117540,0,2087,,14.79545,45.23683
YEM,Iêmen,Q12225109,http://www.wikidata.org/entity/Q4117794,0,1066,,,
YEM,Iêmen,Q12225114,http://www.wikidata.org/entity/Q4117705,0,7116,,,
YEM,Iêmen,Q12225115,http://www.wikidata.org/entity/Q4117482,0,11684,,17.14288,43.30456
YEM,Iêmen,Q12225112,http://www.wikidata.org/entity/Q4118414,0,6975,,,
YEM,Iêmen,Q12225113,http://www.wikidata.org/entity/Q4117784,0,5708,,,
YEM,Iêmen,Q12225118,http://www.wikidata.org/entity/Q4120339,0,8765,,13.66402,43.78298
YEM,Iêmen,Q12225119,http://www.wikidata.org/entity/Q1884248,0,4536,,13.69764,44.00299
YEM,Iêmen,Q12225116,http://www.wikidata.org/entity/Q4117500,0,3215,,16.92404,43.40118
YEM,Iêmen,Q12225122,http://www.wikidata.org/entity/Q4117569,0,5922,,14.54107,43.85628
YEM,Iêmen,Q12225123,http://www.wikidata.org/entity/Q4118427,0,13291,,14.002222222222,44.412777777778
YEM,Iêmen,Q12225120,http://www.wikidata.org/entity/Q4117248,0,3246,,,
YEM,Iêmen,Q12225121,http://www.wikidata.org/entity/Q4117372,0,14046,,15.46092,43.86988
YEM,Iêmen,Q12225126,http://www.wikidata.org/entity/Q4118421,0,3486,,14.015,43.93605
YEM,Iêmen,Q12225124,http://www.wikidata.org/entity/Q4117612,0,5522,,13.7532,44.27217
YEM,Iêmen,Q12225125,http://www.wikidata.org/entity/Q4117336,0,2391,,,
YEM,Iêmen,Q12225130,http://www.wikidata.org/entity/Q4117298,0,580,,14.13033,43.75049
YEM,Iêmen,Q12225131,http://www.wikidata.org/entity/Q3302970,0,12945,,,
YEM,Iêmen,Q12225128,http://www.wikidata.org/entity/Q4118985,0,13424,,13.23148,44.26813
YEM,Iêmen,Q12225134,http://www.wikidata.org/entity/Q4117263,0,5729,,14.2571,43.87408
YEM,Iêmen,Q12225135,http://www.wikidata.org/entity/Q4117298,0,8822,,14.12365,43.69192
YEM,Iêmen,Q12225132,http://www.wikidata.org/entity/Q4117298,0,1707,,14.31126,43.67913
YEM,Iêmen,Q12225138,http://www.wikidata.org/entity/Q4118988,0,12289,,15.26595,43.91946
YEM,Iêmen,Q12225139,http://www.wikidata.org/entity/Q4120340,0,5856,,13.75023,43.94969
YEM,Iêmen,Q12225136,http://www.wikidata.org/entity/Q4117263,0,1544,,14.23996,43.9032
YEM,Iêmen,Q12225137,http://www.wikidata.org/entity/Q4118421,0,5690,,14.09362,43.9495
YEM,Iêmen,Q12225140,http://www.wikidata.org/entity/Q4117227,0,10210,,13.78569,44.40888
YEM,Iêmen,Q12225141,http://www.wikidata.org/entity/Q4120339,0,5124,,13.81657,43.73649
YEM,Iêmen,Q12225190,http://www.wikidata.org/entity/Q4117600,0,3526,,13.22413,44.17786
YEM,Iêmen,Q12225189,http://www.wikidata.org/entity/Q4118981,0,10964,,13.58209,43.65179
YEM,Iêmen,Q12225226,http://www.wikidata.org/entity/Q1884237,0,3240,,14.56399,43.61085
YEM,Iêmen,Q12225227,http://www.wikidata.org/entity/Q4117685,0,3696,,13.17012,43.79802
YEM,Iêmen,Q12225231,http://www.wikidata.org/entity/Q4117227,0,4109,,13.75231,44.53635
YEM,Iêmen,Q12225228,http://www.wikidata.org/entity/Q4117625,0,6338,,14.15556,44.61095
YEM,Iêmen,Q12225229,http://www.wikidata.org/entity/Q4117518,0,1380,,14.4295,43.61174
YEM,Iêmen,Q12225234,http://www.wikidata.org/entity/Q4117500,0,738,,,
YEM,Iêmen,Q12225235,http://www.wikidata.org/entity/Q4117500,0,3516,,,
YEM,Iêmen,Q12225232,http://www.wikidata.org/entity/Q4117263,0,712,,14.26739,43.82019
YEM,Iêmen,Q12225238,http://www.wikidata.org/entity/Q4117546,0,4298,,17.05001,43.40003
YEM,Iêmen,Q12225239,http://www.wikidata.org/entity/Q4117268,0,5961,,14.49206,43.97649
YEM,Iêmen,Q12225236,http://www.wikidata.org/entity/Q4117500,0,1576,,,
YEM,Iêmen,Q12225237,http://www.wikidata.org/entity/Q4117553,0,1962,,14.87527,43.52749
YEM,Iêmen,Q12225242,http://www.wikidata.org/entity/Q4117542,0,28877,,,
YEM,Iêmen,Q12225243,http://www.wikidata.org/entity/Q4117612,0,4638,,13.71956,44.30338
YEM,Iêmen,Q12225240,http://www.wikidata.org/entity/Q4120340,0,3247,,13.758055555556,43.898333333333
YEM,Iêmen,Q12225246,http://www.wikidata.org/entity/Q4117615,0,3125,,14.64441,43.4945
YEM,Iêmen,Q12225247,http://www.wikidata.org/entity/Q4118310,0,3910,,14.06536,44.05474
YEM,Iêmen,Q12225244,http://www.wikidata.org/entity/Q4165477,0,10241,,13.21163,44.11976
YEM,Iêmen,Q12225245,http://www.wikidata.org/entity/Q4117562,0,21946,,14.25721,43.41487
YEM,Iêmen,Q12225250,http://www.wikidata.org/entity/Q4117507,0,13133,,15.83743,43.29304
YEM,Iêmen,Q12225251,http://www.wikidata.org/entity/Q4117268,0,1764,,14.48503,43.95038
YEM,Iêmen,Q12225248,http://www.wikidata.org/entity/Q4117443,0,4546,,15.55308,43.65737
YEM,Iêmen,Q12225249,http://www.wikidata.org/entity/Q4117599,0,10873,,14.10205,44.37762
YEM,Iêmen,Q12225254,http://www.wikidata.org/entity/Q4117703,0,10714,,13.87463,44.08785
YEM,Iêmen,Q12225255,http://www.wikidata.org/entity/Q4117307,0,4219,,14.67622,44.13321
YEM,Iêmen,Q12225252,http://www.wikidata.org/entity/Q4117464,0,17417,,16.09489,43.59979
YEM,Iêmen,Q12225253,http://www.wikidata.org/entity/Q4117519,0,5398,,15.66219,44.1657
YEM,Iêmen,Q12225258,http://www.wikidata.org/entity/Q285269,0,8088,,15.94252,43.52918
YEM,Iêmen,Q12225259,http://www.wikidata.org/entity/Q285269,0,4716,,15.96462,43.53594
YEM,Iêmen,Q12225256,http://www.wikidata.org/entity/Q4118313,0,2685,,14.56962,43.80741
YEM,Iêmen,Q12225257,http://www.wikidata.org/entity/Q4117532,0,9651,,15.73901,43.58193
YEM,Iêmen,Q12225318,http://www.wikidata.org/entity/Q4117521,0,9302,,,
YEM,Iêmen,Q12225319,http://www.wikidata.org/entity/Q4117687,0,17112,,14.46328,48.37074
YEM,Iêmen,Q12225317,http://www.wikidata.org/entity/Q4117793,0,8168,,13.88631,43.98269
YEM,Iêmen,Q12225323,http://www.wikidata.org/entity/Q4117645,0,12303,,,
YEM,Iêmen,Q12225320,http://www.wikidata.org/entity/Q4117569,0,3005,,14.54553,43.73297
YEM,Iêmen,Q12225321,http://www.wikidata.org/entity/Q4118385,0,11940,,13.46433,44.10132
YEM,Iêmen,Q12225326,http://www.wikidata.org/entity/Q4118321,0,3091,,13.86599,44.04194
YEM,Iêmen,Q12225327,http://www.wikidata.org/entity/Q4118981,0,14419,,13.45275,43.70087
YEM,Iêmen,Q12225324,http://www.wikidata.org/entity/Q4117810,0,2746,,,
YEM,Iêmen,Q12225325,http://www.wikidata.org/entity/Q4118402,0,3318,,14.75817,44.08891
YEM,Iêmen,Q12225330,http://www.wikidata.org/entity/Q4117512,0,43570,,13.47599,45.00575
YEM,Iêmen,Q12225331,http://www.wikidata.org/entity/Q4117615,0,1688,,14.69079,43.59137
YEM,Iêmen,Q12225328,http://www.wikidata.org/entity/Q4117562,0,3826,,14.24726,43.45336
YEM,Iêmen,Q12225329,http://www.wikidata.org/entity/Q4117523,0,3863,,16.93416,43.21883
YEM,Iêmen,Q12225335,http://www.wikidata.org/entity/Q4118414,0,2410,,,
YEM,Iêmen,Q12225333,http://www.wikidata.org/entity/Q4117326,0,9481,,15.04847,44.00648
YEM,Iêmen,Q12225338,http://www.wikidata.org/entity/Q4117617,0,10886,,16.3499,44.17512
YEM,Iêmen,Q12225339,http://www.wikidata.org/entity/Q4118425,0,4120,,,
YEM,Iêmen,Q12225336,http://www.wikidata.org/entity/Q4117615,0,4717,,14.70319,43.51953
YEM,Iêmen,Q12225337,http://www.wikidata.org/entity/Q4117700,0,20039,,14.02291,44.25405
YEM,Iêmen,Q12225342,http://www.wikidata.org/entity/Q4117462,0,24180,,15.23394,42.97405
YEM,Iêmen,Q12225340,http://www.wikidata.org/entity/Q4120339,0,3498,,13.78232,43.79393
YEM,Iêmen,Q12225341,http://www.wikidata.org/entity/Q4117794,0,799,,,
YEM,Iêmen,Q12225346,http://www.wikidata.org/entity/Q2217814,0,12032,,15.11299,43.07007
YEM,Iêmen,Q12225347,http://www.wikidata.org/entity/Q4117305,0,13073,,,
YEM,Iêmen,Q12225344,http://www.wikidata.org/entity/Q4165477,0,580,,13.17728,44.11772
YEM,Iêmen,Q12225345,http://www.wikidata.org/entity/Q4117232,0,2103,,14.89393,43.78514
YEM,Iêmen,Q12225350,http://www.wikidata.org/entity/Q4117320,0,4421,,15.241666666667,44.373888888889
YEM,Iêmen,Q12225351,http://www.wikidata.org/entity/Q1884209,0,13062,,17.04961,43.70959
YEM,Iêmen,Q12225348,http://www.wikidata.org/entity/Q4119006,0,6260,,13.45882,43.9128
YEM,Iêmen,Q12225349,http://www.wikidata.org/entity/Q4117508,0,6365,,16.1517,43.52187
YEM,Iêmen,Q12225354,http://www.wikidata.org/entity/Q6109810,0,2693,,14.64843,43.9192
YEM,Iêmen,Q12225355,http://www.wikidata.org/entity/Q4165477,0,70,,13.20687,44.1367
YEM,Iêmen,Q12225358,http://www.wikidata.org/entity/Q4117268,0,2639,,14.51878,43.98893
YEM,Iêmen,Q12225359,http://www.wikidata.org/entity/Q4117518,0,1410,,,
YEM,Iêmen,Q12225356,http://www.wikidata.org/entity/Q4117369,0,8718,,15.82099,44.50955
YEM,Iêmen,Q12225357,http://www.wikidata.org/entity/Q4117600,0,816,,13.18564,44.21571
YEM,Iêmen,Q12225362,http://www.wikidata.org/entity/Q4117706,0,6116,,13.92678,44.22618
YEM,Iêmen,Q12225363,http://www.wikidata.org/entity/Q4117701,0,4889,,14.01731,44.18803
YEM,Iêmen,Q12225360,http://www.wikidata.org/entity/Q4117248,0,2062,,15.53122,43.52217
YEM,Iêmen,Q12225361,http://www.wikidata.org/entity/Q4117322,0,683,,15.55501,43.53531
YEM,Iêmen,Q12225366,http://www.wikidata.org/entity/Q4117700,0,6699,,14.02266,44.22081
YEM,Iêmen,Q12225367,http://www.wikidata.org/entity/Q4117617,0,3360,,16.40971,43.99431
YEM,Iêmen,Q12225364,http://www.wikidata.org/entity/Q4117488,0,83444,,13.06334,44.88109
YEM,Iêmen,Q12225365,http://www.wikidata.org/entity/Q328180,0,7744,,14.60125,46.00897
YEM,Iêmen,Q12225370,http://www.wikidata.org/entity/Q4117714,0,4957,,,
YEM,Iêmen,Q12225371,http://www.wikidata.org/entity/Q1884248,0,8300,,13.70564,44.06021
YEM,Iêmen,Q12225368,http://www.wikidata.org/entity/Q4117227,0,6432,,13.82748,44.52233
YEM,Iêmen,Q12225369,http://www.wikidata.org/entity/Q4117227,0,7990,,13.82644,44.44243
YEM,Iêmen,Q12225374,http://www.wikidata.org/entity/Q4117601,0,659,,14.08894,43.63315
YEM,Iêmen,Q12225373,http://www.wikidata.org/entity/Q1884248,0,9456,,13.75269,44.07442
YEM,Iêmen,Q12225395,http://www.wikidata.org/entity/Q4117511,0,5191,,15.9351,43.36505
YEM,Iêmen,Q12225439,http://www.wikidata.org/entity/Q4117799,0,5244,,,
YEM,Iêmen,Q12225437,http://www.wikidata.org/entity/Q4117613,0,2475,,17.01907,43.29839
YEM,Iêmen,Q12225442,http://www.wikidata.org/entity/Q4117786,0,2491,,13.98033,44.05215
YEM,Iêmen,Q12225443,http://www.wikidata.org/entity/Q4117443,0,2628,,15.61769,43.64817
YEM,Iêmen,Q12225440,http://www.wikidata.org/entity/Q1650858,0,2397,,14.90989,44.5146
YEM,Iêmen,Q12225441,http://www.wikidata.org/entity/Q4117307,0,2536,,14.70879,44.11416
YEM,Iêmen,Q12225446,http://www.wikidata.org/entity/Q4117451,0,11692,,14.22228,43.50095
YEM,Iêmen,Q12225447,http://www.wikidata.org/entity/Q4117345,0,7104,,15.51877,43.61107
YEM,Iêmen,Q12225444,http://www.wikidata.org/entity/Q4120339,0,10021,,13.71917,43.87879
YEM,Iêmen,Q12225445,http://www.wikidata.org/entity/Q4117620,0,13326,,14.85728,43.23693
YEM,Iêmen,Q12225450,http://www.wikidata.org/entity/Q6851806,0,6979,,15.32459,43.35231
YEM,Iêmen,Q12225451,http://www.wikidata.org/entity/Q4117263,0,875,,14.36143,43.8444
YEM,Iêmen,Q12225448,http://www.wikidata.org/entity/Q4117701,0,7855,,14.00104,44.10959
YEM,Iêmen,Q12225449,http://www.wikidata.org/entity/Q4117347,0,14123,,,
YEM,Iêmen,Q12225454,http://www.wikidata.org/entity/Q4117542,0,2094,,14.13633,43.25682
YEM,Iêmen,Q12225455,http://www.wikidata.org/entity/Q4117286,0,5344,,,
YEM,Iêmen,Q12225453,http://www.wikidata.org/entity/Q4117336,0,4596,,15.41692,44.33384
YEM,Iêmen,Q12225456,http://www.wikidata.org/entity/Q4117569,0,6798,,14.5185,43.8262
YEM,Iêmen,Q12225457,http://www.wikidata.org/entity/Q4117793,0,1372,,13.89263,43.95482
YEM,Iêmen,Q12225486,http://www.wikidata.org/entity/Q4120340,0,4014,,13.76718,43.85771
YEM,Iêmen,Q12225487,http://www.wikidata.org/entity/Q4117462,0,31600,,15.3241,43.04415
YEM,Iêmen,Q12225490,http://www.wikidata.org/entity/Q4117786,0,18808,,13.88903,43.90662
YEM,Iêmen,Q12225491,http://www.wikidata.org/entity/Q4117576,0,3692,,15.882534,44.746483
YEM,Iêmen,Q12225488,http://www.wikidata.org/entity/Q4117725,0,891,,,
YEM,Iêmen,Q12225489,http://www.wikidata.org/entity/Q4117418,0,594,,,
YEM,Iêmen,Q12225494,http://www.wikidata.org/entity/Q4117232,0,841,,14.96352,43.78292
YEM,Iêmen,Q12225493,http://www.wikidata.org/entity/Q4117820,0,35356,,14.07955,44.18567
YEM,Iêmen,Q12225498,http://www.wikidata.org/entity/Q4117810,0,3310,,,
YEM,Iêmen,Q12225499,http://www.wikidata.org/entity/Q4117705,0,1251,,,
YEM,Iêmen,Q12225496,http://www.wikidata.org/entity/Q1010798,0,1962,,15.095277777778,43.767777777778
YEM,Iêmen,Q12225497,http://www.wikidata.org/entity/Q4117302,0,5506,,16.549166666667,44.298055555556
YEM,Iêmen,Q12225502,http://www.wikidata.org/entity/Q4117507,0,3564,,15.78331,43.44432
YEM,Iêmen,Q12225503,http://www.wikidata.org/entity/Q4117345,0,1887,,15.45411,43.58737
YEM,Iêmen,Q12225500,http://www.wikidata.org/entity/Q4117268,0,1116,,14.50742,44.08055
YEM,Iêmen,Q12225506,http://www.wikidata.org/entity/Q328180,0,2291,,14.40601,45.96602
YEM,Iêmen,Q12225507,http://www.wikidata.org/entity/Q4117263,0,6312,,14.29269,43.88783
YEM,Iêmen,Q12225504,http://www.wikidata.org/entity/Q4118402,0,4181,,14.45207,44.00636
YEM,Iêmen,Q12225505,http://www.wikidata.org/entity/Q4118310,0,3725,,14.04675,44.03502
YEM,Iêmen,Q12225509,http://www.wikidata.org/entity/Q3196049,0,9212,,,
YEM,Iêmen,Q12225522,http://www.wikidata.org/entity/Q4117685,0,472,,13.273333333333,43.749722222222
YEM,Iêmen,Q12225523,http://www.wikidata.org/entity/Q4118321,0,4499,,13.85995,44.06323
YEM,Iêmen,Q12225526,http://www.wikidata.org/entity/Q4117277,0,4822,,,
YEM,Iêmen,Q12225527,http://www.wikidata.org/entity/Q4117562,0,5151,,14.22218,43.43774
YEM,Iêmen,Q12225524,http://www.wikidata.org/entity/Q4117263,0,2712,,14.30511,43.85283
YEM,Iêmen,Q12225530,http://www.wikidata.org/entity/Q4117645,0,61179,,15.00772,49.52328
YEM,Iêmen,Q12225531,http://www.wikidata.org/entity/Q1884248,0,4030,,13.68,43.84369
YEM,Iêmen,Q12225528,http://www.wikidata.org/entity/Q1650858,0,6012,,14.83111,44.4364
YEM,Iêmen,Q12225529,http://www.wikidata.org/entity/Q6851806,0,3780,,15.28902,43.38591
YEM,Iêmen,Q12225534,http://www.wikidata.org/entity/Q4117263,0,703,,14.38256,43.85471
YEM,Iêmen,Q12225535,http://www.wikidata.org/entity/Q4117820,0,9860,,14.07567,44.2234
YEM,Iêmen,Q12225532,http://www.wikidata.org/entity/Q4119006,0,15371,,13.4042,43.87656
YEM,Iêmen,Q12225533,http://www.wikidata.org/entity/Q4117703,0,7616,,13.90096,44.0887
YEM,Iêmen,Q12225538,http://www.wikidata.org/entity/Q4117784,0,5017,,,
YEM,Iêmen,Q12225539,http://www.wikidata.org/entity/Q4117336,0,10436,,15.48855,44.47893
YEM,Iêmen,Q12225536,http://www.wikidata.org/entity/Q4118425,0,3786,,13.365,44.18502
YEM,Iêmen,Q12225542,http://www.wikidata.org/entity/Q6851806,0,3343,,15.36706,43.36836
YEM,Iêmen,Q12225543,http://www.wikidata.org/entity/Q4117428,0,4522,,15.62237,43.54366
YEM,Iêmen,Q12225541,http://www.wikidata.org/entity/Q4117268,0,2075,,,
YEM,Iêmen,Q12225546,http://www.wikidata.org/entity/Q4117263,0,3173,,14.41942,43.90095
YEM,Iêmen,Q12225547,http://www.wikidata.org/entity/Q4117263,0,3637,,,
YEM,Iêmen,Q12225544,http://www.wikidata.org/entity/Q4118421,0,2192,,14.07108,43.83418
YEM,Iêmen,Q12225550,http://www.wikidata.org/entity/Q4117268,0,2280,,14.43679,43.96543
YEM,Iêmen,Q12225551,http://www.wikidata.org/entity/Q1884217,0,4213,,13.93066,44.47408
YEM,Iêmen,Q12225548,http://www.wikidata.org/entity/Q4117268,0,3471,,14.38914,43.96361
YEM,Iêmen,Q12225554,http://www.wikidata.org/entity/Q4117569,0,1903,,14.50713,43.75343
YEM,Iêmen,Q12225555,http://www.wikidata.org/entity/Q4117577,0,2562,,16.25651,43.80881
YEM,Iêmen,Q12225552,http://www.wikidata.org/entity/Q4118324,0,8800,,13.99058,44.48041
YEM,Iêmen,Q12225553,http://www.wikidata.org/entity/Q4120340,0,5716,,13.7679,43.84605
YEM,Iêmen,Q12225559,http://www.wikidata.org/entity/Q4117428,0,7725,,15.67011,43.53035
YEM,Iêmen,Q12225556,http://www.wikidata.org/entity/Q6851806,0,1001,,15.31077,43.38316
YEM,Iêmen,Q12225557,http://www.wikidata.org/entity/Q1884189,0,10154,,16.34082,43.1642
YEM,Iêmen,Q12225562,http://www.wikidata.org/entity/Q4118421,0,6149,,14.18636,44.00683
YEM,Iêmen,Q12225563,http://www.wikidata.org/entity/Q4117298,0,2542,,,
YEM,Iêmen,Q12225560,http://www.wikidata.org/entity/Q4117341,0,3680,,15.45474,43.27392
YEM,Iêmen,Q12225561,http://www.wikidata.org/entity/Q4117341,0,3990,,15.4923,43.27428
YEM,Iêmen,Q12225578,http://www.wikidata.org/entity/Q4165477,0,1739,,13.19163,44.03724
YEM,Iêmen,Q12225587,http://www.wikidata.org/entity/Q1884209,0,3720,,16.91374,43.72268
YEM,Iêmen,Q12225590,http://www.wikidata.org/entity/Q4117440,0,3231,,15.55379,43.88961
YEM,Iêmen,Q12225591,http://www.wikidata.org/entity/Q4118981,0,1621,,13.53379,43.73344
YEM,Iêmen,Q12225588,http://www.wikidata.org/entity/Q4117687,0,8454,,14.54542,48.07788
YEM,Iêmen,Q12225589,http://www.wikidata.org/entity/Q4118310,0,2730,,14.11574,44.11771
YEM,Iêmen,Q12225594,http://www.wikidata.org/entity/Q4117820,0,5868,,14.1751,44.22313
YEM,Iêmen,Q12225595,http://www.wikidata.org/entity/Q4117250,0,9088,,,
YEM,Iêmen,Q12225592,http://www.wikidata.org/entity/Q4117268,0,2573,,14.48239,44.06766
YEM,Iêmen,Q12225593,http://www.wikidata.org/entity/Q4118321,0,9459,,13.88507,44.04579
YEM,Iêmen,Q12225598,http://www.wikidata.org/entity/Q4117693,0,10170,,13.34087,43.99063
YEM,Iêmen,Q12225599,http://www.wikidata.org/entity/Q4165477,0,2821,,13.16867,44.09898
YEM,Iêmen,Q12225596,http://www.wikidata.org/entity/Q4117263,0,1994,,14.42871,43.80503
YEM,Iêmen,Q12225597,http://www.wikidata.org/entity/Q4733335,0,6253,,15.24321,42.69418
YEM,Iêmen,Q12225602,http://www.wikidata.org/entity/Q4117232,0,513,,14.98394,43.9449
YEM,Iêmen,Q12225603,http://www.wikidata.org/entity/Q4117807,0,5812,,,
YEM,Iêmen,Q12225606,http://www.wikidata.org/entity/Q4117307,0,2063,,14.63358,44.22076
YEM,Iêmen,Q12225607,http://www.wikidata.org/entity/Q4118385,0,17001,,13.55529,43.9628
YEM,Iêmen,Q12225604,http://www.wikidata.org/entity/Q4118402,0,13176,,14.80452,44.19526
YEM,Iêmen,Q12225605,http://www.wikidata.org/entity/Q2217814,0,24775,,15.06372,43.37495
YEM,Iêmen,Q12225610,http://www.wikidata.org/entity/Q4117784,0,2370,,,
YEM,Iêmen,Q12225611,http://www.wikidata.org/entity/Q4117516,0,4213,,14.01464,45.02402
YEM,Iêmen,Q12225608,http://www.wikidata.org/entity/Q1884237,0,10100,,14.50511,43.72251
YEM,Iêmen,Q12225609,http://www.wikidata.org/entity/Q4118425,0,6921,,13.38823,44.19453
YEM,Iêmen,Q12225614,http://www.wikidata.org/entity/Q4117540,0,994,,14.82596,45.19588
YEM,Iêmen,Q12225615,http://www.wikidata.org/entity/Q4118414,0,3618,,,
YEM,Iêmen,Q12225612,http://www.wikidata.org/entity/Q4118425,0,5309,,13.34628,44.17488
YEM,Iêmen,Q12225613,http://www.wikidata.org/entity/Q292455,0,9227,,15.53523,43.77389
YEM,Iêmen,Q12225618,http://www.wikidata.org/entity/Q4117236,0,5291,,15.0475,43.545
YEM,Iêmen,Q12225619,http://www.wikidata.org/entity/Q4874935,0,89418,,14.41664,43.24249
YEM,Iêmen,Q12225616,http://www.wikidata.org/entity/Q4117716,0,358,,,
YEM,Iêmen,Q12225617,http://www.wikidata.org/entity/Q4874935,0,57500,,14.58375,43.33375
YEM,Iêmen,Q12225620,http://www.wikidata.org/entity/Q4117337,0,2261,,15.26812,43.47135
YEM,Iêmen,Q12225682,http://www.wikidata.org/entity/Q4118981,0,1682,,,
YEM,Iêmen,Q12225683,http://www.wikidata.org/entity/Q4117268,0,3852,,14.44697,44.03083
YEM,Iêmen,Q12225681,http://www.wikidata.org/entity/Q4117425,0,4473,,16.56391,43.23526
YEM,Iêmen,Q12225686,http://www.wikidata.org/entity/Q4118425,0,2792,,13.32045,44.18417
YEM,Iêmen,Q12225687,http://www.wikidata.org/entity/Q4117593,0,3217,,17.03813,44.34325
YEM,Iêmen,Q12225684,http://www.wikidata.org/entity/Q4117268,0,3678,,14.47669,44.03307
YEM,Iêmen,Q12225685,http://www.wikidata.org/entity/Q4117810,0,3569,,,
YEM,Iêmen,Q12225690,http://www.wikidata.org/entity/Q4117801,0,48347,,14.76627,45.74
YEM,Iêmen,Q12225691,http://www.wikidata.org/entity/Q4117786,0,3201,,13.86398,43.87948
YEM,Iêmen,Q12225688,http://www.wikidata.org/entity/Q4117523,0,3237,,,
YEM,Iêmen,Q12225689,http://www.wikidata.org/entity/Q4165477,0,4901,,13.11798,43.92168
YEM,Iêmen,Q12225694,http://www.wikidata.org/entity/Q6851806,0,1303,,15.46975,43.44818
YEM,Iêmen,Q12225695,http://www.wikidata.org/entity/Q1884217,0,9467,,13.98164,44.75778
YEM,Iêmen,Q12225692,http://www.wikidata.org/entity/Q4874935,0,8787,,14.51201,43.38726
YEM,Iêmen,Q12225693,http://www.wikidata.org/entity/Q4117341,0,2548,,15.41606,43.26277
YEM,Iêmen,Q12225698,http://www.wikidata.org/entity/Q4117604,0,2894,,14.74263,45.18393
YEM,Iêmen,Q12225699,http://www.wikidata.org/entity/Q4704229,0,7600,,13.78105,43.35965
YEM,Iêmen,Q12225696,http://www.wikidata.org/entity/Q4117617,0,6670,,16.5938,43.8239
YEM,Iêmen,Q12225697,http://www.wikidata.org/entity/Q4117539,0,1596,,,
YEM,Iêmen,Q12225702,http://www.wikidata.org/entity/Q4118321,0,8256,,13.88092,44.0253
YEM,Iêmen,Q12225703,http://www.wikidata.org/entity/Q4117263,0,859,,,
YEM,Iêmen,Q12225706,http://www.wikidata.org/entity/Q4117263,0,1727,,,
YEM,Iêmen,Q12225707,http://www.wikidata.org/entity/Q4117451,0,3020,,14.02864,43.47131
YEM,Iêmen,Q12225704,http://www.wikidata.org/entity/Q4118996,0,8884,,13.34189,43.66526
YEM,Iêmen,Q12225705,http://www.wikidata.org/entity/Q4117789,0,3659,,13.63544,44.26439
YEM,Iêmen,Q12225710,http://www.wikidata.org/entity/Q4117558,0,10325,,16.073888888889,43.7125
YEM,Iêmen,Q12225711,http://www.wikidata.org/entity/Q292455,0,3046,,15.51704,43.72755
YEM,Iêmen,Q12225708,http://www.wikidata.org/entity/Q4117784,0,1090,,,
YEM,Iêmen,Q12225714,http://www.wikidata.org/entity/Q4117507,0,10470,,,
YEM,Iêmen,Q12225715,http://www.wikidata.org/entity/Q4117248,0,2828,,15.48751,43.49469
YEM,Iêmen,Q12225712,http://www.wikidata.org/entity/Q4117268,0,2174,,,
YEM,Iêmen,Q12225713,http://www.wikidata.org/entity/Q4120339,0,9408,,13.74376,43.77435
YEM,Iêmen,Q12225718,http://www.wikidata.org/entity/Q4117263,0,4635,,14.3346,43.86339
YEM,Iêmen,Q12225719,http://www.wikidata.org/entity/Q4117268,0,2238,,,
YEM,Iêmen,Q12225716,http://www.wikidata.org/entity/Q4117248,0,4222,,15.48208,43.5232
YEM,Iêmen,Q12225717,http://www.wikidata.org/entity/Q4117263,0,2197,,14.32193,43.84965
YEM,Iêmen,Q12225722,http://www.wikidata.org/entity/Q4117464,0,4542,,16.15323,43.59665
YEM,Iêmen,Q12225723,http://www.wikidata.org/entity/Q4117725,0,931,,,
YEM,Iêmen,Q12225720,http://www.wikidata.org/entity/Q4117505,0,2659,,15.62431,43.61001
YEM,Iêmen,Q12225721,http://www.wikidata.org/entity/Q4117786,0,6169,,13.98358,44.02577
YEM,Iêmen,Q12225726,http://www.wikidata.org/entity/Q4117794,0,1471,,,
YEM,Iêmen,Q12225727,http://www.wikidata.org/entity/Q4117601,0,917,,14.06685,43.65956
YEM,Iêmen,Q12225724,http://www.wikidata.org/entity/Q4117523,0,3859,,16.99296,43.24614
YEM,Iêmen,Q12225725,http://www.wikidata.org/entity/Q4117605,0,21447,,16.16547,51.88022
YEM,Iêmen,Q12225730,http://www.wikidata.org/entity/Q4118310,0,2465,,14.03684,44.00771
YEM,Iêmen,Q12225731,http://www.wikidata.org/entity/Q4117630,0,11257,,15.75529,43.08311
YEM,Iêmen,Q12225728,http://www.wikidata.org/entity/Q1884189,0,17303,,16.53046,43.15376
YEM,Iêmen,Q12225729,http://www.wikidata.org/entity/Q4118324,0,8110,,14.04469,44.47019
YEM,Iêmen,Q12225734,http://www.wikidata.org/entity/Q4117807,0,1601,,,
YEM,Iêmen,Q12225735,http://www.wikidata.org/entity/Q4118981,0,1505,,13.45507,43.7805
YEM,Iêmen,Q12225732,http://www.wikidata.org/entity/Q4117637,0,5691,,17.287777777778,44.173333333333
YEM,Iêmen,Q12225733,http://www.wikidata.org/entity/Q4117320,0,8540,,15.12745,44.29919
YEM,Iêmen,Q12225738,http://www.wikidata.org/entity/Q4117605,0,5957,,16.61041,52.2523
YEM,Iêmen,Q12225739,http://www.wikidata.org/entity/Q4118427,0,4360,,14.03204,44.35442
YEM,Iêmen,Q12225736,http://www.wikidata.org/entity/Q4117620,0,17289,,14.93619,43.28005
YEM,Iêmen,Q12225737,http://www.wikidata.org/entity/Q4117601,0,1818,,14.02079,43.55915
YEM,Iêmen,Q12225742,http://www.wikidata.org/entity/Q4117586,0,54825,,13.71546,45.28123
YEM,Iêmen,Q12225740,http://www.wikidata.org/entity/Q4118425,0,6766,,13.33115,44.20575
YEM,Iêmen,Q12225741,http://www.wikidata.org/entity/Q4118427,0,4087,,14.0635,44.3582
YEM,Iêmen,Q12225746,http://www.wikidata.org/entity/Q6851806,0,15063,,15.40747,43.34599
YEM,Iêmen,Q12225747,http://www.wikidata.org/entity/Q4117268,0,1207,,14.44281,43.84546
YEM,Iêmen,Q12225745,http://www.wikidata.org/entity/Q4117462,0,6627,,15.25622,43.06688
YEM,Iêmen,Q12225750,http://www.wikidata.org/entity/Q4117561,0,25935,,13.25269,44.44239
YEM,Iêmen,Q12225751,http://www.wikidata.org/entity/Q4117268,0,807,,14.58371,43.9721
YEM,Iêmen,Q12225748,http://www.wikidata.org/entity/Q4117615,0,2421,,14.71843,43.56406
YEM,Iêmen,Q12225749,http://www.wikidata.org/entity/Q4118981,0,10236,,13.458611111111,43.803611111111
YEM,Iêmen,Q12225754,http://www.wikidata.org/entity/Q4118981,0,4686,,13.39505,43.77785
YEM,Iêmen,Q12225755,http://www.wikidata.org/entity/Q4117523,0,1849,,16.97331,43.22569
YEM,Iêmen,Q12225752,http://www.wikidata.org/entity/Q4117540,0,2077,,14.86105,45.19954
YEM,Iêmen,Q12225753,http://www.wikidata.org/entity/Q4117352,0,1556,,15.72184,43.45006
YEM,Iêmen,Q12225759,http://www.wikidata.org/entity/Q4117562,0,7784,,14.34809,43.37418
YEM,Iêmen,Q12225756,http://www.wikidata.org/entity/Q4117263,0,1955,,14.38059,43.82434
YEM,Iêmen,Q12225757,http://www.wikidata.org/entity/Q4117567,0,579,,14.97423,45.11947
YEM,Iêmen,Q12225763,http://www.wikidata.org/entity/Q4117304,0,7768,,16.746388888889,44.433333333333
YEM,Iêmen,Q12225760,http://www.wikidata.org/entity/Q4117298,0,1385,,14.19296,43.69298
YEM,Iêmen,Q12225761,http://www.wikidata.org/entity/Q4117604,0,544,,14.62158,45.22388
YEM,Iêmen,Q12225766,http://www.wikidata.org/entity/Q1884237,0,2466,,14.57478,43.64572
YEM,Iêmen,Q12225767,http://www.wikidata.org/entity/Q4117562,0,3414,,14.18425,43.35347
YEM,Iêmen,Q12225764,http://www.wikidata.org/entity/Q4117542,0,10855,,14.27158,43.21513
YEM,Iêmen,Q12225765,http://www.wikidata.org/entity/Q4117562,0,11677,,14.18764,43.13607
YEM,Iêmen,Q12225770,http://www.wikidata.org/entity/Q292455,0,13211,,15.49668,43.71944
YEM,Iêmen,Q12225771,http://www.wikidata.org/entity/Q4117620,0,4685,,14.8956,43.2531
YEM,Iêmen,Q12225768,http://www.wikidata.org/entity/Q4165477,0,4973,,13.1635,44.1309
YEM,Iêmen,Q12225769,http://www.wikidata.org/entity/Q4117268,0,454,,14.42594,43.84919
YEM,Iêmen,Q12225774,http://www.wikidata.org/entity/Q4117457,0,4790,,14.96725,43.61221
YEM,Iêmen,Q12225775,http://www.wikidata.org/entity/Q4117457,0,4904,,14.99902,43.53663
YEM,Iêmen,Q12225772,http://www.wikidata.org/entity/Q1884248,0,2293,,13.66607,44.03232
YEM,Iêmen,Q12225773,http://www.wikidata.org/entity/Q4118402,0,6705,,14.8049,44.1132
YEM,Iêmen,Q12225778,http://www.wikidata.org/entity/Q4117547,0,977,,,
YEM,Iêmen,Q12225779,http://www.wikidata.org/entity/Q4117268,0,2169,,14.51674,43.9373
YEM,Iêmen,Q12225776,http://www.wikidata.org/entity/Q4117526,0,59204,,15.83717,48.34345
YEM,Iêmen,Q12225777,http://www.wikidata.org/entity/Q4117620,0,17781,,14.91139,43.14329
YEM,Iêmen,Q12225783,http://www.wikidata.org/entity/Q4117705,0,728,,,
YEM,Iêmen,Q12225781,http://www.wikidata.org/entity/Q4120340,0,5969,,13.71933,43.93407
YEM,Iêmen,Q12225786,http://www.wikidata.org/entity/Q4117482,0,1862,,17.135,43.25441
YEM,Iêmen,Q12225787,http://www.wikidata.org/entity/Q4117263,0,1214,,14.36534,43.76357
YEM,Iêmen,Q12225784,http://www.wikidata.org/entity/Q4117789,0,2873,,13.66376,44.32088
YEM,Iêmen,Q12225785,http://www.wikidata.org/entity/Q4117601,0,3210,,14.02489,43.66311
YEM,Iêmen,Q12225851,http://www.wikidata.org/entity/Q4165477,0,2287,,13.24746,44.15816
YEM,Iêmen,Q12225854,http://www.wikidata.org/entity/Q4119006,0,16188,,13.49029,43.8239
YEM,Iêmen,Q12225855,http://www.wikidata.org/entity/Q4117345,0,2457,,15.51527,43.5682
YEM,Iêmen,Q12225852,http://www.wikidata.org/entity/Q4117600,0,1204,,13.19816,44.19522
YEM,Iêmen,Q12225853,http://www.wikidata.org/entity/Q4117825,0,4614,,14.72915,44.29306
YEM,Iêmen,Q12225858,http://www.wikidata.org/entity/Q4117620,0,31214,,14.8502,43.08944
YEM,Iêmen,Q12225859,http://www.wikidata.org/entity/Q4117263,0,4265,,14.39392,43.78921
YEM,Iêmen,Q12226139,http://www.wikidata.org/entity/Q4118313,0,5404,,14.739,43.77794
YEM,Iêmen,Q12226136,http://www.wikidata.org/entity/Q4117527,0,5179,,,
YEM,Iêmen,Q12226137,http://www.wikidata.org/entity/Q4117263,0,1464,,14.25569,43.78679
YEM,Iêmen,Q12226140,http://www.wikidata.org/entity/Q4117263,0,1125,,14.37367,43.89264
YEM,Iêmen,Q12226162,http://www.wikidata.org/entity/Q4117443,0,2299,,15.58431,43.68661
YEM,Iêmen,Q12226163,http://www.wikidata.org/entity/Q4117691,0,5585,,14.35756,43.99955
YEM,Iêmen,Q12226166,http://www.wikidata.org/entity/Q1650858,0,3525,,14.73457,44.59608
YEM,Iêmen,Q12226164,http://www.wikidata.org/entity/Q4117511,0,16861,,15.91055,43.3951
YEM,Iêmen,Q12226165,http://www.wikidata.org/entity/Q4117539,0,1064,,15.78859,43.74183
YEM,Iêmen,Q12226182,http://www.wikidata.org/entity/Q4117263,0,2923,,14.34679,43.87851
YEM,Iêmen,Q12226999,http://www.wikidata.org/entity/Q4118427,0,3562,,14.0502,44.39651
YEM,Iêmen,Q12225856,http://www.wikidata.org/entity/Q4117532,0,3543,,15.80938,43.54966
YEM,Iêmen,Q12225857,http://www.wikidata.org/entity/Q4117302,0,18283,,,
YEM,Iêmen,Q12225862,http://www.wikidata.org/entity/Q4117562,0,1978,,14.17427,43.44128
YEM,Iêmen,Q12225863,http://www.wikidata.org/entity/Q4117599,0,3802,,14.14567,44.36287
YEM,Iêmen,Q12225861,http://www.wikidata.org/entity/Q4117725,0,987,,,
YEM,Iêmen,Q12225866,http://www.wikidata.org/entity/Q4117692,0,2627,,,
YEM,Iêmen,Q12225867,http://www.wikidata.org/entity/Q4117678,0,12447,,13.98661,43.82682
YEM,Iêmen,Q12225864,http://www.wikidata.org/entity/Q4118402,0,1335,,14.78333,43.99409
YEM,Iêmen,Q12225865,http://www.wikidata.org/entity/Q4117601,0,2579,,13.98047,43.60849
YEM,Iêmen,Q12225870,http://www.wikidata.org/entity/Q4117793,0,2215,,13.86144,43.94485
YEM,Iêmen,Q12225871,http://www.wikidata.org/entity/Q4117705,0,1913,,,
YEM,Iêmen,Q12225868,http://www.wikidata.org/entity/Q4118421,0,1133,,14.13663,43.94674
YEM,Iêmen,Q12225869,http://www.wikidata.org/entity/Q4117322,0,1540,,15.59951,43.45759
YEM,Iêmen,Q12225890,http://www.wikidata.org/entity/Q4118310,0,4749,,14.13345,44.14403
YEM,Iêmen,Q12225888,http://www.wikidata.org/entity/Q4117700,0,6298,,13.92754,44.29217
YEM,Iêmen,Q12225889,http://www.wikidata.org/entity/Q4117706,0,86212,,,
YEM,Iêmen,Q12225895,http://www.wikidata.org/entity/Q4117562,0,4325,,14.33812,43.40246
YEM,Iêmen,Q12225892,http://www.wikidata.org/entity/Q4117268,0,838,,14.40643,43.86708
YEM,Iêmen,Q12225893,http://www.wikidata.org/entity/Q4117440,0,8488,,15.61823,43.79629
YEM,Iêmen,Q12225898,http://www.wikidata.org/entity/Q4117571,0,26627,,,
YEM,Iêmen,Q12225899,http://www.wikidata.org/entity/Q4117268,0,5145,,14.49093,44.04882
YEM,Iêmen,Q12225896,http://www.wikidata.org/entity/Q4117298,0,4475,,14.27315,43.56767
YEM,Iêmen,Q12225897,http://www.wikidata.org/entity/Q1884237,0,2375,,14.55204,43.6373
YEM,Iêmen,Q12225902,http://www.wikidata.org/entity/Q4874935,0,10702,,14.54302,43.48505
YEM,Iêmen,Q12225903,http://www.wikidata.org/entity/Q4117451,0,67017,,14.05533,43.36915
YEM,Iêmen,Q12225901,http://www.wikidata.org/entity/Q4117546,0,2612,,,
YEM,Iêmen,Q12225906,http://www.wikidata.org/entity/Q4117229,0,6512,,,
YEM,Iêmen,Q12225907,http://www.wikidata.org/entity/Q4117418,0,796,,16.35009,43.93482
YEM,Iêmen,Q12225905,http://www.wikidata.org/entity/Q6851806,0,2237,,15.34567,43.27744
YEM,Iêmen,Q12225910,http://www.wikidata.org/entity/Q6109810,0,1254,,14.65381,43.95769
YEM,Iêmen,Q12225911,http://www.wikidata.org/entity/Q4117322,0,7098,,15.60116,43.48281
YEM,Iêmen,Q12225908,http://www.wikidata.org/entity/Q4703500,0,9105,,,
YEM,Iêmen,Q12225909,http://www.wikidata.org/entity/Q4117820,0,5453,,14.1589,44.19356
YEM,Iêmen,Q12225914,http://www.wikidata.org/entity/Q4118421,0,1832,,14.11214,43.78599
YEM,Iêmen,Q12225915,http://www.wikidata.org/entity/Q1650858,0,1962,,14.68817,44.64997
YEM,Iêmen,Q12225912,http://www.wikidata.org/entity/Q4117505,0,2591,,15.63381,43.62442
YEM,Iêmen,Q12225913,http://www.wikidata.org/entity/Q4118385,0,2154,,13.52482,44.04612
YEM,Iêmen,Q12225916,http://www.wikidata.org/entity/Q4117307,0,3793,,14.59268,44.07225
YEM,Iêmen,Q12225978,http://www.wikidata.org/entity/Q4117820,0,4748,,14.084444444444,44.243611111111
YEM,Iêmen,Q12225979,http://www.wikidata.org/entity/Q4120339,0,7102,,13.77524,43.76257
YEM,Iêmen,Q12225977,http://www.wikidata.org/entity/Q4117600,0,542,,13.18169,44.17322
YEM,Iêmen,Q12225982,http://www.wikidata.org/entity/Q4117337,0,3544,,15.31014,43.52358
YEM,Iêmen,Q12225983,http://www.wikidata.org/entity/Q1884217,0,12754,,13.9247,44.51262
YEM,Iêmen,Q12225980,http://www.wikidata.org/entity/Q4117341,0,3919,,15.45583,43.35797
YEM,Iêmen,Q12225981,http://www.wikidata.org/entity/Q4117250,0,3759,,,
YEM,Iêmen,Q12225986,http://www.wikidata.org/entity/Q4118981,0,4099,,13.65084,43.74424
YEM,Iêmen,Q12225987,http://www.wikidata.org/entity/Q4117678,0,12325,,13.90391,43.77964
YEM,Iêmen,Q12225984,http://www.wikidata.org/entity/Q4118425,0,3450,,13.35931,44.20651
YEM,Iêmen,Q12225985,http://www.wikidata.org/entity/Q4118321,0,3072,,13.82503,44.08081
YEM,Iêmen,Q12226019,http://www.wikidata.org/entity/Q4120340,0,9853,,13.84916,43.91987
YEM,Iêmen,Q12226022,http://www.wikidata.org/entity/Q4117298,0,1571,,14.24278,43.72587
YEM,Iêmen,Q12226023,http://www.wikidata.org/entity/Q4117547,0,6107,,17.378055555556,43.463333333333
YEM,Iêmen,Q12226020,http://www.wikidata.org/entity/Q6851806,0,2542,,15.3661,43.35253
YEM,Iêmen,Q12226021,http://www.wikidata.org/entity/Q2217814,0,55016,,15.05299,43.28307
YEM,Iêmen,Q12226026,http://www.wikidata.org/entity/Q4117615,0,3261,,14.65173,43.57221
YEM,Iêmen,Q12226027,http://www.wikidata.org/entity/Q6851806,0,8090,,15.31473,43.29071
YEM,Iêmen,Q12226024,http://www.wikidata.org/entity/Q4117794,0,636,,,
YEM,Iêmen,Q12226025,http://www.wikidata.org/entity/Q4117789,0,2324,,13.61762,44.46647
YEM,Iêmen,Q12226030,http://www.wikidata.org/entity/Q4117418,0,1032,,16.3103,43.91059
YEM,Iêmen,Q12226031,http://www.wikidata.org/entity/Q4117523,0,3111,,16.9063,43.24058
YEM,Iêmen,Q12226028,http://www.wikidata.org/entity/Q4118981,0,9000,,13.84731,43.53209
YEM,Iêmen,Q12226029,http://www.wikidata.org/entity/Q4118385,0,5748,,13.50427,43.9656
YEM,Iêmen,Q12226034,http://www.wikidata.org/entity/Q4117820,0,3779,,14.09816,44.25319
YEM,Iêmen,Q12226032,http://www.wikidata.org/entity/Q4117805,0,9488,,14.42198,48.79005
YEM,Iêmen,Q12226033,http://www.wikidata.org/entity/Q4117268,0,1370,,14.46917,43.827
YEM,Iêmen,Q12226040,http://www.wikidata.org/entity/Q4117569,0,21555,,14.63418,43.71038
YEM,Iêmen,Q12226122,http://www.wikidata.org/entity/Q4117407,0,3274,,15.58231,43.58899
YEM,Iêmen,Q12226123,http://www.wikidata.org/entity/Q4117345,0,4892,,,
YEM,Iêmen,Q12226121,http://www.wikidata.org/entity/Q6851806,0,1563,,,
YEM,Iêmen,Q12226126,http://www.wikidata.org/entity/Q4118421,0,2721,,14.07078,43.98075
YEM,Iêmen,Q12226127,http://www.wikidata.org/entity/Q4117518,0,1433,,14.53941,43.58554
YEM,Iêmen,Q12226124,http://www.wikidata.org/entity/Q4117518,0,1825,,14.53915,43.59603
YEM,Iêmen,Q12226125,http://www.wikidata.org/entity/Q4117345,0,1705,,15.44761,43.73757
YEM,Iêmen,Q12226130,http://www.wikidata.org/entity/Q4118313,0,3114,,14.64444,43.80357
YEM,Iêmen,Q12226131,http://www.wikidata.org/entity/Q4117523,0,3561,,,
YEM,Iêmen,Q12226128,http://www.wikidata.org/entity/Q4117518,0,1939,,,
YEM,Iêmen,Q12226129,http://www.wikidata.org/entity/Q4117407,0,11968,,15.60658,43.59846
YEM,Iêmen,Q12226134,http://www.wikidata.org/entity/Q4117345,0,5864,,15.43802,43.61802
YEM,Iêmen,Q12226135,http://www.wikidata.org/entity/Q4117263,0,798,,14.26045,43.91402
YEM,Iêmen,Q12226132,http://www.wikidata.org/entity/Q4117232,0,1110,,14.95512,43.90926
YEM,Iêmen,Q12226133,http://www.wikidata.org/entity/Q4117443,0,2263,,15.54976,43.73025
YEM,Iêmen,Q12226138,http://www.wikidata.org/entity/Q4118988,0,11951,,15.33471,43.91803
YEM,Iêmen,Q12209666,http://www.wikidata.org/entity/Q241135,0,1673,,,
YEM,Iêmen,Q12214127,http://www.wikidata.org/entity/Q12225427,0,1198,,,
YEM,Iêmen,Q12214298,http://www.wikidata.org/entity/Q4117336,0,1679,,,
YEM,Iêmen,Q12214318,http://www.wikidata.org/entity/Q1650858,0,6079,,,
YEM,Iêmen,Q12215069,http://www.wikidata.org/entity/Q4117500,0,3011,,16.88,43.43
YEM,Iêmen,Q12215264,http://www.wikidata.org/entity/Q241135,0,7149,,,
YEM,Iêmen,Q12217048,http://www.wikidata.org/entity/Q1010798,0,1074,,,
YEM,Iêmen,Q12225090,http://www.wikidata.org/entity/Q4117555,0,1641,,14.62467,45.29254
YEM,Iêmen,Q12225091,http://www.wikidata.org/entity/Q4117240,0,4117,,14.12935,44.76754
YEM,Iêmen,Q12225088,http://www.wikidata.org/entity/Q4117523,0,222,,16.98561,43.19214
YEM,Iêmen,Q12225089,http://www.wikidata.org/entity/Q4117540,0,1950,,15.06908,45.49478
YEM,Iêmen,Q12225094,http://www.wikidata.org/entity/Q4117799,0,5734,,,
YEM,Iêmen,Q12225095,http://www.wikidata.org/entity/Q4117794,0,778,,,
YEM,Iêmen,Q12225092,http://www.wikidata.org/entity/Q4117555,0,3667,,14.75531,45.35996
YEM,Iêmen,Q12225093,http://www.wikidata.org/entity/Q6762513,0,6032,,15.27389,45.49469
YEM,Iêmen,Q12225096,http://www.wikidata.org/entity/Q6762513,0,5337,,15.45518,45.63416
YEM,Iêmen,Q12225182,http://www.wikidata.org/entity/Q4118985,0,6821,,13.30918,44.28969
YEM,Iêmen,Q12225183,http://www.wikidata.org/entity/Q4117232,0,985,,15.070555555556,43.838333333333
YEM,Iêmen,Q12225180,http://www.wikidata.org/entity/Q4117599,0,9811,,14.17165,44.37918
YEM,Iêmen,Q12225181,http://www.wikidata.org/entity/Q1884248,0,16594,,13.66717,44.1054
YEM,Iêmen,Q12225186,http://www.wikidata.org/entity/Q4117692,0,1961,,,
YEM,Iêmen,Q12225184,http://www.wikidata.org/entity/Q1010798,0,4685,,15.15184,43.76961
YEM,Iêmen,Q12225185,http://www.wikidata.org/entity/Q4117692,0,1401,,,
YEM,Iêmen,Q12225188,http://www.wikidata.org/entity/Q4117601,0,1752,,14.03422,43.62394
YEM,Iêmen,Q12225222,http://www.wikidata.org/entity/Q4117482,0,5819,,,
YEM,Iêmen,Q12225223,http://www.wikidata.org/entity/Q4703500,0,8258,,16.18801,43.8373
YEM,Iêmen,Q12225220,http://www.wikidata.org/entity/Q4117326,0,5632,,15.20577,44.05696
YEM,Iêmen,Q12225221,http://www.wikidata.org/entity/Q4117345,0,9350,,15.49301,43.58655
YEM,Iêmen,Q12225224,http://www.wikidata.org/entity/Q4117637,0,5357,,17.26131,44.5769
YEM,Iêmen,Q12225225,http://www.wikidata.org/entity/Q4733335,0,5806,,15.61122,42.88446
YEM,Iêmen,Q12225352,http://www.wikidata.org/entity/Q4117562,0,2878,,14.21828,43.3506
YEM,Iêmen,Q12225353,http://www.wikidata.org/entity/Q4117250,0,2263,,,
YEM,Iêmen,Q12225394,http://www.wikidata.org/entity/Q4117331,0,7863,,,
YEM,Iêmen,Q12225416,http://www.wikidata.org/entity/Q4117464,0,2192,,,
YEM,Iêmen,Q12225417,http://www.wikidata.org/entity/Q4117635,0,15963,,14.72993,43.24247
YEM,Iêmen,Q12225510,http://www.wikidata.org/entity/Q4117335,0,2441,,15.19649,44.5843
YEM,Iêmen,Q12225511,http://www.wikidata.org/entity/Q4117243,0,2024,,15.39978,43.41648
YEM,Iêmen,Q12225514,http://www.wikidata.org/entity/Q1650858,0,3286,,14.73607,44.3815
YEM,Iêmen,Q12225515,http://www.wikidata.org/entity/Q4118981,0,2466,,13.7137,43.69211
YEM,Iêmen,Q12225513,http://www.wikidata.org/entity/Q4117693,0,35401,,13.37309,43.94142
YEM,Iêmen,Q12225519,http://www.wikidata.org/entity/Q4117600,0,1634,,13.1731,44.15853
YEM,Iêmen,Q12225516,http://www.wikidata.org/entity/Q4117617,0,7702,,16.46569,43.68098
YEM,Iêmen,Q12225517,http://www.wikidata.org/entity/Q4117322,0,3423,,,
YEM,Iêmen,Q12225520,http://www.wikidata.org/entity/Q4117784,0,3851,,,
YEM,Iêmen,Q12225521,http://www.wikidata.org/entity/Q4118421,0,2102,,14.12761,43.99679
YEM,Iêmen,Q12225582,http://www.wikidata.org/entity/Q4117263,0,3778,,14.21795,43.85488
YEM,Iêmen,Q12225580,http://www.wikidata.org/entity/Q4117703,0,3526,,13.91449,44.0422
YEM,Iêmen,Q12225581,http://www.wikidata.org/entity/Q4117523,0,5224,,16.88993,43.30407
YEM,Iêmen,Q12225586,http://www.wikidata.org/entity/Q4118319,0,9543,,13.34289,44.30409
YEM,Iêmen,Q12225584,http://www.wikidata.org/entity/Q4117337,0,4207,,15.30608,43.47923
YEM,Iêmen,Q12225585,http://www.wikidata.org/entity/Q4165477,0,2570,,13.27763,43.96752
YEM,Iêmen,Q12225622,http://www.wikidata.org/entity/Q4117341,0,9666,,15.47791,43.32655
YEM,Iêmen,Q12225623,http://www.wikidata.org/entity/Q4117607,0,14997,,16.77549,43.28185
YEM,Iêmen,Q12225621,http://www.wikidata.org/entity/Q1884209,0,23577,,17.02047,43.67444
YEM,Iêmen,Q12225626,http://www.wikidata.org/entity/Q4117240,0,9133,,14.068,44.72801
YEM,Iêmen,Q12225627,http://www.wikidata.org/entity/Q4117685,0,7120,,13.17842,43.83008
YEM,Iêmen,Q12225624,http://www.wikidata.org/entity/Q4117263,0,927,,14.27457,43.80152
YEM,Iêmen,Q12225625,http://www.wikidata.org/entity/Q3196049,0,31678,,15.97788,43.95245
YEM,Iêmen,Q12225630,http://www.wikidata.org/entity/Q4118413,0,124621,,,
YEM,Iêmen,Q12225631,http://www.wikidata.org/entity/Q4117789,0,6552,,13.486388888889,43.806666666667
YEM,Iêmen,Q12225628,http://www.wikidata.org/entity/Q4117705,0,2320,,,
YEM,Iêmen,Q12225629,http://www.wikidata.org/entity/Q4117532,0,4369,,15.764218,43.597838
YEM,Iêmen,Q12225634,http://www.wikidata.org/entity/Q4118425,0,3898,,13.34896,44.23985
YEM,Iêmen,Q12225635,http://www.wikidata.org/entity/Q1650858,0,11377,,14.76642,44.45246
YEM,Iêmen,Q12225632,http://www.wikidata.org/entity/Q4117298,0,2029,,14.27875,43.65664
YEM,Iêmen,Q12225633,http://www.wikidata.org/entity/Q6109810,0,3969,,14.71686,43.99446
YEM,Iêmen,Q12225638,http://www.wikidata.org/entity/Q4117298,0,2941,,14.23423,43.54816
YEM,Iêmen,Q12225639,http://www.wikidata.org/entity/Q4118324,0,1995,,14.01119,44.44821
YEM,Iêmen,Q12225636,http://www.wikidata.org/entity/Q4117540,0,3719,,14.9435145,45.4668024
YEM,Iêmen,Q12225637,http://www.wikidata.org/entity/Q4117571,0,19181,,,
YEM,Iêmen,Q12225642,http://www.wikidata.org/entity/Q4117678,0,17231,,13.89621,43.70736
YEM,Iêmen,Q12225643,http://www.wikidata.org/entity/Q328180,0,7510,,14.57478,45.87378
YEM,Iêmen,Q12225640,http://www.wikidata.org/entity/Q4118385,0,2716,,13.50945,44.05721
YEM,Iêmen,Q12225641,http://www.wikidata.org/entity/Q4118402,0,5563,,14.70506,44.23449
YEM,Iêmen,Q12225646,http://www.wikidata.org/entity/Q4117451,0,1246,,14.02284,43.48551
YEM,Iêmen,Q12225647,http://www.wikidata.org/entity/Q4118981,0,3222,,13.49274,43.78421
YEM,Iêmen,Q12225644,http://www.wikidata.org/entity/Q4117620,0,5239,,,
YEM,Iêmen,Q12225645,http://www.wikidata.org/entity/Q4117600,0,1058,,13.13378,44.19973
YEM,Iêmen,Q12225650,http://www.wikidata.org/entity/Q4118427,0,2893,,14.0801,44.29828
YEM,Iêmen,Q12225651,http://www.wikidata.org/entity/Q4117508,0,10671,,,
YEM,Iêmen,Q12225648,http://www.wikidata.org/entity/Q4117653,0,2986,,15.359,44.759
YEM,Iêmen,Q12225649,http://www.wikidata.org/entity/Q4117548,0,9273,,,
YEM,Iêmen,Q12225654,http://www.wikidata.org/entity/Q4117464,0,3816,,15.83855,43.73255
YEM,Iêmen,Q12225655,http://www.wikidata.org/entity/Q4117232,0,1971,,15.10147,43.83158
YEM,Iêmen,Q12225652,http://www.wikidata.org/entity/Q4117263,0,847,,14.38887,43.87417
YEM,Iêmen,Q12225653,http://www.wikidata.org/entity/Q1884189,0,15257,,16.33055,43.02604
YEM,Iêmen,Q12225658,http://www.wikidata.org/entity/Q4118385,0,5011,,13.57812,44.07865
YEM,Iêmen,Q12225659,http://www.wikidata.org/entity/Q4117700,0,5257,,13.91654,44.42867
YEM,Iêmen,Q12225656,http://www.wikidata.org/entity/Q4118321,0,10495,,13.8029,44.01371
YEM,Iêmen,Q12225657,http://www.wikidata.org/entity/Q6109810,0,3579,,14.63624,43.99423
YEM,Iêmen,Q12225662,http://www.wikidata.org/entity/Q4117787,0,8684,,13.79471,44.24473
YEM,Iêmen,Q12225663,http://www.wikidata.org/entity/Q4117776,0,44363,,,
YEM,Iêmen,Q12225660,http://www.wikidata.org/entity/Q4117599,0,7023,,14.19989,44.41933
YEM,Iêmen,Q12225661,http://www.wikidata.org/entity/Q4117553,0,1085,,14.84565,43.51218
YEM,Iêmen,Q12225666,http://www.wikidata.org/entity/Q4117304,0,5665,,,
YEM,Iêmen,Q12225664,http://www.wikidata.org/entity/Q4117604,0,962,,14.59731,45.136
YEM,Iêmen,Q12225665,http://www.wikidata.org/entity/Q4117248,0,5439,,15.46337,43.48168
YEM,Iêmen,Q12225701,http://www.wikidata.org/entity/Q4117229,0,5868,,16.721666666667,44.3125
YEM,Iêmen,Q12225743,http://www.wikidata.org/entity/Q6109810,0,1748,,14.76744,43.91752
YEM,Iêmen,Q12225810,http://www.wikidata.org/entity/Q4117307,0,5976,,14.65966,44.20553
YEM,Iêmen,Q12225811,http://www.wikidata.org/entity/Q4117298,0,1226,,14.2526,43.65976
YEM,Iêmen,Q12225809,http://www.wikidata.org/entity/Q4118996,0,1154,,13.16865,43.95952
YEM,Iêmen,Q12225814,http://www.wikidata.org/entity/Q4117810,0,4994,,,
YEM,Iêmen,Q12225815,http://www.wikidata.org/entity/Q4704407,0,20572,,,
YEM,Iêmen,Q12225812,http://www.wikidata.org/entity/Q4117725,0,465,,,
YEM,Iêmen,Q12225813,http://www.wikidata.org/entity/Q4117776,0,1410,,,
YEM,Iêmen,Q12225818,http://www.wikidata.org/entity/Q4117240,0,1327,,14.20752,44.75449
YEM,Iêmen,Q12225819,http://www.wikidata.org/entity/Q4117248,0,4722,,15.37874,43.56235
YEM,Iêmen,Q12225816,http://www.wikidata.org/entity/Q4117542,0,11059,,13.99325,43.2084
YEM,Iêmen,Q12225822,http://www.wikidata.org/entity/Q4118981,0,12886,,13.74818,43.55438
YEM,Iêmen,Q12225823,http://www.wikidata.org/entity/Q1884217,0,10476,,13.94161,44.68194
YEM,Iêmen,Q12225820,http://www.wikidata.org/entity/Q4117601,0,3319,,14.03095,43.59385
YEM,Iêmen,Q12225821,http://www.wikidata.org/entity/Q4874935,0,11311,,14.62123,43.36277
YEM,Iêmen,Q12225826,http://www.wikidata.org/entity/Q4117542,0,1497,,14.07366,43.23428
YEM,Iêmen,Q12225827,http://www.wikidata.org/entity/Q4117298,0,999,,14.245,43.57026
YEM,Iêmen,Q12225824,http://www.wikidata.org/entity/Q4118981,0,1653,,13.55913,43.73528
YEM,Iêmen,Q12225825,http://www.wikidata.org/entity/Q4118421,0,1451,,14.15488,43.86436
YEM,Iêmen,Q12225830,http://www.wikidata.org/entity/Q4117653,0,1933,,14.588596,45.22191
YEM,Iêmen,Q12225828,http://www.wikidata.org/entity/Q4117787,0,3970,,13.85544,44.25261
YEM,Iêmen,Q12225874,http://www.wikidata.org/entity/Q4117496,0,9011,,14.59622,43.18903
YEM,Iêmen,Q12225875,http://www.wikidata.org/entity/Q4117227,0,1367,,13.71237,44.52244
YEM,Iêmen,Q12225872,http://www.wikidata.org/entity/Q4165477,0,4315,,13.14397,44.0647
YEM,Iêmen,Q12225873,http://www.wikidata.org/entity/Q4117612,0,3410,,13.74723,44.33609
YEM,Iêmen,Q12225878,http://www.wikidata.org/entity/Q4117322,0,4407,,15.5776,43.54882
YEM,Iêmen,Q12225876,http://www.wikidata.org/entity/Q4117553,0,2481,,14.82804,43.58282
YEM,Iêmen,Q12225877,http://www.wikidata.org/entity/Q1884248,0,1862,,13.66976,44.06023
YEM,Iêmen,Q12225882,http://www.wikidata.org/entity/Q4117705,0,1821,,,
YEM,Iêmen,Q12225883,http://www.wikidata.org/entity/Q4117496,0,2847,,14.69076,43.04262
YEM,Iêmen,Q12225880,http://www.wikidata.org/entity/Q4117678,0,7748,,14.00849,43.75025
YEM,Iêmen,Q12225881,http://www.wikidata.org/entity/Q4165477,0,2123,,13.24424,44.13474
YEM,Iêmen,Q12225886,http://www.wikidata.org/entity/Q4117693,0,17417,,13.314444444444,43.8675
YEM,Iêmen,Q12225887,http://www.wikidata.org/entity/Q4117227,0,1672,,13.76349,44.46338
YEM,Iêmen,Q12225884,http://www.wikidata.org/entity/Q1650840,0,14527,,13.34942,43.4266
YEM,Iêmen,Q12225885,http://www.wikidata.org/entity/Q4118425,0,4756,,13.37329,44.23866
YEM,Iêmen,Q12225918,http://www.wikidata.org/entity/Q4117298,0,5122,,14.31858,43.55515
YEM,Iêmen,Q12225919,http://www.wikidata.org/entity/Q1010798,0,2080,,15.14421,43.6379
YEM,Iêmen,Q12225917,http://www.wikidata.org/entity/Q4117236,0,2818,,15.03006,43.62737
YEM,Iêmen,Q12225922,http://www.wikidata.org/entity/Q1884237,0,12794,,14.62161,43.6209
YEM,Iêmen,Q12225923,http://www.wikidata.org/entity/Q4117496,0,2631,,,
YEM,Iêmen,Q12225920,http://www.wikidata.org/entity/Q1010798,0,3591,,15.14043,43.68165
YEM,Iêmen,Q12225921,http://www.wikidata.org/entity/Q4117793,0,2625,,13.83111,43.96979
YEM,Iêmen,Q12225926,http://www.wikidata.org/entity/Q4118427,0,1387,,14.04506,44.42059
YEM,Iêmen,Q12225927,http://www.wikidata.org/entity/Q4118324,0,6329,,14.08451,44.45792
YEM,Iêmen,Q12225924,http://www.wikidata.org/entity/Q4117600,0,303,,13.17531,44.1673
YEM,Iêmen,Q12225925,http://www.wikidata.org/entity/Q4117542,0,13262,,14.11978,43.20226
YEM,Iêmen,Q12225930,http://www.wikidata.org/entity/Q4117701,0,13965,,13.95684,44.21782
YEM,Iêmen,Q12225931,http://www.wikidata.org/entity/Q4117609,0,4757,,15.45095,43.22045
YEM,Iêmen,Q12225928,http://www.wikidata.org/entity/Q4117631,0,38524,,,
YEM,Iêmen,Q12225929,http://www.wikidata.org/entity/Q4165477,0,6235,,13.16874,44.04883
YEM,Iêmen,Q12225934,http://www.wikidata.org/entity/Q4117268,0,5786,,14.45937,43.98464
YEM,Iêmen,Q12225935,http://www.wikidata.org/entity/Q4117703,0,16176,,13.89993,44.1563
YEM,Iêmen,Q12225932,http://www.wikidata.org/entity/Q4117268,0,2951,,14.54744,43.97633
YEM,Iêmen,Q12225933,http://www.wikidata.org/entity/Q4117492,0,3038,,,
YEM,Iêmen,Q12225936,http://www.wikidata.org/entity/Q4117600,0,1111,,13.18657,44.18147
YEM,Iêmen,Q12225998,http://www.wikidata.org/entity/Q4117286,0,8165,,,
YEM,Iêmen,Q12225999,http://www.wikidata.org/entity/Q4117518,0,14346,,14.47584,43.59162
YEM,Iêmen,Q12226002,http://www.wikidata.org/entity/Q4117303,0,30124,,15.026388888889,44.48
YEM,Iêmen,Q12226003,http://www.wikidata.org/entity/Q4118981,0,5230,,13.39874,43.81174
YEM,Iêmen,Q12226000,http://www.wikidata.org/entity/Q1010798,0,1087,,15.05182,43.7495
YEM,Iêmen,Q12226001,http://www.wikidata.org/entity/Q4117339,0,16850,,15.17179,44.42863
YEM,Iêmen,Q12226006,http://www.wikidata.org/entity/Q4117637,0,10481,,16.86107,44.03243
YEM,Iêmen,Q12226007,http://www.wikidata.org/entity/Q4117637,0,4585,,16.91582,44.16038
YEM,Iêmen,Q12226004,http://www.wikidata.org/entity/Q4117561,0,49117,,13.31082,44.38697
YEM,Iêmen,Q12226005,http://www.wikidata.org/entity/Q4117593,0,3726,,16.91713,44.22279
YEM,Iêmen,Q12226010,http://www.wikidata.org/entity/Q4117706,0,8820,,13.94359,44.15462
YEM,Iêmen,Q12226011,http://www.wikidata.org/entity/Q4117703,0,6519,,13.96031,44.12201
YEM,Iêmen,Q12226009,http://www.wikidata.org/entity/Q4118413,0,13272,,,
YEM,Iêmen,Q12226014,http://www.wikidata.org/entity/Q4117508,0,19123,,16.15768,43.40265
YEM,Iêmen,Q12226015,http://www.wikidata.org/entity/Q4117653,0,4060,,15.444,44.713
YEM,Iêmen,Q12226012,http://www.wikidata.org/entity/Q20423902,0,2742,,13.50789,44.00398
YEM,Iêmen,Q12226013,http://www.wikidata.org/entity/Q4117508,0,10950,,16.12792,43.43587
YEM,Iêmen,Q12226018,http://www.wikidata.org/entity/Q4120340,0,9046,,13.83072,43.90287
YEM,Iêmen,Q12226016,http://www.wikidata.org/entity/Q3196049,0,7824,,,
YEM,Iêmen,Q12226017,http://www.wikidata.org/entity/Q4117789,0,7536,,13.5587,44.43594
YEM,Iêmen,Q12226035,http://www.wikidata.org/entity/Q4117600,0,584,,13.1753,44.2047
YEM,Iêmen,Q12226038,http://www.wikidata.org/entity/Q4117517,0,1156,,16.06762,43.54427
YEM,Iêmen,Q12226039,http://www.wikidata.org/entity/Q4117326,0,4580,,15.08084,44.13807
YEM,Iêmen,Q12226036,http://www.wikidata.org/entity/Q4117517,0,2225,,,
YEM,Iêmen,Q12226042,http://www.wikidata.org/entity/Q4117523,0,3450,,16.95801,43.2993
YEM,Iêmen,Q12226043,http://www.wikidata.org/entity/Q4117562,0,9963,,14.29562,43.46289
YEM,Iêmen,Q12226041,http://www.wikidata.org/entity/Q4118402,0,5290,,14.74331,44.1986
YEM,Iêmen,Q12226046,http://www.wikidata.org/entity/Q4117582,0,6787,,14.88622,43.45808
YEM,Iêmen,Q12226047,http://www.wikidata.org/entity/Q4117582,0,7353,,14.94587,43.50581
YEM,Iêmen,Q12226044,http://www.wikidata.org/entity/Q4117263,0,2645,,14.27258,43.74672
YEM,Iêmen,Q12226045,http://www.wikidata.org/entity/Q4117562,0,16991,,,
YEM,Iêmen,Q12226050,http://www.wikidata.org/entity/Q4117786,0,10193,,13.92273,43.94004
YEM,Iêmen,Q12226051,http://www.wikidata.org/entity/Q4117612,0,7826,,13.902222222222,44.322777777778
YEM,Iêmen,Q12226048,http://www.wikidata.org/entity/Q4118988,0,10761,,15.3279,43.85543
YEM,Iêmen,Q12226049,http://www.wikidata.org/entity/Q4117539,0,2954,,15.85454,43.78462
YEM,Iêmen,Q12226054,http://www.wikidata.org/entity/Q4117612,0,5432,,13.897777777778,44.366111111111
YEM,Iêmen,Q12226055,http://www.wikidata.org/entity/Q4119006,0,19507,,13.543611111111,43.874444444444
YEM,Iêmen,Q12226052,http://www.wikidata.org/entity/Q4117248,0,2050,,15.42586,43.58373
YEM,Iêmen,Q12226053,http://www.wikidata.org/entity/Q4117612,0,6981,,13.8625,44.383888888889
YEM,Iêmen,Q12226058,http://www.wikidata.org/entity/Q4704407,0,7839,,,
YEM,Iêmen,Q12226059,http://www.wikidata.org/entity/Q4117422,0,17055,,,
YEM,Iêmen,Q12226056,http://www.wikidata.org/entity/Q1884217,0,12326,,,
YEM,Iêmen,Q12226057,http://www.wikidata.org/entity/Q4117701,0,7417,,13.985833333333,44.068611111111
YEM,Iêmen,Q12226062,http://www.wikidata.org/entity/Q4117243,0,1192,,15.41354,43.41354
YEM,Iêmen,Q12226060,http://www.wikidata.org/entity/Q4117243,0,3101,,15.45382,43.67934
YEM,Iêmen,Q12226061,http://www.wikidata.org/entity/Q4117248,0,1244,,15.51111,43.49986
YEM,Iêmen,Q12226066,http://www.wikidata.org/entity/Q4117298,0,1735,,,
YEM,Iêmen,Q12226067,http://www.wikidata.org/entity/Q4117678,0,11160,,13.903055555556,43.828055555556
YEM,Iêmen,Q12226064,http://www.wikidata.org/entity/Q4117615,0,2992,,14.67203,43.64467
YEM,Iêmen,Q12226065,http://www.wikidata.org/entity/Q4117518,0,9051,,14.61261,43.57024
YEM,Iêmen,Q12226070,http://www.wikidata.org/entity/Q4117268,0,1791,,14.45893,43.89331
YEM,Iêmen,Q12226071,http://www.wikidata.org/entity/Q4118421,0,4805,,14.11806,43.8324
YEM,Iêmen,Q12226068,http://www.wikidata.org/entity/Q4117298,0,986,,,
YEM,Iêmen,Q12226069,http://www.wikidata.org/entity/Q1010798,0,1722,,15.21496,43.60078
YEM,Iêmen,Q12226074,http://www.wikidata.org/entity/Q4117443,0,2288,,15.56322,43.68827
YEM,Iêmen,Q12226075,http://www.wikidata.org/entity/Q1010798,0,4989,,15.21087,43.63795
YEM,Iêmen,Q12226072,http://www.wikidata.org/entity/Q4117345,0,2316,,15.37804,43.44084
YEM,Iêmen,Q12226073,http://www.wikidata.org/entity/Q6109810,0,11102,,14.80269,43.8477
YEM,Iêmen,Q12226078,http://www.wikidata.org/entity/Q4118402,0,2353,,14.8494,43.95279
YEM,Iêmen,Q12226079,http://www.wikidata.org/entity/Q4117268,0,1809,,14.47641,43.96214
YEM,Iêmen,Q12226076,http://www.wikidata.org/entity/Q4117553,0,1359,,14.82512,43.64939
YEM,Iêmen,Q12226077,http://www.wikidata.org/entity/Q4117337,0,1254,,15.26957,43.57648
YEM,Iêmen,Q12226080,http://www.wikidata.org/entity/Q4117345,0,5493,,15.34558,43.70971
YEM,Iêmen,Q12226102,http://www.wikidata.org/entity/Q4117298,0,575,,14.33188,43.72203
YEM,Iêmen,Q12226103,http://www.wikidata.org/entity/Q4117615,0,1148,,,
YEM,Iêmen,Q12226101,http://www.wikidata.org/entity/Q4117326,0,4803,,15.3329,43.97699
YEM,Iêmen,Q12226106,http://www.wikidata.org/entity/Q4117298,0,2673,,14.29523,43.72377
YEM,Iêmen,Q12226107,http://www.wikidata.org/entity/Q4117337,0,5076,,15.12359,43.53102
YEM,Iêmen,Q12226104,http://www.wikidata.org/entity/Q4118988,0,8809,,15.22943,43.93529
YEM,Iêmen,Q12226105,http://www.wikidata.org/entity/Q4117268,0,1242,,14.49638,43.87045
YEM,Iêmen,Q12226108,http://www.wikidata.org/entity/Q4117532,0,7700,,15.75083,43.5184
YEM,Iêmen,Q12226109,http://www.wikidata.org/entity/Q4117307,0,1140,,14.57486,44.10566
YEM,Iêmen,Q12226142,http://www.wikidata.org/entity/Q4117793,0,1539,,13.81643,43.93214
YEM,Iêmen,Q12226143,http://www.wikidata.org/entity/Q4118313,0,2873,,14.67849,43.78912
YEM,Iêmen,Q12226141,http://www.wikidata.org/entity/Q4118313,0,3154,,14.69176,43.76206
YEM,Iêmen,Q12226146,http://www.wikidata.org/entity/Q4117232,0,4840,,14.98481,43.82715
YEM,Iêmen,Q12226147,http://www.wikidata.org/entity/Q4120340,0,1030,,13.74372,43.85678
YEM,Iêmen,Q12226144,http://www.wikidata.org/entity/Q4117582,0,3757,,14.89739,43.41181
YEM,Iêmen,Q12226145,http://www.wikidata.org/entity/Q4117248,0,6004,,15.33742,43.63572
YEM,Iêmen,Q12226150,http://www.wikidata.org/entity/Q4119006,0,6318,,13.440555555556,43.846388888889
YEM,Iêmen,Q12226151,http://www.wikidata.org/entity/Q4117615,0,3108,,14.73719,43.58122
YEM,Iêmen,Q12226148,http://www.wikidata.org/entity/Q1010798,0,2861,,15.17987,43.61885
YEM,Iêmen,Q12226149,http://www.wikidata.org/entity/Q4117268,0,997,,14.47277,43.87742
YEM,Iêmen,Q12226154,http://www.wikidata.org/entity/Q4117191,0,3030,,14.49033,44.08796
YEM,Iêmen,Q12226155,http://www.wikidata.org/entity/Q4117335,0,10818,,,
YEM,Iêmen,Q12226152,http://www.wikidata.org/entity/Q4733335,0,10126,,15.70531,42.76418
YEM,Iêmen,Q12226153,http://www.wikidata.org/entity/Q4117405,0,41556,,15.9724,43.19709
YEM,Iêmen,Q12226158,http://www.wikidata.org/entity/Q4117232,0,1003,,14.90572,43.85639
YEM,Iêmen,Q12226159,http://www.wikidata.org/entity/Q4117504,0,17222,,,
YEM,Iêmen,Q12226156,http://www.wikidata.org/entity/Q4117514,0,13114,,15.95074,44.10894
YEM,Iêmen,Q12226157,http://www.wikidata.org/entity/Q4117518,0,3167,,14.64643,43.59255
YEM,Iêmen,Q12226170,http://www.wikidata.org/entity/Q4117525,0,19633,,15.59486,43.96951
YEM,Iêmen,Q12226171,http://www.wikidata.org/entity/Q4117546,0,9355,,17.10884,43.57656
YEM,Iêmen,Q12226169,http://www.wikidata.org/entity/Q4117601,0,2321,,14.05363,43.59925
YEM,Iêmen,Q12226174,http://www.wikidata.org/entity/Q6109810,0,2794,,14.63374,43.95501
YEM,Iêmen,Q12226175,http://www.wikidata.org/entity/Q4117298,0,2273,,14.1738,43.76108
YEM,Iêmen,Q12226172,http://www.wikidata.org/entity/Q1650858,0,2507,,14.67552,44.69277
YEM,Iêmen,Q12226173,http://www.wikidata.org/entity/Q4117422,0,13630,,16.03407,43.40065
YEM,Iêmen,Q12226178,http://www.wikidata.org/entity/Q4117268,0,1254,,14.42923,44.00936
YEM,Iêmen,Q12226179,http://www.wikidata.org/entity/Q1010798,0,3991,,15.181666666667,43.5725
YEM,Iêmen,Q12226176,http://www.wikidata.org/entity/Q4117405,0,24328,,,
YEM,Iêmen,Q12226177,http://www.wikidata.org/entity/Q4117553,0,2823,,14.75485,43.52526
YEM,Iêmen,Q12226180,http://www.wikidata.org/entity/Q4117298,0,8993,,,
YEM,Iêmen,Q12226181,http://www.wikidata.org/entity/Q4117422,0,12458,,,
YEM,Iêmen,Q12226295,http://www.wikidata.org/entity/Q4117700,0,6944,,13.98654,44.38274
YEM,Iêmen,Q12226298,http://www.wikidata.org/entity/Q4120340,0,4175,,13.71089,43.96468
YEM,Iêmen,Q12226299,http://www.wikidata.org/entity/Q4117467,0,5968,,16.18737,43.62812
YEM,Iêmen,Q12226296,http://www.wikidata.org/entity/Q4117345,0,2286,,15.45794,43.70328
YEM,Iêmen,Q12226297,http://www.wikidata.org/entity/Q4117786,0,5797,,14.01724,44.01737
YEM,Iêmen,Q12226302,http://www.wikidata.org/entity/Q4117298,0,3959,,14.36562,43.69764
YEM,Iêmen,Q12226303,http://www.wikidata.org/entity/Q4117558,0,8461,,16.04953,43.74641
YEM,Iêmen,Q12226300,http://www.wikidata.org/entity/Q1884209,0,13679,,16.73665,43.69899
YEM,Iêmen,Q12226301,http://www.wikidata.org/entity/Q4117482,0,2494,,17.24468,43.25801
YEM,Iêmen,Q12226306,http://www.wikidata.org/entity/Q1650858,0,4155,,14.73681,44.52589
YEM,Iêmen,Q12226307,http://www.wikidata.org/entity/Q1650858,0,1233,,14.9287,44.48163
YEM,Iêmen,Q12226304,http://www.wikidata.org/entity/Q4119006,0,15367,,13.513,43.91107
YEM,Iêmen,Q12226305,http://www.wikidata.org/entity/Q4118402,0,1545,,14.76635,44.01571
YEM,Iêmen,Q12226311,http://www.wikidata.org/entity/Q4117500,0,433,,16.76122,43.56308
YEM,Iêmen,Q12226308,http://www.wikidata.org/entity/Q4117268,0,2249,,14.42537,43.87107
YEM,Iêmen,Q12226309,http://www.wikidata.org/entity/Q4165477,0,1716,,13.23274,44.14054
YEM,Iêmen,Q12226314,http://www.wikidata.org/entity/Q4117407,0,2492,,15.56978,43.59613
YEM,Iêmen,Q12226315,http://www.wikidata.org/entity/Q4117298,0,4301,,14.26012,43.63516
YEM,Iêmen,Q12226312,http://www.wikidata.org/entity/Q4117563,0,3656,,16.08973,43.97698
YEM,Iêmen,Q12226313,http://www.wikidata.org/entity/Q4117268,0,5230,,14.46001,43.91003
YEM,Iêmen,Q12226354,http://www.wikidata.org/entity/Q4120339,0,4888,,13.78063,43.81628
YEM,Iêmen,Q12226355,http://www.wikidata.org/entity/Q4117298,0,2003,,14.28496,43.69604
YEM,Iêmen,Q12226353,http://www.wikidata.org/entity/Q4117298,0,5576,,14.31276,43.5861
YEM,Iêmen,Q12226356,http://www.wikidata.org/entity/Q4117298,0,1314,,14.21985,43.6033
YEM,Iêmen,Q12226378,http://www.wikidata.org/entity/Q4118988,0,6329,,15.18862,43.87228
YEM,Iêmen,Q12226379,http://www.wikidata.org/entity/Q4117443,0,3060,,15.64208,43.66183
YEM,Iêmen,Q12226382,http://www.wikidata.org/entity/Q4117298,0,3962,,14.17424,43.60444
YEM,Iêmen,Q12226383,http://www.wikidata.org/entity/Q4117411,0,9027,,15.76064,43.68248
YEM,Iêmen,Q12226380,http://www.wikidata.org/entity/Q4117609,0,8594,,15.4083,43.11999
YEM,Iêmen,Q12226381,http://www.wikidata.org/entity/Q4117496,0,2643,,,
YEM,Iêmen,Q12226386,http://www.wikidata.org/entity/Q4117553,0,2056,,14.8317,43.53321
YEM,Iêmen,Q12226387,http://www.wikidata.org/entity/Q4117467,0,9542,,16.25755,43.62425
YEM,Iêmen,Q12226384,http://www.wikidata.org/entity/Q4117615,0,1927,,14.73799,43.61333
YEM,Iêmen,Q12226385,http://www.wikidata.org/entity/Q4117541,0,9187,,16.34778,42.86635
YEM,Iêmen,Q12226390,http://www.wikidata.org/entity/Q4117518,0,1393,,14.67161,43.83021
YEM,Iêmen,Q12226391,http://www.wikidata.org/entity/Q4117786,0,13754,,13.98006,43.99427
YEM,Iêmen,Q12226388,http://www.wikidata.org/entity/Q4117507,0,15285,,15.90637,43.26016
YEM,Iêmen,Q12226389,http://www.wikidata.org/entity/Q4118313,0,8001,,14.58452,43.59255
YEM,Iêmen,Q12226392,http://www.wikidata.org/entity/Q4117467,0,11445,,16.2316,43.66012
YEM,Iêmen,Q12226393,http://www.wikidata.org/entity/Q4117539,0,4959,,,
YEM,Iêmen,Q12226422,http://www.wikidata.org/entity/Q4117232,0,1781,,15.061111111111,43.919166666667
YEM,Iêmen,Q12226423,http://www.wikidata.org/entity/Q4118402,0,1763,,14.78302,44.0451
YEM,Iêmen,Q12226421,http://www.wikidata.org/entity/Q4118427,0,4600,,14.00343,44.35962
YEM,Iêmen,Q12226426,http://www.wikidata.org/entity/Q4117248,0,1204,,15.53668,43.5547
YEM,Iêmen,Q12226424,http://www.wikidata.org/entity/Q4118402,0,1580,,,
YEM,Iêmen,Q12226425,http://www.wikidata.org/entity/Q4874935,0,44359,,14.51272,43.31061
YEM,Iêmen,Q12226430,http://www.wikidata.org/entity/Q4117716,0,880,,,
YEM,Iêmen,Q12226431,http://www.wikidata.org/entity/Q4117191,0,3301,,14.48192,44.13931
YEM,Iêmen,Q12226428,http://www.wikidata.org/entity/Q4117519,0,3161,,15.69389,44.21113
YEM,Iêmen,Q12226429,http://www.wikidata.org/entity/Q4117343,0,4474,,15.68293,43.68478
YEM,Iêmen,Q12226434,http://www.wikidata.org/entity/Q4117268,0,2154,,14.47329,44.01498
YEM,Iêmen,Q12226435,http://www.wikidata.org/entity/Q4117248,0,1039,,15.52025,43.55016
YEM,Iêmen,Q12226432,http://www.wikidata.org/entity/Q4118981,0,1977,,13.74995,43.69205
YEM,Iêmen,Q12226433,http://www.wikidata.org/entity/Q4118385,0,7455,,13.54115,44.08566
YEM,Iêmen,Q12226438,http://www.wikidata.org/entity/Q4117448,0,2153,,15.90954,44.0626
YEM,Iêmen,Q12226439,http://www.wikidata.org/entity/Q4118402,0,868,,14.77201,44.02821
YEM,Iêmen,Q12226436,http://www.wikidata.org/entity/Q4117448,0,4578,,15.93072,44.02321
YEM,Iêmen,Q12226437,http://www.wikidata.org/entity/Q4117440,0,6731,,,
YEM,Iêmen,Q12226442,http://www.wikidata.org/entity/Q4117705,0,348,,,
YEM,Iêmen,Q12226440,http://www.wikidata.org/entity/Q4117448,0,2027,,15.88242,44.05765
YEM,Iêmen,Q12226441,http://www.wikidata.org/entity/Q4117791,0,7793,,,
YEM,Iêmen,Q12226462,http://www.wikidata.org/entity/Q4117326,0,4615,,15.27169,43.98148
YEM,Iêmen,Q12226570,http://www.wikidata.org/entity/Q4118402,0,2597,,14.73594,44.00029
YEM,Iêmen,Q12226571,http://www.wikidata.org/entity/Q4118402,0,6186,,14.73512,44.03001
YEM,Iêmen,Q12226569,http://www.wikidata.org/entity/Q4118402,0,3743,,14.76589,44.04835
YEM,Iêmen,Q12226574,http://www.wikidata.org/entity/Q4117448,0,3096,,,
YEM,Iêmen,Q12226575,http://www.wikidata.org/entity/Q4117508,0,2719,,16.20597,43.42485
YEM,Iêmen,Q12226572,http://www.wikidata.org/entity/Q4118402,0,5385,,14.72827,44.06158
YEM,Iêmen,Q12226573,http://www.wikidata.org/entity/Q4117320,0,1976,,15.34655,44.3803
YEM,Iêmen,Q12226576,http://www.wikidata.org/entity/Q4117448,0,3127,,15.83193,44.15507
YEM,Iêmen,Q12226577,http://www.wikidata.org/entity/Q4117448,0,14459,,15.77321,44.09333
YEM,Iêmen,Q12226602,http://www.wikidata.org/entity/Q4117716,0,800,,,
YEM,Iêmen,Q12226603,http://www.wikidata.org/entity/Q4117240,0,16189,,14.11302,44.67358
YEM,Iêmen,Q12226601,http://www.wikidata.org/entity/Q1010798,0,1624,,15.1576,43.60525
YEM,Iêmen,Q12226606,http://www.wikidata.org/entity/Q4117695,0,928,,16.70581,52.70489
YEM,Iêmen,Q12226607,http://www.wikidata.org/entity/Q4117428,0,4577,,15.65386,43.55423
YEM,Iêmen,Q12226604,http://www.wikidata.org/entity/Q6109810,0,5623,,14.68788,43.93572
YEM,Iêmen,Q12226605,http://www.wikidata.org/entity/Q4703500,0,3190,,16.31156,43.80505
YEM,Iêmen,Q12226610,http://www.wikidata.org/entity/Q4117337,0,2036,,15.22449,43.41629
YEM,Iêmen,Q12226611,http://www.wikidata.org/entity/Q4117820,0,6664,,14.1238,44.23837
YEM,Iêmen,Q12226608,http://www.wikidata.org/entity/Q4704229,0,12218,,13.8803,43.32495
YEM,Iêmen,Q12226609,http://www.wikidata.org/entity/Q4117326,0,6792,,15.17832,44.19137
YEM,Iêmen,Q12226614,http://www.wikidata.org/entity/Q4165477,0,7550,,13.23336,44.11503
YEM,Iêmen,Q12226615,http://www.wikidata.org/entity/Q4117553,0,3879,,14.76995,43.58626
YEM,Iêmen,Q12226612,http://www.wikidata.org/entity/Q4117307,0,3254,,14.59489,44.03619
YEM,Iêmen,Q12226613,http://www.wikidata.org/entity/Q4118414,0,3210,,,
YEM,Iêmen,Q12226618,http://www.wikidata.org/entity/Q4117714,0,2237,,,
YEM,Iêmen,Q12226619,http://www.wikidata.org/entity/Q4117418,0,1553,,16.31293,43.96665
YEM,Iêmen,Q12226616,http://www.wikidata.org/entity/Q665937,0,17262,,16.2214,43.7185
YEM,Iêmen,Q12226622,http://www.wikidata.org/entity/Q1650593,0,1074,,16.32046,43.94184
YEM,Iêmen,Q12226623,http://www.wikidata.org/entity/Q4117229,0,6489,,,
YEM,Iêmen,Q12226620,http://www.wikidata.org/entity/Q4117794,0,757,,,
YEM,Iêmen,Q12226621,http://www.wikidata.org/entity/Q4703500,0,7380,,16.44081,43.8218
YEM,Iêmen,Q12226627,http://www.wikidata.org/entity/Q4117418,0,2293,,16.23247,43.9991
YEM,Iêmen,Q12226624,http://www.wikidata.org/entity/Q4117418,0,879,,16.30053,43.95859
YEM,Iêmen,Q12226625,http://www.wikidata.org/entity/Q4117418,0,925,,16.23496,44.0576
YEM,Iêmen,Q12226630,http://www.wikidata.org/entity/Q4117577,0,6455,,,
YEM,Iêmen,Q12226629,http://www.wikidata.org/entity/Q4117425,0,2702,,16.58532,43.43045
YEM,Iêmen,Q12226674,http://www.wikidata.org/entity/Q4117240,0,4353,,14.10754,44.61941
YEM,Iêmen,Q12226675,http://www.wikidata.org/entity/Q4118334,0,56382,,,
YEM,Iêmen,Q12226672,http://www.wikidata.org/entity/Q4117229,0,5700,,,
YEM,Iêmen,Q12226673,http://www.wikidata.org/entity/Q4117567,0,1783,,14.86854,44.97454
YEM,Iêmen,Q12226678,http://www.wikidata.org/entity/Q4118321,0,2138,,13.9015,44.0233
YEM,Iêmen,Q12226679,http://www.wikidata.org/entity/Q4117268,0,691,,14.51503,44.04711
YEM,Iêmen,Q12226676,http://www.wikidata.org/entity/Q4117692,0,1298,,,
YEM,Iêmen,Q12226677,http://www.wikidata.org/entity/Q4117407,0,7827,,15.56033,43.62576
YEM,Iêmen,Q12226682,http://www.wikidata.org/entity/Q4118321,0,12528,,13.828888888889,44.031666666667
YEM,Iêmen,Q12226683,http://www.wikidata.org/entity/Q4117431,0,13971,,15.81608,44.03539
YEM,Iêmen,Q12226680,http://www.wikidata.org/entity/Q4117699,0,18242,,14.31137,44.41976
YEM,Iêmen,Q12226681,http://www.wikidata.org/entity/Q4117518,0,2923,,14.39633,43.55647
YEM,Iêmen,Q12226687,http://www.wikidata.org/entity/Q4117794,0,965,,,
YEM,Iêmen,Q12226684,http://www.wikidata.org/entity/Q4703500,0,2845,,16.23099,43.85343
YEM,Iêmen,Q12226685,http://www.wikidata.org/entity/Q4117701,0,11654,,13.99939,44.21496
YEM,Iêmen,Q12226690,http://www.wikidata.org/entity/Q4117612,0,7436,,13.78108,44.3359
YEM,Iêmen,Q12226691,http://www.wikidata.org/entity/Q4117573,0,2755,,16.7765,43.44718
YEM,Iêmen,Q12226688,http://www.wikidata.org/entity/Q1164303,0,88155,,13.78764,45.78764
YEM,Iêmen,Q12226689,http://www.wikidata.org/entity/Q4117263,0,1373,,14.3523,43.91174
YEM,Iêmen,Q12226714,http://www.wikidata.org/entity/Q4117336,0,9199,,15.38266,44.29027
YEM,Iêmen,Q12226715,http://www.wikidata.org/entity/Q4117514,0,3795,,16.02101,44.19194
YEM,Iêmen,Q12226713,http://www.wikidata.org/entity/Q4117305,0,17859,,,
YEM,Iêmen,Q12226718,http://www.wikidata.org/entity/Q1884237,0,3256,,14.58696,43.62854
YEM,Iêmen,Q12226719,http://www.wikidata.org/entity/Q4117339,0,3336,,,
YEM,Iêmen,Q12226716,http://www.wikidata.org/entity/Q4117825,0,24321,,14.65522,44.30353
YEM,Iêmen,Q12226717,http://www.wikidata.org/entity/Q4117232,0,912,,14.91811,43.93393
YEM,Iêmen,Q12226722,http://www.wikidata.org/entity/Q4117810,0,2948,,,
YEM,Iêmen,Q12226723,http://www.wikidata.org/entity/Q1656398,0,9532,,15.54325,51.1528
YEM,Iêmen,Q12226720,http://www.wikidata.org/entity/Q4117507,0,9690,,15.7755,43.31341
YEM,Iêmen,Q12226721,http://www.wikidata.org/entity/Q4117625,0,7014,,14.22828,44.54809
YEM,Iêmen,Q12226726,http://www.wikidata.org/entity/Q665937,0,16503,,16.14179,43.66985
YEM,Iêmen,Q12226727,http://www.wikidata.org/entity/Q4118385,0,4978,,13.5259,44.02275
YEM,Iêmen,Q12226724,http://www.wikidata.org/entity/Q4117700,0,8186,,13.98579,44.25017
YEM,Iêmen,Q12226725,http://www.wikidata.org/entity/Q665937,0,5832,,16.15038,43.72796
YEM,Iêmen,Q12226730,http://www.wikidata.org/entity/Q4118310,0,5053,,14.0904,44.08922
YEM,Iêmen,Q12226731,http://www.wikidata.org/entity/Q4117263,0,1347,,14.37487,43.88135
YEM,Iêmen,Q12226728,http://www.wikidata.org/entity/Q4117519,0,8568,,15.64488,44.26109
YEM,Iêmen,Q12226729,http://www.wikidata.org/entity/Q4118402,0,2873,,14.68697,44.29026
YEM,Iêmen,Q12226732,http://www.wikidata.org/entity/Q4117372,0,7462,,15.51905,43.8983
YEM,Iêmen,Q12226899,http://www.wikidata.org/entity/Q4117786,0,6286,,14.03432,43.82766
YEM,Iêmen,Q12226900,http://www.wikidata.org/entity/Q4120341,0,42976,,13.28214,44.15537
YEM,Iêmen,Q12226901,http://www.wikidata.org/entity/Q4117428,0,10357,,15.63837,43.55585
YEM,Iêmen,Q12226939,http://www.wikidata.org/entity/Q4117561,0,14855,,13.32236,44.54736
YEM,Iêmen,Q12226942,http://www.wikidata.org/entity/Q1650858,0,10110,,14.66855,44.44812
YEM,Iêmen,Q12226943,http://www.wikidata.org/entity/Q4117307,0,2351,,14.57562,44.13284
YEM,Iêmen,Q12226940,http://www.wikidata.org/entity/Q4117609,0,28653,,15.4653,43.1373
YEM,Iêmen,Q12226941,http://www.wikidata.org/entity/Q4117507,0,10415,,15.82358,43.36957
YEM,Iêmen,Q12226946,http://www.wikidata.org/entity/Q1650858,0,3032,,14.7613,44.75319
YEM,Iêmen,Q12226947,http://www.wikidata.org/entity/Q1650858,0,2022,,14.77692,44.55179
YEM,Iêmen,Q12226944,http://www.wikidata.org/entity/Q4117240,0,7130,,14.03805,44.64952
YEM,Iêmen,Q12227036,http://www.wikidata.org/entity/Q4117505,0,1108,,15.67972,43.63813
YEM,Iêmen,Q12227037,http://www.wikidata.org/entity/Q4117519,0,12135,,15.62139,44.15594
YEM,Iêmen,Q12227062,http://www.wikidata.org/entity/Q4117320,0,4383,,15.28102,44.39694
YEM,Iêmen,Q12227063,http://www.wikidata.org/entity/Q4117617,0,2009,,,
YEM,Iêmen,Q12227061,http://www.wikidata.org/entity/Q4119006,0,3264,,13.435555555556,43.942777777778
YEM,Iêmen,Q12227066,http://www.wikidata.org/entity/Q4117526,0,5044,,16.07444,48.28209
YEM,Iêmen,Q12227067,http://www.wikidata.org/entity/Q4117317,0,13658,,14.31876,44.54575
YEM,Iêmen,Q12227064,http://www.wikidata.org/entity/Q4117599,0,11430,,14.13118,44.41421
YEM,Iêmen,Q12227065,http://www.wikidata.org/entity/Q4117286,0,6248,,,
YEM,Iêmen,Q12227070,http://www.wikidata.org/entity/Q4117787,0,1852,,13.77609,44.22743
YEM,Iêmen,Q12227071,http://www.wikidata.org/entity/Q4117617,0,681,,16.13856,44.21946
YEM,Iêmen,Q12227068,http://www.wikidata.org/entity/Q4117341,0,884,,15.51833,43.47819
YEM,Iêmen,Q12227069,http://www.wikidata.org/entity/Q4118321,0,26028,,13.82207,44.11905
YEM,Iêmen,Q12227074,http://www.wikidata.org/entity/Q4117443,0,2418,,,
YEM,Iêmen,Q12227075,http://www.wikidata.org/entity/Q4117492,0,6662,,16.71668,43.9325
YEM,Iêmen,Q12227072,http://www.wikidata.org/entity/Q4117599,0,5630,,14.21951,44.46513
YEM,Iêmen,Q12227073,http://www.wikidata.org/entity/Q1884209,0,7394,,16.90092,43.63347
YEM,Iêmen,Q12227078,http://www.wikidata.org/entity/Q20423902,0,4211,,13.51244,44.02625
YEM,Iêmen,Q12227079,http://www.wikidata.org/entity/Q4117191,0,3311,,14.4424,44.08798
YEM,Iêmen,Q12227076,http://www.wikidata.org/entity/Q4117617,0,2729,,16.50096,43.97699
YEM,Iêmen,Q12227077,http://www.wikidata.org/entity/Q4117191,0,727,,14.54598,44.11648
YEM,Iêmen,Q12227080,http://www.wikidata.org/entity/Q4117794,0,782,,,
YEM,Iêmen,Q16118194,http://www.wikidata.org/entity/Q4117562,0,4632,,,
YEM,Iêmen,Q17485613,http://www.wikidata.org/entity/Q4117680,0,67,,,
YEM,Iêmen,Q17485757,http://www.wikidata.org/entity/Q12225221,0,961,,,
YEM,Iêmen,Q17505517,http://www.wikidata.org/entity/Q12226027,0,214,,,
YEM,Iêmen,Q17542777,http://www.wikidata.org/entity/Q12226690,0,20,,,
YEM,Iêmen,Q17542987,http://www.wikidata.org/entity/Q12225319,0,303,,,
YEM,Iêmen,Q12226945,http://www.wikidata.org/entity/Q4118310,0,2535,,14.11276,44.0756
YEM,Iêmen,Q12226950,http://www.wikidata.org/entity/Q4117268,0,976,,,
YEM,Iêmen,Q12226951,http://www.wikidata.org/entity/Q4118324,0,5118,,14.10142,44.50334
YEM,Iêmen,Q12226948,http://www.wikidata.org/entity/Q292455,0,1552,,15.54171,43.67843
YEM,Iêmen,Q12226949,http://www.wikidata.org/entity/Q4117606,0,75014,,13.86072,45.21806
YEM,Iêmen,Q12226954,http://www.wikidata.org/entity/Q4117532,0,8402,,15.74935,43.55259
YEM,Iêmen,Q12226955,http://www.wikidata.org/entity/Q4117236,0,5003,,15.06148,43.6447
YEM,Iêmen,Q12226952,http://www.wikidata.org/entity/Q1010798,0,9401,,14.94617,43.69696
YEM,Iêmen,Q12226953,http://www.wikidata.org/entity/Q4117307,0,985,,14.73775,44.11378
YEM,Iêmen,Q12226956,http://www.wikidata.org/entity/Q4117546,0,6695,,17.06612,43.57439
YEM,Iêmen,Q12226957,http://www.wikidata.org/entity/Q4118981,0,1779,,13.74026,43.70788
YEM,Iêmen,Q12226982,http://www.wikidata.org/entity/Q4117331,0,17631,,16.04539,43.37197
YEM,Iêmen,Q12226983,http://www.wikidata.org/entity/Q4117569,0,16416,,14.58972,43.76197
YEM,Iêmen,Q12226980,http://www.wikidata.org/entity/Q4117517,0,7381,,15.98755,43.56114
YEM,Iêmen,Q12226981,http://www.wikidata.org/entity/Q20423902,0,9168,,13.48288,43.99574
YEM,Iêmen,Q12226986,http://www.wikidata.org/entity/Q4117716,0,1228,,,
YEM,Iêmen,Q12226987,http://www.wikidata.org/entity/Q4117517,0,3301,,16.06301,43.50637
YEM,Iêmen,Q12226984,http://www.wikidata.org/entity/Q4117794,0,2307,,,
YEM,Iêmen,Q12226985,http://www.wikidata.org/entity/Q4117339,0,14419,,15.19591,44.51059
YEM,Iêmen,Q12226990,http://www.wikidata.org/entity/Q4117405,0,22626,,16.05438,43.04147
YEM,Iêmen,Q12226991,http://www.wikidata.org/entity/Q4117612,0,6830,,13.95129,44.32703
YEM,Iêmen,Q12226988,http://www.wikidata.org/entity/Q4118869,0,12205,,13.52487,43.99886
YEM,Iêmen,Q12226989,http://www.wikidata.org/entity/Q4117601,0,2264,,14.06992,43.74911
YEM,Iêmen,Q12226994,http://www.wikidata.org/entity/Q4117600,0,4864,,13.16655,44.27539
YEM,Iêmen,Q12226995,http://www.wikidata.org/entity/Q4117263,0,2016,,14.31806,43.8582
YEM,Iêmen,Q12226992,http://www.wikidata.org/entity/Q4117789,0,3115,,,
YEM,Iêmen,Q12226993,http://www.wikidata.org/entity/Q4117191,0,1145,,14.51533,44.09249
YEM,Iêmen,Q12226996,http://www.wikidata.org/entity/Q6109810,0,1224,,14.79678,43.93643
YEM,Iêmen,Q12226997,http://www.wikidata.org/entity/Q4117232,0,1720,,15.10214,43.90217
YEM,Iêmen,Q12227002,http://www.wikidata.org/entity/Q10754970,0,30886,,,
YEM,Iêmen,Q12227003,http://www.wikidata.org/entity/Q4117240,0,4051,,14.04647,44.58454
YEM,Iêmen,Q12227000,http://www.wikidata.org/entity/Q4118324,0,7064,,14.0785,44.42105
YEM,Iêmen,Q12227001,http://www.wikidata.org/entity/Q1010798,0,7098,,15.07828,43.73705
YEM,Iêmen,Q12227006,http://www.wikidata.org/entity/Q4118996,0,13336,,13.28023,43.53124
YEM,Iêmen,Q12227007,http://www.wikidata.org/entity/Q6109810,0,2275,,14.67788,43.97809
YEM,Iêmen,Q12227004,http://www.wikidata.org/entity/Q4733335,0,12993,,,
YEM,Iêmen,Q12227005,http://www.wikidata.org/entity/Q4120339,0,2026,,13.7762,43.83107
YEM,Iêmen,Q12227010,http://www.wikidata.org/entity/Q4117701,0,18311,,13.91103,44.26649
YEM,Iêmen,Q12227011,http://www.wikidata.org/entity/Q4117789,0,2984,,,
YEM,Iêmen,Q12227008,http://www.wikidata.org/entity/Q6109810,0,2193,,,
YEM,Iêmen,Q12227009,http://www.wikidata.org/entity/Q4117191,0,5322,,14.53976,44.15384
YEM,Iêmen,Q12227014,http://www.wikidata.org/entity/Q4117524,0,8554,,15.96358,43.79543
YEM,Iêmen,Q12227012,http://www.wikidata.org/entity/Q4118981,0,14411,,13.72446,43.73195
YEM,Iêmen,Q12227013,http://www.wikidata.org/entity/Q4117805,0,7839,,14.19116,48.61176
YEM,Iêmen,Q12227022,http://www.wikidata.org/entity/Q4117516,0,3908,,13.97061,44.85381
YEM,Iêmen,Q12227023,http://www.wikidata.org/entity/Q328180,0,6511,,14.51609,45.99511
YEM,Iêmen,Q12227020,http://www.wikidata.org/entity/Q4117250,0,4916,,,
YEM,Iêmen,Q12227021,http://www.wikidata.org/entity/Q4117263,0,1808,,14.37743,43.84075
YEM,Iêmen,Q12227026,http://www.wikidata.org/entity/Q4119006,0,2445,,13.48615,43.91412
YEM,Iêmen,Q12227027,http://www.wikidata.org/entity/Q4117527,0,10078,,16.02253,43.48386
YEM,Iêmen,Q12227024,http://www.wikidata.org/entity/Q4118310,0,4683,,14.0228,44.06042
YEM,Iêmen,Q12227025,http://www.wikidata.org/entity/Q4117341,0,9043,,15.50961,43.37784
YEM,Iêmen,Q12227030,http://www.wikidata.org/entity/Q4117504,0,33685,,15.87116,43.5961
YEM,Iêmen,Q12227031,http://www.wikidata.org/entity/Q1650858,0,1515,,14.88323,44.61833
YEM,Iêmen,Q12227028,http://www.wikidata.org/entity/Q4118313,0,2027,,14.62775,43.78717
YEM,Iêmen,Q12227029,http://www.wikidata.org/entity/Q4117500,0,1756,,,
YEM,Iêmen,Q12227034,http://www.wikidata.org/entity/Q4117787,0,16608,,13.87813,44.19242
YEM,Iêmen,Q12227035,http://www.wikidata.org/entity/Q4118402,0,3495,,14.77334,44.1498
YEM,Iêmen,Q12227032,http://www.wikidata.org/entity/Q6851806,0,2034,,15.37468,43.26757
YEM,Iêmen,Q12227033,http://www.wikidata.org/entity/Q4117268,0,717,,14.53409,44.05819
YEM,Iêmen,Q12227038,http://www.wikidata.org/entity/Q4117277,0,24473,,,
YEM,Iêmen,Q12227039,http://www.wikidata.org/entity/Q6851806,0,4928,,15.39894,43.29783
YEM,Iêmen,Q12225375,http://www.wikidata.org/entity/Q4117302,0,26666,,,
YEM,Iêmen,Q12225378,http://www.wikidata.org/entity/Q4117582,0,6143,,14.85297,43.44643
YEM,Iêmen,Q12225379,http://www.wikidata.org/entity/Q4117304,0,11311,,,
YEM,Iêmen,Q12225377,http://www.wikidata.org/entity/Q4117705,0,829,,,
YEM,Iêmen,Q12225382,http://www.wikidata.org/entity/Q4117418,0,1373,,16.28393,43.97708
YEM,Iêmen,Q12225383,http://www.wikidata.org/entity/Q4117320,0,1303,,15.27062,44.34192
YEM,Iêmen,Q12225380,http://www.wikidata.org/entity/Q4117630,0,7335,,15.59254,43.18979
YEM,Iêmen,Q12225381,http://www.wikidata.org/entity/Q2217814,0,46604,,15.13111,43.22399
YEM,Iêmen,Q12225386,http://www.wikidata.org/entity/Q4117558,0,12123,,16.07016,43.70532
YEM,Iêmen,Q12225387,http://www.wikidata.org/entity/Q4117500,0,2792,,,
YEM,Iêmen,Q12225384,http://www.wikidata.org/entity/Q4117519,0,7314,,15.75381,44.19659
YEM,Iêmen,Q12225385,http://www.wikidata.org/entity/Q4117440,0,3700,,15.60389,43.8784
YEM,Iêmen,Q12225390,http://www.wikidata.org/entity/Q4118981,0,7863,,13.66257,43.71829
YEM,Iêmen,Q12225391,http://www.wikidata.org/entity/Q328180,0,1892,,14.58812,45.96993
YEM,Iêmen,Q12225388,http://www.wikidata.org/entity/Q4704229,0,13812,,13.81789,43.28371
YEM,Iêmen,Q12225389,http://www.wikidata.org/entity/Q4733335,0,8387,,,
YEM,Iêmen,Q12225392,http://www.wikidata.org/entity/Q4117787,0,16437,,13.82245,44.2091
YEM,Iêmen,Q12225393,http://www.wikidata.org/entity/Q4117298,0,2157,,14.27318,43.52432
YEM,Iêmen,Q12225459,http://www.wikidata.org/entity/Q292455,0,2094,,15.52975,43.68712
YEM,Iêmen,Q12225462,http://www.wikidata.org/entity/Q4117372,0,2171,,15.41312,43.87358
YEM,Iêmen,Q12225463,http://www.wikidata.org/entity/Q4117519,0,2110,,15.74426,44.35227
YEM,Iêmen,Q12225461,http://www.wikidata.org/entity/Q4117810,0,9244,,,
YEM,Iêmen,Q12225466,http://www.wikidata.org/entity/Q4120339,0,5721,,13.78028,43.68779
YEM,Iêmen,Q12225467,http://www.wikidata.org/entity/Q4117562,0,8227,,14.18268,43.3882
YEM,Iêmen,Q12225465,http://www.wikidata.org/entity/Q4117496,0,2895,,14.50529,43.04888
YEM,Iêmen,Q12225470,http://www.wikidata.org/entity/Q4117599,0,5727,,14.10983,44.42321
YEM,Iêmen,Q12225471,http://www.wikidata.org/entity/Q4733335,0,13594,,15.6254,43.00054
YEM,Iêmen,Q12225468,http://www.wikidata.org/entity/Q4165477,0,8609,,13.12654,44.0395
YEM,Iêmen,Q12225475,http://www.wikidata.org/entity/Q4733335,0,7525,,15.56064,42.9479
YEM,Iêmen,Q12225473,http://www.wikidata.org/entity/Q4733335,0,10187,,15.57915,43.03593
YEM,Iêmen,Q12225479,http://www.wikidata.org/entity/Q4120339,0,6815,,13.62799,43.83272
YEM,Iêmen,Q12225477,http://www.wikidata.org/entity/Q4117600,0,1275,,13.20124,44.21831
YEM,Iêmen,Q12225482,http://www.wikidata.org/entity/Q1650840,0,14746,,13.53988,43.35602
YEM,Iêmen,Q12225483,http://www.wikidata.org/entity/Q4117630,0,43260,,15.73703,42.99036
YEM,Iêmen,Q12225480,http://www.wikidata.org/entity/Q4165477,0,2963,,13.16874,44.07834
YEM,Iêmen,Q12225481,http://www.wikidata.org/entity/Q4118324,0,3186,,14.07797,44.4911
YEM,Iêmen,Q12225485,http://www.wikidata.org/entity/Q1884248,0,8258,,13.75143,44.02576
YEM,Iêmen,Q12225564,http://www.wikidata.org/entity/Q1884248,0,9259,,13.62384,44.04977
YEM,Iêmen,Q12225565,http://www.wikidata.org/entity/Q1884248,0,10673,,13.60661,44.11946
YEM,Iêmen,Q12225831,http://www.wikidata.org/entity/Q4117304,0,1904,,,
YEM,Iêmen,Q12225834,http://www.wikidata.org/entity/Q4117451,0,2226,,14.15797,43.30235
YEM,Iêmen,Q12225835,http://www.wikidata.org/entity/Q4117340,0,14746,,15.9491,43.43767
YEM,Iêmen,Q12225832,http://www.wikidata.org/entity/Q4117307,0,2951,,14.69645,44.21703
YEM,Iêmen,Q12225833,http://www.wikidata.org/entity/Q4117298,0,1655,,14.13987,43.63538
YEM,Iêmen,Q12225838,http://www.wikidata.org/entity/Q4117559,0,7232,,15.51919,44.89093
YEM,Iêmen,Q12225839,http://www.wikidata.org/entity/Q4117500,0,2311,,,
YEM,Iêmen,Q12225836,http://www.wikidata.org/entity/Q4117529,0,9042,,15.35338,43.16596
YEM,Iêmen,Q12225837,http://www.wikidata.org/entity/Q4117263,0,1227,,14.27203,43.81232
YEM,Iêmen,Q12225842,http://www.wikidata.org/entity/Q4117562,0,11417,,14.30667,43.29533
YEM,Iêmen,Q12225843,http://www.wikidata.org/entity/Q4117789,0,3470,,13.65888,44.29319
YEM,Iêmen,Q12225840,http://www.wikidata.org/entity/Q4117601,0,515,,14.11557,43.58592
YEM,Iêmen,Q12225841,http://www.wikidata.org/entity/Q4117820,0,2434,,14.20002,44.22681
YEM,Iêmen,Q12225846,http://www.wikidata.org/entity/Q4117340,0,1059,,15.98033,43.44945
YEM,Iêmen,Q12225847,http://www.wikidata.org/entity/Q1650840,0,12559,,,
YEM,Iêmen,Q12225844,http://www.wikidata.org/entity/Q4117807,0,469,,,
YEM,Iêmen,Q12225845,http://www.wikidata.org/entity/Q4117232,0,1786,,14.90506,43.74707
YEM,Iêmen,Q12225850,http://www.wikidata.org/entity/Q4117232,0,6052,,15.12693,43.93304
YEM,Iêmen,Q12225848,http://www.wikidata.org/entity/Q4117511,0,9922,,15.91298,43.32776
YEM,Iêmen,Q12225849,http://www.wikidata.org/entity/Q4117569,0,6016,,14.62853,43.6613
YEM,Iêmen,Q12226110,http://www.wikidata.org/entity/Q4118402,0,2877,,14.76636,43.99133
YEM,Iêmen,Q12226111,http://www.wikidata.org/entity/Q4118310,0,9297,,14.04682,44.0866
YEM,Iêmen,Q12226114,http://www.wikidata.org/entity/Q4117541,0,3968,,16.07861,42.87994
YEM,Iêmen,Q12226115,http://www.wikidata.org/entity/Q4117440,0,6106,,15.57969,43.78103
YEM,Iêmen,Q12226112,http://www.wikidata.org/entity/Q4117615,0,26119,,14.71998,43.68596
YEM,Iêmen,Q12226113,http://www.wikidata.org/entity/Q4117411,0,3683,,15.67153,43.71261
YEM,Iêmen,Q12226118,http://www.wikidata.org/entity/Q4117268,0,2381,,14.46927,43.93506
YEM,Iêmen,Q12226119,http://www.wikidata.org/entity/Q4117298,0,2084,,,
YEM,Iêmen,Q12226116,http://www.wikidata.org/entity/Q4118313,0,4611,,14.61923,43.83157
YEM,Iêmen,Q12226117,http://www.wikidata.org/entity/Q4117599,0,3893,,14.10434,44.32959
YEM,Iêmen,Q12226120,http://www.wikidata.org/entity/Q4118313,0,2986,,14.64175,43.85464
YEM,Iêmen,Q12226161,http://www.wikidata.org/entity/Q4117305,0,9899,,,
YEM,Iêmen,Q12226167,http://www.wikidata.org/entity/Q4117539,0,3213,,15.7754,43.77258
YEM,Iêmen,Q12226168,http://www.wikidata.org/entity/Q4118402,0,10288,,14.90306,44.20143
YEM,Iêmen,Q12226318,http://www.wikidata.org/entity/Q4117705,0,926,,,
YEM,Iêmen,Q12226319,http://www.wikidata.org/entity/Q4117436,0,5774,,16.245,43.02168
YEM,Iêmen,Q12226316,http://www.wikidata.org/entity/Q4117268,0,1906,,14.53651,44.04159
YEM,Iêmen,Q12226317,http://www.wikidata.org/entity/Q4117298,0,1387,,14.18977,43.72656
YEM,Iêmen,Q12226322,http://www.wikidata.org/entity/Q4117521,0,3193,,16.00368,43.41799
YEM,Iêmen,Q12226323,http://www.wikidata.org/entity/Q1650858,0,1630,,14.81128,44.54279
YEM,Iêmen,Q12226320,http://www.wikidata.org/entity/Q4117541,0,957,,16.28806,42.92225
YEM,Iêmen,Q12226321,http://www.wikidata.org/entity/Q4117232,0,1008,,14.89864,43.87606
YEM,Iêmen,Q12226326,http://www.wikidata.org/entity/Q4118313,0,3515,,14.58604,43.83623
YEM,Iêmen,Q12226327,http://www.wikidata.org/entity/Q1650858,0,3631,,14.77333,44.38971
YEM,Iêmen,Q12226324,http://www.wikidata.org/entity/Q4117337,0,1352,,15.27572,43.49018
YEM,Iêmen,Q12226325,http://www.wikidata.org/entity/Q4117243,0,2094,,15.39221,43.39356
YEM,Iêmen,Q12226331,http://www.wikidata.org/entity/Q4117563,0,12044,,16.12356,44.04226
YEM,Iêmen,Q12226328,http://www.wikidata.org/entity/Q4117625,0,13255,,14.25924,44.60071
YEM,Iêmen,Q12226329,http://www.wikidata.org/entity/Q4117326,0,11838,,15.13466,44.08542
YEM,Iêmen,Q12226334,http://www.wikidata.org/entity/Q4117263,0,2104,,14.32444,43.87026
YEM,Iêmen,Q12226335,http://www.wikidata.org/entity/Q4117298,0,902,,14.26009,43.69435
YEM,Iêmen,Q12226332,http://www.wikidata.org/entity/Q4117527,0,12001,,16.00772,43.46449
YEM,Iêmen,Q12226333,http://www.wikidata.org/entity/Q4117263,0,495,,14.36613,43.75746
YEM,Iêmen,Q12226336,http://www.wikidata.org/entity/Q4117227,0,3001,,13.76409,44.49257
YEM,Iêmen,Q12226358,http://www.wikidata.org/entity/Q1884237,0,4102,,14.53303,43.61941
YEM,Iêmen,Q12226359,http://www.wikidata.org/entity/Q1884209,0,23453,,16.95589,43.65843
YEM,Iêmen,Q12226357,http://www.wikidata.org/entity/Q4117691,0,12599,,14.30717,44.24762
YEM,Iêmen,Q12226362,http://www.wikidata.org/entity/Q4117298,0,8697,,14.36579,43.60949
YEM,Iêmen,Q12226363,http://www.wikidata.org/entity/Q4118310,0,5591,,14.06848,44.08915
YEM,Iêmen,Q12226360,http://www.wikidata.org/entity/Q4117547,0,4304,,17.41932,43.38396
YEM,Iêmen,Q12226361,http://www.wikidata.org/entity/Q4117653,0,1577,,,
YEM,Iêmen,Q12226366,http://www.wikidata.org/entity/Q4117337,0,1133,,15.27251,43.55584
YEM,Iêmen,Q12226367,http://www.wikidata.org/entity/Q6851806,0,1618,,,
YEM,Iêmen,Q12226364,http://www.wikidata.org/entity/Q1010798,0,3842,,15.04253,43.79311
YEM,Iêmen,Q12226365,http://www.wikidata.org/entity/Q4874935,0,5695,,14.54704,43.41217
YEM,Iêmen,Q12226370,http://www.wikidata.org/entity/Q4117793,0,5135,,13.88731,43.93869
YEM,Iêmen,Q12226371,http://www.wikidata.org/entity/Q6851806,0,3401,,15.3332,43.32872
YEM,Iêmen,Q12226369,http://www.wikidata.org/entity/Q4117299,0,12522,,15.54878,44.0658
YEM,Iêmen,Q12226374,http://www.wikidata.org/entity/Q1884237,0,1730,,14.58551,43.61022
YEM,Iêmen,Q12226375,http://www.wikidata.org/entity/Q4117524,0,10092,,15.91574,43.78856
YEM,Iêmen,Q12226372,http://www.wikidata.org/entity/Q4117700,0,8899,,13.94859,44.4045
YEM,Iêmen,Q12226373,http://www.wikidata.org/entity/Q4117298,0,2723,,14.32971,43.69997
YEM,Iêmen,Q12226376,http://www.wikidata.org/entity/Q4117232,0,2584,,15.07097,43.87251
YEM,Iêmen,Q12226377,http://www.wikidata.org/entity/Q4117691,0,2847,,14.30423,43.99683
YEM,Iêmen,Q12226399,http://www.wikidata.org/entity/Q4117553,0,1018,,14.78911,43.55524
YEM,Iêmen,Q12226463,http://www.wikidata.org/entity/Q4117786,0,6062,,13.98618,43.95524
YEM,Iêmen,Q12226467,http://www.wikidata.org/entity/Q4118310,0,9083,,14.04966,44.06594
YEM,Iêmen,Q12226464,http://www.wikidata.org/entity/Q4117599,0,3894,,14.16144,44.42101
YEM,Iêmen,Q12226465,http://www.wikidata.org/entity/Q4118421,0,4654,,14.12472,43.88567
YEM,Iêmen,Q12226506,http://www.wikidata.org/entity/Q4117440,0,12715,,15.5648,43.84275
YEM,Iêmen,Q12226507,http://www.wikidata.org/entity/Q4117519,0,1111,,15.7743,44.30467
YEM,Iêmen,Q12226505,http://www.wikidata.org/entity/Q4117301,0,2526,,15.342222222222,44.82
YEM,Iêmen,Q12226510,http://www.wikidata.org/entity/Q4118321,0,9753,,13.79003,44.05969
YEM,Iêmen,Q12226511,http://www.wikidata.org/entity/Q4117621,0,27871,,13.71003,44.93018
YEM,Iêmen,Q12226508,http://www.wikidata.org/entity/Q4117263,0,2572,,14.29258,43.84933
YEM,Iêmen,Q12226509,http://www.wikidata.org/entity/Q4117616,0,3152,,17.70506,51.81164
YEM,Iêmen,Q12226515,http://www.wikidata.org/entity/Q4118324,0,4352,,14.01606,44.55341
YEM,Iêmen,Q12226512,http://www.wikidata.org/entity/Q4117516,0,11246,,14.14588,44.87762
YEM,Iêmen,Q12226513,http://www.wikidata.org/entity/Q4117340,0,21920,,15.91239,43.47486
YEM,Iêmen,Q12226518,http://www.wikidata.org/entity/Q1884248,0,10451,,13.61128,43.93284
YEM,Iêmen,Q12226519,http://www.wikidata.org/entity/Q4117701,0,3782,,14.00605,44.06233
YEM,Iêmen,Q12226522,http://www.wikidata.org/entity/Q4118324,0,10471,,14.11848,44.46808
YEM,Iêmen,Q12226523,http://www.wikidata.org/entity/Q4117326,0,6210,,15.27533,44.02745
YEM,Iêmen,Q12226520,http://www.wikidata.org/entity/Q4117793,0,1264,,13.85359,44.00892
YEM,Iêmen,Q12226521,http://www.wikidata.org/entity/Q1884189,0,33750,,16.47086,43.04851
YEM,Iêmen,Q12226526,http://www.wikidata.org/entity/Q20423902,0,5026,,13.48983,44.0356
YEM,Iêmen,Q12226527,http://www.wikidata.org/entity/Q4117191,0,1574,,14.50003,44.11809
YEM,Iêmen,Q12226524,http://www.wikidata.org/entity/Q1010798,0,6715,,15.21761,43.69321
YEM,Iêmen,Q12226525,http://www.wikidata.org/entity/Q20423902,0,4187,,13.47667,44.01414
YEM,Iêmen,Q12226528,http://www.wikidata.org/entity/Q1884259,0,14960,,,
YEM,Iêmen,Q12226550,http://www.wikidata.org/entity/Q4117615,0,6854,,14.66403,43.60919
YEM,Iêmen,Q12226551,http://www.wikidata.org/entity/Q4117573,0,4317,,16.77307,43.43407
YEM,Iêmen,Q12226554,http://www.wikidata.org/entity/Q4117700,0,7577,,14.01036,44.29626
YEM,Iêmen,Q12226555,http://www.wikidata.org/entity/Q283304,0,2053,,17.2527,43.40522
YEM,Iêmen,Q12226552,http://www.wikidata.org/entity/Q4117268,0,2116,,14.48579,43.99773
YEM,Iêmen,Q12226553,http://www.wikidata.org/entity/Q4117624,0,14974,,,
YEM,Iêmen,Q12226558,http://www.wikidata.org/entity/Q4117263,0,2073,,14.31758,43.89321
YEM,Iêmen,Q12226559,http://www.wikidata.org/entity/Q4118319,0,38647,,13.4232,44.29198
YEM,Iêmen,Q12226556,http://www.wikidata.org/entity/Q4117786,0,7711,,13.94379,44.02711
YEM,Iêmen,Q12226557,http://www.wikidata.org/entity/Q4117699,0,5324,,14.28983,44.41336
YEM,Iêmen,Q12226562,http://www.wikidata.org/entity/Q4117418,0,669,,16.30616,43.9424
YEM,Iêmen,Q12226563,http://www.wikidata.org/entity/Q20423902,0,1564,,13.47773,44.04568
YEM,Iêmen,Q12226560,http://www.wikidata.org/entity/Q4117789,0,12323,,,
YEM,Iêmen,Q12226561,http://www.wikidata.org/entity/Q4118319,0,64463,,13.4888,44.18029
YEM,Iêmen,Q12226566,http://www.wikidata.org/entity/Q4117789,0,5530,,13.68938,44.29995
YEM,Iêmen,Q12226564,http://www.wikidata.org/entity/Q4117615,0,6238,,14.65167,43.5278
YEM,Iêmen,Q12226565,http://www.wikidata.org/entity/Q4117517,0,1767,,16.05068,43.58667
YEM,Iêmen,Q12226568,http://www.wikidata.org/entity/Q4117320,0,4176,,15.3119,44.36886
YEM,Iêmen,Q12226590,http://www.wikidata.org/entity/Q4117418,0,1468,,16.27525,44.05676
YEM,Iêmen,Q12226591,http://www.wikidata.org/entity/Q4117322,0,2268,,,
YEM,Iêmen,Q12226589,http://www.wikidata.org/entity/Q4117563,0,5511,,16.1672,43.99306
YEM,Iêmen,Q12226594,http://www.wikidata.org/entity/Q4117601,0,8681,,14.09233,43.52028
YEM,Iêmen,Q12226595,http://www.wikidata.org/entity/Q4165477,0,7829,,13.23965,43.95424
YEM,Iêmen,Q12226592,http://www.wikidata.org/entity/Q4117617,0,3568,,16.27989,44.14477
YEM,Iêmen,Q12226593,http://www.wikidata.org/entity/Q4165477,0,8138,,13.24965,43.99086
YEM,Iêmen,Q12226598,http://www.wikidata.org/entity/Q4117304,0,3061,,,
YEM,Iêmen,Q12226599,http://www.wikidata.org/entity/Q4117352,0,1151,,,
YEM,Iêmen,Q12226596,http://www.wikidata.org/entity/Q4117716,0,2769,,,
YEM,Iêmen,Q12226597,http://www.wikidata.org/entity/Q4117232,0,1867,,15.18404,43.83491
YEM,Iêmen,Q12226600,http://www.wikidata.org/entity/Q4117700,0,14776,,13.98797,44.33642
YEM,Iêmen,Q12226651,http://www.wikidata.org/entity/Q4733335,0,13166,,13.93499,43.55038
YEM,Iêmen,Q12226663,http://www.wikidata.org/entity/Q4117630,0,13028,,15.77448,43.15976
YEM,Iêmen,Q12226666,http://www.wikidata.org/entity/Q4117530,0,13171,,15.66036,43.40725
YEM,Iêmen,Q12226667,http://www.wikidata.org/entity/Q4117530,0,11692,,15.68143,43.34213
YEM,Iêmen,Q12226664,http://www.wikidata.org/entity/Q4907490,0,4778,,15.07273,44.20013
YEM,Iêmen,Q12226665,http://www.wikidata.org/entity/Q4118310,0,8977,,14.1046,44.12364
YEM,Iêmen,Q12226670,http://www.wikidata.org/entity/Q4117268,0,2643,,14.45958,43.95399
YEM,Iêmen,Q12226671,http://www.wikidata.org/entity/Q4117304,0,3090,,,
YEM,Iêmen,Q12226668,http://www.wikidata.org/entity/Q4117299,0,29032,,15.43309,44.06357
YEM,Iêmen,Q12226669,http://www.wikidata.org/entity/Q4117336,0,13146,,15.45457,44.35498
YEM,Iêmen,Q12226692,http://www.wikidata.org/entity/Q4117562,0,28037,,14.19933,43.31629
YEM,Iêmen,Q12226734,http://www.wikidata.org/entity/Q4117547,0,1617,,17.36094,43.4212
YEM,Iêmen,Q12226735,http://www.wikidata.org/entity/Q4118324,0,4299,,14.13583,44.50296
YEM,Iêmen,Q12226733,http://www.wikidata.org/entity/Q4117191,0,3109,,14.54897,44.0886
YEM,Iêmen,Q12226739,http://www.wikidata.org/entity/Q4117343,0,3977,,15.76394,43.63281
YEM,Iêmen,Q12226736,http://www.wikidata.org/entity/Q4165477,0,2210,,13.21473,44.15568
YEM,Iêmen,Q12226737,http://www.wikidata.org/entity/Q4117343,0,7256,,,
YEM,Iêmen,Q12226742,http://www.wikidata.org/entity/Q4117500,0,2190,,,
YEM,Iêmen,Q12226743,http://www.wikidata.org/entity/Q4117513,0,11251,,16.29542,43.29248
YEM,Iêmen,Q12226740,http://www.wikidata.org/entity/Q4117786,0,1431,,13.96596,44.04878
YEM,Iêmen,Q12226741,http://www.wikidata.org/entity/Q4117540,0,3031,,14.89881,45.43901
YEM,Iêmen,Q12226746,http://www.wikidata.org/entity/Q6109810,0,4810,,14.68413,44.02651
YEM,Iêmen,Q12226747,http://www.wikidata.org/entity/Q4117263,0,1714,,14.33191,43.8962
YEM,Iêmen,Q12226744,http://www.wikidata.org/entity/Q4117513,0,10971,,16.26167,43.33772
YEM,Iêmen,Q12226745,http://www.wikidata.org/entity/Q4117331,0,19553,,16.15107,43.35371
YEM,Iêmen,Q12226750,http://www.wikidata.org/entity/Q4117263,0,1849,,14.38429,43.90869
YEM,Iêmen,Q12226751,http://www.wikidata.org/entity/Q4117492,0,5348,,16.79491,43.83348
YEM,Iêmen,Q12226748,http://www.wikidata.org/entity/Q4120339,0,21448,,13.71856,43.81306
YEM,Iêmen,Q12226749,http://www.wikidata.org/entity/Q4117789,0,3280,,13.73871,44.38302
YEM,Iêmen,Q12226752,http://www.wikidata.org/entity/Q4118324,0,2505,,14.11541,44.58114
YEM,Iêmen,Q12226753,http://www.wikidata.org/entity/Q4117519,0,8983,,15.58678,44.21208
YEM,Iêmen,Q12226775,http://www.wikidata.org/entity/Q4703500,0,5473,,16.28302,43.85186
YEM,Iêmen,Q12226778,http://www.wikidata.org/entity/Q4117320,0,2541,,15.35156,44.42522
YEM,Iêmen,Q12226779,http://www.wikidata.org/entity/Q4117548,0,49422,,16.93728,43.76123
YEM,Iêmen,Q12226776,http://www.wikidata.org/entity/Q4117336,0,3485,,15.43294,44.26437
YEM,Iêmen,Q12226777,http://www.wikidata.org/entity/Q4117559,0,10159,,15.42155,45.01808
YEM,Iêmen,Q12226782,http://www.wikidata.org/entity/Q4117263,0,1011,,14.2566,43.81203
YEM,Iêmen,Q12226780,http://www.wikidata.org/entity/Q4117705,0,1131,,,
YEM,Iêmen,Q12226781,http://www.wikidata.org/entity/Q20423902,0,5396,,13.48181,44.03559
YEM,Iêmen,Q12226796,http://www.wikidata.org/entity/Q4117714,0,2392,,,
YEM,Iêmen,Q12226839,http://www.wikidata.org/entity/Q4117799,0,4850,,,
YEM,Iêmen,Q12226842,http://www.wikidata.org/entity/Q285269,0,3735,,15.99075,43.45568
YEM,Iêmen,Q12226843,http://www.wikidata.org/entity/Q4117492,0,2104,,16.97535,43.84497
YEM,Iêmen,Q12226840,http://www.wikidata.org/entity/Q4117807,0,3657,,,
YEM,Iêmen,Q12226846,http://www.wikidata.org/entity/Q4117268,0,3059,,14.49902,44.06744
YEM,Iêmen,Q12226847,http://www.wikidata.org/entity/Q4117227,0,7970,,13.65707,44.44906
YEM,Iêmen,Q12226844,http://www.wikidata.org/entity/Q4117825,0,20215,,14.87055,44.27674
YEM,Iêmen,Q12226845,http://www.wikidata.org/entity/Q4117268,0,2006,,14.51998,44.06391
YEM,Iêmen,Q12226850,http://www.wikidata.org/entity/Q4117268,0,730,,14.56241,44.00379
YEM,Iêmen,Q12226851,http://www.wikidata.org/entity/Q1650593,0,84669,,15.67539,43.9375
YEM,Iêmen,Q12226848,http://www.wikidata.org/entity/Q4117227,0,4664,,13.71369,44.41838
YEM,Iêmen,Q12226849,http://www.wikidata.org/entity/Q4117789,0,16557,,13.59739,44.4174
YEM,Iêmen,Q12226854,http://www.wikidata.org/entity/Q4117320,0,1365,,15.31466,44.41243
YEM,Iêmen,Q12226855,http://www.wikidata.org/entity/Q4117787,0,4650,,13.79458,44.19372
YEM,Iêmen,Q12226852,http://www.wikidata.org/entity/Q4118324,0,3432,,14.10961,44.5533
YEM,Iêmen,Q12226853,http://www.wikidata.org/entity/Q4117787,0,7357,,13.79545,44.16746
YEM,Iêmen,Q12226858,http://www.wikidata.org/entity/Q4117248,0,3443,,15.44145,43.52882
YEM,Iêmen,Q12226859,http://www.wikidata.org/entity/Q4117807,0,6707,,,
YEM,Iêmen,Q12226856,http://www.wikidata.org/entity/Q4117307,0,2421,,14.60519,44.00331
YEM,Iêmen,Q12226857,http://www.wikidata.org/entity/Q3302970,0,20047,,14.44865,44.63232
YEM,Iêmen,Q12226862,http://www.wikidata.org/entity/Q4117369,0,10364,,15.5951,44.42586
YEM,Iêmen,Q12226863,http://www.wikidata.org/entity/Q4117519,0,9750,,15.855555555556,44.196388888889
YEM,Iêmen,Q12226860,http://www.wikidata.org/entity/Q4120339,0,4310,,13.81401,43.65448
YEM,Iêmen,Q12226861,http://www.wikidata.org/entity/Q4117537,0,24033,,15.69229,43.82764
YEM,Iêmen,Q12226866,http://www.wikidata.org/entity/Q4117443,0,6310,,15.599,43.70732
YEM,Iêmen,Q12226867,http://www.wikidata.org/entity/Q4117369,0,7337,,15.72873,44.52058
YEM,Iêmen,Q12226864,http://www.wikidata.org/entity/Q4117369,0,8652,,15.62624,44.64619
YEM,Iêmen,Q12226865,http://www.wikidata.org/entity/Q4117336,0,11057,,15.49262,44.42172
YEM,Iêmen,Q12226870,http://www.wikidata.org/entity/Q4117612,0,6364,,13.85556,44.29119
YEM,Iêmen,Q12226871,http://www.wikidata.org/entity/Q4117607,0,7397,,16.67654,43.28433
YEM,Iêmen,Q12226868,http://www.wikidata.org/entity/Q4117537,0,11469,,15.84849,43.89194
YEM,Iêmen,Q12226869,http://www.wikidata.org/entity/Q4117786,0,595,,13.99212,43.91668
YEM,Iêmen,Q12226874,http://www.wikidata.org/entity/Q4117307,0,956,,14.60225,44.12172
YEM,Iêmen,Q12226875,http://www.wikidata.org/entity/Q3196049,0,4977,,16.03617,43.82664
YEM,Iêmen,Q12226872,http://www.wikidata.org/entity/Q4117513,0,20309,,16.24141,43.23779
YEM,Iêmen,Q12226873,http://www.wikidata.org/entity/Q4117345,0,4373,,15.41728,43.67454
YEM,Iêmen,Q12226878,http://www.wikidata.org/entity/Q3196049,0,15213,,16.03378,43.8816
YEM,Iêmen,Q12226877,http://www.wikidata.org/entity/Q4117263,0,1779,,14.38997,43.89429
YEM,Iêmen,Q12226891,http://www.wikidata.org/entity/Q4117263,0,4618,,14.40506,43.82109
YEM,Iêmen,Q12226894,http://www.wikidata.org/entity/Q4117248,0,3999,,15.50358,43.5417
YEM,Iêmen,Q12226895,http://www.wikidata.org/entity/Q4117248,0,1423,,,
YEM,Iêmen,Q12226892,http://www.wikidata.org/entity/Q4117604,0,3112,,14.5584934,45.274488
YEM,Iêmen,Q12226893,http://www.wikidata.org/entity/Q4117692,0,2806,,,
YEM,Iêmen,Q12226898,http://www.wikidata.org/entity/Q4118313,0,725,,14.60688,43.80046
YEM,Iêmen,Q12226896,http://www.wikidata.org/entity/Q6109810,0,6100,,14.76599,43.96292
YEM,Iêmen,Q12226897,http://www.wikidata.org/entity/Q4118310,0,5429,,14.13501,44.06793
YEM,Iêmen,Q12226930,http://www.wikidata.org/entity/Q4118316,0,2663,,,
YEM,Iêmen,Q12226931,http://www.wikidata.org/entity/Q4117443,0,1295,,15.63576,43.7207
YEM,Iêmen,Q12226929,http://www.wikidata.org/entity/Q4118316,0,2407,,,
YEM,Iêmen,Q12226934,http://www.wikidata.org/entity/Q4117263,0,2517,,,
YEM,Iêmen,Q12226932,http://www.wikidata.org/entity/Q4118409,0,19427,,14.37781,44.69313
YEM,Iêmen,Q12226933,http://www.wikidata.org/entity/Q4117337,0,5999,,,
YEM,Iêmen,Q12226958,http://www.wikidata.org/entity/Q4117263,0,4946,,14.41615,43.76368
YEM,Iêmen,Q12226998,http://www.wikidata.org/entity/Q4117352,0,2529,,,
YEM,Iêmen,Q12227015,http://www.wikidata.org/entity/Q4117643,0,7524,,15.02224,45.31058
YEM,Iêmen,Q12227018,http://www.wikidata.org/entity/Q4117492,0,9801,,17.19303,43.80009
YEM,Iêmen,Q12227019,http://www.wikidata.org/entity/Q4120339,0,2410,,13.73507,43.84462
YEM,Iêmen,Q12227016,http://www.wikidata.org/entity/Q4117191,0,2197,,14.46729,44.17549
YEM,Iêmen,Q12227017,http://www.wikidata.org/entity/Q4117787,0,11203,,13.83506,44.16078
YEM,Iêmen,Q12227042,http://www.wikidata.org/entity/Q4117337,0,1061,,15.29546,43.46612
YEM,Iêmen,Q12227043,http://www.wikidata.org/entity/Q4117302,0,6127,,,
YEM,Iêmen,Q12227040,http://www.wikidata.org/entity/Q4117539,0,590,,,
YEM,Iêmen,Q12227041,http://www.wikidata.org/entity/Q1010798,0,5940,,15.05382,43.71012
YEM,Iêmen,Q12227046,http://www.wikidata.org/entity/Q4117563,0,7833,,16.15811,43.90837
YEM,Iêmen,Q12227047,http://www.wikidata.org/entity/Q4117617,0,1307,,16.45961,43.96953
YEM,Iêmen,Q12227044,http://www.wikidata.org/entity/Q4117299,0,32204,,15.53741,44.13788
YEM,Iêmen,Q12227045,http://www.wikidata.org/entity/Q4117492,0,15626,,16.89692,43.84128
YEM,Iêmen,Q12227050,http://www.wikidata.org/entity/Q4117546,0,3468,,16.98976,43.5797
YEM,Iêmen,Q12227051,http://www.wikidata.org/entity/Q4117637,0,5247,,,
YEM,Iêmen,Q12227048,http://www.wikidata.org/entity/Q4117617,0,3568,,16.51703,44.16815
YEM,Iêmen,Q12227054,http://www.wikidata.org/entity/Q4117500,0,2773,,16.8501,43.46062
YEM,Iêmen,Q12227055,http://www.wikidata.org/entity/Q4117599,0,4964,,14.13376,44.44059
YEM,Iêmen,Q12227052,http://www.wikidata.org/entity/Q4117320,0,11156,,15.331,44.32335
YEM,Iêmen,Q12227053,http://www.wikidata.org/entity/Q4117317,0,34442,,14.44825,44.30112
YEM,Iêmen,Q12227058,http://www.wikidata.org/entity/Q4117652,0,10415,,15.38043,48.55279
YEM,Iêmen,Q12227059,http://www.wikidata.org/entity/Q4118310,0,4863,,14.02805,44.04095
YEM,Iêmen,Q12227056,http://www.wikidata.org/entity/Q4117298,0,3692,,14.16266,43.56322
YEM,Iêmen,Q12227057,http://www.wikidata.org/entity/Q4117791,0,7718,,,
YEM,Iêmen,Q12227060,http://www.wikidata.org/entity/Q4117304,0,9330,,,
YEM,Iêmen,Q12229610,http://www.wikidata.org/entity/Q4117336,0,4304,,,
YEM,Iêmen,Q12229639,http://www.wikidata.org/entity/Q12226532,0,825,,,
YEM,Iêmen,Q12232675,http://www.wikidata.org/entity/Q388274,0,3788,,,
YEM,Iêmen,Q12232723,http://www.wikidata.org/entity/Q12227017,0,844,,,
YEM,Iêmen,Q12233153,,0,8160,,,
YEM,Iêmen,Q12233249,http://www.wikidata.org/entity/Q4704229,0,5143,,,
YEM,Iêmen,Q12233273,http://www.wikidata.org/entity/Q4117369,0,1699,,,
YEM,Iêmen,Q12233318,http://www.wikidata.org/entity/Q12241768,0,1185,,,
YEM,Iêmen,Q12233320,http://www.wikidata.org/entity/Q328187,0,10014,,13.85444444,44.705
YEM,Iêmen,Q12233488,http://www.wikidata.org/entity/Q7272759,0,4741,,12.689166666667,53.487777777778
YEM,Iêmen,Q12234512,http://www.wikidata.org/entity/Q4117637,0,1461,,17.03,44.12
YEM,Iêmen,Q12234596,http://www.wikidata.org/entity/Q4117411,0,4227,,,
YEM,Iêmen,Q12234940,http://www.wikidata.org/entity/Q4117508,0,3240,,,
YEM,Iêmen,Q12234980,http://www.wikidata.org/entity/Q4117507,0,2659,,,
YEM,Iêmen,Q20301638,http://www.wikidata.org/entity/Q4117705,0,141,,14.053055555556,45.257222222222
YEM,Iêmen,Q20301948,http://www.wikidata.org/entity/Q4117693,0,588,,13.236666666667,43.905277777778
YEM,Iêmen,Q20302038,http://www.wikidata.org/entity/Q4117540,0,45,,14.995277777778,45.518888888889
YEM,Iêmen,Q20302089,http://www.wikidata.org/entity/Q4117685,0,1715,,13.128055555556,43.784722222222
YEM,Iêmen,Q20302108,http://www.wikidata.org/entity/Q6762513,0,157,,15.4625,45.355555555556
YEM,Iêmen,Q20302149,http://www.wikidata.org/entity/Q6762513,0,541,,15.400555555556,45.339444444444
YEM,Iêmen,Q20302250,http://www.wikidata.org/entity/Q4117540,0,105,,14.988888888889,45.519444444444
YEM,Iêmen,Q20302578,http://www.wikidata.org/entity/Q4117502,0,49,,16.080833333333,43.366111111111
YEM,Iêmen,Q20302622,http://www.wikidata.org/entity/Q4117716,0,142,,14.443611111111,45.715
YEM,Iêmen,Q12238421,http://www.wikidata.org/entity/Q388330,0,3501,,,
YEM,Iêmen,Q12241595,http://www.wikidata.org/entity/Q12241770,0,3002,,,
YEM,Iêmen,Q12241612,http://www.wikidata.org/entity/Q4117519,0,1649,,,
YEM,Iêmen,Q12241940,http://www.wikidata.org/entity/Q4117793,0,1245,,13.8855,43.967166666667
YEM,Iêmen,Q12242029,http://www.wikidata.org/entity/Q4117336,0,1338,,,
YEM,Iêmen,Q12242323,http://www.wikidata.org/entity/Q4804442,0,4249,,,
YEM,Iêmen,Q12242957,http://www.wikidata.org/entity/Q12241768,0,4033,,,
YEM,Iêmen,Q12244700,http://www.wikidata.org/entity/Q12241768,0,3148,,,
YEM,Iêmen,Q12245803,http://www.wikidata.org/entity/Q12241770,0,1661,,,
YEM,Iêmen,Q12246165,http://www.wikidata.org/entity/Q4733335,0,4822,,,
YEM,Iêmen,Q12246625,http://www.wikidata.org/entity/Q4117541,0,7377,,,
YEM,Iêmen,Q12247990,http://www.wikidata.org/entity/Q388274,0,3478,,,
YEM,Iêmen,Q12248469,http://www.wikidata.org/entity/Q4117809,0,11368,,14.52,46.5
YEM,Iêmen,Q12248696,http://www.wikidata.org/entity/Q4117630,0,2481,,,
YEM,Iêmen,Q12248747,http://www.wikidata.org/entity/Q4874935,0,1222,,14.474142,43.489743
YEM,Iêmen,Q12249782,http://www.wikidata.org/entity/Q12225110,0,936,,,
YEM,Iêmen,Q12249937,http://www.wikidata.org/entity/Q4117519,0,7280,,,
YEM,Iêmen,Q12250621,http://www.wikidata.org/entity/Q12226788,0,1018,,,
YEM,Iêmen,Q12251480,http://www.wikidata.org/entity/Q4874935,0,1956,,14.497889,43.486261
YEM,Iêmen,Q12251645,http://www.wikidata.org/entity/Q4117519,0,2911,,,
YEM,Iêmen,Q12251878,http://www.wikidata.org/entity/Q12226104,0,1253,,,
YEM,Iêmen,Q12251925,http://www.wikidata.org/entity/Q388330,0,2444,,13.45416667,43.94638889
YEM,Iêmen,Q13641424,http://www.wikidata.org/entity/Q6403050,0,47044,,12.81,45.037
YEM,Iêmen,Q16118876,http://www.wikidata.org/entity/Q4117318,0,1226,,13.856562,44.818157
YEM,Iêmen,Q16120978,http://www.wikidata.org/entity/Q4117567,0,1539,,14.88576,45.08339
YEM,Iêmen,Q16120995,http://www.wikidata.org/entity/Q4117807,0,255,,,
YEM,Iêmen,Q16121002,http://www.wikidata.org/entity/Q4117558,0,9122,,16.0,43.679166666667
YEM,Iêmen,Q16121012,http://www.wikidata.org/entity/Q4117236,0,2626,,15.013333333333,43.6
YEM,Iêmen,Q16121023,http://www.wikidata.org/entity/Q4117298,0,7344,,14.34779,43.65512
YEM,Iêmen,Q16121043,http://www.wikidata.org/entity/Q4117699,0,10914,,14.39985,44.22323
YEM,Iêmen,Q16121053,http://www.wikidata.org/entity/Q4117699,0,23437,,14.24406,44.33692
YEM,Iêmen,Q16121062,http://www.wikidata.org/entity/Q4117500,0,3042,,16.85114,43.36055
YEM,Iêmen,Q16121068,http://www.wikidata.org/entity/Q4120341,0,22013,,13.33385,44.12482
YEM,Iêmen,Q16121074,http://www.wikidata.org/entity/Q4117725,0,531,,,
YEM,Iêmen,Q16121083,http://www.wikidata.org/entity/Q4118869,0,12339,,13.5492,43.99627
YEM,Iêmen,Q16121093,http://www.wikidata.org/entity/Q4733335,0,13757,,15.58421,43.10758
YEM,Iêmen,Q16121114,http://www.wikidata.org/entity/Q4117784,0,3988,,,
YEM,Iêmen,Q16121125,http://www.wikidata.org/entity/Q4117517,0,2164,,16.07904,43.45488
YEM,Iêmen,Q16125373,http://www.wikidata.org/entity/Q12226075,0,935,,,
YEM,Iêmen,Q17455306,http://www.wikidata.org/entity/Q12227041,0,515,,,
YEM,Iêmen,Q17455322,http://www.wikidata.org/entity/Q12227041,0,55,,,
YEM,Iêmen,Q17455323,http://www.wikidata.org/entity/Q12227041,0,189,,,
YEM,Iêmen,Q17455320,http://www.wikidata.org/entity/Q12226978,0,466,,,
YEM,Iêmen,Q17455326,http://www.wikidata.org/entity/Q12227041,0,106,,,
YEM,Iêmen,Q17455325,http://www.wikidata.org/entity/Q12227041,0,123,,,
YEM,Iêmen,Q17455331,http://www.wikidata.org/entity/Q12227041,0,105,,,
YEM,Iêmen,Q17455328,http://www.wikidata.org/entity/Q12227041,0,79,,,
YEM,Iêmen,Q17455346,http://www.wikidata.org/entity/Q12226258,0,423,,,
YEM,Iêmen,Q17455345,http://www.wikidata.org/entity/Q12226258,0,54,,,
YEM,Iêmen,Q17455350,http://www.wikidata.org/entity/Q12226258,0,60,,,
YEM,Iêmen,Q17455348,http://www.wikidata.org/entity/Q12227041,0,132,,,
YEM,Iêmen,Q17455355,http://www.wikidata.org/entity/Q12227041,0,306,,,
YEM,Iêmen,Q17455352,http://www.wikidata.org/entity/Q12227041,0,355,,,
YEM,Iêmen,Q17455356,http://www.wikidata.org/entity/Q12226258,0,0,,,
YEM,Iêmen,Q17455357,http://www.wikidata.org/entity/Q12226258,0,7,,,
YEM,Iêmen,Q17455362,http://www.wikidata.org/entity/Q12226258,0,107,,,
YEM,Iêmen,Q17455361,http://www.wikidata.org/entity/Q12227041,0,346,,,
YEM,Iêmen,Q17455366,http://www.wikidata.org/entity/Q12227041,0,213,,,
YEM,Iêmen,Q17455364,http://www.wikidata.org/entity/Q12226258,0,0,,,
YEM,Iêmen,Q17455370,http://www.wikidata.org/entity/Q12226258,0,269,,,
YEM,Iêmen,Q17455369,http://www.wikidata.org/entity/Q12226258,0,45,,,
YEM,Iêmen,Q17543070,http://www.wikidata.org/entity/Q12226094,0,355,,,
YEM,Iêmen,Q17543069,http://www.wikidata.org/entity/Q12226293,0,445,,,
YEM,Iêmen,Q17543087,http://www.wikidata.org/entity/Q12225138,0,692,,,
YEM,Iêmen,Q17543088,http://www.wikidata.org/entity/Q12225138,0,80,,,
YEM,Iêmen,Q17543089,http://www.wikidata.org/entity/Q12226094,0,475,,,
YEM,Iêmen,Q17663360,http://www.wikidata.org/entity/Q12226024,0,133,,,
YEM,Iêmen,Q17679790,http://www.wikidata.org/entity/Q12225163,0,259,,15.395217,45.32275
YEM,Iêmen,Q17679795,http://www.wikidata.org/entity/Q12225163,0,150,,,
YEM,Iêmen,Q17679792,http://www.wikidata.org/entity/Q6762513,0,1360,,15.403055555556,45.300277777778
YEM,Iêmen,Q17679822,http://www.wikidata.org/entity/Q12225163,0,63,,,
YEM,Iêmen,Q17679849,http://www.wikidata.org/entity/Q6762513,0,188,,15.401944444444,45.330277777778
YEM,Iêmen,Q17688656,http://www.wikidata.org/entity/Q4117520,0,39,,,
YEM,Iêmen,Q17696523,http://www.wikidata.org/entity/Q12226341,0,89,,,
YEM,Iêmen,Q17746491,http://www.wikidata.org/entity/Q5751685,0,44,,,
YEM,Iêmen,Q17746493,http://www.wikidata.org/entity/Q12226209,0,105,,,
YEM,Iêmen,Q18207288,http://www.wikidata.org/entity/Q4117557,0,19,,15.9854,48.8715
YEM,Iêmen,Q18920982,http://www.wikidata.org/entity/Q12226949,0,48,,,
YEM,Iêmen,Q18936255,http://www.wikidata.org/entity/Q12226462,0,112,,,
YEM,Iêmen,Q19462756,http://www.wikidata.org/entity/Q12226928,0,900,,14.4589,44.7958
YEM,Iêmen,Q20298871,http://www.wikidata.org/entity/Q4117604,0,72,,14.696944444444,45.204722222222
YEM,Iêmen,Q20299092,http://www.wikidata.org/entity/Q4117433,0,187,,16.297777777778,43.417222222222
YEM,Iêmen,Q20300478,http://www.wikidata.org/entity/Q12225698,0,174,,14.730833333333,45.198888888889
YEM,Iêmen,Q20300738,http://www.wikidata.org/entity/Q4117433,0,62,,16.330555555556,43.371666666667
YEM,Iêmen,Q20300746,http://www.wikidata.org/entity/Q4117433,0,58,,16.336666666667,43.376944444444
YEM,Iêmen,Q20301052,http://www.wikidata.org/entity/Q4117433,0,273,,16.325277777778,43.405833333333
YEM,Iêmen,Q20301543,http://www.wikidata.org/entity/Q4117502,0,205,,16.179722222222,43.254722222222
YEM,Iêmen,Q12225398,http://www.wikidata.org/entity/Q4117496,0,7069,,14.64058,43.05151
YEM,Iêmen,Q12225399,http://www.wikidata.org/entity/Q4117714,0,4366,,,
YEM,Iêmen,Q12225396,http://www.wikidata.org/entity/Q4117601,0,1416,,,
YEM,Iêmen,Q12225397,http://www.wikidata.org/entity/Q4118321,0,6822,,13.86186,44.01893
YEM,Iêmen,Q12225402,http://www.wikidata.org/entity/Q4117794,0,772,,,
YEM,Iêmen,Q12225400,http://www.wikidata.org/entity/Q1884248,0,8957,,13.65111,43.88913
YEM,Iêmen,Q12225401,http://www.wikidata.org/entity/Q4117700,0,9790,,13.98578,44.28829
YEM,Iêmen,Q12225418,http://www.wikidata.org/entity/Q4117635,0,43689,,14.77623,43.39611
YEM,Iêmen,Q12225419,http://www.wikidata.org/entity/Q4117525,0,17653,,15.659,43.99329
YEM,Iêmen,Q12225422,http://www.wikidata.org/entity/Q4117620,0,10240,,14.82311,43.2369
YEM,Iêmen,Q12225423,http://www.wikidata.org/entity/Q4117630,0,40080,,15.69446,43.17933
YEM,Iêmen,Q12225420,http://www.wikidata.org/entity/Q4117703,0,16462,,13.89339,44.11777
YEM,Iêmen,Q12225421,http://www.wikidata.org/entity/Q4117714,0,5071,,,
YEM,Iêmen,Q12225426,http://www.wikidata.org/entity/Q4117537,0,24492,,15.75644,43.97072
YEM,Iêmen,Q12225427,http://www.wikidata.org/entity/Q4117320,0,23690,,15.21528,44.25337
YEM,Iêmen,Q12225424,http://www.wikidata.org/entity/Q4117232,0,2248,,15.16957,43.95847
YEM,Iêmen,Q12225425,http://www.wikidata.org/entity/Q4117320,0,15972,,15.15609,44.34283
YEM,Iêmen,Q12225430,http://www.wikidata.org/entity/Q4165477,0,975,,13.22181,44.16344
YEM,Iêmen,Q12225431,http://www.wikidata.org/entity/Q4117516,0,6978,,13.93368,44.89066
YEM,Iêmen,Q12225428,http://www.wikidata.org/entity/Q4117613,0,4043,,16.92553,43.34039
YEM,Iêmen,Q12225429,http://www.wikidata.org/entity/Q4117268,0,1518,,14.48806,44.04137
YEM,Iêmen,Q12225434,http://www.wikidata.org/entity/Q4117345,0,5410,,15.45307,43.65601
YEM,Iêmen,Q12225435,http://www.wikidata.org/entity/Q4117539,0,2041,,15.76451,43.82637
YEM,Iêmen,Q12225432,http://www.wikidata.org/entity/Q1884248,0,11498,,13.58231,43.99222
YEM,Iêmen,Q12225433,http://www.wikidata.org/entity/Q4165477,0,8750,,13.24102,44.01764
YEM,Iêmen,Q12225436,http://www.wikidata.org/entity/Q4117725,0,1311,,,
YEM,Iêmen,Q12225566,http://www.wikidata.org/entity/Q4117302,0,12456,,,
YEM,Iêmen,Q12225567,http://www.wikidata.org/entity/Q4117286,0,60436,,,
YEM,Iêmen,Q12225570,http://www.wikidata.org/entity/Q4117191,0,870,,14.45984,44.05752
YEM,Iêmen,Q12225571,http://www.wikidata.org/entity/Q4117298,0,1288,,14.23164,43.57691
YEM,Iêmen,Q12225568,http://www.wikidata.org/entity/Q4117268,0,3124,,14.52871,43.91296
YEM,Iêmen,Q12225569,http://www.wikidata.org/entity/Q4117693,0,23720,,13.37437,44.04865
YEM,Iêmen,Q12225574,http://www.wikidata.org/entity/Q6851806,0,5547,,15.30034,43.34867
YEM,Iêmen,Q12225575,http://www.wikidata.org/entity/Q6851806,0,1800,,15.33672,43.33851
YEM,Iêmen,Q12225573,http://www.wikidata.org/entity/Q4117268,0,1853,,,
YEM,Iêmen,Q12225576,http://www.wikidata.org/entity/Q4165477,0,4262,,13.21314,44.03314
YEM,Iêmen,Q12225577,http://www.wikidata.org/entity/Q4117789,0,2595,,13.54007,44.3521
YEM,Iêmen,Q12225600,http://www.wikidata.org/entity/Q4117600,0,2976,,13.19235,44.26591
YEM,Iêmen,Q12225667,http://www.wikidata.org/entity/Q4117326,0,4715,,15.41764,43.90808
YEM,Iêmen,Q12225670,http://www.wikidata.org/entity/Q4117304,0,2641,,16.751111111111,44.484722222222
YEM,Iêmen,Q12225671,http://www.wikidata.org/entity/Q4165477,0,15199,,13.2169,44.06298
YEM,Iêmen,Q12225668,http://www.wikidata.org/entity/Q4117407,0,2718,,15.55753,43.60828
YEM,Iêmen,Q12225669,http://www.wikidata.org/entity/Q4117807,0,4218,,,
YEM,Iêmen,Q12225674,http://www.wikidata.org/entity/Q4117553,0,3361,,14.80703,43.50082
YEM,Iêmen,Q12225675,http://www.wikidata.org/entity/Q6851806,0,5107,,,
YEM,Iêmen,Q12225672,http://www.wikidata.org/entity/Q4117345,0,7109,,15.49871,43.61862
YEM,Iêmen,Q12225673,http://www.wikidata.org/entity/Q4117601,0,1374,,14.04755,43.57517
YEM,Iêmen,Q12225678,http://www.wikidata.org/entity/Q6851806,0,2486,,15.3423,43.31713
YEM,Iêmen,Q12225679,http://www.wikidata.org/entity/Q4117462,0,32641,,15.39702,43.16301
YEM,Iêmen,Q12225676,http://www.wikidata.org/entity/Q4118981,0,5774,,13.49677,43.76158
YEM,Iêmen,Q12225677,http://www.wikidata.org/entity/Q4120340,0,9705,,13.78556,43.87917
YEM,Iêmen,Q12225680,http://www.wikidata.org/entity/Q4117637,0,1689,,17.15131,44.72388
YEM,Iêmen,Q12225790,http://www.wikidata.org/entity/Q4117609,0,14507,,15.53022,43.14413
YEM,Iêmen,Q12225791,http://www.wikidata.org/entity/Q4117540,0,1633,,14.90415,45.26931
YEM,Iêmen,Q12225788,http://www.wikidata.org/entity/Q4117337,0,2944,,15.07915,43.50451
YEM,Iêmen,Q12225789,http://www.wikidata.org/entity/Q328180,0,3180,,14.46986,45.89283
YEM,Iêmen,Q12225795,http://www.wikidata.org/entity/Q4117428,0,4330,,15.64019,43.53305
YEM,Iêmen,Q12225792,http://www.wikidata.org/entity/Q4117705,0,3779,,,
YEM,Iêmen,Q12225793,http://www.wikidata.org/entity/Q4117807,0,3334,,,
YEM,Iêmen,Q12225798,http://www.wikidata.org/entity/Q4117691,0,1646,,14.4343,44.0643
YEM,Iêmen,Q12225799,http://www.wikidata.org/entity/Q4118981,0,2263,,,
YEM,Iêmen,Q12225796,http://www.wikidata.org/entity/Q4117428,0,4431,,15.61887,43.56648
YEM,Iêmen,Q12225797,http://www.wikidata.org/entity/Q4117620,0,17706,,,
YEM,Iêmen,Q12225802,http://www.wikidata.org/entity/Q4117600,0,668,,13.16682,44.21272
YEM,Iêmen,Q12225803,http://www.wikidata.org/entity/Q4118402,0,2369,,14.70728,44.16359
YEM,Iêmen,Q12225800,http://www.wikidata.org/entity/Q4117191,0,2799,,,
YEM,Iêmen,Q12225801,http://www.wikidata.org/entity/Q4117500,0,3029,,16.90585,43.48097
YEM,Iêmen,Q12225806,http://www.wikidata.org/entity/Q1650858,0,7459,,14.93085,44.39988
YEM,Iêmen,Q12225807,http://www.wikidata.org/entity/Q4117263,0,1383,,14.34576,43.83537
YEM,Iêmen,Q12225804,http://www.wikidata.org/entity/Q4117693,0,12619,,13.45073,43.98768
YEM,Iêmen,Q12225805,http://www.wikidata.org/entity/Q4117263,0,1886,,,
YEM,Iêmen,Q12225808,http://www.wikidata.org/entity/Q4117601,0,770,,14.1005,43.60421
YEM,Iêmen,Q12225957,http://www.wikidata.org/entity/Q4117268,0,1538,,14.52173,43.95698
YEM,Iêmen,Q12225990,http://www.wikidata.org/entity/Q4117248,0,4451,,15.46027,43.50877
YEM,Iêmen,Q12225991,http://www.wikidata.org/entity/Q4117405,0,12807,,16.01924,43.19183
YEM,Iêmen,Q12225988,http://www.wikidata.org/entity/Q4118427,0,5625,,14.06108,44.32439
YEM,Iêmen,Q12225989,http://www.wikidata.org/entity/Q4117725,0,960,,,
YEM,Iêmen,Q12225995,http://www.wikidata.org/entity/Q4117551,0,3452,,16.89862,43.20471
YEM,Iêmen,Q12225992,http://www.wikidata.org/entity/Q4118310,0,1009,,14.09889,44.06069
YEM,Iêmen,Q12225993,http://www.wikidata.org/entity/Q4117598,0,7555,,14.66136,43.43102
YEM,Iêmen,Q12225996,http://www.wikidata.org/entity/Q4117551,0,7750,,16.89028,43.17445
YEM,Iêmen,Q12225997,http://www.wikidata.org/entity/Q4117482,0,3173,,17.17939,43.21595
YEM,Iêmen,Q12226082,http://www.wikidata.org/entity/Q4117529,0,12899,,15.28071,43.20268
YEM,Iêmen,Q12226083,http://www.wikidata.org/entity/Q4118313,0,3730,,14.62255,43.89638
YEM,Iêmen,Q12226081,http://www.wikidata.org/entity/Q4118313,0,1616,,14.61798,43.86432
YEM,Iêmen,Q12226086,http://www.wikidata.org/entity/Q4117599,0,9010,,14.12009,44.28746
YEM,Iêmen,Q12226087,http://www.wikidata.org/entity/Q4117422,0,10911,,16.07392,43.41311
YEM,Iêmen,Q12226084,http://www.wikidata.org/entity/Q4117518,0,5557,,14.5075,43.56649
YEM,Iêmen,Q12226085,http://www.wikidata.org/entity/Q4117345,0,3308,,,
YEM,Iêmen,Q12226090,http://www.wikidata.org/entity/Q4117263,0,1493,,14.30865,43.83214
YEM,Iêmen,Q12226091,http://www.wikidata.org/entity/Q292455,0,1377,,15.52427,43.7049
YEM,Iêmen,Q12226088,http://www.wikidata.org/entity/Q4117305,0,143678,,,
YEM,Iêmen,Q12226089,http://www.wikidata.org/entity/Q4117539,0,2897,,15.84807,43.74844
YEM,Iêmen,Q12226094,http://www.wikidata.org/entity/Q4118988,0,8248,,15.27157,43.76632
YEM,Iêmen,Q12226095,http://www.wikidata.org/entity/Q4117518,0,3310,,14.56093,43.58642
YEM,Iêmen,Q12226092,http://www.wikidata.org/entity/Q1884189,0,17059,,16.45506,42.98819
YEM,Iêmen,Q12226093,http://www.wikidata.org/entity/Q4117263,0,1828,,14.35434,43.8525
YEM,Iêmen,Q12226098,http://www.wikidata.org/entity/Q292455,0,16878,,15.41481,43.7786
YEM,Iêmen,Q12226099,http://www.wikidata.org/entity/Q292455,0,4600,,15.47354,43.71697
YEM,Iêmen,Q12226096,http://www.wikidata.org/entity/Q4118401,0,17894,,13.04281,43.49028
YEM,Iêmen,Q12226097,http://www.wikidata.org/entity/Q4120339,0,4411,,13.75639,43.83332
YEM,Iêmen,Q12226100,http://www.wikidata.org/entity/Q4117407,0,8618,,15.58115,43.64349
YEM,Iêmen,Q12226183,http://www.wikidata.org/entity/Q4117519,0,3216,,15.694166666667,44.327777777778
YEM,Iêmen,Q12226186,http://www.wikidata.org/entity/Q4117331,0,12319,,,
YEM,Iêmen,Q12226187,http://www.wikidata.org/entity/Q4117443,0,2925,,15.64438,43.69035
YEM,Iêmen,Q12226184,http://www.wikidata.org/entity/Q4117337,0,6726,,,
YEM,Iêmen,Q12226185,http://www.wikidata.org/entity/Q4120341,0,21987,,13.29061,44.08542
YEM,Iêmen,Q12226190,http://www.wikidata.org/entity/Q4117615,0,2683,,14.66524,43.55176
YEM,Iêmen,Q12226188,http://www.wikidata.org/entity/Q4118981,0,4719,,13.46097,43.80274
YEM,Iêmen,Q12226189,http://www.wikidata.org/entity/Q4117340,0,5129,,15.96113,43.38602
YEM,Iêmen,Q12226195,http://www.wikidata.org/entity/Q4117482,0,7326,,,
YEM,Iêmen,Q12226192,http://www.wikidata.org/entity/Q1010798,0,4822,,15.1264,43.72526
YEM,Iêmen,Q12226193,http://www.wikidata.org/entity/Q4117553,0,3211,,14.90813,43.62022
YEM,Iêmen,Q12226198,http://www.wikidata.org/entity/Q4117191,0,2094,,14.47147,44.08976
YEM,Iêmen,Q12226199,http://www.wikidata.org/entity/Q4117243,0,6382,,15.37577,43.41874
YEM,Iêmen,Q12226197,http://www.wikidata.org/entity/Q4117508,0,4677,,16.10971,43.47083
YEM,Iêmen,Q12226202,http://www.wikidata.org/entity/Q4117433,0,2962,,16.26169,43.38362
YEM,Iêmen,Q12226201,http://www.wikidata.org/entity/Q4117263,0,2539,,14.2649,43.91459
YEM,Iêmen,Q12226204,http://www.wikidata.org/entity/Q4117523,0,5571,,16.93004,43.27764
YEM,Iêmen,Q12226205,http://www.wikidata.org/entity/Q4117268,0,2938,,14.41002,43.99523
YEM,Iêmen,Q12226230,http://www.wikidata.org/entity/Q4118421,0,2856,,14.09438,43.98614
YEM,Iêmen,Q12226231,http://www.wikidata.org/entity/Q4117582,0,8954,,14.93669,43.42432
YEM,Iêmen,Q12226229,http://www.wikidata.org/entity/Q4117298,0,2368,,14.25553,43.56693
YEM,Iêmen,Q12226234,http://www.wikidata.org/entity/Q4120339,0,6692,,13.80632,43.77048
YEM,Iêmen,Q12226235,http://www.wikidata.org/entity/Q4118402,0,6145,,14.52483,44.01555
YEM,Iêmen,Q12226232,http://www.wikidata.org/entity/Q4117519,0,1720,,15.8096,44.24018
YEM,Iêmen,Q12226233,http://www.wikidata.org/entity/Q4117298,0,9652,,14.35467,43.52203
YEM,Iêmen,Q12226338,http://www.wikidata.org/entity/Q4117563,0,3654,,16.09793,43.92889
YEM,Iêmen,Q12226339,http://www.wikidata.org/entity/Q4117691,0,12865,,14.28108,44.0994
YEM,Iêmen,Q12226337,http://www.wikidata.org/entity/Q4117243,0,4032,,15.35043,43.45475
YEM,Iêmen,Q12226342,http://www.wikidata.org/entity/Q4117529,0,17495,,14.46988,43.46678
YEM,Iêmen,Q12226343,http://www.wikidata.org/entity/Q4117337,0,1488,,15.26569,43.60744
YEM,Iêmen,Q12226340,http://www.wikidata.org/entity/Q4117340,0,8011,,15.96541,43.4448
YEM,Iêmen,Q12226341,http://www.wikidata.org/entity/Q4117701,0,10607,,14.01527,44.08924
YEM,Iêmen,Q12226346,http://www.wikidata.org/entity/Q4117298,0,1096,,14.31627,43.64177
YEM,Iêmen,Q12226347,http://www.wikidata.org/entity/Q4117232,0,1149,,14.90789,43.82323
YEM,Iêmen,Q12226345,http://www.wikidata.org/entity/Q4165477,0,4570,,13.15464,43.98238
YEM,Iêmen,Q12226350,http://www.wikidata.org/entity/Q4117519,0,4769,,15.80017,44.28873
YEM,Iêmen,Q12226351,http://www.wikidata.org/entity/Q4117268,0,2343,,14.49579,44.02197
YEM,Iêmen,Q12226348,http://www.wikidata.org/entity/Q4117653,0,1483,,15.425,44.697
YEM,Iêmen,Q12226349,http://www.wikidata.org/entity/Q4117701,0,7515,,13.9643,44.08531
YEM,Iêmen,Q12226352,http://www.wikidata.org/entity/Q4117691,0,2855,,14.20503,44.11503
YEM,Iêmen,Q12226394,http://www.wikidata.org/entity/Q4117345,0,2458,,15.48044,43.66942
YEM,Iêmen,Q12226395,http://www.wikidata.org/entity/Q4117433,0,17427,,16.36785,43.36762
YEM,Iêmen,Q12226398,http://www.wikidata.org/entity/Q4117518,0,9404,,14.5383,43.53618
YEM,Iêmen,Q12226396,http://www.wikidata.org/entity/Q4118421,0,4780,,14.04861,43.98497
YEM,Iêmen,Q12226402,http://www.wikidata.org/entity/Q4117569,0,11209,,14.51821,43.77705
YEM,Iêmen,Q12226403,http://www.wikidata.org/entity/Q4120340,0,7133,,13.78845,43.84458
YEM,Iêmen,Q12226400,http://www.wikidata.org/entity/Q4117232,0,1846,,15.0202,43.89598
YEM,Iêmen,Q12226401,http://www.wikidata.org/entity/Q6851806,0,5923,,15.33846,43.37478
YEM,Iêmen,Q12226406,http://www.wikidata.org/entity/Q4117678,0,6604,,13.94513,43.85023
YEM,Iêmen,Q12226407,http://www.wikidata.org/entity/Q4118988,0,6743,,15.21905,43.79546
YEM,Iêmen,Q12226404,http://www.wikidata.org/entity/Q4117521,0,1169,,,
YEM,Iêmen,Q12226405,http://www.wikidata.org/entity/Q4117521,0,7608,,15.99415,43.39654
YEM,Iêmen,Q12226410,http://www.wikidata.org/entity/Q4117326,0,3129,,15.224444444444,43.9975
YEM,Iêmen,Q12226411,http://www.wikidata.org/entity/Q4117263,0,1083,,14.39925,43.84136
YEM,Iêmen,Q12226447,http://www.wikidata.org/entity/Q20423902,0,1596,,13.50139,44.01595
YEM,Iêmen,Q12226450,http://www.wikidata.org/entity/Q4804442,0,7404,,,
YEM,Iêmen,Q12226451,http://www.wikidata.org/entity/Q4117341,0,9889,,15.26461,43.32677
YEM,Iêmen,Q12226448,http://www.wikidata.org/entity/Q4117695,0,4215,,16.72052,52.94634
YEM,Iêmen,Q12226449,http://www.wikidata.org/entity/Q4804442,0,7395,,15.84224,43.41716
YEM,Iêmen,Q12226454,http://www.wikidata.org/entity/Q4117599,0,1631,,14.15166,44.45893
YEM,Iêmen,Q12226455,http://www.wikidata.org/entity/Q4117317,0,32500,,14.45864,44.4411
YEM,Iêmen,Q12226452,http://www.wikidata.org/entity/Q4117307,0,3520,,14.60355,44.2229
YEM,Iêmen,Q12226453,http://www.wikidata.org/entity/Q4117523,0,5958,,16.91138,43.27878
YEM,Iêmen,Q12226458,http://www.wikidata.org/entity/Q4117322,0,12697,,,
YEM,Iêmen,Q12226459,http://www.wikidata.org/entity/Q4118402,0,1950,,14.7245,44.132
YEM,Iêmen,Q12226456,http://www.wikidata.org/entity/Q4117791,0,7331,,,
YEM,Iêmen,Q12226457,http://www.wikidata.org/entity/Q4117643,0,2117,,15.155834,45.186945
YEM,Iêmen,Q12226460,http://www.wikidata.org/entity/Q4117248,0,2128,,15.43352,43.50102
YEM,Iêmen,Q12226461,http://www.wikidata.org/entity/Q4117335,0,13432,,15.41196,44.46784
YEM,Iêmen,Q12226470,http://www.wikidata.org/entity/Q4117317,0,7522,,14.37403,44.54922
YEM,Iêmen,Q12226471,http://www.wikidata.org/entity/Q4165477,0,709,,13.23386,44.15201
YEM,Iêmen,Q12226468,http://www.wikidata.org/entity/Q4117263,0,2365,,14.36105,43.89615
YEM,Iêmen,Q12226469,http://www.wikidata.org/entity/Q4117703,0,4081,,13.91118,44.06442
YEM,Iêmen,Q12226578,http://www.wikidata.org/entity/Q4117508,0,7190,,16.20559,43.48512
YEM,Iêmen,Q12226579,http://www.wikidata.org/entity/Q4117558,0,10764,,16.10272,43.73496
YEM,Iêmen,Q12226582,http://www.wikidata.org/entity/Q4117525,0,9233,,,
YEM,Iêmen,Q12226583,http://www.wikidata.org/entity/Q4117601,0,1339,,13.93583,43.64763
YEM,Iêmen,Q12226580,http://www.wikidata.org/entity/Q4117558,0,7986,,16.03361,43.68173
YEM,Iêmen,Q12226581,http://www.wikidata.org/entity/Q4117448,0,5715,,15.88035,44.11753
YEM,Iêmen,Q12226586,http://www.wikidata.org/entity/Q4117699,0,12753,,14.3253,44.1936
YEM,Iêmen,Q12226587,http://www.wikidata.org/entity/Q4117793,0,6606,,13.82514,43.99429
YEM,Iêmen,Q12226584,http://www.wikidata.org/entity/Q4117448,0,10822,,15.8444,44.06965
YEM,Iêmen,Q12226585,http://www.wikidata.org/entity/Q4118321,0,51027,,13.77024,44.12646
YEM,Iêmen,Q12226588,http://www.wikidata.org/entity/Q4117505,0,9857,,15.68104,43.45936
YEM,Iêmen,Q12226631,http://www.wikidata.org/entity/Q4117229,0,6119,,,
YEM,Iêmen,Q12226634,http://www.wikidata.org/entity/Q4117613,0,5209,,16.96175,43.3345
YEM,Iêmen,Q12226635,http://www.wikidata.org/entity/Q4117573,0,5422,,16.6979,43.53413
YEM,Iêmen,Q12226632,http://www.wikidata.org/entity/Q4117418,0,791,,,
YEM,Iêmen,Q12226633,http://www.wikidata.org/entity/Q4117573,0,9756,,16.67607,43.36549
YEM,Iêmen,Q12226638,http://www.wikidata.org/entity/Q4118321,0,4974,,13.825833333333,44.053888888889
YEM,Iêmen,Q12226639,http://www.wikidata.org/entity/Q4117263,0,2279,,14.4079,43.68861
YEM,Iêmen,Q12226636,http://www.wikidata.org/entity/Q4118385,0,4518,,13.49865,44.03203
YEM,Iêmen,Q12226637,http://www.wikidata.org/entity/Q4117277,0,1657,,,
YEM,Iêmen,Q12226642,http://www.wikidata.org/entity/Q4117787,0,4137,,13.8072,44.1558
YEM,Iêmen,Q12226643,http://www.wikidata.org/entity/Q4117700,0,2273,,13.9416,44.276
YEM,Iêmen,Q12226640,http://www.wikidata.org/entity/Q4117307,0,5266,,14.6233,44.15232
YEM,Iêmen,Q12226641,http://www.wikidata.org/entity/Q4117799,0,4183,,,
YEM,Iêmen,Q12226646,http://www.wikidata.org/entity/Q4117431,0,16896,,15.70064,44.06599
YEM,Iêmen,Q12226647,http://www.wikidata.org/entity/Q4117243,0,1678,,15.38008,43.46025
YEM,Iêmen,Q12226644,http://www.wikidata.org/entity/Q4117336,0,8178,,15.51003,44.32396
YEM,Iêmen,Q12226645,http://www.wikidata.org/entity/Q4117418,0,1238,,16.3403,43.98905
YEM,Iêmen,Q12226648,http://www.wikidata.org/entity/Q4165477,0,3692,,13.12283,43.96996
YEM,Iêmen,Q12226649,http://www.wikidata.org/entity/Q4117530,0,19145,,15.58384,43.27685
YEM,Iêmen,Q12226783,http://www.wikidata.org/entity/Q4117696,0,43836,,15.05566,48.33099
YEM,Iêmen,Q12226787,http://www.wikidata.org/entity/Q4117433,0,29296,,16.33976,43.41161
YEM,Iêmen,Q12226784,http://www.wikidata.org/entity/Q4117786,0,1296,,13.96916,44.03859
YEM,Iêmen,Q12226785,http://www.wikidata.org/entity/Q4117232,0,1262,,14.86953,43.86146
YEM,Iêmen,Q12226790,http://www.wikidata.org/entity/Q4117263,0,1613,,14.3301,43.83647
YEM,Iêmen,Q12226791,http://www.wikidata.org/entity/Q4117227,0,2942,,13.77695,44.44415
YEM,Iêmen,Q12226788,http://www.wikidata.org/entity/Q4117372,0,15484,,15.50454,43.833
YEM,Iêmen,Q12226789,http://www.wikidata.org/entity/Q4117546,0,10827,,17.06705,43.60792
YEM,Iêmen,Q12226794,http://www.wikidata.org/entity/Q4117248,0,1022,,15.53781,43.49683
YEM,Iêmen,Q12226795,http://www.wikidata.org/entity/Q4117298,0,866,,14.26874,43.71957
YEM,Iêmen,Q12226792,http://www.wikidata.org/entity/Q4117268,0,2895,,14.43604,43.90704
YEM,Iêmen,Q12226793,http://www.wikidata.org/entity/Q20423902,0,3229,,13.50884,43.98492
YEM,Iêmen,Q12226798,http://www.wikidata.org/entity/Q4118324,0,2837,,14.07914,44.5416
YEM,Iêmen,Q12226799,http://www.wikidata.org/entity/Q4117263,0,2470,,14.28058,43.84465
YEM,Iêmen,Q12226797,http://www.wikidata.org/entity/Q1650858,0,1455,,14.909,44.46217
YEM,Iêmen,Q12226802,http://www.wikidata.org/entity/Q4118402,0,1943,,14.7913,44.02664
YEM,Iêmen,Q12226803,http://www.wikidata.org/entity/Q4117263,0,1679,,14.37354,43.73236
YEM,Iêmen,Q12226800,http://www.wikidata.org/entity/Q1884237,0,1638,,14.55594,43.59987
YEM,Iêmen,Q12226801,http://www.wikidata.org/entity/Q4117517,0,4027,,16.01317,43.53913
YEM,Iêmen,Q12226806,http://www.wikidata.org/entity/Q4117341,0,2929,,15.50064,43.34293
YEM,Iêmen,Q12226807,http://www.wikidata.org/entity/Q20423902,0,9838,,13.51303,44.09126
YEM,Iêmen,Q12226804,http://www.wikidata.org/entity/Q4117508,0,5804,,16.20887,43.39429
YEM,Iêmen,Q12226805,http://www.wikidata.org/entity/Q4117508,0,6677,,16.23609,43.41685
YEM,Iêmen,Q12226810,http://www.wikidata.org/entity/Q4117699,0,5285,,14.3511,44.33487
YEM,Iêmen,Q12226811,http://www.wikidata.org/entity/Q1650858,0,10920,,14.65593,44.49451
YEM,Iêmen,Q12226808,http://www.wikidata.org/entity/Q4117341,0,5945,,15.46475,43.42781
YEM,Iêmen,Q12226809,http://www.wikidata.org/entity/Q4117505,0,9538,,15.68506,43.57451
YEM,Iêmen,Q12226814,http://www.wikidata.org/entity/Q4117227,0,4830,,13.7056,44.48202
YEM,Iêmen,Q12226815,http://www.wikidata.org/entity/Q4117337,0,2912,,15.2342,43.54644
YEM,Iêmen,Q12226812,http://www.wikidata.org/entity/Q1650858,0,5533,,14.69827,44.57061
YEM,Iêmen,Q12226813,http://www.wikidata.org/entity/Q1656398,0,2214,,15.41492,51.42566
YEM,Iêmen,Q12226816,http://www.wikidata.org/entity/Q4117322,0,1516,,15.55761,43.48485
YEM,Iêmen,Q12226838,http://www.wikidata.org/entity/Q4117451,0,3962,,,
YEM,Iêmen,Q12226837,http://www.wikidata.org/entity/Q4117411,0,3740,,15.79485,43.6857
YEM,Iêmen,Q12226902,http://www.wikidata.org/entity/Q4117810,0,2582,,,
YEM,Iêmen,Q12226903,http://www.wikidata.org/entity/Q4117191,0,6447,,14.40809,44.13605
YEM,Iêmen,Q12226906,http://www.wikidata.org/entity/Q4117337,0,1208,,,
YEM,Iêmen,Q12226907,http://www.wikidata.org/entity/Q4117339,0,7125,,15.28939,44.48764
YEM,Iêmen,Q12226904,http://www.wikidata.org/entity/Q4117298,0,3161,,14.17566,43.52872
YEM,Iêmen,Q12226905,http://www.wikidata.org/entity/Q6109810,0,1980,,14.76953,43.93782
YEM,Iêmen,Q12226910,http://www.wikidata.org/entity/Q4117335,0,2843,,,
YEM,Iêmen,Q12226911,http://www.wikidata.org/entity/Q4117263,0,4023,,14.43857,43.70692
YEM,Iêmen,Q12226908,http://www.wikidata.org/entity/Q4703500,0,2623,,,
YEM,Iêmen,Q12226909,http://www.wikidata.org/entity/Q4117789,0,2191,,13.7191,44.25121
YEM,Iêmen,Q12226914,http://www.wikidata.org/entity/Q4117539,0,2173,,15.77602,43.73689
YEM,Iêmen,Q12226915,http://www.wikidata.org/entity/Q283304,0,8046,,17.29609,43.38597
YEM,Iêmen,Q12226912,http://www.wikidata.org/entity/Q4117786,0,9118,,13.93022,43.9818
YEM,Iêmen,Q12226913,http://www.wikidata.org/entity/Q4117786,0,3687,,14.01167,43.8735
YEM,Iêmen,Q12226918,http://www.wikidata.org/entity/Q4117615,0,3275,,14.66103,43.63372
YEM,Iêmen,Q12226916,http://www.wikidata.org/entity/Q4117405,0,15157,,15.94718,43.12819
YEM,Iêmen,Q12226917,http://www.wikidata.org/entity/Q4117407,0,7402,,15.55824,43.5732
YEM,Iêmen,Q12226935,http://www.wikidata.org/entity/Q4117268,0,3711,,14.43371,43.93717
YEM,Iêmen,Q12226938,http://www.wikidata.org/entity/Q4118313,0,3032,,14.61558,43.81018
YEM,Iêmen,Q12226936,http://www.wikidata.org/entity/Q4117625,0,22215,,14.26353,44.49945
YEM,Iêmen,Q12226937,http://www.wikidata.org/entity/Q4117411,0,6815,,15.73624,43.73001
YEM,Iêmen,Q12226959,http://www.wikidata.org/entity/Q4117562,0,3725,,14.1703,43.42045
YEM,Iêmen,Q12226962,http://www.wikidata.org/entity/Q6109810,0,3776,,14.73412,43.95158
YEM,Iêmen,Q12226963,http://www.wikidata.org/entity/Q6109810,0,2603,,14.6985,43.97353
YEM,Iêmen,Q12226960,http://www.wikidata.org/entity/Q4117562,0,3225,,14.19024,43.43125
YEM,Iêmen,Q12226961,http://www.wikidata.org/entity/Q1884248,0,16510,,13.6894,43.92099
YEM,Iêmen,Q12226966,http://www.wikidata.org/entity/Q4117236,0,4007,,15.07854,43.57338
YEM,Iêmen,Q12226967,http://www.wikidata.org/entity/Q4804442,0,5455,,,
YEM,Iêmen,Q12226964,http://www.wikidata.org/entity/Q4117691,0,2846,,14.33922,43.94497
YEM,Iêmen,Q12226965,http://www.wikidata.org/entity/Q4117304,0,9028,,,
YEM,Iêmen,Q12226970,http://www.wikidata.org/entity/Q4117793,0,5319,,13.87855,43.96177
YEM,Iêmen,Q12226968,http://www.wikidata.org/entity/Q4117527,0,5716,,15.99524,43.51226
YEM,Iêmen,Q12226969,http://www.wikidata.org/entity/Q4117505,0,34136,,,
YEM,Iêmen,Q12226974,http://www.wikidata.org/entity/Q4117573,0,2384,,16.82174,43.37588
YEM,Iêmen,Q12226975,http://www.wikidata.org/entity/Q4117369,0,6431,,,
YEM,Iêmen,Q12226972,http://www.wikidata.org/entity/Q4117573,0,3754,,16.81862,43.39468
YEM,Iêmen,Q12226973,http://www.wikidata.org/entity/Q4117573,0,6459,,,
YEM,Iêmen,Q12226978,http://www.wikidata.org/entity/Q1010798,0,8999,,15.08012,43.66717
YEM,Iêmen,Q12226976,http://www.wikidata.org/entity/Q4118385,0,11354,,13.57024,44.11781
YEM,Iêmen,Q12226977,http://www.wikidata.org/entity/Q4117514,0,13890,,16.06434,44.11381
YEM,Iêmen,Q12238566,http://www.wikidata.org/entity/Q4117532,0,2262,,,
YEM,Iêmen,Q12238742,http://www.wikidata.org/entity/Q388291,0,3243,,,
YEM,Iêmen,Q12238873,http://www.wikidata.org/entity/Q4117546,0,1938,,,
YEM,Iêmen,Q15227178,http://www.wikidata.org/entity/Q4117418,0,6421,,16.23333333,43.96666667
YEM,Iêmen,Q17455371,http://www.wikidata.org/entity/Q12226258,0,287,,,
YEM,Iêmen,Q17455373,http://www.wikidata.org/entity/Q12227041,0,56,,,
YEM,Iêmen,Q17455387,http://www.wikidata.org/entity/Q12226258,0,32,,,
YEM,Iêmen,Q17455390,http://www.wikidata.org/entity/Q12226258,0,785,,,
YEM,Iêmen,Q17455389,http://www.wikidata.org/entity/Q12227041,0,72,,,
YEM,Iêmen,Q17455394,http://www.wikidata.org/entity/Q12227041,0,143,,,
YEM,Iêmen,Q17455393,http://www.wikidata.org/entity/Q12226258,0,55,,,
YEM,Iêmen,Q17455396,http://www.wikidata.org/entity/Q12226258,0,323,,,
YEM,Iêmen,Q17455403,http://www.wikidata.org/entity/Q12227041,0,251,,,
YEM,Iêmen,Q17455401,http://www.wikidata.org/entity/Q12226258,0,54,,,
YEM,Iêmen,Q17455406,http://www.wikidata.org/entity/Q12226258,0,354,,,
YEM,Iêmen,Q17455404,http://www.wikidata.org/entity/Q12226258,0,360,,,
YEM,Iêmen,Q17455408,http://www.wikidata.org/entity/Q12226258,0,369,,,
YEM,Iêmen,Q17455409,http://www.wikidata.org/entity/Q12226258,0,189,,,
YEM,Iêmen,Q17455415,http://www.wikidata.org/entity/Q12227041,0,277,,,
YEM,Iêmen,Q17455416,http://www.wikidata.org/entity/Q12226258,0,22,,,
YEM,Iêmen,Q17455438,http://www.wikidata.org/entity/Q12226258,0,42,,,
YEM,Iêmen,Q17455436,http://www.wikidata.org/entity/Q12227041,0,2342,,,
YEM,Iêmen,Q17455437,http://www.wikidata.org/entity/Q12226258,0,0,,,
YEM,Iêmen,Q17455440,http://www.wikidata.org/entity/Q12226258,0,120,,,
YEM,Iêmen,Q17455441,http://www.wikidata.org/entity/Q12226364,0,151,,,
YEM,Iêmen,Q17455470,http://www.wikidata.org/entity/Q12226258,0,103,,,
YEM,Iêmen,Q17455471,http://www.wikidata.org/entity/Q12226364,0,108,,,
YEM,Iêmen,Q17455480,http://www.wikidata.org/entity/Q12226258,0,71,,,
YEM,Iêmen,Q17491278,http://www.wikidata.org/entity/Q12226568,0,1270,,,
YEM,Iêmen,Q17543021,http://www.wikidata.org/entity/Q12226138,0,258,,,
YEM,Iêmen,Q17543030,http://www.wikidata.org/entity/Q12226378,0,54,,,
YEM,Iêmen,Q17543028,http://www.wikidata.org/entity/Q12226378,0,296,,,
YEM,Iêmen,Q17543029,http://www.wikidata.org/entity/Q12226138,0,144,,,
YEM,Iêmen,Q17543047,http://www.wikidata.org/entity/Q12226094,0,296,,,
YEM,Iêmen,Q17543051,http://www.wikidata.org/entity/Q12226378,0,145,,,
YEM,Iêmen,Q17543048,http://www.wikidata.org/entity/Q12225271,0,83,,,
YEM,Iêmen,Q17543053,http://www.wikidata.org/entity/Q12226048,0,99,,,
YEM,Iêmen,Q17543067,http://www.wikidata.org/entity/Q12226094,0,40,,,
YEM,Iêmen,Q20299556,http://www.wikidata.org/entity/Q4117305,0,203,,15.448888888889,44.140555555556
YEM,Iêmen,Q20300403,http://www.wikidata.org/entity/Q4117433,0,41,,16.147777777778,43.386944444444
YEM,Iêmen,Q20300413,http://www.wikidata.org/entity/Q4117517,0,6,,16.049166666667,43.588333333333
YEM,Iêmen,Q20300446,http://www.wikidata.org/entity/Q4117540,0,161,,15.412794,44.866827
YEM,Iêmen,Q20300448,http://www.wikidata.org/entity/Q4117422,0,10,,16.025555555556,43.401666666667
YEM,Iêmen,Q20300477,http://www.wikidata.org/entity/Q4117502,0,39,,16.081111111111,43.279444444444
YEM,Iêmen,Q20300784,http://www.wikidata.org/entity/Q4117433,0,53,,16.213055555556,43.368611111111
YEM,Iêmen,Q20300891,http://www.wikidata.org/entity/Q4117631,0,124,,13.809722222222,45.116111111111
YEM,Iêmen,Q20301093,http://www.wikidata.org/entity/Q4117604,0,382,,14.637222222222,45.145555555556
YEM,Iêmen,Q20301137,http://www.wikidata.org/entity/Q4117422,0,10,,16.054722222222,43.423611111111
YEM,Iêmen,Q20302320,http://www.wikidata.org/entity/Q4117643,0,354,,14.976111111111,45.288333333333
YEM,Iêmen,Q20302727,http://www.wikidata.org/entity/Q4117631,0,105,,13.795833333333,45.137222222222
YEM,Iêmen,Q20302762,http://www.wikidata.org/entity/Q4117604,0,122,,14.559444444444,45.271666666667
YEM,Iêmen,Q20302802,http://www.wikidata.org/entity/Q6762513,0,156,,15.531944444444,45.455
YEM,Iêmen,Q20302843,http://www.wikidata.org/entity/Q4117540,0,61,,15.003888888889,45.525833333333
YEM,Iêmen,Q20302848,http://www.wikidata.org/entity/Q6762513,0,31,,15.465555555556,45.380555555556
YEM,Iêmen,Q20302859,http://www.wikidata.org/entity/Q4117799,0,171,,14.276944444444,45.365
YEM,Iêmen,Q20302886,http://www.wikidata.org/entity/Q4117405,0,102,,16.094444444444,43.051944444444
YEM,Iêmen,Q20302988,http://www.wikidata.org/entity/Q4117540,0,99,,15.005277777778,45.517222222222
YEM,Iêmen,Q20303020,http://www.wikidata.org/entity/Q4117604,0,83,,14.718611111111,45.217777777778
YEM,Iêmen,Q20303260,http://www.wikidata.org/entity/Q4117305,0,54,,15.455,44.145
YEM,Iêmen,Q20303326,http://www.wikidata.org/entity/Q6762513,0,520,,15.500555555556,45.4325
YEM,Iêmen,Q20303411,http://www.wikidata.org/entity/Q4117604,0,65,,14.557222222222,45.276666666667
YEM,Iêmen,Q20303621,http://www.wikidata.org/entity/Q6762513,0,114,,15.464722222222,45.439166666667
YEM,Iêmen,Q20303765,http://www.wikidata.org/entity/Q4118385,0,1636,,13.186944444444,43.904444444444
YEM,Iêmen,Q20304024,http://www.wikidata.org/entity/Q4117799,0,302,,14.377222222222,45.392222222222
YEM,Iêmen,Q20304329,http://www.wikidata.org/entity/Q4117799,0,80,,14.375,45.368055555556
YEM,Iêmen,Q20304516,http://www.wikidata.org/entity/Q6762513,0,223,,15.501388888889,45.365833333333
YEM,Iêmen,Q20304818,http://www.wikidata.org/entity/Q6762513,0,110,,15.391944444444,45.342777777778
YEM,Iêmen,Q20304854,http://www.wikidata.org/entity/Q4117299,0,91,,15.5025,44.181388888889
YEM,Iêmen,Q20304868,http://www.wikidata.org/entity/Q4117692,0,176,,14.509722222222,45.224166666667
YEM,Iêmen,Q20305378,http://www.wikidata.org/entity/Q6762513,0,471,,15.519954,45.371727
YEM,Iêmen,Q20305392,http://www.wikidata.org/entity/Q6762513,0,115,,15.54,45.379722222222
YEM,Iêmen,Q20305419,http://www.wikidata.org/entity/Q4703572,0,3750,,13.989444444444,45.576944444444
YEM,Iêmen,Q20305436,http://www.wikidata.org/entity/Q6762513,0,621,,15.440833333333,45.330555555556
YEM,Iêmen,Q20305728,http://www.wikidata.org/entity/Q4117604,0,63,,14.6425,45.213333333333
YEM,Iêmen,Q20305842,http://www.wikidata.org/entity/Q4117540,0,143,,14.996388888889,45.524444444444
YEM,Iêmen,Q20306304,http://www.wikidata.org/entity/Q6762513,0,548,,15.48,45.349444444444
YEM,Iêmen,Q20306430,http://www.wikidata.org/entity/Q1650593,0,1,,16.598611111111,44.187777777778
YEM,Iêmen,Q20306648,http://www.wikidata.org/entity/Q4117604,0,48,,14.551944444444,45.299444444444
YEM,Iêmen,Q20307656,http://www.wikidata.org/entity/Q6762513,0,54,,15.525277777778,45.465833333333
YEM,Iêmen,Q20307727,http://www.wikidata.org/entity/Q4117693,0,1285,,13.357222222222,43.866388888889
YEM,Iêmen,Q12225700,http://www.wikidata.org/entity/Q4117352,0,2407,,15.70918,43.46574
YEM,Iêmen,Q12225938,http://www.wikidata.org/entity/Q4117301,0,2601,,15.31662,44.87984
YEM,Iêmen,Q12225939,http://www.wikidata.org/entity/Q4117243,0,4659,,15.32105,43.41322
YEM,Iêmen,Q12225937,http://www.wikidata.org/entity/Q4118981,0,22580,,13.68573,43.65252
YEM,Iêmen,Q12225942,http://www.wikidata.org/entity/Q4117700,0,11369,,14.05673,44.27426
YEM,Iêmen,Q12225943,http://www.wikidata.org/entity/Q4117263,0,2723,,14.29245,43.7777
YEM,Iêmen,Q12225940,http://www.wikidata.org/entity/Q1650858,0,6582,,,
YEM,Iêmen,Q12225941,http://www.wikidata.org/entity/Q4120339,0,5325,,13.85568,43.76927
YEM,Iêmen,Q12225946,http://www.wikidata.org/entity/Q4117496,0,18430,,14.76036,43.08469
YEM,Iêmen,Q12225947,http://www.wikidata.org/entity/Q4117714,0,6736,,,
YEM,Iêmen,Q12225944,http://www.wikidata.org/entity/Q4117598,0,37189,,14.69285,43.36084
YEM,Iêmen,Q12225945,http://www.wikidata.org/entity/Q4117519,0,6328,,15.91319,44.33039
YEM,Iêmen,Q12225950,http://www.wikidata.org/entity/Q4117263,0,37440,,14.35479,43.73638
YEM,Iêmen,Q12225951,http://www.wikidata.org/entity/Q4117582,0,5710,,14.90014,43.52292
YEM,Iêmen,Q12225948,http://www.wikidata.org/entity/Q4118385,0,12354,,13.55358,44.01604
YEM,Iêmen,Q12225949,http://www.wikidata.org/entity/Q4117609,0,15825,,15.47748,43.05494
YEM,Iêmen,Q12225954,http://www.wikidata.org/entity/Q4118310,0,3832,,14.16126,44.12092
YEM,Iêmen,Q12225952,http://www.wikidata.org/entity/Q4117582,0,6412,,14.91509,43.47363
YEM,Iêmen,Q12225953,http://www.wikidata.org/entity/Q4117562,0,3326,,14.22123,43.46111
YEM,Iêmen,Q12225958,http://www.wikidata.org/entity/Q4118385,0,15093,,13.46767,44.06198
YEM,Iêmen,Q12225959,http://www.wikidata.org/entity/Q4117600,0,6299,,13.15916,44.19498
YEM,Iêmen,Q12225962,http://www.wikidata.org/entity/Q1650858,0,5526,,14.64968,44.56597
YEM,Iêmen,Q12225963,http://www.wikidata.org/entity/Q4117523,0,11647,,,
YEM,Iêmen,Q12225960,http://www.wikidata.org/entity/Q4117691,0,2177,,14.39381,44.04508
YEM,Iêmen,Q12225961,http://www.wikidata.org/entity/Q4117601,0,3461,,14.07603,43.5831
YEM,Iêmen,Q12225966,http://www.wikidata.org/entity/Q4117787,0,12526,,13.85913,44.14939
YEM,Iêmen,Q12225967,http://www.wikidata.org/entity/Q4118313,0,7224,,14.5886,43.86382
YEM,Iêmen,Q12225964,http://www.wikidata.org/entity/Q4117352,0,1760,,15.72791,43.48398
YEM,Iêmen,Q12225965,http://www.wikidata.org/entity/Q4117505,0,2297,,15.65363,43.63811
YEM,Iêmen,Q12225970,http://www.wikidata.org/entity/Q4117500,0,1903,,16.86495,43.42787
YEM,Iêmen,Q12225971,http://www.wikidata.org/entity/Q4117268,0,750,,14.53413,43.94316
YEM,Iêmen,Q12225968,http://www.wikidata.org/entity/Q4117268,0,2034,,14.56737,43.9414
YEM,Iêmen,Q12225969,http://www.wikidata.org/entity/Q4117787,0,15290,,13.89167,44.22971
YEM,Iêmen,Q12225974,http://www.wikidata.org/entity/Q4117263,0,1677,,14.37395,43.86706
YEM,Iêmen,Q12225975,http://www.wikidata.org/entity/Q4117561,0,4609,,13.36949,44.33974
YEM,Iêmen,Q12225972,http://www.wikidata.org/entity/Q4117263,0,953,,14.37834,43.76481
YEM,Iêmen,Q12225973,http://www.wikidata.org/entity/Q4117784,0,7707,,,
YEM,Iêmen,Q12225976,http://www.wikidata.org/entity/Q1884248,0,14246,,13.394166666667,43.779444444444
YEM,Iêmen,Q12226250,http://www.wikidata.org/entity/Q4165477,0,3603,,13.19438,43.96927
YEM,Iêmen,Q12226254,http://www.wikidata.org/entity/Q4117298,0,3101,,14.39371,43.65765
YEM,Iêmen,Q12226255,http://www.wikidata.org/entity/Q4117227,0,1787,,13.73739,44.49128
YEM,Iêmen,Q12226252,http://www.wikidata.org/entity/Q4117523,0,3005,,16.84302,43.25449
YEM,Iêmen,Q12226258,http://www.wikidata.org/entity/Q4117374,0,16262,,15.07651,44.87348
YEM,Iêmen,Q12226259,http://www.wikidata.org/entity/Q4118981,0,16344,,13.58747,43.78503
YEM,Iêmen,Q12226257,http://www.wikidata.org/entity/Q4117620,0,5399,,14.87491,43.36686
YEM,Iêmen,Q12226262,http://www.wikidata.org/entity/Q4117612,0,3772,,13.79428,44.30524
YEM,Iêmen,Q12226263,http://www.wikidata.org/entity/Q4117546,0,21988,,17.14875,43.37295
YEM,Iêmen,Q12226260,http://www.wikidata.org/entity/Q4117539,0,3170,,15.81772,43.79186
YEM,Iêmen,Q12226261,http://www.wikidata.org/entity/Q4117191,0,4052,,14.48231,44.1155
YEM,Iêmen,Q12226266,http://www.wikidata.org/entity/Q4117525,0,7496,,15.91906,43.87305
YEM,Iêmen,Q12226267,http://www.wikidata.org/entity/Q4117786,0,5021,,14.053333333333,43.894166666667
YEM,Iêmen,Q12226264,http://www.wikidata.org/entity/Q4120341,0,4916,,13.34857,44.08995
YEM,Iêmen,Q12226265,http://www.wikidata.org/entity/Q4117298,0,1633,,14.23736,43.62432
YEM,Iêmen,Q12226270,http://www.wikidata.org/entity/Q4117298,0,2869,,14.24492,43.60867
YEM,Iêmen,Q12226271,http://www.wikidata.org/entity/Q1884237,0,3360,,,
YEM,Iêmen,Q12226268,http://www.wikidata.org/entity/Q4117553,0,930,,14.81273,43.61665
YEM,Iêmen,Q12226269,http://www.wikidata.org/entity/Q4117268,0,3679,,,
YEM,Iêmen,Q12226272,http://www.wikidata.org/entity/Q4118321,0,7515,,13.84956,44.04089
YEM,Iêmen,Q12226414,http://www.wikidata.org/entity/Q1650858,0,1754,,14.85147,44.51762
YEM,Iêmen,Q12226415,http://www.wikidata.org/entity/Q4117191,0,1316,,14.53811,44.07539
YEM,Iêmen,Q12226412,http://www.wikidata.org/entity/Q4117232,0,980,,15.0895,43.80499
YEM,Iêmen,Q12226413,http://www.wikidata.org/entity/Q4117418,0,1132,,16.30354,44.0371
YEM,Iêmen,Q12226418,http://www.wikidata.org/entity/Q4117191,0,1252,,14.52647,44.07438
YEM,Iêmen,Q12226419,http://www.wikidata.org/entity/Q4117243,0,1487,,15.39897,43.44957
YEM,Iêmen,Q12226416,http://www.wikidata.org/entity/Q4117232,0,1253,,15.036,43.85922
YEM,Iêmen,Q12226417,http://www.wikidata.org/entity/Q4118402,0,1395,,14.80483,44.04754
YEM,Iêmen,Q12226420,http://www.wikidata.org/entity/Q4117298,0,1969,,,
YEM,Iêmen,Q12226443,http://www.wikidata.org/entity/Q4117701,0,10690,,13.98234,44.11806
YEM,Iêmen,Q12226446,http://www.wikidata.org/entity/Q4118981,0,6785,,13.57558,43.84041
YEM,Iêmen,Q12226444,http://www.wikidata.org/entity/Q4118413,0,11187,,13.987027777778,44.15375
YEM,Iêmen,Q12226445,http://www.wikidata.org/entity/Q1650858,0,8804,,14.7292,44.64985
YEM,Iêmen,Q12226474,http://www.wikidata.org/entity/Q4118310,0,7069,,14.081666666667,44.120277777778
YEM,Iêmen,Q12226475,http://www.wikidata.org/entity/Q4117505,0,8588,,15.6461,43.58627
YEM,Iêmen,Q12226472,http://www.wikidata.org/entity/Q4117599,0,4814,,14.18166,44.46729
YEM,Iêmen,Q12226473,http://www.wikidata.org/entity/Q4117820,0,18237,,14.13266,44.19936
YEM,Iêmen,Q12226478,http://www.wikidata.org/entity/Q4117701,0,19762,,14.05908,44.13924
YEM,Iêmen,Q12226479,http://www.wikidata.org/entity/Q4117243,0,4742,,15.32695,43.45659
YEM,Iêmen,Q12226476,http://www.wikidata.org/entity/Q4117443,0,4328,,15.60677,43.67174
YEM,Iêmen,Q12226477,http://www.wikidata.org/entity/Q4117263,0,3996,,14.26716,43.83388
YEM,Iêmen,Q12226482,http://www.wikidata.org/entity/Q4117703,0,16566,,13.92013,44.13841
YEM,Iêmen,Q12226480,http://www.wikidata.org/entity/Q4117407,0,7923,,15.59927,43.63238
YEM,Iêmen,Q12226481,http://www.wikidata.org/entity/Q4117516,0,10832,,14.02088,44.87983
YEM,Iêmen,Q12226530,http://www.wikidata.org/entity/Q4117725,0,495,,,
YEM,Iêmen,Q12226531,http://www.wikidata.org/entity/Q4118421,0,16168,,14.01825,43.98046
YEM,Iêmen,Q12226529,http://www.wikidata.org/entity/Q1884259,0,13975,,,
YEM,Iêmen,Q12226534,http://www.wikidata.org/entity/Q328180,0,1095,,14.59878,46.07621
YEM,Iêmen,Q12226535,http://www.wikidata.org/entity/Q4117263,0,1439,,,
YEM,Iêmen,Q12226532,http://www.wikidata.org/entity/Q4117339,0,9017,,15.11484,44.5522
YEM,Iêmen,Q12226533,http://www.wikidata.org/entity/Q4117604,0,1644,,14.74247,45.10759
YEM,Iêmen,Q12226538,http://www.wikidata.org/entity/Q4120339,0,4858,,13.82209,43.70264
YEM,Iêmen,Q12226539,http://www.wikidata.org/entity/Q4118421,0,1427,,14.06493,44.00765
YEM,Iêmen,Q12226536,http://www.wikidata.org/entity/Q4117268,0,5254,,,
YEM,Iêmen,Q12226537,http://www.wikidata.org/entity/Q4117793,0,6094,,13.89093,44.00688
YEM,Iêmen,Q12226542,http://www.wikidata.org/entity/Q4117505,0,3860,,15.6706,43.61351
YEM,Iêmen,Q12226543,http://www.wikidata.org/entity/Q4117263,0,2959,,14.72166,44.0843
YEM,Iêmen,Q12226540,http://www.wikidata.org/entity/Q4117243,0,1973,,15.41964,43.44219
YEM,Iêmen,Q12226541,http://www.wikidata.org/entity/Q4117431,0,10994,,15.8416,43.97152
YEM,Iêmen,Q12226546,http://www.wikidata.org/entity/Q4117268,0,10553,,14.49844,43.89706
YEM,Iêmen,Q12226544,http://www.wikidata.org/entity/Q4117691,0,8301,,14.265833333333,43.96
YEM,Iêmen,Q12226545,http://www.wikidata.org/entity/Q283304,0,6256,,17.35093,43.33132
YEM,Iêmen,Q12226548,http://www.wikidata.org/entity/Q4117652,0,18059,,15.71511,48.12302
YEM,Iêmen,Q12226549,http://www.wikidata.org/entity/Q4117418,0,6450,,16.22359,43.95572
YEM,Iêmen,Q12226567,http://www.wikidata.org/entity/Q4118402,0,3803,,14.94405,44.11599
YEM,Iêmen,Q12226650,http://www.wikidata.org/entity/Q4117240,0,9157,,14.16366,44.72528
YEM,Iêmen,Q12226654,http://www.wikidata.org/entity/Q4117630,0,23085,,15.83884,43.15928
YEM,Iêmen,Q12226655,http://www.wikidata.org/entity/Q4117530,0,10264,,15.57806,43.39516
YEM,Iêmen,Q12226652,http://www.wikidata.org/entity/Q4117624,0,6174,,13.99185,43.49643
YEM,Iêmen,Q12226653,http://www.wikidata.org/entity/Q4733335,0,10474,,15.51005,42.82392
YEM,Iêmen,Q12226658,http://www.wikidata.org/entity/Q4117477,0,37183,,15.35624,42.89188
YEM,Iêmen,Q12226659,http://www.wikidata.org/entity/Q4117624,0,11122,,13.91342,43.45114
YEM,Iêmen,Q12226656,http://www.wikidata.org/entity/Q4907490,0,10229,,14.98086,44.23613
YEM,Iêmen,Q12226657,http://www.wikidata.org/entity/Q4733335,0,3008,,15.62589,42.7963
YEM,Iêmen,Q12226662,http://www.wikidata.org/entity/Q4733335,0,1718,,,
YEM,Iêmen,Q12226660,http://www.wikidata.org/entity/Q4117298,0,1253,,,
YEM,Iêmen,Q12226754,http://www.wikidata.org/entity/Q4118324,0,5257,,14.0358,44.51517
YEM,Iêmen,Q12226879,http://www.wikidata.org/entity/Q4117523,0,4224,,16.94661,43.26502
YEM,Iêmen,Q12226882,http://www.wikidata.org/entity/Q4117431,0,4770,,15.88571,43.98202
YEM,Iêmen,Q12226883,http://www.wikidata.org/entity/Q4117263,0,2552,,14.2911,43.81357
YEM,Iêmen,Q12226880,http://www.wikidata.org/entity/Q4117692,0,2314,,,
YEM,Iêmen,Q12226881,http://www.wikidata.org/entity/Q4117240,0,4099,,14.16886,44.7753
YEM,Iêmen,Q12226886,http://www.wikidata.org/entity/Q1884209,0,15571,,16.83816,43.7338
YEM,Iêmen,Q12226887,http://www.wikidata.org/entity/Q4117464,0,8070,,16.09729,43.63588
YEM,Iêmen,Q12226884,http://www.wikidata.org/entity/Q4117425,0,4867,,16.41474,43.31272
YEM,Iêmen,Q12226885,http://www.wikidata.org/entity/Q4117692,0,1444,,,
YEM,Iêmen,Q12226890,http://www.wikidata.org/entity/Q4703500,0,2754,,16.40914,43.77642
YEM,Iêmen,Q12226888,http://www.wikidata.org/entity/Q4117506,0,30641,,,
YEM,Iêmen,Q12226889,http://www.wikidata.org/entity/Q4117320,0,876,,15.2984,44.28468
YEM,Iêmen,Q12227082,http://www.wikidata.org/entity/Q4117352,0,1525,,15.70353,43.48231
YEM,Iêmen,Q12227083,http://www.wikidata.org/entity/Q4117500,0,2402,,,
YEM,Iêmen,Q12227081,http://www.wikidata.org/entity/Q4117703,0,17342,,13.93611,44.11157
YEM,Iêmen,Q12227086,http://www.wikidata.org/entity/Q4117613,0,7991,,17.00327,43.34469
YEM,Iêmen,Q12227087,http://www.wikidata.org/entity/Q4117504,0,13533,,15.87356,43.68097
YEM,Iêmen,Q12227085,http://www.wikidata.org/entity/Q4117794,0,2105,,,
YEM,Iêmen,Q12227090,http://www.wikidata.org/entity/Q4117573,0,3346,,16.79105,43.3719
YEM,Iêmen,Q12227091,http://www.wikidata.org/entity/Q4117573,0,3979,,16.77587,43.37407
YEM,Iêmen,Q12227088,http://www.wikidata.org/entity/Q4117482,0,4239,,17.17526,43.25466
YEM,Iêmen,Q12227089,http://www.wikidata.org/entity/Q4117573,0,14307,,16.74157,43.38269
YEM,Iêmen,Q12227094,http://www.wikidata.org/entity/Q4117232,0,1998,,15.14647,43.81463
YEM,Iêmen,Q12227095,http://www.wikidata.org/entity/Q1884237,0,11298,,14.58882,43.66621
YEM,Iêmen,Q12227092,http://www.wikidata.org/entity/Q4117492,0,29413,,17.00028,43.73804
YEM,Iêmen,Q12227093,http://www.wikidata.org/entity/Q4117232,0,767,,14.93483,43.93545
YEM,Iêmen,Q12227098,http://www.wikidata.org/entity/Q4118421,0,7296,,14.08056,44.03466
YEM,Iêmen,Q12227099,http://www.wikidata.org/entity/Q4117263,0,2151,,14.32148,43.81457
YEM,Iêmen,Q12227096,http://www.wikidata.org/entity/Q4118402,0,2610,,,
YEM,Iêmen,Q12227097,http://www.wikidata.org/entity/Q4117625,0,5378,,14.2064,44.50448
YEM,Iêmen,Q12227102,http://www.wikidata.org/entity/Q4117643,0,5544,,15.23489,45.21925
YEM,Iêmen,Q12227103,http://www.wikidata.org/entity/Q4117317,0,10407,,14.55429,44.19933
YEM,Iêmen,Q12227100,http://www.wikidata.org/entity/Q4117699,0,46498,,14.29384,44.38168
YEM,Iêmen,Q12227101,http://www.wikidata.org/entity/Q4117547,0,4296,,,
YEM,Iêmen,Q12227106,http://www.wikidata.org/entity/Q4119006,0,2786,,13.45609,43.94221
YEM,Iêmen,Q12227104,http://www.wikidata.org/entity/Q4117268,0,1836,,14.50207,43.95782
YEM,Iêmen,Q20381095,http://www.wikidata.org/entity/Q12225333,0,2050,,,
YEM,Iêmen,Q20381092,http://www.wikidata.org/entity/Q12226771,0,305,,,
YEM,Iêmen,Q20381093,http://www.wikidata.org/entity/Q125170113,0,75,,,
YEM,Iêmen,Q20381098,http://www.wikidata.org/entity/Q12226511,0,212,,,
YEM,Iêmen,Q20381096,http://www.wikidata.org/entity/Q20405294,0,38,,,
YEM,Iêmen,Q20381102,http://www.wikidata.org/entity/Q12226258,0,187,,,
YEM,Iêmen,Q20381100,http://www.wikidata.org/entity/Q12226544,0,42,,,
YEM,Iêmen,Q20381104,http://www.wikidata.org/entity/Q12226212,0,35,,,
YEM,Iêmen,Q20381111,http://www.wikidata.org/entity/Q4118398,0,176,,,
YEM,Iêmen,Q20381108,http://www.wikidata.org/entity/Q12226164,0,303,,,
YEM,Iêmen,Q20381115,http://www.wikidata.org/entity/Q12225691,0,26,,,
YEM,Iêmen,Q20381112,http://www.wikidata.org/entity/Q12225770,0,219,,,
YEM,Iêmen,Q20381122,http://www.wikidata.org/entity/Q12226964,0,61,,,
YEM,Iêmen,Q20381121,http://www.wikidata.org/entity/Q12226929,0,92,,,
YEM,Iêmen,Q20381126,http://www.wikidata.org/entity/Q12226964,0,29,,,
YEM,Iêmen,Q20381124,http://www.wikidata.org/entity/Q12226832,0,123,,,
YEM,Iêmen,Q20381130,http://www.wikidata.org/entity/Q12225063,0,64,,,
YEM,Iêmen,Q20381131,http://www.wikidata.org/entity/Q12226964,0,26,,,
YEM,Iêmen,Q20381135,http://www.wikidata.org/entity/Q20413276,0,104,,,
YEM,Iêmen,Q20381132,http://www.wikidata.org/entity/Q12225672,0,349,,,
YEM,Iêmen,Q20381138,http://www.wikidata.org/entity/Q12226329,0,181,,,
YEM,Iêmen,Q20381137,http://www.wikidata.org/entity/Q125170085,0,23,,,
YEM,Iêmen,Q20381140,http://www.wikidata.org/entity/Q12226933,0,152,,,
YEM,Iêmen,Q20381141,http://www.wikidata.org/entity/Q20407012,0,33,,,
YEM,Iêmen,Q20381145,http://www.wikidata.org/entity/Q12226585,0,2842,,,
YEM,Iêmen,Q20381150,http://www.wikidata.org/entity/Q12225149,0,466,,,
YEM,Iêmen,Q20381151,http://www.wikidata.org/entity/Q12225281,0,89,,,
YEM,Iêmen,Q20381149,http://www.wikidata.org/entity/Q20384028,0,33,,,
YEM,Iêmen,Q20381154,http://www.wikidata.org/entity/Q12225863,0,291,,,
YEM,Iêmen,Q20381155,http://www.wikidata.org/entity/Q12226667,0,24,,,
YEM,Iêmen,Q20381152,http://www.wikidata.org/entity/Q1884189,0,457,,,
YEM,Iêmen,Q20381158,http://www.wikidata.org/entity/Q12225662,0,144,,,
YEM,Iêmen,Q20381159,http://www.wikidata.org/entity/Q4117693,0,1145,,,
YEM,Iêmen,Q20381156,http://www.wikidata.org/entity/Q20405294,0,42,,,
YEM,Iêmen,Q20381157,http://www.wikidata.org/entity/Q20407012,0,77,,,
YEM,Iêmen,Q20381163,http://www.wikidata.org/entity/Q20382458,0,47,,,
YEM,Iêmen,Q20381161,http://www.wikidata.org/entity/Q12226285,0,178,,,
YEM,Iêmen,Q20381166,http://www.wikidata.org/entity/Q25932270,0,258,,,
YEM,Iêmen,Q20381167,http://www.wikidata.org/entity/Q12225741,0,265,,,
YEM,Iêmen,Q20381164,http://www.wikidata.org/entity/Q12225969,0,36,,,
YEM,Iêmen,Q20381171,http://www.wikidata.org/entity/Q12225439,0,43,,,
YEM,Iêmen,Q20381169,http://www.wikidata.org/entity/Q12226163,0,24,,,
YEM,Iêmen,Q20381175,http://www.wikidata.org/entity/Q12225147,0,262,,,
YEM,Iêmen,Q20381172,http://www.wikidata.org/entity/Q12225552,0,119,,,
YEM,Iêmen,Q20381177,http://www.wikidata.org/entity/Q12225257,0,446,,,
YEM,Iêmen,Q20381182,http://www.wikidata.org/entity/Q4117520,0,106,,,
YEM,Iêmen,Q20381180,http://www.wikidata.org/entity/Q4117543,0,109,,,
YEM,Iêmen,Q20381187,http://www.wikidata.org/entity/Q12225195,0,7,,,
YEM,Iêmen,Q20381184,http://www.wikidata.org/entity/Q12225742,0,97,,,
YEM,Iêmen,Q20381190,http://www.wikidata.org/entity/Q12226874,0,168,,,
YEM,Iêmen,Q20381219,http://www.wikidata.org/entity/Q12226207,0,34,,,
YEM,Iêmen,Q12227105,http://www.wikidata.org/entity/Q4118313,0,2897,,14.57323,43.83619
YEM,Iêmen,Q12227171,http://www.wikidata.org/entity/Q4117697,0,3695,,15.03,45.83
YEM,Iêmen,Q12228338,http://www.wikidata.org/entity/Q12241768,0,4500,,,
YEM,Iêmen,Q12239442,http://www.wikidata.org/entity/Q4117635,0,1281,,,
YEM,Iêmen,Q12239441,http://www.wikidata.org/entity/Q4117462,0,1063,,,
YEM,Iêmen,Q12241427,http://www.wikidata.org/entity/Q4117451,0,1492,,,
YEM,Iêmen,Q12241430,http://www.wikidata.org/entity/Q4117451,0,2982,,,
YEM,Iêmen,Q12241431,http://www.wikidata.org/entity/Q4117562,0,1294,,,
YEM,Iêmen,Q12241429,http://www.wikidata.org/entity/Q4117542,0,3540,,,
YEM,Iêmen,Q12241432,http://www.wikidata.org/entity/Q4117562,0,1243,,,
YEM,Iêmen,Q12241433,http://www.wikidata.org/entity/Q4117562,0,996,,,
YEM,Iêmen,Q12241445,http://www.wikidata.org/entity/Q12225725,0,2561,,,
YEM,Iêmen,Q16774382,http://www.wikidata.org/entity/Q4117789,0,1391,,,
YEM,Iêmen,Q16774381,http://www.wikidata.org/entity/Q4117789,0,110,,,
YEM,Iêmen,Q16774510,http://www.wikidata.org/entity/Q4117789,0,717,,,
YEM,Iêmen,Q16827271,http://www.wikidata.org/entity/Q4117789,0,665,,,
YEM,Iêmen,Q16836189,http://www.wikidata.org/entity/Q4117519,0,536,,15.6167,44.2333
YEM,Iêmen,Q16900816,http://www.wikidata.org/entity/Q4117339,0,924,,15.1167,44.4667
YEM,Iêmen,Q20299186,http://www.wikidata.org/entity/Q4117433,0,50,,16.154722222222,43.423055555556
YEM,Iêmen,Q20299397,http://www.wikidata.org/entity/Q4117305,0,164,,15.459444444444,44.160555555556
YEM,Iêmen,Q20300102,http://www.wikidata.org/entity/Q4117433,0,79,,16.259166666667,43.403333333333
YEM,Iêmen,Q20301172,http://www.wikidata.org/entity/Q6762513,0,214,,15.454722222222,45.426666666667
YEM,Iêmen,Q20301257,http://www.wikidata.org/entity/Q4117604,0,42,,14.695277777778,45.135
YEM,Iêmen,Q20302361,http://www.wikidata.org/entity/Q4117604,0,100,,14.994435,45.203783
YEM,Iêmen,Q20302434,http://www.wikidata.org/entity/Q6762513,0,168,,15.513611111111,45.368888888889
YEM,Iêmen,Q20307159,http://www.wikidata.org/entity/Q4117604,0,45,,14.675555555556,45.127222222222
YEM,Iêmen,Q20309638,http://www.wikidata.org/entity/Q4117617,0,384,,16.535277777778,44.253333333333
YEM,Iêmen,Q20381050,http://www.wikidata.org/entity/Q12225333,0,183,,,
YEM,Iêmen,Q20381048,http://www.wikidata.org/entity/Q12225345,0,208,,,
YEM,Iêmen,Q20381058,http://www.wikidata.org/entity/Q12227055,0,215,,,
YEM,Iêmen,Q20381066,http://www.wikidata.org/entity/Q12226098,0,386,,,
YEM,Iêmen,Q20381067,http://www.wikidata.org/entity/Q12225930,0,121,,,
YEM,Iêmen,Q20381064,http://www.wikidata.org/entity/Q12225741,0,367,,,
YEM,Iêmen,Q20381073,http://www.wikidata.org/entity/Q12226735,0,328,,,
YEM,Iêmen,Q20381078,http://www.wikidata.org/entity/Q12225196,0,318,,,
YEM,Iêmen,Q20381086,http://www.wikidata.org/entity/Q12226735,0,289,,,
YEM,Iêmen,Q20381091,http://www.wikidata.org/entity/Q12226450,0,135,,,
YEM,Iêmen,Q20381088,http://www.wikidata.org/entity/Q4117502,0,201,,,
YEM,Iêmen,Q20381858,http://www.wikidata.org/entity/Q4117708,0,64,,,
YEM,Iêmen,Q20381859,http://www.wikidata.org/entity/Q12225278,0,219,,,
YEM,Iêmen,Q20381857,http://www.wikidata.org/entity/Q4117509,0,24,,,
YEM,Iêmen,Q20381862,http://www.wikidata.org/entity/Q16121043,0,185,,,
YEM,Iêmen,Q20381866,http://www.wikidata.org/entity/Q12225535,0,151,,,
YEM,Iêmen,Q20381864,http://www.wikidata.org/entity/Q12227001,0,119,,,
YEM,Iêmen,Q20381871,http://www.wikidata.org/entity/Q25932274,0,23,,,
YEM,Iêmen,Q20381868,http://www.wikidata.org/entity/Q12226783,0,103,,,
YEM,Iêmen,Q20381869,http://www.wikidata.org/entity/Q125170086,0,133,,,
YEM,Iêmen,Q20381222,http://www.wikidata.org/entity/Q20424081,0,22,,,
YEM,Iêmen,Q20381226,http://www.wikidata.org/entity/Q12226108,0,76,,,
YEM,Iêmen,Q20381230,http://www.wikidata.org/entity/Q12225530,0,88,,,
YEM,Iêmen,Q20381228,http://www.wikidata.org/entity/Q12226986,0,26,,,
YEM,Iêmen,Q20381235,http://www.wikidata.org/entity/Q25932270,0,59,,,
YEM,Iêmen,Q20381238,http://www.wikidata.org/entity/Q4117433,0,45,,,
YEM,Iêmen,Q20381243,http://www.wikidata.org/entity/Q4117552,0,30,,,
YEM,Iêmen,Q20381240,http://www.wikidata.org/entity/Q12226554,0,439,,,
YEM,Iêmen,Q20381244,http://www.wikidata.org/entity/Q20384754,0,98,,,
YEM,Iêmen,Q20381252,http://www.wikidata.org/entity/Q4117502,0,373,,,
YEM,Iêmen,Q20381253,http://www.wikidata.org/entity/Q4117682,0,6,,,
YEM,Iêmen,Q20381258,http://www.wikidata.org/entity/Q12226784,0,40,,,
YEM,Iêmen,Q20381256,http://www.wikidata.org/entity/Q12226407,0,223,,,
YEM,Iêmen,Q20381257,http://www.wikidata.org/entity/Q16121043,0,61,,,
YEM,Iêmen,Q20381262,http://www.wikidata.org/entity/Q12226407,0,173,,,
YEM,Iêmen,Q20381263,http://www.wikidata.org/entity/Q12226094,0,165,,,
YEM,Iêmen,Q20381265,http://www.wikidata.org/entity/Q12226991,0,405,,,
YEM,Iêmen,Q20381270,http://www.wikidata.org/entity/Q12225691,0,82,,,
YEM,Iêmen,Q20381268,http://www.wikidata.org/entity/Q12226495,0,61,,,
YEM,Iêmen,Q20381273,http://www.wikidata.org/entity/Q12226262,0,270,,,
YEM,Iêmen,Q20381279,http://www.wikidata.org/entity/Q5751685,0,88,,,
YEM,Iêmen,Q20381277,http://www.wikidata.org/entity/Q12226655,0,46,,,
YEM,Iêmen,Q20381281,http://www.wikidata.org/entity/Q12226495,0,717,,,
YEM,Iêmen,Q20381286,http://www.wikidata.org/entity/Q1884189,0,121,,,
YEM,Iêmen,Q20381284,http://www.wikidata.org/entity/Q4117549,0,70,,,
YEM,Iêmen,Q20381290,http://www.wikidata.org/entity/Q12225175,0,391,,,
YEM,Iêmen,Q20381288,http://www.wikidata.org/entity/Q12226949,0,54,,,
YEM,Iêmen,Q20381295,http://www.wikidata.org/entity/Q20403555,0,47,,,
YEM,Iêmen,Q20381293,http://www.wikidata.org/entity/Q12226655,0,208,,,
YEM,Iêmen,Q20381298,http://www.wikidata.org/entity/Q12226163,0,22,,,
YEM,Iêmen,Q20381297,http://www.wikidata.org/entity/Q12225742,0,130,,,
YEM,Iêmen,Q20381302,http://www.wikidata.org/entity/Q20402918,0,58,,,
YEM,Iêmen,Q20381300,http://www.wikidata.org/entity/Q12226002,0,2204,,,
YEM,Iêmen,Q20381301,http://www.wikidata.org/entity/Q12225490,0,29,,,
YEM,Iêmen,Q20381309,http://www.wikidata.org/entity/Q12225490,0,101,,,
YEM,Iêmen,Q20381314,,0,216,,,
YEM,Iêmen,Q20381315,http://www.wikidata.org/entity/Q12226858,0,254,,,
YEM,Iêmen,Q20381312,http://www.wikidata.org/entity/Q12225660,0,176,,,
YEM,Iêmen,Q20381313,http://www.wikidata.org/entity/Q12226808,0,57,,,
YEM,Iêmen,Q20381323,http://www.wikidata.org/entity/Q12226341,0,223,,,
YEM,Iêmen,Q20381324,http://www.wikidata.org/entity/Q20414172,0,118,,,
YEM,Iêmen,Q20381330,http://www.wikidata.org/entity/Q12226048,0,293,,,
YEM,Iêmen,Q20381486,http://www.wikidata.org/entity/Q4117433,0,145,,,
YEM,Iêmen,Q20381487,http://www.wikidata.org/entity/Q12225742,0,144,,,
YEM,Iêmen,Q20381484,http://www.wikidata.org/entity/Q12226240,0,258,,,
YEM,Iêmen,Q20381485,http://www.wikidata.org/entity/Q12226537,0,66,,,
YEM,Iêmen,Q20381490,http://www.wikidata.org/entity/Q12226737,0,77,,,
YEM,Iêmen,Q20381488,http://www.wikidata.org/entity/Q12226735,0,223,,,
YEM,Iêmen,Q20381494,http://www.wikidata.org/entity/Q12226609,0,480,,,
YEM,Iêmen,Q20381492,http://www.wikidata.org/entity/Q20392917,0,115,,,
YEM,Iêmen,Q20381493,http://www.wikidata.org/entity/Q12225096,0,178,,15.573423,45.462166
YEM,Iêmen,Q20381498,http://www.wikidata.org/entity/Q4117502,0,162,,,
YEM,Iêmen,Q20381496,http://www.wikidata.org/entity/Q12227057,0,500,,,
YEM,Iêmen,Q20381497,http://www.wikidata.org/entity/Q4117560,0,34,,,
YEM,Iêmen,Q20381502,http://www.wikidata.org/entity/Q20383819,0,156,,,
YEM,Iêmen,Q20381506,http://www.wikidata.org/entity/Q12226511,0,114,,,
YEM,Iêmen,Q20381504,http://www.wikidata.org/entity/Q12226048,0,473,,,
YEM,Iêmen,Q20381505,http://www.wikidata.org/entity/Q12226936,0,39,,,
YEM,Iêmen,Q20381510,http://www.wikidata.org/entity/Q12226134,0,919,,,
YEM,Iêmen,Q20381511,http://www.wikidata.org/entity/Q12225123,0,333,,,
YEM,Iêmen,Q20381509,http://www.wikidata.org/entity/Q20424579,0,50,,,
YEM,Iêmen,Q20381514,http://www.wikidata.org/entity/Q20414907,0,20,,,
YEM,Iêmen,Q20381513,http://www.wikidata.org/entity/Q12226894,0,92,,,
YEM,Iêmen,Q20381518,http://www.wikidata.org/entity/Q12226473,0,301,,,
YEM,Iêmen,Q20381519,http://www.wikidata.org/entity/Q12226142,0,48,,,
YEM,Iêmen,Q20381516,http://www.wikidata.org/entity/Q20387379,0,199,,,
YEM,Iêmen,Q20381517,http://www.wikidata.org/entity/Q12226674,0,153,,,
YEM,Iêmen,Q20381522,http://www.wikidata.org/entity/Q4117433,0,142,,,
YEM,Iêmen,Q20381523,http://www.wikidata.org/entity/Q20387379,0,101,,,
YEM,Iêmen,Q20381524,http://www.wikidata.org/entity/Q20382929,0,91,,,
YEM,Iêmen,Q20381525,http://www.wikidata.org/entity/Q12225401,0,413,,,
YEM,Iêmen,Q20381530,http://www.wikidata.org/entity/Q12225681,0,52,,,
YEM,Iêmen,Q20381529,http://www.wikidata.org/entity/Q20406189,0,62,,,
YEM,Iêmen,Q20381535,http://www.wikidata.org/entity/Q12226495,0,339,,,
YEM,Iêmen,Q20381532,http://www.wikidata.org/entity/Q20395602,0,29,,,
YEM,Iêmen,Q20381536,http://www.wikidata.org/entity/Q20424245,0,51,,,
YEM,Iêmen,Q20381807,http://www.wikidata.org/entity/Q20406039,0,80,,,
YEM,Iêmen,Q20381811,http://www.wikidata.org/entity/Q12226688,0,233,,,
YEM,Iêmen,Q20381808,http://www.wikidata.org/entity/Q12225898,0,43,,,
YEM,Iêmen,Q20381809,http://www.wikidata.org/entity/Q16121043,0,54,,,
YEM,Iêmen,Q20381815,http://www.wikidata.org/entity/Q12226544,0,23,,,
YEM,Iêmen,Q20381818,http://www.wikidata.org/entity/Q12226783,0,189,,,
YEM,Iêmen,Q20381819,http://www.wikidata.org/entity/Q12225175,0,428,,,
YEM,Iêmen,Q20381816,http://www.wikidata.org/entity/Q125170122,0,23,,,
YEM,Iêmen,Q20381820,http://www.wikidata.org/entity/Q12226495,0,73,,,
YEM,Iêmen,Q20381821,http://www.wikidata.org/entity/Q4117560,0,83,,,
YEM,Iêmen,Q20381826,http://www.wikidata.org/entity/Q12225054,0,75,,,
YEM,Iêmen,Q20381827,http://www.wikidata.org/entity/Q12226532,0,924,,,
YEM,Iêmen,Q20381824,http://www.wikidata.org/entity/Q12226586,0,314,,,
YEM,Iêmen,Q20381830,http://www.wikidata.org/entity/Q12225281,0,349,,,
YEM,Iêmen,Q20381831,http://www.wikidata.org/entity/Q12226132,0,146,,,
YEM,Iêmen,Q20381835,http://www.wikidata.org/entity/Q12226828,0,228,,,
YEM,Iêmen,Q20381836,http://www.wikidata.org/entity/Q12226511,0,165,,,
YEM,Iêmen,Q20381837,http://www.wikidata.org/entity/Q20400114,0,36,,,
YEM,Iêmen,Q20381842,http://www.wikidata.org/entity/Q12226858,0,277,,,
YEM,Iêmen,Q20381844,http://www.wikidata.org/entity/Q12226939,0,159,,,
YEM,Iêmen,Q20381848,http://www.wikidata.org/entity/Q12225420,0,339,,,
YEM,Iêmen,Q20381852,http://www.wikidata.org/entity/Q20391726,0,27,,,
YEM,Iêmen,Q20381853,http://www.wikidata.org/entity/Q4117648,0,29,,,
YEM,Iêmen,Q12225403,http://www.wikidata.org/entity/Q4117411,0,5730,,15.83271,43.69738
YEM,Iêmen,Q12225407,http://www.wikidata.org/entity/Q4117600,0,453,,13.19807,44.1654
YEM,Iêmen,Q12225404,http://www.wikidata.org/entity/Q4117620,0,6648,,,
YEM,Iêmen,Q12225405,http://www.wikidata.org/entity/Q4118313,0,4939,,14.70517,43.85376
YEM,Iêmen,Q12225410,http://www.wikidata.org/entity/Q4118310,0,1540,,14.0825,44.071944444444
YEM,Iêmen,Q12225411,http://www.wikidata.org/entity/Q4117243,0,4520,,15.4452,43.39815
YEM,Iêmen,Q12225408,http://www.wikidata.org/entity/Q4117263,0,3616,,14.44465,43.78703
YEM,Iêmen,Q12225409,http://www.wikidata.org/entity/Q4117436,0,9717,,16.27096,43.12377
YEM,Iêmen,Q12225414,http://www.wikidata.org/entity/Q4117345,0,3666,,15.40113,43.64635
YEM,Iêmen,Q12225415,http://www.wikidata.org/entity/Q4117268,0,1222,,14.49615,43.94862
YEM,Iêmen,Q12225412,http://www.wikidata.org/entity/Q4117615,0,1084,,14.67684,43.58868
YEM,Iêmen,Q12225413,http://www.wikidata.org/entity/Q4118385,0,4363,,13.49176,44.08298
YEM,Iêmen,Q12225458,http://www.wikidata.org/entity/Q4117810,0,7939,,,
YEM,Iêmen,Q12225955,http://www.wikidata.org/entity/Q4117701,0,5662,,13.98293,44.2053
YEM,Iêmen,Q12225956,http://www.wikidata.org/entity/Q4117810,0,7207,,,
YEM,Iêmen,Q12226207,http://www.wikidata.org/entity/Q4117786,0,5281,,13.95574,43.92824
YEM,Iêmen,Q12226210,http://www.wikidata.org/entity/Q4120339,0,6999,,13.81579,43.79621
YEM,Iêmen,Q12226211,http://www.wikidata.org/entity/Q1650858,0,1148,,14.80755,44.59449
YEM,Iêmen,Q12226208,http://www.wikidata.org/entity/Q6109810,0,3097,,14.72236,43.91478
YEM,Iêmen,Q12226209,http://www.wikidata.org/entity/Q4117337,0,1410,,15.30622,43.5397
YEM,Iêmen,Q12226214,http://www.wikidata.org/entity/Q4117337,0,2210,,15.28434,43.44323
YEM,Iêmen,Q12226215,http://www.wikidata.org/entity/Q4120340,0,3192,,13.81206,43.85349
YEM,Iêmen,Q12226212,http://www.wikidata.org/entity/Q4117691,0,6108,,14.20219,43.81373
YEM,Iêmen,Q12226213,http://www.wikidata.org/entity/Q4117691,0,7781,,14.23916,44.24733
YEM,Iêmen,Q12226219,http://www.wikidata.org/entity/Q4812416,0,2525,,15.51607,43.67457
YEM,Iêmen,Q12226216,http://www.wikidata.org/entity/Q4117335,0,6719,,15.35002,44.55751
YEM,Iêmen,Q12226217,http://www.wikidata.org/entity/Q4117820,0,21493,,14.19859,44.19288
YEM,Iêmen,Q12226222,http://www.wikidata.org/entity/Q4117500,0,2161,,16.80171,43.48123
YEM,Iêmen,Q12226223,http://www.wikidata.org/entity/Q4117500,0,903,,16.8866,43.38514
YEM,Iêmen,Q12226220,http://www.wikidata.org/entity/Q4120339,0,7914,,13.80862,43.8242
YEM,Iêmen,Q12226221,http://www.wikidata.org/entity/Q4117433,0,12932,,16.29423,43.35932
YEM,Iêmen,Q12226226,http://www.wikidata.org/entity/Q4117533,0,3453,,15.48271,44.6757
YEM,Iêmen,Q12226227,http://www.wikidata.org/entity/Q4117307,0,4034,,14.67886,44.08047
YEM,Iêmen,Q12226224,http://www.wikidata.org/entity/Q4117298,0,1307,,14.29909,43.66343
YEM,Iêmen,Q12226225,http://www.wikidata.org/entity/Q4117518,0,7523,,14.57143,43.56063
YEM,Iêmen,Q12226228,http://www.wikidata.org/entity/Q4117298,0,3647,,14.22595,43.69691
YEM,Iêmen,Q12226238,http://www.wikidata.org/entity/Q4117691,0,17679,,14.24507,44.14017
YEM,Iêmen,Q12226239,http://www.wikidata.org/entity/Q4117653,0,4461,,15.397,44.714
YEM,Iêmen,Q12226236,http://www.wikidata.org/entity/Q4117546,0,3631,,17.0028,43.48113
YEM,Iêmen,Q12226237,http://www.wikidata.org/entity/Q4118981,0,5024,,13.72822,43.70528
YEM,Iêmen,Q12226242,http://www.wikidata.org/entity/Q4117337,0,3770,,,
YEM,Iêmen,Q12226240,http://www.wikidata.org/entity/Q4117691,0,6875,,14.26962,44.20436
YEM,Iêmen,Q12226241,http://www.wikidata.org/entity/Q4118310,0,9938,,14.17234,44.06258
YEM,Iêmen,Q12226246,http://www.wikidata.org/entity/Q4120340,0,3489,,13.77621,43.86518
YEM,Iêmen,Q12226247,http://www.wikidata.org/entity/Q4117546,0,1454,,17.18521,43.33578
YEM,Iêmen,Q12226244,http://www.wikidata.org/entity/Q4117553,0,991,,14.86382,43.56619
YEM,Iêmen,Q12226245,http://www.wikidata.org/entity/Q4117232,0,2514,,14.98007,43.88175
YEM,Iêmen,Q12226248,http://www.wikidata.org/entity/Q4117263,0,2820,,14.22493,43.7683
YEM,Iêmen,Q12226249,http://www.wikidata.org/entity/Q4165477,0,5850,,13.18981,44.00596
YEM,Iêmen,Q12226274,http://www.wikidata.org/entity/Q4117232,0,1373,,14.91858,43.84161
YEM,Iêmen,Q12226273,http://www.wikidata.org/entity/Q4117236,0,8244,,15.1117,43.60101
YEM,Iêmen,Q12226278,http://www.wikidata.org/entity/Q4117191,0,2574,,14.53018,44.1176
YEM,Iêmen,Q12226279,http://www.wikidata.org/entity/Q4117532,0,8695,,15.70587,43.55484
YEM,Iêmen,Q12226276,http://www.wikidata.org/entity/Q4117405,0,7027,,15.88444,42.97132
YEM,Iêmen,Q12226277,http://www.wikidata.org/entity/Q4117411,0,5044,,15.70622,43.71049
YEM,Iêmen,Q12226282,http://www.wikidata.org/entity/Q4117793,0,4889,,13.80804,43.92055
YEM,Iêmen,Q12226283,http://www.wikidata.org/entity/Q4117519,0,7415,,15.95489,44.21594
YEM,Iêmen,Q12226280,http://www.wikidata.org/entity/Q4118421,0,2384,,14.1424,44.04819
YEM,Iêmen,Q12226281,http://www.wikidata.org/entity/Q4117337,0,5466,,15.37012,43.33205
YEM,Iêmen,Q12226287,http://www.wikidata.org/entity/Q4165477,0,11446,,13.22842,43.87194
YEM,Iêmen,Q12226284,http://www.wikidata.org/entity/Q4117505,0,2433,,15.61763,43.62218
YEM,Iêmen,Q12226285,http://www.wikidata.org/entity/Q6851806,0,4611,,15.17699,43.48971
YEM,Iêmen,Q12226290,http://www.wikidata.org/entity/Q4117691,0,9384,,14.30625,44.05647
YEM,Iêmen,Q12226291,http://www.wikidata.org/entity/Q4117691,0,3724,,14.35662,44.15485
YEM,Iêmen,Q12226288,http://www.wikidata.org/entity/Q4117298,0,4413,,14.20961,43.63757
YEM,Iêmen,Q12226289,http://www.wikidata.org/entity/Q4117553,0,866,,14.85809,43.62337
YEM,Iêmen,Q12226294,http://www.wikidata.org/entity/Q4117533,0,5120,,15.44765,44.58875
YEM,Iêmen,Q12226292,http://www.wikidata.org/entity/Q4117786,0,2600,,14.09874,43.90079
YEM,Iêmen,Q12226293,http://www.wikidata.org/entity/Q4118988,0,6625,,15.29093,43.82927
YEM,Iêmen,Q12226483,http://www.wikidata.org/entity/Q4117232,0,1371,,14.94782,43.85044
YEM,Iêmen,Q20381945,http://www.wikidata.org/entity/Q12185392,0,136,,,
YEM,Iêmen,Q20381950,http://www.wikidata.org/entity/Q20382887,0,185,,,
YEM,Iêmen,Q20381957,http://www.wikidata.org/entity/Q12226339,0,112,,,
YEM,Iêmen,Q20382042,http://www.wikidata.org/entity/Q20424306,0,31,,,
YEM,Iêmen,Q20382044,http://www.wikidata.org/entity/Q12226050,0,29,,,
YEM,Iêmen,Q20382045,http://www.wikidata.org/entity/Q20408122,0,79,,,
YEM,Iêmen,Q20382051,http://www.wikidata.org/entity/Q20414498,0,54,,,
YEM,Iêmen,Q20382048,http://www.wikidata.org/entity/Q20390384,0,26,,,
YEM,Iêmen,Q20382049,http://www.wikidata.org/entity/Q20400669,0,26,,,
YEM,Iêmen,Q20382059,http://www.wikidata.org/entity/Q20392546,0,40,,,
YEM,Iêmen,Q20382067,http://www.wikidata.org/entity/Q20390443,0,32,,,
YEM,Iêmen,Q20382065,http://www.wikidata.org/entity/Q20417276,0,107,,,
YEM,Iêmen,Q20383078,http://www.wikidata.org/entity/Q12226667,0,51,,,
YEM,Iêmen,Q12226486,http://www.wikidata.org/entity/Q4117700,0,4374,,13.95511,44.24472
YEM,Iêmen,Q12226487,http://www.wikidata.org/entity/Q4117789,0,4905,,13.627,44.32337
YEM,Iêmen,Q12226484,http://www.wikidata.org/entity/Q4117540,0,2637,,14.9825,45.48658
YEM,Iêmen,Q12226485,http://www.wikidata.org/entity/Q4117553,0,2269,,14.81735,43.69368
YEM,Iêmen,Q12226490,http://www.wikidata.org/entity/Q1650840,0,216,,13.30416667,43.232225
YEM,Iêmen,Q12226488,http://www.wikidata.org/entity/Q4117298,0,4015,,14.30855,43.52051
YEM,Iêmen,Q12226489,http://www.wikidata.org/entity/Q4117601,0,1697,,14.05303,43.7184
YEM,Iêmen,Q12226503,http://www.wikidata.org/entity/Q4117625,0,3677,,14.17943,44.63952
YEM,Iêmen,Q12226504,http://www.wikidata.org/entity/Q4703500,0,1679,,16.10389,43.81563
YEM,Iêmen,Q12226694,http://www.wikidata.org/entity/Q1650858,0,20474,,14.8618,44.36868
YEM,Iêmen,Q12226695,http://www.wikidata.org/entity/Q4117227,0,3204,,,
YEM,Iêmen,Q12226693,http://www.wikidata.org/entity/Q4117573,0,1372,,16.78919,43.422
YEM,Iêmen,Q12226698,http://www.wikidata.org/entity/Q4117600,0,5976,,13.09146,44.17213
YEM,Iêmen,Q12226699,http://www.wikidata.org/entity/Q4117600,0,835,,13.18647,44.19557
YEM,Iêmen,Q12226696,http://www.wikidata.org/entity/Q4117600,0,10377,,13.08907,44.08245
YEM,Iêmen,Q12226697,http://www.wikidata.org/entity/Q4117600,0,1985,,13.20849,44.19771
YEM,Iêmen,Q12226702,http://www.wikidata.org/entity/Q4117789,0,3273,,13.69397,44.34243
YEM,Iêmen,Q12226703,http://www.wikidata.org/entity/Q4118425,0,3086,,,
YEM,Iêmen,Q12226700,http://www.wikidata.org/entity/Q4117317,0,9378,,14.40522,44.48905
YEM,Iêmen,Q12226701,http://www.wikidata.org/entity/Q4117519,0,8060,,15.71555,44.25168
YEM,Iêmen,Q12226706,http://www.wikidata.org/entity/Q4117500,0,5331,,16.84774,43.55171
YEM,Iêmen,Q12226707,http://www.wikidata.org/entity/Q7408406,0,41464,,13.38451,44.12267
YEM,Iêmen,Q12226704,http://www.wikidata.org/entity/Q4117317,0,11217,,14.51047,44.29676
YEM,Iêmen,Q12226705,http://www.wikidata.org/entity/Q4117546,0,1019,,,
YEM,Iêmen,Q12226710,http://www.wikidata.org/entity/Q4117263,0,1843,,,
YEM,Iêmen,Q12226711,http://www.wikidata.org/entity/Q4117232,0,895,,15.18855,43.81323
YEM,Iêmen,Q12226708,http://www.wikidata.org/entity/Q1650858,0,1557,,14.78208,44.62814
YEM,Iêmen,Q12226709,http://www.wikidata.org/entity/Q4117298,0,1153,,,
YEM,Iêmen,Q12226712,http://www.wikidata.org/entity/Q4117547,0,2806,,17.38593,43.5627
YEM,Iêmen,Q12226755,http://www.wikidata.org/entity/Q4117701,0,18383,,14.02325,44.14413
YEM,Iêmen,Q12226758,http://www.wikidata.org/entity/Q1884237,0,1788,,14.56906,43.62518
YEM,Iêmen,Q12226759,http://www.wikidata.org/entity/Q4117716,0,1003,,,
YEM,Iêmen,Q12226756,http://www.wikidata.org/entity/Q4117523,0,2429,,16.94759,43.24289
YEM,Iêmen,Q12226757,http://www.wikidata.org/entity/Q4117615,0,1654,,14.68703,43.56665
YEM,Iêmen,Q12226762,http://www.wikidata.org/entity/Q4117786,0,3681,,13.8815,43.8792
YEM,Iêmen,Q12226763,http://www.wikidata.org/entity/Q292455,0,4352,,,
YEM,Iêmen,Q12226760,http://www.wikidata.org/entity/Q4118321,0,1677,,13.80715,44.08861
YEM,Iêmen,Q12226761,http://www.wikidata.org/entity/Q4117298,0,928,,14.25473,43.53785
YEM,Iêmen,Q12226766,http://www.wikidata.org/entity/Q4117326,0,6316,,15.2337,44.12775
YEM,Iêmen,Q12226767,http://www.wikidata.org/entity/Q665937,0,4141,,16.18205,43.69615
YEM,Iêmen,Q12226764,http://www.wikidata.org/entity/Q4117326,0,15045,,15.29974,44.08605
YEM,Iêmen,Q12226765,http://www.wikidata.org/entity/Q4117511,0,18465,,,
YEM,Iêmen,Q12226770,http://www.wikidata.org/entity/Q4117625,0,5103,,14.25379,44.56233
YEM,Iêmen,Q12226771,http://www.wikidata.org/entity/Q4118310,0,3249,,14.051388888889,44.103055555556
YEM,Iêmen,Q12226768,http://www.wikidata.org/entity/Q4118321,0,4834,,13.84872,44.08517
YEM,Iêmen,Q12226769,http://www.wikidata.org/entity/Q4117482,0,2161,,17.22586,43.3239
YEM,Iêmen,Q12226774,http://www.wikidata.org/entity/Q4117425,0,5470,,16.49717,43.35597
YEM,Iêmen,Q12226772,http://www.wikidata.org/entity/Q4117546,0,1255,,17.05665,43.51675
YEM,Iêmen,Q12226979,http://www.wikidata.org/entity/Q4117789,0,6277,,13.65474,44.35173
YEM,Iêmen,Q20302485,http://www.wikidata.org/entity/Q6762513,0,160,,15.429444444444,45.360833333333
YEM,Iêmen,Q20302494,http://www.wikidata.org/entity/Q4117784,0,9070,,14.011666666667,45.566944444444
YEM,Iêmen,Q20302496,http://www.wikidata.org/entity/Q4117433,0,13,,16.327222222222,43.433333333333
YEM,Iêmen,Q20306226,http://www.wikidata.org/entity/Q4117604,0,77,,14.551944444444,45.291944444444
YEM,Iêmen,Q20381191,http://www.wikidata.org/entity/Q12225023,0,94,,,
YEM,Iêmen,Q20381195,http://www.wikidata.org/entity/Q12226964,0,25,,,
YEM,Iêmen,Q20381196,http://www.wikidata.org/entity/Q12225510,0,2244,,,
YEM,Iêmen,Q20381202,http://www.wikidata.org/entity/Q12225681,0,56,,,
YEM,Iêmen,Q20381201,http://www.wikidata.org/entity/Q12226515,0,95,,,
YEM,Iêmen,Q20381207,http://www.wikidata.org/entity/Q12225982,0,158,,,
YEM,Iêmen,Q20381204,http://www.wikidata.org/entity/Q12226240,0,58,,,
YEM,Iêmen,Q20381205,http://www.wikidata.org/entity/Q20413344,0,53,,,
YEM,Iêmen,Q20381208,http://www.wikidata.org/entity/Q12226874,0,356,,,
YEM,Iêmen,Q20381215,http://www.wikidata.org/entity/Q4117824,0,230,,,
YEM,Iêmen,Q20381216,http://www.wikidata.org/entity/Q12225642,0,73,,,
YEM,Iêmen,Q20381331,http://www.wikidata.org/entity/Q20409149,0,48,,,
YEM,Iêmen,Q20381334,http://www.wikidata.org/entity/Q4117549,0,64,,,
YEM,Iêmen,Q20381333,http://www.wikidata.org/entity/Q12226912,0,47,,,
YEM,Iêmen,Q20381336,http://www.wikidata.org/entity/Q12226513,0,255,,,
YEM,Iêmen,Q20381341,http://www.wikidata.org/entity/Q12226501,0,210,,,
YEM,Iêmen,Q20381347,http://www.wikidata.org/entity/Q12226376,0,431,,,
YEM,Iêmen,Q20381350,http://www.wikidata.org/entity/Q20383505,0,53,,,
YEM,Iêmen,Q20381351,http://www.wikidata.org/entity/Q12226406,0,43,,,
YEM,Iêmen,Q20381348,http://www.wikidata.org/entity/Q12226505,0,1652,,,
YEM,Iêmen,Q20381354,http://www.wikidata.org/entity/Q4117509,0,46,,,
YEM,Iêmen,Q20381352,http://www.wikidata.org/entity/Q12226396,0,173,,,
YEM,Iêmen,Q20381358,http://www.wikidata.org/entity/Q12226176,0,93,,,
YEM,Iêmen,Q20381356,http://www.wikidata.org/entity/Q4117454,0,81,,,
YEM,Iêmen,Q20381363,http://www.wikidata.org/entity/Q4117454,0,43,,,
YEM,Iêmen,Q20381366,http://www.wikidata.org/entity/Q12225195,0,109,,,
YEM,Iêmen,Q20381367,http://www.wikidata.org/entity/Q4117682,0,178,,,
YEM,Iêmen,Q20381368,http://www.wikidata.org/entity/Q20404428,0,67,,,
YEM,Iêmen,Q20381369,http://www.wikidata.org/entity/Q12226964,0,24,,,
YEM,Iêmen,Q20381372,http://www.wikidata.org/entity/Q12226027,0,105,,,
YEM,Iêmen,Q20381378,http://www.wikidata.org/entity/Q20406818,0,67,,,
YEM,Iêmen,Q20381379,http://www.wikidata.org/entity/Q12226825,0,144,,,
YEM,Iêmen,Q20381386,http://www.wikidata.org/entity/Q20419422,0,47,,,
YEM,Iêmen,Q20381385,http://www.wikidata.org/entity/Q12225642,0,40,,,
YEM,Iêmen,Q20381389,http://www.wikidata.org/entity/Q20386405,0,52,,,
YEM,Iêmen,Q20381395,http://www.wikidata.org/entity/Q12226352,0,47,,,
YEM,Iêmen,Q20381393,http://www.wikidata.org/entity/Q20399010,0,48,,,
YEM,Iêmen,Q20381401,http://www.wikidata.org/entity/Q20425570,0,53,,,
YEM,Iêmen,Q20381407,http://www.wikidata.org/entity/Q12226328,0,26,,,
YEM,Iêmen,Q20381408,http://www.wikidata.org/entity/Q20404794,0,50,,,
YEM,Iêmen,Q20381414,http://www.wikidata.org/entity/Q12226241,0,103,,,
YEM,Iêmen,Q20381542,http://www.wikidata.org/entity/Q12225027,0,222,,,
YEM,Iêmen,Q20381543,http://www.wikidata.org/entity/Q20412155,0,103,,,
YEM,Iêmen,Q20381547,http://www.wikidata.org/entity/Q12225228,0,357,,,
YEM,Iêmen,Q20381545,http://www.wikidata.org/entity/Q25932270,0,7,,,
YEM,Iêmen,Q20381550,http://www.wikidata.org/entity/Q12226752,0,154,,,
YEM,Iêmen,Q20381549,http://www.wikidata.org/entity/Q12226765,0,223,,,
YEM,Iêmen,Q20381554,http://www.wikidata.org/entity/Q12225616,0,93,,,
YEM,Iêmen,Q20381555,http://www.wikidata.org/entity/Q20381550,0,121,,,
YEM,Iêmen,Q20381552,http://www.wikidata.org/entity/Q4117509,0,43,,,
YEM,Iêmen,Q20381553,http://www.wikidata.org/entity/Q12226821,0,192,,,
YEM,Iêmen,Q20381558,http://www.wikidata.org/entity/Q12225447,0,195,,,
YEM,Iêmen,Q20381557,http://www.wikidata.org/entity/Q12225409,0,478,,,
YEM,Iêmen,Q20381561,http://www.wikidata.org/entity/Q12225721,0,33,,,
YEM,Iêmen,Q20381567,http://www.wikidata.org/entity/Q12226727,0,31,,,
YEM,Iêmen,Q20381564,http://www.wikidata.org/entity/Q12225195,0,209,,,
YEM,Iêmen,Q20381565,http://www.wikidata.org/entity/Q20381550,0,236,,,
YEM,Iêmen,Q20381570,http://www.wikidata.org/entity/Q12225594,0,83,,,
YEM,Iêmen,Q20381571,http://www.wikidata.org/entity/Q4117682,0,59,,,
YEM,Iêmen,Q20381569,http://www.wikidata.org/entity/Q12226922,0,463,,,
YEM,Iêmen,Q20381575,http://www.wikidata.org/entity/Q20398090,0,320,,,
YEM,Iêmen,Q20381573,http://www.wikidata.org/entity/Q12226669,0,68,,,
YEM,Iêmen,Q20381579,http://www.wikidata.org/entity/Q12226667,0,28,,,
YEM,Iêmen,Q20381576,http://www.wikidata.org/entity/Q20407012,0,38,,,
YEM,Iêmen,Q20381581,http://www.wikidata.org/entity/Q20411099,0,69,,,
YEM,Iêmen,Q20381586,http://www.wikidata.org/entity/Q12226238,0,21,,,
YEM,Iêmen,Q20381585,http://www.wikidata.org/entity/Q12226364,0,186,,,
YEM,Iêmen,Q20381590,http://www.wikidata.org/entity/Q4117682,0,50,,,
YEM,Iêmen,Q20381591,http://www.wikidata.org/entity/Q12226668,0,759,,,
YEM,Iêmen,Q20381588,http://www.wikidata.org/entity/Q12226052,0,176,,,
YEM,Iêmen,Q20381589,http://www.wikidata.org/entity/Q12227062,0,643,,,
YEM,Iêmen,Q20381595,http://www.wikidata.org/entity/Q12227062,0,643,,,
YEM,Iêmen,Q20381598,http://www.wikidata.org/entity/Q12225700,0,45,,,
YEM,Iêmen,Q20381596,http://www.wikidata.org/entity/Q4117682,0,99,,,
YEM,Iêmen,Q20381597,http://www.wikidata.org/entity/Q12226153,0,147,,,
YEM,Iêmen,Q20381601,http://www.wikidata.org/entity/Q4117509,0,98,,,
YEM,Iêmen,Q20381617,http://www.wikidata.org/entity/Q12225254,0,36,,,
YEM,Iêmen,Q20381623,http://www.wikidata.org/entity/Q20419600,0,201,,,
YEM,Iêmen,Q20381635,http://www.wikidata.org/entity/Q20387431,0,137,,,
YEM,Iêmen,Q20381637,http://www.wikidata.org/entity/Q12226086,0,62,,,
YEM,Iêmen,Q20381651,http://www.wikidata.org/entity/Q12225978,0,181,,,
YEM,Iêmen,Q20381657,http://www.wikidata.org/entity/Q20417532,0,496,,,
YEM,Iêmen,Q20381714,http://www.wikidata.org/entity/Q12226176,0,42,,,
YEM,Iêmen,Q20381713,http://www.wikidata.org/entity/Q12225928,0,763,,,
YEM,Iêmen,Q20381720,http://www.wikidata.org/entity/Q12226522,0,318,,14.1011263,44.4739782
YEM,Iêmen,Q20381721,http://www.wikidata.org/entity/Q12226949,0,89,,,
YEM,Iêmen,Q20381725,http://www.wikidata.org/entity/Q20391852,0,35,,,
YEM,Iêmen,Q20381747,http://www.wikidata.org/entity/Q12226290,0,34,,,
YEM,Iêmen,Q20381745,http://www.wikidata.org/entity/Q20382495,0,36,,,
YEM,Iêmen,Q20381751,http://www.wikidata.org/entity/Q12225798,0,65,,,
YEM,Iêmen,Q20381758,http://www.wikidata.org/entity/Q20393365,0,98,,,
YEM,Iêmen,Q20381764,http://www.wikidata.org/entity/Q12225841,0,38,,,
YEM,Iêmen,Q20381765,http://www.wikidata.org/entity/Q12226770,0,215,,,
YEM,Iêmen,Q20381872,http://www.wikidata.org/entity/Q12226463,0,80,,,
YEM,Iêmen,Q20381877,http://www.wikidata.org/entity/Q20422514,0,85,,,
YEM,Iêmen,Q20381883,http://www.wikidata.org/entity/Q20407012,0,60,,,
YEM,Iêmen,Q20381889,http://www.wikidata.org/entity/Q12225137,0,35,,,
YEM,Iêmen,Q20381899,http://www.wikidata.org/entity/Q20416101,0,21,,,
YEM,Iêmen,Q20381901,http://www.wikidata.org/entity/Q20415366,0,107,,,
YEM,Iêmen,Q20381906,http://www.wikidata.org/entity/Q20413383,0,30,,,
YEM,Iêmen,Q20381911,http://www.wikidata.org/entity/Q12226050,0,45,,,
YEM,Iêmen,Q20381913,http://www.wikidata.org/entity/Q12226297,0,73,,,
YEM,Iêmen,Q20381919,http://www.wikidata.org/entity/Q12226899,0,44,,,
YEM,Iêmen,Q20381923,http://www.wikidata.org/entity/Q20385985,0,49,,,
YEM,Iêmen,Q20381925,http://www.wikidata.org/entity/Q20407693,0,33,,,
YEM,Iêmen,Q20381930,http://www.wikidata.org/entity/Q20417459,0,21,,,
YEM,Iêmen,Q20381928,http://www.wikidata.org/entity/Q20420560,0,78,,,
YEM,Iêmen,Q20381935,http://www.wikidata.org/entity/Q12227098,0,34,,,
YEM,Iêmen,Q20381933,http://www.wikidata.org/entity/Q20412865,0,60,,,
YEM,Iêmen,Q12226491,http://www.wikidata.org/entity/Q7272759,0,171,,,
YEM,Iêmen,Q12226495,http://www.wikidata.org/entity/Q4117538,0,109044,,13.42876,45.76735
YEM,Iêmen,Q12226492,http://www.wikidata.org/entity/Q7272759,0,534,,,
YEM,Iêmen,Q12226493,http://www.wikidata.org/entity/Q4117299,0,11612,,15.53874,43.96643
YEM,Iêmen,Q12226498,http://www.wikidata.org/entity/Q4117482,0,3979,,17.27595,43.3158
YEM,Iêmen,Q12226499,http://www.wikidata.org/entity/Q4117326,0,10338,,15.39378,43.98706
YEM,Iêmen,Q12226496,http://www.wikidata.org/entity/Q4118313,0,2424,,14.79478,43.74542
YEM,Iêmen,Q12226497,http://www.wikidata.org/entity/Q4117517,0,1483,,16.03233,43.52876
YEM,Iêmen,Q12226500,http://www.wikidata.org/entity/Q4117268,0,1211,,14.49151,43.93423
YEM,Iêmen,Q12226501,http://www.wikidata.org/entity/Q4117521,0,17602,,15.94292,43.41293
YEM,Iêmen,Q12226818,http://www.wikidata.org/entity/Q4117615,0,1207,,14.70089,43.58127
YEM,Iêmen,Q12226819,http://www.wikidata.org/entity/Q4117569,0,1798,,14.57168,43.71222
YEM,Iêmen,Q12226817,http://www.wikidata.org/entity/Q4117625,0,5622,,14.17124,44.52828
YEM,Iêmen,Q12226822,http://www.wikidata.org/entity/Q4117263,0,1621,,14.32215,43.77739
YEM,Iêmen,Q12226823,http://www.wikidata.org/entity/Q4118402,0,420,,14.77918,44.0203
YEM,Iêmen,Q12226820,http://www.wikidata.org/entity/Q4119006,0,9019,,13.49305556,43.8625
YEM,Iêmen,Q12226821,http://www.wikidata.org/entity/Q4117699,0,7755,,14.25425,44.38548
YEM,Iêmen,Q12226826,http://www.wikidata.org/entity/Q4117263,0,415,,14.22835,43.79796
YEM,Iêmen,Q12226827,http://www.wikidata.org/entity/Q4117500,0,2960,,16.94114,43.51745
YEM,Iêmen,Q12226824,http://www.wikidata.org/entity/Q20423902,0,9569,,13.46628,44.02542
YEM,Iêmen,Q12226825,http://www.wikidata.org/entity/Q4117786,0,14171,,13.93308,43.88371
YEM,Iêmen,Q12226830,http://www.wikidata.org/entity/Q4117411,0,3033,,15.73547,43.69682
YEM,Iêmen,Q12226831,http://www.wikidata.org/entity/Q4120340,0,3226,,13.75332,43.86181
YEM,Iêmen,Q12226828,http://www.wikidata.org/entity/Q4117612,0,5531,,13.96133,44.28933
YEM,Iêmen,Q12226829,http://www.wikidata.org/entity/Q4117573,0,2480,,16.769166666667,43.366388888889
YEM,Iêmen,Q20381120,http://www.wikidata.org/entity/Q20386411,0,29,,,
YEM,Iêmen,Q20381127,http://www.wikidata.org/entity/Q20386713,0,42,,,
YEM,Iêmen,Q20381125,http://www.wikidata.org/entity/Q20419815,0,28,,,
YEM,Iêmen,Q20381129,http://www.wikidata.org/entity/Q20397423,0,86,,,
YEM,Iêmen,Q20381142,http://www.wikidata.org/entity/Q20383877,0,140,,,
YEM,Iêmen,Q20381143,http://www.wikidata.org/entity/Q20400086,0,52,,,
YEM,Iêmen,Q20381144,http://www.wikidata.org/entity/Q22929462,0,32,,,
YEM,Iêmen,Q20381148,http://www.wikidata.org/entity/Q20406752,0,23,,,
YEM,Iêmen,Q20381178,http://www.wikidata.org/entity/Q20421421,0,50,,,
YEM,Iêmen,Q20381183,http://www.wikidata.org/entity/Q20395837,0,93,,,
YEM,Iêmen,Q20381188,http://www.wikidata.org/entity/Q20425570,0,77,,,
YEM,Iêmen,Q20381194,http://www.wikidata.org/entity/Q20388904,0,30,,,
YEM,Iêmen,Q20381192,http://www.wikidata.org/entity/Q20417995,0,95,,,
YEM,Iêmen,Q20381200,http://www.wikidata.org/entity/Q20395304,0,36,,,
YEM,Iêmen,Q20381210,http://www.wikidata.org/entity/Q20425672,0,23,,,
YEM,Iêmen,Q20381213,http://www.wikidata.org/entity/Q20392562,0,40,,,
YEM,Iêmen,Q20381218,http://www.wikidata.org/entity/Q20410012,0,250,,,
YEM,Iêmen,Q20381231,http://www.wikidata.org/entity/Q20394729,0,239,,,
YEM,Iêmen,Q20381234,http://www.wikidata.org/entity/Q20406706,0,20,,,
YEM,Iêmen,Q20381247,http://www.wikidata.org/entity/Q20425563,0,150,,,
YEM,Iêmen,Q20381245,http://www.wikidata.org/entity/Q20397282,0,218,,,
YEM,Iêmen,Q20381250,http://www.wikidata.org/entity/Q20400913,0,34,,,
YEM,Iêmen,Q20381267,http://www.wikidata.org/entity/Q12225562,0,47,,,
YEM,Iêmen,Q20381264,http://www.wikidata.org/entity/Q20410508,0,396,,,
YEM,Iêmen,Q20381269,http://www.wikidata.org/entity/Q20400514,0,118,,,
YEM,Iêmen,Q20381276,http://www.wikidata.org/entity/Q20419809,0,39,,,
YEM,Iêmen,Q20381294,http://www.wikidata.org/entity/Q20406829,0,82,,,
YEM,Iêmen,Q20381306,http://www.wikidata.org/entity/Q20385009,0,164,,,
YEM,Iêmen,Q20381307,http://www.wikidata.org/entity/Q20404394,0,74,,,
YEM,Iêmen,Q20381319,http://www.wikidata.org/entity/Q20418323,0,66,,,
YEM,Iêmen,Q20381317,http://www.wikidata.org/entity/Q20408846,0,30,,,
YEM,Iêmen,Q20381322,http://www.wikidata.org/entity/Q20407763,0,253,,,
YEM,Iêmen,Q20381327,http://www.wikidata.org/entity/Q20388032,0,89,,,
YEM,Iêmen,Q20381325,http://www.wikidata.org/entity/Q20418323,0,66,,,
YEM,Iêmen,Q20381329,http://www.wikidata.org/entity/Q20404488,0,68,,,
YEM,Iêmen,Q20381339,http://www.wikidata.org/entity/Q20393252,0,264,,,
YEM,Iêmen,Q20381337,http://www.wikidata.org/entity/Q20395596,0,35,,,
YEM,Iêmen,Q20381345,http://www.wikidata.org/entity/Q20392358,0,116,,,
YEM,Iêmen,Q20381373,http://www.wikidata.org/entity/Q25932352,0,47,,,
YEM,Iêmen,Q20381390,http://www.wikidata.org/entity/Q12227030,0,19,,,
YEM,Iêmen,Q20381391,http://www.wikidata.org/entity/Q5751685,0,27,,,
YEM,Iêmen,Q20381398,http://www.wikidata.org/entity/Q5751685,0,561,,,
YEM,Iêmen,Q20381397,http://www.wikidata.org/entity/Q12225584,0,195,,,
YEM,Iêmen,Q20381400,http://www.wikidata.org/entity/Q4117502,0,90,,,
YEM,Iêmen,Q20381405,http://www.wikidata.org/entity/Q12225935,0,1320,,,
YEM,Iêmen,Q20381410,http://www.wikidata.org/entity/Q12225987,0,146,,,
YEM,Iêmen,Q20381499,http://www.wikidata.org/entity/Q20409568,0,62,,,
YEM,Iêmen,Q20381503,http://www.wikidata.org/entity/Q20418106,0,53,,,
YEM,Iêmen,Q20381500,http://www.wikidata.org/entity/Q12225171,0,32,,,
YEM,Iêmen,Q20381537,http://www.wikidata.org/entity/Q20425672,0,54,,,
YEM,Iêmen,Q20381548,http://www.wikidata.org/entity/Q20414538,0,100,,,
YEM,Iêmen,Q20381560,http://www.wikidata.org/entity/Q20408510,0,28,,,
YEM,Iêmen,Q20381584,http://www.wikidata.org/entity/Q20392651,0,29,,,
YEM,Iêmen,Q20381592,http://www.wikidata.org/entity/Q20419133,0,112,,,
YEM,Iêmen,Q20381602,http://www.wikidata.org/entity/Q12226357,0,592,,,
YEM,Iêmen,Q20381603,http://www.wikidata.org/entity/Q12225776,0,89,,,
YEM,Iêmen,Q20381606,http://www.wikidata.org/entity/Q25932270,0,3,,,
YEM,Iêmen,Q20381605,http://www.wikidata.org/entity/Q12226153,0,145,,,
YEM,Iêmen,Q20381610,http://www.wikidata.org/entity/Q12227000,0,706,,,
YEM,Iêmen,Q20381608,http://www.wikidata.org/entity/Q4117552,0,875,,,
YEM,Iêmen,Q20381609,http://www.wikidata.org/entity/Q12226258,0,95,,,
YEM,Iêmen,Q20381614,http://www.wikidata.org/entity/Q4117552,0,1125,,,
YEM,Iêmen,Q20381615,http://www.wikidata.org/entity/Q12226226,0,215,,,
YEM,Iêmen,Q20381613,,0,1527,,,
YEM,Iêmen,Q20381619,http://www.wikidata.org/entity/Q12226688,0,316,,,
YEM,Iêmen,Q20381622,http://www.wikidata.org/entity/Q4117543,0,260,,,
YEM,Iêmen,Q20381620,http://www.wikidata.org/entity/Q12226939,0,27,,,
YEM,Iêmen,Q20381621,http://www.wikidata.org/entity/Q12226732,0,572,,,
YEM,Iêmen,Q20381626,http://www.wikidata.org/entity/Q25932274,0,171,,,
YEM,Iêmen,Q20381627,http://www.wikidata.org/entity/Q12226732,0,857,,,
YEM,Iêmen,Q20381625,http://www.wikidata.org/entity/Q25932274,0,26,,,
YEM,Iêmen,Q20381628,http://www.wikidata.org/entity/Q4117552,0,1904,,,
YEM,Iêmen,Q20381629,http://www.wikidata.org/entity/Q12226638,0,87,,,
YEM,Iêmen,Q20381634,http://www.wikidata.org/entity/Q12227085,0,104,,,
YEM,Iêmen,Q12226834,http://www.wikidata.org/entity/Q1884217,0,10254,,13.89123,44.77311
YEM,Iêmen,Q12226835,http://www.wikidata.org/entity/Q4117593,0,5247,,16.82049,44.18623
YEM,Iêmen,Q12226832,http://www.wikidata.org/entity/Q4117425,0,4189,,16.57934,43.29146
YEM,Iêmen,Q12226833,http://www.wikidata.org/entity/Q4117336,0,11469,,15.501388888889,44.366944444444
YEM,Iêmen,Q12226836,http://www.wikidata.org/entity/Q4117524,0,7191,,16.00639,43.77031
YEM,Iêmen,Q12226919,http://www.wikidata.org/entity/Q4117615,0,3165,,14.69059,43.55187
YEM,Iêmen,Q12226922,http://www.wikidata.org/entity/Q4117322,0,13478,,15.6428,43.48423
YEM,Iêmen,Q12226923,http://www.wikidata.org/entity/Q7272759,0,9404,,,
YEM,Iêmen,Q12226920,http://www.wikidata.org/entity/Q1884217,0,16076,,13.87337,44.69482
YEM,Iêmen,Q12226921,http://www.wikidata.org/entity/Q4703500,0,1910,,16.13516,43.82833
YEM,Iêmen,Q12226926,http://www.wikidata.org/entity/Q1884248,0,6933,,13.75626,43.98509
YEM,Iêmen,Q12226927,http://www.wikidata.org/entity/Q4117411,0,3261,,15.80542,43.65818
YEM,Iêmen,Q12226924,http://www.wikidata.org/entity/Q4117789,0,5232,,13.64179,44.21948
YEM,Iêmen,Q12226925,http://www.wikidata.org/entity/Q4117547,0,2858,,,
YEM,Iêmen,Q12226928,http://www.wikidata.org/entity/Q4118316,0,24455,,,
YEM,Iêmen,Q12228648,http://www.wikidata.org/entity/Q12241768,0,2011,,,
YEM,Iêmen,Q12228677,http://www.wikidata.org/entity/Q4117582,0,2926,,,
YEM,Iêmen,Q12228853,http://www.wikidata.org/entity/Q4117519,0,1046,,,
YEM,Iêmen,Q12229638,http://www.wikidata.org/entity/Q4117496,0,1056,,,
YEM,Iêmen,Q12229884,http://www.wikidata.org/entity/Q12241768,0,1920,,,
YEM,Iêmen,Q12232008,http://www.wikidata.org/entity/Q12241768,0,6699,,,
YEM,Iêmen,Q12232349,http://www.wikidata.org/entity/Q12241770,0,2714,,,
YEM,Iêmen,Q12234618,http://www.wikidata.org/entity/Q4874935,0,1307,,14.509542,43.369672
YEM,Iêmen,Q12236290,http://www.wikidata.org/entity/Q4117630,0,1694,,,
YEM,Iêmen,Q12237647,http://www.wikidata.org/entity/Q12241770,0,2692,,,
YEM,Iêmen,Q12238102,http://www.wikidata.org/entity/Q4117451,0,2293,,,
YEM,Iêmen,Q17515865,http://www.wikidata.org/entity/Q12226370,0,33,,,
YEM,Iêmen,Q17542870,http://www.wikidata.org/entity/Q20384236,0,51,,,
YEM,Iêmen,Q17679996,http://www.wikidata.org/entity/Q20388076,0,131,,,
YEM,Iêmen,Q17680887,http://www.wikidata.org/entity/Q20413344,0,30,,,
YEM,Iêmen,Q20299728,http://www.wikidata.org/entity/Q4117784,0,203,,14.019444444444,45.603611111111
YEM,Iêmen,Q20299987,http://www.wikidata.org/entity/Q4117631,0,32,,13.8175,45.150833333333
YEM,Iêmen,Q20300079,http://www.wikidata.org/entity/Q4117433,0,36,,16.140555555556,43.418888888889
YEM,Iêmen,Q20300113,http://www.wikidata.org/entity/Q4117685,0,455,,13.095,43.752777777778
YEM,Iêmen,Q20300603,http://www.wikidata.org/entity/Q4118385,0,1165,,13.14,43.921666666667
YEM,Iêmen,Q20381042,http://www.wikidata.org/entity/Q20395451,0,69,,,
YEM,Iêmen,Q20381046,http://www.wikidata.org/entity/Q20420287,0,332,,,
YEM,Iêmen,Q20381044,http://www.wikidata.org/entity/Q20400086,0,25,,,
YEM,Iêmen,Q20381054,http://www.wikidata.org/entity/Q20387543,0,29,,,
YEM,Iêmen,Q20381052,http://www.wikidata.org/entity/Q12226936,0,369,,,
YEM,Iêmen,Q20381056,http://www.wikidata.org/entity/Q20392776,0,41,,,
YEM,Iêmen,Q20381063,http://www.wikidata.org/entity/Q12226050,0,61,,,
YEM,Iêmen,Q20381061,http://www.wikidata.org/entity/Q12226406,0,121,,,
YEM,Iêmen,Q20381070,http://www.wikidata.org/entity/Q20420450,0,102,,,
YEM,Iêmen,Q20381069,http://www.wikidata.org/entity/Q12226463,0,141,,,
YEM,Iêmen,Q20381075,http://www.wikidata.org/entity/Q20402207,0,152,,,
YEM,Iêmen,Q20381072,http://www.wikidata.org/entity/Q12226290,0,33,,,
YEM,Iêmen,Q20381079,http://www.wikidata.org/entity/Q20397467,0,76,,,
YEM,Iêmen,Q20381076,http://www.wikidata.org/entity/Q20404248,0,34,,,
YEM,Iêmen,Q20381082,http://www.wikidata.org/entity/Q20385175,0,84,,,
YEM,Iêmen,Q20381081,http://www.wikidata.org/entity/Q12225890,0,179,,,
YEM,Iêmen,Q20381084,http://www.wikidata.org/entity/Q20422881,0,48,,,
YEM,Iêmen,Q20381090,http://www.wikidata.org/entity/Q20414328,0,20,,,
YEM,Iêmen,Q20381101,http://www.wikidata.org/entity/Q20395146,0,29,,,
YEM,Iêmen,Q20381107,http://www.wikidata.org/entity/Q20400913,0,36,,,
YEM,Iêmen,Q20381105,http://www.wikidata.org/entity/Q20416313,0,34,,,
YEM,Iêmen,Q20381110,http://www.wikidata.org/entity/Q20382495,0,61,,,
YEM,Iêmen,Q20381114,http://www.wikidata.org/entity/Q20403213,0,271,,,
YEM,Iêmen,Q20381116,http://www.wikidata.org/entity/Q20407299,0,53,,,
YEM,Iêmen,Q20381632,http://www.wikidata.org/entity/Q12225742,0,30,,,
YEM,Iêmen,Q20381633,http://www.wikidata.org/entity/Q4117552,0,972,,,
YEM,Iêmen,Q20381639,http://www.wikidata.org/entity/Q4117552,0,323,,,
YEM,Iêmen,Q20381636,http://www.wikidata.org/entity/Q12226980,0,82,,,
YEM,Iêmen,Q20381642,http://www.wikidata.org/entity/Q12226880,0,41,,,
YEM,Iêmen,Q20381640,http://www.wikidata.org/entity/Q4117680,0,17,,,
YEM,Iêmen,Q20381641,http://www.wikidata.org/entity/Q12226674,0,19,,,
YEM,Iêmen,Q20381646,http://www.wikidata.org/entity/Q12225350,0,357,,,
YEM,Iêmen,Q20381647,http://www.wikidata.org/entity/Q12226888,0,132,,,
YEM,Iêmen,Q20381644,http://www.wikidata.org/entity/Q12225076,0,1181,,15.4458105,45.398975
YEM,Iêmen,Q20381650,http://www.wikidata.org/entity/Q125170106,0,177,,,
YEM,Iêmen,Q20381648,http://www.wikidata.org/entity/Q12225488,0,31,,,
YEM,Iêmen,Q20381655,http://www.wikidata.org/entity/Q4117574,0,94,,,
YEM,Iêmen,Q20381653,http://www.wikidata.org/entity/Q12225350,0,357,,,
YEM,Iêmen,Q20381665,http://www.wikidata.org/entity/Q12226129,0,304,,,
YEM,Iêmen,Q20381670,http://www.wikidata.org/entity/Q20410767,0,44,,,
YEM,Iêmen,Q20381668,http://www.wikidata.org/entity/Q12226129,0,937,,,
YEM,Iêmen,Q20381674,http://www.wikidata.org/entity/Q20383096,0,102,,,
YEM,Iêmen,Q20381675,http://www.wikidata.org/entity/Q12225039,0,1524,,,
YEM,Iêmen,Q20381672,http://www.wikidata.org/entity/Q12226429,0,173,,,
YEM,Iêmen,Q20381679,http://www.wikidata.org/entity/Q12225991,0,82,,,
YEM,Iêmen,Q20381676,http://www.wikidata.org/entity/Q12226483,0,547,,,
YEM,Iêmen,Q20381683,http://www.wikidata.org/entity/Q12225966,0,69,,,
YEM,Iêmen,Q20381680,http://www.wikidata.org/entity/Q12225039,0,409,,,
YEM,Iêmen,Q20381681,http://www.wikidata.org/entity/Q20384087,0,167,,,
YEM,Iêmen,Q20381684,http://www.wikidata.org/entity/Q12225776,0,18,,,
YEM,Iêmen,Q20381685,http://www.wikidata.org/entity/Q12226949,0,214,,,
YEM,Iêmen,Q20381690,http://www.wikidata.org/entity/Q12225960,0,33,,,
YEM,Iêmen,Q20381695,http://www.wikidata.org/entity/Q12226511,0,63,,,
YEM,Iêmen,Q20381693,http://www.wikidata.org/entity/Q20408721,0,90,,,
YEM,Iêmen,Q20381698,http://www.wikidata.org/entity/Q12225085,0,146,,,
YEM,Iêmen,Q20381699,http://www.wikidata.org/entity/Q12225125,0,221,,,
YEM,Iêmen,Q20381696,http://www.wikidata.org/entity/Q12226642,0,192,,,
YEM,Iêmen,Q20381702,http://www.wikidata.org/entity/Q12225966,0,285,,,
YEM,Iêmen,Q20381701,http://www.wikidata.org/entity/Q12225637,0,55,,,
YEM,Iêmen,Q20381704,http://www.wikidata.org/entity/Q4117602,0,117,,,
YEM,Iêmen,Q20381705,http://www.wikidata.org/entity/Q12226164,0,206,,,
YEM,Iêmen,Q20381710,http://www.wikidata.org/entity/Q12227081,0,38,,,
YEM,Iêmen,Q20381711,http://www.wikidata.org/entity/Q25932274,0,146,,,
YEM,Iêmen,Q20381708,http://www.wikidata.org/entity/Q12226267,0,21,,,
YEM,Iêmen,Q20381712,http://www.wikidata.org/entity/Q12225206,0,117,,,
YEM,Iêmen,Q20381717,http://www.wikidata.org/entity/Q20404905,0,71,,,
YEM,Iêmen,Q20381723,http://www.wikidata.org/entity/Q20424470,0,96,,,
YEM,Iêmen,Q20381726,http://www.wikidata.org/entity/Q125170166,0,65,,,
YEM,Iêmen,Q20381727,http://www.wikidata.org/entity/Q12226869,0,38,,,
YEM,Iêmen,Q20381731,http://www.wikidata.org/entity/Q12225965,0,213,,,
YEM,Iêmen,Q20381729,http://www.wikidata.org/entity/Q12225850,0,116,,,
YEM,Iêmen,Q20381734,http://www.wikidata.org/entity/Q20407906,0,42,,,
YEM,Iêmen,Q20381735,http://www.wikidata.org/entity/Q25932270,0,126,,,
YEM,Iêmen,Q20381732,http://www.wikidata.org/entity/Q12227039,0,369,,,
YEM,Iêmen,Q20381738,http://www.wikidata.org/entity/Q20425234,0,77,,,
YEM,Iêmen,Q20381739,http://www.wikidata.org/entity/Q12225656,0,36,,,
YEM,Iêmen,Q20381736,http://www.wikidata.org/entity/Q12226949,0,24,,,
YEM,Iêmen,Q20381743,http://www.wikidata.org/entity/Q4117560,0,49,,,
YEM,Iêmen,Q20381741,http://www.wikidata.org/entity/Q12226087,0,308,,,
YEM,Iêmen,Q20381744,http://www.wikidata.org/entity/Q4117519,0,193,,,
YEM,Iêmen,Q20381750,http://www.wikidata.org/entity/Q25932330,0,186,,,
YEM,Iêmen,Q20381749,http://www.wikidata.org/entity/Q12225659,0,119,,,
YEM,Iêmen,Q20381754,http://www.wikidata.org/entity/Q12225776,0,81,,,
YEM,Iêmen,Q20381755,http://www.wikidata.org/entity/Q125170166,0,150,,,
YEM,Iêmen,Q20381753,http://www.wikidata.org/entity/Q4117543,0,415,,,
YEM,Iêmen,Q20381757,http://www.wikidata.org/entity/Q4117556,0,94,,,
YEM,Iêmen,Q20381763,http://www.wikidata.org/entity/Q12225195,0,377,,,
YEM,Iêmen,Q20381760,http://www.wikidata.org/entity/Q5751685,0,82,,,
YEM,Iêmen,Q20381767,http://www.wikidata.org/entity/Q125170166,0,257,,,
YEM,Iêmen,Q20381768,http://www.wikidata.org/entity/Q12225898,0,27,,,
YEM,Iêmen,Q20381775,http://www.wikidata.org/entity/Q12226145,0,86,,,
YEM,Iêmen,Q20381778,http://www.wikidata.org/entity/Q20409440,0,55,,,
YEM,Iêmen,Q20381776,http://www.wikidata.org/entity/Q12226884,0,63,,,
YEM,Iêmen,Q20381777,http://www.wikidata.org/entity/Q20419791,0,124,,,
YEM,Iêmen,Q20381780,http://www.wikidata.org/entity/Q12225642,0,63,,,
YEM,Iêmen,Q20381781,http://www.wikidata.org/entity/Q20404428,0,79,,,
YEM,Iêmen,Q20381784,http://www.wikidata.org/entity/Q12226009,0,57,,,
YEM,Iêmen,Q20381785,http://www.wikidata.org/entity/Q12226051,0,98,,,
YEM,Iêmen,Q20381789,http://www.wikidata.org/entity/Q12226050,0,39,,,
YEM,Iêmen,Q20381793,http://www.wikidata.org/entity/Q12225533,0,88,,,
YEM,Iêmen,Q20381801,http://www.wikidata.org/entity/Q12226467,0,40,,,
YEM,Iêmen,Q20381823,http://www.wikidata.org/entity/Q20399910,0,218,,,
YEM,Iêmen,Q20381825,http://www.wikidata.org/entity/Q20391178,0,29,,,
YEM,Iêmen,Q20381846,http://www.wikidata.org/entity/Q20393659,0,37,,,
YEM,Iêmen,Q20381849,http://www.wikidata.org/entity/Q20424255,0,20,,,
YEM,Iêmen,Q20381854,http://www.wikidata.org/entity/Q20382497,0,52,,,
YEM,Iêmen,Q20381856,http://www.wikidata.org/entity/Q12226396,0,43,,,
YEM,Iêmen,Q20381860,http://www.wikidata.org/entity/Q12226539,0,29,,,
YEM,Iêmen,Q20381861,http://www.wikidata.org/entity/Q12226396,0,31,,,
YEM,Iêmen,Q20381875,http://www.wikidata.org/entity/Q12225138,0,592,,,
YEM,Iêmen,Q20381873,http://www.wikidata.org/entity/Q4117556,0,105,,,
YEM,Iêmen,Q20381878,http://www.wikidata.org/entity/Q25932274,0,75,,,
YEM,Iêmen,Q20381879,http://www.wikidata.org/entity/Q25932352,0,295,,,
YEM,Iêmen,Q20381880,http://www.wikidata.org/entity/Q4117556,0,32,,,
YEM,Iêmen,Q20381881,http://www.wikidata.org/entity/Q25932274,0,11,,,
YEM,Iêmen,Q20381887,http://www.wikidata.org/entity/Q4117704,0,81,,,
YEM,Iêmen,Q20381885,http://www.wikidata.org/entity/Q4117454,0,54,,,
YEM,Iêmen,Q20381890,http://www.wikidata.org/entity/Q12225330,0,17,,,
YEM,Iêmen,Q20381891,http://www.wikidata.org/entity/Q4117454,0,39,,,
YEM,Iêmen,Q20381894,http://www.wikidata.org/entity/Q12226094,0,240,,,
YEM,Iêmen,Q20381895,http://www.wikidata.org/entity/Q4117502,0,73,,,
YEM,Iêmen,Q20381896,http://www.wikidata.org/entity/Q12225157,0,43,,,
YEM,Iêmen,Q20381897,http://www.wikidata.org/entity/Q12226688,0,213,,,
YEM,Iêmen,Q20381903,http://www.wikidata.org/entity/Q4117454,0,37,,,
YEM,Iêmen,Q20381900,http://www.wikidata.org/entity/Q12226809,0,579,,,
YEM,Iêmen,Q20381907,http://www.wikidata.org/entity/Q12225112,0,112,,,
YEM,Iêmen,Q20381905,http://www.wikidata.org/entity/Q20400134,0,104,,,
YEM,Iêmen,Q20381910,http://www.wikidata.org/entity/Q4117454,0,100,,,
YEM,Iêmen,Q20381912,http://www.wikidata.org/entity/Q4117682,0,67,,,
YEM,Iêmen,Q20381918,http://www.wikidata.org/entity/Q12225594,0,309,,,
YEM,Iêmen,Q20381917,http://www.wikidata.org/entity/Q12226688,0,52,,,
YEM,Iêmen,Q20381921,http://www.wikidata.org/entity/Q12225078,0,148,,,
YEM,Iêmen,Q20381927,http://www.wikidata.org/entity/Q12226688,0,59,,,
YEM,Iêmen,Q20381924,http://www.wikidata.org/entity/Q12226176,0,41,,,
YEM,Iêmen,Q20381932,http://www.wikidata.org/entity/Q4117574,0,32,,,
YEM,Iêmen,Q20381938,http://www.wikidata.org/entity/Q25932234,0,188,,,
YEM,Iêmen,Q20381939,http://www.wikidata.org/entity/Q12226688,0,164,,,
YEM,Iêmen,Q20381937,http://www.wikidata.org/entity/Q12225898,0,175,,,
YEM,Iêmen,Q20381943,http://www.wikidata.org/entity/Q12225326,0,374,,,
YEM,Iêmen,Q20381940,http://www.wikidata.org/entity/Q12225505,0,102,,,
YEM,Iêmen,Q20381941,http://www.wikidata.org/entity/Q12225364,0,268,,,
YEM,Iêmen,Q20381946,http://www.wikidata.org/entity/Q12226688,0,65,,,
YEM,Iêmen,Q20381947,http://www.wikidata.org/entity/Q4117638,0,1245,,,
YEM,Iêmen,Q20381951,http://www.wikidata.org/entity/Q12226655,0,18,,,
YEM,Iêmen,Q20384138,http://www.wikidata.org/entity/Q20394215,0,79,,,
YEM,Iêmen,Q20384136,http://www.wikidata.org/entity/Q12226678,0,27,,,
YEM,Iêmen,Q20384143,http://www.wikidata.org/entity/Q12225490,0,41,,,
YEM,Iêmen,Q20384144,http://www.wikidata.org/entity/Q20410755,0,77,,,
YEM,Iêmen,Q20384150,http://www.wikidata.org/entity/Q20382879,0,24,,,
YEM,Iêmen,Q20384149,http://www.wikidata.org/entity/Q22928966,0,165,,,
YEM,Iêmen,Q20384155,http://www.wikidata.org/entity/Q12225164,0,91,,,
YEM,Iêmen,Q20384163,http://www.wikidata.org/entity/Q20393833,0,39,,,
YEM,Iêmen,Q20384161,http://www.wikidata.org/entity/Q20393130,0,34,,,
YEM,Iêmen,Q20384165,http://www.wikidata.org/entity/Q12225264,0,149,,,
YEM,Iêmen,Q20384196,http://www.wikidata.org/entity/Q20392776,0,102,,,
YEM,Iêmen,Q20384551,http://www.wikidata.org/entity/Q20398598,0,241,,,
YEM,Iêmen,Q20384549,http://www.wikidata.org/entity/Q12225721,0,137,,,
YEM,Iêmen,Q20384558,http://www.wikidata.org/entity/Q12226910,0,1158,,,
YEM,Iêmen,Q20384562,,0,159,,,
YEM,Iêmen,Q20384560,http://www.wikidata.org/entity/Q20407299,0,70,,,
YEM,Iêmen,Q20384566,http://www.wikidata.org/entity/Q20389140,0,131,,,
YEM,Iêmen,Q20384570,http://www.wikidata.org/entity/Q20419422,0,119,,,
YEM,Iêmen,Q20384643,http://www.wikidata.org/entity/Q20424579,0,60,,,
YEM,Iêmen,Q20384646,http://www.wikidata.org/entity/Q20381896,0,36,,,
YEM,Iêmen,Q20384652,http://www.wikidata.org/entity/Q12227094,0,424,,,
YEM,Iêmen,Q20384653,http://www.wikidata.org/entity/Q12226721,0,211,,,
YEM,Iêmen,Q20384658,http://www.wikidata.org/entity/Q12225397,0,166,,,
YEM,Iêmen,Q20384662,http://www.wikidata.org/entity/Q12225942,0,27,,,
YEM,Iêmen,Q20384663,http://www.wikidata.org/entity/Q20385843,0,376,,,
YEM,Iêmen,Q20384664,http://www.wikidata.org/entity/Q12226273,0,360,,,
YEM,Iêmen,Q20384668,http://www.wikidata.org/entity/Q20412298,0,80,,,
YEM,Iêmen,Q20384672,http://www.wikidata.org/entity/Q20405719,0,51,,,
YEM,Iêmen,Q20382291,http://www.wikidata.org/entity/Q20391035,0,192,,,
YEM,Iêmen,Q20382295,http://www.wikidata.org/entity/Q20415017,0,81,,,
YEM,Iêmen,Q20382297,http://www.wikidata.org/entity/Q20384919,0,38,,,
YEM,Iêmen,Q20382304,http://www.wikidata.org/entity/Q20382095,0,40,,,
YEM,Iêmen,Q20382309,http://www.wikidata.org/entity/Q12226597,0,548,,,
YEM,Iêmen,Q20382315,http://www.wikidata.org/entity/Q20406189,0,64,,,
YEM,Iêmen,Q20382318,http://www.wikidata.org/entity/Q20383368,0,51,,,
YEM,Iêmen,Q20382316,http://www.wikidata.org/entity/Q12226556,0,21,,,
YEM,Iêmen,Q20382317,http://www.wikidata.org/entity/Q20423729,0,61,,,
YEM,Iêmen,Q20382322,http://www.wikidata.org/entity/Q20425567,0,63,,,
YEM,Iêmen,Q20382323,http://www.wikidata.org/entity/Q12225490,0,79,,,
YEM,Iêmen,Q20382327,http://www.wikidata.org/entity/Q20413519,0,54,,,
YEM,Iêmen,Q20382362,http://www.wikidata.org/entity/Q12225490,0,114,,,
YEM,Iêmen,Q20382375,http://www.wikidata.org/entity/Q20411723,0,29,,,
YEM,Iêmen,Q20382380,http://www.wikidata.org/entity/Q12225544,0,28,,,
YEM,Iêmen,Q20382381,http://www.wikidata.org/entity/Q20397828,0,57,,,
YEM,Iêmen,Q20382450,http://www.wikidata.org/entity/Q12226114,0,297,,,
YEM,Iêmen,Q20382451,http://www.wikidata.org/entity/Q12226511,0,116,,,
YEM,Iêmen,Q20382454,http://www.wikidata.org/entity/Q12226832,0,197,,,
YEM,Iêmen,Q20382455,http://www.wikidata.org/entity/Q20394691,0,113,,,
YEM,Iêmen,Q20382452,http://www.wikidata.org/entity/Q12226401,0,126,,,
YEM,Iêmen,Q20382458,http://www.wikidata.org/entity/Q12226267,0,104,,,
YEM,Iêmen,Q20382456,http://www.wikidata.org/entity/Q12226688,0,80,,,
YEM,Iêmen,Q20382457,http://www.wikidata.org/entity/Q12226754,0,233,,,
YEM,Iêmen,Q20382463,http://www.wikidata.org/entity/Q20393833,0,78,,,
YEM,Iêmen,Q20382461,http://www.wikidata.org/entity/Q5751685,0,43,,,
YEM,Iêmen,Q20382564,http://www.wikidata.org/entity/Q12225138,0,356,,,
YEM,Iêmen,Q20382568,http://www.wikidata.org/entity/Q12227052,0,530,,,
YEM,Iêmen,Q20382576,http://www.wikidata.org/entity/Q12226680,0,71,,,
YEM,Iêmen,Q20382582,http://www.wikidata.org/entity/Q12225425,0,837,,,
YEM,Iêmen,Q20382586,http://www.wikidata.org/entity/Q12225969,0,31,,,
YEM,Iêmen,Q20382615,http://www.wikidata.org/entity/Q12225392,0,584,,,
YEM,Iêmen,Q20382612,http://www.wikidata.org/entity/Q12226999,0,51,,,
YEM,Iêmen,Q20382618,http://www.wikidata.org/entity/Q20417459,0,69,,,
YEM,Iêmen,Q20382619,http://www.wikidata.org/entity/Q20424245,0,21,,,
YEM,Iêmen,Q20382616,http://www.wikidata.org/entity/Q25932352,0,57,,,
YEM,Iêmen,Q20382617,http://www.wikidata.org/entity/Q12226688,0,26,,,
YEM,Iêmen,Q20382622,http://www.wikidata.org/entity/Q12226688,0,37,,,
YEM,Iêmen,Q20382623,http://www.wikidata.org/entity/Q20407023,0,47,,,
YEM,Iêmen,Q20382621,http://www.wikidata.org/entity/Q20405294,0,226,,,
YEM,Iêmen,Q20382626,http://www.wikidata.org/entity/Q125170167,0,197,,,
YEM,Iêmen,Q20382624,http://www.wikidata.org/entity/Q12226449,0,152,,,
YEM,Iêmen,Q20382625,http://www.wikidata.org/entity/Q4117557,0,107,,,
YEM,Iêmen,Q20382631,http://www.wikidata.org/entity/Q12225742,0,181,,,
YEM,Iêmen,Q20382628,http://www.wikidata.org/entity/Q12226939,0,24,,,
YEM,Iêmen,Q20382629,http://www.wikidata.org/entity/Q20392820,0,62,,,
YEM,Iêmen,Q20382635,http://www.wikidata.org/entity/Q12225798,0,38,,,
YEM,Iêmen,Q20382632,http://www.wikidata.org/entity/Q12225928,0,3486,,,
YEM,Iêmen,Q20382633,http://www.wikidata.org/entity/Q12226285,0,239,,,
YEM,Iêmen,Q20381948,http://www.wikidata.org/entity/Q25932274,0,109,,,
YEM,Iêmen,Q20381949,http://www.wikidata.org/entity/Q4117543,0,396,,,
YEM,Iêmen,Q20381954,http://www.wikidata.org/entity/Q12226688,0,110,,,
YEM,Iêmen,Q20381952,http://www.wikidata.org/entity/Q4117556,0,104,,,
YEM,Iêmen,Q20381953,http://www.wikidata.org/entity/Q12225637,0,23,,,
YEM,Iêmen,Q20381982,http://www.wikidata.org/entity/Q4117682,0,25,,,
YEM,Iêmen,Q20381980,http://www.wikidata.org/entity/Q4117683,0,1097,,15.5562913,52.0092563
YEM,Iêmen,Q20382010,http://www.wikidata.org/entity/Q20389926,0,186,,,
YEM,Iêmen,Q20382012,http://www.wikidata.org/entity/Q12226928,0,55,,,
YEM,Iêmen,Q20382038,http://www.wikidata.org/entity/Q12225898,0,25,,,
YEM,Iêmen,Q20382036,http://www.wikidata.org/entity/Q4117544,0,183,,,
YEM,Iêmen,Q20382037,http://www.wikidata.org/entity/Q12226688,0,56,,,
YEM,Iêmen,Q20382043,http://www.wikidata.org/entity/Q12226688,0,61,,,
YEM,Iêmen,Q20382041,http://www.wikidata.org/entity/Q12225614,0,21,,14.824612,45.199396
YEM,Iêmen,Q20382047,http://www.wikidata.org/entity/Q12226783,0,44,,,
YEM,Iêmen,Q20382050,http://www.wikidata.org/entity/Q12226688,0,112,,,
YEM,Iêmen,Q20382054,http://www.wikidata.org/entity/Q12225148,0,152,,,
YEM,Iêmen,Q20382055,http://www.wikidata.org/entity/Q12225411,0,133,,,
YEM,Iêmen,Q20382053,http://www.wikidata.org/entity/Q12225651,0,126,,,
YEM,Iêmen,Q20382058,http://www.wikidata.org/entity/Q12225681,0,42,,,
YEM,Iêmen,Q20382056,http://www.wikidata.org/entity/Q12226688,0,472,,,
YEM,Iêmen,Q20382057,http://www.wikidata.org/entity/Q12225742,0,40,,,
YEM,Iêmen,Q20382063,http://www.wikidata.org/entity/Q12226688,0,47,,,
YEM,Iêmen,Q20382060,http://www.wikidata.org/entity/Q12226655,0,69,,,
YEM,Iêmen,Q20382066,http://www.wikidata.org/entity/Q12226939,0,151,,,
YEM,Iêmen,Q20382070,http://www.wikidata.org/entity/Q1884189,0,438,,,
YEM,Iêmen,Q20382068,http://www.wikidata.org/entity/Q12226688,0,91,,,
YEM,Iêmen,Q20382074,http://www.wikidata.org/entity/Q12226783,0,45,,,
YEM,Iêmen,Q20382072,http://www.wikidata.org/entity/Q12226688,0,23,,,
YEM,Iêmen,Q20382073,http://www.wikidata.org/entity/Q25932274,0,195,,,
YEM,Iêmen,Q20382078,http://www.wikidata.org/entity/Q12225991,0,109,,,
YEM,Iêmen,Q20382079,http://www.wikidata.org/entity/Q4117454,0,388,,,
YEM,Iêmen,Q20382076,http://www.wikidata.org/entity/Q12226783,0,58,,,
YEM,Iêmen,Q20382077,http://www.wikidata.org/entity/Q25932274,0,261,,,
YEM,Iêmen,Q20382082,http://www.wikidata.org/entity/Q125170179,0,165,,,
YEM,Iêmen,Q20382080,http://www.wikidata.org/entity/Q125170122,0,124,,,
YEM,Iêmen,Q20382081,http://www.wikidata.org/entity/Q125170179,0,29,,,
YEM,Iêmen,Q20382086,http://www.wikidata.org/entity/Q12225439,0,271,,,
YEM,Iêmen,Q20382084,http://www.wikidata.org/entity/Q25932274,0,121,,,
YEM,Iêmen,Q20382085,http://www.wikidata.org/entity/Q4117556,0,422,,,
YEM,Iêmen,Q20382090,http://www.wikidata.org/entity/Q125170179,0,89,,,
YEM,Iêmen,Q20382091,http://www.wikidata.org/entity/Q20387625,0,20,,,
YEM,Iêmen,Q20382094,http://www.wikidata.org/entity/Q12227058,0,82,,,
YEM,Iêmen,Q20382095,http://www.wikidata.org/entity/Q12225589,0,174,,,
YEM,Iêmen,Q20382092,http://www.wikidata.org/entity/Q12226688,0,75,,,
YEM,Iêmen,Q20382093,http://www.wikidata.org/entity/Q12226363,0,234,,,
YEM,Iêmen,Q20382098,http://www.wikidata.org/entity/Q12226688,0,69,,,
YEM,Iêmen,Q20382096,http://www.wikidata.org/entity/Q12226968,0,903,,,
YEM,Iêmen,Q20382102,http://www.wikidata.org/entity/Q12226922,0,54,,,
YEM,Iêmen,Q20382100,http://www.wikidata.org/entity/Q12226586,0,83,,,
YEM,Iêmen,Q20382101,http://www.wikidata.org/entity/Q1884189,0,105,,,
YEM,Iêmen,Q20382108,http://www.wikidata.org/entity/Q20386304,0,46,,,
YEM,Iêmen,Q20382115,http://www.wikidata.org/entity/Q4117574,0,78,,,
YEM,Iêmen,Q20382118,http://www.wikidata.org/entity/Q12226050,0,33,,,
YEM,Iêmen,Q20382117,http://www.wikidata.org/entity/Q12226922,0,299,,,
YEM,Iêmen,Q20382122,http://www.wikidata.org/entity/Q12225490,0,94,,,
YEM,Iêmen,Q20382120,http://www.wikidata.org/entity/Q12226949,0,129,,,
YEM,Iêmen,Q20382126,http://www.wikidata.org/entity/Q12226949,0,9204,,,
YEM,Iêmen,Q20382124,http://www.wikidata.org/entity/Q20412809,0,69,,,
YEM,Iêmen,Q20382130,http://www.wikidata.org/entity/Q4117519,0,55,,,
YEM,Iêmen,Q20382131,http://www.wikidata.org/entity/Q20403469,0,29,,,
YEM,Iêmen,Q20382129,http://www.wikidata.org/entity/Q4117520,0,28,,,
YEM,Iêmen,Q20382134,http://www.wikidata.org/entity/Q20387482,0,47,,,
YEM,Iêmen,Q20382132,http://www.wikidata.org/entity/Q12226688,0,274,,,
YEM,Iêmen,Q20382137,http://www.wikidata.org/entity/Q12225199,0,46,,,
YEM,Iêmen,Q20382140,http://www.wikidata.org/entity/Q20389341,0,254,,,
YEM,Iêmen,Q20382170,http://www.wikidata.org/entity/Q20385020,0,80,,,
YEM,Iêmen,Q20382169,http://www.wikidata.org/entity/Q12226138,0,360,,,
YEM,Iêmen,Q20382173,http://www.wikidata.org/entity/Q12225199,0,42,,,
YEM,Iêmen,Q20382176,http://www.wikidata.org/entity/Q20418096,0,83,,,
YEM,Iêmen,Q20382181,http://www.wikidata.org/entity/Q20420589,0,99,,,
YEM,Iêmen,Q20382184,http://www.wikidata.org/entity/Q12225917,0,451,,,
YEM,Iêmen,Q20382185,http://www.wikidata.org/entity/Q4117544,0,122,,,
YEM,Iêmen,Q20382189,http://www.wikidata.org/entity/Q20385084,0,173,,,
YEM,Iêmen,Q20382290,http://www.wikidata.org/entity/Q12226391,0,51,,,
YEM,Iêmen,Q20382638,http://www.wikidata.org/entity/Q20409199,0,40,,,
YEM,Iêmen,Q20382636,http://www.wikidata.org/entity/Q20423281,0,63,,,
YEM,Iêmen,Q20382643,http://www.wikidata.org/entity/Q20404488,0,27,,,
YEM,Iêmen,Q20382641,http://www.wikidata.org/entity/Q16121012,0,487,,,
YEM,Iêmen,Q20382647,http://www.wikidata.org/entity/Q12225249,0,20,,,
YEM,Iêmen,Q20382651,http://www.wikidata.org/entity/Q12225164,0,31,,,
YEM,Iêmen,Q20382649,http://www.wikidata.org/entity/Q20424450,0,55,,,
YEM,Iêmen,Q20382654,http://www.wikidata.org/entity/Q20403841,0,118,,,
YEM,Iêmen,Q20382659,http://www.wikidata.org/entity/Q4117454,0,163,,,
YEM,Iêmen,Q20382657,http://www.wikidata.org/entity/Q22928499,0,24,,,
YEM,Iêmen,Q20382662,http://www.wikidata.org/entity/Q20412136,0,94,,,
YEM,Iêmen,Q20382661,http://www.wikidata.org/entity/Q12225335,0,291,,,
YEM,Iêmen,Q20382692,http://www.wikidata.org/entity/Q12226825,0,52,,,
YEM,Iêmen,Q20382698,http://www.wikidata.org/entity/Q12225253,0,87,,,
YEM,Iêmen,Q20382699,http://www.wikidata.org/entity/Q20399092,0,155,,,
YEM,Iêmen,Q20382701,http://www.wikidata.org/entity/Q12225147,0,38,,,
YEM,Iêmen,Q20382708,http://www.wikidata.org/entity/Q20420898,0,74,,,
YEM,Iêmen,Q20382715,http://www.wikidata.org/entity/Q12226050,0,58,,,
YEM,Iêmen,Q20382712,http://www.wikidata.org/entity/Q20384145,0,47,,,
YEM,Iêmen,Q20382798,http://www.wikidata.org/entity/Q12225721,0,32,,,
YEM,Iêmen,Q20382805,http://www.wikidata.org/entity/Q20396524,0,39,,,
YEM,Iêmen,Q20382808,http://www.wikidata.org/entity/Q12226148,0,66,,,
YEM,Iêmen,Q20382812,http://www.wikidata.org/entity/Q20417830,0,71,,,
YEM,Iêmen,Q20382927,http://www.wikidata.org/entity/Q12226936,0,46,,,
YEM,Iêmen,Q20382996,http://www.wikidata.org/entity/Q20385100,0,37,,,
YEM,Iêmen,Q20383053,http://www.wikidata.org/entity/Q12227098,0,65,,,
YEM,Iêmen,Q20383056,http://www.wikidata.org/entity/Q20389380,0,25,,,
YEM,Iêmen,Q20383057,http://www.wikidata.org/entity/Q20409914,0,45,,,
YEM,Iêmen,Q20383198,http://www.wikidata.org/entity/Q20404323,0,170,,,
YEM,Iêmen,Q20383199,http://www.wikidata.org/entity/Q12226421,0,26,,,
YEM,Iêmen,Q20383202,http://www.wikidata.org/entity/Q20399177,0,100,,,
YEM,Iêmen,Q20383201,http://www.wikidata.org/entity/Q12226936,0,66,,,
YEM,Iêmen,Q20383209,http://www.wikidata.org/entity/Q12225457,0,47,,,
YEM,Iêmen,Q20383219,http://www.wikidata.org/entity/Q20404794,0,122,,,
YEM,Iêmen,Q20383220,http://www.wikidata.org/entity/Q12226544,0,48,,,
YEM,Iêmen,Q20383221,http://www.wikidata.org/entity/Q20403186,0,57,,,
YEM,Iêmen,Q20383374,http://www.wikidata.org/entity/Q12225873,0,92,,,
YEM,Iêmen,Q20383375,http://www.wikidata.org/entity/Q12226207,0,90,,,
YEM,Iêmen,Q20383372,http://www.wikidata.org/entity/Q20398107,0,60,,,
YEM,Iêmen,Q20383376,http://www.wikidata.org/entity/Q12225253,0,272,,,
YEM,Iêmen,Q20383382,http://www.wikidata.org/entity/Q12226075,0,361,,,
YEM,Iêmen,Q20383383,http://www.wikidata.org/entity/Q12226216,0,981,,,
YEM,Iêmen,Q20383381,http://www.wikidata.org/entity/Q12226421,0,63,,,
YEM,Iêmen,Q20383386,http://www.wikidata.org/entity/Q20400278,0,490,,,
YEM,Iêmen,Q20383384,http://www.wikidata.org/entity/Q20411692,0,164,,,
YEM,Iêmen,Q20383385,http://www.wikidata.org/entity/Q5675538,0,20,,,
YEM,Iêmen,Q20383391,http://www.wikidata.org/entity/Q12226297,0,55,,,
YEM,Iêmen,Q20383389,http://www.wikidata.org/entity/Q12226274,0,317,,,
YEM,Iêmen,Q20383522,http://www.wikidata.org/entity/Q20424669,0,140,,,
YEM,Iêmen,Q20383523,http://www.wikidata.org/entity/Q20383969,0,48,,,
YEM,Iêmen,Q20383524,http://www.wikidata.org/entity/Q12226258,0,55,,,
YEM,Iêmen,Q20383534,http://www.wikidata.org/entity/Q20393304,0,91,,,
YEM,Iêmen,Q20383610,http://www.wikidata.org/entity/Q20398227,0,33,,,
YEM,Iêmen,Q20383608,http://www.wikidata.org/entity/Q20393130,0,42,,,
YEM,Iêmen,Q20383615,http://www.wikidata.org/entity/Q12226966,0,316,,,
YEM,Iêmen,Q20383618,http://www.wikidata.org/entity/Q20385108,0,22,,,
YEM,Iêmen,Q20383620,http://www.wikidata.org/entity/Q12226556,0,23,,,
YEM,Iêmen,Q20383625,http://www.wikidata.org/entity/Q20411505,0,481,,,
YEM,Iêmen,Q20383628,http://www.wikidata.org/entity/Q12225562,0,109,,,
YEM,Iêmen,Q20383635,http://www.wikidata.org/entity/Q12225544,0,48,,,
YEM,Iêmen,Q20383637,http://www.wikidata.org/entity/Q20421333,0,26,,,
YEM,Iêmen,Q20383642,http://www.wikidata.org/entity/Q12225264,0,122,,,
YEM,Iêmen,Q20383641,http://www.wikidata.org/entity/Q12226913,0,83,,,
YEM,Iêmen,Q20384133,http://www.wikidata.org/entity/Q12226544,0,27,,,
YEM,Iêmen,Q20381459,http://www.wikidata.org/entity/Q4117556,0,241,,,
YEM,Iêmen,Q20381456,http://www.wikidata.org/entity/Q12226982,0,203,,,
YEM,Iêmen,Q20381467,http://www.wikidata.org/entity/Q12226990,0,237,,,
YEM,Iêmen,Q20381464,http://www.wikidata.org/entity/Q12225878,0,60,,,
YEM,Iêmen,Q20381471,http://www.wikidata.org/entity/Q25932330,0,155,,,
YEM,Iêmen,Q20381472,http://www.wikidata.org/entity/Q12225681,0,12,,,
YEM,Iêmen,Q20381477,http://www.wikidata.org/entity/Q12227098,0,69,,,
YEM,Iêmen,Q20381480,http://www.wikidata.org/entity/Q12225848,0,118,,,
YEM,Iêmen,Q20381994,http://www.wikidata.org/entity/Q12226982,0,331,,,
YEM,Iêmen,Q20381992,http://www.wikidata.org/entity/Q20397812,0,25,,,
YEM,Iêmen,Q20381996,http://www.wikidata.org/entity/Q12226680,0,356,,,
YEM,Iêmen,Q20381997,http://www.wikidata.org/entity/Q4117454,0,141,,,
YEM,Iêmen,Q20382002,http://www.wikidata.org/entity/Q12225721,0,21,,,
YEM,Iêmen,Q20382003,http://www.wikidata.org/entity/Q12226474,0,22,,,
YEM,Iêmen,Q20382001,http://www.wikidata.org/entity/Q20411754,0,58,,,
YEM,Iêmen,Q20382007,http://www.wikidata.org/entity/Q12225909,0,160,,,
YEM,Iêmen,Q20382004,http://www.wikidata.org/entity/Q4117454,0,38,,,
YEM,Iêmen,Q20382008,http://www.wikidata.org/entity/Q12226949,0,244,,,
YEM,Iêmen,Q20382009,http://www.wikidata.org/entity/Q20423748,0,86,,,
YEM,Iêmen,Q20382013,http://www.wikidata.org/entity/Q12225920,0,114,,,
YEM,Iêmen,Q20382016,http://www.wikidata.org/entity/Q20406752,0,133,,,
YEM,Iêmen,Q20382022,http://www.wikidata.org/entity/Q12225397,0,60,,,
YEM,Iêmen,Q20382020,http://www.wikidata.org/entity/Q12225199,0,211,,,
YEM,Iêmen,Q20382024,http://www.wikidata.org/entity/Q20384268,0,35,,,
YEM,Iêmen,Q20382025,http://www.wikidata.org/entity/Q4117454,0,132,,,
YEM,Iêmen,Q20382174,http://www.wikidata.org/entity/Q12225330,0,24,,,
YEM,Iêmen,Q20382172,http://www.wikidata.org/entity/Q12226688,0,57,,,
YEM,Iêmen,Q20382179,http://www.wikidata.org/entity/Q25932274,0,9,,,
YEM,Iêmen,Q20382177,http://www.wikidata.org/entity/Q4117549,0,196,,,
YEM,Iêmen,Q20382182,http://www.wikidata.org/entity/Q12226448,0,12,,,
YEM,Iêmen,Q20382183,http://www.wikidata.org/entity/Q12226737,0,23,,,
YEM,Iêmen,Q20382186,http://www.wikidata.org/entity/Q12225729,0,75,,,
YEM,Iêmen,Q20382187,http://www.wikidata.org/entity/Q4117433,0,75,,,
YEM,Iêmen,Q20382190,http://www.wikidata.org/entity/Q4117544,0,76,,,
YEM,Iêmen,Q20382188,http://www.wikidata.org/entity/Q125170113,0,191,,,
YEM,Iêmen,Q20382217,http://www.wikidata.org/entity/Q4117556,0,39,,,
YEM,Iêmen,Q20382222,http://www.wikidata.org/entity/Q4117454,0,136,,,
YEM,Iêmen,Q20382226,http://www.wikidata.org/entity/Q12226990,0,373,,,
YEM,Iêmen,Q20382227,http://www.wikidata.org/entity/Q12226688,0,27,,,
YEM,Iêmen,Q20382224,http://www.wikidata.org/entity/Q12225835,0,745,,,
YEM,Iêmen,Q20382230,http://www.wikidata.org/entity/Q125170179,0,174,,,
YEM,Iêmen,Q20382229,http://www.wikidata.org/entity/Q12225909,0,134,,,
YEM,Iêmen,Q20382234,http://www.wikidata.org/entity/Q4117502,0,57,,,
YEM,Iêmen,Q20382235,http://www.wikidata.org/entity/Q12226635,0,110,,,
YEM,Iêmen,Q20382232,http://www.wikidata.org/entity/Q12226688,0,184,,,
YEM,Iêmen,Q20382238,http://www.wikidata.org/entity/Q12226688,0,96,,,
YEM,Iêmen,Q20382236,http://www.wikidata.org/entity/Q12226688,0,70,,,
YEM,Iêmen,Q20382242,http://www.wikidata.org/entity/Q12226495,0,285,,,
YEM,Iêmen,Q20382240,http://www.wikidata.org/entity/Q20387757,0,155,,,
YEM,Iêmen,Q20382241,http://www.wikidata.org/entity/Q12225163,0,235,,,
YEM,Iêmen,Q20382246,http://www.wikidata.org/entity/Q22929462,0,63,,,
YEM,Iêmen,Q20382247,http://www.wikidata.org/entity/Q20409199,0,57,,,
YEM,Iêmen,Q20382244,http://www.wikidata.org/entity/Q12226688,0,24,,,
YEM,Iêmen,Q20382245,http://www.wikidata.org/entity/Q4117502,0,114,,,
YEM,Iêmen,Q20382250,http://www.wikidata.org/entity/Q12226990,0,646,,,
YEM,Iêmen,Q20382251,http://www.wikidata.org/entity/Q12226688,0,27,,,
YEM,Iêmen,Q20382249,http://www.wikidata.org/entity/Q20395161,0,76,,,
YEM,Iêmen,Q20382254,http://www.wikidata.org/entity/Q20389973,0,65,,,
YEM,Iêmen,Q20382255,http://www.wikidata.org/entity/Q20395161,0,76,,,
YEM,Iêmen,Q20382252,http://www.wikidata.org/entity/Q5751685,0,399,,,
YEM,Iêmen,Q20382253,http://www.wikidata.org/entity/Q12225397,0,78,,,
YEM,Iêmen,Q20382259,http://www.wikidata.org/entity/Q12225330,0,53,,,
YEM,Iêmen,Q20382256,http://www.wikidata.org/entity/Q5751685,0,51,,,
YEM,Iêmen,Q20382257,http://www.wikidata.org/entity/Q4117502,0,52,,,
YEM,Iêmen,Q20382260,http://www.wikidata.org/entity/Q4117369,0,436,,15.5948,44.6995
YEM,Iêmen,Q20382261,http://www.wikidata.org/entity/Q12226048,0,104,,,
YEM,Iêmen,Q20382271,http://www.wikidata.org/entity/Q12226936,0,47,,,
YEM,Iêmen,Q20382274,http://www.wikidata.org/entity/Q20383505,0,43,,,
YEM,Iêmen,Q20382276,http://www.wikidata.org/entity/Q20414651,0,22,,,
YEM,Iêmen,Q20382289,http://www.wikidata.org/entity/Q20395089,0,133,,,
YEM,Iêmen,Q20382330,http://www.wikidata.org/entity/Q12225180,0,56,,,
YEM,Iêmen,Q20382331,http://www.wikidata.org/entity/Q12226864,0,223,,15.5836008,44.6838605
YEM,Iêmen,Q20382328,http://www.wikidata.org/entity/Q12226588,0,52,,,
YEM,Iêmen,Q20382334,http://www.wikidata.org/entity/Q4117549,0,227,,,
YEM,Iêmen,Q20382335,http://www.wikidata.org/entity/Q20394974,0,105,,,
YEM,Iêmen,Q20382332,http://www.wikidata.org/entity/Q12225249,0,55,,,
YEM,Iêmen,Q20382333,http://www.wikidata.org/entity/Q12226240,0,68,,,
YEM,Iêmen,Q20382338,http://www.wikidata.org/entity/Q12225650,0,53,,,
YEM,Iêmen,Q20382339,http://www.wikidata.org/entity/Q4117369,0,281,,15.566701888889,44.670450194444
YEM,Iêmen,Q20382336,http://www.wikidata.org/entity/Q12226537,0,384,,,
YEM,Iêmen,Q20382342,http://www.wikidata.org/entity/Q12226495,0,165,,,
YEM,Iêmen,Q20382343,http://www.wikidata.org/entity/Q12226941,0,145,,,
YEM,Iêmen,Q20382340,http://www.wikidata.org/entity/Q20402197,0,72,,,
YEM,Iêmen,Q20382341,http://www.wikidata.org/entity/Q20390505,0,52,,,
YEM,Iêmen,Q20382346,http://www.wikidata.org/entity/Q12226495,0,36,,,
YEM,Iêmen,Q20382347,http://www.wikidata.org/entity/Q4117682,0,20,,,
YEM,Iêmen,Q20382344,http://www.wikidata.org/entity/Q20410621,0,40,,,
YEM,Iêmen,Q20382350,http://www.wikidata.org/entity/Q20392739,0,289,,,
YEM,Iêmen,Q20382348,http://www.wikidata.org/entity/Q12226997,0,155,,,
YEM,Iêmen,Q20382349,http://www.wikidata.org/entity/Q12226369,0,1449,,,
YEM,Iêmen,Q20382354,http://www.wikidata.org/entity/Q12226688,0,88,,,
YEM,Iêmen,Q20382355,http://www.wikidata.org/entity/Q12225792,0,444,,,
YEM,Iêmen,Q20382353,http://www.wikidata.org/entity/Q20414460,0,54,,,
YEM,Iêmen,Q20382358,http://www.wikidata.org/entity/Q4117552,0,145,,,
YEM,Iêmen,Q20382359,http://www.wikidata.org/entity/Q12226461,0,854,,,
YEM,Iêmen,Q20382356,http://www.wikidata.org/entity/Q4855715,0,548,,,
YEM,Iêmen,Q20382420,http://www.wikidata.org/entity/Q20425222,0,124,,,
YEM,Iêmen,Q20382449,http://www.wikidata.org/entity/Q20391755,0,23,,,
YEM,Iêmen,Q20382462,http://www.wikidata.org/entity/Q4117556,0,86,,,
YEM,Iêmen,Q20382464,http://www.wikidata.org/entity/Q12225848,0,177,,,
YEM,Iêmen,Q20382465,http://www.wikidata.org/entity/Q12226511,0,53,,,
YEM,Iêmen,Q20382484,http://www.wikidata.org/entity/Q4117517,0,1399,,,
YEM,Iêmen,Q20382489,http://www.wikidata.org/entity/Q12226280,0,48,,,
YEM,Iêmen,Q20382493,http://www.wikidata.org/entity/Q12226050,0,36,,,
YEM,Iêmen,Q20382498,http://www.wikidata.org/entity/Q12226212,0,40,,,
YEM,Iêmen,Q20382499,http://www.wikidata.org/entity/Q20393384,0,39,,,
YEM,Iêmen,Q20382500,http://www.wikidata.org/entity/Q20393252,0,36,,,
YEM,Iêmen,Q20382504,http://www.wikidata.org/entity/Q12226179,0,127,,,
YEM,Iêmen,Q20382509,http://www.wikidata.org/entity/Q12225656,0,136,,,
YEM,Iêmen,Q20382514,http://www.wikidata.org/entity/Q12226495,0,7952,,,
YEM,Iêmen,Q20382513,http://www.wikidata.org/entity/Q12226901,0,410,,,
YEM,Iêmen,Q20382518,http://www.wikidata.org/entity/Q12226688,0,113,,,
YEM,Iêmen,Q20382519,http://www.wikidata.org/entity/Q12226601,0,33,,,
YEM,Iêmen,Q20382516,http://www.wikidata.org/entity/Q20394060,0,94,,,
YEM,Iêmen,Q20382517,http://www.wikidata.org/entity/Q12225855,0,403,,,
YEM,Iêmen,Q20382522,http://www.wikidata.org/entity/Q12226086,0,293,,,
YEM,Iêmen,Q20382520,http://www.wikidata.org/entity/Q20406039,0,72,,,
YEM,Iêmen,Q20382521,http://www.wikidata.org/entity/Q4118398,0,30,,,
YEM,Iêmen,Q20382526,http://www.wikidata.org/entity/Q125170086,0,25,,,
YEM,Iêmen,Q20382527,http://www.wikidata.org/entity/Q12226601,0,20,,,
YEM,Iêmen,Q20382524,http://www.wikidata.org/entity/Q12226531,0,48,,,
YEM,Iêmen,Q20382525,http://www.wikidata.org/entity/Q12226717,0,134,,,
YEM,Iêmen,Q20382530,http://www.wikidata.org/entity/Q5751685,0,16,,,
YEM,Iêmen,Q20382531,http://www.wikidata.org/entity/Q12226495,0,38,,,
YEM,Iêmen,Q20382529,http://www.wikidata.org/entity/Q20404488,0,125,,,
YEM,Iêmen,Q20382534,http://www.wikidata.org/entity/Q12225928,0,24,,,
YEM,Iêmen,Q20382532,http://www.wikidata.org/entity/Q12225420,0,104,,,
YEM,Iêmen,Q20382533,http://www.wikidata.org/entity/Q4117454,0,287,,,
YEM,Iêmen,Q20382538,http://www.wikidata.org/entity/Q5751685,0,14,,,
YEM,Iêmen,Q20382537,http://www.wikidata.org/entity/Q12225742,0,72,,,
YEM,Iêmen,Q20382566,http://www.wikidata.org/entity/Q12226501,0,115,,,
YEM,Iêmen,Q20382567,http://www.wikidata.org/entity/Q12225698,0,190,,14.738176,45.16757
YEM,Iêmen,Q20382565,http://www.wikidata.org/entity/Q4117549,0,24,,,
YEM,Iêmen,Q20382587,http://www.wikidata.org/entity/Q20394527,0,121,,,
YEM,Iêmen,Q20382590,http://www.wikidata.org/entity/Q4117824,0,509,,,
YEM,Iêmen,Q20382588,http://www.wikidata.org/entity/Q4117552,0,20,,,
YEM,Iêmen,Q20382589,http://www.wikidata.org/entity/Q12226475,0,143,,,
YEM,Iêmen,Q20382594,http://www.wikidata.org/entity/Q20414538,0,61,,,
YEM,Iêmen,Q20382592,http://www.wikidata.org/entity/Q25932274,0,32,,,
YEM,Iêmen,Q20382593,http://www.wikidata.org/entity/Q4117544,0,23,,,
YEM,Iêmen,Q20382598,http://www.wikidata.org/entity/Q125170167,0,195,,,
YEM,Iêmen,Q20382599,http://www.wikidata.org/entity/Q20413519,0,147,,,
YEM,Iêmen,Q20382596,http://www.wikidata.org/entity/Q4117824,0,2129,,,
YEM,Iêmen,Q20382597,http://www.wikidata.org/entity/Q12226429,0,171,,,
YEM,Iêmen,Q20382602,http://www.wikidata.org/entity/Q12225087,0,412,,,
YEM,Iêmen,Q20382600,http://www.wikidata.org/entity/Q4117454,0,100,,,
YEM,Iêmen,Q20382606,http://www.wikidata.org/entity/Q4117704,0,76,,,
YEM,Iêmen,Q20382607,http://www.wikidata.org/entity/Q12226550,0,483,,,
YEM,Iêmen,Q20382604,http://www.wikidata.org/entity/Q12225228,0,104,,,
YEM,Iêmen,Q20382605,http://www.wikidata.org/entity/Q4117527,0,361,,,
YEM,Iêmen,Q20382610,http://www.wikidata.org/entity/Q20408696,0,23,,,
YEM,Iêmen,Q20382608,http://www.wikidata.org/entity/Q12226717,0,40,,,
YEM,Iêmen,Q20382609,http://www.wikidata.org/entity/Q4117544,0,21,,,
YEM,Iêmen,Q20382640,http://www.wikidata.org/entity/Q12225742,0,138,,,
YEM,Iêmen,Q20382646,http://www.wikidata.org/entity/Q12226015,0,121,,,
YEM,Iêmen,Q20382645,http://www.wikidata.org/entity/Q20387667,0,57,,,
YEM,Iêmen,Q20382650,http://www.wikidata.org/entity/Q12225651,0,178,,,
YEM,Iêmen,Q20382648,http://www.wikidata.org/entity/Q4117454,0,68,,,
YEM,Iêmen,Q20382655,http://www.wikidata.org/entity/Q12226015,0,50,,,
YEM,Iêmen,Q20382653,http://www.wikidata.org/entity/Q12225062,0,553,,,
YEM,Iêmen,Q20382658,http://www.wikidata.org/entity/Q12226949,0,1500,,,
YEM,Iêmen,Q20382656,http://www.wikidata.org/entity/Q12226449,0,45,,,
YEM,Iêmen,Q20382666,http://www.wikidata.org/entity/Q12225039,0,251,,,
YEM,Iêmen,Q20382667,http://www.wikidata.org/entity/Q4117682,0,183,,,
YEM,Iêmen,Q20382664,http://www.wikidata.org/entity/Q20410938,0,27,,,
YEM,Iêmen,Q20382665,http://www.wikidata.org/entity/Q12225039,0,193,,,
YEM,Iêmen,Q20382670,http://www.wikidata.org/entity/Q12225848,0,127,,,
YEM,Iêmen,Q20382671,http://www.wikidata.org/entity/Q12226176,0,204,,,
YEM,Iêmen,Q20382668,http://www.wikidata.org/entity/Q12226964,0,23,,,
YEM,Iêmen,Q20382674,http://www.wikidata.org/entity/Q12226600,0,172,,,
YEM,Iêmen,Q20382675,http://www.wikidata.org/entity/Q25932234,0,27,,,
YEM,Iêmen,Q20382672,http://www.wikidata.org/entity/Q4117556,0,73,,,
YEM,Iêmen,Q20382678,http://www.wikidata.org/entity/Q20401368,0,189,,,
YEM,Iêmen,Q20382676,http://www.wikidata.org/entity/Q125170086,0,120,,,
YEM,Iêmen,Q20382677,http://www.wikidata.org/entity/Q12226463,0,26,,,
YEM,Iêmen,Q20382682,http://www.wikidata.org/entity/Q12226001,0,1884,,,
YEM,Iêmen,Q20382681,http://www.wikidata.org/entity/Q12226714,0,1360,,,
YEM,Iêmen,Q20382686,http://www.wikidata.org/entity/Q4117556,0,73,,,
YEM,Iêmen,Q20382684,http://www.wikidata.org/entity/Q12226444,0,294,,,
YEM,Iêmen,Q20382685,http://www.wikidata.org/entity/Q12226964,0,36,,,
YEM,Iêmen,Q20382688,http://www.wikidata.org/entity/Q1884189,0,402,,,
YEM,Iêmen,Q20382689,http://www.wikidata.org/entity/Q125170167,0,38,,,
YEM,Iêmen,Q20382695,http://www.wikidata.org/entity/Q12226688,0,75,,,
YEM,Iêmen,Q20382693,http://www.wikidata.org/entity/Q12226939,0,157,,,
YEM,Iêmen,Q20382697,http://www.wikidata.org/entity/Q1884189,0,421,,,
YEM,Iêmen,Q20382700,http://www.wikidata.org/entity/Q4117682,0,42,,,
YEM,Iêmen,Q20382706,http://www.wikidata.org/entity/Q4117454,0,126,,,
YEM,Iêmen,Q20382707,http://www.wikidata.org/entity/Q12225249,0,224,,,
YEM,Iêmen,Q20382711,http://www.wikidata.org/entity/Q12226939,0,35,,,
YEM,Iêmen,Q20382709,http://www.wikidata.org/entity/Q12225511,0,114,,,
YEM,Iêmen,Q20382714,http://www.wikidata.org/entity/Q12226688,0,58,,,
YEM,Iêmen,Q20382718,http://www.wikidata.org/entity/Q12226075,0,61,,,
YEM,Iêmen,Q20382742,http://www.wikidata.org/entity/Q4117682,0,94,,,
YEM,Iêmen,Q20382743,http://www.wikidata.org/entity/Q12226688,0,31,,,
YEM,Iêmen,Q20382741,http://www.wikidata.org/entity/Q12226071,0,92,,,
YEM,Iêmen,Q20382746,http://www.wikidata.org/entity/Q12226817,0,440,,,
YEM,Iêmen,Q20382747,http://www.wikidata.org/entity/Q12226899,0,32,,,
YEM,Iêmen,Q20382745,http://www.wikidata.org/entity/Q125170122,0,265,,,
YEM,Iêmen,Q20382748,http://www.wikidata.org/entity/Q125170179,0,55,,,
YEM,Iêmen,Q20382749,http://www.wikidata.org/entity/Q5751685,0,69,,,
YEM,Iêmen,Q20382754,http://www.wikidata.org/entity/Q12226495,0,1603,,,
YEM,Iêmen,Q20382755,http://www.wikidata.org/entity/Q20400602,0,23,,,
YEM,Iêmen,Q20382752,http://www.wikidata.org/entity/Q12226688,0,58,,,
YEM,Iêmen,Q20382753,http://www.wikidata.org/entity/Q12225660,0,121,,,
YEM,Iêmen,Q20382756,http://www.wikidata.org/entity/Q12225330,0,65,,,
YEM,Iêmen,Q20382757,http://www.wikidata.org/entity/Q22928966,0,171,,,
YEM,Iêmen,Q20382761,http://www.wikidata.org/entity/Q20406383,0,34,,,
YEM,Iêmen,Q20382765,http://www.wikidata.org/entity/Q12225642,0,65,,,
YEM,Iêmen,Q20382770,http://www.wikidata.org/entity/Q12226071,0,105,,,
YEM,Iêmen,Q20382771,http://www.wikidata.org/entity/Q4117454,0,32,,,
YEM,Iêmen,Q20382769,http://www.wikidata.org/entity/Q12226511,0,88,,,
YEM,Iêmen,Q20382774,http://www.wikidata.org/entity/Q12225920,0,297,,,
YEM,Iêmen,Q20382775,http://www.wikidata.org/entity/Q4117682,0,49,,,
YEM,Iêmen,Q20382773,http://www.wikidata.org/entity/Q12226606,0,33,,,
YEM,Iêmen,Q20382779,http://www.wikidata.org/entity/Q12226364,0,190,,,
YEM,Iêmen,Q20382776,http://www.wikidata.org/entity/Q4117560,0,47,,,
YEM,Iêmen,Q20382794,http://www.wikidata.org/entity/Q12225220,0,159,,,
YEM,Iêmen,Q20382802,http://www.wikidata.org/entity/Q4117454,0,61,,,
YEM,Iêmen,Q20382803,http://www.wikidata.org/entity/Q12225330,0,222,,,
YEM,Iêmen,Q20382800,http://www.wikidata.org/entity/Q12225613,0,103,,,
YEM,Iêmen,Q20382801,http://www.wikidata.org/entity/Q125170113,0,134,,,
YEM,Iêmen,Q20382806,http://www.wikidata.org/entity/Q12226755,0,146,,,
YEM,Iêmen,Q20382810,http://www.wikidata.org/entity/Q12225776,0,157,,,
YEM,Iêmen,Q20382811,http://www.wikidata.org/entity/Q12241774,0,618,,,
YEM,Iêmen,Q20382809,http://www.wikidata.org/entity/Q4117557,0,7,,,
YEM,Iêmen,Q20382814,http://www.wikidata.org/entity/Q4117454,0,113,,,
YEM,Iêmen,Q20382818,http://www.wikidata.org/entity/Q12226501,0,521,,,
YEM,Iêmen,Q20382819,http://www.wikidata.org/entity/Q12225110,0,155,,,
YEM,Iêmen,Q20382816,http://www.wikidata.org/entity/Q12226642,0,270,,,
YEM,Iêmen,Q20382820,http://www.wikidata.org/entity/Q12227000,0,137,,,
YEM,Iêmen,Q20382821,http://www.wikidata.org/entity/Q4117574,0,88,,,
YEM,Iêmen,Q20382867,http://www.wikidata.org/entity/Q12226053,0,37,,,
YEM,Iêmen,Q20382869,http://www.wikidata.org/entity/Q20409005,0,86,,,
YEM,Iêmen,Q20382874,http://www.wikidata.org/entity/Q12226422,0,180,,,
YEM,Iêmen,Q20382875,http://www.wikidata.org/entity/Q20414143,0,30,,,
YEM,Iêmen,Q20382881,http://www.wikidata.org/entity/Q12225562,0,63,,,
YEM,Iêmen,Q20382886,http://www.wikidata.org/entity/Q12226853,0,241,,,
YEM,Iêmen,Q20382890,http://www.wikidata.org/entity/Q12225420,0,225,,,
YEM,Iêmen,Q20382893,http://www.wikidata.org/entity/Q20393839,0,26,,,
YEM,Iêmen,Q20382899,http://www.wikidata.org/entity/Q20418195,0,26,,,
YEM,Iêmen,Q20382902,http://www.wikidata.org/entity/Q12226656,0,1182,,,
YEM,Iêmen,Q20382900,http://www.wikidata.org/entity/Q20417935,0,284,,,
YEM,Iêmen,Q20382925,http://www.wikidata.org/entity/Q12225742,0,78,,,
YEM,Iêmen,Q20382933,http://www.wikidata.org/entity/Q12225027,0,172,,,
YEM,Iêmen,Q20382936,http://www.wikidata.org/entity/Q12225890,0,40,,,
YEM,Iêmen,Q20382944,http://www.wikidata.org/entity/Q12226936,0,56,,,
YEM,Iêmen,Q20382950,http://www.wikidata.org/entity/Q4117502,0,206,,,
YEM,Iêmen,Q20382951,http://www.wikidata.org/entity/Q12226469,0,122,,,
YEM,Iêmen,Q20382949,http://www.wikidata.org/entity/Q12225742,0,22,,,
YEM,Iêmen,Q20382954,http://www.wikidata.org/entity/Q20393940,0,22,,,
YEM,Iêmen,Q20382955,http://www.wikidata.org/entity/Q20386582,0,23,,,
YEM,Iêmen,Q20382952,http://www.wikidata.org/entity/Q4117560,0,24,,,
YEM,Iêmen,Q20382953,http://www.wikidata.org/entity/Q12226377,0,37,,,
YEM,Iêmen,Q20382958,http://www.wikidata.org/entity/Q4117543,0,214,,,
YEM,Iêmen,Q20382959,http://www.wikidata.org/entity/Q20381720,0,184,,,
YEM,Iêmen,Q20382956,http://www.wikidata.org/entity/Q12226688,0,61,,,
YEM,Iêmen,Q20382962,http://www.wikidata.org/entity/Q4117560,0,273,,,
YEM,Iêmen,Q20382963,http://www.wikidata.org/entity/Q20385557,0,62,,,
YEM,Iêmen,Q20382960,http://www.wikidata.org/entity/Q12226469,0,65,,,
YEM,Iêmen,Q20382961,http://www.wikidata.org/entity/Q12226176,0,62,,,
YEM,Iêmen,Q20382966,http://www.wikidata.org/entity/Q3985491,0,72,,,
YEM,Iêmen,Q20382967,http://www.wikidata.org/entity/Q12225022,0,533,,,
YEM,Iêmen,Q20382964,http://www.wikidata.org/entity/Q12226688,0,225,,,
YEM,Iêmen,Q20382965,http://www.wikidata.org/entity/Q12226949,0,34,,,
YEM,Iêmen,Q20382968,http://www.wikidata.org/entity/Q12226602,0,92,,,
YEM,Iêmen,Q20382969,http://www.wikidata.org/entity/Q12226916,0,265,,,
YEM,Iêmen,Q20382991,http://www.wikidata.org/entity/Q20424245,0,144,,,
YEM,Iêmen,Q20382994,http://www.wikidata.org/entity/Q20414542,0,1070,,,
YEM,Iêmen,Q20382995,http://www.wikidata.org/entity/Q4117454,0,53,,,
YEM,Iêmen,Q20382992,http://www.wikidata.org/entity/Q125170113,0,25,,,
YEM,Iêmen,Q20382993,http://www.wikidata.org/entity/Q125170113,0,83,,,
YEM,Iêmen,Q20383038,http://www.wikidata.org/entity/Q12226406,0,34,,,
YEM,Iêmen,Q20383039,http://www.wikidata.org/entity/Q20417571,0,25,,,
YEM,Iêmen,Q20383037,http://www.wikidata.org/entity/Q20383961,0,71,,,
YEM,Iêmen,Q20383042,http://www.wikidata.org/entity/Q12226329,0,456,,,
YEM,Iêmen,Q20383043,http://www.wikidata.org/entity/Q12226241,0,30,,,
YEM,Iêmen,Q20383040,http://www.wikidata.org/entity/Q20383819,0,23,,,
YEM,Iêmen,Q20383046,http://www.wikidata.org/entity/Q20397058,0,83,,,
YEM,Iêmen,Q20383047,http://www.wikidata.org/entity/Q20409786,0,122,,,
YEM,Iêmen,Q20383045,http://www.wikidata.org/entity/Q12225867,0,72,,,
YEM,Iêmen,Q20383050,http://www.wikidata.org/entity/Q20415133,0,487,,,
YEM,Iêmen,Q20383051,http://www.wikidata.org/entity/Q20386744,0,24,,,
YEM,Iêmen,Q20383049,http://www.wikidata.org/entity/Q12226002,0,1145,,,
YEM,Iêmen,Q20383054,http://www.wikidata.org/entity/Q4117515,0,562,,,
YEM,Iêmen,Q20383055,http://www.wikidata.org/entity/Q125170167,0,93,,,
YEM,Iêmen,Q20383058,http://www.wikidata.org/entity/Q4117552,0,437,,,
YEM,Iêmen,Q20383059,http://www.wikidata.org/entity/Q12225659,0,144,,,
YEM,Iêmen,Q20383062,http://www.wikidata.org/entity/Q12226888,0,98,,,
YEM,Iêmen,Q20383063,http://www.wikidata.org/entity/Q12225318,0,51,,,
YEM,Iêmen,Q20383060,http://www.wikidata.org/entity/Q12226743,0,54,,,
YEM,Iêmen,Q20383061,http://www.wikidata.org/entity/Q20383943,0,68,,,
YEM,Iêmen,Q20383064,http://www.wikidata.org/entity/Q20413344,0,51,,,
YEM,Iêmen,Q20383065,http://www.wikidata.org/entity/Q12226688,0,80,,,
YEM,Iêmen,Q20383070,http://www.wikidata.org/entity/Q20418407,0,50,,,
YEM,Iêmen,Q20383071,http://www.wikidata.org/entity/Q12225978,0,487,,,
YEM,Iêmen,Q20383068,http://www.wikidata.org/entity/Q22931740,0,26,,,
YEM,Iêmen,Q20383069,http://www.wikidata.org/entity/Q4117682,0,28,,,
YEM,Iêmen,Q20383074,http://www.wikidata.org/entity/Q20411834,0,73,,,
YEM,Iêmen,Q20383075,http://www.wikidata.org/entity/Q20418592,0,83,,,
YEM,Iêmen,Q20383072,http://www.wikidata.org/entity/Q22931057,0,35,,,
YEM,Iêmen,Q20383073,http://www.wikidata.org/entity/Q12225629,0,638,,,
YEM,Iêmen,Q20383079,http://www.wikidata.org/entity/Q12226586,0,57,,,
YEM,Iêmen,Q20383076,http://www.wikidata.org/entity/Q12226540,0,96,,,
YEM,Iêmen,Q20383077,http://www.wikidata.org/entity/Q4117556,0,38,,,
YEM,Iêmen,Q20383082,http://www.wikidata.org/entity/Q20385579,0,29,,,
YEM,Iêmen,Q20383083,http://www.wikidata.org/entity/Q20418955,0,25,,,
YEM,Iêmen,Q20383081,http://www.wikidata.org/entity/Q20425704,0,134,,,
YEM,Iêmen,Q20383085,http://www.wikidata.org/entity/Q20414923,0,23,,,
YEM,Iêmen,Q20383094,http://www.wikidata.org/entity/Q20419737,0,32,,,
YEM,Iêmen,Q20383095,http://www.wikidata.org/entity/Q20393831,0,73,,,
YEM,Iêmen,Q20383106,http://www.wikidata.org/entity/Q125170122,0,61,,,
YEM,Iêmen,Q20383107,http://www.wikidata.org/entity/Q4117454,0,113,,,
YEM,Iêmen,Q20383111,http://www.wikidata.org/entity/Q4117519,0,88,,,
YEM,Iêmen,Q20383108,http://www.wikidata.org/entity/Q12225739,0,827,,,
YEM,Iêmen,Q20383109,http://www.wikidata.org/entity/Q20417876,0,130,,,
YEM,Iêmen,Q20383114,http://www.wikidata.org/entity/Q12225729,0,365,,,
YEM,Iêmen,Q20383115,http://www.wikidata.org/entity/Q12226688,0,126,,,
YEM,Iêmen,Q20383118,http://www.wikidata.org/entity/Q12226050,0,26,,,
YEM,Iêmen,Q20383119,http://www.wikidata.org/entity/Q20385985,0,81,,,
YEM,Iêmen,Q20383116,http://www.wikidata.org/entity/Q125170122,0,29,,,
YEM,Iêmen,Q20383117,http://www.wikidata.org/entity/Q12225318,0,174,,,
YEM,Iêmen,Q20383122,http://www.wikidata.org/entity/Q12226511,0,86,,,
YEM,Iêmen,Q20383121,http://www.wikidata.org/entity/Q12225199,0,133,,,
YEM,Iêmen,Q20383126,http://www.wikidata.org/entity/Q125170122,0,55,,,
YEM,Iêmen,Q20383127,http://www.wikidata.org/entity/Q12226002,0,1433,,,
YEM,Iêmen,Q20383125,http://www.wikidata.org/entity/Q20397620,0,23,,,
YEM,Iêmen,Q20383130,http://www.wikidata.org/entity/Q12226720,0,58,,,
YEM,Iêmen,Q20383131,http://www.wikidata.org/entity/Q12226511,0,3,,,
YEM,Iêmen,Q20383129,http://www.wikidata.org/entity/Q12227010,0,429,,,
YEM,Iêmen,Q20383139,http://www.wikidata.org/entity/Q12226374,0,151,,,
YEM,Iêmen,Q20383142,http://www.wikidata.org/entity/Q25932274,0,102,,,
YEM,Iêmen,Q20383143,http://www.wikidata.org/entity/Q12226511,0,143,,,
YEM,Iêmen,Q20383140,http://www.wikidata.org/entity/Q12226688,0,119,,,
YEM,Iêmen,Q20383141,http://www.wikidata.org/entity/Q125170166,0,98,,,
YEM,Iêmen,Q20383144,http://www.wikidata.org/entity/Q12226949,0,673,,,
YEM,Iêmen,Q20383145,http://www.wikidata.org/entity/Q12225392,0,208,,,
YEM,Iêmen,Q20383154,http://www.wikidata.org/entity/Q12226674,0,154,,,
YEM,Iêmen,Q20383158,http://www.wikidata.org/entity/Q12225259,0,408,,,
YEM,Iêmen,Q20383157,http://www.wikidata.org/entity/Q12226565,0,21,,,
YEM,Iêmen,Q20383160,http://www.wikidata.org/entity/Q4117433,0,221,,,
YEM,Iêmen,Q20383164,http://www.wikidata.org/entity/Q125170166,0,138,,,
YEM,Iêmen,Q20383165,http://www.wikidata.org/entity/Q12226511,0,94,,,
YEM,Iêmen,Q20383170,http://www.wikidata.org/entity/Q20382458,0,84,,,
YEM,Iêmen,Q20383168,http://www.wikidata.org/entity/Q12225681,0,34,,,
YEM,Iêmen,Q20383169,http://www.wikidata.org/entity/Q12226067,0,21,,,
YEM,Iêmen,Q20383174,http://www.wikidata.org/entity/Q125170167,0,183,,,
YEM,Iêmen,Q20383172,http://www.wikidata.org/entity/Q20425360,0,242,,,
YEM,Iêmen,Q20383173,http://www.wikidata.org/entity/Q12226448,0,29,,,
YEM,Iêmen,Q20383179,http://www.wikidata.org/entity/Q20398475,0,35,,,
YEM,Iêmen,Q20383176,http://www.wikidata.org/entity/Q12226329,0,205,,,
YEM,Iêmen,Q20383177,http://www.wikidata.org/entity/Q12226314,0,287,,,
YEM,Iêmen,Q20383181,http://www.wikidata.org/entity/Q12226463,0,36,,,
YEM,Iêmen,Q20383190,http://www.wikidata.org/entity/Q12226556,0,30,,,
YEM,Iêmen,Q20383191,http://www.wikidata.org/entity/Q12226050,0,61,,,
YEM,Iêmen,Q20383193,http://www.wikidata.org/entity/Q12225991,0,0,,,
YEM,Iêmen,Q20383203,http://www.wikidata.org/entity/Q12226783,0,10,,,
YEM,Iêmen,Q20383200,http://www.wikidata.org/entity/Q12226939,0,52,,,
YEM,Iêmen,Q20383207,http://www.wikidata.org/entity/Q12226015,0,124,,,
YEM,Iêmen,Q20383210,http://www.wikidata.org/entity/Q12226895,0,392,,,
YEM,Iêmen,Q20383211,http://www.wikidata.org/entity/Q12226053,0,125,,,
YEM,Iêmen,Q20383208,http://www.wikidata.org/entity/Q5751685,0,90,,,
YEM,Iêmen,Q20383214,http://www.wikidata.org/entity/Q12225848,0,73,,,
YEM,Iêmen,Q20383215,http://www.wikidata.org/entity/Q4117520,0,85,,,
YEM,Iêmen,Q20383270,http://www.wikidata.org/entity/Q12226510,0,407,,,
YEM,Iêmen,Q20383268,http://www.wikidata.org/entity/Q12226949,0,729,,,
YEM,Iêmen,Q20383274,http://www.wikidata.org/entity/Q12226443,0,940,,,
YEM,Iêmen,Q20383273,http://www.wikidata.org/entity/Q125170167,0,58,,,
YEM,Iêmen,Q20383278,http://www.wikidata.org/entity/Q25932274,0,97,,,
YEM,Iêmen,Q20383279,http://www.wikidata.org/entity/Q12226949,0,178,,,
YEM,Iêmen,Q20383277,http://www.wikidata.org/entity/Q12226949,0,299,,,
YEM,Iêmen,Q20383283,http://www.wikidata.org/entity/Q12226939,0,103,,,
YEM,Iêmen,Q20383284,http://www.wikidata.org/entity/Q12225544,0,49,,,
YEM,Iêmen,Q20383316,http://www.wikidata.org/entity/Q20417067,0,77,,,
YEM,Iêmen,Q20383317,http://www.wikidata.org/entity/Q20419030,0,204,,,
YEM,Iêmen,Q20383323,http://www.wikidata.org/entity/Q20406711,0,75,,,
YEM,Iêmen,Q20383327,http://www.wikidata.org/entity/Q20385084,0,74,,,
YEM,Iêmen,Q20383334,http://www.wikidata.org/entity/Q20405455,0,36,,,
YEM,Iêmen,Q20383332,http://www.wikidata.org/entity/Q12225333,0,298,,,
YEM,Iêmen,Q20383336,http://www.wikidata.org/entity/Q20390443,0,75,,,
YEM,Iêmen,Q20383340,http://www.wikidata.org/entity/Q12226587,0,110,,,
YEM,Iêmen,Q20383362,http://www.wikidata.org/entity/Q20400114,0,27,,,
YEM,Iêmen,Q20383363,http://www.wikidata.org/entity/Q12226478,0,54,,,
YEM,Iêmen,Q20383366,http://www.wikidata.org/entity/Q20415190,0,22,,,
YEM,Iêmen,Q20383364,http://www.wikidata.org/entity/Q20396734,0,31,,,
YEM,Iêmen,Q20383365,http://www.wikidata.org/entity/Q5751685,0,37,,,
YEM,Iêmen,Q20383368,http://www.wikidata.org/entity/Q12226682,0,62,,,
YEM,Iêmen,Q20383450,http://www.wikidata.org/entity/Q12225898,0,42,,,
YEM,Iêmen,Q20384507,http://www.wikidata.org/entity/Q12226238,0,44,,,
YEM,Iêmen,Q20384504,http://www.wikidata.org/entity/Q12226825,0,38,,,
YEM,Iêmen,Q20384514,http://www.wikidata.org/entity/Q12226825,0,147,,,
YEM,Iêmen,Q20384513,http://www.wikidata.org/entity/Q12226163,0,43,,,
YEM,Iêmen,Q20384517,http://www.wikidata.org/entity/Q12225667,0,571,,,
YEM,Iêmen,Q20384535,http://www.wikidata.org/entity/Q12225870,0,193,,,
YEM,Iêmen,Q20384533,http://www.wikidata.org/entity/Q12225317,0,34,,,
YEM,Iêmen,Q20384577,http://www.wikidata.org/entity/Q20393316,0,32,,,
YEM,Iêmen,Q20384582,http://www.wikidata.org/entity/Q12226912,0,26,,,
YEM,Iêmen,Q20384580,http://www.wikidata.org/entity/Q20413276,0,42,,,
YEM,Iêmen,Q20384581,http://www.wikidata.org/entity/Q12226002,0,861,,,
YEM,Iêmen,Q20384642,http://www.wikidata.org/entity/Q12226407,0,152,,,
YEM,Iêmen,Q20384644,http://www.wikidata.org/entity/Q12226774,0,77,,,
YEM,Iêmen,Q20384651,http://www.wikidata.org/entity/Q12226511,0,4,,,
YEM,Iêmen,Q20384648,http://www.wikidata.org/entity/Q12226982,0,160,,,
YEM,Iêmen,Q20384659,http://www.wikidata.org/entity/Q12225123,0,491,,,
YEM,Iêmen,Q20384656,http://www.wikidata.org/entity/Q1884189,0,380,,,
YEM,Iêmen,Q20384661,http://www.wikidata.org/entity/Q12225085,0,141,,,
YEM,Iêmen,Q20384665,http://www.wikidata.org/entity/Q12225637,0,1267,,,
YEM,Iêmen,Q20384675,http://www.wikidata.org/entity/Q20398090,0,103,,,
YEM,Iêmen,Q20384677,http://www.wikidata.org/entity/Q20387543,0,104,,,
YEM,Iêmen,Q20384714,http://www.wikidata.org/entity/Q12226009,0,102,,,
YEM,Iêmen,Q20384718,http://www.wikidata.org/entity/Q20416355,0,48,,,
YEM,Iêmen,Q20384717,http://www.wikidata.org/entity/Q20400114,0,80,,,
YEM,Iêmen,Q20384756,http://www.wikidata.org/entity/Q20418368,0,48,,,
YEM,Iêmen,Q20384762,http://www.wikidata.org/entity/Q12226290,0,343,,,
YEM,Iêmen,Q20384767,http://www.wikidata.org/entity/Q20407427,0,30,,,
YEM,Iêmen,Q20384765,http://www.wikidata.org/entity/Q20388076,0,108,,,
YEM,Iêmen,Q20384772,http://www.wikidata.org/entity/Q20387757,0,100,,,
YEM,Iêmen,Q20384773,http://www.wikidata.org/entity/Q20408600,0,44,,,
YEM,Iêmen,Q20384776,http://www.wikidata.org/entity/Q20424165,0,54,,,
YEM,Iêmen,Q20384858,http://www.wikidata.org/entity/Q12226085,0,27,,,
YEM,Iêmen,Q20384900,http://www.wikidata.org/entity/Q20386995,0,94,,,
YEM,Iêmen,Q20384901,http://www.wikidata.org/entity/Q20405639,0,50,,,
YEM,Iêmen,Q20384905,http://www.wikidata.org/entity/Q12226357,0,51,,,
YEM,Iêmen,Q20384911,http://www.wikidata.org/entity/Q20402165,0,27,,,
YEM,Iêmen,Q20384912,http://www.wikidata.org/entity/Q20406193,0,35,,,
YEM,Iêmen,Q20384913,http://www.wikidata.org/entity/Q12226825,0,105,,,
YEM,Iêmen,Q20384918,http://www.wikidata.org/entity/Q20381896,0,72,,,
YEM,Iêmen,Q20384916,http://www.wikidata.org/entity/Q20388721,0,27,,,
YEM,Iêmen,Q20385128,http://www.wikidata.org/entity/Q12225164,0,80,,,
YEM,Iêmen,Q20383448,http://www.wikidata.org/entity/Q4117502,0,11,,,
YEM,Iêmen,Q20383458,http://www.wikidata.org/entity/Q12226435,0,69,,,
YEM,Iêmen,Q20383461,http://www.wikidata.org/entity/Q12225330,0,57,,,
YEM,Iêmen,Q20383467,http://www.wikidata.org/entity/Q12226080,0,190,,,
YEM,Iêmen,Q20383464,http://www.wikidata.org/entity/Q25932274,0,46,,,
YEM,Iêmen,Q20383465,http://www.wikidata.org/entity/Q12226550,0,234,,,
YEM,Iêmen,Q20383468,http://www.wikidata.org/entity/Q12225319,0,208,,,
YEM,Iêmen,Q20383473,http://www.wikidata.org/entity/Q20387537,0,66,,,
YEM,Iêmen,Q20383478,http://www.wikidata.org/entity/Q12226240,0,55,,,
YEM,Iêmen,Q20383477,http://www.wikidata.org/entity/Q12226556,0,66,,,
YEM,Iêmen,Q20383560,http://www.wikidata.org/entity/Q12226917,0,54,,,
YEM,Iêmen,Q20383564,http://www.wikidata.org/entity/Q12226176,0,558,,,
YEM,Iêmen,Q20383568,http://www.wikidata.org/entity/Q20404944,0,38,,,
YEM,Iêmen,Q20383569,http://www.wikidata.org/entity/Q20417904,0,203,,,
YEM,Iêmen,Q20383572,http://www.wikidata.org/entity/Q12226531,0,47,,,
YEM,Iêmen,Q20383607,http://www.wikidata.org/entity/Q12225848,0,116,,,
YEM,Iêmen,Q20383609,http://www.wikidata.org/entity/Q12226986,0,309,,,
YEM,Iêmen,Q20383616,http://www.wikidata.org/entity/Q4117433,0,100,,,
YEM,Iêmen,Q20383626,http://www.wikidata.org/entity/Q12226164,0,489,,,
YEM,Iêmen,Q20383634,http://www.wikidata.org/entity/Q12226164,0,453,,,
YEM,Iêmen,Q20383636,http://www.wikidata.org/entity/Q4117552,0,483,,,
YEM,Iêmen,Q20383877,http://www.wikidata.org/entity/Q12226011,0,590,,,
YEM,Iêmen,Q20383919,http://www.wikidata.org/entity/Q4855715,0,192,,,
YEM,Iêmen,Q20383923,http://www.wikidata.org/entity/Q12226899,0,37,,,
YEM,Iêmen,Q20383921,http://www.wikidata.org/entity/Q12227052,0,732,,,
YEM,Iêmen,Q20383925,http://www.wikidata.org/entity/Q20386411,0,185,,,
YEM,Iêmen,Q20383931,http://www.wikidata.org/entity/Q12226864,0,123,,,
YEM,Iêmen,Q20383928,http://www.wikidata.org/entity/Q20419030,0,617,,,
YEM,Iêmen,Q20383934,http://www.wikidata.org/entity/Q20393425,0,46,,,
YEM,Iêmen,Q20383939,http://www.wikidata.org/entity/Q20384687,0,97,,,
YEM,Iêmen,Q20383936,http://www.wikidata.org/entity/Q20418106,0,50,,,
YEM,Iêmen,Q20383940,http://www.wikidata.org/entity/Q12226328,0,54,,,
YEM,Iêmen,Q20383941,http://www.wikidata.org/entity/Q20410448,0,88,,,
YEM,Iêmen,Q20383947,http://www.wikidata.org/entity/Q12225978,0,230,,,
YEM,Iêmen,Q20383954,http://www.wikidata.org/entity/Q22931414,0,39,,,
YEM,Iêmen,Q20383953,http://www.wikidata.org/entity/Q20407516,0,116,,,
YEM,Iêmen,Q20383958,http://www.wikidata.org/entity/Q20386745,0,69,,,
YEM,Iêmen,Q20383956,http://www.wikidata.org/entity/Q20413276,0,155,,,
YEM,Iêmen,Q20383972,http://www.wikidata.org/entity/Q12226601,0,103,,,
YEM,Iêmen,Q20383979,http://www.wikidata.org/entity/Q20401046,0,116,,,
YEM,Iêmen,Q20383985,http://www.wikidata.org/entity/Q12225151,0,122,,,
YEM,Iêmen,Q20384012,http://www.wikidata.org/entity/Q4117560,0,9,,,
YEM,Iêmen,Q20384018,http://www.wikidata.org/entity/Q12226464,0,105,,,
YEM,Iêmen,Q20384027,http://www.wikidata.org/entity/Q20388214,0,31,,,
YEM,Iêmen,Q20384031,http://www.wikidata.org/entity/Q20403154,0,93,,,
YEM,Iêmen,Q20384038,http://www.wikidata.org/entity/Q12226586,0,31,,,
YEM,Iêmen,Q20384044,http://www.wikidata.org/entity/Q12226544,0,48,,,
YEM,Iêmen,Q20384201,http://www.wikidata.org/entity/Q12226388,0,243,,,
YEM,Iêmen,Q20384209,http://www.wikidata.org/entity/Q12226530,0,124,,,
YEM,Iêmen,Q20384214,http://www.wikidata.org/entity/Q12226176,0,33,,,
YEM,Iêmen,Q20384218,http://www.wikidata.org/entity/Q4117560,0,88,,,
YEM,Iêmen,Q20384219,http://www.wikidata.org/entity/Q12225076,0,269,,15.489548,45.454648
YEM,Iêmen,Q20384222,http://www.wikidata.org/entity/Q125170122,0,306,,,
YEM,Iêmen,Q20384220,http://www.wikidata.org/entity/Q12225898,0,133,,,
YEM,Iêmen,Q20384225,http://www.wikidata.org/entity/Q4117789,0,348,,,
YEM,Iêmen,Q20384247,http://www.wikidata.org/entity/Q20384908,0,52,,,
YEM,Iêmen,Q20384259,http://www.wikidata.org/entity/Q20387482,0,60,,,
YEM,Iêmen,Q20384256,http://www.wikidata.org/entity/Q12226463,0,55,,,
YEM,Iêmen,Q20384257,http://www.wikidata.org/entity/Q12226406,0,123,,,
YEM,Iêmen,Q20384265,http://www.wikidata.org/entity/Q20413769,0,202,,,
YEM,Iêmen,Q20381419,http://www.wikidata.org/entity/Q4117502,0,127,,,
YEM,Iêmen,Q20381416,http://www.wikidata.org/entity/Q20388214,0,115,,,
YEM,Iêmen,Q20381422,http://www.wikidata.org/entity/Q12227098,0,50,,,
YEM,Iêmen,Q20381423,http://www.wikidata.org/entity/Q25932274,0,172,,,
YEM,Iêmen,Q20381421,http://www.wikidata.org/entity/Q12225356,0,800,,,
YEM,Iêmen,Q20381426,http://www.wikidata.org/entity/Q12226990,0,221,,,
YEM,Iêmen,Q20381430,http://www.wikidata.org/entity/Q20423363,0,131,,,
YEM,Iêmen,Q20381431,http://www.wikidata.org/entity/Q20395089,0,181,,,
YEM,Iêmen,Q20381429,http://www.wikidata.org/entity/Q20393861,0,152,,,
YEM,Iêmen,Q20381434,http://www.wikidata.org/entity/Q12226163,0,30,,,
YEM,Iêmen,Q20381435,http://www.wikidata.org/entity/Q20419392,0,78,,,
YEM,Iêmen,Q20381439,http://www.wikidata.org/entity/Q4117502,0,104,,,
YEM,Iêmen,Q20381437,http://www.wikidata.org/entity/Q20419737,0,125,,,
YEM,Iêmen,Q20381440,http://www.wikidata.org/entity/Q12225022,0,86,,,
YEM,Iêmen,Q20381441,http://www.wikidata.org/entity/Q12225898,0,175,,,
YEM,Iêmen,Q20381446,http://www.wikidata.org/entity/Q4117556,0,180,,,
YEM,Iêmen,Q20381444,http://www.wikidata.org/entity/Q25932274,0,51,,,
YEM,Iêmen,Q20381445,http://www.wikidata.org/entity/Q20412826,0,39,,,
YEM,Iêmen,Q20381451,http://www.wikidata.org/entity/Q4117502,0,93,,,
YEM,Iêmen,Q20381448,http://www.wikidata.org/entity/Q12226406,0,60,,,
YEM,Iêmen,Q20381455,http://www.wikidata.org/entity/Q12226281,0,106,,,
YEM,Iêmen,Q20381452,http://www.wikidata.org/entity/Q4117556,0,1842,,,
YEM,Iêmen,Q20381453,http://www.wikidata.org/entity/Q12226688,0,98,,,
YEM,Iêmen,Q20381458,http://www.wikidata.org/entity/Q20408225,0,25,,,
YEM,Iêmen,Q20381463,http://www.wikidata.org/entity/Q20403469,0,78,,,
YEM,Iêmen,Q20381461,http://www.wikidata.org/entity/Q20404146,0,103,,,
YEM,Iêmen,Q20381469,http://www.wikidata.org/entity/Q20407831,0,32,,,
YEM,Iêmen,Q20381473,http://www.wikidata.org/entity/Q20393738,0,96,,,
YEM,Iêmen,Q20381478,http://www.wikidata.org/entity/Q20387379,0,53,,,
YEM,Iêmen,Q20381476,http://www.wikidata.org/entity/Q20404364,0,20,,,
YEM,Iêmen,Q20381686,http://www.wikidata.org/entity/Q12226613,0,73,,,
YEM,Iêmen,Q20381687,http://www.wikidata.org/entity/Q12226337,0,269,,,
YEM,Iêmen,Q20381691,http://www.wikidata.org/entity/Q12226739,0,96,,,
YEM,Iêmen,Q20381689,http://www.wikidata.org/entity/Q12226062,0,166,,,
YEM,Iêmen,Q20381692,http://www.wikidata.org/entity/Q12225898,0,90,,,
YEM,Iêmen,Q20381770,http://www.wikidata.org/entity/Q20396022,0,65,,,
YEM,Iêmen,Q20381771,http://www.wikidata.org/entity/Q20400257,0,29,,,
YEM,Iêmen,Q20381769,http://www.wikidata.org/entity/Q12226040,0,712,,,
YEM,Iêmen,Q20381772,http://www.wikidata.org/entity/Q4117704,0,35,,,
YEM,Iêmen,Q20381783,http://www.wikidata.org/entity/Q12226495,0,71,,,
YEM,Iêmen,Q20381787,http://www.wikidata.org/entity/Q5751685,0,77,,,
YEM,Iêmen,Q20381791,http://www.wikidata.org/entity/Q12226655,0,39,,,
YEM,Iêmen,Q20381788,http://www.wikidata.org/entity/Q25932330,0,74,,,
YEM,Iêmen,Q20381796,http://www.wikidata.org/entity/Q12226949,0,106,,,
YEM,Iêmen,Q20381797,http://www.wikidata.org/entity/Q12225715,0,251,,,
YEM,Iêmen,Q20381802,http://www.wikidata.org/entity/Q4117574,0,24,,,
YEM,Iêmen,Q20381806,http://www.wikidata.org/entity/Q12225022,0,234,,,
YEM,Iêmen,Q20381804,http://www.wikidata.org/entity/Q12226550,0,186,,,
YEM,Iêmen,Q20381958,http://www.wikidata.org/entity/Q4117454,0,48,,,
YEM,Iêmen,Q20381962,http://www.wikidata.org/entity/Q12226783,0,93,,,
YEM,Iêmen,Q20381960,http://www.wikidata.org/entity/Q4117704,0,2501,,,
YEM,Iêmen,Q20381961,http://www.wikidata.org/entity/Q4117556,0,236,,,
YEM,Iêmen,Q20381966,http://www.wikidata.org/entity/Q12226688,0,150,,,
YEM,Iêmen,Q20381967,http://www.wikidata.org/entity/Q12226783,0,10,,,
YEM,Iêmen,Q20381964,http://www.wikidata.org/entity/Q12226463,0,64,,,
YEM,Iêmen,Q20381965,http://www.wikidata.org/entity/Q12226601,0,160,,,
YEM,Iêmen,Q20381970,http://www.wikidata.org/entity/Q12225085,0,213,,,
YEM,Iêmen,Q20381971,http://www.wikidata.org/entity/Q12226688,0,55,,,
YEM,Iêmen,Q20381968,http://www.wikidata.org/entity/Q12226688,0,338,,,
YEM,Iêmen,Q20381974,http://www.wikidata.org/entity/Q12225729,0,158,,,
YEM,Iêmen,Q20381975,http://www.wikidata.org/entity/Q12226964,0,44,,,
YEM,Iêmen,Q20381972,http://www.wikidata.org/entity/Q20407906,0,49,,,
YEM,Iêmen,Q20381973,http://www.wikidata.org/entity/Q12226688,0,161,,,
YEM,Iêmen,Q20381978,http://www.wikidata.org/entity/Q12226688,0,90,,,
YEM,Iêmen,Q20381976,http://www.wikidata.org/entity/Q12225085,0,152,,,
YEM,Iêmen,Q20381983,http://www.wikidata.org/entity/Q20405970,0,156,,,
YEM,Iêmen,Q20381984,http://www.wikidata.org/entity/Q20406172,0,82,,,
YEM,Iêmen,Q20381985,http://www.wikidata.org/entity/Q12226688,0,53,,,
YEM,Iêmen,Q20381990,http://www.wikidata.org/entity/Q12225171,0,20,,,
YEM,Iêmen,Q20381991,http://www.wikidata.org/entity/Q12226688,0,104,,,
YEM,Iêmen,Q20381988,http://www.wikidata.org/entity/Q20405719,0,21,,,
YEM,Iêmen,Q20382026,http://www.wikidata.org/entity/Q12225112,0,137,,,
YEM,Iêmen,Q20382027,http://www.wikidata.org/entity/Q20409149,0,83,,,
YEM,Iêmen,Q20382030,http://www.wikidata.org/entity/Q12226163,0,21,,,
YEM,Iêmen,Q20382031,http://www.wikidata.org/entity/Q12225849,0,504,,,
YEM,Iêmen,Q20382029,http://www.wikidata.org/entity/Q12226550,0,1000,,,
YEM,Iêmen,Q20382035,http://www.wikidata.org/entity/Q12225637,0,251,,,
YEM,Iêmen,Q20382032,http://www.wikidata.org/entity/Q12226688,0,56,,,
YEM,Iêmen,Q20382033,http://www.wikidata.org/entity/Q4117520,0,175,,,
YEM,Iêmen,Q20382088,http://www.wikidata.org/entity/Q12226688,0,374,,,
YEM,Iêmen,Q20382089,http://www.wikidata.org/entity/Q12225898,0,46,,,
YEM,Iêmen,Q20382103,http://www.wikidata.org/entity/Q4117544,0,184,,,
YEM,Iêmen,Q20382106,http://www.wikidata.org/entity/Q12225681,0,253,,,
YEM,Iêmen,Q20382107,http://www.wikidata.org/entity/Q4117520,0,45,,,
YEM,Iêmen,Q20382110,http://www.wikidata.org/entity/Q12225954,0,204,,,
YEM,Iêmen,Q20382109,http://www.wikidata.org/entity/Q12226765,0,1162,,,
YEM,Iêmen,Q20382114,http://www.wikidata.org/entity/Q4117682,0,7,,,
YEM,Iêmen,Q20382113,http://www.wikidata.org/entity/Q4117544,0,52,,,
YEM,Iêmen,Q20382135,http://www.wikidata.org/entity/Q4117544,0,115,,,
YEM,Iêmen,Q20382138,http://www.wikidata.org/entity/Q4117454,0,91,,,
YEM,Iêmen,Q20382136,http://www.wikidata.org/entity/Q4117433,0,98,,,
YEM,Iêmen,Q20382142,http://www.wikidata.org/entity/Q12225742,0,24,,,
YEM,Iêmen,Q20382143,http://www.wikidata.org/entity/Q4117454,0,115,,,
YEM,Iêmen,Q20382141,http://www.wikidata.org/entity/Q4117515,0,157,,,
YEM,Iêmen,Q20382146,http://www.wikidata.org/entity/Q12225054,0,43,,,
YEM,Iêmen,Q20382144,http://www.wikidata.org/entity/Q20397812,0,43,,,
YEM,Iêmen,Q20382145,http://www.wikidata.org/entity/Q20399193,0,123,,,
YEM,Iêmen,Q20382191,http://www.wikidata.org/entity/Q12226405,0,47,,,
YEM,Iêmen,Q20382195,http://www.wikidata.org/entity/Q12225898,0,134,,,
YEM,Iêmen,Q20382192,http://www.wikidata.org/entity/Q12226486,0,586,,,
YEM,Iêmen,Q20382198,http://www.wikidata.org/entity/Q4117502,0,46,,,
YEM,Iêmen,Q20382199,http://www.wikidata.org/entity/Q12226804,0,87,,,
YEM,Iêmen,Q20382196,http://www.wikidata.org/entity/Q4117556,0,112,,,
YEM,Iêmen,Q20382197,http://www.wikidata.org/entity/Q20415527,0,42,,,
YEM,Iêmen,Q20382202,http://www.wikidata.org/entity/Q20418096,0,83,,,
YEM,Iêmen,Q20382203,http://www.wikidata.org/entity/Q20406256,0,183,,,
YEM,Iêmen,Q20382201,http://www.wikidata.org/entity/Q20397552,0,63,,,
YEM,Iêmen,Q20382206,http://www.wikidata.org/entity/Q20389874,0,26,,,
YEM,Iêmen,Q20382207,http://www.wikidata.org/entity/Q12226339,0,46,,,
YEM,Iêmen,Q20382204,http://www.wikidata.org/entity/Q4117556,0,528,,,
YEM,Iêmen,Q20382208,http://www.wikidata.org/entity/Q12225655,0,346,,,
YEM,Iêmen,Q20382209,http://www.wikidata.org/entity/Q20382834,0,123,,,
YEM,Iêmen,Q20382214,http://www.wikidata.org/entity/Q20393831,0,69,,,
YEM,Iêmen,Q20382215,http://www.wikidata.org/entity/Q20395024,0,51,,,
YEM,Iêmen,Q20382212,http://www.wikidata.org/entity/Q20418096,0,48,,,
YEM,Iêmen,Q20382213,http://www.wikidata.org/entity/Q12225562,0,25,,,
YEM,Iêmen,Q20382218,http://www.wikidata.org/entity/Q20403555,0,52,,,
YEM,Iêmen,Q20382219,http://www.wikidata.org/entity/Q20390759,0,43,,,
YEM,Iêmen,Q20382216,http://www.wikidata.org/entity/Q20391057,0,44,,,
YEM,Iêmen,Q20382223,http://www.wikidata.org/entity/Q20383843,0,44,,,
YEM,Iêmen,Q20382220,http://www.wikidata.org/entity/Q12226163,0,29,,,
YEM,Iêmen,Q20382221,http://www.wikidata.org/entity/Q20384842,0,44,,,
YEM,Iêmen,Q20382225,http://www.wikidata.org/entity/Q12225164,0,39,,,
YEM,Iêmen,Q20382228,http://www.wikidata.org/entity/Q20419422,0,27,,,
YEM,Iêmen,Q20382233,http://www.wikidata.org/entity/Q20395837,0,471,,,
YEM,Iêmen,Q20382237,http://www.wikidata.org/entity/Q20410938,0,62,,,
YEM,Iêmen,Q20382294,http://www.wikidata.org/entity/Q12226685,0,747,,,
YEM,Iêmen,Q20382293,http://www.wikidata.org/entity/Q4117574,0,85,,,
YEM,Iêmen,Q20382298,http://www.wikidata.org/entity/Q12225848,0,93,,,
YEM,Iêmen,Q20382299,http://www.wikidata.org/entity/Q4117515,0,1037,,,
YEM,Iêmen,Q20382296,http://www.wikidata.org/entity/Q25932234,0,47,,,
YEM,Iêmen,Q20382302,http://www.wikidata.org/entity/Q12226917,0,252,,,
YEM,Iêmen,Q20382300,http://www.wikidata.org/entity/Q12226688,0,212,,,
YEM,Iêmen,Q20382307,http://www.wikidata.org/entity/Q4117502,0,121,,,
YEM,Iêmen,Q20382305,http://www.wikidata.org/entity/Q12225530,0,34,,,
YEM,Iêmen,Q20382310,http://www.wikidata.org/entity/Q12226285,0,357,,,
YEM,Iêmen,Q20382311,http://www.wikidata.org/entity/Q25932330,0,81,,,
YEM,Iêmen,Q20382308,http://www.wikidata.org/entity/Q12226688,0,39,,,
YEM,Iêmen,Q20382314,http://www.wikidata.org/entity/Q12226688,0,31,,,
YEM,Iêmen,Q20383012,http://www.wikidata.org/entity/Q25932234,0,27,,,
YEM,Iêmen,Q20383019,http://www.wikidata.org/entity/Q4117509,0,30,,,
YEM,Iêmen,Q20383016,http://www.wikidata.org/entity/Q20384588,0,63,,,
YEM,Iêmen,Q20383022,http://www.wikidata.org/entity/Q20384588,0,99,,,
YEM,Iêmen,Q20383023,http://www.wikidata.org/entity/Q20405278,0,69,,,
YEM,Iêmen,Q20383021,http://www.wikidata.org/entity/Q5751685,0,22,,,
YEM,Iêmen,Q20383031,http://www.wikidata.org/entity/Q20384018,0,99,,,
YEM,Iêmen,Q20383136,http://www.wikidata.org/entity/Q12226808,0,1135,,,
YEM,Iêmen,Q20383137,http://www.wikidata.org/entity/Q4117648,0,15,,,
YEM,Iêmen,Q20383223,http://www.wikidata.org/entity/Q125170167,0,28,,,
YEM,Iêmen,Q20383224,http://www.wikidata.org/entity/Q4117543,0,299,,,
YEM,Iêmen,Q20383260,http://www.wikidata.org/entity/Q12226955,0,233,,,
YEM,Iêmen,Q20383370,http://www.wikidata.org/entity/Q25932330,0,103,,,
YEM,Iêmen,Q20383371,http://www.wikidata.org/entity/Q12225121,0,712,,,
YEM,Iêmen,Q20383369,http://www.wikidata.org/entity/Q4117549,0,23,,,
YEM,Iêmen,Q20383378,http://www.wikidata.org/entity/Q12225530,0,35,,,
YEM,Iêmen,Q20383380,http://www.wikidata.org/entity/Q12226495,0,59,,,
YEM,Iêmen,Q20383387,http://www.wikidata.org/entity/Q12226980,0,34,,,
YEM,Iêmen,Q20383395,http://www.wikidata.org/entity/Q12227044,0,2276,,,
YEM,Iêmen,Q20383398,http://www.wikidata.org/entity/Q12226378,0,382,,,
YEM,Iêmen,Q20383397,http://www.wikidata.org/entity/Q12226544,0,24,,,
YEM,Iêmen,Q20383402,http://www.wikidata.org/entity/Q20383129,0,86,,,
YEM,Iêmen,Q20383407,http://www.wikidata.org/entity/Q12226544,0,52,,,
YEM,Iêmen,Q20383404,http://www.wikidata.org/entity/Q20419145,0,88,,,
YEM,Iêmen,Q20383408,http://www.wikidata.org/entity/Q20383418,0,26,,,
YEM,Iêmen,Q20383422,http://www.wikidata.org/entity/Q12225954,0,118,,,
YEM,Iêmen,Q20383420,http://www.wikidata.org/entity/Q20392927,0,161,,,
YEM,Iêmen,Q20383421,http://www.wikidata.org/entity/Q12226495,0,177,,,
YEM,Iêmen,Q20383426,http://www.wikidata.org/entity/Q12226929,0,80,,,
YEM,Iêmen,Q20383427,http://www.wikidata.org/entity/Q25932234,0,37,,,
YEM,Iêmen,Q20383424,http://www.wikidata.org/entity/Q4117648,0,15,,,
YEM,Iêmen,Q20383431,http://www.wikidata.org/entity/Q12227039,0,435,,,
YEM,Iêmen,Q20383434,http://www.wikidata.org/entity/Q12226463,0,42,,,
YEM,Iêmen,Q20383440,http://www.wikidata.org/entity/Q20387158,0,76,,,
YEM,Iêmen,Q20383444,http://www.wikidata.org/entity/Q12225249,0,105,,,
YEM,Iêmen,Q20383451,http://www.wikidata.org/entity/Q12225776,0,185,,,
YEM,Iêmen,Q20383454,http://www.wikidata.org/entity/Q20401907,0,26,,,
YEM,Iêmen,Q20383452,http://www.wikidata.org/entity/Q20383337,0,122,,,
YEM,Iêmen,Q20383453,http://www.wikidata.org/entity/Q12180047,0,23,,,
YEM,Iêmen,Q20383456,http://www.wikidata.org/entity/Q20402371,0,103,,,
YEM,Iêmen,Q20383483,http://www.wikidata.org/entity/Q12226117,0,37,,,
YEM,Iêmen,Q20383485,http://www.wikidata.org/entity/Q20413078,0,32,,,
YEM,Iêmen,Q20383490,http://www.wikidata.org/entity/Q12225969,0,38,,,
YEM,Iêmen,Q20383491,http://www.wikidata.org/entity/Q20409238,0,92,,,
YEM,Iêmen,Q20383488,http://www.wikidata.org/entity/Q12225969,0,61,,,
YEM,Iêmen,Q20383495,http://www.wikidata.org/entity/Q12226463,0,91,,,
YEM,Iêmen,Q20383492,http://www.wikidata.org/entity/Q12226207,0,21,,,
YEM,Iêmen,Q20383493,http://www.wikidata.org/entity/Q20400114,0,72,,,
YEM,Iêmen,Q20383526,http://www.wikidata.org/entity/Q12225739,0,192,,,
YEM,Iêmen,Q20383527,http://www.wikidata.org/entity/Q12225991,0,661,,,
YEM,Iêmen,Q20383525,http://www.wikidata.org/entity/Q4117502,0,108,,,
YEM,Iêmen,Q20383530,http://www.wikidata.org/entity/Q4117543,0,936,,,
YEM,Iêmen,Q20383531,http://www.wikidata.org/entity/Q12226649,0,526,,,
YEM,Iêmen,Q20383529,http://www.wikidata.org/entity/Q5751685,0,34,,,
YEM,Iêmen,Q20383532,http://www.wikidata.org/entity/Q12226939,0,29,,,
YEM,Iêmen,Q20383536,http://www.wikidata.org/entity/Q12225394,0,162,,,
YEM,Iêmen,Q20383540,http://www.wikidata.org/entity/Q12225955,0,610,,,
YEM,Iêmen,Q20383541,http://www.wikidata.org/entity/Q12226768,0,227,,,
YEM,Iêmen,Q20383544,http://www.wikidata.org/entity/Q125170167,0,40,,,
YEM,Iêmen,Q20383651,http://www.wikidata.org/entity/Q12226212,0,32,,,
YEM,Iêmen,Q20383649,http://www.wikidata.org/entity/Q20390384,0,100,,,
YEM,Iêmen,Q20383654,http://www.wikidata.org/entity/Q20404813,0,181,,,
YEM,Iêmen,Q20383652,http://www.wikidata.org/entity/Q20400034,0,22,,,
YEM,Iêmen,Q20383667,http://www.wikidata.org/entity/Q12226238,0,35,,,
YEM,Iêmen,Q20383678,http://www.wikidata.org/entity/Q20393130,0,50,,,
YEM,Iêmen,Q20383677,http://www.wikidata.org/entity/Q20394060,0,151,,,
YEM,Iêmen,Q20383683,http://www.wikidata.org/entity/Q12226739,0,61,,,
YEM,Iêmen,Q20383680,http://www.wikidata.org/entity/Q12226406,0,100,,,
YEM,Iêmen,Q20383690,http://www.wikidata.org/entity/Q12226176,0,506,,,
YEM,Iêmen,Q20383691,http://www.wikidata.org/entity/Q12225318,0,238,,,
YEM,Iêmen,Q20383694,http://www.wikidata.org/entity/Q12227025,0,545,,,
YEM,Iêmen,Q20383698,http://www.wikidata.org/entity/Q12226444,0,340,,,
YEM,Iêmen,Q20383697,http://www.wikidata.org/entity/Q12226062,0,209,,,
YEM,Iêmen,Q20383700,http://www.wikidata.org/entity/Q12226755,0,180,,,
YEM,Iêmen,Q20383708,http://www.wikidata.org/entity/Q12225110,0,225,,,
YEM,Iêmen,Q20383743,http://www.wikidata.org/entity/Q12225493,0,134,,,
YEM,Iêmen,Q20383740,http://www.wikidata.org/entity/Q12226067,0,56,,,
YEM,Iêmen,Q20383741,http://www.wikidata.org/entity/Q20402371,0,67,,,
YEM,Iêmen,Q20382312,http://www.wikidata.org/entity/Q12227098,0,61,,,
YEM,Iêmen,Q20382313,http://www.wikidata.org/entity/Q12226357,0,700,,,
YEM,Iêmen,Q20382319,http://www.wikidata.org/entity/Q5751685,0,29,,,
YEM,Iêmen,Q20382320,http://www.wikidata.org/entity/Q275752,0,172,,,
YEM,Iêmen,Q20382321,,0,1373,,,
YEM,Iêmen,Q20382326,http://www.wikidata.org/entity/Q12226990,0,219,,,
YEM,Iêmen,Q20382325,http://www.wikidata.org/entity/Q4117560,0,427,,,
YEM,Iêmen,Q20382363,http://www.wikidata.org/entity/Q12226688,0,105,,,
YEM,Iêmen,Q20382364,http://www.wikidata.org/entity/Q3985491,0,34,,,
YEM,Iêmen,Q20382365,http://www.wikidata.org/entity/Q125170123,0,15,,,
YEM,Iêmen,Q20382370,http://www.wikidata.org/entity/Q4117556,0,334,,,
YEM,Iêmen,Q20382371,http://www.wikidata.org/entity/Q12225739,0,146,,,
YEM,Iêmen,Q20382368,http://www.wikidata.org/entity/Q12225039,0,44,,,
YEM,Iêmen,Q20382374,http://www.wikidata.org/entity/Q12225720,0,151,,,
YEM,Iêmen,Q20382372,http://www.wikidata.org/entity/Q12225535,0,189,,,
YEM,Iêmen,Q20382378,http://www.wikidata.org/entity/Q12225078,0,25,,,
YEM,Iêmen,Q20382376,http://www.wikidata.org/entity/Q12225109,0,81,,,
YEM,Iêmen,Q20382382,http://www.wikidata.org/entity/Q12225975,0,141,,,
YEM,Iêmen,Q20382386,http://www.wikidata.org/entity/Q12226688,0,51,,,
YEM,Iêmen,Q20382384,http://www.wikidata.org/entity/Q12226495,0,150,,,
YEM,Iêmen,Q20382385,http://www.wikidata.org/entity/Q25932234,0,84,,,
YEM,Iêmen,Q20382388,http://www.wikidata.org/entity/Q12225746,0,177,,,
YEM,Iêmen,Q20382424,http://www.wikidata.org/entity/Q4117433,0,342,,,
YEM,Iêmen,Q20382425,http://www.wikidata.org/entity/Q4117454,0,27,,,
YEM,Iêmen,Q20382428,http://www.wikidata.org/entity/Q4117454,0,53,,,
YEM,Iêmen,Q20382429,http://www.wikidata.org/entity/Q1884189,0,300,,,
YEM,Iêmen,Q20382432,http://www.wikidata.org/entity/Q580992,0,716,,,
YEM,Iêmen,Q20382436,http://www.wikidata.org/entity/Q20414318,0,39,,,
YEM,Iêmen,Q20382437,http://www.wikidata.org/entity/Q12225453,0,952,,,
YEM,Iêmen,Q20382442,http://www.wikidata.org/entity/Q12226978,0,552,,,
YEM,Iêmen,Q20382539,http://www.wikidata.org/entity/Q4117682,0,53,,,
YEM,Iêmen,Q20382543,http://www.wikidata.org/entity/Q12226688,0,276,,,
YEM,Iêmen,Q20382540,http://www.wikidata.org/entity/Q12226281,0,140,,,
YEM,Iêmen,Q20382547,http://www.wikidata.org/entity/Q4117509,0,158,,,
YEM,Iêmen,Q20382544,http://www.wikidata.org/entity/Q12226901,0,613,,,
YEM,Iêmen,Q20382551,http://www.wikidata.org/entity/Q12226511,0,23,,,
YEM,Iêmen,Q20382548,http://www.wikidata.org/entity/Q4117552,0,187,,,
YEM,Iêmen,Q20382549,http://www.wikidata.org/entity/Q12225112,0,67,,,
YEM,Iêmen,Q20382555,http://www.wikidata.org/entity/Q4117515,0,128,,,
YEM,Iêmen,Q20382552,http://www.wikidata.org/entity/Q4117544,0,21,,,
YEM,Iêmen,Q20382553,http://www.wikidata.org/entity/Q4117544,0,128,,,
YEM,Iêmen,Q20382558,http://www.wikidata.org/entity/Q12226087,0,733,,,
YEM,Iêmen,Q20382559,http://www.wikidata.org/entity/Q12225330,0,72,,,
YEM,Iêmen,Q20382556,http://www.wikidata.org/entity/Q4117682,0,870,,,
YEM,Iêmen,Q20382557,http://www.wikidata.org/entity/Q5751685,0,41,,,
YEM,Iêmen,Q20382563,http://www.wikidata.org/entity/Q12225087,0,164,,,
YEM,Iêmen,Q20382560,http://www.wikidata.org/entity/Q12226688,0,49,,,
YEM,Iêmen,Q20382570,http://www.wikidata.org/entity/Q12227066,0,39,,,
YEM,Iêmen,Q20382569,http://www.wikidata.org/entity/Q12226688,0,35,,,
YEM,Iêmen,Q20382574,http://www.wikidata.org/entity/Q4117602,0,110,,,
YEM,Iêmen,Q20382572,http://www.wikidata.org/entity/Q12225260,0,504,,,
YEM,Iêmen,Q20382573,http://www.wikidata.org/entity/Q25932234,0,37,,,
YEM,Iêmen,Q20382578,http://www.wikidata.org/entity/Q4117544,0,100,,,
YEM,Iêmen,Q20382577,http://www.wikidata.org/entity/Q12226511,0,41,,,
YEM,Iêmen,Q20382580,http://www.wikidata.org/entity/Q4117574,0,40,,,
YEM,Iêmen,Q20382581,http://www.wikidata.org/entity/Q12225319,0,168,,,
YEM,Iêmen,Q20382584,http://www.wikidata.org/entity/Q12226688,0,31,,,
YEM,Iêmen,Q20382585,http://www.wikidata.org/entity/Q12225121,0,312,,,
YEM,Iêmen,Q20382611,http://www.wikidata.org/entity/Q12226937,0,40,,,
YEM,Iêmen,Q20382637,http://www.wikidata.org/entity/Q12226027,0,331,,,
YEM,Iêmen,Q20382723,http://www.wikidata.org/entity/Q20394169,0,199,,,
YEM,Iêmen,Q20382735,http://www.wikidata.org/entity/Q12226216,0,2267,,,
YEM,Iêmen,Q20382732,http://www.wikidata.org/entity/Q12226192,0,116,,,
YEM,Iêmen,Q20382739,http://www.wikidata.org/entity/Q20414249,0,25,,,
YEM,Iêmen,Q20382737,http://www.wikidata.org/entity/Q20408151,0,76,,,
YEM,Iêmen,Q20382740,http://www.wikidata.org/entity/Q20409980,0,80,,,
YEM,Iêmen,Q20382827,http://www.wikidata.org/entity/Q20406717,0,83,,,
YEM,Iêmen,Q20382825,http://www.wikidata.org/entity/Q20391421,0,30,,,
YEM,Iêmen,Q20382829,http://www.wikidata.org/entity/Q12226101,0,844,,,
YEM,Iêmen,Q20382832,http://www.wikidata.org/entity/Q20425102,0,189,,,
YEM,Iêmen,Q20382839,http://www.wikidata.org/entity/Q12226463,0,154,,,
YEM,Iêmen,Q20382843,http://www.wikidata.org/entity/Q20418407,0,30,,,
YEM,Iêmen,Q20382840,http://www.wikidata.org/entity/Q20406080,0,76,,,
YEM,Iêmen,Q20382846,http://www.wikidata.org/entity/Q12225175,0,244,,,
YEM,Iêmen,Q20383002,http://www.wikidata.org/entity/Q4117543,0,59,,,
YEM,Iêmen,Q20383003,http://www.wikidata.org/entity/Q16121053,0,1679,,,
YEM,Iêmen,Q20383005,http://www.wikidata.org/entity/Q4117556,0,695,,,
YEM,Iêmen,Q20383010,http://www.wikidata.org/entity/Q12226688,0,65,,,
YEM,Iêmen,Q20383011,http://www.wikidata.org/entity/Q20381720,0,227,,,
YEM,Iêmen,Q20383015,http://www.wikidata.org/entity/Q20415563,0,36,,,
YEM,Iêmen,Q20383745,http://www.wikidata.org/entity/Q12226053,0,28,,,
YEM,Iêmen,Q20383749,http://www.wikidata.org/entity/Q20405835,0,175,,,
YEM,Iêmen,Q20383803,http://www.wikidata.org/entity/Q5751685,0,23,,,
YEM,Iêmen,Q20383806,http://www.wikidata.org/entity/Q12226377,0,90,,,
YEM,Iêmen,Q20383815,http://www.wikidata.org/entity/Q12225392,0,539,,,
YEM,Iêmen,Q20383819,http://www.wikidata.org/entity/Q12225493,0,134,,,
YEM,Iêmen,Q20383817,http://www.wikidata.org/entity/Q12225742,0,163,,,
YEM,Iêmen,Q20383826,http://www.wikidata.org/entity/Q20403005,0,41,,,
YEM,Iêmen,Q20383827,http://www.wikidata.org/entity/Q20391304,0,39,,,
YEM,Iêmen,Q20383825,http://www.wikidata.org/entity/Q12226999,0,42,,,
YEM,Iêmen,Q20383833,http://www.wikidata.org/entity/Q20391304,0,108,,,
YEM,Iêmen,Q20383837,http://www.wikidata.org/entity/Q12225147,0,66,,,
YEM,Iêmen,Q20383842,http://www.wikidata.org/entity/Q12226443,0,185,,,
YEM,Iêmen,Q20383847,http://www.wikidata.org/entity/Q12226539,0,76,,,
YEM,Iêmen,Q20383845,http://www.wikidata.org/entity/Q20403841,0,57,,,
YEM,Iêmen,Q20383869,http://www.wikidata.org/entity/Q20418895,0,249,,,
YEM,Iêmen,Q20384098,http://www.wikidata.org/entity/Q4117704,0,19,,,
YEM,Iêmen,Q20384101,http://www.wikidata.org/entity/Q12225742,0,57,,,
YEM,Iêmen,Q20384105,http://www.wikidata.org/entity/Q12226675,0,245,,,
YEM,Iêmen,Q20384111,http://www.wikidata.org/entity/Q125170138,0,159,,,
YEM,Iêmen,Q20384114,http://www.wikidata.org/entity/Q25932274,0,6,,,
YEM,Iêmen,Q20384123,http://www.wikidata.org/entity/Q12227085,0,28,,,
YEM,Iêmen,Q20384124,http://www.wikidata.org/entity/Q12226176,0,31,,,
YEM,Iêmen,Q20384125,http://www.wikidata.org/entity/Q12226495,0,101,,,
YEM,Iêmen,Q20384135,http://www.wikidata.org/entity/Q4117704,0,28,,,
YEM,Iêmen,Q20384132,http://www.wikidata.org/entity/Q12226949,0,106,,,
YEM,Iêmen,Q20384137,http://www.wikidata.org/entity/Q12226164,0,309,,,
YEM,Iêmen,Q20384147,http://www.wikidata.org/entity/Q4117704,0,25,,,
YEM,Iêmen,Q20384145,http://www.wikidata.org/entity/Q12226991,0,110,,,
YEM,Iêmen,Q20384151,http://www.wikidata.org/entity/Q25932234,0,28,,,
YEM,Iêmen,Q20384153,http://www.wikidata.org/entity/Q12226281,0,323,,,
YEM,Iêmen,Q20384159,http://www.wikidata.org/entity/Q4117704,0,36,,,
YEM,Iêmen,Q20384156,http://www.wikidata.org/entity/Q5751685,0,53,,,
YEM,Iêmen,Q20384174,http://www.wikidata.org/entity/Q12225867,0,48,,,
YEM,Iêmen,Q20384191,http://www.wikidata.org/entity/Q12225991,0,142,,,
YEM,Iêmen,Q20384199,http://www.wikidata.org/entity/Q12226804,0,36,,,
YEM,Iêmen,Q20384197,http://www.wikidata.org/entity/Q25932234,0,2,,,
YEM,Iêmen,Q20384230,http://www.wikidata.org/entity/Q4117704,0,54,,,
YEM,Iêmen,Q20384232,http://www.wikidata.org/entity/Q12226638,0,62,,,
YEM,Iêmen,Q20384236,http://www.wikidata.org/entity/Q12225954,0,160,,,
YEM,Iêmen,Q20384542,http://www.wikidata.org/entity/Q125170179,0,165,,,
YEM,Iêmen,Q20384543,http://www.wikidata.org/entity/Q12226596,0,277,,,
YEM,Iêmen,Q20384540,http://www.wikidata.org/entity/Q12226176,0,54,,,
YEM,Iêmen,Q20384546,http://www.wikidata.org/entity/Q12225110,0,163,,,
YEM,Iêmen,Q20384548,http://www.wikidata.org/entity/Q12225538,0,192,,,
YEM,Iêmen,Q20384555,http://www.wikidata.org/entity/Q4117549,0,40,,,
YEM,Iêmen,Q20384559,http://www.wikidata.org/entity/Q12226085,0,79,,,
YEM,Iêmen,Q20384571,http://www.wikidata.org/entity/Q12225458,0,204,,,
YEM,Iêmen,Q20384569,http://www.wikidata.org/entity/Q12226495,0,80,,,
YEM,Iêmen,Q20384590,http://www.wikidata.org/entity/Q12225395,0,109,,,
YEM,Iêmen,Q20384588,http://www.wikidata.org/entity/Q12226067,0,64,,,
YEM,Iêmen,Q20384589,http://www.wikidata.org/entity/Q125170179,0,278,,,
YEM,Iêmen,Q20384593,http://www.wikidata.org/entity/Q12226872,0,214,,,
YEM,Iêmen,Q20384598,http://www.wikidata.org/entity/Q12225776,0,211,,,
YEM,Iêmen,Q20384596,http://www.wikidata.org/entity/Q12225298,0,104,,,
YEM,Iêmen,Q20384602,http://www.wikidata.org/entity/Q12226825,0,139,,,
YEM,Iêmen,Q20384603,http://www.wikidata.org/entity/Q20409440,0,25,,,
YEM,Iêmen,Q20384606,http://www.wikidata.org/entity/Q12225330,0,1028,,,
YEM,Iêmen,Q20384607,http://www.wikidata.org/entity/Q12226148,0,891,,,
YEM,Iêmen,Q20384611,http://www.wikidata.org/entity/Q125170167,0,34,,,
YEM,Iêmen,Q20384614,http://www.wikidata.org/entity/Q12226329,0,103,,,
YEM,Iêmen,Q20384615,http://www.wikidata.org/entity/Q12226688,0,35,,,
YEM,Iêmen,Q20384612,http://www.wikidata.org/entity/Q4117789,0,994,,,
YEM,Iêmen,Q20384618,http://www.wikidata.org/entity/Q12226955,0,325,,,
YEM,Iêmen,Q20384619,http://www.wikidata.org/entity/Q12226217,0,321,,,
YEM,Iêmen,Q20384617,http://www.wikidata.org/entity/Q12225742,0,21,,,
YEM,Iêmen,Q20384626,http://www.wikidata.org/entity/Q12225637,0,40,,,
YEM,Iêmen,Q20384625,http://www.wikidata.org/entity/Q12226783,0,40,,,
YEM,Iêmen,Q20384630,http://www.wikidata.org/entity/Q12225700,0,76,,,
YEM,Iêmen,Q20384631,http://www.wikidata.org/entity/Q12226949,0,245,,,
YEM,Iêmen,Q20384628,http://www.wikidata.org/entity/Q12226057,0,297,,,
YEM,Iêmen,Q20384629,http://www.wikidata.org/entity/Q12225989,0,113,,,
YEM,Iêmen,Q20384633,http://www.wikidata.org/entity/Q12226339,0,124,,,
YEM,Iêmen,Q20384671,http://www.wikidata.org/entity/Q12225493,0,232,,,
YEM,Iêmen,Q20384673,http://www.wikidata.org/entity/Q12225085,0,159,,,
YEM,Iêmen,Q20382150,http://www.wikidata.org/entity/Q12226337,0,317,,,
YEM,Iêmen,Q20382151,http://www.wikidata.org/entity/Q12226913,0,53,,,
YEM,Iêmen,Q20382148,http://www.wikidata.org/entity/Q4117520,0,146,,,
YEM,Iêmen,Q20382149,http://www.wikidata.org/entity/Q12226688,0,58,,,
YEM,Iêmen,Q20382154,http://www.wikidata.org/entity/Q12225642,0,40,,,
YEM,Iêmen,Q20382153,http://www.wikidata.org/entity/Q4117509,0,29,,,
YEM,Iêmen,Q20382159,http://www.wikidata.org/entity/Q12226952,0,358,,,
YEM,Iêmen,Q20382156,http://www.wikidata.org/entity/Q12226192,0,33,,,
YEM,Iêmen,Q20382157,http://www.wikidata.org/entity/Q12226238,0,54,,,
YEM,Iêmen,Q20382162,http://www.wikidata.org/entity/Q12225898,0,119,,,
YEM,Iêmen,Q20382160,http://www.wikidata.org/entity/Q12226688,0,122,,,
YEM,Iêmen,Q20382161,http://www.wikidata.org/entity/Q12226454,0,548,,,
YEM,Iêmen,Q20382168,http://www.wikidata.org/entity/Q20419422,0,86,,,
YEM,Iêmen,Q20382268,http://www.wikidata.org/entity/Q20395954,0,45,,,
YEM,Iêmen,Q20382269,http://www.wikidata.org/entity/Q20406612,0,33,,,
YEM,Iêmen,Q20382390,http://www.wikidata.org/entity/Q12225776,0,122,,,
YEM,Iêmen,Q20382391,http://www.wikidata.org/entity/Q20410621,0,25,,,
YEM,Iêmen,Q20382392,http://www.wikidata.org/entity/Q4117454,0,252,,,
YEM,Iêmen,Q20382393,http://www.wikidata.org/entity/Q4117552,0,90,,,
YEM,Iêmen,Q20382398,http://www.wikidata.org/entity/Q20393333,0,48,,,
YEM,Iêmen,Q20382399,http://www.wikidata.org/entity/Q4117520,0,24,,,
YEM,Iêmen,Q20382397,http://www.wikidata.org/entity/Q20414143,0,30,,,
YEM,Iêmen,Q20382404,http://www.wikidata.org/entity/Q12226895,0,197,,,
YEM,Iêmen,Q20382405,http://www.wikidata.org/entity/Q12225960,0,20,,,
YEM,Iêmen,Q20382422,http://www.wikidata.org/entity/Q12226378,0,148,,,
YEM,Iêmen,Q20382423,http://www.wikidata.org/entity/Q4117549,0,72,,,
YEM,Iêmen,Q20382427,http://www.wikidata.org/entity/Q12225337,0,28,,,
YEM,Iêmen,Q20382430,http://www.wikidata.org/entity/Q20391037,0,30,,,
YEM,Iêmen,Q20382431,http://www.wikidata.org/entity/Q20384842,0,68,,,
YEM,Iêmen,Q20382469,http://www.wikidata.org/entity/Q20397160,0,100,,,
YEM,Iêmen,Q20382479,http://www.wikidata.org/entity/Q20397160,0,41,,,
YEM,Iêmen,Q20382476,http://www.wikidata.org/entity/Q20393250,0,28,,,
YEM,Iêmen,Q20382480,http://www.wikidata.org/entity/Q20390243,0,54,,,
YEM,Iêmen,Q20382481,http://www.wikidata.org/entity/Q12226050,0,22,,,
YEM,Iêmen,Q20382541,http://www.wikidata.org/entity/Q20392960,0,91,,,
YEM,Iêmen,Q20382561,http://www.wikidata.org/entity/Q12225350,0,740,,,
YEM,Iêmen,Q20382857,http://www.wikidata.org/entity/Q12226138,0,485,,,
YEM,Iêmen,Q20382861,http://www.wikidata.org/entity/Q20424254,0,30,,,
YEM,Iêmen,Q20382910,http://www.wikidata.org/entity/Q12225978,0,110,,,
YEM,Iêmen,Q20382911,http://www.wikidata.org/entity/Q20418407,0,228,,,
YEM,Iêmen,Q20382909,http://www.wikidata.org/entity/Q20403533,0,63,,,
YEM,Iêmen,Q20382915,http://www.wikidata.org/entity/Q20405953,0,49,,,
YEM,Iêmen,Q20382918,http://www.wikidata.org/entity/Q12225870,0,245,,,
YEM,Iêmen,Q20382917,http://www.wikidata.org/entity/Q20407896,0,217,,,
YEM,Iêmen,Q20382920,http://www.wikidata.org/entity/Q20397160,0,25,,,
YEM,Iêmen,Q20382976,http://www.wikidata.org/entity/Q12225147,0,52,,,
YEM,Iêmen,Q20382983,http://www.wikidata.org/entity/Q20382192,0,150,,,
YEM,Iêmen,Q20382981,http://www.wikidata.org/entity/Q12226945,0,176,,,
YEM,Iêmen,Q20382986,http://www.wikidata.org/entity/Q12193179,0,334,,,
YEM,Iêmen,Q20382988,http://www.wikidata.org/entity/Q12226945,0,244,,,
YEM,Iêmen,Q20383000,http://www.wikidata.org/entity/Q12226586,0,154,,,
YEM,Iêmen,Q20383001,http://www.wikidata.org/entity/Q20390953,0,58,,,
YEM,Iêmen,Q20383007,http://www.wikidata.org/entity/Q20399808,0,86,,,
YEM,Iêmen,Q20383008,http://www.wikidata.org/entity/Q12226680,0,117,,,
YEM,Iêmen,Q20383034,http://www.wikidata.org/entity/Q12226499,0,3454,,,
YEM,Iêmen,Q20383104,http://www.wikidata.org/entity/Q20392658,0,141,,,
YEM,Iêmen,Q20383147,http://www.wikidata.org/entity/Q12226290,0,22,,,
YEM,Iêmen,Q20383150,http://www.wikidata.org/entity/Q12226556,0,118,,,
YEM,Iêmen,Q20383153,http://www.wikidata.org/entity/Q20392443,0,189,,,
YEM,Iêmen,Q20383162,http://www.wikidata.org/entity/Q20394618,0,267,,,
YEM,Iêmen,Q20383161,http://www.wikidata.org/entity/Q12226067,0,47,,,
YEM,Iêmen,Q20383229,http://www.wikidata.org/entity/Q12225914,0,44,,,
YEM,Iêmen,Q20383244,http://www.wikidata.org/entity/Q20416101,0,32,,,
YEM,Iêmen,Q20383250,http://www.wikidata.org/entity/Q20419145,0,43,,,
YEM,Iêmen,Q20383248,http://www.wikidata.org/entity/Q12226410,0,177,,,
YEM,Iêmen,Q20383262,http://www.wikidata.org/entity/Q125170113,0,118,,,
YEM,Iêmen,Q20383261,http://www.wikidata.org/entity/Q12225867,0,85,,,
YEM,Iêmen,Q20383266,http://www.wikidata.org/entity/Q5751685,0,56,,,
YEM,Iêmen,Q20383267,http://www.wikidata.org/entity/Q12227030,0,224,,,
YEM,Iêmen,Q20383264,http://www.wikidata.org/entity/Q12225164,0,91,,,
YEM,Iêmen,Q20383271,http://www.wikidata.org/entity/Q20412163,0,132,,,
YEM,Iêmen,Q20383269,http://www.wikidata.org/entity/Q12225363,0,39,,,
YEM,Iêmen,Q20383280,http://www.wikidata.org/entity/Q20387543,0,43,,,
YEM,Iêmen,Q20383281,http://www.wikidata.org/entity/Q20424357,0,116,,,
YEM,Iêmen,Q20383290,http://www.wikidata.org/entity/Q20387224,0,22,,,
YEM,Iêmen,Q20383302,http://www.wikidata.org/entity/Q12226510,0,43,,,
YEM,Iêmen,Q20383303,http://www.wikidata.org/entity/Q4855715,0,933,,,
YEM,Iêmen,Q20383305,http://www.wikidata.org/entity/Q20383337,0,27,,,
YEM,Iêmen,Q20383311,http://www.wikidata.org/entity/Q12226050,0,30,,,
YEM,Iêmen,Q20383315,http://www.wikidata.org/entity/Q12227052,0,621,,,
YEM,Iêmen,Q20383312,http://www.wikidata.org/entity/Q20408122,0,97,,,
YEM,Iêmen,Q20383342,http://www.wikidata.org/entity/Q12226531,0,60,,,
YEM,Iêmen,Q20383347,http://www.wikidata.org/entity/Q20391037,0,31,,,
YEM,Iêmen,Q20383345,http://www.wikidata.org/entity/Q20413439,0,25,,,
YEM,Iêmen,Q20383348,http://www.wikidata.org/entity/Q12227055,0,184,,,
YEM,Iêmen,Q20383355,http://www.wikidata.org/entity/Q12226869,0,106,,,
YEM,Iêmen,Q20383352,http://www.wikidata.org/entity/Q20418096,0,83,,,
YEM,Iêmen,Q20383353,http://www.wikidata.org/entity/Q20393196,0,31,,,
YEM,Iêmen,Q20383357,http://www.wikidata.org/entity/Q12226155,0,59,,,
YEM,Iêmen,Q20383392,http://www.wikidata.org/entity/Q20382707,0,22,,,
YEM,Iêmen,Q20383393,http://www.wikidata.org/entity/Q20384726,0,78,,,
YEM,Iêmen,Q20383410,http://www.wikidata.org/entity/Q12225345,0,44,,,
YEM,Iêmen,Q20383411,http://www.wikidata.org/entity/Q12226739,0,46,,,
YEM,Iêmen,Q20383414,http://www.wikidata.org/entity/Q20409962,0,39,,,
YEM,Iêmen,Q20383412,http://www.wikidata.org/entity/Q20419007,0,62,,,
YEM,Iêmen,Q20383413,http://www.wikidata.org/entity/Q25932234,0,39,,,
YEM,Iêmen,Q20383418,http://www.wikidata.org/entity/Q12225317,0,292,,,
YEM,Iêmen,Q20383416,http://www.wikidata.org/entity/Q20425574,0,71,,,
YEM,Iêmen,Q20383417,http://www.wikidata.org/entity/Q12225928,0,110,,,
YEM,Iêmen,Q20383423,http://www.wikidata.org/entity/Q12226463,0,124,,,
YEM,Iêmen,Q20383425,http://www.wikidata.org/entity/Q20384659,0,32,,,
YEM,Iêmen,Q20383433,http://www.wikidata.org/entity/Q12225870,0,65,,,
YEM,Iêmen,Q20383446,http://www.wikidata.org/entity/Q12226050,0,178,,,
YEM,Iêmen,Q20383457,http://www.wikidata.org/entity/Q20404228,0,112,,,
YEM,Iêmen,Q20383462,http://www.wikidata.org/entity/Q20411134,0,37,,,
YEM,Iêmen,Q20383463,http://www.wikidata.org/entity/Q20399854,0,121,,,
YEM,Iêmen,Q20383460,http://www.wikidata.org/entity/Q12226290,0,65,,,
YEM,Iêmen,Q20383466,http://www.wikidata.org/entity/Q12226000,0,440,,,
YEM,Iêmen,Q20383470,http://www.wikidata.org/entity/Q20384726,0,110,,,
YEM,Iêmen,Q20383474,http://www.wikidata.org/entity/Q12225296,0,41,,,
YEM,Iêmen,Q20383475,http://www.wikidata.org/entity/Q12226009,0,837,,,
YEM,Iêmen,Q20383472,http://www.wikidata.org/entity/Q25932234,0,76,,,
YEM,Iêmen,Q20383479,http://www.wikidata.org/entity/Q20402918,0,82,,,
YEM,Iêmen,Q20383482,http://www.wikidata.org/entity/Q20387793,0,91,,,
YEM,Iêmen,Q20383499,http://www.wikidata.org/entity/Q20390303,0,29,,,
YEM,Iêmen,Q20383496,http://www.wikidata.org/entity/Q20384885,0,42,,,
YEM,Iêmen,Q20383502,http://www.wikidata.org/entity/Q12227052,0,443,,,
YEM,Iêmen,Q20383501,http://www.wikidata.org/entity/Q20394620,0,70,,,
YEM,Iêmen,Q20383507,http://www.wikidata.org/entity/Q20385096,0,101,,,
YEM,Iêmen,Q20383504,http://www.wikidata.org/entity/Q12225798,0,168,,,
YEM,Iêmen,Q20383511,http://www.wikidata.org/entity/Q20415901,0,44,,,
YEM,Iêmen,Q20383508,http://www.wikidata.org/entity/Q20388904,0,29,,,
YEM,Iêmen,Q20383538,http://www.wikidata.org/entity/Q20396203,0,32,,,
YEM,Iêmen,Q20383539,http://www.wikidata.org/entity/Q12225137,0,37,,,
YEM,Iêmen,Q20383537,http://www.wikidata.org/entity/Q12225138,0,230,,,
YEM,Iêmen,Q20383542,http://www.wikidata.org/entity/Q12226544,0,36,,,
YEM,Iêmen,Q20383543,http://www.wikidata.org/entity/Q20417021,0,210,,,
YEM,Iêmen,Q20383547,http://www.wikidata.org/entity/Q12226111,0,291,,,
YEM,Iêmen,Q20383545,http://www.wikidata.org/entity/Q20400473,0,89,,,
YEM,Iêmen,Q20383550,http://www.wikidata.org/entity/Q12226522,0,38,,,
YEM,Iêmen,Q20383551,http://www.wikidata.org/entity/Q12225523,0,193,,,
YEM,Iêmen,Q20383554,http://www.wikidata.org/entity/Q12225828,0,160,,,
YEM,Iêmen,Q20383555,http://www.wikidata.org/entity/Q25932234,0,21,,,
YEM,Iêmen,Q20383552,http://www.wikidata.org/entity/Q12226668,0,227,,,
YEM,Iêmen,Q20383558,http://www.wikidata.org/entity/Q12226163,0,32,,,
YEM,Iêmen,Q20383556,http://www.wikidata.org/entity/Q12226874,0,116,,,
YEM,Iêmen,Q20383557,http://www.wikidata.org/entity/Q12226825,0,47,,,
YEM,Iêmen,Q20383566,http://www.wikidata.org/entity/Q20417276,0,390,,,
YEM,Iêmen,Q20383571,http://www.wikidata.org/entity/Q5751685,0,41,,,
YEM,Iêmen,Q20383599,http://www.wikidata.org/entity/Q12225147,0,151,,,
YEM,Iêmen,Q20383602,http://www.wikidata.org/entity/Q5751685,0,46,,,
YEM,Iêmen,Q20383643,http://www.wikidata.org/entity/Q12226556,0,78,,,
YEM,Iêmen,Q20383645,http://www.wikidata.org/entity/Q12226213,0,109,,,
YEM,Iêmen,Q20383686,http://www.wikidata.org/entity/Q20406444,0,133,,,
YEM,Iêmen,Q20383687,http://www.wikidata.org/entity/Q12225427,0,976,,,
YEM,Iêmen,Q20383695,http://www.wikidata.org/entity/Q12226586,0,118,,,
YEM,Iêmen,Q20383693,http://www.wikidata.org/entity/Q20394704,0,53,,,
YEM,Iêmen,Q20383703,http://www.wikidata.org/entity/Q12226050,0,39,,,
YEM,Iêmen,Q20383704,http://www.wikidata.org/entity/Q20424589,0,92,,,
YEM,Iêmen,Q20383711,http://www.wikidata.org/entity/Q20399127,0,37,,,
YEM,Iêmen,Q20383714,http://www.wikidata.org/entity/Q12226556,0,58,,,
YEM,Iêmen,Q20383715,http://www.wikidata.org/entity/Q12226406,0,27,,,
YEM,Iêmen,Q20383718,http://www.wikidata.org/entity/Q12225655,0,152,,,
YEM,Iêmen,Q20383719,http://www.wikidata.org/entity/Q20406752,0,40,,,
YEM,Iêmen,Q20383716,http://www.wikidata.org/entity/Q20402371,0,67,,,
YEM,Iêmen,Q20383723,http://www.wikidata.org/entity/Q20389510,0,61,,,
YEM,Iêmen,Q20383727,http://www.wikidata.org/entity/Q20413968,0,49,,,
YEM,Iêmen,Q20383724,http://www.wikidata.org/entity/Q20392820,0,211,,,
YEM,Iêmen,Q20383725,http://www.wikidata.org/entity/Q12226463,0,26,,,
YEM,Iêmen,Q20383730,http://www.wikidata.org/entity/Q12226048,0,844,,,
YEM,Iêmen,Q20383735,http://www.wikidata.org/entity/Q12225264,0,42,,,
YEM,Iêmen,Q20383789,http://www.wikidata.org/entity/Q12226964,0,45,,,
YEM,Iêmen,Q20383799,http://www.wikidata.org/entity/Q12225490,0,116,,,
YEM,Iêmen,Q20383809,http://www.wikidata.org/entity/Q20415563,0,53,,,
YEM,Iêmen,Q20383812,http://www.wikidata.org/entity/Q20387793,0,53,,,
YEM,Iêmen,Q20383813,http://www.wikidata.org/entity/Q20388985,0,164,,,
YEM,Iêmen,Q20383816,http://www.wikidata.org/entity/Q12226146,0,191,,,
YEM,Iêmen,Q20383820,http://www.wikidata.org/entity/Q20383759,0,163,,,
YEM,Iêmen,Q20383824,http://www.wikidata.org/entity/Q20387158,0,80,,,
YEM,Iêmen,Q20383851,http://www.wikidata.org/entity/Q12226809,0,147,,,
YEM,Iêmen,Q20383849,http://www.wikidata.org/entity/Q12225295,0,158,,,
YEM,Iêmen,Q20383852,http://www.wikidata.org/entity/Q12226099,0,105,,,
YEM,Iêmen,Q20383858,http://www.wikidata.org/entity/Q25932234,0,56,,,
YEM,Iêmen,Q20383857,http://www.wikidata.org/entity/Q12226759,0,40,,,
YEM,Iêmen,Q20383864,http://www.wikidata.org/entity/Q12226649,0,458,,,
YEM,Iêmen,Q20383871,http://www.wikidata.org/entity/Q20386799,0,881,,,
YEM,Iêmen,Q20383872,http://www.wikidata.org/entity/Q12227044,0,2434,,,
YEM,Iêmen,Q20383873,http://www.wikidata.org/entity/Q20383943,0,94,,,
YEM,Iêmen,Q20383943,http://www.wikidata.org/entity/Q12225490,0,218,,,
YEM,Iêmen,Q20383948,http://www.wikidata.org/entity/Q12226164,0,231,,,
YEM,Iêmen,Q20383952,http://www.wikidata.org/entity/Q12226884,0,117,,,
YEM,Iêmen,Q20383962,http://www.wikidata.org/entity/Q12227069,0,369,,,
YEM,Iêmen,Q20383961,http://www.wikidata.org/entity/Q12226472,0,253,,,
YEM,Iêmen,Q20383964,http://www.wikidata.org/entity/Q12225746,0,181,,,
YEM,Iêmen,Q20383970,http://www.wikidata.org/entity/Q20399910,0,81,,,
YEM,Iêmen,Q20383971,http://www.wikidata.org/entity/Q4117602,0,60,,,
YEM,Iêmen,Q20383969,http://www.wikidata.org/entity/Q12227070,0,338,,,
YEM,Iêmen,Q20383973,http://www.wikidata.org/entity/Q12226688,0,27,,,
YEM,Iêmen,Q20383976,http://www.wikidata.org/entity/Q12225746,0,442,,,
YEM,Iêmen,Q20383982,http://www.wikidata.org/entity/Q12226949,0,141,,,
YEM,Iêmen,Q20383983,http://www.wikidata.org/entity/Q12225622,0,613,,,
YEM,Iêmen,Q20383981,http://www.wikidata.org/entity/Q12225776,0,208,,,
YEM,Iêmen,Q20383994,http://www.wikidata.org/entity/Q12226241,0,114,,,
YEM,Iêmen,Q20383992,http://www.wikidata.org/entity/Q20413506,0,135,,,
YEM,Iêmen,Q20383997,http://www.wikidata.org/entity/Q12226163,0,44,,,
YEM,Iêmen,Q20384007,http://www.wikidata.org/entity/Q25932234,0,87,,,
YEM,Iêmen,Q20384009,http://www.wikidata.org/entity/Q12226932,0,579,,,
YEM,Iêmen,Q20384019,http://www.wikidata.org/entity/Q20423835,0,191,,,
YEM,Iêmen,Q20384016,http://www.wikidata.org/entity/Q20394272,0,38,,,
YEM,Iêmen,Q20384017,http://www.wikidata.org/entity/Q20397282,0,74,,,
YEM,Iêmen,Q20384022,http://www.wikidata.org/entity/Q12226949,0,864,,,
YEM,Iêmen,Q20384020,http://www.wikidata.org/entity/Q12226932,0,154,,,
YEM,Iêmen,Q20384026,http://www.wikidata.org/entity/Q12225742,0,42,,,
YEM,Iêmen,Q20384028,http://www.wikidata.org/entity/Q12226870,0,557,,,
YEM,Iêmen,Q20384029,http://www.wikidata.org/entity/Q12225898,0,33,,,
YEM,Iêmen,Q20384032,http://www.wikidata.org/entity/Q12226804,0,231,,,
YEM,Iêmen,Q20384033,http://www.wikidata.org/entity/Q25932330,0,41,,,
YEM,Iêmen,Q20384039,http://www.wikidata.org/entity/Q12226550,0,606,,,
YEM,Iêmen,Q20384042,http://www.wikidata.org/entity/Q12226602,0,27,,,
YEM,Iêmen,Q20384043,http://www.wikidata.org/entity/Q4117502,0,525,,,
YEM,Iêmen,Q20384040,http://www.wikidata.org/entity/Q12226343,0,118,,,
YEM,Iêmen,Q20384050,http://www.wikidata.org/entity/Q12226495,0,541,,,
YEM,Iêmen,Q20384051,http://www.wikidata.org/entity/Q4117519,0,600,,,
YEM,Iêmen,Q20384049,http://www.wikidata.org/entity/Q12225942,0,124,,,
YEM,Iêmen,Q20384054,http://www.wikidata.org/entity/Q12225394,0,223,,,
YEM,Iêmen,Q20384052,http://www.wikidata.org/entity/Q12225212,0,54,,,
YEM,Iêmen,Q20384059,http://www.wikidata.org/entity/Q12226894,0,168,,,
YEM,Iêmen,Q20384062,http://www.wikidata.org/entity/Q12226111,0,500,,,
YEM,Iêmen,Q20384063,http://www.wikidata.org/entity/Q20393130,0,23,,,
YEM,Iêmen,Q20384061,http://www.wikidata.org/entity/Q12225071,0,555,,,
YEM,Iêmen,Q20384087,http://www.wikidata.org/entity/Q12227024,0,135,,,
YEM,Iêmen,Q20384099,http://www.wikidata.org/entity/Q12226238,0,67,,,
YEM,Iêmen,Q20384100,http://www.wikidata.org/entity/Q20417382,0,162,,,
YEM,Iêmen,Q20384107,http://www.wikidata.org/entity/Q20393130,0,37,,,
YEM,Iêmen,Q20384112,http://www.wikidata.org/entity/Q20422202,0,254,,,
YEM,Iêmen,Q20384118,http://www.wikidata.org/entity/Q20384062,0,187,,,
YEM,Iêmen,Q20384119,http://www.wikidata.org/entity/Q12226869,0,70,,,
YEM,Iêmen,Q20384116,http://www.wikidata.org/entity/Q20415005,0,165,,,
YEM,Iêmen,Q20384120,http://www.wikidata.org/entity/Q12226678,0,77,,,
YEM,Iêmen,Q20384126,http://www.wikidata.org/entity/Q12226678,0,77,,,
YEM,Iêmen,Q20384128,http://www.wikidata.org/entity/Q20417571,0,27,,,
YEM,Iêmen,Q20384203,http://www.wikidata.org/entity/Q20389018,0,59,,,
YEM,Iêmen,Q20384211,http://www.wikidata.org/entity/Q12225493,0,189,,,
YEM,Iêmen,Q20384212,http://www.wikidata.org/entity/Q12226499,0,467,,,
YEM,Iêmen,Q20384213,http://www.wikidata.org/entity/Q12226912,0,88,,,
YEM,Iêmen,Q20384221,http://www.wikidata.org/entity/Q20393677,0,62,,,
YEM,Iêmen,Q20384224,http://www.wikidata.org/entity/Q12226290,0,43,,,
YEM,Iêmen,Q20384231,http://www.wikidata.org/entity/Q20408510,0,58,,,
YEM,Iêmen,Q20384234,http://www.wikidata.org/entity/Q12225938,0,382,,,
YEM,Iêmen,Q20384243,http://www.wikidata.org/entity/Q22928966,0,95,,,
YEM,Iêmen,Q20384246,http://www.wikidata.org/entity/Q12226899,0,23,,,
YEM,Iêmen,Q20384245,http://www.wikidata.org/entity/Q12225938,0,308,,,
YEM,Iêmen,Q20384252,http://www.wikidata.org/entity/Q4117454,0,19,,,
YEM,Iêmen,Q20384258,http://www.wikidata.org/entity/Q12226611,0,243,,,
YEM,Iêmen,Q20384267,http://www.wikidata.org/entity/Q12225594,0,119,,,
YEM,Iêmen,Q20384264,http://www.wikidata.org/entity/Q4117454,0,30,,,
YEM,Iêmen,Q20384268,http://www.wikidata.org/entity/Q12226339,0,93,,,
YEM,Iêmen,Q20384279,http://www.wikidata.org/entity/Q12226688,0,40,,,
YEM,Iêmen,Q20384277,http://www.wikidata.org/entity/Q25932270,0,35,,,
YEM,Iêmen,Q20384287,http://www.wikidata.org/entity/Q12226888,0,5,,,
YEM,Iêmen,Q20384285,http://www.wikidata.org/entity/Q12225330,0,507,,,
YEM,Iêmen,Q20384290,http://www.wikidata.org/entity/Q4117544,0,36,,,
YEM,Iêmen,Q20384289,http://www.wikidata.org/entity/Q4117515,0,121,,,
YEM,Iêmen,Q20384298,http://www.wikidata.org/entity/Q12226949,0,225,,,
YEM,Iêmen,Q20384297,http://www.wikidata.org/entity/Q12226765,0,200,,,
YEM,Iêmen,Q20384302,http://www.wikidata.org/entity/Q12227055,0,117,,,
YEM,Iêmen,Q20384303,http://www.wikidata.org/entity/Q12226176,0,43,,,
YEM,Iêmen,Q20384300,http://www.wikidata.org/entity/Q12225866,0,33,,,
YEM,Iêmen,Q20384301,http://www.wikidata.org/entity/Q12225361,0,20,,,
YEM,Iêmen,Q20384307,http://www.wikidata.org/entity/Q12225330,0,65,,,
YEM,Iêmen,Q20384305,http://www.wikidata.org/entity/Q12225295,0,15,,,
YEM,Iêmen,Q20384310,http://www.wikidata.org/entity/Q12226501,0,30,,,
YEM,Iêmen,Q20384311,http://www.wikidata.org/entity/Q12225898,0,47,,,
YEM,Iêmen,Q20384314,http://www.wikidata.org/entity/Q4117682,0,41,,,
YEM,Iêmen,Q20384315,http://www.wikidata.org/entity/Q12226948,0,59,,,
YEM,Iêmen,Q20384318,http://www.wikidata.org/entity/Q12226788,0,719,,,
YEM,Iêmen,Q20384323,http://www.wikidata.org/entity/Q12225228,0,260,,,
YEM,Iêmen,Q20384321,http://www.wikidata.org/entity/Q12226884,0,141,,,
YEM,Iêmen,Q20384326,http://www.wikidata.org/entity/Q12225742,0,67,,,
YEM,Iêmen,Q20384328,http://www.wikidata.org/entity/Q5751685,0,79,,,
YEM,Iêmen,Q20384343,http://www.wikidata.org/entity/Q12225110,0,102,,,
YEM,Iêmen,Q20384341,http://www.wikidata.org/entity/Q12225988,0,72,,,
YEM,Iêmen,Q20384346,http://www.wikidata.org/entity/Q5751685,0,14,,,
YEM,Iêmen,Q20384344,http://www.wikidata.org/entity/Q125170167,0,63,,,
YEM,Iêmen,Q20384355,http://www.wikidata.org/entity/Q12225662,0,275,,,
YEM,Iêmen,Q20384353,http://www.wikidata.org/entity/Q12226145,0,61,,,
YEM,Iêmen,Q20384357,http://www.wikidata.org/entity/Q4117515,0,294,,,
YEM,Iêmen,Q20384362,http://www.wikidata.org/entity/Q12226051,0,66,,,
YEM,Iêmen,Q20384360,http://www.wikidata.org/entity/Q12225110,0,129,,,
YEM,Iêmen,Q20384366,http://www.wikidata.org/entity/Q20387651,0,222,,,
YEM,Iêmen,Q20384367,http://www.wikidata.org/entity/Q20394391,0,78,,,
YEM,Iêmen,Q20384365,http://www.wikidata.org/entity/Q12226688,0,98,,,
YEM,Iêmen,Q20384370,http://www.wikidata.org/entity/Q4117515,0,61,,,
YEM,Iêmen,Q20384371,http://www.wikidata.org/entity/Q1884189,0,250,,,
YEM,Iêmen,Q20384369,http://www.wikidata.org/entity/Q20423363,0,36,,,
YEM,Iêmen,Q20384390,http://www.wikidata.org/entity/Q12225928,0,93,,,
YEM,Iêmen,Q20384397,http://www.wikidata.org/entity/Q12225819,0,238,,,
YEM,Iêmen,Q20384402,http://www.wikidata.org/entity/Q12226949,0,274,,,
YEM,Iêmen,Q20384403,http://www.wikidata.org/entity/Q4117682,0,12,,,
YEM,Iêmen,Q20384404,http://www.wikidata.org/entity/Q125170167,0,326,,,
YEM,Iêmen,Q20384477,http://www.wikidata.org/entity/Q20417465,0,35,,,
YEM,Iêmen,Q20384486,http://www.wikidata.org/entity/Q12226406,0,119,,,
YEM,Iêmen,Q20384490,http://www.wikidata.org/entity/Q20382691,0,116,,,
YEM,Iêmen,Q20384489,http://www.wikidata.org/entity/Q20391228,0,42,,,
YEM,Iêmen,Q20384499,http://www.wikidata.org/entity/Q4117549,0,53,,,
YEM,Iêmen,Q20384502,http://www.wikidata.org/entity/Q12225928,0,372,,,
YEM,Iêmen,Q20384500,http://www.wikidata.org/entity/Q25932270,0,624,,,
YEM,Iêmen,Q20384510,http://www.wikidata.org/entity/Q12225636,0,203,,,
YEM,Iêmen,Q20387586,http://www.wikidata.org/entity/Q12226267,0,56,,,
YEM,Iêmen,Q20387587,http://www.wikidata.org/entity/Q12226238,0,89,,,
YEM,Iêmen,Q20387585,http://www.wikidata.org/entity/Q12193179,0,100,,,
YEM,Iêmen,Q20387594,http://www.wikidata.org/entity/Q12226783,0,1112,,,
YEM,Iêmen,Q20384511,,0,1444,,,
YEM,Iêmen,Q20384523,http://www.wikidata.org/entity/Q12225776,0,554,,,
YEM,Iêmen,Q20384521,http://www.wikidata.org/entity/Q4117552,0,337,,,
YEM,Iêmen,Q20384524,http://www.wikidata.org/entity/Q12225742,0,43,,,
YEM,Iêmen,Q20384536,http://www.wikidata.org/entity/Q4117502,0,84,,,
YEM,Iêmen,Q20384537,http://www.wikidata.org/entity/Q125170167,0,407,,,
YEM,Iêmen,Q20384578,http://www.wikidata.org/entity/Q12226513,0,269,,,
YEM,Iêmen,Q20384579,http://www.wikidata.org/entity/Q12226859,0,155,,,
YEM,Iêmen,Q20384576,http://www.wikidata.org/entity/Q12225849,0,798,,,
YEM,Iêmen,Q20384587,http://www.wikidata.org/entity/Q12226207,0,141,,,
YEM,Iêmen,Q20384584,http://www.wikidata.org/entity/Q12226939,0,118,,,
YEM,Iêmen,Q20384600,http://www.wikidata.org/entity/Q20409149,0,116,,,
YEM,Iêmen,Q20384634,http://www.wikidata.org/entity/Q12226497,0,233,,,
YEM,Iêmen,Q20384640,http://www.wikidata.org/entity/Q12225898,0,23,,,
YEM,Iêmen,Q20384641,http://www.wikidata.org/entity/Q12227010,0,386,,,
YEM,Iêmen,Q20384674,http://www.wikidata.org/entity/Q12226072,0,292,,,
YEM,Iêmen,Q20384679,http://www.wikidata.org/entity/Q12225544,0,21,,,
YEM,Iêmen,Q20384683,http://www.wikidata.org/entity/Q20411230,0,67,,,
YEM,Iêmen,Q20384686,http://www.wikidata.org/entity/Q12225493,0,846,,,
YEM,Iêmen,Q20384687,http://www.wikidata.org/entity/Q12225147,0,229,,,
YEM,Iêmen,Q20384684,http://www.wikidata.org/entity/Q12226383,0,155,,,
YEM,Iêmen,Q20384688,http://www.wikidata.org/entity/Q20400278,0,140,,,
YEM,Iêmen,Q20384694,http://www.wikidata.org/entity/Q12226495,0,59,,,
YEM,Iêmen,Q20384695,http://www.wikidata.org/entity/Q12226357,0,106,,,
YEM,Iêmen,Q20384692,http://www.wikidata.org/entity/Q20405639,0,21,,,
YEM,Iêmen,Q20384699,http://www.wikidata.org/entity/Q12225991,0,92,,,
YEM,Iêmen,Q20384696,http://www.wikidata.org/entity/Q20404854,0,125,,,
YEM,Iêmen,Q20384697,http://www.wikidata.org/entity/Q25932274,0,27,,,
YEM,Iêmen,Q20384703,http://www.wikidata.org/entity/Q4117682,0,210,,,
YEM,Iêmen,Q20384700,http://www.wikidata.org/entity/Q12226688,0,42,,,
YEM,Iêmen,Q20384706,http://www.wikidata.org/entity/Q20407856,0,20,,,
YEM,Iêmen,Q20384704,http://www.wikidata.org/entity/Q4117648,0,86,,,
YEM,Iêmen,Q20384710,http://www.wikidata.org/entity/Q12226383,0,30,,,
YEM,Iêmen,Q20384715,http://www.wikidata.org/entity/Q25932274,0,248,,,
YEM,Iêmen,Q20384713,http://www.wikidata.org/entity/Q4117682,0,58,,,
YEM,Iêmen,Q20384720,http://www.wikidata.org/entity/Q12226519,0,202,,,
YEM,Iêmen,Q20384763,http://www.wikidata.org/entity/Q4117519,0,360,,,
YEM,Iêmen,Q20384761,http://www.wikidata.org/entity/Q25932330,0,25,,,
YEM,Iêmen,Q20384771,http://www.wikidata.org/entity/Q12226495,0,26,,,
YEM,Iêmen,Q20384768,http://www.wikidata.org/entity/Q12226688,0,420,,,
YEM,Iêmen,Q20384778,http://www.wikidata.org/entity/Q12226688,0,32,,,
YEM,Iêmen,Q20384777,http://www.wikidata.org/entity/Q12225739,0,167,,,
YEM,Iêmen,Q20384783,http://www.wikidata.org/entity/Q12226495,0,97,,,
YEM,Iêmen,Q20384780,http://www.wikidata.org/entity/Q4117520,0,23,,,
YEM,Iêmen,Q20384786,http://www.wikidata.org/entity/Q12225180,0,276,,,
YEM,Iêmen,Q20384790,http://www.wikidata.org/entity/Q12226596,0,276,,,
YEM,Iêmen,Q20384788,http://www.wikidata.org/entity/Q12226688,0,66,,,
YEM,Iêmen,Q20384802,http://www.wikidata.org/entity/Q12225517,0,52,,,
YEM,Iêmen,Q20384800,http://www.wikidata.org/entity/Q20425498,0,109,,,
YEM,Iêmen,Q20384807,http://www.wikidata.org/entity/Q20384842,0,35,,,
YEM,Iêmen,Q20384804,http://www.wikidata.org/entity/Q20425234,0,80,,,
YEM,Iêmen,Q20384856,http://www.wikidata.org/entity/Q12226774,0,41,,,
YEM,Iêmen,Q20384890,http://www.wikidata.org/entity/Q4117520,0,30,,,
YEM,Iêmen,Q20384889,http://www.wikidata.org/entity/Q12225928,0,33,,,
YEM,Iêmen,Q20384892,http://www.wikidata.org/entity/Q12225112,0,36,,,
YEM,Iêmen,Q20384897,http://www.wikidata.org/entity/Q12226531,0,183,,,
YEM,Iêmen,Q20384903,http://www.wikidata.org/entity/Q4117552,0,30,,,
YEM,Iêmen,Q20384904,http://www.wikidata.org/entity/Q16121053,0,520,,,
YEM,Iêmen,Q20384908,http://www.wikidata.org/entity/Q12225523,0,238,,,
YEM,Iêmen,Q20384919,http://www.wikidata.org/entity/Q12226339,0,277,,,
YEM,Iêmen,Q20384920,http://www.wikidata.org/entity/Q12226040,0,559,,,
YEM,Iêmen,Q20384925,http://www.wikidata.org/entity/Q12226939,0,59,,,
YEM,Iêmen,Q20385006,http://www.wikidata.org/entity/Q4117515,0,54,,,
YEM,Iêmen,Q20385005,http://www.wikidata.org/entity/Q4117708,0,66,,,
YEM,Iêmen,Q20385008,http://www.wikidata.org/entity/Q12225221,0,996,,,
YEM,Iêmen,Q20385015,http://www.wikidata.org/entity/Q20419371,0,43,,,
YEM,Iêmen,Q20385129,http://www.wikidata.org/entity/Q12225349,0,160,,,
YEM,Iêmen,Q20385132,http://www.wikidata.org/entity/Q20415133,0,218,,,
YEM,Iêmen,Q20385185,http://www.wikidata.org/entity/Q12225613,0,268,,,
YEM,Iêmen,Q20385191,http://www.wikidata.org/entity/Q12225063,0,35,,,
YEM,Iêmen,Q20385193,http://www.wikidata.org/entity/Q12225664,0,37,,,
YEM,Iêmen,Q20385230,http://www.wikidata.org/entity/Q5751685,0,204,,,
YEM,Iêmen,Q20385228,http://www.wikidata.org/entity/Q125170113,0,34,,,
YEM,Iêmen,Q20385268,http://www.wikidata.org/entity/Q12226667,0,67,,,
YEM,Iêmen,Q20385275,http://www.wikidata.org/entity/Q12226832,0,69,,,
YEM,Iêmen,Q20385272,http://www.wikidata.org/entity/Q4117602,0,1788,,,
YEM,Iêmen,Q20385273,http://www.wikidata.org/entity/Q12227010,0,164,,,
YEM,Iêmen,Q20385278,http://www.wikidata.org/entity/Q12226226,0,93,,,
YEM,Iêmen,Q20385288,http://www.wikidata.org/entity/Q12226040,0,733,,,
YEM,Iêmen,Q20385289,http://www.wikidata.org/entity/Q12225838,0,64,,,
YEM,Iêmen,Q20385294,http://www.wikidata.org/entity/Q12226629,0,24,,,
YEM,Iêmen,Q20385322,http://www.wikidata.org/entity/Q12225828,0,38,,,
YEM,Iêmen,Q20385323,http://www.wikidata.org/entity/Q20383180,0,22,,,
YEM,Iêmen,Q20385326,http://www.wikidata.org/entity/Q20422790,0,26,,,
YEM,Iêmen,Q20385327,http://www.wikidata.org/entity/Q12225319,0,129,,,
YEM,Iêmen,Q20385381,http://www.wikidata.org/entity/Q12225750,0,72,,,
YEM,Iêmen,Q20385385,http://www.wikidata.org/entity/Q12226405,0,239,,,
YEM,Iêmen,Q20385445,http://www.wikidata.org/entity/Q12225137,0,299,,,
YEM,Iêmen,Q20385463,http://www.wikidata.org/entity/Q12225856,0,61,,,
YEM,Iêmen,Q20385466,http://www.wikidata.org/entity/Q12225909,0,50,,,
YEM,Iêmen,Q20385464,http://www.wikidata.org/entity/Q12226213,0,736,,,
YEM,Iêmen,Q20385471,http://www.wikidata.org/entity/Q12225928,0,61,,,
YEM,Iêmen,Q20385473,http://www.wikidata.org/entity/Q12226456,0,183,,,
YEM,Iêmen,Q20385479,http://www.wikidata.org/entity/Q4117544,0,22,,,
YEM,Iêmen,Q20385477,http://www.wikidata.org/entity/Q12225936,0,57,,,
YEM,Iêmen,Q20385486,http://www.wikidata.org/entity/Q12225959,0,343,,,
YEM,Iêmen,Q20385490,http://www.wikidata.org/entity/Q12225928,0,78,,,
YEM,Iêmen,Q20385488,http://www.wikidata.org/entity/Q125170167,0,30,,,
YEM,Iêmen,Q20385492,http://www.wikidata.org/entity/Q125170122,0,1072,,,
YEM,Iêmen,Q20385498,http://www.wikidata.org/entity/Q12225544,0,73,,,
YEM,Iêmen,Q20385499,http://www.wikidata.org/entity/Q20412809,0,126,,,
YEM,Iêmen,Q20385503,http://www.wikidata.org/entity/Q12226001,0,266,,,
YEM,Iêmen,Q20385504,http://www.wikidata.org/entity/Q20407012,0,73,,,
YEM,Iêmen,Q20385509,http://www.wikidata.org/entity/Q20394952,0,119,,,
YEM,Iêmen,Q20385568,http://www.wikidata.org/entity/Q20392358,0,132,,,
YEM,Iêmen,Q20385572,http://www.wikidata.org/entity/Q20405459,0,21,,,
YEM,Iêmen,Q20385598,http://www.wikidata.org/entity/Q12226676,0,56,,,
YEM,Iêmen,Q20385596,http://www.wikidata.org/entity/Q12226688,0,97,,,
YEM,Iêmen,Q20385597,http://www.wikidata.org/entity/Q12226495,0,184,,,
YEM,Iêmen,Q20385630,http://www.wikidata.org/entity/Q12225364,0,2438,,,
YEM,Iêmen,Q20385631,http://www.wikidata.org/entity/Q12225776,0,169,,,
YEM,Iêmen,Q20385629,http://www.wikidata.org/entity/Q25932330,0,43,,,
YEM,Iêmen,Q20385632,http://www.wikidata.org/entity/Q12227066,0,19,,,
YEM,Iêmen,Q20385637,http://www.wikidata.org/entity/Q12226990,0,138,,,
YEM,Iêmen,Q20385663,http://www.wikidata.org/entity/Q12226667,0,18,,,
YEM,Iêmen,Q20385665,http://www.wikidata.org/entity/Q12226588,0,44,,,
YEM,Iêmen,Q20385674,http://www.wikidata.org/entity/Q12226396,0,143,,,
YEM,Iêmen,Q20385672,http://www.wikidata.org/entity/Q12225364,0,60,,,
YEM,Iêmen,Q20385679,http://www.wikidata.org/entity/Q20410012,0,62,,,
YEM,Iêmen,Q20385676,http://www.wikidata.org/entity/Q12225364,0,116,,,
YEM,Iêmen,Q20385677,http://www.wikidata.org/entity/Q12225798,0,30,,,
YEM,Iêmen,Q20385686,http://www.wikidata.org/entity/Q12225175,0,364,,,
YEM,Iêmen,Q20385685,http://www.wikidata.org/entity/Q22929462,0,101,,,
YEM,Iêmen,Q20385691,http://www.wikidata.org/entity/Q12226544,0,60,,,
YEM,Iêmen,Q20385706,http://www.wikidata.org/entity/Q4117680,0,37,,,
YEM,Iêmen,Q20385705,http://www.wikidata.org/entity/Q5751685,0,29,,,
YEM,Iêmen,Q20385710,http://www.wikidata.org/entity/Q12225521,0,75,,,
YEM,Iêmen,Q20385711,http://www.wikidata.org/entity/Q12225742,0,25,,,
YEM,Iêmen,Q20385708,http://www.wikidata.org/entity/Q12226240,0,479,,,
YEM,Iêmen,Q20385709,http://www.wikidata.org/entity/Q4117519,0,90,,,
YEM,Iêmen,Q20385714,http://www.wikidata.org/entity/Q4117543,0,71,,,
YEM,Iêmen,Q20385719,http://www.wikidata.org/entity/Q12225678,0,310,,,
YEM,Iêmen,Q20385717,http://www.wikidata.org/entity/Q12226495,0,123,,,
YEM,Iêmen,Q20385720,http://www.wikidata.org/entity/Q12225848,0,110,,,
YEM,Iêmen,Q20385724,http://www.wikidata.org/entity/Q4117509,0,19,,,
YEM,Iêmen,Q20385766,http://www.wikidata.org/entity/Q12225620,0,102,,,
YEM,Iêmen,Q20385775,http://www.wikidata.org/entity/Q12225776,0,72,,,
YEM,Iêmen,Q20385773,http://www.wikidata.org/entity/Q125170106,0,217,,,
YEM,Iêmen,Q20385776,http://www.wikidata.org/entity/Q12225542,0,424,,,
YEM,Iêmen,Q20385777,http://www.wikidata.org/entity/Q125170113,0,49,,,
YEM,Iêmen,Q20385802,http://www.wikidata.org/entity/Q20396734,0,83,,,
YEM,Iêmen,Q20385801,http://www.wikidata.org/entity/Q12227044,0,1899,,,
YEM,Iêmen,Q20385806,http://www.wikidata.org/entity/Q20402396,0,210,,,
YEM,Iêmen,Q20385818,http://www.wikidata.org/entity/Q20415300,0,52,,,
YEM,Iêmen,Q20385822,http://www.wikidata.org/entity/Q20405719,0,66,,,
YEM,Iêmen,Q20385821,http://www.wikidata.org/entity/Q20381896,0,30,,,
YEM,Iêmen,Q20385825,http://www.wikidata.org/entity/Q20390681,0,68,,,
YEM,Iêmen,Q20385833,http://www.wikidata.org/entity/Q20392443,0,45,,,
YEM,Iêmen,Q20386050,http://www.wikidata.org/entity/Q12225942,0,130,,,
YEM,Iêmen,Q20386055,http://www.wikidata.org/entity/Q20393831,0,167,,,
YEM,Iêmen,Q20386052,http://www.wikidata.org/entity/Q20383943,0,182,,,
YEM,Iêmen,Q20386053,http://www.wikidata.org/entity/Q12226179,0,340,,,
YEM,Iêmen,Q20386057,http://www.wikidata.org/entity/Q12226238,0,43,,,
YEM,Iêmen,Q20386077,http://www.wikidata.org/entity/Q20387543,0,23,,,
YEM,Iêmen,Q20386083,http://www.wikidata.org/entity/Q12226213,0,87,,,
YEM,Iêmen,Q20386087,http://www.wikidata.org/entity/Q20410107,0,151,,,
YEM,Iêmen,Q20386084,http://www.wikidata.org/entity/Q12225164,0,89,,,
YEM,Iêmen,Q20386085,http://www.wikidata.org/entity/Q12226067,0,40,,,
YEM,Iêmen,Q20386091,http://www.wikidata.org/entity/Q20424257,0,174,,,
YEM,Iêmen,Q20386098,http://www.wikidata.org/entity/Q12226158,0,43,,,
YEM,Iêmen,Q20386097,http://www.wikidata.org/entity/Q12225167,0,78,,,
YEM,Iêmen,Q20386100,http://www.wikidata.org/entity/Q12225919,0,237,,,
YEM,Iêmen,Q20386130,http://www.wikidata.org/entity/Q12225742,0,148,,,
YEM,Iêmen,Q20386132,http://www.wikidata.org/entity/Q4117519,0,179,,,
YEM,Iêmen,Q20386136,http://www.wikidata.org/entity/Q25932234,0,106,,,
YEM,Iêmen,Q20386142,http://www.wikidata.org/entity/Q12226495,0,30,,,
YEM,Iêmen,Q20386143,http://www.wikidata.org/entity/Q12226688,0,24,,,
YEM,Iêmen,Q20386141,http://www.wikidata.org/entity/Q12225511,0,359,,,
YEM,Iêmen,Q20386146,http://www.wikidata.org/entity/Q125170122,0,44,,,
YEM,Iêmen,Q20386145,http://www.wikidata.org/entity/Q12226783,0,120,,,
YEM,Iêmen,Q20386149,http://www.wikidata.org/entity/Q125170167,0,29,,,
YEM,Iêmen,Q20386155,http://www.wikidata.org/entity/Q12226550,0,439,,,
YEM,Iêmen,Q20386156,http://www.wikidata.org/entity/Q12226817,0,194,,,
YEM,Iêmen,Q20386157,http://www.wikidata.org/entity/Q12225559,0,707,,,
YEM,Iêmen,Q20386167,http://www.wikidata.org/entity/Q20405091,0,29,,,
YEM,Iêmen,Q20386174,http://www.wikidata.org/entity/Q12225254,0,165,,,
YEM,Iêmen,Q20386175,http://www.wikidata.org/entity/Q12226688,0,26,,,
YEM,Iêmen,Q20386172,http://www.wikidata.org/entity/Q4117515,0,25,,,
YEM,Iêmen,Q20386177,http://www.wikidata.org/entity/Q12226939,0,41,,,
YEM,Iêmen,Q20386182,http://www.wikidata.org/entity/Q12225742,0,64,,,
YEM,Iêmen,Q20386187,http://www.wikidata.org/entity/Q12226153,0,682,,,
YEM,Iêmen,Q20386185,http://www.wikidata.org/entity/Q12226153,0,116,,,
YEM,Iêmen,Q20386191,http://www.wikidata.org/entity/Q12226928,0,217,,,
YEM,Iêmen,Q20386188,http://www.wikidata.org/entity/Q12226674,0,820,,,
YEM,Iêmen,Q20386194,http://www.wikidata.org/entity/Q4117454,0,25,,,
YEM,Iêmen,Q20386196,http://www.wikidata.org/entity/Q12225742,0,73,,,
YEM,Iêmen,Q20386230,http://www.wikidata.org/entity/Q12225126,0,24,,,
YEM,Iêmen,Q20386231,http://www.wikidata.org/entity/Q20393365,0,204,,,
YEM,Iêmen,Q20386238,http://www.wikidata.org/entity/Q12226297,0,50,,,
YEM,Iêmen,Q20386237,http://www.wikidata.org/entity/Q20393659,0,46,,,
YEM,Iêmen,Q20386243,http://www.wikidata.org/entity/Q12225420,0,73,,,
YEM,Iêmen,Q20386241,http://www.wikidata.org/entity/Q12226735,0,123,,,
YEM,Iêmen,Q20386248,http://www.wikidata.org/entity/Q12225253,0,503,,,
YEM,Iêmen,Q20386249,http://www.wikidata.org/entity/Q20413901,0,66,,,
YEM,Iêmen,Q20386253,http://www.wikidata.org/entity/Q12225022,0,172,,,
YEM,Iêmen,Q20386257,http://www.wikidata.org/entity/Q12226801,0,20,,,
YEM,Iêmen,Q20386329,http://www.wikidata.org/entity/Q20425536,0,139,,,
YEM,Iêmen,Q20386336,http://www.wikidata.org/entity/Q12226241,0,72,,,
YEM,Iêmen,Q20386341,http://www.wikidata.org/entity/Q12226678,0,41,,,
YEM,Iêmen,Q20386347,http://www.wikidata.org/entity/Q12225493,0,89,,,
YEM,Iêmen,Q20386478,http://www.wikidata.org/entity/Q4117519,0,400,,,
YEM,Iêmen,Q20386476,http://www.wikidata.org/entity/Q20420476,0,214,,,
YEM,Iêmen,Q20386540,http://www.wikidata.org/entity/Q12226297,0,32,,,
YEM,Iêmen,Q20386691,http://www.wikidata.org/entity/Q4117557,0,33,,,
YEM,Iêmen,Q20386694,http://www.wikidata.org/entity/Q12226443,0,565,,,
YEM,Iêmen,Q20386731,http://www.wikidata.org/entity/Q12226067,0,98,,,
YEM,Iêmen,Q20386728,http://www.wikidata.org/entity/Q12225890,0,44,,,
YEM,Iêmen,Q20386734,http://www.wikidata.org/entity/Q20400310,0,844,,,
YEM,Iêmen,Q20386764,http://www.wikidata.org/entity/Q12225642,0,149,,,
YEM,Iêmen,Q20386771,http://www.wikidata.org/entity/Q20386783,0,195,,,
YEM,Iêmen,Q20386779,http://www.wikidata.org/entity/Q12226396,0,49,,,
YEM,Iêmen,Q20386781,http://www.wikidata.org/entity/Q20404834,0,29,,,
YEM,Iêmen,Q20386787,http://www.wikidata.org/entity/Q12226258,0,16,,,
YEM,Iêmen,Q20386785,http://www.wikidata.org/entity/Q12225870,0,21,,,
YEM,Iêmen,Q20386790,http://www.wikidata.org/entity/Q12225333,0,468,,,
YEM,Iêmen,Q20386847,http://www.wikidata.org/entity/Q20391852,0,95,,,
YEM,Iêmen,Q20386850,http://www.wikidata.org/entity/Q12225694,0,104,,,
YEM,Iêmen,Q20386854,http://www.wikidata.org/entity/Q12225655,0,146,,,
YEM,Iêmen,Q20386853,http://www.wikidata.org/entity/Q12226768,0,134,,,
YEM,Iêmen,Q20387041,http://www.wikidata.org/entity/Q12226804,0,123,,,
YEM,Iêmen,Q20387051,http://www.wikidata.org/entity/Q12226475,0,78,,,
YEM,Iêmen,Q20387048,http://www.wikidata.org/entity/Q25932352,0,108,,,
YEM,Iêmen,Q20387049,http://www.wikidata.org/entity/Q12226176,0,82,,,
YEM,Iêmen,Q20387054,http://www.wikidata.org/entity/Q4117502,0,229,,,
YEM,Iêmen,Q20387063,http://www.wikidata.org/entity/Q12225164,0,73,,,
YEM,Iêmen,Q20387065,http://www.wikidata.org/entity/Q4117519,0,64,,,
YEM,Iêmen,Q20382014,http://www.wikidata.org/entity/Q12226688,0,224,,,
YEM,Iêmen,Q20382018,http://www.wikidata.org/entity/Q125170122,0,1312,,,
YEM,Iêmen,Q20382019,http://www.wikidata.org/entity/Q4117454,0,75,,,
YEM,Iêmen,Q20382023,http://www.wikidata.org/entity/Q4117544,0,54,,,
YEM,Iêmen,Q20382272,http://www.wikidata.org/entity/Q4117704,0,50,,,
YEM,Iêmen,Q20382273,http://www.wikidata.org/entity/Q4117544,0,178,,,
YEM,Iêmen,Q20382282,http://www.wikidata.org/entity/Q12226949,0,75,,,
YEM,Iêmen,Q20382283,http://www.wikidata.org/entity/Q4117552,0,57,,,
YEM,Iêmen,Q20382280,http://www.wikidata.org/entity/Q4117520,0,42,,,
YEM,Iêmen,Q20382281,http://www.wikidata.org/entity/Q12225776,0,755,,,
YEM,Iêmen,Q20382286,http://www.wikidata.org/entity/Q4117556,0,94,,,
YEM,Iêmen,Q20382287,http://www.wikidata.org/entity/Q4117698,0,182,,,
YEM,Iêmen,Q20382288,http://www.wikidata.org/entity/Q1884189,0,154,,,
YEM,Iêmen,Q20382421,http://www.wikidata.org/entity/Q25932274,0,148,,,
YEM,Iêmen,Q20382433,http://www.wikidata.org/entity/Q4117454,0,62,,,
YEM,Iêmen,Q20382438,http://www.wikidata.org/entity/Q25932274,0,109,,,
YEM,Iêmen,Q20382439,http://www.wikidata.org/entity/Q12226783,0,87,,,
YEM,Iêmen,Q20382443,http://www.wikidata.org/entity/Q12226173,0,318,,,
YEM,Iêmen,Q20382440,http://www.wikidata.org/entity/Q4117552,0,102,,,
YEM,Iêmen,Q20382441,http://www.wikidata.org/entity/Q12226688,0,35,,,
YEM,Iêmen,Q20382446,http://www.wikidata.org/entity/Q12226783,0,194,,,
YEM,Iêmen,Q20382447,http://www.wikidata.org/entity/Q4117824,0,496,,,
YEM,Iêmen,Q20382444,http://www.wikidata.org/entity/Q25932274,0,6,,,
YEM,Iêmen,Q20382445,http://www.wikidata.org/entity/Q4117574,0,63,,,
YEM,Iêmen,Q20382448,http://www.wikidata.org/entity/Q4117454,0,138,,,
YEM,Iêmen,Q20382467,http://www.wikidata.org/entity/Q12226783,0,69,,,
YEM,Iêmen,Q20382468,http://www.wikidata.org/entity/Q4117520,0,45,,,
YEM,Iêmen,Q20382482,http://www.wikidata.org/entity/Q12225022,0,175,,,
YEM,Iêmen,Q20382486,http://www.wikidata.org/entity/Q12225991,0,193,,,
YEM,Iêmen,Q20382487,http://www.wikidata.org/entity/Q4117574,0,155,,,
YEM,Iêmen,Q20382485,http://www.wikidata.org/entity/Q4117574,0,137,,,
YEM,Iêmen,Q20382490,http://www.wikidata.org/entity/Q12225819,0,98,,,
YEM,Iêmen,Q20382494,http://www.wikidata.org/entity/Q12226688,0,77,,,
YEM,Iêmen,Q20382492,http://www.wikidata.org/entity/Q12225319,0,182,,,
YEM,Iêmen,Q20382716,http://www.wikidata.org/entity/Q12226522,0,230,,,
YEM,Iêmen,Q20382722,http://www.wikidata.org/entity/Q125170123,0,49,,,
YEM,Iêmen,Q20382720,http://www.wikidata.org/entity/Q25932330,0,69,,,
YEM,Iêmen,Q20382721,http://www.wikidata.org/entity/Q4117454,0,39,,,
YEM,Iêmen,Q20382726,http://www.wikidata.org/entity/Q1884189,0,108,,,
YEM,Iêmen,Q20382724,http://www.wikidata.org/entity/Q125170135,0,1340,,,
YEM,Iêmen,Q20382725,http://www.wikidata.org/entity/Q12226939,0,56,,,
YEM,Iêmen,Q20382730,http://www.wikidata.org/entity/Q12225488,0,35,,,
YEM,Iêmen,Q20382728,http://www.wikidata.org/entity/Q125170122,0,88,,,
YEM,Iêmen,Q20382734,http://www.wikidata.org/entity/Q4117574,0,102,,,
YEM,Iêmen,Q20382733,http://www.wikidata.org/entity/Q12225928,0,41,,,
YEM,Iêmen,Q20382738,http://www.wikidata.org/entity/Q12225195,0,104,,,
YEM,Iêmen,Q20382736,http://www.wikidata.org/entity/Q12225330,0,64,,,
YEM,Iêmen,Q20382763,http://www.wikidata.org/entity/Q4117544,0,151,,,
YEM,Iêmen,Q20382760,http://www.wikidata.org/entity/Q4118398,0,15,,,
YEM,Iêmen,Q20382766,http://www.wikidata.org/entity/Q4117824,0,32,,,
YEM,Iêmen,Q20382764,http://www.wikidata.org/entity/Q12225742,0,36,,,
YEM,Iêmen,Q20382768,http://www.wikidata.org/entity/Q4117519,0,301,,,
YEM,Iêmen,Q20382826,http://www.wikidata.org/entity/Q12226897,0,34,,,
YEM,Iêmen,Q20382824,http://www.wikidata.org/entity/Q12226688,0,143,,,
YEM,Iêmen,Q20382830,http://www.wikidata.org/entity/Q12226732,0,69,,,
YEM,Iêmen,Q20382828,http://www.wikidata.org/entity/Q125170086,0,21,,,
YEM,Iêmen,Q20382834,http://www.wikidata.org/entity/Q12227081,0,128,,,
YEM,Iêmen,Q20382833,http://www.wikidata.org/entity/Q12226688,0,30,,,
YEM,Iêmen,Q20382838,http://www.wikidata.org/entity/Q12225965,0,51,,,
YEM,Iêmen,Q20382836,http://www.wikidata.org/entity/Q12225637,0,20,,,
YEM,Iêmen,Q20382837,http://www.wikidata.org/entity/Q4117704,0,133,,,
YEM,Iêmen,Q20382844,http://www.wikidata.org/entity/Q12226688,0,282,,,
YEM,Iêmen,Q20383505,http://www.wikidata.org/entity/Q12225978,0,47,,,
YEM,Iêmen,Q20383514,http://www.wikidata.org/entity/Q12226794,0,70,,,
YEM,Iêmen,Q20383515,http://www.wikidata.org/entity/Q4117789,0,323,,,
YEM,Iêmen,Q20383513,http://www.wikidata.org/entity/Q12226949,0,55,,,
YEM,Iêmen,Q20383518,http://www.wikidata.org/entity/Q12226371,0,165,,,
YEM,Iêmen,Q20383516,http://www.wikidata.org/entity/Q4117520,0,75,,,
YEM,Iêmen,Q20383520,http://www.wikidata.org/entity/Q12225742,0,143,,,
YEM,Iêmen,Q20383578,http://www.wikidata.org/entity/Q25932274,0,21,,,
YEM,Iêmen,Q20383576,http://www.wikidata.org/entity/Q12225920,0,59,,,
YEM,Iêmen,Q20383582,http://www.wikidata.org/entity/Q125170122,0,60,,,
YEM,Iêmen,Q20383583,http://www.wikidata.org/entity/Q12225991,0,168,,,
YEM,Iêmen,Q20383580,http://www.wikidata.org/entity/Q20425477,0,31,,,
YEM,Iêmen,Q20383587,http://www.wikidata.org/entity/Q12225867,0,199,,,
YEM,Iêmen,Q20383584,http://www.wikidata.org/entity/Q12225848,0,66,,,
YEM,Iêmen,Q20383585,http://www.wikidata.org/entity/Q4117552,0,1579,,,
YEM,Iêmen,Q20383590,http://www.wikidata.org/entity/Q12225849,0,1073,,,
YEM,Iêmen,Q20383588,http://www.wikidata.org/entity/Q12226176,0,471,,,
YEM,Iêmen,Q20383589,http://www.wikidata.org/entity/Q20403246,0,58,,,
YEM,Iêmen,Q20383594,http://www.wikidata.org/entity/Q12226774,0,13,,,
YEM,Iêmen,Q20383595,http://www.wikidata.org/entity/Q12226279,0,580,,,
YEM,Iêmen,Q20383592,http://www.wikidata.org/entity/Q20393738,0,323,,,
YEM,Iêmen,Q20383598,http://www.wikidata.org/entity/Q20386101,0,75,,,
YEM,Iêmen,Q20383597,http://www.wikidata.org/entity/Q20383418,0,295,,,
YEM,Iêmen,Q20383601,http://www.wikidata.org/entity/Q12225642,0,30,,,
YEM,Iêmen,Q20383604,http://www.wikidata.org/entity/Q25932234,0,72,,,
YEM,Iêmen,Q20383658,http://www.wikidata.org/entity/Q12225928,0,92,,,
YEM,Iêmen,Q20383656,http://www.wikidata.org/entity/Q580992,0,90,,,
YEM,Iêmen,Q20383662,http://www.wikidata.org/entity/Q20402229,0,175,,,
YEM,Iêmen,Q20383661,http://www.wikidata.org/entity/Q20385108,0,145,,,
YEM,Iêmen,Q20383666,http://www.wikidata.org/entity/Q20382495,0,58,,,
YEM,Iêmen,Q20383670,http://www.wikidata.org/entity/Q1884189,0,165,,,
YEM,Iêmen,Q20383671,http://www.wikidata.org/entity/Q12226164,0,563,,,
YEM,Iêmen,Q20383669,http://www.wikidata.org/entity/Q12225659,0,321,,,
YEM,Iêmen,Q20383674,http://www.wikidata.org/entity/Q20406127,0,23,,,
YEM,Iêmen,Q20383676,http://www.wikidata.org/entity/Q12225742,0,86,,,
YEM,Iêmen,Q20383731,http://www.wikidata.org/entity/Q4117502,0,156,,,
YEM,Iêmen,Q20383728,http://www.wikidata.org/entity/Q4117698,0,164,,,
YEM,Iêmen,Q20383734,http://www.wikidata.org/entity/Q12226100,0,196,,,
YEM,Iêmen,Q20383733,http://www.wikidata.org/entity/Q12226176,0,269,,,
YEM,Iêmen,Q20383738,http://www.wikidata.org/entity/Q25932352,0,310,,,
YEM,Iêmen,Q20383739,http://www.wikidata.org/entity/Q12226456,0,220,,,
YEM,Iêmen,Q20383746,http://www.wikidata.org/entity/Q12226949,0,127,,,
YEM,Iêmen,Q20383750,http://www.wikidata.org/entity/Q25932274,0,169,,,
YEM,Iêmen,Q20383794,http://www.wikidata.org/entity/Q12225992,0,128,,,
YEM,Iêmen,Q20383795,http://www.wikidata.org/entity/Q4117693,0,432,,,
YEM,Iêmen,Q20383792,http://www.wikidata.org/entity/Q12226495,0,34,,,
YEM,Iêmen,Q20383793,http://www.wikidata.org/entity/Q20406818,0,59,,,
YEM,Iêmen,Q20383796,http://www.wikidata.org/entity/Q12225295,0,134,,,
YEM,Iêmen,Q20383800,http://www.wikidata.org/entity/Q12226480,0,945,,,
YEM,Iêmen,Q20383830,http://www.wikidata.org/entity/Q4117682,0,118,,,
YEM,Iêmen,Q20383829,http://www.wikidata.org/entity/Q12226724,0,58,,,
YEM,Iêmen,Q20383834,http://www.wikidata.org/entity/Q12225746,0,167,,,
YEM,Iêmen,Q20383832,http://www.wikidata.org/entity/Q4117433,0,144,,,
YEM,Iêmen,Q20383838,http://www.wikidata.org/entity/Q12225898,0,891,,,
YEM,Iêmen,Q20383843,http://www.wikidata.org/entity/Q12225992,0,85,,,
YEM,Iêmen,Q20383841,http://www.wikidata.org/entity/Q12226122,0,69,,,
YEM,Iêmen,Q20383848,http://www.wikidata.org/entity/Q20419422,0,75,,,
YEM,Iêmen,Q20383854,http://www.wikidata.org/entity/Q12225125,0,427,,,
YEM,Iêmen,Q20383855,http://www.wikidata.org/entity/Q20410107,0,31,,,
YEM,Iêmen,Q20383863,http://www.wikidata.org/entity/Q22928966,0,98,,,
YEM,Iêmen,Q20383861,http://www.wikidata.org/entity/Q20393481,0,38,,,
YEM,Iêmen,Q20383867,http://www.wikidata.org/entity/Q12226281,0,118,,,
YEM,Iêmen,Q20383865,http://www.wikidata.org/entity/Q12226258,0,180,,,
YEM,Iêmen,Q20383986,http://www.wikidata.org/entity/Q12226099,0,289,,,
YEM,Iêmen,Q20383987,http://www.wikidata.org/entity/Q12226511,0,55,,,
YEM,Iêmen,Q20383990,http://www.wikidata.org/entity/Q25932270,0,54,,,
YEM,Iêmen,Q20383998,http://www.wikidata.org/entity/Q4117454,0,158,,,
YEM,Iêmen,Q20383996,http://www.wikidata.org/entity/Q25932234,0,42,,,
YEM,Iêmen,Q20384002,http://www.wikidata.org/entity/Q20416482,0,41,,,
YEM,Iêmen,Q20384004,http://www.wikidata.org/entity/Q12226050,0,47,,,
YEM,Iêmen,Q20384064,http://www.wikidata.org/entity/Q4117502,0,163,,,
YEM,Iêmen,Q20384065,http://www.wikidata.org/entity/Q12225856,0,50,,,
YEM,Iêmen,Q20384070,http://www.wikidata.org/entity/Q12226238,0,246,,,
YEM,Iêmen,Q20384076,http://www.wikidata.org/entity/Q5751685,0,622,,,
YEM,Iêmen,Q20384080,http://www.wikidata.org/entity/Q12226281,0,149,,,
YEM,Iêmen,Q20384167,http://www.wikidata.org/entity/Q5751685,0,366,,,
YEM,Iêmen,Q20384168,http://www.wikidata.org/entity/Q12225788,0,201,,,
YEM,Iêmen,Q20384172,http://www.wikidata.org/entity/Q20397429,0,34,,,
YEM,Iêmen,Q20384173,http://www.wikidata.org/entity/Q4117704,0,54,,,
YEM,Iêmen,Q20384179,http://www.wikidata.org/entity/Q12226674,0,356,,,
YEM,Iêmen,Q20384176,http://www.wikidata.org/entity/Q12226899,0,24,,,
YEM,Iêmen,Q20384186,http://www.wikidata.org/entity/Q12225199,0,87,,,
YEM,Iêmen,Q20384187,http://www.wikidata.org/entity/Q12226050,0,232,,,
YEM,Iêmen,Q20382848,http://www.wikidata.org/entity/Q12226372,0,227,,,
YEM,Iêmen,Q20382903,http://www.wikidata.org/entity/Q12225588,0,236,,,
YEM,Iêmen,Q20382906,http://www.wikidata.org/entity/Q12226688,0,80,,,
YEM,Iêmen,Q20382907,http://www.wikidata.org/entity/Q25932270,0,46,,,
YEM,Iêmen,Q20382905,http://www.wikidata.org/entity/Q12226939,0,45,,,
YEM,Iêmen,Q20382908,http://www.wikidata.org/entity/Q4117502,0,47,,,
YEM,Iêmen,Q20382914,http://www.wikidata.org/entity/Q4117454,0,99,,,
YEM,Iêmen,Q20382912,http://www.wikidata.org/entity/Q4117560,0,56,,,
YEM,Iêmen,Q20382919,http://www.wikidata.org/entity/Q25932274,0,35,,,
YEM,Iêmen,Q20382916,http://www.wikidata.org/entity/Q12225330,0,54,,,
YEM,Iêmen,Q20382924,http://www.wikidata.org/entity/Q12225600,0,65,,,
YEM,Iêmen,Q20382930,http://www.wikidata.org/entity/Q4117454,0,149,,,
YEM,Iêmen,Q20382928,http://www.wikidata.org/entity/Q4117433,0,153,,,
YEM,Iêmen,Q20382929,http://www.wikidata.org/entity/Q12226587,0,334,,,
YEM,Iêmen,Q20382934,http://www.wikidata.org/entity/Q12226674,0,54,,,
YEM,Iêmen,Q20382935,http://www.wikidata.org/entity/Q12226949,0,134,,,
YEM,Iêmen,Q20382932,http://www.wikidata.org/entity/Q12226783,0,30,,,
YEM,Iêmen,Q20382938,http://www.wikidata.org/entity/Q12226688,0,65,,,
YEM,Iêmen,Q20382939,http://www.wikidata.org/entity/Q12226495,0,125,,,
YEM,Iêmen,Q20382937,http://www.wikidata.org/entity/Q4117502,0,54,,,
YEM,Iêmen,Q20382942,http://www.wikidata.org/entity/Q12227058,0,153,,,
YEM,Iêmen,Q20382943,http://www.wikidata.org/entity/Q12225039,0,540,,,
YEM,Iêmen,Q20382940,http://www.wikidata.org/entity/Q4117515,0,218,,,
YEM,Iêmen,Q20382947,http://www.wikidata.org/entity/Q4117556,0,230,,,
YEM,Iêmen,Q20382945,http://www.wikidata.org/entity/Q12226855,0,165,,,
YEM,Iêmen,Q20382948,http://www.wikidata.org/entity/Q12225319,0,730,,,
YEM,Iêmen,Q20383086,http://www.wikidata.org/entity/Q12225221,0,139,,,
YEM,Iêmen,Q20383087,http://www.wikidata.org/entity/Q4117556,0,28,,,
YEM,Iêmen,Q20383084,http://www.wikidata.org/entity/Q12225663,0,550,,,
YEM,Iêmen,Q20383091,http://www.wikidata.org/entity/Q12227069,0,543,,,
YEM,Iêmen,Q20383088,http://www.wikidata.org/entity/Q12225158,0,87,,,
YEM,Iêmen,Q20383093,http://www.wikidata.org/entity/Q12225742,0,54,,,
YEM,Iêmen,Q20383098,http://www.wikidata.org/entity/Q125170122,0,101,,,
YEM,Iêmen,Q20383099,http://www.wikidata.org/entity/Q12225519,0,42,,,
YEM,Iêmen,Q20383096,http://www.wikidata.org/entity/Q12226086,0,75,,,
YEM,Iêmen,Q20383097,http://www.wikidata.org/entity/Q4117556,0,36,,,
YEM,Iêmen,Q20383102,http://www.wikidata.org/entity/Q12226032,0,33,,,
YEM,Iêmen,Q20383259,http://www.wikidata.org/entity/Q25932234,0,213,,,
YEM,Iêmen,Q20383318,http://www.wikidata.org/entity/Q4117549,0,55,,,
YEM,Iêmen,Q20383321,http://www.wikidata.org/entity/Q12226832,0,67,,,
YEM,Iêmen,Q20383326,http://www.wikidata.org/entity/Q12225330,0,799,,,
YEM,Iêmen,Q20383325,http://www.wikidata.org/entity/Q12226893,0,396,,,
YEM,Iêmen,Q20383331,http://www.wikidata.org/entity/Q12226376,0,149,,,
YEM,Iêmen,Q20383328,http://www.wikidata.org/entity/Q12226107,0,135,,,
YEM,Iêmen,Q20383329,http://www.wikidata.org/entity/Q12226556,0,58,,,
YEM,Iêmen,Q20383335,http://www.wikidata.org/entity/Q4117502,0,75,,,
YEM,Iêmen,Q20383339,http://www.wikidata.org/entity/Q12226556,0,56,,,
YEM,Iêmen,Q20383337,http://www.wikidata.org/entity/Q12225987,0,36,,,
YEM,Iêmen,Q20383396,http://www.wikidata.org/entity/Q25932234,0,25,,,
YEM,Iêmen,Q20383401,http://www.wikidata.org/entity/Q12225533,0,249,,,
YEM,Iêmen,Q20383406,http://www.wikidata.org/entity/Q12225330,0,42,,,
YEM,Iêmen,Q20383405,http://www.wikidata.org/entity/Q25932274,0,31,,,
YEM,Iêmen,Q20383439,http://www.wikidata.org/entity/Q12226113,0,103,,,
YEM,Iêmen,Q20383436,http://www.wikidata.org/entity/Q25932274,0,148,,,
YEM,Iêmen,Q20383443,http://www.wikidata.org/entity/Q12226217,0,993,,,
YEM,Iêmen,Q20383441,http://www.wikidata.org/entity/Q12226421,0,485,,,
YEM,Iêmen,Q20383445,http://www.wikidata.org/entity/Q4117602,0,218,,,
YEM,Iêmen,Q20383455,http://www.wikidata.org/entity/Q4117544,0,49,,,
YEM,Iêmen,Q20383481,http://www.wikidata.org/entity/Q12226550,0,29,,,
YEM,Iêmen,Q20383487,http://www.wikidata.org/entity/Q12226949,0,86,,,
YEM,Iêmen,Q20383484,http://www.wikidata.org/entity/Q4117704,0,483,,,
YEM,Iêmen,Q20383494,http://www.wikidata.org/entity/Q4117704,0,198,,,
YEM,Iêmen,Q20383503,http://www.wikidata.org/entity/Q12225580,0,72,,,
YEM,Iêmen,Q20383506,http://www.wikidata.org/entity/Q12225523,0,184,,,
YEM,Iêmen,Q20384184,http://www.wikidata.org/entity/Q25932274,0,68,,,
YEM,Iêmen,Q20384185,http://www.wikidata.org/entity/Q20404433,0,30,,,
YEM,Iêmen,Q20384188,http://www.wikidata.org/entity/Q5751685,0,52,,,
YEM,Iêmen,Q20384189,http://www.wikidata.org/entity/Q12226550,0,35,,,
YEM,Iêmen,Q20384270,http://www.wikidata.org/entity/Q12180047,0,449,,,
YEM,Iêmen,Q20384280,http://www.wikidata.org/entity/Q20383843,0,30,,,
YEM,Iêmen,Q20384288,http://www.wikidata.org/entity/Q20393833,0,118,,,
YEM,Iêmen,Q20384296,http://www.wikidata.org/entity/Q12225264,0,101,,,
YEM,Iêmen,Q20384331,http://www.wikidata.org/entity/Q12225792,0,72,,,
YEM,Iêmen,Q20384334,http://www.wikidata.org/entity/Q12226688,0,47,,,
YEM,Iêmen,Q20384335,http://www.wikidata.org/entity/Q4117515,0,69,,,
YEM,Iêmen,Q20384332,http://www.wikidata.org/entity/Q20392927,0,90,,,
YEM,Iêmen,Q20384333,http://www.wikidata.org/entity/Q12226817,0,25,,,
YEM,Iêmen,Q20384336,http://www.wikidata.org/entity/Q5751685,0,20,,,
YEM,Iêmen,Q20384342,http://www.wikidata.org/entity/Q20394360,0,33,,,
YEM,Iêmen,Q20384348,http://www.wikidata.org/entity/Q20411356,0,25,,,
YEM,Iêmen,Q20384354,http://www.wikidata.org/entity/Q20425534,0,38,,,
YEM,Iêmen,Q20384358,http://www.wikidata.org/entity/Q12226586,0,86,,,
YEM,Iêmen,Q20384375,http://www.wikidata.org/entity/Q125170122,0,191,,,
YEM,Iêmen,Q20384377,http://www.wikidata.org/entity/Q20413519,0,78,,,
YEM,Iêmen,Q20384391,http://www.wikidata.org/entity/Q20404488,0,66,,,
YEM,Iêmen,Q20384395,http://www.wikidata.org/entity/Q20415862,0,47,,,
YEM,Iêmen,Q20384396,http://www.wikidata.org/entity/Q12226966,0,85,,,
YEM,Iêmen,Q20384411,http://www.wikidata.org/entity/Q20406039,0,129,,,
YEM,Iêmen,Q20384415,http://www.wikidata.org/entity/Q4117556,0,204,,,
YEM,Iêmen,Q20384412,http://www.wikidata.org/entity/Q20399869,0,22,,,
YEM,Iêmen,Q20384413,http://www.wikidata.org/entity/Q12226825,0,39,,,
YEM,Iêmen,Q20384418,http://www.wikidata.org/entity/Q12225295,0,90,,,
YEM,Iêmen,Q20384416,http://www.wikidata.org/entity/Q12225600,0,89,,,
YEM,Iêmen,Q20384417,http://www.wikidata.org/entity/Q4117509,0,42,,,
YEM,Iêmen,Q20384431,http://www.wikidata.org/entity/Q25932352,0,418,,,
YEM,Iêmen,Q20384437,http://www.wikidata.org/entity/Q12225106,0,37,,,
YEM,Iêmen,Q20384442,http://www.wikidata.org/entity/Q12226688,0,164,,,
YEM,Iêmen,Q20384449,http://www.wikidata.org/entity/Q25932274,0,67,,,
YEM,Iêmen,Q20384452,http://www.wikidata.org/entity/Q12225281,0,154,,,
YEM,Iêmen,Q20384453,http://www.wikidata.org/entity/Q12226688,0,194,,,
YEM,Iêmen,Q20384457,http://www.wikidata.org/entity/Q125170113,0,53,,,
YEM,Iêmen,Q20384467,http://www.wikidata.org/entity/Q125170179,0,37,,,
YEM,Iêmen,Q20384480,http://www.wikidata.org/entity/Q12225776,0,11,,,
YEM,Iêmen,Q20384481,http://www.wikidata.org/entity/Q12225912,0,117,,,
YEM,Iêmen,Q20384485,http://www.wikidata.org/entity/Q12226377,0,141,,,
YEM,Iêmen,Q20384491,http://www.wikidata.org/entity/Q12225898,0,128,,,
YEM,Iêmen,Q20384495,http://www.wikidata.org/entity/Q12226951,0,274,,,
YEM,Iêmen,Q20384492,http://www.wikidata.org/entity/Q12225022,0,236,,,
YEM,Iêmen,Q20384638,http://www.wikidata.org/entity/Q20405719,0,98,,,
YEM,Iêmen,Q20384637,http://www.wikidata.org/entity/Q12225220,0,453,,,
YEM,Iêmen,Q20384723,http://www.wikidata.org/entity/Q12225530,0,48,,,
YEM,Iêmen,Q20384726,http://www.wikidata.org/entity/Q20400913,0,139,,,
YEM,Iêmen,Q20384725,http://www.wikidata.org/entity/Q20422514,0,91,,,
YEM,Iêmen,Q20384730,http://www.wikidata.org/entity/Q20412430,0,48,,,
YEM,Iêmen,Q20384728,http://www.wikidata.org/entity/Q12225766,0,721,,,
YEM,Iêmen,Q20384729,http://www.wikidata.org/entity/Q12225175,0,38,,,
YEM,Iêmen,Q20384735,http://www.wikidata.org/entity/Q20410557,0,107,,,
YEM,Iêmen,Q20384732,http://www.wikidata.org/entity/Q12227015,0,54,,,
YEM,Iêmen,Q20384733,http://www.wikidata.org/entity/Q12225493,0,318,,,
YEM,Iêmen,Q20384738,http://www.wikidata.org/entity/Q20387224,0,52,,,
YEM,Iêmen,Q20384737,http://www.wikidata.org/entity/Q20389040,0,347,,,
YEM,Iêmen,Q20384742,http://www.wikidata.org/entity/Q12226544,0,54,,,
YEM,Iêmen,Q20384743,http://www.wikidata.org/entity/Q20406039,0,36,,,
YEM,Iêmen,Q20384741,http://www.wikidata.org/entity/Q12225942,0,469,,,
YEM,Iêmen,Q20384747,http://www.wikidata.org/entity/Q12225867,0,252,,,
YEM,Iêmen,Q20384744,http://www.wikidata.org/entity/Q20391035,0,34,,,
YEM,Iêmen,Q20384749,http://www.wikidata.org/entity/Q20381835,0,47,,,
YEM,Iêmen,Q20384784,http://www.wikidata.org/entity/Q20416027,0,20,,,
YEM,Iêmen,Q20384792,http://www.wikidata.org/entity/Q20385544,0,66,,,
YEM,Iêmen,Q20384796,http://www.wikidata.org/entity/Q20417876,0,21,,,
YEM,Iêmen,Q20384871,http://www.wikidata.org/entity/Q12225147,0,38,,,
YEM,Iêmen,Q20384875,http://www.wikidata.org/entity/Q20416140,0,93,,,
YEM,Iêmen,Q20384872,http://www.wikidata.org/entity/Q12226126,0,108,,,
YEM,Iêmen,Q20384873,http://www.wikidata.org/entity/Q20403764,0,29,,,
YEM,Iêmen,Q20384878,http://www.wikidata.org/entity/Q12225966,0,209,,,
YEM,Iêmen,Q20384877,http://www.wikidata.org/entity/Q20384872,0,35,,,
YEM,Iêmen,Q20384882,http://www.wikidata.org/entity/Q12225164,0,34,,,
YEM,Iêmen,Q20384883,http://www.wikidata.org/entity/Q12226596,0,86,,,
YEM,Iêmen,Q20384880,http://www.wikidata.org/entity/Q12226163,0,35,,,
YEM,Iêmen,Q20384885,http://www.wikidata.org/entity/Q12226241,0,143,,,
YEM,Iêmen,Q20384894,http://www.wikidata.org/entity/Q4117704,0,161,,,
YEM,Iêmen,Q20384933,http://www.wikidata.org/entity/Q20416700,0,111,,,
YEM,Iêmen,Q20385010,http://www.wikidata.org/entity/Q25932274,0,34,,,
YEM,Iêmen,Q20385018,http://www.wikidata.org/entity/Q12226510,0,92,,,
YEM,Iêmen,Q20385020,http://www.wikidata.org/entity/Q12226444,0,186,,,
YEM,Iêmen,Q20385021,http://www.wikidata.org/entity/Q12226122,0,221,,,
YEM,Iêmen,Q20385064,http://www.wikidata.org/entity/Q12226788,0,381,,,
YEM,Iêmen,Q20385065,http://www.wikidata.org/entity/Q12226448,0,25,,,
YEM,Iêmen,Q20385075,http://www.wikidata.org/entity/Q4117502,0,228,,,
YEM,Iêmen,Q20385073,http://www.wikidata.org/entity/Q5751685,0,18,,,
YEM,Iêmen,Q20385078,http://www.wikidata.org/entity/Q12226444,0,936,,,
YEM,Iêmen,Q20385083,http://www.wikidata.org/entity/Q4117557,0,810,,,
YEM,Iêmen,Q20385084,http://www.wikidata.org/entity/Q12225164,0,114,,,
YEM,Iêmen,Q20385094,http://www.wikidata.org/entity/Q12226448,0,621,,,
YEM,Iêmen,Q20385096,http://www.wikidata.org/entity/Q12226768,0,397,,,
YEM,Iêmen,Q20385104,http://www.wikidata.org/entity/Q20398382,0,29,,,
YEM,Iêmen,Q20385110,http://www.wikidata.org/entity/Q12225147,0,58,,,
YEM,Iêmen,Q20385133,http://www.wikidata.org/entity/Q20420450,0,88,,,
YEM,Iêmen,Q20385137,http://www.wikidata.org/entity/Q20416203,0,56,,,
YEM,Iêmen,Q20385142,http://www.wikidata.org/entity/Q12225721,0,38,,,
YEM,Iêmen,Q20385140,http://www.wikidata.org/entity/Q20393738,0,50,,,
YEM,Iêmen,Q20385146,http://www.wikidata.org/entity/Q12226735,0,48,,,
YEM,Iêmen,Q20385151,http://www.wikidata.org/entity/Q20408510,0,30,,,
YEM,Iêmen,Q20385149,http://www.wikidata.org/entity/Q20393738,0,114,,,
YEM,Iêmen,Q20385158,http://www.wikidata.org/entity/Q12226339,0,118,,,
YEM,Iêmen,Q20385162,http://www.wikidata.org/entity/Q12226412,0,106,,,
YEM,Iêmen,Q20385186,http://www.wikidata.org/entity/Q20408146,0,234,,,
YEM,Iêmen,Q20385184,http://www.wikidata.org/entity/Q20385808,0,96,,,
YEM,Iêmen,Q20385195,http://www.wikidata.org/entity/Q4117602,0,129,,,
YEM,Iêmen,Q20385198,http://www.wikidata.org/entity/Q12225867,0,67,,,
YEM,Iêmen,Q20385196,http://www.wikidata.org/entity/Q20403555,0,45,,,
YEM,Iêmen,Q20385324,http://www.wikidata.org/entity/Q12227058,0,21,,,
YEM,Iêmen,Q20385325,http://www.wikidata.org/entity/Q5751685,0,65,,,
YEM,Iêmen,Q20385358,http://www.wikidata.org/entity/Q12225199,0,124,,,
YEM,Iêmen,Q20385360,http://www.wikidata.org/entity/Q580992,0,107,,,
YEM,Iêmen,Q20385373,http://www.wikidata.org/entity/Q4117502,0,43,,,
YEM,Iêmen,Q20385376,http://www.wikidata.org/entity/Q12226349,0,119,,,
YEM,Iêmen,Q20385394,http://www.wikidata.org/entity/Q12225063,0,45,,,
YEM,Iêmen,Q20385395,http://www.wikidata.org/entity/Q4117502,0,40,,,
YEM,Iêmen,Q20385393,http://www.wikidata.org/entity/Q5751685,0,98,,,
YEM,Iêmen,Q20385495,http://www.wikidata.org/entity/Q12226897,0,270,,,
YEM,Iêmen,Q20385500,http://www.wikidata.org/entity/Q4117552,0,31,,,
YEM,Iêmen,Q20385505,http://www.wikidata.org/entity/Q12225249,0,770,,,
YEM,Iêmen,Q20385510,http://www.wikidata.org/entity/Q25932330,0,69,,,
YEM,Iêmen,Q20385508,http://www.wikidata.org/entity/Q12225022,0,174,,,
YEM,Iêmen,Q20385530,http://www.wikidata.org/entity/Q12226267,0,101,,,
YEM,Iêmen,Q20385531,http://www.wikidata.org/entity/Q12226759,0,56,,,
YEM,Iêmen,Q20385536,http://www.wikidata.org/entity/Q12226059,0,921,,,
YEM,Iêmen,Q20385542,http://www.wikidata.org/entity/Q25932352,0,30,,,
YEM,Iêmen,Q20385540,http://www.wikidata.org/entity/Q12225776,0,130,,,
YEM,Iêmen,Q20385541,http://www.wikidata.org/entity/Q12225969,0,166,,,
YEM,Iêmen,Q20385544,http://www.wikidata.org/entity/Q12226391,0,137,,,
YEM,Iêmen,Q20385550,http://www.wikidata.org/entity/Q12226059,0,812,,,
YEM,Iêmen,Q20385551,http://www.wikidata.org/entity/Q12225742,0,34,,,
YEM,Iêmen,Q20385548,http://www.wikidata.org/entity/Q12225776,0,129,,,
YEM,Iêmen,Q20385555,http://www.wikidata.org/entity/Q12225085,0,46,,,
YEM,Iêmen,Q20385553,http://www.wikidata.org/entity/Q12226906,0,19,,,
YEM,Iêmen,Q20385558,http://www.wikidata.org/entity/Q12225898,0,101,,,
YEM,Iêmen,Q20385556,http://www.wikidata.org/entity/Q12225935,0,876,,,
YEM,Iêmen,Q20385557,http://www.wikidata.org/entity/Q12226486,0,297,,,
YEM,Iêmen,Q20385562,http://www.wikidata.org/entity/Q4117557,0,594,,,
YEM,Iêmen,Q20385563,http://www.wikidata.org/entity/Q12226495,0,154,,,
YEM,Iêmen,Q20385564,http://www.wikidata.org/entity/Q12225742,0,195,,,
YEM,Iêmen,Q20385571,http://www.wikidata.org/entity/Q12225600,0,106,,,
YEM,Iêmen,Q20385594,http://www.wikidata.org/entity/Q12226531,0,72,,,
YEM,Iêmen,Q20385635,http://www.wikidata.org/entity/Q20400073,0,76,,,
YEM,Iêmen,Q20385633,http://www.wikidata.org/entity/Q12226978,0,946,,,
YEM,Iêmen,Q20385638,http://www.wikidata.org/entity/Q25932270,0,55,,,
YEM,Iêmen,Q20385639,http://www.wikidata.org/entity/Q4117556,0,148,,,
YEM,Iêmen,Q20385644,http://www.wikidata.org/entity/Q5751685,0,19,,,
YEM,Iêmen,Q20385645,http://www.wikidata.org/entity/Q12226277,0,182,,,
YEM,Iêmen,Q20385651,http://www.wikidata.org/entity/Q4117693,0,913,,,
YEM,Iêmen,Q20385649,http://www.wikidata.org/entity/Q25932270,0,78,,,
YEM,Iêmen,Q20385655,http://www.wikidata.org/entity/Q12226478,0,200,,,
YEM,Iêmen,Q20385653,http://www.wikidata.org/entity/Q12225954,0,82,,,
YEM,Iêmen,Q20385656,http://www.wikidata.org/entity/Q12226954,0,881,,,
YEM,Iêmen,Q20385657,http://www.wikidata.org/entity/Q12226511,0,53,,,
YEM,Iêmen,Q20385730,http://www.wikidata.org/entity/Q12226544,0,86,,,
YEM,Iêmen,Q20385739,http://www.wikidata.org/entity/Q20383192,0,41,,,
YEM,Iêmen,Q20385736,http://www.wikidata.org/entity/Q20419925,0,38,,,
YEM,Iêmen,Q20385741,http://www.wikidata.org/entity/Q20399042,0,81,,,
YEM,Iêmen,Q20385747,http://www.wikidata.org/entity/Q20408575,0,29,,,
YEM,Iêmen,Q20385750,http://www.wikidata.org/entity/Q20396285,0,106,,,
YEM,Iêmen,Q20385753,http://www.wikidata.org/entity/Q12225642,0,54,,,
YEM,Iêmen,Q20385762,http://www.wikidata.org/entity/Q12226688,0,284,,,
YEM,Iêmen,Q20385767,http://www.wikidata.org/entity/Q20413400,0,77,,,
YEM,Iêmen,Q20385764,http://www.wikidata.org/entity/Q12225987,0,31,,,
YEM,Iêmen,Q20385770,http://www.wikidata.org/entity/Q22931684,0,35,,,
YEM,Iêmen,Q20385779,http://www.wikidata.org/entity/Q4117574,0,80,,,
YEM,Iêmen,Q20385780,http://www.wikidata.org/entity/Q25932234,0,47,,,
YEM,Iêmen,Q20385781,http://www.wikidata.org/entity/Q12226098,0,125,,,
YEM,Iêmen,Q20385788,http://www.wikidata.org/entity/Q12226872,0,928,,,
YEM,Iêmen,Q20385795,http://www.wikidata.org/entity/Q5751685,0,63,,,
YEM,Iêmen,Q20385800,http://www.wikidata.org/entity/Q4117812,0,1856,,,
YEM,Iêmen,Q20385810,http://www.wikidata.org/entity/Q12226949,0,125,,,
YEM,Iêmen,Q20385808,http://www.wikidata.org/entity/Q12227034,0,213,,,
YEM,Iêmen,Q20385809,http://www.wikidata.org/entity/Q12225337,0,361,,,
YEM,Iêmen,Q20385814,http://www.wikidata.org/entity/Q12226774,0,131,,,
YEM,Iêmen,Q20385812,http://www.wikidata.org/entity/Q4117552,0,649,,,
YEM,Iêmen,Q20385816,http://www.wikidata.org/entity/Q25932274,0,29,,,
YEM,Iêmen,Q20385820,http://www.wikidata.org/entity/Q25932234,0,325,,,
YEM,Iêmen,Q20385827,http://www.wikidata.org/entity/Q4117693,0,605,,,
YEM,Iêmen,Q20385830,http://www.wikidata.org/entity/Q12226164,0,0,,,
YEM,Iêmen,Q20385834,http://www.wikidata.org/entity/Q5751685,0,181,,,
YEM,Iêmen,Q20385835,http://www.wikidata.org/entity/Q12226285,0,100,,,
YEM,Iêmen,Q20385897,http://www.wikidata.org/entity/Q12226067,0,462,,,
YEM,Iêmen,Q20385902,http://www.wikidata.org/entity/Q12225665,0,98,,,
YEM,Iêmen,Q20385900,http://www.wikidata.org/entity/Q12226181,0,341,,,
YEM,Iêmen,Q20385911,http://www.wikidata.org/entity/Q12225318,0,117,,,
YEM,Iêmen,Q20385909,http://www.wikidata.org/entity/Q12226281,0,103,,,
YEM,Iêmen,Q20385915,http://www.wikidata.org/entity/Q12226801,0,210,,,
YEM,Iêmen,Q20385919,http://www.wikidata.org/entity/Q12226027,0,153,,,
YEM,Iêmen,Q20386046,http://www.wikidata.org/entity/Q20423094,0,21,,,
YEM,Iêmen,Q20386047,http://www.wikidata.org/entity/Q20394031,0,87,,,
YEM,Iêmen,Q20386051,http://www.wikidata.org/entity/Q25932234,0,115,,,
YEM,Iêmen,Q20386056,http://www.wikidata.org/entity/Q12226052,0,207,,,
YEM,Iêmen,Q20386060,http://www.wikidata.org/entity/Q125170086,0,84,,,
YEM,Iêmen,Q20386061,http://www.wikidata.org/entity/Q125170179,0,22,,,
YEM,Iêmen,Q20386082,http://www.wikidata.org/entity/Q4117680,0,31,,,
YEM,Iêmen,Q20386080,http://www.wikidata.org/entity/Q12226884,0,178,,,
YEM,Iêmen,Q20386081,http://www.wikidata.org/entity/Q12225742,0,111,,,
YEM,Iêmen,Q20386090,http://www.wikidata.org/entity/Q12225928,0,98,,,
YEM,Iêmen,Q20386089,http://www.wikidata.org/entity/Q12226495,0,9723,,,
YEM,Iêmen,Q20386094,http://www.wikidata.org/entity/Q125170179,0,43,,,
YEM,Iêmen,Q20386092,http://www.wikidata.org/entity/Q12225698,0,26,,14.825784,45.154686
YEM,Iêmen,Q20386099,http://www.wikidata.org/entity/Q12225898,0,68,,,
YEM,Iêmen,Q20386102,http://www.wikidata.org/entity/Q12226894,0,237,,,
YEM,Iêmen,Q20386101,http://www.wikidata.org/entity/Q12226339,0,104,,,
YEM,Iêmen,Q20386106,http://www.wikidata.org/entity/Q12225186,0,22,,,
YEM,Iêmen,Q20386104,http://www.wikidata.org/entity/Q12226783,0,80,,,
YEM,Iêmen,Q20386133,http://www.wikidata.org/entity/Q12225798,0,35,,,
YEM,Iêmen,Q20386138,http://www.wikidata.org/entity/Q12226766,0,626,,,
YEM,Iêmen,Q20386144,http://www.wikidata.org/entity/Q12225137,0,26,,,
YEM,Iêmen,Q20386154,http://www.wikidata.org/entity/Q20408213,0,71,,,
YEM,Iêmen,Q20386153,http://www.wikidata.org/entity/Q12225138,0,168,,,
YEM,Iêmen,Q20386159,http://www.wikidata.org/entity/Q12226678,0,24,,,
YEM,Iêmen,Q20386166,http://www.wikidata.org/entity/Q12225552,0,248,,,
YEM,Iêmen,Q20386164,http://www.wikidata.org/entity/Q12225195,0,93,,,
YEM,Iêmen,Q20386170,http://www.wikidata.org/entity/Q4117557,0,140,,,
YEM,Iêmen,Q20386226,http://www.wikidata.org/entity/Q12226276,0,158,,,
YEM,Iêmen,Q20386228,http://www.wikidata.org/entity/Q12226495,0,73,,,
YEM,Iêmen,Q20386229,http://www.wikidata.org/entity/Q25932234,0,46,,,
YEM,Iêmen,Q20386232,http://www.wikidata.org/entity/Q12225742,0,82,,,
YEM,Iêmen,Q20386239,http://www.wikidata.org/entity/Q4117574,0,300,,,
YEM,Iêmen,Q20386236,http://www.wikidata.org/entity/Q12225050,0,428,,,
YEM,Iêmen,Q20386247,http://www.wikidata.org/entity/Q4117549,0,349,,,
YEM,Iêmen,Q20386244,http://www.wikidata.org/entity/Q12226948,0,78,,,
YEM,Iêmen,Q20386245,http://www.wikidata.org/entity/Q12226511,0,47,,,
YEM,Iêmen,Q20386325,http://www.wikidata.org/entity/Q4117560,0,129,,,
YEM,Iêmen,Q20386331,http://www.wikidata.org/entity/Q12225928,0,142,,,
YEM,Iêmen,Q20386334,http://www.wikidata.org/entity/Q25932352,0,42,,,
YEM,Iêmen,Q20386335,http://www.wikidata.org/entity/Q12225363,0,93,,,
YEM,Iêmen,Q20386333,http://www.wikidata.org/entity/Q12225742,0,74,,,
YEM,Iêmen,Q20386343,http://www.wikidata.org/entity/Q12225928,0,97,,,
YEM,Iêmen,Q20386340,http://www.wikidata.org/entity/Q4117824,0,154,,,
YEM,Iêmen,Q20386346,http://www.wikidata.org/entity/Q125170166,0,75,,,
YEM,Iêmen,Q20386344,http://www.wikidata.org/entity/Q4117557,0,394,,,
YEM,Iêmen,Q20386348,http://www.wikidata.org/entity/Q4117812,0,205,,,
YEM,Iêmen,Q20386477,http://www.wikidata.org/entity/Q25932330,0,383,,,
YEM,Iêmen,Q20386539,http://www.wikidata.org/entity/Q12225742,0,21,,,
YEM,Iêmen,Q20386542,http://www.wikidata.org/entity/Q12225458,0,569,,,
YEM,Iêmen,Q20386571,http://www.wikidata.org/entity/Q12225149,0,192,,,
YEM,Iêmen,Q20386572,http://www.wikidata.org/entity/Q25932330,0,88,,,
YEM,Iêmen,Q20386573,http://www.wikidata.org/entity/Q12225629,0,164,,,
YEM,Iêmen,Q20386730,http://www.wikidata.org/entity/Q12226688,0,269,,13.716667,45.816667
YEM,Iêmen,Q20386729,http://www.wikidata.org/entity/Q12226638,0,336,,,
YEM,Iêmen,Q20386733,http://www.wikidata.org/entity/Q125170166,0,104,,,
YEM,Iêmen,Q20386763,http://www.wikidata.org/entity/Q12226357,0,156,,,
YEM,Iêmen,Q20386760,http://www.wikidata.org/entity/Q12226949,0,555,,,
YEM,Iêmen,Q20386761,http://www.wikidata.org/entity/Q12225109,0,63,,,
YEM,Iêmen,Q20386765,http://www.wikidata.org/entity/Q12225533,0,376,,,
YEM,Iêmen,Q20386770,http://www.wikidata.org/entity/Q25932274,0,185,,,
YEM,Iêmen,Q20386768,http://www.wikidata.org/entity/Q12225990,0,166,,,
YEM,Iêmen,Q20386774,http://www.wikidata.org/entity/Q12225723,0,38,,,
YEM,Iêmen,Q20386775,http://www.wikidata.org/entity/Q25932234,0,68,,,
YEM,Iêmen,Q20386772,http://www.wikidata.org/entity/Q12225296,0,341,,,
YEM,Iêmen,Q20386782,http://www.wikidata.org/entity/Q12225250,0,194,,,
YEM,Iêmen,Q20386783,http://www.wikidata.org/entity/Q12226724,0,178,,,
YEM,Iêmen,Q20386786,http://www.wikidata.org/entity/Q12225942,0,254,,,
YEM,Iêmen,Q20387355,http://www.wikidata.org/entity/Q12226828,0,189,,,
YEM,Iêmen,Q20387583,http://www.wikidata.org/entity/Q12225281,0,69,,,
YEM,Iêmen,Q20387590,http://www.wikidata.org/entity/Q12225250,0,98,,,
YEM,Iêmen,Q20387589,http://www.wikidata.org/entity/Q4117824,0,42,,,
YEM,Iêmen,Q20387595,http://www.wikidata.org/entity/Q12225613,0,197,,,
YEM,Iêmen,Q20382166,http://www.wikidata.org/entity/Q12225054,0,42,,,
YEM,Iêmen,Q20382167,http://www.wikidata.org/entity/Q4118398,0,23,,,
YEM,Iêmen,Q20382164,http://www.wikidata.org/entity/Q25932270,0,216,,,
YEM,Iêmen,Q20382165,http://www.wikidata.org/entity/Q12225078,0,144,,,
YEM,Iêmen,Q20382262,http://www.wikidata.org/entity/Q5751685,0,14,,,
YEM,Iêmen,Q20382263,http://www.wikidata.org/entity/Q12226939,0,20,,,
YEM,Iêmen,Q20382266,http://www.wikidata.org/entity/Q4117574,0,39,,,
YEM,Iêmen,Q20382267,http://www.wikidata.org/entity/Q12226357,0,124,,,
YEM,Iêmen,Q20382264,http://www.wikidata.org/entity/Q12226405,0,58,,,
YEM,Iêmen,Q20382406,http://www.wikidata.org/entity/Q12226322,0,79,,,
YEM,Iêmen,Q20382407,http://www.wikidata.org/entity/Q12226688,0,70,,,
YEM,Iêmen,Q20382410,http://www.wikidata.org/entity/Q12226745,0,98,,,
YEM,Iêmen,Q20382411,http://www.wikidata.org/entity/Q12227015,0,71,,,
YEM,Iêmen,Q20382408,http://www.wikidata.org/entity/Q4117680,0,399,,,
YEM,Iêmen,Q20382414,http://www.wikidata.org/entity/Q12225637,0,77,,,
YEM,Iêmen,Q20382415,http://www.wikidata.org/entity/Q12226550,0,112,,,
YEM,Iêmen,Q20382412,http://www.wikidata.org/entity/Q4117520,0,47,,,
YEM,Iêmen,Q20382413,http://www.wikidata.org/entity/Q25932330,0,83,,,
YEM,Iêmen,Q20382418,http://www.wikidata.org/entity/Q4117520,0,66,,,
YEM,Iêmen,Q20382419,http://www.wikidata.org/entity/Q12225738,0,148,,,
YEM,Iêmen,Q20382416,http://www.wikidata.org/entity/Q12226688,0,213,,,
YEM,Iêmen,Q20382470,http://www.wikidata.org/entity/Q4117556,0,301,,,
YEM,Iêmen,Q20382471,http://www.wikidata.org/entity/Q25932234,0,89,,,
YEM,Iêmen,Q20382475,http://www.wikidata.org/entity/Q12226511,0,133,,,
YEM,Iêmen,Q20382472,http://www.wikidata.org/entity/Q12226894,0,270,,,
YEM,Iêmen,Q20382473,http://www.wikidata.org/entity/Q12226755,0,444,,,
YEM,Iêmen,Q20382478,http://www.wikidata.org/entity/Q4117454,0,120,,,
YEM,Iêmen,Q20382477,http://www.wikidata.org/entity/Q25932270,0,12,,,
YEM,Iêmen,Q20382851,http://www.wikidata.org/entity/Q4117454,0,56,,,
YEM,Iêmen,Q20382849,http://www.wikidata.org/entity/Q12226533,0,61,,,
YEM,Iêmen,Q20382855,http://www.wikidata.org/entity/Q4117557,0,120,,,
YEM,Iêmen,Q20382858,http://www.wikidata.org/entity/Q12225493,0,153,,,
YEM,Iêmen,Q20382859,http://www.wikidata.org/entity/Q4117454,0,24,,,
YEM,Iêmen,Q20382863,http://www.wikidata.org/entity/Q5751685,0,57,,,
YEM,Iêmen,Q20382860,http://www.wikidata.org/entity/Q125170166,0,223,,,
YEM,Iêmen,Q20382866,http://www.wikidata.org/entity/Q12226688,0,55,,,
YEM,Iêmen,Q20382865,http://www.wikidata.org/entity/Q12226080,0,30,,,
YEM,Iêmen,Q20382922,http://www.wikidata.org/entity/Q4117824,0,70,,,
YEM,Iêmen,Q20382923,http://www.wikidata.org/entity/Q12226732,0,129,,,
YEM,Iêmen,Q20382921,http://www.wikidata.org/entity/Q12226688,0,108,,,
YEM,Iêmen,Q20382971,http://www.wikidata.org/entity/Q12225819,0,46,,,
YEM,Iêmen,Q20382974,http://www.wikidata.org/entity/Q5751685,0,46,,,
YEM,Iêmen,Q20382972,http://www.wikidata.org/entity/Q12225420,0,329,,,
YEM,Iêmen,Q20382973,http://www.wikidata.org/entity/Q4117574,0,191,,,
YEM,Iêmen,Q20382978,http://www.wikidata.org/entity/Q12225229,0,349,,,
YEM,Iêmen,Q20382977,http://www.wikidata.org/entity/Q12226153,0,486,,,
YEM,Iêmen,Q20382982,http://www.wikidata.org/entity/Q12227058,0,551,,,
YEM,Iêmen,Q20382984,http://www.wikidata.org/entity/Q12226949,0,137,,,
YEM,Iêmen,Q20382985,http://www.wikidata.org/entity/Q12226939,0,27,,,
YEM,Iêmen,Q20382989,http://www.wikidata.org/entity/Q4117454,0,183,,,
YEM,Iêmen,Q20383105,http://www.wikidata.org/entity/Q12225720,0,221,,,
YEM,Iêmen,Q20383135,http://www.wikidata.org/entity/Q12226372,0,113,,,
YEM,Iêmen,Q20383226,http://www.wikidata.org/entity/Q12226677,0,388,,,
YEM,Iêmen,Q20383225,http://www.wikidata.org/entity/Q4117560,0,6,,,
YEM,Iêmen,Q20383231,http://www.wikidata.org/entity/Q12225988,0,71,,,
YEM,Iêmen,Q20383228,http://www.wikidata.org/entity/Q5751685,0,75,,,
YEM,Iêmen,Q20383232,http://www.wikidata.org/entity/Q12226451,0,227,,,
YEM,Iêmen,Q20383233,http://www.wikidata.org/entity/Q12225420,0,197,,,
YEM,Iêmen,Q20383239,http://www.wikidata.org/entity/Q4117544,0,21,,,
YEM,Iêmen,Q20383236,http://www.wikidata.org/entity/Q12226214,0,97,,,
YEM,Iêmen,Q20383242,http://www.wikidata.org/entity/Q12226932,0,1712,,14.5183,44.7773
YEM,Iêmen,Q20383240,http://www.wikidata.org/entity/Q12225319,0,163,,,
YEM,Iêmen,Q20383249,http://www.wikidata.org/entity/Q25932270,0,22,,,
YEM,Iêmen,Q20383255,http://www.wikidata.org/entity/Q12226783,0,237,,,
YEM,Iêmen,Q20383256,http://www.wikidata.org/entity/Q4117454,0,432,,,
YEM,Iêmen,Q20383286,http://www.wikidata.org/entity/Q12226783,0,339,,,
YEM,Iêmen,Q20383287,http://www.wikidata.org/entity/Q4117502,0,156,,,
YEM,Iêmen,Q20383291,http://www.wikidata.org/entity/Q4117682,0,178,,,
YEM,Iêmen,Q20383288,http://www.wikidata.org/entity/Q12226052,0,206,,,
YEM,Iêmen,Q20383294,http://www.wikidata.org/entity/Q12225511,0,195,,,
YEM,Iêmen,Q20383295,http://www.wikidata.org/entity/Q12226186,0,136,,,
YEM,Iêmen,Q20383292,http://www.wikidata.org/entity/Q12226939,0,26,,,
YEM,Iêmen,Q20383293,http://www.wikidata.org/entity/Q12226349,0,280,,,
YEM,Iêmen,Q20383299,http://www.wikidata.org/entity/Q12225898,0,54,,,
YEM,Iêmen,Q20383297,http://www.wikidata.org/entity/Q125170179,0,156,,,
YEM,Iêmen,Q20383304,http://www.wikidata.org/entity/Q12226450,0,50,,,
YEM,Iêmen,Q20383308,http://www.wikidata.org/entity/Q12226923,0,29,,,
YEM,Iêmen,Q20383344,http://www.wikidata.org/entity/Q12225742,0,23,,,
YEM,Iêmen,Q20383350,http://www.wikidata.org/entity/Q12226121,0,268,,,
YEM,Iêmen,Q20383351,http://www.wikidata.org/entity/Q25932234,0,46,,,
YEM,Iêmen,Q20383349,http://www.wikidata.org/entity/Q12225243,0,328,,,
YEM,Iêmen,Q20383354,http://www.wikidata.org/entity/Q4117519,0,226,,,
YEM,Iêmen,Q20383361,http://www.wikidata.org/entity/Q12225121,0,379,,,
YEM,Iêmen,Q20383394,http://www.wikidata.org/entity/Q12226126,0,99,,,
YEM,Iêmen,Q20383574,http://www.wikidata.org/entity/Q12225867,0,223,,,
YEM,Iêmen,Q20383751,http://www.wikidata.org/entity/Q12226899,0,87,,,
YEM,Iêmen,Q20383752,http://www.wikidata.org/entity/Q12226964,0,28,,,
YEM,Iêmen,Q20383753,http://www.wikidata.org/entity/Q12226114,0,425,,,
YEM,Iêmen,Q20383759,http://www.wikidata.org/entity/Q12227017,0,519,,,
YEM,Iêmen,Q20383756,http://www.wikidata.org/entity/Q5751685,0,77,,,
YEM,Iêmen,Q20383760,http://www.wikidata.org/entity/Q12226186,0,455,,,
YEM,Iêmen,Q20383761,http://www.wikidata.org/entity/Q12226964,0,34,,,
YEM,Iêmen,Q20383766,http://www.wikidata.org/entity/Q12225776,0,160,,,
YEM,Iêmen,Q20383764,http://www.wikidata.org/entity/Q12226339,0,26,,,
YEM,Iêmen,Q20383770,http://www.wikidata.org/entity/Q12225157,0,50,,,
YEM,Iêmen,Q20383771,http://www.wikidata.org/entity/Q12226964,0,45,,,
YEM,Iêmen,Q20383768,http://www.wikidata.org/entity/Q20404091,0,78,,,
YEM,Iêmen,Q20383775,http://www.wikidata.org/entity/Q20425512,0,95,,,
YEM,Iêmen,Q20383778,http://www.wikidata.org/entity/Q12226964,0,35,,,
YEM,Iêmen,Q20383779,http://www.wikidata.org/entity/Q12226099,0,159,,,
YEM,Iêmen,Q20383782,http://www.wikidata.org/entity/Q12226884,0,83,,,
YEM,Iêmen,Q20383783,http://www.wikidata.org/entity/Q12226873,0,80,,,
YEM,Iêmen,Q20383780,http://www.wikidata.org/entity/Q12225642,0,281,,,
YEM,Iêmen,Q20383784,http://www.wikidata.org/entity/Q25932234,0,32,,,
YEM,Iêmen,Q20383788,http://www.wikidata.org/entity/Q12225642,0,364,,,
YEM,Iêmen,Q20383878,http://www.wikidata.org/entity/Q20418907,0,22,,,
YEM,Iêmen,Q20383883,http://www.wikidata.org/entity/Q12226050,0,191,,,
YEM,Iêmen,Q20383887,http://www.wikidata.org/entity/Q12226463,0,26,,,
YEM,Iêmen,Q20383884,http://www.wikidata.org/entity/Q20396734,0,67,,,
YEM,Iêmen,Q20383885,http://www.wikidata.org/entity/Q12226404,0,73,,,
YEM,Iêmen,Q20383888,http://www.wikidata.org/entity/Q12226897,0,193,,,
YEM,Iêmen,Q20383894,http://www.wikidata.org/entity/Q20410508,0,138,,,
YEM,Iêmen,Q20383892,http://www.wikidata.org/entity/Q12226051,0,310,,,
YEM,Iêmen,Q20383896,http://www.wikidata.org/entity/Q20408600,0,30,,,
YEM,Iêmen,Q20383897,http://www.wikidata.org/entity/Q12225493,0,29,,,
YEM,Iêmen,Q20383902,http://www.wikidata.org/entity/Q12225092,0,183,,14.721799,45.41875
YEM,Iêmen,Q20383900,http://www.wikidata.org/entity/Q12225137,0,272,,,
YEM,Iêmen,Q20383906,http://www.wikidata.org/entity/Q12226328,0,93,,,
YEM,Iêmen,Q20383905,http://www.wikidata.org/entity/Q20397282,0,97,,,
YEM,Iêmen,Q20383910,http://www.wikidata.org/entity/Q20411134,0,60,,,
YEM,Iêmen,Q20383911,http://www.wikidata.org/entity/Q20386322,0,138,,,
YEM,Iêmen,Q20383908,http://www.wikidata.org/entity/Q12226531,0,39,,,
YEM,Iêmen,Q20383914,http://www.wikidata.org/entity/Q25932234,0,75,,,
YEM,Iêmen,Q20383915,http://www.wikidata.org/entity/Q12226912,0,51,,,
YEM,Iêmen,Q20383918,http://www.wikidata.org/entity/Q20414249,0,45,,,
YEM,Iêmen,Q20384090,http://www.wikidata.org/entity/Q25932234,0,28,,,
YEM,Iêmen,Q20384091,,0,198,,,
YEM,Iêmen,Q20384088,http://www.wikidata.org/entity/Q12226688,0,19,,,
YEM,Iêmen,Q20384089,http://www.wikidata.org/entity/Q12225221,0,375,,,
YEM,Iêmen,Q20384093,http://www.wikidata.org/entity/Q12225928,0,22,,,
YEM,Iêmen,Q20384096,http://www.wikidata.org/entity/Q20388560,0,22,,,
YEM,Iêmen,Q20384329,http://www.wikidata.org/entity/Q12225295,0,49,,,
YEM,Iêmen,Q20384386,http://www.wikidata.org/entity/Q20395954,0,58,,,
YEM,Iêmen,Q20384384,http://www.wikidata.org/entity/Q20411020,0,78,,,
YEM,Iêmen,Q20384427,http://www.wikidata.org/entity/Q12226774,0,74,,,
YEM,Iêmen,Q20384429,http://www.wikidata.org/entity/Q12226294,0,508,,15.458487,44.639666
YEM,Iêmen,Q20384622,http://www.wikidata.org/entity/Q12226495,0,24,,,
YEM,Iêmen,Q20384751,http://www.wikidata.org/entity/Q4117682,0,14,,,
YEM,Iêmen,Q20384754,http://www.wikidata.org/entity/Q12226825,0,279,,,
YEM,Iêmen,Q20384755,http://www.wikidata.org/entity/Q12226688,0,280,,,
YEM,Iêmen,Q20384814,http://www.wikidata.org/entity/Q12226678,0,32,,,
YEM,Iêmen,Q20384817,http://www.wikidata.org/entity/Q20405719,0,27,,,
YEM,Iêmen,Q20384822,http://www.wikidata.org/entity/Q12227081,0,718,,,
YEM,Iêmen,Q20384823,http://www.wikidata.org/entity/Q12226916,0,144,,,
YEM,Iêmen,Q20384825,http://www.wikidata.org/entity/Q20411134,0,70,,,
YEM,Iêmen,Q20384831,http://www.wikidata.org/entity/Q12225991,0,242,,,
YEM,Iêmen,Q20384834,http://www.wikidata.org/entity/Q12226862,0,143,,,
YEM,Iêmen,Q20384832,http://www.wikidata.org/entity/Q20417994,0,99,,,
YEM,Iêmen,Q20384833,http://www.wikidata.org/entity/Q4117502,0,20,,,
YEM,Iêmen,Q20384836,http://www.wikidata.org/entity/Q20384825,0,79,,,
YEM,Iêmen,Q20384837,http://www.wikidata.org/entity/Q25932330,0,178,,,
YEM,Iêmen,Q20384842,http://www.wikidata.org/entity/Q20408600,0,32,,,
YEM,Iêmen,Q20384846,http://www.wikidata.org/entity/Q20411656,0,79,,,
YEM,Iêmen,Q20384845,http://www.wikidata.org/entity/Q4117502,0,131,,,
YEM,Iêmen,Q20384848,http://www.wikidata.org/entity/Q12226776,0,3485,,,
YEM,Iêmen,Q20384849,http://www.wikidata.org/entity/Q20384825,0,59,,,
YEM,Iêmen,Q20384854,http://www.wikidata.org/entity/Q12227057,0,288,,,
YEM,Iêmen,Q20384855,http://www.wikidata.org/entity/Q12225199,0,223,,,
YEM,Iêmen,Q20384852,http://www.wikidata.org/entity/Q12225394,0,98,,,
YEM,Iêmen,Q20384853,http://www.wikidata.org/entity/Q20395168,0,128,,,
YEM,Iêmen,Q20384859,http://www.wikidata.org/entity/Q20385945,0,107,,,
YEM,Iêmen,Q20384860,http://www.wikidata.org/entity/Q12225855,0,322,,,
YEM,Iêmen,Q20384864,http://www.wikidata.org/entity/Q12226258,0,96,,,
YEM,Iêmen,Q20384865,http://www.wikidata.org/entity/Q4117454,0,139,,,
YEM,Iêmen,Q20384870,http://www.wikidata.org/entity/Q4117515,0,143,,,
YEM,Iêmen,Q20384868,http://www.wikidata.org/entity/Q20389333,0,95,,,
YEM,Iêmen,Q20384869,http://www.wikidata.org/entity/Q12225151,0,228,,,
YEM,Iêmen,Q20384926,http://www.wikidata.org/entity/Q12226004,0,226,,,
YEM,Iêmen,Q20384930,http://www.wikidata.org/entity/Q4117519,0,476,,,
YEM,Iêmen,Q20384929,http://www.wikidata.org/entity/Q12226737,0,70,,,
YEM,Iêmen,Q20384932,http://www.wikidata.org/entity/Q4117552,0,214,,,
YEM,Iêmen,Q20384936,http://www.wikidata.org/entity/Q12226495,0,38,,,
YEM,Iêmen,Q20384937,http://www.wikidata.org/entity/Q12225580,0,40,,,
YEM,Iêmen,Q20384943,http://www.wikidata.org/entity/Q20387922,0,125,,,
YEM,Iêmen,Q20384940,http://www.wikidata.org/entity/Q125170113,0,469,,,
YEM,Iêmen,Q20384941,http://www.wikidata.org/entity/Q12225681,0,122,,,
YEM,Iêmen,Q20384947,http://www.wikidata.org/entity/Q20404051,0,28,,,
YEM,Iêmen,Q20384945,http://www.wikidata.org/entity/Q12226737,0,275,,,
YEM,Iêmen,Q20384949,http://www.wikidata.org/entity/Q12225330,0,53,,,
YEM,Iêmen,Q20384954,http://www.wikidata.org/entity/Q20394643,0,24,,,
YEM,Iêmen,Q20384956,http://www.wikidata.org/entity/Q12226366,0,99,,,
YEM,Iêmen,Q20384957,http://www.wikidata.org/entity/Q12226578,0,81,,,
YEM,Iêmen,Q20384960,http://www.wikidata.org/entity/Q25932274,0,91,,,
YEM,Iêmen,Q20384967,http://www.wikidata.org/entity/Q12225109,0,72,,,
YEM,Iêmen,Q20384969,http://www.wikidata.org/entity/Q12225317,0,175,,,
YEM,Iêmen,Q20384974,http://www.wikidata.org/entity/Q4117574,0,121,,,
YEM,Iêmen,Q20384976,http://www.wikidata.org/entity/Q12226011,0,272,,,
YEM,Iêmen,Q20385025,http://www.wikidata.org/entity/Q12226086,0,64,,,
YEM,Iêmen,Q20385030,http://www.wikidata.org/entity/Q12226568,0,1270,,,
YEM,Iêmen,Q20385032,http://www.wikidata.org/entity/Q12226469,0,143,,,
YEM,Iêmen,Q20385053,http://www.wikidata.org/entity/Q12226550,0,568,,,
YEM,Iêmen,Q20385056,http://www.wikidata.org/entity/Q25932234,0,62,,,
YEM,Iêmen,Q20385062,http://www.wikidata.org/entity/Q25932274,0,82,,,
YEM,Iêmen,Q20385098,http://www.wikidata.org/entity/Q20383962,0,168,,,
YEM,Iêmen,Q20385099,http://www.wikidata.org/entity/Q4117682,0,9,,,
YEM,Iêmen,Q20385102,http://www.wikidata.org/entity/Q12226783,0,680,,,
YEM,Iêmen,Q20385100,http://www.wikidata.org/entity/Q12225639,0,90,,,
YEM,Iêmen,Q20385106,http://www.wikidata.org/entity/Q4117502,0,35,,,
YEM,Iêmen,Q20385107,http://www.wikidata.org/entity/Q12226923,0,92,,,
YEM,Iêmen,Q20385105,http://www.wikidata.org/entity/Q12225112,0,24,,,
YEM,Iêmen,Q20385111,http://www.wikidata.org/entity/Q20413276,0,36,,,
YEM,Iêmen,Q20385108,http://www.wikidata.org/entity/Q12225264,0,291,,,
YEM,Iêmen,Q20385113,http://www.wikidata.org/entity/Q20403555,0,48,,,
YEM,Iêmen,Q20385118,http://www.wikidata.org/entity/Q12226067,0,20,,,
YEM,Iêmen,Q20385122,http://www.wikidata.org/entity/Q20384987,0,27,,,
YEM,Iêmen,Q20385121,http://www.wikidata.org/entity/Q20417276,0,64,,,
YEM,Iêmen,Q20385127,http://www.wikidata.org/entity/Q12226539,0,22,,,
YEM,Iêmen,Q20385135,http://www.wikidata.org/entity/Q12226839,0,155,,,
YEM,Iêmen,Q20385138,http://www.wikidata.org/entity/Q4117509,0,172,,,
YEM,Iêmen,Q20385141,http://www.wikidata.org/entity/Q12226655,0,173,,,
YEM,Iêmen,Q20385144,http://www.wikidata.org/entity/Q12226655,0,262,,,
YEM,Iêmen,Q20385145,http://www.wikidata.org/entity/Q12226613,0,111,,,
YEM,Iêmen,Q20385154,http://www.wikidata.org/entity/Q12226655,0,115,,,
YEM,Iêmen,Q20385152,http://www.wikidata.org/entity/Q12226948,0,93,,,
YEM,Iêmen,Q20385159,http://www.wikidata.org/entity/Q12225281,0,76,,,
YEM,Iêmen,Q20385156,http://www.wikidata.org/entity/Q12226125,0,625,,,
YEM,Iêmen,Q20385157,http://www.wikidata.org/entity/Q12226874,0,87,,,
YEM,Iêmen,Q20385168,http://www.wikidata.org/entity/Q12226339,0,225,,,
YEM,Iêmen,Q20385174,http://www.wikidata.org/entity/Q20388635,0,256,,,
YEM,Iêmen,Q20385172,http://www.wikidata.org/entity/Q20419600,0,36,,,
YEM,Iêmen,Q20385199,http://www.wikidata.org/entity/Q4117543,0,80,,,
YEM,Iêmen,Q20385202,http://www.wikidata.org/entity/Q12226941,0,63,,,
YEM,Iêmen,Q20385201,http://www.wikidata.org/entity/Q12225260,0,38,,,
YEM,Iêmen,Q20385204,http://www.wikidata.org/entity/Q125170167,0,44,,,
YEM,Iêmen,Q20385205,http://www.wikidata.org/entity/Q12225761,0,91,,,
YEM,Iêmen,Q20385208,http://www.wikidata.org/entity/Q20384726,0,107,,,
YEM,Iêmen,Q20385214,http://www.wikidata.org/entity/Q12225544,0,31,,,
YEM,Iêmen,Q20385219,http://www.wikidata.org/entity/Q20395894,0,428,,,
YEM,Iêmen,Q20385217,http://www.wikidata.org/entity/Q20400729,0,158,,,
YEM,Iêmen,Q20385226,http://www.wikidata.org/entity/Q20420198,0,33,,,
YEM,Iêmen,Q20385227,http://www.wikidata.org/entity/Q20410920,0,54,,,
YEM,Iêmen,Q20385225,http://www.wikidata.org/entity/Q12226258,0,107,,,
YEM,Iêmen,Q20385241,http://www.wikidata.org/entity/Q20393831,0,33,,,
YEM,Iêmen,Q20385246,http://www.wikidata.org/entity/Q20401742,0,68,,,
YEM,Iêmen,Q20385248,http://www.wikidata.org/entity/Q12225254,0,488,,,
YEM,Iêmen,Q20385254,http://www.wikidata.org/entity/Q25932330,0,20,,,
YEM,Iêmen,Q20385255,http://www.wikidata.org/entity/Q12227000,0,559,,,
YEM,Iêmen,Q20385252,http://www.wikidata.org/entity/Q25932270,0,29,,,
YEM,Iêmen,Q20385256,http://www.wikidata.org/entity/Q20403322,0,43,,,
YEM,Iêmen,Q20385260,http://www.wikidata.org/entity/Q20407095,0,86,,,
YEM,Iêmen,Q20385298,http://www.wikidata.org/entity/Q12226258,0,26,,,
YEM,Iêmen,Q20385299,http://www.wikidata.org/entity/Q20416463,0,118,,,
YEM,Iêmen,Q20385296,http://www.wikidata.org/entity/Q12225978,0,79,,,
YEM,Iêmen,Q20385302,http://www.wikidata.org/entity/Q12226739,0,29,,,
YEM,Iêmen,Q20385314,http://www.wikidata.org/entity/Q12225992,0,98,,,
YEM,Iêmen,Q20385315,http://www.wikidata.org/entity/Q12226460,0,263,,,
YEM,Iêmen,Q20385313,http://www.wikidata.org/entity/Q4117515,0,40,,,
YEM,Iêmen,Q20385318,http://www.wikidata.org/entity/Q4117574,0,242,,,
YEM,Iêmen,Q20385319,http://www.wikidata.org/entity/Q12225319,0,179,,,
YEM,Iêmen,Q20385316,http://www.wikidata.org/entity/Q4117544,0,43,,,
YEM,Iêmen,Q20385331,http://www.wikidata.org/entity/Q12226655,0,17,,,
YEM,Iêmen,Q20385339,http://www.wikidata.org/entity/Q12226928,0,48,,,
YEM,Iêmen,Q20385336,http://www.wikidata.org/entity/Q25932352,0,34,,,
YEM,Iêmen,Q20385343,http://www.wikidata.org/entity/Q12225364,0,1454,,,
YEM,Iêmen,Q20385340,http://www.wikidata.org/entity/Q12226949,0,23,,,
YEM,Iêmen,Q20385346,http://www.wikidata.org/entity/Q20419791,0,123,,,
YEM,Iêmen,Q20385354,http://www.wikidata.org/entity/Q20405481,0,23,,,
YEM,Iêmen,Q20385355,http://www.wikidata.org/entity/Q20398950,0,41,,,
YEM,Iêmen,Q20385352,http://www.wikidata.org/entity/Q20413276,0,49,,,
YEM,Iêmen,Q20385353,http://www.wikidata.org/entity/Q12226163,0,62,,,
YEM,Iêmen,Q20385356,http://www.wikidata.org/entity/Q20408600,0,20,,,
YEM,Iêmen,Q20385380,http://www.wikidata.org/entity/Q20404228,0,72,,,
YEM,Iêmen,Q20385427,http://www.wikidata.org/entity/Q12225935,0,1014,,,
YEM,Iêmen,Q20385428,http://www.wikidata.org/entity/Q125170122,0,86,,,
YEM,Iêmen,Q20385429,http://www.wikidata.org/entity/Q12226404,0,110,,,
YEM,Iêmen,Q20385439,http://www.wikidata.org/entity/Q12226134,0,110,,,
YEM,Iêmen,Q20385436,http://www.wikidata.org/entity/Q12227085,0,23,,,
YEM,Iêmen,Q20385442,http://www.wikidata.org/entity/Q12226916,0,287,,,
YEM,Iêmen,Q20385440,http://www.wikidata.org/entity/Q12226495,0,178,,,
YEM,Iêmen,Q20385441,http://www.wikidata.org/entity/Q12225364,0,423,,,
YEM,Iêmen,Q20385514,http://www.wikidata.org/entity/Q4117557,0,705,,,
YEM,Iêmen,Q20385513,http://www.wikidata.org/entity/Q4117812,0,321,,,
YEM,Iêmen,Q20385574,http://www.wikidata.org/entity/Q12226544,0,20,,,
YEM,Iêmen,Q20385578,http://www.wikidata.org/entity/Q12227017,0,31,,,
YEM,Iêmen,Q20385576,http://www.wikidata.org/entity/Q12226544,0,32,,,
YEM,Iêmen,Q20385586,http://www.wikidata.org/entity/Q12226544,0,38,,,
YEM,Iêmen,Q20385615,http://www.wikidata.org/entity/Q20401226,0,39,,,
YEM,Iêmen,Q20385618,http://www.wikidata.org/entity/Q12226499,0,123,,,
YEM,Iêmen,Q20385622,http://www.wikidata.org/entity/Q12226638,0,42,,,
YEM,Iêmen,Q20385687,http://www.wikidata.org/entity/Q12226495,0,48,,,
YEM,Iêmen,Q20385688,http://www.wikidata.org/entity/Q20403246,0,218,,,
YEM,Iêmen,Q20385697,http://www.wikidata.org/entity/Q12225942,0,68,,,
YEM,Iêmen,Q20385702,http://www.wikidata.org/entity/Q20406863,0,37,,,
YEM,Iêmen,Q20385701,http://www.wikidata.org/entity/Q12225330,0,303,,,
YEM,Iêmen,Q20385725,http://www.wikidata.org/entity/Q20414592,0,88,,,
YEM,Iêmen,Q20385729,http://www.wikidata.org/entity/Q20405970,0,67,,,
YEM,Iêmen,Q20385734,http://www.wikidata.org/entity/Q4117279,0,102612,,,
YEM,Iêmen,Q20385735,http://www.wikidata.org/entity/Q12226495,0,74,,,
YEM,Iêmen,Q20385733,http://www.wikidata.org/entity/Q12227017,0,372,,,
YEM,Iêmen,Q20385738,http://www.wikidata.org/entity/Q12226611,0,476,,,
YEM,Iêmen,Q20385737,http://www.wikidata.org/entity/Q12225552,0,105,,,
YEM,Iêmen,Q20385743,http://www.wikidata.org/entity/Q12226367,0,103,,,
YEM,Iêmen,Q20385751,http://www.wikidata.org/entity/Q12226390,0,176,,,
YEM,Iêmen,Q20385754,http://www.wikidata.org/entity/Q12226688,0,402,,,
YEM,Iêmen,Q20385752,http://www.wikidata.org/entity/Q12226122,0,126,,,
YEM,Iêmen,Q20385758,http://www.wikidata.org/entity/Q12226783,0,613,,,
YEM,Iêmen,Q20385761,http://www.wikidata.org/entity/Q12226357,0,505,,,
YEM,Iêmen,Q20385836,http://www.wikidata.org/entity/Q20420198,0,46,,,
YEM,Iêmen,Q20385867,http://www.wikidata.org/entity/Q20417571,0,54,,,
YEM,Iêmen,Q20385865,http://www.wikidata.org/entity/Q20419893,0,33,,,
YEM,Iêmen,Q20385871,http://www.wikidata.org/entity/Q20412155,0,157,,,
YEM,Iêmen,Q20385883,http://www.wikidata.org/entity/Q12225694,0,116,,,
YEM,Iêmen,Q20385884,http://www.wikidata.org/entity/Q12226932,0,48,,,
YEM,Iêmen,Q20385888,http://www.wikidata.org/entity/Q12226405,0,91,,,
YEM,Iêmen,Q20385920,http://www.wikidata.org/entity/Q12226085,0,87,,,
YEM,Iêmen,Q20385921,http://www.wikidata.org/entity/Q12226932,0,534,,,
YEM,Iêmen,Q20385926,http://www.wikidata.org/entity/Q12225148,0,164,,,
YEM,Iêmen,Q20385925,http://www.wikidata.org/entity/Q4117515,0,148,,,
YEM,Iêmen,Q20385930,http://www.wikidata.org/entity/Q12226099,0,538,,,
YEM,Iêmen,Q20385931,http://www.wikidata.org/entity/Q12226928,0,236,,,
YEM,Iêmen,Q20385929,http://www.wikidata.org/entity/Q4117552,0,46,,,
YEM,Iêmen,Q20385934,http://www.wikidata.org/entity/Q12226550,0,535,,,
YEM,Iêmen,Q20385935,http://www.wikidata.org/entity/Q12226937,0,196,,,
YEM,Iêmen,Q20385942,http://www.wikidata.org/entity/Q12227000,0,175,,,
YEM,Iêmen,Q20385940,http://www.wikidata.org/entity/Q12226928,0,445,,,
YEM,Iêmen,Q20385941,http://www.wikidata.org/entity/Q4117520,0,29,,,
YEM,Iêmen,Q20385947,http://www.wikidata.org/entity/Q12226873,0,588,,,
YEM,Iêmen,Q20385945,http://www.wikidata.org/entity/Q12225397,0,148,,,
YEM,Iêmen,Q20385948,http://www.wikidata.org/entity/Q12225742,0,42,,,
YEM,Iêmen,Q20385949,http://www.wikidata.org/entity/Q125170179,0,62,,,
YEM,Iêmen,Q20385954,http://www.wikidata.org/entity/Q4117520,0,87,,,
YEM,Iêmen,Q20385952,http://www.wikidata.org/entity/Q12225928,0,107,,,
YEM,Iêmen,Q20386019,http://www.wikidata.org/entity/Q12226688,0,20,,,
YEM,Iêmen,Q20386022,http://www.wikidata.org/entity/Q12225147,0,61,,,
YEM,Iêmen,Q20386023,http://www.wikidata.org/entity/Q20425572,0,78,,,
YEM,Iêmen,Q20386020,http://www.wikidata.org/entity/Q12226258,0,47,,,
YEM,Iêmen,Q20386027,http://www.wikidata.org/entity/Q12226668,0,523,,,
YEM,Iêmen,Q20386024,http://www.wikidata.org/entity/Q12226050,0,23,,,
YEM,Iêmen,Q20386031,http://www.wikidata.org/entity/Q20394031,0,35,,,
YEM,Iêmen,Q20386028,http://www.wikidata.org/entity/Q12225164,0,50,,,
YEM,Iêmen,Q20386036,http://www.wikidata.org/entity/Q12226897,0,56,,,
YEM,Iêmen,Q20386040,http://www.wikidata.org/entity/Q12226978,0,132,,,
YEM,Iêmen,Q20386041,http://www.wikidata.org/entity/Q20407012,0,79,,,
YEM,Iêmen,Q20386203,http://www.wikidata.org/entity/Q12226801,0,21,,,
YEM,Iêmen,Q20386206,http://www.wikidata.org/entity/Q12225503,0,219,,,
YEM,Iêmen,Q20386204,http://www.wikidata.org/entity/Q125170167,0,97,,,
YEM,Iêmen,Q20386205,http://www.wikidata.org/entity/Q4117544,0,22,,,
YEM,Iêmen,Q20386211,http://www.wikidata.org/entity/Q12225928,0,370,,,
YEM,Iêmen,Q20386209,http://www.wikidata.org/entity/Q12226901,0,405,,,
YEM,Iêmen,Q20386214,http://www.wikidata.org/entity/Q12225650,0,112,,,
YEM,Iêmen,Q20386218,http://www.wikidata.org/entity/Q12226939,0,23,,,
YEM,Iêmen,Q20386217,http://www.wikidata.org/entity/Q4117502,0,59,,,
YEM,Iêmen,Q20386222,http://www.wikidata.org/entity/Q12226688,0,50,,,
YEM,Iêmen,Q20386223,http://www.wikidata.org/entity/Q20404228,0,23,,,
YEM,Iêmen,Q20386220,http://www.wikidata.org/entity/Q12226688,0,35,,,
YEM,Iêmen,Q20386224,http://www.wikidata.org/entity/Q20407397,0,61,,,
YEM,Iêmen,Q20386225,http://www.wikidata.org/entity/Q20390953,0,100,,,
YEM,Iêmen,Q20386283,http://www.wikidata.org/entity/Q25932274,0,143,,,
YEM,Iêmen,Q20386281,http://www.wikidata.org/entity/Q12226610,0,123,,,
YEM,Iêmen,Q20386357,http://www.wikidata.org/entity/Q12225928,0,22,,,
YEM,Iêmen,Q20386455,http://www.wikidata.org/entity/Q12225364,0,73,,,
YEM,Iêmen,Q20386452,http://www.wikidata.org/entity/Q12226901,0,694,,,
YEM,Iêmen,Q20386453,http://www.wikidata.org/entity/Q25932234,0,86,,,
YEM,Iêmen,Q20386457,http://www.wikidata.org/entity/Q12225362,0,332,,,
YEM,Iêmen,Q20386462,http://www.wikidata.org/entity/Q4117515,0,88,,,
YEM,Iêmen,Q20386465,http://www.wikidata.org/entity/Q12225742,0,36,,,
YEM,Iêmen,Q20386473,http://www.wikidata.org/entity/Q25932270,0,11,,,
YEM,Iêmen,Q20386546,http://www.wikidata.org/entity/Q20395243,0,75,,,
YEM,Iêmen,Q20386552,http://www.wikidata.org/entity/Q20418407,0,143,,,
YEM,Iêmen,Q20386558,http://www.wikidata.org/entity/Q20399869,0,55,,,
YEM,Iêmen,Q20386563,http://www.wikidata.org/entity/Q20415088,0,83,,,
YEM,Iêmen,Q20386564,http://www.wikidata.org/entity/Q12225264,0,79,,,
YEM,Iêmen,Q20386568,http://www.wikidata.org/entity/Q12225453,0,1301,,,
YEM,Iêmen,Q20386630,http://www.wikidata.org/entity/Q12226688,0,375,,,
YEM,Iêmen,Q20386631,http://www.wikidata.org/entity/Q12226357,0,102,,,
YEM,Iêmen,Q20386634,http://www.wikidata.org/entity/Q25932270,0,39,,,
YEM,Iêmen,Q20386632,http://www.wikidata.org/entity/Q25932274,0,124,,,
YEM,Iêmen,Q20386659,http://www.wikidata.org/entity/Q12226457,0,149,,15.127956,45.177984
YEM,Iêmen,Q20386662,http://www.wikidata.org/entity/Q12225063,0,58,,,
YEM,Iêmen,Q20386667,http://www.wikidata.org/entity/Q20391131,0,541,,,
YEM,Iêmen,Q20386670,http://www.wikidata.org/entity/Q12225111,0,51,,,
YEM,Iêmen,Q20386669,http://www.wikidata.org/entity/Q12226544,0,55,,,
YEM,Iêmen,Q20386673,http://www.wikidata.org/entity/Q12225185,0,22,,,
YEM,Iêmen,Q20386677,http://www.wikidata.org/entity/Q12226176,0,30,,,
YEM,Iêmen,Q20386682,http://www.wikidata.org/entity/Q4118385,0,890,,,
YEM,Iêmen,Q20386680,http://www.wikidata.org/entity/Q12226688,0,288,,,
YEM,Iêmen,Q20386686,http://www.wikidata.org/entity/Q25932274,0,76,,,
YEM,Iêmen,Q20386684,http://www.wikidata.org/entity/Q12225742,0,112,,,
YEM,Iêmen,Q20386685,http://www.wikidata.org/entity/Q12225337,0,182,,,
YEM,Iêmen,Q20386826,http://www.wikidata.org/entity/Q12225746,0,565,,,
YEM,Iêmen,Q20386825,http://www.wikidata.org/entity/Q12225898,0,48,,,
YEM,Iêmen,Q20386830,http://www.wikidata.org/entity/Q12225395,0,53,,,
YEM,Iêmen,Q20386834,http://www.wikidata.org/entity/Q25932234,0,25,,,
YEM,Iêmen,Q20386836,http://www.wikidata.org/entity/Q12227066,0,29,,,
YEM,Iêmen,Q20386842,http://www.wikidata.org/entity/Q12226949,0,119,,,
YEM,Iêmen,Q20386840,http://www.wikidata.org/entity/Q4117515,0,220,,,
YEM,Iêmen,Q20386841,http://www.wikidata.org/entity/Q12226173,0,45,,,
YEM,Iêmen,Q20386844,http://www.wikidata.org/entity/Q12226444,0,389,,,
YEM,Iêmen,Q20386845,http://www.wikidata.org/entity/Q12226599,0,159,,,
YEM,Iêmen,Q20386886,http://www.wikidata.org/entity/Q20383129,0,139,,,
YEM,Iêmen,Q20386885,http://www.wikidata.org/entity/Q12225366,0,84,,,
YEM,Iêmen,Q20386888,http://www.wikidata.org/entity/Q20402418,0,139,,,
YEM,Iêmen,Q20386889,http://www.wikidata.org/entity/Q20385108,0,89,,,
YEM,Iêmen,Q20386893,http://www.wikidata.org/entity/Q20410740,0,130,,,
YEM,Iêmen,Q20386898,http://www.wikidata.org/entity/Q20387667,0,91,,,
YEM,Iêmen,Q20386896,http://www.wikidata.org/entity/Q20411160,0,88,,,
YEM,Iêmen,Q20386897,http://www.wikidata.org/entity/Q20395024,0,23,,,
YEM,Iêmen,Q20386904,http://www.wikidata.org/entity/Q12226048,0,124,,,
YEM,Iêmen,Q20386910,http://www.wikidata.org/entity/Q20398618,0,31,,,
YEM,Iêmen,Q20386909,http://www.wikidata.org/entity/Q20393684,0,22,,,
YEM,Iêmen,Q20387058,http://www.wikidata.org/entity/Q12226145,0,22,,,
YEM,Iêmen,Q20387059,http://www.wikidata.org/entity/Q20381896,0,62,,,
YEM,Iêmen,Q20387066,http://www.wikidata.org/entity/Q20388560,0,99,,,
YEM,Iêmen,Q20387067,http://www.wikidata.org/entity/Q12226054,0,30,,,
YEM,Iêmen,Q20387064,http://www.wikidata.org/entity/Q12226040,0,720,,,
YEM,Iêmen,Q20387069,http://www.wikidata.org/entity/Q12226495,0,34,,,
YEM,Iêmen,Q20387072,http://www.wikidata.org/entity/Q20413344,0,86,,,
YEM,Iêmen,Q20387566,http://www.wikidata.org/entity/Q4117682,0,72,,,
YEM,Iêmen,Q20387571,http://www.wikidata.org/entity/Q4117454,0,142,,,
YEM,Iêmen,Q20387575,http://www.wikidata.org/entity/Q12225750,0,265,,,
YEM,Iêmen,Q20387579,http://www.wikidata.org/entity/Q12226296,0,102,,,
YEM,Iêmen,Q20387576,http://www.wikidata.org/entity/Q12226153,0,100,,,
YEM,Iêmen,Q20387582,http://www.wikidata.org/entity/Q12225675,0,677,,,
YEM,Iêmen,Q20387581,http://www.wikidata.org/entity/Q4117560,0,117,,,
YEM,Iêmen,Q20384378,http://www.wikidata.org/entity/Q12226080,0,95,,,
YEM,Iêmen,Q20384382,http://www.wikidata.org/entity/Q1884189,0,38,,,
YEM,Iêmen,Q20384381,http://www.wikidata.org/entity/Q12225330,0,39,,,
YEM,Iêmen,Q20384388,http://www.wikidata.org/entity/Q4117682,0,23,,,
YEM,Iêmen,Q20384797,http://www.wikidata.org/entity/Q12225345,0,255,,,
YEM,Iêmen,Q20384987,http://www.wikidata.org/entity/Q12225039,0,65,,,
YEM,Iêmen,Q20384991,http://www.wikidata.org/entity/Q12225930,0,895,,,
YEM,Iêmen,Q20384995,http://www.wikidata.org/entity/Q4117552,0,150,,,
YEM,Iêmen,Q20384992,http://www.wikidata.org/entity/Q12225662,0,265,,,
YEM,Iêmen,Q20384998,http://www.wikidata.org/entity/Q4117433,0,21,,,
YEM,Iêmen,Q20384999,http://www.wikidata.org/entity/Q25932234,0,3,,,
YEM,Iêmen,Q20384997,http://www.wikidata.org/entity/Q12226444,0,2122,,,
YEM,Iêmen,Q20385000,http://www.wikidata.org/entity/Q12226456,0,298,,,
YEM,Iêmen,Q20385009,http://www.wikidata.org/entity/Q12225493,0,143,,,
YEM,Iêmen,Q20385155,http://www.wikidata.org/entity/Q20420480,0,35,,,
YEM,Iêmen,Q20385206,http://www.wikidata.org/entity/Q20419133,0,187,,,
YEM,Iêmen,Q20385229,http://www.wikidata.org/entity/Q12226238,0,56,,,
YEM,Iêmen,Q20385234,http://www.wikidata.org/entity/Q12225729,0,72,,,
YEM,Iêmen,Q20385235,http://www.wikidata.org/entity/Q20397620,0,37,,,
YEM,Iêmen,Q20385239,http://www.wikidata.org/entity/Q12225199,0,139,,,
YEM,Iêmen,Q20385265,http://www.wikidata.org/entity/Q12226238,0,71,,,
YEM,Iêmen,Q20385269,http://www.wikidata.org/entity/Q12226406,0,71,,,
YEM,Iêmen,Q20385279,http://www.wikidata.org/entity/Q20388131,0,224,,,
YEM,Iêmen,Q20385276,http://www.wikidata.org/entity/Q12226520,0,180,,,
YEM,Iêmen,Q20385282,http://www.wikidata.org/entity/Q12226690,0,44,,,
YEM,Iêmen,Q20385284,http://www.wikidata.org/entity/Q12225828,0,96,,,
YEM,Iêmen,Q20385291,http://www.wikidata.org/entity/Q20409440,0,53,,,
YEM,Iêmen,Q20385292,http://www.wikidata.org/entity/Q12225164,0,66,,,
YEM,Iêmen,Q20385382,http://www.wikidata.org/entity/Q12225123,0,44,,,
YEM,Iêmen,Q20385383,http://www.wikidata.org/entity/Q12225496,0,396,,,
YEM,Iêmen,Q20385384,http://www.wikidata.org/entity/Q12226771,0,33,,,
YEM,Iêmen,Q20385388,http://www.wikidata.org/entity/Q20398382,0,31,,,
YEM,Iêmen,Q20385389,http://www.wikidata.org/entity/Q20394272,0,86,,,
YEM,Iêmen,Q20385397,http://www.wikidata.org/entity/Q12225991,0,633,,,
YEM,Iêmen,Q20385400,http://www.wikidata.org/entity/Q4117515,0,107,,,
YEM,Iêmen,Q20385411,http://www.wikidata.org/entity/Q12226050,0,108,,,
YEM,Iêmen,Q20385408,http://www.wikidata.org/entity/Q125170086,0,22,,,
YEM,Iêmen,Q20385413,http://www.wikidata.org/entity/Q20409199,0,34,,,
YEM,Iêmen,Q20385417,http://www.wikidata.org/entity/Q12226258,0,253,,,
YEM,Iêmen,Q20385420,http://www.wikidata.org/entity/Q12225163,0,289,,,
YEM,Iêmen,Q20385447,http://www.wikidata.org/entity/Q20407896,0,72,,,
YEM,Iêmen,Q20385459,http://www.wikidata.org/entity/Q20406973,0,61,,,
YEM,Iêmen,Q20385462,http://www.wikidata.org/entity/Q20402371,0,32,,,
YEM,Iêmen,Q20385460,http://www.wikidata.org/entity/Q12225039,0,42,,,
YEM,Iêmen,Q20385461,http://www.wikidata.org/entity/Q12226463,0,72,,,
YEM,Iêmen,Q20385465,http://www.wikidata.org/entity/Q20424306,0,72,,,
YEM,Iêmen,Q20385474,http://www.wikidata.org/entity/Q12225442,0,32,,,
YEM,Iêmen,Q20385472,http://www.wikidata.org/entity/Q20425234,0,108,,,
YEM,Iêmen,Q20385478,http://www.wikidata.org/entity/Q12225147,0,196,,,
YEM,Iêmen,Q20385487,http://www.wikidata.org/entity/Q12226821,0,66,,,
YEM,Iêmen,Q20385484,http://www.wikidata.org/entity/Q20383211,0,39,,,
YEM,Iêmen,Q20385595,http://www.wikidata.org/entity/Q20424579,0,1120,,,
YEM,Iêmen,Q20385661,http://www.wikidata.org/entity/Q12226258,0,78,,,
YEM,Iêmen,Q20385667,http://www.wikidata.org/entity/Q20406863,0,40,,,
YEM,Iêmen,Q20385664,http://www.wikidata.org/entity/Q12225942,0,35,,,
YEM,Iêmen,Q20385668,http://www.wikidata.org/entity/Q20402080,0,34,,,
YEM,Iêmen,Q20385675,http://www.wikidata.org/entity/Q20389712,0,113,,,
YEM,Iêmen,Q20385704,http://www.wikidata.org/entity/Q20396285,0,40,,,
YEM,Iêmen,Q20385715,http://www.wikidata.org/entity/Q12226912,0,176,,,
YEM,Iêmen,Q20385713,http://www.wikidata.org/entity/Q12226985,0,829,,,
YEM,Iêmen,Q20385718,http://www.wikidata.org/entity/Q20392479,0,35,,,
YEM,Iêmen,Q20385716,http://www.wikidata.org/entity/Q20383506,0,21,,,
YEM,Iêmen,Q20385760,http://www.wikidata.org/entity/Q20419809,0,120,,,
YEM,Iêmen,Q20385799,http://www.wikidata.org/entity/Q12226544,0,65,,,
YEM,Iêmen,Q20385850,http://www.wikidata.org/entity/Q20397519,0,31,,,
YEM,Iêmen,Q20385854,http://www.wikidata.org/entity/Q12225151,0,31,,,
YEM,Iêmen,Q20385859,http://www.wikidata.org/entity/Q12226111,0,59,,,
YEM,Iêmen,Q20385856,http://www.wikidata.org/entity/Q20390596,0,21,,,
YEM,Iêmen,Q20385863,http://www.wikidata.org/entity/Q12226964,0,41,,,
YEM,Iêmen,Q20385864,http://www.wikidata.org/entity/Q20387151,0,21,,,
YEM,Iêmen,Q20385903,http://www.wikidata.org/entity/Q12226213,0,34,,,
YEM,Iêmen,Q20385906,http://www.wikidata.org/entity/Q20400892,0,305,,,
YEM,Iêmen,Q20385912,http://www.wikidata.org/entity/Q20389892,0,56,,,
YEM,Iêmen,Q20385916,http://www.wikidata.org/entity/Q20383551,0,98,,,
YEM,Iêmen,Q20385923,http://www.wikidata.org/entity/Q20404635,0,39,,,
YEM,Iêmen,Q20385927,http://www.wikidata.org/entity/Q12226638,0,37,,,
YEM,Iêmen,Q20385956,http://www.wikidata.org/entity/Q20383961,0,182,,,
YEM,Iêmen,Q20385957,http://www.wikidata.org/entity/Q12226192,0,102,,,
YEM,Iêmen,Q20386063,http://www.wikidata.org/entity/Q12226991,0,76,,,
YEM,Iêmen,Q20386070,http://www.wikidata.org/entity/Q12225490,0,85,,,
YEM,Iêmen,Q20386068,http://www.wikidata.org/entity/Q12226138,0,379,,,
YEM,Iêmen,Q20386069,http://www.wikidata.org/entity/Q20388625,0,176,,,
YEM,Iêmen,Q20386074,http://www.wikidata.org/entity/Q12225401,0,49,,,
YEM,Iêmen,Q20386171,http://www.wikidata.org/entity/Q20423363,0,82,,,
YEM,Iêmen,Q20386183,http://www.wikidata.org/entity/Q20383441,0,49,,,
YEM,Iêmen,Q20386186,http://www.wikidata.org/entity/Q12226936,0,220,,,
YEM,Iêmen,Q20383802,http://www.wikidata.org/entity/Q20396854,0,155,,,
YEM,Iêmen,Q20384041,http://www.wikidata.org/entity/Q20420072,0,56,,,
YEM,Iêmen,Q20384308,http://www.wikidata.org/entity/Q20425519,0,120,,,
YEM,Iêmen,Q20384309,http://www.wikidata.org/entity/Q20399092,0,111,,,
YEM,Iêmen,Q20384322,http://www.wikidata.org/entity/Q20399092,0,156,,,
YEM,Iêmen,Q20384320,http://www.wikidata.org/entity/Q20395326,0,189,,,
YEM,Iêmen,Q20384374,http://www.wikidata.org/entity/Q20408286,0,45,,,
YEM,Iêmen,Q20387817,http://www.wikidata.org/entity/Q12226067,0,80,,,
YEM,Iêmen,Q20387822,http://www.wikidata.org/entity/Q12226537,0,120,,,
YEM,Iêmen,Q20387823,http://www.wikidata.org/entity/Q12225850,0,87,,,
YEM,Iêmen,Q20387826,http://www.wikidata.org/entity/Q20404250,0,36,,,
YEM,Iêmen,Q20387832,http://www.wikidata.org/entity/Q12225264,0,65,,,
YEM,Iêmen,Q20387833,http://www.wikidata.org/entity/Q4117520,0,63,,,
YEM,Iêmen,Q20387868,http://www.wikidata.org/entity/Q20400114,0,65,,,
YEM,Iêmen,Q20387970,http://www.wikidata.org/entity/Q20388232,0,390,,,
YEM,Iêmen,Q20387969,http://www.wikidata.org/entity/Q20388076,0,57,,,
YEM,Iêmen,Q20387979,http://www.wikidata.org/entity/Q20394660,0,668,,,
YEM,Iêmen,Q20387980,http://www.wikidata.org/entity/Q20407012,0,57,,,
YEM,Iêmen,Q20387987,http://www.wikidata.org/entity/Q20384087,0,63,,,
YEM,Iêmen,Q20387984,http://www.wikidata.org/entity/Q20424257,0,57,,,
YEM,Iêmen,Q20387985,http://www.wikidata.org/entity/Q12225175,0,290,,,
YEM,Iêmen,Q20388118,http://www.wikidata.org/entity/Q4117519,0,836,,,
YEM,Iêmen,Q20388117,http://www.wikidata.org/entity/Q12225164,0,65,,,
YEM,Iêmen,Q20388120,http://www.wikidata.org/entity/Q20381918,0,54,,,
YEM,Iêmen,Q20388132,http://www.wikidata.org/entity/Q12226267,0,25,,,
YEM,Iêmen,Q20388239,http://www.wikidata.org/entity/Q20388399,0,78,,,
YEM,Iêmen,Q20388236,http://www.wikidata.org/entity/Q12226907,0,373,,,
YEM,Iêmen,Q20388240,http://www.wikidata.org/entity/Q12226339,0,261,,,
YEM,Iêmen,Q20388241,http://www.wikidata.org/entity/Q20390681,0,32,,,
YEM,Iêmen,Q20388329,http://www.wikidata.org/entity/Q20414538,0,22,,,
YEM,Iêmen,Q20388418,http://www.wikidata.org/entity/Q4117509,0,356,,,
YEM,Iêmen,Q20388416,http://www.wikidata.org/entity/Q20408220,0,57,,,
YEM,Iêmen,Q20388417,http://www.wikidata.org/entity/Q12226678,0,27,,,
YEM,Iêmen,Q20388420,http://www.wikidata.org/entity/Q12225260,0,60,,,
YEM,Iêmen,Q20388427,http://www.wikidata.org/entity/Q20394060,0,214,,,
YEM,Iêmen,Q20388424,http://www.wikidata.org/entity/Q20384268,0,40,,,
YEM,Iêmen,Q20388429,http://www.wikidata.org/entity/Q4117519,0,17,,,
YEM,Iêmen,Q20388433,http://www.wikidata.org/entity/Q20389167,0,23,,,
YEM,Iêmen,Q20388438,http://www.wikidata.org/entity/Q12225268,0,262,,,
YEM,Iêmen,Q20388439,http://www.wikidata.org/entity/Q20422881,0,79,,,
YEM,Iêmen,Q20388437,http://www.wikidata.org/entity/Q20408600,0,27,,,
YEM,Iêmen,Q20388622,http://www.wikidata.org/entity/Q12226544,0,56,,,
YEM,Iêmen,Q20388633,http://www.wikidata.org/entity/Q4117519,0,87,,,
YEM,Iêmen,Q20388895,http://www.wikidata.org/entity/Q20408600,0,22,,,
YEM,Iêmen,Q20388893,http://www.wikidata.org/entity/Q12226585,0,404,,,
YEM,Iêmen,Q20388897,http://www.wikidata.org/entity/Q20384741,0,41,,,
YEM,Iêmen,Q20388902,http://www.wikidata.org/entity/Q17696523,0,46,,,
YEM,Iêmen,Q20389002,http://www.wikidata.org/entity/Q20383943,0,178,,,
YEM,Iêmen,Q20389001,http://www.wikidata.org/entity/Q20394705,0,53,,,
YEM,Iêmen,Q20389009,http://www.wikidata.org/entity/Q12226544,0,24,,,
YEM,Iêmen,Q20389030,http://www.wikidata.org/entity/Q20406711,0,71,,,
YEM,Iêmen,Q20389031,http://www.wikidata.org/entity/Q20389351,0,117,,,
YEM,Iêmen,Q20389035,http://www.wikidata.org/entity/Q12226864,0,229,,,
YEM,Iêmen,Q20389032,http://www.wikidata.org/entity/Q12225721,0,133,,,
YEM,Iêmen,Q20389033,http://www.wikidata.org/entity/Q20397282,0,114,,,
YEM,Iêmen,Q20389038,http://www.wikidata.org/entity/Q12225691,0,54,,,
YEM,Iêmen,Q20389042,http://www.wikidata.org/entity/Q20390759,0,63,,,
YEM,Iêmen,Q20389044,http://www.wikidata.org/entity/Q20387757,0,73,,,
YEM,Iêmen,Q20389045,http://www.wikidata.org/entity/Q20389351,0,65,,,
YEM,Iêmen,Q20389139,http://www.wikidata.org/entity/Q20390243,0,222,,,
YEM,Iêmen,Q20389137,http://www.wikidata.org/entity/Q12226912,0,70,,,
YEM,Iêmen,Q20389166,http://www.wikidata.org/entity/Q25932270,0,55,,,
YEM,Iêmen,Q20389778,http://www.wikidata.org/entity/Q12226531,0,72,,,
YEM,Iêmen,Q20389786,http://www.wikidata.org/entity/Q20412163,0,111,,,
YEM,Iêmen,Q20389795,http://www.wikidata.org/entity/Q20409646,0,34,,,
YEM,Iêmen,Q20389798,http://www.wikidata.org/entity/Q20421367,0,40,,,
YEM,Iêmen,Q20389808,http://www.wikidata.org/entity/Q20425523,0,173,,,
YEM,Iêmen,Q20389809,http://www.wikidata.org/entity/Q20411656,0,31,,,
YEM,Iêmen,Q20386189,http://www.wikidata.org/entity/Q20401792,0,323,,,
YEM,Iêmen,Q20386192,http://www.wikidata.org/entity/Q12226238,0,46,,,
YEM,Iêmen,Q20386250,http://www.wikidata.org/entity/Q20415701,0,73,,,
YEM,Iêmen,Q20386251,http://www.wikidata.org/entity/Q12226238,0,119,,,
YEM,Iêmen,Q20386398,http://www.wikidata.org/entity/Q12226155,0,120,,,
YEM,Iêmen,Q20386399,http://www.wikidata.org/entity/Q12226238,0,59,,,
YEM,Iêmen,Q20386396,http://www.wikidata.org/entity/Q20393333,0,67,,,
YEM,Iêmen,Q20386397,http://www.wikidata.org/entity/Q25932234,0,31,,,
YEM,Iêmen,Q20386400,http://www.wikidata.org/entity/Q12226009,0,193,,,
YEM,Iêmen,Q20386401,http://www.wikidata.org/entity/Q12225890,0,106,,,
YEM,Iêmen,Q20386407,http://www.wikidata.org/entity/Q12225330,0,292,,,
YEM,Iêmen,Q20386404,http://www.wikidata.org/entity/Q4117502,0,51,,,
YEM,Iêmen,Q20386405,http://www.wikidata.org/entity/Q12226341,0,130,,,
YEM,Iêmen,Q20386410,http://www.wikidata.org/entity/Q12226060,0,218,,,
YEM,Iêmen,Q20386411,http://www.wikidata.org/entity/Q12226067,0,162,,,
YEM,Iêmen,Q20386409,http://www.wikidata.org/entity/Q12226697,0,144,,,
YEM,Iêmen,Q20386412,http://www.wikidata.org/entity/Q12225742,0,45,,,
YEM,Iêmen,Q20386413,http://www.wikidata.org/entity/Q12226544,0,33,,,
YEM,Iêmen,Q20386574,http://www.wikidata.org/entity/Q12226817,0,311,,,
YEM,Iêmen,Q20386579,http://www.wikidata.org/entity/Q12226241,0,65,,,
YEM,Iêmen,Q20386576,http://www.wikidata.org/entity/Q20386411,0,122,,,
YEM,Iêmen,Q20386583,http://www.wikidata.org/entity/Q20403764,0,48,,,
YEM,Iêmen,Q20386580,http://www.wikidata.org/entity/Q20424705,0,23,,,
YEM,Iêmen,Q20386586,http://www.wikidata.org/entity/Q12226985,0,462,,,
YEM,Iêmen,Q20386594,http://www.wikidata.org/entity/Q12226412,0,148,,,
YEM,Iêmen,Q20386593,http://www.wikidata.org/entity/Q20401226,0,191,,,
YEM,Iêmen,Q20386601,http://www.wikidata.org/entity/Q20400708,0,63,,,
YEM,Iêmen,Q20386642,http://www.wikidata.org/entity/Q12226080,0,399,,,
YEM,Iêmen,Q20386640,http://www.wikidata.org/entity/Q125170123,0,25,,,
YEM,Iêmen,Q20386641,http://www.wikidata.org/entity/Q12225650,0,82,,,
YEM,Iêmen,Q20386645,http://www.wikidata.org/entity/Q20405886,0,22,,,
YEM,Iêmen,Q20386654,http://www.wikidata.org/entity/Q20414953,0,69,,,
YEM,Iêmen,Q20386661,http://www.wikidata.org/entity/Q4117519,0,561,,,
YEM,Iêmen,Q20386674,http://www.wikidata.org/entity/Q4117519,0,785,,,
YEM,Iêmen,Q20386672,http://www.wikidata.org/entity/Q12226907,0,155,,,
YEM,Iêmen,Q20386690,http://www.wikidata.org/entity/Q12227044,0,546,,,
YEM,Iêmen,Q20386688,http://www.wikidata.org/entity/Q20393130,0,218,,,
YEM,Iêmen,Q20386689,http://www.wikidata.org/entity/Q20424242,0,21,,,
YEM,Iêmen,Q20386858,http://www.wikidata.org/entity/Q12226556,0,129,,,
YEM,Iêmen,Q20386863,http://www.wikidata.org/entity/Q20400892,0,397,,,
YEM,Iêmen,Q20386860,http://www.wikidata.org/entity/Q12225425,0,662,,,
YEM,Iêmen,Q20386866,http://www.wikidata.org/entity/Q20390803,0,119,,,
YEM,Iêmen,Q20386870,http://www.wikidata.org/entity/Q20413153,0,254,,,
YEM,Iêmen,Q20386874,http://www.wikidata.org/entity/Q20386405,0,100,,,
YEM,Iêmen,Q20386878,http://www.wikidata.org/entity/Q20383819,0,137,,,
YEM,Iêmen,Q20386876,http://www.wikidata.org/entity/Q12226416,0,195,,,
YEM,Iêmen,Q20387005,http://www.wikidata.org/entity/Q20414172,0,234,,,
YEM,Iêmen,Q20387043,http://www.wikidata.org/entity/Q20398160,0,73,,,
YEM,Iêmen,Q20387046,http://www.wikidata.org/entity/Q20410448,0,144,,,
YEM,Iêmen,Q20387045,http://www.wikidata.org/entity/Q12226290,0,30,,,
YEM,Iêmen,Q20387050,http://www.wikidata.org/entity/Q20404854,0,20,,,
YEM,Iêmen,Q20387056,http://www.wikidata.org/entity/Q20425536,0,46,,,
YEM,Iêmen,Q20387122,http://www.wikidata.org/entity/Q20389926,0,135,,,
YEM,Iêmen,Q20387123,http://www.wikidata.org/entity/Q20413326,0,64,,,
YEM,Iêmen,Q20387126,http://www.wikidata.org/entity/Q12225742,0,48,,,
YEM,Iêmen,Q20387124,http://www.wikidata.org/entity/Q20394729,0,458,,,
YEM,Iêmen,Q20387130,http://www.wikidata.org/entity/Q12225453,0,2264,,,
YEM,Iêmen,Q20387134,http://www.wikidata.org/entity/Q12225898,0,60,,,
YEM,Iêmen,Q20387132,http://www.wikidata.org/entity/Q16121043,0,496,,,
YEM,Iêmen,Q20387133,http://www.wikidata.org/entity/Q20388214,0,87,,,
YEM,Iêmen,Q20387392,http://www.wikidata.org/entity/Q4117519,0,521,,,
YEM,Iêmen,Q20387399,http://www.wikidata.org/entity/Q12225337,0,118,,,
YEM,Iêmen,Q20387400,http://www.wikidata.org/entity/Q20419133,0,50,,,
YEM,Iêmen,Q20387410,http://www.wikidata.org/entity/Q4907490,0,545,,,
YEM,Iêmen,Q20387409,http://www.wikidata.org/entity/Q12226050,0,35,,,
YEM,Iêmen,Q20387414,http://www.wikidata.org/entity/Q20383877,0,93,,,
YEM,Iêmen,Q20387415,http://www.wikidata.org/entity/Q20388076,0,52,,,
YEM,Iêmen,Q20387509,http://www.wikidata.org/entity/Q12226759,0,51,,,
YEM,Iêmen,Q20387512,http://www.wikidata.org/entity/Q12225180,0,119,,,
YEM,Iêmen,Q20387519,http://www.wikidata.org/entity/Q20407397,0,70,,,
YEM,Iêmen,Q20387523,http://www.wikidata.org/entity/Q20420589,0,47,,,
YEM,Iêmen,Q20387521,http://www.wikidata.org/entity/Q12226002,0,436,,,
YEM,Iêmen,Q20387529,http://www.wikidata.org/entity/Q20411316,0,399,,,
YEM,Iêmen,Q20387799,http://www.wikidata.org/entity/Q20393677,0,292,,,
YEM,Iêmen,Q20387802,http://www.wikidata.org/entity/Q20396210,0,82,,,
YEM,Iêmen,Q20387806,http://www.wikidata.org/entity/Q12226329,0,16,,,
YEM,Iêmen,Q20387808,http://www.wikidata.org/entity/Q20383943,0,110,,,
YEM,Iêmen,Q20387812,http://www.wikidata.org/entity/Q20387793,0,80,,,
YEM,Iêmen,Q20387816,http://www.wikidata.org/entity/Q20398475,0,41,,,
YEM,Iêmen,Q20382495,http://www.wikidata.org/entity/Q12225868,0,152,,,
YEM,Iêmen,Q20382496,http://www.wikidata.org/entity/Q4117602,0,103,,,
YEM,Iêmen,Q20382497,http://www.wikidata.org/entity/Q12225954,0,209,,,
YEM,Iêmen,Q20382502,http://www.wikidata.org/entity/Q4117515,0,87,,,
YEM,Iêmen,Q20382503,http://www.wikidata.org/entity/Q12225878,0,164,,,
YEM,Iêmen,Q20382501,http://www.wikidata.org/entity/Q4117552,0,213,,,
YEM,Iêmen,Q20382506,http://www.wikidata.org/entity/Q12226325,0,148,,,
YEM,Iêmen,Q20382507,http://www.wikidata.org/entity/Q4117520,0,23,,,
YEM,Iêmen,Q20382505,http://www.wikidata.org/entity/Q12226688,0,122,,,
YEM,Iêmen,Q20382510,http://www.wikidata.org/entity/Q12226688,0,27,,,
YEM,Iêmen,Q20382512,http://www.wikidata.org/entity/Q4117682,0,42,,,
YEM,Iêmen,Q20382690,http://www.wikidata.org/entity/Q4117543,0,168,,,
YEM,Iêmen,Q20382691,http://www.wikidata.org/entity/Q12225470,0,435,,,
YEM,Iêmen,Q20382777,http://www.wikidata.org/entity/Q4117543,0,573,,,
YEM,Iêmen,Q20382782,http://www.wikidata.org/entity/Q12225114,0,530,,,
YEM,Iêmen,Q20382783,http://www.wikidata.org/entity/Q4117824,0,235,,,
YEM,Iêmen,Q20382781,http://www.wikidata.org/entity/Q12226448,0,40,,,
YEM,Iêmen,Q20382786,http://www.wikidata.org/entity/Q4117704,0,14,,,
YEM,Iêmen,Q20382784,http://www.wikidata.org/entity/Q12225912,0,134,,,
YEM,Iêmen,Q20382785,http://www.wikidata.org/entity/Q4117704,0,786,,,
YEM,Iêmen,Q20382790,http://www.wikidata.org/entity/Q125170121,0,23,,,
YEM,Iêmen,Q20382791,http://www.wikidata.org/entity/Q12225969,0,524,,,
YEM,Iêmen,Q20382788,http://www.wikidata.org/entity/Q12225942,0,373,,,
YEM,Iêmen,Q20382792,http://www.wikidata.org/entity/Q12226932,0,121,,,
YEM,Iêmen,Q20382793,http://www.wikidata.org/entity/Q4117454,0,35,,,
YEM,Iêmen,Q20382871,http://www.wikidata.org/entity/Q4117682,0,22,,,
YEM,Iêmen,Q20382868,http://www.wikidata.org/entity/Q12225458,0,222,,,
YEM,Iêmen,Q20382872,http://www.wikidata.org/entity/Q5751685,0,14,,,
YEM,Iêmen,Q20382878,http://www.wikidata.org/entity/Q4117556,0,39,,,
YEM,Iêmen,Q20382879,http://www.wikidata.org/entity/Q12227072,0,349,,,
YEM,Iêmen,Q20382876,http://www.wikidata.org/entity/Q12225734,0,32,,,
YEM,Iêmen,Q20382882,http://www.wikidata.org/entity/Q12225094,0,182,,,
YEM,Iêmen,Q20382887,http://www.wikidata.org/entity/Q12226853,0,387,,,
YEM,Iêmen,Q20382888,http://www.wikidata.org/entity/Q4117556,0,58,,,
YEM,Iêmen,Q20382889,http://www.wikidata.org/entity/Q12226739,0,178,,,
YEM,Iêmen,Q20382894,http://www.wikidata.org/entity/Q12226511,0,73,,,
YEM,Iêmen,Q20382895,http://www.wikidata.org/entity/Q4117682,0,127,,,
YEM,Iêmen,Q20382892,http://www.wikidata.org/entity/Q125170166,0,53,,,
YEM,Iêmen,Q20382896,http://www.wikidata.org/entity/Q12225928,0,131,,,
YEM,Iêmen,Q20382897,http://www.wikidata.org/entity/Q12226688,0,154,,,
YEM,Iêmen,Q20382901,http://www.wikidata.org/entity/Q12226783,0,69,,,
YEM,Iêmen,Q20383041,http://www.wikidata.org/entity/Q12226688,0,25,,,
YEM,Iêmen,Q20383048,http://www.wikidata.org/entity/Q4117682,0,13,,,
YEM,Iêmen,Q20383052,http://www.wikidata.org/entity/Q4117454,0,54,,,
YEM,Iêmen,Q20383182,http://www.wikidata.org/entity/Q12225414,0,450,,,
YEM,Iêmen,Q20383183,http://www.wikidata.org/entity/Q12226051,0,246,,,
YEM,Iêmen,Q20383180,http://www.wikidata.org/entity/Q12225954,0,71,,,
YEM,Iêmen,Q20383186,http://www.wikidata.org/entity/Q12225364,0,1173,,,
YEM,Iêmen,Q20383185,http://www.wikidata.org/entity/Q5751685,0,10,,,
YEM,Iêmen,Q20383188,http://www.wikidata.org/entity/Q1884189,0,0,,,
YEM,Iêmen,Q20383189,http://www.wikidata.org/entity/Q25932234,0,47,,,
YEM,Iêmen,Q20383192,http://www.wikidata.org/entity/Q12226828,0,208,,,
YEM,Iêmen,Q20383512,http://www.wikidata.org/entity/Q20383505,0,37,,,
YEM,Iêmen,Q20383519,http://www.wikidata.org/entity/Q20382458,0,87,,,
YEM,Iêmen,Q20383517,http://www.wikidata.org/entity/Q12225739,0,52,,,
YEM,Iêmen,Q20384068,http://www.wikidata.org/entity/Q20393084,0,128,,,
YEM,Iêmen,Q20384069,http://www.wikidata.org/entity/Q12226241,0,77,,,
YEM,Iêmen,Q20384074,http://www.wikidata.org/entity/Q20388640,0,50,,,
YEM,Iêmen,Q20384075,http://www.wikidata.org/entity/Q20385273,0,57,,,
YEM,Iêmen,Q20384077,http://www.wikidata.org/entity/Q12225642,0,35,,,
YEM,Iêmen,Q20384083,http://www.wikidata.org/entity/Q20388214,0,125,,,
YEM,Iêmen,Q20384085,http://www.wikidata.org/entity/Q20406383,0,147,,,
YEM,Iêmen,Q20384422,http://www.wikidata.org/entity/Q12226600,0,45,,,
YEM,Iêmen,Q20384423,http://www.wikidata.org/entity/Q12225642,0,25,,,
YEM,Iêmen,Q20384421,http://www.wikidata.org/entity/Q20420753,0,31,,,
YEM,Iêmen,Q20384424,http://www.wikidata.org/entity/Q20397160,0,81,,,
YEM,Iêmen,Q20384425,http://www.wikidata.org/entity/Q12226163,0,79,,,
YEM,Iêmen,Q20384440,http://www.wikidata.org/entity/Q20391447,0,94,,,
YEM,Iêmen,Q20384447,http://www.wikidata.org/entity/Q12226825,0,90,,,
YEM,Iêmen,Q20384451,http://www.wikidata.org/entity/Q20417876,0,38,,,
YEM,Iêmen,Q20384458,http://www.wikidata.org/entity/Q12227094,0,270,,,
YEM,Iêmen,Q20384460,http://www.wikidata.org/entity/Q20409546,0,129,,,
YEM,Iêmen,Q20384461,http://www.wikidata.org/entity/Q20406706,0,72,,,
YEM,Iêmen,Q20384466,http://www.wikidata.org/entity/Q20390494,0,61,,,
YEM,Iêmen,Q20384470,http://www.wikidata.org/entity/Q20400029,0,122,,,
YEM,Iêmen,Q20384468,http://www.wikidata.org/entity/Q20406457,0,52,,,
YEM,Iêmen,Q20384475,http://www.wikidata.org/entity/Q22930968,0,58,,,
YEM,Iêmen,Q20384893,http://www.wikidata.org/entity/Q20402207,0,35,,,
YEM,Iêmen,Q20384986,http://www.wikidata.org/entity/Q20408967,0,58,,,
YEM,Iêmen,Q20385066,http://www.wikidata.org/entity/Q20384987,0,101,,,
YEM,Iêmen,Q20385070,http://www.wikidata.org/entity/Q20406612,0,119,,,
YEM,Iêmen,Q20385069,http://www.wikidata.org/entity/Q12225920,0,176,,,
YEM,Iêmen,Q20385077,http://www.wikidata.org/entity/Q20424450,0,26,,,
YEM,Iêmen,Q20385086,http://www.wikidata.org/entity/Q20384908,0,194,,,
YEM,Iêmen,Q20385087,http://www.wikidata.org/entity/Q12225175,0,424,,,
YEM,Iêmen,Q20385091,http://www.wikidata.org/entity/Q12227097,0,140,,,
YEM,Iêmen,Q20385088,http://www.wikidata.org/entity/Q12226469,0,28,,,
YEM,Iêmen,Q20385089,http://www.wikidata.org/entity/Q20400729,0,69,,,
YEM,Iêmen,Q20385095,http://www.wikidata.org/entity/Q12226101,0,440,,,
YEM,Iêmen,Q20385362,http://www.wikidata.org/entity/Q20387482,0,34,,,
YEM,Iêmen,Q20385363,http://www.wikidata.org/entity/Q12226825,0,105,,,
YEM,Iêmen,Q20385367,http://www.wikidata.org/entity/Q20401742,0,23,,,
YEM,Iêmen,Q20385365,http://www.wikidata.org/entity/Q20416659,0,52,,,
YEM,Iêmen,Q20385369,http://www.wikidata.org/entity/Q20394356,0,350,,,
YEM,Iêmen,Q20385374,http://www.wikidata.org/entity/Q12185392,0,128,,,
YEM,Iêmen,Q20385378,http://www.wikidata.org/entity/Q20397160,0,48,,,
YEM,Iêmen,Q20385377,http://www.wikidata.org/entity/Q12226258,0,111,,,
YEM,Iêmen,Q20385401,http://www.wikidata.org/entity/Q12225397,0,150,,,
YEM,Iêmen,Q20385406,http://www.wikidata.org/entity/Q12226478,0,50,,,
YEM,Iêmen,Q20385407,http://www.wikidata.org/entity/Q12226770,0,212,,,
YEM,Iêmen,Q20385404,http://www.wikidata.org/entity/Q12225639,0,61,,,
YEM,Iêmen,Q20385425,http://www.wikidata.org/entity/Q12225199,0,202,,,
YEM,Iêmen,Q20385446,http://www.wikidata.org/entity/Q5751685,0,113,,,
YEM,Iêmen,Q20385450,http://www.wikidata.org/entity/Q12226100,0,339,,,
YEM,Iêmen,Q20385448,http://www.wikidata.org/entity/Q12225330,0,21,,,
YEM,Iêmen,Q20385455,http://www.wikidata.org/entity/Q12225738,0,55,,,
YEM,Iêmen,Q20385452,http://www.wikidata.org/entity/Q4117552,0,272,,,
YEM,Iêmen,Q20385453,http://www.wikidata.org/entity/Q12227034,0,225,,,
YEM,Iêmen,Q20385517,http://www.wikidata.org/entity/Q4117682,0,26,,,
YEM,Iêmen,Q20385520,http://www.wikidata.org/entity/Q12225882,0,352,,,
YEM,Iêmen,Q20385526,http://www.wikidata.org/entity/Q12226509,0,199,,,
YEM,Iêmen,Q20385528,http://www.wikidata.org/entity/Q12225776,0,294,,,
YEM,Iêmen,Q20385538,http://www.wikidata.org/entity/Q12225960,0,41,,,
YEM,Iêmen,Q20385537,http://www.wikidata.org/entity/Q20399854,0,39,,,
YEM,Iêmen,Q20385549,http://www.wikidata.org/entity/Q12226217,0,219,,,
YEM,Iêmen,Q20385642,http://www.wikidata.org/entity/Q20399479,0,268,,,
YEM,Iêmen,Q20385641,http://www.wikidata.org/entity/Q20383503,0,71,,,
YEM,Iêmen,Q20385647,http://www.wikidata.org/entity/Q20384741,0,46,,,
YEM,Iêmen,Q20385778,http://www.wikidata.org/entity/Q20408600,0,94,,,
YEM,Iêmen,Q20385786,http://www.wikidata.org/entity/Q12226364,0,194,,,
YEM,Iêmen,Q20385787,http://www.wikidata.org/entity/Q12225317,0,125,,,
YEM,Iêmen,Q20385790,http://www.wikidata.org/entity/Q12226050,0,57,,,
YEM,Iêmen,Q20385791,http://www.wikidata.org/entity/Q20399495,0,65,,,
YEM,Iêmen,Q20385797,http://www.wikidata.org/entity/Q12225138,0,578,,,
YEM,Iêmen,Q20385843,http://www.wikidata.org/entity/Q12226011,0,556,,,
YEM,Iêmen,Q20385849,http://www.wikidata.org/entity/Q12226754,0,289,,,
YEM,Iêmen,Q20385858,http://www.wikidata.org/entity/Q5751685,0,74,,,
YEM,Iêmen,Q20385862,http://www.wikidata.org/entity/Q4117519,0,457,,,
YEM,Iêmen,Q20385898,http://www.wikidata.org/entity/Q4907490,0,889,,,
YEM,Iêmen,Q20385896,http://www.wikidata.org/entity/Q20398382,0,80,,,
YEM,Iêmen,Q20385901,http://www.wikidata.org/entity/Q20414542,0,92,,,
YEM,Iêmen,Q20385955,http://www.wikidata.org/entity/Q12226495,0,39,,,
YEM,Iêmen,Q20385958,http://www.wikidata.org/entity/Q4117544,0,52,,,
YEM,Iêmen,Q20385959,http://www.wikidata.org/entity/Q12225700,0,23,,,
YEM,Iêmen,Q20385962,http://www.wikidata.org/entity/Q4117574,0,98,,,
YEM,Iêmen,Q20385963,http://www.wikidata.org/entity/Q12225742,0,24,,,
YEM,Iêmen,Q20385966,http://www.wikidata.org/entity/Q12226267,0,235,,,
YEM,Iêmen,Q20385967,http://www.wikidata.org/entity/Q12225776,0,271,,,
YEM,Iêmen,Q20385964,http://www.wikidata.org/entity/Q12225928,0,478,,,
YEM,Iêmen,Q20385970,http://www.wikidata.org/entity/Q12225264,0,37,,,
YEM,Iêmen,Q20385968,http://www.wikidata.org/entity/Q12225663,0,305,,,
YEM,Iêmen,Q20385969,http://www.wikidata.org/entity/Q12225364,0,336,,,
YEM,Iêmen,Q20385975,http://www.wikidata.org/entity/Q12226511,0,32,,,
YEM,Iêmen,Q20385972,http://www.wikidata.org/entity/Q12226274,0,319,,,
YEM,Iêmen,Q20385973,http://www.wikidata.org/entity/Q12225819,0,59,,,
YEM,Iêmen,Q20385978,http://www.wikidata.org/entity/Q12225470,0,123,,,
YEM,Iêmen,Q20385982,http://www.wikidata.org/entity/Q12225588,0,430,,,
YEM,Iêmen,Q20385983,http://www.wikidata.org/entity/Q12225366,0,85,,,
YEM,Iêmen,Q20385987,http://www.wikidata.org/entity/Q4117454,0,261,,,
YEM,Iêmen,Q20385985,http://www.wikidata.org/entity/Q12226363,0,200,,,
YEM,Iêmen,Q20386016,http://www.wikidata.org/entity/Q12225637,0,75,,,
YEM,Iêmen,Q20386066,http://www.wikidata.org/entity/Q12226281,0,27,,,
YEM,Iêmen,Q20386067,http://www.wikidata.org/entity/Q5751685,0,81,,,
YEM,Iêmen,Q20386065,http://www.wikidata.org/entity/Q25932234,0,41,,,
YEM,Iêmen,Q20386072,http://www.wikidata.org/entity/Q25932270,0,46,,,
YEM,Iêmen,Q20386076,http://www.wikidata.org/entity/Q12225319,0,527,,,
YEM,Iêmen,Q20386107,http://www.wikidata.org/entity/Q12226176,0,451,,,
YEM,Iêmen,Q20386118,http://www.wikidata.org/entity/Q12226511,0,57,,,
YEM,Iêmen,Q20386116,http://www.wikidata.org/entity/Q12226783,0,58,,,
YEM,Iêmen,Q20386117,http://www.wikidata.org/entity/Q4117824,0,108,,,
YEM,Iêmen,Q20386120,http://www.wikidata.org/entity/Q12226928,0,236,,,
YEM,Iêmen,Q20386126,http://www.wikidata.org/entity/Q12225493,0,284,,,
YEM,Iêmen,Q20386127,http://www.wikidata.org/entity/Q12226884,0,114,,,
YEM,Iêmen,Q20386125,http://www.wikidata.org/entity/Q12225027,0,93,,,
YEM,Iêmen,Q20386128,http://www.wikidata.org/entity/Q12226783,0,97,,,
YEM,Iêmen,Q20386129,http://www.wikidata.org/entity/Q12226495,0,2264,,,
YEM,Iêmen,Q20386163,http://www.wikidata.org/entity/Q12226108,0,196,,,
YEM,Iêmen,Q20386160,http://www.wikidata.org/entity/Q12226688,0,361,,,
YEM,Iêmen,Q20386198,http://www.wikidata.org/entity/Q12226153,0,273,,,
YEM,Iêmen,Q20386199,http://www.wikidata.org/entity/Q4117556,0,255,,,
YEM,Iêmen,Q20386197,http://www.wikidata.org/entity/Q12226600,0,60,,,
YEM,Iêmen,Q20386286,http://www.wikidata.org/entity/Q20385808,0,157,,,
YEM,Iêmen,Q20386284,http://www.wikidata.org/entity/Q20399249,0,87,,,
YEM,Iêmen,Q20386289,http://www.wikidata.org/entity/Q12225798,0,41,,,
YEM,Iêmen,Q20386362,http://www.wikidata.org/entity/Q25932234,0,29,,,
YEM,Iêmen,Q20386366,http://www.wikidata.org/entity/Q12225112,0,317,,,
YEM,Iêmen,Q20386367,http://www.wikidata.org/entity/Q12225395,0,159,,,
YEM,Iêmen,Q20386364,http://www.wikidata.org/entity/Q12225520,0,111,,,
YEM,Iêmen,Q20386365,http://www.wikidata.org/entity/Q12225742,0,131,,,
YEM,Iêmen,Q20386374,http://www.wikidata.org/entity/Q12226739,0,57,,,
YEM,Iêmen,Q20386375,http://www.wikidata.org/entity/Q4117602,0,269,,,
YEM,Iêmen,Q20386372,http://www.wikidata.org/entity/Q12226888,0,102,,,
YEM,Iêmen,Q20386378,http://www.wikidata.org/entity/Q12226209,0,164,,,
YEM,Iêmen,Q20386379,http://www.wikidata.org/entity/Q12225112,0,25,,,
YEM,Iêmen,Q20386376,http://www.wikidata.org/entity/Q12225928,0,49,,,
YEM,Iêmen,Q20386382,http://www.wikidata.org/entity/Q25932234,0,349,,,
YEM,Iêmen,Q20386381,http://www.wikidata.org/entity/Q25932270,0,73,,,
YEM,Iêmen,Q20386386,http://www.wikidata.org/entity/Q12226511,0,76,,,
YEM,Iêmen,Q20386384,http://www.wikidata.org/entity/Q4117544,0,45,,,
YEM,Iêmen,Q20386391,http://www.wikidata.org/entity/Q12226922,0,81,,,
YEM,Iêmen,Q20386394,http://www.wikidata.org/entity/Q12225148,0,28,,,
YEM,Iêmen,Q20386395,http://www.wikidata.org/entity/Q12226433,0,506,,,
YEM,Iêmen,Q20386393,http://www.wikidata.org/entity/Q12225628,0,238,,,
YEM,Iêmen,Q20386487,http://www.wikidata.org/entity/Q12226339,0,20,,,
YEM,Iêmen,Q20386485,http://www.wikidata.org/entity/Q12225954,0,72,,,
YEM,Iêmen,Q20386519,http://www.wikidata.org/entity/Q20387755,0,102,,,
YEM,Iêmen,Q20386516,http://www.wikidata.org/entity/Q20394123,0,39,,,
YEM,Iêmen,Q20386521,http://www.wikidata.org/entity/Q20415628,0,240,,,
YEM,Iêmen,Q20386524,http://www.wikidata.org/entity/Q20384991,0,80,,,
YEM,Iêmen,Q20386528,http://www.wikidata.org/entity/Q12227093,0,87,,,
YEM,Iêmen,Q20386581,http://www.wikidata.org/entity/Q125170167,0,408,,,
YEM,Iêmen,Q20386584,http://www.wikidata.org/entity/Q125170122,0,44,,,
YEM,Iêmen,Q20386590,http://www.wikidata.org/entity/Q12225873,0,197,,,
YEM,Iêmen,Q20386588,http://www.wikidata.org/entity/Q12225163,0,409,,15.866667,44.916667
YEM,Iêmen,Q20386595,http://www.wikidata.org/entity/Q4117574,0,201,,,
YEM,Iêmen,Q20386592,http://www.wikidata.org/entity/Q12226100,0,170,,,
YEM,Iêmen,Q20386598,http://www.wikidata.org/entity/Q25932270,0,38,,,
YEM,Iêmen,Q20386599,http://www.wikidata.org/entity/Q4117543,0,38,,,
YEM,Iêmen,Q20386596,http://www.wikidata.org/entity/Q12226100,0,83,,,
YEM,Iêmen,Q20386597,http://www.wikidata.org/entity/Q12225580,0,241,,,
YEM,Iêmen,Q20386603,http://www.wikidata.org/entity/Q12226370,0,147,,,
YEM,Iêmen,Q20386608,http://www.wikidata.org/entity/Q12226817,0,41,,,
YEM,Iêmen,Q20386609,http://www.wikidata.org/entity/Q4117519,0,290,,,
YEM,Iêmen,Q20386643,http://www.wikidata.org/entity/Q12226783,0,141,,,
YEM,Iêmen,Q20386646,http://www.wikidata.org/entity/Q12226343,0,138,,,
YEM,Iêmen,Q20386647,http://www.wikidata.org/entity/Q1884189,0,522,,,
YEM,Iêmen,Q20392510,http://www.wikidata.org/entity/Q20391852,0,31,,,
YEM,Iêmen,Q20392511,http://www.wikidata.org/entity/Q20401368,0,141,,,
YEM,Iêmen,Q20392512,http://www.wikidata.org/entity/Q12225457,0,46,,,
YEM,Iêmen,Q20392521,http://www.wikidata.org/entity/Q20400729,0,137,,,
YEM,Iêmen,Q20392550,http://www.wikidata.org/entity/Q12225228,0,42,,,
YEM,Iêmen,Q20392548,http://www.wikidata.org/entity/Q20389333,0,60,,,
YEM,Iêmen,Q20393133,http://www.wikidata.org/entity/Q12226810,0,188,,,
YEM,Iêmen,Q20393138,http://www.wikidata.org/entity/Q12226544,0,32,,,
YEM,Iêmen,Q20393143,http://www.wikidata.org/entity/Q12226899,0,26,,,
YEM,Iêmen,Q20386644,http://www.wikidata.org/entity/Q12226217,0,171,,,
YEM,Iêmen,Q20386650,http://www.wikidata.org/entity/Q12226809,0,16,,,
YEM,Iêmen,Q20386653,http://www.wikidata.org/entity/Q12225109,0,160,,,
YEM,Iêmen,Q20386656,http://www.wikidata.org/entity/Q12225306,0,200,,,
YEM,Iêmen,Q20386699,http://www.wikidata.org/entity/Q12227034,0,548,,,
YEM,Iêmen,Q20386696,http://www.wikidata.org/entity/Q25932330,0,111,,,
YEM,Iêmen,Q20386703,http://www.wikidata.org/entity/Q25932274,0,89,,,
YEM,Iêmen,Q20386700,http://www.wikidata.org/entity/Q12226688,0,1257,,,
YEM,Iêmen,Q20386707,http://www.wikidata.org/entity/Q12226894,0,204,,,
YEM,Iêmen,Q20386704,http://www.wikidata.org/entity/Q4117552,0,46,,,
YEM,Iêmen,Q20386713,http://www.wikidata.org/entity/Q20407397,0,51,,,
YEM,Iêmen,Q20386719,http://www.wikidata.org/entity/Q12225535,0,159,,,
YEM,Iêmen,Q20386717,http://www.wikidata.org/entity/Q12226145,0,40,,,
YEM,Iêmen,Q20386722,http://www.wikidata.org/entity/Q12225776,0,613,,,
YEM,Iêmen,Q20386720,http://www.wikidata.org/entity/Q12225928,0,38,,,
YEM,Iêmen,Q20386721,http://www.wikidata.org/entity/Q12225855,0,186,,,
YEM,Iêmen,Q20386727,http://www.wikidata.org/entity/Q12225898,0,38,,,
YEM,Iêmen,Q20386735,http://www.wikidata.org/entity/Q12226917,0,84,,,
YEM,Iêmen,Q20386738,http://www.wikidata.org/entity/Q25932234,0,39,,,
YEM,Iêmen,Q20386737,http://www.wikidata.org/entity/Q4117433,0,116,,,
YEM,Iêmen,Q20386740,http://www.wikidata.org/entity/Q25932274,0,123,,,
YEM,Iêmen,Q20386741,http://www.wikidata.org/entity/Q25932234,0,89,,,
YEM,Iêmen,Q20386746,http://www.wikidata.org/entity/Q12225450,0,316,,,
YEM,Iêmen,Q20386744,http://www.wikidata.org/entity/Q12226544,0,99,,,
YEM,Iêmen,Q20386745,http://www.wikidata.org/entity/Q12225366,0,180,,,
YEM,Iêmen,Q20386748,http://www.wikidata.org/entity/Q12225928,0,122,,,
YEM,Iêmen,Q20386749,http://www.wikidata.org/entity/Q12226948,0,170,,,
YEM,Iêmen,Q20386755,http://www.wikidata.org/entity/Q16121053,0,744,,,
YEM,Iêmen,Q20386799,http://www.wikidata.org/entity/Q16121053,0,2052,,,
YEM,Iêmen,Q20386796,http://www.wikidata.org/entity/Q4117824,0,36,,,
YEM,Iêmen,Q20386797,http://www.wikidata.org/entity/Q12226606,0,10,,,
YEM,Iêmen,Q20386802,http://www.wikidata.org/entity/Q12225616,0,89,,,
YEM,Iêmen,Q20386800,http://www.wikidata.org/entity/Q12226495,0,88,,,
YEM,Iêmen,Q20386807,http://www.wikidata.org/entity/Q12226332,0,541,,,
YEM,Iêmen,Q20386810,http://www.wikidata.org/entity/Q12226783,0,178,,,
YEM,Iêmen,Q20386814,http://www.wikidata.org/entity/Q12226949,0,31,,,
YEM,Iêmen,Q20386812,http://www.wikidata.org/entity/Q12225991,0,325,,,
YEM,Iêmen,Q20386823,http://www.wikidata.org/entity/Q12225148,0,112,,,
YEM,Iêmen,Q20386919,http://www.wikidata.org/entity/Q12225734,0,25,,,
YEM,Iêmen,Q20386917,http://www.wikidata.org/entity/Q4117602,0,27,,,
YEM,Iêmen,Q20386922,http://www.wikidata.org/entity/Q12225330,0,92,,,
YEM,Iêmen,Q20386929,http://www.wikidata.org/entity/Q125170167,0,1456,,,
YEM,Iêmen,Q20386932,http://www.wikidata.org/entity/Q12225928,0,162,,,
YEM,Iêmen,Q20386938,http://www.wikidata.org/entity/Q12225669,0,962,,,
YEM,Iêmen,Q20386939,http://www.wikidata.org/entity/Q5751685,0,132,,,
YEM,Iêmen,Q20386936,http://www.wikidata.org/entity/Q4117556,0,33,,,
YEM,Iêmen,Q20386942,http://www.wikidata.org/entity/Q12226939,0,35,,,
YEM,Iêmen,Q20386940,http://www.wikidata.org/entity/Q12226164,0,143,,,
YEM,Iêmen,Q20386941,http://www.wikidata.org/entity/Q5751685,0,64,,,
YEM,Iêmen,Q20386945,http://www.wikidata.org/entity/Q4117789,0,864,,,
YEM,Iêmen,Q20386949,http://www.wikidata.org/entity/Q20383183,0,33,,,
YEM,Iêmen,Q20386954,http://www.wikidata.org/entity/Q20393363,0,270,,,
YEM,Iêmen,Q20386959,http://www.wikidata.org/entity/Q20422514,0,165,,,
YEM,Iêmen,Q20386956,http://www.wikidata.org/entity/Q12225544,0,25,,,
YEM,Iêmen,Q20386962,http://www.wikidata.org/entity/Q20406127,0,27,,,
YEM,Iêmen,Q20386966,http://www.wikidata.org/entity/Q20391062,0,202,,,
YEM,Iêmen,Q20386964,http://www.wikidata.org/entity/Q12226766,0,467,,,
YEM,Iêmen,Q20386971,http://www.wikidata.org/entity/Q12226770,0,51,,,
YEM,Iêmen,Q20386973,http://www.wikidata.org/entity/Q20400789,0,96,,,
YEM,Iêmen,Q20386983,http://www.wikidata.org/entity/Q12225333,0,468,,,
YEM,Iêmen,Q20386984,http://www.wikidata.org/entity/Q20402396,0,40,,,
YEM,Iêmen,Q20386985,http://www.wikidata.org/entity/Q20396394,0,57,,,
YEM,Iêmen,Q20386991,http://www.wikidata.org/entity/Q20386405,0,107,,,
YEM,Iêmen,Q20386998,http://www.wikidata.org/entity/Q12225867,0,42,,,
YEM,Iêmen,Q20386997,http://www.wikidata.org/entity/Q20394562,0,70,,,
YEM,Iêmen,Q20387073,http://www.wikidata.org/entity/Q12226125,0,441,,,
YEM,Iêmen,Q20387106,http://www.wikidata.org/entity/Q12225268,0,157,,,
YEM,Iêmen,Q20387111,http://www.wikidata.org/entity/Q12226999,0,82,,,
YEM,Iêmen,Q20387108,http://www.wikidata.org/entity/Q4117549,0,32,,,
YEM,Iêmen,Q20387114,http://www.wikidata.org/entity/Q125170122,0,2547,,,
YEM,Iêmen,Q20387112,http://www.wikidata.org/entity/Q12225898,0,181,,,
YEM,Iêmen,Q20387113,http://www.wikidata.org/entity/Q4117509,0,93,,,
YEM,Iêmen,Q20387118,http://www.wikidata.org/entity/Q12226917,0,75,,,
YEM,Iêmen,Q20387174,http://www.wikidata.org/entity/Q12225637,0,169,,,
YEM,Iêmen,Q20387173,http://www.wikidata.org/entity/Q12226982,0,133,,,
YEM,Iêmen,Q20387178,http://www.wikidata.org/entity/Q12225164,0,44,,,
YEM,Iêmen,Q20387179,http://www.wikidata.org/entity/Q12226719,0,547,,,
YEM,Iêmen,Q20387176,http://www.wikidata.org/entity/Q12225333,0,206,,,
YEM,Iêmen,Q20387180,http://www.wikidata.org/entity/Q12227010,0,249,,,
YEM,Iêmen,Q20387187,http://www.wikidata.org/entity/Q20381943,0,52,,,
YEM,Iêmen,Q20387185,http://www.wikidata.org/entity/Q12227052,0,2341,,,
YEM,Iêmen,Q20387192,http://www.wikidata.org/entity/Q20391586,0,128,,,
YEM,Iêmen,Q20387255,http://www.wikidata.org/entity/Q12226565,0,229,,,
YEM,Iêmen,Q20387257,http://www.wikidata.org/entity/Q12227059,0,110,,,
YEM,Iêmen,Q20387262,http://www.wikidata.org/entity/Q12226899,0,91,,,
YEM,Iêmen,Q20387263,http://www.wikidata.org/entity/Q12226655,0,336,,,
YEM,Iêmen,Q20387266,http://www.wikidata.org/entity/Q12226451,0,204,,,
YEM,Iêmen,Q20387268,http://www.wikidata.org/entity/Q125170122,0,137,,,
YEM,Iêmen,Q20387280,http://www.wikidata.org/entity/Q12226907,0,1083,,,
YEM,Iêmen,Q20387292,http://www.wikidata.org/entity/Q4117339,0,1083,,,
YEM,Iêmen,Q20387302,http://www.wikidata.org/entity/Q12226463,0,54,,,
YEM,Iêmen,Q20387301,http://www.wikidata.org/entity/Q12225293,0,96,,,
YEM,Iêmen,Q20387306,http://www.wikidata.org/entity/Q12226297,0,206,,,
YEM,Iêmen,Q20388919,http://www.wikidata.org/entity/Q4117560,0,87,,,
YEM,Iêmen,Q20388916,http://www.wikidata.org/entity/Q12226783,0,196,,,
YEM,Iêmen,Q20388917,http://www.wikidata.org/entity/Q12226853,0,90,,,
YEM,Iêmen,Q20388926,http://www.wikidata.org/entity/Q20423363,0,36,,,
YEM,Iêmen,Q20388927,http://www.wikidata.org/entity/Q20401226,0,58,,,
YEM,Iêmen,Q20388928,http://www.wikidata.org/entity/Q12226280,0,68,,,
YEM,Iêmen,Q20388932,http://www.wikidata.org/entity/Q12225642,0,20,,,
YEM,Iêmen,Q20388933,http://www.wikidata.org/entity/Q20425508,0,72,,,
YEM,Iêmen,Q20388938,http://www.wikidata.org/entity/Q12225867,0,552,,,
YEM,Iêmen,Q20388943,http://www.wikidata.org/entity/Q12225356,0,249,,,
YEM,Iêmen,Q20388940,http://www.wikidata.org/entity/Q20417972,0,34,,,
YEM,Iêmen,Q20388947,http://www.wikidata.org/entity/Q12225199,0,38,,,
YEM,Iêmen,Q20388944,http://www.wikidata.org/entity/Q20399092,0,27,,,
YEM,Iêmen,Q20390499,http://www.wikidata.org/entity/Q20399910,0,106,,,
YEM,Iêmen,Q20390500,http://www.wikidata.org/entity/Q4907490,0,875,,,
YEM,Iêmen,Q20390501,http://www.wikidata.org/entity/Q20403841,0,32,,,
YEM,Iêmen,Q20390510,http://www.wikidata.org/entity/Q20405294,0,26,,,
YEM,Iêmen,Q20390515,http://www.wikidata.org/entity/Q20395326,0,110,,,
YEM,Iêmen,Q20390516,http://www.wikidata.org/entity/Q20408461,0,116,,,
YEM,Iêmen,Q20390582,http://www.wikidata.org/entity/Q20382192,0,42,,,
YEM,Iêmen,Q20390583,http://www.wikidata.org/entity/Q20425523,0,552,,,
YEM,Iêmen,Q20390838,http://www.wikidata.org/entity/Q20416776,0,35,,,
YEM,Iêmen,Q20390841,http://www.wikidata.org/entity/Q20389892,0,135,,,
YEM,Iêmen,Q20390844,http://www.wikidata.org/entity/Q12226138,0,434,,,
YEM,Iêmen,Q20390845,http://www.wikidata.org/entity/Q20403825,0,62,,,
YEM,Iêmen,Q20390848,http://www.wikidata.org/entity/Q12225164,0,65,,,
YEM,Iêmen,Q20390854,http://www.wikidata.org/entity/Q20419007,0,41,,,
YEM,Iêmen,Q20390858,http://www.wikidata.org/entity/Q12226146,0,128,,,
YEM,Iêmen,Q20391260,http://www.wikidata.org/entity/Q12226912,0,66,,,
YEM,Iêmen,Q20391326,http://www.wikidata.org/entity/Q20410924,0,393,,,
YEM,Iêmen,Q20391325,http://www.wikidata.org/entity/Q20408213,0,37,,,
YEM,Iêmen,Q20391330,http://www.wikidata.org/entity/Q12225490,0,63,,,
YEM,Iêmen,Q20391328,http://www.wikidata.org/entity/Q12226463,0,117,,,
YEM,Iêmen,Q20391339,http://www.wikidata.org/entity/Q20394705,0,44,,,
YEM,Iêmen,Q20391336,http://www.wikidata.org/entity/Q20410920,0,408,,,
YEM,Iêmen,Q20391343,http://www.wikidata.org/entity/Q20420403,0,98,,,
YEM,Iêmen,Q20391344,http://www.wikidata.org/entity/Q20425565,0,38,,,
YEM,Iêmen,Q20391374,http://www.wikidata.org/entity/Q12227081,0,414,,,
YEM,Iêmen,Q20391373,http://www.wikidata.org/entity/Q12226503,0,222,,,
YEM,Iêmen,Q20391378,http://www.wikidata.org/entity/Q12226153,0,422,,,
YEM,Iêmen,Q20391379,http://www.wikidata.org/entity/Q20397160,0,24,,,
YEM,Iêmen,Q20391382,http://www.wikidata.org/entity/Q12227058,0,197,,,
YEM,Iêmen,Q20391380,http://www.wikidata.org/entity/Q125170113,0,99,,,
YEM,Iêmen,Q20391386,http://www.wikidata.org/entity/Q20424970,0,69,,,
YEM,Iêmen,Q20391384,http://www.wikidata.org/entity/Q20402371,0,69,,,
YEM,Iêmen,Q20391385,http://www.wikidata.org/entity/Q4117682,0,76,,,
YEM,Iêmen,Q20391390,http://www.wikidata.org/entity/Q12226367,0,328,,,
YEM,Iêmen,Q20391391,http://www.wikidata.org/entity/Q12225364,0,876,,,
YEM,Iêmen,Q20391388,http://www.wikidata.org/entity/Q20416355,0,47,,,
YEM,Iêmen,Q20391389,http://www.wikidata.org/entity/Q20383961,0,69,,,
YEM,Iêmen,Q20391393,http://www.wikidata.org/entity/Q12226155,0,659,,,
YEM,Iêmen,Q20391399,http://www.wikidata.org/entity/Q20395236,0,34,,,
YEM,Iêmen,Q20391396,http://www.wikidata.org/entity/Q12226290,0,45,,,
YEM,Iêmen,Q20391397,http://www.wikidata.org/entity/Q12225562,0,239,,,
YEM,Iêmen,Q20391400,http://www.wikidata.org/entity/Q4117519,0,54,,,
YEM,Iêmen,Q20391430,http://www.wikidata.org/entity/Q20383418,0,69,,,
YEM,Iêmen,Q20391434,http://www.wikidata.org/entity/Q20412193,0,60,,,
YEM,Iêmen,Q20391436,http://www.wikidata.org/entity/Q12226601,0,109,,,
YEM,Iêmen,Q20391483,http://www.wikidata.org/entity/Q20387079,0,89,,,
YEM,Iêmen,Q20391484,http://www.wikidata.org/entity/Q20393920,0,285,,,
YEM,Iêmen,Q20391490,http://www.wikidata.org/entity/Q12225880,0,82,,,
YEM,Iêmen,Q20391571,http://www.wikidata.org/entity/Q12226600,0,78,,,
YEM,Iêmen,Q20391660,http://www.wikidata.org/entity/Q12225613,0,65,,,
YEM,Iêmen,Q20391766,http://www.wikidata.org/entity/Q20383337,0,35,,,
YEM,Iêmen,Q20391767,http://www.wikidata.org/entity/Q20419145,0,73,,,
YEM,Iêmen,Q20391771,http://www.wikidata.org/entity/Q20410626,0,148,,,
YEM,Iêmen,Q20391772,http://www.wikidata.org/entity/Q20414249,0,37,,,
YEM,Iêmen,Q20391778,http://www.wikidata.org/entity/Q12226897,0,57,,,
YEM,Iêmen,Q20391779,http://www.wikidata.org/entity/Q20424245,0,188,,,
YEM,Iêmen,Q20391776,http://www.wikidata.org/entity/Q20387151,0,98,,,
YEM,Iêmen,Q20392379,http://www.wikidata.org/entity/Q4117519,0,324,,,
YEM,Iêmen,Q20392377,http://www.wikidata.org/entity/Q20389333,0,62,,,
YEM,Iêmen,Q20392380,http://www.wikidata.org/entity/Q12226939,0,111,,,
YEM,Iêmen,Q20392499,http://www.wikidata.org/entity/Q20386101,0,41,,,
YEM,Iêmen,Q20392503,http://www.wikidata.org/entity/Q12226071,0,34,,,
YEM,Iêmen,Q20392501,http://www.wikidata.org/entity/Q20387596,0,68,,,
YEM,Iêmen,Q20392507,http://www.wikidata.org/entity/Q20393059,0,187,,,
YEM,Iêmen,Q20392505,http://www.wikidata.org/entity/Q12226897,0,31,,,
YEM,Iêmen,Q20387311,http://www.wikidata.org/entity/Q12225819,0,151,,,
YEM,Iêmen,Q20387314,http://www.wikidata.org/entity/Q4117680,0,88,,,
YEM,Iêmen,Q20387313,http://www.wikidata.org/entity/Q12226155,0,47,,,
YEM,Iêmen,Q20387316,http://www.wikidata.org/entity/Q12225642,0,165,,,
YEM,Iêmen,Q20387317,http://www.wikidata.org/entity/Q4117549,0,103,,,
YEM,Iêmen,Q20387322,http://www.wikidata.org/entity/Q12226176,0,184,,,
YEM,Iêmen,Q20387323,http://www.wikidata.org/entity/Q12225663,0,1865,,,
YEM,Iêmen,Q20387331,http://www.wikidata.org/entity/Q12226970,0,31,,,
YEM,Iêmen,Q20387335,,0,447,,,
YEM,Iêmen,Q20387333,http://www.wikidata.org/entity/Q12226155,0,7,,,
YEM,Iêmen,Q20387346,http://www.wikidata.org/entity/Q12225919,0,419,,,
YEM,Iêmen,Q20387351,http://www.wikidata.org/entity/Q12225424,0,434,,,
YEM,Iêmen,Q20387359,http://www.wikidata.org/entity/Q12226357,0,207,,,
YEM,Iêmen,Q20387357,http://www.wikidata.org/entity/Q12226107,0,7,,,
YEM,Iêmen,Q20387361,http://www.wikidata.org/entity/Q125170123,0,25,,,
YEM,Iêmen,Q20387389,http://www.wikidata.org/entity/Q12226444,0,296,,,
YEM,Iêmen,Q20387394,http://www.wikidata.org/entity/Q12226939,0,115,,,
YEM,Iêmen,Q20387402,http://www.wikidata.org/entity/Q12225039,0,206,,,
YEM,Iêmen,Q20387401,http://www.wikidata.org/entity/Q25932234,0,82,,,
YEM,Iêmen,Q20387407,,0,723,,,
YEM,Iêmen,Q20387404,http://www.wikidata.org/entity/Q12225411,0,296,,,
YEM,Iêmen,Q20387405,http://www.wikidata.org/entity/Q12225637,0,244,,,
YEM,Iêmen,Q20387408,http://www.wikidata.org/entity/Q4117682,0,133,,,
YEM,Iêmen,Q20387412,http://www.wikidata.org/entity/Q12225700,0,745,,,
YEM,Iêmen,Q20387510,http://www.wikidata.org/entity/Q12226296,0,60,,,
YEM,Iêmen,Q20387511,http://www.wikidata.org/entity/Q12225866,0,33,,,
YEM,Iêmen,Q20387515,http://www.wikidata.org/entity/Q12225716,0,452,,,
YEM,Iêmen,Q20387513,http://www.wikidata.org/entity/Q25932270,0,14,,,
YEM,Iêmen,Q20387516,http://www.wikidata.org/entity/Q12225330,0,42,,,
YEM,Iêmen,Q20387522,http://www.wikidata.org/entity/Q12225742,0,24,,,
YEM,Iêmen,Q20387526,http://www.wikidata.org/entity/Q12225812,0,78,,,
YEM,Iêmen,Q20387524,http://www.wikidata.org/entity/Q4117556,0,63,,,
YEM,Iêmen,Q20387525,http://www.wikidata.org/entity/Q12225113,0,955,,,
YEM,Iêmen,Q20387530,http://www.wikidata.org/entity/Q12225330,0,2,,,
YEM,Iêmen,Q20387531,http://www.wikidata.org/entity/Q25932274,0,106,,,
YEM,Iêmen,Q20387528,http://www.wikidata.org/entity/Q12227097,0,223,,,
YEM,Iêmen,Q20387532,http://www.wikidata.org/entity/Q12226087,0,197,,,
YEM,Iêmen,Q20387542,http://www.wikidata.org/entity/Q125170122,0,29,,,
YEM,Iêmen,Q20387543,http://www.wikidata.org/entity/Q12226531,0,101,,,
YEM,Iêmen,Q20387546,http://www.wikidata.org/entity/Q25932330,0,25,,,
YEM,Iêmen,Q20387555,http://www.wikidata.org/entity/Q4117574,0,375,,,
YEM,Iêmen,Q20387552,http://www.wikidata.org/entity/Q4117509,0,43,,,
YEM,Iêmen,Q20387559,http://www.wikidata.org/entity/Q12226100,0,40,,,
YEM,Iêmen,Q20387563,http://www.wikidata.org/entity/Q12226667,0,7,,,
YEM,Iêmen,Q20387560,http://www.wikidata.org/entity/Q12225987,0,377,,,
YEM,Iêmen,Q20387561,http://www.wikidata.org/entity/Q12225939,0,159,,,
YEM,Iêmen,Q20387763,http://www.wikidata.org/entity/Q12226104,0,97,,,
YEM,Iêmen,Q20387767,http://www.wikidata.org/entity/Q12225326,0,50,,,
YEM,Iêmen,Q20388065,http://www.wikidata.org/entity/Q20408600,0,36,,,
YEM,Iêmen,Q20388071,http://www.wikidata.org/entity/Q20395625,0,43,,,
YEM,Iêmen,Q20388068,http://www.wikidata.org/entity/Q12226002,0,71,,,
YEM,Iêmen,Q20388075,http://www.wikidata.org/entity/Q12226075,0,404,,,
YEM,Iêmen,Q20388079,http://www.wikidata.org/entity/Q20397554,0,248,,,
YEM,Iêmen,Q20388082,http://www.wikidata.org/entity/Q12227098,0,72,,,
YEM,Iêmen,Q20388086,http://www.wikidata.org/entity/Q20406717,0,87,,,
YEM,Iêmen,Q20388088,http://www.wikidata.org/entity/Q12226936,0,127,,,
YEM,Iêmen,Q20388143,http://www.wikidata.org/entity/Q20408510,0,29,,,
YEM,Iêmen,Q20388146,http://www.wikidata.org/entity/Q20388338,0,32,,,
YEM,Iêmen,Q20388144,http://www.wikidata.org/entity/Q20424729,0,34,,,
YEM,Iêmen,Q20388150,http://www.wikidata.org/entity/Q20381150,0,137,,,
YEM,Iêmen,Q20388148,http://www.wikidata.org/entity/Q20402207,0,97,,,
YEM,Iêmen,Q20388155,http://www.wikidata.org/entity/Q12226966,0,218,,,
YEM,Iêmen,Q20388159,http://www.wikidata.org/entity/Q12225147,0,301,,,
YEM,Iêmen,Q20388168,http://www.wikidata.org/entity/Q12225333,0,380,,,
YEM,Iêmen,Q20388178,http://www.wikidata.org/entity/Q12226899,0,51,,,
YEM,Iêmen,Q20388176,http://www.wikidata.org/entity/Q20397282,0,134,,,
YEM,Iêmen,Q20388183,http://www.wikidata.org/entity/Q12226912,0,65,,,
YEM,Iêmen,Q20388188,http://www.wikidata.org/entity/Q20384919,0,53,,,
YEM,Iêmen,Q20388198,http://www.wikidata.org/entity/Q125170122,0,24,,,
YEM,Iêmen,Q20388202,http://www.wikidata.org/entity/Q12225965,0,54,,,
YEM,Iêmen,Q20388206,http://www.wikidata.org/entity/Q4117549,0,24,,,
YEM,Iêmen,Q20388207,http://www.wikidata.org/entity/Q12226688,0,104,,,
YEM,Iêmen,Q20388204,http://www.wikidata.org/entity/Q12226475,0,9,,,
YEM,Iêmen,Q20388208,http://www.wikidata.org/entity/Q12225588,0,71,,,
YEM,Iêmen,Q20388209,http://www.wikidata.org/entity/Q12225742,0,46,,,
YEM,Iêmen,Q20388213,http://www.wikidata.org/entity/Q12225580,0,30,,,
YEM,Iêmen,Q20388767,http://www.wikidata.org/entity/Q12226869,0,51,,,
YEM,Iêmen,Q20388769,http://www.wikidata.org/entity/Q12226238,0,94,,,
YEM,Iêmen,Q20388774,http://www.wikidata.org/entity/Q20411160,0,136,,,
YEM,Iêmen,Q20388779,http://www.wikidata.org/entity/Q20388570,0,87,,,
YEM,Iêmen,Q20388782,http://www.wikidata.org/entity/Q12226238,0,61,,,
YEM,Iêmen,Q20388780,http://www.wikidata.org/entity/Q12226524,0,241,,,
YEM,Iêmen,Q20388787,http://www.wikidata.org/entity/Q12226142,0,78,,,
YEM,Iêmen,Q20388790,http://www.wikidata.org/entity/Q20398732,0,102,,,
YEM,Iêmen,Q20388903,http://www.wikidata.org/entity/Q20400913,0,36,,,
YEM,Iêmen,Q20388915,http://www.wikidata.org/entity/Q12226952,0,200,,,
YEM,Iêmen,Q20388918,http://www.wikidata.org/entity/Q12226155,0,531,,,
YEM,Iêmen,Q20384808,http://www.wikidata.org/entity/Q12225928,0,546,,,
YEM,Iêmen,Q20384978,http://www.wikidata.org/entity/Q12225450,0,227,,,
YEM,Iêmen,Q20384977,http://www.wikidata.org/entity/Q12225330,0,95,,,
YEM,Iêmen,Q20385028,http://www.wikidata.org/entity/Q20410084,0,177,,,
YEM,Iêmen,Q20385045,http://www.wikidata.org/entity/Q12226292,0,44,,,
YEM,Iêmen,Q20385115,http://www.wikidata.org/entity/Q12225062,0,28,,,
YEM,Iêmen,Q20385116,http://www.wikidata.org/entity/Q25932274,0,217,,,
YEM,Iêmen,Q20385117,http://www.wikidata.org/entity/Q12225584,0,92,,,
YEM,Iêmen,Q20385124,http://www.wikidata.org/entity/Q12225023,0,145,,,
YEM,Iêmen,Q20385125,http://www.wikidata.org/entity/Q12226511,0,4,,,
YEM,Iêmen,Q20385163,http://www.wikidata.org/entity/Q20402655,0,346,,,
YEM,Iêmen,Q20385167,http://www.wikidata.org/entity/Q12225364,0,133,,,
YEM,Iêmen,Q20385165,http://www.wikidata.org/entity/Q12226765,0,343,,,
YEM,Iêmen,Q20385170,http://www.wikidata.org/entity/Q12226606,0,12,,,
YEM,Iêmen,Q20385171,http://www.wikidata.org/entity/Q12225083,0,136,,,
YEM,Iêmen,Q20385175,http://www.wikidata.org/entity/Q12226467,0,159,,,
YEM,Iêmen,Q20385179,http://www.wikidata.org/entity/Q12225502,0,31,,,
YEM,Iêmen,Q20385177,http://www.wikidata.org/entity/Q12226495,0,75,,,
YEM,Iêmen,Q20385182,http://www.wikidata.org/entity/Q20410246,0,97,,,
YEM,Iêmen,Q20385181,http://www.wikidata.org/entity/Q12225093,0,221,,14.592675,45.156848
YEM,Iêmen,Q20385207,http://www.wikidata.org/entity/Q12226341,0,457,,,
YEM,Iêmen,Q20385210,http://www.wikidata.org/entity/Q16121125,0,27,,,
YEM,Iêmen,Q20385215,http://www.wikidata.org/entity/Q4117433,0,188,,,
YEM,Iêmen,Q20385218,http://www.wikidata.org/entity/Q12226932,0,114,,,
YEM,Iêmen,Q20385222,http://www.wikidata.org/entity/Q125170179,0,42,,,
YEM,Iêmen,Q20385221,http://www.wikidata.org/entity/Q12226888,0,193,,,
YEM,Iêmen,Q20385249,http://www.wikidata.org/entity/Q12225798,0,46,,,
YEM,Iêmen,Q20385257,http://www.wikidata.org/entity/Q12226883,0,122,,,
YEM,Iêmen,Q20385264,http://www.wikidata.org/entity/Q25932234,0,28,,,
YEM,Iêmen,Q20385303,http://www.wikidata.org/entity/Q12226238,0,73,,,
YEM,Iêmen,Q20385310,http://www.wikidata.org/entity/Q12225199,0,43,,,
YEM,Iêmen,Q20385308,http://www.wikidata.org/entity/Q12226258,0,87,,,
YEM,Iêmen,Q20385312,http://www.wikidata.org/entity/Q12225271,0,631,,,
YEM,Iêmen,Q20385433,http://www.wikidata.org/entity/Q12227059,0,69,,,
YEM,Iêmen,Q20385575,http://www.wikidata.org/entity/Q4117557,0,1411,,,
YEM,Iêmen,Q20385573,http://www.wikidata.org/entity/Q12225330,0,153,,,
YEM,Iêmen,Q20385579,http://www.wikidata.org/entity/Q16121043,0,163,,,
YEM,Iêmen,Q20385582,http://www.wikidata.org/entity/Q12225776,0,146,,,
YEM,Iêmen,Q20385583,http://www.wikidata.org/entity/Q25932330,0,80,,,
YEM,Iêmen,Q20385587,http://www.wikidata.org/entity/Q125170106,0,149,,,
YEM,Iêmen,Q20385585,http://www.wikidata.org/entity/Q5751685,0,84,,,
YEM,Iêmen,Q20385590,http://www.wikidata.org/entity/Q12225420,0,396,,,
YEM,Iêmen,Q20385588,http://www.wikidata.org/entity/Q12225078,0,185,,,
YEM,Iêmen,Q20385589,http://www.wikidata.org/entity/Q4117682,0,34,,,
YEM,Iêmen,Q20385838,http://www.wikidata.org/entity/Q20388076,0,67,,,
YEM,Iêmen,Q20385841,http://www.wikidata.org/entity/Q4117704,0,10,,,
YEM,Iêmen,Q20385874,http://www.wikidata.org/entity/Q12225319,0,24,,,
YEM,Iêmen,Q20385875,http://www.wikidata.org/entity/Q12225535,0,32,,,
YEM,Iêmen,Q20385873,http://www.wikidata.org/entity/Q12225530,0,195,,,
YEM,Iêmen,Q20385878,http://www.wikidata.org/entity/Q12226173,0,65,,,
YEM,Iêmen,Q20385876,http://www.wikidata.org/entity/Q12226907,0,1365,,,
YEM,Iêmen,Q20385877,http://www.wikidata.org/entity/Q20384754,0,106,,,
YEM,Iêmen,Q20385882,http://www.wikidata.org/entity/Q12226277,0,487,,,
YEM,Iêmen,Q20385887,http://www.wikidata.org/entity/Q20386518,0,51,,,
YEM,Iêmen,Q20385885,http://www.wikidata.org/entity/Q20397338,0,129,,,
YEM,Iêmen,Q20385890,http://www.wikidata.org/entity/Q20388980,0,49,,,
YEM,Iêmen,Q20385891,http://www.wikidata.org/entity/Q20388017,0,63,,,
YEM,Iêmen,Q20385889,http://www.wikidata.org/entity/Q4117339,0,1365,,,
YEM,Iêmen,Q20385928,http://www.wikidata.org/entity/Q12226050,0,103,,,
YEM,Iêmen,Q20385932,http://www.wikidata.org/entity/Q12226462,0,126,,,
YEM,Iêmen,Q20385939,http://www.wikidata.org/entity/Q20381931,0,76,,,
YEM,Iêmen,Q20385936,http://www.wikidata.org/entity/Q12225123,0,63,,,
YEM,Iêmen,Q20385944,http://www.wikidata.org/entity/Q12226138,0,626,,,
YEM,Iêmen,Q20385950,http://www.wikidata.org/entity/Q12225960,0,44,,,
YEM,Iêmen,Q20385977,http://www.wikidata.org/entity/Q25932234,0,147,,,
YEM,Iêmen,Q20385980,http://www.wikidata.org/entity/Q12225257,0,57,,,
YEM,Iêmen,Q20385981,http://www.wikidata.org/entity/Q25932274,0,58,,,
YEM,Iêmen,Q20386200,http://www.wikidata.org/entity/Q20399869,0,38,,,
YEM,Iêmen,Q20386207,http://www.wikidata.org/entity/Q12225642,0,24,,,
YEM,Iêmen,Q20386215,http://www.wikidata.org/entity/Q20421082,0,26,,,
YEM,Iêmen,Q20386212,http://www.wikidata.org/entity/Q20419230,0,136,,,
YEM,Iêmen,Q20386258,http://www.wikidata.org/entity/Q12226163,0,44,,,
YEM,Iêmen,Q20386259,http://www.wikidata.org/entity/Q12225742,0,67,,,
YEM,Iêmen,Q20386262,http://www.wikidata.org/entity/Q12226328,0,416,,,
YEM,Iêmen,Q20386263,http://www.wikidata.org/entity/Q12227058,0,148,,,
YEM,Iêmen,Q20386264,http://www.wikidata.org/entity/Q12225186,0,52,,,
YEM,Iêmen,Q20386265,http://www.wikidata.org/entity/Q12226217,0,38,,,
YEM,Iêmen,Q20386270,http://www.wikidata.org/entity/Q20419145,0,32,,,
YEM,Iêmen,Q20386274,http://www.wikidata.org/entity/Q20416084,0,67,,,
YEM,Iêmen,Q20386272,http://www.wikidata.org/entity/Q20387528,0,137,,,
YEM,Iêmen,Q20386273,http://www.wikidata.org/entity/Q20418748,0,46,,,
YEM,Iêmen,Q20386278,http://www.wikidata.org/entity/Q25932234,0,35,,,
YEM,Iêmen,Q20386282,http://www.wikidata.org/entity/Q12226370,0,42,,,
YEM,Iêmen,Q20386280,http://www.wikidata.org/entity/Q25932234,0,48,,,
YEM,Iêmen,Q20386415,http://www.wikidata.org/entity/Q20415005,0,48,,,
YEM,Iêmen,Q20386448,http://www.wikidata.org/entity/Q20416027,0,49,,,
YEM,Iêmen,Q20386449,http://www.wikidata.org/entity/Q12226290,0,58,,,
YEM,Iêmen,Q20386456,http://www.wikidata.org/entity/Q12226280,0,112,,,
YEM,Iêmen,Q20386463,http://www.wikidata.org/entity/Q20390243,0,174,,,
YEM,Iêmen,Q20386466,http://www.wikidata.org/entity/Q20414249,0,37,,,
YEM,Iêmen,Q20386468,http://www.wikidata.org/entity/Q20383599,0,272,,,
YEM,Iêmen,Q20386469,http://www.wikidata.org/entity/Q12225199,0,22,,,
YEM,Iêmen,Q20386475,http://www.wikidata.org/entity/Q20409546,0,122,,,
YEM,Iêmen,Q20386511,http://www.wikidata.org/entity/Q20392927,0,100,,,
YEM,Iêmen,Q20386637,http://www.wikidata.org/entity/Q20411073,0,29,,,
YEM,Iêmen,Q20386824,http://www.wikidata.org/entity/Q12226164,0,200,,,
YEM,Iêmen,Q20386829,http://www.wikidata.org/entity/Q12226912,0,230,,,
YEM,Iêmen,Q20386835,http://www.wikidata.org/entity/Q20395853,0,112,,,
YEM,Iêmen,Q20386833,http://www.wikidata.org/entity/Q20402023,0,140,,,
YEM,Iêmen,Q20386838,http://www.wikidata.org/entity/Q20397554,0,122,,,
YEM,Iêmen,Q20386846,http://www.wikidata.org/entity/Q12226396,0,31,,,
YEM,Iêmen,Q20386855,http://www.wikidata.org/entity/Q12226497,0,57,,,
YEM,Iêmen,Q20386914,http://www.wikidata.org/entity/Q12226339,0,189,,,
YEM,Iêmen,Q20386913,http://www.wikidata.org/entity/Q20386322,0,48,,,
YEM,Iêmen,Q20386950,http://www.wikidata.org/entity/Q20408510,0,34,,,
YEM,Iêmen,Q20386953,http://www.wikidata.org/entity/Q20423363,0,152,,,
YEM,Iêmen,Q20386979,http://www.wikidata.org/entity/Q4117574,0,37,,,
YEM,Iêmen,Q20386986,http://www.wikidata.org/entity/Q125170179,0,314,,,
YEM,Iêmen,Q20386987,http://www.wikidata.org/entity/Q4117502,0,39,,,
YEM,Iêmen,Q20386989,http://www.wikidata.org/entity/Q12227081,0,378,,,
YEM,Iêmen,Q20386994,http://www.wikidata.org/entity/Q12226015,0,281,,,
YEM,Iêmen,Q20386995,http://www.wikidata.org/entity/Q12225729,0,152,,,
YEM,Iêmen,Q20386992,http://www.wikidata.org/entity/Q12226072,0,106,,,
YEM,Iêmen,Q20387001,http://www.wikidata.org/entity/Q12226450,0,103,,,
YEM,Iêmen,Q20387004,http://www.wikidata.org/entity/Q20386405,0,55,,,
YEM,Iêmen,Q20387172,http://www.wikidata.org/entity/Q20393196,0,32,,,
YEM,Iêmen,Q20387181,http://www.wikidata.org/entity/Q20404695,0,156,,,
YEM,Iêmen,Q20387200,http://www.wikidata.org/entity/Q20402371,0,50,,,
YEM,Iêmen,Q20387201,http://www.wikidata.org/entity/Q20410626,0,31,,,
YEM,Iêmen,Q20387207,http://www.wikidata.org/entity/Q12226899,0,45,,,
YEM,Iêmen,Q20387212,http://www.wikidata.org/entity/Q20403005,0,161,,,
YEM,Iêmen,Q20387219,http://www.wikidata.org/entity/Q20419711,0,42,,,
YEM,Iêmen,Q20387221,http://www.wikidata.org/entity/Q20401688,0,78,,,
YEM,Iêmen,Q20387224,http://www.wikidata.org/entity/Q20416203,0,236,,,
YEM,Iêmen,Q20387279,http://www.wikidata.org/entity/Q12226873,0,101,,,
YEM,Iêmen,Q20387276,http://www.wikidata.org/entity/Q20418323,0,26,,,
YEM,Iêmen,Q20387281,http://www.wikidata.org/entity/Q12226531,0,50,,,
YEM,Iêmen,Q20387286,http://www.wikidata.org/entity/Q12226928,0,216,,,
YEM,Iêmen,Q20387287,http://www.wikidata.org/entity/Q20393638,0,21,,,
YEM,Iêmen,Q20387285,http://www.wikidata.org/entity/Q12227057,0,238,,,
YEM,Iêmen,Q20387295,http://www.wikidata.org/entity/Q4117648,0,8,,,
YEM,Iêmen,Q20387293,http://www.wikidata.org/entity/Q4117509,0,20,,,
YEM,Iêmen,Q20387296,http://www.wikidata.org/entity/Q12226004,0,314,,,
YEM,Iêmen,Q20387297,http://www.wikidata.org/entity/Q12226495,0,39,,,
YEM,Iêmen,Q20387300,http://www.wikidata.org/entity/Q12225898,0,36,,,
YEM,Iêmen,Q20387304,http://www.wikidata.org/entity/Q25932330,0,429,,,
YEM,Iêmen,Q20387319,http://www.wikidata.org/entity/Q20419737,0,40,,,
YEM,Iêmen,Q20387327,http://www.wikidata.org/entity/Q12225364,0,1069,,,
YEM,Iêmen,Q20387324,http://www.wikidata.org/entity/Q25932330,0,90,,,
YEM,Iêmen,Q20387325,http://www.wikidata.org/entity/Q12225110,0,31,,,
YEM,Iêmen,Q20387330,http://www.wikidata.org/entity/Q20387482,0,161,,,
YEM,Iêmen,Q20387334,http://www.wikidata.org/entity/Q20388076,0,52,,,
YEM,Iêmen,Q20387339,http://www.wikidata.org/entity/Q12226939,0,30,,,
YEM,Iêmen,Q20387342,http://www.wikidata.org/entity/Q12225319,0,58,,,
YEM,Iêmen,Q20387340,http://www.wikidata.org/entity/Q25932330,0,80,,,
YEM,Iêmen,Q20387341,http://www.wikidata.org/entity/Q12225866,0,193,,,
YEM,Iêmen,Q20387354,http://www.wikidata.org/entity/Q12226531,0,40,,,
YEM,Iêmen,Q20387352,http://www.wikidata.org/entity/Q20408510,0,29,,,
YEM,Iêmen,Q20387356,http://www.wikidata.org/entity/Q20393684,0,46,,,
YEM,Iêmen,Q20387363,http://www.wikidata.org/entity/Q12226405,0,177,,,
YEM,Iêmen,Q20387364,http://www.wikidata.org/entity/Q4117543,0,59,,,
YEM,Iêmen,Q20387370,http://www.wikidata.org/entity/Q12226511,0,221,,,
YEM,Iêmen,Q20387371,http://www.wikidata.org/entity/Q12225411,0,290,,,
YEM,Iêmen,Q20387368,http://www.wikidata.org/entity/Q20391565,0,174,,,
YEM,Iêmen,Q20387369,http://www.wikidata.org/entity/Q12226010,0,304,,,
YEM,Iêmen,Q20387374,http://www.wikidata.org/entity/Q125170123,0,24,,,
YEM,Iêmen,Q20387372,http://www.wikidata.org/entity/Q12226339,0,50,,,
YEM,Iêmen,Q20387373,http://www.wikidata.org/entity/Q12226783,0,389,,,
YEM,Iêmen,Q20387379,http://www.wikidata.org/entity/Q12227072,0,947,,,
YEM,Iêmen,Q20387376,http://www.wikidata.org/entity/Q12226444,0,234,,,
YEM,Iêmen,Q20387382,http://www.wikidata.org/entity/Q12226430,0,127,,,
YEM,Iêmen,Q20387386,http://www.wikidata.org/entity/Q25932274,0,97,,,
YEM,Iêmen,Q20387387,http://www.wikidata.org/entity/Q25932270,0,63,,,
YEM,Iêmen,Q20387384,http://www.wikidata.org/entity/Q12226332,0,386,,,
YEM,Iêmen,Q20387385,http://www.wikidata.org/entity/Q20408600,0,31,,,
YEM,Iêmen,Q20387426,http://www.wikidata.org/entity/Q12226585,0,344,,,
YEM,Iêmen,Q20387428,http://www.wikidata.org/entity/Q20406747,0,70,,,
YEM,Iêmen,Q20387439,http://www.wikidata.org/entity/Q20381100,0,37,,,
YEM,Iêmen,Q20387436,http://www.wikidata.org/entity/Q20404813,0,76,,,
YEM,Iêmen,Q20387442,http://www.wikidata.org/entity/Q12226048,0,115,,,
YEM,Iêmen,Q20387446,http://www.wikidata.org/entity/Q16121043,0,81,,,
YEM,Iêmen,Q20387444,http://www.wikidata.org/entity/Q12225655,0,135,,,
YEM,Iêmen,Q20387478,http://www.wikidata.org/entity/Q12225087,0,120,,,
YEM,Iêmen,Q20387482,http://www.wikidata.org/entity/Q12225642,0,68,,,
YEM,Iêmen,Q20387487,http://www.wikidata.org/entity/Q12225616,0,71,,,
YEM,Iêmen,Q20387484,http://www.wikidata.org/entity/Q12225341,0,44,,,
YEM,Iêmen,Q20387490,http://www.wikidata.org/entity/Q12225364,0,39,,,
YEM,Iêmen,Q20387488,http://www.wikidata.org/entity/Q12226134,0,262,,,
YEM,Iêmen,Q20387494,http://www.wikidata.org/entity/Q12226176,0,38,,,
YEM,Iêmen,Q20389162,http://www.wikidata.org/entity/Q12226600,0,97,,,
YEM,Iêmen,Q20389196,http://www.wikidata.org/entity/Q4117433,0,100,,,
YEM,Iêmen,Q20389234,http://www.wikidata.org/entity/Q25932352,0,363,,,
YEM,Iêmen,Q20389239,http://www.wikidata.org/entity/Q12225319,0,383,,,
YEM,Iêmen,Q20389243,http://www.wikidata.org/entity/Q125170179,0,192,,,
YEM,Iêmen,Q20389246,http://www.wikidata.org/entity/Q12226939,0,33,,,
YEM,Iêmen,Q20389245,http://www.wikidata.org/entity/Q12226511,0,107,,,
YEM,Iêmen,Q20389249,http://www.wikidata.org/entity/Q12225776,0,751,,,
YEM,Iêmen,Q20389255,http://www.wikidata.org/entity/Q12226674,0,50,,,
YEM,Iêmen,Q20389258,http://www.wikidata.org/entity/Q25932330,0,232,,,
YEM,Iêmen,Q20389257,http://www.wikidata.org/entity/Q12226883,0,91,,,
YEM,Iêmen,Q20389263,http://www.wikidata.org/entity/Q12225753,0,57,,,
YEM,Iêmen,Q20389266,http://www.wikidata.org/entity/Q12226674,0,31,,,
YEM,Iêmen,Q20389267,http://www.wikidata.org/entity/Q4117520,0,30,,,
YEM,Iêmen,Q20389264,http://www.wikidata.org/entity/Q4117544,0,28,,,
YEM,Iêmen,Q20389277,http://www.wikidata.org/entity/Q20401226,0,58,,,
YEM,Iêmen,Q20389375,http://www.wikidata.org/entity/Q12225521,0,24,,,
YEM,Iêmen,Q20389554,http://www.wikidata.org/entity/Q20383541,0,49,,,
YEM,Iêmen,Q20389597,http://www.wikidata.org/entity/Q12225742,0,36,,,
YEM,Iêmen,Q20389602,http://www.wikidata.org/entity/Q12225980,0,179,,,
YEM,Iêmen,Q20389605,http://www.wikidata.org/entity/Q12226550,0,73,,,
YEM,Iêmen,Q20389610,http://www.wikidata.org/entity/Q12225928,0,28,,,
YEM,Iêmen,Q20389611,http://www.wikidata.org/entity/Q12225589,0,100,,,
YEM,Iêmen,Q20389609,http://www.wikidata.org/entity/Q12227044,0,1955,,,
YEM,Iêmen,Q20389615,http://www.wikidata.org/entity/Q12225147,0,57,,,
YEM,Iêmen,Q20389612,http://www.wikidata.org/entity/Q12226873,0,151,,,
YEM,Iêmen,Q20389618,http://www.wikidata.org/entity/Q12226600,0,476,,,
YEM,Iêmen,Q20389619,http://www.wikidata.org/entity/Q12225770,0,166,,,
YEM,Iêmen,Q20389617,http://www.wikidata.org/entity/Q20407593,0,71,,,
YEM,Iêmen,Q20389620,http://www.wikidata.org/entity/Q25932274,0,81,,,
YEM,Iêmen,Q20389626,http://www.wikidata.org/entity/Q12225742,0,76,,,
YEM,Iêmen,Q20389627,http://www.wikidata.org/entity/Q20416700,0,85,,,
YEM,Iêmen,Q20389628,http://www.wikidata.org/entity/Q12180047,0,157,,,
YEM,Iêmen,Q20389671,http://www.wikidata.org/entity/Q20410938,0,52,,,
YEM,Iêmen,Q20389673,http://www.wikidata.org/entity/Q22929689,0,70,,,
YEM,Iêmen,Q20389680,http://www.wikidata.org/entity/Q20385376,0,54,,,
YEM,Iêmen,Q20389686,http://www.wikidata.org/entity/Q12225457,0,30,,,
YEM,Iêmen,Q20389698,http://www.wikidata.org/entity/Q20419556,0,53,,,
YEM,Iêmen,Q20391146,http://www.wikidata.org/entity/Q12225333,0,306,,,
YEM,Iêmen,Q20391145,http://www.wikidata.org/entity/Q20383943,0,68,,,
YEM,Iêmen,Q20391150,http://www.wikidata.org/entity/Q12225425,0,691,,,
YEM,Iêmen,Q20391148,http://www.wikidata.org/entity/Q20404813,0,28,,,
YEM,Iêmen,Q20391158,http://www.wikidata.org/entity/Q12226609,0,840,,,
YEM,Iêmen,Q20391159,http://www.wikidata.org/entity/Q12226241,0,53,,,
YEM,Iêmen,Q20391163,http://www.wikidata.org/entity/Q12226216,0,56,,,
YEM,Iêmen,Q20391161,http://www.wikidata.org/entity/Q20382858,0,68,,,
YEM,Iêmen,Q20387493,http://www.wikidata.org/entity/Q12225364,0,138,,,
YEM,Iêmen,Q20387499,http://www.wikidata.org/entity/Q12225742,0,60,,,
YEM,Iêmen,Q20387497,http://www.wikidata.org/entity/Q12226159,0,35,,,
YEM,Iêmen,Q20387507,http://www.wikidata.org/entity/Q12226591,0,29,,,
YEM,Iêmen,Q20387504,http://www.wikidata.org/entity/Q12225973,0,928,,,
YEM,Iêmen,Q20387567,http://www.wikidata.org/entity/Q12225921,0,112,,,
YEM,Iêmen,Q20387570,http://www.wikidata.org/entity/Q20390624,0,185,,,
YEM,Iêmen,Q20387568,http://www.wikidata.org/entity/Q12226378,0,15,,,
YEM,Iêmen,Q20387572,http://www.wikidata.org/entity/Q12226586,0,83,,,
YEM,Iêmen,Q20387596,http://www.wikidata.org/entity/Q12225493,0,469,,,
YEM,Iêmen,Q20387631,http://www.wikidata.org/entity/Q4117263,0,2503,,14.37761,43.92936
YEM,Iêmen,Q20387634,http://www.wikidata.org/entity/Q12226280,0,48,,,
YEM,Iêmen,Q20387638,http://www.wikidata.org/entity/Q20411286,0,92,,,
YEM,Iêmen,Q20387639,http://www.wikidata.org/entity/Q12226688,0,44,,,
YEM,Iêmen,Q20387637,http://www.wikidata.org/entity/Q20404323,0,46,,,
YEM,Iêmen,Q20387643,http://www.wikidata.org/entity/Q12225050,0,752,,,
YEM,Iêmen,Q20387640,http://www.wikidata.org/entity/Q12226522,0,227,,,
YEM,Iêmen,Q20387646,http://www.wikidata.org/entity/Q25932330,0,27,,,
YEM,Iêmen,Q20387647,http://www.wikidata.org/entity/Q12227093,0,122,,,
YEM,Iêmen,Q20387644,http://www.wikidata.org/entity/Q4117515,0,25,,,
YEM,Iêmen,Q20387645,http://www.wikidata.org/entity/Q12225093,0,175,,,
YEM,Iêmen,Q20387651,http://www.wikidata.org/entity/Q4117341,0,5880,,15.51297,43.45978
YEM,Iêmen,Q20387648,http://www.wikidata.org/entity/Q20401226,0,124,,,
YEM,Iêmen,Q20387652,http://www.wikidata.org/entity/Q12226825,0,28,,,
YEM,Iêmen,Q20387653,http://www.wikidata.org/entity/Q12226370,0,88,,,
YEM,Iêmen,Q20387656,http://www.wikidata.org/entity/Q12225721,0,58,,,
YEM,Iêmen,Q20387661,http://www.wikidata.org/entity/Q12225955,0,443,,,
YEM,Iêmen,Q20387672,http://www.wikidata.org/entity/Q4117682,0,23,,,
YEM,Iêmen,Q20387673,http://www.wikidata.org/entity/Q12225898,0,21,,,
YEM,Iêmen,Q20387679,http://www.wikidata.org/entity/Q4117515,0,182,,,
YEM,Iêmen,Q20387682,http://www.wikidata.org/entity/Q12225421,0,42,,,
YEM,Iêmen,Q20387681,http://www.wikidata.org/entity/Q12226936,0,27,,,
YEM,Iêmen,Q20387687,http://www.wikidata.org/entity/Q12226832,0,0,,,
YEM,Iêmen,Q20387688,http://www.wikidata.org/entity/Q12226864,0,147,,,
YEM,Iêmen,Q20387689,http://www.wikidata.org/entity/Q25932352,0,133,,,
YEM,Iêmen,Q20387694,http://www.wikidata.org/entity/Q5751685,0,17,,,
YEM,Iêmen,Q20387695,http://www.wikidata.org/entity/Q20394997,0,20,,,
YEM,Iêmen,Q20387692,http://www.wikidata.org/entity/Q20399127,0,60,,,
YEM,Iêmen,Q20387693,http://www.wikidata.org/entity/Q12225594,0,45,,,
YEM,Iêmen,Q20387754,http://www.wikidata.org/entity/Q12225249,0,686,,,
YEM,Iêmen,Q20387757,http://www.wikidata.org/entity/Q12225987,0,264,,,
YEM,Iêmen,Q20387960,http://www.wikidata.org/entity/Q12226688,0,282,,,
YEM,Iêmen,Q20387966,http://www.wikidata.org/entity/Q20417111,0,24,,,
YEM,Iêmen,Q20387968,http://www.wikidata.org/entity/Q20415993,0,53,,,
YEM,Iêmen,Q20388134,http://www.wikidata.org/entity/Q4117519,0,68,,,
YEM,Iêmen,Q20388138,http://www.wikidata.org/entity/Q12226511,0,74,,,
YEM,Iêmen,Q20388139,http://www.wikidata.org/entity/Q12227058,0,263,,,
YEM,Iêmen,Q20388137,http://www.wikidata.org/entity/Q5751685,0,11,,,
YEM,Iêmen,Q20388140,http://www.wikidata.org/entity/Q12225637,0,22,,,
YEM,Iêmen,Q20388199,http://www.wikidata.org/entity/Q12225401,0,258,,,
YEM,Iêmen,Q20388197,http://www.wikidata.org/entity/Q12226531,0,79,,,
YEM,Iêmen,Q20388205,http://www.wikidata.org/entity/Q20388214,0,33,,,
YEM,Iêmen,Q20388210,http://www.wikidata.org/entity/Q12226267,0,72,,,
YEM,Iêmen,Q20388211,http://www.wikidata.org/entity/Q12226396,0,20,,,
YEM,Iêmen,Q20388212,http://www.wikidata.org/entity/Q20384908,0,38,,,
YEM,Iêmen,Q20388278,http://www.wikidata.org/entity/Q12225493,0,250,,,
YEM,Iêmen,Q20388279,http://www.wikidata.org/entity/Q4117552,0,118,,,
YEM,Iêmen,Q20388276,http://www.wikidata.org/entity/Q1884189,0,251,,,
YEM,Iêmen,Q20388277,http://www.wikidata.org/entity/Q12226067,0,88,,,
YEM,Iêmen,Q20388282,http://www.wikidata.org/entity/Q20397775,0,36,,,
YEM,Iêmen,Q20388281,http://www.wikidata.org/entity/Q12226048,0,144,,,
YEM,Iêmen,Q20388285,http://www.wikidata.org/entity/Q12226297,0,94,,,
YEM,Iêmen,Q20388289,http://www.wikidata.org/entity/Q12226519,0,53,,,
YEM,Iêmen,Q20388295,http://www.wikidata.org/entity/Q20408461,0,98,,,
YEM,Iêmen,Q20388292,http://www.wikidata.org/entity/Q12225493,0,123,,,
YEM,Iêmen,Q20388299,http://www.wikidata.org/entity/Q12225164,0,20,,,
YEM,Iêmen,Q20388330,http://www.wikidata.org/entity/Q12226048,0,246,,,
YEM,Iêmen,Q20388331,http://www.wikidata.org/entity/Q16121053,0,252,,,
YEM,Iêmen,Q20388332,http://www.wikidata.org/entity/Q20404695,0,38,,,
YEM,Iêmen,Q20388333,http://www.wikidata.org/entity/Q12226036,0,33,,,
YEM,Iêmen,Q20388338,http://www.wikidata.org/entity/Q12225650,0,250,,,
YEM,Iêmen,Q20388339,http://www.wikidata.org/entity/Q20385674,0,42,,,
YEM,Iêmen,Q20388336,http://www.wikidata.org/entity/Q12226478,0,485,,,
YEM,Iêmen,Q20388337,http://www.wikidata.org/entity/Q12225866,0,57,,,
YEM,Iêmen,Q20388343,http://www.wikidata.org/entity/Q20384588,0,38,,,
YEM,Iêmen,Q20388340,http://www.wikidata.org/entity/Q12226656,0,134,,,
YEM,Iêmen,Q20388349,http://www.wikidata.org/entity/Q12226075,0,277,,,
YEM,Iêmen,Q20388355,http://www.wikidata.org/entity/Q20416737,0,82,,,
YEM,Iêmen,Q20388359,http://www.wikidata.org/entity/Q12226288,0,361,,,
YEM,Iêmen,Q20388362,http://www.wikidata.org/entity/Q12226401,0,292,,,
YEM,Iêmen,Q20388363,http://www.wikidata.org/entity/Q12225959,0,322,,,
YEM,Iêmen,Q20388365,http://www.wikidata.org/entity/Q4117704,0,54,,,
YEM,Iêmen,Q20388371,http://www.wikidata.org/entity/Q12227000,0,121,,,
YEM,Iêmen,Q20388368,http://www.wikidata.org/entity/Q12225742,0,115,,,
YEM,Iêmen,Q20388375,http://www.wikidata.org/entity/Q12226888,0,409,,,
YEM,Iêmen,Q20388373,http://www.wikidata.org/entity/Q12225622,0,802,,,
YEM,Iêmen,Q20388379,http://www.wikidata.org/entity/Q4117433,0,27,,,
YEM,Iêmen,Q20388382,http://www.wikidata.org/entity/Q12226990,0,581,,,
YEM,Iêmen,Q20388384,http://www.wikidata.org/entity/Q12226949,0,66,,,
YEM,Iêmen,Q20388385,http://www.wikidata.org/entity/Q125170166,0,17,,,
YEM,Iêmen,Q20388478,http://www.wikidata.org/entity/Q20390624,0,63,,,
YEM,Iêmen,Q20388480,http://www.wikidata.org/entity/Q12226461,0,732,,,
YEM,Iêmen,Q20388495,http://www.wikidata.org/entity/Q12226770,0,60,,,
YEM,Iêmen,Q20388493,http://www.wikidata.org/entity/Q20414328,0,47,,,
YEM,Iêmen,Q20388563,http://www.wikidata.org/entity/Q12226475,0,346,,,
YEM,Iêmen,Q20388565,http://www.wikidata.org/entity/Q12226928,0,1124,,,
YEM,Iêmen,Q20388568,http://www.wikidata.org/entity/Q12225594,0,228,,,
YEM,Iêmen,Q20388574,http://www.wikidata.org/entity/Q12225681,0,39,,,
YEM,Iêmen,Q20388579,http://www.wikidata.org/entity/Q12225330,0,7,,,
YEM,Iêmen,Q20388577,http://www.wikidata.org/entity/Q12226839,0,172,,,
YEM,Iêmen,Q20388581,http://www.wikidata.org/entity/Q12226939,0,21,,,
YEM,Iêmen,Q20388587,http://www.wikidata.org/entity/Q4117509,0,26,,,
YEM,Iêmen,Q20388584,http://www.wikidata.org/entity/Q25932330,0,20,,,
YEM,Iêmen,Q20388590,http://www.wikidata.org/entity/Q12226929,0,105,,,
YEM,Iêmen,Q20388588,http://www.wikidata.org/entity/Q12225281,0,163,,,
YEM,Iêmen,Q20388592,http://www.wikidata.org/entity/Q4117557,0,87,,,
YEM,Iêmen,Q20388597,http://www.wikidata.org/entity/Q1884189,0,49,,,
YEM,Iêmen,Q20388603,http://www.wikidata.org/entity/Q25932270,0,29,,,
YEM,Iêmen,Q20388606,http://www.wikidata.org/entity/Q12226676,0,36,,,
YEM,Iêmen,Q20388607,http://www.wikidata.org/entity/Q12226762,0,195,,,
YEM,Iêmen,Q20388604,http://www.wikidata.org/entity/Q12225490,0,64,,,
YEM,Iêmen,Q20388605,http://www.wikidata.org/entity/Q12226858,0,120,,,
YEM,Iêmen,Q20388610,http://www.wikidata.org/entity/Q12226495,0,844,,,
YEM,Iêmen,Q20388611,http://www.wikidata.org/entity/Q1884189,0,754,,,
YEM,Iêmen,Q20388608,http://www.wikidata.org/entity/Q12226086,0,56,,,
YEM,Iêmen,Q20388614,http://www.wikidata.org/entity/Q12226688,0,257,,,
YEM,Iêmen,Q20388618,http://www.wikidata.org/entity/Q12225022,0,106,,,
YEM,Iêmen,Q20388619,http://www.wikidata.org/entity/Q12225330,0,36,,,
YEM,Iêmen,Q20388617,,0,80,,,
YEM,Iêmen,Q20388643,http://www.wikidata.org/entity/Q4117544,0,32,,,
YEM,Iêmen,Q20388640,http://www.wikidata.org/entity/Q12225642,0,110,,,
YEM,Iêmen,Q20388641,http://www.wikidata.org/entity/Q12225770,0,438,,,
YEM,Iêmen,Q20388646,http://www.wikidata.org/entity/Q12226478,0,628,,,
YEM,Iêmen,Q20388644,http://www.wikidata.org/entity/Q12226495,0,117,,,
YEM,Iêmen,Q20388687,http://www.wikidata.org/entity/Q12226495,0,23,,,
YEM,Iêmen,Q20388685,http://www.wikidata.org/entity/Q12226873,0,113,,,
YEM,Iêmen,Q20388690,http://www.wikidata.org/entity/Q125170166,0,177,,,
YEM,Iêmen,Q20388691,http://www.wikidata.org/entity/Q12225898,0,44,,,
YEM,Iêmen,Q20388688,http://www.wikidata.org/entity/Q12226199,0,321,,,
YEM,Iêmen,Q20388689,http://www.wikidata.org/entity/Q12225742,0,48,,,
YEM,Iêmen,Q20388692,http://www.wikidata.org/entity/Q125170166,0,371,,,
YEM,Iêmen,Q20388699,http://www.wikidata.org/entity/Q12225898,0,198,,,
YEM,Iêmen,Q20388697,http://www.wikidata.org/entity/Q12225105,0,45,,,
YEM,Iêmen,Q20388702,http://www.wikidata.org/entity/Q4117433,0,140,,,
YEM,Iêmen,Q20388700,http://www.wikidata.org/entity/Q12226937,0,152,,,
YEM,Iêmen,Q20388706,http://www.wikidata.org/entity/Q4117574,0,133,,,
YEM,Iêmen,Q20388704,http://www.wikidata.org/entity/Q4117544,0,70,,,
YEM,Iêmen,Q20388705,http://www.wikidata.org/entity/Q12226511,0,93,,,
YEM,Iêmen,Q20388709,http://www.wikidata.org/entity/Q12225083,0,38,,,
YEM,Iêmen,Q20388716,http://www.wikidata.org/entity/Q12226743,0,101,,,
YEM,Iêmen,Q20388798,http://www.wikidata.org/entity/Q12226433,0,22,,,
YEM,Iêmen,Q20388799,http://www.wikidata.org/entity/Q12226783,0,231,,,
YEM,Iêmen,Q20388800,http://www.wikidata.org/entity/Q4117549,0,564,,,
YEM,Iêmen,Q20388801,http://www.wikidata.org/entity/Q12226810,0,56,,,
YEM,Iêmen,Q20388811,http://www.wikidata.org/entity/Q12225848,0,40,,,
YEM,Iêmen,Q20388809,http://www.wikidata.org/entity/Q4117544,0,59,,,
YEM,Iêmen,Q20388814,http://www.wikidata.org/entity/Q12225588,0,119,,,
YEM,Iêmen,Q20388815,http://www.wikidata.org/entity/Q12225319,0,479,,,
YEM,Iêmen,Q20388819,http://www.wikidata.org/entity/Q12225776,0,33,,,
YEM,Iêmen,Q20388822,http://www.wikidata.org/entity/Q12226888,0,12,,,
YEM,Iêmen,Q20388823,http://www.wikidata.org/entity/Q12225980,0,407,,,
YEM,Iêmen,Q20388821,http://www.wikidata.org/entity/Q12225364,0,751,,,
YEM,Iêmen,Q20388827,http://www.wikidata.org/entity/Q12226394,0,229,,,
YEM,Iêmen,Q20388838,http://www.wikidata.org/entity/Q12226587,0,33,,,
YEM,Iêmen,Q20388837,http://www.wikidata.org/entity/Q12226192,0,57,,,
YEM,Iêmen,Q20388841,http://www.wikidata.org/entity/Q20406383,0,171,,,
YEM,Iêmen,Q20388844,http://www.wikidata.org/entity/Q20411259,0,57,,,
YEM,Iêmen,Q20388849,http://www.wikidata.org/entity/Q20381323,0,52,,,
YEM,Iêmen,Q20388862,http://www.wikidata.org/entity/Q12226912,0,77,,,
YEM,Iêmen,Q20389010,http://www.wikidata.org/entity/Q12226873,0,652,,,
YEM,Iêmen,Q20389012,http://www.wikidata.org/entity/Q12225330,0,3,,,
YEM,Iêmen,Q20389013,http://www.wikidata.org/entity/Q12226511,0,917,,,
YEM,Iêmen,Q20389018,http://www.wikidata.org/entity/Q12226086,0,199,,,
YEM,Iêmen,Q20389019,http://www.wikidata.org/entity/Q4117560,0,67,,,
YEM,Iêmen,Q20389017,http://www.wikidata.org/entity/Q12225663,0,509,,,
YEM,Iêmen,Q20389150,http://www.wikidata.org/entity/Q12225195,0,73,,,
YEM,Iêmen,Q20389149,http://www.wikidata.org/entity/Q12226939,0,23,,,
YEM,Iêmen,Q20389154,http://www.wikidata.org/entity/Q12226809,0,33,,,
YEM,Iêmen,Q20389153,http://www.wikidata.org/entity/Q25932270,0,104,,,
YEM,Iêmen,Q20389157,http://www.wikidata.org/entity/Q4117574,0,109,,,
YEM,Iêmen,Q20384811,http://www.wikidata.org/entity/Q12226242,0,87,,,
YEM,Iêmen,Q20384815,http://www.wikidata.org/entity/Q12225909,0,121,,,
YEM,Iêmen,Q20384820,http://www.wikidata.org/entity/Q4117433,0,0,,,
YEM,Iêmen,Q20384821,http://www.wikidata.org/entity/Q12226511,0,95,,,
YEM,Iêmen,Q20384980,http://www.wikidata.org/entity/Q12226176,0,97,,,
YEM,Iêmen,Q20384985,http://www.wikidata.org/entity/Q12226011,0,295,,,
YEM,Iêmen,Q20385031,http://www.wikidata.org/entity/Q12226951,0,173,,,
YEM,Iêmen,Q20385029,http://www.wikidata.org/entity/Q4117549,0,71,,,
YEM,Iêmen,Q20385038,http://www.wikidata.org/entity/Q12226949,0,45,,,
YEM,Iêmen,Q20385039,http://www.wikidata.org/entity/Q12225776,0,297,,,
YEM,Iêmen,Q20385037,http://www.wikidata.org/entity/Q25932330,0,95,,,
YEM,Iêmen,Q20385046,http://www.wikidata.org/entity/Q12226952,0,353,,,
YEM,Iêmen,Q20385044,http://www.wikidata.org/entity/Q12225639,0,67,,,
YEM,Iêmen,Q20385055,http://www.wikidata.org/entity/Q12225147,0,95,,,
YEM,Iêmen,Q20385058,http://www.wikidata.org/entity/Q20389341,0,181,,,
YEM,Iêmen,Q20385057,http://www.wikidata.org/entity/Q12225960,0,46,,,
YEM,Iêmen,Q20385061,http://www.wikidata.org/entity/Q20404905,0,97,,,
YEM,Iêmen,Q20385243,http://www.wikidata.org/entity/Q5751685,0,202,,,
YEM,Iêmen,Q20385244,http://www.wikidata.org/entity/Q12226276,0,211,,,
YEM,Iêmen,Q20385245,http://www.wikidata.org/entity/Q12225330,0,43,,,
YEM,Iêmen,Q20385300,http://www.wikidata.org/entity/Q12226884,0,79,,,
YEM,Iêmen,Q20385330,http://www.wikidata.org/entity/Q12225228,0,63,,,
YEM,Iêmen,Q20385329,http://www.wikidata.org/entity/Q20388351,0,298,,,
YEM,Iêmen,Q20385334,http://www.wikidata.org/entity/Q12226341,0,54,,,
YEM,Iêmen,Q20385333,http://www.wikidata.org/entity/Q20410815,0,26,,,
YEM,Iêmen,Q20385342,http://www.wikidata.org/entity/Q20387482,0,60,,,
YEM,Iêmen,Q20385347,http://www.wikidata.org/entity/Q12226681,0,820,,,
YEM,Iêmen,Q20385344,http://www.wikidata.org/entity/Q20412229,0,237,,,
YEM,Iêmen,Q20385348,http://www.wikidata.org/entity/Q4117682,0,313,,,
YEM,Iêmen,Q20385392,http://www.wikidata.org/entity/Q12225330,0,274,,,
YEM,Iêmen,Q20385396,http://www.wikidata.org/entity/Q20413519,0,111,,,
YEM,Iêmen,Q20385515,http://www.wikidata.org/entity/Q12226499,0,802,,,
YEM,Iêmen,Q20385516,http://www.wikidata.org/entity/Q12226864,0,16383,,,
YEM,Iêmen,Q20385527,http://www.wikidata.org/entity/Q12225264,0,96,,,
YEM,Iêmen,Q20385525,http://www.wikidata.org/entity/Q20401046,0,88,,,
YEM,Iêmen,Q20385599,http://www.wikidata.org/entity/Q4117708,0,27,,,
YEM,Iêmen,Q20385602,http://www.wikidata.org/entity/Q125170179,0,153,,,
YEM,Iêmen,Q20385601,http://www.wikidata.org/entity/Q12225776,0,253,,,
YEM,Iêmen,Q20385606,http://www.wikidata.org/entity/Q12226649,0,164,,,
YEM,Iêmen,Q20385607,http://www.wikidata.org/entity/Q12225143,0,230,,,
YEM,Iêmen,Q20385604,http://www.wikidata.org/entity/Q12225742,0,43,,,
YEM,Iêmen,Q20385608,http://www.wikidata.org/entity/Q12225651,0,36,,,
YEM,Iêmen,Q20385614,http://www.wikidata.org/entity/Q16121043,0,267,,,
YEM,Iêmen,Q20385613,http://www.wikidata.org/entity/Q12226991,0,219,,,
YEM,Iêmen,Q20385619,http://www.wikidata.org/entity/Q1884189,0,126,,,
YEM,Iêmen,Q20385621,http://www.wikidata.org/entity/Q12225776,0,244,,,
YEM,Iêmen,Q20385627,http://www.wikidata.org/entity/Q4117454,0,757,,,
YEM,Iêmen,Q20385625,http://www.wikidata.org/entity/Q12225330,0,191,,,
YEM,Iêmen,Q20385727,http://www.wikidata.org/entity/Q12226783,0,277,,,
YEM,Iêmen,Q20385728,http://www.wikidata.org/entity/Q12225838,0,333,,,
YEM,Iêmen,Q20385842,http://www.wikidata.org/entity/Q12226094,0,94,,,
YEM,Iêmen,Q20385846,http://www.wikidata.org/entity/Q20410508,0,104,,,
YEM,Iêmen,Q20385847,http://www.wikidata.org/entity/Q20410324,0,23,,,
YEM,Iêmen,Q20385845,http://www.wikidata.org/entity/Q12225909,0,39,,,
YEM,Iêmen,Q20385866,http://www.wikidata.org/entity/Q4117502,0,118,,,
YEM,Iêmen,Q20385869,http://www.wikidata.org/entity/Q12226927,0,426,,,
YEM,Iêmen,Q20385991,http://www.wikidata.org/entity/Q25932270,0,46,,,
YEM,Iêmen,Q20385988,http://www.wikidata.org/entity/Q25932270,0,59,,,
YEM,Iêmen,Q20385993,http://www.wikidata.org/entity/Q12226901,0,0,,,
YEM,Iêmen,Q20385999,http://www.wikidata.org/entity/Q20390803,0,49,,,
YEM,Iêmen,Q20385997,http://www.wikidata.org/entity/Q12225721,0,53,,,
YEM,Iêmen,Q20386002,http://www.wikidata.org/entity/Q125170167,0,32,,,
YEM,Iêmen,Q20386000,http://www.wikidata.org/entity/Q20413968,0,48,,,
YEM,Iêmen,Q20386001,http://www.wikidata.org/entity/Q12226280,0,127,,,
YEM,Iêmen,Q20386007,http://www.wikidata.org/entity/Q25932330,0,217,,,
YEM,Iêmen,Q20386005,http://www.wikidata.org/entity/Q12226495,0,158,,,
YEM,Iêmen,Q20386011,http://www.wikidata.org/entity/Q12226688,0,293,,,
YEM,Iêmen,Q20386014,http://www.wikidata.org/entity/Q12226721,0,576,,,
YEM,Iêmen,Q20386015,http://www.wikidata.org/entity/Q20419925,0,88,,,
YEM,Iêmen,Q20386012,http://www.wikidata.org/entity/Q12227072,0,28,,,
YEM,Iêmen,Q20386013,http://www.wikidata.org/entity/Q12226002,0,773,,,
YEM,Iêmen,Q20386026,http://www.wikidata.org/entity/Q12226099,0,485,,,
YEM,Iêmen,Q20386025,http://www.wikidata.org/entity/Q12226783,0,17,,15.165735,48.4215098
YEM,Iêmen,Q20386030,http://www.wikidata.org/entity/Q12226949,0,66,,,
YEM,Iêmen,Q20386034,http://www.wikidata.org/entity/Q12225898,0,56,,,
YEM,Iêmen,Q20386035,http://www.wikidata.org/entity/Q12226801,0,148,,,
YEM,Iêmen,Q20386038,http://www.wikidata.org/entity/Q12225637,0,38,,,
YEM,Iêmen,Q20386039,http://www.wikidata.org/entity/Q12226765,0,271,,,
YEM,Iêmen,Q20386037,http://www.wikidata.org/entity/Q12226511,0,522,,,
YEM,Iêmen,Q20386043,http://www.wikidata.org/entity/Q25932234,0,22,,,
YEM,Iêmen,Q20386111,http://www.wikidata.org/entity/Q20395257,0,45,,,
YEM,Iêmen,Q20386115,http://www.wikidata.org/entity/Q12225490,0,79,,,
YEM,Iêmen,Q20386112,http://www.wikidata.org/entity/Q12226912,0,36,,,
YEM,Iêmen,Q20386113,http://www.wikidata.org/entity/Q20397775,0,22,,,
YEM,Iêmen,Q20386121,http://www.wikidata.org/entity/Q12226290,0,38,,,
YEM,Iêmen,Q20386351,http://www.wikidata.org/entity/Q20383505,0,24,,,
YEM,Iêmen,Q20386349,http://www.wikidata.org/entity/Q25932234,0,312,,,
YEM,Iêmen,Q20386354,http://www.wikidata.org/entity/Q12225708,0,254,,,
YEM,Iêmen,Q20386355,http://www.wikidata.org/entity/Q20408307,0,28,,,
YEM,Iêmen,Q20386352,http://www.wikidata.org/entity/Q12226258,0,34,,,
YEM,Iêmen,Q20386360,http://www.wikidata.org/entity/Q20410938,0,44,,,
YEM,Iêmen,Q20386370,,0,252,,,
YEM,Iêmen,Q20386368,http://www.wikidata.org/entity/Q20381052,0,56,,,
YEM,Iêmen,Q20386369,http://www.wikidata.org/entity/Q20382834,0,42,,,
YEM,Iêmen,Q20386380,http://www.wikidata.org/entity/Q12225164,0,155,,,
YEM,Iêmen,Q20386543,http://www.wikidata.org/entity/Q12225330,0,22,,,
YEM,Iêmen,Q20386545,http://www.wikidata.org/entity/Q12225458,0,192,,,
YEM,Iêmen,Q20386550,http://www.wikidata.org/entity/Q12225715,0,76,,,
YEM,Iêmen,Q20386548,http://www.wikidata.org/entity/Q4117433,0,419,,,
YEM,Iêmen,Q20386554,http://www.wikidata.org/entity/Q12226949,0,76,,,
YEM,Iêmen,Q20386559,http://www.wikidata.org/entity/Q12227000,0,122,,,
YEM,Iêmen,Q20386556,http://www.wikidata.org/entity/Q25932330,0,38,,,
YEM,Iêmen,Q20386557,http://www.wikidata.org/entity/Q12225112,0,55,,,
YEM,Iêmen,Q20386566,http://www.wikidata.org/entity/Q12225928,0,111,,,
YEM,Iêmen,Q20386567,http://www.wikidata.org/entity/Q12226739,0,127,,,
YEM,Iêmen,Q20386569,http://www.wikidata.org/entity/Q12225776,0,152,,,
YEM,Iêmen,Q20386701,http://www.wikidata.org/entity/Q12225890,0,44,,,
YEM,Iêmen,Q20386706,http://www.wikidata.org/entity/Q12226094,0,800,,,
YEM,Iêmen,Q20386705,http://www.wikidata.org/entity/Q12227094,0,478,,,
YEM,Iêmen,Q20386710,http://www.wikidata.org/entity/Q12226258,0,39,,,
YEM,Iêmen,Q20386711,http://www.wikidata.org/entity/Q20417935,0,57,,,
YEM,Iêmen,Q20386714,http://www.wikidata.org/entity/Q20400538,0,88,,,
YEM,Iêmen,Q20386718,http://www.wikidata.org/entity/Q12226865,0,593,,,
YEM,Iêmen,Q20386742,http://www.wikidata.org/entity/Q12225184,0,377,,,
YEM,Iêmen,Q20386751,http://www.wikidata.org/entity/Q20398732,0,94,,,
YEM,Iêmen,Q20386753,http://www.wikidata.org/entity/Q20407300,0,142,,,
YEM,Iêmen,Q20386793,http://www.wikidata.org/entity/Q12227069,0,194,,,
YEM,Iêmen,Q20386859,http://www.wikidata.org/entity/Q4117515,0,241,,,
YEM,Iêmen,Q20386861,http://www.wikidata.org/entity/Q12226949,0,193,,,
YEM,Iêmen,Q20386865,http://www.wikidata.org/entity/Q12225849,0,1437,,,
YEM,Iêmen,Q20386871,http://www.wikidata.org/entity/Q12225928,0,199,,,
YEM,Iêmen,Q20386868,http://www.wikidata.org/entity/Q12225939,0,150,,,
YEM,Iêmen,Q20386875,http://www.wikidata.org/entity/Q12226341,0,222,,,
YEM,Iêmen,Q20386872,http://www.wikidata.org/entity/Q12225366,0,280,,,
YEM,Iêmen,Q20386879,http://www.wikidata.org/entity/Q4117433,0,41,,,
YEM,Iêmen,Q20386882,http://www.wikidata.org/entity/Q12226852,0,380,,,
YEM,Iêmen,Q20386881,http://www.wikidata.org/entity/Q12226737,0,109,,,
YEM,Iêmen,Q20386890,http://www.wikidata.org/entity/Q12225672,0,279,,,
YEM,Iêmen,Q20386895,http://www.wikidata.org/entity/Q12226928,0,571,,,
YEM,Iêmen,Q20386899,http://www.wikidata.org/entity/Q12226788,0,367,,,
YEM,Iêmen,Q20386901,http://www.wikidata.org/entity/Q12225966,0,726,,,
YEM,Iêmen,Q20386906,http://www.wikidata.org/entity/Q12225973,0,343,,,
YEM,Iêmen,Q20386907,http://www.wikidata.org/entity/Q20387651,0,54,,,
YEM,Iêmen,Q20386915,http://www.wikidata.org/entity/Q20396008,0,36,,,
YEM,Iêmen,Q20386912,http://www.wikidata.org/entity/Q12225909,0,318,,,
YEM,Iêmen,Q20387107,http://www.wikidata.org/entity/Q20404228,0,67,,,
YEM,Iêmen,Q20387119,http://www.wikidata.org/entity/Q12226544,0,87,,,
YEM,Iêmen,Q20387120,http://www.wikidata.org/entity/Q20387897,0,73,,,
YEM,Iêmen,Q20387151,http://www.wikidata.org/entity/Q12226240,0,253,,,
YEM,Iêmen,Q20387158,http://www.wikidata.org/entity/Q12227059,0,126,,,
YEM,Iêmen,Q20387156,http://www.wikidata.org/entity/Q12225588,0,986,,,
YEM,Iêmen,Q20387160,http://www.wikidata.org/entity/Q125170085,0,37,,,
YEM,Iêmen,Q20387167,http://www.wikidata.org/entity/Q4117502,0,311,,,
YEM,Iêmen,Q20387169,http://www.wikidata.org/entity/Q12226894,0,248,,,
YEM,Iêmen,Q20387198,http://www.wikidata.org/entity/Q20402434,0,70,,,
YEM,Iêmen,Q20387227,http://www.wikidata.org/entity/Q12226374,0,370,,,
YEM,Iêmen,Q20387228,http://www.wikidata.org/entity/Q12225330,0,135,,,
YEM,Iêmen,Q20387232,http://www.wikidata.org/entity/Q12225335,0,216,,,
YEM,Iêmen,Q20387246,http://www.wikidata.org/entity/Q12225195,0,313,,,
YEM,Iêmen,Q20387250,http://www.wikidata.org/entity/Q12225681,0,104,,,
YEM,Iêmen,Q20387254,http://www.wikidata.org/entity/Q12226825,0,79,,,
YEM,Iêmen,Q20387252,http://www.wikidata.org/entity/Q12226450,0,172,,,
YEM,Iêmen,Q20387253,http://www.wikidata.org/entity/Q12226061,0,143,,,
YEM,Iêmen,Q20387536,http://www.wikidata.org/entity/Q4117509,0,22,,,
YEM,Iêmen,Q20387537,http://www.wikidata.org/entity/Q12227064,0,368,,,
YEM,Iêmen,Q20387540,http://www.wikidata.org/entity/Q12225812,0,31,,,
YEM,Iêmen,Q20387541,http://www.wikidata.org/entity/Q12225330,0,193,,,
YEM,Iêmen,Q20387545,http://www.wikidata.org/entity/Q12225125,0,97,,,
YEM,Iêmen,Q20387550,http://www.wikidata.org/entity/Q20399564,0,89,,,
YEM,Iêmen,Q20387551,http://www.wikidata.org/entity/Q12227093,0,24,,,
YEM,Iêmen,Q20387554,http://www.wikidata.org/entity/Q12225199,0,40,,,
YEM,Iêmen,Q20387557,http://www.wikidata.org/entity/Q12226329,0,577,,,
YEM,Iêmen,Q20387564,http://www.wikidata.org/entity/Q25932270,0,138,,,
YEM,Iêmen,Q20387773,http://www.wikidata.org/entity/Q4117789,0,890,,,
YEM,Iêmen,Q20387776,http://www.wikidata.org/entity/Q12226809,0,28,,,
YEM,Iêmen,Q20387782,http://www.wikidata.org/entity/Q12226674,0,90,,,
YEM,Iêmen,Q20387786,http://www.wikidata.org/entity/Q12226383,0,237,,,
YEM,Iêmen,Q20387788,http://www.wikidata.org/entity/Q4117502,0,36,,,
YEM,Iêmen,Q20387793,http://www.wikidata.org/entity/Q12225841,0,101,,,
YEM,Iêmen,Q20387803,http://www.wikidata.org/entity/Q12225615,0,200,,,
YEM,Iêmen,Q20387800,http://www.wikidata.org/entity/Q12225742,0,84,,,
YEM,Iêmen,Q20387810,http://www.wikidata.org/entity/Q12225254,0,281,,,
YEM,Iêmen,Q20387815,http://www.wikidata.org/entity/Q25932330,0,65,,,
YEM,Iêmen,Q20387818,http://www.wikidata.org/entity/Q12225063,0,23,,,
YEM,Iêmen,Q20387824,http://www.wikidata.org/entity/Q12226013,0,139,,,
YEM,Iêmen,Q20387825,http://www.wikidata.org/entity/Q12225278,0,67,,,
YEM,Iêmen,Q20387830,http://www.wikidata.org/entity/Q12225330,0,7,,,
YEM,Iêmen,Q20387831,http://www.wikidata.org/entity/Q12180047,0,34,,,
YEM,Iêmen,Q20387846,http://www.wikidata.org/entity/Q25932234,0,61,,,
YEM,Iêmen,Q20387847,http://www.wikidata.org/entity/Q12226872,0,193,,,
YEM,Iêmen,Q20387844,http://www.wikidata.org/entity/Q25932330,0,28,,,
YEM,Iêmen,Q20387845,http://www.wikidata.org/entity/Q12225221,0,110,,,
YEM,Iêmen,Q20387850,http://www.wikidata.org/entity/Q12225668,0,391,,,
YEM,Iêmen,Q20387848,http://www.wikidata.org/entity/Q4117682,0,204,,,
YEM,Iêmen,Q20387856,http://www.wikidata.org/entity/Q12225628,0,36,,,
YEM,Iêmen,Q20387862,http://www.wikidata.org/entity/Q25932270,0,117,,,
YEM,Iêmen,Q20387860,http://www.wikidata.org/entity/Q12225613,0,263,,,
YEM,Iêmen,Q20387972,http://www.wikidata.org/entity/Q12225742,0,122,,,
YEM,Iêmen,Q20387973,http://www.wikidata.org/entity/Q4117689,0,55,,,
YEM,Iêmen,Q20387982,http://www.wikidata.org/entity/Q12226895,0,166,,,
YEM,Iêmen,Q20387983,http://www.wikidata.org/entity/Q125170122,0,1275,,,
YEM,Iêmen,Q20387981,http://www.wikidata.org/entity/Q4117509,0,113,,,
YEM,Iêmen,Q20387990,http://www.wikidata.org/entity/Q12225027,0,245,,,
YEM,Iêmen,Q20387989,http://www.wikidata.org/entity/Q4117708,0,92,,,
YEM,Iêmen,Q20387995,http://www.wikidata.org/entity/Q22929689,0,57,,,
YEM,Iêmen,Q20387996,http://www.wikidata.org/entity/Q12226122,0,54,,,
YEM,Iêmen,Q20387997,http://www.wikidata.org/entity/Q20392805,0,142,,,
YEM,Iêmen,Q20388034,http://www.wikidata.org/entity/Q12225729,0,97,,,
YEM,Iêmen,Q20388035,http://www.wikidata.org/entity/Q20416313,0,65,,,
YEM,Iêmen,Q20388106,http://www.wikidata.org/entity/Q4117519,0,171,,,
YEM,Iêmen,Q20388105,http://www.wikidata.org/entity/Q12225087,0,152,,,
YEM,Iêmen,Q20388110,http://www.wikidata.org/entity/Q12225149,0,125,,,
YEM,Iêmen,Q20388109,http://www.wikidata.org/entity/Q4117515,0,74,,,
YEM,Iêmen,Q20388115,http://www.wikidata.org/entity/Q12226522,0,216,,,
YEM,Iêmen,Q20388112,http://www.wikidata.org/entity/Q12225848,0,36,,,
YEM,Iêmen,Q20388113,http://www.wikidata.org/entity/Q12226939,0,89,,,
YEM,Iêmen,Q20388121,http://www.wikidata.org/entity/Q12226923,0,104,,,
YEM,Iêmen,Q20388126,http://www.wikidata.org/entity/Q12226363,0,465,,,
YEM,Iêmen,Q20388127,http://www.wikidata.org/entity/Q12225078,0,247,,,
YEM,Iêmen,Q20388125,http://www.wikidata.org/entity/Q12225330,0,232,,,
YEM,Iêmen,Q20388131,http://www.wikidata.org/entity/Q12225317,0,123,,,
YEM,Iêmen,Q20388129,http://www.wikidata.org/entity/Q12225608,0,1480,,,
YEM,Iêmen,Q20388135,http://www.wikidata.org/entity/Q12225392,0,174,,,
YEM,Iêmen,Q20388133,http://www.wikidata.org/entity/Q12225392,0,198,,,
YEM,Iêmen,Q20388142,http://www.wikidata.org/entity/Q20386863,0,38,,,
YEM,Iêmen,Q20388196,http://www.wikidata.org/entity/Q12226036,0,195,,,
YEM,Iêmen,Q20388222,http://www.wikidata.org/entity/Q12225742,0,127,,,
YEM,Iêmen,Q20388221,http://www.wikidata.org/entity/Q12226688,0,27,,,
YEM,Iêmen,Q20388224,http://www.wikidata.org/entity/Q20391062,0,49,,,
YEM,Iêmen,Q20388225,http://www.wikidata.org/entity/Q20387757,0,240,,,
YEM,Iêmen,Q20388230,http://www.wikidata.org/entity/Q20384908,0,38,,,
YEM,Iêmen,Q20388228,http://www.wikidata.org/entity/Q20413519,0,152,,,
YEM,Iêmen,Q20388229,http://www.wikidata.org/entity/Q12226939,0,28,,,
YEM,Iêmen,Q20388234,http://www.wikidata.org/entity/Q4117552,0,83,,,
YEM,Iêmen,Q20388232,http://www.wikidata.org/entity/Q12226053,0,354,,,
YEM,Iêmen,Q20388233,http://www.wikidata.org/entity/Q12225544,0,62,,,
YEM,Iêmen,Q20388238,http://www.wikidata.org/entity/Q12225742,0,51,,,
YEM,Iêmen,Q20388242,http://www.wikidata.org/entity/Q12225637,0,176,,,
YEM,Iêmen,Q20388246,http://www.wikidata.org/entity/Q12225039,0,66,,,
YEM,Iêmen,Q20388245,http://www.wikidata.org/entity/Q12226357,0,64,,,
YEM,Iêmen,Q20388274,http://www.wikidata.org/entity/Q12226258,0,28,,,
YEM,Iêmen,Q20388275,http://www.wikidata.org/entity/Q12226071,0,84,,,
YEM,Iêmen,Q20388306,http://www.wikidata.org/entity/Q12226495,0,130,,,
YEM,Iêmen,Q20388310,http://www.wikidata.org/entity/Q5751685,0,29,,,
YEM,Iêmen,Q20388309,http://www.wikidata.org/entity/Q12226550,0,83,,,
YEM,Iêmen,Q20388312,http://www.wikidata.org/entity/Q12225898,0,87,,,
YEM,Iêmen,Q20388319,http://www.wikidata.org/entity/Q12226511,0,188,,,
YEM,Iêmen,Q20388316,http://www.wikidata.org/entity/Q16121043,0,153,,,
YEM,Iêmen,Q20388323,http://www.wikidata.org/entity/Q25932234,0,61,,,
YEM,Iêmen,Q20388320,http://www.wikidata.org/entity/Q12226511,0,174,,,
YEM,Iêmen,Q20388321,http://www.wikidata.org/entity/Q12226511,0,95,,,
YEM,Iêmen,Q20388327,http://www.wikidata.org/entity/Q4117602,0,250,,,
YEM,Iêmen,Q20388324,http://www.wikidata.org/entity/Q12226509,0,32,,,
YEM,Iêmen,Q20388366,http://www.wikidata.org/entity/Q20417876,0,32,,,
YEM,Iêmen,Q20388367,http://www.wikidata.org/entity/Q20413268,0,73,,,
YEM,Iêmen,Q20388369,http://www.wikidata.org/entity/Q20402739,0,62,,,
YEM,Iêmen,Q20388376,http://www.wikidata.org/entity/Q12225333,0,134,,,
YEM,Iêmen,Q20388383,http://www.wikidata.org/entity/Q20407763,0,92,,,
YEM,Iêmen,Q20388380,http://www.wikidata.org/entity/Q20419133,0,140,,,
YEM,Iêmen,Q20388386,http://www.wikidata.org/entity/Q12225425,0,200,,,
YEM,Iêmen,Q20388387,http://www.wikidata.org/entity/Q12226766,0,1090,,,
YEM,Iêmen,Q20388421,http://www.wikidata.org/entity/Q12225637,0,41,,,
YEM,Iêmen,Q20388425,http://www.wikidata.org/entity/Q12226060,0,253,,,
YEM,Iêmen,Q20388430,http://www.wikidata.org/entity/Q12226949,0,44,,,
YEM,Iêmen,Q20388431,http://www.wikidata.org/entity/Q12225898,0,113,,,
YEM,Iêmen,Q20388428,http://www.wikidata.org/entity/Q12226737,0,42,,,
YEM,Iêmen,Q20388435,http://www.wikidata.org/entity/Q12226949,0,143,,,
YEM,Iêmen,Q20388441,http://www.wikidata.org/entity/Q4117509,0,90,,,
YEM,Iêmen,Q20388474,http://www.wikidata.org/entity/Q25932352,0,62,,,
YEM,Iêmen,Q20388476,http://www.wikidata.org/entity/Q12226774,0,13,,,
YEM,Iêmen,Q20388515,http://www.wikidata.org/entity/Q25932270,0,97,,,
YEM,Iêmen,Q20388523,http://www.wikidata.org/entity/Q12226098,0,474,,,
YEM,Iêmen,Q20388521,http://www.wikidata.org/entity/Q25932234,0,44,,,
YEM,Iêmen,Q20388532,http://www.wikidata.org/entity/Q12226774,0,117,,,
YEM,Iêmen,Q20388533,http://www.wikidata.org/entity/Q12225672,0,34,,,
YEM,Iêmen,Q20388567,http://www.wikidata.org/entity/Q20425562,0,44,,,
YEM,Iêmen,Q20388564,http://www.wikidata.org/entity/Q12226329,0,10,,,
YEM,Iêmen,Q20388570,http://www.wikidata.org/entity/Q12225493,0,69,,,
YEM,Iêmen,Q20388571,http://www.wikidata.org/entity/Q20395005,0,83,,,
YEM,Iêmen,Q20388569,http://www.wikidata.org/entity/Q12226002,0,926,,,
YEM,Iêmen,Q20388575,http://www.wikidata.org/entity/Q12225539,0,284,,,
YEM,Iêmen,Q20388578,http://www.wikidata.org/entity/Q20417100,0,42,,,
YEM,Iêmen,Q20388582,http://www.wikidata.org/entity/Q20384919,0,34,,,
YEM,Iêmen,Q20388580,http://www.wikidata.org/entity/Q20388232,0,235,,,
YEM,Iêmen,Q20388591,http://www.wikidata.org/entity/Q20410938,0,45,,,
YEM,Iêmen,Q20388598,http://www.wikidata.org/entity/Q20415582,0,58,,,
YEM,Iêmen,Q20388596,http://www.wikidata.org/entity/Q20409263,0,55,,,
YEM,Iêmen,Q20388600,http://www.wikidata.org/entity/Q20402396,0,319,,,
YEM,Iêmen,Q20388623,http://www.wikidata.org/entity/Q4117557,0,43,,,
YEM,Iêmen,Q20388621,http://www.wikidata.org/entity/Q12226376,0,110,,,
YEM,Iêmen,Q20388627,http://www.wikidata.org/entity/Q4117556,0,199,,,
YEM,Iêmen,Q20388624,http://www.wikidata.org/entity/Q4117520,0,45,,,
YEM,Iêmen,Q20388625,http://www.wikidata.org/entity/Q12226473,0,228,,,
YEM,Iêmen,Q20388630,http://www.wikidata.org/entity/Q12225898,0,26,,,
YEM,Iêmen,Q20388631,http://www.wikidata.org/entity/Q4117544,0,44,,,
YEM,Iêmen,Q20388629,http://www.wikidata.org/entity/Q1884189,0,196,,,
YEM,Iêmen,Q20388634,http://www.wikidata.org/entity/Q12226906,0,108,,,
YEM,Iêmen,Q20388635,http://www.wikidata.org/entity/Q12226472,0,111,,,
YEM,Iêmen,Q20388632,http://www.wikidata.org/entity/Q5751685,0,52,,,
YEM,Iêmen,Q20388638,http://www.wikidata.org/entity/Q12225330,0,152,,,
YEM,Iêmen,Q20388636,http://www.wikidata.org/entity/Q25932234,0,22,,,
YEM,Iêmen,Q20388683,http://www.wikidata.org/entity/Q12227044,0,158,,,
YEM,Iêmen,Q20388686,http://www.wikidata.org/entity/Q12225562,0,25,,,
YEM,Iêmen,Q20388694,http://www.wikidata.org/entity/Q12226463,0,82,,,
YEM,Iêmen,Q20388703,http://www.wikidata.org/entity/Q12225345,0,296,,,
YEM,Iêmen,Q20388710,http://www.wikidata.org/entity/Q12225490,0,83,,,
YEM,Iêmen,Q20388708,http://www.wikidata.org/entity/Q20404810,0,65,,,
YEM,Iêmen,Q20388714,http://www.wikidata.org/entity/Q12226463,0,35,,,
YEM,Iêmen,Q20388712,http://www.wikidata.org/entity/Q20406752,0,65,,,
YEM,Iêmen,Q20388718,http://www.wikidata.org/entity/Q12226337,0,209,,,
YEM,Iêmen,Q20388722,http://www.wikidata.org/entity/Q20403825,0,28,,,
YEM,Iêmen,Q20388720,http://www.wikidata.org/entity/Q12225742,0,48,,,
YEM,Iêmen,Q20388721,http://www.wikidata.org/entity/Q12226544,0,40,,,
YEM,Iêmen,Q20388727,http://www.wikidata.org/entity/Q20425508,0,154,,,
YEM,Iêmen,Q20388728,http://www.wikidata.org/entity/Q12226825,0,72,,,
YEM,Iêmen,Q20388729,http://www.wikidata.org/entity/Q12226238,0,111,,,
YEM,Iêmen,Q20388732,http://www.wikidata.org/entity/Q12226148,0,212,,,
YEM,Iêmen,Q20388765,http://www.wikidata.org/entity/Q12226085,0,106,,,
YEM,Iêmen,Q20388803,http://www.wikidata.org/entity/Q20416313,0,21,,,
YEM,Iêmen,Q20388806,http://www.wikidata.org/entity/Q12226267,0,156,,,
YEM,Iêmen,Q20388810,http://www.wikidata.org/entity/Q20388570,0,121,,,
YEM,Iêmen,Q20388808,http://www.wikidata.org/entity/Q20383401,0,64,,,
YEM,Iêmen,Q20388812,http://www.wikidata.org/entity/Q4117519,0,1249,,,
YEM,Iêmen,Q20388826,http://www.wikidata.org/entity/Q20388131,0,28,,,
YEM,Iêmen,Q20388825,http://www.wikidata.org/entity/Q20411160,0,136,,,
YEM,Iêmen,Q20388873,http://www.wikidata.org/entity/Q12225714,0,126,,,
YEM,Iêmen,Q20388878,http://www.wikidata.org/entity/Q25932330,0,40,,,
YEM,Iêmen,Q20388882,http://www.wikidata.org/entity/Q4117509,0,93,,,
YEM,Iêmen,Q20388883,http://www.wikidata.org/entity/Q4117574,0,125,,,
YEM,Iêmen,Q20388881,http://www.wikidata.org/entity/Q4117454,0,25,,,
YEM,Iêmen,Q20388887,http://www.wikidata.org/entity/Q12225229,0,168,,,
YEM,Iêmen,Q20388884,http://www.wikidata.org/entity/Q12225022,0,95,,,
YEM,Iêmen,Q20388885,http://www.wikidata.org/entity/Q12225397,0,121,,,
YEM,Iêmen,Q20388890,http://www.wikidata.org/entity/Q12226511,0,104,,,
YEM,Iêmen,Q20388891,http://www.wikidata.org/entity/Q12225281,0,87,,,
YEM,Iêmen,Q20388898,http://www.wikidata.org/entity/Q4117454,0,72,,,
YEM,Iêmen,Q20388900,http://www.wikidata.org/entity/Q125170179,0,75,,,
YEM,Iêmen,Q20388901,http://www.wikidata.org/entity/Q4117502,0,301,,,
YEM,Iêmen,Q20388999,http://www.wikidata.org/entity/Q12225600,0,39,,,
YEM,Iêmen,Q20389000,http://www.wikidata.org/entity/Q12225742,0,84,,,
YEM,Iêmen,Q20389006,http://www.wikidata.org/entity/Q12226939,0,206,,,
YEM,Iêmen,Q20389004,http://www.wikidata.org/entity/Q25932352,0,120,,,
YEM,Iêmen,Q20389005,http://www.wikidata.org/entity/Q12226928,0,601,,,
YEM,Iêmen,Q20389014,http://www.wikidata.org/entity/Q12226638,0,62,,,
YEM,Iêmen,Q20389015,http://www.wikidata.org/entity/Q20382495,0,50,,,
YEM,Iêmen,Q20389016,http://www.wikidata.org/entity/Q20389351,0,53,,,
YEM,Iêmen,Q20389023,http://www.wikidata.org/entity/Q20384754,0,218,,,
YEM,Iêmen,Q20389021,http://www.wikidata.org/entity/Q12226001,0,1579,,,
YEM,Iêmen,Q20389026,http://www.wikidata.org/entity/Q25932234,0,2,,,
YEM,Iêmen,Q20389027,http://www.wikidata.org/entity/Q12225848,0,124,,,
YEM,Iêmen,Q20389024,http://www.wikidata.org/entity/Q12226176,0,41,,,
YEM,Iêmen,Q20389025,http://www.wikidata.org/entity/Q12226225,0,870,,,
YEM,Iêmen,Q20389028,http://www.wikidata.org/entity/Q12225330,0,408,,,
YEM,Iêmen,Q20389039,http://www.wikidata.org/entity/Q25932330,0,26,,,
YEM,Iêmen,Q20389037,http://www.wikidata.org/entity/Q12225103,0,420,,,
YEM,Iêmen,Q20389043,http://www.wikidata.org/entity/Q12225447,0,898,,,
YEM,Iêmen,Q20389040,http://www.wikidata.org/entity/Q12226473,0,175,,,
YEM,Iêmen,Q20389041,http://www.wikidata.org/entity/Q4117515,0,451,,,
YEM,Iêmen,Q20389047,http://www.wikidata.org/entity/Q4117552,0,159,,,
YEM,Iêmen,Q20389078,http://www.wikidata.org/entity/Q12225742,0,174,,,
YEM,Iêmen,Q20389086,http://www.wikidata.org/entity/Q12225660,0,881,,,
YEM,Iêmen,Q20389085,http://www.wikidata.org/entity/Q12226511,0,189,,,
YEM,Iêmen,Q20389088,http://www.wikidata.org/entity/Q12227013,0,274,,,
YEM,Iêmen,Q20389092,http://www.wikidata.org/entity/Q25932274,0,56,,,
YEM,Iêmen,Q20389098,http://www.wikidata.org/entity/Q12226122,0,36,,,
YEM,Iêmen,Q20389103,http://www.wikidata.org/entity/Q4117549,0,459,,,
YEM,Iêmen,Q20389101,http://www.wikidata.org/entity/Q12226755,0,157,,,
YEM,Iêmen,Q20389106,http://www.wikidata.org/entity/Q12226511,0,41,,,
YEM,Iêmen,Q20389135,http://www.wikidata.org/entity/Q12226322,0,39,,,
YEM,Iêmen,Q20389136,http://www.wikidata.org/entity/Q4117520,0,243,,,
YEM,Iêmen,Q20389140,http://www.wikidata.org/entity/Q12226755,0,458,,,
YEM,Iêmen,Q20389146,http://www.wikidata.org/entity/Q12226258,0,65,,,
YEM,Iêmen,Q20389147,http://www.wikidata.org/entity/Q12226897,0,79,,,
YEM,Iêmen,Q20389144,http://www.wikidata.org/entity/Q4117574,0,22,,,
YEM,Iêmen,Q20389152,http://www.wikidata.org/entity/Q20389341,0,228,,,
YEM,Iêmen,Q20389158,http://www.wikidata.org/entity/Q12226258,0,65,,,
YEM,Iêmen,Q20389156,http://www.wikidata.org/entity/Q20409238,0,22,,,
YEM,Iêmen,Q20389163,http://www.wikidata.org/entity/Q20417276,0,66,,,
YEM,Iêmen,Q20389164,http://www.wikidata.org/entity/Q12225873,0,60,,,
YEM,Iêmen,Q20389195,http://www.wikidata.org/entity/Q12225562,0,44,,,
YEM,Iêmen,Q20389193,http://www.wikidata.org/entity/Q20418004,0,23,,,
YEM,Iêmen,Q20389237,http://www.wikidata.org/entity/Q20420480,0,79,,,
YEM,Iêmen,Q20389241,http://www.wikidata.org/entity/Q12226238,0,94,,,
YEM,Iêmen,Q20389251,http://www.wikidata.org/entity/Q20400535,0,64,,,
YEM,Iêmen,Q20389248,http://www.wikidata.org/entity/Q20395853,0,33,,,
YEM,Iêmen,Q20389253,http://www.wikidata.org/entity/Q12226104,0,268,,,
YEM,Iêmen,Q20389256,http://www.wikidata.org/entity/Q20382684,0,167,,,
YEM,Iêmen,Q20389260,http://www.wikidata.org/entity/Q12226138,0,120,,,
YEM,Iêmen,Q20389265,http://www.wikidata.org/entity/Q12225164,0,191,,,
YEM,Iêmen,Q20389270,http://www.wikidata.org/entity/Q20383829,0,138,,,
YEM,Iêmen,Q20389268,http://www.wikidata.org/entity/Q20383877,0,71,,,
YEM,Iêmen,Q20389269,http://www.wikidata.org/entity/Q20405455,0,223,,,
YEM,Iêmen,Q20389347,http://www.wikidata.org/entity/Q25932234,0,28,,,
YEM,Iêmen,Q20389345,http://www.wikidata.org/entity/Q12226873,0,122,,,
YEM,Iêmen,Q20389348,http://www.wikidata.org/entity/Q20413400,0,61,,,
YEM,Iêmen,Q20389402,http://www.wikidata.org/entity/Q12226681,0,161,,,
YEM,Iêmen,Q20389415,http://www.wikidata.org/entity/Q12226002,0,131,,,
YEM,Iêmen,Q20389419,http://www.wikidata.org/entity/Q12226655,0,113,,,
YEM,Iêmen,Q20389416,http://www.wikidata.org/entity/Q12226406,0,32,,,
YEM,Iêmen,Q20389417,http://www.wikidata.org/entity/Q4117519,0,242,,,
YEM,Iêmen,Q20389422,http://www.wikidata.org/entity/Q12225330,0,25,,,
YEM,Iêmen,Q20389423,http://www.wikidata.org/entity/Q20404905,0,111,,,
YEM,Iêmen,Q20389420,http://www.wikidata.org/entity/Q12227002,0,416,,,
YEM,Iêmen,Q20389421,http://www.wikidata.org/entity/Q4117433,0,58,,,
YEM,Iêmen,Q20389426,http://www.wikidata.org/entity/Q20385556,0,45,,,
YEM,Iêmen,Q20389480,http://www.wikidata.org/entity/Q20391113,0,115,,,
YEM,Iêmen,Q20389525,http://www.wikidata.org/entity/Q12225410,0,90,,,
YEM,Iêmen,Q20389598,http://www.wikidata.org/entity/Q22931740,0,145,,,
YEM,Iêmen,Q20389599,http://www.wikidata.org/entity/Q12225691,0,39,,,
YEM,Iêmen,Q20389596,http://www.wikidata.org/entity/Q12226273,0,600,,,
YEM,Iêmen,Q20389600,http://www.wikidata.org/entity/Q12226054,0,107,,,
YEM,Iêmen,Q20389604,http://www.wikidata.org/entity/Q20404695,0,81,,,
YEM,Iêmen,Q20389701,http://www.wikidata.org/entity/Q25932270,0,83,,,
YEM,Iêmen,Q20389710,http://www.wikidata.org/entity/Q20417276,0,147,,,
YEM,Iêmen,Q20389714,http://www.wikidata.org/entity/Q12225742,0,139,,,
YEM,Iêmen,Q20389712,http://www.wikidata.org/entity/Q12226771,0,358,,,
YEM,Iêmen,Q20389713,http://www.wikidata.org/entity/Q12225180,0,347,,,
YEM,Iêmen,Q20389717,http://www.wikidata.org/entity/Q20418801,0,68,,,
YEM,Iêmen,Q20389726,http://www.wikidata.org/entity/Q12225271,0,673,,,
YEM,Iêmen,Q20389727,http://www.wikidata.org/entity/Q20383401,0,34,,,
YEM,Iêmen,Q20389724,http://www.wikidata.org/entity/Q12226173,0,48,,,
YEM,Iêmen,Q20389725,http://www.wikidata.org/entity/Q25932274,0,44,,,
YEM,Iêmen,Q20389735,http://www.wikidata.org/entity/Q20419711,0,63,,,
YEM,Iêmen,Q20389739,http://www.wikidata.org/entity/Q20398844,0,42,,,
YEM,Iêmen,Q20389736,http://www.wikidata.org/entity/Q12226267,0,33,,,
YEM,Iêmen,Q20389737,http://www.wikidata.org/entity/Q20403213,0,211,,,
YEM,Iêmen,Q20389750,http://www.wikidata.org/entity/Q20422561,0,133,,,
YEM,Iêmen,Q20389754,http://www.wikidata.org/entity/Q12225493,0,139,,,
YEM,Iêmen,Q20389755,http://www.wikidata.org/entity/Q12226982,0,43,,,
YEM,Iêmen,Q20389753,http://www.wikidata.org/entity/Q12225742,0,39,,,
YEM,Iêmen,Q20389759,http://www.wikidata.org/entity/Q20407397,0,113,,,
YEM,Iêmen,Q20389762,http://www.wikidata.org/entity/Q12225184,0,819,,,
YEM,Iêmen,Q20389760,http://www.wikidata.org/entity/Q12225539,0,448,,,
YEM,Iêmen,Q20389761,http://www.wikidata.org/entity/Q4117574,0,37,,,
YEM,Iêmen,Q20389764,http://www.wikidata.org/entity/Q12226372,0,34,,,
YEM,Iêmen,Q20389765,http://www.wikidata.org/entity/Q4117433,0,105,,,
YEM,Iêmen,Q20389770,http://www.wikidata.org/entity/Q20412163,0,88,,,
YEM,Iêmen,Q20389768,http://www.wikidata.org/entity/Q20394914,0,89,,,
YEM,Iêmen,Q20389769,,0,2099,,,
YEM,Iêmen,Q20389773,http://www.wikidata.org/entity/Q12226724,0,440,,,
YEM,Iêmen,Q20389779,http://www.wikidata.org/entity/Q12225613,0,52,,,
YEM,Iêmen,Q20389776,http://www.wikidata.org/entity/Q12187747,0,302,,,
YEM,Iêmen,Q20389777,http://www.wikidata.org/entity/Q12225560,0,284,,,
YEM,Iêmen,Q20389783,http://www.wikidata.org/entity/Q4117509,0,93,,,
YEM,Iêmen,Q20389780,http://www.wikidata.org/entity/Q12226586,0,577,,,
YEM,Iêmen,Q20389791,http://www.wikidata.org/entity/Q12225716,0,249,,,
YEM,Iêmen,Q20389794,http://www.wikidata.org/entity/Q12225180,0,136,,,
YEM,Iêmen,Q20389792,http://www.wikidata.org/entity/Q12226949,0,24,,,
YEM,Iêmen,Q20389793,http://www.wikidata.org/entity/Q12225991,0,258,,,
YEM,Iêmen,Q20389796,http://www.wikidata.org/entity/Q12226629,0,39,,,
YEM,Iêmen,Q20389801,http://www.wikidata.org/entity/Q4117509,0,72,,,
YEM,Iêmen,Q20389807,http://www.wikidata.org/entity/Q12225991,0,371,,,
YEM,Iêmen,Q20389811,http://www.wikidata.org/entity/Q4117515,0,66,,,
YEM,Iêmen,Q20389814,http://www.wikidata.org/entity/Q25932270,0,35,,,
YEM,Iêmen,Q20389812,http://www.wikidata.org/entity/Q4117789,0,73,,,
YEM,Iêmen,Q20389813,http://www.wikidata.org/entity/Q12226098,0,612,,,
YEM,Iêmen,Q20389886,http://www.wikidata.org/entity/Q12225502,0,48,,,
YEM,Iêmen,Q20389885,http://www.wikidata.org/entity/Q12226419,0,211,,,
YEM,Iêmen,Q20389890,http://www.wikidata.org/entity/Q12226688,0,65,,,
YEM,Iêmen,Q20389891,http://www.wikidata.org/entity/Q25932270,0,33,,,
YEM,Iêmen,Q20389888,http://www.wikidata.org/entity/Q12225333,0,175,,,
YEM,Iêmen,Q20389889,http://www.wikidata.org/entity/Q20388399,0,49,,,
YEM,Iêmen,Q20389892,http://www.wikidata.org/entity/Q12226515,0,823,,,
YEM,Iêmen,Q20389913,http://www.wikidata.org/entity/Q12226511,0,2,,,
YEM,Iêmen,Q20389919,http://www.wikidata.org/entity/Q20390074,0,33,,,
YEM,Iêmen,Q20389917,http://www.wikidata.org/entity/Q4117509,0,55,,,
YEM,Iêmen,Q20390010,http://www.wikidata.org/entity/Q1884189,0,204,,,
YEM,Iêmen,Q20390014,http://www.wikidata.org/entity/Q20411345,0,35,,,
YEM,Iêmen,Q20390015,http://www.wikidata.org/entity/Q4117519,0,417,,,
YEM,Iêmen,Q20390012,http://www.wikidata.org/entity/Q25932270,0,24,,,
YEM,Iêmen,Q20390013,http://www.wikidata.org/entity/Q25932234,0,5,,,
YEM,Iêmen,Q20390018,http://www.wikidata.org/entity/Q12225672,0,444,,,
YEM,Iêmen,Q20390016,http://www.wikidata.org/entity/Q4117515,0,940,,,
YEM,Iêmen,Q20390021,http://www.wikidata.org/entity/Q12225942,0,70,,,
YEM,Iêmen,Q20390026,http://www.wikidata.org/entity/Q20415327,0,84,,,
YEM,Iêmen,Q20390024,http://www.wikidata.org/entity/Q12225562,0,57,,,
YEM,Iêmen,Q20390025,http://www.wikidata.org/entity/Q12226880,0,238,,,
YEM,Iêmen,Q20390030,http://www.wikidata.org/entity/Q12226678,0,47,,,
YEM,Iêmen,Q20390028,http://www.wikidata.org/entity/Q20385453,0,20,,,
YEM,Iêmen,Q20390029,http://www.wikidata.org/entity/Q25932234,0,25,,,
YEM,Iêmen,Q20390048,http://www.wikidata.org/entity/Q12225866,0,235,,,
YEM,Iêmen,Q20390049,http://www.wikidata.org/entity/Q12226765,0,345,,,
YEM,Iêmen,Q20390054,http://www.wikidata.org/entity/Q12226550,0,45,,,
YEM,Iêmen,Q20390052,http://www.wikidata.org/entity/Q12226783,0,449,,,
YEM,Iêmen,Q20390058,http://www.wikidata.org/entity/Q125170167,0,130,,,
YEM,Iêmen,Q20390059,http://www.wikidata.org/entity/Q12226241,0,106,,,
YEM,Iêmen,Q20390057,http://www.wikidata.org/entity/Q12226556,0,35,,,
YEM,Iêmen,Q20390063,http://www.wikidata.org/entity/Q12225742,0,50,,,
YEM,Iêmen,Q20390061,http://www.wikidata.org/entity/Q20419230,0,65,,,
YEM,Iêmen,Q20390066,http://www.wikidata.org/entity/Q12241774,0,157,,,
YEM,Iêmen,Q20390067,http://www.wikidata.org/entity/Q4117704,0,21,,,
YEM,Iêmen,Q20390064,http://www.wikidata.org/entity/Q12226510,0,144,,,
YEM,Iêmen,Q20390065,http://www.wikidata.org/entity/Q12226759,0,60,,,
YEM,Iêmen,Q20390071,http://www.wikidata.org/entity/Q25932330,0,24,,,
YEM,Iêmen,Q20390074,http://www.wikidata.org/entity/Q12225470,0,162,,,
YEM,Iêmen,Q20390073,http://www.wikidata.org/entity/Q22928966,0,77,,,
YEM,Iêmen,Q20390078,http://www.wikidata.org/entity/Q12226511,0,134,,,
YEM,Iêmen,Q20390079,http://www.wikidata.org/entity/Q12225071,0,172,,,
YEM,Iêmen,Q20390076,http://www.wikidata.org/entity/Q12225742,0,104,,,
YEM,Iêmen,Q20390077,http://www.wikidata.org/entity/Q12225909,0,45,,,
YEM,Iêmen,Q20390082,http://www.wikidata.org/entity/Q20408510,0,80,,,
YEM,Iêmen,Q20390083,http://www.wikidata.org/entity/Q12225711,0,246,,,
YEM,Iêmen,Q20390080,http://www.wikidata.org/entity/Q12226241,0,55,,,
YEM,Iêmen,Q20390086,http://www.wikidata.org/entity/Q12225562,0,67,,,
YEM,Iêmen,Q20390090,http://www.wikidata.org/entity/Q12226495,0,52,,,
YEM,Iêmen,Q20390091,http://www.wikidata.org/entity/Q4117515,0,45,,,
YEM,Iêmen,Q20390088,http://www.wikidata.org/entity/Q12226524,0,194,,,
YEM,Iêmen,Q20390089,http://www.wikidata.org/entity/Q12226339,0,118,,,
YEM,Iêmen,Q20390094,http://www.wikidata.org/entity/Q12226495,0,52,,,
YEM,Iêmen,Q20390092,http://www.wikidata.org/entity/Q12226872,0,327,,,
YEM,Iêmen,Q20390093,http://www.wikidata.org/entity/Q12225742,0,20,,,
YEM,Iêmen,Q20390098,http://www.wikidata.org/entity/Q20403591,0,56,,,
YEM,Iêmen,Q20390103,http://www.wikidata.org/entity/Q20417868,0,76,,,
YEM,Iêmen,Q20390139,http://www.wikidata.org/entity/Q12225665,0,182,,,
YEM,Iêmen,Q20390142,http://www.wikidata.org/entity/Q12226511,0,101,,,
YEM,Iêmen,Q20390140,http://www.wikidata.org/entity/Q4117433,0,79,,,
YEM,Iêmen,Q20390147,http://www.wikidata.org/entity/Q12226955,0,742,,,
YEM,Iêmen,Q20390150,http://www.wikidata.org/entity/Q12225969,0,54,,,
YEM,Iêmen,Q20390158,http://www.wikidata.org/entity/Q12226668,0,233,,,
YEM,Iêmen,Q20390166,http://www.wikidata.org/entity/Q12225457,0,43,,,
YEM,Iêmen,Q20390165,http://www.wikidata.org/entity/Q20414460,0,60,,,
YEM,Iêmen,Q20390175,http://www.wikidata.org/entity/Q20405294,0,157,,,
YEM,Iêmen,Q20390173,http://www.wikidata.org/entity/Q12226463,0,56,,,
YEM,Iêmen,Q20390183,http://www.wikidata.org/entity/Q20400669,0,100,,,
YEM,Iêmen,Q20390187,http://www.wikidata.org/entity/Q12226730,0,164,,,
YEM,Iêmen,Q20390184,http://www.wikidata.org/entity/Q20397058,0,51,,,
YEM,Iêmen,Q20390195,http://www.wikidata.org/entity/Q20414907,0,94,,,
YEM,Iêmen,Q20390196,http://www.wikidata.org/entity/Q20395853,0,136,,,
YEM,Iêmen,Q20390197,http://www.wikidata.org/entity/Q20401485,0,138,,,
YEM,Iêmen,Q20390201,http://www.wikidata.org/entity/Q12226665,0,43,,,
YEM,Iêmen,Q20390206,http://www.wikidata.org/entity/Q20391429,0,89,,,
YEM,Iêmen,Q20390223,http://www.wikidata.org/entity/Q125170113,0,9,,,
YEM,Iêmen,Q20390221,http://www.wikidata.org/entity/Q12225848,0,94,,,
YEM,Iêmen,Q20390224,http://www.wikidata.org/entity/Q12226600,0,205,,,
YEM,Iêmen,Q20390225,http://www.wikidata.org/entity/Q20404228,0,50,,,
YEM,Iêmen,Q20390228,http://www.wikidata.org/entity/Q20383943,0,186,,,
YEM,Iêmen,Q20390229,http://www.wikidata.org/entity/Q20404635,0,47,,,
YEM,Iêmen,Q20390234,http://www.wikidata.org/entity/Q25932234,0,139,,,
YEM,Iêmen,Q20390235,http://www.wikidata.org/entity/Q25932330,0,65,,,
YEM,Iêmen,Q20390232,http://www.wikidata.org/entity/Q12226240,0,89,,,
YEM,Iêmen,Q20390233,http://www.wikidata.org/entity/Q12226098,0,164,,,
YEM,Iêmen,Q20390238,http://www.wikidata.org/entity/Q12225867,0,57,,,
YEM,Iêmen,Q20390239,http://www.wikidata.org/entity/Q12226685,0,79,,,
YEM,Iêmen,Q20390246,http://www.wikidata.org/entity/Q20395447,0,21,,,
YEM,Iêmen,Q20390248,http://www.wikidata.org/entity/Q12227098,0,38,,,
YEM,Iêmen,Q20390255,http://www.wikidata.org/entity/Q20388721,0,41,,,
YEM,Iêmen,Q20390258,http://www.wikidata.org/entity/Q12226370,0,93,,,
YEM,Iêmen,Q20390256,http://www.wikidata.org/entity/Q12226207,0,20,,,
YEM,Iêmen,Q20390262,http://www.wikidata.org/entity/Q20386597,0,76,,,
YEM,Iêmen,Q20390261,http://www.wikidata.org/entity/Q12226936,0,44,,,
YEM,Iêmen,Q20390270,http://www.wikidata.org/entity/Q20406127,0,31,,,
YEM,Iêmen,Q20390268,http://www.wikidata.org/entity/Q12226587,0,93,,,
YEM,Iêmen,Q20390273,http://www.wikidata.org/entity/Q12226400,0,365,,,
YEM,Iêmen,Q20390307,http://www.wikidata.org/entity/Q25932274,0,342,,,
YEM,Iêmen,Q20390310,http://www.wikidata.org/entity/Q12226290,0,83,,,
YEM,Iêmen,Q20390311,http://www.wikidata.org/entity/Q12226098,0,108,,,
YEM,Iêmen,Q20390308,http://www.wikidata.org/entity/Q20413393,0,64,,,
YEM,Iêmen,Q20390315,http://www.wikidata.org/entity/Q12225559,0,115,,,
YEM,Iêmen,Q20390312,http://www.wikidata.org/entity/Q12225642,0,45,,,
YEM,Iêmen,Q20390313,http://www.wikidata.org/entity/Q12225436,0,53,,,
YEM,Iêmen,Q20390317,http://www.wikidata.org/entity/Q20387353,0,130,,,
YEM,Iêmen,Q20390367,http://www.wikidata.org/entity/Q12193849,0,163,,,
YEM,Iêmen,Q20390370,http://www.wikidata.org/entity/Q12226394,0,314,,,
YEM,Iêmen,Q20390369,http://www.wikidata.org/entity/Q20386699,0,26,,,
YEM,Iêmen,Q20390372,http://www.wikidata.org/entity/Q12226511,0,137,,,
YEM,Iêmen,Q20390433,http://www.wikidata.org/entity/Q12225253,0,960,,,
YEM,Iêmen,Q20390437,http://www.wikidata.org/entity/Q20422374,0,232,,,
YEM,Iêmen,Q20390441,http://www.wikidata.org/entity/Q20415862,0,83,,,
YEM,Iêmen,Q20390451,http://www.wikidata.org/entity/Q20408286,0,132,,,
YEM,Iêmen,Q20390448,http://www.wikidata.org/entity/Q12225490,0,100,,,
YEM,Iêmen,Q20390489,http://www.wikidata.org/entity/Q4117509,0,74,,,
YEM,Iêmen,Q20390542,http://www.wikidata.org/entity/Q12226872,0,191,,,
YEM,Iêmen,Q20390541,http://www.wikidata.org/entity/Q12225928,0,638,,,
YEM,Iêmen,Q20390545,http://www.wikidata.org/entity/Q12226241,0,44,,,
YEM,Iêmen,Q20390742,http://www.wikidata.org/entity/Q4117574,0,197,,,
YEM,Iêmen,Q20390740,http://www.wikidata.org/entity/Q12226163,0,40,,,
YEM,Iêmen,Q20390741,http://www.wikidata.org/entity/Q20393182,0,78,,,
YEM,Iêmen,Q20390746,http://www.wikidata.org/entity/Q12226840,0,312,,,
YEM,Iêmen,Q20390744,http://www.wikidata.org/entity/Q4117560,0,137,,,
YEM,Iêmen,Q20390745,http://www.wikidata.org/entity/Q4117552,0,303,,,
YEM,Iêmen,Q20390750,http://www.wikidata.org/entity/Q20406977,0,98,,,
YEM,Iêmen,Q20390751,http://www.wikidata.org/entity/Q12225167,0,163,,,
YEM,Iêmen,Q20390752,http://www.wikidata.org/entity/Q25932274,0,234,,,
YEM,Iêmen,Q20390756,http://www.wikidata.org/entity/Q12226486,0,45,,,
YEM,Iêmen,Q20390757,http://www.wikidata.org/entity/Q12225164,0,116,,,
YEM,Iêmen,Q20390764,http://www.wikidata.org/entity/Q12227055,0,48,,,
YEM,Iêmen,Q20390800,http://www.wikidata.org/entity/Q4117519,0,213,,,
YEM,Iêmen,Q20391054,http://www.wikidata.org/entity/Q12226839,0,181,,,
YEM,Iêmen,Q20391059,http://www.wikidata.org/entity/Q12226461,0,331,,,
YEM,Iêmen,Q20391056,http://www.wikidata.org/entity/Q12226383,0,462,,,
YEM,Iêmen,Q20391057,http://www.wikidata.org/entity/Q12225180,0,357,,,
YEM,Iêmen,Q20391062,http://www.wikidata.org/entity/Q12225880,0,218,,,
YEM,Iêmen,Q20391063,http://www.wikidata.org/entity/Q12225867,0,46,,,
YEM,Iêmen,Q20391061,http://www.wikidata.org/entity/Q20405294,0,25,,,
YEM,Iêmen,Q20391066,http://www.wikidata.org/entity/Q20404218,0,25,,,
YEM,Iêmen,Q20391067,http://www.wikidata.org/entity/Q12225027,0,108,,,
YEM,Iêmen,Q20391065,http://www.wikidata.org/entity/Q12227097,0,362,,,
YEM,Iêmen,Q20391071,http://www.wikidata.org/entity/Q12226839,0,87,,,
YEM,Iêmen,Q20391068,http://www.wikidata.org/entity/Q25932270,0,21,,,
YEM,Iêmen,Q20391074,http://www.wikidata.org/entity/Q12226884,0,174,,,
YEM,Iêmen,Q20391075,http://www.wikidata.org/entity/Q12225776,0,147,,,
YEM,Iêmen,Q20391072,http://www.wikidata.org/entity/Q12226853,0,401,,,
YEM,Iêmen,Q20391073,http://www.wikidata.org/entity/Q12226123,0,51,,,
YEM,Iêmen,Q20391081,http://www.wikidata.org/entity/Q20415901,0,26,,,
YEM,Iêmen,Q20391087,http://www.wikidata.org/entity/Q12226001,0,129,,,
YEM,Iêmen,Q20391085,http://www.wikidata.org/entity/Q20398837,0,28,,,
YEM,Iêmen,Q20391091,http://www.wikidata.org/entity/Q12226524,0,125,,,
YEM,Iêmen,Q20391089,http://www.wikidata.org/entity/Q20400310,0,309,,,
YEM,Iêmen,Q20391097,http://www.wikidata.org/entity/Q20390759,0,120,,,
YEM,Iêmen,Q20391231,http://www.wikidata.org/entity/Q12226267,0,99,,,
YEM,Iêmen,Q20391228,http://www.wikidata.org/entity/Q12225420,0,382,,,
YEM,Iêmen,Q20391234,http://www.wikidata.org/entity/Q12226230,0,20,,,
YEM,Iêmen,Q20391235,,0,197,,,
YEM,Iêmen,Q20391232,http://www.wikidata.org/entity/Q12226888,0,0,,,
YEM,Iêmen,Q20391238,http://www.wikidata.org/entity/Q12225330,0,62,,,
YEM,Iêmen,Q20391239,http://www.wikidata.org/entity/Q12225742,0,79,,,
YEM,Iêmen,Q20391237,http://www.wikidata.org/entity/Q12226104,0,670,,,
YEM,Iêmen,Q20391242,http://www.wikidata.org/entity/Q4117708,0,63,,,
YEM,Iêmen,Q20391243,http://www.wikidata.org/entity/Q12225750,0,68,,,
YEM,Iêmen,Q20391241,http://www.wikidata.org/entity/Q12225664,0,23,,14.65,45.1375
YEM,Iêmen,Q20391247,http://www.wikidata.org/entity/Q12226550,0,194,,,
YEM,Iêmen,Q20391244,http://www.wikidata.org/entity/Q12226629,0,88,,,
YEM,Iêmen,Q20391245,http://www.wikidata.org/entity/Q12225942,0,85,,,
YEM,Iêmen,Q20391250,http://www.wikidata.org/entity/Q12226864,0,596,,,
YEM,Iêmen,Q20391254,http://www.wikidata.org/entity/Q22928966,0,107,,,
YEM,Iêmen,Q20391252,http://www.wikidata.org/entity/Q12226821,0,145,,,
YEM,Iêmen,Q20391258,http://www.wikidata.org/entity/Q12225742,0,74,,,
YEM,Iêmen,Q20391256,http://www.wikidata.org/entity/Q12225185,0,27,,,
YEM,Iêmen,Q20391257,http://www.wikidata.org/entity/Q12226984,0,24,,,
YEM,Iêmen,Q20391311,http://www.wikidata.org/entity/Q12226932,0,24,,,
YEM,Iêmen,Q20391315,http://www.wikidata.org/entity/Q125170179,0,34,,,
YEM,Iêmen,Q20391313,http://www.wikidata.org/entity/Q20383961,0,68,,,
YEM,Iêmen,Q20391317,http://www.wikidata.org/entity/Q12226774,0,39,,,
YEM,Iêmen,Q20391322,http://www.wikidata.org/entity/Q12225330,0,124,,,
YEM,Iêmen,Q20391323,http://www.wikidata.org/entity/Q4117509,0,21,,,
YEM,Iêmen,Q20391320,http://www.wikidata.org/entity/Q12226388,0,221,,,
YEM,Iêmen,Q20391402,http://www.wikidata.org/entity/Q20387105,0,56,,,
YEM,Iêmen,Q20391475,http://www.wikidata.org/entity/Q12226655,0,64,,,
YEM,Iêmen,Q20391473,http://www.wikidata.org/entity/Q125170113,0,165,,,
YEM,Iêmen,Q20391478,http://www.wikidata.org/entity/Q4117519,0,100,,,
YEM,Iêmen,Q20391476,http://www.wikidata.org/entity/Q20400578,0,59,,,
YEM,Iêmen,Q20391889,http://www.wikidata.org/entity/Q12226745,0,150,,,
YEM,Iêmen,Q20385423,http://www.wikidata.org/entity/Q125170179,0,197,,,
YEM,Iêmen,Q20385421,http://www.wikidata.org/entity/Q125170086,0,28,,,
YEM,Iêmen,Q20385424,http://www.wikidata.org/entity/Q12225742,0,142,,,
YEM,Iêmen,Q20386298,http://www.wikidata.org/entity/Q20393738,0,78,,,
YEM,Iêmen,Q20386315,http://www.wikidata.org/entity/Q12226771,0,33,,,
YEM,Iêmen,Q20386320,http://www.wikidata.org/entity/Q20423488,0,107,,,
YEM,Iêmen,Q20386385,http://www.wikidata.org/entity/Q12226519,0,41,,,
YEM,Iêmen,Q20386515,http://www.wikidata.org/entity/Q12227015,0,536,,,
YEM,Iêmen,Q20386513,http://www.wikidata.org/entity/Q25932234,0,393,,,
YEM,Iêmen,Q20386518,http://www.wikidata.org/entity/Q12226936,0,145,,,
YEM,Iêmen,Q20386517,http://www.wikidata.org/entity/Q4117682,0,123,,,
YEM,Iêmen,Q20386522,http://www.wikidata.org/entity/Q12225776,0,38,,,
YEM,Iêmen,Q20386525,http://www.wikidata.org/entity/Q25932234,0,42,,,
YEM,Iêmen,Q20386530,http://www.wikidata.org/entity/Q12226422,0,82,,,
YEM,Iêmen,Q20386531,http://www.wikidata.org/entity/Q20421532,0,118,,,
YEM,Iêmen,Q20386529,http://www.wikidata.org/entity/Q20384987,0,55,,,
YEM,Iêmen,Q20386535,http://www.wikidata.org/entity/Q4117515,0,63,,,
YEM,Iêmen,Q20386532,http://www.wikidata.org/entity/Q12226928,0,886,,,
YEM,Iêmen,Q20386533,http://www.wikidata.org/entity/Q12225898,0,57,,,
YEM,Iêmen,Q20386537,http://www.wikidata.org/entity/Q20417830,0,40,,,
YEM,Iêmen,Q20386795,http://www.wikidata.org/entity/Q20409847,0,29,,,
YEM,Iêmen,Q20386798,http://www.wikidata.org/entity/Q20397516,0,175,,,
YEM,Iêmen,Q20386806,http://www.wikidata.org/entity/Q20386765,0,92,,,
YEM,Iêmen,Q20386808,http://www.wikidata.org/entity/Q20394806,0,102,,,
YEM,Iêmen,Q20386813,http://www.wikidata.org/entity/Q12225424,0,177,,,
YEM,Iêmen,Q20386819,,0,297,,,
YEM,Iêmen,Q20386816,http://www.wikidata.org/entity/Q4117519,0,200,,,
YEM,Iêmen,Q20386817,http://www.wikidata.org/entity/Q20400461,0,173,,,
YEM,Iêmen,Q20386918,http://www.wikidata.org/entity/Q12226138,0,230,,,
YEM,Iêmen,Q20386923,http://www.wikidata.org/entity/Q12225175,0,353,,,
YEM,Iêmen,Q20386926,http://www.wikidata.org/entity/Q12225544,0,33,,,
YEM,Iêmen,Q20386925,http://www.wikidata.org/entity/Q20413276,0,205,,,
YEM,Iêmen,Q20386931,http://www.wikidata.org/entity/Q20395146,0,114,,,
YEM,Iêmen,Q20386933,http://www.wikidata.org/entity/Q4117519,0,191,,,
YEM,Iêmen,Q20386937,http://www.wikidata.org/entity/Q20414172,0,100,,,
YEM,Iêmen,Q20386947,http://www.wikidata.org/entity/Q20423484,0,38,,,
YEM,Iêmen,Q20387199,http://www.wikidata.org/entity/Q125170179,0,189,,,
YEM,Iêmen,Q20387203,http://www.wikidata.org/entity/Q5751685,0,142,,,
YEM,Iêmen,Q20387206,http://www.wikidata.org/entity/Q12225898,0,23,,,
YEM,Iêmen,Q20387204,http://www.wikidata.org/entity/Q12226501,0,190,,,
YEM,Iêmen,Q20387256,http://www.wikidata.org/entity/Q20413169,0,22,,,
YEM,Iêmen,Q20387267,http://www.wikidata.org/entity/Q12226587,0,22,,,
YEM,Iêmen,Q20387265,http://www.wikidata.org/entity/Q20419251,0,123,,,
YEM,Iêmen,Q20387270,http://www.wikidata.org/entity/Q12225490,0,107,,,
YEM,Iêmen,Q20387269,http://www.wikidata.org/entity/Q20407260,0,39,,,
YEM,Iêmen,Q20387273,http://www.wikidata.org/entity/Q20405455,0,63,,,
YEM,Iêmen,Q20387445,http://www.wikidata.org/entity/Q12225561,0,216,,,
YEM,Iêmen,Q20387480,http://www.wikidata.org/entity/Q12226668,0,159,,,
YEM,Iêmen,Q20387489,http://www.wikidata.org/entity/Q20406127,0,27,,,
YEM,Iêmen,Q20387498,http://www.wikidata.org/entity/Q20394974,0,88,,,
YEM,Iêmen,Q20387503,http://www.wikidata.org/entity/Q20398107,0,59,,,
YEM,Iêmen,Q20387500,http://www.wikidata.org/entity/Q12225721,0,55,,,
YEM,Iêmen,Q20387505,http://www.wikidata.org/entity/Q12226002,0,340,,,
YEM,Iêmen,Q20387662,http://www.wikidata.org/entity/Q12226678,0,28,,,
YEM,Iêmen,Q20390498,http://www.wikidata.org/entity/Q12225898,0,30,,,
YEM,Iêmen,Q20390496,http://www.wikidata.org/entity/Q12225988,0,171,,,
YEM,Iêmen,Q20390502,http://www.wikidata.org/entity/Q4117824,0,274,,,
YEM,Iêmen,Q20390503,http://www.wikidata.org/entity/Q12226475,0,61,,,
YEM,Iêmen,Q20390504,http://www.wikidata.org/entity/Q4117509,0,19,,,
YEM,Iêmen,Q20390505,http://www.wikidata.org/entity/Q12225535,0,53,,,
YEM,Iêmen,Q20390514,http://www.wikidata.org/entity/Q4117602,0,167,,,
YEM,Iêmen,Q20390512,http://www.wikidata.org/entity/Q12227082,0,123,,,
YEM,Iêmen,Q20390513,http://www.wikidata.org/entity/Q12226949,0,23,,,
YEM,Iêmen,Q20390575,http://www.wikidata.org/entity/Q4117509,0,61,,,
YEM,Iêmen,Q20390578,http://www.wikidata.org/entity/Q12225681,0,36,,,
YEM,Iêmen,Q20390579,http://www.wikidata.org/entity/Q3985491,0,25,,,
YEM,Iêmen,Q20390577,http://www.wikidata.org/entity/Q12226473,0,212,,,
YEM,Iêmen,Q20390581,http://www.wikidata.org/entity/Q12225560,0,207,,,
YEM,Iêmen,Q20390586,http://www.wikidata.org/entity/Q12226098,0,732,,,
YEM,Iêmen,Q20390587,http://www.wikidata.org/entity/Q12227036,0,55,,,
YEM,Iêmen,Q20390584,http://www.wikidata.org/entity/Q12226883,0,137,,,
YEM,Iêmen,Q20390588,http://www.wikidata.org/entity/Q12226912,0,39,,,
YEM,Iêmen,Q20390594,http://www.wikidata.org/entity/Q20403841,0,82,,,
YEM,Iêmen,Q20390593,http://www.wikidata.org/entity/Q20392739,0,219,,,
YEM,Iêmen,Q20390598,http://www.wikidata.org/entity/Q20382645,0,55,,,
YEM,Iêmen,Q20390599,http://www.wikidata.org/entity/Q12226339,0,22,,,
YEM,Iêmen,Q20390605,http://www.wikidata.org/entity/Q20421421,0,260,,,
YEM,Iêmen,Q20390839,http://www.wikidata.org/entity/Q125170179,0,26,,,
YEM,Iêmen,Q20390850,http://www.wikidata.org/entity/Q4117682,0,108,,,
YEM,Iêmen,Q20390851,http://www.wikidata.org/entity/Q4117549,0,96,,,
YEM,Iêmen,Q20390849,http://www.wikidata.org/entity/Q12226932,0,77,,,
YEM,Iêmen,Q20390852,http://www.wikidata.org/entity/Q12226501,0,58,,,
YEM,Iêmen,Q20390859,http://www.wikidata.org/entity/Q25932234,0,78,,,
YEM,Iêmen,Q20390862,http://www.wikidata.org/entity/Q12226762,0,233,,,
YEM,Iêmen,Q20390860,http://www.wikidata.org/entity/Q20420072,0,71,,,
YEM,Iêmen,Q20390867,http://www.wikidata.org/entity/Q20406191,0,150,,,
YEM,Iêmen,Q20390909,http://www.wikidata.org/entity/Q12226050,0,267,,,
YEM,Iêmen,Q20390912,http://www.wikidata.org/entity/Q20391643,0,97,,,
YEM,Iêmen,Q20390927,http://www.wikidata.org/entity/Q20399042,0,55,,,
YEM,Iêmen,Q20390930,http://www.wikidata.org/entity/Q12226282,0,51,,,
YEM,Iêmen,Q20390932,http://www.wikidata.org/entity/Q12226339,0,95,,,
YEM,Iêmen,Q20390933,http://www.wikidata.org/entity/Q12226258,0,202,,,
YEM,Iêmen,Q20390971,http://www.wikidata.org/entity/Q12226155,0,167,,,
YEM,Iêmen,Q20390974,http://www.wikidata.org/entity/Q12226339,0,46,,,
YEM,Iêmen,Q20391259,http://www.wikidata.org/entity/Q12226509,0,224,,,
YEM,Iêmen,Q20391261,http://www.wikidata.org/entity/Q12226783,0,807,,,
YEM,Iêmen,Q20391331,http://www.wikidata.org/entity/Q12226917,0,46,,,
YEM,Iêmen,Q20391329,http://www.wikidata.org/entity/Q12226923,0,121,,,
YEM,Iêmen,Q20391332,http://www.wikidata.org/entity/Q12226511,0,15,,,
YEM,Iêmen,Q20391333,http://www.wikidata.org/entity/Q12225898,0,77,,,
YEM,Iêmen,Q20391338,http://www.wikidata.org/entity/Q12226495,0,1420,,,
YEM,Iêmen,Q20391337,http://www.wikidata.org/entity/Q12226613,0,95,,,
YEM,Iêmen,Q20391342,http://www.wikidata.org/entity/Q12226916,0,112,,,
YEM,Iêmen,Q20391340,http://www.wikidata.org/entity/Q12226176,0,41,,,
YEM,Iêmen,Q20391347,http://www.wikidata.org/entity/Q12225402,0,125,,,
YEM,Iêmen,Q20391348,http://www.wikidata.org/entity/Q5751685,0,21,,,
YEM,Iêmen,Q20391349,http://www.wikidata.org/entity/Q12226990,0,121,,,
YEM,Iêmen,Q20391395,http://www.wikidata.org/entity/Q25932270,0,29,,,
YEM,Iêmen,Q20391398,http://www.wikidata.org/entity/Q12226550,0,277,,,
YEM,Iêmen,Q20391427,http://www.wikidata.org/entity/Q12226429,0,107,,,
YEM,Iêmen,Q20391428,http://www.wikidata.org/entity/Q12225319,0,235,,,
YEM,Iêmen,Q20391429,http://www.wikidata.org/entity/Q12226111,0,389,,,
YEM,Iêmen,Q20391435,http://www.wikidata.org/entity/Q12225319,0,142,,,
YEM,Iêmen,Q20391432,http://www.wikidata.org/entity/Q4117560,0,61,,,
YEM,Iêmen,Q20391439,http://www.wikidata.org/entity/Q4117515,0,296,,,
YEM,Iêmen,Q20391446,http://www.wikidata.org/entity/Q20393738,0,74,,,
YEM,Iêmen,Q20391444,http://www.wikidata.org/entity/Q20405401,0,146,,,
YEM,Iêmen,Q20391451,http://www.wikidata.org/entity/Q12225867,0,57,,,
YEM,Iêmen,Q20391448,http://www.wikidata.org/entity/Q20403825,0,48,,,
YEM,Iêmen,Q20391482,http://www.wikidata.org/entity/Q4117515,0,4934,,,
YEM,Iêmen,Q20391486,http://www.wikidata.org/entity/Q12226765,0,142,,,
YEM,Iêmen,Q20391487,http://www.wikidata.org/entity/Q12225319,0,164,,,
YEM,Iêmen,Q20391488,http://www.wikidata.org/entity/Q16121053,0,340,,,
YEM,Iêmen,Q20391494,http://www.wikidata.org/entity/Q12227042,0,36,,,
YEM,Iêmen,Q20391495,http://www.wikidata.org/entity/Q12225742,0,86,,,
YEM,Iêmen,Q20391492,http://www.wikidata.org/entity/Q12225114,0,101,,,
YEM,Iêmen,Q20391496,http://www.wikidata.org/entity/Q20393250,0,173,,,
YEM,Iêmen,Q20391500,http://www.wikidata.org/entity/Q12226586,0,71,,,
YEM,Iêmen,Q20391501,http://www.wikidata.org/entity/Q12225147,0,231,,,
YEM,Iêmen,Q20391506,http://www.wikidata.org/entity/Q20414172,0,106,,,
YEM,Iêmen,Q20391607,http://www.wikidata.org/entity/Q12225138,0,357,,,
YEM,Iêmen,Q20391612,http://www.wikidata.org/entity/Q20392858,0,87,,,
YEM,Iêmen,Q20391613,http://www.wikidata.org/entity/Q12226057,0,78,,,
YEM,Iêmen,Q20391616,http://www.wikidata.org/entity/Q20381848,0,26,,,
YEM,Iêmen,Q20387663,http://www.wikidata.org/entity/Q4117519,0,90,,,
YEM,Iêmen,Q20387667,http://www.wikidata.org/entity/Q4117700,0,3564,,13.9599,44.2674
YEM,Iêmen,Q20387668,http://www.wikidata.org/entity/Q20385674,0,44,,,
YEM,Iêmen,Q20387676,http://www.wikidata.org/entity/Q12226050,0,35,,,
YEM,Iêmen,Q20387683,http://www.wikidata.org/entity/Q12193849,0,165,,,
YEM,Iêmen,Q20387680,http://www.wikidata.org/entity/Q20387757,0,20,,,
YEM,Iêmen,Q20387727,http://www.wikidata.org/entity/Q12225392,0,126,,,
YEM,Iêmen,Q20387730,http://www.wikidata.org/entity/Q12226396,0,59,,,
YEM,Iêmen,Q20387729,http://www.wikidata.org/entity/Q20400034,0,20,,,
YEM,Iêmen,Q20387734,http://www.wikidata.org/entity/Q12225450,0,179,,,
YEM,Iêmen,Q20387735,http://www.wikidata.org/entity/Q12226668,0,281,,,
YEM,Iêmen,Q20387732,http://www.wikidata.org/entity/Q20408600,0,29,,,
YEM,Iêmen,Q20387739,http://www.wikidata.org/entity/Q25932330,0,62,,,
YEM,Iêmen,Q20387736,http://www.wikidata.org/entity/Q12225850,0,29,,,
YEM,Iêmen,Q20387742,http://www.wikidata.org/entity/Q20388056,0,315,,,
YEM,Iêmen,Q20387743,http://www.wikidata.org/entity/Q4117789,0,2288,,,
YEM,Iêmen,Q20387740,http://www.wikidata.org/entity/Q12226999,0,33,,,
YEM,Iêmen,Q20387745,http://www.wikidata.org/entity/Q12226737,0,147,,,
YEM,Iêmen,Q20387748,http://www.wikidata.org/entity/Q12225039,0,166,,,
YEM,Iêmen,Q20387749,http://www.wikidata.org/entity/Q20418737,0,42,,,
YEM,Iêmen,Q20387755,http://www.wikidata.org/entity/Q20390624,0,123,,,
YEM,Iêmen,Q20387752,http://www.wikidata.org/entity/Q12227024,0,28,,,
YEM,Iêmen,Q20387753,http://www.wikidata.org/entity/Q12227024,0,45,,,
YEM,Iêmen,Q20387869,http://www.wikidata.org/entity/Q4117544,0,20,,,
YEM,Iêmen,Q20387934,http://www.wikidata.org/entity/Q12226094,0,55,,,
YEM,Iêmen,Q20387939,http://www.wikidata.org/entity/Q12225363,0,393,,,
YEM,Iêmen,Q20387940,http://www.wikidata.org/entity/Q20390545,0,131,,,
YEM,Iêmen,Q20387950,http://www.wikidata.org/entity/Q12225987,0,146,,,
YEM,Iêmen,Q20387951,http://www.wikidata.org/entity/Q12226544,0,29,,,
YEM,Iêmen,Q20387948,http://www.wikidata.org/entity/Q22930974,0,61,,,
YEM,Iêmen,Q20387954,http://www.wikidata.org/entity/Q20387757,0,20,,,
YEM,Iêmen,Q20387952,http://www.wikidata.org/entity/Q12225490,0,96,,,
YEM,Iêmen,Q20387953,http://www.wikidata.org/entity/Q20402601,0,204,,,
YEM,Iêmen,Q20387958,http://www.wikidata.org/entity/Q12225333,0,499,,,
YEM,Iêmen,Q20387956,http://www.wikidata.org/entity/Q12225363,0,76,,,
YEM,Iêmen,Q20387962,http://www.wikidata.org/entity/Q12227097,0,59,,,
YEM,Iêmen,Q20387964,http://www.wikidata.org/entity/Q4117519,0,308,,,
YEM,Iêmen,Q20387965,http://www.wikidata.org/entity/Q20401226,0,124,,,
YEM,Iêmen,Q20388179,http://www.wikidata.org/entity/Q12225562,0,73,,,
YEM,Iêmen,Q20388181,http://www.wikidata.org/entity/Q20385867,0,118,,,
YEM,Iêmen,Q20388906,http://www.wikidata.org/entity/Q12226511,0,98,,,
YEM,Iêmen,Q20388904,http://www.wikidata.org/entity/Q12225739,0,102,,,
YEM,Iêmen,Q20390494,http://www.wikidata.org/entity/Q12227072,0,229,,,
YEM,Iêmen,Q20391623,http://www.wikidata.org/entity/Q20425062,0,54,,,
YEM,Iêmen,Q20391620,http://www.wikidata.org/entity/Q20390723,0,84,,,
YEM,Iêmen,Q20391621,http://www.wikidata.org/entity/Q12180047,0,84,,,
YEM,Iêmen,Q20391624,http://www.wikidata.org/entity/Q20394215,0,60,,,
YEM,Iêmen,Q20391631,http://www.wikidata.org/entity/Q4117520,0,64,,,
YEM,Iêmen,Q20391628,http://www.wikidata.org/entity/Q20382929,0,161,,,
YEM,Iêmen,Q20391663,http://www.wikidata.org/entity/Q20399808,0,42,,,
YEM,Iêmen,Q20391661,http://www.wikidata.org/entity/Q20389316,0,28,,,
YEM,Iêmen,Q20391666,http://www.wikidata.org/entity/Q4117339,0,223,,,
YEM,Iêmen,Q20391769,http://www.wikidata.org/entity/Q12226923,0,57,,,
YEM,Iêmen,Q20391780,http://www.wikidata.org/entity/Q12225898,0,86,,,
YEM,Iêmen,Q20391814,http://www.wikidata.org/entity/Q20413276,0,154,,,
YEM,Iêmen,Q20391862,http://www.wikidata.org/entity/Q20385710,0,49,,,
YEM,Iêmen,Q20391867,http://www.wikidata.org/entity/Q12225392,0,88,,,
YEM,Iêmen,Q20391865,http://www.wikidata.org/entity/Q20402080,0,141,,,
YEM,Iêmen,Q20391869,http://www.wikidata.org/entity/Q12225978,0,65,,,
YEM,Iêmen,Q20391883,http://www.wikidata.org/entity/Q12226668,0,805,,,
YEM,Iêmen,Q20391880,http://www.wikidata.org/entity/Q12226463,0,32,,,
YEM,Iêmen,Q20391881,,0,140,,,
YEM,Iêmen,Q20391974,http://www.wikidata.org/entity/Q20415432,0,30,,,
YEM,Iêmen,Q20391973,http://www.wikidata.org/entity/Q12225642,0,27,,,
YEM,Iêmen,Q20391976,http://www.wikidata.org/entity/Q20424948,0,63,,,
YEM,Iêmen,Q20392298,http://www.wikidata.org/entity/Q12226155,0,191,,,
YEM,Iêmen,Q20392302,http://www.wikidata.org/entity/Q12225184,0,544,,,
YEM,Iêmen,Q20392306,http://www.wikidata.org/entity/Q12226267,0,80,,,
YEM,Iêmen,Q20392304,http://www.wikidata.org/entity/Q20394974,0,67,,,
YEM,Iêmen,Q20392311,http://www.wikidata.org/entity/Q20382458,0,74,,,
YEM,Iêmen,Q20392309,http://www.wikidata.org/entity/Q20385427,0,190,,,
YEM,Iêmen,Q20392314,http://www.wikidata.org/entity/Q12227098,0,48,,,
YEM,Iêmen,Q20392313,http://www.wikidata.org/entity/Q20394638,0,85,,,
YEM,Iêmen,Q20392498,http://www.wikidata.org/entity/Q12225392,0,425,,,
YEM,Iêmen,Q20392497,http://www.wikidata.org/entity/Q12226667,0,67,,,
YEM,Iêmen,Q20392502,http://www.wikidata.org/entity/Q4117502,0,46,,,
YEM,Iêmen,Q20392504,http://www.wikidata.org/entity/Q12227098,0,261,,,
YEM,Iêmen,Q20392508,http://www.wikidata.org/entity/Q4117574,0,144,,,
YEM,Iêmen,Q20392514,http://www.wikidata.org/entity/Q12225448,0,227,,,
YEM,Iêmen,Q20392519,http://www.wikidata.org/entity/Q12225898,0,34,,,
YEM,Iêmen,Q20392516,http://www.wikidata.org/entity/Q12226765,0,525,,,
YEM,Iêmen,Q20392517,http://www.wikidata.org/entity/Q4117502,0,89,,,
YEM,Iêmen,Q20392546,http://www.wikidata.org/entity/Q12226214,0,95,,,
YEM,Iêmen,Q20392547,http://www.wikidata.org/entity/Q4117433,0,134,,,
YEM,Iêmen,Q20392545,http://www.wikidata.org/entity/Q25932270,0,82,,,
YEM,Iêmen,Q20392958,http://www.wikidata.org/entity/Q20387720,0,197,,,
YEM,Iêmen,Q20392963,http://www.wikidata.org/entity/Q20393036,0,25,,,
YEM,Iêmen,Q20392961,http://www.wikidata.org/entity/Q20410508,0,239,,,
YEM,Iêmen,Q20392967,http://www.wikidata.org/entity/Q12226238,0,139,,,
YEM,Iêmen,Q20392965,http://www.wikidata.org/entity/Q12225180,0,44,,,
YEM,Iêmen,Q20392969,http://www.wikidata.org/entity/Q20404488,0,64,,,
YEM,Iêmen,Q20392973,http://www.wikidata.org/entity/Q20415855,0,126,,,
YEM,Iêmen,Q20392979,http://www.wikidata.org/entity/Q12225867,0,21,,,
YEM,Iêmen,Q20392976,http://www.wikidata.org/entity/Q12226964,0,40,,,
YEM,Iêmen,Q20392981,http://www.wikidata.org/entity/Q20406710,0,86,,,
YEM,Iêmen,Q20393042,http://www.wikidata.org/entity/Q12225702,0,216,,,
YEM,Iêmen,Q20393040,http://www.wikidata.org/entity/Q20386559,0,241,,,
YEM,Iêmen,Q20393044,http://www.wikidata.org/entity/Q20408600,0,28,,,
YEM,Iêmen,Q20393050,http://www.wikidata.org/entity/Q12225147,0,74,,,
YEM,Iêmen,Q20393049,http://www.wikidata.org/entity/Q20396774,0,152,,,
YEM,Iêmen,Q20393052,http://www.wikidata.org/entity/Q20425534,0,22,,,
YEM,Iêmen,Q20393122,http://www.wikidata.org/entity/Q12226511,0,21,,,
YEM,Iêmen,Q20393121,http://www.wikidata.org/entity/Q12225776,0,11,,,
YEM,Iêmen,Q20393126,http://www.wikidata.org/entity/Q12226837,0,60,,,
YEM,Iêmen,Q20393127,http://www.wikidata.org/entity/Q12226565,0,151,,,
YEM,Iêmen,Q20393124,http://www.wikidata.org/entity/Q25932330,0,27,,,
YEM,Iêmen,Q20393125,http://www.wikidata.org/entity/Q25932270,0,145,,,
YEM,Iêmen,Q20393130,http://www.wikidata.org/entity/Q12226217,0,143,,,
YEM,Iêmen,Q20393128,http://www.wikidata.org/entity/Q12225746,0,99,,,
YEM,Iêmen,Q20393129,http://www.wikidata.org/entity/Q12226688,0,384,,,
YEM,Iêmen,Q20393134,http://www.wikidata.org/entity/Q125170086,0,90,,,
YEM,Iêmen,Q20393132,http://www.wikidata.org/entity/Q12225112,0,127,,,
YEM,Iêmen,Q20393136,http://www.wikidata.org/entity/Q12226036,0,109,,,
YEM,Iêmen,Q20393142,http://www.wikidata.org/entity/Q12226510,0,71,,,
YEM,Iêmen,Q20393140,http://www.wikidata.org/entity/Q12226754,0,433,,,
YEM,Iêmen,Q20393141,http://www.wikidata.org/entity/Q12226473,0,1342,,,
YEM,Iêmen,Q20393499,http://www.wikidata.org/entity/Q12225919,0,307,,,
YEM,Iêmen,Q20393502,http://www.wikidata.org/entity/Q12226668,0,1955,,,
YEM,Iêmen,Q20386488,http://www.wikidata.org/entity/Q20399983,0,37,,,
YEM,Iêmen,Q20386492,http://www.wikidata.org/entity/Q20407012,0,226,,,
YEM,Iêmen,Q20386498,http://www.wikidata.org/entity/Q20417111,0,36,,,
YEM,Iêmen,Q20386502,http://www.wikidata.org/entity/Q12226544,0,27,,,
YEM,Iêmen,Q20386503,http://www.wikidata.org/entity/Q12226238,0,66,,,
YEM,Iêmen,Q20386505,http://www.wikidata.org/entity/Q12227093,0,45,,,
YEM,Iêmen,Q20386509,http://www.wikidata.org/entity/Q20403764,0,82,,,
YEM,Iêmen,Q20386618,http://www.wikidata.org/entity/Q20385108,0,261,,,
YEM,Iêmen,Q20386616,http://www.wikidata.org/entity/Q12225920,0,114,,,
YEM,Iêmen,Q20386617,http://www.wikidata.org/entity/Q12226258,0,156,,,
YEM,Iêmen,Q20386623,http://www.wikidata.org/entity/Q20397160,0,97,,,
YEM,Iêmen,Q20386621,http://www.wikidata.org/entity/Q20392858,0,20,,,
YEM,Iêmen,Q20386626,http://www.wikidata.org/entity/Q12226329,0,136,,,
YEM,Iêmen,Q20386627,http://www.wikidata.org/entity/Q12225457,0,79,,,
YEM,Iêmen,Q20386951,http://www.wikidata.org/entity/Q4118398,0,88,,15.621332,50.923954
YEM,Iêmen,Q20386952,http://www.wikidata.org/entity/Q12225898,0,109,,,
YEM,Iêmen,Q20386977,http://www.wikidata.org/entity/Q20406039,0,81,,,
YEM,Iêmen,Q20387307,http://www.wikidata.org/entity/Q12225543,0,153,,,
YEM,Iêmen,Q20387349,http://www.wikidata.org/entity/Q12225668,0,52,,,
YEM,Iêmen,Q20387353,http://www.wikidata.org/entity/Q12225505,0,140,,,
YEM,Iêmen,Q20387418,http://www.wikidata.org/entity/Q12226783,0,176,,,
YEM,Iêmen,Q20387419,http://www.wikidata.org/entity/Q12226098,0,361,,,
YEM,Iêmen,Q20387416,http://www.wikidata.org/entity/Q20387431,0,259,,,
YEM,Iêmen,Q20387417,http://www.wikidata.org/entity/Q125170179,0,225,,,
YEM,Iêmen,Q20387420,http://www.wikidata.org/entity/Q4117515,0,139,,,
YEM,Iêmen,Q20387427,http://www.wikidata.org/entity/Q12226419,0,195,,,
YEM,Iêmen,Q20387425,http://www.wikidata.org/entity/Q12226941,0,367,,,
YEM,Iêmen,Q20387431,http://www.wikidata.org/entity/Q12226241,0,138,,,
YEM,Iêmen,Q20387435,http://www.wikidata.org/entity/Q12225085,0,130,,,
YEM,Iêmen,Q20387433,http://www.wikidata.org/entity/Q12225221,0,94,,,
YEM,Iêmen,Q20387438,http://www.wikidata.org/entity/Q12225076,0,280,,,
YEM,Iêmen,Q20387437,http://www.wikidata.org/entity/Q4117515,0,124,,,
YEM,Iêmen,Q20387451,http://www.wikidata.org/entity/Q12226556,0,22,,,
YEM,Iêmen,Q20387454,http://www.wikidata.org/entity/Q12226966,0,815,,,
YEM,Iêmen,Q20387452,http://www.wikidata.org/entity/Q12226862,0,392,,,
YEM,Iêmen,Q20387458,http://www.wikidata.org/entity/Q12226297,0,64,,,
YEM,Iêmen,Q20387457,http://www.wikidata.org/entity/Q12180047,0,147,,,
YEM,Iêmen,Q20387462,http://www.wikidata.org/entity/Q20411685,0,130,,,
YEM,Iêmen,Q20387461,http://www.wikidata.org/entity/Q12226048,0,144,,,
YEM,Iêmen,Q20387466,http://www.wikidata.org/entity/Q20394411,0,55,,,
YEM,Iêmen,Q20387467,http://www.wikidata.org/entity/Q20408600,0,94,,,
YEM,Iêmen,Q20387471,http://www.wikidata.org/entity/Q12226267,0,50,,,
YEM,Iêmen,Q20387655,http://www.wikidata.org/entity/Q12226939,0,127,,,
YEM,Iêmen,Q20387658,http://www.wikidata.org/entity/Q4117433,0,127,,,
YEM,Iêmen,Q20387659,http://www.wikidata.org/entity/Q12225330,0,143,,,
YEM,Iêmen,Q20387660,http://www.wikidata.org/entity/Q12226949,0,82,,,
YEM,Iêmen,Q20387698,http://www.wikidata.org/entity/Q12226146,0,283,,,
YEM,Iêmen,Q20387700,http://www.wikidata.org/entity/Q22929588,0,51,,,
YEM,Iêmen,Q20387874,http://www.wikidata.org/entity/Q12226469,0,97,,,
YEM,Iêmen,Q20387878,http://www.wikidata.org/entity/Q20415527,0,32,,,
YEM,Iêmen,Q20387876,http://www.wikidata.org/entity/Q4117519,0,193,,,
YEM,Iêmen,Q20387883,http://www.wikidata.org/entity/Q12226339,0,110,,,
YEM,Iêmen,Q20387881,http://www.wikidata.org/entity/Q20412298,0,56,,,
YEM,Iêmen,Q20387886,http://www.wikidata.org/entity/Q20403764,0,62,,,
YEM,Iêmen,Q20387891,http://www.wikidata.org/entity/Q20390545,0,131,,,
YEM,Iêmen,Q20387895,http://www.wikidata.org/entity/Q12225490,0,30,,,
YEM,Iêmen,Q20387892,http://www.wikidata.org/entity/Q20399401,0,304,,,
YEM,Iêmen,Q20387910,http://www.wikidata.org/entity/Q12225490,0,39,,,
YEM,Iêmen,Q20387908,http://www.wikidata.org/entity/Q20403825,0,40,,,
YEM,Iêmen,Q20387918,http://www.wikidata.org/entity/Q12226163,0,38,,,
YEM,Iêmen,Q20387919,http://www.wikidata.org/entity/Q20400114,0,117,,,
YEM,Iêmen,Q20387931,http://www.wikidata.org/entity/Q12226817,0,67,,,
YEM,Iêmen,Q20387933,http://www.wikidata.org/entity/Q12226982,0,124,,,
YEM,Iêmen,Q20387941,http://www.wikidata.org/entity/Q12226232,0,466,,,
YEM,Iêmen,Q20387946,http://www.wikidata.org/entity/Q12226501,0,141,,,
YEM,Iêmen,Q20387945,http://www.wikidata.org/entity/Q12225395,0,94,,,
YEM,Iêmen,Q20387949,http://www.wikidata.org/entity/Q12226788,0,394,,,
YEM,Iêmen,Q20388006,http://www.wikidata.org/entity/Q20417741,0,121,,,
YEM,Iêmen,Q20388009,http://www.wikidata.org/entity/Q12227098,0,45,,,
YEM,Iêmen,Q20388015,http://www.wikidata.org/entity/Q12226668,0,2204,,,
YEM,Iêmen,Q20388028,http://www.wikidata.org/entity/Q12226155,0,96,,,
YEM,Iêmen,Q20388050,http://www.wikidata.org/entity/Q12226050,0,69,,,
YEM,Iêmen,Q20388051,http://www.wikidata.org/entity/Q12226364,0,331,,,
YEM,Iêmen,Q20388049,http://www.wikidata.org/entity/Q20384815,0,22,,,
YEM,Iêmen,Q20388162,http://www.wikidata.org/entity/Q12225562,0,150,,,
YEM,Iêmen,Q20388163,http://www.wikidata.org/entity/Q20397554,0,36,,,
YEM,Iêmen,Q20388165,http://www.wikidata.org/entity/Q20419298,0,49,,,
YEM,Iêmen,Q20388194,http://www.wikidata.org/entity/Q12226364,0,104,,,
YEM,Iêmen,Q20388193,http://www.wikidata.org/entity/Q12225363,0,99,,,
YEM,Iêmen,Q20388247,http://www.wikidata.org/entity/Q12226117,0,151,,,
YEM,Iêmen,Q20388250,http://www.wikidata.org/entity/Q12180047,0,221,,,
YEM,Iêmen,Q20388251,http://www.wikidata.org/entity/Q4117339,0,373,,,
YEM,Iêmen,Q20388248,http://www.wikidata.org/entity/Q12225978,0,31,,,
YEM,Iêmen,Q20388249,http://www.wikidata.org/entity/Q20399808,0,91,,,
YEM,Iêmen,Q20388256,http://www.wikidata.org/entity/Q12226544,0,32,,,
YEM,Iêmen,Q20388454,http://www.wikidata.org/entity/Q12225539,0,512,,,
YEM,Iêmen,Q20388453,http://www.wikidata.org/entity/Q12225867,0,103,,,
YEM,Iêmen,Q20388457,http://www.wikidata.org/entity/Q20383211,0,56,,,
YEM,Iêmen,Q20388471,http://www.wikidata.org/entity/Q12226155,0,348,,,
YEM,Iêmen,Q20388468,http://www.wikidata.org/entity/Q12226586,0,49,,,
YEM,Iêmen,Q20388469,http://www.wikidata.org/entity/Q12226329,0,35,,,
YEM,Iêmen,Q20388472,http://www.wikidata.org/entity/Q12227001,0,72,,,
YEM,Iêmen,Q20388647,http://www.wikidata.org/entity/Q4117509,0,30,,,
YEM,Iêmen,Q20388950,http://www.wikidata.org/entity/Q20382458,0,57,,,
YEM,Iêmen,Q20389054,http://www.wikidata.org/entity/Q25932352,0,64,,,
YEM,Iêmen,Q20389058,http://www.wikidata.org/entity/Q12226394,0,91,,,
YEM,Iêmen,Q20389062,http://www.wikidata.org/entity/Q12226743,0,107,,,
YEM,Iêmen,Q20389066,http://www.wikidata.org/entity/Q12226783,0,622,,,
YEM,Iêmen,Q20389070,http://www.wikidata.org/entity/Q25932234,0,41,,,
YEM,Iêmen,Q20389068,http://www.wikidata.org/entity/Q12226232,0,279,,,
YEM,Iêmen,Q20389074,http://www.wikidata.org/entity/Q12226100,0,119,,,
YEM,Iêmen,Q20389075,http://www.wikidata.org/entity/Q4117509,0,97,,,
YEM,Iêmen,Q20389073,http://www.wikidata.org/entity/Q12226080,0,44,,,
YEM,Iêmen,Q20389330,http://www.wikidata.org/entity/Q16121125,0,121,,,
YEM,Iêmen,Q20389334,http://www.wikidata.org/entity/Q12226449,0,34,,,
YEM,Iêmen,Q20389333,http://www.wikidata.org/entity/Q12225660,0,362,,,
YEM,Iêmen,Q20389340,http://www.wikidata.org/entity/Q12226511,0,54,,,
YEM,Iêmen,Q20389341,http://www.wikidata.org/entity/Q12225662,0,193,,,
YEM,Iêmen,Q20389344,http://www.wikidata.org/entity/Q125170179,0,48,,,
YEM,Iêmen,Q20389455,http://www.wikidata.org/entity/Q12226783,0,593,,,
YEM,Iêmen,Q20389458,http://www.wikidata.org/entity/Q4117502,0,140,,,
YEM,Iêmen,Q20389459,http://www.wikidata.org/entity/Q12225616,0,23,,,
YEM,Iêmen,Q20389457,http://www.wikidata.org/entity/Q25932352,0,27,,,
YEM,Iêmen,Q20389461,http://www.wikidata.org/entity/Q12225470,0,114,,,
YEM,Iêmen,Q20389482,http://www.wikidata.org/entity/Q25932270,0,46,,,
YEM,Iêmen,Q20389481,http://www.wikidata.org/entity/Q4117515,0,259,,,
YEM,Iêmen,Q20389486,http://www.wikidata.org/entity/Q4117560,0,35,,,
YEM,Iêmen,Q20389485,http://www.wikidata.org/entity/Q25932274,0,991,,,
YEM,Iêmen,Q20389504,http://www.wikidata.org/entity/Q12225319,0,41,,,
YEM,Iêmen,Q20389513,http://www.wikidata.org/entity/Q12226357,0,503,,,
YEM,Iêmen,Q20389582,http://www.wikidata.org/entity/Q12226492,0,28,,,
YEM,Iêmen,Q20389584,http://www.wikidata.org/entity/Q12225337,0,214,,,
YEM,Iêmen,Q20389588,http://www.wikidata.org/entity/Q12225330,0,185,,,
YEM,Iêmen,Q20390156,http://www.wikidata.org/entity/Q12226054,0,50,,,
YEM,Iêmen,Q20390157,http://www.wikidata.org/entity/Q12226949,0,115,,,
YEM,Iêmen,Q20390167,http://www.wikidata.org/entity/Q12225318,0,103,,,
YEM,Iêmen,Q20390170,http://www.wikidata.org/entity/Q12226987,0,55,,,
YEM,Iêmen,Q20390171,http://www.wikidata.org/entity/Q4117544,0,107,,,
YEM,Iêmen,Q20390168,http://www.wikidata.org/entity/Q12226495,0,43,,,
YEM,Iêmen,Q20390174,http://www.wikidata.org/entity/Q12226405,0,214,,,
YEM,Iêmen,Q20390182,http://www.wikidata.org/entity/Q25932330,0,25,,,
YEM,Iêmen,Q20390181,http://www.wikidata.org/entity/Q125170179,0,822,,,
YEM,Iêmen,Q20390186,http://www.wikidata.org/entity/Q12225939,0,115,,,
YEM,Iêmen,Q20390190,http://www.wikidata.org/entity/Q25932234,0,65,,,
YEM,Iêmen,Q20390191,http://www.wikidata.org/entity/Q12226720,0,13,,,
YEM,Iêmen,Q20390189,http://www.wikidata.org/entity/Q12226511,0,66,,,
YEM,Iêmen,Q20390199,http://www.wikidata.org/entity/Q12226649,0,197,,,
YEM,Iêmen,Q20390202,http://www.wikidata.org/entity/Q12226917,0,98,,,
YEM,Iêmen,Q20390203,http://www.wikidata.org/entity/Q25932234,0,56,,,
YEM,Iêmen,Q20390205,http://www.wikidata.org/entity/Q12226098,0,601,,,
YEM,Iêmen,Q20390242,http://www.wikidata.org/entity/Q12225742,0,161,,,
YEM,Iêmen,Q20390243,http://www.wikidata.org/entity/Q12225326,0,31,,,
YEM,Iêmen,Q20390244,http://www.wikidata.org/entity/Q12226332,0,75,,,
YEM,Iêmen,Q20390250,http://www.wikidata.org/entity/Q12225990,0,103,,,
YEM,Iêmen,Q20390253,http://www.wikidata.org/entity/Q5751685,0,27,,,
YEM,Iêmen,Q20390259,http://www.wikidata.org/entity/Q12225742,0,305,,,
YEM,Iêmen,Q20390260,http://www.wikidata.org/entity/Q12225180,0,393,,,
YEM,Iêmen,Q20390266,http://www.wikidata.org/entity/Q12226511,0,74,,,
YEM,Iêmen,Q20390269,http://www.wikidata.org/entity/Q12226450,0,75,,,
YEM,Iêmen,Q20390272,http://www.wikidata.org/entity/Q25932234,0,22,,,
YEM,Iêmen,Q20390402,http://www.wikidata.org/entity/Q125170122,0,278,,,
YEM,Iêmen,Q20390406,http://www.wikidata.org/entity/Q25932270,0,21,,,
YEM,Iêmen,Q20390405,http://www.wikidata.org/entity/Q4118385,0,499,,,
YEM,Iêmen,Q20390408,http://www.wikidata.org/entity/Q12225330,0,66,,,
YEM,Iêmen,Q20390409,http://www.wikidata.org/entity/Q12225698,0,101,,,
YEM,Iêmen,Q20390413,http://www.wikidata.org/entity/Q12226405,0,89,,,
YEM,Iêmen,Q20390418,http://www.wikidata.org/entity/Q4117454,0,29,,,
YEM,Iêmen,Q20390423,http://www.wikidata.org/entity/Q25932274,0,65,,,
YEM,Iêmen,Q20390421,http://www.wikidata.org/entity/Q4117556,0,318,,,
YEM,Iêmen,Q20390424,http://www.wikidata.org/entity/Q25932274,0,104,,,
YEM,Iêmen,Q20390431,http://www.wikidata.org/entity/Q12225742,0,137,,,
YEM,Iêmen,Q20390432,http://www.wikidata.org/entity/Q12225281,0,433,,,
YEM,Iêmen,Q20390436,http://www.wikidata.org/entity/Q12226783,0,70,,,
YEM,Iêmen,Q20390443,http://www.wikidata.org/entity/Q12225739,0,64,,,
YEM,Iêmen,Q20390440,http://www.wikidata.org/entity/Q12226923,0,25,,,
YEM,Iêmen,Q20390446,http://www.wikidata.org/entity/Q12225742,0,112,,,
YEM,Iêmen,Q20390447,http://www.wikidata.org/entity/Q12225898,0,76,,,
YEM,Iêmen,Q20390444,http://www.wikidata.org/entity/Q12225898,0,88,,,
YEM,Iêmen,Q20390450,http://www.wikidata.org/entity/Q12226117,0,145,,,
YEM,Iêmen,Q20390449,http://www.wikidata.org/entity/Q4117543,0,103,,,
YEM,Iêmen,Q20390454,http://www.wikidata.org/entity/Q12226052,0,266,,,
YEM,Iêmen,Q20390453,http://www.wikidata.org/entity/Q12226688,0,31,,,
YEM,Iêmen,Q20390486,http://www.wikidata.org/entity/Q12226357,0,148,,,
YEM,Iêmen,Q20390518,http://www.wikidata.org/entity/Q12225160,0,202,,,
YEM,Iêmen,Q20390519,http://www.wikidata.org/entity/Q12226100,0,159,,,
YEM,Iêmen,Q20390517,http://www.wikidata.org/entity/Q12225488,0,27,,,
YEM,Iêmen,Q20390522,http://www.wikidata.org/entity/Q4117433,0,66,,,
YEM,Iêmen,Q20390520,http://www.wikidata.org/entity/Q12225481,0,141,,,
YEM,Iêmen,Q20390524,http://www.wikidata.org/entity/Q1884189,0,61,,,
YEM,Iêmen,Q20390534,http://www.wikidata.org/entity/Q12225488,0,29,,,
YEM,Iêmen,Q20390532,http://www.wikidata.org/entity/Q4117812,0,195,,,
YEM,Iêmen,Q20390533,http://www.wikidata.org/entity/Q4117543,0,1544,,,
YEM,Iêmen,Q20390538,http://www.wikidata.org/entity/Q4117544,0,75,,,
YEM,Iêmen,Q20390536,http://www.wikidata.org/entity/Q12226688,0,61,,,
YEM,Iêmen,Q20390672,http://www.wikidata.org/entity/Q12225267,0,349,,,
YEM,Iêmen,Q20390698,http://www.wikidata.org/entity/Q12226450,0,191,,,
YEM,Iêmen,Q20390696,http://www.wikidata.org/entity/Q16121125,0,23,,,
YEM,Iêmen,Q20390706,http://www.wikidata.org/entity/Q4117509,0,25,,,
YEM,Iêmen,Q20390718,http://www.wikidata.org/entity/Q12225330,0,44,,,
YEM,Iêmen,Q20390723,http://www.wikidata.org/entity/Q12226357,0,91,,,
YEM,Iêmen,Q20390720,http://www.wikidata.org/entity/Q12226284,0,81,,,
YEM,Iêmen,Q20390730,http://www.wikidata.org/entity/Q12225776,0,71,,,
YEM,Iêmen,Q20390728,http://www.wikidata.org/entity/Q12226676,0,55,,,
YEM,Iêmen,Q20390758,http://www.wikidata.org/entity/Q25932330,0,67,,,
YEM,Iêmen,Q20390759,http://www.wikidata.org/entity/Q12225442,0,186,,,
YEM,Iêmen,Q20390762,http://www.wikidata.org/entity/Q12226932,0,451,,,
YEM,Iêmen,Q20390763,http://www.wikidata.org/entity/Q4117552,0,73,,,
YEM,Iêmen,Q20390797,http://www.wikidata.org/entity/Q12225254,0,403,,,
YEM,Iêmen,Q20390803,http://www.wikidata.org/entity/Q12225180,0,454,,,
YEM,Iêmen,Q20390801,http://www.wikidata.org/entity/Q12226928,0,260,,,
YEM,Iêmen,Q20391079,http://www.wikidata.org/entity/Q12226872,0,47,,,
YEM,Iêmen,Q20391076,http://www.wikidata.org/entity/Q12225776,0,246,,,
YEM,Iêmen,Q20391077,http://www.wikidata.org/entity/Q4117502,0,525,,,
YEM,Iêmen,Q20391083,http://www.wikidata.org/entity/Q4117708,0,59,,,
YEM,Iêmen,Q20391088,http://www.wikidata.org/entity/Q4117509,0,50,,,
YEM,Iêmen,Q20391095,http://www.wikidata.org/entity/Q12226186,0,474,,,
YEM,Iêmen,Q20391093,http://www.wikidata.org/entity/Q4117574,0,33,,,
YEM,Iêmen,Q20391098,http://www.wikidata.org/entity/Q4117602,0,62,,,
YEM,Iêmen,Q20391101,http://www.wikidata.org/entity/Q12225076,0,357,,15.461151,45.423805
YEM,Iêmen,Q20391155,http://www.wikidata.org/entity/Q12225898,0,184,,,
YEM,Iêmen,Q20391162,http://www.wikidata.org/entity/Q125170179,0,119,,,
YEM,Iêmen,Q20391167,http://www.wikidata.org/entity/Q4907490,0,691,,,
YEM,Iêmen,Q20391165,http://www.wikidata.org/entity/Q12226087,0,208,,,
YEM,Iêmen,Q20391168,http://www.wikidata.org/entity/Q12226032,0,313,,,
YEM,Iêmen,Q20391169,http://www.wikidata.org/entity/Q4117682,0,148,,,
YEM,Iêmen,Q20391178,http://www.wikidata.org/entity/Q12225927,0,205,,,
YEM,Iêmen,Q20391179,http://www.wikidata.org/entity/Q12225530,0,177,,,
YEM,Iêmen,Q20391177,http://www.wikidata.org/entity/Q125170179,0,150,,,
YEM,Iêmen,Q20391182,http://www.wikidata.org/entity/Q12226511,0,37,,,
YEM,Iêmen,Q20391180,http://www.wikidata.org/entity/Q12225330,0,98,,,
YEM,Iêmen,Q20391181,http://www.wikidata.org/entity/Q12226606,0,31,,,
YEM,Iêmen,Q20391185,http://www.wikidata.org/entity/Q12226655,0,133,,,
YEM,Iêmen,Q20391188,http://www.wikidata.org/entity/Q12225112,0,67,,,
YEM,Iêmen,Q20391189,http://www.wikidata.org/entity/Q25932274,0,52,,,
YEM,Iêmen,Q20391192,http://www.wikidata.org/entity/Q12225928,0,102,,,
YEM,Iêmen,Q20391197,http://www.wikidata.org/entity/Q125170113,0,60,,,
YEM,Iêmen,Q20391294,http://www.wikidata.org/entity/Q12226788,0,404,,,
YEM,Iêmen,Q20391296,http://www.wikidata.org/entity/Q12225022,0,96,,,
YEM,Iêmen,Q20391297,http://www.wikidata.org/entity/Q4117557,0,934,,,
YEM,Iêmen,Q20391300,http://www.wikidata.org/entity/Q5751685,0,39,,,
YEM,Iêmen,Q20391307,http://www.wikidata.org/entity/Q12225660,0,179,,,
YEM,Iêmen,Q20391304,http://www.wikidata.org/entity/Q12226406,0,127,,,
YEM,Iêmen,Q20391305,http://www.wikidata.org/entity/Q12226939,0,38,,,
YEM,Iêmen,Q20391310,http://www.wikidata.org/entity/Q12225776,0,200,,,
YEM,Iêmen,Q20391308,http://www.wikidata.org/entity/Q4117543,0,993,,,
YEM,Iêmen,Q20391309,http://www.wikidata.org/entity/Q125170138,0,59,,,
YEM,Iêmen,Q20391403,http://www.wikidata.org/entity/Q12226444,0,371,,,
YEM,Iêmen,Q20391406,http://www.wikidata.org/entity/Q12226949,0,1115,,,
YEM,Iêmen,Q20391407,http://www.wikidata.org/entity/Q25932270,0,2,,,
YEM,Iêmen,Q20391410,http://www.wikidata.org/entity/Q4117509,0,152,,,
YEM,Iêmen,Q20391411,http://www.wikidata.org/entity/Q25932274,0,47,,,
YEM,Iêmen,Q20391408,http://www.wikidata.org/entity/Q25932270,0,38,,,
YEM,Iêmen,Q20391414,http://www.wikidata.org/entity/Q25932352,0,97,,,
YEM,Iêmen,Q20391412,http://www.wikidata.org/entity/Q4117789,0,363,,,
YEM,Iêmen,Q20391413,http://www.wikidata.org/entity/Q12227013,0,87,,,
YEM,Iêmen,Q20391454,http://www.wikidata.org/entity/Q12225681,0,91,,,
YEM,Iêmen,Q20391455,http://www.wikidata.org/entity/Q25932234,0,8,,,
YEM,Iêmen,Q20391458,http://www.wikidata.org/entity/Q1884189,0,93,,,
YEM,Iêmen,Q20391457,http://www.wikidata.org/entity/Q4117543,0,83,,,
YEM,Iêmen,Q20391463,http://www.wikidata.org/entity/Q12227059,0,136,,,
YEM,Iêmen,Q20391460,http://www.wikidata.org/entity/Q25932270,0,264,,,
YEM,Iêmen,Q20391466,http://www.wikidata.org/entity/Q12227098,0,89,,,
YEM,Iêmen,Q20391467,http://www.wikidata.org/entity/Q12225681,0,63,,,
YEM,Iêmen,Q20391464,http://www.wikidata.org/entity/Q12225841,0,210,,,
YEM,Iêmen,Q20391471,http://www.wikidata.org/entity/Q25932234,0,26,,,
YEM,Iêmen,Q20391468,http://www.wikidata.org/entity/Q20388497,0,93,,,
YEM,Iêmen,Q20392322,http://www.wikidata.org/entity/Q20403322,0,28,,,
YEM,Iêmen,Q20392320,http://www.wikidata.org/entity/Q12225164,0,123,,,
YEM,Iêmen,Q20392325,http://www.wikidata.org/entity/Q12226463,0,69,,,
YEM,Iêmen,Q20392331,http://www.wikidata.org/entity/Q12226912,0,381,,,
YEM,Iêmen,Q20392328,http://www.wikidata.org/entity/Q12225921,0,132,,,
YEM,Iêmen,Q20392630,http://www.wikidata.org/entity/Q20416571,0,193,,,
YEM,Iêmen,Q20392631,http://www.wikidata.org/entity/Q12225319,0,380,,,
YEM,Iêmen,Q20392629,http://www.wikidata.org/entity/Q12226238,0,246,,,
YEM,Iêmen,Q20392634,http://www.wikidata.org/entity/Q12225250,0,90,,,
YEM,Iêmen,Q20392635,http://www.wikidata.org/entity/Q12225462,0,219,,,
YEM,Iêmen,Q20392632,http://www.wikidata.org/entity/Q12226853,0,232,,,
YEM,Iêmen,Q20392638,http://www.wikidata.org/entity/Q4117557,0,178,,,
YEM,Iêmen,Q20392639,http://www.wikidata.org/entity/Q12225928,0,154,,,
YEM,Iêmen,Q20392636,http://www.wikidata.org/entity/Q20423726,0,381,,,
YEM,Iêmen,Q20392637,http://www.wikidata.org/entity/Q12225848,0,177,,,
YEM,Iêmen,Q20392642,http://www.wikidata.org/entity/Q12225180,0,101,,,
YEM,Iêmen,Q20392643,http://www.wikidata.org/entity/Q20387543,0,42,,,
YEM,Iêmen,Q20392640,http://www.wikidata.org/entity/Q12225663,0,497,,,
YEM,Iêmen,Q20392644,http://www.wikidata.org/entity/Q12226688,0,51,,,
YEM,Iêmen,Q20392645,http://www.wikidata.org/entity/Q20397828,0,28,,,
YEM,Iêmen,Q20392650,http://www.wikidata.org/entity/Q12226207,0,36,,,
YEM,Iêmen,Q20392873,http://www.wikidata.org/entity/Q12226510,0,683,,,
YEM,Iêmen,Q20392946,http://www.wikidata.org/entity/Q20425667,0,313,,,
YEM,Iêmen,Q20392947,http://www.wikidata.org/entity/Q4117824,0,33,,,
YEM,Iêmen,Q20392951,http://www.wikidata.org/entity/Q12226509,0,51,,,
YEM,Iêmen,Q20392948,http://www.wikidata.org/entity/Q12225610,0,1773,,,
YEM,Iêmen,Q20392949,http://www.wikidata.org/entity/Q12226586,0,227,,,
YEM,Iêmen,Q20392952,http://www.wikidata.org/entity/Q12225420,0,48,,,
YEM,Iêmen,Q20393006,http://www.wikidata.org/entity/Q4117574,0,21,,,
YEM,Iêmen,Q20393007,http://www.wikidata.org/entity/Q12226883,0,93,,,
YEM,Iêmen,Q20393010,http://www.wikidata.org/entity/Q12225561,0,873,,,
YEM,Iêmen,Q20393017,http://www.wikidata.org/entity/Q12226544,0,26,,,
YEM,Iêmen,Q20393028,http://www.wikidata.org/entity/Q20405968,0,24,,,
YEM,Iêmen,Q20393032,http://www.wikidata.org/entity/Q12226406,0,20,,,
YEM,Iêmen,Q20393033,http://www.wikidata.org/entity/Q20424470,0,47,,,
YEM,Iêmen,Q20393092,http://www.wikidata.org/entity/Q125170122,0,131,,,
YEM,Iêmen,Q20393226,http://www.wikidata.org/entity/Q12225663,0,326,,,
YEM,Iêmen,Q20393228,http://www.wikidata.org/entity/Q25932274,0,10,,,
YEM,Iêmen,Q20393233,http://www.wikidata.org/entity/Q20389732,0,41,,,
YEM,Iêmen,Q20393238,http://www.wikidata.org/entity/Q20424184,0,37,,,
YEM,Iêmen,Q20393239,http://www.wikidata.org/entity/Q125170122,0,68,,,
YEM,Iêmen,Q20393236,http://www.wikidata.org/entity/Q12225969,0,79,,,
YEM,Iêmen,Q20393237,http://www.wikidata.org/entity/Q12225991,0,1473,,,
YEM,Iêmen,Q20393240,http://www.wikidata.org/entity/Q20415005,0,196,,,
YEM,Iêmen,Q20393250,http://www.wikidata.org/entity/Q12226363,0,165,,,
YEM,Iêmen,Q20393248,http://www.wikidata.org/entity/Q20393582,0,63,,,
YEM,Iêmen,Q20393275,http://www.wikidata.org/entity/Q20404813,0,58,,,
YEM,Iêmen,Q20393278,http://www.wikidata.org/entity/Q20425556,0,41,,,
YEM,Iêmen,Q20393279,http://www.wikidata.org/entity/Q12226497,0,65,,,
YEM,Iêmen,Q20393280,http://www.wikidata.org/entity/Q4117556,0,45,,,
YEM,Iêmen,Q20393281,http://www.wikidata.org/entity/Q22929748,0,65,,,
YEM,Iêmen,Q20393287,http://www.wikidata.org/entity/Q20420628,0,77,,,
YEM,Iêmen,Q20393285,http://www.wikidata.org/entity/Q12226586,0,45,,,
YEM,Iêmen,Q20393293,http://www.wikidata.org/entity/Q20392546,0,40,,,
YEM,Iêmen,Q20393302,http://www.wikidata.org/entity/Q20406791,0,83,,,
YEM,Iêmen,Q20393342,http://www.wikidata.org/entity/Q12226586,0,191,,,
YEM,Iêmen,Q20393343,http://www.wikidata.org/entity/Q20385530,0,21,,,
YEM,Iêmen,Q20393340,http://www.wikidata.org/entity/Q4117556,0,98,,,
YEM,Iêmen,Q20393341,http://www.wikidata.org/entity/Q20390209,0,67,,,
YEM,Iêmen,Q20393347,http://www.wikidata.org/entity/Q20422517,0,163,,,
YEM,Iêmen,Q20393344,http://www.wikidata.org/entity/Q20410012,0,48,,,
YEM,Iêmen,Q20393345,http://www.wikidata.org/entity/Q4117574,0,540,,,
YEM,Iêmen,Q20393350,http://www.wikidata.org/entity/Q20425062,0,29,,,
YEM,Iêmen,Q20393351,http://www.wikidata.org/entity/Q125170167,0,105,,,
YEM,Iêmen,Q20393348,http://www.wikidata.org/entity/Q12225330,0,155,,,
YEM,Iêmen,Q20393355,http://www.wikidata.org/entity/Q20409546,0,134,,,
YEM,Iêmen,Q20393353,http://www.wikidata.org/entity/Q20423094,0,254,,,
YEM,Iêmen,Q20393358,http://www.wikidata.org/entity/Q4118398,0,34,,,
YEM,Iêmen,Q20393356,http://www.wikidata.org/entity/Q20392443,0,56,,,
YEM,Iêmen,Q20393357,http://www.wikidata.org/entity/Q4117574,0,34,,,
YEM,Iêmen,Q20393360,http://www.wikidata.org/entity/Q12227097,0,56,,,
YEM,Iêmen,Q20393361,http://www.wikidata.org/entity/Q12226241,0,90,,,
YEM,Iêmen,Q20393525,http://www.wikidata.org/entity/Q4117549,0,167,,,
YEM,Iêmen,Q20393662,http://www.wikidata.org/entity/Q20395675,0,38,,,
YEM,Iêmen,Q20393660,http://www.wikidata.org/entity/Q4117519,0,139,,,
YEM,Iêmen,Q20393664,http://www.wikidata.org/entity/Q12225164,0,54,,,
YEM,Iêmen,Q20393665,http://www.wikidata.org/entity/Q20388785,0,68,,,
YEM,Iêmen,Q20393668,http://www.wikidata.org/entity/Q12226554,0,99,,,
YEM,Iêmen,Q20393673,http://www.wikidata.org/entity/Q12226585,0,200,,,
YEM,Iêmen,Q20393738,http://www.wikidata.org/entity/Q12225199,0,307,,,
YEM,Iêmen,Q20393963,http://www.wikidata.org/entity/Q20406717,0,41,,,
YEM,Iêmen,Q20393966,http://www.wikidata.org/entity/Q12226391,0,49,,,
YEM,Iêmen,Q20393967,http://www.wikidata.org/entity/Q20418895,0,190,,,
YEM,Iêmen,Q20393974,http://www.wikidata.org/entity/Q20414542,0,519,,,
YEM,Iêmen,Q20393972,http://www.wikidata.org/entity/Q20385453,0,72,,,
YEM,Iêmen,Q20393978,http://www.wikidata.org/entity/Q12226665,0,253,,,
YEM,Iêmen,Q20393982,http://www.wikidata.org/entity/Q20389780,0,22,,,
YEM,Iêmen,Q20394947,http://www.wikidata.org/entity/Q20411286,0,34,,,
YEM,Iêmen,Q20394950,http://www.wikidata.org/entity/Q20419025,0,112,,,
YEM,Iêmen,Q20394951,http://www.wikidata.org/entity/Q20424344,0,71,,,
YEM,Iêmen,Q20394956,http://www.wikidata.org/entity/Q12227017,0,49,,,
YEM,Iêmen,Q20394961,http://www.wikidata.org/entity/Q20410755,0,50,,,
YEM,Iêmen,Q20394964,http://www.wikidata.org/entity/Q12226054,0,24,,,
YEM,Iêmen,Q20394973,http://www.wikidata.org/entity/Q12226291,0,26,,,
YEM,Iêmen,Q20386285,http://www.wikidata.org/entity/Q12226688,0,224,,,
YEM,Iêmen,Q20386291,http://www.wikidata.org/entity/Q4117433,0,51,,,
YEM,Iêmen,Q20386288,http://www.wikidata.org/entity/Q12226949,0,3,,,
YEM,Iêmen,Q20386294,http://www.wikidata.org/entity/Q12226511,0,26,,,
YEM,Iêmen,Q20386293,http://www.wikidata.org/entity/Q4117515,0,223,,,
YEM,Iêmen,Q20386299,http://www.wikidata.org/entity/Q12225930,0,701,,,
YEM,Iêmen,Q20386301,http://www.wikidata.org/entity/Q12226727,0,1169,,,
YEM,Iêmen,Q20386304,http://www.wikidata.org/entity/Q12225493,0,92,,,
YEM,Iêmen,Q20386310,http://www.wikidata.org/entity/Q25932234,0,101,,,
YEM,Iêmen,Q20386308,http://www.wikidata.org/entity/Q12226176,0,64,,,
YEM,Iêmen,Q20386309,http://www.wikidata.org/entity/Q12226987,0,56,,,
YEM,Iêmen,Q20386322,http://www.wikidata.org/entity/Q12226754,0,114,,,
YEM,Iêmen,Q20386323,http://www.wikidata.org/entity/Q12225742,0,118,,,
YEM,Iêmen,Q20386483,http://www.wikidata.org/entity/Q12225928,0,66,,,
YEM,Iêmen,Q20386490,http://www.wikidata.org/entity/Q12225114,0,49,,,
YEM,Iêmen,Q20386489,http://www.wikidata.org/entity/Q12227102,0,541,,15.162532,45.243157
YEM,Iêmen,Q20386495,http://www.wikidata.org/entity/Q12226688,0,409,,,
YEM,Iêmen,Q20386493,http://www.wikidata.org/entity/Q12225330,0,2,,,
YEM,Iêmen,Q20386497,http://www.wikidata.org/entity/Q12225742,0,69,,,
YEM,Iêmen,Q20386501,http://www.wikidata.org/entity/Q12225058,0,504,,,
YEM,Iêmen,Q20386506,http://www.wikidata.org/entity/Q25932234,0,2,,,
YEM,Iêmen,Q20386507,http://www.wikidata.org/entity/Q4117515,0,43,,,
YEM,Iêmen,Q20386607,http://www.wikidata.org/entity/Q125170179,0,63,,,
YEM,Iêmen,Q20386611,http://www.wikidata.org/entity/Q12226688,0,82,,,
YEM,Iêmen,Q20386614,http://www.wikidata.org/entity/Q4117556,0,257,,,
YEM,Iêmen,Q20386615,http://www.wikidata.org/entity/Q12226783,0,177,,,
YEM,Iêmen,Q20386613,http://www.wikidata.org/entity/Q4117543,0,37,,,
YEM,Iêmen,Q20386625,http://www.wikidata.org/entity/Q125170179,0,100,,,
YEM,Iêmen,Q20386628,http://www.wikidata.org/entity/Q12226737,0,5,,,
YEM,Iêmen,Q20386756,http://www.wikidata.org/entity/Q125170179,0,117,,,
YEM,Iêmen,Q20386856,http://www.wikidata.org/entity/Q5751685,0,153,,12.354539,54.117323
YEM,Iêmen,Q20386960,http://www.wikidata.org/entity/Q25932352,0,91,,,
YEM,Iêmen,Q20386961,http://www.wikidata.org/entity/Q25932274,0,69,,,
YEM,Iêmen,Q20386967,http://www.wikidata.org/entity/Q12225337,0,371,,,
YEM,Iêmen,Q20386970,http://www.wikidata.org/entity/Q4117552,0,57,,,
YEM,Iêmen,Q20386974,http://www.wikidata.org/entity/Q12226060,0,240,,,
YEM,Iêmen,Q20386972,http://www.wikidata.org/entity/Q12225330,0,315,,,
YEM,Iêmen,Q20386976,http://www.wikidata.org/entity/Q12226277,0,171,,,
YEM,Iêmen,Q20387170,http://www.wikidata.org/entity/Q12226884,0,82,,,
YEM,Iêmen,Q20387171,http://www.wikidata.org/entity/Q12226511,0,23,,,
YEM,Iêmen,Q20387183,http://www.wikidata.org/entity/Q12225672,0,151,,,
YEM,Iêmen,Q20387186,http://www.wikidata.org/entity/Q12225928,0,155,,,
YEM,Iêmen,Q20387190,http://www.wikidata.org/entity/Q4117682,0,33,,,
YEM,Iêmen,Q20387191,http://www.wikidata.org/entity/Q12227064,0,564,,,
YEM,Iêmen,Q20387188,http://www.wikidata.org/entity/Q12226032,0,104,,,
YEM,Iêmen,Q20387194,http://www.wikidata.org/entity/Q12225991,0,110,,,
YEM,Iêmen,Q20387450,http://www.wikidata.org/entity/Q4117502,0,10,,,
YEM,Iêmen,Q20387453,http://www.wikidata.org/entity/Q4117515,0,109,,,
YEM,Iêmen,Q20387456,http://www.wikidata.org/entity/Q4117682,0,30,,,
YEM,Iêmen,Q20387470,http://www.wikidata.org/entity/Q12226688,0,78,,,
YEM,Iêmen,Q20387468,http://www.wikidata.org/entity/Q12226226,0,184,,15.519234,44.715949
YEM,Iêmen,Q20387477,http://www.wikidata.org/entity/Q12241774,0,167,,,
YEM,Iêmen,Q20387697,http://www.wikidata.org/entity/Q12225905,0,124,,,
YEM,Iêmen,Q20387794,http://www.wikidata.org/entity/Q12225330,0,54,,,
YEM,Iêmen,Q20387871,http://www.wikidata.org/entity/Q12225039,0,286,,,
YEM,Iêmen,Q20387875,http://www.wikidata.org/entity/Q4117574,0,35,,,
YEM,Iêmen,Q20387872,http://www.wikidata.org/entity/Q12225975,0,116,,,
YEM,Iêmen,Q20387885,http://www.wikidata.org/entity/Q12225637,0,82,,,
YEM,Iêmen,Q20387902,http://www.wikidata.org/entity/Q12226739,0,50,,,
YEM,Iêmen,Q20387903,http://www.wikidata.org/entity/Q12226939,0,21,,,
YEM,Iêmen,Q20387905,http://www.wikidata.org/entity/Q12225258,0,155,,,
YEM,Iêmen,Q20387914,http://www.wikidata.org/entity/Q125170179,0,32,,,
YEM,Iêmen,Q20387915,http://www.wikidata.org/entity/Q4117433,0,53,,,
YEM,Iêmen,Q20387913,http://www.wikidata.org/entity/Q12226842,0,298,,,
YEM,Iêmen,Q20387916,http://www.wikidata.org/entity/Q12226480,0,100,,,
YEM,Iêmen,Q20387922,http://www.wikidata.org/entity/Q12225039,0,478,,,
YEM,Iêmen,Q20387920,http://www.wikidata.org/entity/Q12226739,0,34,,,
YEM,Iêmen,Q20387924,http://www.wikidata.org/entity/Q20393059,0,22,,,
YEM,Iêmen,Q20387930,http://www.wikidata.org/entity/Q20413179,0,38,,,
YEM,Iêmen,Q20387928,http://www.wikidata.org/entity/Q20413344,0,68,,,
YEM,Iêmen,Q20387929,http://www.wikidata.org/entity/Q12226932,0,88,,,
YEM,Iêmen,Q20387967,http://www.wikidata.org/entity/Q12225742,0,48,,,
YEM,Iêmen,Q20387999,http://www.wikidata.org/entity/Q12226129,0,184,,,
YEM,Iêmen,Q20388000,http://www.wikidata.org/entity/Q12226837,0,171,,,
YEM,Iêmen,Q20388001,http://www.wikidata.org/entity/Q4117433,0,126,,,
YEM,Iêmen,Q20388007,http://www.wikidata.org/entity/Q25932352,0,418,,,
YEM,Iêmen,Q20388014,http://www.wikidata.org/entity/Q12225672,0,90,,,
YEM,Iêmen,Q20388013,http://www.wikidata.org/entity/Q12226325,0,117,,,
YEM,Iêmen,Q20388016,http://www.wikidata.org/entity/Q12225613,0,523,,,
YEM,Iêmen,Q20388017,http://www.wikidata.org/entity/Q12226217,0,252,,,
YEM,Iêmen,Q20388020,http://www.wikidata.org/entity/Q5751685,0,45,,,
YEM,Iêmen,Q20388024,http://www.wikidata.org/entity/Q12225330,0,25,,,
YEM,Iêmen,Q20388025,http://www.wikidata.org/entity/Q25932274,0,157,,,
YEM,Iêmen,Q20388030,http://www.wikidata.org/entity/Q12225848,0,40,,,
YEM,Iêmen,Q20388032,http://www.wikidata.org/entity/Q12226478,0,554,,,
YEM,Iêmen,Q20388033,http://www.wikidata.org/entity/Q12225969,0,67,,,
YEM,Iêmen,Q20388038,http://www.wikidata.org/entity/Q12225330,0,35,,,
YEM,Iêmen,Q20388042,http://www.wikidata.org/entity/Q12225742,0,94,,,
YEM,Iêmen,Q20388040,http://www.wikidata.org/entity/Q12225543,0,189,,,
YEM,Iêmen,Q20388046,http://www.wikidata.org/entity/Q12225542,0,356,,,
YEM,Iêmen,Q20388047,http://www.wikidata.org/entity/Q125170179,0,137,,,
YEM,Iêmen,Q20388044,http://www.wikidata.org/entity/Q12226383,0,247,,,
YEM,Iêmen,Q20388160,http://www.wikidata.org/entity/Q12225636,0,274,,14.957911,45.478163
YEM,Iêmen,Q20388161,http://www.wikidata.org/entity/Q12225776,0,98,,,
YEM,Iêmen,Q20388166,http://www.wikidata.org/entity/Q12225954,0,103,,,
YEM,Iêmen,Q20388164,http://www.wikidata.org/entity/Q12226932,0,269,,,
YEM,Iêmen,Q20388192,http://www.wikidata.org/entity/Q12225928,0,112,,,
YEM,Iêmen,Q20388254,http://www.wikidata.org/entity/Q12226932,0,43,,,
YEM,Iêmen,Q20388286,http://www.wikidata.org/entity/Q12226949,0,75,,,
YEM,Iêmen,Q20388287,http://www.wikidata.org/entity/Q12225965,0,45,,,
YEM,Iêmen,Q20388290,http://www.wikidata.org/entity/Q12226949,0,88,,,
YEM,Iêmen,Q20388291,http://www.wikidata.org/entity/Q12226737,0,72,,,
YEM,Iêmen,Q20388293,http://www.wikidata.org/entity/Q12225114,0,32,,,
YEM,Iêmen,Q20388296,http://www.wikidata.org/entity/Q12225363,0,152,,,
YEM,Iêmen,Q20388297,http://www.wikidata.org/entity/Q12226242,0,336,,,
YEM,Iêmen,Q20388301,http://www.wikidata.org/entity/Q12225848,0,120,,,
YEM,Iêmen,Q20388442,http://www.wikidata.org/entity/Q4117515,0,113,,,
YEM,Iêmen,Q20388447,http://www.wikidata.org/entity/Q4117502,0,35,,,
YEM,Iêmen,Q20388444,http://www.wikidata.org/entity/Q12226765,0,552,,,
YEM,Iêmen,Q20388445,http://www.wikidata.org/entity/Q12226588,0,55,,,
YEM,Iêmen,Q20388451,http://www.wikidata.org/entity/Q12226874,0,117,,,
YEM,Iêmen,Q20388455,http://www.wikidata.org/entity/Q12226511,0,56,,,
YEM,Iêmen,Q20388452,http://www.wikidata.org/entity/Q4117502,0,109,,,
YEM,Iêmen,Q20388458,http://www.wikidata.org/entity/Q125170122,0,23,,,
YEM,Iêmen,Q20388456,http://www.wikidata.org/entity/Q25932274,0,66,,,
YEM,Iêmen,Q20388460,http://www.wikidata.org/entity/Q12226232,0,280,,,
YEM,Iêmen,Q20388467,http://www.wikidata.org/entity/Q20391304,0,34,,,
YEM,Iêmen,Q20388470,http://www.wikidata.org/entity/Q20405460,0,43,,,
YEM,Iêmen,Q20388473,http://www.wikidata.org/entity/Q12225544,0,43,,,
YEM,Iêmen,Q20388483,http://www.wikidata.org/entity/Q12225651,0,57,,,
YEM,Iêmen,Q20388481,http://www.wikidata.org/entity/Q12226939,0,78,,,
YEM,Iêmen,Q20388486,http://www.wikidata.org/entity/Q25932330,0,33,,,
YEM,Iêmen,Q20388487,http://www.wikidata.org/entity/Q12226783,0,3,,,
YEM,Iêmen,Q20388485,http://www.wikidata.org/entity/Q12225318,0,119,,,
YEM,Iêmen,Q20388490,http://www.wikidata.org/entity/Q4117682,0,22,,,
YEM,Iêmen,Q20388491,http://www.wikidata.org/entity/Q12225898,0,33,,,
YEM,Iêmen,Q20388488,http://www.wikidata.org/entity/Q4117515,0,298,,,
YEM,Iêmen,Q20388489,http://www.wikidata.org/entity/Q4117433,0,58,,,
YEM,Iêmen,Q20388498,http://www.wikidata.org/entity/Q20405481,0,146,,,
YEM,Iêmen,Q20388496,http://www.wikidata.org/entity/Q12225776,0,79,,,
YEM,Iêmen,Q20388497,http://www.wikidata.org/entity/Q12225659,0,918,,13.91914,44.41562
YEM,Iêmen,Q20388501,http://www.wikidata.org/entity/Q4117557,0,817,,,
YEM,Iêmen,Q20388538,http://www.wikidata.org/entity/Q12226048,0,231,,,
YEM,Iêmen,Q20388536,http://www.wikidata.org/entity/Q12226655,0,107,,,
YEM,Iêmen,Q20388537,http://www.wikidata.org/entity/Q25932270,0,47,,,
YEM,Iêmen,Q20388542,http://www.wikidata.org/entity/Q20410789,0,103,,,
YEM,Iêmen,Q20388540,http://www.wikidata.org/entity/Q4117556,0,493,,,
YEM,Iêmen,Q20388541,http://www.wikidata.org/entity/Q12225742,0,177,,,
